replicate,resampling_unit,n,prevalence,precision,recall,f1,pr_auc,mcc,fpr,tp,fp,tn,fn,predicted_positive,threshold
1,block_id,2000,0.017,0.8717948717948718,1.0,0.9315068493150684,0.9102506577940688,0.9325114972849058,0.00254323499491353,34,5,1961,0,39,1.2729429339548877
2,block_id,2000,0.0155,0.775,1.0,0.8732394366197183,0.84280834914611,0.8783265865762251,0.0045708481462671405,31,9,1960,0,40,1.2729429339548877
3,block_id,2000,0.0175,0.7777777777777778,1.0,0.875,0.8398881633664242,0.879670177480097,0.005089058524173028,35,10,1955,0,45,1.2729429339548877
4,block_id,2000,0.0165,0.717391304347826,1.0,0.8354430379746836,0.8048464578899361,0.8441860161363662,0.0066090493136756485,33,13,1954,0,46,1.2729429339548877
5,block_id,2000,0.017,0.8947368421052632,1.0,0.9444444444444444,0.9261282872294704,0.9449425491884672,0.002034587995930824,34,4,1962,0,38,1.2729429339548877
6,block_id,2000,0.0115,0.7666666666666667,1.0,0.8679245283018868,0.8521739130434782,0.8740435435381205,0.0035407182599898838,23,7,1970,0,30,1.2729429339548877
7,block_id,2000,0.019,0.8085106382978723,1.0,0.8941176470588236,0.8161575558673761,0.8971075040941362,0.0045871559633027525,38,9,1953,0,47,1.2729429339548877
8,block_id,2000,0.0145,0.7631578947368421,1.0,0.8656716417910447,0.8277031135833314,0.8715923103673348,0.0045662100456621,29,9,1962,0,38,1.2729429339548877
9,block_id,2000,0.0135,0.7297297297297297,1.0,0.84375,0.7956559734337513,0.8520746154288459,0.00506842372022301,27,10,1963,0,37,1.2729429339548877
10,block_id,2000,0.0105,0.8076923076923077,1.0,0.8936170212765957,0.7516557516557518,0.8975809991401842,0.0025265285497726125,21,5,1974,0,26,1.2729429339548877
11,block_id,2000,0.0115,0.7666666666666667,1.0,0.8679245283018868,0.8233101936426744,0.8740435435381205,0.0035407182599898838,23,7,1970,0,30,1.2729429339548877
12,block_id,2000,0.016,0.8888888888888888,1.0,0.9411764705882353,0.9115758145363408,0.9418504149573725,0.0020325203252032522,32,4,1964,0,36,1.2729429339548877
13,block_id,2000,0.0115,0.7931034482758621,1.0,0.8846153846153846,0.8100235596487471,0.8892111433948315,0.0030349013657056147,23,6,1971,0,29,1.2729429339548877
14,block_id,2000,0.011,0.88,1.0,0.9361702127659575,0.9088311688311689,0.9373714943945858,0.0015166835187057635,22,3,1975,0,25,1.2729429339548877
15,block_id,2000,0.014,0.7777777777777778,1.0,0.875,0.8226802437328753,0.8801264072138905,0.004056795131845842,28,8,1964,0,36,1.2729429339548877
16,block_id,2000,0.013,0.7647058823529411,1.0,0.8666666666666667,0.7730195050047992,0.8727008481534332,0.004052684903748734,26,8,1966,0,34,1.2729429339548877
17,block_id,2000,0.0155,0.9393939393939394,1.0,0.96875,0.9455127706276213,0.968731002707062,0.001015744032503809,31,2,1967,0,33,1.2729429339548877
18,block_id,2000,0.02,0.8695652173913043,1.0,0.9302325581395349,0.9091370223978921,0.9310764109633277,0.003061224489795918,40,6,1954,0,46,1.2729429339548877
19,block_id,2000,0.0125,0.7575757575757576,1.0,0.8620689655172413,0.8204784688995215,0.868623679322207,0.004050632911392405,25,8,1967,0,33,1.2729429339548877
20,block_id,2000,0.0175,0.875,1.0,0.9333333333333333,0.9223443223443224,0.9342234940824783,0.002544529262086514,35,5,1960,0,40,1.2729429339548877
21,block_id,2000,0.0155,0.8857142857142857,1.0,0.9393939393939394,0.9017473712744859,0.9401675210907099,0.002031488065007618,31,4,1965,0,35,1.2729429339548877
22,block_id,2000,0.0145,0.7837837837837838,1.0,0.8787878787878788,0.8045899791027228,0.8835171307499067,0.004058853373921867,29,8,1963,0,37,1.2729429339548877
23,block_id,2000,0.0115,0.8214285714285714,1.0,0.9019607843137255,0.8499193155523078,0.90518015288902,0.0025290844714213456,23,5,1972,0,28,1.2729429339548877
24,block_id,2000,0.0165,0.8048780487804879,1.0,0.8918918918918919,0.8218482432935351,0.8953236975624325,0.004067107269954245,33,8,1959,0,41,1.2729429339548877
25,block_id,2000,0.0105,0.6774193548387096,1.0,0.8076923076923077,0.7078788765424711,0.8209727864907415,0.005053057099545225,21,10,1969,0,31,1.2729429339548877
26,block_id,2000,0.0115,0.6764705882352942,1.0,0.8070175438596491,0.7715759202804682,0.8201870003012239,0.00556398583712696,23,11,1966,0,34,1.2729429339548877
27,block_id,2000,0.0105,0.84,1.0,0.9130434782608695,0.9085667273902568,0.9155884298168872,0.00202122283981809,21,4,1975,0,25,1.2729429339548877
28,block_id,2000,0.013,0.7222222222222222,1.0,0.8387096774193549,0.788156288156288,0.847681277574763,0.005065856129685917,26,10,1964,0,36,1.2729429339548877
29,block_id,2000,0.015,0.7894736842105263,1.0,0.8823529411764706,0.778751461988304,0.8867173730711032,0.0040609137055837565,30,8,1962,0,38,1.2729429339548877
30,block_id,2000,0.0115,0.6571428571428571,1.0,0.7931034482758621,0.7707405637840421,0.8081795157226171,0.006069802731411229,23,12,1965,0,35,1.2729429339548877
31,block_id,2000,0.013,0.6842105263157895,1.0,0.8125,0.7674715635241951,0.8246521641330425,0.0060790273556231,26,12,1962,0,38,1.2729429339548877
32,block_id,2000,0.013,0.7878787878787878,1.0,0.8813559322033898,0.8206572413094152,0.8860501630652016,0.0035460992907801418,26,7,1967,0,33,1.2729429339548877
33,block_id,2000,0.016,0.8888888888888888,1.0,0.9411764705882353,0.9486431409685085,0.9418504149573725,0.0020325203252032522,32,4,1964,0,36,1.2729429339548877
34,block_id,2000,0.009,0.6,1.0,0.75,0.7401788785689715,0.7722482151172418,0.006054490413723511,18,12,1970,0,30,1.2729429339548877
35,block_id,2000,0.0165,0.8918918918918919,1.0,0.9428571428571428,0.8660699392964838,0.9434395486161943,0.0020335536349771225,33,4,1963,0,37,1.2729429339548877
36,block_id,2000,0.0155,0.7948717948717948,1.0,0.8857142857142857,0.8529539651559287,0.8897427997701406,0.004062976130015236,31,8,1961,0,39,1.2729429339548877
37,block_id,2000,0.0175,0.7777777777777778,1.0,0.875,0.841074481074481,0.879670177480097,0.005089058524173028,35,10,1955,0,45,1.2729429339548877
38,block_id,2000,0.019,0.8636363636363636,1.0,0.926829268292683,0.903266811161548,0.9278983100746065,0.0030581039755351682,38,6,1956,0,44,1.2729429339548877
39,block_id,2000,0.0125,0.6944444444444444,1.0,0.819672131147541,0.7312251207729469,0.831009417878022,0.005569620253164557,25,11,1964,0,36,1.2729429339548877
40,block_id,2000,0.017,0.85,1.0,0.918918918918919,0.9154930132972728,0.9205465226185954,0.003051881993896236,34,6,1960,0,40,1.2729429339548877
41,block_id,2000,0.0145,0.8529411764705882,1.0,0.9206349206349206,0.8737745098039215,0.9223759805459846,0.0025367833587011668,29,5,1966,0,34,1.2729429339548877
42,block_id,2000,0.012,0.8888888888888888,1.0,0.9411764705882353,0.908449150859174,0.9420930746075844,0.0015182186234817814,24,3,1973,0,27,1.2729429339548877
43,block_id,2000,0.0095,0.76,1.0,0.8636363636363636,0.7150885587173677,0.8704585758417434,0.003028773346794548,19,6,1975,0,25,1.2729429339548877
44,block_id,2000,0.0125,0.78125,1.0,0.8771929824561403,0.7999184726522188,0.8823157103090865,0.0035443037974683543,25,7,1968,0,32,1.2729429339548877
45,block_id,2000,0.0105,0.6,1.0,0.75,0.6498063340168603,0.771851949557933,0.007074279939363315,21,14,1965,0,35,1.2729429339548877
46,block_id,2000,0.01,0.6666666666666666,1.0,0.8,0.8157057616296747,0.8144321109212622,0.005050505050505051,20,10,1970,0,30,1.2729429339548877
47,block_id,2000,0.0155,0.7948717948717948,1.0,0.8857142857142857,0.8641529111374833,0.8897427997701406,0.004062976130015236,31,8,1961,0,39,1.2729429339548877
48,block_id,2000,0.0115,0.71875,1.0,0.8363636363636363,0.6880316635160679,0.8458593245718218,0.004552352048558422,23,9,1968,0,32,1.2729429339548877
49,block_id,2000,0.016,0.8205128205128205,1.0,0.9014084507042254,0.8786842573849152,0.9042092289893151,0.003556910569105691,32,7,1961,0,39,1.2729429339548877
50,block_id,2000,0.012,0.8275862068965517,1.0,0.9056603773584906,0.8107576585010663,0.9085659647177378,0.0025303643724696357,24,5,1971,0,29,1.2729429339548877
51,block_id,2000,0.018,0.8181818181818182,1.0,0.9,0.8386193065185806,0.902689925732056,0.004073319755600814,36,8,1956,0,44,1.2729429339548877
52,block_id,2000,0.0155,0.8157894736842105,1.0,0.8985507246376812,0.8868677069016627,0.9016037140397941,0.0035551041137633316,31,7,1962,0,38,1.2729429339548877
53,block_id,2000,0.0175,0.7954545454545454,1.0,0.8860759493670886,0.8357068312950666,0.889837761725654,0.004580152671755725,35,9,1956,0,44,1.2729429339548877
54,block_id,2000,0.015,0.8823529411764706,1.0,0.9375,0.9215880027900488,0.9383823110014797,0.0020304568527918783,30,4,1966,0,34,1.2729429339548877
55,block_id,2000,0.012,0.8275862068965517,1.0,0.9056603773584906,0.8655800571936253,0.9085659647177378,0.0025303643724696357,24,5,1971,0,29,1.2729429339548877
56,block_id,2000,0.0185,0.925,1.0,0.961038961038961,0.9173915512150805,0.9610339991006598,0.0015282730514518594,37,3,1960,0,40,1.2729429339548877
57,block_id,2000,0.0135,0.8181818181818182,1.0,0.9,0.8431805958250747,0.9031576179720688,0.0030410542321338066,27,6,1967,0,33,1.2729429339548877
58,block_id,2000,0.013,0.8387096774193549,1.0,0.9122807017543859,0.8838012403312296,0.9146503627830495,0.0025329280648429585,26,5,1969,0,31,1.2729429339548877
59,block_id,2000,0.0125,0.7142857142857143,1.0,0.8333333333333334,0.8009225991399904,0.8430119084317169,0.005063291139240506,25,10,1965,0,35,1.2729429339548877
60,block_id,2000,0.0125,0.7575757575757576,1.0,0.8620689655172413,0.8371276491624318,0.868623679322207,0.004050632911392405,25,8,1967,0,33,1.2729429339548877
61,block_id,2000,0.009,0.8571428571428571,1.0,0.9230769230769231,0.9276963776963777,0.9251191633189296,0.0015136226034308778,18,3,1979,0,21,1.2729429339548877
62,block_id,2000,0.015,0.8108108108108109,1.0,0.8955223880597015,0.8611405476622866,0.898849129258262,0.003553299492385787,30,7,1963,0,37,1.2729429339548877
63,block_id,2000,0.017,0.8292682926829268,1.0,0.9066666666666666,0.8319647227614145,0.9090190640926923,0.003560528992878942,34,7,1959,0,41,1.2729429339548877
64,block_id,2000,0.0155,0.9117647058823529,1.0,0.9538461538461539,0.937935445825189,0.9541360105057254,0.0015236160487557136,31,3,1966,0,34,1.2729429339548877
65,block_id,2000,0.0125,0.78125,1.0,0.8771929824561403,0.8069999999999999,0.8823157103090865,0.0035443037974683543,25,7,1968,0,32,1.2729429339548877
66,block_id,2000,0.0135,0.7297297297297297,1.0,0.84375,0.7522467922467923,0.8520746154288459,0.00506842372022301,27,10,1963,0,37,1.2729429339548877
67,block_id,2000,0.0125,0.8333333333333334,1.0,0.9090909090909091,0.8983113553113552,0.9117146640764221,0.002531645569620253,25,5,1970,0,30,1.2729429339548877
68,block_id,2000,0.0155,0.7948717948717948,1.0,0.8857142857142857,0.8389054099366345,0.8897427997701406,0.004062976130015236,31,8,1961,0,39,1.2729429339548877
69,block_id,2000,0.011,0.8461538461538461,1.0,0.9166666666666666,0.8882478632478632,0.9189356430295749,0.0020222446916076846,22,4,1974,0,26,1.2729429339548877
70,block_id,2000,0.018,0.7659574468085106,1.0,0.8674698795180723,0.7732831635827156,0.872735619250448,0.00560081466395112,36,11,1953,0,47,1.2729429339548877
71,block_id,2000,0.0165,0.9166666666666666,1.0,0.9565217391304348,0.9461314733264241,0.9566967118907747,0.001525165226232842,33,3,1964,0,36,1.2729429339548877
72,block_id,2000,0.011,0.7586206896551724,1.0,0.8627450980392157,0.8656573751277596,0.8694457921547635,0.003538928210313448,22,7,1971,0,29,1.2729429339548877
73,block_id,2000,0.015,0.8108108108108109,1.0,0.8955223880597015,0.8434182081240905,0.898849129258262,0.003553299492385787,30,7,1963,0,37,1.2729429339548877
74,block_id,2000,0.009,0.8571428571428571,1.0,0.9230769230769231,0.8801587301587301,0.9251191633189296,0.0015136226034308778,18,3,1979,0,21,1.2729429339548877
75,block_id,2000,0.0125,0.6944444444444444,1.0,0.819672131147541,0.7478787878787879,0.831009417878022,0.005569620253164557,25,11,1964,0,36,1.2729429339548877
76,block_id,2000,0.019,0.926829268292683,1.0,0.9620253164556962,0.9402848311189163,0.9619834188579753,0.0015290519877675841,38,3,1959,0,41,1.2729429339548877
77,block_id,2000,0.014,0.8235294117647058,1.0,0.9032258064516129,0.912766062946918,0.906103605656258,0.0030425963488843813,28,6,1966,0,34,1.2729429339548877
78,block_id,2000,0.015,0.8108108108108109,1.0,0.8955223880597015,0.8777344134871016,0.898849129258262,0.003553299492385787,30,7,1963,0,37,1.2729429339548877
79,block_id,2000,0.0185,0.8222222222222222,1.0,0.9024390243902439,0.8134584274677152,0.9049151021229285,0.004075394803871625,37,8,1955,0,45,1.2729429339548877
80,block_id,2000,0.0125,0.8928571428571429,1.0,0.9433962264150944,0.9184097744360902,0.9441932557263539,0.0015189873417721519,25,3,1972,0,28,1.2729429339548877
81,block_id,2000,0.0095,0.8260869565217391,1.0,0.9047619047619048,0.8901711846505898,0.9079751849129509,0.0020191822311963654,19,4,1977,0,23,1.2729429339548877
82,block_id,2000,0.0125,0.6410256410256411,1.0,0.78125,0.7637911450867972,0.797798008143739,0.007088607594936709,25,14,1961,0,39,1.2729429339548877
83,block_id,2000,0.0175,0.7777777777777778,1.0,0.875,0.7602919302919304,0.879670177480097,0.005089058524173028,35,10,1955,0,45,1.2729429339548877
84,block_id,2000,0.015,0.8823529411764706,1.0,0.9375,0.9007672925629582,0.9383823110014797,0.0020304568527918783,30,4,1966,0,34,1.2729429339548877
85,block_id,2000,0.015,0.7317073170731707,1.0,0.8450704225352113,0.8185099534489961,0.8530074101077028,0.005583756345177665,30,11,1959,0,41,1.2729429339548877
86,block_id,2000,0.015,0.7692307692307693,1.0,0.8695652173913043,0.7646134567187198,0.87505229385766,0.004568527918781726,30,9,1961,0,39,1.2729429339548877
87,block_id,2000,0.0185,0.925,1.0,0.961038961038961,0.9279286811895507,0.9610339991006598,0.0015282730514518594,37,3,1960,0,40,1.2729429339548877
88,block_id,2000,0.0135,0.9,1.0,0.9473684210526315,0.9250233426704015,0.9479617743324569,0.0015205271160669033,27,3,1970,0,30,1.2729429339548877
89,block_id,2000,0.0155,0.8611111111111112,1.0,0.9253731343283582,0.9087961023444895,0.9267817649964993,0.0025393600812595226,31,5,1964,0,36,1.2729429339548877
90,block_id,2000,0.0155,0.7380952380952381,1.0,0.8493150684931506,0.821599922745933,0.856721542282501,0.00558659217877095,31,11,1958,0,42,1.2729429339548877
91,block_id,2000,0.016,0.9142857142857143,1.0,0.9552238805970149,0.9411520337301587,0.955453811579983,0.001524390243902439,32,3,1965,0,35,1.2729429339548877
92,block_id,2000,0.012,0.8275862068965517,1.0,0.9056603773584906,0.8851711838193637,0.9085659647177378,0.0025303643724696357,24,5,1971,0,29,1.2729429339548877
93,block_id,2000,0.0155,0.7948717948717948,1.0,0.8857142857142857,0.8295582047685834,0.8897427997701406,0.004062976130015236,31,8,1961,0,39,1.2729429339548877
94,block_id,2000,0.0125,0.6756756756756757,1.0,0.8064516129032258,0.685706669236081,0.8194939319370809,0.0060759493670886075,25,12,1963,0,37,1.2729429339548877
95,block_id,2000,0.02,0.851063829787234,1.0,0.9195402298850575,0.855532514007245,0.9208823573667934,0.0035714285714285713,40,7,1953,0,47,1.2729429339548877
96,block_id,2000,0.018,0.75,1.0,0.8571428571428571,0.8206479220368109,0.8633756513099898,0.006109979633401222,36,12,1952,0,48,1.2729429339548877
97,block_id,2000,0.017,0.85,1.0,0.918918918918919,0.851545407636739,0.9205465226185954,0.003051881993896236,34,6,1960,0,40,1.2729429339548877
98,block_id,2000,0.0135,0.7105263157894737,1.0,0.8307692307692308,0.7933159094486326,0.840574174307898,0.005575266092245312,27,11,1962,0,38,1.2729429339548877
99,block_id,2000,0.0095,0.7307692307692307,1.0,0.8444444444444444,0.7162955465587044,0.8533387412621971,0.0035335689045936395,19,7,1974,0,26,1.2729429339548877
100,block_id,2000,0.016,0.7441860465116279,1.0,0.8533333333333334,0.8266398664883612,0.8602479119603501,0.005589430894308943,32,11,1957,0,43,1.2729429339548877
101,block_id,2000,0.011,0.7857142857142857,1.0,0.88,0.8612554112554112,0.8850598431175017,0.003033367037411527,22,6,1972,0,28,1.2729429339548877
102,block_id,2000,0.0155,0.8378378378378378,1.0,0.9117647058823529,0.8860245488150948,0.9139391399244639,0.0030472320975114273,31,6,1963,0,37,1.2729429339548877
103,block_id,2000,0.0145,0.8285714285714286,1.0,0.90625,0.8677430252747858,0.9088724559131685,0.0030441400304414,29,6,1965,0,35,1.2729429339548877
104,block_id,2000,0.019,0.8444444444444444,1.0,0.9156626506024096,0.8776808622346381,0.917295833258274,0.003567787971457696,38,7,1955,0,45,1.2729429339548877
105,block_id,2000,0.016,0.8205128205128205,1.0,0.9014084507042254,0.9229607198357198,0.9042092289893151,0.003556910569105691,32,7,1961,0,39,1.2729429339548877
106,block_id,2000,0.014,0.7777777777777778,1.0,0.875,0.8159523809523809,0.8801264072138905,0.004056795131845842,28,8,1964,0,36,1.2729429339548877
107,block_id,2000,0.0135,0.8709677419354839,1.0,0.9310344827586207,0.8836836926809962,0.932310017381758,0.0020273694880892043,27,4,1969,0,31,1.2729429339548877
108,block_id,2000,0.0165,0.7333333333333333,1.0,0.8461538461538461,0.8241511014238287,0.8537326954828329,0.006100660904931368,33,12,1955,0,45,1.2729429339548877
109,block_id,2000,0.0155,0.8611111111111112,1.0,0.9253731343283582,0.9245490172909527,0.9267817649964993,0.0025393600812595226,31,5,1964,0,36,1.2729429339548877
110,block_id,2000,0.017,0.8292682926829268,1.0,0.9066666666666666,0.8679257198712499,0.9090190640926923,0.003560528992878942,34,7,1959,0,41,1.2729429339548877
111,block_id,2000,0.014,0.9655172413793104,1.0,0.9824561403508771,0.9719292458362655,0.9823581974889519,0.0005070993914807302,28,1,1971,0,29,1.2729429339548877
112,block_id,2000,0.015,0.7692307692307693,1.0,0.8695652173913043,0.8417327117327118,0.87505229385766,0.004568527918781726,30,9,1961,0,39,1.2729429339548877
113,block_id,2000,0.0145,0.8787878787878788,1.0,0.9354838709677419,0.901520770715121,0.9364851537608532,0.0020294266869609334,29,4,1967,0,33,1.2729429339548877
114,block_id,2000,0.017,0.8095238095238095,1.0,0.8947368421052632,0.8550440644093896,0.897902953928349,0.004069175991861648,34,8,1958,0,42,1.2729429339548877
115,block_id,2000,0.014,0.8235294117647058,1.0,0.9032258064516129,0.8065953654188946,0.906103605656258,0.0030425963488843813,28,6,1966,0,34,1.2729429339548877
116,block_id,2000,0.013,0.8125,1.0,0.896551724137931,0.8700404827482833,0.9000168860286889,0.00303951367781155,26,6,1968,0,32,1.2729429339548877
117,block_id,2000,0.0145,0.8055555555555556,1.0,0.8923076923076924,0.8210727969348659,0.8959322673375348,0.0035514967021816335,29,7,1964,0,36,1.2729429339548877
118,block_id,2000,0.0155,0.8157894736842105,1.0,0.8985507246376812,0.8143912913212823,0.9016037140397941,0.0035551041137633316,31,7,1962,0,38,1.2729429339548877
119,block_id,2000,0.0095,0.7916666666666666,1.0,0.8837209302325582,0.7720105917474338,0.8886329487385172,0.002523977788995457,19,5,1976,0,24,1.2729429339548877
120,block_id,2000,0.012,0.7741935483870968,1.0,0.8727272727272727,0.8197296250381749,0.878322810762631,0.00354251012145749,24,7,1969,0,31,1.2729429339548877
121,block_id,2000,0.019,0.95,1.0,0.9743589743589743,0.92170296430732,0.9741825293073918,0.0010193679918450561,38,2,1960,0,40,1.2729429339548877
122,block_id,2000,0.015,0.8108108108108109,1.0,0.8955223880597015,0.887115972550755,0.898849129258262,0.003553299492385787,30,7,1963,0,37,1.2729429339548877
123,block_id,2000,0.0125,0.6944444444444444,1.0,0.819672131147541,0.7012169312169312,0.831009417878022,0.005569620253164557,25,11,1964,0,36,1.2729429339548877
124,block_id,2000,0.0135,0.9,1.0,0.9473684210526315,0.9214506172839505,0.9479617743324569,0.0015205271160669033,27,3,1970,0,30,1.2729429339548877
125,block_id,2000,0.013,0.8125,1.0,0.896551724137931,0.8874771062271062,0.9000168860286889,0.00303951367781155,26,6,1968,0,32,1.2729429339548877
126,block_id,2000,0.0155,0.8157894736842105,1.0,0.8985507246376812,0.809187869289737,0.9016037140397941,0.0035551041137633316,31,7,1962,0,38,1.2729429339548877
127,block_id,2000,0.0135,0.7714285714285715,1.0,0.8709677419354839,0.8552646548298722,0.876527597929844,0.0040547389761784085,27,8,1965,0,35,1.2729429339548877
128,block_id,2000,0.0125,0.8064516129032258,1.0,0.8928571428571429,0.8423651063141725,0.8966613816373059,0.0030379746835443038,25,6,1969,0,31,1.2729429339548877
129,block_id,2000,0.0185,0.9024390243902439,1.0,0.9487179487179487,0.9264626844690471,0.9489995399023323,0.0020376974019358125,37,4,1959,0,41,1.2729429339548877
130,block_id,2000,0.0115,0.8214285714285714,1.0,0.9019607843137255,0.8522986675160588,0.90518015288902,0.0025290844714213456,23,5,1972,0,28,1.2729429339548877
131,block_id,2000,0.013,0.7647058823529411,1.0,0.8666666666666667,0.8573526774884241,0.8727008481534332,0.004052684903748734,26,8,1966,0,34,1.2729429339548877
132,block_id,2000,0.019,0.8636363636363636,1.0,0.926829268292683,0.8890431292134077,0.9278983100746065,0.0030581039755351682,38,6,1956,0,44,1.2729429339548877
133,block_id,2000,0.0145,0.8529411764705882,1.0,0.9206349206349206,0.9157252896208805,0.9223759805459846,0.0025367833587011668,29,5,1966,0,34,1.2729429339548877
134,block_id,2000,0.0175,0.8333333333333334,1.0,0.9090909090909091,0.8558241758241758,0.9112434997633174,0.0035623409669211198,35,7,1958,0,42,1.2729429339548877
135,block_id,2000,0.015,0.8571428571428571,1.0,0.9230769230769231,0.9225248311885141,0.9246444547271794,0.0025380710659898475,30,5,1965,0,35,1.2729429339548877
136,block_id,2000,0.0155,0.8857142857142857,1.0,0.9393939393939394,0.9064959234314074,0.9401675210907099,0.002031488065007618,31,4,1965,0,35,1.2729429339548877
137,block_id,2000,0.014,0.8484848484848485,1.0,0.9180327868852459,0.8926647183226131,0.9199638676236758,0.002535496957403651,28,5,1967,0,33,1.2729429339548877
138,block_id,2000,0.0125,0.8333333333333334,1.0,0.9090909090909091,0.8927648552820177,0.9117146640764221,0.002531645569620253,25,5,1970,0,30,1.2729429339548877
139,block_id,2000,0.0125,0.8620689655172413,1.0,0.9259259259259259,0.8903587217380321,0.9275359847765661,0.0020253164556962027,25,4,1971,0,29,1.2729429339548877
140,block_id,2000,0.015,0.6818181818181818,1.0,0.8108108108108109,0.6933201058201058,0.822783551986471,0.007106598984771574,30,14,1956,0,44,1.2729429339548877
141,block_id,2000,0.02,0.9090909090909091,1.0,0.9523809523809523,0.9416931347637869,0.9524891713407223,0.0020408163265306124,40,4,1956,0,44,1.2729429339548877
142,block_id,2000,0.0115,0.6764705882352942,1.0,0.8070175438596491,0.7174297321036451,0.8201870003012239,0.00556398583712696,23,11,1966,0,34,1.2729429339548877
143,block_id,2000,0.0155,0.7380952380952381,1.0,0.8493150684931506,0.8216895306656877,0.856721542282501,0.00558659217877095,31,11,1958,0,42,1.2729429339548877
144,block_id,2000,0.014,0.7567567567567568,1.0,0.8615384615384616,0.7985373766623767,0.867930296014089,0.004563894523326572,28,9,1963,0,37,1.2729429339548877
145,block_id,2000,0.019,0.8260869565217391,1.0,0.9047619047619048,0.9053055343673192,0.907038373010703,0.004077471967380225,38,8,1954,0,46,1.2729429339548877
146,block_id,2000,0.017,0.918918918918919,1.0,0.9577464788732394,0.9006405340661396,0.9578709218196726,0.001525940996948118,34,3,1963,0,37,1.2729429339548877
147,block_id,2000,0.018,0.9473684210526315,1.0,0.972972972972973,0.949165268065019,0.9728328157634821,0.0010183299389002036,36,2,1962,0,38,1.2729429339548877
148,block_id,2000,0.0145,0.90625,1.0,0.9508196721311475,0.9041092434551954,0.9512468786012946,0.0015220700152207,29,3,1968,0,32,1.2729429339548877
149,block_id,2000,0.0135,0.7297297297297297,1.0,0.84375,0.7856345490332417,0.8520746154288459,0.00506842372022301,27,10,1963,0,37,1.2729429339548877
150,block_id,2000,0.0165,0.9705882352941176,1.0,0.9850746268656716,0.9679604041235057,0.9849339061508801,0.0005083884087442806,33,1,1966,0,34,1.2729429339548877
151,block_id,2000,0.02,0.7407407407407407,1.0,0.851063829787234,0.7945922194400896,0.8575836609041332,0.007142857142857143,40,14,1946,0,54,1.2729429339548877
152,block_id,2000,0.0135,0.84375,1.0,0.9152542372881356,0.8622396789746778,0.9173940040914977,0.002534211860111505,27,5,1968,0,32,1.2729429339548877
153,block_id,2000,0.019,0.8085106382978723,1.0,0.8941176470588236,0.8836159780314659,0.8971075040941362,0.0045871559633027525,38,9,1953,0,47,1.2729429339548877
154,block_id,2000,0.0115,0.8214285714285714,1.0,0.9019607843137255,0.9071052136269527,0.90518015288902,0.0025290844714213456,23,5,1972,0,28,1.2729429339548877
155,block_id,2000,0.014,0.7777777777777778,1.0,0.875,0.7430618212197159,0.8801264072138905,0.004056795131845842,28,8,1964,0,36,1.2729429339548877
156,block_id,2000,0.013,0.7878787878787878,1.0,0.8813559322033898,0.8308361959677748,0.8860501630652016,0.0035460992907801418,26,7,1967,0,33,1.2729429339548877
157,block_id,2000,0.011,0.7586206896551724,1.0,0.8627450980392157,0.8516751033031592,0.8694457921547635,0.003538928210313448,22,7,1971,0,29,1.2729429339548877
158,block_id,2000,0.0175,0.8536585365853658,1.0,0.9210526315789473,0.8407831425253028,0.9225247669488121,0.0030534351145038168,35,6,1959,0,41,1.2729429339548877
159,block_id,2000,0.006,0.5714285714285714,1.0,0.7272727272727273,0.8890977443609023,0.7542158982383655,0.004527162977867203,12,9,1979,0,21,1.2729429339548877
160,block_id,2000,0.0175,0.8536585365853658,1.0,0.9210526315789473,0.8817346147234714,0.9225247669488121,0.0030534351145038168,35,6,1959,0,41,1.2729429339548877
161,block_id,2000,0.0115,0.7931034482758621,1.0,0.8846153846153846,0.8656588372480426,0.8892111433948315,0.0030349013657056147,23,6,1971,0,29,1.2729429339548877
162,block_id,2000,0.0115,0.7419354838709677,1.0,0.8518518518518519,0.7466631603553062,0.8596122473844126,0.004046535154274153,23,8,1969,0,31,1.2729429339548877
163,block_id,2000,0.0115,0.7931034482758621,1.0,0.8846153846153846,0.8463589633754551,0.8892111433948315,0.0030349013657056147,23,6,1971,0,29,1.2729429339548877
164,block_id,2000,0.012,0.7058823529411765,1.0,0.8275862068965517,0.7628942881500426,0.8380394225972319,0.005060728744939271,24,10,1966,0,34,1.2729429339548877
165,block_id,2000,0.017,0.7083333333333334,1.0,0.8292682926829268,0.7976627131038896,0.8386234259746275,0.007121057985757884,34,14,1952,0,48,1.2729429339548877
166,block_id,2000,0.02,0.8695652173913043,1.0,0.9302325581395349,0.902370352071439,0.9310764109633277,0.003061224489795918,40,6,1954,0,46,1.2729429339548877
167,block_id,2000,0.016,0.9142857142857143,1.0,0.9552238805970149,0.9596292701863354,0.955453811579983,0.001524390243902439,32,3,1965,0,35,1.2729429339548877
168,block_id,2000,0.02,0.7843137254901961,1.0,0.8791208791208791,0.8279322001527885,0.883126245100843,0.005612244897959183,40,11,1949,0,51,1.2729429339548877
169,block_id,2000,0.011,0.7333333333333333,1.0,0.8461538461538461,0.7184731934731934,0.8546153371267735,0.004044489383215369,22,8,1970,0,30,1.2729429339548877
170,block_id,2000,0.012,0.7741935483870968,1.0,0.8727272727272727,0.8241346269690674,0.878322810762631,0.00354251012145749,24,7,1969,0,31,1.2729429339548877
171,block_id,2000,0.0145,0.7837837837837838,1.0,0.8787878787878788,0.8896931244136952,0.8835171307499067,0.004058853373921867,29,8,1963,0,37,1.2729429339548877
172,block_id,2000,0.0145,0.8285714285714286,1.0,0.90625,0.8695219690759072,0.9088724559131685,0.0030441400304414,29,6,1965,0,35,1.2729429339548877
173,block_id,2000,0.017,0.8717948717948718,1.0,0.9315068493150684,0.8943835089345926,0.9325114972849058,0.00254323499491353,34,5,1961,0,39,1.2729429339548877
174,block_id,2000,0.012,0.7272727272727273,1.0,0.8421052631578947,0.8008063087010454,0.8508585371705686,0.004554655870445344,24,9,1967,0,33,1.2729429339548877
175,block_id,2000,0.0125,0.7142857142857143,1.0,0.8333333333333334,0.7799518999519,0.8430119084317169,0.005063291139240506,25,10,1965,0,35,1.2729429339548877
176,block_id,2000,0.0215,0.7962962962962963,1.0,0.8865979381443299,0.8476489809904558,0.889842927523196,0.005620848237097598,43,11,1946,0,54,1.2729429339548877
177,block_id,2000,0.0205,0.8541666666666666,1.0,0.9213483146067416,0.8633771929824562,0.9225586779213175,0.0035732516590096988,41,7,1952,0,48,1.2729429339548877
178,block_id,2000,0.011,0.8461538461538461,1.0,0.9166666666666666,0.8603729603729604,0.9189356430295749,0.0020222446916076846,22,4,1974,0,26,1.2729429339548877
179,block_id,2000,0.017,0.7906976744186046,1.0,0.8831168831168831,0.8546277613112429,0.8871741657791011,0.004577822990844354,34,9,1957,0,43,1.2729429339548877
180,block_id,2000,0.015,0.8571428571428571,1.0,0.9230769230769231,0.9225327812284334,0.9246444547271794,0.0025380710659898475,30,5,1965,0,35,1.2729429339548877
181,block_id,2000,0.0145,0.9666666666666667,1.0,0.9830508474576272,0.9701149425287356,0.9829426340758571,0.0005073566717402334,29,1,1970,0,30,1.2729429339548877
182,block_id,2000,0.015,0.8333333333333334,1.0,0.9090909090909091,0.8754873294346979,0.911479710288355,0.003045685279187817,30,6,1964,0,36,1.2729429339548877
183,block_id,2000,0.0115,0.71875,1.0,0.8363636363636363,0.8437629399585922,0.8458593245718218,0.004552352048558422,23,9,1968,0,32,1.2729429339548877
184,block_id,2000,0.0165,0.8048780487804879,1.0,0.8918918918918919,0.8689348804734903,0.8953236975624325,0.004067107269954245,33,8,1959,0,41,1.2729429339548877
185,block_id,2000,0.0135,0.84375,1.0,0.9152542372881356,0.8566439246263808,0.9173940040914977,0.002534211860111505,27,5,1968,0,32,1.2729429339548877
186,block_id,2000,0.0165,0.8461538461538461,1.0,0.9166666666666666,0.8565130156039247,0.9184621915514279,0.003050330452465684,33,6,1961,0,39,1.2729429339548877
187,block_id,2000,0.014,0.8,1.0,0.8888888888888888,0.8087270314824494,0.8928383075382171,0.0035496957403651115,28,7,1965,0,35,1.2729429339548877
188,block_id,2000,0.0155,0.8857142857142857,1.0,0.9393939393939394,0.8955251030802813,0.9401675210907099,0.002031488065007618,31,4,1965,0,35,1.2729429339548877
189,block_id,2000,0.011,0.7586206896551724,1.0,0.8627450980392157,0.8189030507134684,0.8694457921547635,0.003538928210313448,22,7,1971,0,29,1.2729429339548877
190,block_id,2000,0.0145,0.90625,1.0,0.9508196721311475,0.8952178019749013,0.9512468786012946,0.0015220700152207,29,3,1968,0,32,1.2729429339548877
191,block_id,2000,0.016,0.9142857142857143,1.0,0.9552238805970149,0.9319597116812407,0.955453811579983,0.001524390243902439,32,3,1965,0,35,1.2729429339548877
192,block_id,2000,0.014,0.7,1.0,0.8235294117647058,0.8244194229415904,0.8341105233190395,0.006085192697768763,28,12,1960,0,40,1.2729429339548877
193,block_id,2000,0.012,0.8,1.0,0.8888888888888888,0.7827199148890325,0.8930682225913255,0.003036437246963563,24,6,1970,0,30,1.2729429339548877
194,block_id,2000,0.0165,0.7674418604651163,1.0,0.868421052631579,0.8098472450583206,0.8738079165369584,0.005083884087442806,33,10,1957,0,43,1.2729429339548877
195,block_id,2000,0.02,0.8888888888888888,1.0,0.9411764705882353,0.9095541331428426,0.9416057111088185,0.002551020408163265,40,5,1955,0,45,1.2729429339548877
196,block_id,2000,0.015,0.8333333333333334,1.0,0.9090909090909091,0.9076358826358827,0.911479710288355,0.003045685279187817,30,6,1964,0,36,1.2729429339548877
197,block_id,2000,0.01,0.7142857142857143,1.0,0.8333333333333334,0.7797619047619048,0.8434451442741914,0.00404040404040404,20,8,1972,0,28,1.2729429339548877
198,block_id,2000,0.01,0.6896551724137931,1.0,0.8163265306122449,0.6818700265251989,0.8285652516100036,0.004545454545454545,20,9,1971,0,29,1.2729429339548877
199,block_id,2000,0.0115,0.8214285714285714,1.0,0.9019607843137255,0.8767263427109975,0.90518015288902,0.0025290844714213456,23,5,1972,0,28,1.2729429339548877
200,block_id,2000,0.012,0.8,1.0,0.8888888888888888,0.8299441786283892,0.8930682225913255,0.003036437246963563,24,6,1970,0,30,1.2729429339548877
201,block_id,2000,0.0145,0.90625,1.0,0.9508196721311475,0.9741379310344827,0.9512468786012946,0.0015220700152207,29,3,1968,0,32,1.2729429339548877
202,block_id,2000,0.017,0.918918918918919,1.0,0.9577464788732394,0.9253325437845563,0.9578709218196726,0.001525940996948118,34,3,1963,0,37,1.2729429339548877
203,block_id,2000,0.0135,0.7941176470588235,1.0,0.8852459016393442,0.8500512086812396,0.889550560539154,0.0035478966041561076,27,7,1966,0,34,1.2729429339548877
204,block_id,2000,0.0115,0.7931034482758621,1.0,0.8846153846153846,0.8713742144849733,0.8892111433948315,0.0030349013657056147,23,6,1971,0,29,1.2729429339548877
205,block_id,2000,0.016,0.8421052631578947,1.0,0.9142857142857143,0.8668447476013265,0.9162629912109846,0.003048780487804878,32,6,1962,0,38,1.2729429339548877
206,block_id,2000,0.0135,0.8709677419354839,1.0,0.9310344827586207,0.917394054395952,0.932310017381758,0.0020273694880892043,27,4,1969,0,31,1.2729429339548877
207,block_id,2000,0.0135,0.75,1.0,0.8571428571428571,0.8113221344316323,0.8640479234329828,0.00456158134820071,27,9,1964,0,36,1.2729429339548877
208,block_id,2000,0.013,0.8125,1.0,0.896551724137931,0.8680849804276577,0.9000168860286889,0.00303951367781155,26,6,1968,0,32,1.2729429339548877
209,block_id,2000,0.0155,0.6739130434782609,1.0,0.8051948051948052,0.6888605236552231,0.817789165883062,0.007618080243778568,31,15,1954,0,46,1.2729429339548877
210,block_id,2000,0.0165,0.9166666666666666,1.0,0.9565217391304348,0.9382876755167777,0.9566967118907747,0.001525165226232842,33,3,1964,0,36,1.2729429339548877
211,block_id,2000,0.011,0.6470588235294118,1.0,0.7857142857142857,0.8005474917239622,0.8019559150703304,0.006066734074823054,22,12,1966,0,34,1.2729429339548877
212,block_id,2000,0.0185,0.925,1.0,0.961038961038961,0.9632493212853033,0.9610339991006598,0.0015282730514518594,37,3,1960,0,40,1.2729429339548877
213,block_id,2000,0.0145,0.7837837837837838,1.0,0.8787878787878788,0.7919284735981651,0.8835171307499067,0.004058853373921867,29,8,1963,0,37,1.2729429339548877
214,block_id,2000,0.013,0.7647058823529411,1.0,0.8666666666666667,0.8291988181374371,0.8727008481534332,0.004052684903748734,26,8,1966,0,34,1.2729429339548877
215,block_id,2000,0.0165,0.8918918918918919,1.0,0.9428571428571428,0.8951997451997452,0.9434395486161943,0.0020335536349771225,33,4,1963,0,37,1.2729429339548877
216,block_id,2000,0.013,0.7878787878787878,1.0,0.8813559322033898,0.8652772064536771,0.8860501630652016,0.0035460992907801418,26,7,1967,0,33,1.2729429339548877
217,block_id,2000,0.0125,0.7142857142857143,1.0,0.8333333333333334,0.8196803196803196,0.8430119084317169,0.005063291139240506,25,10,1965,0,35,1.2729429339548877
218,block_id,2000,0.011,0.7857142857142857,1.0,0.88,0.8705809476900808,0.8850598431175017,0.003033367037411527,22,6,1972,0,28,1.2729429339548877
219,block_id,2000,0.014,0.7777777777777778,1.0,0.875,0.8400432900432901,0.8801264072138905,0.004056795131845842,28,8,1964,0,36,1.2729429339548877
220,block_id,2000,0.0105,0.6774193548387096,1.0,0.8076923076923077,0.7320170166469977,0.8209727864907415,0.005053057099545225,21,10,1969,0,31,1.2729429339548877
221,block_id,2000,0.0125,0.7352941176470589,1.0,0.847457627118644,0.7743417366946779,0.8555369134499706,0.004556962025316456,25,9,1966,0,34,1.2729429339548877
222,block_id,2000,0.0135,0.8181818181818182,1.0,0.9,0.8208507541840875,0.9031576179720688,0.0030410542321338066,27,6,1967,0,33,1.2729429339548877
223,block_id,2000,0.0125,0.7142857142857143,1.0,0.8333333333333334,0.7145923504413207,0.8430119084317169,0.005063291139240506,25,10,1965,0,35,1.2729429339548877
224,block_id,2000,0.0135,0.75,1.0,0.8571428571428571,0.8482781026640676,0.8640479234329828,0.00456158134820071,27,9,1964,0,36,1.2729429339548877
225,block_id,2000,0.017,0.8717948717948718,1.0,0.9315068493150684,0.8974924989758749,0.9325114972849058,0.00254323499491353,34,5,1961,0,39,1.2729429339548877
226,block_id,2000,0.018,0.7659574468085106,1.0,0.8674698795180723,0.7865340935428545,0.872735619250448,0.00560081466395112,36,11,1953,0,47,1.2729429339548877
227,block_id,2000,0.014,0.9032258064516129,1.0,0.9491525423728814,0.9472631620945955,0.9496587443293243,0.0015212981744421906,28,3,1969,0,31,1.2729429339548877
228,block_id,2000,0.0105,0.7777777777777778,1.0,0.875,0.8573868941516001,0.8805791755797184,0.003031834259727135,21,6,1973,0,27,1.2729429339548877
229,block_id,2000,0.015,0.8333333333333334,1.0,0.9090909090909091,0.8574965339671223,0.911479710288355,0.003045685279187817,30,6,1964,0,36,1.2729429339548877
230,block_id,2000,0.013,0.7222222222222222,1.0,0.8387096774193549,0.7361264466527624,0.847681277574763,0.005065856129685917,26,10,1964,0,36,1.2729429339548877
231,block_id,2000,0.0115,0.696969696969697,1.0,0.8214285714285714,0.8291134952004517,0.8327330343479731,0.005058168942842691,23,10,1967,0,33,1.2729429339548877
232,block_id,2000,0.008,0.6956521739130435,1.0,0.8205128205128205,0.7237738484341745,0.8325849842272735,0.003528225806451613,16,7,1977,0,23,1.2729429339548877
233,block_id,2000,0.016,0.8205128205128205,1.0,0.9014084507042254,0.8139593414439239,0.9042092289893151,0.003556910569105691,32,7,1961,0,39,1.2729429339548877
234,block_id,2000,0.008,0.8888888888888888,1.0,0.9411764705882353,0.9310763888888889,0.9423337155918909,0.0010080645161290322,16,2,1982,0,18,1.2729429339548877
235,block_id,2000,0.0145,0.7837837837837838,1.0,0.8787878787878788,0.8449617328927673,0.8835171307499067,0.004058853373921867,29,8,1963,0,37,1.2729429339548877
236,block_id,2000,0.0155,0.8857142857142857,1.0,0.9393939393939394,0.8932667690732208,0.9401675210907099,0.002031488065007618,31,4,1965,0,35,1.2729429339548877
237,block_id,2000,0.014,0.9032258064516129,1.0,0.9491525423728814,0.9299133691136586,0.9496587443293243,0.0015212981744421906,28,3,1969,0,31,1.2729429339548877
238,block_id,2000,0.0145,0.8529411764705882,1.0,0.9206349206349206,0.9210488338718341,0.9223759805459846,0.0025367833587011668,29,5,1966,0,34,1.2729429339548877
239,block_id,2000,0.016,0.8205128205128205,1.0,0.9014084507042254,0.9025641025641025,0.9042092289893151,0.003556910569105691,32,7,1961,0,39,1.2729429339548877
240,block_id,2000,0.011,0.7857142857142857,1.0,0.88,0.7720316448257625,0.8850598431175017,0.003033367037411527,22,6,1972,0,28,1.2729429339548877
241,block_id,2000,0.0185,0.8409090909090909,1.0,0.9135802469135802,0.8554412366912367,0.9153744774336479,0.003565970453387672,37,7,1956,0,44,1.2729429339548877
242,block_id,2000,0.014,0.8235294117647058,1.0,0.9032258064516129,0.8452498481910247,0.906103605656258,0.0030425963488843813,28,6,1966,0,34,1.2729429339548877
243,block_id,2000,0.0145,0.7073170731707317,1.0,0.8285714285714286,0.7911464284678518,0.8384573505774902,0.0060882800608828,29,12,1959,0,41,1.2729429339548877
244,block_id,2000,0.016,0.7804878048780488,1.0,0.8767123287671232,0.8472717915760934,0.8814298048581781,0.004573170731707317,32,9,1959,0,41,1.2729429339548877
245,block_id,2000,0.0145,0.7837837837837838,1.0,0.8787878787878788,0.8663932898415657,0.8835171307499067,0.004058853373921867,29,8,1963,0,37,1.2729429339548877
246,block_id,2000,0.014,0.8,1.0,0.8888888888888888,0.8101563451467544,0.8928383075382171,0.0035496957403651115,28,7,1965,0,35,1.2729429339548877
247,block_id,2000,0.015,0.8108108108108109,1.0,0.8955223880597015,0.8591873395134265,0.898849129258262,0.003553299492385787,30,7,1963,0,37,1.2729429339548877
248,block_id,2000,0.017,0.7906976744186046,1.0,0.8831168831168831,0.8054907369516839,0.8871741657791011,0.004577822990844354,34,9,1957,0,43,1.2729429339548877
249,block_id,2000,0.013,0.7222222222222222,1.0,0.8387096774193549,0.7745120419033462,0.847681277574763,0.005065856129685917,26,10,1964,0,36,1.2729429339548877
250,block_id,2000,0.017,0.8292682926829268,1.0,0.9066666666666666,0.8856213027818042,0.9090190640926923,0.003560528992878942,34,7,1959,0,41,1.2729429339548877
251,block_id,2000,0.0135,0.7105263157894737,1.0,0.8307692307692308,0.7817731636953604,0.840574174307898,0.005575266092245312,27,11,1962,0,38,1.2729429339548877
252,block_id,2000,0.0145,0.6904761904761905,1.0,0.8169014084507042,0.8325557809330629,0.8282041175647971,0.006595636732623034,29,13,1958,0,42,1.2729429339548877
253,block_id,2000,0.0135,0.7941176470588235,1.0,0.8852459016393442,0.8324119283198567,0.889550560539154,0.0035478966041561076,27,7,1966,0,34,1.2729429339548877
254,block_id,2000,0.017,0.8095238095238095,1.0,0.8947368421052632,0.8820081878905408,0.897902953928349,0.004069175991861648,34,8,1958,0,42,1.2729429339548877
255,block_id,2000,0.014,0.7777777777777778,1.0,0.875,0.8300960735171261,0.8801264072138905,0.004056795131845842,28,8,1964,0,36,1.2729429339548877
256,block_id,2000,0.01,0.7407407407407407,1.0,0.851063829787234,0.7652879527879528,0.8591402448635395,0.0035353535353535356,20,7,1973,0,27,1.2729429339548877
257,block_id,2000,0.0145,0.90625,1.0,0.9508196721311475,0.887990432488404,0.9512468786012946,0.0015220700152207,29,3,1968,0,32,1.2729429339548877
258,block_id,2000,0.0155,0.775,1.0,0.8732394366197183,0.7761402575918704,0.8783265865762251,0.0045708481462671405,31,9,1960,0,40,1.2729429339548877
259,block_id,2000,0.018,0.782608695652174,1.0,0.8780487804878049,0.8226950560510343,0.8823966944215298,0.0050916496945010185,36,10,1954,0,46,1.2729429339548877
260,block_id,2000,0.013,0.896551724137931,1.0,0.9454545454545454,0.9325126867723216,0.9461443777372139,0.001519756838905775,26,3,1971,0,29,1.2729429339548877
261,block_id,2000,0.0115,0.8518518518518519,1.0,0.92,0.8711755233494364,0.9220240385258271,0.0020232675771370764,23,4,1973,0,27,1.2729429339548877
262,block_id,2000,0.017,0.8717948717948718,1.0,0.9315068493150684,0.8797443185418965,0.9325114972849058,0.00254323499491353,34,5,1961,0,39,1.2729429339548877
263,block_id,2000,0.013,0.7878787878787878,1.0,0.8813559322033898,0.8340201465201466,0.8860501630652016,0.0035460992907801418,26,7,1967,0,33,1.2729429339548877
264,block_id,2000,0.0145,0.8529411764705882,1.0,0.9206349206349206,0.9448714755109545,0.9223759805459846,0.0025367833587011668,29,5,1966,0,34,1.2729429339548877
265,block_id,2000,0.018,0.9,1.0,0.9473684210526315,0.9127734459605805,0.9477167330537007,0.002036659877800407,36,4,1960,0,40,1.2729429339548877
266,block_id,2000,0.0135,0.84375,1.0,0.9152542372881356,0.8832575265323803,0.9173940040914977,0.002534211860111505,27,5,1968,0,32,1.2729429339548877
267,block_id,2000,0.0165,0.7674418604651163,1.0,0.868421052631579,0.7712941460576934,0.8738079165369584,0.005083884087442806,33,10,1957,0,43,1.2729429339548877
268,block_id,2000,0.015,0.75,1.0,0.8571428571428571,0.7921837944664033,0.8638245732792134,0.005076142131979695,30,10,1960,0,40,1.2729429339548877
269,block_id,2000,0.009,0.75,1.0,0.8571428571428571,0.8173335923335923,0.8647135745984641,0.0030272452068617556,18,6,1976,0,24,1.2729429339548877
270,block_id,2000,0.0095,0.8260869565217391,1.0,0.9047619047619048,0.8832951945080091,0.9079751849129509,0.0020191822311963654,19,4,1977,0,23,1.2729429339548877
271,block_id,2000,0.013,0.8125,1.0,0.896551724137931,0.8808904682274248,0.9000168860286889,0.00303951367781155,26,6,1968,0,32,1.2729429339548877
272,block_id,2000,0.013,0.7428571428571429,1.0,0.8524590163934426,0.7488531808897941,0.8599245642424581,0.004559270516717325,26,9,1965,0,35,1.2729429339548877
273,block_id,2000,0.018,0.782608695652174,1.0,0.8780487804878049,0.8573399341036088,0.8823966944215298,0.0050916496945010185,36,10,1954,0,46,1.2729429339548877
274,block_id,2000,0.013,0.7647058823529411,1.0,0.8666666666666667,0.8068959729640843,0.8727008481534332,0.004052684903748734,26,8,1966,0,34,1.2729429339548877
275,block_id,2000,0.014,0.6511627906976745,1.0,0.7887323943661971,0.714441528774188,0.8038717104575264,0.007606490872210953,28,15,1957,0,43,1.2729429339548877
276,block_id,2000,0.015,0.7692307692307693,1.0,0.8695652173913043,0.8365185539098581,0.87505229385766,0.004568527918781726,30,9,1961,0,39,1.2729429339548877
277,block_id,2000,0.013,0.896551724137931,1.0,0.9454545454545454,0.9420599937587768,0.9461443777372139,0.001519756838905775,26,3,1971,0,29,1.2729429339548877
278,block_id,2000,0.0095,0.6333333333333333,1.0,0.7755102040816326,0.7584066590625169,0.7936098480659959,0.005552751135790005,19,11,1970,0,30,1.2729429339548877
279,block_id,2000,0.014,0.7777777777777778,1.0,0.875,0.7896019646330206,0.8801264072138905,0.004056795131845842,28,8,1964,0,36,1.2729429339548877
280,block_id,2000,0.0105,0.7241379310344828,1.0,0.84,0.8175697865353038,0.8492412159002364,0.00404244567963618,21,8,1971,0,29,1.2729429339548877
281,block_id,2000,0.0185,0.9024390243902439,1.0,0.9487179487179487,0.900169723971238,0.9489995399023323,0.0020376974019358125,37,4,1959,0,41,1.2729429339548877
282,block_id,2000,0.013,0.8125,1.0,0.896551724137931,0.8187271062271062,0.9000168860286889,0.00303951367781155,26,6,1968,0,32,1.2729429339548877
283,block_id,2000,0.013,0.7222222222222222,1.0,0.8387096774193549,0.7303756212201029,0.847681277574763,0.005065856129685917,26,10,1964,0,36,1.2729429339548877
284,block_id,2000,0.0165,0.868421052631579,1.0,0.9295774647887324,0.8946770893365321,0.930705956060367,0.002541942043721403,33,5,1962,0,38,1.2729429339548877
285,block_id,2000,0.0165,0.75,1.0,0.8571428571428571,0.7989666782770231,0.8636004838047856,0.005592272496187087,33,11,1956,0,44,1.2729429339548877
286,block_id,2000,0.0135,0.8709677419354839,1.0,0.9310344827586207,0.8940985325267883,0.932310017381758,0.0020273694880892043,27,4,1969,0,31,1.2729429339548877
287,block_id,2000,0.013,0.6842105263157895,1.0,0.8125,0.730017693976504,0.8246521641330425,0.0060790273556231,26,12,1962,0,38,1.2729429339548877
288,block_id,2000,0.0125,0.7575757575757576,1.0,0.8620689655172413,0.8147201997087581,0.868623679322207,0.004050632911392405,25,8,1967,0,33,1.2729429339548877
289,block_id,2000,0.0175,0.8333333333333334,1.0,0.9090909090909091,0.8616011457214465,0.9112434997633174,0.0035623409669211198,35,7,1958,0,42,1.2729429339548877
290,block_id,2000,0.0175,0.8536585365853658,1.0,0.9210526315789473,0.8643876468933278,0.9225247669488121,0.0030534351145038168,35,6,1959,0,41,1.2729429339548877
291,block_id,2000,0.013,0.8125,1.0,0.896551724137931,0.827106227106227,0.9000168860286889,0.00303951367781155,26,6,1968,0,32,1.2729429339548877
292,block_id,2000,0.0115,0.7931034482758621,1.0,0.8846153846153846,0.7455226931988551,0.8892111433948315,0.0030349013657056147,23,6,1971,0,29,1.2729429339548877
293,block_id,2000,0.014,0.7368421052631579,1.0,0.8484848484848485,0.7652156335799712,0.8562158509576862,0.005070993914807302,28,10,1962,0,38,1.2729429339548877
294,block_id,2000,0.019,0.95,1.0,0.9743589743589743,0.9556031226391336,0.9741825293073918,0.0010193679918450561,38,2,1960,0,40,1.2729429339548877
295,block_id,2000,0.012,0.8,1.0,0.8888888888888888,0.8672364953886693,0.8930682225913255,0.003036437246963563,24,6,1970,0,30,1.2729429339548877
296,block_id,2000,0.016,0.8648648648648649,1.0,0.927536231884058,0.8989024598629378,0.9287989801859037,0.002540650406504065,32,5,1963,0,37,1.2729429339548877
297,block_id,2000,0.0125,0.78125,1.0,0.8771929824561403,0.8696215415019763,0.8823157103090865,0.0035443037974683543,25,7,1968,0,32,1.2729429339548877
298,block_id,2000,0.0135,0.8709677419354839,1.0,0.9310344827586207,0.9344157477434218,0.932310017381758,0.0020273694880892043,27,4,1969,0,31,1.2729429339548877
299,block_id,2000,0.0115,0.8214285714285714,1.0,0.9019607843137255,0.8923952858735467,0.90518015288902,0.0025290844714213456,23,5,1972,0,28,1.2729429339548877
300,block_id,2000,0.0135,0.9,1.0,0.9473684210526315,0.902174128760816,0.9479617743324569,0.0015205271160669033,27,3,1970,0,30,1.2729429339548877
301,block_id,2000,0.013,0.896551724137931,1.0,0.9454545454545454,0.881375712797603,0.9461443777372139,0.001519756838905775,26,3,1971,0,29,1.2729429339548877
302,block_id,2000,0.018,0.8780487804878049,1.0,0.935064935064935,0.8869895645409125,0.9358490380853854,0.0025458248472505093,36,5,1959,0,41,1.2729429339548877
303,block_id,2000,0.0115,0.8214285714285714,1.0,0.9019607843137255,0.8593222185899531,0.90518015288902,0.0025290844714213456,23,5,1972,0,28,1.2729429339548877
304,block_id,2000,0.0145,0.8055555555555556,1.0,0.8923076923076924,0.8266283524904214,0.8959322673375348,0.0035514967021816335,29,7,1964,0,36,1.2729429339548877
305,block_id,2000,0.018,0.9230769230769231,1.0,0.96,0.9166727716727717,0.9600348575843002,0.0015274949083503055,36,3,1961,0,39,1.2729429339548877
306,block_id,2000,0.015,0.75,1.0,0.8571428571428571,0.7700869990224829,0.8638245732792134,0.005076142131979695,30,10,1960,0,40,1.2729429339548877
307,block_id,2000,0.018,0.8,1.0,0.8888888888888888,0.836363907896166,0.8923754883567562,0.004582484725050916,36,9,1955,0,45,1.2729429339548877
308,block_id,2000,0.0125,0.7575757575757576,1.0,0.8620689655172413,0.832239095763123,0.868623679322207,0.004050632911392405,25,8,1967,0,33,1.2729429339548877
309,block_id,2000,0.0155,0.7948717948717948,1.0,0.8857142857142857,0.8179385175340435,0.8897427997701406,0.004062976130015236,31,8,1961,0,39,1.2729429339548877
310,block_id,2000,0.0135,0.75,1.0,0.8571428571428571,0.847472598826035,0.8640479234329828,0.00456158134820071,27,9,1964,0,36,1.2729429339548877
311,block_id,2000,0.012,0.7058823529411765,1.0,0.8275862068965517,0.6606396973124915,0.8380394225972319,0.005060728744939271,24,10,1966,0,34,1.2729429339548877
312,block_id,2000,0.0105,0.6774193548387096,1.0,0.8076923076923077,0.7241641470938416,0.8209727864907415,0.005053057099545225,21,10,1969,0,31,1.2729429339548877
313,block_id,2000,0.015,0.7692307692307693,1.0,0.8695652173913043,0.8098327759197326,0.87505229385766,0.004568527918781726,30,9,1961,0,39,1.2729429339548877
314,block_id,2000,0.0165,0.8461538461538461,1.0,0.9166666666666666,0.9472987096498069,0.9184621915514279,0.003050330452465684,33,6,1961,0,39,1.2729429339548877
315,block_id,2000,0.015,0.7692307692307693,1.0,0.8695652173913043,0.7833574758574758,0.87505229385766,0.004568527918781726,30,9,1961,0,39,1.2729429339548877
316,block_id,2000,0.0115,0.8214285714285714,1.0,0.9019607843137255,0.8890254388975617,0.90518015288902,0.0025290844714213456,23,5,1972,0,28,1.2729429339548877
317,block_id,2000,0.0095,0.7916666666666666,1.0,0.8837209302325582,0.8842449260405917,0.8886329487385172,0.002523977788995457,19,5,1976,0,24,1.2729429339548877
318,block_id,2000,0.0205,0.8723404255319149,1.0,0.9318181818181818,0.9030386899613676,0.9325602567652809,0.0030627871362940277,41,6,1953,0,47,1.2729429339548877
319,block_id,2000,0.012,0.7058823529411765,1.0,0.8275862068965517,0.7650798955946014,0.8380394225972319,0.005060728744939271,24,10,1966,0,34,1.2729429339548877
320,block_id,2000,0.0165,0.8048780487804879,1.0,0.8918918918918919,0.8889310869798676,0.8953236975624325,0.004067107269954245,33,8,1959,0,41,1.2729429339548877
321,block_id,2000,0.014,0.8235294117647058,1.0,0.9032258064516129,0.8295656420462922,0.906103605656258,0.0030425963488843813,28,6,1966,0,34,1.2729429339548877
322,block_id,2000,0.018,0.9473684210526315,1.0,0.972972972972973,0.9594826438075865,0.9728328157634821,0.0010183299389002036,36,2,1962,0,38,1.2729429339548877
323,block_id,2000,0.016,0.8648648648648649,1.0,0.927536231884058,0.8691868864662982,0.9287989801859037,0.002540650406504065,32,5,1963,0,37,1.2729429339548877
324,block_id,2000,0.019,0.9047619047619048,1.0,0.95,0.9190958164642374,0.9502196241448577,0.0020387359836901123,38,4,1958,0,42,1.2729429339548877
325,block_id,2000,0.016,0.8205128205128205,1.0,0.9014084507042254,0.8429321044452623,0.9042092289893151,0.003556910569105691,32,7,1961,0,39,1.2729429339548877
326,block_id,2000,0.012,0.7741935483870968,1.0,0.8727272727272727,0.8950578990901572,0.878322810762631,0.00354251012145749,24,7,1969,0,31,1.2729429339548877
327,block_id,2000,0.01,0.8333333333333334,1.0,0.9090909090909091,0.8623281130634073,0.9119483711536699,0.00202020202020202,20,4,1976,0,24,1.2729429339548877
328,block_id,2000,0.011,0.7586206896551724,1.0,0.8627450980392157,0.763767720482784,0.8694457921547635,0.003538928210313448,22,7,1971,0,29,1.2729429339548877
329,block_id,2000,0.0125,0.78125,1.0,0.8771929824561403,0.8803,0.8823157103090865,0.0035443037974683543,25,7,1968,0,32,1.2729429339548877
330,block_id,2000,0.0185,0.8043478260869565,1.0,0.891566265060241,0.8278572982920809,0.8947960866963762,0.004584819154355578,37,9,1954,0,46,1.2729429339548877
331,block_id,2000,0.0125,0.7575757575757576,1.0,0.8620689655172413,0.7641731601731603,0.868623679322207,0.004050632911392405,25,8,1967,0,33,1.2729429339548877
332,block_id,2000,0.0125,0.78125,1.0,0.8771929824561403,0.8694538429406851,0.8823157103090865,0.0035443037974683543,25,7,1968,0,32,1.2729429339548877
333,block_id,2000,0.0115,0.7666666666666667,1.0,0.8679245283018868,0.8865942028985507,0.8740435435381205,0.0035407182599898838,23,7,1970,0,30,1.2729429339548877
334,block_id,2000,0.012,0.6666666666666666,1.0,0.8,0.6637143050186528,0.8140135647952773,0.006072874493927126,24,12,1964,0,36,1.2729429339548877
335,block_id,2000,0.0145,0.8529411764705882,1.0,0.9206349206349206,0.8704079332882578,0.9223759805459846,0.0025367833587011668,29,5,1966,0,34,1.2729429339548877
336,block_id,2000,0.011,0.6470588235294118,1.0,0.7857142857142857,0.813152088553158,0.8019559150703304,0.006066734074823054,22,12,1966,0,34,1.2729429339548877
337,block_id,2000,0.014,0.7777777777777778,1.0,0.875,0.864716654118828,0.8801264072138905,0.004056795131845842,28,8,1964,0,36,1.2729429339548877
338,block_id,2000,0.0095,0.7307692307692307,1.0,0.8444444444444444,0.8277714932126696,0.8533387412621971,0.0035335689045936395,19,7,1974,0,26,1.2729429339548877
339,block_id,2000,0.017,0.8095238095238095,1.0,0.8947368421052632,0.8551906318082789,0.897902953928349,0.004069175991861648,34,8,1958,0,42,1.2729429339548877
340,block_id,2000,0.0175,0.7954545454545454,1.0,0.8860759493670886,0.8186295609152752,0.889837761725654,0.004580152671755725,35,9,1956,0,44,1.2729429339548877
341,block_id,2000,0.0155,0.6888888888888889,1.0,0.8157894736842105,0.7713100196971165,0.8270373301388877,0.007110208227526663,31,14,1955,0,45,1.2729429339548877
342,block_id,2000,0.0145,0.7837837837837838,1.0,0.8787878787878788,0.778993978765784,0.8835171307499067,0.004058853373921867,29,8,1963,0,37,1.2729429339548877
343,block_id,2000,0.015,0.7692307692307693,1.0,0.8695652173913043,0.8038391735306436,0.87505229385766,0.004568527918781726,30,9,1961,0,39,1.2729429339548877
344,block_id,2000,0.012,0.75,1.0,0.8571428571428571,0.8551637405804072,0.864270537941122,0.004048582995951417,24,8,1968,0,32,1.2729429339548877
345,block_id,2000,0.0125,0.78125,1.0,0.8771929824561403,0.7971421568627451,0.8823157103090865,0.0035443037974683543,25,7,1968,0,32,1.2729429339548877
346,block_id,2000,0.011,0.7096774193548387,1.0,0.8301886792452831,0.8055005994502831,0.8405048192712754,0.00455005055611729,22,9,1969,0,31,1.2729429339548877
347,block_id,2000,0.018,0.8372093023255814,1.0,0.9113924050632911,0.8741975572159681,0.9133593809578395,0.003564154786150713,36,7,1957,0,43,1.2729429339548877
348,block_id,2000,0.0155,0.7560975609756098,1.0,0.8611111111111112,0.8051151491419506,0.8673278232870495,0.005078720162519045,31,10,1959,0,41,1.2729429339548877
349,block_id,2000,0.0085,0.7391304347826086,1.0,0.85,0.7514812772353767,0.8584253223619528,0.0030257186081694403,17,6,1977,0,23,1.2729429339548877
350,block_id,2000,0.0135,0.9,1.0,0.9473684210526315,0.942283950617284,0.9479617743324569,0.0015205271160669033,27,3,1970,0,30,1.2729429339548877
351,block_id,2000,0.0125,0.8333333333333334,1.0,0.9090909090909091,0.851996336996337,0.9117146640764221,0.002531645569620253,25,5,1970,0,30,1.2729429339548877
352,block_id,2000,0.0105,0.7777777777777778,1.0,0.875,0.7877693873934475,0.8805791755797184,0.003031834259727135,21,6,1973,0,27,1.2729429339548877
353,block_id,2000,0.013,0.8666666666666667,1.0,0.9285714285714286,0.8512580922763988,0.9300056468690797,0.002026342451874367,26,4,1970,0,30,1.2729429339548877
354,block_id,2000,0.0115,0.8214285714285714,1.0,0.9019607843137255,0.8488222304011778,0.90518015288902,0.0025290844714213456,23,5,1972,0,28,1.2729429339548877
355,block_id,2000,0.0125,0.8064516129032258,1.0,0.8928571428571429,0.8544520218953455,0.8966613816373059,0.0030379746835443038,25,6,1969,0,31,1.2729429339548877
356,block_id,2000,0.018,0.8372093023255814,1.0,0.9113924050632911,0.8811797725315168,0.9133593809578395,0.003564154786150713,36,7,1957,0,43,1.2729429339548877
357,block_id,2000,0.0115,0.71875,1.0,0.8363636363636363,0.8298660857405012,0.8458593245718218,0.004552352048558422,23,9,1968,0,32,1.2729429339548877
358,block_id,2000,0.014,0.875,1.0,0.9333333333333333,0.9057414632519675,0.9344651690297597,0.002028397565922921,28,4,1968,0,32,1.2729429339548877
359,block_id,2000,0.0135,0.75,1.0,0.8571428571428571,0.8357675791733763,0.8640479234329828,0.00456158134820071,27,9,1964,0,36,1.2729429339548877
360,block_id,2000,0.0125,0.8333333333333334,1.0,0.9090909090909091,0.9321142857142858,0.9117146640764221,0.002531645569620253,25,5,1970,0,30,1.2729429339548877
361,block_id,2000,0.0175,0.7954545454545454,1.0,0.8860759493670886,0.7921050426653142,0.889837761725654,0.004580152671755725,35,9,1956,0,44,1.2729429339548877
362,block_id,2000,0.013,0.8125,1.0,0.896551724137931,0.8593647271531887,0.9000168860286889,0.00303951367781155,26,6,1968,0,32,1.2729429339548877
363,block_id,2000,0.0145,0.8055555555555556,1.0,0.8923076923076924,0.8234327573055578,0.8959322673375348,0.0035514967021816335,29,7,1964,0,36,1.2729429339548877
364,block_id,2000,0.0155,0.7948717948717948,1.0,0.8857142857142857,0.839158690771594,0.8897427997701406,0.004062976130015236,31,8,1961,0,39,1.2729429339548877
365,block_id,2000,0.017,0.8717948717948718,1.0,0.9315068493150684,0.9032832363714716,0.9325114972849058,0.00254323499491353,34,5,1961,0,39,1.2729429339548877
366,block_id,2000,0.016,0.8205128205128205,1.0,0.9014084507042254,0.8498431940866151,0.9042092289893151,0.003556910569105691,32,7,1961,0,39,1.2729429339548877
367,block_id,2000,0.011,0.7586206896551724,1.0,0.8627450980392157,0.7834919390953874,0.8694457921547635,0.003538928210313448,22,7,1971,0,29,1.2729429339548877
368,block_id,2000,0.018,0.8571428571428571,1.0,0.9230769230769231,0.9112593324549846,0.9244048325505596,0.003054989816700611,36,6,1958,0,42,1.2729429339548877
369,block_id,2000,0.0115,0.8214285714285714,1.0,0.9019607843137255,0.8781573498964803,0.90518015288902,0.0025290844714213456,23,5,1972,0,28,1.2729429339548877
370,block_id,2000,0.0125,0.8064516129032258,1.0,0.8928571428571429,0.8965448028673835,0.8966613816373059,0.0030379746835443038,25,6,1969,0,31,1.2729429339548877
371,block_id,2000,0.0195,0.78,1.0,0.8764044943820225,0.7758524109321918,0.8806955667454325,0.0056093829678735335,39,11,1950,0,50,1.2729429339548877
372,block_id,2000,0.0135,0.7941176470588235,1.0,0.8852459016393442,0.846647300895667,0.889550560539154,0.0035478966041561076,27,7,1966,0,34,1.2729429339548877
373,block_id,2000,0.0165,0.8918918918918919,1.0,0.9428571428571428,0.9200468320702925,0.9434395486161943,0.0020335536349771225,33,4,1963,0,37,1.2729429339548877
374,block_id,2000,0.012,0.7272727272727273,1.0,0.8421052631578947,0.8638246500088606,0.8508585371705686,0.004554655870445344,24,9,1967,0,33,1.2729429339548877
375,block_id,2000,0.015,0.8333333333333334,1.0,0.9090909090909091,0.8843482443482443,0.911479710288355,0.003045685279187817,30,6,1964,0,36,1.2729429339548877
376,block_id,2000,0.019,0.7916666666666666,1.0,0.8837209302325582,0.8740257841573632,0.8874861510838427,0.0050968399592252805,38,10,1952,0,48,1.2729429339548877
377,block_id,2000,0.0155,0.8378378378378378,1.0,0.9117647058823529,0.8829101851173159,0.9139391399244639,0.0030472320975114273,31,6,1963,0,37,1.2729429339548877
378,block_id,2000,0.017,0.8292682926829268,1.0,0.9066666666666666,0.8336820432455863,0.9090190640926923,0.003560528992878942,34,7,1959,0,41,1.2729429339548877
379,block_id,2000,0.016,0.8,1.0,0.8888888888888888,0.8664650537634409,0.8926073982886736,0.0040650406504065045,32,8,1960,0,40,1.2729429339548877
380,block_id,2000,0.014,0.875,1.0,0.9333333333333333,0.8863549965440722,0.9344651690297597,0.002028397565922921,28,4,1968,0,32,1.2729429339548877
381,block_id,2000,0.017,0.8292682926829268,1.0,0.9066666666666666,0.8458565045848667,0.9090190640926923,0.003560528992878942,34,7,1959,0,41,1.2729429339548877
382,block_id,2000,0.0085,0.68,1.0,0.8095238095238095,0.7685294117647059,0.8229560631013418,0.004034291477559254,17,8,1975,0,25,1.2729429339548877
383,block_id,2000,0.0195,0.8297872340425532,1.0,0.9069767441860465,0.8465775200234035,0.9090665951926787,0.00407955124936257,39,8,1953,0,47,1.2729429339548877
384,block_id,2000,0.019,0.7916666666666666,1.0,0.8837209302325582,0.8239599969062212,0.8874861510838427,0.0050968399592252805,38,10,1952,0,48,1.2729429339548877
385,block_id,2000,0.0115,0.7419354838709677,1.0,0.8518518518518519,0.8022325566136004,0.8596122473844126,0.004046535154274153,23,8,1969,0,31,1.2729429339548877
386,block_id,2000,0.018,0.8372093023255814,1.0,0.9113924050632911,0.8669780950241011,0.9133593809578395,0.003564154786150713,36,7,1957,0,43,1.2729429339548877
387,block_id,2000,0.014,0.8235294117647058,1.0,0.9032258064516129,0.8669145289694826,0.906103605656258,0.0030425963488843813,28,6,1966,0,34,1.2729429339548877
388,block_id,2000,0.014,0.7567567567567568,1.0,0.8615384615384616,0.7864603564603565,0.867930296014089,0.004563894523326572,28,9,1963,0,37,1.2729429339548877
389,block_id,2000,0.013,0.7647058823529411,1.0,0.8666666666666667,0.7922527850546426,0.8727008481534332,0.004052684903748734,26,8,1966,0,34,1.2729429339548877
390,block_id,2000,0.017,0.8095238095238095,1.0,0.8947368421052632,0.8764323911382736,0.897902953928349,0.004069175991861648,34,8,1958,0,42,1.2729429339548877
391,block_id,2000,0.0135,0.75,1.0,0.8571428571428571,0.7643311185622846,0.8640479234329828,0.00456158134820071,27,9,1964,0,36,1.2729429339548877
392,block_id,2000,0.0135,0.675,1.0,0.8059701492537313,0.7841943674458137,0.8188726751977405,0.006588950836289914,27,13,1960,0,40,1.2729429339548877
393,block_id,2000,0.0125,0.8333333333333334,1.0,0.9090909090909091,0.9084173669467787,0.9117146640764221,0.002531645569620253,25,5,1970,0,30,1.2729429339548877
394,block_id,2000,0.014,0.7777777777777778,1.0,0.875,0.8095815295815295,0.8801264072138905,0.004056795131845842,28,8,1964,0,36,1.2729429339548877
395,block_id,2000,0.0155,0.8857142857142857,1.0,0.9393939393939394,0.9268100279160901,0.9401675210907099,0.002031488065007618,31,4,1965,0,35,1.2729429339548877
396,block_id,2000,0.016,0.7804878048780488,1.0,0.8767123287671232,0.863687797869358,0.8814298048581781,0.004573170731707317,32,9,1959,0,41,1.2729429339548877
397,block_id,2000,0.0205,0.8723404255319149,1.0,0.9318181818181818,0.9092926227597151,0.9325602567652809,0.0030627871362940277,41,6,1953,0,47,1.2729429339548877
398,block_id,2000,0.014,0.7368421052631579,1.0,0.8484848484848485,0.762205513784461,0.8562158509576862,0.005070993914807302,28,10,1962,0,38,1.2729429339548877
399,block_id,2000,0.0155,0.8611111111111112,1.0,0.9253731343283582,0.9141071774311607,0.9267817649964993,0.0025393600812595226,31,5,1964,0,36,1.2729429339548877
400,block_id,2000,0.016,0.8421052631578947,1.0,0.9142857142857143,0.8654237212142675,0.9162629912109846,0.003048780487804878,32,6,1962,0,38,1.2729429339548877
401,block_id,2000,0.016,0.8205128205128205,1.0,0.9014084507042254,0.8847532675657676,0.9042092289893151,0.003556910569105691,32,7,1961,0,39,1.2729429339548877
402,block_id,2000,0.014,0.7777777777777778,1.0,0.875,0.8249604666427974,0.8801264072138905,0.004056795131845842,28,8,1964,0,36,1.2729429339548877
403,block_id,2000,0.0145,0.8285714285714286,1.0,0.90625,0.8554460864805692,0.9088724559131685,0.0030441400304414,29,6,1965,0,35,1.2729429339548877
404,block_id,2000,0.011,0.8461538461538461,1.0,0.9166666666666666,0.8651446592623062,0.9189356430295749,0.0020222446916076846,22,4,1974,0,26,1.2729429339548877
405,block_id,2000,0.0105,0.7777777777777778,1.0,0.875,0.8550768260520581,0.8805791755797184,0.003031834259727135,21,6,1973,0,27,1.2729429339548877
406,block_id,2000,0.013,0.7222222222222222,1.0,0.8387096774193549,0.7989937839937838,0.847681277574763,0.005065856129685917,26,10,1964,0,36,1.2729429339548877
407,block_id,2000,0.014,0.9032258064516129,1.0,0.9491525423728814,0.9169840144494523,0.9496587443293243,0.0015212981744421906,28,3,1969,0,31,1.2729429339548877
408,block_id,2000,0.0165,0.717391304347826,1.0,0.8354430379746836,0.7956421868349701,0.8441860161363662,0.0066090493136756485,33,13,1954,0,46,1.2729429339548877
409,block_id,2000,0.0135,0.7714285714285715,1.0,0.8709677419354839,0.7846015096015097,0.876527597929844,0.0040547389761784085,27,8,1965,0,35,1.2729429339548877
410,block_id,2000,0.0175,0.7954545454545454,1.0,0.8860759493670886,0.8256256526555587,0.889837761725654,0.004580152671755725,35,9,1956,0,44,1.2729429339548877
411,block_id,2000,0.0085,0.5862068965517241,1.0,0.7391304347826086,0.7294329305935268,0.7633213624165489,0.006051437216338881,17,12,1971,0,29,1.2729429339548877
412,block_id,2000,0.017,0.9444444444444444,1.0,0.9714285714285714,0.954579868066938,0.9713308739969605,0.001017293997965412,34,2,1964,0,36,1.2729429339548877
413,block_id,2000,0.0135,0.8181818181818182,1.0,0.9,0.9061747784097136,0.9031576179720688,0.0030410542321338066,27,6,1967,0,33,1.2729429339548877
414,block_id,2000,0.014,0.7368421052631579,1.0,0.8484848484848485,0.8100805258814412,0.8562158509576862,0.005070993914807302,28,10,1962,0,38,1.2729429339548877
415,block_id,2000,0.0095,0.7037037037037037,1.0,0.8260869565217391,0.7698019558700673,0.8371749468746736,0.004038364462392731,19,8,1973,0,27,1.2729429339548877
416,block_id,2000,0.015,0.8108108108108109,1.0,0.8955223880597015,0.8793075871973923,0.898849129258262,0.003553299492385787,30,7,1963,0,37,1.2729429339548877
417,block_id,2000,0.016,0.7272727272727273,1.0,0.8421052631578947,0.8173112333268584,0.8501988811285768,0.006097560975609756,32,12,1956,0,44,1.2729429339548877
418,block_id,2000,0.019,0.76,1.0,0.8636363636363636,0.7912180650565406,0.869109706514193,0.0061162079510703364,38,12,1950,0,50,1.2729429339548877
419,block_id,2000,0.0125,0.7142857142857143,1.0,0.8333333333333334,0.7879980861244019,0.8430119084317169,0.005063291139240506,25,10,1965,0,35,1.2729429339548877
420,block_id,2000,0.0155,0.8611111111111112,1.0,0.9253731343283582,0.8732506537797159,0.9267817649964993,0.0025393600812595226,31,5,1964,0,36,1.2729429339548877
421,block_id,2000,0.0145,0.8055555555555556,1.0,0.8923076923076924,0.8588868985420709,0.8959322673375348,0.0035514967021816335,29,7,1964,0,36,1.2729429339548877
422,block_id,2000,0.0205,0.8541666666666666,1.0,0.9213483146067416,0.8883582676619606,0.9225586779213175,0.0035732516590096988,41,7,1952,0,48,1.2729429339548877
423,block_id,2000,0.0145,0.7837837837837838,1.0,0.8787878787878788,0.8519399617403247,0.8835171307499067,0.004058853373921867,29,8,1963,0,37,1.2729429339548877
424,block_id,2000,0.0125,0.78125,1.0,0.8771929824561403,0.8315938799762328,0.8823157103090865,0.0035443037974683543,25,7,1968,0,32,1.2729429339548877
425,block_id,2000,0.017,0.8947368421052632,1.0,0.9444444444444444,0.9216758473724418,0.9449425491884672,0.002034587995930824,34,4,1962,0,38,1.2729429339548877
426,block_id,2000,0.013,0.8666666666666667,1.0,0.9285714285714286,0.8758547008547009,0.9300056468690797,0.002026342451874367,26,4,1970,0,30,1.2729429339548877
427,block_id,2000,0.0155,0.7948717948717948,1.0,0.8857142857142857,0.8182976771594179,0.8897427997701406,0.004062976130015236,31,8,1961,0,39,1.2729429339548877
428,block_id,2000,0.0165,0.825,1.0,0.9041095890410958,0.843975468975469,0.9066774823163426,0.0035587188612099642,33,7,1960,0,40,1.2729429339548877
429,block_id,2000,0.0145,0.7837837837837838,1.0,0.8787878787878788,0.8560187044070102,0.8835171307499067,0.004058853373921867,29,8,1963,0,37,1.2729429339548877
430,block_id,2000,0.022,0.88,1.0,0.9361702127659575,0.8880426087322639,0.9366432690714925,0.003067484662576687,44,6,1950,0,50,1.2729429339548877
431,block_id,2000,0.0115,0.71875,1.0,0.8363636363636363,0.7964816933638444,0.8458593245718218,0.004552352048558422,23,9,1968,0,32,1.2729429339548877
432,block_id,2000,0.017,0.8095238095238095,1.0,0.8947368421052632,0.8607294666118195,0.897902953928349,0.004069175991861648,34,8,1958,0,42,1.2729429339548877
433,block_id,2000,0.017,0.7906976744186046,1.0,0.8831168831168831,0.8383430420468723,0.8871741657791011,0.004577822990844354,34,9,1957,0,43,1.2729429339548877
434,block_id,2000,0.016,0.8205128205128205,1.0,0.9014084507042254,0.8711057692307693,0.9042092289893151,0.003556910569105691,32,7,1961,0,39,1.2729429339548877
435,block_id,2000,0.016,0.7619047619047619,1.0,0.8648648648648649,0.7681299183272867,0.870651075126345,0.00508130081300813,32,10,1958,0,42,1.2729429339548877
436,block_id,2000,0.0195,0.8297872340425532,1.0,0.9069767441860465,0.8319745238030776,0.9090665951926787,0.00407955124936257,39,8,1953,0,47,1.2729429339548877
437,block_id,2000,0.0115,0.71875,1.0,0.8363636363636363,0.7254433638443936,0.8458593245718218,0.004552352048558422,23,9,1968,0,32,1.2729429339548877
438,block_id,2000,0.017,0.85,1.0,0.918918918918919,0.9128835240727824,0.9205465226185954,0.003051881993896236,34,6,1960,0,40,1.2729429339548877
439,block_id,2000,0.0155,0.8378378378378378,1.0,0.9117647058823529,0.8602241556664033,0.9139391399244639,0.0030472320975114273,31,6,1963,0,37,1.2729429339548877
440,block_id,2000,0.014,0.9333333333333333,1.0,0.9655172413793104,0.9324244677628136,0.9656017542458015,0.0010141987829614604,28,2,1970,0,30,1.2729429339548877
441,block_id,2000,0.0145,0.7837837837837838,1.0,0.8787878787878788,0.761734296071864,0.8835171307499067,0.004058853373921867,29,8,1963,0,37,1.2729429339548877
442,block_id,2000,0.0145,0.8285714285714286,1.0,0.90625,0.8622120795103269,0.9088724559131685,0.0030441400304414,29,6,1965,0,35,1.2729429339548877
443,block_id,2000,0.0125,0.7575757575757576,1.0,0.8620689655172413,0.742948717948718,0.868623679322207,0.004050632911392405,25,8,1967,0,33,1.2729429339548877
444,block_id,2000,0.0125,0.6944444444444444,1.0,0.819672131147541,0.7995783926218708,0.831009417878022,0.005569620253164557,25,11,1964,0,36,1.2729429339548877
445,block_id,2000,0.017,0.8717948717948718,1.0,0.9315068493150684,0.8584895496660203,0.9325114972849058,0.00254323499491353,34,5,1961,0,39,1.2729429339548877
446,block_id,2000,0.015,0.7894736842105263,1.0,0.8823529411764706,0.8612302495368857,0.8867173730711032,0.0040609137055837565,30,8,1962,0,38,1.2729429339548877
447,block_id,2000,0.015,0.8108108108108109,1.0,0.8955223880597015,0.8941169915192904,0.898849129258262,0.003553299492385787,30,7,1963,0,37,1.2729429339548877
448,block_id,2000,0.0135,0.8709677419354839,1.0,0.9310344827586207,0.8862646372766549,0.932310017381758,0.0020273694880892043,27,4,1969,0,31,1.2729429339548877
449,block_id,2000,0.017,0.8095238095238095,1.0,0.8947368421052632,0.8599520705898067,0.897902953928349,0.004069175991861648,34,8,1958,0,42,1.2729429339548877
450,block_id,2000,0.0145,0.7837837837837838,1.0,0.8787878787878788,0.8529175727451589,0.8835171307499067,0.004058853373921867,29,8,1963,0,37,1.2729429339548877
451,block_id,2000,0.017,0.7906976744186046,1.0,0.8831168831168831,0.7978497013538617,0.8871741657791011,0.004577822990844354,34,9,1957,0,43,1.2729429339548877
452,block_id,2000,0.014,0.7567567567567568,1.0,0.8615384615384616,0.822188629682909,0.867930296014089,0.004563894523326572,28,9,1963,0,37,1.2729429339548877
453,block_id,2000,0.018,0.8372093023255814,1.0,0.9113924050632911,0.8891483308537573,0.9133593809578395,0.003564154786150713,36,7,1957,0,43,1.2729429339548877
454,block_id,2000,0.0155,0.8378378378378378,1.0,0.9117647058823529,0.8446890813713943,0.9139391399244639,0.0030472320975114273,31,6,1963,0,37,1.2729429339548877
455,block_id,2000,0.0145,0.7837837837837838,1.0,0.8787878787878788,0.8403881586699661,0.8835171307499067,0.004058853373921867,29,8,1963,0,37,1.2729429339548877
456,block_id,2000,0.0185,0.8604651162790697,1.0,0.925,0.8744631735329409,0.9261938592871485,0.003056546102903719,37,6,1957,0,43,1.2729429339548877
457,block_id,2000,0.015,0.9090909090909091,1.0,0.9523809523809523,0.9477671451355663,0.9527363259009695,0.0015228426395939086,30,3,1967,0,33,1.2729429339548877
458,block_id,2000,0.0135,0.7714285714285715,1.0,0.8709677419354839,0.8389181708479954,0.876527597929844,0.0040547389761784085,27,8,1965,0,35,1.2729429339548877
459,block_id,2000,0.0105,0.65625,1.0,0.7924528301886793,0.7648894557823129,0.8078380558046679,0.0055583628094997475,21,11,1968,0,32,1.2729429339548877
460,block_id,2000,0.0115,0.6571428571428571,1.0,0.7931034482758621,0.7770069543982587,0.8081795157226171,0.006069802731411229,23,12,1965,0,35,1.2729429339548877
461,block_id,2000,0.019,0.8444444444444444,1.0,0.9156626506024096,0.8984441535688072,0.917295833258274,0.003567787971457696,38,7,1955,0,45,1.2729429339548877
462,block_id,2000,0.0165,0.8461538461538461,1.0,0.9166666666666666,0.8519584990173226,0.9184621915514279,0.003050330452465684,33,6,1961,0,39,1.2729429339548877
463,block_id,2000,0.0145,0.7837837837837838,1.0,0.8787878787878788,0.8129020247427954,0.8835171307499067,0.004058853373921867,29,8,1963,0,37,1.2729429339548877
464,block_id,2000,0.0155,0.8378378378378378,1.0,0.9117647058823529,0.8290212293204056,0.9139391399244639,0.0030472320975114273,31,6,1963,0,37,1.2729429339548877
465,block_id,2000,0.01,0.8695652173913043,1.0,0.9302325581395349,0.8980978260869565,0.9317980974087954,0.0015151515151515152,20,3,1977,0,23,1.2729429339548877
466,block_id,2000,0.0175,0.813953488372093,1.0,0.8974358974358975,0.9002157285353084,0.9003553092093525,0.004071246819338422,35,8,1957,0,43,1.2729429339548877
467,block_id,2000,0.0105,0.875,1.0,0.9333333333333333,0.8751082251082252,0.9347050724754677,0.0015159171298635675,21,3,1976,0,24,1.2729429339548877
468,block_id,2000,0.013,0.6666666666666666,1.0,0.8,0.7932079152731326,0.8138035745933652,0.006585612968591692,26,13,1961,0,39,1.2729429339548877
469,block_id,2000,0.0165,0.8461538461538461,1.0,0.9166666666666666,0.8539298177456073,0.9184621915514279,0.003050330452465684,33,6,1961,0,39,1.2729429339548877
470,block_id,2000,0.011,0.8148148148148148,1.0,0.8979591836734694,0.8786313767931415,0.9015293235094667,0.0025278058645096056,22,5,1973,0,27,1.2729429339548877
471,block_id,2000,0.016,0.8205128205128205,1.0,0.9014084507042254,0.9032808224384312,0.9042092289893151,0.003556910569105691,32,7,1961,0,39,1.2729429339548877
472,block_id,2000,0.02,0.851063829787234,1.0,0.9195402298850575,0.879360468991628,0.9208823573667934,0.0035714285714285713,40,7,1953,0,47,1.2729429339548877
473,block_id,2000,0.014,0.8235294117647058,1.0,0.9032258064516129,0.8867129387640224,0.906103605656258,0.0030425963488843813,28,6,1966,0,34,1.2729429339548877
474,block_id,2000,0.013,0.7647058823529411,1.0,0.8666666666666667,0.8346118965314011,0.8727008481534332,0.004052684903748734,26,8,1966,0,34,1.2729429339548877
475,block_id,2000,0.0115,0.71875,1.0,0.8363636363636363,0.7535443953602521,0.8458593245718218,0.004552352048558422,23,9,1968,0,32,1.2729429339548877
476,block_id,2000,0.0165,0.8048780487804879,1.0,0.8918918918918919,0.8812794402225297,0.8953236975624325,0.004067107269954245,33,8,1959,0,41,1.2729429339548877
477,block_id,2000,0.012,0.7272727272727273,1.0,0.8421052631578947,0.8564310689310689,0.8508585371705686,0.004554655870445344,24,9,1967,0,33,1.2729429339548877
478,block_id,2000,0.017,0.7906976744186046,1.0,0.8831168831168831,0.848404012767898,0.8871741657791011,0.004577822990844354,34,9,1957,0,43,1.2729429339548877
479,block_id,2000,0.017,0.7906976744186046,1.0,0.8831168831168831,0.822120453744792,0.8871741657791011,0.004577822990844354,34,9,1957,0,43,1.2729429339548877
480,block_id,2000,0.016,0.8648648648648649,1.0,0.927536231884058,0.8975470035252644,0.9287989801859037,0.002540650406504065,32,5,1963,0,37,1.2729429339548877
481,block_id,2000,0.0125,0.8620689655172413,1.0,0.9259259259259259,0.8894373289545703,0.9275359847765661,0.0020253164556962027,25,4,1971,0,29,1.2729429339548877
482,block_id,2000,0.014,0.8235294117647058,1.0,0.9032258064516129,0.8426294430815804,0.906103605656258,0.0030425963488843813,28,6,1966,0,34,1.2729429339548877
483,block_id,2000,0.0155,0.8378378378378378,1.0,0.9117647058823529,0.8670042586850735,0.9139391399244639,0.0030472320975114273,31,6,1963,0,37,1.2729429339548877
484,block_id,2000,0.015,0.8333333333333334,1.0,0.9090909090909091,0.8076678876678877,0.911479710288355,0.003045685279187817,30,6,1964,0,36,1.2729429339548877
485,block_id,2000,0.0195,0.8297872340425532,1.0,0.9069767441860465,0.8386728043557145,0.9090665951926787,0.00407955124936257,39,8,1953,0,47,1.2729429339548877
486,block_id,2000,0.0125,0.78125,1.0,0.8771929824561403,0.8365476190476191,0.8823157103090865,0.0035443037974683543,25,7,1968,0,32,1.2729429339548877
487,block_id,2000,0.02,0.851063829787234,1.0,0.9195402298850575,0.8863977157594178,0.9208823573667934,0.0035714285714285713,40,7,1953,0,47,1.2729429339548877
488,block_id,2000,0.0175,0.813953488372093,1.0,0.8974358974358975,0.805578995939461,0.9003553092093525,0.004071246819338422,35,8,1957,0,43,1.2729429339548877
489,block_id,2000,0.017,0.8095238095238095,1.0,0.8947368421052632,0.8301424192505785,0.897902953928349,0.004069175991861648,34,8,1958,0,42,1.2729429339548877
490,block_id,2000,0.0145,0.8055555555555556,1.0,0.8923076923076924,0.8481009495252373,0.8959322673375348,0.0035514967021816335,29,7,1964,0,36,1.2729429339548877
491,block_id,2000,0.0215,0.8269230769230769,1.0,0.9052631578947369,0.9012728397673317,0.9072596984166411,0.004598875830352581,43,9,1948,0,52,1.2729429339548877
492,block_id,2000,0.014,0.7567567567567568,1.0,0.8615384615384616,0.8219906594906595,0.867930296014089,0.004563894523326572,28,9,1963,0,37,1.2729429339548877
493,block_id,2000,0.017,0.8947368421052632,1.0,0.9444444444444444,0.9054792139202993,0.9449425491884672,0.002034587995930824,34,4,1962,0,38,1.2729429339548877
494,block_id,2000,0.0115,0.8846153846153846,1.0,0.9387755102040817,0.8415074056378404,0.9398260607133311,0.0015174506828528073,23,3,1974,0,26,1.2729429339548877
495,block_id,2000,0.0155,0.8378378378378378,1.0,0.9117647058823529,0.8899559716486736,0.9139391399244639,0.0030472320975114273,31,6,1963,0,37,1.2729429339548877
496,block_id,2000,0.0155,0.8157894736842105,1.0,0.8985507246376812,0.8412093264263703,0.9016037140397941,0.0035551041137633316,31,7,1962,0,38,1.2729429339548877
497,block_id,2000,0.013,0.896551724137931,1.0,0.9454545454545454,0.9115894715364212,0.9461443777372139,0.001519756838905775,26,3,1971,0,29,1.2729429339548877
498,block_id,2000,0.014,0.7777777777777778,1.0,0.875,0.8938006438006438,0.8801264072138905,0.004056795131845842,28,8,1964,0,36,1.2729429339548877
499,block_id,2000,0.0125,0.8928571428571429,1.0,0.9433962264150944,0.8726207126207127,0.9441932557263539,0.0015189873417721519,25,3,1972,0,28,1.2729429339548877
500,block_id,2000,0.0105,0.75,1.0,0.8571428571428571,0.8072318477352802,0.864492420454187,0.0035371399696816574,21,7,1972,0,28,1.2729429339548877
501,block_id,2000,0.0115,0.7419354838709677,1.0,0.8518518518518519,0.8518759356066509,0.8596122473844126,0.004046535154274153,23,8,1969,0,31,1.2729429339548877
502,block_id,2000,0.017,0.8292682926829268,1.0,0.9066666666666666,0.8240652008265088,0.9090190640926923,0.003560528992878942,34,7,1959,0,41,1.2729429339548877
503,block_id,2000,0.015,0.8333333333333334,1.0,0.9090909090909091,0.8763315560142185,0.911479710288355,0.003045685279187817,30,6,1964,0,36,1.2729429339548877
504,block_id,2000,0.018,0.9230769230769231,1.0,0.96,0.9411069305091045,0.9600348575843002,0.0015274949083503055,36,3,1961,0,39,1.2729429339548877
505,block_id,2000,0.014,0.875,1.0,0.9333333333333333,0.9158029878618112,0.9344651690297597,0.002028397565922921,28,4,1968,0,32,1.2729429339548877
506,block_id,2000,0.0195,0.8478260869565217,1.0,0.9176470588235294,0.8861153838665083,0.9191298497659467,0.0035696073431922487,39,7,1954,0,46,1.2729429339548877
507,block_id,2000,0.0135,0.7297297297297297,1.0,0.84375,0.786378980047935,0.8520746154288459,0.00506842372022301,27,10,1963,0,37,1.2729429339548877
508,block_id,2000,0.0195,0.8666666666666667,1.0,0.9285714285714286,0.8830999066293184,0.9295240493685901,0.0030596634370219276,39,6,1955,0,45,1.2729429339548877
509,block_id,2000,0.0155,0.9117647058823529,1.0,0.9538461538461539,0.9415236383178058,0.9541360105057254,0.0015236160487557136,31,3,1966,0,34,1.2729429339548877
510,block_id,2000,0.013,0.8387096774193549,1.0,0.9122807017543859,0.9115919301146941,0.9146503627830495,0.0025329280648429585,26,5,1969,0,31,1.2729429339548877
511,block_id,2000,0.016,0.7441860465116279,1.0,0.8533333333333334,0.8663207005772005,0.8602479119603501,0.005589430894308943,32,11,1957,0,43,1.2729429339548877
512,block_id,2000,0.012,0.8888888888888888,1.0,0.9411764705882353,0.9019088854615169,0.9420930746075844,0.0015182186234817814,24,3,1973,0,27,1.2729429339548877
513,block_id,2000,0.0175,0.8333333333333334,1.0,0.9090909090909091,0.8763219708826905,0.9112434997633174,0.0035623409669211198,35,7,1958,0,42,1.2729429339548877
514,block_id,2000,0.016,0.7804878048780488,1.0,0.8767123287671232,0.8706330508921972,0.8814298048581781,0.004573170731707317,32,9,1959,0,41,1.2729429339548877
515,block_id,2000,0.0105,0.5675675675675675,1.0,0.7241379310344828,0.6167542047976831,0.7503191623867388,0.00808489135927236,21,16,1963,0,37,1.2729429339548877
516,block_id,2000,0.016,0.8,1.0,0.8888888888888888,0.8211271367521367,0.8926073982886736,0.0040650406504065045,32,8,1960,0,40,1.2729429339548877
517,block_id,2000,0.0105,0.6363636363636364,1.0,0.7777777777777778,0.7091908091908093,0.7953017906523867,0.00606366851945427,21,12,1967,0,33,1.2729429339548877
518,block_id,2000,0.0145,0.8055555555555556,1.0,0.8923076923076924,0.8564830802989309,0.8959322673375348,0.0035514967021816335,29,7,1964,0,36,1.2729429339548877
519,block_id,2000,0.015,0.8571428571428571,1.0,0.9230769230769231,0.8394256206756208,0.9246444547271794,0.0025380710659898475,30,5,1965,0,35,1.2729429339548877
520,block_id,2000,0.0145,0.7435897435897436,1.0,0.8529411764705882,0.7799315264288041,0.8601262066785693,0.0050735667174023336,29,10,1961,0,39,1.2729429339548877
521,block_id,2000,0.0165,0.8048780487804879,1.0,0.8918918918918919,0.8602985189237962,0.8953236975624325,0.004067107269954245,33,8,1959,0,41,1.2729429339548877
522,block_id,2000,0.0155,0.775,1.0,0.8732394366197183,0.9059358068104345,0.8783265865762251,0.0045708481462671405,31,9,1960,0,40,1.2729429339548877
523,block_id,2000,0.014,0.6666666666666666,1.0,0.8,0.6566825609751515,0.8135931040838821,0.007099391480730223,28,14,1958,0,42,1.2729429339548877
524,block_id,2000,0.0125,0.8333333333333334,1.0,0.9090909090909091,0.8733867276887872,0.9117146640764221,0.002531645569620253,25,5,1970,0,30,1.2729429339548877
525,block_id,2000,0.0145,0.7631578947368421,1.0,0.8656716417910447,0.8784683861398136,0.8715923103673348,0.0045662100456621,29,9,1962,0,38,1.2729429339548877
526,block_id,2000,0.0115,0.6571428571428571,1.0,0.7931034482758621,0.799719887955182,0.8081795157226171,0.006069802731411229,23,12,1965,0,35,1.2729429339548877
527,block_id,2000,0.012,0.9230769230769231,1.0,0.96,0.9273498152174623,0.960282580646573,0.0010121457489878543,24,2,1974,0,26,1.2729429339548877
528,block_id,2000,0.016,0.8,1.0,0.8888888888888888,0.8440972222222223,0.8926073982886736,0.0040650406504065045,32,8,1960,0,40,1.2729429339548877
529,block_id,2000,0.0145,0.8787878787878788,1.0,0.9354838709677419,0.8918793849828333,0.9364851537608532,0.0020294266869609334,29,4,1967,0,33,1.2729429339548877
530,block_id,2000,0.018,0.7659574468085106,1.0,0.8674698795180723,0.8281234092892437,0.872735619250448,0.00560081466395112,36,11,1953,0,47,1.2729429339548877
531,block_id,2000,0.0145,0.7837837837837838,1.0,0.8787878787878788,0.8077897933370198,0.8835171307499067,0.004058853373921867,29,8,1963,0,37,1.2729429339548877
532,block_id,2000,0.016,0.8421052631578947,1.0,0.9142857142857143,0.8483689692982456,0.9162629912109846,0.003048780487804878,32,6,1962,0,38,1.2729429339548877
533,block_id,2000,0.0165,0.8048780487804879,1.0,0.8918918918918919,0.8791553576500737,0.8953236975624325,0.004067107269954245,33,8,1959,0,41,1.2729429339548877
534,block_id,2000,0.0165,0.8461538461538461,1.0,0.9166666666666666,0.8856085943042464,0.9184621915514279,0.003050330452465684,33,6,1961,0,39,1.2729429339548877
535,block_id,2000,0.0115,0.7666666666666667,1.0,0.8679245283018868,0.8550567107750472,0.8740435435381205,0.0035407182599898838,23,7,1970,0,30,1.2729429339548877
536,block_id,2000,0.0165,0.717391304347826,1.0,0.8354430379746836,0.7212516912648664,0.8441860161363662,0.0066090493136756485,33,13,1954,0,46,1.2729429339548877
537,block_id,2000,0.014,0.7567567567567568,1.0,0.8615384615384616,0.7684230809440894,0.867930296014089,0.004563894523326572,28,9,1963,0,37,1.2729429339548877
538,block_id,2000,0.0185,0.8222222222222222,1.0,0.9024390243902439,0.8541342299237037,0.9049151021229285,0.004075394803871625,37,8,1955,0,45,1.2729429339548877
539,block_id,2000,0.0135,0.8181818181818182,1.0,0.9,0.8310325476992144,0.9031576179720688,0.0030410542321338066,27,6,1967,0,33,1.2729429339548877
540,block_id,2000,0.0105,0.84,1.0,0.9130434782608695,0.8748717948717949,0.9155884298168872,0.00202122283981809,21,4,1975,0,25,1.2729429339548877
541,block_id,2000,0.014,1.0,1.0,1.0,1.0,1.0,0.0,28,0,1972,0,28,1.2729429339548877
542,block_id,2000,0.0165,0.8918918918918919,1.0,0.9428571428571428,0.9398601327393897,0.9434395486161943,0.0020335536349771225,33,4,1963,0,37,1.2729429339548877
543,block_id,2000,0.0175,0.875,1.0,0.9333333333333333,0.9245310245310245,0.9342234940824783,0.002544529262086514,35,5,1960,0,40,1.2729429339548877
544,block_id,2000,0.012,0.8275862068965517,1.0,0.9056603773584906,0.9011927567962051,0.9085659647177378,0.0025303643724696357,24,5,1971,0,29,1.2729429339548877
545,block_id,2000,0.014,0.8484848484848485,1.0,0.9180327868852459,0.8868812347073216,0.9199638676236758,0.002535496957403651,28,5,1967,0,33,1.2729429339548877
546,block_id,2000,0.0125,0.6944444444444444,1.0,0.819672131147541,0.7037652742256324,0.831009417878022,0.005569620253164557,25,11,1964,0,36,1.2729429339548877
547,block_id,2000,0.016,0.7619047619047619,1.0,0.8648648648648649,0.8596069238732282,0.870651075126345,0.00508130081300813,32,10,1958,0,42,1.2729429339548877
548,block_id,2000,0.0115,0.71875,1.0,0.8363636363636363,0.7900071603774996,0.8458593245718218,0.004552352048558422,23,9,1968,0,32,1.2729429339548877
549,block_id,2000,0.012,0.8571428571428571,1.0,0.9230769230769231,0.8797619047619047,0.9248825601905315,0.0020242914979757085,24,4,1972,0,28,1.2729429339548877
550,block_id,2000,0.0175,0.8974358974358975,1.0,0.9459459459459459,0.911315997384109,0.9463662377295586,0.002035623409669211,35,4,1961,0,39,1.2729429339548877
551,block_id,2000,0.012,0.7741935483870968,1.0,0.8727272727272727,0.8385012362716349,0.878322810762631,0.00354251012145749,24,7,1969,0,31,1.2729429339548877
552,block_id,2000,0.013,0.7647058823529411,1.0,0.8666666666666667,0.7838046757164403,0.8727008481534332,0.004052684903748734,26,8,1966,0,34,1.2729429339548877
553,block_id,2000,0.014,0.9032258064516129,1.0,0.9491525423728814,0.9376898467366572,0.9496587443293243,0.0015212981744421906,28,3,1969,0,31,1.2729429339548877
554,block_id,2000,0.0115,0.6764705882352942,1.0,0.8070175438596491,0.7352467557071137,0.8201870003012239,0.00556398583712696,23,11,1966,0,34,1.2729429339548877
555,block_id,2000,0.0105,0.84,1.0,0.9130434782608695,0.8655555555555554,0.9155884298168872,0.00202122283981809,21,4,1975,0,25,1.2729429339548877
556,block_id,2000,0.016,0.7804878048780488,1.0,0.8767123287671232,0.8496547851172762,0.8814298048581781,0.004573170731707317,32,9,1959,0,41,1.2729429339548877
557,block_id,2000,0.015,0.7692307692307693,1.0,0.8695652173913043,0.8013693767316955,0.87505229385766,0.004568527918781726,30,9,1961,0,39,1.2729429339548877
558,block_id,2000,0.014,0.875,1.0,0.9333333333333333,0.9440260826130391,0.9344651690297597,0.002028397565922921,28,4,1968,0,32,1.2729429339548877
559,block_id,2000,0.015,0.8108108108108109,1.0,0.8955223880597015,0.849110817110817,0.898849129258262,0.003553299492385787,30,7,1963,0,37,1.2729429339548877
560,block_id,2000,0.0115,0.8518518518518519,1.0,0.92,0.8712960147742757,0.9220240385258271,0.0020232675771370764,23,4,1973,0,27,1.2729429339548877
561,block_id,2000,0.0115,0.6388888888888888,1.0,0.7796610169491526,0.6821368969195055,0.7966729558435334,0.0065756196256954984,23,13,1964,0,36,1.2729429339548877
562,block_id,2000,0.012,0.6857142857142857,1.0,0.8135593220338984,0.7611287834972045,0.8257705797121274,0.005566801619433198,24,11,1965,0,35,1.2729429339548877
563,block_id,2000,0.0155,0.8857142857142857,1.0,0.9393939393939394,0.8949923890151594,0.9401675210907099,0.002031488065007618,31,4,1965,0,35,1.2729429339548877
564,block_id,2000,0.021,0.8571428571428571,1.0,0.9230769230769231,0.8582360513913534,0.9241636790979718,0.003575076608784474,42,7,1951,0,49,1.2729429339548877
565,block_id,2000,0.017,0.8095238095238095,1.0,0.8947368421052632,0.8308327127397662,0.897902953928349,0.004069175991861648,34,8,1958,0,42,1.2729429339548877
566,block_id,2000,0.0115,0.7666666666666667,1.0,0.8679245283018868,0.831400966183575,0.8740435435381205,0.0035407182599898838,23,7,1970,0,30,1.2729429339548877
567,block_id,2000,0.0115,0.71875,1.0,0.8363636363636363,0.7854411917669086,0.8458593245718218,0.004552352048558422,23,9,1968,0,32,1.2729429339548877
568,block_id,2000,0.0165,0.8048780487804879,1.0,0.8918918918918919,0.8865600934601721,0.8953236975624325,0.004067107269954245,33,8,1959,0,41,1.2729429339548877
569,block_id,2000,0.016,0.9411764705882353,1.0,0.9696969696969697,0.9547481785906582,0.9696494162506357,0.0010162601626016261,32,2,1966,0,34,1.2729429339548877
570,block_id,2000,0.0155,0.8378378378378378,1.0,0.9117647058823529,0.8905976589338218,0.9139391399244639,0.0030472320975114273,31,6,1963,0,37,1.2729429339548877
571,block_id,2000,0.012,0.8,1.0,0.8888888888888888,0.8564075071815009,0.8930682225913255,0.003036437246963563,24,6,1970,0,30,1.2729429339548877
572,block_id,2000,0.016,0.7441860465116279,1.0,0.8533333333333334,0.7798138150609081,0.8602479119603501,0.005589430894308943,32,11,1957,0,43,1.2729429339548877
573,block_id,2000,0.0145,0.8285714285714286,1.0,0.90625,0.836684579788028,0.9088724559131685,0.0030441400304414,29,6,1965,0,35,1.2729429339548877
574,block_id,2000,0.012,0.7741935483870968,1.0,0.8727272727272727,0.8763460153315842,0.878322810762631,0.00354251012145749,24,7,1969,0,31,1.2729429339548877
575,block_id,2000,0.016,0.7441860465116279,1.0,0.8533333333333334,0.7563689159343729,0.8602479119603501,0.005589430894308943,32,11,1957,0,43,1.2729429339548877
576,block_id,2000,0.019,0.8260869565217391,1.0,0.9047619047619048,0.8860763331784399,0.907038373010703,0.004077471967380225,38,8,1954,0,46,1.2729429339548877
577,block_id,2000,0.0135,0.7941176470588235,1.0,0.8852459016393442,0.8719547518982165,0.889550560539154,0.0035478966041561076,27,7,1966,0,34,1.2729429339548877
578,block_id,2000,0.011,0.88,1.0,0.9361702127659575,0.923937728937729,0.9373714943945858,0.0015166835187057635,22,3,1975,0,25,1.2729429339548877
579,block_id,2000,0.0175,0.7954545454545454,1.0,0.8860759493670886,0.8551326979898409,0.889837761725654,0.004580152671755725,35,9,1956,0,44,1.2729429339548877
580,block_id,2000,0.011,0.7857142857142857,1.0,0.88,0.7964580873671783,0.8850598431175017,0.003033367037411527,22,6,1972,0,28,1.2729429339548877
581,block_id,2000,0.013,0.8666666666666667,1.0,0.9285714285714286,0.8715953637006268,0.9300056468690797,0.002026342451874367,26,4,1970,0,30,1.2729429339548877
582,block_id,2000,0.0175,0.875,1.0,0.9333333333333333,0.902791589363018,0.9342234940824783,0.002544529262086514,35,5,1960,0,40,1.2729429339548877
583,block_id,2000,0.0155,0.8857142857142857,1.0,0.9393939393939394,0.9290470726094849,0.9401675210907099,0.002031488065007618,31,4,1965,0,35,1.2729429339548877
584,block_id,2000,0.0165,0.8048780487804879,1.0,0.8918918918918919,0.8854021011770814,0.8953236975624325,0.004067107269954245,33,8,1959,0,41,1.2729429339548877
585,block_id,2000,0.0105,0.75,1.0,0.8571428571428571,0.800125313283208,0.864492420454187,0.0035371399696816574,21,7,1972,0,28,1.2729429339548877
586,block_id,2000,0.0185,0.7872340425531915,1.0,0.8809523809523809,0.815444677647431,0.8849992546014523,0.005094243504839531,37,10,1953,0,47,1.2729429339548877
587,block_id,2000,0.018,0.8,1.0,0.8888888888888888,0.8275104256988315,0.8923754883567562,0.004582484725050916,36,9,1955,0,45,1.2729429339548877
588,block_id,2000,0.014,0.8484848484848485,1.0,0.9180327868852459,0.9021297813383726,0.9199638676236758,0.002535496957403651,28,5,1967,0,33,1.2729429339548877
589,block_id,2000,0.0145,0.8055555555555556,1.0,0.8923076923076924,0.8803661372776815,0.8959322673375348,0.0035514967021816335,29,7,1964,0,36,1.2729429339548877
590,block_id,2000,0.0185,0.8222222222222222,1.0,0.9024390243902439,0.874056545024287,0.9049151021229285,0.004075394803871625,37,8,1955,0,45,1.2729429339548877
591,block_id,2000,0.0105,0.7777777777777778,1.0,0.875,0.8763416477702192,0.8805791755797184,0.003031834259727135,21,6,1973,0,27,1.2729429339548877
592,block_id,2000,0.0105,0.875,1.0,0.9333333333333333,0.8879541327020318,0.9347050724754677,0.0015159171298635675,21,3,1976,0,24,1.2729429339548877
593,block_id,2000,0.013,0.7222222222222222,1.0,0.8387096774193549,0.809600122100122,0.847681277574763,0.005065856129685917,26,10,1964,0,36,1.2729429339548877
594,block_id,2000,0.0165,0.868421052631579,1.0,0.9295774647887324,0.9016501787399621,0.930705956060367,0.002541942043721403,33,5,1962,0,38,1.2729429339548877
595,block_id,2000,0.014,0.9032258064516129,1.0,0.9491525423728814,0.941558236197705,0.9496587443293243,0.0015212981744421906,28,3,1969,0,31,1.2729429339548877
596,block_id,2000,0.014,0.8235294117647058,1.0,0.9032258064516129,0.8350840336134454,0.906103605656258,0.0030425963488843813,28,6,1966,0,34,1.2729429339548877
597,block_id,2000,0.0125,0.7352941176470589,1.0,0.847457627118644,0.8356692242114238,0.8555369134499706,0.004556962025316456,25,9,1966,0,34,1.2729429339548877
598,block_id,2000,0.0175,0.813953488372093,1.0,0.8974358974358975,0.8513393583161025,0.9003553092093525,0.004071246819338422,35,8,1957,0,43,1.2729429339548877
599,block_id,2000,0.013,0.7878787878787878,1.0,0.8813559322033898,0.8556830850309112,0.8860501630652016,0.0035460992907801418,26,7,1967,0,33,1.2729429339548877
600,block_id,2000,0.015,0.8333333333333334,1.0,0.9090909090909091,0.8639503347741334,0.911479710288355,0.003045685279187817,30,6,1964,0,36,1.2729429339548877
601,block_id,2000,0.0105,0.7777777777777778,1.0,0.875,0.8666310968831978,0.8805791755797184,0.003031834259727135,21,6,1973,0,27,1.2729429339548877
602,block_id,2000,0.0115,0.7419354838709677,1.0,0.8518518518518519,0.7733473362099625,0.8596122473844126,0.004046535154274153,23,8,1969,0,31,1.2729429339548877
603,block_id,2000,0.0145,0.6904761904761905,1.0,0.8169014084507042,0.7486760220191598,0.8282041175647971,0.006595636732623034,29,13,1958,0,42,1.2729429339548877
604,block_id,2000,0.015,0.7317073170731707,1.0,0.8450704225352113,0.7893318674235336,0.8530074101077028,0.005583756345177665,30,11,1959,0,41,1.2729429339548877
605,block_id,2000,0.018,0.9,1.0,0.9473684210526315,0.916998378298688,0.9477167330537007,0.002036659877800407,36,4,1960,0,40,1.2729429339548877
606,block_id,2000,0.012,0.75,1.0,0.8571428571428571,0.8607327153522807,0.864270537941122,0.004048582995951417,24,8,1968,0,32,1.2729429339548877
607,block_id,2000,0.015,0.75,1.0,0.8571428571428571,0.8603504273504273,0.8638245732792134,0.005076142131979695,30,10,1960,0,40,1.2729429339548877
608,block_id,2000,0.015,0.8333333333333334,1.0,0.9090909090909091,0.9088168926289544,0.911479710288355,0.003045685279187817,30,6,1964,0,36,1.2729429339548877
609,block_id,2000,0.0125,0.7352941176470589,1.0,0.847457627118644,0.8056626476677627,0.8555369134499706,0.004556962025316456,25,9,1966,0,34,1.2729429339548877
610,block_id,2000,0.015,0.8108108108108109,1.0,0.8955223880597015,0.8483250871008309,0.898849129258262,0.003553299492385787,30,7,1963,0,37,1.2729429339548877
611,block_id,2000,0.0095,0.7916666666666666,1.0,0.8837209302325582,0.7922837396521607,0.8886329487385172,0.002523977788995457,19,5,1976,0,24,1.2729429339548877
612,block_id,2000,0.01,0.8333333333333334,1.0,0.9090909090909091,0.8791964285714287,0.9119483711536699,0.00202020202020202,20,4,1976,0,24,1.2729429339548877
613,block_id,2000,0.0085,0.8095238095238095,1.0,0.8947368421052632,0.858749257278669,0.8988275040412304,0.002017145738779627,17,4,1979,0,21,1.2729429339548877
614,block_id,2000,0.012,0.7741935483870968,1.0,0.8727272727272727,0.8402497841409593,0.878322810762631,0.00354251012145749,24,7,1969,0,31,1.2729429339548877
615,block_id,2000,0.0125,0.8064516129032258,1.0,0.8928571428571429,0.8299476330121491,0.8966613816373059,0.0030379746835443038,25,6,1969,0,31,1.2729429339548877
616,block_id,2000,0.0145,0.7837837837837838,1.0,0.8787878787878788,0.8047367414881025,0.8835171307499067,0.004058853373921867,29,8,1963,0,37,1.2729429339548877
617,block_id,2000,0.0145,0.6904761904761905,1.0,0.8169014084507042,0.7928556500970294,0.8282041175647971,0.006595636732623034,29,13,1958,0,42,1.2729429339548877
618,block_id,2000,0.0165,0.7674418604651163,1.0,0.868421052631579,0.7957210747908421,0.8738079165369584,0.005083884087442806,33,10,1957,0,43,1.2729429339548877
619,block_id,2000,0.0105,0.75,1.0,0.8571428571428571,0.7838042909471481,0.864492420454187,0.0035371399696816574,21,7,1972,0,28,1.2729429339548877
620,block_id,2000,0.017,0.7555555555555555,1.0,0.8607594936708861,0.8007790731575897,0.8667918630390326,0.005595116988809766,34,11,1955,0,45,1.2729429339548877
621,block_id,2000,0.009,0.8181818181818182,1.0,0.9,0.8275252525252526,0.9036208239762572,0.0020181634712411706,18,4,1978,0,22,1.2729429339548877
622,block_id,2000,0.0115,0.8846153846153846,1.0,0.9387755102040817,0.8829583460018242,0.9398260607133311,0.0015174506828528073,23,3,1974,0,26,1.2729429339548877
623,block_id,2000,0.01,0.6896551724137931,1.0,0.8163265306122449,0.8872385485578889,0.8285652516100036,0.004545454545454545,20,9,1971,0,29,1.2729429339548877
624,block_id,2000,0.0135,0.7714285714285715,1.0,0.8709677419354839,0.8353853339360586,0.876527597929844,0.0040547389761784085,27,8,1965,0,35,1.2729429339548877
625,block_id,2000,0.018,0.9,1.0,0.9473684210526315,0.9027530204000792,0.9477167330537007,0.002036659877800407,36,4,1960,0,40,1.2729429339548877
626,block_id,2000,0.0145,0.90625,1.0,0.9508196721311475,0.9370009498052092,0.9512468786012946,0.0015220700152207,29,3,1968,0,32,1.2729429339548877
627,block_id,2000,0.0115,0.7419354838709677,1.0,0.8518518518518519,0.8017072069594551,0.8596122473844126,0.004046535154274153,23,8,1969,0,31,1.2729429339548877
628,block_id,2000,0.016,0.8648648648648649,1.0,0.927536231884058,0.914710895960896,0.9287989801859037,0.002540650406504065,32,5,1963,0,37,1.2729429339548877
629,block_id,2000,0.016,0.8648648648648649,1.0,0.927536231884058,0.9162638761768758,0.9287989801859037,0.002540650406504065,32,5,1963,0,37,1.2729429339548877
630,block_id,2000,0.019,0.8260869565217391,1.0,0.9047619047619048,0.8412161705128225,0.907038373010703,0.004077471967380225,38,8,1954,0,46,1.2729429339548877
631,block_id,2000,0.012,0.96,1.0,0.9795918367346939,0.9866666666666667,0.9795479416753862,0.0005060728744939271,24,1,1975,0,25,1.2729429339548877
632,block_id,2000,0.013,0.8387096774193549,1.0,0.9122807017543859,0.854357201937847,0.9146503627830495,0.0025329280648429585,26,5,1969,0,31,1.2729429339548877
633,block_id,2000,0.0195,0.8125,1.0,0.896551724137931,0.8846259876066961,0.8993169825963088,0.004589495155532891,39,9,1952,0,48,1.2729429339548877
634,block_id,2000,0.013,0.8387096774193549,1.0,0.9122807017543859,0.9045939302106285,0.9146503627830495,0.0025329280648429585,26,5,1969,0,31,1.2729429339548877
635,block_id,2000,0.0105,0.8076923076923077,1.0,0.8936170212765957,0.9357794399811208,0.8975809991401842,0.0025265285497726125,21,5,1974,0,26,1.2729429339548877
636,block_id,2000,0.012,0.7741935483870968,1.0,0.8727272727272727,0.8186613716205139,0.878322810762631,0.00354251012145749,24,7,1969,0,31,1.2729429339548877
637,block_id,2000,0.0155,0.8378378378378378,1.0,0.9117647058823529,0.9053545382214664,0.9139391399244639,0.0030472320975114273,31,6,1963,0,37,1.2729429339548877
638,block_id,2000,0.0115,0.71875,1.0,0.8363636363636363,0.7729225865667513,0.8458593245718218,0.004552352048558422,23,9,1968,0,32,1.2729429339548877
639,block_id,2000,0.014,0.7777777777777778,1.0,0.875,0.874319763433064,0.8801264072138905,0.004056795131845842,28,8,1964,0,36,1.2729429339548877
640,block_id,2000,0.0105,0.875,1.0,0.9333333333333333,0.9239665096807954,0.9347050724754677,0.0015159171298635675,21,3,1976,0,24,1.2729429339548877
641,block_id,2000,0.016,0.8888888888888888,1.0,0.9411764705882353,0.9308869949494949,0.9418504149573725,0.0020325203252032522,32,4,1964,0,36,1.2729429339548877
642,block_id,2000,0.0185,0.8222222222222222,1.0,0.9024390243902439,0.88998228998229,0.9049151021229285,0.004075394803871625,37,8,1955,0,45,1.2729429339548877
643,block_id,2000,0.0115,0.696969696969697,1.0,0.8214285714285714,0.7657760012679922,0.8327330343479731,0.005058168942842691,23,10,1967,0,33,1.2729429339548877
644,block_id,2000,0.011,0.7857142857142857,1.0,0.88,0.8718805704099822,0.8850598431175017,0.003033367037411527,22,6,1972,0,28,1.2729429339548877
645,block_id,2000,0.013,0.7428571428571429,1.0,0.8524590163934426,0.7884436215957955,0.8599245642424581,0.004559270516717325,26,9,1965,0,35,1.2729429339548877
646,block_id,2000,0.018,0.8571428571428571,1.0,0.9230769230769231,0.8821869488536156,0.9244048325505596,0.003054989816700611,36,6,1958,0,42,1.2729429339548877
647,block_id,2000,0.0195,0.8863636363636364,1.0,0.9397590361445783,0.9185773740429611,0.9402678648600957,0.0025497195308516064,39,5,1956,0,44,1.2729429339548877
648,block_id,2000,0.0175,0.813953488372093,1.0,0.8974358974358975,0.8675377485291806,0.9003553092093525,0.004071246819338422,35,8,1957,0,43,1.2729429339548877
649,block_id,2000,0.0145,0.7837837837837838,1.0,0.8787878787878788,0.8326362968042127,0.8835171307499067,0.004058853373921867,29,8,1963,0,37,1.2729429339548877
650,block_id,2000,0.0145,0.8055555555555556,1.0,0.8923076923076924,0.8412748171368861,0.8959322673375348,0.0035514967021816335,29,7,1964,0,36,1.2729429339548877
651,block_id,2000,0.009,0.6428571428571429,1.0,0.782608695652174,0.7500995134896065,0.7997585047061339,0.005045408678102927,18,10,1972,0,28,1.2729429339548877
652,block_id,2000,0.0115,0.8518518518518519,1.0,0.92,0.8835033726338074,0.9220240385258271,0.0020232675771370764,23,4,1973,0,27,1.2729429339548877
653,block_id,2000,0.015,0.7894736842105263,1.0,0.8823529411764706,0.8487620566567936,0.8867173730711032,0.0040609137055837565,30,8,1962,0,38,1.2729429339548877
654,block_id,2000,0.0125,0.8333333333333334,1.0,0.9090909090909091,0.8776209150326796,0.9117146640764221,0.002531645569620253,25,5,1970,0,30,1.2729429339548877
655,block_id,2000,0.01,0.6896551724137931,1.0,0.8163265306122449,0.713087993818217,0.8285652516100036,0.004545454545454545,20,9,1971,0,29,1.2729429339548877
656,block_id,2000,0.012,0.6666666666666666,1.0,0.8,0.6905637254901961,0.8140135647952773,0.006072874493927126,24,12,1964,0,36,1.2729429339548877
657,block_id,2000,0.014,0.7,1.0,0.8235294117647058,0.7286421598451674,0.8341105233190395,0.006085192697768763,28,12,1960,0,40,1.2729429339548877
658,block_id,2000,0.012,0.75,1.0,0.8571428571428571,0.787554207488418,0.864270537941122,0.004048582995951417,24,8,1968,0,32,1.2729429339548877
659,block_id,2000,0.0165,0.868421052631579,1.0,0.9295774647887324,0.9198464947719508,0.930705956060367,0.002541942043721403,33,5,1962,0,38,1.2729429339548877
660,block_id,2000,0.0185,0.8222222222222222,1.0,0.9024390243902439,0.9051020778843359,0.9049151021229285,0.004075394803871625,37,8,1955,0,45,1.2729429339548877
661,block_id,2000,0.0155,0.8611111111111112,1.0,0.9253731343283582,0.9325784897664281,0.9267817649964993,0.0025393600812595226,31,5,1964,0,36,1.2729429339548877
662,block_id,2000,0.016,0.7804878048780488,1.0,0.8767123287671232,0.8027098493436209,0.8814298048581781,0.004573170731707317,32,9,1959,0,41,1.2729429339548877
663,block_id,2000,0.0165,0.75,1.0,0.8571428571428571,0.801010101010101,0.8636004838047856,0.005592272496187087,33,11,1956,0,44,1.2729429339548877
664,block_id,2000,0.016,0.8,1.0,0.8888888888888888,0.8405776515151515,0.8926073982886736,0.0040650406504065045,32,8,1960,0,40,1.2729429339548877
665,block_id,2000,0.0125,0.6756756756756757,1.0,0.8064516129032258,0.7731234409822116,0.8194939319370809,0.0060759493670886075,25,12,1963,0,37,1.2729429339548877
666,block_id,2000,0.015,0.8108108108108109,1.0,0.8955223880597015,0.8821816876164702,0.898849129258262,0.003553299492385787,30,7,1963,0,37,1.2729429339548877
667,block_id,2000,0.016,0.7804878048780488,1.0,0.8767123287671232,0.8102956514762517,0.8814298048581781,0.004573170731707317,32,9,1959,0,41,1.2729429339548877
668,block_id,2000,0.0135,0.75,1.0,0.8571428571428571,0.7942181650877304,0.8640479234329828,0.00456158134820071,27,9,1964,0,36,1.2729429339548877
669,block_id,2000,0.015,0.6818181818181818,1.0,0.8108108108108109,0.6553702437912964,0.822783551986471,0.007106598984771574,30,14,1956,0,44,1.2729429339548877
670,block_id,2000,0.0135,0.7941176470588235,1.0,0.8852459016393442,0.8139037552755939,0.889550560539154,0.0035478966041561076,27,7,1966,0,34,1.2729429339548877
671,block_id,2000,0.0085,0.6538461538461539,1.0,0.7906976744186046,0.6930052790346909,0.8067704891320054,0.0045385779122541605,17,9,1974,0,26,1.2729429339548877
672,block_id,2000,0.0125,0.78125,1.0,0.8771929824561403,0.7714340659340659,0.8823157103090865,0.0035443037974683543,25,7,1968,0,32,1.2729429339548877
673,block_id,2000,0.0155,0.8157894736842105,1.0,0.8985507246376812,0.8478445878928107,0.9016037140397941,0.0035551041137633316,31,7,1962,0,38,1.2729429339548877
674,block_id,2000,0.016,0.8888888888888888,1.0,0.9411764705882353,0.911618947731648,0.9418504149573725,0.0020325203252032522,32,4,1964,0,36,1.2729429339548877
675,block_id,2000,0.012,0.8,1.0,0.8888888888888888,0.865890522875817,0.8930682225913255,0.003036437246963563,24,6,1970,0,30,1.2729429339548877
676,block_id,2000,0.011,0.6285714285714286,1.0,0.7719298245614035,0.8387612387612388,0.7902153323990702,0.006572295247724975,22,13,1965,0,35,1.2729429339548877
677,block_id,2000,0.014,0.6829268292682927,1.0,0.8115942028985508,0.7231951442487724,0.8236654515846656,0.006592292089249493,28,13,1959,0,41,1.2729429339548877
678,block_id,2000,0.0145,0.7837837837837838,1.0,0.8787878787878788,0.8763411555015753,0.8835171307499067,0.004058853373921867,29,8,1963,0,37,1.2729429339548877
679,block_id,2000,0.017,0.918918918918919,1.0,0.9577464788732394,0.9249425525377083,0.9578709218196726,0.001525940996948118,34,3,1963,0,37,1.2729429339548877
680,block_id,2000,0.012,0.7741935483870968,1.0,0.8727272727272727,0.8783071590265988,0.878322810762631,0.00354251012145749,24,7,1969,0,31,1.2729429339548877
681,block_id,2000,0.0145,0.8787878787878788,1.0,0.9354838709677419,0.9025689238127911,0.9364851537608532,0.0020294266869609334,29,4,1967,0,33,1.2729429339548877
682,block_id,2000,0.0145,0.7837837837837838,1.0,0.8787878787878788,0.8668719611406889,0.8835171307499067,0.004058853373921867,29,8,1963,0,37,1.2729429339548877
683,block_id,2000,0.0155,0.8157894736842105,1.0,0.8985507246376812,0.8394562709503286,0.9016037140397941,0.0035551041137633316,31,7,1962,0,38,1.2729429339548877
684,block_id,2000,0.0115,0.7666666666666667,1.0,0.8679245283018868,0.7926683716965046,0.8740435435381205,0.0035407182599898838,23,7,1970,0,30,1.2729429339548877
685,block_id,2000,0.0165,0.868421052631579,1.0,0.9295774647887324,0.9028727120832383,0.930705956060367,0.002541942043721403,33,5,1962,0,38,1.2729429339548877
686,block_id,2000,0.015,0.8108108108108109,1.0,0.8955223880597015,0.8360306735306736,0.898849129258262,0.003553299492385787,30,7,1963,0,37,1.2729429339548877
687,block_id,2000,0.0145,0.8285714285714286,1.0,0.90625,0.8559125085440875,0.9088724559131685,0.0030441400304414,29,6,1965,0,35,1.2729429339548877
688,block_id,2000,0.009,0.72,1.0,0.8372093023255814,0.8060403050108933,0.8470284021366911,0.0035317860746720484,18,7,1975,0,25,1.2729429339548877
689,block_id,2000,0.016,0.8648648648648649,1.0,0.927536231884058,0.9416242541242541,0.9287989801859037,0.002540650406504065,32,5,1963,0,37,1.2729429339548877
690,block_id,2000,0.0125,0.7575757575757576,1.0,0.8620689655172413,0.8538202898550725,0.868623679322207,0.004050632911392405,25,8,1967,0,33,1.2729429339548877
691,block_id,2000,0.011,0.6285714285714286,1.0,0.7719298245614035,0.7137806637806638,0.7902153323990702,0.006572295247724975,22,13,1965,0,35,1.2729429339548877
692,block_id,2000,0.016,0.8205128205128205,1.0,0.9014084507042254,0.8512676090062852,0.9042092289893151,0.003556910569105691,32,7,1961,0,39,1.2729429339548877
693,block_id,2000,0.0125,0.8064516129032258,1.0,0.8928571428571429,0.8656670473838556,0.8966613816373059,0.0030379746835443038,25,6,1969,0,31,1.2729429339548877
694,block_id,2000,0.0145,0.7631578947368421,1.0,0.8656716417910447,0.8255656382335148,0.8715923103673348,0.0045662100456621,29,9,1962,0,38,1.2729429339548877
695,block_id,2000,0.013,0.7428571428571429,1.0,0.8524590163934426,0.7965867465867466,0.8599245642424581,0.004559270516717325,26,9,1965,0,35,1.2729429339548877
696,block_id,2000,0.011,0.6875,1.0,0.8148148148148148,0.8026966089466089,0.8270575959002489,0.005055611729019211,22,10,1968,0,32,1.2729429339548877
697,block_id,2000,0.0105,0.75,1.0,0.8571428571428571,0.7812326562326563,0.864492420454187,0.0035371399696816574,21,7,1972,0,28,1.2729429339548877
698,block_id,2000,0.015,0.7692307692307693,1.0,0.8695652173913043,0.7677022868199339,0.87505229385766,0.004568527918781726,30,9,1961,0,39,1.2729429339548877
699,block_id,2000,0.0125,0.7142857142857143,1.0,0.8333333333333334,0.781058941058941,0.8430119084317169,0.005063291139240506,25,10,1965,0,35,1.2729429339548877
700,block_id,2000,0.017,0.8095238095238095,1.0,0.8947368421052632,0.8781413375066626,0.897902953928349,0.004069175991861648,34,8,1958,0,42,1.2729429339548877
701,block_id,2000,0.0165,0.825,1.0,0.9041095890410958,0.848078296129239,0.9066774823163426,0.0035587188612099642,33,7,1960,0,40,1.2729429339548877
702,block_id,2000,0.0145,0.8529411764705882,1.0,0.9206349206349206,0.9230425403544725,0.9223759805459846,0.0025367833587011668,29,5,1966,0,34,1.2729429339548877
703,block_id,2000,0.0165,0.8048780487804879,1.0,0.8918918918918919,0.8522247929989182,0.8953236975624325,0.004067107269954245,33,8,1959,0,41,1.2729429339548877
704,block_id,2000,0.0165,0.7674418604651163,1.0,0.868421052631579,0.8540803709396567,0.8738079165369584,0.005083884087442806,33,10,1957,0,43,1.2729429339548877
705,block_id,2000,0.0095,0.6785714285714286,1.0,0.8085106382978723,0.6935668241362143,0.821881116698941,0.004543160020191822,19,9,1972,0,28,1.2729429339548877
706,block_id,2000,0.0165,0.868421052631579,1.0,0.9295774647887324,0.9238171185539606,0.930705956060367,0.002541942043721403,33,5,1962,0,38,1.2729429339548877
707,block_id,2000,0.014,0.8235294117647058,1.0,0.9032258064516129,0.8462184873949579,0.906103605656258,0.0030425963488843813,28,6,1966,0,34,1.2729429339548877
708,block_id,2000,0.0175,0.8536585365853658,1.0,0.9210526315789473,0.9216636588343905,0.9225247669488121,0.0030534351145038168,35,6,1959,0,41,1.2729429339548877
709,block_id,2000,0.0145,0.8285714285714286,1.0,0.90625,0.8731558030508555,0.9088724559131685,0.0030441400304414,29,6,1965,0,35,1.2729429339548877
710,block_id,2000,0.0165,0.8918918918918919,1.0,0.9428571428571428,0.883219524128615,0.9434395486161943,0.0020335536349771225,33,4,1963,0,37,1.2729429339548877
711,block_id,2000,0.014,0.8,1.0,0.8888888888888888,0.8116071428571429,0.8928383075382171,0.0035496957403651115,28,7,1965,0,35,1.2729429339548877
712,block_id,2000,0.02,0.8888888888888888,1.0,0.9411764705882353,0.9240424430641822,0.9416057111088185,0.002551020408163265,40,5,1955,0,45,1.2729429339548877
713,block_id,2000,0.016,0.8205128205128205,1.0,0.9014084507042254,0.8394184318097361,0.9042092289893151,0.003556910569105691,32,7,1961,0,39,1.2729429339548877
714,block_id,2000,0.0195,0.7959183673469388,1.0,0.8863636363636364,0.8231088519323813,0.889864950503481,0.005099439061703213,39,10,1951,0,49,1.2729429339548877
715,block_id,2000,0.015,0.8108108108108109,1.0,0.8955223880597015,0.8570853649751701,0.898849129258262,0.003553299492385787,30,7,1963,0,37,1.2729429339548877
716,block_id,2000,0.0155,0.8378378378378378,1.0,0.9117647058823529,0.8664154240942459,0.9139391399244639,0.0030472320975114273,31,6,1963,0,37,1.2729429339548877
717,block_id,2000,0.0125,0.6944444444444444,1.0,0.819672131147541,0.7201609821655588,0.831009417878022,0.005569620253164557,25,11,1964,0,36,1.2729429339548877
718,block_id,2000,0.015,0.7692307692307693,1.0,0.8695652173913043,0.8004540247358838,0.87505229385766,0.004568527918781726,30,9,1961,0,39,1.2729429339548877
719,block_id,2000,0.014,0.7368421052631579,1.0,0.8484848484848485,0.7888243335611757,0.8562158509576862,0.005070993914807302,28,10,1962,0,38,1.2729429339548877
720,block_id,2000,0.011,0.8148148148148148,1.0,0.8979591836734694,0.8745404629271907,0.9015293235094667,0.0025278058645096056,22,5,1973,0,27,1.2729429339548877
721,block_id,2000,0.014,0.8235294117647058,1.0,0.9032258064516129,0.8460200544455299,0.906103605656258,0.0030425963488843813,28,6,1966,0,34,1.2729429339548877
722,block_id,2000,0.0125,0.7575757575757576,1.0,0.8620689655172413,0.7659199362041468,0.868623679322207,0.004050632911392405,25,8,1967,0,33,1.2729429339548877
723,block_id,2000,0.0195,0.9069767441860465,1.0,0.9512195121951219,0.9245871202937392,0.9513814771852052,0.002039775624681285,39,4,1957,0,43,1.2729429339548877
724,block_id,2000,0.0155,0.8378378378378378,1.0,0.9117647058823529,0.8854091854091855,0.9139391399244639,0.0030472320975114273,31,6,1963,0,37,1.2729429339548877
725,block_id,2000,0.0145,0.90625,1.0,0.9508196721311475,0.9044540229885057,0.9512468786012946,0.0015220700152207,29,3,1968,0,32,1.2729429339548877
726,block_id,2000,0.017,0.8292682926829268,1.0,0.9066666666666666,0.9073904634342224,0.9090190640926923,0.003560528992878942,34,7,1959,0,41,1.2729429339548877
727,block_id,2000,0.013,0.7647058823529411,1.0,0.8666666666666667,0.8570109515378058,0.8727008481534332,0.004052684903748734,26,8,1966,0,34,1.2729429339548877
728,block_id,2000,0.0085,0.85,1.0,0.918918918918919,0.8574866310160428,0.9212567880843691,0.0015128593040847202,17,3,1980,0,20,1.2729429339548877
729,block_id,2000,0.015,0.8823529411764706,1.0,0.9375,0.9472513100710032,0.9383823110014797,0.0020304568527918783,30,4,1966,0,34,1.2729429339548877
730,block_id,2000,0.017,0.7727272727272727,1.0,0.8717948717948718,0.7773806173186979,0.8768105945095694,0.00508646998982706,34,10,1956,0,44,1.2729429339548877
731,block_id,2000,0.012,0.8275862068965517,1.0,0.9056603773584906,0.8615488262813038,0.9085659647177378,0.0025303643724696357,24,5,1971,0,29,1.2729429339548877
732,block_id,2000,0.013,0.7647058823529411,1.0,0.8666666666666667,0.7766008501302619,0.8727008481534332,0.004052684903748734,26,8,1966,0,34,1.2729429339548877
733,block_id,2000,0.0145,0.8529411764705882,1.0,0.9206349206349206,0.9176586496667632,0.9223759805459846,0.0025367833587011668,29,5,1966,0,34,1.2729429339548877
734,block_id,2000,0.0185,0.8604651162790697,1.0,0.925,0.8648113515075093,0.9261938592871485,0.003056546102903719,37,6,1957,0,43,1.2729429339548877
735,block_id,2000,0.014,0.7777777777777778,1.0,0.875,0.8092700949843806,0.8801264072138905,0.004056795131845842,28,8,1964,0,36,1.2729429339548877
736,block_id,2000,0.0145,0.7837837837837838,1.0,0.8787878787878788,0.789691059201041,0.8835171307499067,0.004058853373921867,29,8,1963,0,37,1.2729429339548877
737,block_id,2000,0.0165,0.7674418604651163,1.0,0.868421052631579,0.8883023650934379,0.8738079165369584,0.005083884087442806,33,10,1957,0,43,1.2729429339548877
738,block_id,2000,0.0145,0.7837837837837838,1.0,0.8787878787878788,0.8682412381879889,0.8835171307499067,0.004058853373921867,29,8,1963,0,37,1.2729429339548877
739,block_id,2000,0.014,0.8484848484848485,1.0,0.9180327868852459,0.9145989974937343,0.9199638676236758,0.002535496957403651,28,5,1967,0,33,1.2729429339548877
740,block_id,2000,0.017,0.7555555555555555,1.0,0.8607594936708861,0.8087667134516575,0.8667918630390326,0.005595116988809766,34,11,1955,0,45,1.2729429339548877
741,block_id,2000,0.0115,0.8518518518518519,1.0,0.92,0.9002415458937199,0.9220240385258271,0.0020232675771370764,23,4,1973,0,27,1.2729429339548877
742,block_id,2000,0.0175,0.8333333333333334,1.0,0.9090909090909091,0.8576463391680784,0.9112434997633174,0.0035623409669211198,35,7,1958,0,42,1.2729429339548877
743,block_id,2000,0.014,0.8484848484848485,1.0,0.9180327868852459,0.870795870795871,0.9199638676236758,0.002535496957403651,28,5,1967,0,33,1.2729429339548877
744,block_id,2000,0.014,0.7567567567567568,1.0,0.8615384615384616,0.8119305019305019,0.867930296014089,0.004563894523326572,28,9,1963,0,37,1.2729429339548877
745,block_id,2000,0.013,0.8125,1.0,0.896551724137931,0.8897248584748585,0.9000168860286889,0.00303951367781155,26,6,1968,0,32,1.2729429339548877
746,block_id,2000,0.013,0.8387096774193549,1.0,0.9122807017543859,0.802016082248895,0.9146503627830495,0.0025329280648429585,26,5,1969,0,31,1.2729429339548877
747,block_id,2000,0.012,0.8,1.0,0.8888888888888888,0.8488357843137254,0.8930682225913255,0.003036437246963563,24,6,1970,0,30,1.2729429339548877
748,block_id,2000,0.015,0.8333333333333334,1.0,0.9090909090909091,0.8567237128769636,0.911479710288355,0.003045685279187817,30,6,1964,0,36,1.2729429339548877
749,block_id,2000,0.0135,0.9310344827586207,1.0,0.9642857142857143,0.9457728700015451,0.9644121045005962,0.0010136847440446021,27,2,1971,0,29,1.2729429339548877
750,block_id,2000,0.016,0.8205128205128205,1.0,0.9014084507042254,0.8278175618073316,0.9042092289893151,0.003556910569105691,32,7,1961,0,39,1.2729429339548877
751,block_id,2000,0.0155,0.7560975609756098,1.0,0.8611111111111112,0.76045852747653,0.8673278232870495,0.005078720162519045,31,10,1959,0,41,1.2729429339548877
752,block_id,2000,0.016,0.8888888888888888,1.0,0.9411764705882353,0.9104871257215007,0.9418504149573725,0.0020325203252032522,32,4,1964,0,36,1.2729429339548877
753,block_id,2000,0.01,0.7407407407407407,1.0,0.851063829787234,0.8000210121262752,0.8591402448635395,0.0035353535353535356,20,7,1973,0,27,1.2729429339548877
754,block_id,2000,0.013,0.7878787878787878,1.0,0.8813559322033898,0.8648332436793975,0.8860501630652016,0.0035460992907801418,26,7,1967,0,33,1.2729429339548877
755,block_id,2000,0.013,0.896551724137931,1.0,0.9454545454545454,0.92057974942036,0.9461443777372139,0.001519756838905775,26,3,1971,0,29,1.2729429339548877
756,block_id,2000,0.013,0.7428571428571429,1.0,0.8524590163934426,0.8162598804704069,0.8599245642424581,0.004559270516717325,26,9,1965,0,35,1.2729429339548877
757,block_id,2000,0.0175,0.7608695652173914,1.0,0.8641975308641975,0.8258765025301757,0.8698334579079334,0.0055979643765903305,35,11,1954,0,46,1.2729429339548877
758,block_id,2000,0.012,0.7741935483870968,1.0,0.8727272727272727,0.8625054211931896,0.878322810762631,0.00354251012145749,24,7,1969,0,31,1.2729429339548877
759,block_id,2000,0.015,0.6666666666666666,1.0,0.8,0.6926091348265261,0.8133821515958456,0.007614213197969543,30,15,1955,0,45,1.2729429339548877
760,block_id,2000,0.015,0.7894736842105263,1.0,0.8823529411764706,0.8624636198647087,0.8867173730711032,0.0040609137055837565,30,8,1962,0,38,1.2729429339548877
761,block_id,2000,0.012,0.8571428571428571,1.0,0.9230769230769231,0.8998316102756893,0.9248825601905315,0.0020242914979757085,24,4,1972,0,28,1.2729429339548877
762,block_id,2000,0.011,0.7586206896551724,1.0,0.8627450980392157,0.8219578227415218,0.8694457921547635,0.003538928210313448,22,7,1971,0,29,1.2729429339548877
763,block_id,2000,0.0135,0.7297297297297297,1.0,0.84375,0.850743797270534,0.8520746154288459,0.00506842372022301,27,10,1963,0,37,1.2729429339548877
764,block_id,2000,0.014,0.7777777777777778,1.0,0.875,0.785379580859457,0.8801264072138905,0.004056795131845842,28,8,1964,0,36,1.2729429339548877
765,block_id,2000,0.0155,0.9117647058823529,1.0,0.9538461538461539,0.9343465183573042,0.9541360105057254,0.0015236160487557136,31,3,1966,0,34,1.2729429339548877
766,block_id,2000,0.016,0.8648648648648649,1.0,0.927536231884058,0.9186329203623128,0.9287989801859037,0.002540650406504065,32,5,1963,0,37,1.2729429339548877
767,block_id,2000,0.0135,0.9642857142857143,1.0,0.9818181818181818,0.9854497354497354,0.981731619856964,0.0005068423720223011,27,1,1972,0,28,1.2729429339548877
768,block_id,2000,0.02,0.851063829787234,1.0,0.9195402298850575,0.8343026763939113,0.9208823573667934,0.0035714285714285713,40,7,1953,0,47,1.2729429339548877
769,block_id,2000,0.016,0.8888888888888888,1.0,0.9411764705882353,0.9347940930758268,0.9418504149573725,0.0020325203252032522,32,4,1964,0,36,1.2729429339548877
770,block_id,2000,0.0145,0.7837837837837838,1.0,0.8787878787878788,0.8065847769502135,0.8835171307499067,0.004058853373921867,29,8,1963,0,37,1.2729429339548877
771,block_id,2000,0.014,0.8235294117647058,1.0,0.9032258064516129,0.8442977569815804,0.906103605656258,0.0030425963488843813,28,6,1966,0,34,1.2729429339548877
772,block_id,2000,0.016,0.8648648648648649,1.0,0.927536231884058,0.8890866253941913,0.9287989801859037,0.002540650406504065,32,5,1963,0,37,1.2729429339548877
773,block_id,2000,0.0095,0.7307692307692307,1.0,0.8444444444444444,0.8062897628687102,0.8533387412621971,0.0035335689045936395,19,7,1974,0,26,1.2729429339548877
774,block_id,2000,0.017,0.9444444444444444,1.0,0.9714285714285714,0.9529420502603894,0.9713308739969605,0.001017293997965412,34,2,1964,0,36,1.2729429339548877
775,block_id,2000,0.011,0.8148148148148148,1.0,0.8979591836734694,0.7702020202020201,0.9015293235094667,0.0025278058645096056,22,5,1973,0,27,1.2729429339548877
776,block_id,2000,0.0125,0.78125,1.0,0.8771929824561403,0.8124404761904761,0.8823157103090865,0.0035443037974683543,25,7,1968,0,32,1.2729429339548877
777,block_id,2000,0.015,0.8333333333333334,1.0,0.9090909090909091,0.8454179566563467,0.911479710288355,0.003045685279187817,30,6,1964,0,36,1.2729429339548877
778,block_id,2000,0.015,0.7894736842105263,1.0,0.8823529411764706,0.8544056353003722,0.8867173730711032,0.0040609137055837565,30,8,1962,0,38,1.2729429339548877
779,block_id,2000,0.0145,0.90625,1.0,0.9508196721311475,0.929299001814882,0.9512468786012946,0.0015220700152207,29,3,1968,0,32,1.2729429339548877
780,block_id,2000,0.0215,0.86,1.0,0.9247311827956989,0.8694286098128363,0.9257018218928261,0.0035769034236075624,43,7,1950,0,50,1.2729429339548877
781,block_id,2000,0.014,0.7777777777777778,1.0,0.875,0.7826119005954785,0.8801264072138905,0.004056795131845842,28,8,1964,0,36,1.2729429339548877
782,block_id,2000,0.011,0.7096774193548387,1.0,0.8301886792452831,0.7493708316929037,0.8405048192712754,0.00455005055611729,22,9,1969,0,31,1.2729429339548877
783,block_id,2000,0.01,0.6451612903225806,1.0,0.7843137254901961,0.7132805716957189,0.8009850566220943,0.005555555555555556,20,11,1969,0,31,1.2729429339548877
784,block_id,2000,0.018,0.8181818181818182,1.0,0.9,0.8542464766342475,0.902689925732056,0.004073319755600814,36,8,1956,0,44,1.2729429339548877
785,block_id,2000,0.016,0.7441860465116279,1.0,0.8533333333333334,0.8519317419499106,0.8602479119603501,0.005589430894308943,32,11,1957,0,43,1.2729429339548877
786,block_id,2000,0.017,0.85,1.0,0.918918918918919,0.8778544984427338,0.9205465226185954,0.003051881993896236,34,6,1960,0,40,1.2729429339548877
787,block_id,2000,0.0135,0.84375,1.0,0.9152542372881356,0.8868872549019606,0.9173940040914977,0.002534211860111505,27,5,1968,0,32,1.2729429339548877
788,block_id,2000,0.0115,0.8214285714285714,1.0,0.9019607843137255,0.8652113019120691,0.90518015288902,0.0025290844714213456,23,5,1972,0,28,1.2729429339548877
789,block_id,2000,0.0115,0.696969696969697,1.0,0.8214285714285714,0.7384730211039563,0.8327330343479731,0.005058168942842691,23,10,1967,0,33,1.2729429339548877
790,block_id,2000,0.016,0.8888888888888888,1.0,0.9411764705882353,0.9150805168558651,0.9418504149573725,0.0020325203252032522,32,4,1964,0,36,1.2729429339548877
791,block_id,2000,0.015,0.7692307692307693,1.0,0.8695652173913043,0.8268984155940678,0.87505229385766,0.004568527918781726,30,9,1961,0,39,1.2729429339548877
792,block_id,2000,0.016,0.7111111111111111,1.0,0.8311688311688312,0.787375116713352,0.8404842240065988,0.0066056910569105695,32,13,1955,0,45,1.2729429339548877
793,block_id,2000,0.016,0.7272727272727273,1.0,0.8421052631578947,0.7834074993633817,0.8501988811285768,0.006097560975609756,32,12,1956,0,44,1.2729429339548877
794,block_id,2000,0.0145,0.8529411764705882,1.0,0.9206349206349206,0.8532142299890778,0.9223759805459846,0.0025367833587011668,29,5,1966,0,34,1.2729429339548877
795,block_id,2000,0.016,0.8421052631578947,1.0,0.9142857142857143,0.8858787593984963,0.9162629912109846,0.003048780487804878,32,6,1962,0,38,1.2729429339548877
796,block_id,2000,0.011,0.6875,1.0,0.8148148148148148,0.7795094398355269,0.8270575959002489,0.005055611729019211,22,10,1968,0,32,1.2729429339548877
797,block_id,2000,0.015,0.8823529411764706,1.0,0.9375,0.8998474945533769,0.9383823110014797,0.0020304568527918783,30,4,1966,0,34,1.2729429339548877
798,block_id,2000,0.011,0.7586206896551724,1.0,0.8627450980392157,0.8308030445054038,0.8694457921547635,0.003538928210313448,22,7,1971,0,29,1.2729429339548877
799,block_id,2000,0.013,0.7027027027027027,1.0,0.8253968253968254,0.8059078901184165,0.8359347658935391,0.005572441742654508,26,11,1963,0,37,1.2729429339548877
800,block_id,2000,0.0145,0.8285714285714286,1.0,0.90625,0.824900994880711,0.9088724559131685,0.0030441400304414,29,6,1965,0,35,1.2729429339548877
801,block_id,2000,0.014,0.8,1.0,0.8888888888888888,0.8613721804511278,0.8928383075382171,0.0035496957403651115,28,7,1965,0,35,1.2729429339548877
802,block_id,2000,0.014,0.8235294117647058,1.0,0.9032258064516129,0.8796796979661429,0.906103605656258,0.0030425963488843813,28,6,1966,0,34,1.2729429339548877
803,block_id,2000,0.012,0.6857142857142857,1.0,0.8135593220338984,0.7194416150298504,0.8257705797121274,0.005566801619433198,24,11,1965,0,35,1.2729429339548877
804,block_id,2000,0.0175,0.813953488372093,1.0,0.8974358974358975,0.9023398247776756,0.9003553092093525,0.004071246819338422,35,8,1957,0,43,1.2729429339548877
805,block_id,2000,0.014,0.8,1.0,0.8888888888888888,0.8819169960474308,0.8928383075382171,0.0035496957403651115,28,7,1965,0,35,1.2729429339548877
806,block_id,2000,0.0135,0.8709677419354839,1.0,0.9310344827586207,0.8960860981733847,0.932310017381758,0.0020273694880892043,27,4,1969,0,31,1.2729429339548877
807,block_id,2000,0.0165,0.868421052631579,1.0,0.9295774647887324,0.9027817650186071,0.930705956060367,0.002541942043721403,33,5,1962,0,38,1.2729429339548877
808,block_id,2000,0.012,0.8,1.0,0.8888888888888888,0.8664103835978836,0.8930682225913255,0.003036437246963563,24,6,1970,0,30,1.2729429339548877
809,block_id,2000,0.0145,0.7073170731707317,1.0,0.8285714285714286,0.7485136114236198,0.8384573505774902,0.0060882800608828,29,12,1959,0,41,1.2729429339548877
810,block_id,2000,0.019,0.8837209302325582,1.0,0.9382716049382716,0.8942205694108201,0.9388657189170088,0.0025484199796126403,38,5,1957,0,43,1.2729429339548877
811,block_id,2000,0.0145,0.8055555555555556,1.0,0.8923076923076924,0.8675345911004397,0.8959322673375348,0.0035514967021816335,29,7,1964,0,36,1.2729429339548877
812,block_id,2000,0.013,0.7647058823529411,1.0,0.8666666666666667,0.7912465931041781,0.8727008481534332,0.004052684903748734,26,8,1966,0,34,1.2729429339548877
813,block_id,2000,0.0175,0.7954545454545454,1.0,0.8860759493670886,0.8527506921960704,0.889837761725654,0.004580152671755725,35,9,1956,0,44,1.2729429339548877
814,block_id,2000,0.012,0.8275862068965517,1.0,0.9056603773584906,0.8627392004547176,0.9085659647177378,0.0025303643724696357,24,5,1971,0,29,1.2729429339548877
815,block_id,2000,0.0095,0.7307692307692307,1.0,0.8444444444444444,0.809281145772917,0.8533387412621971,0.0035335689045936395,19,7,1974,0,26,1.2729429339548877
816,block_id,2000,0.0165,0.8918918918918919,1.0,0.9428571428571428,0.9269373269373269,0.9434395486161943,0.0020335536349771225,33,4,1963,0,37,1.2729429339548877
817,block_id,2000,0.02,0.8695652173913043,1.0,0.9302325581395349,0.9186157121759633,0.9310764109633277,0.003061224489795918,40,6,1954,0,46,1.2729429339548877
818,block_id,2000,0.016,0.8648648648648649,1.0,0.927536231884058,0.8926239797127955,0.9287989801859037,0.002540650406504065,32,5,1963,0,37,1.2729429339548877
819,block_id,2000,0.015,0.7692307692307693,1.0,0.8695652173913043,0.8559841845459036,0.87505229385766,0.004568527918781726,30,9,1961,0,39,1.2729429339548877
820,block_id,2000,0.0165,0.75,1.0,0.8571428571428571,0.7604340104340104,0.8636004838047856,0.005592272496187087,33,11,1956,0,44,1.2729429339548877
821,block_id,2000,0.0185,0.8409090909090909,1.0,0.9135802469135802,0.8596044378653075,0.9153744774336479,0.003565970453387672,37,7,1956,0,44,1.2729429339548877
822,block_id,2000,0.015,0.8333333333333334,1.0,0.9090909090909091,0.8743482443482442,0.911479710288355,0.003045685279187817,30,6,1964,0,36,1.2729429339548877
823,block_id,2000,0.015,0.7142857142857143,1.0,0.8333333333333334,0.7542354537017205,0.8425762489623394,0.006091370558375634,30,12,1958,0,42,1.2729429339548877
824,block_id,2000,0.01,0.6896551724137931,1.0,0.8163265306122449,0.7736265788557077,0.8285652516100036,0.004545454545454545,20,9,1971,0,29,1.2729429339548877
825,block_id,2000,0.0125,0.8928571428571429,1.0,0.9433962264150944,0.9313766233766234,0.9441932557263539,0.0015189873417721519,25,3,1972,0,28,1.2729429339548877
826,block_id,2000,0.0145,0.8285714285714286,1.0,0.90625,0.8746662593305062,0.9088724559131685,0.0030441400304414,29,6,1965,0,35,1.2729429339548877
827,block_id,2000,0.0135,0.7297297297297297,1.0,0.84375,0.8171569838236505,0.8520746154288459,0.00506842372022301,27,10,1963,0,37,1.2729429339548877
828,block_id,2000,0.009,0.75,1.0,0.8571428571428571,0.8539682539682539,0.8647135745984641,0.0030272452068617556,18,6,1976,0,24,1.2729429339548877
829,block_id,2000,0.014,0.7567567567567568,1.0,0.8615384615384616,0.859558540265062,0.867930296014089,0.004563894523326572,28,9,1963,0,37,1.2729429339548877
830,block_id,2000,0.014,0.8,1.0,0.8888888888888888,0.8852567693744163,0.8928383075382171,0.0035496957403651115,28,7,1965,0,35,1.2729429339548877
831,block_id,2000,0.013,0.8125,1.0,0.896551724137931,0.8714498221077168,0.9000168860286889,0.00303951367781155,26,6,1968,0,32,1.2729429339548877
832,block_id,2000,0.014,0.7777777777777778,1.0,0.875,0.8162253459736297,0.8801264072138905,0.004056795131845842,28,8,1964,0,36,1.2729429339548877
833,block_id,2000,0.017,0.8095238095238095,1.0,0.8947368421052632,0.8499097416744475,0.897902953928349,0.004069175991861648,34,8,1958,0,42,1.2729429339548877
834,block_id,2000,0.013,0.8666666666666667,1.0,0.9285714285714286,0.8932234432234432,0.9300056468690797,0.002026342451874367,26,4,1970,0,30,1.2729429339548877
835,block_id,2000,0.016,0.7619047619047619,1.0,0.8648648648648649,0.8806229967948718,0.870651075126345,0.00508130081300813,32,10,1958,0,42,1.2729429339548877
836,block_id,2000,0.0165,0.7333333333333333,1.0,0.8461538461538461,0.7949623216289883,0.8537326954828329,0.006100660904931368,33,12,1955,0,45,1.2729429339548877
837,block_id,2000,0.0175,0.8974358974358975,1.0,0.9459459459459459,0.8913041020604046,0.9463662377295586,0.002035623409669211,35,4,1961,0,39,1.2729429339548877
838,block_id,2000,0.019,0.8837209302325582,1.0,0.9382716049382716,0.9279514526702376,0.9388657189170088,0.0025484199796126403,38,5,1957,0,43,1.2729429339548877
839,block_id,2000,0.014,0.8235294117647058,1.0,0.9032258064516129,0.8947254340332624,0.906103605656258,0.0030425963488843813,28,6,1966,0,34,1.2729429339548877
840,block_id,2000,0.012,0.7741935483870968,1.0,0.8727272727272727,0.8041402881668485,0.878322810762631,0.00354251012145749,24,7,1969,0,31,1.2729429339548877
841,block_id,2000,0.0165,0.868421052631579,1.0,0.9295774647887324,0.9199041381150805,0.930705956060367,0.002541942043721403,33,5,1962,0,38,1.2729429339548877
842,block_id,2000,0.0105,0.7,1.0,0.8235294117647058,0.7083524318818436,0.834755397722762,0.004547751389590703,21,9,1970,0,30,1.2729429339548877
843,block_id,2000,0.0155,0.8857142857142857,1.0,0.9393939393939394,0.9152434185455387,0.9401675210907099,0.002031488065007618,31,4,1965,0,35,1.2729429339548877
844,block_id,2000,0.014,0.8,1.0,0.8888888888888888,0.8236567354214414,0.8928383075382171,0.0035496957403651115,28,7,1965,0,35,1.2729429339548877
845,block_id,2000,0.016,0.8205128205128205,1.0,0.9014084507042254,0.8571054850946155,0.9042092289893151,0.003556910569105691,32,7,1961,0,39,1.2729429339548877
846,block_id,2000,0.0175,0.8974358974358975,1.0,0.9459459459459459,0.965388653610971,0.9463662377295586,0.002035623409669211,35,4,1961,0,39,1.2729429339548877
847,block_id,2000,0.012,0.75,1.0,0.8571428571428571,0.8140350877192983,0.864270537941122,0.004048582995951417,24,8,1968,0,32,1.2729429339548877
848,block_id,2000,0.0135,0.7714285714285715,1.0,0.8709677419354839,0.8546327390720984,0.876527597929844,0.0040547389761784085,27,8,1965,0,35,1.2729429339548877
849,block_id,2000,0.015,0.8108108108108109,1.0,0.8955223880597015,0.8516564619539448,0.898849129258262,0.003553299492385787,30,7,1963,0,37,1.2729429339548877
850,block_id,2000,0.0155,0.8157894736842105,1.0,0.8985507246376812,0.8846411674748386,0.9016037140397941,0.0035551041137633316,31,7,1962,0,38,1.2729429339548877
851,block_id,2000,0.0205,0.7321428571428571,1.0,0.845360824742268,0.7694347657762292,0.8523713174614045,0.007656967840735069,41,15,1944,0,56,1.2729429339548877
852,block_id,2000,0.014,0.8,1.0,0.8888888888888888,0.8223817848817849,0.8928383075382171,0.0035496957403651115,28,7,1965,0,35,1.2729429339548877
853,block_id,2000,0.015,0.7317073170731707,1.0,0.8450704225352113,0.7979690743348548,0.8530074101077028,0.005583756345177665,30,11,1959,0,41,1.2729429339548877
854,block_id,2000,0.0145,0.8529411764705882,1.0,0.9206349206349206,0.8949608013330795,0.9223759805459846,0.0025367833587011668,29,5,1966,0,34,1.2729429339548877
855,block_id,2000,0.017,0.8717948717948718,1.0,0.9315068493150684,0.888342818273614,0.9325114972849058,0.00254323499491353,34,5,1961,0,39,1.2729429339548877
856,block_id,2000,0.0145,0.8529411764705882,1.0,0.9206349206349206,0.9114112729731391,0.9223759805459846,0.0025367833587011668,29,5,1966,0,34,1.2729429339548877
857,block_id,2000,0.014,0.875,1.0,0.9333333333333333,0.9262003046832767,0.9344651690297597,0.002028397565922921,28,4,1968,0,32,1.2729429339548877
858,block_id,2000,0.012,0.7272727272727273,1.0,0.8421052631578947,0.7495833333333334,0.8508585371705686,0.004554655870445344,24,9,1967,0,33,1.2729429339548877
859,block_id,2000,0.0175,0.9459459459459459,1.0,0.9722222222222222,0.9518358960464224,0.972102438578374,0.0010178117048346056,35,2,1963,0,37,1.2729429339548877
860,block_id,2000,0.018,0.782608695652174,1.0,0.8780487804878049,0.8537251091716047,0.8823966944215298,0.0050916496945010185,36,10,1954,0,46,1.2729429339548877
861,block_id,2000,0.0135,0.8181818181818182,1.0,0.9,0.876201165090054,0.9031576179720688,0.0030410542321338066,27,6,1967,0,33,1.2729429339548877
862,block_id,2000,0.011,0.7333333333333333,1.0,0.8461538461538461,0.7915626856803326,0.8546153371267735,0.004044489383215369,22,8,1970,0,30,1.2729429339548877
863,block_id,2000,0.0185,0.8809523809523809,1.0,0.9367088607594937,0.889395671303566,0.937394520988901,0.0025471217524197657,37,5,1958,0,42,1.2729429339548877
864,block_id,2000,0.022,0.8461538461538461,1.0,0.9166666666666666,0.8592010867872937,0.9179831666358793,0.00408997955010225,44,8,1948,0,52,1.2729429339548877
865,block_id,2000,0.0135,0.8181818181818182,1.0,0.9,0.856898871391625,0.9031576179720688,0.0030410542321338066,27,6,1967,0,33,1.2729429339548877
866,block_id,2000,0.0135,0.7105263157894737,1.0,0.8307692307692308,0.7708532405814827,0.840574174307898,0.005575266092245312,27,11,1962,0,38,1.2729429339548877
867,block_id,2000,0.012,0.7272727272727273,1.0,0.8421052631578947,0.7629485645933015,0.8508585371705686,0.004554655870445344,24,9,1967,0,33,1.2729429339548877
868,block_id,2000,0.018,0.782608695652174,1.0,0.8780487804878049,0.8468971962431482,0.8823966944215298,0.0050916496945010185,36,10,1954,0,46,1.2729429339548877
869,block_id,2000,0.0145,0.90625,1.0,0.9508196721311475,0.9274620325583814,0.9512468786012946,0.0015220700152207,29,3,1968,0,32,1.2729429339548877
870,block_id,2000,0.0155,0.9117647058823529,1.0,0.9538461538461539,0.9049019470658839,0.9541360105057254,0.0015236160487557136,31,3,1966,0,34,1.2729429339548877
871,block_id,2000,0.0155,0.775,1.0,0.8732394366197183,0.861252760494974,0.8783265865762251,0.0045708481462671405,31,9,1960,0,40,1.2729429339548877
872,block_id,2000,0.019,0.7755102040816326,1.0,0.8735632183908046,0.8407545649838883,0.8781584638008038,0.0056065239551478085,38,11,1951,0,49,1.2729429339548877
873,block_id,2000,0.015,0.8108108108108109,1.0,0.8955223880597015,0.8854100594100595,0.898849129258262,0.003553299492385787,30,7,1963,0,37,1.2729429339548877
874,block_id,2000,0.0165,0.7674418604651163,1.0,0.868421052631579,0.8577654431850591,0.8738079165369584,0.005083884087442806,33,10,1957,0,43,1.2729429339548877
875,block_id,2000,0.0155,0.775,1.0,0.8732394366197183,0.8370883912882269,0.8783265865762251,0.0045708481462671405,31,9,1960,0,40,1.2729429339548877
876,block_id,2000,0.0145,0.7837837837837838,1.0,0.8787878787878788,0.8360780567677119,0.8835171307499067,0.004058853373921867,29,8,1963,0,37,1.2729429339548877
877,block_id,2000,0.012,0.8,1.0,0.8888888888888888,0.7993092691622103,0.8930682225913255,0.003036437246963563,24,6,1970,0,30,1.2729429339548877
878,block_id,2000,0.018,0.8571428571428571,1.0,0.9230769230769231,0.8871041021987726,0.9244048325505596,0.003054989816700611,36,6,1958,0,42,1.2729429339548877
879,block_id,2000,0.017,0.8717948717948718,1.0,0.9315068493150684,0.9057492841060617,0.9325114972849058,0.00254323499491353,34,5,1961,0,39,1.2729429339548877
880,block_id,2000,0.013,0.7222222222222222,1.0,0.8387096774193549,0.7491846603688709,0.847681277574763,0.005065856129685917,26,10,1964,0,36,1.2729429339548877
881,block_id,2000,0.019,0.8444444444444444,1.0,0.9156626506024096,0.8353493382579255,0.917295833258274,0.003567787971457696,38,7,1955,0,45,1.2729429339548877
882,block_id,2000,0.0175,0.813953488372093,1.0,0.8974358974358975,0.869818561783303,0.9003553092093525,0.004071246819338422,35,8,1957,0,43,1.2729429339548877
883,block_id,2000,0.015,0.8333333333333334,1.0,0.9090909090909091,0.9085280151946818,0.911479710288355,0.003045685279187817,30,6,1964,0,36,1.2729429339548877
884,block_id,2000,0.019,0.8444444444444444,1.0,0.9156626506024096,0.8728332053042823,0.917295833258274,0.003567787971457696,38,7,1955,0,45,1.2729429339548877
885,block_id,2000,0.0185,0.9024390243902439,1.0,0.9487179487179487,0.9161223307564772,0.9489995399023323,0.0020376974019358125,37,4,1959,0,41,1.2729429339548877
886,block_id,2000,0.016,0.8205128205128205,1.0,0.9014084507042254,0.8491914335664336,0.9042092289893151,0.003556910569105691,32,7,1961,0,39,1.2729429339548877
887,block_id,2000,0.0185,0.7872340425531915,1.0,0.8809523809523809,0.8346395041211669,0.8849992546014523,0.005094243504839531,37,10,1953,0,47,1.2729429339548877
888,block_id,2000,0.0145,0.7631578947368421,1.0,0.8656716417910447,0.7811513894454003,0.8715923103673348,0.0045662100456621,29,9,1962,0,38,1.2729429339548877
889,block_id,2000,0.0155,0.8378378378378378,1.0,0.9117647058823529,0.8095111697828165,0.9139391399244639,0.0030472320975114273,31,6,1963,0,37,1.2729429339548877
890,block_id,2000,0.0145,0.7435897435897436,1.0,0.8529411764705882,0.8673450071309763,0.8601262066785693,0.0050735667174023336,29,10,1961,0,39,1.2729429339548877
891,block_id,2000,0.016,0.8421052631578947,1.0,0.9142857142857143,0.9042109694210713,0.9162629912109846,0.003048780487804878,32,6,1962,0,38,1.2729429339548877
892,block_id,2000,0.0105,0.7241379310344828,1.0,0.84,0.7924748150007039,0.8492412159002364,0.00404244567963618,21,8,1971,0,29,1.2729429339548877
893,block_id,2000,0.013,0.9285714285714286,1.0,0.9629629629629629,0.9207228668767131,0.9631358298385397,0.0010131712259371835,26,2,1972,0,28,1.2729429339548877
894,block_id,2000,0.0145,0.7837837837837838,1.0,0.8787878787878788,0.8158203523720765,0.8835171307499067,0.004058853373921867,29,8,1963,0,37,1.2729429339548877
895,block_id,2000,0.015,0.7894736842105263,1.0,0.8823529411764706,0.7738255784388507,0.8867173730711032,0.0040609137055837565,30,8,1962,0,38,1.2729429339548877
896,block_id,2000,0.0125,0.8064516129032258,1.0,0.8928571428571429,0.8656249501910143,0.8966613816373059,0.0030379746835443038,25,6,1969,0,31,1.2729429339548877
897,block_id,2000,0.0155,0.7948717948717948,1.0,0.8857142857142857,0.8151427425620974,0.8897427997701406,0.004062976130015236,31,8,1961,0,39,1.2729429339548877
898,block_id,2000,0.014,0.717948717948718,1.0,0.835820895522388,0.796273964131107,0.8449520300057691,0.005578093306288032,28,11,1961,0,39,1.2729429339548877
899,block_id,2000,0.0145,0.7837837837837838,1.0,0.8787878787878788,0.7999709074980262,0.8835171307499067,0.004058853373921867,29,8,1963,0,37,1.2729429339548877
900,block_id,2000,0.018,0.8571428571428571,1.0,0.9230769230769231,0.9102445963859008,0.9244048325505596,0.003054989816700611,36,6,1958,0,42,1.2729429339548877
901,block_id,2000,0.0135,0.8181818181818182,1.0,0.9,0.8380895296271973,0.9031576179720688,0.0030410542321338066,27,6,1967,0,33,1.2729429339548877
902,block_id,2000,0.014,0.9032258064516129,1.0,0.9491525423728814,0.903469354506221,0.9496587443293243,0.0015212981744421906,28,3,1969,0,31,1.2729429339548877
903,block_id,2000,0.0145,0.8787878787878788,1.0,0.9354838709677419,0.9171573133460611,0.9364851537608532,0.0020294266869609334,29,4,1967,0,33,1.2729429339548877
904,block_id,2000,0.019,0.7755102040816326,1.0,0.8735632183908046,0.8191208415644506,0.8781584638008038,0.0056065239551478085,38,11,1951,0,49,1.2729429339548877
905,block_id,2000,0.0185,0.8809523809523809,1.0,0.9367088607594937,0.9090779090779091,0.937394520988901,0.0025471217524197657,37,5,1958,0,42,1.2729429339548877
906,block_id,2000,0.012,0.8,1.0,0.8888888888888888,0.815032679738562,0.8930682225913255,0.003036437246963563,24,6,1970,0,30,1.2729429339548877
907,block_id,2000,0.014,0.8,1.0,0.8888888888888888,0.782961913862535,0.8928383075382171,0.0035496957403651115,28,7,1965,0,35,1.2729429339548877
908,block_id,2000,0.014,0.875,1.0,0.9333333333333333,0.9141448245965053,0.9344651690297597,0.002028397565922921,28,4,1968,0,32,1.2729429339548877
909,block_id,2000,0.013,0.7647058823529411,1.0,0.8666666666666667,0.8208784679372915,0.8727008481534332,0.004052684903748734,26,8,1966,0,34,1.2729429339548877
910,block_id,2000,0.0165,0.825,1.0,0.9041095890410958,0.8732457562898794,0.9066774823163426,0.0035587188612099642,33,7,1960,0,40,1.2729429339548877
911,block_id,2000,0.017,0.8947368421052632,1.0,0.9444444444444444,0.8649485038120988,0.9449425491884672,0.002034587995930824,34,4,1962,0,38,1.2729429339548877
912,block_id,2000,0.0125,0.8333333333333334,1.0,0.9090909090909091,0.8638216685275508,0.9117146640764221,0.002531645569620253,25,5,1970,0,30,1.2729429339548877
913,block_id,2000,0.019,0.8444444444444444,1.0,0.9156626506024096,0.8659756909756909,0.917295833258274,0.003567787971457696,38,7,1955,0,45,1.2729429339548877
914,block_id,2000,0.0135,0.8709677419354839,1.0,0.9310344827586207,0.9071822635864382,0.932310017381758,0.0020273694880892043,27,4,1969,0,31,1.2729429339548877
915,block_id,2000,0.0145,0.725,1.0,0.8405797101449275,0.8113566754375382,0.8490900014385234,0.005580923389142567,29,11,1960,0,40,1.2729429339548877
916,block_id,2000,0.0175,0.8536585365853658,1.0,0.9210526315789473,0.912341207357114,0.9225247669488121,0.0030534351145038168,35,6,1959,0,41,1.2729429339548877
917,block_id,2000,0.015,0.8108108108108109,1.0,0.8955223880597015,0.8139103809692045,0.898849129258262,0.003553299492385787,30,7,1963,0,37,1.2729429339548877
918,block_id,2000,0.013,1.0,1.0,1.0,0.9999999999999998,1.0,0.0,26,0,1974,0,26,1.2729429339548877
919,block_id,2000,0.021,0.9130434782608695,1.0,0.9545454545454546,0.9246723246464448,0.9545565572032726,0.0020429009193054137,42,4,1954,0,46,1.2729429339548877
920,block_id,2000,0.015,0.9375,1.0,0.967741935483871,0.9370031225050407,0.9677542163949758,0.0010152284263959391,30,2,1968,0,32,1.2729429339548877
921,block_id,2000,0.018,0.8372093023255814,1.0,0.9113924050632911,0.8606618044602541,0.9133593809578395,0.003564154786150713,36,7,1957,0,43,1.2729429339548877
922,block_id,2000,0.015,0.7692307692307693,1.0,0.8695652173913043,0.8347580619510444,0.87505229385766,0.004568527918781726,30,9,1961,0,39,1.2729429339548877
923,block_id,2000,0.011,0.7857142857142857,1.0,0.88,0.8663781780654844,0.8850598431175017,0.003033367037411527,22,6,1972,0,28,1.2729429339548877
924,block_id,2000,0.0175,0.8974358974358975,1.0,0.9459459459459459,0.9373448376005921,0.9463662377295586,0.002035623409669211,35,4,1961,0,39,1.2729429339548877
925,block_id,2000,0.0135,0.84375,1.0,0.9152542372881356,0.9141857168172958,0.9173940040914977,0.002534211860111505,27,5,1968,0,32,1.2729429339548877
926,block_id,2000,0.0145,0.7837837837837838,1.0,0.8787878787878788,0.8403988321154737,0.8835171307499067,0.004058853373921867,29,8,1963,0,37,1.2729429339548877
927,block_id,2000,0.017,0.7727272727272727,1.0,0.8717948717948718,0.8591992238364023,0.8768105945095694,0.00508646998982706,34,10,1956,0,44,1.2729429339548877
928,block_id,2000,0.0135,0.8181818181818182,1.0,0.9,0.8911796536796537,0.9031576179720688,0.0030410542321338066,27,6,1967,0,33,1.2729429339548877
929,block_id,2000,0.0145,0.7837837837837838,1.0,0.8787878787878788,0.8597643686454544,0.8835171307499067,0.004058853373921867,29,8,1963,0,37,1.2729429339548877
930,block_id,2000,0.017,0.7727272727272727,1.0,0.8717948717948718,0.83761102584632,0.8768105945095694,0.00508646998982706,34,10,1956,0,44,1.2729429339548877
931,block_id,2000,0.014,0.9032258064516129,1.0,0.9491525423728814,0.9228598898272073,0.9496587443293243,0.0015212981744421906,28,3,1969,0,31,1.2729429339548877
932,block_id,2000,0.013,0.8125,1.0,0.896551724137931,0.8795838523824353,0.9000168860286889,0.00303951367781155,26,6,1968,0,32,1.2729429339548877
933,block_id,2000,0.0115,0.8846153846153846,1.0,0.9387755102040817,0.9058072362420189,0.9398260607133311,0.0015174506828528073,23,3,1974,0,26,1.2729429339548877
934,block_id,2000,0.013,0.8125,1.0,0.896551724137931,0.876867031709709,0.9000168860286889,0.00303951367781155,26,6,1968,0,32,1.2729429339548877
935,block_id,2000,0.0195,0.9285714285714286,1.0,0.9629629629629629,0.9329061837935503,0.9628867381717836,0.0015298317185109638,39,3,1958,0,42,1.2729429339548877
936,block_id,2000,0.011,0.6875,1.0,0.8148148148148148,0.7849284251180536,0.8270575959002489,0.005055611729019211,22,10,1968,0,32,1.2729429339548877
937,block_id,2000,0.011,0.6470588235294118,1.0,0.7857142857142857,0.7354184991943653,0.8019559150703304,0.006066734074823054,22,12,1966,0,34,1.2729429339548877
938,block_id,2000,0.0155,0.8611111111111112,1.0,0.9253731343283582,0.9051102422070163,0.9267817649964993,0.0025393600812595226,31,5,1964,0,36,1.2729429339548877
939,block_id,2000,0.016,0.7804878048780488,1.0,0.8767123287671232,0.8496832739939845,0.8814298048581781,0.004573170731707317,32,9,1959,0,41,1.2729429339548877
940,block_id,2000,0.0115,0.8214285714285714,1.0,0.9019607843137255,0.8763975155279503,0.90518015288902,0.0025290844714213456,23,5,1972,0,28,1.2729429339548877
941,block_id,2000,0.02,0.7692307692307693,1.0,0.8695652173913043,0.8110900361470849,0.8743690256937409,0.006122448979591836,40,12,1948,0,52,1.2729429339548877
942,block_id,2000,0.0135,0.7714285714285715,1.0,0.8709677419354839,0.8241975308641976,0.876527597929844,0.0040547389761784085,27,8,1965,0,35,1.2729429339548877
943,block_id,2000,0.007,0.7777777777777778,1.0,0.875,0.8247308247308247,0.8810285219978944,0.002014098690835851,14,4,1982,0,18,1.2729429339548877
944,block_id,2000,0.014,0.7368421052631579,1.0,0.8484848484848485,0.7775092493137605,0.8562158509576862,0.005070993914807302,28,10,1962,0,38,1.2729429339548877
945,block_id,2000,0.0155,0.7948717948717948,1.0,0.8857142857142857,0.8179577084906677,0.8897427997701406,0.004062976130015236,31,8,1961,0,39,1.2729429339548877
946,block_id,2000,0.015,0.8333333333333334,1.0,0.9090909090909091,0.8937782862954488,0.911479710288355,0.003045685279187817,30,6,1964,0,36,1.2729429339548877
947,block_id,2000,0.014,0.7567567567567568,1.0,0.8615384615384616,0.7971138364240685,0.867930296014089,0.004563894523326572,28,9,1963,0,37,1.2729429339548877
948,block_id,2000,0.01,0.8695652173913043,1.0,0.9302325581395349,0.9018066172957477,0.9317980974087954,0.0015151515151515152,20,3,1977,0,23,1.2729429339548877
949,block_id,2000,0.017,0.8292682926829268,1.0,0.9066666666666666,0.8951638714870891,0.9090190640926923,0.003560528992878942,34,7,1959,0,41,1.2729429339548877
950,block_id,2000,0.0145,0.9354838709677419,1.0,0.9666666666666667,0.9238328224520611,0.9667133096224858,0.0010147133434804667,29,2,1969,0,31,1.2729429339548877
951,block_id,2000,0.0135,0.84375,1.0,0.9152542372881356,0.8714105866518147,0.9173940040914977,0.002534211860111505,27,5,1968,0,32,1.2729429339548877
952,block_id,2000,0.015,0.8108108108108109,1.0,0.8955223880597015,0.8292314683104156,0.898849129258262,0.003553299492385787,30,7,1963,0,37,1.2729429339548877
953,block_id,2000,0.011,0.8148148148148148,1.0,0.8979591836734694,0.906204906204906,0.9015293235094667,0.0025278058645096056,22,5,1973,0,27,1.2729429339548877
954,block_id,2000,0.013,0.7878787878787878,1.0,0.8813559322033898,0.8578574661156435,0.8860501630652016,0.0035460992907801418,26,7,1967,0,33,1.2729429339548877
955,block_id,2000,0.012,0.8571428571428571,1.0,0.9230769230769231,0.8885932150638032,0.9248825601905315,0.0020242914979757085,24,4,1972,0,28,1.2729429339548877
956,block_id,2000,0.012,0.7272727272727273,1.0,0.8421052631578947,0.7375306372549019,0.8508585371705686,0.004554655870445344,24,9,1967,0,33,1.2729429339548877
957,block_id,2000,0.0135,0.7297297297297297,1.0,0.84375,0.7705385941497053,0.8520746154288459,0.00506842372022301,27,10,1963,0,37,1.2729429339548877
958,block_id,2000,0.0155,0.8157894736842105,1.0,0.8985507246376812,0.8384368178510793,0.9016037140397941,0.0035551041137633316,31,7,1962,0,38,1.2729429339548877
959,block_id,2000,0.017,0.85,1.0,0.918918918918919,0.913116883116883,0.9205465226185954,0.003051881993896236,34,6,1960,0,40,1.2729429339548877
960,block_id,2000,0.018,0.8571428571428571,1.0,0.9230769230769231,0.8797502466366421,0.9244048325505596,0.003054989816700611,36,6,1958,0,42,1.2729429339548877
961,block_id,2000,0.016,0.7804878048780488,1.0,0.8767123287671232,0.8429656950507958,0.8814298048581781,0.004573170731707317,32,9,1959,0,41,1.2729429339548877
962,block_id,2000,0.0105,0.84,1.0,0.9130434782608695,0.8999973835688121,0.9155884298168872,0.00202122283981809,21,4,1975,0,25,1.2729429339548877
963,block_id,2000,0.0115,0.7419354838709677,1.0,0.8518518518518519,0.8540144189365418,0.8596122473844126,0.004046535154274153,23,8,1969,0,31,1.2729429339548877
964,block_id,2000,0.0125,0.78125,1.0,0.8771929824561403,0.8656954545454545,0.8823157103090865,0.0035443037974683543,25,7,1968,0,32,1.2729429339548877
965,block_id,2000,0.0115,0.8518518518518519,1.0,0.92,0.8542453520714389,0.9220240385258271,0.0020232675771370764,23,4,1973,0,27,1.2729429339548877
966,block_id,2000,0.0135,0.7941176470588235,1.0,0.8852459016393442,0.8852350170757618,0.889550560539154,0.0035478966041561076,27,7,1966,0,34,1.2729429339548877
967,block_id,2000,0.013,0.8666666666666667,1.0,0.9285714285714286,0.9009446693657219,0.9300056468690797,0.002026342451874367,26,4,1970,0,30,1.2729429339548877
968,block_id,2000,0.0175,0.7777777777777778,1.0,0.875,0.8279925087443885,0.879670177480097,0.005089058524173028,35,10,1955,0,45,1.2729429339548877
969,block_id,2000,0.016,0.8648648648648649,1.0,0.927536231884058,0.9055922313336575,0.9287989801859037,0.002540650406504065,32,5,1963,0,37,1.2729429339548877
970,block_id,2000,0.0115,0.7666666666666667,1.0,0.8679245283018868,0.7968068163720338,0.8740435435381205,0.0035407182599898838,23,7,1970,0,30,1.2729429339548877
971,block_id,2000,0.016,0.8888888888888888,1.0,0.9411764705882353,0.8923054070112894,0.9418504149573725,0.0020325203252032522,32,4,1964,0,36,1.2729429339548877
972,block_id,2000,0.016,0.7619047619047619,1.0,0.8648648648648649,0.7955626943613213,0.870651075126345,0.00508130081300813,32,10,1958,0,42,1.2729429339548877
973,block_id,2000,0.0185,0.8809523809523809,1.0,0.9367088607594937,0.8736767840348403,0.937394520988901,0.0025471217524197657,37,5,1958,0,42,1.2729429339548877
974,block_id,2000,0.013,0.8666666666666667,1.0,0.9285714285714286,0.8719457892534817,0.9300056468690797,0.002026342451874367,26,4,1970,0,30,1.2729429339548877
975,block_id,2000,0.017,0.8717948717948718,1.0,0.9315068493150684,0.9082658517952635,0.9325114972849058,0.00254323499491353,34,5,1961,0,39,1.2729429339548877
976,block_id,2000,0.0145,0.8285714285714286,1.0,0.90625,0.876639475016757,0.9088724559131685,0.0030441400304414,29,6,1965,0,35,1.2729429339548877
977,block_id,2000,0.0155,0.8157894736842105,1.0,0.8985507246376812,0.8665555895348469,0.9016037140397941,0.0035551041137633316,31,7,1962,0,38,1.2729429339548877
978,block_id,2000,0.0195,0.8478260869565217,1.0,0.9176470588235294,0.9020180769830138,0.9191298497659467,0.0035696073431922487,39,7,1954,0,46,1.2729429339548877
979,block_id,2000,0.016,0.8648648648648649,1.0,0.927536231884058,0.8843642749892751,0.9287989801859037,0.002540650406504065,32,5,1963,0,37,1.2729429339548877
980,block_id,2000,0.0135,0.7714285714285715,1.0,0.8709677419354839,0.857603613925453,0.876527597929844,0.0040547389761784085,27,8,1965,0,35,1.2729429339548877
981,block_id,2000,0.0135,0.84375,1.0,0.9152542372881356,0.8690692326313241,0.9173940040914977,0.002534211860111505,27,5,1968,0,32,1.2729429339548877
982,block_id,2000,0.0155,0.775,1.0,0.8732394366197183,0.8586014374946521,0.8783265865762251,0.0045708481462671405,31,9,1960,0,40,1.2729429339548877
983,block_id,2000,0.012,0.8275862068965517,1.0,0.9056603773584906,0.8821058220889556,0.9085659647177378,0.0025303643724696357,24,5,1971,0,29,1.2729429339548877
984,block_id,2000,0.015,0.8333333333333334,1.0,0.9090909090909091,0.8391696375519905,0.911479710288355,0.003045685279187817,30,6,1964,0,36,1.2729429339548877
985,block_id,2000,0.016,0.8421052631578947,1.0,0.9142857142857143,0.900326858813701,0.9162629912109846,0.003048780487804878,32,6,1962,0,38,1.2729429339548877
986,block_id,2000,0.013,0.7647058823529411,1.0,0.8666666666666667,0.833264774441245,0.8727008481534332,0.004052684903748734,26,8,1966,0,34,1.2729429339548877
987,block_id,2000,0.0145,0.8529411764705882,1.0,0.9206349206349206,0.9033212827465081,0.9223759805459846,0.0025367833587011668,29,5,1966,0,34,1.2729429339548877
988,block_id,2000,0.0155,0.8378378378378378,1.0,0.9117647058823529,0.8673775036253815,0.9139391399244639,0.0030472320975114273,31,6,1963,0,37,1.2729429339548877
989,block_id,2000,0.0185,0.9024390243902439,1.0,0.9487179487179487,0.9388703597987627,0.9489995399023323,0.0020376974019358125,37,4,1959,0,41,1.2729429339548877
990,block_id,2000,0.0095,0.8636363636363636,1.0,0.926829268292683,0.8751058152373941,0.9286164354762474,0.001514386673397274,19,3,1978,0,22,1.2729429339548877
991,block_id,2000,0.012,0.7741935483870968,1.0,0.8727272727272727,0.8224580961416824,0.878322810762631,0.00354251012145749,24,7,1969,0,31,1.2729429339548877
992,block_id,2000,0.015,0.8571428571428571,1.0,0.9230769230769231,0.8757067115890644,0.9246444547271794,0.0025380710659898475,30,5,1965,0,35,1.2729429339548877
993,block_id,2000,0.0135,0.7714285714285715,1.0,0.8709677419354839,0.7268812839145321,0.876527597929844,0.0040547389761784085,27,8,1965,0,35,1.2729429339548877
994,block_id,2000,0.013,0.8125,1.0,0.896551724137931,0.8524775018583068,0.9000168860286889,0.00303951367781155,26,6,1968,0,32,1.2729429339548877
995,block_id,2000,0.012,0.7741935483870968,1.0,0.8727272727272727,0.8055222051912223,0.878322810762631,0.00354251012145749,24,7,1969,0,31,1.2729429339548877
996,block_id,2000,0.0195,0.7959183673469388,1.0,0.8863636363636364,0.821298070724731,0.889864950503481,0.005099439061703213,39,10,1951,0,49,1.2729429339548877
997,block_id,2000,0.015,0.8571428571428571,1.0,0.9230769230769231,0.9031799118755639,0.9246444547271794,0.0025380710659898475,30,5,1965,0,35,1.2729429339548877
998,block_id,2000,0.0125,0.8333333333333334,1.0,0.9090909090909091,0.9230476190476191,0.9117146640764221,0.002531645569620253,25,5,1970,0,30,1.2729429339548877
999,block_id,2000,0.019,0.8444444444444444,1.0,0.9156626506024096,0.8679228373965217,0.917295833258274,0.003567787971457696,38,7,1955,0,45,1.2729429339548877
1000,block_id,2000,0.0185,0.925,1.0,0.961038961038961,0.9466993749602446,0.9610339991006598,0.0015282730514518594,37,3,1960,0,40,1.2729429339548877
