dataset;subtype;filepath;lineno;recno;timestamp_iso;severity;event;source;component;host;pid;tid;session;user;uid;gid;auid;euid;egid;exe;path;path_all;exec_args;exec_args_all;exec_env_all;src_ip;src_port;dst_ip;dst_port;proto;length;flags;http_method;http_url;http_status;bytes_sent;user_agent;referrer;category;subcategory;message
bgl;bgl;E:\Cours\TFE\experiments\phase_dataset_strengthening\processed\multiformat_balanced_20260910T093742Z\samples\bgl.log;1;;2005-06-03T15:42:50.363779+00:00;INFO;-;KERNEL;KERNEL;R02-M1-N0-C:J12-U11;;;;;;;;;;;;;;;;;;;;;;;;;;;;;system;bgl;instruction cache parity error corrected
bgl;bgl;E:\Cours\TFE\experiments\phase_dataset_strengthening\processed\multiformat_balanced_20260910T093742Z\samples\bgl.log;2;;2005-06-03T15:42:50.527847+00:00;INFO;-;KERNEL;KERNEL;R02-M1-N0-C:J12-U11;;;;;;;;;;;;;;;;;;;;;;;;;;;;;system;bgl;instruction cache parity error corrected
bgl;bgl;E:\Cours\TFE\experiments\phase_dataset_strengthening\processed\multiformat_balanced_20260910T093742Z\samples\bgl.log;3;;2005-06-03T15:42:50.675872+00:00;INFO;-;KERNEL;KERNEL;R02-M1-N0-C:J12-U11;;;;;;;;;;;;;;;;;;;;;;;;;;;;;system;bgl;instruction cache parity error corrected
bgl;bgl;E:\Cours\TFE\experiments\phase_dataset_strengthening\processed\multiformat_balanced_20260910T093742Z\samples\bgl.log;4;;2005-06-03T15:42:50.823719+00:00;INFO;-;KERNEL;KERNEL;R02-M1-N0-C:J12-U11;;;;;;;;;;;;;;;;;;;;;;;;;;;;;system;bgl;instruction cache parity error corrected
bgl;bgl;E:\Cours\TFE\experiments\phase_dataset_strengthening\processed\multiformat_balanced_20260910T093742Z\samples\bgl.log;5;;2005-06-03T15:42:50.982731+00:00;INFO;-;KERNEL;KERNEL;R02-M1-N0-C:J12-U11;;;;;;;;;;;;;;;;;;;;;;;;;;;;;system;bgl;instruction cache parity error corrected
bgl;bgl;E:\Cours\TFE\experiments\phase_dataset_strengthening\processed\multiformat_balanced_20260910T093742Z\samples\bgl.log;6;;2005-06-03T15:42:51.131467+00:00;INFO;-;KERNEL;KERNEL;R02-M1-N0-C:J12-U11;;;;;;;;;;;;;;;;;;;;;;;;;;;;;system;bgl;instruction cache parity error corrected
bgl;bgl;E:\Cours\TFE\experiments\phase_dataset_strengthening\processed\multiformat_balanced_20260910T093742Z\samples\bgl.log;7;;2005-06-03T15:42:51.293532+00:00;INFO;-;KERNEL;KERNEL;R02-M1-N0-C:J12-U11;;;;;;;;;;;;;;;;;;;;;;;;;;;;;system;bgl;instruction cache parity error corrected
bgl;bgl;E:\Cours\TFE\experiments\phase_dataset_strengthening\processed\multiformat_balanced_20260910T093742Z\samples\bgl.log;8;;2005-06-03T15:42:51.428563+00:00;INFO;-;KERNEL;KERNEL;R02-M1-N0-C:J12-U11;;;;;;;;;;;;;;;;;;;;;;;;;;;;;system;bgl;instruction cache parity error corrected
bgl;bgl;E:\Cours\TFE\experiments\phase_dataset_strengthening\processed\multiformat_balanced_20260910T093742Z\samples\bgl.log;9;;2005-06-03T15:42:51.601412+00:00;INFO;-;KERNEL;KERNEL;R02-M1-N0-C:J12-U11;;;;;;;;;;;;;;;;;;;;;;;;;;;;;system;bgl;instruction cache parity error corrected
bgl;bgl;E:\Cours\TFE\experiments\phase_dataset_strengthening\processed\multiformat_balanced_20260910T093742Z\samples\bgl.log;10;;2005-06-03T15:42:51.749199+00:00;INFO;-;KERNEL;KERNEL;R02-M1-N0-C:J12-U11;;;;;;;;;;;;;;;;;;;;;;;;;;;;;system;bgl;instruction cache parity error corrected
bgl;bgl;E:\Cours\TFE\experiments\phase_dataset_strengthening\processed\multiformat_balanced_20260910T093742Z\samples\bgl.log;11;;2005-06-03T15:42:51.885834+00:00;INFO;-;KERNEL;KERNEL;R02-M1-N0-C:J12-U11;;;;;;;;;;;;;;;;;;;;;;;;;;;;;system;bgl;instruction cache parity error corrected
bgl;bgl;E:\Cours\TFE\experiments\phase_dataset_strengthening\processed\multiformat_balanced_20260910T093742Z\samples\bgl.log;12;;2005-06-03T15:42:52.041388+00:00;INFO;-;KERNEL;KERNEL;R02-M1-N0-C:J12-U11;;;;;;;;;;;;;;;;;;;;;;;;;;;;;system;bgl;instruction cache parity error corrected
bgl;bgl;E:\Cours\TFE\experiments\phase_dataset_strengthening\processed\multiformat_balanced_20260910T093742Z\samples\bgl.log;13;;2005-06-03T15:42:52.199063+00:00;INFO;-;KERNEL;KERNEL;R02-M1-N0-C:J12-U11;;;;;;;;;;;;;;;;;;;;;;;;;;;;;system;bgl;instruction cache parity error corrected
bgl;bgl;E:\Cours\TFE\experiments\phase_dataset_strengthening\processed\multiformat_balanced_20260910T093742Z\samples\bgl.log;14;;2005-06-03T15:42:52.345821+00:00;INFO;-;KERNEL;KERNEL;R02-M1-N0-C:J12-U11;;;;;;;;;;;;;;;;;;;;;;;;;;;;;system;bgl;instruction cache parity error corrected
bgl;bgl;E:\Cours\TFE\experiments\phase_dataset_strengthening\processed\multiformat_balanced_20260910T093742Z\samples\bgl.log;15;;2005-06-03T15:42:52.493353+00:00;INFO;-;KERNEL;KERNEL;R02-M1-N0-C:J12-U11;;;;;;;;;;;;;;;;;;;;;;;;;;;;;system;bgl;instruction cache parity error corrected
bgl;bgl;E:\Cours\TFE\experiments\phase_dataset_strengthening\processed\multiformat_balanced_20260910T093742Z\samples\bgl.log;16;;2005-06-03T15:42:52.638135+00:00;INFO;-;KERNEL;KERNEL;R02-M1-N0-C:J12-U11;;;;;;;;;;;;;;;;;;;;;;;;;;;;;system;bgl;instruction cache parity error corrected
bgl;bgl;E:\Cours\TFE\experiments\phase_dataset_strengthening\processed\multiformat_balanced_20260910T093742Z\samples\bgl.log;17;;2005-06-03T15:42:52.807927+00:00;INFO;-;KERNEL;KERNEL;R02-M1-N0-C:J12-U11;;;;;;;;;;;;;;;;;;;;;;;;;;;;;system;bgl;instruction cache parity error corrected
bgl;bgl;E:\Cours\TFE\experiments\phase_dataset_strengthening\processed\multiformat_balanced_20260910T093742Z\samples\bgl.log;18;;2005-06-03T15:42:52.951717+00:00;INFO;-;KERNEL;KERNEL;R02-M1-N0-C:J12-U11;;;;;;;;;;;;;;;;;;;;;;;;;;;;;system;bgl;instruction cache parity error corrected
bgl;bgl;E:\Cours\TFE\experiments\phase_dataset_strengthening\processed\multiformat_balanced_20260910T093742Z\samples\bgl.log;19;;2005-06-03T15:42:53.125780+00:00;INFO;-;KERNEL;KERNEL;R02-M1-N0-C:J12-U11;;;;;;;;;;;;;;;;;;;;;;;;;;;;;system;bgl;instruction cache parity error corrected
bgl;bgl;E:\Cours\TFE\experiments\phase_dataset_strengthening\processed\multiformat_balanced_20260910T093742Z\samples\bgl.log;20;;2005-06-03T15:42:53.276129+00:00;INFO;-;KERNEL;KERNEL;R02-M1-N0-C:J12-U11;;;;;;;;;;;;;;;;;;;;;;;;;;;;;system;bgl;instruction cache parity error corrected
bgl;bgl;E:\Cours\TFE\experiments\phase_dataset_strengthening\processed\multiformat_balanced_20260910T093742Z\samples\bgl.log;21;;2005-06-03T15:42:53.414979+00:00;INFO;-;KERNEL;KERNEL;R02-M1-N0-C:J12-U11;;;;;;;;;;;;;;;;;;;;;;;;;;;;;system;bgl;instruction cache parity error corrected
bgl;bgl;E:\Cours\TFE\experiments\phase_dataset_strengthening\processed\multiformat_balanced_20260910T093742Z\samples\bgl.log;22;;2005-06-03T15:42:53.573391+00:00;INFO;-;KERNEL;KERNEL;R02-M1-N0-C:J12-U11;;;;;;;;;;;;;;;;;;;;;;;;;;;;;system;bgl;instruction cache parity error corrected
bgl;bgl;E:\Cours\TFE\experiments\phase_dataset_strengthening\processed\multiformat_balanced_20260910T093742Z\samples\bgl.log;23;;2005-06-03T15:42:53.722611+00:00;INFO;-;KERNEL;KERNEL;R02-M1-N0-C:J12-U11;;;;;;;;;;;;;;;;;;;;;;;;;;;;;system;bgl;instruction cache parity error corrected
bgl;bgl;E:\Cours\TFE\experiments\phase_dataset_strengthening\processed\multiformat_balanced_20260910T093742Z\samples\bgl.log;24;;2005-06-03T15:42:53.870042+00:00;INFO;-;KERNEL;KERNEL;R02-M1-N0-C:J12-U11;;;;;;;;;;;;;;;;;;;;;;;;;;;;;system;bgl;instruction cache parity error corrected
bgl;bgl;E:\Cours\TFE\experiments\phase_dataset_strengthening\processed\multiformat_balanced_20260910T093742Z\samples\bgl.log;25;;2005-06-03T15:42:54.019446+00:00;INFO;-;KERNEL;KERNEL;R02-M1-N0-C:J12-U11;;;;;;;;;;;;;;;;;;;;;;;;;;;;;system;bgl;instruction cache parity error corrected
bgl;bgl;E:\Cours\TFE\experiments\phase_dataset_strengthening\processed\multiformat_balanced_20260910T093742Z\samples\bgl.log;26;;2005-06-03T15:42:54.161937+00:00;INFO;-;KERNEL;KERNEL;R02-M1-N0-C:J12-U11;;;;;;;;;;;;;;;;;;;;;;;;;;;;;system;bgl;instruction cache parity error corrected
bgl;bgl;E:\Cours\TFE\experiments\phase_dataset_strengthening\processed\multiformat_balanced_20260910T093742Z\samples\bgl.log;27;;2005-06-03T15:42:54.309788+00:00;INFO;-;KERNEL;KERNEL;R02-M1-N0-C:J12-U11;;;;;;;;;;;;;;;;;;;;;;;;;;;;;system;bgl;instruction cache parity error corrected
bgl;bgl;E:\Cours\TFE\experiments\phase_dataset_strengthening\processed\multiformat_balanced_20260910T093742Z\samples\bgl.log;28;;2005-06-03T15:42:54.532078+00:00;INFO;-;KERNEL;KERNEL;R02-M1-N0-C:J12-U11;;;;;;;;;;;;;;;;;;;;;;;;;;;;;system;bgl;instruction cache parity error corrected
bgl;bgl;E:\Cours\TFE\experiments\phase_dataset_strengthening\processed\multiformat_balanced_20260910T093742Z\samples\bgl.log;29;;2005-06-03T15:42:54.672029+00:00;INFO;-;KERNEL;KERNEL;R02-M1-N0-C:J12-U11;;;;;;;;;;;;;;;;;;;;;;;;;;;;;system;bgl;instruction cache parity error corrected
bgl;bgl;E:\Cours\TFE\experiments\phase_dataset_strengthening\processed\multiformat_balanced_20260910T093742Z\samples\bgl.log;30;;2005-06-03T15:42:54.822857+00:00;INFO;-;KERNEL;KERNEL;R02-M1-N0-C:J12-U11;;;;;;;;;;;;;;;;;;;;;;;;;;;;;system;bgl;instruction cache parity error corrected
bgl;bgl;E:\Cours\TFE\experiments\phase_dataset_strengthening\processed\multiformat_balanced_20260910T093742Z\samples\bgl.log;31;;2005-06-03T15:42:54.958702+00:00;INFO;-;KERNEL;KERNEL;R02-M1-N0-C:J12-U11;;;;;;;;;;;;;;;;;;;;;;;;;;;;;system;bgl;instruction cache parity error corrected
bgl;bgl;E:\Cours\TFE\experiments\phase_dataset_strengthening\processed\multiformat_balanced_20260910T093742Z\samples\bgl.log;32;;2005-06-03T15:42:55.114809+00:00;INFO;-;KERNEL;KERNEL;R02-M1-N0-C:J12-U11;;;;;;;;;;;;;;;;;;;;;;;;;;;;;system;bgl;instruction cache parity error corrected
bgl;bgl;E:\Cours\TFE\experiments\phase_dataset_strengthening\processed\multiformat_balanced_20260910T093742Z\samples\bgl.log;33;;2005-06-03T15:42:55.258578+00:00;INFO;-;KERNEL;KERNEL;R02-M1-N0-C:J12-U11;;;;;;;;;;;;;;;;;;;;;;;;;;;;;system;bgl;instruction cache parity error corrected
bgl;bgl;E:\Cours\TFE\experiments\phase_dataset_strengthening\processed\multiformat_balanced_20260910T093742Z\samples\bgl.log;34;;2005-06-03T15:42:55.401336+00:00;INFO;-;KERNEL;KERNEL;R02-M1-N0-C:J12-U11;;;;;;;;;;;;;;;;;;;;;;;;;;;;;system;bgl;instruction cache parity error corrected
bgl;bgl;E:\Cours\TFE\experiments\phase_dataset_strengthening\processed\multiformat_balanced_20260910T093742Z\samples\bgl.log;35;;2005-06-03T15:42:55.551171+00:00;INFO;-;KERNEL;KERNEL;R02-M1-N0-C:J12-U11;;;;;;;;;;;;;;;;;;;;;;;;;;;;;system;bgl;instruction cache parity error corrected
bgl;bgl;E:\Cours\TFE\experiments\phase_dataset_strengthening\processed\multiformat_balanced_20260910T093742Z\samples\bgl.log;36;;2005-06-03T15:42:55.696784+00:00;INFO;-;KERNEL;KERNEL;R02-M1-N0-C:J12-U11;;;;;;;;;;;;;;;;;;;;;;;;;;;;;system;bgl;instruction cache parity error corrected
bgl;bgl;E:\Cours\TFE\experiments\phase_dataset_strengthening\processed\multiformat_balanced_20260910T093742Z\samples\bgl.log;37;;2005-06-03T15:42:55.841735+00:00;INFO;-;KERNEL;KERNEL;R02-M1-N0-C:J12-U11;;;;;;;;;;;;;;;;;;;;;;;;;;;;;system;bgl;instruction cache parity error corrected
bgl;bgl;E:\Cours\TFE\experiments\phase_dataset_strengthening\processed\multiformat_balanced_20260910T093742Z\samples\bgl.log;38;;2005-06-03T15:42:55.973893+00:00;INFO;-;KERNEL;KERNEL;R02-M1-N0-C:J12-U11;;;;;;;;;;;;;;;;;;;;;;;;;;;;;system;bgl;instruction cache parity error corrected
bgl;bgl;E:\Cours\TFE\experiments\phase_dataset_strengthening\processed\multiformat_balanced_20260910T093742Z\samples\bgl.log;39;;2005-06-03T15:42:56.126048+00:00;INFO;-;KERNEL;KERNEL;R02-M1-N0-C:J12-U11;;;;;;;;;;;;;;;;;;;;;;;;;;;;;system;bgl;instruction cache parity error corrected
bgl;bgl;E:\Cours\TFE\experiments\phase_dataset_strengthening\processed\multiformat_balanced_20260910T093742Z\samples\bgl.log;40;;2005-06-03T15:42:56.275900+00:00;INFO;-;KERNEL;KERNEL;R02-M1-N0-C:J12-U11;;;;;;;;;;;;;;;;;;;;;;;;;;;;;system;bgl;instruction cache parity error corrected
bgl;bgl;E:\Cours\TFE\experiments\phase_dataset_strengthening\processed\multiformat_balanced_20260910T093742Z\samples\bgl.log;41;;2005-06-03T15:42:56.420533+00:00;INFO;-;KERNEL;KERNEL;R02-M1-N0-C:J12-U11;;;;;;;;;;;;;;;;;;;;;;;;;;;;;system;bgl;instruction cache parity error corrected
bgl;bgl;E:\Cours\TFE\experiments\phase_dataset_strengthening\processed\multiformat_balanced_20260910T093742Z\samples\bgl.log;42;;2005-06-03T15:42:56.558188+00:00;INFO;-;KERNEL;KERNEL;R02-M1-N0-C:J12-U11;;;;;;;;;;;;;;;;;;;;;;;;;;;;;system;bgl;instruction cache parity error corrected
bgl;bgl;E:\Cours\TFE\experiments\phase_dataset_strengthening\processed\multiformat_balanced_20260910T093742Z\samples\bgl.log;43;;2005-06-03T15:42:56.715625+00:00;INFO;-;KERNEL;KERNEL;R02-M1-N0-C:J12-U11;;;;;;;;;;;;;;;;;;;;;;;;;;;;;system;bgl;instruction cache parity error corrected
bgl;bgl;E:\Cours\TFE\experiments\phase_dataset_strengthening\processed\multiformat_balanced_20260910T093742Z\samples\bgl.log;44;;2005-06-03T15:42:56.863230+00:00;INFO;-;KERNEL;KERNEL;R02-M1-N0-C:J12-U11;;;;;;;;;;;;;;;;;;;;;;;;;;;;;system;bgl;instruction cache parity error corrected
bgl;bgl;E:\Cours\TFE\experiments\phase_dataset_strengthening\processed\multiformat_balanced_20260910T093742Z\samples\bgl.log;45;;2005-06-03T15:42:57.001213+00:00;INFO;-;KERNEL;KERNEL;R02-M1-N0-C:J12-U11;;;;;;;;;;;;;;;;;;;;;;;;;;;;;system;bgl;instruction cache parity error corrected
bgl;bgl;E:\Cours\TFE\experiments\phase_dataset_strengthening\processed\multiformat_balanced_20260910T093742Z\samples\bgl.log;46;;2005-06-03T15:42:57.170578+00:00;INFO;-;KERNEL;KERNEL;R02-M1-N0-C:J12-U11;;;;;;;;;;;;;;;;;;;;;;;;;;;;;system;bgl;instruction cache parity error corrected
bgl;bgl;E:\Cours\TFE\experiments\phase_dataset_strengthening\processed\multiformat_balanced_20260910T093742Z\samples\bgl.log;47;;2005-06-03T15:42:57.319602+00:00;INFO;-;KERNEL;KERNEL;R02-M1-N0-C:J12-U11;;;;;;;;;;;;;;;;;;;;;;;;;;;;;system;bgl;instruction cache parity error corrected
bgl;bgl;E:\Cours\TFE\experiments\phase_dataset_strengthening\processed\multiformat_balanced_20260910T093742Z\samples\bgl.log;48;;2005-06-03T15:42:57.468068+00:00;INFO;-;KERNEL;KERNEL;R02-M1-N0-C:J12-U11;;;;;;;;;;;;;;;;;;;;;;;;;;;;;system;bgl;instruction cache parity error corrected
bgl;bgl;E:\Cours\TFE\experiments\phase_dataset_strengthening\processed\multiformat_balanced_20260910T093742Z\samples\bgl.log;49;;2005-06-03T15:42:57.609155+00:00;INFO;-;KERNEL;KERNEL;R02-M1-N0-C:J12-U11;;;;;;;;;;;;;;;;;;;;;;;;;;;;;system;bgl;instruction cache parity error corrected
bgl;bgl;E:\Cours\TFE\experiments\phase_dataset_strengthening\processed\multiformat_balanced_20260910T093742Z\samples\bgl.log;50;;2005-06-03T15:42:57.757117+00:00;INFO;-;KERNEL;KERNEL;R02-M1-N0-C:J12-U11;;;;;;;;;;;;;;;;;;;;;;;;;;;;;system;bgl;instruction cache parity error corrected
bgl;bgl;E:\Cours\TFE\experiments\phase_dataset_strengthening\processed\multiformat_balanced_20260910T093742Z\samples\bgl.log;51;;2005-06-03T15:42:57.915514+00:00;INFO;-;KERNEL;KERNEL;R02-M1-N0-C:J12-U11;;;;;;;;;;;;;;;;;;;;;;;;;;;;;system;bgl;instruction cache parity error corrected
bgl;bgl;E:\Cours\TFE\experiments\phase_dataset_strengthening\processed\multiformat_balanced_20260910T093742Z\samples\bgl.log;52;;2005-06-03T15:42:58.047957+00:00;INFO;-;KERNEL;KERNEL;R02-M1-N0-C:J12-U11;;;;;;;;;;;;;;;;;;;;;;;;;;;;;system;bgl;instruction cache parity error corrected
bgl;bgl;E:\Cours\TFE\experiments\phase_dataset_strengthening\processed\multiformat_balanced_20260910T093742Z\samples\bgl.log;53;;2005-06-03T15:42:58.199532+00:00;INFO;-;KERNEL;KERNEL;R02-M1-N0-C:J12-U11;;;;;;;;;;;;;;;;;;;;;;;;;;;;;system;bgl;instruction cache parity error corrected
bgl;bgl;E:\Cours\TFE\experiments\phase_dataset_strengthening\processed\multiformat_balanced_20260910T093742Z\samples\bgl.log;54;;2005-06-03T15:42:58.351645+00:00;INFO;-;KERNEL;KERNEL;R02-M1-N0-C:J12-U11;;;;;;;;;;;;;;;;;;;;;;;;;;;;;system;bgl;instruction cache parity error corrected
bgl;bgl;E:\Cours\TFE\experiments\phase_dataset_strengthening\processed\multiformat_balanced_20260910T093742Z\samples\bgl.log;55;;2005-06-03T15:42:58.514875+00:00;INFO;-;KERNEL;KERNEL;R02-M1-N0-C:J12-U11;;;;;;;;;;;;;;;;;;;;;;;;;;;;;system;bgl;instruction cache parity error corrected
bgl;bgl;E:\Cours\TFE\experiments\phase_dataset_strengthening\processed\multiformat_balanced_20260910T093742Z\samples\bgl.log;56;;2005-06-03T15:42:58.670503+00:00;INFO;-;KERNEL;KERNEL;R02-M1-N0-C:J12-U11;;;;;;;;;;;;;;;;;;;;;;;;;;;;;system;bgl;instruction cache parity error corrected
bgl;bgl;E:\Cours\TFE\experiments\phase_dataset_strengthening\processed\multiformat_balanced_20260910T093742Z\samples\bgl.log;57;;2005-06-03T15:42:58.824652+00:00;INFO;-;KERNEL;KERNEL;R02-M1-N0-C:J12-U11;;;;;;;;;;;;;;;;;;;;;;;;;;;;;system;bgl;instruction cache parity error corrected
bgl;bgl;E:\Cours\TFE\experiments\phase_dataset_strengthening\processed\multiformat_balanced_20260910T093742Z\samples\bgl.log;58;;2005-06-03T15:42:58.973175+00:00;INFO;-;KERNEL;KERNEL;R02-M1-N0-C:J12-U11;;;;;;;;;;;;;;;;;;;;;;;;;;;;;system;bgl;instruction cache parity error corrected
bgl;bgl;E:\Cours\TFE\experiments\phase_dataset_strengthening\processed\multiformat_balanced_20260910T093742Z\samples\bgl.log;59;;2005-06-03T15:42:59.108201+00:00;INFO;-;KERNEL;KERNEL;R02-M1-N0-C:J12-U11;;;;;;;;;;;;;;;;;;;;;;;;;;;;;system;bgl;instruction cache parity error corrected
bgl;bgl;E:\Cours\TFE\experiments\phase_dataset_strengthening\processed\multiformat_balanced_20260910T093742Z\samples\bgl.log;60;;2005-06-03T15:42:59.257767+00:00;INFO;-;KERNEL;KERNEL;R02-M1-N0-C:J12-U11;;;;;;;;;;;;;;;;;;;;;;;;;;;;;system;bgl;instruction cache parity error corrected
bgl;bgl;E:\Cours\TFE\experiments\phase_dataset_strengthening\processed\multiformat_balanced_20260910T093742Z\samples\bgl.log;61;;2005-06-03T15:42:59.413771+00:00;INFO;-;KERNEL;KERNEL;R02-M1-N0-C:J12-U11;;;;;;;;;;;;;;;;;;;;;;;;;;;;;system;bgl;instruction cache parity error corrected
bgl;bgl;E:\Cours\TFE\experiments\phase_dataset_strengthening\processed\multiformat_balanced_20260910T093742Z\samples\bgl.log;62;;2005-06-03T15:42:59.553525+00:00;INFO;-;KERNEL;KERNEL;R02-M1-N0-C:J12-U11;;;;;;;;;;;;;;;;;;;;;;;;;;;;;system;bgl;instruction cache parity error corrected
bgl;bgl;E:\Cours\TFE\experiments\phase_dataset_strengthening\processed\multiformat_balanced_20260910T093742Z\samples\bgl.log;63;;2005-06-03T15:42:59.703464+00:00;INFO;-;KERNEL;KERNEL;R02-M1-N0-C:J12-U11;;;;;;;;;;;;;;;;;;;;;;;;;;;;;system;bgl;instruction cache parity error corrected
bgl;bgl;E:\Cours\TFE\experiments\phase_dataset_strengthening\processed\multiformat_balanced_20260910T093742Z\samples\bgl.log;64;;2005-06-03T15:42:59.858422+00:00;INFO;-;KERNEL;KERNEL;R02-M1-N0-C:J12-U11;;;;;;;;;;;;;;;;;;;;;;;;;;;;;system;bgl;instruction cache parity error corrected
bgl;bgl;E:\Cours\TFE\experiments\phase_dataset_strengthening\processed\multiformat_balanced_20260910T093742Z\samples\bgl.log;65;;2005-06-03T15:43:00.000708+00:00;INFO;-;KERNEL;KERNEL;R02-M1-N0-C:J12-U11;;;;;;;;;;;;;;;;;;;;;;;;;;;;;system;bgl;instruction cache parity error corrected
bgl;bgl;E:\Cours\TFE\experiments\phase_dataset_strengthening\processed\multiformat_balanced_20260910T093742Z\samples\bgl.log;66;;2005-06-03T15:43:00.132832+00:00;INFO;-;KERNEL;KERNEL;R02-M1-N0-C:J12-U11;;;;;;;;;;;;;;;;;;;;;;;;;;;;;system;bgl;instruction cache parity error corrected
bgl;bgl;E:\Cours\TFE\experiments\phase_dataset_strengthening\processed\multiformat_balanced_20260910T093742Z\samples\bgl.log;67;;2005-06-03T15:43:00.277471+00:00;INFO;-;KERNEL;KERNEL;R02-M1-N0-C:J12-U11;;;;;;;;;;;;;;;;;;;;;;;;;;;;;system;bgl;instruction cache parity error corrected
bgl;bgl;E:\Cours\TFE\experiments\phase_dataset_strengthening\processed\multiformat_balanced_20260910T093742Z\samples\bgl.log;68;;2005-06-03T15:43:00.428176+00:00;INFO;-;KERNEL;KERNEL;R02-M1-N0-C:J12-U11;;;;;;;;;;;;;;;;;;;;;;;;;;;;;system;bgl;instruction cache parity error corrected
bgl;bgl;E:\Cours\TFE\experiments\phase_dataset_strengthening\processed\multiformat_balanced_20260910T093742Z\samples\bgl.log;69;;2005-06-03T15:43:00.561919+00:00;INFO;-;KERNEL;KERNEL;R02-M1-N0-C:J12-U11;;;;;;;;;;;;;;;;;;;;;;;;;;;;;system;bgl;instruction cache parity error corrected
bgl;bgl;E:\Cours\TFE\experiments\phase_dataset_strengthening\processed\multiformat_balanced_20260910T093742Z\samples\bgl.log;70;;2005-06-03T15:43:00.713415+00:00;INFO;-;KERNEL;KERNEL;R02-M1-N0-C:J12-U11;;;;;;;;;;;;;;;;;;;;;;;;;;;;;system;bgl;instruction cache parity error corrected
bgl;bgl;E:\Cours\TFE\experiments\phase_dataset_strengthening\processed\multiformat_balanced_20260910T093742Z\samples\bgl.log;71;;2005-06-03T15:43:00.869117+00:00;INFO;-;KERNEL;KERNEL;R02-M1-N0-C:J12-U11;;;;;;;;;;;;;;;;;;;;;;;;;;;;;system;bgl;instruction cache parity error corrected
bgl;bgl;E:\Cours\TFE\experiments\phase_dataset_strengthening\processed\multiformat_balanced_20260910T093742Z\samples\bgl.log;72;;2005-06-03T15:43:01.014845+00:00;INFO;-;KERNEL;KERNEL;R02-M1-N0-C:J12-U11;;;;;;;;;;;;;;;;;;;;;;;;;;;;;system;bgl;instruction cache parity error corrected
bgl;bgl;E:\Cours\TFE\experiments\phase_dataset_strengthening\processed\multiformat_balanced_20260910T093742Z\samples\bgl.log;73;;2005-06-03T15:43:01.172337+00:00;INFO;-;KERNEL;KERNEL;R02-M1-N0-C:J12-U11;;;;;;;;;;;;;;;;;;;;;;;;;;;;;system;bgl;instruction cache parity error corrected
bgl;bgl;E:\Cours\TFE\experiments\phase_dataset_strengthening\processed\multiformat_balanced_20260910T093742Z\samples\bgl.log;74;;2005-06-03T15:43:01.317488+00:00;INFO;-;KERNEL;KERNEL;R02-M1-N0-C:J12-U11;;;;;;;;;;;;;;;;;;;;;;;;;;;;;system;bgl;instruction cache parity error corrected
bgl;bgl;E:\Cours\TFE\experiments\phase_dataset_strengthening\processed\multiformat_balanced_20260910T093742Z\samples\bgl.log;75;;2005-06-03T15:43:01.470239+00:00;INFO;-;KERNEL;KERNEL;R02-M1-N0-C:J12-U11;;;;;;;;;;;;;;;;;;;;;;;;;;;;;system;bgl;instruction cache parity error corrected
bgl;bgl;E:\Cours\TFE\experiments\phase_dataset_strengthening\processed\multiformat_balanced_20260910T093742Z\samples\bgl.log;76;;2005-06-03T15:43:01.606902+00:00;INFO;-;KERNEL;KERNEL;R02-M1-N0-C:J12-U11;;;;;;;;;;;;;;;;;;;;;;;;;;;;;system;bgl;instruction cache parity error corrected
bgl;bgl;E:\Cours\TFE\experiments\phase_dataset_strengthening\processed\multiformat_balanced_20260910T093742Z\samples\bgl.log;77;;2005-06-03T15:43:01.767944+00:00;INFO;-;KERNEL;KERNEL;R02-M1-N0-C:J12-U11;;;;;;;;;;;;;;;;;;;;;;;;;;;;;system;bgl;instruction cache parity error corrected
bgl;bgl;E:\Cours\TFE\experiments\phase_dataset_strengthening\processed\multiformat_balanced_20260910T093742Z\samples\bgl.log;78;;2005-06-03T15:43:01.917819+00:00;INFO;-;KERNEL;KERNEL;R02-M1-N0-C:J12-U11;;;;;;;;;;;;;;;;;;;;;;;;;;;;;system;bgl;instruction cache parity error corrected
bgl;bgl;E:\Cours\TFE\experiments\phase_dataset_strengthening\processed\multiformat_balanced_20260910T093742Z\samples\bgl.log;79;;2005-06-03T15:43:02.061263+00:00;INFO;-;KERNEL;KERNEL;R02-M1-N0-C:J12-U11;;;;;;;;;;;;;;;;;;;;;;;;;;;;;system;bgl;instruction cache parity error corrected
bgl;bgl;E:\Cours\TFE\experiments\phase_dataset_strengthening\processed\multiformat_balanced_20260910T093742Z\samples\bgl.log;80;;2005-06-03T15:43:02.228021+00:00;INFO;-;KERNEL;KERNEL;R02-M1-N0-C:J12-U11;;;;;;;;;;;;;;;;;;;;;;;;;;;;;system;bgl;instruction cache parity error corrected
bgl;bgl;E:\Cours\TFE\experiments\phase_dataset_strengthening\processed\multiformat_balanced_20260910T093742Z\samples\bgl.log;81;;2005-06-03T15:43:02.388730+00:00;INFO;-;KERNEL;KERNEL;R02-M1-N0-C:J12-U11;;;;;;;;;;;;;;;;;;;;;;;;;;;;;system;bgl;instruction cache parity error corrected
bgl;bgl;E:\Cours\TFE\experiments\phase_dataset_strengthening\processed\multiformat_balanced_20260910T093742Z\samples\bgl.log;82;;2005-06-03T15:43:02.531785+00:00;INFO;-;KERNEL;KERNEL;R02-M1-N0-C:J12-U11;;;;;;;;;;;;;;;;;;;;;;;;;;;;;system;bgl;instruction cache parity error corrected
bgl;bgl;E:\Cours\TFE\experiments\phase_dataset_strengthening\processed\multiformat_balanced_20260910T093742Z\samples\bgl.log;83;;2005-06-03T15:43:02.668455+00:00;INFO;-;KERNEL;KERNEL;R02-M1-N0-C:J12-U11;;;;;;;;;;;;;;;;;;;;;;;;;;;;;system;bgl;instruction cache parity error corrected
bgl;bgl;E:\Cours\TFE\experiments\phase_dataset_strengthening\processed\multiformat_balanced_20260910T093742Z\samples\bgl.log;84;;2005-06-03T15:43:02.824641+00:00;INFO;-;KERNEL;KERNEL;R02-M1-N0-C:J12-U11;;;;;;;;;;;;;;;;;;;;;;;;;;;;;system;bgl;instruction cache parity error corrected
bgl;bgl;E:\Cours\TFE\experiments\phase_dataset_strengthening\processed\multiformat_balanced_20260910T093742Z\samples\bgl.log;85;;2005-06-03T15:43:03.047861+00:00;INFO;-;KERNEL;KERNEL;R02-M1-N0-C:J12-U11;;;;;;;;;;;;;;;;;;;;;;;;;;;;;system;bgl;instruction cache parity error corrected
bgl;bgl;E:\Cours\TFE\experiments\phase_dataset_strengthening\processed\multiformat_balanced_20260910T093742Z\samples\bgl.log;86;;2005-06-03T15:43:03.187724+00:00;INFO;-;KERNEL;KERNEL;R02-M1-N0-C:J12-U11;;;;;;;;;;;;;;;;;;;;;;;;;;;;;system;bgl;instruction cache parity error corrected
bgl;bgl;E:\Cours\TFE\experiments\phase_dataset_strengthening\processed\multiformat_balanced_20260910T093742Z\samples\bgl.log;87;;2005-06-03T15:43:03.337692+00:00;INFO;-;KERNEL;KERNEL;R02-M1-N0-C:J12-U11;;;;;;;;;;;;;;;;;;;;;;;;;;;;;system;bgl;instruction cache parity error corrected
bgl;bgl;E:\Cours\TFE\experiments\phase_dataset_strengthening\processed\multiformat_balanced_20260910T093742Z\samples\bgl.log;88;;2005-06-03T15:43:03.491411+00:00;INFO;-;KERNEL;KERNEL;R02-M1-N0-C:J12-U11;;;;;;;;;;;;;;;;;;;;;;;;;;;;;system;bgl;instruction cache parity error corrected
bgl;bgl;E:\Cours\TFE\experiments\phase_dataset_strengthening\processed\multiformat_balanced_20260910T093742Z\samples\bgl.log;89;;2005-06-03T15:43:03.623873+00:00;INFO;-;KERNEL;KERNEL;R02-M1-N0-C:J12-U11;;;;;;;;;;;;;;;;;;;;;;;;;;;;;system;bgl;instruction cache parity error corrected
bgl;bgl;E:\Cours\TFE\experiments\phase_dataset_strengthening\processed\multiformat_balanced_20260910T093742Z\samples\bgl.log;90;;2005-06-03T15:43:03.777169+00:00;INFO;-;KERNEL;KERNEL;R02-M1-N0-C:J12-U11;;;;;;;;;;;;;;;;;;;;;;;;;;;;;system;bgl;instruction cache parity error corrected
bgl;bgl;E:\Cours\TFE\experiments\phase_dataset_strengthening\processed\multiformat_balanced_20260910T093742Z\samples\bgl.log;91;;2005-06-03T15:43:03.929861+00:00;INFO;-;KERNEL;KERNEL;R02-M1-N0-C:J12-U11;;;;;;;;;;;;;;;;;;;;;;;;;;;;;system;bgl;instruction cache parity error corrected
bgl;bgl;E:\Cours\TFE\experiments\phase_dataset_strengthening\processed\multiformat_balanced_20260910T093742Z\samples\bgl.log;92;;2005-06-03T15:43:04.078487+00:00;INFO;-;KERNEL;KERNEL;R02-M1-N0-C:J12-U11;;;;;;;;;;;;;;;;;;;;;;;;;;;;;system;bgl;instruction cache parity error corrected
bgl;bgl;E:\Cours\TFE\experiments\phase_dataset_strengthening\processed\multiformat_balanced_20260910T093742Z\samples\bgl.log;93;;2005-06-03T15:43:04.232717+00:00;INFO;-;KERNEL;KERNEL;R02-M1-N0-C:J12-U11;;;;;;;;;;;;;;;;;;;;;;;;;;;;;system;bgl;instruction cache parity error corrected
bgl;bgl;E:\Cours\TFE\experiments\phase_dataset_strengthening\processed\multiformat_balanced_20260910T093742Z\samples\bgl.log;94;;2005-06-03T15:43:04.377243+00:00;INFO;-;KERNEL;KERNEL;R02-M1-N0-C:J12-U11;;;;;;;;;;;;;;;;;;;;;;;;;;;;;system;bgl;instruction cache parity error corrected
bgl;bgl;E:\Cours\TFE\experiments\phase_dataset_strengthening\processed\multiformat_balanced_20260910T093742Z\samples\bgl.log;95;;2005-06-03T15:43:04.527398+00:00;INFO;-;KERNEL;KERNEL;R02-M1-N0-C:J12-U11;;;;;;;;;;;;;;;;;;;;;;;;;;;;;system;bgl;instruction cache parity error corrected
bgl;bgl;E:\Cours\TFE\experiments\phase_dataset_strengthening\processed\multiformat_balanced_20260910T093742Z\samples\bgl.log;96;;2005-06-03T15:43:04.664188+00:00;INFO;-;KERNEL;KERNEL;R02-M1-N0-C:J12-U11;;;;;;;;;;;;;;;;;;;;;;;;;;;;;system;bgl;instruction cache parity error corrected
bgl;bgl;E:\Cours\TFE\experiments\phase_dataset_strengthening\processed\multiformat_balanced_20260910T093742Z\samples\bgl.log;97;;2005-06-03T15:43:04.822434+00:00;INFO;-;KERNEL;KERNEL;R02-M1-N0-C:J12-U11;;;;;;;;;;;;;;;;;;;;;;;;;;;;;system;bgl;instruction cache parity error corrected
bgl;bgl;E:\Cours\TFE\experiments\phase_dataset_strengthening\processed\multiformat_balanced_20260910T093742Z\samples\bgl.log;98;;2005-06-03T15:43:05.980712+00:00;INFO;-;KERNEL;KERNEL;R02-M1-N0-C:J12-U11;;;;;;;;;;;;;;;;;;;;;;;;;;;;;system;bgl;instruction cache parity error corrected
bgl;bgl;E:\Cours\TFE\experiments\phase_dataset_strengthening\processed\multiformat_balanced_20260910T093742Z\samples\bgl.log;99;;2005-06-03T15:43:06.127403+00:00;INFO;-;KERNEL;KERNEL;R02-M1-N0-C:J12-U11;;;;;;;;;;;;;;;;;;;;;;;;;;;;;system;bgl;instruction cache parity error corrected
bgl;bgl;E:\Cours\TFE\experiments\phase_dataset_strengthening\processed\multiformat_balanced_20260910T093742Z\samples\bgl.log;100;;2005-06-03T15:43:06.272340+00:00;INFO;-;KERNEL;KERNEL;R02-M1-N0-C:J12-U11;;;;;;;;;;;;;;;;;;;;;;;;;;;;;system;bgl;instruction cache parity error corrected
bgl;bgl;E:\Cours\TFE\experiments\phase_dataset_strengthening\processed\multiformat_balanced_20260910T093742Z\samples\bgl.log;101;;2005-06-03T15:43:06.416043+00:00;INFO;-;KERNEL;KERNEL;R02-M1-N0-C:J12-U11;;;;;;;;;;;;;;;;;;;;;;;;;;;;;system;bgl;instruction cache parity error corrected
bgl;bgl;E:\Cours\TFE\experiments\phase_dataset_strengthening\processed\multiformat_balanced_20260910T093742Z\samples\bgl.log;102;;2005-06-03T15:43:06.563633+00:00;INFO;-;KERNEL;KERNEL;R02-M1-N0-C:J12-U11;;;;;;;;;;;;;;;;;;;;;;;;;;;;;system;bgl;instruction cache parity error corrected
bgl;bgl;E:\Cours\TFE\experiments\phase_dataset_strengthening\processed\multiformat_balanced_20260910T093742Z\samples\bgl.log;103;;2005-06-03T15:43:06.707568+00:00;INFO;-;KERNEL;KERNEL;R02-M1-N0-C:J12-U11;;;;;;;;;;;;;;;;;;;;;;;;;;;;;system;bgl;instruction cache parity error corrected
bgl;bgl;E:\Cours\TFE\experiments\phase_dataset_strengthening\processed\multiformat_balanced_20260910T093742Z\samples\bgl.log;104;;2005-06-03T15:43:06.857763+00:00;INFO;-;KERNEL;KERNEL;R02-M1-N0-C:J12-U11;;;;;;;;;;;;;;;;;;;;;;;;;;;;;system;bgl;instruction cache parity error corrected
bgl;bgl;E:\Cours\TFE\experiments\phase_dataset_strengthening\processed\multiformat_balanced_20260910T093742Z\samples\bgl.log;105;;2005-06-03T15:43:08.523246+00:00;INFO;-;KERNEL;KERNEL;R02-M1-N0-C:J12-U11;;;;;;;;;;;;;;;;;;;;;;;;;;;;;system;bgl;instruction cache parity error corrected
bgl;bgl;E:\Cours\TFE\experiments\phase_dataset_strengthening\processed\multiformat_balanced_20260910T093742Z\samples\bgl.log;106;;2005-06-03T15:43:08.667599+00:00;INFO;-;KERNEL;KERNEL;R02-M1-N0-C:J12-U11;;;;;;;;;;;;;;;;;;;;;;;;;;;;;system;bgl;instruction cache parity error corrected
bgl;bgl;E:\Cours\TFE\experiments\phase_dataset_strengthening\processed\multiformat_balanced_20260910T093742Z\samples\bgl.log;107;;2005-06-03T15:43:08.819478+00:00;INFO;-;KERNEL;KERNEL;R02-M1-N0-C:J12-U11;;;;;;;;;;;;;;;;;;;;;;;;;;;;;system;bgl;instruction cache parity error corrected
bgl;bgl;E:\Cours\TFE\experiments\phase_dataset_strengthening\processed\multiformat_balanced_20260910T093742Z\samples\bgl.log;108;;2005-06-03T15:43:08.968087+00:00;INFO;-;KERNEL;KERNEL;R02-M1-N0-C:J12-U11;;;;;;;;;;;;;;;;;;;;;;;;;;;;;system;bgl;instruction cache parity error corrected
bgl;bgl;E:\Cours\TFE\experiments\phase_dataset_strengthening\processed\multiformat_balanced_20260910T093742Z\samples\bgl.log;109;;2005-06-03T15:43:09.136802+00:00;INFO;-;KERNEL;KERNEL;R02-M1-N0-C:J12-U11;;;;;;;;;;;;;;;;;;;;;;;;;;;;;system;bgl;instruction cache parity error corrected
bgl;bgl;E:\Cours\TFE\experiments\phase_dataset_strengthening\processed\multiformat_balanced_20260910T093742Z\samples\bgl.log;110;;2005-06-03T15:43:09.276780+00:00;INFO;-;KERNEL;KERNEL;R02-M1-N0-C:J12-U11;;;;;;;;;;;;;;;;;;;;;;;;;;;;;system;bgl;instruction cache parity error corrected
bgl;bgl;E:\Cours\TFE\experiments\phase_dataset_strengthening\processed\multiformat_balanced_20260910T093742Z\samples\bgl.log;111;;2005-06-03T15:43:09.444998+00:00;INFO;-;KERNEL;KERNEL;R02-M1-N0-C:J12-U11;;;;;;;;;;;;;;;;;;;;;;;;;;;;;system;bgl;instruction cache parity error corrected
bgl;bgl;E:\Cours\TFE\experiments\phase_dataset_strengthening\processed\multiformat_balanced_20260910T093742Z\samples\bgl.log;112;;2005-06-03T15:43:11.123636+00:00;INFO;-;KERNEL;KERNEL;R02-M1-N0-C:J12-U11;;;;;;;;;;;;;;;;;;;;;;;;;;;;;system;bgl;instruction cache parity error corrected
bgl;bgl;E:\Cours\TFE\experiments\phase_dataset_strengthening\processed\multiformat_balanced_20260910T093742Z\samples\bgl.log;113;;2005-06-03T15:43:11.274810+00:00;INFO;-;KERNEL;KERNEL;R02-M1-N0-C:J12-U11;;;;;;;;;;;;;;;;;;;;;;;;;;;;;system;bgl;instruction cache parity error corrected
bgl;bgl;E:\Cours\TFE\experiments\phase_dataset_strengthening\processed\multiformat_balanced_20260910T093742Z\samples\bgl.log;114;;2005-06-03T15:43:11.430190+00:00;INFO;-;KERNEL;KERNEL;R02-M1-N0-C:J12-U11;;;;;;;;;;;;;;;;;;;;;;;;;;;;;system;bgl;instruction cache parity error corrected
bgl;bgl;E:\Cours\TFE\experiments\phase_dataset_strengthening\processed\multiformat_balanced_20260910T093742Z\samples\bgl.log;115;;2005-06-03T15:43:11.580569+00:00;INFO;-;KERNEL;KERNEL;R02-M1-N0-C:J12-U11;;;;;;;;;;;;;;;;;;;;;;;;;;;;;system;bgl;instruction cache parity error corrected
bgl;bgl;E:\Cours\TFE\experiments\phase_dataset_strengthening\processed\multiformat_balanced_20260910T093742Z\samples\bgl.log;116;;2005-06-03T15:43:11.728393+00:00;INFO;-;KERNEL;KERNEL;R02-M1-N0-C:J12-U11;;;;;;;;;;;;;;;;;;;;;;;;;;;;;system;bgl;instruction cache parity error corrected
bgl;bgl;E:\Cours\TFE\experiments\phase_dataset_strengthening\processed\multiformat_balanced_20260910T093742Z\samples\bgl.log;117;;2005-06-03T15:43:12.396745+00:00;INFO;-;KERNEL;KERNEL;R02-M1-N0-C:J12-U11;;;;;;;;;;;;;;;;;;;;;;;;;;;;;system;bgl;instruction cache parity error corrected
bgl;bgl;E:\Cours\TFE\experiments\phase_dataset_strengthening\processed\multiformat_balanced_20260910T093742Z\samples\bgl.log;118;;2005-06-03T15:43:12.555962+00:00;INFO;-;KERNEL;KERNEL;R02-M1-N0-C:J12-U11;;;;;;;;;;;;;;;;;;;;;;;;;;;;;system;bgl;instruction cache parity error corrected
bgl;bgl;E:\Cours\TFE\experiments\phase_dataset_strengthening\processed\multiformat_balanced_20260910T093742Z\samples\bgl.log;119;;2005-06-03T15:43:12.710237+00:00;INFO;-;KERNEL;KERNEL;R02-M1-N0-C:J12-U11;;;;;;;;;;;;;;;;;;;;;;;;;;;;;system;bgl;instruction cache parity error corrected
bgl;bgl;E:\Cours\TFE\experiments\phase_dataset_strengthening\processed\multiformat_balanced_20260910T093742Z\samples\bgl.log;120;;2005-06-03T15:43:14.377218+00:00;INFO;-;KERNEL;KERNEL;R02-M1-N0-C:J12-U11;;;;;;;;;;;;;;;;;;;;;;;;;;;;;system;bgl;instruction cache parity error corrected
bgl;bgl;E:\Cours\TFE\experiments\phase_dataset_strengthening\processed\multiformat_balanced_20260910T093742Z\samples\bgl.log;121;;2005-06-03T15:43:14.548730+00:00;INFO;-;KERNEL;KERNEL;R02-M1-N0-C:J12-U11;;;;;;;;;;;;;;;;;;;;;;;;;;;;;system;bgl;instruction cache parity error corrected
bgl;bgl;E:\Cours\TFE\experiments\phase_dataset_strengthening\processed\multiformat_balanced_20260910T093742Z\samples\bgl.log;122;;2005-06-03T15:43:14.702679+00:00;INFO;-;KERNEL;KERNEL;R02-M1-N0-C:J12-U11;;;;;;;;;;;;;;;;;;;;;;;;;;;;;system;bgl;instruction cache parity error corrected
bgl;bgl;E:\Cours\TFE\experiments\phase_dataset_strengthening\processed\multiformat_balanced_20260910T093742Z\samples\bgl.log;123;;2005-06-03T15:43:14.838635+00:00;INFO;-;KERNEL;KERNEL;R02-M1-N0-C:J12-U11;;;;;;;;;;;;;;;;;;;;;;;;;;;;;system;bgl;instruction cache parity error corrected
bgl;bgl;E:\Cours\TFE\experiments\phase_dataset_strengthening\processed\multiformat_balanced_20260910T093742Z\samples\bgl.log;124;;2005-06-03T15:43:14.995922+00:00;INFO;-;KERNEL;KERNEL;R02-M1-N0-C:J12-U11;;;;;;;;;;;;;;;;;;;;;;;;;;;;;system;bgl;instruction cache parity error corrected
bgl;bgl;E:\Cours\TFE\experiments\phase_dataset_strengthening\processed\multiformat_balanced_20260910T093742Z\samples\bgl.log;125;;2005-06-03T15:43:15.149710+00:00;INFO;-;KERNEL;KERNEL;R02-M1-N0-C:J12-U11;;;;;;;;;;;;;;;;;;;;;;;;;;;;;system;bgl;instruction cache parity error corrected
bgl;bgl;E:\Cours\TFE\experiments\phase_dataset_strengthening\processed\multiformat_balanced_20260910T093742Z\samples\bgl.log;126;;2005-06-03T15:43:15.295444+00:00;INFO;-;KERNEL;KERNEL;R02-M1-N0-C:J12-U11;;;;;;;;;;;;;;;;;;;;;;;;;;;;;system;bgl;instruction cache parity error corrected
bgl;bgl;E:\Cours\TFE\experiments\phase_dataset_strengthening\processed\multiformat_balanced_20260910T093742Z\samples\bgl.log;127;;2005-06-03T15:43:15.443924+00:00;INFO;-;KERNEL;KERNEL;R02-M1-N0-C:J12-U11;;;;;;;;;;;;;;;;;;;;;;;;;;;;;system;bgl;instruction cache parity error corrected
bgl;bgl;E:\Cours\TFE\experiments\phase_dataset_strengthening\processed\multiformat_balanced_20260910T093742Z\samples\bgl.log;128;;2005-06-03T15:43:17.123192+00:00;INFO;-;KERNEL;KERNEL;R02-M1-N0-C:J12-U11;;;;;;;;;;;;;;;;;;;;;;;;;;;;;system;bgl;instruction cache parity error corrected
bgl;bgl;E:\Cours\TFE\experiments\phase_dataset_strengthening\processed\multiformat_balanced_20260910T093742Z\samples\bgl.log;129;;2005-06-03T15:43:17.272642+00:00;INFO;-;KERNEL;KERNEL;R02-M1-N0-C:J12-U11;;;;;;;;;;;;;;;;;;;;;;;;;;;;;system;bgl;instruction cache parity error corrected
bgl;bgl;E:\Cours\TFE\experiments\phase_dataset_strengthening\processed\multiformat_balanced_20260910T093742Z\samples\bgl.log;130;;2005-06-03T15:43:17.413225+00:00;INFO;-;KERNEL;KERNEL;R02-M1-N0-C:J12-U11;;;;;;;;;;;;;;;;;;;;;;;;;;;;;system;bgl;instruction cache parity error corrected
bgl;bgl;E:\Cours\TFE\experiments\phase_dataset_strengthening\processed\multiformat_balanced_20260910T093742Z\samples\bgl.log;131;;2005-06-03T15:43:17.566152+00:00;INFO;-;KERNEL;KERNEL;R02-M1-N0-C:J12-U11;;;;;;;;;;;;;;;;;;;;;;;;;;;;;system;bgl;instruction cache parity error corrected
bgl;bgl;E:\Cours\TFE\experiments\phase_dataset_strengthening\processed\multiformat_balanced_20260910T093742Z\samples\bgl.log;132;;2005-06-03T15:43:17.703345+00:00;INFO;-;KERNEL;KERNEL;R02-M1-N0-C:J12-U11;;;;;;;;;;;;;;;;;;;;;;;;;;;;;system;bgl;instruction cache parity error corrected
bgl;bgl;E:\Cours\TFE\experiments\phase_dataset_strengthening\processed\multiformat_balanced_20260910T093742Z\samples\bgl.log;133;;2005-06-03T15:43:17.860930+00:00;INFO;-;KERNEL;KERNEL;R02-M1-N0-C:J12-U11;;;;;;;;;;;;;;;;;;;;;;;;;;;;;system;bgl;instruction cache parity error corrected
bgl;bgl;E:\Cours\TFE\experiments\phase_dataset_strengthening\processed\multiformat_balanced_20260910T093742Z\samples\bgl.log;134;;2005-06-03T15:43:18.003131+00:00;INFO;-;KERNEL;KERNEL;R02-M1-N0-C:J12-U11;;;;;;;;;;;;;;;;;;;;;;;;;;;;;system;bgl;instruction cache parity error corrected
bgl;bgl;E:\Cours\TFE\experiments\phase_dataset_strengthening\processed\multiformat_balanced_20260910T093742Z\samples\bgl.log;135;;2005-06-03T15:43:18.145840+00:00;INFO;-;KERNEL;KERNEL;R02-M1-N0-C:J12-U11;;;;;;;;;;;;;;;;;;;;;;;;;;;;;system;bgl;instruction cache parity error corrected
bgl;bgl;E:\Cours\TFE\experiments\phase_dataset_strengthening\processed\multiformat_balanced_20260910T093742Z\samples\bgl.log;136;;2005-06-03T15:43:19.836965+00:00;INFO;-;KERNEL;KERNEL;R02-M1-N0-C:J12-U11;;;;;;;;;;;;;;;;;;;;;;;;;;;;;system;bgl;instruction cache parity error corrected
bgl;bgl;E:\Cours\TFE\experiments\phase_dataset_strengthening\processed\multiformat_balanced_20260910T093742Z\samples\bgl.log;137;;2005-06-03T15:43:19.971735+00:00;INFO;-;KERNEL;KERNEL;R02-M1-N0-C:J12-U11;;;;;;;;;;;;;;;;;;;;;;;;;;;;;system;bgl;instruction cache parity error corrected
bgl;bgl;E:\Cours\TFE\experiments\phase_dataset_strengthening\processed\multiformat_balanced_20260910T093742Z\samples\bgl.log;138;;2005-06-03T15:43:20.134374+00:00;INFO;-;KERNEL;KERNEL;R02-M1-N0-C:J12-U11;;;;;;;;;;;;;;;;;;;;;;;;;;;;;system;bgl;instruction cache parity error corrected
bgl;bgl;E:\Cours\TFE\experiments\phase_dataset_strengthening\processed\multiformat_balanced_20260910T093742Z\samples\bgl.log;139;;2005-06-03T15:43:20.280044+00:00;INFO;-;KERNEL;KERNEL;R02-M1-N0-C:J12-U11;;;;;;;;;;;;;;;;;;;;;;;;;;;;;system;bgl;instruction cache parity error corrected
bgl;bgl;E:\Cours\TFE\experiments\phase_dataset_strengthening\processed\multiformat_balanced_20260910T093742Z\samples\bgl.log;140;;2005-06-03T15:43:20.945577+00:00;INFO;-;KERNEL;KERNEL;R02-M1-N0-C:J12-U11;;;;;;;;;;;;;;;;;;;;;;;;;;;;;system;bgl;instruction cache parity error corrected
bgl;bgl;E:\Cours\TFE\experiments\phase_dataset_strengthening\processed\multiformat_balanced_20260910T093742Z\samples\bgl.log;141;;2005-06-03T15:43:21.101872+00:00;INFO;-;KERNEL;KERNEL;R02-M1-N0-C:J12-U11;;;;;;;;;;;;;;;;;;;;;;;;;;;;;system;bgl;instruction cache parity error corrected
bgl;bgl;E:\Cours\TFE\experiments\phase_dataset_strengthening\processed\multiformat_balanced_20260910T093742Z\samples\bgl.log;142;;2005-06-03T15:43:21.251163+00:00;INFO;-;KERNEL;KERNEL;R02-M1-N0-C:J12-U11;;;;;;;;;;;;;;;;;;;;;;;;;;;;;system;bgl;instruction cache parity error corrected
bgl;bgl;E:\Cours\TFE\experiments\phase_dataset_strengthening\processed\multiformat_balanced_20260910T093742Z\samples\bgl.log;143;;2005-06-03T15:43:21.385972+00:00;INFO;-;KERNEL;KERNEL;R02-M1-N0-C:J12-U11;;;;;;;;;;;;;;;;;;;;;;;;;;;;;system;bgl;instruction cache parity error corrected
bgl;bgl;E:\Cours\TFE\experiments\phase_dataset_strengthening\processed\multiformat_balanced_20260910T093742Z\samples\bgl.log;144;;2005-06-03T15:43:21.523068+00:00;INFO;-;KERNEL;KERNEL;R02-M1-N0-C:J12-U11;;;;;;;;;;;;;;;;;;;;;;;;;;;;;system;bgl;instruction cache parity error corrected
bgl;bgl;E:\Cours\TFE\experiments\phase_dataset_strengthening\processed\multiformat_balanced_20260910T093742Z\samples\bgl.log;145;;2005-06-03T15:43:23.234268+00:00;INFO;-;KERNEL;KERNEL;R02-M1-N0-C:J12-U11;;;;;;;;;;;;;;;;;;;;;;;;;;;;;system;bgl;instruction cache parity error corrected
bgl;bgl;E:\Cours\TFE\experiments\phase_dataset_strengthening\processed\multiformat_balanced_20260910T093742Z\samples\bgl.log;146;;2005-06-03T15:43:23.376264+00:00;INFO;-;KERNEL;KERNEL;R02-M1-N0-C:J12-U11;;;;;;;;;;;;;;;;;;;;;;;;;;;;;system;bgl;instruction cache parity error corrected
bgl;bgl;E:\Cours\TFE\experiments\phase_dataset_strengthening\processed\multiformat_balanced_20260910T093742Z\samples\bgl.log;147;;2005-06-03T15:43:23.508622+00:00;INFO;-;KERNEL;KERNEL;R02-M1-N0-C:J12-U11;;;;;;;;;;;;;;;;;;;;;;;;;;;;;system;bgl;instruction cache parity error corrected
bgl;bgl;E:\Cours\TFE\experiments\phase_dataset_strengthening\processed\multiformat_balanced_20260910T093742Z\samples\bgl.log;148;;2005-06-03T15:43:23.676765+00:00;INFO;-;KERNEL;KERNEL;R02-M1-N0-C:J12-U11;;;;;;;;;;;;;;;;;;;;;;;;;;;;;system;bgl;instruction cache parity error corrected
bgl;bgl;E:\Cours\TFE\experiments\phase_dataset_strengthening\processed\multiformat_balanced_20260910T093742Z\samples\bgl.log;149;;2005-06-03T15:43:23.821208+00:00;INFO;-;KERNEL;KERNEL;R02-M1-N0-C:J12-U11;;;;;;;;;;;;;;;;;;;;;;;;;;;;;system;bgl;instruction cache parity error corrected
bgl;bgl;E:\Cours\TFE\experiments\phase_dataset_strengthening\processed\multiformat_balanced_20260910T093742Z\samples\bgl.log;150;;2005-06-03T15:43:23.963587+00:00;INFO;-;KERNEL;KERNEL;R02-M1-N0-C:J12-U11;;;;;;;;;;;;;;;;;;;;;;;;;;;;;system;bgl;instruction cache parity error corrected
bgl;bgl;E:\Cours\TFE\experiments\phase_dataset_strengthening\processed\multiformat_balanced_20260910T093742Z\samples\bgl.log;151;;2005-06-03T15:43:24.099948+00:00;INFO;-;KERNEL;KERNEL;R02-M1-N0-C:J12-U11;;;;;;;;;;;;;;;;;;;;;;;;;;;;;system;bgl;instruction cache parity error corrected
bgl;bgl;E:\Cours\TFE\experiments\phase_dataset_strengthening\processed\multiformat_balanced_20260910T093742Z\samples\bgl.log;152;;2005-06-03T15:43:24.249724+00:00;INFO;-;KERNEL;KERNEL;R02-M1-N0-C:J12-U11;;;;;;;;;;;;;;;;;;;;;;;;;;;;;system;bgl;instruction cache parity error corrected
bgl;bgl;E:\Cours\TFE\experiments\phase_dataset_strengthening\processed\multiformat_balanced_20260910T093742Z\samples\bgl.log;153;;2005-06-03T15:43:24.401635+00:00;INFO;-;KERNEL;KERNEL;R02-M1-N0-C:J12-U11;;;;;;;;;;;;;;;;;;;;;;;;;;;;;system;bgl;instruction cache parity error corrected
bgl;bgl;E:\Cours\TFE\experiments\phase_dataset_strengthening\processed\multiformat_balanced_20260910T093742Z\samples\bgl.log;154;;2005-06-03T15:43:26.075526+00:00;INFO;-;KERNEL;KERNEL;R02-M1-N0-C:J12-U11;;;;;;;;;;;;;;;;;;;;;;;;;;;;;system;bgl;instruction cache parity error corrected
bgl;bgl;E:\Cours\TFE\experiments\phase_dataset_strengthening\processed\multiformat_balanced_20260910T093742Z\samples\bgl.log;155;;2005-06-03T15:43:26.232007+00:00;INFO;-;KERNEL;KERNEL;R02-M1-N0-C:J12-U11;;;;;;;;;;;;;;;;;;;;;;;;;;;;;system;bgl;instruction cache parity error corrected
bgl;bgl;E:\Cours\TFE\experiments\phase_dataset_strengthening\processed\multiformat_balanced_20260910T093742Z\samples\bgl.log;156;;2005-06-03T15:43:26.370848+00:00;INFO;-;KERNEL;KERNEL;R02-M1-N0-C:J12-U11;;;;;;;;;;;;;;;;;;;;;;;;;;;;;system;bgl;instruction cache parity error corrected
bgl;bgl;E:\Cours\TFE\experiments\phase_dataset_strengthening\processed\multiformat_balanced_20260910T093742Z\samples\bgl.log;157;;2005-06-03T15:43:26.514593+00:00;INFO;-;KERNEL;KERNEL;R02-M1-N0-C:J12-U11;;;;;;;;;;;;;;;;;;;;;;;;;;;;;system;bgl;instruction cache parity error corrected
bgl;bgl;E:\Cours\TFE\experiments\phase_dataset_strengthening\processed\multiformat_balanced_20260910T093742Z\samples\bgl.log;158;;2005-06-03T15:43:26.650692+00:00;INFO;-;KERNEL;KERNEL;R02-M1-N0-C:J12-U11;;;;;;;;;;;;;;;;;;;;;;;;;;;;;system;bgl;instruction cache parity error corrected
bgl;bgl;E:\Cours\TFE\experiments\phase_dataset_strengthening\processed\multiformat_balanced_20260910T093742Z\samples\bgl.log;159;;2005-06-03T15:43:26.795845+00:00;INFO;-;KERNEL;KERNEL;R02-M1-N0-C:J12-U11;;;;;;;;;;;;;;;;;;;;;;;;;;;;;system;bgl;instruction cache parity error corrected
bgl;bgl;E:\Cours\TFE\experiments\phase_dataset_strengthening\processed\multiformat_balanced_20260910T093742Z\samples\bgl.log;160;;2005-06-03T15:43:26.942532+00:00;INFO;-;KERNEL;KERNEL;R02-M1-N0-C:J12-U11;;;;;;;;;;;;;;;;;;;;;;;;;;;;;system;bgl;instruction cache parity error corrected
bgl;bgl;E:\Cours\TFE\experiments\phase_dataset_strengthening\processed\multiformat_balanced_20260910T093742Z\samples\bgl.log;161;;2005-06-03T15:43:27.088218+00:00;INFO;-;KERNEL;KERNEL;R02-M1-N0-C:J12-U11;;;;;;;;;;;;;;;;;;;;;;;;;;;;;system;bgl;instruction cache parity error corrected
bgl;bgl;E:\Cours\TFE\experiments\phase_dataset_strengthening\processed\multiformat_balanced_20260910T093742Z\samples\bgl.log;162;;2005-06-03T15:43:27.257242+00:00;INFO;-;KERNEL;KERNEL;R02-M1-N0-C:J12-U11;;;;;;;;;;;;;;;;;;;;;;;;;;;;;system;bgl;instruction cache parity error corrected
bgl;bgl;E:\Cours\TFE\experiments\phase_dataset_strengthening\processed\multiformat_balanced_20260910T093742Z\samples\bgl.log;163;;2005-06-03T15:43:28.948656+00:00;INFO;-;KERNEL;KERNEL;R02-M1-N0-C:J12-U11;;;;;;;;;;;;;;;;;;;;;;;;;;;;;system;bgl;instruction cache parity error corrected
bgl;bgl;E:\Cours\TFE\experiments\phase_dataset_strengthening\processed\multiformat_balanced_20260910T093742Z\samples\bgl.log;164;;2005-06-03T15:43:29.092839+00:00;INFO;-;KERNEL;KERNEL;R02-M1-N0-C:J12-U11;;;;;;;;;;;;;;;;;;;;;;;;;;;;;system;bgl;instruction cache parity error corrected
bgl;bgl;E:\Cours\TFE\experiments\phase_dataset_strengthening\processed\multiformat_balanced_20260910T093742Z\samples\bgl.log;165;;2005-06-03T15:43:29.258241+00:00;INFO;-;KERNEL;KERNEL;R02-M1-N0-C:J12-U11;;;;;;;;;;;;;;;;;;;;;;;;;;;;;system;bgl;instruction cache parity error corrected
bgl;bgl;E:\Cours\TFE\experiments\phase_dataset_strengthening\processed\multiformat_balanced_20260910T093742Z\samples\bgl.log;166;;2005-06-03T15:43:29.400159+00:00;INFO;-;KERNEL;KERNEL;R02-M1-N0-C:J12-U11;;;;;;;;;;;;;;;;;;;;;;;;;;;;;system;bgl;instruction cache parity error corrected
bgl;bgl;E:\Cours\TFE\experiments\phase_dataset_strengthening\processed\multiformat_balanced_20260910T093742Z\samples\bgl.log;167;;2005-06-03T15:43:29.542992+00:00;INFO;-;KERNEL;KERNEL;R02-M1-N0-C:J12-U11;;;;;;;;;;;;;;;;;;;;;;;;;;;;;system;bgl;instruction cache parity error corrected
bgl;bgl;E:\Cours\TFE\experiments\phase_dataset_strengthening\processed\multiformat_balanced_20260910T093742Z\samples\bgl.log;168;;2005-06-03T15:43:29.682447+00:00;INFO;-;KERNEL;KERNEL;R02-M1-N0-C:J12-U11;;;;;;;;;;;;;;;;;;;;;;;;;;;;;system;bgl;instruction cache parity error corrected
bgl;bgl;E:\Cours\TFE\experiments\phase_dataset_strengthening\processed\multiformat_balanced_20260910T093742Z\samples\bgl.log;169;;2005-06-03T15:43:29.864605+00:00;INFO;-;KERNEL;KERNEL;R02-M1-N0-C:J12-U11;;;;;;;;;;;;;;;;;;;;;;;;;;;;;system;bgl;instruction cache parity error corrected
bgl;bgl;E:\Cours\TFE\experiments\phase_dataset_strengthening\processed\multiformat_balanced_20260910T093742Z\samples\bgl.log;170;;2005-06-03T15:43:30.008754+00:00;INFO;-;KERNEL;KERNEL;R02-M1-N0-C:J12-U11;;;;;;;;;;;;;;;;;;;;;;;;;;;;;system;bgl;instruction cache parity error corrected
bgl;bgl;E:\Cours\TFE\experiments\phase_dataset_strengthening\processed\multiformat_balanced_20260910T093742Z\samples\bgl.log;171;;2005-06-03T15:43:31.674778+00:00;INFO;-;KERNEL;KERNEL;R02-M1-N0-C:J12-U11;;;;;;;;;;;;;;;;;;;;;;;;;;;;;system;bgl;instruction cache parity error corrected
bgl;bgl;E:\Cours\TFE\experiments\phase_dataset_strengthening\processed\multiformat_balanced_20260910T093742Z\samples\bgl.log;172;;2005-06-03T15:43:31.833012+00:00;INFO;-;KERNEL;KERNEL;R02-M1-N0-C:J12-U11;;;;;;;;;;;;;;;;;;;;;;;;;;;;;system;bgl;instruction cache parity error corrected
bgl;bgl;E:\Cours\TFE\experiments\phase_dataset_strengthening\processed\multiformat_balanced_20260910T093742Z\samples\bgl.log;173;;2005-06-03T15:43:31.983769+00:00;INFO;-;KERNEL;KERNEL;R02-M1-N0-C:J12-U11;;;;;;;;;;;;;;;;;;;;;;;;;;;;;system;bgl;instruction cache parity error corrected
bgl;bgl;E:\Cours\TFE\experiments\phase_dataset_strengthening\processed\multiformat_balanced_20260910T093742Z\samples\bgl.log;174;;2005-06-03T15:43:32.129084+00:00;INFO;-;KERNEL;KERNEL;R02-M1-N0-C:J12-U11;;;;;;;;;;;;;;;;;;;;;;;;;;;;;system;bgl;instruction cache parity error corrected
bgl;bgl;E:\Cours\TFE\experiments\phase_dataset_strengthening\processed\multiformat_balanced_20260910T093742Z\samples\bgl.log;175;;2005-06-03T15:43:32.794543+00:00;INFO;-;KERNEL;KERNEL;R02-M1-N0-C:J12-U11;;;;;;;;;;;;;;;;;;;;;;;;;;;;;system;bgl;instruction cache parity error corrected
bgl;bgl;E:\Cours\TFE\experiments\phase_dataset_strengthening\processed\multiformat_balanced_20260910T093742Z\samples\bgl.log;176;;2005-06-03T15:43:32.944258+00:00;INFO;-;KERNEL;KERNEL;R02-M1-N0-C:J12-U11;;;;;;;;;;;;;;;;;;;;;;;;;;;;;system;bgl;instruction cache parity error corrected
bgl;bgl;E:\Cours\TFE\experiments\phase_dataset_strengthening\processed\multiformat_balanced_20260910T093742Z\samples\bgl.log;177;;2005-06-03T15:43:33.103653+00:00;INFO;-;KERNEL;KERNEL;R02-M1-N0-C:J12-U11;;;;;;;;;;;;;;;;;;;;;;;;;;;;;system;bgl;instruction cache parity error corrected
bgl;bgl;E:\Cours\TFE\experiments\phase_dataset_strengthening\processed\multiformat_balanced_20260910T093742Z\samples\bgl.log;178;;2005-06-03T15:43:33.251169+00:00;INFO;-;KERNEL;KERNEL;R02-M1-N0-C:J12-U11;;;;;;;;;;;;;;;;;;;;;;;;;;;;;system;bgl;instruction cache parity error corrected
bgl;bgl;E:\Cours\TFE\experiments\phase_dataset_strengthening\processed\multiformat_balanced_20260910T093742Z\samples\bgl.log;179;;2005-06-03T15:43:34.978903+00:00;INFO;-;KERNEL;KERNEL;R02-M1-N0-C:J12-U11;;;;;;;;;;;;;;;;;;;;;;;;;;;;;system;bgl;instruction cache parity error corrected
bgl;bgl;E:\Cours\TFE\experiments\phase_dataset_strengthening\processed\multiformat_balanced_20260910T093742Z\samples\bgl.log;180;;2005-06-03T15:43:35.151121+00:00;INFO;-;KERNEL;KERNEL;R02-M1-N0-C:J12-U11;;;;;;;;;;;;;;;;;;;;;;;;;;;;;system;bgl;instruction cache parity error corrected
bgl;bgl;E:\Cours\TFE\experiments\phase_dataset_strengthening\processed\multiformat_balanced_20260910T093742Z\samples\bgl.log;181;;2005-06-03T15:43:35.283745+00:00;INFO;-;KERNEL;KERNEL;R02-M1-N0-C:J12-U11;;;;;;;;;;;;;;;;;;;;;;;;;;;;;system;bgl;instruction cache parity error corrected
bgl;bgl;E:\Cours\TFE\experiments\phase_dataset_strengthening\processed\multiformat_balanced_20260910T093742Z\samples\bgl.log;182;;2005-06-03T15:43:35.454223+00:00;INFO;-;KERNEL;KERNEL;R02-M1-N0-C:J12-U11;;;;;;;;;;;;;;;;;;;;;;;;;;;;;system;bgl;instruction cache parity error corrected
bgl;bgl;E:\Cours\TFE\experiments\phase_dataset_strengthening\processed\multiformat_balanced_20260910T093742Z\samples\bgl.log;183;;2005-06-03T15:43:35.595507+00:00;INFO;-;KERNEL;KERNEL;R02-M1-N0-C:J12-U11;;;;;;;;;;;;;;;;;;;;;;;;;;;;;system;bgl;instruction cache parity error corrected
bgl;bgl;E:\Cours\TFE\experiments\phase_dataset_strengthening\processed\multiformat_balanced_20260910T093742Z\samples\bgl.log;184;;2005-06-03T15:43:36.262863+00:00;INFO;-;KERNEL;KERNEL;R02-M1-N0-C:J12-U11;;;;;;;;;;;;;;;;;;;;;;;;;;;;;system;bgl;instruction cache parity error corrected
bgl;bgl;E:\Cours\TFE\experiments\phase_dataset_strengthening\processed\multiformat_balanced_20260910T093742Z\samples\bgl.log;185;;2005-06-03T15:43:36.419517+00:00;INFO;-;KERNEL;KERNEL;R02-M1-N0-C:J12-U11;;;;;;;;;;;;;;;;;;;;;;;;;;;;;system;bgl;instruction cache parity error corrected
bgl;bgl;E:\Cours\TFE\experiments\phase_dataset_strengthening\processed\multiformat_balanced_20260910T093742Z\samples\bgl.log;186;;2005-06-03T15:43:36.571249+00:00;INFO;-;KERNEL;KERNEL;R02-M1-N0-C:J12-U11;;;;;;;;;;;;;;;;;;;;;;;;;;;;;system;bgl;instruction cache parity error corrected
bgl;bgl;E:\Cours\TFE\experiments\phase_dataset_strengthening\processed\multiformat_balanced_20260910T093742Z\samples\bgl.log;187;;2005-06-03T15:43:38.248148+00:00;INFO;-;KERNEL;KERNEL;R02-M1-N0-C:J12-U11;;;;;;;;;;;;;;;;;;;;;;;;;;;;;system;bgl;instruction cache parity error corrected
bgl;bgl;E:\Cours\TFE\experiments\phase_dataset_strengthening\processed\multiformat_balanced_20260910T093742Z\samples\bgl.log;188;;2005-06-03T15:43:38.396600+00:00;INFO;-;KERNEL;KERNEL;R02-M1-N0-C:J12-U11;;;;;;;;;;;;;;;;;;;;;;;;;;;;;system;bgl;instruction cache parity error corrected
bgl;bgl;E:\Cours\TFE\experiments\phase_dataset_strengthening\processed\multiformat_balanced_20260910T093742Z\samples\bgl.log;189;;2005-06-03T15:43:38.543516+00:00;INFO;-;KERNEL;KERNEL;R02-M1-N0-C:J12-U11;;;;;;;;;;;;;;;;;;;;;;;;;;;;;system;bgl;instruction cache parity error corrected
bgl;bgl;E:\Cours\TFE\experiments\phase_dataset_strengthening\processed\multiformat_balanced_20260910T093742Z\samples\bgl.log;190;;2005-06-03T15:43:38.714249+00:00;INFO;-;KERNEL;KERNEL;R02-M1-N0-C:J12-U11;;;;;;;;;;;;;;;;;;;;;;;;;;;;;system;bgl;instruction cache parity error corrected
bgl;bgl;E:\Cours\TFE\experiments\phase_dataset_strengthening\processed\multiformat_balanced_20260910T093742Z\samples\bgl.log;191;;2005-06-03T15:43:38.849173+00:00;INFO;-;KERNEL;KERNEL;R02-M1-N0-C:J12-U11;;;;;;;;;;;;;;;;;;;;;;;;;;;;;system;bgl;instruction cache parity error corrected
bgl;bgl;E:\Cours\TFE\experiments\phase_dataset_strengthening\processed\multiformat_balanced_20260910T093742Z\samples\bgl.log;192;;2005-06-03T15:43:39.028314+00:00;INFO;-;KERNEL;KERNEL;R02-M1-N0-C:J12-U11;;;;;;;;;;;;;;;;;;;;;;;;;;;;;system;bgl;instruction cache parity error corrected
bgl;bgl;E:\Cours\TFE\experiments\phase_dataset_strengthening\processed\multiformat_balanced_20260910T093742Z\samples\bgl.log;193;;2005-06-03T15:43:39.185367+00:00;INFO;-;KERNEL;KERNEL;R02-M1-N0-C:J12-U11;;;;;;;;;;;;;;;;;;;;;;;;;;;;;system;bgl;instruction cache parity error corrected
bgl;bgl;E:\Cours\TFE\experiments\phase_dataset_strengthening\processed\multiformat_balanced_20260910T093742Z\samples\bgl.log;194;;2005-06-03T15:43:39.317778+00:00;INFO;-;KERNEL;KERNEL;R02-M1-N0-C:J12-U11;;;;;;;;;;;;;;;;;;;;;;;;;;;;;system;bgl;instruction cache parity error corrected
bgl;bgl;E:\Cours\TFE\experiments\phase_dataset_strengthening\processed\multiformat_balanced_20260910T093742Z\samples\bgl.log;195;;2005-06-03T15:43:41.015557+00:00;INFO;-;KERNEL;KERNEL;R02-M1-N0-C:J12-U11;;;;;;;;;;;;;;;;;;;;;;;;;;;;;system;bgl;instruction cache parity error corrected
bgl;bgl;E:\Cours\TFE\experiments\phase_dataset_strengthening\processed\multiformat_balanced_20260910T093742Z\samples\bgl.log;196;;2005-06-03T15:43:41.161461+00:00;INFO;-;KERNEL;KERNEL;R02-M1-N0-C:J12-U11;;;;;;;;;;;;;;;;;;;;;;;;;;;;;system;bgl;instruction cache parity error corrected
bgl;bgl;E:\Cours\TFE\experiments\phase_dataset_strengthening\processed\multiformat_balanced_20260910T093742Z\samples\bgl.log;197;;2005-06-03T15:43:41.305300+00:00;INFO;-;KERNEL;KERNEL;R02-M1-N0-C:J12-U11;;;;;;;;;;;;;;;;;;;;;;;;;;;;;system;bgl;instruction cache parity error corrected
bgl;bgl;E:\Cours\TFE\experiments\phase_dataset_strengthening\processed\multiformat_balanced_20260910T093742Z\samples\bgl.log;198;;2005-06-03T15:43:41.441143+00:00;INFO;-;KERNEL;KERNEL;R02-M1-N0-C:J12-U11;;;;;;;;;;;;;;;;;;;;;;;;;;;;;system;bgl;instruction cache parity error corrected
bgl;bgl;E:\Cours\TFE\experiments\phase_dataset_strengthening\processed\multiformat_balanced_20260910T093742Z\samples\bgl.log;199;;2005-06-03T15:43:41.590565+00:00;INFO;-;KERNEL;KERNEL;R02-M1-N0-C:J12-U11;;;;;;;;;;;;;;;;;;;;;;;;;;;;;system;bgl;instruction cache parity error corrected
bgl;bgl;E:\Cours\TFE\experiments\phase_dataset_strengthening\processed\multiformat_balanced_20260910T093742Z\samples\bgl.log;200;;2005-06-03T15:43:41.739318+00:00;INFO;-;KERNEL;KERNEL;R02-M1-N0-C:J12-U11;;;;;;;;;;;;;;;;;;;;;;;;;;;;;system;bgl;instruction cache parity error corrected
bgl;bgl;E:\Cours\TFE\experiments\phase_dataset_strengthening\processed\multiformat_balanced_20260910T093742Z\samples\bgl.log;201;;2005-06-03T15:43:41.879089+00:00;INFO;-;KERNEL;KERNEL;R02-M1-N0-C:J12-U11;;;;;;;;;;;;;;;;;;;;;;;;;;;;;system;bgl;instruction cache parity error corrected
bgl;bgl;E:\Cours\TFE\experiments\phase_dataset_strengthening\processed\multiformat_balanced_20260910T093742Z\samples\bgl.log;202;;2005-06-03T15:43:42.042890+00:00;INFO;-;KERNEL;KERNEL;R02-M1-N0-C:J12-U11;;;;;;;;;;;;;;;;;;;;;;;;;;;;;system;bgl;instruction cache parity error corrected
bgl;bgl;E:\Cours\TFE\experiments\phase_dataset_strengthening\processed\multiformat_balanced_20260910T093742Z\samples\bgl.log;203;;2005-06-03T15:43:43.723907+00:00;INFO;-;KERNEL;KERNEL;R02-M1-N0-C:J12-U11;;;;;;;;;;;;;;;;;;;;;;;;;;;;;system;bgl;instruction cache parity error corrected
bgl;bgl;E:\Cours\TFE\experiments\phase_dataset_strengthening\processed\multiformat_balanced_20260910T093742Z\samples\bgl.log;204;;2005-06-03T15:43:43.864303+00:00;INFO;-;KERNEL;KERNEL;R02-M1-N0-C:J12-U11;;;;;;;;;;;;;;;;;;;;;;;;;;;;;system;bgl;instruction cache parity error corrected
bgl;bgl;E:\Cours\TFE\experiments\phase_dataset_strengthening\processed\multiformat_balanced_20260910T093742Z\samples\bgl.log;205;;2005-06-03T15:43:44.047820+00:00;INFO;-;KERNEL;KERNEL;R02-M1-N0-C:J12-U11;;;;;;;;;;;;;;;;;;;;;;;;;;;;;system;bgl;instruction cache parity error corrected
bgl;bgl;E:\Cours\TFE\experiments\phase_dataset_strengthening\processed\multiformat_balanced_20260910T093742Z\samples\bgl.log;206;;2005-06-03T15:43:44.206272+00:00;INFO;-;KERNEL;KERNEL;R02-M1-N0-C:J12-U11;;;;;;;;;;;;;;;;;;;;;;;;;;;;;system;bgl;instruction cache parity error corrected
bgl;bgl;E:\Cours\TFE\experiments\phase_dataset_strengthening\processed\multiformat_balanced_20260910T093742Z\samples\bgl.log;207;;2005-06-03T15:43:44.358368+00:00;INFO;-;KERNEL;KERNEL;R02-M1-N0-C:J12-U11;;;;;;;;;;;;;;;;;;;;;;;;;;;;;system;bgl;instruction cache parity error corrected
bgl;bgl;E:\Cours\TFE\experiments\phase_dataset_strengthening\processed\multiformat_balanced_20260910T093742Z\samples\bgl.log;208;;2005-06-03T15:43:44.519525+00:00;INFO;-;KERNEL;KERNEL;R02-M1-N0-C:J12-U11;;;;;;;;;;;;;;;;;;;;;;;;;;;;;system;bgl;instruction cache parity error corrected
bgl;bgl;E:\Cours\TFE\experiments\phase_dataset_strengthening\processed\multiformat_balanced_20260910T093742Z\samples\bgl.log;209;;2005-06-03T15:43:44.664340+00:00;INFO;-;KERNEL;KERNEL;R02-M1-N0-C:J12-U11;;;;;;;;;;;;;;;;;;;;;;;;;;;;;system;bgl;instruction cache parity error corrected
bgl;bgl;E:\Cours\TFE\experiments\phase_dataset_strengthening\processed\multiformat_balanced_20260910T093742Z\samples\bgl.log;210;;2005-06-03T15:43:44.825933+00:00;INFO;-;KERNEL;KERNEL;R02-M1-N0-C:J12-U11;;;;;;;;;;;;;;;;;;;;;;;;;;;;;system;bgl;instruction cache parity error corrected
bgl;bgl;E:\Cours\TFE\experiments\phase_dataset_strengthening\processed\multiformat_balanced_20260910T093742Z\samples\bgl.log;211;;2005-06-03T15:43:46.498887+00:00;INFO;-;KERNEL;KERNEL;R02-M1-N0-C:J12-U11;;;;;;;;;;;;;;;;;;;;;;;;;;;;;system;bgl;instruction cache parity error corrected
bgl;bgl;E:\Cours\TFE\experiments\phase_dataset_strengthening\processed\multiformat_balanced_20260910T093742Z\samples\bgl.log;212;;2005-06-03T15:43:46.679896+00:00;INFO;-;KERNEL;KERNEL;R02-M1-N0-C:J12-U11;;;;;;;;;;;;;;;;;;;;;;;;;;;;;system;bgl;instruction cache parity error corrected
bgl;bgl;E:\Cours\TFE\experiments\phase_dataset_strengthening\processed\multiformat_balanced_20260910T093742Z\samples\bgl.log;213;;2005-06-03T15:43:46.831291+00:00;INFO;-;KERNEL;KERNEL;R02-M1-N0-C:J12-U11;;;;;;;;;;;;;;;;;;;;;;;;;;;;;system;bgl;instruction cache parity error corrected
bgl;bgl;E:\Cours\TFE\experiments\phase_dataset_strengthening\processed\multiformat_balanced_20260910T093742Z\samples\bgl.log;214;;2005-06-03T15:43:46.976449+00:00;INFO;-;KERNEL;KERNEL;R02-M1-N0-C:J12-U11;;;;;;;;;;;;;;;;;;;;;;;;;;;;;system;bgl;instruction cache parity error corrected
bgl;bgl;E:\Cours\TFE\experiments\phase_dataset_strengthening\processed\multiformat_balanced_20260910T093742Z\samples\bgl.log;215;;2005-06-03T15:43:47.127092+00:00;INFO;-;KERNEL;KERNEL;R02-M1-N0-C:J12-U11;;;;;;;;;;;;;;;;;;;;;;;;;;;;;system;bgl;instruction cache parity error corrected
bgl;bgl;E:\Cours\TFE\experiments\phase_dataset_strengthening\processed\multiformat_balanced_20260910T093742Z\samples\bgl.log;216;;2005-06-03T15:43:47.279761+00:00;INFO;-;KERNEL;KERNEL;R02-M1-N0-C:J12-U11;;;;;;;;;;;;;;;;;;;;;;;;;;;;;system;bgl;instruction cache parity error corrected
bgl;bgl;E:\Cours\TFE\experiments\phase_dataset_strengthening\processed\multiformat_balanced_20260910T093742Z\samples\bgl.log;217;;2005-06-03T15:43:47.425940+00:00;INFO;-;KERNEL;KERNEL;R02-M1-N0-C:J12-U11;;;;;;;;;;;;;;;;;;;;;;;;;;;;;system;bgl;instruction cache parity error corrected
bgl;bgl;E:\Cours\TFE\experiments\phase_dataset_strengthening\processed\multiformat_balanced_20260910T093742Z\samples\bgl.log;218;;2005-06-03T15:43:47.564546+00:00;INFO;-;KERNEL;KERNEL;R02-M1-N0-C:J12-U11;;;;;;;;;;;;;;;;;;;;;;;;;;;;;system;bgl;instruction cache parity error corrected
bgl;bgl;E:\Cours\TFE\experiments\phase_dataset_strengthening\processed\multiformat_balanced_20260910T093742Z\samples\bgl.log;219;;2005-06-03T15:43:49.244183+00:00;INFO;-;KERNEL;KERNEL;R02-M1-N0-C:J12-U11;;;;;;;;;;;;;;;;;;;;;;;;;;;;;system;bgl;instruction cache parity error corrected
bgl;bgl;E:\Cours\TFE\experiments\phase_dataset_strengthening\processed\multiformat_balanced_20260910T093742Z\samples\bgl.log;220;;2005-06-03T15:43:49.390014+00:00;INFO;-;KERNEL;KERNEL;R02-M1-N0-C:J12-U11;;;;;;;;;;;;;;;;;;;;;;;;;;;;;system;bgl;instruction cache parity error corrected
bgl;bgl;E:\Cours\TFE\experiments\phase_dataset_strengthening\processed\multiformat_balanced_20260910T093742Z\samples\bgl.log;221;;2005-06-03T15:43:49.526187+00:00;INFO;-;KERNEL;KERNEL;R02-M1-N0-C:J12-U11;;;;;;;;;;;;;;;;;;;;;;;;;;;;;system;bgl;instruction cache parity error corrected
bgl;bgl;E:\Cours\TFE\experiments\phase_dataset_strengthening\processed\multiformat_balanced_20260910T093742Z\samples\bgl.log;222;;2005-06-03T15:43:49.679757+00:00;INFO;-;KERNEL;KERNEL;R02-M1-N0-C:J12-U11;;;;;;;;;;;;;;;;;;;;;;;;;;;;;system;bgl;instruction cache parity error corrected
bgl;bgl;E:\Cours\TFE\experiments\phase_dataset_strengthening\processed\multiformat_balanced_20260910T093742Z\samples\bgl.log;223;;2005-06-03T15:43:49.828335+00:00;INFO;-;KERNEL;KERNEL;R02-M1-N0-C:J12-U11;;;;;;;;;;;;;;;;;;;;;;;;;;;;;system;bgl;instruction cache parity error corrected
bgl;bgl;E:\Cours\TFE\experiments\phase_dataset_strengthening\processed\multiformat_balanced_20260910T093742Z\samples\bgl.log;224;;2005-06-03T15:43:49.972187+00:00;INFO;-;KERNEL;KERNEL;R02-M1-N0-C:J12-U11;;;;;;;;;;;;;;;;;;;;;;;;;;;;;system;bgl;instruction cache parity error corrected
bgl;bgl;E:\Cours\TFE\experiments\phase_dataset_strengthening\processed\multiformat_balanced_20260910T093742Z\samples\bgl.log;225;;2005-06-03T15:43:50.109596+00:00;INFO;-;KERNEL;KERNEL;R02-M1-N0-C:J12-U11;;;;;;;;;;;;;;;;;;;;;;;;;;;;;system;bgl;instruction cache parity error corrected
bgl;bgl;E:\Cours\TFE\experiments\phase_dataset_strengthening\processed\multiformat_balanced_20260910T093742Z\samples\bgl.log;226;;2005-06-03T15:43:50.264050+00:00;INFO;-;KERNEL;KERNEL;R02-M1-N0-C:J12-U11;;;;;;;;;;;;;;;;;;;;;;;;;;;;;system;bgl;instruction cache parity error corrected
bgl;bgl;E:\Cours\TFE\experiments\phase_dataset_strengthening\processed\multiformat_balanced_20260910T093742Z\samples\bgl.log;227;;2005-06-03T15:43:50.414930+00:00;INFO;-;KERNEL;KERNEL;R02-M1-N0-C:J12-U11;;;;;;;;;;;;;;;;;;;;;;;;;;;;;system;bgl;instruction cache parity error corrected
bgl;bgl;E:\Cours\TFE\experiments\phase_dataset_strengthening\processed\multiformat_balanced_20260910T093742Z\samples\bgl.log;228;;2005-06-03T15:43:50.552213+00:00;INFO;-;KERNEL;KERNEL;R02-M1-N0-C:J12-U11;;;;;;;;;;;;;;;;;;;;;;;;;;;;;system;bgl;instruction cache parity error corrected
bgl;bgl;E:\Cours\TFE\experiments\phase_dataset_strengthening\processed\multiformat_balanced_20260910T093742Z\samples\bgl.log;229;;2005-06-03T15:43:50.717830+00:00;INFO;-;KERNEL;KERNEL;R02-M1-N0-C:J12-U11;;;;;;;;;;;;;;;;;;;;;;;;;;;;;system;bgl;instruction cache parity error corrected
bgl;bgl;E:\Cours\TFE\experiments\phase_dataset_strengthening\processed\multiformat_balanced_20260910T093742Z\samples\bgl.log;230;;2005-06-03T15:43:56.993722+00:00;INFO;-;KERNEL;KERNEL;R02-M1-N0-C:J12-U11;;;;;;;;;;;;;;;;;;;;;;;;;;;;;system;bgl;instruction cache parity error corrected
bgl;bgl;E:\Cours\TFE\experiments\phase_dataset_strengthening\processed\multiformat_balanced_20260910T093742Z\samples\bgl.log;231;;2005-06-03T15:43:57.137667+00:00;INFO;-;KERNEL;KERNEL;R02-M1-N0-C:J12-U11;;;;;;;;;;;;;;;;;;;;;;;;;;;;;system;bgl;instruction cache parity error corrected
bgl;bgl;E:\Cours\TFE\experiments\phase_dataset_strengthening\processed\multiformat_balanced_20260910T093742Z\samples\bgl.log;232;;2005-06-03T15:43:57.272717+00:00;INFO;-;KERNEL;KERNEL;R02-M1-N0-C:J12-U11;;;;;;;;;;;;;;;;;;;;;;;;;;;;;system;bgl;instruction cache parity error corrected
bgl;bgl;E:\Cours\TFE\experiments\phase_dataset_strengthening\processed\multiformat_balanced_20260910T093742Z\samples\bgl.log;233;;2005-06-03T15:43:57.419881+00:00;INFO;-;KERNEL;KERNEL;R02-M1-N0-C:J12-U11;;;;;;;;;;;;;;;;;;;;;;;;;;;;;system;bgl;instruction cache parity error corrected
bgl;bgl;E:\Cours\TFE\experiments\phase_dataset_strengthening\processed\multiformat_balanced_20260910T093742Z\samples\bgl.log;234;;2005-06-03T15:43:57.589084+00:00;INFO;-;KERNEL;KERNEL;R02-M1-N0-C:J12-U11;;;;;;;;;;;;;;;;;;;;;;;;;;;;;system;bgl;instruction cache parity error corrected
bgl;bgl;E:\Cours\TFE\experiments\phase_dataset_strengthening\processed\multiformat_balanced_20260910T093742Z\samples\bgl.log;235;;2005-06-03T15:43:57.734848+00:00;INFO;-;KERNEL;KERNEL;R02-M1-N0-C:J12-U11;;;;;;;;;;;;;;;;;;;;;;;;;;;;;system;bgl;instruction cache parity error corrected
bgl;bgl;E:\Cours\TFE\experiments\phase_dataset_strengthening\processed\multiformat_balanced_20260910T093742Z\samples\bgl.log;236;;2005-06-03T15:43:57.923421+00:00;INFO;-;KERNEL;KERNEL;R02-M1-N0-C:J12-U11;;;;;;;;;;;;;;;;;;;;;;;;;;;;;system;bgl;instruction cache parity error corrected
bgl;bgl;E:\Cours\TFE\experiments\phase_dataset_strengthening\processed\multiformat_balanced_20260910T093742Z\samples\bgl.log;237;;2005-06-03T15:43:58.076643+00:00;INFO;-;KERNEL;KERNEL;R02-M1-N0-C:J12-U11;;;;;;;;;;;;;;;;;;;;;;;;;;;;;system;bgl;instruction cache parity error corrected
bgl;bgl;E:\Cours\TFE\experiments\phase_dataset_strengthening\processed\multiformat_balanced_20260910T093742Z\samples\bgl.log;238;;2005-06-03T15:43:58.228142+00:00;INFO;-;KERNEL;KERNEL;R02-M1-N0-C:J12-U11;;;;;;;;;;;;;;;;;;;;;;;;;;;;;system;bgl;instruction cache parity error corrected
bgl;bgl;E:\Cours\TFE\experiments\phase_dataset_strengthening\processed\multiformat_balanced_20260910T093742Z\samples\bgl.log;239;;2005-06-03T15:43:58.404541+00:00;INFO;-;KERNEL;KERNEL;R02-M1-N0-C:J12-U11;;;;;;;;;;;;;;;;;;;;;;;;;;;;;system;bgl;instruction cache parity error corrected
bgl;bgl;E:\Cours\TFE\experiments\phase_dataset_strengthening\processed\multiformat_balanced_20260910T093742Z\samples\bgl.log;240;;2005-06-03T15:43:58.552201+00:00;INFO;-;KERNEL;KERNEL;R02-M1-N0-C:J12-U11;;;;;;;;;;;;;;;;;;;;;;;;;;;;;system;bgl;instruction cache parity error corrected
bgl;bgl;E:\Cours\TFE\experiments\phase_dataset_strengthening\processed\multiformat_balanced_20260910T093742Z\samples\bgl.log;241;;2005-06-03T15:43:58.699932+00:00;INFO;-;KERNEL;KERNEL;R02-M1-N0-C:J12-U11;;;;;;;;;;;;;;;;;;;;;;;;;;;;;system;bgl;instruction cache parity error corrected
bgl;bgl;E:\Cours\TFE\experiments\phase_dataset_strengthening\processed\multiformat_balanced_20260910T093742Z\samples\bgl.log;242;;2005-06-03T15:43:58.855756+00:00;INFO;-;KERNEL;KERNEL;R02-M1-N0-C:J12-U11;;;;;;;;;;;;;;;;;;;;;;;;;;;;;system;bgl;instruction cache parity error corrected
bgl;bgl;E:\Cours\TFE\experiments\phase_dataset_strengthening\processed\multiformat_balanced_20260910T093742Z\samples\bgl.log;243;;2005-06-03T15:43:59.006940+00:00;INFO;-;KERNEL;KERNEL;R02-M1-N0-C:J12-U11;;;;;;;;;;;;;;;;;;;;;;;;;;;;;system;bgl;instruction cache parity error corrected
bgl;bgl;E:\Cours\TFE\experiments\phase_dataset_strengthening\processed\multiformat_balanced_20260910T093742Z\samples\bgl.log;244;;2005-06-03T15:43:59.152359+00:00;INFO;-;KERNEL;KERNEL;R02-M1-N0-C:J12-U11;;;;;;;;;;;;;;;;;;;;;;;;;;;;;system;bgl;instruction cache parity error corrected
bgl;bgl;E:\Cours\TFE\experiments\phase_dataset_strengthening\processed\multiformat_balanced_20260910T093742Z\samples\bgl.log;245;;2005-06-03T15:43:59.288781+00:00;INFO;-;KERNEL;KERNEL;R02-M1-N0-C:J12-U11;;;;;;;;;;;;;;;;;;;;;;;;;;;;;system;bgl;instruction cache parity error corrected
bgl;bgl;E:\Cours\TFE\experiments\phase_dataset_strengthening\processed\multiformat_balanced_20260910T093742Z\samples\bgl.log;246;;2005-06-03T15:43:59.443301+00:00;INFO;-;KERNEL;KERNEL;R02-M1-N0-C:J12-U11;;;;;;;;;;;;;;;;;;;;;;;;;;;;;system;bgl;instruction cache parity error corrected
bgl;bgl;E:\Cours\TFE\experiments\phase_dataset_strengthening\processed\multiformat_balanced_20260910T093742Z\samples\bgl.log;247;;2005-06-03T15:43:59.589104+00:00;INFO;-;KERNEL;KERNEL;R02-M1-N0-C:J12-U11;;;;;;;;;;;;;;;;;;;;;;;;;;;;;system;bgl;instruction cache parity error corrected
bgl;bgl;E:\Cours\TFE\experiments\phase_dataset_strengthening\processed\multiformat_balanced_20260910T093742Z\samples\bgl.log;248;;2005-06-03T15:43:59.723691+00:00;INFO;-;KERNEL;KERNEL;R02-M1-N0-C:J12-U11;;;;;;;;;;;;;;;;;;;;;;;;;;;;;system;bgl;instruction cache parity error corrected
bgl;bgl;E:\Cours\TFE\experiments\phase_dataset_strengthening\processed\multiformat_balanced_20260910T093742Z\samples\bgl.log;249;;2005-06-03T15:43:59.883520+00:00;INFO;-;KERNEL;KERNEL;R02-M1-N0-C:J12-U11;;;;;;;;;;;;;;;;;;;;;;;;;;;;;system;bgl;instruction cache parity error corrected
bgl;bgl;E:\Cours\TFE\experiments\phase_dataset_strengthening\processed\multiformat_balanced_20260910T093742Z\samples\bgl.log;250;;2005-06-03T15:44:00.041215+00:00;INFO;-;KERNEL;KERNEL;R02-M1-N0-C:J12-U11;;;;;;;;;;;;;;;;;;;;;;;;;;;;;system;bgl;instruction cache parity error corrected
bgl;bgl;E:\Cours\TFE\experiments\phase_dataset_strengthening\processed\multiformat_balanced_20260910T093742Z\samples\bgl.log;251;;2005-06-03T15:44:00.184283+00:00;INFO;-;KERNEL;KERNEL;R02-M1-N0-C:J12-U11;;;;;;;;;;;;;;;;;;;;;;;;;;;;;system;bgl;instruction cache parity error corrected
bgl;bgl;E:\Cours\TFE\experiments\phase_dataset_strengthening\processed\multiformat_balanced_20260910T093742Z\samples\bgl.log;252;;2005-06-03T15:44:00.331077+00:00;INFO;-;KERNEL;KERNEL;R02-M1-N0-C:J12-U11;;;;;;;;;;;;;;;;;;;;;;;;;;;;;system;bgl;instruction cache parity error corrected
bgl;bgl;E:\Cours\TFE\experiments\phase_dataset_strengthening\processed\multiformat_balanced_20260910T093742Z\samples\bgl.log;253;;2005-06-03T15:44:00.489647+00:00;INFO;-;KERNEL;KERNEL;R02-M1-N0-C:J12-U11;;;;;;;;;;;;;;;;;;;;;;;;;;;;;system;bgl;instruction cache parity error corrected
bgl;bgl;E:\Cours\TFE\experiments\phase_dataset_strengthening\processed\multiformat_balanced_20260910T093742Z\samples\bgl.log;254;;2005-06-03T15:44:00.639566+00:00;INFO;-;KERNEL;KERNEL;R02-M1-N0-C:J12-U11;;;;;;;;;;;;;;;;;;;;;;;;;;;;;system;bgl;instruction cache parity error corrected
bgl;bgl;E:\Cours\TFE\experiments\phase_dataset_strengthening\processed\multiformat_balanced_20260910T093742Z\samples\bgl.log;255;;2005-06-03T15:44:00.777055+00:00;INFO;-;KERNEL;KERNEL;R02-M1-N0-C:J12-U11;;;;;;;;;;;;;;;;;;;;;;;;;;;;;system;bgl;instruction cache parity error corrected
bgl;bgl;E:\Cours\TFE\experiments\phase_dataset_strengthening\processed\multiformat_balanced_20260910T093742Z\samples\bgl.log;256;;2005-06-03T15:44:00.951349+00:00;INFO;-;KERNEL;KERNEL;R02-M1-N0-C:J12-U11;;;;;;;;;;;;;;;;;;;;;;;;;;;;;system;bgl;instruction cache parity error corrected
bgl;bgl;E:\Cours\TFE\experiments\phase_dataset_strengthening\processed\multiformat_balanced_20260910T093742Z\samples\bgl.log;257;;2005-06-03T15:44:01.095037+00:00;INFO;-;KERNEL;KERNEL;R02-M1-N0-C:J12-U11;;;;;;;;;;;;;;;;;;;;;;;;;;;;;system;bgl;instruction cache parity error corrected
bgl;bgl;E:\Cours\TFE\experiments\phase_dataset_strengthening\processed\multiformat_balanced_20260910T093742Z\samples\bgl.log;258;;2005-06-03T15:44:01.241676+00:00;INFO;-;KERNEL;KERNEL;R02-M1-N0-C:J12-U11;;;;;;;;;;;;;;;;;;;;;;;;;;;;;system;bgl;instruction cache parity error corrected
bgl;bgl;E:\Cours\TFE\experiments\phase_dataset_strengthening\processed\multiformat_balanced_20260910T093742Z\samples\bgl.log;259;;2005-06-03T15:44:01.393874+00:00;INFO;-;KERNEL;KERNEL;R02-M1-N0-C:J12-U11;;;;;;;;;;;;;;;;;;;;;;;;;;;;;system;bgl;instruction cache parity error corrected
bgl;bgl;E:\Cours\TFE\experiments\phase_dataset_strengthening\processed\multiformat_balanced_20260910T093742Z\samples\bgl.log;260;;2005-06-03T15:44:01.536913+00:00;INFO;-;KERNEL;KERNEL;R02-M1-N0-C:J12-U11;;;;;;;;;;;;;;;;;;;;;;;;;;;;;system;bgl;instruction cache parity error corrected
bgl;bgl;E:\Cours\TFE\experiments\phase_dataset_strengthening\processed\multiformat_balanced_20260910T093742Z\samples\bgl.log;261;;2005-06-03T15:44:01.679163+00:00;INFO;-;KERNEL;KERNEL;R02-M1-N0-C:J12-U11;;;;;;;;;;;;;;;;;;;;;;;;;;;;;system;bgl;instruction cache parity error corrected
bgl;bgl;E:\Cours\TFE\experiments\phase_dataset_strengthening\processed\multiformat_balanced_20260910T093742Z\samples\bgl.log;262;;2005-06-03T15:44:01.814245+00:00;INFO;-;KERNEL;KERNEL;R02-M1-N0-C:J12-U11;;;;;;;;;;;;;;;;;;;;;;;;;;;;;system;bgl;instruction cache parity error corrected
bgl;bgl;E:\Cours\TFE\experiments\phase_dataset_strengthening\processed\multiformat_balanced_20260910T093742Z\samples\bgl.log;263;;2005-06-03T15:44:02.008708+00:00;INFO;-;KERNEL;KERNEL;R02-M1-N0-C:J12-U11;;;;;;;;;;;;;;;;;;;;;;;;;;;;;system;bgl;instruction cache parity error corrected
bgl;bgl;E:\Cours\TFE\experiments\phase_dataset_strengthening\processed\multiformat_balanced_20260910T093742Z\samples\bgl.log;264;;2005-06-03T15:44:02.176980+00:00;INFO;-;KERNEL;KERNEL;R02-M1-N0-C:J12-U11;;;;;;;;;;;;;;;;;;;;;;;;;;;;;system;bgl;instruction cache parity error corrected
bgl;bgl;E:\Cours\TFE\experiments\phase_dataset_strengthening\processed\multiformat_balanced_20260910T093742Z\samples\bgl.log;265;;2005-06-03T15:44:02.326506+00:00;INFO;-;KERNEL;KERNEL;R02-M1-N0-C:J12-U11;;;;;;;;;;;;;;;;;;;;;;;;;;;;;system;bgl;instruction cache parity error corrected
bgl;bgl;E:\Cours\TFE\experiments\phase_dataset_strengthening\processed\multiformat_balanced_20260910T093742Z\samples\bgl.log;266;;2005-06-03T15:44:02.534055+00:00;INFO;-;KERNEL;KERNEL;R02-M1-N0-C:J12-U11;;;;;;;;;;;;;;;;;;;;;;;;;;;;;system;bgl;instruction cache parity error corrected
bgl;bgl;E:\Cours\TFE\experiments\phase_dataset_strengthening\processed\multiformat_balanced_20260910T093742Z\samples\bgl.log;267;;2005-06-03T15:44:02.696824+00:00;INFO;-;KERNEL;KERNEL;R02-M1-N0-C:J12-U11;;;;;;;;;;;;;;;;;;;;;;;;;;;;;system;bgl;instruction cache parity error corrected
bgl;bgl;E:\Cours\TFE\experiments\phase_dataset_strengthening\processed\multiformat_balanced_20260910T093742Z\samples\bgl.log;268;;2005-06-03T15:44:02.842876+00:00;INFO;-;KERNEL;KERNEL;R02-M1-N0-C:J12-U11;;;;;;;;;;;;;;;;;;;;;;;;;;;;;system;bgl;instruction cache parity error corrected
bgl;bgl;E:\Cours\TFE\experiments\phase_dataset_strengthening\processed\multiformat_balanced_20260910T093742Z\samples\bgl.log;269;;2005-06-03T15:44:03.019339+00:00;INFO;-;KERNEL;KERNEL;R02-M1-N0-C:J12-U11;;;;;;;;;;;;;;;;;;;;;;;;;;;;;system;bgl;instruction cache parity error corrected
bgl;bgl;E:\Cours\TFE\experiments\phase_dataset_strengthening\processed\multiformat_balanced_20260910T093742Z\samples\bgl.log;270;;2005-06-03T15:44:03.168266+00:00;INFO;-;KERNEL;KERNEL;R02-M1-N0-C:J12-U11;;;;;;;;;;;;;;;;;;;;;;;;;;;;;system;bgl;instruction cache parity error corrected
bgl;bgl;E:\Cours\TFE\experiments\phase_dataset_strengthening\processed\multiformat_balanced_20260910T093742Z\samples\bgl.log;271;;2005-06-03T15:44:03.307974+00:00;INFO;-;KERNEL;KERNEL;R02-M1-N0-C:J12-U11;;;;;;;;;;;;;;;;;;;;;;;;;;;;;system;bgl;instruction cache parity error corrected
bgl;bgl;E:\Cours\TFE\experiments\phase_dataset_strengthening\processed\multiformat_balanced_20260910T093742Z\samples\bgl.log;272;;2005-06-03T15:44:03.465949+00:00;INFO;-;KERNEL;KERNEL;R02-M1-N0-C:J12-U11;;;;;;;;;;;;;;;;;;;;;;;;;;;;;system;bgl;instruction cache parity error corrected
bgl;bgl;E:\Cours\TFE\experiments\phase_dataset_strengthening\processed\multiformat_balanced_20260910T093742Z\samples\bgl.log;273;;2005-06-03T15:44:03.605285+00:00;INFO;-;KERNEL;KERNEL;R02-M1-N0-C:J12-U11;;;;;;;;;;;;;;;;;;;;;;;;;;;;;system;bgl;instruction cache parity error corrected
bgl;bgl;E:\Cours\TFE\experiments\phase_dataset_strengthening\processed\multiformat_balanced_20260910T093742Z\samples\bgl.log;274;;2005-06-03T15:44:03.751360+00:00;INFO;-;KERNEL;KERNEL;R02-M1-N0-C:J12-U11;;;;;;;;;;;;;;;;;;;;;;;;;;;;;system;bgl;instruction cache parity error corrected
bgl;bgl;E:\Cours\TFE\experiments\phase_dataset_strengthening\processed\multiformat_balanced_20260910T093742Z\samples\bgl.log;275;;2005-06-03T15:44:03.904208+00:00;INFO;-;KERNEL;KERNEL;R02-M1-N0-C:J12-U11;;;;;;;;;;;;;;;;;;;;;;;;;;;;;system;bgl;instruction cache parity error corrected
bgl;bgl;E:\Cours\TFE\experiments\phase_dataset_strengthening\processed\multiformat_balanced_20260910T093742Z\samples\bgl.log;276;;2005-06-03T15:44:04.051257+00:00;INFO;-;KERNEL;KERNEL;R02-M1-N0-C:J12-U11;;;;;;;;;;;;;;;;;;;;;;;;;;;;;system;bgl;instruction cache parity error corrected
bgl;bgl;E:\Cours\TFE\experiments\phase_dataset_strengthening\processed\multiformat_balanced_20260910T093742Z\samples\bgl.log;277;;2005-06-03T15:44:04.211204+00:00;INFO;-;KERNEL;KERNEL;R02-M1-N0-C:J12-U11;;;;;;;;;;;;;;;;;;;;;;;;;;;;;system;bgl;instruction cache parity error corrected
bgl;bgl;E:\Cours\TFE\experiments\phase_dataset_strengthening\processed\multiformat_balanced_20260910T093742Z\samples\bgl.log;278;;2005-06-03T15:44:04.350415+00:00;INFO;-;KERNEL;KERNEL;R02-M1-N0-C:J12-U11;;;;;;;;;;;;;;;;;;;;;;;;;;;;;system;bgl;instruction cache parity error corrected
bgl;bgl;E:\Cours\TFE\experiments\phase_dataset_strengthening\processed\multiformat_balanced_20260910T093742Z\samples\bgl.log;279;;2005-06-03T15:44:04.523576+00:00;INFO;-;KERNEL;KERNEL;R02-M1-N0-C:J12-U11;;;;;;;;;;;;;;;;;;;;;;;;;;;;;system;bgl;instruction cache parity error corrected
bgl;bgl;E:\Cours\TFE\experiments\phase_dataset_strengthening\processed\multiformat_balanced_20260910T093742Z\samples\bgl.log;280;;2005-06-03T15:44:04.675042+00:00;INFO;-;KERNEL;KERNEL;R02-M1-N0-C:J12-U11;;;;;;;;;;;;;;;;;;;;;;;;;;;;;system;bgl;instruction cache parity error corrected
bgl;bgl;E:\Cours\TFE\experiments\phase_dataset_strengthening\processed\multiformat_balanced_20260910T093742Z\samples\bgl.log;281;;2005-06-03T15:44:04.823914+00:00;INFO;-;KERNEL;KERNEL;R02-M1-N0-C:J12-U11;;;;;;;;;;;;;;;;;;;;;;;;;;;;;system;bgl;instruction cache parity error corrected
bgl;bgl;E:\Cours\TFE\experiments\phase_dataset_strengthening\processed\multiformat_balanced_20260910T093742Z\samples\bgl.log;282;;2005-06-03T15:44:04.979417+00:00;INFO;-;KERNEL;KERNEL;R02-M1-N0-C:J12-U11;;;;;;;;;;;;;;;;;;;;;;;;;;;;;system;bgl;instruction cache parity error corrected
bgl;bgl;E:\Cours\TFE\experiments\phase_dataset_strengthening\processed\multiformat_balanced_20260910T093742Z\samples\bgl.log;283;;2005-06-03T15:44:05.135973+00:00;INFO;-;KERNEL;KERNEL;R02-M1-N0-C:J12-U11;;;;;;;;;;;;;;;;;;;;;;;;;;;;;system;bgl;instruction cache parity error corrected
bgl;bgl;E:\Cours\TFE\experiments\phase_dataset_strengthening\processed\multiformat_balanced_20260910T093742Z\samples\bgl.log;284;;2005-06-03T15:44:05.280459+00:00;INFO;-;KERNEL;KERNEL;R02-M1-N0-C:J12-U11;;;;;;;;;;;;;;;;;;;;;;;;;;;;;system;bgl;instruction cache parity error corrected
bgl;bgl;E:\Cours\TFE\experiments\phase_dataset_strengthening\processed\multiformat_balanced_20260910T093742Z\samples\bgl.log;285;;2005-06-03T15:44:05.432289+00:00;INFO;-;KERNEL;KERNEL;R02-M1-N0-C:J12-U11;;;;;;;;;;;;;;;;;;;;;;;;;;;;;system;bgl;instruction cache parity error corrected
bgl;bgl;E:\Cours\TFE\experiments\phase_dataset_strengthening\processed\multiformat_balanced_20260910T093742Z\samples\bgl.log;286;;2005-06-03T15:44:05.572050+00:00;INFO;-;KERNEL;KERNEL;R02-M1-N0-C:J12-U11;;;;;;;;;;;;;;;;;;;;;;;;;;;;;system;bgl;instruction cache parity error corrected
bgl;bgl;E:\Cours\TFE\experiments\phase_dataset_strengthening\processed\multiformat_balanced_20260910T093742Z\samples\bgl.log;287;;2005-06-03T15:44:05.721639+00:00;INFO;-;KERNEL;KERNEL;R02-M1-N0-C:J12-U11;;;;;;;;;;;;;;;;;;;;;;;;;;;;;system;bgl;instruction cache parity error corrected
bgl;bgl;E:\Cours\TFE\experiments\phase_dataset_strengthening\processed\multiformat_balanced_20260910T093742Z\samples\bgl.log;288;;2005-06-03T15:44:05.855124+00:00;INFO;-;KERNEL;KERNEL;R02-M1-N0-C:J12-U11;;;;;;;;;;;;;;;;;;;;;;;;;;;;;system;bgl;instruction cache parity error corrected
bgl;bgl;E:\Cours\TFE\experiments\phase_dataset_strengthening\processed\multiformat_balanced_20260910T093742Z\samples\bgl.log;289;;2005-06-03T15:44:06.009920+00:00;INFO;-;KERNEL;KERNEL;R02-M1-N0-C:J12-U11;;;;;;;;;;;;;;;;;;;;;;;;;;;;;system;bgl;instruction cache parity error corrected
bgl;bgl;E:\Cours\TFE\experiments\phase_dataset_strengthening\processed\multiformat_balanced_20260910T093742Z\samples\bgl.log;290;;2005-06-03T15:44:06.157878+00:00;INFO;-;KERNEL;KERNEL;R02-M1-N0-C:J12-U11;;;;;;;;;;;;;;;;;;;;;;;;;;;;;system;bgl;instruction cache parity error corrected
bgl;bgl;E:\Cours\TFE\experiments\phase_dataset_strengthening\processed\multiformat_balanced_20260910T093742Z\samples\bgl.log;291;;2005-06-03T15:44:06.302594+00:00;INFO;-;KERNEL;KERNEL;R02-M1-N0-C:J12-U11;;;;;;;;;;;;;;;;;;;;;;;;;;;;;system;bgl;instruction cache parity error corrected
bgl;bgl;E:\Cours\TFE\experiments\phase_dataset_strengthening\processed\multiformat_balanced_20260910T093742Z\samples\bgl.log;292;;2005-06-03T15:44:06.450834+00:00;INFO;-;KERNEL;KERNEL;R02-M1-N0-C:J12-U11;;;;;;;;;;;;;;;;;;;;;;;;;;;;;system;bgl;instruction cache parity error corrected
bgl;bgl;E:\Cours\TFE\experiments\phase_dataset_strengthening\processed\multiformat_balanced_20260910T093742Z\samples\bgl.log;293;;2005-06-03T15:44:06.600270+00:00;INFO;-;KERNEL;KERNEL;R02-M1-N0-C:J12-U11;;;;;;;;;;;;;;;;;;;;;;;;;;;;;system;bgl;instruction cache parity error corrected
bgl;bgl;E:\Cours\TFE\experiments\phase_dataset_strengthening\processed\multiformat_balanced_20260910T093742Z\samples\bgl.log;294;;2005-06-03T15:44:06.768223+00:00;INFO;-;KERNEL;KERNEL;R02-M1-N0-C:J12-U11;;;;;;;;;;;;;;;;;;;;;;;;;;;;;system;bgl;instruction cache parity error corrected
bgl;bgl;E:\Cours\TFE\experiments\phase_dataset_strengthening\processed\multiformat_balanced_20260910T093742Z\samples\bgl.log;295;;2005-06-03T15:44:06.903443+00:00;INFO;-;KERNEL;KERNEL;R02-M1-N0-C:J12-U11;;;;;;;;;;;;;;;;;;;;;;;;;;;;;system;bgl;instruction cache parity error corrected
bgl;bgl;E:\Cours\TFE\experiments\phase_dataset_strengthening\processed\multiformat_balanced_20260910T093742Z\samples\bgl.log;296;;2005-06-03T15:44:07.085045+00:00;INFO;-;KERNEL;KERNEL;R02-M1-N0-C:J12-U11;;;;;;;;;;;;;;;;;;;;;;;;;;;;;system;bgl;instruction cache parity error corrected
bgl;bgl;E:\Cours\TFE\experiments\phase_dataset_strengthening\processed\multiformat_balanced_20260910T093742Z\samples\bgl.log;297;;2005-06-03T15:44:07.225874+00:00;INFO;-;KERNEL;KERNEL;R02-M1-N0-C:J12-U11;;;;;;;;;;;;;;;;;;;;;;;;;;;;;system;bgl;instruction cache parity error corrected
bgl;bgl;E:\Cours\TFE\experiments\phase_dataset_strengthening\processed\multiformat_balanced_20260910T093742Z\samples\bgl.log;298;;2005-06-03T15:44:07.371726+00:00;INFO;-;KERNEL;KERNEL;R02-M1-N0-C:J12-U11;;;;;;;;;;;;;;;;;;;;;;;;;;;;;system;bgl;instruction cache parity error corrected
bgl;bgl;E:\Cours\TFE\experiments\phase_dataset_strengthening\processed\multiformat_balanced_20260910T093742Z\samples\bgl.log;299;;2005-06-03T15:44:07.529849+00:00;INFO;-;KERNEL;KERNEL;R02-M1-N0-C:J12-U11;;;;;;;;;;;;;;;;;;;;;;;;;;;;;system;bgl;instruction cache parity error corrected
bgl;bgl;E:\Cours\TFE\experiments\phase_dataset_strengthening\processed\multiformat_balanced_20260910T093742Z\samples\bgl.log;300;;2005-06-03T15:44:07.687554+00:00;INFO;-;KERNEL;KERNEL;R02-M1-N0-C:J12-U11;;;;;;;;;;;;;;;;;;;;;;;;;;;;;system;bgl;instruction cache parity error corrected
bgl;bgl;E:\Cours\TFE\experiments\phase_dataset_strengthening\processed\multiformat_balanced_20260910T093742Z\samples\bgl.log;301;;2005-06-03T15:44:07.833287+00:00;INFO;-;KERNEL;KERNEL;R02-M1-N0-C:J12-U11;;;;;;;;;;;;;;;;;;;;;;;;;;;;;system;bgl;instruction cache parity error corrected
bgl;bgl;E:\Cours\TFE\experiments\phase_dataset_strengthening\processed\multiformat_balanced_20260910T093742Z\samples\bgl.log;302;;2005-06-03T15:44:07.982363+00:00;INFO;-;KERNEL;KERNEL;R02-M1-N0-C:J12-U11;;;;;;;;;;;;;;;;;;;;;;;;;;;;;system;bgl;instruction cache parity error corrected
bgl;bgl;E:\Cours\TFE\experiments\phase_dataset_strengthening\processed\multiformat_balanced_20260910T093742Z\samples\bgl.log;303;;2005-06-03T15:44:08.126628+00:00;INFO;-;KERNEL;KERNEL;R02-M1-N0-C:J12-U11;;;;;;;;;;;;;;;;;;;;;;;;;;;;;system;bgl;instruction cache parity error corrected
bgl;bgl;E:\Cours\TFE\experiments\phase_dataset_strengthening\processed\multiformat_balanced_20260910T093742Z\samples\bgl.log;304;;2005-06-03T15:44:08.293806+00:00;INFO;-;KERNEL;KERNEL;R02-M1-N0-C:J12-U11;;;;;;;;;;;;;;;;;;;;;;;;;;;;;system;bgl;instruction cache parity error corrected
bgl;bgl;E:\Cours\TFE\experiments\phase_dataset_strengthening\processed\multiformat_balanced_20260910T093742Z\samples\bgl.log;305;;2005-06-03T15:44:08.430364+00:00;INFO;-;KERNEL;KERNEL;R02-M1-N0-C:J12-U11;;;;;;;;;;;;;;;;;;;;;;;;;;;;;system;bgl;instruction cache parity error corrected
bgl;bgl;E:\Cours\TFE\experiments\phase_dataset_strengthening\processed\multiformat_balanced_20260910T093742Z\samples\bgl.log;306;;2005-06-03T15:44:08.609370+00:00;INFO;-;KERNEL;KERNEL;R02-M1-N0-C:J12-U11;;;;;;;;;;;;;;;;;;;;;;;;;;;;;system;bgl;instruction cache parity error corrected
bgl;bgl;E:\Cours\TFE\experiments\phase_dataset_strengthening\processed\multiformat_balanced_20260910T093742Z\samples\bgl.log;307;;2005-06-03T15:44:08.756203+00:00;INFO;-;KERNEL;KERNEL;R02-M1-N0-C:J12-U11;;;;;;;;;;;;;;;;;;;;;;;;;;;;;system;bgl;instruction cache parity error corrected
bgl;bgl;E:\Cours\TFE\experiments\phase_dataset_strengthening\processed\multiformat_balanced_20260910T093742Z\samples\bgl.log;308;;2005-06-03T15:44:08.901746+00:00;INFO;-;KERNEL;KERNEL;R02-M1-N0-C:J12-U11;;;;;;;;;;;;;;;;;;;;;;;;;;;;;system;bgl;instruction cache parity error corrected
bgl;bgl;E:\Cours\TFE\experiments\phase_dataset_strengthening\processed\multiformat_balanced_20260910T093742Z\samples\bgl.log;309;;2005-06-03T15:44:09.054719+00:00;INFO;-;KERNEL;KERNEL;R02-M1-N0-C:J12-U11;;;;;;;;;;;;;;;;;;;;;;;;;;;;;system;bgl;instruction cache parity error corrected
bgl;bgl;E:\Cours\TFE\experiments\phase_dataset_strengthening\processed\multiformat_balanced_20260910T093742Z\samples\bgl.log;310;;2005-06-03T15:44:09.199775+00:00;INFO;-;KERNEL;KERNEL;R02-M1-N0-C:J12-U11;;;;;;;;;;;;;;;;;;;;;;;;;;;;;system;bgl;instruction cache parity error corrected
bgl;bgl;E:\Cours\TFE\experiments\phase_dataset_strengthening\processed\multiformat_balanced_20260910T093742Z\samples\bgl.log;311;;2005-06-03T15:44:09.345477+00:00;INFO;-;KERNEL;KERNEL;R02-M1-N0-C:J12-U11;;;;;;;;;;;;;;;;;;;;;;;;;;;;;system;bgl;instruction cache parity error corrected
bgl;bgl;E:\Cours\TFE\experiments\phase_dataset_strengthening\processed\multiformat_balanced_20260910T093742Z\samples\bgl.log;312;;2005-06-03T15:44:09.483932+00:00;INFO;-;KERNEL;KERNEL;R02-M1-N0-C:J12-U11;;;;;;;;;;;;;;;;;;;;;;;;;;;;;system;bgl;instruction cache parity error corrected
bgl;bgl;E:\Cours\TFE\experiments\phase_dataset_strengthening\processed\multiformat_balanced_20260910T093742Z\samples\bgl.log;313;;2005-06-03T15:44:09.634841+00:00;INFO;-;KERNEL;KERNEL;R02-M1-N0-C:J12-U11;;;;;;;;;;;;;;;;;;;;;;;;;;;;;system;bgl;instruction cache parity error corrected
bgl;bgl;E:\Cours\TFE\experiments\phase_dataset_strengthening\processed\multiformat_balanced_20260910T093742Z\samples\bgl.log;314;;2005-06-03T15:44:09.785466+00:00;INFO;-;KERNEL;KERNEL;R02-M1-N0-C:J12-U11;;;;;;;;;;;;;;;;;;;;;;;;;;;;;system;bgl;instruction cache parity error corrected
bgl;bgl;E:\Cours\TFE\experiments\phase_dataset_strengthening\processed\multiformat_balanced_20260910T093742Z\samples\bgl.log;315;;2005-06-03T15:44:09.922586+00:00;INFO;-;KERNEL;KERNEL;R02-M1-N0-C:J12-U11;;;;;;;;;;;;;;;;;;;;;;;;;;;;;system;bgl;instruction cache parity error corrected
bgl;bgl;E:\Cours\TFE\experiments\phase_dataset_strengthening\processed\multiformat_balanced_20260910T093742Z\samples\bgl.log;316;;2005-06-03T15:44:10.085664+00:00;INFO;-;KERNEL;KERNEL;R02-M1-N0-C:J12-U11;;;;;;;;;;;;;;;;;;;;;;;;;;;;;system;bgl;instruction cache parity error corrected
bgl;bgl;E:\Cours\TFE\experiments\phase_dataset_strengthening\processed\multiformat_balanced_20260910T093742Z\samples\bgl.log;317;;2005-06-03T15:44:10.236615+00:00;INFO;-;KERNEL;KERNEL;R02-M1-N0-C:J12-U11;;;;;;;;;;;;;;;;;;;;;;;;;;;;;system;bgl;instruction cache parity error corrected
bgl;bgl;E:\Cours\TFE\experiments\phase_dataset_strengthening\processed\multiformat_balanced_20260910T093742Z\samples\bgl.log;318;;2005-06-03T15:44:10.380973+00:00;INFO;-;KERNEL;KERNEL;R02-M1-N0-C:J12-U11;;;;;;;;;;;;;;;;;;;;;;;;;;;;;system;bgl;instruction cache parity error corrected
bgl;bgl;E:\Cours\TFE\experiments\phase_dataset_strengthening\processed\multiformat_balanced_20260910T093742Z\samples\bgl.log;319;;2005-06-03T15:44:10.531377+00:00;INFO;-;KERNEL;KERNEL;R02-M1-N0-C:J12-U11;;;;;;;;;;;;;;;;;;;;;;;;;;;;;system;bgl;instruction cache parity error corrected
bgl;bgl;E:\Cours\TFE\experiments\phase_dataset_strengthening\processed\multiformat_balanced_20260910T093742Z\samples\bgl.log;320;;2005-06-03T15:44:10.675004+00:00;INFO;-;KERNEL;KERNEL;R02-M1-N0-C:J12-U11;;;;;;;;;;;;;;;;;;;;;;;;;;;;;system;bgl;instruction cache parity error corrected
bgl;bgl;E:\Cours\TFE\experiments\phase_dataset_strengthening\processed\multiformat_balanced_20260910T093742Z\samples\bgl.log;321;;2005-06-03T15:44:10.843593+00:00;INFO;-;KERNEL;KERNEL;R02-M1-N0-C:J12-U11;;;;;;;;;;;;;;;;;;;;;;;;;;;;;system;bgl;instruction cache parity error corrected
bgl;bgl;E:\Cours\TFE\experiments\phase_dataset_strengthening\processed\multiformat_balanced_20260910T093742Z\samples\bgl.log;322;;2005-06-03T15:44:10.978814+00:00;INFO;-;KERNEL;KERNEL;R02-M1-N0-C:J12-U11;;;;;;;;;;;;;;;;;;;;;;;;;;;;;system;bgl;instruction cache parity error corrected
bgl;bgl;E:\Cours\TFE\experiments\phase_dataset_strengthening\processed\multiformat_balanced_20260910T093742Z\samples\bgl.log;323;;2005-06-03T15:44:11.157265+00:00;INFO;-;KERNEL;KERNEL;R02-M1-N0-C:J12-U11;;;;;;;;;;;;;;;;;;;;;;;;;;;;;system;bgl;instruction cache parity error corrected
bgl;bgl;E:\Cours\TFE\experiments\phase_dataset_strengthening\processed\multiformat_balanced_20260910T093742Z\samples\bgl.log;324;;2005-06-03T15:44:11.432261+00:00;INFO;-;KERNEL;KERNEL;R02-M1-N0-C:J12-U11;;;;;;;;;;;;;;;;;;;;;;;;;;;;;system;bgl;instruction cache parity error corrected
bgl;bgl;E:\Cours\TFE\experiments\phase_dataset_strengthening\processed\multiformat_balanced_20260910T093742Z\samples\bgl.log;325;;2005-06-03T15:44:11.598380+00:00;INFO;-;KERNEL;KERNEL;R02-M1-N0-C:J12-U11;;;;;;;;;;;;;;;;;;;;;;;;;;;;;system;bgl;instruction cache parity error corrected
bgl;bgl;E:\Cours\TFE\experiments\phase_dataset_strengthening\processed\multiformat_balanced_20260910T093742Z\samples\bgl.log;326;;2005-06-03T15:44:11.749097+00:00;INFO;-;KERNEL;KERNEL;R02-M1-N0-C:J12-U11;;;;;;;;;;;;;;;;;;;;;;;;;;;;;system;bgl;instruction cache parity error corrected
bgl;bgl;E:\Cours\TFE\experiments\phase_dataset_strengthening\processed\multiformat_balanced_20260910T093742Z\samples\bgl.log;327;;2005-06-03T15:44:11.893448+00:00;INFO;-;KERNEL;KERNEL;R02-M1-N0-C:J12-U11;;;;;;;;;;;;;;;;;;;;;;;;;;;;;system;bgl;instruction cache parity error corrected
bgl;bgl;E:\Cours\TFE\experiments\phase_dataset_strengthening\processed\multiformat_balanced_20260910T093742Z\samples\bgl.log;328;;2005-06-03T15:44:12.036663+00:00;INFO;-;KERNEL;KERNEL;R02-M1-N0-C:J12-U11;;;;;;;;;;;;;;;;;;;;;;;;;;;;;system;bgl;instruction cache parity error corrected
bgl;bgl;E:\Cours\TFE\experiments\phase_dataset_strengthening\processed\multiformat_balanced_20260910T093742Z\samples\bgl.log;329;;2005-06-03T15:44:12.207914+00:00;INFO;-;KERNEL;KERNEL;R02-M1-N0-C:J12-U11;;;;;;;;;;;;;;;;;;;;;;;;;;;;;system;bgl;instruction cache parity error corrected
bgl;bgl;E:\Cours\TFE\experiments\phase_dataset_strengthening\processed\multiformat_balanced_20260910T093742Z\samples\bgl.log;330;;2005-06-03T15:44:12.376573+00:00;INFO;-;KERNEL;KERNEL;R02-M1-N0-C:J12-U11;;;;;;;;;;;;;;;;;;;;;;;;;;;;;system;bgl;instruction cache parity error corrected
bgl;bgl;E:\Cours\TFE\experiments\phase_dataset_strengthening\processed\multiformat_balanced_20260910T093742Z\samples\bgl.log;331;;2005-06-03T15:44:12.513550+00:00;INFO;-;KERNEL;KERNEL;R02-M1-N0-C:J12-U11;;;;;;;;;;;;;;;;;;;;;;;;;;;;;system;bgl;instruction cache parity error corrected
bgl;bgl;E:\Cours\TFE\experiments\phase_dataset_strengthening\processed\multiformat_balanced_20260910T093742Z\samples\bgl.log;332;;2005-06-03T15:44:12.684410+00:00;INFO;-;KERNEL;KERNEL;R02-M1-N0-C:J12-U11;;;;;;;;;;;;;;;;;;;;;;;;;;;;;system;bgl;instruction cache parity error corrected
bgl;bgl;E:\Cours\TFE\experiments\phase_dataset_strengthening\processed\multiformat_balanced_20260910T093742Z\samples\bgl.log;333;;2005-06-03T15:44:12.831491+00:00;INFO;-;KERNEL;KERNEL;R02-M1-N0-C:J12-U11;;;;;;;;;;;;;;;;;;;;;;;;;;;;;system;bgl;instruction cache parity error corrected
bgl;bgl;E:\Cours\TFE\experiments\phase_dataset_strengthening\processed\multiformat_balanced_20260910T093742Z\samples\bgl.log;334;;2005-06-03T15:44:12.980595+00:00;INFO;-;KERNEL;KERNEL;R02-M1-N0-C:J12-U11;;;;;;;;;;;;;;;;;;;;;;;;;;;;;system;bgl;instruction cache parity error corrected
bgl;bgl;E:\Cours\TFE\experiments\phase_dataset_strengthening\processed\multiformat_balanced_20260910T093742Z\samples\bgl.log;335;;2005-06-03T15:44:13.143321+00:00;INFO;-;KERNEL;KERNEL;R02-M1-N0-C:J12-U11;;;;;;;;;;;;;;;;;;;;;;;;;;;;;system;bgl;instruction cache parity error corrected
bgl;bgl;E:\Cours\TFE\experiments\phase_dataset_strengthening\processed\multiformat_balanced_20260910T093742Z\samples\bgl.log;336;;2005-06-03T15:44:13.296598+00:00;INFO;-;KERNEL;KERNEL;R02-M1-N0-C:J12-U11;;;;;;;;;;;;;;;;;;;;;;;;;;;;;system;bgl;instruction cache parity error corrected
bgl;bgl;E:\Cours\TFE\experiments\phase_dataset_strengthening\processed\multiformat_balanced_20260910T093742Z\samples\bgl.log;337;;2005-06-03T15:44:13.443593+00:00;INFO;-;KERNEL;KERNEL;R02-M1-N0-C:J12-U11;;;;;;;;;;;;;;;;;;;;;;;;;;;;;system;bgl;instruction cache parity error corrected
bgl;bgl;E:\Cours\TFE\experiments\phase_dataset_strengthening\processed\multiformat_balanced_20260910T093742Z\samples\bgl.log;338;;2005-06-03T15:44:13.580456+00:00;INFO;-;KERNEL;KERNEL;R02-M1-N0-C:J12-U11;;;;;;;;;;;;;;;;;;;;;;;;;;;;;system;bgl;instruction cache parity error corrected
bgl;bgl;E:\Cours\TFE\experiments\phase_dataset_strengthening\processed\multiformat_balanced_20260910T093742Z\samples\bgl.log;339;;2005-06-03T15:44:13.727504+00:00;INFO;-;KERNEL;KERNEL;R02-M1-N0-C:J12-U11;;;;;;;;;;;;;;;;;;;;;;;;;;;;;system;bgl;instruction cache parity error corrected
bgl;bgl;E:\Cours\TFE\experiments\phase_dataset_strengthening\processed\multiformat_balanced_20260910T093742Z\samples\bgl.log;340;;2005-06-03T15:44:13.867889+00:00;INFO;-;KERNEL;KERNEL;R02-M1-N0-C:J12-U11;;;;;;;;;;;;;;;;;;;;;;;;;;;;;system;bgl;instruction cache parity error corrected
bgl;bgl;E:\Cours\TFE\experiments\phase_dataset_strengthening\processed\multiformat_balanced_20260910T093742Z\samples\bgl.log;341;;2005-06-03T15:44:14.009852+00:00;INFO;-;KERNEL;KERNEL;R02-M1-N0-C:J12-U11;;;;;;;;;;;;;;;;;;;;;;;;;;;;;system;bgl;instruction cache parity error corrected
bgl;bgl;E:\Cours\TFE\experiments\phase_dataset_strengthening\processed\multiformat_balanced_20260910T093742Z\samples\bgl.log;342;;2005-06-03T15:44:14.169102+00:00;INFO;-;KERNEL;KERNEL;R02-M1-N0-C:J12-U11;;;;;;;;;;;;;;;;;;;;;;;;;;;;;system;bgl;instruction cache parity error corrected
bgl;bgl;E:\Cours\TFE\experiments\phase_dataset_strengthening\processed\multiformat_balanced_20260910T093742Z\samples\bgl.log;343;;2005-06-03T15:44:14.322800+00:00;INFO;-;KERNEL;KERNEL;R02-M1-N0-C:J12-U11;;;;;;;;;;;;;;;;;;;;;;;;;;;;;system;bgl;instruction cache parity error corrected
bgl;bgl;E:\Cours\TFE\experiments\phase_dataset_strengthening\processed\multiformat_balanced_20260910T093742Z\samples\bgl.log;344;;2005-06-03T15:44:14.465851+00:00;INFO;-;KERNEL;KERNEL;R02-M1-N0-C:J12-U11;;;;;;;;;;;;;;;;;;;;;;;;;;;;;system;bgl;instruction cache parity error corrected
bgl;bgl;E:\Cours\TFE\experiments\phase_dataset_strengthening\processed\multiformat_balanced_20260910T093742Z\samples\bgl.log;345;;2005-06-03T15:44:14.619662+00:00;INFO;-;KERNEL;KERNEL;R02-M1-N0-C:J12-U11;;;;;;;;;;;;;;;;;;;;;;;;;;;;;system;bgl;instruction cache parity error corrected
bgl;bgl;E:\Cours\TFE\experiments\phase_dataset_strengthening\processed\multiformat_balanced_20260910T093742Z\samples\bgl.log;346;;2005-06-03T15:44:14.764153+00:00;INFO;-;KERNEL;KERNEL;R02-M1-N0-C:J12-U11;;;;;;;;;;;;;;;;;;;;;;;;;;;;;system;bgl;instruction cache parity error corrected
bgl;bgl;E:\Cours\TFE\experiments\phase_dataset_strengthening\processed\multiformat_balanced_20260910T093742Z\samples\bgl.log;347;;2005-06-03T15:44:14.933936+00:00;INFO;-;KERNEL;KERNEL;R02-M1-N0-C:J12-U11;;;;;;;;;;;;;;;;;;;;;;;;;;;;;system;bgl;instruction cache parity error corrected
bgl;bgl;E:\Cours\TFE\experiments\phase_dataset_strengthening\processed\multiformat_balanced_20260910T093742Z\samples\bgl.log;348;;2005-06-03T15:44:15.069699+00:00;INFO;-;KERNEL;KERNEL;R02-M1-N0-C:J12-U11;;;;;;;;;;;;;;;;;;;;;;;;;;;;;system;bgl;instruction cache parity error corrected
bgl;bgl;E:\Cours\TFE\experiments\phase_dataset_strengthening\processed\multiformat_balanced_20260910T093742Z\samples\bgl.log;349;;2005-06-03T15:44:15.252488+00:00;INFO;-;KERNEL;KERNEL;R02-M1-N0-C:J12-U11;;;;;;;;;;;;;;;;;;;;;;;;;;;;;system;bgl;instruction cache parity error corrected
bgl;bgl;E:\Cours\TFE\experiments\phase_dataset_strengthening\processed\multiformat_balanced_20260910T093742Z\samples\bgl.log;350;;2005-06-03T15:44:15.394233+00:00;INFO;-;KERNEL;KERNEL;R02-M1-N0-C:J12-U11;;;;;;;;;;;;;;;;;;;;;;;;;;;;;system;bgl;instruction cache parity error corrected
bgl;bgl;E:\Cours\TFE\experiments\phase_dataset_strengthening\processed\multiformat_balanced_20260910T093742Z\samples\bgl.log;351;;2005-06-03T15:44:15.542993+00:00;INFO;-;KERNEL;KERNEL;R02-M1-N0-C:J12-U11;;;;;;;;;;;;;;;;;;;;;;;;;;;;;system;bgl;instruction cache parity error corrected
bgl;bgl;E:\Cours\TFE\experiments\phase_dataset_strengthening\processed\multiformat_balanced_20260910T093742Z\samples\bgl.log;352;;2005-06-03T15:44:15.715074+00:00;INFO;-;KERNEL;KERNEL;R02-M1-N0-C:J12-U11;;;;;;;;;;;;;;;;;;;;;;;;;;;;;system;bgl;instruction cache parity error corrected
bgl;bgl;E:\Cours\TFE\experiments\phase_dataset_strengthening\processed\multiformat_balanced_20260910T093742Z\samples\bgl.log;353;;2005-06-03T15:44:15.852059+00:00;INFO;-;KERNEL;KERNEL;R02-M1-N0-C:J12-U11;;;;;;;;;;;;;;;;;;;;;;;;;;;;;system;bgl;instruction cache parity error corrected
bgl;bgl;E:\Cours\TFE\experiments\phase_dataset_strengthening\processed\multiformat_balanced_20260910T093742Z\samples\bgl.log;354;;2005-06-03T15:44:15.999855+00:00;INFO;-;KERNEL;KERNEL;R02-M1-N0-C:J12-U11;;;;;;;;;;;;;;;;;;;;;;;;;;;;;system;bgl;instruction cache parity error corrected
bgl;bgl;E:\Cours\TFE\experiments\phase_dataset_strengthening\processed\multiformat_balanced_20260910T093742Z\samples\bgl.log;355;;2005-06-03T15:44:16.152061+00:00;INFO;-;KERNEL;KERNEL;R02-M1-N0-C:J12-U11;;;;;;;;;;;;;;;;;;;;;;;;;;;;;system;bgl;instruction cache parity error corrected
bgl;bgl;E:\Cours\TFE\experiments\phase_dataset_strengthening\processed\multiformat_balanced_20260910T093742Z\samples\bgl.log;356;;2005-06-03T15:44:16.298221+00:00;INFO;-;KERNEL;KERNEL;R02-M1-N0-C:J12-U11;;;;;;;;;;;;;;;;;;;;;;;;;;;;;system;bgl;instruction cache parity error corrected
bgl;bgl;E:\Cours\TFE\experiments\phase_dataset_strengthening\processed\multiformat_balanced_20260910T093742Z\samples\bgl.log;357;;2005-06-03T15:44:16.451211+00:00;INFO;-;KERNEL;KERNEL;R02-M1-N0-C:J12-U11;;;;;;;;;;;;;;;;;;;;;;;;;;;;;system;bgl;instruction cache parity error corrected
bgl;bgl;E:\Cours\TFE\experiments\phase_dataset_strengthening\processed\multiformat_balanced_20260910T093742Z\samples\bgl.log;358;;2005-06-03T15:44:16.598560+00:00;INFO;-;KERNEL;KERNEL;R02-M1-N0-C:J12-U11;;;;;;;;;;;;;;;;;;;;;;;;;;;;;system;bgl;instruction cache parity error corrected
bgl;bgl;E:\Cours\TFE\experiments\phase_dataset_strengthening\processed\multiformat_balanced_20260910T093742Z\samples\bgl.log;359;;2005-06-03T15:44:16.774826+00:00;INFO;-;KERNEL;KERNEL;R02-M1-N0-C:J12-U11;;;;;;;;;;;;;;;;;;;;;;;;;;;;;system;bgl;instruction cache parity error corrected
bgl;bgl;E:\Cours\TFE\experiments\phase_dataset_strengthening\processed\multiformat_balanced_20260910T093742Z\samples\bgl.log;360;;2005-06-03T15:44:16.921721+00:00;INFO;-;KERNEL;KERNEL;R02-M1-N0-C:J12-U11;;;;;;;;;;;;;;;;;;;;;;;;;;;;;system;bgl;instruction cache parity error corrected
bgl;bgl;E:\Cours\TFE\experiments\phase_dataset_strengthening\processed\multiformat_balanced_20260910T093742Z\samples\bgl.log;361;;2005-06-03T15:44:17.071574+00:00;INFO;-;KERNEL;KERNEL;R02-M1-N0-C:J12-U11;;;;;;;;;;;;;;;;;;;;;;;;;;;;;system;bgl;instruction cache parity error corrected
bgl;bgl;E:\Cours\TFE\experiments\phase_dataset_strengthening\processed\multiformat_balanced_20260910T093742Z\samples\bgl.log;362;;2005-06-03T15:44:17.225536+00:00;INFO;-;KERNEL;KERNEL;R02-M1-N0-C:J12-U11;;;;;;;;;;;;;;;;;;;;;;;;;;;;;system;bgl;instruction cache parity error corrected
bgl;bgl;E:\Cours\TFE\experiments\phase_dataset_strengthening\processed\multiformat_balanced_20260910T093742Z\samples\bgl.log;363;;2005-06-03T15:44:17.379243+00:00;INFO;-;KERNEL;KERNEL;R02-M1-N0-C:J12-U11;;;;;;;;;;;;;;;;;;;;;;;;;;;;;system;bgl;instruction cache parity error corrected
bgl;bgl;E:\Cours\TFE\experiments\phase_dataset_strengthening\processed\multiformat_balanced_20260910T093742Z\samples\bgl.log;364;;2005-06-03T15:44:17.524013+00:00;INFO;-;KERNEL;KERNEL;R02-M1-N0-C:J12-U11;;;;;;;;;;;;;;;;;;;;;;;;;;;;;system;bgl;instruction cache parity error corrected
bgl;bgl;E:\Cours\TFE\experiments\phase_dataset_strengthening\processed\multiformat_balanced_20260910T093742Z\samples\bgl.log;365;;2005-06-03T15:44:17.657890+00:00;INFO;-;KERNEL;KERNEL;R02-M1-N0-C:J12-U11;;;;;;;;;;;;;;;;;;;;;;;;;;;;;system;bgl;instruction cache parity error corrected
bgl;bgl;E:\Cours\TFE\experiments\phase_dataset_strengthening\processed\multiformat_balanced_20260910T093742Z\samples\bgl.log;366;;2005-06-03T15:44:17.811599+00:00;INFO;-;KERNEL;KERNEL;R02-M1-N0-C:J12-U11;;;;;;;;;;;;;;;;;;;;;;;;;;;;;system;bgl;instruction cache parity error corrected
bgl;bgl;E:\Cours\TFE\experiments\phase_dataset_strengthening\processed\multiformat_balanced_20260910T093742Z\samples\bgl.log;367;;2005-06-03T15:44:17.956728+00:00;INFO;-;KERNEL;KERNEL;R02-M1-N0-C:J12-U11;;;;;;;;;;;;;;;;;;;;;;;;;;;;;system;bgl;instruction cache parity error corrected
bgl;bgl;E:\Cours\TFE\experiments\phase_dataset_strengthening\processed\multiformat_balanced_20260910T093742Z\samples\bgl.log;368;;2005-06-03T15:44:18.098369+00:00;INFO;-;KERNEL;KERNEL;R02-M1-N0-C:J12-U11;;;;;;;;;;;;;;;;;;;;;;;;;;;;;system;bgl;instruction cache parity error corrected
bgl;bgl;E:\Cours\TFE\experiments\phase_dataset_strengthening\processed\multiformat_balanced_20260910T093742Z\samples\bgl.log;369;;2005-06-03T15:44:18.259472+00:00;INFO;-;KERNEL;KERNEL;R02-M1-N0-C:J12-U11;;;;;;;;;;;;;;;;;;;;;;;;;;;;;system;bgl;instruction cache parity error corrected
bgl;bgl;E:\Cours\TFE\experiments\phase_dataset_strengthening\processed\multiformat_balanced_20260910T093742Z\samples\bgl.log;370;;2005-06-03T15:44:18.401366+00:00;INFO;-;KERNEL;KERNEL;R02-M1-N0-C:J12-U11;;;;;;;;;;;;;;;;;;;;;;;;;;;;;system;bgl;instruction cache parity error corrected
bgl;bgl;E:\Cours\TFE\experiments\phase_dataset_strengthening\processed\multiformat_balanced_20260910T093742Z\samples\bgl.log;371;;2005-06-03T15:44:18.545226+00:00;INFO;-;KERNEL;KERNEL;R02-M1-N0-C:J12-U11;;;;;;;;;;;;;;;;;;;;;;;;;;;;;system;bgl;instruction cache parity error corrected
bgl;bgl;E:\Cours\TFE\experiments\phase_dataset_strengthening\processed\multiformat_balanced_20260910T093742Z\samples\bgl.log;372;;2005-06-03T15:44:18.692150+00:00;INFO;-;KERNEL;KERNEL;R02-M1-N0-C:J12-U11;;;;;;;;;;;;;;;;;;;;;;;;;;;;;system;bgl;instruction cache parity error corrected
bgl;bgl;E:\Cours\TFE\experiments\phase_dataset_strengthening\processed\multiformat_balanced_20260910T093742Z\samples\bgl.log;373;;2005-06-03T15:44:18.843836+00:00;INFO;-;KERNEL;KERNEL;R02-M1-N0-C:J12-U11;;;;;;;;;;;;;;;;;;;;;;;;;;;;;system;bgl;instruction cache parity error corrected
bgl;bgl;E:\Cours\TFE\experiments\phase_dataset_strengthening\processed\multiformat_balanced_20260910T093742Z\samples\bgl.log;374;;2005-06-03T15:44:18.993078+00:00;INFO;-;KERNEL;KERNEL;R02-M1-N0-C:J12-U11;;;;;;;;;;;;;;;;;;;;;;;;;;;;;system;bgl;instruction cache parity error corrected
bgl;bgl;E:\Cours\TFE\experiments\phase_dataset_strengthening\processed\multiformat_balanced_20260910T093742Z\samples\bgl.log;375;;2005-06-03T15:44:19.129738+00:00;INFO;-;KERNEL;KERNEL;R02-M1-N0-C:J12-U11;;;;;;;;;;;;;;;;;;;;;;;;;;;;;system;bgl;instruction cache parity error corrected
bgl;bgl;E:\Cours\TFE\experiments\phase_dataset_strengthening\processed\multiformat_balanced_20260910T093742Z\samples\bgl.log;376;;2005-06-03T15:44:19.289408+00:00;INFO;-;KERNEL;KERNEL;R02-M1-N0-C:J12-U11;;;;;;;;;;;;;;;;;;;;;;;;;;;;;system;bgl;instruction cache parity error corrected
bgl;bgl;E:\Cours\TFE\experiments\phase_dataset_strengthening\processed\multiformat_balanced_20260910T093742Z\samples\bgl.log;377;;2005-06-03T15:44:19.434907+00:00;INFO;-;KERNEL;KERNEL;R02-M1-N0-C:J12-U11;;;;;;;;;;;;;;;;;;;;;;;;;;;;;system;bgl;instruction cache parity error corrected
bgl;bgl;E:\Cours\TFE\experiments\phase_dataset_strengthening\processed\multiformat_balanced_20260910T093742Z\samples\bgl.log;378;;2005-06-03T15:44:19.582535+00:00;INFO;-;KERNEL;KERNEL;R02-M1-N0-C:J12-U11;;;;;;;;;;;;;;;;;;;;;;;;;;;;;system;bgl;instruction cache parity error corrected
bgl;bgl;E:\Cours\TFE\experiments\phase_dataset_strengthening\processed\multiformat_balanced_20260910T093742Z\samples\bgl.log;379;;2005-06-03T15:44:19.722946+00:00;INFO;-;KERNEL;KERNEL;R02-M1-N0-C:J12-U11;;;;;;;;;;;;;;;;;;;;;;;;;;;;;system;bgl;instruction cache parity error corrected
bgl;bgl;E:\Cours\TFE\experiments\phase_dataset_strengthening\processed\multiformat_balanced_20260910T093742Z\samples\bgl.log;380;;2005-06-03T15:44:19.870276+00:00;INFO;-;KERNEL;KERNEL;R02-M1-N0-C:J12-U11;;;;;;;;;;;;;;;;;;;;;;;;;;;;;system;bgl;instruction cache parity error corrected
bgl;bgl;E:\Cours\TFE\experiments\phase_dataset_strengthening\processed\multiformat_balanced_20260910T093742Z\samples\bgl.log;381;;2005-06-03T15:44:20.042326+00:00;INFO;-;KERNEL;KERNEL;R02-M1-N0-C:J12-U11;;;;;;;;;;;;;;;;;;;;;;;;;;;;;system;bgl;instruction cache parity error corrected
bgl;bgl;E:\Cours\TFE\experiments\phase_dataset_strengthening\processed\multiformat_balanced_20260910T093742Z\samples\bgl.log;382;;2005-06-03T15:44:20.181717+00:00;INFO;-;KERNEL;KERNEL;R02-M1-N0-C:J12-U11;;;;;;;;;;;;;;;;;;;;;;;;;;;;;system;bgl;instruction cache parity error corrected
bgl;bgl;E:\Cours\TFE\experiments\phase_dataset_strengthening\processed\multiformat_balanced_20260910T093742Z\samples\bgl.log;383;;2005-06-03T15:44:20.354683+00:00;INFO;-;KERNEL;KERNEL;R02-M1-N0-C:J12-U11;;;;;;;;;;;;;;;;;;;;;;;;;;;;;system;bgl;instruction cache parity error corrected
bgl;bgl;E:\Cours\TFE\experiments\phase_dataset_strengthening\processed\multiformat_balanced_20260910T093742Z\samples\bgl.log;384;;2005-06-03T15:44:20.504614+00:00;INFO;-;KERNEL;KERNEL;R02-M1-N0-C:J12-U11;;;;;;;;;;;;;;;;;;;;;;;;;;;;;system;bgl;instruction cache parity error corrected
bgl;bgl;E:\Cours\TFE\experiments\phase_dataset_strengthening\processed\multiformat_balanced_20260910T093742Z\samples\bgl.log;385;;2005-06-03T15:44:20.659960+00:00;INFO;-;KERNEL;KERNEL;R02-M1-N0-C:J12-U11;;;;;;;;;;;;;;;;;;;;;;;;;;;;;system;bgl;instruction cache parity error corrected
bgl;bgl;E:\Cours\TFE\experiments\phase_dataset_strengthening\processed\multiformat_balanced_20260910T093742Z\samples\bgl.log;386;;2005-06-03T15:44:20.817750+00:00;INFO;-;KERNEL;KERNEL;R02-M1-N0-C:J12-U11;;;;;;;;;;;;;;;;;;;;;;;;;;;;;system;bgl;instruction cache parity error corrected
bgl;bgl;E:\Cours\TFE\experiments\phase_dataset_strengthening\processed\multiformat_balanced_20260910T093742Z\samples\bgl.log;387;;2005-06-03T15:44:20.968071+00:00;INFO;-;KERNEL;KERNEL;R02-M1-N0-C:J12-U11;;;;;;;;;;;;;;;;;;;;;;;;;;;;;system;bgl;instruction cache parity error corrected
bgl;bgl;E:\Cours\TFE\experiments\phase_dataset_strengthening\processed\multiformat_balanced_20260910T093742Z\samples\bgl.log;388;;2005-06-03T15:44:21.119843+00:00;INFO;-;KERNEL;KERNEL;R02-M1-N0-C:J12-U11;;;;;;;;;;;;;;;;;;;;;;;;;;;;;system;bgl;instruction cache parity error corrected
bgl;bgl;E:\Cours\TFE\experiments\phase_dataset_strengthening\processed\multiformat_balanced_20260910T093742Z\samples\bgl.log;389;;2005-06-03T15:44:21.265549+00:00;INFO;-;KERNEL;KERNEL;R02-M1-N0-C:J12-U11;;;;;;;;;;;;;;;;;;;;;;;;;;;;;system;bgl;instruction cache parity error corrected
bgl;bgl;E:\Cours\TFE\experiments\phase_dataset_strengthening\processed\multiformat_balanced_20260910T093742Z\samples\bgl.log;390;;2005-06-03T15:44:21.412343+00:00;INFO;-;KERNEL;KERNEL;R02-M1-N0-C:J12-U11;;;;;;;;;;;;;;;;;;;;;;;;;;;;;system;bgl;instruction cache parity error corrected
bgl;bgl;E:\Cours\TFE\experiments\phase_dataset_strengthening\processed\multiformat_balanced_20260910T093742Z\samples\bgl.log;391;;2005-06-03T15:44:21.572246+00:00;INFO;-;KERNEL;KERNEL;R02-M1-N0-C:J12-U11;;;;;;;;;;;;;;;;;;;;;;;;;;;;;system;bgl;instruction cache parity error corrected
bgl;bgl;E:\Cours\TFE\experiments\phase_dataset_strengthening\processed\multiformat_balanced_20260910T093742Z\samples\bgl.log;392;;2005-06-03T15:44:21.710082+00:00;INFO;-;KERNEL;KERNEL;R02-M1-N0-C:J12-U11;;;;;;;;;;;;;;;;;;;;;;;;;;;;;system;bgl;instruction cache parity error corrected
bgl;bgl;E:\Cours\TFE\experiments\phase_dataset_strengthening\processed\multiformat_balanced_20260910T093742Z\samples\bgl.log;393;;2005-06-03T15:44:21.884016+00:00;INFO;-;KERNEL;KERNEL;R02-M1-N0-C:J12-U11;;;;;;;;;;;;;;;;;;;;;;;;;;;;;system;bgl;instruction cache parity error corrected
bgl;bgl;E:\Cours\TFE\experiments\phase_dataset_strengthening\processed\multiformat_balanced_20260910T093742Z\samples\bgl.log;394;;2005-06-03T15:44:22.028405+00:00;INFO;-;KERNEL;KERNEL;R02-M1-N0-C:J12-U11;;;;;;;;;;;;;;;;;;;;;;;;;;;;;system;bgl;instruction cache parity error corrected
bgl;bgl;E:\Cours\TFE\experiments\phase_dataset_strengthening\processed\multiformat_balanced_20260910T093742Z\samples\bgl.log;395;;2005-06-03T15:44:22.175032+00:00;INFO;-;KERNEL;KERNEL;R02-M1-N0-C:J12-U11;;;;;;;;;;;;;;;;;;;;;;;;;;;;;system;bgl;instruction cache parity error corrected
bgl;bgl;E:\Cours\TFE\experiments\phase_dataset_strengthening\processed\multiformat_balanced_20260910T093742Z\samples\bgl.log;396;;2005-06-03T15:44:22.335988+00:00;INFO;-;KERNEL;KERNEL;R02-M1-N0-C:J12-U11;;;;;;;;;;;;;;;;;;;;;;;;;;;;;system;bgl;instruction cache parity error corrected
bgl;bgl;E:\Cours\TFE\experiments\phase_dataset_strengthening\processed\multiformat_balanced_20260910T093742Z\samples\bgl.log;397;;2005-06-03T15:44:22.493959+00:00;INFO;-;KERNEL;KERNEL;R02-M1-N0-C:J12-U11;;;;;;;;;;;;;;;;;;;;;;;;;;;;;system;bgl;instruction cache parity error corrected
bgl;bgl;E:\Cours\TFE\experiments\phase_dataset_strengthening\processed\multiformat_balanced_20260910T093742Z\samples\bgl.log;398;;2005-06-03T15:44:22.638684+00:00;INFO;-;KERNEL;KERNEL;R02-M1-N0-C:J12-U11;;;;;;;;;;;;;;;;;;;;;;;;;;;;;system;bgl;instruction cache parity error corrected
bgl;bgl;E:\Cours\TFE\experiments\phase_dataset_strengthening\processed\multiformat_balanced_20260910T093742Z\samples\bgl.log;399;;2005-06-03T15:44:22.781079+00:00;INFO;-;KERNEL;KERNEL;R02-M1-N0-C:J12-U11;;;;;;;;;;;;;;;;;;;;;;;;;;;;;system;bgl;instruction cache parity error corrected
bgl;bgl;E:\Cours\TFE\experiments\phase_dataset_strengthening\processed\multiformat_balanced_20260910T093742Z\samples\bgl.log;400;;2005-06-03T15:44:22.930507+00:00;INFO;-;KERNEL;KERNEL;R02-M1-N0-C:J12-U11;;;;;;;;;;;;;;;;;;;;;;;;;;;;;system;bgl;instruction cache parity error corrected
bgl;bgl;E:\Cours\TFE\experiments\phase_dataset_strengthening\processed\multiformat_balanced_20260910T093742Z\samples\bgl.log;401;;2005-06-03T15:44:23.101508+00:00;INFO;-;KERNEL;KERNEL;R02-M1-N0-C:J12-U11;;;;;;;;;;;;;;;;;;;;;;;;;;;;;system;bgl;instruction cache parity error corrected
bgl;bgl;E:\Cours\TFE\experiments\phase_dataset_strengthening\processed\multiformat_balanced_20260910T093742Z\samples\bgl.log;402;;2005-06-03T15:44:23.237866+00:00;INFO;-;KERNEL;KERNEL;R02-M1-N0-C:J12-U11;;;;;;;;;;;;;;;;;;;;;;;;;;;;;system;bgl;instruction cache parity error corrected
bgl;bgl;E:\Cours\TFE\experiments\phase_dataset_strengthening\processed\multiformat_balanced_20260910T093742Z\samples\bgl.log;403;;2005-06-03T15:44:23.438644+00:00;INFO;-;KERNEL;KERNEL;R02-M1-N0-C:J12-U11;;;;;;;;;;;;;;;;;;;;;;;;;;;;;system;bgl;instruction cache parity error corrected
bgl;bgl;E:\Cours\TFE\experiments\phase_dataset_strengthening\processed\multiformat_balanced_20260910T093742Z\samples\bgl.log;404;;2005-06-03T15:44:23.604465+00:00;INFO;-;KERNEL;KERNEL;R02-M1-N0-C:J12-U11;;;;;;;;;;;;;;;;;;;;;;;;;;;;;system;bgl;instruction cache parity error corrected
bgl;bgl;E:\Cours\TFE\experiments\phase_dataset_strengthening\processed\multiformat_balanced_20260910T093742Z\samples\bgl.log;405;;2005-06-03T15:44:23.740695+00:00;INFO;-;KERNEL;KERNEL;R02-M1-N0-C:J12-U11;;;;;;;;;;;;;;;;;;;;;;;;;;;;;system;bgl;instruction cache parity error corrected
bgl;bgl;E:\Cours\TFE\experiments\phase_dataset_strengthening\processed\multiformat_balanced_20260910T093742Z\samples\bgl.log;406;;2005-06-03T15:44:23.924731+00:00;INFO;-;KERNEL;KERNEL;R02-M1-N0-C:J12-U11;;;;;;;;;;;;;;;;;;;;;;;;;;;;;system;bgl;instruction cache parity error corrected
bgl;bgl;E:\Cours\TFE\experiments\phase_dataset_strengthening\processed\multiformat_balanced_20260910T093742Z\samples\bgl.log;407;;2005-06-03T15:44:24.076947+00:00;INFO;-;KERNEL;KERNEL;R02-M1-N0-C:J12-U11;;;;;;;;;;;;;;;;;;;;;;;;;;;;;system;bgl;instruction cache parity error corrected
bgl;bgl;E:\Cours\TFE\experiments\phase_dataset_strengthening\processed\multiformat_balanced_20260910T093742Z\samples\bgl.log;408;;2005-06-03T15:44:24.215776+00:00;INFO;-;KERNEL;KERNEL;R02-M1-N0-C:J12-U11;;;;;;;;;;;;;;;;;;;;;;;;;;;;;system;bgl;instruction cache parity error corrected
bgl;bgl;E:\Cours\TFE\experiments\phase_dataset_strengthening\processed\multiformat_balanced_20260910T093742Z\samples\bgl.log;409;;2005-06-03T15:44:24.367214+00:00;INFO;-;KERNEL;KERNEL;R02-M1-N0-C:J12-U11;;;;;;;;;;;;;;;;;;;;;;;;;;;;;system;bgl;instruction cache parity error corrected
bgl;bgl;E:\Cours\TFE\experiments\phase_dataset_strengthening\processed\multiformat_balanced_20260910T093742Z\samples\bgl.log;410;;2005-06-03T15:44:24.518164+00:00;INFO;-;KERNEL;KERNEL;R02-M1-N0-C:J12-U11;;;;;;;;;;;;;;;;;;;;;;;;;;;;;system;bgl;instruction cache parity error corrected
bgl;bgl;E:\Cours\TFE\experiments\phase_dataset_strengthening\processed\multiformat_balanced_20260910T093742Z\samples\bgl.log;411;;2005-06-03T15:44:24.660190+00:00;INFO;-;KERNEL;KERNEL;R02-M1-N0-C:J12-U11;;;;;;;;;;;;;;;;;;;;;;;;;;;;;system;bgl;instruction cache parity error corrected
bgl;bgl;E:\Cours\TFE\experiments\phase_dataset_strengthening\processed\multiformat_balanced_20260910T093742Z\samples\bgl.log;412;;2005-06-03T15:44:24.793355+00:00;INFO;-;KERNEL;KERNEL;R02-M1-N0-C:J12-U11;;;;;;;;;;;;;;;;;;;;;;;;;;;;;system;bgl;instruction cache parity error corrected
bgl;bgl;E:\Cours\TFE\experiments\phase_dataset_strengthening\processed\multiformat_balanced_20260910T093742Z\samples\bgl.log;413;;2005-06-03T15:44:24.950591+00:00;INFO;-;KERNEL;KERNEL;R02-M1-N0-C:J12-U11;;;;;;;;;;;;;;;;;;;;;;;;;;;;;system;bgl;instruction cache parity error corrected
bgl;bgl;E:\Cours\TFE\experiments\phase_dataset_strengthening\processed\multiformat_balanced_20260910T093742Z\samples\bgl.log;414;;2005-06-03T15:44:25.099860+00:00;INFO;-;KERNEL;KERNEL;R02-M1-N0-C:J12-U11;;;;;;;;;;;;;;;;;;;;;;;;;;;;;system;bgl;instruction cache parity error corrected
bgl;bgl;E:\Cours\TFE\experiments\phase_dataset_strengthening\processed\multiformat_balanced_20260910T093742Z\samples\bgl.log;415;;2005-06-03T15:44:25.243081+00:00;INFO;-;KERNEL;KERNEL;R02-M1-N0-C:J12-U11;;;;;;;;;;;;;;;;;;;;;;;;;;;;;system;bgl;instruction cache parity error corrected
bgl;bgl;E:\Cours\TFE\experiments\phase_dataset_strengthening\processed\multiformat_balanced_20260910T093742Z\samples\bgl.log;416;;2005-06-03T15:44:25.392971+00:00;INFO;-;KERNEL;KERNEL;R02-M1-N0-C:J12-U11;;;;;;;;;;;;;;;;;;;;;;;;;;;;;system;bgl;instruction cache parity error corrected
bgl;bgl;E:\Cours\TFE\experiments\phase_dataset_strengthening\processed\multiformat_balanced_20260910T093742Z\samples\bgl.log;417;;2005-06-03T15:44:25.542193+00:00;INFO;-;KERNEL;KERNEL;R02-M1-N0-C:J12-U11;;;;;;;;;;;;;;;;;;;;;;;;;;;;;system;bgl;instruction cache parity error corrected
bgl;bgl;E:\Cours\TFE\experiments\phase_dataset_strengthening\processed\multiformat_balanced_20260910T093742Z\samples\bgl.log;418;;2005-06-03T15:44:25.696977+00:00;INFO;-;KERNEL;KERNEL;R02-M1-N0-C:J12-U11;;;;;;;;;;;;;;;;;;;;;;;;;;;;;system;bgl;instruction cache parity error corrected
bgl;bgl;E:\Cours\TFE\experiments\phase_dataset_strengthening\processed\multiformat_balanced_20260910T093742Z\samples\bgl.log;419;;2005-06-03T15:44:25.842954+00:00;INFO;-;KERNEL;KERNEL;R02-M1-N0-C:J12-U11;;;;;;;;;;;;;;;;;;;;;;;;;;;;;system;bgl;instruction cache parity error corrected
bgl;bgl;E:\Cours\TFE\experiments\phase_dataset_strengthening\processed\multiformat_balanced_20260910T093742Z\samples\bgl.log;420;;2005-06-03T15:44:25.989335+00:00;INFO;-;KERNEL;KERNEL;R02-M1-N0-C:J12-U11;;;;;;;;;;;;;;;;;;;;;;;;;;;;;system;bgl;instruction cache parity error corrected
bgl;bgl;E:\Cours\TFE\experiments\phase_dataset_strengthening\processed\multiformat_balanced_20260910T093742Z\samples\bgl.log;421;;2005-06-03T15:44:26.157606+00:00;INFO;-;KERNEL;KERNEL;R02-M1-N0-C:J12-U11;;;;;;;;;;;;;;;;;;;;;;;;;;;;;system;bgl;instruction cache parity error corrected
bgl;bgl;E:\Cours\TFE\experiments\phase_dataset_strengthening\processed\multiformat_balanced_20260910T093742Z\samples\bgl.log;422;;2005-06-03T15:44:26.295043+00:00;INFO;-;KERNEL;KERNEL;R02-M1-N0-C:J12-U11;;;;;;;;;;;;;;;;;;;;;;;;;;;;;system;bgl;instruction cache parity error corrected
bgl;bgl;E:\Cours\TFE\experiments\phase_dataset_strengthening\processed\multiformat_balanced_20260910T093742Z\samples\bgl.log;423;;2005-06-03T15:44:26.468009+00:00;INFO;-;KERNEL;KERNEL;R02-M1-N0-C:J12-U11;;;;;;;;;;;;;;;;;;;;;;;;;;;;;system;bgl;instruction cache parity error corrected
bgl;bgl;E:\Cours\TFE\experiments\phase_dataset_strengthening\processed\multiformat_balanced_20260910T093742Z\samples\bgl.log;424;;2005-06-03T15:44:26.610413+00:00;INFO;-;KERNEL;KERNEL;R02-M1-N0-C:J12-U11;;;;;;;;;;;;;;;;;;;;;;;;;;;;;system;bgl;instruction cache parity error corrected
bgl;bgl;E:\Cours\TFE\experiments\phase_dataset_strengthening\processed\multiformat_balanced_20260910T093742Z\samples\bgl.log;425;;2005-06-03T15:44:26.756817+00:00;INFO;-;KERNEL;KERNEL;R02-M1-N0-C:J12-U11;;;;;;;;;;;;;;;;;;;;;;;;;;;;;system;bgl;instruction cache parity error corrected
bgl;bgl;E:\Cours\TFE\experiments\phase_dataset_strengthening\processed\multiformat_balanced_20260910T093742Z\samples\bgl.log;426;;2005-06-03T15:44:26.911554+00:00;INFO;-;KERNEL;KERNEL;R02-M1-N0-C:J12-U11;;;;;;;;;;;;;;;;;;;;;;;;;;;;;system;bgl;instruction cache parity error corrected
bgl;bgl;E:\Cours\TFE\experiments\phase_dataset_strengthening\processed\multiformat_balanced_20260910T093742Z\samples\bgl.log;427;;2005-06-03T15:44:27.066972+00:00;INFO;-;KERNEL;KERNEL;R02-M1-N0-C:J12-U11;;;;;;;;;;;;;;;;;;;;;;;;;;;;;system;bgl;instruction cache parity error corrected
bgl;bgl;E:\Cours\TFE\experiments\phase_dataset_strengthening\processed\multiformat_balanced_20260910T093742Z\samples\bgl.log;428;;2005-06-03T15:44:27.214212+00:00;INFO;-;KERNEL;KERNEL;R02-M1-N0-C:J12-U11;;;;;;;;;;;;;;;;;;;;;;;;;;;;;system;bgl;instruction cache parity error corrected
bgl;bgl;E:\Cours\TFE\experiments\phase_dataset_strengthening\processed\multiformat_balanced_20260910T093742Z\samples\bgl.log;429;;2005-06-03T15:44:27.351774+00:00;INFO;-;KERNEL;KERNEL;R02-M1-N0-C:J12-U11;;;;;;;;;;;;;;;;;;;;;;;;;;;;;system;bgl;instruction cache parity error corrected
bgl;bgl;E:\Cours\TFE\experiments\phase_dataset_strengthening\processed\multiformat_balanced_20260910T093742Z\samples\bgl.log;430;;2005-06-03T15:44:27.497274+00:00;INFO;-;KERNEL;KERNEL;R02-M1-N0-C:J12-U11;;;;;;;;;;;;;;;;;;;;;;;;;;;;;system;bgl;instruction cache parity error corrected
bgl;bgl;E:\Cours\TFE\experiments\phase_dataset_strengthening\processed\multiformat_balanced_20260910T093742Z\samples\bgl.log;431;;2005-06-03T15:44:27.641844+00:00;INFO;-;KERNEL;KERNEL;R02-M1-N0-C:J12-U11;;;;;;;;;;;;;;;;;;;;;;;;;;;;;system;bgl;instruction cache parity error corrected
bgl;bgl;E:\Cours\TFE\experiments\phase_dataset_strengthening\processed\multiformat_balanced_20260910T093742Z\samples\bgl.log;432;;2005-06-03T15:44:27.783643+00:00;INFO;-;KERNEL;KERNEL;R02-M1-N0-C:J12-U11;;;;;;;;;;;;;;;;;;;;;;;;;;;;;system;bgl;instruction cache parity error corrected
bgl;bgl;E:\Cours\TFE\experiments\phase_dataset_strengthening\processed\multiformat_balanced_20260910T093742Z\samples\bgl.log;433;;2005-06-03T15:44:27.954481+00:00;INFO;-;KERNEL;KERNEL;R02-M1-N0-C:J12-U11;;;;;;;;;;;;;;;;;;;;;;;;;;;;;system;bgl;instruction cache parity error corrected
bgl;bgl;E:\Cours\TFE\experiments\phase_dataset_strengthening\processed\multiformat_balanced_20260910T093742Z\samples\bgl.log;434;;2005-06-03T15:44:28.088925+00:00;INFO;-;KERNEL;KERNEL;R02-M1-N0-C:J12-U11;;;;;;;;;;;;;;;;;;;;;;;;;;;;;system;bgl;instruction cache parity error corrected
bgl;bgl;E:\Cours\TFE\experiments\phase_dataset_strengthening\processed\multiformat_balanced_20260910T093742Z\samples\bgl.log;435;;2005-06-03T15:44:28.231027+00:00;INFO;-;KERNEL;KERNEL;R02-M1-N0-C:J12-U11;;;;;;;;;;;;;;;;;;;;;;;;;;;;;system;bgl;instruction cache parity error corrected
bgl;bgl;E:\Cours\TFE\experiments\phase_dataset_strengthening\processed\multiformat_balanced_20260910T093742Z\samples\bgl.log;436;;2005-06-03T15:44:28.364258+00:00;INFO;-;KERNEL;KERNEL;R02-M1-N0-C:J12-U11;;;;;;;;;;;;;;;;;;;;;;;;;;;;;system;bgl;instruction cache parity error corrected
bgl;bgl;E:\Cours\TFE\experiments\phase_dataset_strengthening\processed\multiformat_balanced_20260910T093742Z\samples\bgl.log;437;;2005-06-03T15:44:28.518198+00:00;INFO;-;KERNEL;KERNEL;R02-M1-N0-C:J12-U11;;;;;;;;;;;;;;;;;;;;;;;;;;;;;system;bgl;instruction cache parity error corrected
bgl;bgl;E:\Cours\TFE\experiments\phase_dataset_strengthening\processed\multiformat_balanced_20260910T093742Z\samples\bgl.log;438;;2005-06-03T15:44:28.661246+00:00;INFO;-;KERNEL;KERNEL;R02-M1-N0-C:J12-U11;;;;;;;;;;;;;;;;;;;;;;;;;;;;;system;bgl;instruction cache parity error corrected
bgl;bgl;E:\Cours\TFE\experiments\phase_dataset_strengthening\processed\multiformat_balanced_20260910T093742Z\samples\bgl.log;439;;2005-06-03T15:44:28.804145+00:00;INFO;-;KERNEL;KERNEL;R02-M1-N0-C:J12-U11;;;;;;;;;;;;;;;;;;;;;;;;;;;;;system;bgl;instruction cache parity error corrected
bgl;bgl;E:\Cours\TFE\experiments\phase_dataset_strengthening\processed\multiformat_balanced_20260910T093742Z\samples\bgl.log;440;;2005-06-03T15:44:28.959014+00:00;INFO;-;KERNEL;KERNEL;R02-M1-N0-C:J12-U11;;;;;;;;;;;;;;;;;;;;;;;;;;;;;system;bgl;instruction cache parity error corrected
bgl;bgl;E:\Cours\TFE\experiments\phase_dataset_strengthening\processed\multiformat_balanced_20260910T093742Z\samples\bgl.log;441;;2005-06-03T15:44:29.117149+00:00;INFO;-;KERNEL;KERNEL;R02-M1-N0-C:J12-U11;;;;;;;;;;;;;;;;;;;;;;;;;;;;;system;bgl;instruction cache parity error corrected
bgl;bgl;E:\Cours\TFE\experiments\phase_dataset_strengthening\processed\multiformat_balanced_20260910T093742Z\samples\bgl.log;442;;2005-06-03T15:44:29.263198+00:00;INFO;-;KERNEL;KERNEL;R02-M1-N0-C:J12-U11;;;;;;;;;;;;;;;;;;;;;;;;;;;;;system;bgl;instruction cache parity error corrected
bgl;bgl;E:\Cours\TFE\experiments\phase_dataset_strengthening\processed\multiformat_balanced_20260910T093742Z\samples\bgl.log;443;;2005-06-03T15:44:29.409717+00:00;INFO;-;KERNEL;KERNEL;R02-M1-N0-C:J12-U11;;;;;;;;;;;;;;;;;;;;;;;;;;;;;system;bgl;instruction cache parity error corrected
bgl;bgl;E:\Cours\TFE\experiments\phase_dataset_strengthening\processed\multiformat_balanced_20260910T093742Z\samples\bgl.log;444;;2005-06-03T15:44:29.549181+00:00;INFO;-;KERNEL;KERNEL;R02-M1-N0-C:J12-U11;;;;;;;;;;;;;;;;;;;;;;;;;;;;;system;bgl;instruction cache parity error corrected
bgl;bgl;E:\Cours\TFE\experiments\phase_dataset_strengthening\processed\multiformat_balanced_20260910T093742Z\samples\bgl.log;445;;2005-06-03T15:44:29.724239+00:00;INFO;-;KERNEL;KERNEL;R02-M1-N0-C:J12-U11;;;;;;;;;;;;;;;;;;;;;;;;;;;;;system;bgl;instruction cache parity error corrected
bgl;bgl;E:\Cours\TFE\experiments\phase_dataset_strengthening\processed\multiformat_balanced_20260910T093742Z\samples\bgl.log;446;;2005-06-03T15:44:29.861175+00:00;INFO;-;KERNEL;KERNEL;R02-M1-N0-C:J12-U11;;;;;;;;;;;;;;;;;;;;;;;;;;;;;system;bgl;instruction cache parity error corrected
bgl;bgl;E:\Cours\TFE\experiments\phase_dataset_strengthening\processed\multiformat_balanced_20260910T093742Z\samples\bgl.log;447;;2005-06-03T15:44:30.036768+00:00;INFO;-;KERNEL;KERNEL;R02-M1-N0-C:J12-U11;;;;;;;;;;;;;;;;;;;;;;;;;;;;;system;bgl;instruction cache parity error corrected
bgl;bgl;E:\Cours\TFE\experiments\phase_dataset_strengthening\processed\multiformat_balanced_20260910T093742Z\samples\bgl.log;448;;2005-06-03T15:44:30.195798+00:00;INFO;-;KERNEL;KERNEL;R02-M1-N0-C:J12-U11;;;;;;;;;;;;;;;;;;;;;;;;;;;;;system;bgl;instruction cache parity error corrected
bgl;bgl;E:\Cours\TFE\experiments\phase_dataset_strengthening\processed\multiformat_balanced_20260910T093742Z\samples\bgl.log;449;;2005-06-03T15:44:30.335741+00:00;INFO;-;KERNEL;KERNEL;R02-M1-N0-C:J12-U11;;;;;;;;;;;;;;;;;;;;;;;;;;;;;system;bgl;instruction cache parity error corrected
bgl;bgl;E:\Cours\TFE\experiments\phase_dataset_strengthening\processed\multiformat_balanced_20260910T093742Z\samples\bgl.log;450;;2005-06-03T15:44:30.490758+00:00;INFO;-;KERNEL;KERNEL;R02-M1-N0-C:J12-U11;;;;;;;;;;;;;;;;;;;;;;;;;;;;;system;bgl;instruction cache parity error corrected
bgl;bgl;E:\Cours\TFE\experiments\phase_dataset_strengthening\processed\multiformat_balanced_20260910T093742Z\samples\bgl.log;451;;2005-06-03T15:44:30.640576+00:00;INFO;-;KERNEL;KERNEL;R02-M1-N0-C:J12-U11;;;;;;;;;;;;;;;;;;;;;;;;;;;;;system;bgl;instruction cache parity error corrected
bgl;bgl;E:\Cours\TFE\experiments\phase_dataset_strengthening\processed\multiformat_balanced_20260910T093742Z\samples\bgl.log;452;;2005-06-03T15:44:30.783508+00:00;INFO;-;KERNEL;KERNEL;R02-M1-N0-C:J12-U11;;;;;;;;;;;;;;;;;;;;;;;;;;;;;system;bgl;instruction cache parity error corrected
bgl;bgl;E:\Cours\TFE\experiments\phase_dataset_strengthening\processed\multiformat_balanced_20260910T093742Z\samples\bgl.log;453;;2005-06-03T15:44:30.918581+00:00;INFO;-;KERNEL;KERNEL;R02-M1-N0-C:J12-U11;;;;;;;;;;;;;;;;;;;;;;;;;;;;;system;bgl;instruction cache parity error corrected
bgl;bgl;E:\Cours\TFE\experiments\phase_dataset_strengthening\processed\multiformat_balanced_20260910T093742Z\samples\bgl.log;454;;2005-06-03T15:44:31.068684+00:00;INFO;-;KERNEL;KERNEL;R02-M1-N0-C:J12-U11;;;;;;;;;;;;;;;;;;;;;;;;;;;;;system;bgl;instruction cache parity error corrected
bgl;bgl;E:\Cours\TFE\experiments\phase_dataset_strengthening\processed\multiformat_balanced_20260910T093742Z\samples\bgl.log;455;;2005-06-03T15:44:31.212733+00:00;INFO;-;KERNEL;KERNEL;R02-M1-N0-C:J12-U11;;;;;;;;;;;;;;;;;;;;;;;;;;;;;system;bgl;instruction cache parity error corrected
bgl;bgl;E:\Cours\TFE\experiments\phase_dataset_strengthening\processed\multiformat_balanced_20260910T093742Z\samples\bgl.log;456;;2005-06-03T15:44:31.353965+00:00;INFO;-;KERNEL;KERNEL;R02-M1-N0-C:J12-U11;;;;;;;;;;;;;;;;;;;;;;;;;;;;;system;bgl;instruction cache parity error corrected
bgl;bgl;E:\Cours\TFE\experiments\phase_dataset_strengthening\processed\multiformat_balanced_20260910T093742Z\samples\bgl.log;457;;2005-06-03T15:44:31.508291+00:00;INFO;-;KERNEL;KERNEL;R02-M1-N0-C:J12-U11;;;;;;;;;;;;;;;;;;;;;;;;;;;;;system;bgl;instruction cache parity error corrected
bgl;bgl;E:\Cours\TFE\experiments\phase_dataset_strengthening\processed\multiformat_balanced_20260910T093742Z\samples\bgl.log;458;;2005-06-03T15:44:31.662692+00:00;INFO;-;KERNEL;KERNEL;R02-M1-N0-C:J12-U11;;;;;;;;;;;;;;;;;;;;;;;;;;;;;system;bgl;instruction cache parity error corrected
bgl;bgl;E:\Cours\TFE\experiments\phase_dataset_strengthening\processed\multiformat_balanced_20260910T093742Z\samples\bgl.log;459;;2005-06-03T15:44:31.810042+00:00;INFO;-;KERNEL;KERNEL;R02-M1-N0-C:J12-U11;;;;;;;;;;;;;;;;;;;;;;;;;;;;;system;bgl;instruction cache parity error corrected
bgl;bgl;E:\Cours\TFE\experiments\phase_dataset_strengthening\processed\multiformat_balanced_20260910T093742Z\samples\bgl.log;460;;2005-06-03T15:44:31.963484+00:00;INFO;-;KERNEL;KERNEL;R02-M1-N0-C:J12-U11;;;;;;;;;;;;;;;;;;;;;;;;;;;;;system;bgl;instruction cache parity error corrected
bgl;bgl;E:\Cours\TFE\experiments\phase_dataset_strengthening\processed\multiformat_balanced_20260910T093742Z\samples\bgl.log;461;;2005-06-03T15:44:32.109373+00:00;INFO;-;KERNEL;KERNEL;R02-M1-N0-C:J12-U11;;;;;;;;;;;;;;;;;;;;;;;;;;;;;system;bgl;instruction cache parity error corrected
bgl;bgl;E:\Cours\TFE\experiments\phase_dataset_strengthening\processed\multiformat_balanced_20260910T093742Z\samples\bgl.log;462;;2005-06-03T15:44:32.273607+00:00;INFO;-;KERNEL;KERNEL;R02-M1-N0-C:J12-U11;;;;;;;;;;;;;;;;;;;;;;;;;;;;;system;bgl;instruction cache parity error corrected
bgl;bgl;E:\Cours\TFE\experiments\phase_dataset_strengthening\processed\multiformat_balanced_20260910T093742Z\samples\bgl.log;463;;2005-06-03T15:44:32.433367+00:00;INFO;-;KERNEL;KERNEL;R02-M1-N0-C:J12-U11;;;;;;;;;;;;;;;;;;;;;;;;;;;;;system;bgl;instruction cache parity error corrected
bgl;bgl;E:\Cours\TFE\experiments\phase_dataset_strengthening\processed\multiformat_balanced_20260910T093742Z\samples\bgl.log;464;;2005-06-03T15:44:32.611725+00:00;INFO;-;KERNEL;KERNEL;R02-M1-N0-C:J12-U11;;;;;;;;;;;;;;;;;;;;;;;;;;;;;system;bgl;instruction cache parity error corrected
bgl;bgl;E:\Cours\TFE\experiments\phase_dataset_strengthening\processed\multiformat_balanced_20260910T093742Z\samples\bgl.log;465;;2005-06-03T15:44:32.763364+00:00;INFO;-;KERNEL;KERNEL;R02-M1-N0-C:J12-U11;;;;;;;;;;;;;;;;;;;;;;;;;;;;;system;bgl;instruction cache parity error corrected
bgl;bgl;E:\Cours\TFE\experiments\phase_dataset_strengthening\processed\multiformat_balanced_20260910T093742Z\samples\bgl.log;466;;2005-06-03T15:44:32.899679+00:00;INFO;-;KERNEL;KERNEL;R02-M1-N0-C:J12-U11;;;;;;;;;;;;;;;;;;;;;;;;;;;;;system;bgl;instruction cache parity error corrected
bgl;bgl;E:\Cours\TFE\experiments\phase_dataset_strengthening\processed\multiformat_balanced_20260910T093742Z\samples\bgl.log;467;;2005-06-03T15:44:33.069911+00:00;INFO;-;KERNEL;KERNEL;R02-M1-N0-C:J12-U11;;;;;;;;;;;;;;;;;;;;;;;;;;;;;system;bgl;instruction cache parity error corrected
bgl;bgl;E:\Cours\TFE\experiments\phase_dataset_strengthening\processed\multiformat_balanced_20260910T093742Z\samples\bgl.log;468;;2005-06-03T15:44:33.216332+00:00;INFO;-;KERNEL;KERNEL;R02-M1-N0-C:J12-U11;;;;;;;;;;;;;;;;;;;;;;;;;;;;;system;bgl;instruction cache parity error corrected
bgl;bgl;E:\Cours\TFE\experiments\phase_dataset_strengthening\processed\multiformat_balanced_20260910T093742Z\samples\bgl.log;469;;2005-06-03T15:44:33.363897+00:00;INFO;-;KERNEL;KERNEL;R02-M1-N0-C:J12-U11;;;;;;;;;;;;;;;;;;;;;;;;;;;;;system;bgl;instruction cache parity error corrected
bgl;bgl;E:\Cours\TFE\experiments\phase_dataset_strengthening\processed\multiformat_balanced_20260910T093742Z\samples\bgl.log;470;;2005-06-03T15:44:33.531250+00:00;INFO;-;KERNEL;KERNEL;R02-M1-N0-C:J12-U11;;;;;;;;;;;;;;;;;;;;;;;;;;;;;system;bgl;instruction cache parity error corrected
bgl;bgl;E:\Cours\TFE\experiments\phase_dataset_strengthening\processed\multiformat_balanced_20260910T093742Z\samples\bgl.log;471;;2005-06-03T15:44:33.686657+00:00;INFO;-;KERNEL;KERNEL;R02-M1-N0-C:J12-U11;;;;;;;;;;;;;;;;;;;;;;;;;;;;;system;bgl;instruction cache parity error corrected
bgl;bgl;E:\Cours\TFE\experiments\phase_dataset_strengthening\processed\multiformat_balanced_20260910T093742Z\samples\bgl.log;472;;2005-06-03T15:44:33.833272+00:00;INFO;-;KERNEL;KERNEL;R02-M1-N0-C:J12-U11;;;;;;;;;;;;;;;;;;;;;;;;;;;;;system;bgl;instruction cache parity error corrected
bgl;bgl;E:\Cours\TFE\experiments\phase_dataset_strengthening\processed\multiformat_balanced_20260910T093742Z\samples\bgl.log;473;;2005-06-03T15:44:33.976235+00:00;INFO;-;KERNEL;KERNEL;R02-M1-N0-C:J12-U11;;;;;;;;;;;;;;;;;;;;;;;;;;;;;system;bgl;instruction cache parity error corrected
bgl;bgl;E:\Cours\TFE\experiments\phase_dataset_strengthening\processed\multiformat_balanced_20260910T093742Z\samples\bgl.log;474;;2005-06-03T15:44:34.133720+00:00;INFO;-;KERNEL;KERNEL;R02-M1-N0-C:J12-U11;;;;;;;;;;;;;;;;;;;;;;;;;;;;;system;bgl;instruction cache parity error corrected
bgl;bgl;E:\Cours\TFE\experiments\phase_dataset_strengthening\processed\multiformat_balanced_20260910T093742Z\samples\bgl.log;475;;2005-06-03T15:44:34.316457+00:00;INFO;-;KERNEL;KERNEL;R02-M1-N0-C:J12-U11;;;;;;;;;;;;;;;;;;;;;;;;;;;;;system;bgl;instruction cache parity error corrected
bgl;bgl;E:\Cours\TFE\experiments\phase_dataset_strengthening\processed\multiformat_balanced_20260910T093742Z\samples\bgl.log;476;;2005-06-03T15:44:34.456062+00:00;INFO;-;KERNEL;KERNEL;R02-M1-N0-C:J12-U11;;;;;;;;;;;;;;;;;;;;;;;;;;;;;system;bgl;instruction cache parity error corrected
bgl;bgl;E:\Cours\TFE\experiments\phase_dataset_strengthening\processed\multiformat_balanced_20260910T093742Z\samples\bgl.log;477;;2005-06-03T15:44:34.623686+00:00;INFO;-;KERNEL;KERNEL;R02-M1-N0-C:J12-U11;;;;;;;;;;;;;;;;;;;;;;;;;;;;;system;bgl;instruction cache parity error corrected
bgl;bgl;E:\Cours\TFE\experiments\phase_dataset_strengthening\processed\multiformat_balanced_20260910T093742Z\samples\bgl.log;478;;2005-06-03T15:44:34.787560+00:00;INFO;-;KERNEL;KERNEL;R02-M1-N0-C:J12-U11;;;;;;;;;;;;;;;;;;;;;;;;;;;;;system;bgl;instruction cache parity error corrected
bgl;bgl;E:\Cours\TFE\experiments\phase_dataset_strengthening\processed\multiformat_balanced_20260910T093742Z\samples\bgl.log;479;;2005-06-03T15:44:34.924251+00:00;INFO;-;KERNEL;KERNEL;R02-M1-N0-C:J12-U11;;;;;;;;;;;;;;;;;;;;;;;;;;;;;system;bgl;instruction cache parity error corrected
bgl;bgl;E:\Cours\TFE\experiments\phase_dataset_strengthening\processed\multiformat_balanced_20260910T093742Z\samples\bgl.log;480;;2005-06-03T15:44:35.078038+00:00;INFO;-;KERNEL;KERNEL;R02-M1-N0-C:J12-U11;;;;;;;;;;;;;;;;;;;;;;;;;;;;;system;bgl;instruction cache parity error corrected
bgl;bgl;E:\Cours\TFE\experiments\phase_dataset_strengthening\processed\multiformat_balanced_20260910T093742Z\samples\bgl.log;481;;2005-06-03T15:44:35.230384+00:00;INFO;-;KERNEL;KERNEL;R02-M1-N0-C:J12-U11;;;;;;;;;;;;;;;;;;;;;;;;;;;;;system;bgl;instruction cache parity error corrected
bgl;bgl;E:\Cours\TFE\experiments\phase_dataset_strengthening\processed\multiformat_balanced_20260910T093742Z\samples\bgl.log;482;;2005-06-03T15:44:35.375173+00:00;INFO;-;KERNEL;KERNEL;R02-M1-N0-C:J12-U11;;;;;;;;;;;;;;;;;;;;;;;;;;;;;system;bgl;instruction cache parity error corrected
bgl;bgl;E:\Cours\TFE\experiments\phase_dataset_strengthening\processed\multiformat_balanced_20260910T093742Z\samples\bgl.log;483;;2005-06-03T15:44:35.513258+00:00;INFO;-;KERNEL;KERNEL;R02-M1-N0-C:J12-U11;;;;;;;;;;;;;;;;;;;;;;;;;;;;;system;bgl;instruction cache parity error corrected
bgl;bgl;E:\Cours\TFE\experiments\phase_dataset_strengthening\processed\multiformat_balanced_20260910T093742Z\samples\bgl.log;484;;2005-06-03T15:44:35.663966+00:00;INFO;-;KERNEL;KERNEL;R02-M1-N0-C:J12-U11;;;;;;;;;;;;;;;;;;;;;;;;;;;;;system;bgl;instruction cache parity error corrected
bgl;bgl;E:\Cours\TFE\experiments\phase_dataset_strengthening\processed\multiformat_balanced_20260910T093742Z\samples\bgl.log;485;;2005-06-03T15:44:35.815830+00:00;INFO;-;KERNEL;KERNEL;R02-M1-N0-C:J12-U11;;;;;;;;;;;;;;;;;;;;;;;;;;;;;system;bgl;instruction cache parity error corrected
bgl;bgl;E:\Cours\TFE\experiments\phase_dataset_strengthening\processed\multiformat_balanced_20260910T093742Z\samples\bgl.log;486;;2005-06-03T15:44:35.947620+00:00;INFO;-;KERNEL;KERNEL;R02-M1-N0-C:J12-U11;;;;;;;;;;;;;;;;;;;;;;;;;;;;;system;bgl;instruction cache parity error corrected
bgl;bgl;E:\Cours\TFE\experiments\phase_dataset_strengthening\processed\multiformat_balanced_20260910T093742Z\samples\bgl.log;487;;2005-06-03T15:44:36.103057+00:00;INFO;-;KERNEL;KERNEL;R02-M1-N0-C:J12-U11;;;;;;;;;;;;;;;;;;;;;;;;;;;;;system;bgl;instruction cache parity error corrected
bgl;bgl;E:\Cours\TFE\experiments\phase_dataset_strengthening\processed\multiformat_balanced_20260910T093742Z\samples\bgl.log;488;;2005-06-03T15:44:36.267885+00:00;INFO;-;KERNEL;KERNEL;R02-M1-N0-C:J12-U11;;;;;;;;;;;;;;;;;;;;;;;;;;;;;system;bgl;instruction cache parity error corrected
bgl;bgl;E:\Cours\TFE\experiments\phase_dataset_strengthening\processed\multiformat_balanced_20260910T093742Z\samples\bgl.log;489;;2005-06-03T15:44:36.408514+00:00;INFO;-;KERNEL;KERNEL;R02-M1-N0-C:J12-U11;;;;;;;;;;;;;;;;;;;;;;;;;;;;;system;bgl;instruction cache parity error corrected
bgl;bgl;E:\Cours\TFE\experiments\phase_dataset_strengthening\processed\multiformat_balanced_20260910T093742Z\samples\bgl.log;490;;2005-06-03T15:44:36.551897+00:00;INFO;-;KERNEL;KERNEL;R02-M1-N0-C:J12-U11;;;;;;;;;;;;;;;;;;;;;;;;;;;;;system;bgl;instruction cache parity error corrected
bgl;bgl;E:\Cours\TFE\experiments\phase_dataset_strengthening\processed\multiformat_balanced_20260910T093742Z\samples\bgl.log;491;;2005-06-03T15:44:36.689958+00:00;INFO;-;KERNEL;KERNEL;R02-M1-N0-C:J12-U11;;;;;;;;;;;;;;;;;;;;;;;;;;;;;system;bgl;instruction cache parity error corrected
bgl;bgl;E:\Cours\TFE\experiments\phase_dataset_strengthening\processed\multiformat_balanced_20260910T093742Z\samples\bgl.log;492;;2005-06-03T15:44:36.838925+00:00;INFO;-;KERNEL;KERNEL;R02-M1-N0-C:J12-U11;;;;;;;;;;;;;;;;;;;;;;;;;;;;;system;bgl;instruction cache parity error corrected
bgl;bgl;E:\Cours\TFE\experiments\phase_dataset_strengthening\processed\multiformat_balanced_20260910T093742Z\samples\bgl.log;493;;2005-06-03T15:44:36.989666+00:00;INFO;-;KERNEL;KERNEL;R02-M1-N0-C:J12-U11;;;;;;;;;;;;;;;;;;;;;;;;;;;;;system;bgl;instruction cache parity error corrected
bgl;bgl;E:\Cours\TFE\experiments\phase_dataset_strengthening\processed\multiformat_balanced_20260910T093742Z\samples\bgl.log;494;;2005-06-03T15:44:37.141968+00:00;INFO;-;KERNEL;KERNEL;R02-M1-N0-C:J12-U11;;;;;;;;;;;;;;;;;;;;;;;;;;;;;system;bgl;instruction cache parity error corrected
bgl;bgl;E:\Cours\TFE\experiments\phase_dataset_strengthening\processed\multiformat_balanced_20260910T093742Z\samples\bgl.log;495;;2005-06-03T15:44:37.288199+00:00;INFO;-;KERNEL;KERNEL;R02-M1-N0-C:J12-U11;;;;;;;;;;;;;;;;;;;;;;;;;;;;;system;bgl;instruction cache parity error corrected
bgl;bgl;E:\Cours\TFE\experiments\phase_dataset_strengthening\processed\multiformat_balanced_20260910T093742Z\samples\bgl.log;496;;2005-06-03T15:44:37.428658+00:00;INFO;-;KERNEL;KERNEL;R02-M1-N0-C:J12-U11;;;;;;;;;;;;;;;;;;;;;;;;;;;;;system;bgl;instruction cache parity error corrected
bgl;bgl;E:\Cours\TFE\experiments\phase_dataset_strengthening\processed\multiformat_balanced_20260910T093742Z\samples\bgl.log;497;;2005-06-03T15:44:37.571106+00:00;INFO;-;KERNEL;KERNEL;R02-M1-N0-C:J12-U11;;;;;;;;;;;;;;;;;;;;;;;;;;;;;system;bgl;instruction cache parity error corrected
bgl;bgl;E:\Cours\TFE\experiments\phase_dataset_strengthening\processed\multiformat_balanced_20260910T093742Z\samples\bgl.log;498;;2005-06-03T15:44:37.713884+00:00;INFO;-;KERNEL;KERNEL;R02-M1-N0-C:J12-U11;;;;;;;;;;;;;;;;;;;;;;;;;;;;;system;bgl;instruction cache parity error corrected
bgl;bgl;E:\Cours\TFE\experiments\phase_dataset_strengthening\processed\multiformat_balanced_20260910T093742Z\samples\bgl.log;499;;2005-06-03T15:44:37.863023+00:00;INFO;-;KERNEL;KERNEL;R02-M1-N0-C:J12-U11;;;;;;;;;;;;;;;;;;;;;;;;;;;;;system;bgl;instruction cache parity error corrected
bgl;bgl;E:\Cours\TFE\experiments\phase_dataset_strengthening\processed\multiformat_balanced_20260910T093742Z\samples\bgl.log;500;;2005-06-03T15:44:37.999605+00:00;INFO;-;KERNEL;KERNEL;R02-M1-N0-C:J12-U11;;;;;;;;;;;;;;;;;;;;;;;;;;;;;system;bgl;instruction cache parity error corrected
bgl;bgl;E:\Cours\TFE\experiments\phase_dataset_strengthening\processed\multiformat_balanced_20260910T093742Z\samples\bgl.log;501;;2005-06-03T15:44:38.154501+00:00;INFO;-;KERNEL;KERNEL;R02-M1-N0-C:J12-U11;;;;;;;;;;;;;;;;;;;;;;;;;;;;;system;bgl;instruction cache parity error corrected
bgl;bgl;E:\Cours\TFE\experiments\phase_dataset_strengthening\processed\multiformat_balanced_20260910T093742Z\samples\bgl.log;502;;2005-06-03T15:44:38.304938+00:00;INFO;-;KERNEL;KERNEL;R02-M1-N0-C:J12-U11;;;;;;;;;;;;;;;;;;;;;;;;;;;;;system;bgl;instruction cache parity error corrected
bgl;bgl;E:\Cours\TFE\experiments\phase_dataset_strengthening\processed\multiformat_balanced_20260910T093742Z\samples\bgl.log;503;;2005-06-03T15:44:38.448810+00:00;INFO;-;KERNEL;KERNEL;R02-M1-N0-C:J12-U11;;;;;;;;;;;;;;;;;;;;;;;;;;;;;system;bgl;instruction cache parity error corrected
bgl;bgl;E:\Cours\TFE\experiments\phase_dataset_strengthening\processed\multiformat_balanced_20260910T093742Z\samples\bgl.log;504;;2005-06-03T15:44:38.592060+00:00;INFO;-;KERNEL;KERNEL;R02-M1-N0-C:J12-U11;;;;;;;;;;;;;;;;;;;;;;;;;;;;;system;bgl;instruction cache parity error corrected
bgl;bgl;E:\Cours\TFE\experiments\phase_dataset_strengthening\processed\multiformat_balanced_20260910T093742Z\samples\bgl.log;505;;2005-06-03T15:44:38.747737+00:00;INFO;-;KERNEL;KERNEL;R02-M1-N0-C:J12-U11;;;;;;;;;;;;;;;;;;;;;;;;;;;;;system;bgl;instruction cache parity error corrected
bgl;bgl;E:\Cours\TFE\experiments\phase_dataset_strengthening\processed\multiformat_balanced_20260910T093742Z\samples\bgl.log;506;;2005-06-03T15:44:38.911462+00:00;INFO;-;KERNEL;KERNEL;R02-M1-N0-C:J12-U11;;;;;;;;;;;;;;;;;;;;;;;;;;;;;system;bgl;instruction cache parity error corrected
bgl;bgl;E:\Cours\TFE\experiments\phase_dataset_strengthening\processed\multiformat_balanced_20260910T093742Z\samples\bgl.log;507;;2005-06-03T15:44:39.045415+00:00;INFO;-;KERNEL;KERNEL;R02-M1-N0-C:J12-U11;;;;;;;;;;;;;;;;;;;;;;;;;;;;;system;bgl;instruction cache parity error corrected
bgl;bgl;E:\Cours\TFE\experiments\phase_dataset_strengthening\processed\multiformat_balanced_20260910T093742Z\samples\bgl.log;508;;2005-06-03T15:44:39.258533+00:00;INFO;-;KERNEL;KERNEL;R02-M1-N0-C:J12-U11;;;;;;;;;;;;;;;;;;;;;;;;;;;;;system;bgl;instruction cache parity error corrected
bgl;bgl;E:\Cours\TFE\experiments\phase_dataset_strengthening\processed\multiformat_balanced_20260910T093742Z\samples\bgl.log;509;;2005-06-03T15:44:39.421641+00:00;INFO;-;KERNEL;KERNEL;R02-M1-N0-C:J12-U11;;;;;;;;;;;;;;;;;;;;;;;;;;;;;system;bgl;instruction cache parity error corrected
bgl;bgl;E:\Cours\TFE\experiments\phase_dataset_strengthening\processed\multiformat_balanced_20260910T093742Z\samples\bgl.log;510;;2005-06-03T15:44:39.557375+00:00;INFO;-;KERNEL;KERNEL;R02-M1-N0-C:J12-U11;;;;;;;;;;;;;;;;;;;;;;;;;;;;;system;bgl;instruction cache parity error corrected
bgl;bgl;E:\Cours\TFE\experiments\phase_dataset_strengthening\processed\multiformat_balanced_20260910T093742Z\samples\bgl.log;511;;2005-06-03T15:44:39.735389+00:00;INFO;-;KERNEL;KERNEL;R02-M1-N0-C:J12-U11;;;;;;;;;;;;;;;;;;;;;;;;;;;;;system;bgl;instruction cache parity error corrected
bgl;bgl;E:\Cours\TFE\experiments\phase_dataset_strengthening\processed\multiformat_balanced_20260910T093742Z\samples\bgl.log;512;;2005-06-03T15:44:39.895088+00:00;INFO;-;KERNEL;KERNEL;R02-M1-N0-C:J12-U11;;;;;;;;;;;;;;;;;;;;;;;;;;;;;system;bgl;instruction cache parity error corrected
bgl;bgl;E:\Cours\TFE\experiments\phase_dataset_strengthening\processed\multiformat_balanced_20260910T093742Z\samples\bgl.log;513;;2005-06-03T15:44:40.026775+00:00;INFO;-;KERNEL;KERNEL;R02-M1-N0-C:J12-U11;;;;;;;;;;;;;;;;;;;;;;;;;;;;;system;bgl;instruction cache parity error corrected
bgl;bgl;E:\Cours\TFE\experiments\phase_dataset_strengthening\processed\multiformat_balanced_20260910T093742Z\samples\bgl.log;514;;2005-06-03T15:44:40.184354+00:00;INFO;-;KERNEL;KERNEL;R02-M1-N0-C:J12-U11;;;;;;;;;;;;;;;;;;;;;;;;;;;;;system;bgl;instruction cache parity error corrected
bgl;bgl;E:\Cours\TFE\experiments\phase_dataset_strengthening\processed\multiformat_balanced_20260910T093742Z\samples\bgl.log;515;;2005-06-03T15:44:40.334444+00:00;INFO;-;KERNEL;KERNEL;R02-M1-N0-C:J12-U11;;;;;;;;;;;;;;;;;;;;;;;;;;;;;system;bgl;instruction cache parity error corrected
bgl;bgl;E:\Cours\TFE\experiments\phase_dataset_strengthening\processed\multiformat_balanced_20260910T093742Z\samples\bgl.log;516;;2005-06-03T15:44:40.482888+00:00;INFO;-;KERNEL;KERNEL;R02-M1-N0-C:J12-U11;;;;;;;;;;;;;;;;;;;;;;;;;;;;;system;bgl;instruction cache parity error corrected
bgl;bgl;E:\Cours\TFE\experiments\phase_dataset_strengthening\processed\multiformat_balanced_20260910T093742Z\samples\bgl.log;517;;2005-06-03T15:44:40.631574+00:00;INFO;-;KERNEL;KERNEL;R02-M1-N0-C:J12-U11;;;;;;;;;;;;;;;;;;;;;;;;;;;;;system;bgl;instruction cache parity error corrected
bgl;bgl;E:\Cours\TFE\experiments\phase_dataset_strengthening\processed\multiformat_balanced_20260910T093742Z\samples\bgl.log;518;;2005-06-03T15:44:40.776503+00:00;INFO;-;KERNEL;KERNEL;R02-M1-N0-C:J12-U11;;;;;;;;;;;;;;;;;;;;;;;;;;;;;system;bgl;instruction cache parity error corrected
bgl;bgl;E:\Cours\TFE\experiments\phase_dataset_strengthening\processed\multiformat_balanced_20260910T093742Z\samples\bgl.log;519;;2005-06-03T15:44:40.944392+00:00;INFO;-;KERNEL;KERNEL;R02-M1-N0-C:J12-U11;;;;;;;;;;;;;;;;;;;;;;;;;;;;;system;bgl;instruction cache parity error corrected
bgl;bgl;E:\Cours\TFE\experiments\phase_dataset_strengthening\processed\multiformat_balanced_20260910T093742Z\samples\bgl.log;520;;2005-06-03T15:44:41.079860+00:00;INFO;-;KERNEL;KERNEL;R02-M1-N0-C:J12-U11;;;;;;;;;;;;;;;;;;;;;;;;;;;;;system;bgl;instruction cache parity error corrected
bgl;bgl;E:\Cours\TFE\experiments\phase_dataset_strengthening\processed\multiformat_balanced_20260910T093742Z\samples\bgl.log;521;;2005-06-03T15:44:41.261347+00:00;INFO;-;KERNEL;KERNEL;R02-M1-N0-C:J12-U11;;;;;;;;;;;;;;;;;;;;;;;;;;;;;system;bgl;instruction cache parity error corrected
bgl;bgl;E:\Cours\TFE\experiments\phase_dataset_strengthening\processed\multiformat_balanced_20260910T093742Z\samples\bgl.log;522;;2005-06-03T15:44:41.411892+00:00;INFO;-;KERNEL;KERNEL;R02-M1-N0-C:J12-U11;;;;;;;;;;;;;;;;;;;;;;;;;;;;;system;bgl;instruction cache parity error corrected
bgl;bgl;E:\Cours\TFE\experiments\phase_dataset_strengthening\processed\multiformat_balanced_20260910T093742Z\samples\bgl.log;523;;2005-06-03T15:44:41.563468+00:00;INFO;-;KERNEL;KERNEL;R02-M1-N0-C:J12-U11;;;;;;;;;;;;;;;;;;;;;;;;;;;;;system;bgl;instruction cache parity error corrected
bgl;bgl;E:\Cours\TFE\experiments\phase_dataset_strengthening\processed\multiformat_balanced_20260910T093742Z\samples\bgl.log;524;;2005-06-03T15:44:41.722192+00:00;INFO;-;KERNEL;KERNEL;R02-M1-N0-C:J12-U11;;;;;;;;;;;;;;;;;;;;;;;;;;;;;system;bgl;instruction cache parity error corrected
bgl;bgl;E:\Cours\TFE\experiments\phase_dataset_strengthening\processed\multiformat_balanced_20260910T093742Z\samples\bgl.log;525;;2005-06-03T15:44:41.874389+00:00;INFO;-;KERNEL;KERNEL;R02-M1-N0-C:J12-U11;;;;;;;;;;;;;;;;;;;;;;;;;;;;;system;bgl;instruction cache parity error corrected
bgl;bgl;E:\Cours\TFE\experiments\phase_dataset_strengthening\processed\multiformat_balanced_20260910T093742Z\samples\bgl.log;526;;2005-06-03T15:44:42.022135+00:00;INFO;-;KERNEL;KERNEL;R02-M1-N0-C:J12-U11;;;;;;;;;;;;;;;;;;;;;;;;;;;;;system;bgl;instruction cache parity error corrected
bgl;bgl;E:\Cours\TFE\experiments\phase_dataset_strengthening\processed\multiformat_balanced_20260910T093742Z\samples\bgl.log;527;;2005-06-03T15:44:42.162063+00:00;INFO;-;KERNEL;KERNEL;R02-M1-N0-C:J12-U11;;;;;;;;;;;;;;;;;;;;;;;;;;;;;system;bgl;instruction cache parity error corrected
bgl;bgl;E:\Cours\TFE\experiments\phase_dataset_strengthening\processed\multiformat_balanced_20260910T093742Z\samples\bgl.log;528;;2005-06-03T15:44:42.307808+00:00;INFO;-;KERNEL;KERNEL;R02-M1-N0-C:J12-U11;;;;;;;;;;;;;;;;;;;;;;;;;;;;;system;bgl;instruction cache parity error corrected
bgl;bgl;E:\Cours\TFE\experiments\phase_dataset_strengthening\processed\multiformat_balanced_20260910T093742Z\samples\bgl.log;529;;2005-06-03T15:44:42.455219+00:00;INFO;-;KERNEL;KERNEL;R02-M1-N0-C:J12-U11;;;;;;;;;;;;;;;;;;;;;;;;;;;;;system;bgl;instruction cache parity error corrected
bgl;bgl;E:\Cours\TFE\experiments\phase_dataset_strengthening\processed\multiformat_balanced_20260910T093742Z\samples\bgl.log;530;;2005-06-03T15:44:42.596890+00:00;INFO;-;KERNEL;KERNEL;R02-M1-N0-C:J12-U11;;;;;;;;;;;;;;;;;;;;;;;;;;;;;system;bgl;instruction cache parity error corrected
bgl;bgl;E:\Cours\TFE\experiments\phase_dataset_strengthening\processed\multiformat_balanced_20260910T093742Z\samples\bgl.log;531;;2005-06-03T15:44:42.764760+00:00;INFO;-;KERNEL;KERNEL;R02-M1-N0-C:J12-U11;;;;;;;;;;;;;;;;;;;;;;;;;;;;;system;bgl;instruction cache parity error corrected
bgl;bgl;E:\Cours\TFE\experiments\phase_dataset_strengthening\processed\multiformat_balanced_20260910T093742Z\samples\bgl.log;532;;2005-06-03T15:44:42.911026+00:00;INFO;-;KERNEL;KERNEL;R02-M1-N0-C:J12-U11;;;;;;;;;;;;;;;;;;;;;;;;;;;;;system;bgl;instruction cache parity error corrected
bgl;bgl;E:\Cours\TFE\experiments\phase_dataset_strengthening\processed\multiformat_balanced_20260910T093742Z\samples\bgl.log;533;;2005-06-03T15:44:43.054454+00:00;INFO;-;KERNEL;KERNEL;R02-M1-N0-C:J12-U11;;;;;;;;;;;;;;;;;;;;;;;;;;;;;system;bgl;instruction cache parity error corrected
bgl;bgl;E:\Cours\TFE\experiments\phase_dataset_strengthening\processed\multiformat_balanced_20260910T093742Z\samples\bgl.log;534;;2005-06-03T15:44:43.222510+00:00;INFO;-;KERNEL;KERNEL;R02-M1-N0-C:J12-U11;;;;;;;;;;;;;;;;;;;;;;;;;;;;;system;bgl;instruction cache parity error corrected
bgl;bgl;E:\Cours\TFE\experiments\phase_dataset_strengthening\processed\multiformat_balanced_20260910T093742Z\samples\bgl.log;535;;2005-06-03T15:44:43.388689+00:00;INFO;-;KERNEL;KERNEL;R02-M1-N0-C:J12-U11;;;;;;;;;;;;;;;;;;;;;;;;;;;;;system;bgl;instruction cache parity error corrected
bgl;bgl;E:\Cours\TFE\experiments\phase_dataset_strengthening\processed\multiformat_balanced_20260910T093742Z\samples\bgl.log;536;;2005-06-03T15:44:43.533027+00:00;INFO;-;KERNEL;KERNEL;R02-M1-N0-C:J12-U11;;;;;;;;;;;;;;;;;;;;;;;;;;;;;system;bgl;instruction cache parity error corrected
bgl;bgl;E:\Cours\TFE\experiments\phase_dataset_strengthening\processed\multiformat_balanced_20260910T093742Z\samples\bgl.log;537;;2005-06-03T15:44:43.674778+00:00;INFO;-;KERNEL;KERNEL;R02-M1-N0-C:J12-U11;;;;;;;;;;;;;;;;;;;;;;;;;;;;;system;bgl;instruction cache parity error corrected
bgl;bgl;E:\Cours\TFE\experiments\phase_dataset_strengthening\processed\multiformat_balanced_20260910T093742Z\samples\bgl.log;538;;2005-06-03T15:44:43.824810+00:00;INFO;-;KERNEL;KERNEL;R02-M1-N0-C:J12-U11;;;;;;;;;;;;;;;;;;;;;;;;;;;;;system;bgl;instruction cache parity error corrected
bgl;bgl;E:\Cours\TFE\experiments\phase_dataset_strengthening\processed\multiformat_balanced_20260910T093742Z\samples\bgl.log;539;;2005-06-03T15:44:43.973781+00:00;INFO;-;KERNEL;KERNEL;R02-M1-N0-C:J12-U11;;;;;;;;;;;;;;;;;;;;;;;;;;;;;system;bgl;instruction cache parity error corrected
bgl;bgl;E:\Cours\TFE\experiments\phase_dataset_strengthening\processed\multiformat_balanced_20260910T093742Z\samples\bgl.log;540;;2005-06-03T15:44:44.106798+00:00;INFO;-;KERNEL;KERNEL;R02-M1-N0-C:J12-U11;;;;;;;;;;;;;;;;;;;;;;;;;;;;;system;bgl;instruction cache parity error corrected
bgl;bgl;E:\Cours\TFE\experiments\phase_dataset_strengthening\processed\multiformat_balanced_20260910T093742Z\samples\bgl.log;541;;2005-06-03T15:44:44.257446+00:00;INFO;-;KERNEL;KERNEL;R02-M1-N0-C:J12-U11;;;;;;;;;;;;;;;;;;;;;;;;;;;;;system;bgl;instruction cache parity error corrected
bgl;bgl;E:\Cours\TFE\experiments\phase_dataset_strengthening\processed\multiformat_balanced_20260910T093742Z\samples\bgl.log;542;;2005-06-03T15:44:44.412325+00:00;INFO;-;KERNEL;KERNEL;R02-M1-N0-C:J12-U11;;;;;;;;;;;;;;;;;;;;;;;;;;;;;system;bgl;instruction cache parity error corrected
bgl;bgl;E:\Cours\TFE\experiments\phase_dataset_strengthening\processed\multiformat_balanced_20260910T093742Z\samples\bgl.log;543;;2005-06-03T15:44:44.558663+00:00;INFO;-;KERNEL;KERNEL;R02-M1-N0-C:J12-U11;;;;;;;;;;;;;;;;;;;;;;;;;;;;;system;bgl;instruction cache parity error corrected
bgl;bgl;E:\Cours\TFE\experiments\phase_dataset_strengthening\processed\multiformat_balanced_20260910T093742Z\samples\bgl.log;544;;2005-06-03T15:44:44.699705+00:00;INFO;-;KERNEL;KERNEL;R02-M1-N0-C:J12-U11;;;;;;;;;;;;;;;;;;;;;;;;;;;;;system;bgl;instruction cache parity error corrected
bgl;bgl;E:\Cours\TFE\experiments\phase_dataset_strengthening\processed\multiformat_balanced_20260910T093742Z\samples\bgl.log;545;;2005-06-03T15:44:44.839220+00:00;INFO;-;KERNEL;KERNEL;R02-M1-N0-C:J12-U11;;;;;;;;;;;;;;;;;;;;;;;;;;;;;system;bgl;instruction cache parity error corrected
bgl;bgl;E:\Cours\TFE\experiments\phase_dataset_strengthening\processed\multiformat_balanced_20260910T093742Z\samples\bgl.log;546;;2005-06-03T15:44:44.987708+00:00;INFO;-;KERNEL;KERNEL;R02-M1-N0-C:J12-U11;;;;;;;;;;;;;;;;;;;;;;;;;;;;;system;bgl;instruction cache parity error corrected
bgl;bgl;E:\Cours\TFE\experiments\phase_dataset_strengthening\processed\multiformat_balanced_20260910T093742Z\samples\bgl.log;547;;2005-06-03T15:44:45.120560+00:00;INFO;-;KERNEL;KERNEL;R02-M1-N0-C:J12-U11;;;;;;;;;;;;;;;;;;;;;;;;;;;;;system;bgl;instruction cache parity error corrected
bgl;bgl;E:\Cours\TFE\experiments\phase_dataset_strengthening\processed\multiformat_balanced_20260910T093742Z\samples\bgl.log;548;;2005-06-03T15:44:45.283675+00:00;INFO;-;KERNEL;KERNEL;R02-M1-N0-C:J12-U11;;;;;;;;;;;;;;;;;;;;;;;;;;;;;system;bgl;instruction cache parity error corrected
bgl;bgl;E:\Cours\TFE\experiments\phase_dataset_strengthening\processed\multiformat_balanced_20260910T093742Z\samples\bgl.log;549;;2005-06-03T15:44:45.443125+00:00;INFO;-;KERNEL;KERNEL;R02-M1-N0-C:J12-U11;;;;;;;;;;;;;;;;;;;;;;;;;;;;;system;bgl;instruction cache parity error corrected
bgl;bgl;E:\Cours\TFE\experiments\phase_dataset_strengthening\processed\multiformat_balanced_20260910T093742Z\samples\bgl.log;550;;2005-06-03T15:44:45.589325+00:00;INFO;-;KERNEL;KERNEL;R02-M1-N0-C:J12-U11;;;;;;;;;;;;;;;;;;;;;;;;;;;;;system;bgl;instruction cache parity error corrected
bgl;bgl;E:\Cours\TFE\experiments\phase_dataset_strengthening\processed\multiformat_balanced_20260910T093742Z\samples\bgl.log;551;;2005-06-03T15:44:45.732720+00:00;INFO;-;KERNEL;KERNEL;R02-M1-N0-C:J12-U11;;;;;;;;;;;;;;;;;;;;;;;;;;;;;system;bgl;instruction cache parity error corrected
bgl;bgl;E:\Cours\TFE\experiments\phase_dataset_strengthening\processed\multiformat_balanced_20260910T093742Z\samples\bgl.log;552;;2005-06-03T15:44:45.878776+00:00;INFO;-;KERNEL;KERNEL;R02-M1-N0-C:J12-U11;;;;;;;;;;;;;;;;;;;;;;;;;;;;;system;bgl;instruction cache parity error corrected
bgl;bgl;E:\Cours\TFE\experiments\phase_dataset_strengthening\processed\multiformat_balanced_20260910T093742Z\samples\bgl.log;553;;2005-06-03T15:44:46.058696+00:00;INFO;-;KERNEL;KERNEL;R02-M1-N0-C:J12-U11;;;;;;;;;;;;;;;;;;;;;;;;;;;;;system;bgl;instruction cache parity error corrected
bgl;bgl;E:\Cours\TFE\experiments\phase_dataset_strengthening\processed\multiformat_balanced_20260910T093742Z\samples\bgl.log;554;;2005-06-03T15:44:46.197005+00:00;INFO;-;KERNEL;KERNEL;R02-M1-N0-C:J12-U11;;;;;;;;;;;;;;;;;;;;;;;;;;;;;system;bgl;instruction cache parity error corrected
bgl;bgl;E:\Cours\TFE\experiments\phase_dataset_strengthening\processed\multiformat_balanced_20260910T093742Z\samples\bgl.log;555;;2005-06-03T15:44:46.381621+00:00;INFO;-;KERNEL;KERNEL;R02-M1-N0-C:J12-U11;;;;;;;;;;;;;;;;;;;;;;;;;;;;;system;bgl;instruction cache parity error corrected
bgl;bgl;E:\Cours\TFE\experiments\phase_dataset_strengthening\processed\multiformat_balanced_20260910T093742Z\samples\bgl.log;556;;2005-06-03T15:44:46.535337+00:00;INFO;-;KERNEL;KERNEL;R02-M1-N0-C:J12-U11;;;;;;;;;;;;;;;;;;;;;;;;;;;;;system;bgl;instruction cache parity error corrected
bgl;bgl;E:\Cours\TFE\experiments\phase_dataset_strengthening\processed\multiformat_balanced_20260910T093742Z\samples\bgl.log;557;;2005-06-03T15:44:46.672904+00:00;INFO;-;KERNEL;KERNEL;R02-M1-N0-C:J12-U11;;;;;;;;;;;;;;;;;;;;;;;;;;;;;system;bgl;instruction cache parity error corrected
bgl;bgl;E:\Cours\TFE\experiments\phase_dataset_strengthening\processed\multiformat_balanced_20260910T093742Z\samples\bgl.log;558;;2005-06-03T15:44:46.826056+00:00;INFO;-;KERNEL;KERNEL;R02-M1-N0-C:J12-U11;;;;;;;;;;;;;;;;;;;;;;;;;;;;;system;bgl;instruction cache parity error corrected
bgl;bgl;E:\Cours\TFE\experiments\phase_dataset_strengthening\processed\multiformat_balanced_20260910T093742Z\samples\bgl.log;559;;2005-06-03T15:44:46.968753+00:00;INFO;-;KERNEL;KERNEL;R02-M1-N0-C:J12-U11;;;;;;;;;;;;;;;;;;;;;;;;;;;;;system;bgl;instruction cache parity error corrected
bgl;bgl;E:\Cours\TFE\experiments\phase_dataset_strengthening\processed\multiformat_balanced_20260910T093742Z\samples\bgl.log;560;;2005-06-03T15:44:47.117247+00:00;INFO;-;KERNEL;KERNEL;R02-M1-N0-C:J12-U11;;;;;;;;;;;;;;;;;;;;;;;;;;;;;system;bgl;instruction cache parity error corrected
bgl;bgl;E:\Cours\TFE\experiments\phase_dataset_strengthening\processed\multiformat_balanced_20260910T093742Z\samples\bgl.log;561;;2005-06-03T15:44:47.262661+00:00;INFO;-;KERNEL;KERNEL;R02-M1-N0-C:J12-U11;;;;;;;;;;;;;;;;;;;;;;;;;;;;;system;bgl;instruction cache parity error corrected
bgl;bgl;E:\Cours\TFE\experiments\phase_dataset_strengthening\processed\multiformat_balanced_20260910T093742Z\samples\bgl.log;562;;2005-06-03T15:44:47.407767+00:00;INFO;-;KERNEL;KERNEL;R02-M1-N0-C:J12-U11;;;;;;;;;;;;;;;;;;;;;;;;;;;;;system;bgl;instruction cache parity error corrected
bgl;bgl;E:\Cours\TFE\experiments\phase_dataset_strengthening\processed\multiformat_balanced_20260910T093742Z\samples\bgl.log;563;;2005-06-03T15:44:47.580553+00:00;INFO;-;KERNEL;KERNEL;R02-M1-N0-C:J12-U11;;;;;;;;;;;;;;;;;;;;;;;;;;;;;system;bgl;instruction cache parity error corrected
bgl;bgl;E:\Cours\TFE\experiments\phase_dataset_strengthening\processed\multiformat_balanced_20260910T093742Z\samples\bgl.log;564;;2005-06-03T15:44:47.723723+00:00;INFO;-;KERNEL;KERNEL;R02-M1-N0-C:J12-U11;;;;;;;;;;;;;;;;;;;;;;;;;;;;;system;bgl;instruction cache parity error corrected
bgl;bgl;E:\Cours\TFE\experiments\phase_dataset_strengthening\processed\multiformat_balanced_20260910T093742Z\samples\bgl.log;565;;2005-06-03T15:44:47.906395+00:00;INFO;-;KERNEL;KERNEL;R02-M1-N0-C:J12-U11;;;;;;;;;;;;;;;;;;;;;;;;;;;;;system;bgl;instruction cache parity error corrected
bgl;bgl;E:\Cours\TFE\experiments\phase_dataset_strengthening\processed\multiformat_balanced_20260910T093742Z\samples\bgl.log;566;;2005-06-03T15:44:48.056960+00:00;INFO;-;KERNEL;KERNEL;R02-M1-N0-C:J12-U11;;;;;;;;;;;;;;;;;;;;;;;;;;;;;system;bgl;instruction cache parity error corrected
bgl;bgl;E:\Cours\TFE\experiments\phase_dataset_strengthening\processed\multiformat_balanced_20260910T093742Z\samples\bgl.log;567;;2005-06-03T15:44:48.193185+00:00;INFO;-;KERNEL;KERNEL;R02-M1-N0-C:J12-U11;;;;;;;;;;;;;;;;;;;;;;;;;;;;;system;bgl;instruction cache parity error corrected
bgl;bgl;E:\Cours\TFE\experiments\phase_dataset_strengthening\processed\multiformat_balanced_20260910T093742Z\samples\bgl.log;568;;2005-06-03T15:44:48.356360+00:00;INFO;-;KERNEL;KERNEL;R02-M1-N0-C:J12-U11;;;;;;;;;;;;;;;;;;;;;;;;;;;;;system;bgl;instruction cache parity error corrected
bgl;bgl;E:\Cours\TFE\experiments\phase_dataset_strengthening\processed\multiformat_balanced_20260910T093742Z\samples\bgl.log;569;;2005-06-03T15:44:48.495206+00:00;INFO;-;KERNEL;KERNEL;R02-M1-N0-C:J12-U11;;;;;;;;;;;;;;;;;;;;;;;;;;;;;system;bgl;instruction cache parity error corrected
bgl;bgl;E:\Cours\TFE\experiments\phase_dataset_strengthening\processed\multiformat_balanced_20260910T093742Z\samples\bgl.log;570;;2005-06-03T15:44:48.637347+00:00;INFO;-;KERNEL;KERNEL;R02-M1-N0-C:J12-U11;;;;;;;;;;;;;;;;;;;;;;;;;;;;;system;bgl;instruction cache parity error corrected
bgl;bgl;E:\Cours\TFE\experiments\phase_dataset_strengthening\processed\multiformat_balanced_20260910T093742Z\samples\bgl.log;571;;2005-06-03T15:44:48.771393+00:00;INFO;-;KERNEL;KERNEL;R02-M1-N0-C:J12-U11;;;;;;;;;;;;;;;;;;;;;;;;;;;;;system;bgl;instruction cache parity error corrected
bgl;bgl;E:\Cours\TFE\experiments\phase_dataset_strengthening\processed\multiformat_balanced_20260910T093742Z\samples\bgl.log;572;;2005-06-03T15:44:48.919162+00:00;INFO;-;KERNEL;KERNEL;R02-M1-N0-C:J12-U11;;;;;;;;;;;;;;;;;;;;;;;;;;;;;system;bgl;instruction cache parity error corrected
bgl;bgl;E:\Cours\TFE\experiments\phase_dataset_strengthening\processed\multiformat_balanced_20260910T093742Z\samples\bgl.log;573;;2005-06-03T15:44:49.066356+00:00;INFO;-;KERNEL;KERNEL;R02-M1-N0-C:J12-U11;;;;;;;;;;;;;;;;;;;;;;;;;;;;;system;bgl;instruction cache parity error corrected
bgl;bgl;E:\Cours\TFE\experiments\phase_dataset_strengthening\processed\multiformat_balanced_20260910T093742Z\samples\bgl.log;574;;2005-06-03T15:44:49.202601+00:00;INFO;-;KERNEL;KERNEL;R02-M1-N0-C:J12-U11;;;;;;;;;;;;;;;;;;;;;;;;;;;;;system;bgl;instruction cache parity error corrected
bgl;bgl;E:\Cours\TFE\experiments\phase_dataset_strengthening\processed\multiformat_balanced_20260910T093742Z\samples\bgl.log;575;;2005-06-03T15:44:49.359707+00:00;INFO;-;KERNEL;KERNEL;R02-M1-N0-C:J12-U11;;;;;;;;;;;;;;;;;;;;;;;;;;;;;system;bgl;instruction cache parity error corrected
bgl;bgl;E:\Cours\TFE\experiments\phase_dataset_strengthening\processed\multiformat_balanced_20260910T093742Z\samples\bgl.log;576;;2005-06-03T15:44:49.507253+00:00;INFO;-;KERNEL;KERNEL;R02-M1-N0-C:J12-U11;;;;;;;;;;;;;;;;;;;;;;;;;;;;;system;bgl;instruction cache parity error corrected
bgl;bgl;E:\Cours\TFE\experiments\phase_dataset_strengthening\processed\multiformat_balanced_20260910T093742Z\samples\bgl.log;577;;2005-06-03T15:44:49.648196+00:00;INFO;-;KERNEL;KERNEL;R02-M1-N0-C:J12-U11;;;;;;;;;;;;;;;;;;;;;;;;;;;;;system;bgl;instruction cache parity error corrected
bgl;bgl;E:\Cours\TFE\experiments\phase_dataset_strengthening\processed\multiformat_balanced_20260910T093742Z\samples\bgl.log;578;;2005-06-03T15:44:49.782375+00:00;INFO;-;KERNEL;KERNEL;R02-M1-N0-C:J12-U11;;;;;;;;;;;;;;;;;;;;;;;;;;;;;system;bgl;instruction cache parity error corrected
bgl;bgl;E:\Cours\TFE\experiments\phase_dataset_strengthening\processed\multiformat_balanced_20260910T093742Z\samples\bgl.log;579;;2005-06-03T15:44:49.946158+00:00;INFO;-;KERNEL;KERNEL;R02-M1-N0-C:J12-U11;;;;;;;;;;;;;;;;;;;;;;;;;;;;;system;bgl;instruction cache parity error corrected
bgl;bgl;E:\Cours\TFE\experiments\phase_dataset_strengthening\processed\multiformat_balanced_20260910T093742Z\samples\bgl.log;580;;2005-06-03T15:44:50.102770+00:00;INFO;-;KERNEL;KERNEL;R02-M1-N0-C:J12-U11;;;;;;;;;;;;;;;;;;;;;;;;;;;;;system;bgl;instruction cache parity error corrected
bgl;bgl;E:\Cours\TFE\experiments\phase_dataset_strengthening\processed\multiformat_balanced_20260910T093742Z\samples\bgl.log;581;;2005-06-03T15:44:50.238773+00:00;INFO;-;KERNEL;KERNEL;R02-M1-N0-C:J12-U11;;;;;;;;;;;;;;;;;;;;;;;;;;;;;system;bgl;instruction cache parity error corrected
bgl;bgl;E:\Cours\TFE\experiments\phase_dataset_strengthening\processed\multiformat_balanced_20260910T093742Z\samples\bgl.log;582;;2005-06-03T15:44:50.408308+00:00;INFO;-;KERNEL;KERNEL;R02-M1-N0-C:J12-U11;;;;;;;;;;;;;;;;;;;;;;;;;;;;;system;bgl;instruction cache parity error corrected
bgl;bgl;E:\Cours\TFE\experiments\phase_dataset_strengthening\processed\multiformat_balanced_20260910T093742Z\samples\bgl.log;583;;2005-06-03T15:44:50.566556+00:00;INFO;-;KERNEL;KERNEL;R02-M1-N0-C:J12-U11;;;;;;;;;;;;;;;;;;;;;;;;;;;;;system;bgl;instruction cache parity error corrected
bgl;bgl;E:\Cours\TFE\experiments\phase_dataset_strengthening\processed\multiformat_balanced_20260910T093742Z\samples\bgl.log;584;;2005-06-03T15:44:50.707780+00:00;INFO;-;KERNEL;KERNEL;R02-M1-N0-C:J12-U11;;;;;;;;;;;;;;;;;;;;;;;;;;;;;system;bgl;instruction cache parity error corrected
bgl;bgl;E:\Cours\TFE\experiments\phase_dataset_strengthening\processed\multiformat_balanced_20260910T093742Z\samples\bgl.log;585;;2005-06-03T15:44:50.863381+00:00;INFO;-;KERNEL;KERNEL;R02-M1-N0-C:J12-U11;;;;;;;;;;;;;;;;;;;;;;;;;;;;;system;bgl;instruction cache parity error corrected
bgl;bgl;E:\Cours\TFE\experiments\phase_dataset_strengthening\processed\multiformat_balanced_20260910T093742Z\samples\bgl.log;586;;2005-06-03T15:44:51.010622+00:00;INFO;-;KERNEL;KERNEL;R02-M1-N0-C:J12-U11;;;;;;;;;;;;;;;;;;;;;;;;;;;;;system;bgl;instruction cache parity error corrected
bgl;bgl;E:\Cours\TFE\experiments\phase_dataset_strengthening\processed\multiformat_balanced_20260910T093742Z\samples\bgl.log;587;;2005-06-03T15:44:51.158235+00:00;INFO;-;KERNEL;KERNEL;R02-M1-N0-C:J12-U11;;;;;;;;;;;;;;;;;;;;;;;;;;;;;system;bgl;instruction cache parity error corrected
bgl;bgl;E:\Cours\TFE\experiments\phase_dataset_strengthening\processed\multiformat_balanced_20260910T093742Z\samples\bgl.log;588;;2005-06-03T15:44:51.297192+00:00;INFO;-;KERNEL;KERNEL;R02-M1-N0-C:J12-U11;;;;;;;;;;;;;;;;;;;;;;;;;;;;;system;bgl;instruction cache parity error corrected
bgl;bgl;E:\Cours\TFE\experiments\phase_dataset_strengthening\processed\multiformat_balanced_20260910T093742Z\samples\bgl.log;589;;2005-06-03T15:44:51.470469+00:00;INFO;-;KERNEL;KERNEL;R02-M1-N0-C:J12-U11;;;;;;;;;;;;;;;;;;;;;;;;;;;;;system;bgl;instruction cache parity error corrected
bgl;bgl;E:\Cours\TFE\experiments\phase_dataset_strengthening\processed\multiformat_balanced_20260910T093742Z\samples\bgl.log;590;;2005-06-03T15:44:51.622077+00:00;INFO;-;KERNEL;KERNEL;R02-M1-N0-C:J12-U11;;;;;;;;;;;;;;;;;;;;;;;;;;;;;system;bgl;instruction cache parity error corrected
bgl;bgl;E:\Cours\TFE\experiments\phase_dataset_strengthening\processed\multiformat_balanced_20260910T093742Z\samples\bgl.log;591;;2005-06-03T15:44:51.761975+00:00;INFO;-;KERNEL;KERNEL;R02-M1-N0-C:J12-U11;;;;;;;;;;;;;;;;;;;;;;;;;;;;;system;bgl;instruction cache parity error corrected
bgl;bgl;E:\Cours\TFE\experiments\phase_dataset_strengthening\processed\multiformat_balanced_20260910T093742Z\samples\bgl.log;592;;2005-06-03T15:44:51.918996+00:00;INFO;-;KERNEL;KERNEL;R02-M1-N0-C:J12-U11;;;;;;;;;;;;;;;;;;;;;;;;;;;;;system;bgl;instruction cache parity error corrected
bgl;bgl;E:\Cours\TFE\experiments\phase_dataset_strengthening\processed\multiformat_balanced_20260910T093742Z\samples\bgl.log;593;;2005-06-03T15:44:52.066929+00:00;INFO;-;KERNEL;KERNEL;R02-M1-N0-C:J12-U11;;;;;;;;;;;;;;;;;;;;;;;;;;;;;system;bgl;instruction cache parity error corrected
bgl;bgl;E:\Cours\TFE\experiments\phase_dataset_strengthening\processed\multiformat_balanced_20260910T093742Z\samples\bgl.log;594;;2005-06-03T15:44:52.211124+00:00;INFO;-;KERNEL;KERNEL;R02-M1-N0-C:J12-U11;;;;;;;;;;;;;;;;;;;;;;;;;;;;;system;bgl;instruction cache parity error corrected
bgl;bgl;E:\Cours\TFE\experiments\phase_dataset_strengthening\processed\multiformat_balanced_20260910T093742Z\samples\bgl.log;595;;2005-06-03T15:44:52.363368+00:00;INFO;-;KERNEL;KERNEL;R02-M1-N0-C:J12-U11;;;;;;;;;;;;;;;;;;;;;;;;;;;;;system;bgl;instruction cache parity error corrected
bgl;bgl;E:\Cours\TFE\experiments\phase_dataset_strengthening\processed\multiformat_balanced_20260910T093742Z\samples\bgl.log;596;;2005-06-03T15:44:52.511882+00:00;INFO;-;KERNEL;KERNEL;R02-M1-N0-C:J12-U11;;;;;;;;;;;;;;;;;;;;;;;;;;;;;system;bgl;instruction cache parity error corrected
bgl;bgl;E:\Cours\TFE\experiments\phase_dataset_strengthening\processed\multiformat_balanced_20260910T093742Z\samples\bgl.log;597;;2005-06-03T15:44:52.672925+00:00;INFO;-;KERNEL;KERNEL;R02-M1-N0-C:J12-U11;;;;;;;;;;;;;;;;;;;;;;;;;;;;;system;bgl;instruction cache parity error corrected
bgl;bgl;E:\Cours\TFE\experiments\phase_dataset_strengthening\processed\multiformat_balanced_20260910T093742Z\samples\bgl.log;598;;2005-06-03T15:44:52.813596+00:00;INFO;-;KERNEL;KERNEL;R02-M1-N0-C:J12-U11;;;;;;;;;;;;;;;;;;;;;;;;;;;;;system;bgl;instruction cache parity error corrected
bgl;bgl;E:\Cours\TFE\experiments\phase_dataset_strengthening\processed\multiformat_balanced_20260910T093742Z\samples\bgl.log;599;;2005-06-03T15:44:52.989833+00:00;INFO;-;KERNEL;KERNEL;R02-M1-N0-C:J12-U11;;;;;;;;;;;;;;;;;;;;;;;;;;;;;system;bgl;instruction cache parity error corrected
bgl;bgl;E:\Cours\TFE\experiments\phase_dataset_strengthening\processed\multiformat_balanced_20260910T093742Z\samples\bgl.log;600;;2005-06-03T15:44:53.131294+00:00;INFO;-;KERNEL;KERNEL;R02-M1-N0-C:J12-U11;;;;;;;;;;;;;;;;;;;;;;;;;;;;;system;bgl;instruction cache parity error corrected
bgl;bgl;E:\Cours\TFE\experiments\phase_dataset_strengthening\processed\multiformat_balanced_20260910T093742Z\samples\bgl.log;601;;2005-06-03T15:44:53.281582+00:00;INFO;-;KERNEL;KERNEL;R02-M1-N0-C:J12-U11;;;;;;;;;;;;;;;;;;;;;;;;;;;;;system;bgl;instruction cache parity error corrected
bgl;bgl;E:\Cours\TFE\experiments\phase_dataset_strengthening\processed\multiformat_balanced_20260910T093742Z\samples\bgl.log;602;;2005-06-03T15:44:53.442933+00:00;INFO;-;KERNEL;KERNEL;R02-M1-N0-C:J12-U11;;;;;;;;;;;;;;;;;;;;;;;;;;;;;system;bgl;instruction cache parity error corrected
bgl;bgl;E:\Cours\TFE\experiments\phase_dataset_strengthening\processed\multiformat_balanced_20260910T093742Z\samples\bgl.log;603;;2005-06-03T15:44:53.606052+00:00;INFO;-;KERNEL;KERNEL;R02-M1-N0-C:J12-U11;;;;;;;;;;;;;;;;;;;;;;;;;;;;;system;bgl;instruction cache parity error corrected
bgl;bgl;E:\Cours\TFE\experiments\phase_dataset_strengthening\processed\multiformat_balanced_20260910T093742Z\samples\bgl.log;604;;2005-06-03T15:44:53.750411+00:00;INFO;-;KERNEL;KERNEL;R02-M1-N0-C:J12-U11;;;;;;;;;;;;;;;;;;;;;;;;;;;;;system;bgl;instruction cache parity error corrected
bgl;bgl;E:\Cours\TFE\experiments\phase_dataset_strengthening\processed\multiformat_balanced_20260910T093742Z\samples\bgl.log;605;;2005-06-03T15:44:53.891746+00:00;INFO;-;KERNEL;KERNEL;R02-M1-N0-C:J12-U11;;;;;;;;;;;;;;;;;;;;;;;;;;;;;system;bgl;instruction cache parity error corrected
bgl;bgl;E:\Cours\TFE\experiments\phase_dataset_strengthening\processed\multiformat_balanced_20260910T093742Z\samples\bgl.log;606;;2005-06-03T15:44:54.037894+00:00;INFO;-;KERNEL;KERNEL;R02-M1-N0-C:J12-U11;;;;;;;;;;;;;;;;;;;;;;;;;;;;;system;bgl;instruction cache parity error corrected
bgl;bgl;E:\Cours\TFE\experiments\phase_dataset_strengthening\processed\multiformat_balanced_20260910T093742Z\samples\bgl.log;607;;2005-06-03T15:44:54.208176+00:00;INFO;-;KERNEL;KERNEL;R02-M1-N0-C:J12-U11;;;;;;;;;;;;;;;;;;;;;;;;;;;;;system;bgl;instruction cache parity error corrected
bgl;bgl;E:\Cours\TFE\experiments\phase_dataset_strengthening\processed\multiformat_balanced_20260910T093742Z\samples\bgl.log;608;;2005-06-03T15:44:54.346540+00:00;INFO;-;KERNEL;KERNEL;R02-M1-N0-C:J12-U11;;;;;;;;;;;;;;;;;;;;;;;;;;;;;system;bgl;instruction cache parity error corrected
bgl;bgl;E:\Cours\TFE\experiments\phase_dataset_strengthening\processed\multiformat_balanced_20260910T093742Z\samples\bgl.log;609;;2005-06-03T15:44:54.532159+00:00;INFO;-;KERNEL;KERNEL;R02-M1-N0-C:J12-U11;;;;;;;;;;;;;;;;;;;;;;;;;;;;;system;bgl;instruction cache parity error corrected
bgl;bgl;E:\Cours\TFE\experiments\phase_dataset_strengthening\processed\multiformat_balanced_20260910T093742Z\samples\bgl.log;610;;2005-06-03T15:44:54.676808+00:00;INFO;-;KERNEL;KERNEL;R02-M1-N0-C:J12-U11;;;;;;;;;;;;;;;;;;;;;;;;;;;;;system;bgl;instruction cache parity error corrected
bgl;bgl;E:\Cours\TFE\experiments\phase_dataset_strengthening\processed\multiformat_balanced_20260910T093742Z\samples\bgl.log;611;;2005-06-03T15:44:54.811121+00:00;INFO;-;KERNEL;KERNEL;R02-M1-N0-C:J12-U11;;;;;;;;;;;;;;;;;;;;;;;;;;;;;system;bgl;instruction cache parity error corrected
bgl;bgl;E:\Cours\TFE\experiments\phase_dataset_strengthening\processed\multiformat_balanced_20260910T093742Z\samples\bgl.log;612;;2005-06-03T15:44:54.971836+00:00;INFO;-;KERNEL;KERNEL;R02-M1-N0-C:J12-U11;;;;;;;;;;;;;;;;;;;;;;;;;;;;;system;bgl;instruction cache parity error corrected
bgl;bgl;E:\Cours\TFE\experiments\phase_dataset_strengthening\processed\multiformat_balanced_20260910T093742Z\samples\bgl.log;613;;2005-06-03T15:44:55.129242+00:00;INFO;-;KERNEL;KERNEL;R02-M1-N0-C:J12-U11;;;;;;;;;;;;;;;;;;;;;;;;;;;;;system;bgl;instruction cache parity error corrected
bgl;bgl;E:\Cours\TFE\experiments\phase_dataset_strengthening\processed\multiformat_balanced_20260910T093742Z\samples\bgl.log;614;;2005-06-03T15:44:55.274397+00:00;INFO;-;KERNEL;KERNEL;R02-M1-N0-C:J12-U11;;;;;;;;;;;;;;;;;;;;;;;;;;;;;system;bgl;instruction cache parity error corrected
bgl;bgl;E:\Cours\TFE\experiments\phase_dataset_strengthening\processed\multiformat_balanced_20260910T093742Z\samples\bgl.log;615;;2005-06-03T15:44:55.424117+00:00;INFO;-;KERNEL;KERNEL;R02-M1-N0-C:J12-U11;;;;;;;;;;;;;;;;;;;;;;;;;;;;;system;bgl;instruction cache parity error corrected
bgl;bgl;E:\Cours\TFE\experiments\phase_dataset_strengthening\processed\multiformat_balanced_20260910T093742Z\samples\bgl.log;616;;2005-06-03T15:44:55.572282+00:00;INFO;-;KERNEL;KERNEL;R02-M1-N0-C:J12-U11;;;;;;;;;;;;;;;;;;;;;;;;;;;;;system;bgl;instruction cache parity error corrected
bgl;bgl;E:\Cours\TFE\experiments\phase_dataset_strengthening\processed\multiformat_balanced_20260910T093742Z\samples\bgl.log;617;;2005-06-03T15:44:55.740733+00:00;INFO;-;KERNEL;KERNEL;R02-M1-N0-C:J12-U11;;;;;;;;;;;;;;;;;;;;;;;;;;;;;system;bgl;instruction cache parity error corrected
bgl;bgl;E:\Cours\TFE\experiments\phase_dataset_strengthening\processed\multiformat_balanced_20260910T093742Z\samples\bgl.log;618;;2005-06-03T15:44:55.875479+00:00;INFO;-;KERNEL;KERNEL;R02-M1-N0-C:J12-U11;;;;;;;;;;;;;;;;;;;;;;;;;;;;;system;bgl;instruction cache parity error corrected
bgl;bgl;E:\Cours\TFE\experiments\phase_dataset_strengthening\processed\multiformat_balanced_20260910T093742Z\samples\bgl.log;619;;2005-06-03T15:44:56.054963+00:00;INFO;-;KERNEL;KERNEL;R02-M1-N0-C:J12-U11;;;;;;;;;;;;;;;;;;;;;;;;;;;;;system;bgl;instruction cache parity error corrected
bgl;bgl;E:\Cours\TFE\experiments\phase_dataset_strengthening\processed\multiformat_balanced_20260910T093742Z\samples\bgl.log;620;;2005-06-03T15:44:56.206917+00:00;INFO;-;KERNEL;KERNEL;R02-M1-N0-C:J12-U11;;;;;;;;;;;;;;;;;;;;;;;;;;;;;system;bgl;instruction cache parity error corrected
bgl;bgl;E:\Cours\TFE\experiments\phase_dataset_strengthening\processed\multiformat_balanced_20260910T093742Z\samples\bgl.log;621;;2005-06-03T15:44:56.342304+00:00;INFO;-;KERNEL;KERNEL;R02-M1-N0-C:J12-U11;;;;;;;;;;;;;;;;;;;;;;;;;;;;;system;bgl;instruction cache parity error corrected
bgl;bgl;E:\Cours\TFE\experiments\phase_dataset_strengthening\processed\multiformat_balanced_20260910T093742Z\samples\bgl.log;622;;2005-06-03T15:44:56.493607+00:00;INFO;-;KERNEL;KERNEL;R02-M1-N0-C:J12-U11;;;;;;;;;;;;;;;;;;;;;;;;;;;;;system;bgl;instruction cache parity error corrected
bgl;bgl;E:\Cours\TFE\experiments\phase_dataset_strengthening\processed\multiformat_balanced_20260910T093742Z\samples\bgl.log;623;;2005-06-03T15:44:56.643723+00:00;INFO;-;KERNEL;KERNEL;R02-M1-N0-C:J12-U11;;;;;;;;;;;;;;;;;;;;;;;;;;;;;system;bgl;instruction cache parity error corrected
bgl;bgl;E:\Cours\TFE\experiments\phase_dataset_strengthening\processed\multiformat_balanced_20260910T093742Z\samples\bgl.log;624;;2005-06-03T15:44:56.790161+00:00;INFO;-;KERNEL;KERNEL;R02-M1-N0-C:J12-U11;;;;;;;;;;;;;;;;;;;;;;;;;;;;;system;bgl;instruction cache parity error corrected
bgl;bgl;E:\Cours\TFE\experiments\phase_dataset_strengthening\processed\multiformat_balanced_20260910T093742Z\samples\bgl.log;625;;2005-06-03T15:44:56.948772+00:00;INFO;-;KERNEL;KERNEL;R02-M1-N0-C:J12-U11;;;;;;;;;;;;;;;;;;;;;;;;;;;;;system;bgl;instruction cache parity error corrected
bgl;bgl;E:\Cours\TFE\experiments\phase_dataset_strengthening\processed\multiformat_balanced_20260910T093742Z\samples\bgl.log;626;;2005-06-03T15:44:57.095785+00:00;INFO;-;KERNEL;KERNEL;R02-M1-N0-C:J12-U11;;;;;;;;;;;;;;;;;;;;;;;;;;;;;system;bgl;instruction cache parity error corrected
bgl;bgl;E:\Cours\TFE\experiments\phase_dataset_strengthening\processed\multiformat_balanced_20260910T093742Z\samples\bgl.log;627;;2005-06-03T15:44:57.258605+00:00;INFO;-;KERNEL;KERNEL;R02-M1-N0-C:J12-U11;;;;;;;;;;;;;;;;;;;;;;;;;;;;;system;bgl;instruction cache parity error corrected
bgl;bgl;E:\Cours\TFE\experiments\phase_dataset_strengthening\processed\multiformat_balanced_20260910T093742Z\samples\bgl.log;628;;2005-06-03T15:44:57.402109+00:00;INFO;-;KERNEL;KERNEL;R02-M1-N0-C:J12-U11;;;;;;;;;;;;;;;;;;;;;;;;;;;;;system;bgl;instruction cache parity error corrected
bgl;bgl;E:\Cours\TFE\experiments\phase_dataset_strengthening\processed\multiformat_balanced_20260910T093742Z\samples\bgl.log;629;;2005-06-03T15:44:57.577533+00:00;INFO;-;KERNEL;KERNEL;R02-M1-N0-C:J12-U11;;;;;;;;;;;;;;;;;;;;;;;;;;;;;system;bgl;instruction cache parity error corrected
bgl;bgl;E:\Cours\TFE\experiments\phase_dataset_strengthening\processed\multiformat_balanced_20260910T093742Z\samples\bgl.log;630;;2005-06-03T15:44:57.713398+00:00;INFO;-;KERNEL;KERNEL;R02-M1-N0-C:J12-U11;;;;;;;;;;;;;;;;;;;;;;;;;;;;;system;bgl;instruction cache parity error corrected
bgl;bgl;E:\Cours\TFE\experiments\phase_dataset_strengthening\processed\multiformat_balanced_20260910T093742Z\samples\bgl.log;631;;2005-06-03T15:44:57.858019+00:00;INFO;-;KERNEL;KERNEL;R02-M1-N0-C:J12-U11;;;;;;;;;;;;;;;;;;;;;;;;;;;;;system;bgl;instruction cache parity error corrected
bgl;bgl;E:\Cours\TFE\experiments\phase_dataset_strengthening\processed\multiformat_balanced_20260910T093742Z\samples\bgl.log;632;;2005-06-03T15:44:58.028484+00:00;INFO;-;KERNEL;KERNEL;R02-M1-N0-C:J12-U11;;;;;;;;;;;;;;;;;;;;;;;;;;;;;system;bgl;instruction cache parity error corrected
bgl;bgl;E:\Cours\TFE\experiments\phase_dataset_strengthening\processed\multiformat_balanced_20260910T093742Z\samples\bgl.log;633;;2005-06-03T15:44:58.177175+00:00;INFO;-;KERNEL;KERNEL;R02-M1-N0-C:J12-U11;;;;;;;;;;;;;;;;;;;;;;;;;;;;;system;bgl;instruction cache parity error corrected
bgl;bgl;E:\Cours\TFE\experiments\phase_dataset_strengthening\processed\multiformat_balanced_20260910T093742Z\samples\bgl.log;634;;2005-06-03T15:44:58.319172+00:00;INFO;-;KERNEL;KERNEL;R02-M1-N0-C:J12-U11;;;;;;;;;;;;;;;;;;;;;;;;;;;;;system;bgl;instruction cache parity error corrected
bgl;bgl;E:\Cours\TFE\experiments\phase_dataset_strengthening\processed\multiformat_balanced_20260910T093742Z\samples\bgl.log;635;;2005-06-03T15:44:58.454052+00:00;INFO;-;KERNEL;KERNEL;R02-M1-N0-C:J12-U11;;;;;;;;;;;;;;;;;;;;;;;;;;;;;system;bgl;instruction cache parity error corrected
bgl;bgl;E:\Cours\TFE\experiments\phase_dataset_strengthening\processed\multiformat_balanced_20260910T093742Z\samples\bgl.log;636;;2005-06-03T15:44:58.608031+00:00;INFO;-;KERNEL;KERNEL;R02-M1-N0-C:J12-U11;;;;;;;;;;;;;;;;;;;;;;;;;;;;;system;bgl;instruction cache parity error corrected
bgl;bgl;E:\Cours\TFE\experiments\phase_dataset_strengthening\processed\multiformat_balanced_20260910T093742Z\samples\bgl.log;637;;2005-06-03T15:44:58.756448+00:00;INFO;-;KERNEL;KERNEL;R02-M1-N0-C:J12-U11;;;;;;;;;;;;;;;;;;;;;;;;;;;;;system;bgl;instruction cache parity error corrected
bgl;bgl;E:\Cours\TFE\experiments\phase_dataset_strengthening\processed\multiformat_balanced_20260910T093742Z\samples\bgl.log;638;;2005-06-03T15:44:58.891983+00:00;INFO;-;KERNEL;KERNEL;R02-M1-N0-C:J12-U11;;;;;;;;;;;;;;;;;;;;;;;;;;;;;system;bgl;instruction cache parity error corrected
bgl;bgl;E:\Cours\TFE\experiments\phase_dataset_strengthening\processed\multiformat_balanced_20260910T093742Z\samples\bgl.log;639;;2005-06-03T15:44:59.062804+00:00;INFO;-;KERNEL;KERNEL;R02-M1-N0-C:J12-U11;;;;;;;;;;;;;;;;;;;;;;;;;;;;;system;bgl;instruction cache parity error corrected
bgl;bgl;E:\Cours\TFE\experiments\phase_dataset_strengthening\processed\multiformat_balanced_20260910T093742Z\samples\bgl.log;640;;2005-06-03T15:44:59.210008+00:00;INFO;-;KERNEL;KERNEL;R02-M1-N0-C:J12-U11;;;;;;;;;;;;;;;;;;;;;;;;;;;;;system;bgl;instruction cache parity error corrected
bgl;bgl;E:\Cours\TFE\experiments\phase_dataset_strengthening\processed\multiformat_balanced_20260910T093742Z\samples\bgl.log;641;;2005-06-03T15:44:59.356356+00:00;INFO;-;KERNEL;KERNEL;R02-M1-N0-C:J12-U11;;;;;;;;;;;;;;;;;;;;;;;;;;;;;system;bgl;instruction cache parity error corrected
bgl;bgl;E:\Cours\TFE\experiments\phase_dataset_strengthening\processed\multiformat_balanced_20260910T093742Z\samples\bgl.log;642;;2005-06-03T15:44:59.505175+00:00;INFO;-;KERNEL;KERNEL;R02-M1-N0-C:J12-U11;;;;;;;;;;;;;;;;;;;;;;;;;;;;;system;bgl;instruction cache parity error corrected
bgl;bgl;E:\Cours\TFE\experiments\phase_dataset_strengthening\processed\multiformat_balanced_20260910T093742Z\samples\bgl.log;643;;2005-06-03T15:44:59.659196+00:00;INFO;-;KERNEL;KERNEL;R02-M1-N0-C:J12-U11;;;;;;;;;;;;;;;;;;;;;;;;;;;;;system;bgl;instruction cache parity error corrected
bgl;bgl;E:\Cours\TFE\experiments\phase_dataset_strengthening\processed\multiformat_balanced_20260910T093742Z\samples\bgl.log;644;;2005-06-03T15:44:59.811389+00:00;INFO;-;KERNEL;KERNEL;R02-M1-N0-C:J12-U11;;;;;;;;;;;;;;;;;;;;;;;;;;;;;system;bgl;instruction cache parity error corrected
bgl;bgl;E:\Cours\TFE\experiments\phase_dataset_strengthening\processed\multiformat_balanced_20260910T093742Z\samples\bgl.log;645;;2005-06-03T15:44:59.943485+00:00;INFO;-;KERNEL;KERNEL;R02-M1-N0-C:J12-U11;;;;;;;;;;;;;;;;;;;;;;;;;;;;;system;bgl;instruction cache parity error corrected
bgl;bgl;E:\Cours\TFE\experiments\phase_dataset_strengthening\processed\multiformat_balanced_20260910T093742Z\samples\bgl.log;646;;2005-06-03T15:45:00.105436+00:00;INFO;-;KERNEL;KERNEL;R02-M1-N0-C:J12-U11;;;;;;;;;;;;;;;;;;;;;;;;;;;;;system;bgl;instruction cache parity error corrected
bgl;bgl;E:\Cours\TFE\experiments\phase_dataset_strengthening\processed\multiformat_balanced_20260910T093742Z\samples\bgl.log;647;;2005-06-03T15:45:00.247772+00:00;INFO;-;KERNEL;KERNEL;R02-M1-N0-C:J12-U11;;;;;;;;;;;;;;;;;;;;;;;;;;;;;system;bgl;instruction cache parity error corrected
bgl;bgl;E:\Cours\TFE\experiments\phase_dataset_strengthening\processed\multiformat_balanced_20260910T093742Z\samples\bgl.log;648;;2005-06-03T15:45:00.388665+00:00;INFO;-;KERNEL;KERNEL;R02-M1-N0-C:J12-U11;;;;;;;;;;;;;;;;;;;;;;;;;;;;;system;bgl;instruction cache parity error corrected
bgl;bgl;E:\Cours\TFE\experiments\phase_dataset_strengthening\processed\multiformat_balanced_20260910T093742Z\samples\bgl.log;649;;2005-06-03T15:45:00.556244+00:00;INFO;-;KERNEL;KERNEL;R02-M1-N0-C:J12-U11;;;;;;;;;;;;;;;;;;;;;;;;;;;;;system;bgl;instruction cache parity error corrected
bgl;bgl;E:\Cours\TFE\experiments\phase_dataset_strengthening\processed\multiformat_balanced_20260910T093742Z\samples\bgl.log;650;;2005-06-03T15:45:00.712187+00:00;INFO;-;KERNEL;KERNEL;R02-M1-N0-C:J12-U11;;;;;;;;;;;;;;;;;;;;;;;;;;;;;system;bgl;instruction cache parity error corrected
bgl;bgl;E:\Cours\TFE\experiments\phase_dataset_strengthening\processed\multiformat_balanced_20260910T093742Z\samples\bgl.log;651;;2005-06-03T15:45:00.859532+00:00;INFO;-;KERNEL;KERNEL;R02-M1-N0-C:J12-U11;;;;;;;;;;;;;;;;;;;;;;;;;;;;;system;bgl;instruction cache parity error corrected
bgl;bgl;E:\Cours\TFE\experiments\phase_dataset_strengthening\processed\multiformat_balanced_20260910T093742Z\samples\bgl.log;652;;2005-06-03T15:45:00.993266+00:00;INFO;-;KERNEL;KERNEL;R02-M1-N0-C:J12-U11;;;;;;;;;;;;;;;;;;;;;;;;;;;;;system;bgl;instruction cache parity error corrected
bgl;bgl;E:\Cours\TFE\experiments\phase_dataset_strengthening\processed\multiformat_balanced_20260910T093742Z\samples\bgl.log;653;;2005-06-03T15:45:01.165692+00:00;INFO;-;KERNEL;KERNEL;R02-M1-N0-C:J12-U11;;;;;;;;;;;;;;;;;;;;;;;;;;;;;system;bgl;instruction cache parity error corrected
bgl;bgl;E:\Cours\TFE\experiments\phase_dataset_strengthening\processed\multiformat_balanced_20260910T093742Z\samples\bgl.log;654;;2005-06-03T15:45:01.321490+00:00;INFO;-;KERNEL;KERNEL;R02-M1-N0-C:J12-U11;;;;;;;;;;;;;;;;;;;;;;;;;;;;;system;bgl;instruction cache parity error corrected
bgl;bgl;E:\Cours\TFE\experiments\phase_dataset_strengthening\processed\multiformat_balanced_20260910T093742Z\samples\bgl.log;655;;2005-06-03T15:45:01.472696+00:00;INFO;-;KERNEL;KERNEL;R02-M1-N0-C:J12-U11;;;;;;;;;;;;;;;;;;;;;;;;;;;;;system;bgl;instruction cache parity error corrected
bgl;bgl;E:\Cours\TFE\experiments\phase_dataset_strengthening\processed\multiformat_balanced_20260910T093742Z\samples\bgl.log;656;;2005-06-03T15:45:01.633921+00:00;INFO;-;KERNEL;KERNEL;R02-M1-N0-C:J12-U11;;;;;;;;;;;;;;;;;;;;;;;;;;;;;system;bgl;instruction cache parity error corrected
bgl;bgl;E:\Cours\TFE\experiments\phase_dataset_strengthening\processed\multiformat_balanced_20260910T093742Z\samples\bgl.log;657;;2005-06-03T15:45:01.784665+00:00;INFO;-;KERNEL;KERNEL;R02-M1-N0-C:J12-U11;;;;;;;;;;;;;;;;;;;;;;;;;;;;;system;bgl;instruction cache parity error corrected
bgl;bgl;E:\Cours\TFE\experiments\phase_dataset_strengthening\processed\multiformat_balanced_20260910T093742Z\samples\bgl.log;658;;2005-06-03T15:45:01.935708+00:00;INFO;-;KERNEL;KERNEL;R02-M1-N0-C:J12-U11;;;;;;;;;;;;;;;;;;;;;;;;;;;;;system;bgl;instruction cache parity error corrected
bgl;bgl;E:\Cours\TFE\experiments\phase_dataset_strengthening\processed\multiformat_balanced_20260910T093742Z\samples\bgl.log;659;;2005-06-03T15:45:02.089700+00:00;INFO;-;KERNEL;KERNEL;R02-M1-N0-C:J12-U11;;;;;;;;;;;;;;;;;;;;;;;;;;;;;system;bgl;instruction cache parity error corrected
bgl;bgl;E:\Cours\TFE\experiments\phase_dataset_strengthening\processed\multiformat_balanced_20260910T093742Z\samples\bgl.log;660;;2005-06-03T15:45:02.242000+00:00;INFO;-;KERNEL;KERNEL;R02-M1-N0-C:J12-U11;;;;;;;;;;;;;;;;;;;;;;;;;;;;;system;bgl;instruction cache parity error corrected
bgl;bgl;E:\Cours\TFE\experiments\phase_dataset_strengthening\processed\multiformat_balanced_20260910T093742Z\samples\bgl.log;661;;2005-06-03T15:45:02.390453+00:00;INFO;-;KERNEL;KERNEL;R02-M1-N0-C:J12-U11;;;;;;;;;;;;;;;;;;;;;;;;;;;;;system;bgl;instruction cache parity error corrected
bgl;bgl;E:\Cours\TFE\experiments\phase_dataset_strengthening\processed\multiformat_balanced_20260910T093742Z\samples\bgl.log;662;;2005-06-03T15:45:02.526987+00:00;INFO;-;KERNEL;KERNEL;R02-M1-N0-C:J12-U11;;;;;;;;;;;;;;;;;;;;;;;;;;;;;system;bgl;instruction cache parity error corrected
bgl;bgl;E:\Cours\TFE\experiments\phase_dataset_strengthening\processed\multiformat_balanced_20260910T093742Z\samples\bgl.log;663;;2005-06-03T15:45:02.692620+00:00;INFO;-;KERNEL;KERNEL;R02-M1-N0-C:J12-U11;;;;;;;;;;;;;;;;;;;;;;;;;;;;;system;bgl;instruction cache parity error corrected
bgl;bgl;E:\Cours\TFE\experiments\phase_dataset_strengthening\processed\multiformat_balanced_20260910T093742Z\samples\bgl.log;664;;2005-06-03T15:45:02.841866+00:00;INFO;-;KERNEL;KERNEL;R02-M1-N0-C:J12-U11;;;;;;;;;;;;;;;;;;;;;;;;;;;;;system;bgl;instruction cache parity error corrected
bgl;bgl;E:\Cours\TFE\experiments\phase_dataset_strengthening\processed\multiformat_balanced_20260910T093742Z\samples\bgl.log;665;;2005-06-03T15:45:02.981210+00:00;INFO;-;KERNEL;KERNEL;R02-M1-N0-C:J12-U11;;;;;;;;;;;;;;;;;;;;;;;;;;;;;system;bgl;instruction cache parity error corrected
bgl;bgl;E:\Cours\TFE\experiments\phase_dataset_strengthening\processed\multiformat_balanced_20260910T093742Z\samples\bgl.log;666;;2005-06-03T15:45:03.145256+00:00;INFO;-;KERNEL;KERNEL;R02-M1-N0-C:J12-U11;;;;;;;;;;;;;;;;;;;;;;;;;;;;;system;bgl;instruction cache parity error corrected
bgl;bgl;E:\Cours\TFE\experiments\phase_dataset_strengthening\processed\multiformat_balanced_20260910T093742Z\samples\bgl.log;667;;2005-06-03T15:45:03.294326+00:00;INFO;-;KERNEL;KERNEL;R02-M1-N0-C:J12-U11;;;;;;;;;;;;;;;;;;;;;;;;;;;;;system;bgl;instruction cache parity error corrected
bgl;bgl;E:\Cours\TFE\experiments\phase_dataset_strengthening\processed\multiformat_balanced_20260910T093742Z\samples\bgl.log;668;;2005-06-03T15:45:03.440806+00:00;INFO;-;KERNEL;KERNEL;R02-M1-N0-C:J12-U11;;;;;;;;;;;;;;;;;;;;;;;;;;;;;system;bgl;instruction cache parity error corrected
bgl;bgl;E:\Cours\TFE\experiments\phase_dataset_strengthening\processed\multiformat_balanced_20260910T093742Z\samples\bgl.log;669;;2005-06-03T15:45:03.581325+00:00;INFO;-;KERNEL;KERNEL;R02-M1-N0-C:J12-U11;;;;;;;;;;;;;;;;;;;;;;;;;;;;;system;bgl;instruction cache parity error corrected
bgl;bgl;E:\Cours\TFE\experiments\phase_dataset_strengthening\processed\multiformat_balanced_20260910T093742Z\samples\bgl.log;670;;2005-06-03T15:45:03.722553+00:00;INFO;-;KERNEL;KERNEL;R02-M1-N0-C:J12-U11;;;;;;;;;;;;;;;;;;;;;;;;;;;;;system;bgl;instruction cache parity error corrected
bgl;bgl;E:\Cours\TFE\experiments\phase_dataset_strengthening\processed\multiformat_balanced_20260910T093742Z\samples\bgl.log;671;;2005-06-03T15:45:03.873959+00:00;INFO;-;KERNEL;KERNEL;R02-M1-N0-C:J12-U11;;;;;;;;;;;;;;;;;;;;;;;;;;;;;system;bgl;instruction cache parity error corrected
bgl;bgl;E:\Cours\TFE\experiments\phase_dataset_strengthening\processed\multiformat_balanced_20260910T093742Z\samples\bgl.log;672;;2005-06-03T15:45:04.007681+00:00;INFO;-;KERNEL;KERNEL;R02-M1-N0-C:J12-U11;;;;;;;;;;;;;;;;;;;;;;;;;;;;;system;bgl;instruction cache parity error corrected
bgl;bgl;E:\Cours\TFE\experiments\phase_dataset_strengthening\processed\multiformat_balanced_20260910T093742Z\samples\bgl.log;673;;2005-06-03T15:45:04.168742+00:00;INFO;-;KERNEL;KERNEL;R02-M1-N0-C:J12-U11;;;;;;;;;;;;;;;;;;;;;;;;;;;;;system;bgl;instruction cache parity error corrected
bgl;bgl;E:\Cours\TFE\experiments\phase_dataset_strengthening\processed\multiformat_balanced_20260910T093742Z\samples\bgl.log;674;;2005-06-03T15:45:04.316778+00:00;INFO;-;KERNEL;KERNEL;R02-M1-N0-C:J12-U11;;;;;;;;;;;;;;;;;;;;;;;;;;;;;system;bgl;instruction cache parity error corrected
bgl;bgl;E:\Cours\TFE\experiments\phase_dataset_strengthening\processed\multiformat_balanced_20260910T093742Z\samples\bgl.log;675;;2005-06-03T15:45:04.458774+00:00;INFO;-;KERNEL;KERNEL;R02-M1-N0-C:J12-U11;;;;;;;;;;;;;;;;;;;;;;;;;;;;;system;bgl;instruction cache parity error corrected
bgl;bgl;E:\Cours\TFE\experiments\phase_dataset_strengthening\processed\multiformat_balanced_20260910T093742Z\samples\bgl.log;676;;2005-06-03T15:45:04.601982+00:00;INFO;-;KERNEL;KERNEL;R02-M1-N0-C:J12-U11;;;;;;;;;;;;;;;;;;;;;;;;;;;;;system;bgl;instruction cache parity error corrected
bgl;bgl;E:\Cours\TFE\experiments\phase_dataset_strengthening\processed\multiformat_balanced_20260910T093742Z\samples\bgl.log;677;;2005-06-03T15:45:04.747644+00:00;INFO;-;KERNEL;KERNEL;R02-M1-N0-C:J12-U11;;;;;;;;;;;;;;;;;;;;;;;;;;;;;system;bgl;instruction cache parity error corrected
bgl;bgl;E:\Cours\TFE\experiments\phase_dataset_strengthening\processed\multiformat_balanced_20260910T093742Z\samples\bgl.log;678;;2005-06-03T15:45:04.911916+00:00;INFO;-;KERNEL;KERNEL;R02-M1-N0-C:J12-U11;;;;;;;;;;;;;;;;;;;;;;;;;;;;;system;bgl;instruction cache parity error corrected
bgl;bgl;E:\Cours\TFE\experiments\phase_dataset_strengthening\processed\multiformat_balanced_20260910T093742Z\samples\bgl.log;679;;2005-06-03T15:45:05.045439+00:00;INFO;-;KERNEL;KERNEL;R02-M1-N0-C:J12-U11;;;;;;;;;;;;;;;;;;;;;;;;;;;;;system;bgl;instruction cache parity error corrected
bgl;bgl;E:\Cours\TFE\experiments\phase_dataset_strengthening\processed\multiformat_balanced_20260910T093742Z\samples\bgl.log;680;;2005-06-03T15:45:05.205360+00:00;INFO;-;KERNEL;KERNEL;R02-M1-N0-C:J12-U11;;;;;;;;;;;;;;;;;;;;;;;;;;;;;system;bgl;instruction cache parity error corrected
bgl;bgl;E:\Cours\TFE\experiments\phase_dataset_strengthening\processed\multiformat_balanced_20260910T093742Z\samples\bgl.log;681;;2005-06-03T15:45:05.351332+00:00;INFO;-;KERNEL;KERNEL;R02-M1-N0-C:J12-U11;;;;;;;;;;;;;;;;;;;;;;;;;;;;;system;bgl;instruction cache parity error corrected
bgl;bgl;E:\Cours\TFE\experiments\phase_dataset_strengthening\processed\multiformat_balanced_20260910T093742Z\samples\bgl.log;682;;2005-06-03T15:45:05.495451+00:00;INFO;-;KERNEL;KERNEL;R02-M1-N0-C:J12-U11;;;;;;;;;;;;;;;;;;;;;;;;;;;;;system;bgl;instruction cache parity error corrected
bgl;bgl;E:\Cours\TFE\experiments\phase_dataset_strengthening\processed\multiformat_balanced_20260910T093742Z\samples\bgl.log;683;;2005-06-03T15:45:05.664504+00:00;INFO;-;KERNEL;KERNEL;R02-M1-N0-C:J12-U11;;;;;;;;;;;;;;;;;;;;;;;;;;;;;system;bgl;instruction cache parity error corrected
bgl;bgl;E:\Cours\TFE\experiments\phase_dataset_strengthening\processed\multiformat_balanced_20260910T093742Z\samples\bgl.log;684;;2005-06-03T15:45:05.814438+00:00;INFO;-;KERNEL;KERNEL;R02-M1-N0-C:J12-U11;;;;;;;;;;;;;;;;;;;;;;;;;;;;;system;bgl;instruction cache parity error corrected
bgl;bgl;E:\Cours\TFE\experiments\phase_dataset_strengthening\processed\multiformat_balanced_20260910T093742Z\samples\bgl.log;685;;2005-06-03T15:45:05.966850+00:00;INFO;-;KERNEL;KERNEL;R02-M1-N0-C:J12-U11;;;;;;;;;;;;;;;;;;;;;;;;;;;;;system;bgl;instruction cache parity error corrected
bgl;bgl;E:\Cours\TFE\experiments\phase_dataset_strengthening\processed\multiformat_balanced_20260910T093742Z\samples\bgl.log;686;;2005-06-03T15:45:06.103490+00:00;INFO;-;KERNEL;KERNEL;R02-M1-N0-C:J12-U11;;;;;;;;;;;;;;;;;;;;;;;;;;;;;system;bgl;instruction cache parity error corrected
bgl;bgl;E:\Cours\TFE\experiments\phase_dataset_strengthening\processed\multiformat_balanced_20260910T093742Z\samples\bgl.log;687;;2005-06-03T15:45:06.256012+00:00;INFO;-;KERNEL;KERNEL;R02-M1-N0-C:J12-U11;;;;;;;;;;;;;;;;;;;;;;;;;;;;;system;bgl;instruction cache parity error corrected
bgl;bgl;E:\Cours\TFE\experiments\phase_dataset_strengthening\processed\multiformat_balanced_20260910T093742Z\samples\bgl.log;688;;2005-06-03T15:45:06.409438+00:00;INFO;-;KERNEL;KERNEL;R02-M1-N0-C:J12-U11;;;;;;;;;;;;;;;;;;;;;;;;;;;;;system;bgl;instruction cache parity error corrected
bgl;bgl;E:\Cours\TFE\experiments\phase_dataset_strengthening\processed\multiformat_balanced_20260910T093742Z\samples\bgl.log;689;;2005-06-03T15:45:06.541527+00:00;INFO;-;KERNEL;KERNEL;R02-M1-N0-C:J12-U11;;;;;;;;;;;;;;;;;;;;;;;;;;;;;system;bgl;instruction cache parity error corrected
bgl;bgl;E:\Cours\TFE\experiments\phase_dataset_strengthening\processed\multiformat_balanced_20260910T093742Z\samples\bgl.log;690;;2005-06-03T15:45:06.691626+00:00;INFO;-;KERNEL;KERNEL;R02-M1-N0-C:J12-U11;;;;;;;;;;;;;;;;;;;;;;;;;;;;;system;bgl;instruction cache parity error corrected
bgl;bgl;E:\Cours\TFE\experiments\phase_dataset_strengthening\processed\multiformat_balanced_20260910T093742Z\samples\bgl.log;691;;2005-06-03T15:45:06.837214+00:00;INFO;-;KERNEL;KERNEL;R02-M1-N0-C:J12-U11;;;;;;;;;;;;;;;;;;;;;;;;;;;;;system;bgl;instruction cache parity error corrected
bgl;bgl;E:\Cours\TFE\experiments\phase_dataset_strengthening\processed\multiformat_balanced_20260910T093742Z\samples\bgl.log;692;;2005-06-03T15:45:06.980220+00:00;INFO;-;KERNEL;KERNEL;R02-M1-N0-C:J12-U11;;;;;;;;;;;;;;;;;;;;;;;;;;;;;system;bgl;instruction cache parity error corrected
bgl;bgl;E:\Cours\TFE\experiments\phase_dataset_strengthening\processed\multiformat_balanced_20260910T093742Z\samples\bgl.log;693;;2005-06-03T15:45:07.118021+00:00;INFO;-;KERNEL;KERNEL;R02-M1-N0-C:J12-U11;;;;;;;;;;;;;;;;;;;;;;;;;;;;;system;bgl;instruction cache parity error corrected
bgl;bgl;E:\Cours\TFE\experiments\phase_dataset_strengthening\processed\multiformat_balanced_20260910T093742Z\samples\bgl.log;694;;2005-06-03T15:45:07.283759+00:00;INFO;-;KERNEL;KERNEL;R02-M1-N0-C:J12-U11;;;;;;;;;;;;;;;;;;;;;;;;;;;;;system;bgl;instruction cache parity error corrected
bgl;bgl;E:\Cours\TFE\experiments\phase_dataset_strengthening\processed\multiformat_balanced_20260910T093742Z\samples\bgl.log;695;;2005-06-03T15:45:07.430047+00:00;INFO;-;KERNEL;KERNEL;R02-M1-N0-C:J12-U11;;;;;;;;;;;;;;;;;;;;;;;;;;;;;system;bgl;instruction cache parity error corrected
bgl;bgl;E:\Cours\TFE\experiments\phase_dataset_strengthening\processed\multiformat_balanced_20260910T093742Z\samples\bgl.log;696;;2005-06-03T15:45:07.569724+00:00;INFO;-;KERNEL;KERNEL;R02-M1-N0-C:J12-U11;;;;;;;;;;;;;;;;;;;;;;;;;;;;;system;bgl;instruction cache parity error corrected
bgl;bgl;E:\Cours\TFE\experiments\phase_dataset_strengthening\processed\multiformat_balanced_20260910T093742Z\samples\bgl.log;697;;2005-06-03T15:45:07.729413+00:00;INFO;-;KERNEL;KERNEL;R02-M1-N0-C:J12-U11;;;;;;;;;;;;;;;;;;;;;;;;;;;;;system;bgl;instruction cache parity error corrected
bgl;bgl;E:\Cours\TFE\experiments\phase_dataset_strengthening\processed\multiformat_balanced_20260910T093742Z\samples\bgl.log;698;;2005-06-03T15:45:07.876331+00:00;INFO;-;KERNEL;KERNEL;R02-M1-N0-C:J12-U11;;;;;;;;;;;;;;;;;;;;;;;;;;;;;system;bgl;instruction cache parity error corrected
bgl;bgl;E:\Cours\TFE\experiments\phase_dataset_strengthening\processed\multiformat_balanced_20260910T093742Z\samples\bgl.log;699;;2005-06-03T15:45:08.018052+00:00;INFO;-;KERNEL;KERNEL;R02-M1-N0-C:J12-U11;;;;;;;;;;;;;;;;;;;;;;;;;;;;;system;bgl;instruction cache parity error corrected
bgl;bgl;E:\Cours\TFE\experiments\phase_dataset_strengthening\processed\multiformat_balanced_20260910T093742Z\samples\bgl.log;700;;2005-06-03T15:45:08.155574+00:00;INFO;-;KERNEL;KERNEL;R02-M1-N0-C:J12-U11;;;;;;;;;;;;;;;;;;;;;;;;;;;;;system;bgl;instruction cache parity error corrected
bgl;bgl;E:\Cours\TFE\experiments\phase_dataset_strengthening\processed\multiformat_balanced_20260910T093742Z\samples\bgl.log;701;;2005-06-03T15:45:08.297266+00:00;INFO;-;KERNEL;KERNEL;R02-M1-N0-C:J12-U11;;;;;;;;;;;;;;;;;;;;;;;;;;;;;system;bgl;instruction cache parity error corrected
bgl;bgl;E:\Cours\TFE\experiments\phase_dataset_strengthening\processed\multiformat_balanced_20260910T093742Z\samples\bgl.log;702;;2005-06-03T15:45:08.447701+00:00;INFO;-;KERNEL;KERNEL;R02-M1-N0-C:J12-U11;;;;;;;;;;;;;;;;;;;;;;;;;;;;;system;bgl;instruction cache parity error corrected
bgl;bgl;E:\Cours\TFE\experiments\phase_dataset_strengthening\processed\multiformat_balanced_20260910T093742Z\samples\bgl.log;703;;2005-06-03T15:45:08.586970+00:00;INFO;-;KERNEL;KERNEL;R02-M1-N0-C:J12-U11;;;;;;;;;;;;;;;;;;;;;;;;;;;;;system;bgl;instruction cache parity error corrected
bgl;bgl;E:\Cours\TFE\experiments\phase_dataset_strengthening\processed\multiformat_balanced_20260910T093742Z\samples\bgl.log;704;;2005-06-03T15:45:08.739258+00:00;INFO;-;KERNEL;KERNEL;R02-M1-N0-C:J12-U11;;;;;;;;;;;;;;;;;;;;;;;;;;;;;system;bgl;instruction cache parity error corrected
bgl;bgl;E:\Cours\TFE\experiments\phase_dataset_strengthening\processed\multiformat_balanced_20260910T093742Z\samples\bgl.log;705;;2005-06-03T15:45:08.889668+00:00;INFO;-;KERNEL;KERNEL;R02-M1-N0-C:J12-U11;;;;;;;;;;;;;;;;;;;;;;;;;;;;;system;bgl;instruction cache parity error corrected
bgl;bgl;E:\Cours\TFE\experiments\phase_dataset_strengthening\processed\multiformat_balanced_20260910T093742Z\samples\bgl.log;706;;2005-06-03T15:45:09.031960+00:00;INFO;-;KERNEL;KERNEL;R02-M1-N0-C:J12-U11;;;;;;;;;;;;;;;;;;;;;;;;;;;;;system;bgl;instruction cache parity error corrected
bgl;bgl;E:\Cours\TFE\experiments\phase_dataset_strengthening\processed\multiformat_balanced_20260910T093742Z\samples\bgl.log;707;;2005-06-03T15:45:09.166653+00:00;INFO;-;KERNEL;KERNEL;R02-M1-N0-C:J12-U11;;;;;;;;;;;;;;;;;;;;;;;;;;;;;system;bgl;instruction cache parity error corrected
bgl;bgl;E:\Cours\TFE\experiments\phase_dataset_strengthening\processed\multiformat_balanced_20260910T093742Z\samples\bgl.log;708;;2005-06-03T15:45:09.313417+00:00;INFO;-;KERNEL;KERNEL;R02-M1-N0-C:J12-U11;;;;;;;;;;;;;;;;;;;;;;;;;;;;;system;bgl;instruction cache parity error corrected
bgl;bgl;E:\Cours\TFE\experiments\phase_dataset_strengthening\processed\multiformat_balanced_20260910T093742Z\samples\bgl.log;709;;2005-06-03T15:45:09.462190+00:00;INFO;-;KERNEL;KERNEL;R02-M1-N0-C:J12-U11;;;;;;;;;;;;;;;;;;;;;;;;;;;;;system;bgl;instruction cache parity error corrected
bgl;bgl;E:\Cours\TFE\experiments\phase_dataset_strengthening\processed\multiformat_balanced_20260910T093742Z\samples\bgl.log;710;;2005-06-03T15:45:09.604345+00:00;INFO;-;KERNEL;KERNEL;R02-M1-N0-C:J12-U11;;;;;;;;;;;;;;;;;;;;;;;;;;;;;system;bgl;instruction cache parity error corrected
bgl;bgl;E:\Cours\TFE\experiments\phase_dataset_strengthening\processed\multiformat_balanced_20260910T093742Z\samples\bgl.log;711;;2005-06-03T15:45:09.764282+00:00;INFO;-;KERNEL;KERNEL;R02-M1-N0-C:J12-U11;;;;;;;;;;;;;;;;;;;;;;;;;;;;;system;bgl;instruction cache parity error corrected
bgl;bgl;E:\Cours\TFE\experiments\phase_dataset_strengthening\processed\multiformat_balanced_20260910T093742Z\samples\bgl.log;712;;2005-06-03T15:45:09.913860+00:00;INFO;-;KERNEL;KERNEL;R02-M1-N0-C:J12-U11;;;;;;;;;;;;;;;;;;;;;;;;;;;;;system;bgl;instruction cache parity error corrected
bgl;bgl;E:\Cours\TFE\experiments\phase_dataset_strengthening\processed\multiformat_balanced_20260910T093742Z\samples\bgl.log;713;;2005-06-03T15:45:10.056653+00:00;INFO;-;KERNEL;KERNEL;R02-M1-N0-C:J12-U11;;;;;;;;;;;;;;;;;;;;;;;;;;;;;system;bgl;instruction cache parity error corrected
bgl;bgl;E:\Cours\TFE\experiments\phase_dataset_strengthening\processed\multiformat_balanced_20260910T093742Z\samples\bgl.log;714;;2005-06-03T15:45:10.203312+00:00;INFO;-;KERNEL;KERNEL;R02-M1-N0-C:J12-U11;;;;;;;;;;;;;;;;;;;;;;;;;;;;;system;bgl;instruction cache parity error corrected
bgl;bgl;E:\Cours\TFE\experiments\phase_dataset_strengthening\processed\multiformat_balanced_20260910T093742Z\samples\bgl.log;715;;2005-06-03T15:45:10.357068+00:00;INFO;-;KERNEL;KERNEL;R02-M1-N0-C:J12-U11;;;;;;;;;;;;;;;;;;;;;;;;;;;;;system;bgl;instruction cache parity error corrected
bgl;bgl;E:\Cours\TFE\experiments\phase_dataset_strengthening\processed\multiformat_balanced_20260910T093742Z\samples\bgl.log;716;;2005-06-03T15:45:10.524463+00:00;INFO;-;KERNEL;KERNEL;R02-M1-N0-C:J12-U11;;;;;;;;;;;;;;;;;;;;;;;;;;;;;system;bgl;instruction cache parity error corrected
bgl;bgl;E:\Cours\TFE\experiments\phase_dataset_strengthening\processed\multiformat_balanced_20260910T093742Z\samples\bgl.log;717;;2005-06-03T15:45:10.658560+00:00;INFO;-;KERNEL;KERNEL;R02-M1-N0-C:J12-U11;;;;;;;;;;;;;;;;;;;;;;;;;;;;;system;bgl;instruction cache parity error corrected
bgl;bgl;E:\Cours\TFE\experiments\phase_dataset_strengthening\processed\multiformat_balanced_20260910T093742Z\samples\bgl.log;718;;2005-06-03T15:45:10.840990+00:00;INFO;-;KERNEL;KERNEL;R02-M1-N0-C:J12-U11;;;;;;;;;;;;;;;;;;;;;;;;;;;;;system;bgl;instruction cache parity error corrected
bgl;bgl;E:\Cours\TFE\experiments\phase_dataset_strengthening\processed\multiformat_balanced_20260910T093742Z\samples\bgl.log;719;;2005-06-03T15:45:10.991909+00:00;INFO;-;KERNEL;KERNEL;R02-M1-N0-C:J12-U11;;;;;;;;;;;;;;;;;;;;;;;;;;;;;system;bgl;instruction cache parity error corrected
bgl;bgl;E:\Cours\TFE\experiments\phase_dataset_strengthening\processed\multiformat_balanced_20260910T093742Z\samples\bgl.log;720;;2005-06-03T15:45:11.133111+00:00;INFO;-;KERNEL;KERNEL;R02-M1-N0-C:J12-U11;;;;;;;;;;;;;;;;;;;;;;;;;;;;;system;bgl;instruction cache parity error corrected
bgl;bgl;E:\Cours\TFE\experiments\phase_dataset_strengthening\processed\multiformat_balanced_20260910T093742Z\samples\bgl.log;721;;2005-06-03T15:45:11.295202+00:00;INFO;-;KERNEL;KERNEL;R02-M1-N0-C:J12-U11;;;;;;;;;;;;;;;;;;;;;;;;;;;;;system;bgl;instruction cache parity error corrected
bgl;bgl;E:\Cours\TFE\experiments\phase_dataset_strengthening\processed\multiformat_balanced_20260910T093742Z\samples\bgl.log;722;;2005-06-03T15:45:11.442114+00:00;INFO;-;KERNEL;KERNEL;R02-M1-N0-C:J12-U11;;;;;;;;;;;;;;;;;;;;;;;;;;;;;system;bgl;instruction cache parity error corrected
bgl;bgl;E:\Cours\TFE\experiments\phase_dataset_strengthening\processed\multiformat_balanced_20260910T093742Z\samples\bgl.log;723;;2005-06-03T15:45:11.590545+00:00;INFO;-;KERNEL;KERNEL;R02-M1-N0-C:J12-U11;;;;;;;;;;;;;;;;;;;;;;;;;;;;;system;bgl;instruction cache parity error corrected
bgl;bgl;E:\Cours\TFE\experiments\phase_dataset_strengthening\processed\multiformat_balanced_20260910T093742Z\samples\bgl.log;724;;2005-06-03T15:45:11.741509+00:00;INFO;-;KERNEL;KERNEL;R02-M1-N0-C:J12-U11;;;;;;;;;;;;;;;;;;;;;;;;;;;;;system;bgl;instruction cache parity error corrected
bgl;bgl;E:\Cours\TFE\experiments\phase_dataset_strengthening\processed\multiformat_balanced_20260910T093742Z\samples\bgl.log;725;;2005-06-03T15:45:11.883987+00:00;INFO;-;KERNEL;KERNEL;R02-M1-N0-C:J12-U11;;;;;;;;;;;;;;;;;;;;;;;;;;;;;system;bgl;instruction cache parity error corrected
bgl;bgl;E:\Cours\TFE\experiments\phase_dataset_strengthening\processed\multiformat_balanced_20260910T093742Z\samples\bgl.log;726;;2005-06-03T15:45:12.034909+00:00;INFO;-;KERNEL;KERNEL;R02-M1-N0-C:J12-U11;;;;;;;;;;;;;;;;;;;;;;;;;;;;;system;bgl;instruction cache parity error corrected
bgl;bgl;E:\Cours\TFE\experiments\phase_dataset_strengthening\processed\multiformat_balanced_20260910T093742Z\samples\bgl.log;727;;2005-06-03T15:45:12.171252+00:00;INFO;-;KERNEL;KERNEL;R02-M1-N0-C:J12-U11;;;;;;;;;;;;;;;;;;;;;;;;;;;;;system;bgl;instruction cache parity error corrected
bgl;bgl;E:\Cours\TFE\experiments\phase_dataset_strengthening\processed\multiformat_balanced_20260910T093742Z\samples\bgl.log;728;;2005-06-03T15:45:12.335682+00:00;INFO;-;KERNEL;KERNEL;R02-M1-N0-C:J12-U11;;;;;;;;;;;;;;;;;;;;;;;;;;;;;system;bgl;instruction cache parity error corrected
bgl;bgl;E:\Cours\TFE\experiments\phase_dataset_strengthening\processed\multiformat_balanced_20260910T093742Z\samples\bgl.log;729;;2005-06-03T15:45:12.486233+00:00;INFO;-;KERNEL;KERNEL;R02-M1-N0-C:J12-U11;;;;;;;;;;;;;;;;;;;;;;;;;;;;;system;bgl;instruction cache parity error corrected
bgl;bgl;E:\Cours\TFE\experiments\phase_dataset_strengthening\processed\multiformat_balanced_20260910T093742Z\samples\bgl.log;730;;2005-06-03T15:45:12.632578+00:00;INFO;-;KERNEL;KERNEL;R02-M1-N0-C:J12-U11;;;;;;;;;;;;;;;;;;;;;;;;;;;;;system;bgl;instruction cache parity error corrected
bgl;bgl;E:\Cours\TFE\experiments\phase_dataset_strengthening\processed\multiformat_balanced_20260910T093742Z\samples\bgl.log;731;;2005-06-03T15:45:12.796791+00:00;INFO;-;KERNEL;KERNEL;R02-M1-N0-C:J12-U11;;;;;;;;;;;;;;;;;;;;;;;;;;;;;system;bgl;instruction cache parity error corrected
bgl;bgl;E:\Cours\TFE\experiments\phase_dataset_strengthening\processed\multiformat_balanced_20260910T093742Z\samples\bgl.log;732;;2005-06-03T15:45:12.941152+00:00;INFO;-;KERNEL;KERNEL;R02-M1-N0-C:J12-U11;;;;;;;;;;;;;;;;;;;;;;;;;;;;;system;bgl;instruction cache parity error corrected
bgl;bgl;E:\Cours\TFE\experiments\phase_dataset_strengthening\processed\multiformat_balanced_20260910T093742Z\samples\bgl.log;733;;2005-06-03T15:45:13.108556+00:00;INFO;-;KERNEL;KERNEL;R02-M1-N0-C:J12-U11;;;;;;;;;;;;;;;;;;;;;;;;;;;;;system;bgl;instruction cache parity error corrected
bgl;bgl;E:\Cours\TFE\experiments\phase_dataset_strengthening\processed\multiformat_balanced_20260910T093742Z\samples\bgl.log;734;;2005-06-03T15:45:13.246105+00:00;INFO;-;KERNEL;KERNEL;R02-M1-N0-C:J12-U11;;;;;;;;;;;;;;;;;;;;;;;;;;;;;system;bgl;instruction cache parity error corrected
bgl;bgl;E:\Cours\TFE\experiments\phase_dataset_strengthening\processed\multiformat_balanced_20260910T093742Z\samples\bgl.log;735;;2005-06-03T15:45:13.398690+00:00;INFO;-;KERNEL;KERNEL;R02-M1-N0-C:J12-U11;;;;;;;;;;;;;;;;;;;;;;;;;;;;;system;bgl;instruction cache parity error corrected
bgl;bgl;E:\Cours\TFE\experiments\phase_dataset_strengthening\processed\multiformat_balanced_20260910T093742Z\samples\bgl.log;736;;2005-06-03T15:45:13.549313+00:00;INFO;-;KERNEL;KERNEL;R02-M1-N0-C:J12-U11;;;;;;;;;;;;;;;;;;;;;;;;;;;;;system;bgl;instruction cache parity error corrected
bgl;bgl;E:\Cours\TFE\experiments\phase_dataset_strengthening\processed\multiformat_balanced_20260910T093742Z\samples\bgl.log;737;;2005-06-03T15:45:13.686974+00:00;INFO;-;KERNEL;KERNEL;R02-M1-N0-C:J12-U11;;;;;;;;;;;;;;;;;;;;;;;;;;;;;system;bgl;instruction cache parity error corrected
bgl;bgl;E:\Cours\TFE\experiments\phase_dataset_strengthening\processed\multiformat_balanced_20260910T093742Z\samples\bgl.log;738;;2005-06-03T15:45:13.843659+00:00;INFO;-;KERNEL;KERNEL;R02-M1-N0-C:J12-U11;;;;;;;;;;;;;;;;;;;;;;;;;;;;;system;bgl;instruction cache parity error corrected
bgl;bgl;E:\Cours\TFE\experiments\phase_dataset_strengthening\processed\multiformat_balanced_20260910T093742Z\samples\bgl.log;739;;2005-06-03T15:45:13.994774+00:00;INFO;-;KERNEL;KERNEL;R02-M1-N0-C:J12-U11;;;;;;;;;;;;;;;;;;;;;;;;;;;;;system;bgl;instruction cache parity error corrected
bgl;bgl;E:\Cours\TFE\experiments\phase_dataset_strengthening\processed\multiformat_balanced_20260910T093742Z\samples\bgl.log;740;;2005-06-03T15:45:14.140709+00:00;INFO;-;KERNEL;KERNEL;R02-M1-N0-C:J12-U11;;;;;;;;;;;;;;;;;;;;;;;;;;;;;system;bgl;instruction cache parity error corrected
bgl;bgl;E:\Cours\TFE\experiments\phase_dataset_strengthening\processed\multiformat_balanced_20260910T093742Z\samples\bgl.log;741;;2005-06-03T15:45:14.289608+00:00;INFO;-;KERNEL;KERNEL;R02-M1-N0-C:J12-U11;;;;;;;;;;;;;;;;;;;;;;;;;;;;;system;bgl;instruction cache parity error corrected
bgl;bgl;E:\Cours\TFE\experiments\phase_dataset_strengthening\processed\multiformat_balanced_20260910T093742Z\samples\bgl.log;742;;2005-06-03T15:45:14.437069+00:00;INFO;-;KERNEL;KERNEL;R02-M1-N0-C:J12-U11;;;;;;;;;;;;;;;;;;;;;;;;;;;;;system;bgl;instruction cache parity error corrected
bgl;bgl;E:\Cours\TFE\experiments\phase_dataset_strengthening\processed\multiformat_balanced_20260910T093742Z\samples\bgl.log;743;;2005-06-03T15:45:14.582450+00:00;INFO;-;KERNEL;KERNEL;R02-M1-N0-C:J12-U11;;;;;;;;;;;;;;;;;;;;;;;;;;;;;system;bgl;instruction cache parity error corrected
bgl;bgl;E:\Cours\TFE\experiments\phase_dataset_strengthening\processed\multiformat_balanced_20260910T093742Z\samples\bgl.log;744;;2005-06-03T15:45:14.722389+00:00;INFO;-;KERNEL;KERNEL;R02-M1-N0-C:J12-U11;;;;;;;;;;;;;;;;;;;;;;;;;;;;;system;bgl;instruction cache parity error corrected
bgl;bgl;E:\Cours\TFE\experiments\phase_dataset_strengthening\processed\multiformat_balanced_20260910T093742Z\samples\bgl.log;745;;2005-06-03T15:45:14.893595+00:00;INFO;-;KERNEL;KERNEL;R02-M1-N0-C:J12-U11;;;;;;;;;;;;;;;;;;;;;;;;;;;;;system;bgl;instruction cache parity error corrected
bgl;bgl;E:\Cours\TFE\experiments\phase_dataset_strengthening\processed\multiformat_balanced_20260910T093742Z\samples\bgl.log;746;;2005-06-03T15:45:15.044098+00:00;INFO;-;KERNEL;KERNEL;R02-M1-N0-C:J12-U11;;;;;;;;;;;;;;;;;;;;;;;;;;;;;system;bgl;instruction cache parity error corrected
bgl;bgl;E:\Cours\TFE\experiments\phase_dataset_strengthening\processed\multiformat_balanced_20260910T093742Z\samples\bgl.log;747;;2005-06-03T15:45:15.189018+00:00;INFO;-;KERNEL;KERNEL;R02-M1-N0-C:J12-U11;;;;;;;;;;;;;;;;;;;;;;;;;;;;;system;bgl;instruction cache parity error corrected
bgl;bgl;E:\Cours\TFE\experiments\phase_dataset_strengthening\processed\multiformat_balanced_20260910T093742Z\samples\bgl.log;748;;2005-06-03T15:45:15.375090+00:00;INFO;-;KERNEL;KERNEL;R02-M1-N0-C:J12-U11;;;;;;;;;;;;;;;;;;;;;;;;;;;;;system;bgl;instruction cache parity error corrected
bgl;bgl;E:\Cours\TFE\experiments\phase_dataset_strengthening\processed\multiformat_balanced_20260910T093742Z\samples\bgl.log;749;;2005-06-03T15:45:15.536990+00:00;INFO;-;KERNEL;KERNEL;R02-M1-N0-C:J12-U11;;;;;;;;;;;;;;;;;;;;;;;;;;;;;system;bgl;instruction cache parity error corrected
bgl;bgl;E:\Cours\TFE\experiments\phase_dataset_strengthening\processed\multiformat_balanced_20260910T093742Z\samples\bgl.log;750;;2005-06-03T15:45:15.682943+00:00;INFO;-;KERNEL;KERNEL;R02-M1-N0-C:J12-U11;;;;;;;;;;;;;;;;;;;;;;;;;;;;;system;bgl;instruction cache parity error corrected
bgl;bgl;E:\Cours\TFE\experiments\phase_dataset_strengthening\processed\multiformat_balanced_20260910T093742Z\samples\bgl.log;751;;2005-06-03T15:45:15.822935+00:00;INFO;-;KERNEL;KERNEL;R02-M1-N0-C:J12-U11;;;;;;;;;;;;;;;;;;;;;;;;;;;;;system;bgl;instruction cache parity error corrected
bgl;bgl;E:\Cours\TFE\experiments\phase_dataset_strengthening\processed\multiformat_balanced_20260910T093742Z\samples\bgl.log;752;;2005-06-03T15:45:15.968290+00:00;INFO;-;KERNEL;KERNEL;R02-M1-N0-C:J12-U11;;;;;;;;;;;;;;;;;;;;;;;;;;;;;system;bgl;instruction cache parity error corrected
bgl;bgl;E:\Cours\TFE\experiments\phase_dataset_strengthening\processed\multiformat_balanced_20260910T093742Z\samples\bgl.log;753;;2005-06-03T15:45:16.137467+00:00;INFO;-;KERNEL;KERNEL;R02-M1-N0-C:J12-U11;;;;;;;;;;;;;;;;;;;;;;;;;;;;;system;bgl;instruction cache parity error corrected
bgl;bgl;E:\Cours\TFE\experiments\phase_dataset_strengthening\processed\multiformat_balanced_20260910T093742Z\samples\bgl.log;754;;2005-06-03T15:45:16.274502+00:00;INFO;-;KERNEL;KERNEL;R02-M1-N0-C:J12-U11;;;;;;;;;;;;;;;;;;;;;;;;;;;;;system;bgl;instruction cache parity error corrected
bgl;bgl;E:\Cours\TFE\experiments\phase_dataset_strengthening\processed\multiformat_balanced_20260910T093742Z\samples\bgl.log;755;;2005-06-03T15:45:16.456911+00:00;INFO;-;KERNEL;KERNEL;R02-M1-N0-C:J12-U11;;;;;;;;;;;;;;;;;;;;;;;;;;;;;system;bgl;instruction cache parity error corrected
bgl;bgl;E:\Cours\TFE\experiments\phase_dataset_strengthening\processed\multiformat_balanced_20260910T093742Z\samples\bgl.log;756;;2005-06-03T15:45:16.602748+00:00;INFO;-;KERNEL;KERNEL;R02-M1-N0-C:J12-U11;;;;;;;;;;;;;;;;;;;;;;;;;;;;;system;bgl;instruction cache parity error corrected
bgl;bgl;E:\Cours\TFE\experiments\phase_dataset_strengthening\processed\multiformat_balanced_20260910T093742Z\samples\bgl.log;757;;2005-06-03T15:45:16.740674+00:00;INFO;-;KERNEL;KERNEL;R02-M1-N0-C:J12-U11;;;;;;;;;;;;;;;;;;;;;;;;;;;;;system;bgl;instruction cache parity error corrected
bgl;bgl;E:\Cours\TFE\experiments\phase_dataset_strengthening\processed\multiformat_balanced_20260910T093742Z\samples\bgl.log;758;;2005-06-03T15:45:16.893200+00:00;INFO;-;KERNEL;KERNEL;R02-M1-N0-C:J12-U11;;;;;;;;;;;;;;;;;;;;;;;;;;;;;system;bgl;instruction cache parity error corrected
bgl;bgl;E:\Cours\TFE\experiments\phase_dataset_strengthening\processed\multiformat_balanced_20260910T093742Z\samples\bgl.log;759;;2005-06-03T15:45:17.044764+00:00;INFO;-;KERNEL;KERNEL;R02-M1-N0-C:J12-U11;;;;;;;;;;;;;;;;;;;;;;;;;;;;;system;bgl;instruction cache parity error corrected
bgl;bgl;E:\Cours\TFE\experiments\phase_dataset_strengthening\processed\multiformat_balanced_20260910T093742Z\samples\bgl.log;760;;2005-06-03T15:45:17.186928+00:00;INFO;-;KERNEL;KERNEL;R02-M1-N0-C:J12-U11;;;;;;;;;;;;;;;;;;;;;;;;;;;;;system;bgl;instruction cache parity error corrected
bgl;bgl;E:\Cours\TFE\experiments\phase_dataset_strengthening\processed\multiformat_balanced_20260910T093742Z\samples\bgl.log;761;;2005-06-03T15:45:17.320038+00:00;INFO;-;KERNEL;KERNEL;R02-M1-N0-C:J12-U11;;;;;;;;;;;;;;;;;;;;;;;;;;;;;system;bgl;instruction cache parity error corrected
bgl;bgl;E:\Cours\TFE\experiments\phase_dataset_strengthening\processed\multiformat_balanced_20260910T093742Z\samples\bgl.log;762;;2005-06-03T15:45:17.484215+00:00;INFO;-;KERNEL;KERNEL;R02-M1-N0-C:J12-U11;;;;;;;;;;;;;;;;;;;;;;;;;;;;;system;bgl;instruction cache parity error corrected
bgl;bgl;E:\Cours\TFE\experiments\phase_dataset_strengthening\processed\multiformat_balanced_20260910T093742Z\samples\bgl.log;763;;2005-06-03T15:45:17.665052+00:00;INFO;-;KERNEL;KERNEL;R02-M1-N0-C:J12-U11;;;;;;;;;;;;;;;;;;;;;;;;;;;;;system;bgl;instruction cache parity error corrected
bgl;bgl;E:\Cours\TFE\experiments\phase_dataset_strengthening\processed\multiformat_balanced_20260910T093742Z\samples\bgl.log;764;;2005-06-03T15:45:17.798920+00:00;INFO;-;KERNEL;KERNEL;R02-M1-N0-C:J12-U11;;;;;;;;;;;;;;;;;;;;;;;;;;;;;system;bgl;instruction cache parity error corrected
bgl;bgl;E:\Cours\TFE\experiments\phase_dataset_strengthening\processed\multiformat_balanced_20260910T093742Z\samples\bgl.log;765;;2005-06-03T15:45:17.970859+00:00;INFO;-;KERNEL;KERNEL;R02-M1-N0-C:J12-U11;;;;;;;;;;;;;;;;;;;;;;;;;;;;;system;bgl;instruction cache parity error corrected
bgl;bgl;E:\Cours\TFE\experiments\phase_dataset_strengthening\processed\multiformat_balanced_20260910T093742Z\samples\bgl.log;766;;2005-06-03T15:45:18.120229+00:00;INFO;-;KERNEL;KERNEL;R02-M1-N0-C:J12-U11;;;;;;;;;;;;;;;;;;;;;;;;;;;;;system;bgl;instruction cache parity error corrected
bgl;bgl;E:\Cours\TFE\experiments\phase_dataset_strengthening\processed\multiformat_balanced_20260910T093742Z\samples\bgl.log;767;;2005-06-03T15:45:18.268134+00:00;INFO;-;KERNEL;KERNEL;R02-M1-N0-C:J12-U11;;;;;;;;;;;;;;;;;;;;;;;;;;;;;system;bgl;instruction cache parity error corrected
bgl;bgl;E:\Cours\TFE\experiments\phase_dataset_strengthening\processed\multiformat_balanced_20260910T093742Z\samples\bgl.log;768;;2005-06-03T15:45:18.427622+00:00;INFO;-;KERNEL;KERNEL;R02-M1-N0-C:J12-U11;;;;;;;;;;;;;;;;;;;;;;;;;;;;;system;bgl;instruction cache parity error corrected
bgl;bgl;E:\Cours\TFE\experiments\phase_dataset_strengthening\processed\multiformat_balanced_20260910T093742Z\samples\bgl.log;769;;2005-06-03T15:45:18.582238+00:00;INFO;-;KERNEL;KERNEL;R02-M1-N0-C:J12-U11;;;;;;;;;;;;;;;;;;;;;;;;;;;;;system;bgl;instruction cache parity error corrected
bgl;bgl;E:\Cours\TFE\experiments\phase_dataset_strengthening\processed\multiformat_balanced_20260910T093742Z\samples\bgl.log;770;;2005-06-03T15:45:18.725356+00:00;INFO;-;KERNEL;KERNEL;R02-M1-N0-C:J12-U11;;;;;;;;;;;;;;;;;;;;;;;;;;;;;system;bgl;instruction cache parity error corrected
bgl;bgl;E:\Cours\TFE\experiments\phase_dataset_strengthening\processed\multiformat_balanced_20260910T093742Z\samples\bgl.log;771;;2005-06-03T15:45:18.870170+00:00;INFO;-;KERNEL;KERNEL;R02-M1-N0-C:J12-U11;;;;;;;;;;;;;;;;;;;;;;;;;;;;;system;bgl;instruction cache parity error corrected
bgl;bgl;E:\Cours\TFE\experiments\phase_dataset_strengthening\processed\multiformat_balanced_20260910T093742Z\samples\bgl.log;772;;2005-06-03T15:45:19.016399+00:00;INFO;-;KERNEL;KERNEL;R02-M1-N0-C:J12-U11;;;;;;;;;;;;;;;;;;;;;;;;;;;;;system;bgl;instruction cache parity error corrected
bgl;bgl;E:\Cours\TFE\experiments\phase_dataset_strengthening\processed\multiformat_balanced_20260910T093742Z\samples\bgl.log;773;;2005-06-03T15:45:19.171613+00:00;INFO;-;KERNEL;KERNEL;R02-M1-N0-C:J12-U11;;;;;;;;;;;;;;;;;;;;;;;;;;;;;system;bgl;instruction cache parity error corrected
bgl;bgl;E:\Cours\TFE\experiments\phase_dataset_strengthening\processed\multiformat_balanced_20260910T093742Z\samples\bgl.log;774;;2005-06-03T15:45:19.310309+00:00;INFO;-;KERNEL;KERNEL;R02-M1-N0-C:J12-U11;;;;;;;;;;;;;;;;;;;;;;;;;;;;;system;bgl;instruction cache parity error corrected
bgl;bgl;E:\Cours\TFE\experiments\phase_dataset_strengthening\processed\multiformat_balanced_20260910T093742Z\samples\bgl.log;775;;2005-06-03T15:45:19.504740+00:00;INFO;-;KERNEL;KERNEL;R02-M1-N0-C:J12-U11;;;;;;;;;;;;;;;;;;;;;;;;;;;;;system;bgl;instruction cache parity error corrected
bgl;bgl;E:\Cours\TFE\experiments\phase_dataset_strengthening\processed\multiformat_balanced_20260910T093742Z\samples\bgl.log;776;;2005-06-03T15:45:19.652368+00:00;INFO;-;KERNEL;KERNEL;R02-M1-N0-C:J12-U11;;;;;;;;;;;;;;;;;;;;;;;;;;;;;system;bgl;instruction cache parity error corrected
bgl;bgl;E:\Cours\TFE\experiments\phase_dataset_strengthening\processed\multiformat_balanced_20260910T093742Z\samples\bgl.log;777;;2005-06-03T15:45:19.804732+00:00;INFO;-;KERNEL;KERNEL;R02-M1-N0-C:J12-U11;;;;;;;;;;;;;;;;;;;;;;;;;;;;;system;bgl;instruction cache parity error corrected
bgl;bgl;E:\Cours\TFE\experiments\phase_dataset_strengthening\processed\multiformat_balanced_20260910T093742Z\samples\bgl.log;778;;2005-06-03T15:45:19.974589+00:00;INFO;-;KERNEL;KERNEL;R02-M1-N0-C:J12-U11;;;;;;;;;;;;;;;;;;;;;;;;;;;;;system;bgl;instruction cache parity error corrected
bgl;bgl;E:\Cours\TFE\experiments\phase_dataset_strengthening\processed\multiformat_balanced_20260910T093742Z\samples\bgl.log;779;;2005-06-03T15:45:20.109354+00:00;INFO;-;KERNEL;KERNEL;R02-M1-N0-C:J12-U11;;;;;;;;;;;;;;;;;;;;;;;;;;;;;system;bgl;instruction cache parity error corrected
bgl;bgl;E:\Cours\TFE\experiments\phase_dataset_strengthening\processed\multiformat_balanced_20260910T093742Z\samples\bgl.log;780;;2005-06-03T15:45:20.253931+00:00;INFO;-;KERNEL;KERNEL;R02-M1-N0-C:J12-U11;;;;;;;;;;;;;;;;;;;;;;;;;;;;;system;bgl;instruction cache parity error corrected
bgl;bgl;E:\Cours\TFE\experiments\phase_dataset_strengthening\processed\multiformat_balanced_20260910T093742Z\samples\bgl.log;781;;2005-06-03T15:45:20.393112+00:00;INFO;-;KERNEL;KERNEL;R02-M1-N0-C:J12-U11;;;;;;;;;;;;;;;;;;;;;;;;;;;;;system;bgl;instruction cache parity error corrected
bgl;bgl;E:\Cours\TFE\experiments\phase_dataset_strengthening\processed\multiformat_balanced_20260910T093742Z\samples\bgl.log;782;;2005-06-03T15:45:20.541586+00:00;INFO;-;KERNEL;KERNEL;R02-M1-N0-C:J12-U11;;;;;;;;;;;;;;;;;;;;;;;;;;;;;system;bgl;instruction cache parity error corrected
bgl;bgl;E:\Cours\TFE\experiments\phase_dataset_strengthening\processed\multiformat_balanced_20260910T093742Z\samples\bgl.log;783;;2005-06-03T15:45:20.690378+00:00;INFO;-;KERNEL;KERNEL;R02-M1-N0-C:J12-U11;;;;;;;;;;;;;;;;;;;;;;;;;;;;;system;bgl;instruction cache parity error corrected
bgl;bgl;E:\Cours\TFE\experiments\phase_dataset_strengthening\processed\multiformat_balanced_20260910T093742Z\samples\bgl.log;784;;2005-06-03T15:45:20.824090+00:00;INFO;-;KERNEL;KERNEL;R02-M1-N0-C:J12-U11;;;;;;;;;;;;;;;;;;;;;;;;;;;;;system;bgl;instruction cache parity error corrected
bgl;bgl;E:\Cours\TFE\experiments\phase_dataset_strengthening\processed\multiformat_balanced_20260910T093742Z\samples\bgl.log;785;;2005-06-03T15:45:20.980821+00:00;INFO;-;KERNEL;KERNEL;R02-M1-N0-C:J12-U11;;;;;;;;;;;;;;;;;;;;;;;;;;;;;system;bgl;instruction cache parity error corrected
bgl;bgl;E:\Cours\TFE\experiments\phase_dataset_strengthening\processed\multiformat_balanced_20260910T093742Z\samples\bgl.log;786;;2005-06-03T15:45:21.129198+00:00;INFO;-;KERNEL;KERNEL;R02-M1-N0-C:J12-U11;;;;;;;;;;;;;;;;;;;;;;;;;;;;;system;bgl;instruction cache parity error corrected
bgl;bgl;E:\Cours\TFE\experiments\phase_dataset_strengthening\processed\multiformat_balanced_20260910T093742Z\samples\bgl.log;787;;2005-06-03T15:45:21.270988+00:00;INFO;-;KERNEL;KERNEL;R02-M1-N0-C:J12-U11;;;;;;;;;;;;;;;;;;;;;;;;;;;;;system;bgl;instruction cache parity error corrected
bgl;bgl;E:\Cours\TFE\experiments\phase_dataset_strengthening\processed\multiformat_balanced_20260910T093742Z\samples\bgl.log;788;;2005-06-03T15:45:21.409753+00:00;INFO;-;KERNEL;KERNEL;R02-M1-N0-C:J12-U11;;;;;;;;;;;;;;;;;;;;;;;;;;;;;system;bgl;instruction cache parity error corrected
bgl;bgl;E:\Cours\TFE\experiments\phase_dataset_strengthening\processed\multiformat_balanced_20260910T093742Z\samples\bgl.log;789;;2005-06-03T15:45:21.558334+00:00;INFO;-;KERNEL;KERNEL;R02-M1-N0-C:J12-U11;;;;;;;;;;;;;;;;;;;;;;;;;;;;;system;bgl;instruction cache parity error corrected
bgl;bgl;E:\Cours\TFE\experiments\phase_dataset_strengthening\processed\multiformat_balanced_20260910T093742Z\samples\bgl.log;790;;2005-06-03T15:45:21.702075+00:00;INFO;-;KERNEL;KERNEL;R02-M1-N0-C:J12-U11;;;;;;;;;;;;;;;;;;;;;;;;;;;;;system;bgl;instruction cache parity error corrected
bgl;bgl;E:\Cours\TFE\experiments\phase_dataset_strengthening\processed\multiformat_balanced_20260910T093742Z\samples\bgl.log;791;;2005-06-03T15:45:21.840867+00:00;INFO;-;KERNEL;KERNEL;R02-M1-N0-C:J12-U11;;;;;;;;;;;;;;;;;;;;;;;;;;;;;system;bgl;instruction cache parity error corrected
bgl;bgl;E:\Cours\TFE\experiments\phase_dataset_strengthening\processed\multiformat_balanced_20260910T093742Z\samples\bgl.log;792;;2005-06-03T15:45:21.993792+00:00;INFO;-;KERNEL;KERNEL;R02-M1-N0-C:J12-U11;;;;;;;;;;;;;;;;;;;;;;;;;;;;;system;bgl;instruction cache parity error corrected
bgl;bgl;E:\Cours\TFE\experiments\phase_dataset_strengthening\processed\multiformat_balanced_20260910T093742Z\samples\bgl.log;793;;2005-06-03T15:45:22.150403+00:00;INFO;-;KERNEL;KERNEL;R02-M1-N0-C:J12-U11;;;;;;;;;;;;;;;;;;;;;;;;;;;;;system;bgl;instruction cache parity error corrected
bgl;bgl;E:\Cours\TFE\experiments\phase_dataset_strengthening\processed\multiformat_balanced_20260910T093742Z\samples\bgl.log;794;;2005-06-03T15:45:22.293874+00:00;INFO;-;KERNEL;KERNEL;R02-M1-N0-C:J12-U11;;;;;;;;;;;;;;;;;;;;;;;;;;;;;system;bgl;instruction cache parity error corrected
bgl;bgl;E:\Cours\TFE\experiments\phase_dataset_strengthening\processed\multiformat_balanced_20260910T093742Z\samples\bgl.log;795;;2005-06-03T15:45:22.430128+00:00;INFO;-;KERNEL;KERNEL;R02-M1-N0-C:J12-U11;;;;;;;;;;;;;;;;;;;;;;;;;;;;;system;bgl;instruction cache parity error corrected
bgl;bgl;E:\Cours\TFE\experiments\phase_dataset_strengthening\processed\multiformat_balanced_20260910T093742Z\samples\bgl.log;796;;2005-06-03T15:45:22.581422+00:00;INFO;-;KERNEL;KERNEL;R02-M1-N0-C:J12-U11;;;;;;;;;;;;;;;;;;;;;;;;;;;;;system;bgl;instruction cache parity error corrected
bgl;bgl;E:\Cours\TFE\experiments\phase_dataset_strengthening\processed\multiformat_balanced_20260910T093742Z\samples\bgl.log;797;;2005-06-03T15:45:22.737688+00:00;INFO;-;KERNEL;KERNEL;R02-M1-N0-C:J12-U11;;;;;;;;;;;;;;;;;;;;;;;;;;;;;system;bgl;instruction cache parity error corrected
bgl;bgl;E:\Cours\TFE\experiments\phase_dataset_strengthening\processed\multiformat_balanced_20260910T093742Z\samples\bgl.log;798;;2005-06-03T15:45:22.878266+00:00;INFO;-;KERNEL;KERNEL;R02-M1-N0-C:J12-U11;;;;;;;;;;;;;;;;;;;;;;;;;;;;;system;bgl;instruction cache parity error corrected
bgl;bgl;E:\Cours\TFE\experiments\phase_dataset_strengthening\processed\multiformat_balanced_20260910T093742Z\samples\bgl.log;799;;2005-06-03T15:45:23.038472+00:00;INFO;-;KERNEL;KERNEL;R02-M1-N0-C:J12-U11;;;;;;;;;;;;;;;;;;;;;;;;;;;;;system;bgl;instruction cache parity error corrected
bgl;bgl;E:\Cours\TFE\experiments\phase_dataset_strengthening\processed\multiformat_balanced_20260910T093742Z\samples\bgl.log;800;;2005-06-03T15:45:23.197579+00:00;INFO;-;KERNEL;KERNEL;R02-M1-N0-C:J12-U11;;;;;;;;;;;;;;;;;;;;;;;;;;;;;system;bgl;instruction cache parity error corrected
bgl;bgl;E:\Cours\TFE\experiments\phase_dataset_strengthening\processed\multiformat_balanced_20260910T093742Z\samples\bgl.log;801;;2005-06-03T15:45:23.343838+00:00;INFO;-;KERNEL;KERNEL;R02-M1-N0-C:J12-U11;;;;;;;;;;;;;;;;;;;;;;;;;;;;;system;bgl;instruction cache parity error corrected
bgl;bgl;E:\Cours\TFE\experiments\phase_dataset_strengthening\processed\multiformat_balanced_20260910T093742Z\samples\bgl.log;802;;2005-06-03T15:45:23.508626+00:00;INFO;-;KERNEL;KERNEL;R02-M1-N0-C:J12-U11;;;;;;;;;;;;;;;;;;;;;;;;;;;;;system;bgl;instruction cache parity error corrected
bgl;bgl;E:\Cours\TFE\experiments\phase_dataset_strengthening\processed\multiformat_balanced_20260910T093742Z\samples\bgl.log;803;;2005-06-03T15:45:23.662692+00:00;INFO;-;KERNEL;KERNEL;R02-M1-N0-C:J12-U11;;;;;;;;;;;;;;;;;;;;;;;;;;;;;system;bgl;instruction cache parity error corrected
bgl;bgl;E:\Cours\TFE\experiments\phase_dataset_strengthening\processed\multiformat_balanced_20260910T093742Z\samples\bgl.log;804;;2005-06-03T15:45:23.807667+00:00;INFO;-;KERNEL;KERNEL;R02-M1-N0-C:J12-U11;;;;;;;;;;;;;;;;;;;;;;;;;;;;;system;bgl;instruction cache parity error corrected
bgl;bgl;E:\Cours\TFE\experiments\phase_dataset_strengthening\processed\multiformat_balanced_20260910T093742Z\samples\bgl.log;805;;2005-06-03T15:45:23.949666+00:00;INFO;-;KERNEL;KERNEL;R02-M1-N0-C:J12-U11;;;;;;;;;;;;;;;;;;;;;;;;;;;;;system;bgl;instruction cache parity error corrected
bgl;bgl;E:\Cours\TFE\experiments\phase_dataset_strengthening\processed\multiformat_balanced_20260910T093742Z\samples\bgl.log;806;;2005-06-03T15:45:24.111056+00:00;INFO;-;KERNEL;KERNEL;R02-M1-N0-C:J12-U11;;;;;;;;;;;;;;;;;;;;;;;;;;;;;system;bgl;instruction cache parity error corrected
bgl;bgl;E:\Cours\TFE\experiments\phase_dataset_strengthening\processed\multiformat_balanced_20260910T093742Z\samples\bgl.log;807;;2005-06-03T15:45:24.259677+00:00;INFO;-;KERNEL;KERNEL;R02-M1-N0-C:J12-U11;;;;;;;;;;;;;;;;;;;;;;;;;;;;;system;bgl;instruction cache parity error corrected
bgl;bgl;E:\Cours\TFE\experiments\phase_dataset_strengthening\processed\multiformat_balanced_20260910T093742Z\samples\bgl.log;808;;2005-06-03T15:45:24.410080+00:00;INFO;-;KERNEL;KERNEL;R02-M1-N0-C:J12-U11;;;;;;;;;;;;;;;;;;;;;;;;;;;;;system;bgl;instruction cache parity error corrected
bgl;bgl;E:\Cours\TFE\experiments\phase_dataset_strengthening\processed\multiformat_balanced_20260910T093742Z\samples\bgl.log;809;;2005-06-03T15:45:24.566515+00:00;INFO;-;KERNEL;KERNEL;R02-M1-N0-C:J12-U11;;;;;;;;;;;;;;;;;;;;;;;;;;;;;system;bgl;instruction cache parity error corrected
bgl;bgl;E:\Cours\TFE\experiments\phase_dataset_strengthening\processed\multiformat_balanced_20260910T093742Z\samples\bgl.log;810;;2005-06-03T15:45:24.715679+00:00;INFO;-;KERNEL;KERNEL;R02-M1-N0-C:J12-U11;;;;;;;;;;;;;;;;;;;;;;;;;;;;;system;bgl;instruction cache parity error corrected
bgl;bgl;E:\Cours\TFE\experiments\phase_dataset_strengthening\processed\multiformat_balanced_20260910T093742Z\samples\bgl.log;811;;2005-06-03T15:45:24.857817+00:00;INFO;-;KERNEL;KERNEL;R02-M1-N0-C:J12-U11;;;;;;;;;;;;;;;;;;;;;;;;;;;;;system;bgl;instruction cache parity error corrected
bgl;bgl;E:\Cours\TFE\experiments\phase_dataset_strengthening\processed\multiformat_balanced_20260910T093742Z\samples\bgl.log;812;;2005-06-03T15:45:25.002295+00:00;INFO;-;KERNEL;KERNEL;R02-M1-N0-C:J12-U11;;;;;;;;;;;;;;;;;;;;;;;;;;;;;system;bgl;instruction cache parity error corrected
bgl;bgl;E:\Cours\TFE\experiments\phase_dataset_strengthening\processed\multiformat_balanced_20260910T093742Z\samples\bgl.log;813;;2005-06-03T15:45:25.146037+00:00;INFO;-;KERNEL;KERNEL;R02-M1-N0-C:J12-U11;;;;;;;;;;;;;;;;;;;;;;;;;;;;;system;bgl;instruction cache parity error corrected
bgl;bgl;E:\Cours\TFE\experiments\phase_dataset_strengthening\processed\multiformat_balanced_20260910T093742Z\samples\bgl.log;814;;2005-06-03T15:45:25.295886+00:00;INFO;-;KERNEL;KERNEL;R02-M1-N0-C:J12-U11;;;;;;;;;;;;;;;;;;;;;;;;;;;;;system;bgl;instruction cache parity error corrected
bgl;bgl;E:\Cours\TFE\experiments\phase_dataset_strengthening\processed\multiformat_balanced_20260910T093742Z\samples\bgl.log;815;;2005-06-03T15:45:25.432965+00:00;INFO;-;KERNEL;KERNEL;R02-M1-N0-C:J12-U11;;;;;;;;;;;;;;;;;;;;;;;;;;;;;system;bgl;instruction cache parity error corrected
bgl;bgl;E:\Cours\TFE\experiments\phase_dataset_strengthening\processed\multiformat_balanced_20260910T093742Z\samples\bgl.log;816;;2005-06-03T15:45:25.589010+00:00;INFO;-;KERNEL;KERNEL;R02-M1-N0-C:J12-U11;;;;;;;;;;;;;;;;;;;;;;;;;;;;;system;bgl;instruction cache parity error corrected
bgl;bgl;E:\Cours\TFE\experiments\phase_dataset_strengthening\processed\multiformat_balanced_20260910T093742Z\samples\bgl.log;817;;2005-06-03T15:45:25.738655+00:00;INFO;-;KERNEL;KERNEL;R02-M1-N0-C:J12-U11;;;;;;;;;;;;;;;;;;;;;;;;;;;;;system;bgl;instruction cache parity error corrected
bgl;bgl;E:\Cours\TFE\experiments\phase_dataset_strengthening\processed\multiformat_balanced_20260910T093742Z\samples\bgl.log;818;;2005-06-03T15:45:25.886964+00:00;INFO;-;KERNEL;KERNEL;R02-M1-N0-C:J12-U11;;;;;;;;;;;;;;;;;;;;;;;;;;;;;system;bgl;instruction cache parity error corrected
bgl;bgl;E:\Cours\TFE\experiments\phase_dataset_strengthening\processed\multiformat_balanced_20260910T093742Z\samples\bgl.log;819;;2005-06-03T15:45:26.036511+00:00;INFO;-;KERNEL;KERNEL;R02-M1-N0-C:J12-U11;;;;;;;;;;;;;;;;;;;;;;;;;;;;;system;bgl;instruction cache parity error corrected
bgl;bgl;E:\Cours\TFE\experiments\phase_dataset_strengthening\processed\multiformat_balanced_20260910T093742Z\samples\bgl.log;820;;2005-06-03T15:45:26.179543+00:00;INFO;-;KERNEL;KERNEL;R02-M1-N0-C:J12-U11;;;;;;;;;;;;;;;;;;;;;;;;;;;;;system;bgl;instruction cache parity error corrected
bgl;bgl;E:\Cours\TFE\experiments\phase_dataset_strengthening\processed\multiformat_balanced_20260910T093742Z\samples\bgl.log;821;;2005-06-03T15:45:26.343964+00:00;INFO;-;KERNEL;KERNEL;R02-M1-N0-C:J12-U11;;;;;;;;;;;;;;;;;;;;;;;;;;;;;system;bgl;instruction cache parity error corrected
bgl;bgl;E:\Cours\TFE\experiments\phase_dataset_strengthening\processed\multiformat_balanced_20260910T093742Z\samples\bgl.log;822;;2005-06-03T15:45:26.479751+00:00;INFO;-;KERNEL;KERNEL;R02-M1-N0-C:J12-U11;;;;;;;;;;;;;;;;;;;;;;;;;;;;;system;bgl;instruction cache parity error corrected
bgl;bgl;E:\Cours\TFE\experiments\phase_dataset_strengthening\processed\multiformat_balanced_20260910T093742Z\samples\bgl.log;823;;2005-06-03T15:45:26.669508+00:00;INFO;-;KERNEL;KERNEL;R02-M1-N0-C:J12-U11;;;;;;;;;;;;;;;;;;;;;;;;;;;;;system;bgl;instruction cache parity error corrected
bgl;bgl;E:\Cours\TFE\experiments\phase_dataset_strengthening\processed\multiformat_balanced_20260910T093742Z\samples\bgl.log;824;;2005-06-03T15:45:26.819112+00:00;INFO;-;KERNEL;KERNEL;R02-M1-N0-C:J12-U11;;;;;;;;;;;;;;;;;;;;;;;;;;;;;system;bgl;instruction cache parity error corrected
bgl;bgl;E:\Cours\TFE\experiments\phase_dataset_strengthening\processed\multiformat_balanced_20260910T093742Z\samples\bgl.log;825;;2005-06-03T15:45:26.952404+00:00;INFO;-;KERNEL;KERNEL;R02-M1-N0-C:J12-U11;;;;;;;;;;;;;;;;;;;;;;;;;;;;;system;bgl;instruction cache parity error corrected
bgl;bgl;E:\Cours\TFE\experiments\phase_dataset_strengthening\processed\multiformat_balanced_20260910T093742Z\samples\bgl.log;826;;2005-06-03T15:45:27.106739+00:00;INFO;-;KERNEL;KERNEL;R02-M1-N0-C:J12-U11;;;;;;;;;;;;;;;;;;;;;;;;;;;;;system;bgl;instruction cache parity error corrected
bgl;bgl;E:\Cours\TFE\experiments\phase_dataset_strengthening\processed\multiformat_balanced_20260910T093742Z\samples\bgl.log;827;;2005-06-03T15:45:27.254087+00:00;INFO;-;KERNEL;KERNEL;R02-M1-N0-C:J12-U11;;;;;;;;;;;;;;;;;;;;;;;;;;;;;system;bgl;instruction cache parity error corrected
bgl;bgl;E:\Cours\TFE\experiments\phase_dataset_strengthening\processed\multiformat_balanced_20260910T093742Z\samples\bgl.log;828;;2005-06-03T15:45:27.398881+00:00;INFO;-;KERNEL;KERNEL;R02-M1-N0-C:J12-U11;;;;;;;;;;;;;;;;;;;;;;;;;;;;;system;bgl;instruction cache parity error corrected
bgl;bgl;E:\Cours\TFE\experiments\phase_dataset_strengthening\processed\multiformat_balanced_20260910T093742Z\samples\bgl.log;829;;2005-06-03T15:45:27.546746+00:00;INFO;-;KERNEL;KERNEL;R02-M1-N0-C:J12-U11;;;;;;;;;;;;;;;;;;;;;;;;;;;;;system;bgl;instruction cache parity error corrected
bgl;bgl;E:\Cours\TFE\experiments\phase_dataset_strengthening\processed\multiformat_balanced_20260910T093742Z\samples\bgl.log;830;;2005-06-03T15:45:27.694883+00:00;INFO;-;KERNEL;KERNEL;R02-M1-N0-C:J12-U11;;;;;;;;;;;;;;;;;;;;;;;;;;;;;system;bgl;instruction cache parity error corrected
bgl;bgl;E:\Cours\TFE\experiments\phase_dataset_strengthening\processed\multiformat_balanced_20260910T093742Z\samples\bgl.log;831;;2005-06-03T15:45:27.853139+00:00;INFO;-;KERNEL;KERNEL;R02-M1-N0-C:J12-U11;;;;;;;;;;;;;;;;;;;;;;;;;;;;;system;bgl;instruction cache parity error corrected
bgl;bgl;E:\Cours\TFE\experiments\phase_dataset_strengthening\processed\multiformat_balanced_20260910T093742Z\samples\bgl.log;832;;2005-06-03T15:45:27.993202+00:00;INFO;-;KERNEL;KERNEL;R02-M1-N0-C:J12-U11;;;;;;;;;;;;;;;;;;;;;;;;;;;;;system;bgl;instruction cache parity error corrected
bgl;bgl;E:\Cours\TFE\experiments\phase_dataset_strengthening\processed\multiformat_balanced_20260910T093742Z\samples\bgl.log;833;;2005-06-03T15:45:28.152964+00:00;INFO;-;KERNEL;KERNEL;R02-M1-N0-C:J12-U11;;;;;;;;;;;;;;;;;;;;;;;;;;;;;system;bgl;instruction cache parity error corrected
bgl;bgl;E:\Cours\TFE\experiments\phase_dataset_strengthening\processed\multiformat_balanced_20260910T093742Z\samples\bgl.log;834;;2005-06-03T15:45:28.299468+00:00;INFO;-;KERNEL;KERNEL;R02-M1-N0-C:J12-U11;;;;;;;;;;;;;;;;;;;;;;;;;;;;;system;bgl;instruction cache parity error corrected
bgl;bgl;E:\Cours\TFE\experiments\phase_dataset_strengthening\processed\multiformat_balanced_20260910T093742Z\samples\bgl.log;835;;2005-06-03T15:45:28.450754+00:00;INFO;-;KERNEL;KERNEL;R02-M1-N0-C:J12-U11;;;;;;;;;;;;;;;;;;;;;;;;;;;;;system;bgl;instruction cache parity error corrected
bgl;bgl;E:\Cours\TFE\experiments\phase_dataset_strengthening\processed\multiformat_balanced_20260910T093742Z\samples\bgl.log;836;;2005-06-03T15:45:28.613102+00:00;INFO;-;KERNEL;KERNEL;R02-M1-N0-C:J12-U11;;;;;;;;;;;;;;;;;;;;;;;;;;;;;system;bgl;instruction cache parity error corrected
bgl;bgl;E:\Cours\TFE\experiments\phase_dataset_strengthening\processed\multiformat_balanced_20260910T093742Z\samples\bgl.log;837;;2005-06-03T15:45:28.760702+00:00;INFO;-;KERNEL;KERNEL;R02-M1-N0-C:J12-U11;;;;;;;;;;;;;;;;;;;;;;;;;;;;;system;bgl;instruction cache parity error corrected
bgl;bgl;E:\Cours\TFE\experiments\phase_dataset_strengthening\processed\multiformat_balanced_20260910T093742Z\samples\bgl.log;838;;2005-06-03T15:45:28.915871+00:00;INFO;-;KERNEL;KERNEL;R02-M1-N0-C:J12-U11;;;;;;;;;;;;;;;;;;;;;;;;;;;;;system;bgl;instruction cache parity error corrected
bgl;bgl;E:\Cours\TFE\experiments\phase_dataset_strengthening\processed\multiformat_balanced_20260910T093742Z\samples\bgl.log;839;;2005-06-03T15:45:29.053841+00:00;INFO;-;KERNEL;KERNEL;R02-M1-N0-C:J12-U11;;;;;;;;;;;;;;;;;;;;;;;;;;;;;system;bgl;instruction cache parity error corrected
bgl;bgl;E:\Cours\TFE\experiments\phase_dataset_strengthening\processed\multiformat_balanced_20260910T093742Z\samples\bgl.log;840;;2005-06-03T15:45:29.211315+00:00;INFO;-;KERNEL;KERNEL;R02-M1-N0-C:J12-U11;;;;;;;;;;;;;;;;;;;;;;;;;;;;;system;bgl;instruction cache parity error corrected
bgl;bgl;E:\Cours\TFE\experiments\phase_dataset_strengthening\processed\multiformat_balanced_20260910T093742Z\samples\bgl.log;841;;2005-06-03T15:45:29.362154+00:00;INFO;-;KERNEL;KERNEL;R02-M1-N0-C:J12-U11;;;;;;;;;;;;;;;;;;;;;;;;;;;;;system;bgl;instruction cache parity error corrected
bgl;bgl;E:\Cours\TFE\experiments\phase_dataset_strengthening\processed\multiformat_balanced_20260910T093742Z\samples\bgl.log;842;;2005-06-03T15:45:29.498692+00:00;INFO;-;KERNEL;KERNEL;R02-M1-N0-C:J12-U11;;;;;;;;;;;;;;;;;;;;;;;;;;;;;system;bgl;instruction cache parity error corrected
bgl;bgl;E:\Cours\TFE\experiments\phase_dataset_strengthening\processed\multiformat_balanced_20260910T093742Z\samples\bgl.log;843;;2005-06-03T15:45:29.659452+00:00;INFO;-;KERNEL;KERNEL;R02-M1-N0-C:J12-U11;;;;;;;;;;;;;;;;;;;;;;;;;;;;;system;bgl;instruction cache parity error corrected
bgl;bgl;E:\Cours\TFE\experiments\phase_dataset_strengthening\processed\multiformat_balanced_20260910T093742Z\samples\bgl.log;844;;2005-06-03T15:45:29.802453+00:00;INFO;-;KERNEL;KERNEL;R02-M1-N0-C:J12-U11;;;;;;;;;;;;;;;;;;;;;;;;;;;;;system;bgl;instruction cache parity error corrected
bgl;bgl;E:\Cours\TFE\experiments\phase_dataset_strengthening\processed\multiformat_balanced_20260910T093742Z\samples\bgl.log;845;;2005-06-03T15:45:29.947687+00:00;INFO;-;KERNEL;KERNEL;R02-M1-N0-C:J12-U11;;;;;;;;;;;;;;;;;;;;;;;;;;;;;system;bgl;instruction cache parity error corrected
bgl;bgl;E:\Cours\TFE\experiments\phase_dataset_strengthening\processed\multiformat_balanced_20260910T093742Z\samples\bgl.log;846;;2005-06-03T15:45:30.101082+00:00;INFO;-;KERNEL;KERNEL;R02-M1-N0-C:J12-U11;;;;;;;;;;;;;;;;;;;;;;;;;;;;;system;bgl;instruction cache parity error corrected
bgl;bgl;E:\Cours\TFE\experiments\phase_dataset_strengthening\processed\multiformat_balanced_20260910T093742Z\samples\bgl.log;847;;2005-06-03T15:45:30.243379+00:00;INFO;-;KERNEL;KERNEL;R02-M1-N0-C:J12-U11;;;;;;;;;;;;;;;;;;;;;;;;;;;;;system;bgl;instruction cache parity error corrected
bgl;bgl;E:\Cours\TFE\experiments\phase_dataset_strengthening\processed\multiformat_balanced_20260910T093742Z\samples\bgl.log;848;;2005-06-03T15:45:30.390789+00:00;INFO;-;KERNEL;KERNEL;R02-M1-N0-C:J12-U11;;;;;;;;;;;;;;;;;;;;;;;;;;;;;system;bgl;instruction cache parity error corrected
bgl;bgl;E:\Cours\TFE\experiments\phase_dataset_strengthening\processed\multiformat_balanced_20260910T093742Z\samples\bgl.log;849;;2005-06-03T15:45:30.525814+00:00;INFO;-;KERNEL;KERNEL;R02-M1-N0-C:J12-U11;;;;;;;;;;;;;;;;;;;;;;;;;;;;;system;bgl;instruction cache parity error corrected
bgl;bgl;E:\Cours\TFE\experiments\phase_dataset_strengthening\processed\multiformat_balanced_20260910T093742Z\samples\bgl.log;850;;2005-06-03T15:45:30.688495+00:00;INFO;-;KERNEL;KERNEL;R02-M1-N0-C:J12-U11;;;;;;;;;;;;;;;;;;;;;;;;;;;;;system;bgl;instruction cache parity error corrected
bgl;bgl;E:\Cours\TFE\experiments\phase_dataset_strengthening\processed\multiformat_balanced_20260910T093742Z\samples\bgl.log;851;;2005-06-03T15:45:30.837245+00:00;INFO;-;KERNEL;KERNEL;R02-M1-N0-C:J12-U11;;;;;;;;;;;;;;;;;;;;;;;;;;;;;system;bgl;instruction cache parity error corrected
bgl;bgl;E:\Cours\TFE\experiments\phase_dataset_strengthening\processed\multiformat_balanced_20260910T093742Z\samples\bgl.log;852;;2005-06-03T15:45:30.985788+00:00;INFO;-;KERNEL;KERNEL;R02-M1-N0-C:J12-U11;;;;;;;;;;;;;;;;;;;;;;;;;;;;;system;bgl;instruction cache parity error corrected
bgl;bgl;E:\Cours\TFE\experiments\phase_dataset_strengthening\processed\multiformat_balanced_20260910T093742Z\samples\bgl.log;853;;2005-06-03T15:45:31.159239+00:00;INFO;-;KERNEL;KERNEL;R02-M1-N0-C:J12-U11;;;;;;;;;;;;;;;;;;;;;;;;;;;;;system;bgl;instruction cache parity error corrected
bgl;bgl;E:\Cours\TFE\experiments\phase_dataset_strengthening\processed\multiformat_balanced_20260910T093742Z\samples\bgl.log;854;;2005-06-03T15:45:31.302426+00:00;INFO;-;KERNEL;KERNEL;R02-M1-N0-C:J12-U11;;;;;;;;;;;;;;;;;;;;;;;;;;;;;system;bgl;instruction cache parity error corrected
bgl;bgl;E:\Cours\TFE\experiments\phase_dataset_strengthening\processed\multiformat_balanced_20260910T093742Z\samples\bgl.log;855;;2005-06-03T15:45:31.451219+00:00;INFO;-;KERNEL;KERNEL;R02-M1-N0-C:J12-U11;;;;;;;;;;;;;;;;;;;;;;;;;;;;;system;bgl;instruction cache parity error corrected
bgl;bgl;E:\Cours\TFE\experiments\phase_dataset_strengthening\processed\multiformat_balanced_20260910T093742Z\samples\bgl.log;856;;2005-06-03T15:45:31.582449+00:00;INFO;-;KERNEL;KERNEL;R02-M1-N0-C:J12-U11;;;;;;;;;;;;;;;;;;;;;;;;;;;;;system;bgl;instruction cache parity error corrected
bgl;bgl;E:\Cours\TFE\experiments\phase_dataset_strengthening\processed\multiformat_balanced_20260910T093742Z\samples\bgl.log;857;;2005-06-03T15:45:31.764830+00:00;INFO;-;KERNEL;KERNEL;R02-M1-N0-C:J12-U11;;;;;;;;;;;;;;;;;;;;;;;;;;;;;system;bgl;instruction cache parity error corrected
bgl;bgl;E:\Cours\TFE\experiments\phase_dataset_strengthening\processed\multiformat_balanced_20260910T093742Z\samples\bgl.log;858;;2005-06-03T15:45:31.915583+00:00;INFO;-;KERNEL;KERNEL;R02-M1-N0-C:J12-U11;;;;;;;;;;;;;;;;;;;;;;;;;;;;;system;bgl;instruction cache parity error corrected
bgl;bgl;E:\Cours\TFE\experiments\phase_dataset_strengthening\processed\multiformat_balanced_20260910T093742Z\samples\bgl.log;859;;2005-06-03T15:45:32.053625+00:00;INFO;-;KERNEL;KERNEL;R02-M1-N0-C:J12-U11;;;;;;;;;;;;;;;;;;;;;;;;;;;;;system;bgl;instruction cache parity error corrected
bgl;bgl;E:\Cours\TFE\experiments\phase_dataset_strengthening\processed\multiformat_balanced_20260910T093742Z\samples\bgl.log;860;;2005-06-03T15:45:32.205241+00:00;INFO;-;KERNEL;KERNEL;R02-M1-N0-C:J12-U11;;;;;;;;;;;;;;;;;;;;;;;;;;;;;system;bgl;instruction cache parity error corrected
bgl;bgl;E:\Cours\TFE\experiments\phase_dataset_strengthening\processed\multiformat_balanced_20260910T093742Z\samples\bgl.log;861;;2005-06-03T15:45:32.350440+00:00;INFO;-;KERNEL;KERNEL;R02-M1-N0-C:J12-U11;;;;;;;;;;;;;;;;;;;;;;;;;;;;;system;bgl;instruction cache parity error corrected
bgl;bgl;E:\Cours\TFE\experiments\phase_dataset_strengthening\processed\multiformat_balanced_20260910T093742Z\samples\bgl.log;862;;2005-06-03T15:45:32.495934+00:00;INFO;-;KERNEL;KERNEL;R02-M1-N0-C:J12-U11;;;;;;;;;;;;;;;;;;;;;;;;;;;;;system;bgl;instruction cache parity error corrected
bgl;bgl;E:\Cours\TFE\experiments\phase_dataset_strengthening\processed\multiformat_balanced_20260910T093742Z\samples\bgl.log;863;;2005-06-03T15:45:32.653236+00:00;INFO;-;KERNEL;KERNEL;R02-M1-N0-C:J12-U11;;;;;;;;;;;;;;;;;;;;;;;;;;;;;system;bgl;instruction cache parity error corrected
bgl;bgl;E:\Cours\TFE\experiments\phase_dataset_strengthening\processed\multiformat_balanced_20260910T093742Z\samples\bgl.log;864;;2005-06-03T15:45:32.795673+00:00;INFO;-;KERNEL;KERNEL;R02-M1-N0-C:J12-U11;;;;;;;;;;;;;;;;;;;;;;;;;;;;;system;bgl;instruction cache parity error corrected
bgl;bgl;E:\Cours\TFE\experiments\phase_dataset_strengthening\processed\multiformat_balanced_20260910T093742Z\samples\bgl.log;865;;2005-06-03T15:45:32.978851+00:00;INFO;-;KERNEL;KERNEL;R02-M1-N0-C:J12-U11;;;;;;;;;;;;;;;;;;;;;;;;;;;;;system;bgl;instruction cache parity error corrected
bgl;bgl;E:\Cours\TFE\experiments\phase_dataset_strengthening\processed\multiformat_balanced_20260910T093742Z\samples\bgl.log;866;;2005-06-03T15:45:33.119193+00:00;INFO;-;KERNEL;KERNEL;R02-M1-N0-C:J12-U11;;;;;;;;;;;;;;;;;;;;;;;;;;;;;system;bgl;instruction cache parity error corrected
bgl;bgl;E:\Cours\TFE\experiments\phase_dataset_strengthening\processed\multiformat_balanced_20260910T093742Z\samples\bgl.log;867;;2005-06-03T15:45:33.295535+00:00;INFO;-;KERNEL;KERNEL;R02-M1-N0-C:J12-U11;;;;;;;;;;;;;;;;;;;;;;;;;;;;;system;bgl;instruction cache parity error corrected
bgl;bgl;E:\Cours\TFE\experiments\phase_dataset_strengthening\processed\multiformat_balanced_20260910T093742Z\samples\bgl.log;868;;2005-06-03T15:45:33.454850+00:00;INFO;-;KERNEL;KERNEL;R02-M1-N0-C:J12-U11;;;;;;;;;;;;;;;;;;;;;;;;;;;;;system;bgl;instruction cache parity error corrected
bgl;bgl;E:\Cours\TFE\experiments\phase_dataset_strengthening\processed\multiformat_balanced_20260910T093742Z\samples\bgl.log;869;;2005-06-03T15:45:33.588640+00:00;INFO;-;KERNEL;KERNEL;R02-M1-N0-C:J12-U11;;;;;;;;;;;;;;;;;;;;;;;;;;;;;system;bgl;instruction cache parity error corrected
bgl;bgl;E:\Cours\TFE\experiments\phase_dataset_strengthening\processed\multiformat_balanced_20260910T093742Z\samples\bgl.log;870;;2005-06-03T15:45:33.741555+00:00;INFO;-;KERNEL;KERNEL;R02-M1-N0-C:J12-U11;;;;;;;;;;;;;;;;;;;;;;;;;;;;;system;bgl;instruction cache parity error corrected
bgl;bgl;E:\Cours\TFE\experiments\phase_dataset_strengthening\processed\multiformat_balanced_20260910T093742Z\samples\bgl.log;871;;2005-06-03T15:45:33.898024+00:00;INFO;-;KERNEL;KERNEL;R02-M1-N0-C:J12-U11;;;;;;;;;;;;;;;;;;;;;;;;;;;;;system;bgl;instruction cache parity error corrected
bgl;bgl;E:\Cours\TFE\experiments\phase_dataset_strengthening\processed\multiformat_balanced_20260910T093742Z\samples\bgl.log;872;;2005-06-03T15:45:34.044551+00:00;INFO;-;KERNEL;KERNEL;R02-M1-N0-C:J12-U11;;;;;;;;;;;;;;;;;;;;;;;;;;;;;system;bgl;instruction cache parity error corrected
bgl;bgl;E:\Cours\TFE\experiments\phase_dataset_strengthening\processed\multiformat_balanced_20260910T093742Z\samples\bgl.log;873;;2005-06-03T15:45:34.181951+00:00;INFO;-;KERNEL;KERNEL;R02-M1-N0-C:J12-U11;;;;;;;;;;;;;;;;;;;;;;;;;;;;;system;bgl;instruction cache parity error corrected
bgl;bgl;E:\Cours\TFE\experiments\phase_dataset_strengthening\processed\multiformat_balanced_20260910T093742Z\samples\bgl.log;874;;2005-06-03T15:45:34.327262+00:00;INFO;-;KERNEL;KERNEL;R02-M1-N0-C:J12-U11;;;;;;;;;;;;;;;;;;;;;;;;;;;;;system;bgl;instruction cache parity error corrected
bgl;bgl;E:\Cours\TFE\experiments\phase_dataset_strengthening\processed\multiformat_balanced_20260910T093742Z\samples\bgl.log;875;;2005-06-03T15:45:34.484030+00:00;INFO;-;KERNEL;KERNEL;R02-M1-N0-C:J12-U11;;;;;;;;;;;;;;;;;;;;;;;;;;;;;system;bgl;instruction cache parity error corrected
bgl;bgl;E:\Cours\TFE\experiments\phase_dataset_strengthening\processed\multiformat_balanced_20260910T093742Z\samples\bgl.log;876;;2005-06-03T15:45:34.626800+00:00;INFO;-;KERNEL;KERNEL;R02-M1-N0-C:J12-U11;;;;;;;;;;;;;;;;;;;;;;;;;;;;;system;bgl;instruction cache parity error corrected
bgl;bgl;E:\Cours\TFE\experiments\phase_dataset_strengthening\processed\multiformat_balanced_20260910T093742Z\samples\bgl.log;877;;2005-06-03T15:45:34.783471+00:00;INFO;-;KERNEL;KERNEL;R02-M1-N0-C:J12-U11;;;;;;;;;;;;;;;;;;;;;;;;;;;;;system;bgl;instruction cache parity error corrected
bgl;bgl;E:\Cours\TFE\experiments\phase_dataset_strengthening\processed\multiformat_balanced_20260910T093742Z\samples\bgl.log;878;;2005-06-03T15:45:34.927888+00:00;INFO;-;KERNEL;KERNEL;R02-M1-N0-C:J12-U11;;;;;;;;;;;;;;;;;;;;;;;;;;;;;system;bgl;instruction cache parity error corrected
bgl;bgl;E:\Cours\TFE\experiments\phase_dataset_strengthening\processed\multiformat_balanced_20260910T093742Z\samples\bgl.log;879;;2005-06-03T15:45:35.071793+00:00;INFO;-;KERNEL;KERNEL;R02-M1-N0-C:J12-U11;;;;;;;;;;;;;;;;;;;;;;;;;;;;;system;bgl;instruction cache parity error corrected
bgl;bgl;E:\Cours\TFE\experiments\phase_dataset_strengthening\processed\multiformat_balanced_20260910T093742Z\samples\bgl.log;880;;2005-06-03T15:45:35.237323+00:00;INFO;-;KERNEL;KERNEL;R02-M1-N0-C:J12-U11;;;;;;;;;;;;;;;;;;;;;;;;;;;;;system;bgl;instruction cache parity error corrected
bgl;bgl;E:\Cours\TFE\experiments\phase_dataset_strengthening\processed\multiformat_balanced_20260910T093742Z\samples\bgl.log;881;;2005-06-03T15:45:35.387725+00:00;INFO;-;KERNEL;KERNEL;R02-M1-N0-C:J12-U11;;;;;;;;;;;;;;;;;;;;;;;;;;;;;system;bgl;instruction cache parity error corrected
bgl;bgl;E:\Cours\TFE\experiments\phase_dataset_strengthening\processed\multiformat_balanced_20260910T093742Z\samples\bgl.log;882;;2005-06-03T15:45:35.525615+00:00;INFO;-;KERNEL;KERNEL;R02-M1-N0-C:J12-U11;;;;;;;;;;;;;;;;;;;;;;;;;;;;;system;bgl;instruction cache parity error corrected
bgl;bgl;E:\Cours\TFE\experiments\phase_dataset_strengthening\processed\multiformat_balanced_20260910T093742Z\samples\bgl.log;883;;2005-06-03T15:45:35.671989+00:00;INFO;-;KERNEL;KERNEL;R02-M1-N0-C:J12-U11;;;;;;;;;;;;;;;;;;;;;;;;;;;;;system;bgl;instruction cache parity error corrected
bgl;bgl;E:\Cours\TFE\experiments\phase_dataset_strengthening\processed\multiformat_balanced_20260910T093742Z\samples\bgl.log;884;;2005-06-03T15:45:35.847631+00:00;INFO;-;KERNEL;KERNEL;R02-M1-N0-C:J12-U11;;;;;;;;;;;;;;;;;;;;;;;;;;;;;system;bgl;instruction cache parity error corrected
bgl;bgl;E:\Cours\TFE\experiments\phase_dataset_strengthening\processed\multiformat_balanced_20260910T093742Z\samples\bgl.log;885;;2005-06-03T15:45:35.995372+00:00;INFO;-;KERNEL;KERNEL;R02-M1-N0-C:J12-U11;;;;;;;;;;;;;;;;;;;;;;;;;;;;;system;bgl;instruction cache parity error corrected
bgl;bgl;E:\Cours\TFE\experiments\phase_dataset_strengthening\processed\multiformat_balanced_20260910T093742Z\samples\bgl.log;886;;2005-06-03T15:45:36.130470+00:00;INFO;-;KERNEL;KERNEL;R02-M1-N0-C:J12-U11;;;;;;;;;;;;;;;;;;;;;;;;;;;;;system;bgl;instruction cache parity error corrected
bgl;bgl;E:\Cours\TFE\experiments\phase_dataset_strengthening\processed\multiformat_balanced_20260910T093742Z\samples\bgl.log;887;;2005-06-03T15:45:36.282299+00:00;INFO;-;KERNEL;KERNEL;R02-M1-N0-C:J12-U11;;;;;;;;;;;;;;;;;;;;;;;;;;;;;system;bgl;instruction cache parity error corrected
bgl;bgl;E:\Cours\TFE\experiments\phase_dataset_strengthening\processed\multiformat_balanced_20260910T093742Z\samples\bgl.log;888;;2005-06-03T15:45:36.432481+00:00;INFO;-;KERNEL;KERNEL;R02-M1-N0-C:J12-U11;;;;;;;;;;;;;;;;;;;;;;;;;;;;;system;bgl;instruction cache parity error corrected
bgl;bgl;E:\Cours\TFE\experiments\phase_dataset_strengthening\processed\multiformat_balanced_20260910T093742Z\samples\bgl.log;889;;2005-06-03T15:45:36.576874+00:00;INFO;-;KERNEL;KERNEL;R02-M1-N0-C:J12-U11;;;;;;;;;;;;;;;;;;;;;;;;;;;;;system;bgl;instruction cache parity error corrected
bgl;bgl;E:\Cours\TFE\experiments\phase_dataset_strengthening\processed\multiformat_balanced_20260910T093742Z\samples\bgl.log;890;;2005-06-03T15:45:36.709104+00:00;INFO;-;KERNEL;KERNEL;R02-M1-N0-C:J12-U11;;;;;;;;;;;;;;;;;;;;;;;;;;;;;system;bgl;instruction cache parity error corrected
bgl;bgl;E:\Cours\TFE\experiments\phase_dataset_strengthening\processed\multiformat_balanced_20260910T093742Z\samples\bgl.log;891;;2005-06-03T15:45:36.857395+00:00;INFO;-;KERNEL;KERNEL;R02-M1-N0-C:J12-U11;;;;;;;;;;;;;;;;;;;;;;;;;;;;;system;bgl;instruction cache parity error corrected
bgl;bgl;E:\Cours\TFE\experiments\phase_dataset_strengthening\processed\multiformat_balanced_20260910T093742Z\samples\bgl.log;892;;2005-06-03T15:45:37.008413+00:00;INFO;-;KERNEL;KERNEL;R02-M1-N0-C:J12-U11;;;;;;;;;;;;;;;;;;;;;;;;;;;;;system;bgl;instruction cache parity error corrected
bgl;bgl;E:\Cours\TFE\experiments\phase_dataset_strengthening\processed\multiformat_balanced_20260910T093742Z\samples\bgl.log;893;;2005-06-03T15:45:37.145904+00:00;INFO;-;KERNEL;KERNEL;R02-M1-N0-C:J12-U11;;;;;;;;;;;;;;;;;;;;;;;;;;;;;system;bgl;instruction cache parity error corrected
bgl;bgl;E:\Cours\TFE\experiments\phase_dataset_strengthening\processed\multiformat_balanced_20260910T093742Z\samples\bgl.log;894;;2005-06-03T15:45:37.301148+00:00;INFO;-;KERNEL;KERNEL;R02-M1-N0-C:J12-U11;;;;;;;;;;;;;;;;;;;;;;;;;;;;;system;bgl;instruction cache parity error corrected
bgl;bgl;E:\Cours\TFE\experiments\phase_dataset_strengthening\processed\multiformat_balanced_20260910T093742Z\samples\bgl.log;895;;2005-06-03T15:45:37.448163+00:00;INFO;-;KERNEL;KERNEL;R02-M1-N0-C:J12-U11;;;;;;;;;;;;;;;;;;;;;;;;;;;;;system;bgl;instruction cache parity error corrected
bgl;bgl;E:\Cours\TFE\experiments\phase_dataset_strengthening\processed\multiformat_balanced_20260910T093742Z\samples\bgl.log;896;;2005-06-03T15:45:37.592015+00:00;INFO;-;KERNEL;KERNEL;R02-M1-N0-C:J12-U11;;;;;;;;;;;;;;;;;;;;;;;;;;;;;system;bgl;instruction cache parity error corrected
bgl;bgl;E:\Cours\TFE\experiments\phase_dataset_strengthening\processed\multiformat_balanced_20260910T093742Z\samples\bgl.log;897;;2005-06-03T15:45:37.727060+00:00;INFO;-;KERNEL;KERNEL;R02-M1-N0-C:J12-U11;;;;;;;;;;;;;;;;;;;;;;;;;;;;;system;bgl;instruction cache parity error corrected
bgl;bgl;E:\Cours\TFE\experiments\phase_dataset_strengthening\processed\multiformat_balanced_20260910T093742Z\samples\bgl.log;898;;2005-06-03T15:45:37.877695+00:00;INFO;-;KERNEL;KERNEL;R02-M1-N0-C:J12-U11;;;;;;;;;;;;;;;;;;;;;;;;;;;;;system;bgl;instruction cache parity error corrected
bgl;bgl;E:\Cours\TFE\experiments\phase_dataset_strengthening\processed\multiformat_balanced_20260910T093742Z\samples\bgl.log;899;;2005-06-03T15:45:38.027026+00:00;INFO;-;KERNEL;KERNEL;R02-M1-N0-C:J12-U11;;;;;;;;;;;;;;;;;;;;;;;;;;;;;system;bgl;instruction cache parity error corrected
bgl;bgl;E:\Cours\TFE\experiments\phase_dataset_strengthening\processed\multiformat_balanced_20260910T093742Z\samples\bgl.log;900;;2005-06-03T15:45:38.171424+00:00;INFO;-;KERNEL;KERNEL;R02-M1-N0-C:J12-U11;;;;;;;;;;;;;;;;;;;;;;;;;;;;;system;bgl;instruction cache parity error corrected
bgl;bgl;E:\Cours\TFE\experiments\phase_dataset_strengthening\processed\multiformat_balanced_20260910T093742Z\samples\bgl.log;901;;2005-06-03T15:45:38.331563+00:00;INFO;-;KERNEL;KERNEL;R02-M1-N0-C:J12-U11;;;;;;;;;;;;;;;;;;;;;;;;;;;;;system;bgl;instruction cache parity error corrected
bgl;bgl;E:\Cours\TFE\experiments\phase_dataset_strengthening\processed\multiformat_balanced_20260910T093742Z\samples\bgl.log;902;;2005-06-03T15:45:38.476590+00:00;INFO;-;KERNEL;KERNEL;R02-M1-N0-C:J12-U11;;;;;;;;;;;;;;;;;;;;;;;;;;;;;system;bgl;instruction cache parity error corrected
bgl;bgl;E:\Cours\TFE\experiments\phase_dataset_strengthening\processed\multiformat_balanced_20260910T093742Z\samples\bgl.log;903;;2005-06-03T15:45:38.620476+00:00;INFO;-;KERNEL;KERNEL;R02-M1-N0-C:J12-U11;;;;;;;;;;;;;;;;;;;;;;;;;;;;;system;bgl;instruction cache parity error corrected
bgl;bgl;E:\Cours\TFE\experiments\phase_dataset_strengthening\processed\multiformat_balanced_20260910T093742Z\samples\bgl.log;904;;2005-06-03T15:45:38.773470+00:00;INFO;-;KERNEL;KERNEL;R02-M1-N0-C:J12-U11;;;;;;;;;;;;;;;;;;;;;;;;;;;;;system;bgl;instruction cache parity error corrected
bgl;bgl;E:\Cours\TFE\experiments\phase_dataset_strengthening\processed\multiformat_balanced_20260910T093742Z\samples\bgl.log;905;;2005-06-03T15:45:38.918115+00:00;INFO;-;KERNEL;KERNEL;R02-M1-N0-C:J12-U11;;;;;;;;;;;;;;;;;;;;;;;;;;;;;system;bgl;instruction cache parity error corrected
bgl;bgl;E:\Cours\TFE\experiments\phase_dataset_strengthening\processed\multiformat_balanced_20260910T093742Z\samples\bgl.log;906;;2005-06-03T15:45:39.071185+00:00;INFO;-;KERNEL;KERNEL;R02-M1-N0-C:J12-U11;;;;;;;;;;;;;;;;;;;;;;;;;;;;;system;bgl;instruction cache parity error corrected
bgl;bgl;E:\Cours\TFE\experiments\phase_dataset_strengthening\processed\multiformat_balanced_20260910T093742Z\samples\bgl.log;907;;2005-06-03T15:45:39.207616+00:00;INFO;-;KERNEL;KERNEL;R02-M1-N0-C:J12-U11;;;;;;;;;;;;;;;;;;;;;;;;;;;;;system;bgl;instruction cache parity error corrected
bgl;bgl;E:\Cours\TFE\experiments\phase_dataset_strengthening\processed\multiformat_balanced_20260910T093742Z\samples\bgl.log;908;;2005-06-03T15:45:39.364138+00:00;INFO;-;KERNEL;KERNEL;R02-M1-N0-C:J12-U11;;;;;;;;;;;;;;;;;;;;;;;;;;;;;system;bgl;instruction cache parity error corrected
bgl;bgl;E:\Cours\TFE\experiments\phase_dataset_strengthening\processed\multiformat_balanced_20260910T093742Z\samples\bgl.log;909;;2005-06-03T15:45:39.507569+00:00;INFO;-;KERNEL;KERNEL;R02-M1-N0-C:J12-U11;;;;;;;;;;;;;;;;;;;;;;;;;;;;;system;bgl;instruction cache parity error corrected
bgl;bgl;E:\Cours\TFE\experiments\phase_dataset_strengthening\processed\multiformat_balanced_20260910T093742Z\samples\bgl.log;910;;2005-06-03T15:45:39.648265+00:00;INFO;-;KERNEL;KERNEL;R02-M1-N0-C:J12-U11;;;;;;;;;;;;;;;;;;;;;;;;;;;;;system;bgl;instruction cache parity error corrected
bgl;bgl;E:\Cours\TFE\experiments\phase_dataset_strengthening\processed\multiformat_balanced_20260910T093742Z\samples\bgl.log;911;;2005-06-03T15:45:39.792824+00:00;INFO;-;KERNEL;KERNEL;R02-M1-N0-C:J12-U11;;;;;;;;;;;;;;;;;;;;;;;;;;;;;system;bgl;instruction cache parity error corrected
bgl;bgl;E:\Cours\TFE\experiments\phase_dataset_strengthening\processed\multiformat_balanced_20260910T093742Z\samples\bgl.log;912;;2005-06-03T15:45:39.937789+00:00;INFO;-;KERNEL;KERNEL;R02-M1-N0-C:J12-U11;;;;;;;;;;;;;;;;;;;;;;;;;;;;;system;bgl;instruction cache parity error corrected
bgl;bgl;E:\Cours\TFE\experiments\phase_dataset_strengthening\processed\multiformat_balanced_20260910T093742Z\samples\bgl.log;913;;2005-06-03T15:45:40.110619+00:00;INFO;-;KERNEL;KERNEL;R02-M1-N0-C:J12-U11;;;;;;;;;;;;;;;;;;;;;;;;;;;;;system;bgl;instruction cache parity error corrected
bgl;bgl;E:\Cours\TFE\experiments\phase_dataset_strengthening\processed\multiformat_balanced_20260910T093742Z\samples\bgl.log;914;;2005-06-03T15:45:40.243777+00:00;INFO;-;KERNEL;KERNEL;R02-M1-N0-C:J12-U11;;;;;;;;;;;;;;;;;;;;;;;;;;;;;system;bgl;instruction cache parity error corrected
bgl;bgl;E:\Cours\TFE\experiments\phase_dataset_strengthening\processed\multiformat_balanced_20260910T093742Z\samples\bgl.log;915;;2005-06-03T15:45:40.396035+00:00;INFO;-;KERNEL;KERNEL;R02-M1-N0-C:J12-U11;;;;;;;;;;;;;;;;;;;;;;;;;;;;;system;bgl;instruction cache parity error corrected
bgl;bgl;E:\Cours\TFE\experiments\phase_dataset_strengthening\processed\multiformat_balanced_20260910T093742Z\samples\bgl.log;916;;2005-06-03T15:45:40.546627+00:00;INFO;-;KERNEL;KERNEL;R02-M1-N0-C:J12-U11;;;;;;;;;;;;;;;;;;;;;;;;;;;;;system;bgl;instruction cache parity error corrected
bgl;bgl;E:\Cours\TFE\experiments\phase_dataset_strengthening\processed\multiformat_balanced_20260910T093742Z\samples\bgl.log;917;;2005-06-03T15:45:40.689866+00:00;INFO;-;KERNEL;KERNEL;R02-M1-N0-C:J12-U11;;;;;;;;;;;;;;;;;;;;;;;;;;;;;system;bgl;instruction cache parity error corrected
bgl;bgl;E:\Cours\TFE\experiments\phase_dataset_strengthening\processed\multiformat_balanced_20260910T093742Z\samples\bgl.log;918;;2005-06-03T15:45:40.852517+00:00;INFO;-;KERNEL;KERNEL;R02-M1-N0-C:J12-U11;;;;;;;;;;;;;;;;;;;;;;;;;;;;;system;bgl;instruction cache parity error corrected
bgl;bgl;E:\Cours\TFE\experiments\phase_dataset_strengthening\processed\multiformat_balanced_20260910T093742Z\samples\bgl.log;919;;2005-06-03T15:45:41.001181+00:00;INFO;-;KERNEL;KERNEL;R02-M1-N0-C:J12-U11;;;;;;;;;;;;;;;;;;;;;;;;;;;;;system;bgl;instruction cache parity error corrected
bgl;bgl;E:\Cours\TFE\experiments\phase_dataset_strengthening\processed\multiformat_balanced_20260910T093742Z\samples\bgl.log;920;;2005-06-03T15:45:41.145151+00:00;INFO;-;KERNEL;KERNEL;R02-M1-N0-C:J12-U11;;;;;;;;;;;;;;;;;;;;;;;;;;;;;system;bgl;instruction cache parity error corrected
bgl;bgl;E:\Cours\TFE\experiments\phase_dataset_strengthening\processed\multiformat_balanced_20260910T093742Z\samples\bgl.log;921;;2005-06-03T15:45:41.279942+00:00;INFO;-;KERNEL;KERNEL;R02-M1-N0-C:J12-U11;;;;;;;;;;;;;;;;;;;;;;;;;;;;;system;bgl;instruction cache parity error corrected
bgl;bgl;E:\Cours\TFE\experiments\phase_dataset_strengthening\processed\multiformat_balanced_20260910T093742Z\samples\bgl.log;922;;2005-06-03T15:45:41.455845+00:00;INFO;-;KERNEL;KERNEL;R02-M1-N0-C:J12-U11;;;;;;;;;;;;;;;;;;;;;;;;;;;;;system;bgl;instruction cache parity error corrected
bgl;bgl;E:\Cours\TFE\experiments\phase_dataset_strengthening\processed\multiformat_balanced_20260910T093742Z\samples\bgl.log;923;;2005-06-03T15:45:41.598736+00:00;INFO;-;KERNEL;KERNEL;R02-M1-N0-C:J12-U11;;;;;;;;;;;;;;;;;;;;;;;;;;;;;system;bgl;instruction cache parity error corrected
bgl;bgl;E:\Cours\TFE\experiments\phase_dataset_strengthening\processed\multiformat_balanced_20260910T093742Z\samples\bgl.log;924;;2005-06-03T15:45:41.737512+00:00;INFO;-;KERNEL;KERNEL;R02-M1-N0-C:J12-U11;;;;;;;;;;;;;;;;;;;;;;;;;;;;;system;bgl;instruction cache parity error corrected
bgl;bgl;E:\Cours\TFE\experiments\phase_dataset_strengthening\processed\multiformat_balanced_20260910T093742Z\samples\bgl.log;925;;2005-06-03T15:45:41.907054+00:00;INFO;-;KERNEL;KERNEL;R02-M1-N0-C:J12-U11;;;;;;;;;;;;;;;;;;;;;;;;;;;;;system;bgl;instruction cache parity error corrected
bgl;bgl;E:\Cours\TFE\experiments\phase_dataset_strengthening\processed\multiformat_balanced_20260910T093742Z\samples\bgl.log;926;;2005-06-03T15:45:42.042200+00:00;INFO;-;KERNEL;KERNEL;R02-M1-N0-C:J12-U11;;;;;;;;;;;;;;;;;;;;;;;;;;;;;system;bgl;instruction cache parity error corrected
bgl;bgl;E:\Cours\TFE\experiments\phase_dataset_strengthening\processed\multiformat_balanced_20260910T093742Z\samples\bgl.log;927;;2005-06-03T15:45:42.189858+00:00;INFO;-;KERNEL;KERNEL;R02-M1-N0-C:J12-U11;;;;;;;;;;;;;;;;;;;;;;;;;;;;;system;bgl;instruction cache parity error corrected
bgl;bgl;E:\Cours\TFE\experiments\phase_dataset_strengthening\processed\multiformat_balanced_20260910T093742Z\samples\bgl.log;928;;2005-06-03T15:45:42.344337+00:00;INFO;-;KERNEL;KERNEL;R02-M1-N0-C:J12-U11;;;;;;;;;;;;;;;;;;;;;;;;;;;;;system;bgl;instruction cache parity error corrected
bgl;bgl;E:\Cours\TFE\experiments\phase_dataset_strengthening\processed\multiformat_balanced_20260910T093742Z\samples\bgl.log;929;;2005-06-03T15:45:42.499160+00:00;INFO;-;KERNEL;KERNEL;R02-M1-N0-C:J12-U11;;;;;;;;;;;;;;;;;;;;;;;;;;;;;system;bgl;instruction cache parity error corrected
bgl;bgl;E:\Cours\TFE\experiments\phase_dataset_strengthening\processed\multiformat_balanced_20260910T093742Z\samples\bgl.log;930;;2005-06-03T15:45:42.674302+00:00;INFO;-;KERNEL;KERNEL;R02-M1-N0-C:J12-U11;;;;;;;;;;;;;;;;;;;;;;;;;;;;;system;bgl;instruction cache parity error corrected
bgl;bgl;E:\Cours\TFE\experiments\phase_dataset_strengthening\processed\multiformat_balanced_20260910T093742Z\samples\bgl.log;931;;2005-06-03T15:45:42.809437+00:00;INFO;-;KERNEL;KERNEL;R02-M1-N0-C:J12-U11;;;;;;;;;;;;;;;;;;;;;;;;;;;;;system;bgl;instruction cache parity error corrected
bgl;bgl;E:\Cours\TFE\experiments\phase_dataset_strengthening\processed\multiformat_balanced_20260910T093742Z\samples\bgl.log;932;;2005-06-03T15:45:42.983766+00:00;INFO;-;KERNEL;KERNEL;R02-M1-N0-C:J12-U11;;;;;;;;;;;;;;;;;;;;;;;;;;;;;system;bgl;instruction cache parity error corrected
bgl;bgl;E:\Cours\TFE\experiments\phase_dataset_strengthening\processed\multiformat_balanced_20260910T093742Z\samples\bgl.log;933;;2005-06-03T15:45:43.135756+00:00;INFO;-;KERNEL;KERNEL;R02-M1-N0-C:J12-U11;;;;;;;;;;;;;;;;;;;;;;;;;;;;;system;bgl;instruction cache parity error corrected
bgl;bgl;E:\Cours\TFE\experiments\phase_dataset_strengthening\processed\multiformat_balanced_20260910T093742Z\samples\bgl.log;934;;2005-06-03T15:45:43.271755+00:00;INFO;-;KERNEL;KERNEL;R02-M1-N0-C:J12-U11;;;;;;;;;;;;;;;;;;;;;;;;;;;;;system;bgl;instruction cache parity error corrected
bgl;bgl;E:\Cours\TFE\experiments\phase_dataset_strengthening\processed\multiformat_balanced_20260910T093742Z\samples\bgl.log;935;;2005-06-03T15:45:43.427192+00:00;INFO;-;KERNEL;KERNEL;R02-M1-N0-C:J12-U11;;;;;;;;;;;;;;;;;;;;;;;;;;;;;system;bgl;instruction cache parity error corrected
bgl;bgl;E:\Cours\TFE\experiments\phase_dataset_strengthening\processed\multiformat_balanced_20260910T093742Z\samples\bgl.log;936;;2005-06-03T15:45:43.586215+00:00;INFO;-;KERNEL;KERNEL;R02-M1-N0-C:J12-U11;;;;;;;;;;;;;;;;;;;;;;;;;;;;;system;bgl;instruction cache parity error corrected
bgl;bgl;E:\Cours\TFE\experiments\phase_dataset_strengthening\processed\multiformat_balanced_20260910T093742Z\samples\bgl.log;937;;2005-06-03T15:45:43.730333+00:00;INFO;-;KERNEL;KERNEL;R02-M1-N0-C:J12-U11;;;;;;;;;;;;;;;;;;;;;;;;;;;;;system;bgl;instruction cache parity error corrected
bgl;bgl;E:\Cours\TFE\experiments\phase_dataset_strengthening\processed\multiformat_balanced_20260910T093742Z\samples\bgl.log;938;;2005-06-03T15:45:43.873060+00:00;INFO;-;KERNEL;KERNEL;R02-M1-N0-C:J12-U11;;;;;;;;;;;;;;;;;;;;;;;;;;;;;system;bgl;instruction cache parity error corrected
bgl;bgl;E:\Cours\TFE\experiments\phase_dataset_strengthening\processed\multiformat_balanced_20260910T093742Z\samples\bgl.log;939;;2005-06-03T15:45:44.018584+00:00;INFO;-;KERNEL;KERNEL;R02-M1-N0-C:J12-U11;;;;;;;;;;;;;;;;;;;;;;;;;;;;;system;bgl;instruction cache parity error corrected
bgl;bgl;E:\Cours\TFE\experiments\phase_dataset_strengthening\processed\multiformat_balanced_20260910T093742Z\samples\bgl.log;940;;2005-06-03T15:45:44.168160+00:00;INFO;-;KERNEL;KERNEL;R02-M1-N0-C:J12-U11;;;;;;;;;;;;;;;;;;;;;;;;;;;;;system;bgl;instruction cache parity error corrected
bgl;bgl;E:\Cours\TFE\experiments\phase_dataset_strengthening\processed\multiformat_balanced_20260910T093742Z\samples\bgl.log;941;;2005-06-03T15:45:44.303072+00:00;INFO;-;KERNEL;KERNEL;R02-M1-N0-C:J12-U11;;;;;;;;;;;;;;;;;;;;;;;;;;;;;system;bgl;instruction cache parity error corrected
bgl;bgl;E:\Cours\TFE\experiments\phase_dataset_strengthening\processed\multiformat_balanced_20260910T093742Z\samples\bgl.log;942;;2005-06-03T15:45:44.458810+00:00;INFO;-;KERNEL;KERNEL;R02-M1-N0-C:J12-U11;;;;;;;;;;;;;;;;;;;;;;;;;;;;;system;bgl;instruction cache parity error corrected
bgl;bgl;E:\Cours\TFE\experiments\phase_dataset_strengthening\processed\multiformat_balanced_20260910T093742Z\samples\bgl.log;943;;2005-06-03T15:45:44.617905+00:00;INFO;-;KERNEL;KERNEL;R02-M1-N0-C:J12-U11;;;;;;;;;;;;;;;;;;;;;;;;;;;;;system;bgl;instruction cache parity error corrected
bgl;bgl;E:\Cours\TFE\experiments\phase_dataset_strengthening\processed\multiformat_balanced_20260910T093742Z\samples\bgl.log;944;;2005-06-03T15:45:44.763914+00:00;INFO;-;KERNEL;KERNEL;R02-M1-N0-C:J12-U11;;;;;;;;;;;;;;;;;;;;;;;;;;;;;system;bgl;instruction cache parity error corrected
bgl;bgl;E:\Cours\TFE\experiments\phase_dataset_strengthening\processed\multiformat_balanced_20260910T093742Z\samples\bgl.log;945;;2005-06-03T15:45:44.931188+00:00;INFO;-;KERNEL;KERNEL;R02-M1-N0-C:J12-U11;;;;;;;;;;;;;;;;;;;;;;;;;;;;;system;bgl;instruction cache parity error corrected
bgl;bgl;E:\Cours\TFE\experiments\phase_dataset_strengthening\processed\multiformat_balanced_20260910T093742Z\samples\bgl.log;946;;2005-06-03T15:45:45.080142+00:00;INFO;-;KERNEL;KERNEL;R02-M1-N0-C:J12-U11;;;;;;;;;;;;;;;;;;;;;;;;;;;;;system;bgl;instruction cache parity error corrected
bgl;bgl;E:\Cours\TFE\experiments\phase_dataset_strengthening\processed\multiformat_balanced_20260910T093742Z\samples\bgl.log;947;;2005-06-03T15:45:45.226874+00:00;INFO;-;KERNEL;KERNEL;R02-M1-N0-C:J12-U11;;;;;;;;;;;;;;;;;;;;;;;;;;;;;system;bgl;instruction cache parity error corrected
bgl;bgl;E:\Cours\TFE\experiments\phase_dataset_strengthening\processed\multiformat_balanced_20260910T093742Z\samples\bgl.log;948;;2005-06-03T15:45:45.364720+00:00;INFO;-;KERNEL;KERNEL;R02-M1-N0-C:J12-U11;;;;;;;;;;;;;;;;;;;;;;;;;;;;;system;bgl;instruction cache parity error corrected
bgl;bgl;E:\Cours\TFE\experiments\phase_dataset_strengthening\processed\multiformat_balanced_20260910T093742Z\samples\bgl.log;949;;2005-06-03T15:45:45.540207+00:00;INFO;-;KERNEL;KERNEL;R02-M1-N0-C:J12-U11;;;;;;;;;;;;;;;;;;;;;;;;;;;;;system;bgl;instruction cache parity error corrected
bgl;bgl;E:\Cours\TFE\experiments\phase_dataset_strengthening\processed\multiformat_balanced_20260910T093742Z\samples\bgl.log;950;;2005-06-03T15:45:45.687388+00:00;INFO;-;KERNEL;KERNEL;R02-M1-N0-C:J12-U11;;;;;;;;;;;;;;;;;;;;;;;;;;;;;system;bgl;instruction cache parity error corrected
bgl;bgl;E:\Cours\TFE\experiments\phase_dataset_strengthening\processed\multiformat_balanced_20260910T093742Z\samples\bgl.log;951;;2005-06-03T15:45:45.822649+00:00;INFO;-;KERNEL;KERNEL;R02-M1-N0-C:J12-U11;;;;;;;;;;;;;;;;;;;;;;;;;;;;;system;bgl;instruction cache parity error corrected
bgl;bgl;E:\Cours\TFE\experiments\phase_dataset_strengthening\processed\multiformat_balanced_20260910T093742Z\samples\bgl.log;952;;2005-06-03T15:45:46.104952+00:00;INFO;-;KERNEL;KERNEL;R02-M1-N0-C:J12-U11;;;;;;;;;;;;;;;;;;;;;;;;;;;;;system;bgl;instruction cache parity error corrected
bgl;bgl;E:\Cours\TFE\experiments\phase_dataset_strengthening\processed\multiformat_balanced_20260910T093742Z\samples\bgl.log;953;;2005-06-03T15:45:46.245655+00:00;INFO;-;KERNEL;KERNEL;R02-M1-N0-C:J12-U11;;;;;;;;;;;;;;;;;;;;;;;;;;;;;system;bgl;instruction cache parity error corrected
bgl;bgl;E:\Cours\TFE\experiments\phase_dataset_strengthening\processed\multiformat_balanced_20260910T093742Z\samples\bgl.log;954;;2005-06-03T15:45:46.388199+00:00;INFO;-;KERNEL;KERNEL;R02-M1-N0-C:J12-U11;;;;;;;;;;;;;;;;;;;;;;;;;;;;;system;bgl;instruction cache parity error corrected
bgl;bgl;E:\Cours\TFE\experiments\phase_dataset_strengthening\processed\multiformat_balanced_20260910T093742Z\samples\bgl.log;955;;2005-06-03T15:45:46.553471+00:00;INFO;-;KERNEL;KERNEL;R02-M1-N0-C:J12-U11;;;;;;;;;;;;;;;;;;;;;;;;;;;;;system;bgl;instruction cache parity error corrected
bgl;bgl;E:\Cours\TFE\experiments\phase_dataset_strengthening\processed\multiformat_balanced_20260910T093742Z\samples\bgl.log;956;;2005-06-03T15:45:46.701033+00:00;INFO;-;KERNEL;KERNEL;R02-M1-N0-C:J12-U11;;;;;;;;;;;;;;;;;;;;;;;;;;;;;system;bgl;instruction cache parity error corrected
bgl;bgl;E:\Cours\TFE\experiments\phase_dataset_strengthening\processed\multiformat_balanced_20260910T093742Z\samples\bgl.log;957;;2005-06-03T15:45:46.845749+00:00;INFO;-;KERNEL;KERNEL;R02-M1-N0-C:J12-U11;;;;;;;;;;;;;;;;;;;;;;;;;;;;;system;bgl;instruction cache parity error corrected
bgl;bgl;E:\Cours\TFE\experiments\phase_dataset_strengthening\processed\multiformat_balanced_20260910T093742Z\samples\bgl.log;958;;2005-06-03T15:45:47.020797+00:00;INFO;-;KERNEL;KERNEL;R02-M1-N0-C:J12-U11;;;;;;;;;;;;;;;;;;;;;;;;;;;;;system;bgl;instruction cache parity error corrected
bgl;bgl;E:\Cours\TFE\experiments\phase_dataset_strengthening\processed\multiformat_balanced_20260910T093742Z\samples\bgl.log;959;;2005-06-03T15:45:47.166363+00:00;INFO;-;KERNEL;KERNEL;R02-M1-N0-C:J12-U11;;;;;;;;;;;;;;;;;;;;;;;;;;;;;system;bgl;instruction cache parity error corrected
bgl;bgl;E:\Cours\TFE\experiments\phase_dataset_strengthening\processed\multiformat_balanced_20260910T093742Z\samples\bgl.log;960;;2005-06-03T15:45:47.309278+00:00;INFO;-;KERNEL;KERNEL;R02-M1-N0-C:J12-U11;;;;;;;;;;;;;;;;;;;;;;;;;;;;;system;bgl;instruction cache parity error corrected
bgl;bgl;E:\Cours\TFE\experiments\phase_dataset_strengthening\processed\multiformat_balanced_20260910T093742Z\samples\bgl.log;961;;2005-06-03T15:45:47.468876+00:00;INFO;-;KERNEL;KERNEL;R02-M1-N0-C:J12-U11;;;;;;;;;;;;;;;;;;;;;;;;;;;;;system;bgl;instruction cache parity error corrected
bgl;bgl;E:\Cours\TFE\experiments\phase_dataset_strengthening\processed\multiformat_balanced_20260910T093742Z\samples\bgl.log;962;;2005-06-03T15:45:47.614916+00:00;INFO;-;KERNEL;KERNEL;R02-M1-N0-C:J12-U11;;;;;;;;;;;;;;;;;;;;;;;;;;;;;system;bgl;instruction cache parity error corrected
bgl;bgl;E:\Cours\TFE\experiments\phase_dataset_strengthening\processed\multiformat_balanced_20260910T093742Z\samples\bgl.log;963;;2005-06-03T15:45:47.772050+00:00;INFO;-;KERNEL;KERNEL;R02-M1-N0-C:J12-U11;;;;;;;;;;;;;;;;;;;;;;;;;;;;;system;bgl;instruction cache parity error corrected
bgl;bgl;E:\Cours\TFE\experiments\phase_dataset_strengthening\processed\multiformat_balanced_20260910T093742Z\samples\bgl.log;964;;2005-06-03T15:45:47.907842+00:00;INFO;-;KERNEL;KERNEL;R02-M1-N0-C:J12-U11;;;;;;;;;;;;;;;;;;;;;;;;;;;;;system;bgl;instruction cache parity error corrected
bgl;bgl;E:\Cours\TFE\experiments\phase_dataset_strengthening\processed\multiformat_balanced_20260910T093742Z\samples\bgl.log;965;;2005-06-03T15:45:48.080349+00:00;INFO;-;KERNEL;KERNEL;R02-M1-N0-C:J12-U11;;;;;;;;;;;;;;;;;;;;;;;;;;;;;system;bgl;instruction cache parity error corrected
bgl;bgl;E:\Cours\TFE\experiments\phase_dataset_strengthening\processed\multiformat_balanced_20260910T093742Z\samples\bgl.log;966;;2005-06-03T15:45:48.227053+00:00;INFO;-;KERNEL;KERNEL;R02-M1-N0-C:J12-U11;;;;;;;;;;;;;;;;;;;;;;;;;;;;;system;bgl;instruction cache parity error corrected
bgl;bgl;E:\Cours\TFE\experiments\phase_dataset_strengthening\processed\multiformat_balanced_20260910T093742Z\samples\bgl.log;967;;2005-06-03T15:45:48.371985+00:00;INFO;-;KERNEL;KERNEL;R02-M1-N0-C:J12-U11;;;;;;;;;;;;;;;;;;;;;;;;;;;;;system;bgl;instruction cache parity error corrected
bgl;bgl;E:\Cours\TFE\experiments\phase_dataset_strengthening\processed\multiformat_balanced_20260910T093742Z\samples\bgl.log;968;;2005-06-03T15:45:48.524207+00:00;INFO;-;KERNEL;KERNEL;R02-M1-N0-C:J12-U11;;;;;;;;;;;;;;;;;;;;;;;;;;;;;system;bgl;instruction cache parity error corrected
bgl;bgl;E:\Cours\TFE\experiments\phase_dataset_strengthening\processed\multiformat_balanced_20260910T093742Z\samples\bgl.log;969;;2005-06-03T15:45:48.674758+00:00;INFO;-;KERNEL;KERNEL;R02-M1-N0-C:J12-U11;;;;;;;;;;;;;;;;;;;;;;;;;;;;;system;bgl;instruction cache parity error corrected
bgl;bgl;E:\Cours\TFE\experiments\phase_dataset_strengthening\processed\multiformat_balanced_20260910T093742Z\samples\bgl.log;970;;2005-06-03T15:45:48.817171+00:00;INFO;-;KERNEL;KERNEL;R02-M1-N0-C:J12-U11;;;;;;;;;;;;;;;;;;;;;;;;;;;;;system;bgl;instruction cache parity error corrected
bgl;bgl;E:\Cours\TFE\experiments\phase_dataset_strengthening\processed\multiformat_balanced_20260910T093742Z\samples\bgl.log;971;;2005-06-03T15:45:48.960347+00:00;INFO;-;KERNEL;KERNEL;R02-M1-N0-C:J12-U11;;;;;;;;;;;;;;;;;;;;;;;;;;;;;system;bgl;instruction cache parity error corrected
bgl;bgl;E:\Cours\TFE\experiments\phase_dataset_strengthening\processed\multiformat_balanced_20260910T093742Z\samples\bgl.log;972;;2005-06-03T15:45:49.104730+00:00;INFO;-;KERNEL;KERNEL;R02-M1-N0-C:J12-U11;;;;;;;;;;;;;;;;;;;;;;;;;;;;;system;bgl;instruction cache parity error corrected
bgl;bgl;E:\Cours\TFE\experiments\phase_dataset_strengthening\processed\multiformat_balanced_20260910T093742Z\samples\bgl.log;973;;2005-06-03T15:45:49.262290+00:00;INFO;-;KERNEL;KERNEL;R02-M1-N0-C:J12-U11;;;;;;;;;;;;;;;;;;;;;;;;;;;;;system;bgl;instruction cache parity error corrected
bgl;bgl;E:\Cours\TFE\experiments\phase_dataset_strengthening\processed\multiformat_balanced_20260910T093742Z\samples\bgl.log;974;;2005-06-03T15:45:49.398421+00:00;INFO;-;KERNEL;KERNEL;R02-M1-N0-C:J12-U11;;;;;;;;;;;;;;;;;;;;;;;;;;;;;system;bgl;instruction cache parity error corrected
bgl;bgl;E:\Cours\TFE\experiments\phase_dataset_strengthening\processed\multiformat_balanced_20260910T093742Z\samples\bgl.log;975;;2005-06-03T15:45:49.548917+00:00;INFO;-;KERNEL;KERNEL;R02-M1-N0-C:J12-U11;;;;;;;;;;;;;;;;;;;;;;;;;;;;;system;bgl;instruction cache parity error corrected
bgl;bgl;E:\Cours\TFE\experiments\phase_dataset_strengthening\processed\multiformat_balanced_20260910T093742Z\samples\bgl.log;976;;2005-06-03T15:45:49.690177+00:00;INFO;-;KERNEL;KERNEL;R02-M1-N0-C:J12-U11;;;;;;;;;;;;;;;;;;;;;;;;;;;;;system;bgl;instruction cache parity error corrected
bgl;bgl;E:\Cours\TFE\experiments\phase_dataset_strengthening\processed\multiformat_balanced_20260910T093742Z\samples\bgl.log;977;;2005-06-03T15:45:49.833944+00:00;INFO;-;KERNEL;KERNEL;R02-M1-N0-C:J12-U11;;;;;;;;;;;;;;;;;;;;;;;;;;;;;system;bgl;instruction cache parity error corrected
bgl;bgl;E:\Cours\TFE\experiments\phase_dataset_strengthening\processed\multiformat_balanced_20260910T093742Z\samples\bgl.log;978;;2005-06-03T15:45:49.987752+00:00;INFO;-;KERNEL;KERNEL;R02-M1-N0-C:J12-U11;;;;;;;;;;;;;;;;;;;;;;;;;;;;;system;bgl;instruction cache parity error corrected
bgl;bgl;E:\Cours\TFE\experiments\phase_dataset_strengthening\processed\multiformat_balanced_20260910T093742Z\samples\bgl.log;979;;2005-06-03T15:45:50.135361+00:00;INFO;-;KERNEL;KERNEL;R02-M1-N0-C:J12-U11;;;;;;;;;;;;;;;;;;;;;;;;;;;;;system;bgl;instruction cache parity error corrected
bgl;bgl;E:\Cours\TFE\experiments\phase_dataset_strengthening\processed\multiformat_balanced_20260910T093742Z\samples\bgl.log;980;;2005-06-03T15:45:50.294327+00:00;INFO;-;KERNEL;KERNEL;R02-M1-N0-C:J12-U11;;;;;;;;;;;;;;;;;;;;;;;;;;;;;system;bgl;instruction cache parity error corrected
bgl;bgl;E:\Cours\TFE\experiments\phase_dataset_strengthening\processed\multiformat_balanced_20260910T093742Z\samples\bgl.log;981;;2005-06-03T15:45:50.430343+00:00;INFO;-;KERNEL;KERNEL;R02-M1-N0-C:J12-U11;;;;;;;;;;;;;;;;;;;;;;;;;;;;;system;bgl;instruction cache parity error corrected
bgl;bgl;E:\Cours\TFE\experiments\phase_dataset_strengthening\processed\multiformat_balanced_20260910T093742Z\samples\bgl.log;982;;2005-06-03T15:45:50.590757+00:00;INFO;-;KERNEL;KERNEL;R02-M1-N0-C:J12-U11;;;;;;;;;;;;;;;;;;;;;;;;;;;;;system;bgl;instruction cache parity error corrected
bgl;bgl;E:\Cours\TFE\experiments\phase_dataset_strengthening\processed\multiformat_balanced_20260910T093742Z\samples\bgl.log;983;;2005-06-03T15:45:50.739709+00:00;INFO;-;KERNEL;KERNEL;R02-M1-N0-C:J12-U11;;;;;;;;;;;;;;;;;;;;;;;;;;;;;system;bgl;instruction cache parity error corrected
bgl;bgl;E:\Cours\TFE\experiments\phase_dataset_strengthening\processed\multiformat_balanced_20260910T093742Z\samples\bgl.log;984;;2005-06-03T15:45:50.889141+00:00;INFO;-;KERNEL;KERNEL;R02-M1-N0-C:J12-U11;;;;;;;;;;;;;;;;;;;;;;;;;;;;;system;bgl;instruction cache parity error corrected
bgl;bgl;E:\Cours\TFE\experiments\phase_dataset_strengthening\processed\multiformat_balanced_20260910T093742Z\samples\bgl.log;985;;2005-06-03T15:45:51.049443+00:00;INFO;-;KERNEL;KERNEL;R02-M1-N0-C:J12-U11;;;;;;;;;;;;;;;;;;;;;;;;;;;;;system;bgl;instruction cache parity error corrected
bgl;bgl;E:\Cours\TFE\experiments\phase_dataset_strengthening\processed\multiformat_balanced_20260910T093742Z\samples\bgl.log;986;;2005-06-03T15:45:51.197451+00:00;INFO;-;KERNEL;KERNEL;R02-M1-N0-C:J12-U11;;;;;;;;;;;;;;;;;;;;;;;;;;;;;system;bgl;instruction cache parity error corrected
bgl;bgl;E:\Cours\TFE\experiments\phase_dataset_strengthening\processed\multiformat_balanced_20260910T093742Z\samples\bgl.log;987;;2005-06-03T15:45:51.333002+00:00;INFO;-;KERNEL;KERNEL;R02-M1-N0-C:J12-U11;;;;;;;;;;;;;;;;;;;;;;;;;;;;;system;bgl;instruction cache parity error corrected
bgl;bgl;E:\Cours\TFE\experiments\phase_dataset_strengthening\processed\multiformat_balanced_20260910T093742Z\samples\bgl.log;988;;2005-06-03T15:45:51.555865+00:00;INFO;-;KERNEL;KERNEL;R02-M1-N0-C:J12-U11;;;;;;;;;;;;;;;;;;;;;;;;;;;;;system;bgl;instruction cache parity error corrected
bgl;bgl;E:\Cours\TFE\experiments\phase_dataset_strengthening\processed\multiformat_balanced_20260910T093742Z\samples\bgl.log;989;;2005-06-03T15:45:51.699718+00:00;INFO;-;KERNEL;KERNEL;R02-M1-N0-C:J12-U11;;;;;;;;;;;;;;;;;;;;;;;;;;;;;system;bgl;instruction cache parity error corrected
bgl;bgl;E:\Cours\TFE\experiments\phase_dataset_strengthening\processed\multiformat_balanced_20260910T093742Z\samples\bgl.log;990;;2005-06-03T15:45:51.837886+00:00;INFO;-;KERNEL;KERNEL;R02-M1-N0-C:J12-U11;;;;;;;;;;;;;;;;;;;;;;;;;;;;;system;bgl;instruction cache parity error corrected
bgl;bgl;E:\Cours\TFE\experiments\phase_dataset_strengthening\processed\multiformat_balanced_20260910T093742Z\samples\bgl.log;991;;2005-06-03T15:45:51.973163+00:00;INFO;-;KERNEL;KERNEL;R02-M1-N0-C:J12-U11;;;;;;;;;;;;;;;;;;;;;;;;;;;;;system;bgl;instruction cache parity error corrected
bgl;bgl;E:\Cours\TFE\experiments\phase_dataset_strengthening\processed\multiformat_balanced_20260910T093742Z\samples\bgl.log;992;;2005-06-03T15:45:52.148807+00:00;INFO;-;KERNEL;KERNEL;R02-M1-N0-C:J12-U11;;;;;;;;;;;;;;;;;;;;;;;;;;;;;system;bgl;instruction cache parity error corrected
bgl;bgl;E:\Cours\TFE\experiments\phase_dataset_strengthening\processed\multiformat_balanced_20260910T093742Z\samples\bgl.log;993;;2005-06-03T15:45:52.297742+00:00;INFO;-;KERNEL;KERNEL;R02-M1-N0-C:J12-U11;;;;;;;;;;;;;;;;;;;;;;;;;;;;;system;bgl;instruction cache parity error corrected
bgl;bgl;E:\Cours\TFE\experiments\phase_dataset_strengthening\processed\multiformat_balanced_20260910T093742Z\samples\bgl.log;994;;2005-06-03T15:45:52.448689+00:00;INFO;-;KERNEL;KERNEL;R02-M1-N0-C:J12-U11;;;;;;;;;;;;;;;;;;;;;;;;;;;;;system;bgl;instruction cache parity error corrected
bgl;bgl;E:\Cours\TFE\experiments\phase_dataset_strengthening\processed\multiformat_balanced_20260910T093742Z\samples\bgl.log;995;;2005-06-03T15:45:52.606361+00:00;INFO;-;KERNEL;KERNEL;R02-M1-N0-C:J12-U11;;;;;;;;;;;;;;;;;;;;;;;;;;;;;system;bgl;instruction cache parity error corrected
bgl;bgl;E:\Cours\TFE\experiments\phase_dataset_strengthening\processed\multiformat_balanced_20260910T093742Z\samples\bgl.log;996;;2005-06-03T15:45:52.750553+00:00;INFO;-;KERNEL;KERNEL;R02-M1-N0-C:J12-U11;;;;;;;;;;;;;;;;;;;;;;;;;;;;;system;bgl;instruction cache parity error corrected
bgl;bgl;E:\Cours\TFE\experiments\phase_dataset_strengthening\processed\multiformat_balanced_20260910T093742Z\samples\bgl.log;997;;2005-06-03T15:45:52.893142+00:00;INFO;-;KERNEL;KERNEL;R02-M1-N0-C:J12-U11;;;;;;;;;;;;;;;;;;;;;;;;;;;;;system;bgl;instruction cache parity error corrected
bgl;bgl;E:\Cours\TFE\experiments\phase_dataset_strengthening\processed\multiformat_balanced_20260910T093742Z\samples\bgl.log;998;;2005-06-03T15:45:53.044055+00:00;INFO;-;KERNEL;KERNEL;R02-M1-N0-C:J12-U11;;;;;;;;;;;;;;;;;;;;;;;;;;;;;system;bgl;instruction cache parity error corrected
bgl;bgl;E:\Cours\TFE\experiments\phase_dataset_strengthening\processed\multiformat_balanced_20260910T093742Z\samples\bgl.log;999;;2005-06-03T15:45:53.198850+00:00;INFO;-;KERNEL;KERNEL;R02-M1-N0-C:J12-U11;;;;;;;;;;;;;;;;;;;;;;;;;;;;;system;bgl;instruction cache parity error corrected
bgl;bgl;E:\Cours\TFE\experiments\phase_dataset_strengthening\processed\multiformat_balanced_20260910T093742Z\samples\bgl.log;1000;;2005-06-03T15:45:53.349182+00:00;INFO;-;KERNEL;KERNEL;R02-M1-N0-C:J12-U11;;;;;;;;;;;;;;;;;;;;;;;;;;;;;system;bgl;instruction cache parity error corrected
