dataset;subtype;filepath;lineno;recno;timestamp_iso;severity;event;source;component;host;pid;tid;session;user;uid;gid;auid;euid;egid;exe;path;path_all;exec_args;exec_args_all;exec_env_all;src_ip;src_port;dst_ip;dst_port;proto;length;flags;http_method;http_url;http_status;bytes_sent;user_agent;referrer;category;subcategory;message;wazuh_rule_level;wazuh_rule_id;wazuh_decoder;wazuh_groups;wazuh_rule_description
06-20-October;wazuh;E:\Cours\TFE\data\raw\Datasets\06-20-October.csv;1;1;;WARNING;510;rootcheck; ;ubuntu; ;; ; ; ; ; ;;; ; ;; ;;; ; ;;; ;;;; ;;;;;wazuh;rootcheck;Trojaned version of file '/usr/bin/diff' detected. Signature used: 'bash|^/bin/sh|file\.h|proc\.h|/dev/[^n]|^/bin/.*sh' (Generic).;7;510;rootcheck;"[""ossec"",""rootcheck""]";Host-based anomaly detection event (rootcheck).
06-20-October;wazuh;E:\Cours\TFE\data\raw\Datasets\06-20-October.csv;2;2;;INFO;81102;kernel;kernel;machine-1; ;; ; ; ; ; ;;; ; ;; ;;; ; ;;; ;;;; ;;;;;wazuh;kernel;Oct  6 23:14:04 sohaib-virtual-machine kernel: [13210.600871] usb 1-2.1: USB disconnect, device number 4;3;81102;kernel;"[""usb""]";USB device disconnected
06-20-October;wazuh;E:\Cours\TFE\data\raw\Datasets\06-20-October.csv;3;3;;INFO;81101;kernel;kernel;machine-1; ;; ; ; ; ; ;;; ; ;; ;;; ; ;;; ;;;; ;;;;;wazuh;kernel;Oct  6 23:23:54 sohaib-virtual-machine kernel: [13211.825771] usb 1-2.1: New USB device found, idVendor=0e0f, idProduct=0008, bcdDevice= 1.00;3;81101;kernel;"[""usb""]";Attached USB Storage
06-20-October;wazuh;E:\Cours\TFE\data\raw\Datasets\06-20-October.csv;4;4;;WARNING;2902;dpkg-decoder; ;machine-1; ;; ; ; ; ; ;;; ; ;; ;;; ; ;;; ;;;; ;;;;;package;dpkg-decoder;2023-10-06 23:24:49 status installed linux-modules-extra-6.2.0-26-generic:amd64 6.2.0-26.26~22.04.1;7;2902;dpkg-decoder;"[""syslog"",""dpkg"",""config_changed""]";New dpkg (Debian Package) installed.
06-20-October;wazuh;E:\Cours\TFE\data\raw\Datasets\06-20-October.csv;5;5;;WARNING;2501; ; ;machine-1; ;; ; ; ; ; ;;; ; ;; ;;; ; ;;; ;;;; ;;;;;authentication; ;"Oct  6 23:24:52 sohaib-virtual-machine gdm-password]: pam_unix(gdm-password:auth): authentication failure; logname= uid=0 euid=0 tty=/dev/tty1 ruser= rhost=  user=sohaib";5;2501; ;"[""syslog"",""access_control"",""authentication_failed""]";syslog: User authentication failure.
06-20-October;wazuh;E:\Cours\TFE\data\raw\Datasets\06-20-October.csv;6;6;;WARNING;550;syscheck_integrity_changed; ;machine-1; ;; ; ; ; ; ;;; ;/etc/opt/kaspersky/klnagent/1103/1.0.0.0/NagentFlags/KLNAG_FLAGS_DETECT_REVERT_ID;; ;;; ; ;;; ;;;; ;;;;;file_integrity;syscheck_integrity_changed;"File '/etc/opt/kaspersky/klnagent/1103/1.0.0.0/NagentFlags/KLNAG_FLAGS_DETECT_REVERT_ID' modified
Mode: scheduled
Changed attributes: mtime,inode,md5,sha1,sha256
Old modification time was: '1696529162', now it is '1696536226'
Old inode was: '132851', now it is '132896'
Old md5sum was: '82b64f6e8ee3835c4eb0babb394d5f6a'
New md5sum is : 'a0711e9dfd26d2ba3cdd36d4d557cd73'
Old sha1sum was: '317938fbe5671eeccee445fa8184fa08731bd43d'
New sha1sum is : '4d0cc180e804d57cdecbc994213c175817474e9b'
Old sha256sum was: '4f9d402a5ef58d3dfe14c39c6b047c412f4093f4269f73189a04fd36ef77216e'
New sha256sum is : '6507f936a2fc6a88e310041d9367f42305647153ae93c757624f4d7ac9ae5293'
";7;550;syscheck_integrity_changed;"[""ossec"",""syscheck"",""syscheck_entry_modified"",""syscheck_file""]";Integrity checksum changed.
06-20-October;wazuh;E:\Cours\TFE\data\raw\Datasets\06-20-October.csv;7;7;;WARNING;510;rootcheck; ;ubuntu; ;; ; ; ; ; ;;; ; ;; ;;; ; ;;; ;;;; ;;;;;wazuh;rootcheck;Trojaned version of file '/usr/bin/diff' detected. Signature used: 'bash|^/bin/sh|file\.h|proc\.h|/dev/[^n]|^/bin/.*sh' (Generic).;7;510;rootcheck;"[""ossec"",""rootcheck""]";Host-based anomaly detection event (rootcheck).
06-20-October;wazuh;E:\Cours\TFE\data\raw\Datasets\06-20-October.csv;8;8;;INFO;502;ossec; ;ubuntu; ;; ; ; ; ; ;;; ; ;; ;;; ; ;;; ;;;; ;;;;;wazuh;ossec;ossec: Manager started.;3;502;ossec;"[""ossec""]";Wazuh server started.
06-20-October;wazuh;E:\Cours\TFE\data\raw\Datasets\06-20-October.csv;9;9;;WARNING;510;rootcheck; ;ubuntu; ;; ; ; ; ; ;;; ; ;; ;;; ; ;;; ;;;; ;;;;;wazuh;rootcheck;Trojaned version of file '/bin/diff' detected. Signature used: 'bash|^/bin/sh|file\.h|proc\.h|/dev/[^n]|^/bin/.*sh' (Generic).;7;510;rootcheck;"[""ossec"",""rootcheck""]";Host-based anomaly detection event (rootcheck).
06-20-October;wazuh;E:\Cours\TFE\data\raw\Datasets\06-20-October.csv;10;10;;INFO;502;ossec; ;ubuntu; ;; ; ; ; ; ;;; ; ;; ;;; ; ;;; ;;;; ;;;;;wazuh;ossec;ossec: Manager started.;3;502;ossec;"[""ossec""]";Wazuh server started.
06-20-October;wazuh;E:\Cours\TFE\data\raw\Datasets\06-20-October.csv;11;11;;INFO;503;ossec; ;machine-1; ;; ; ; ; ; ;;; ; ;; ;;; ; ;;; ;;;; ;;;;;wazuh;ossec;ossec: Agent started: 'machine-1->any'.;3;503;ossec;"[""ossec""]";Wazuh agent started.
06-20-October;wazuh;E:\Cours\TFE\data\raw\Datasets\06-20-October.csv;12;12;;WARNING;510;rootcheck; ;machine-1; ;; ; ; ; ; ;;; ; ;; ;;; ; ;;; ;;;; ;;;;;wazuh;rootcheck;Trojaned version of file '/usr/bin/diff' detected. Signature used: 'bash|^/bin/sh|file\.h|proc\.h|/dev/[^n]|^/bin/.*sh' (Generic).;7;510;rootcheck;"[""ossec"",""rootcheck""]";Host-based anomaly detection event (rootcheck).
06-20-October;wazuh;E:\Cours\TFE\data\raw\Datasets\06-20-October.csv;13;13;;INFO;52002;kernel;kernel;machine-1; ;; ; ; ; ; ;;; ; ;; ;;; ; ;;; ;;;; ;;;;;wazuh;kernel;"Oct  7 22:16:06 sohaib-virtual-machine kernel: [   80.888915] audit: type=1400 audit(1696698966.552:44): apparmor=""DENIED"" operation=""capable"" class=""cap"" profile=""/snap/snapd/20092/usr/lib/snapd/snap-confine"" pid=1287 comm=""snap-confine"" capability=12  capname=""net_admin""";3;52002;kernel;"[""local"",""syslog"",""apparmor""]";Apparmor DENIED
06-20-October;wazuh;E:\Cours\TFE\data\raw\Datasets\06-20-October.csv;14;14;;WARNING;40704;systemd;systemd;machine-1; ;; ; ; ; ; ;;; ; ;; ;;; ; ;;; ;;;; ;;;;;wazuh;systemd;Oct  7 22:16:09 sohaib-virtual-machine systemd[1115]: snap.snapd-desktop-integration.snapd-desktop-integration.service: Main process exited, code=exited, status=1/FAILURE;5;40704;systemd;"[""local"",""systemd""]";Systemd: Service exited due to a failure.
06-20-October;wazuh;E:\Cours\TFE\data\raw\Datasets\06-20-October.csv;15;15;;INFO;52002;kernel;kernel;machine-1; ;; ; ; ; ; ;;; ; ;; ;;; ; ;;; ;;;; ;;;;;wazuh;kernel;"Oct  7 22:20:43 sohaib-virtual-machine kernel: [  358.018420] audit: type=1400 audit(1696699243.684:46): apparmor=""DENIED"" operation=""capable"" class=""cap"" profile=""/snap/snapd/20092/usr/lib/snapd/snap-confine"" pid=3597 comm=""snap-confine"" capability=12  capname=""net_admin""";3;52002;kernel;"[""local"",""syslog"",""apparmor""]";Apparmor DENIED
06-20-October;wazuh;E:\Cours\TFE\data\raw\Datasets\06-20-October.csv;16;16;;INFO;5402;sudo;sudo;machine-1; ;; ;sohaib; ; ; ;;; ; ;; ;;; ; ;;; ;;;; ;;;;;authentication;sudo;"Oct  7 22:22:29 sohaib-virtual-machine sudo:   sohaib : TTY=pts/0 ; PWD=/home/sohaib ; USER=root ; COMMAND=/usr/bin/systemctl start ssh";3;5402;sudo;"[""syslog"",""sudo""]";Successful sudo to ROOT executed.
06-20-October;wazuh;E:\Cours\TFE\data\raw\Datasets\06-20-October.csv;17;17;;INFO;5501;pam;sudo;machine-1; ;; ; ;1000; ; ;;; ; ;; ;;; ; ;;; ;;;; ;;;;;authentication;pam;Oct  7 22:22:29 sohaib-virtual-machine sudo: pam_unix(sudo:session): session opened for user root(uid=0) by (uid=1000);3;5501;pam;"[""pam"",""syslog"",""authentication_success""]";PAM: Login session opened.
06-20-October;wazuh;E:\Cours\TFE\data\raw\Datasets\06-20-October.csv;18;18;;INFO;5502;pam;sudo;machine-1; ;; ; ; ; ; ;;; ; ;; ;;; ; ;;; ;;;; ;;;;;authentication;pam;Oct  7 22:22:29 sohaib-virtual-machine sudo: pam_unix(sudo:session): session closed for user root;3;5502;pam;"[""pam"",""syslog""]";PAM: Login session closed.
06-20-October;wazuh;E:\Cours\TFE\data\raw\Datasets\06-20-October.csv;19;19;;WARNING;510;rootcheck; ;ubuntu; ;; ; ; ; ; ;;; ; ;; ;;; ; ;;; ;;;; ;;;;;wazuh;rootcheck;Trojaned version of file '/usr/bin/diff' detected. Signature used: 'bash|^/bin/sh|file\.h|proc\.h|/dev/[^n]|^/bin/.*sh' (Generic).;7;510;rootcheck;"[""ossec"",""rootcheck""]";Host-based anomaly detection event (rootcheck).
06-20-October;wazuh;E:\Cours\TFE\data\raw\Datasets\06-20-October.csv;20;20;;INFO;502;ossec; ;ubuntu; ;; ; ; ; ; ;;; ; ;; ;;; ; ;;; ;;;; ;;;;;wazuh;ossec;ossec: Manager started.;3;502;ossec;"[""ossec""]";Wazuh server started.
06-20-October;wazuh;E:\Cours\TFE\data\raw\Datasets\06-20-October.csv;21;21;;WARNING;510;rootcheck; ;ubuntu; ;; ; ; ; ; ;;; ; ;; ;;; ; ;;; ;;;; ;;;;;wazuh;rootcheck;Trojaned version of file '/bin/diff' detected. Signature used: 'bash|^/bin/sh|file\.h|proc\.h|/dev/[^n]|^/bin/.*sh' (Generic).;7;510;rootcheck;"[""ossec"",""rootcheck""]";Host-based anomaly detection event (rootcheck).
06-20-October;wazuh;E:\Cours\TFE\data\raw\Datasets\06-20-October.csv;22;22;;WARNING;510;rootcheck; ;ubuntu; ;; ; ; ; ; ;;; ; ;; ;;; ; ;;; ;;;; ;;;;;wazuh;rootcheck;Trojaned version of file '/usr/bin/diff' detected. Signature used: 'bash|^/bin/sh|file\.h|proc\.h|/dev/[^n]|^/bin/.*sh' (Generic).;7;510;rootcheck;"[""ossec"",""rootcheck""]";Host-based anomaly detection event (rootcheck).
06-20-October;wazuh;E:\Cours\TFE\data\raw\Datasets\06-20-October.csv;23;23;;INFO;5501;pam;sshd;machine-1; ;; ; ;0; ; ;;; ; ;; ;;; ; ;;; ;;;; ;;;;;authentication;pam;Oct  8 00:05:06 sohaib-virtual-machine sshd[5184]: pam_unix(sshd:session): session opened for user sohaib(uid=1000) by (uid=0);3;5501;pam;"[""pam"",""syslog"",""authentication_success""]";PAM: Login session opened.
06-20-October;wazuh;E:\Cours\TFE\data\raw\Datasets\06-20-October.csv;24;24;;INFO;5501;pam;sshd;machine-1; ;; ; ;0; ; ;;; ; ;; ;;; ; ;;; ;;;; ;;;;;authentication;pam;Oct  8 00:05:06 sohaib-virtual-machine sshd[5184]: pam_unix(sshd:session): session opened for user sohaib(uid=1000) by (uid=0);3;5501;pam;"[""pam"",""syslog"",""authentication_success""]";PAM: Login session opened.
06-20-October;wazuh;E:\Cours\TFE\data\raw\Datasets\06-20-October.csv;25;25;;INFO;5402;sudo;sudo;machine-1; ;; ;sohaib; ; ; ;;; ; ;; ;;; ; ;;; ;;;; ;;;;;authentication;sudo;"Oct  8 00:08:01 sohaib-virtual-machine sudo:   sohaib : TTY=pts/1 ; PWD=/home/sohaib ; USER=root ; COMMAND=/bin/bash";3;5402;sudo;"[""syslog"",""sudo""]";Successful sudo to ROOT executed.
06-20-October;wazuh;E:\Cours\TFE\data\raw\Datasets\06-20-October.csv;26;26;;INFO;5501;pam;sudo;machine-1; ;; ;sohaib;1000; ; ;;; ; ;; ;;; ; ;;; ;;;; ;;;;;authentication;pam;Oct  8 00:08:03 sohaib-virtual-machine sudo: pam_unix(sudo:session): session opened for user root(uid=0) by sohaib(uid=1000);3;5501;pam;"[""pam"",""syslog"",""authentication_success""]";PAM: Login session opened.
06-20-October;wazuh;E:\Cours\TFE\data\raw\Datasets\06-20-October.csv;27;27;;INFO;5402;sudo;sudo;machine-1; ;; ;sohaib; ; ; ;;; ; ;; ;;; ; ;;; ;;;; ;;;;;authentication;sudo;"Oct  8 00:23:43 sohaib-virtual-machine sudo:   sohaib : TTY=pts/3 ; PWD=/home/sohaib ; USER=root ; COMMAND=/usr/bin/systemctl status wazuh-agent";3;5402;sudo;"[""syslog"",""sudo""]";Successful sudo to ROOT executed.
06-20-October;wazuh;E:\Cours\TFE\data\raw\Datasets\06-20-October.csv;28;28;;INFO;5501;pam;sudo;machine-1; ;; ;sohaib;1000; ; ;;; ; ;; ;;; ; ;;; ;;;; ;;;;;authentication;pam;Oct  8 00:23:43 sohaib-virtual-machine sudo: pam_unix(sudo:session): session opened for user root(uid=0) by sohaib(uid=1000);3;5501;pam;"[""pam"",""syslog"",""authentication_success""]";PAM: Login session opened.
06-20-October;wazuh;E:\Cours\TFE\data\raw\Datasets\06-20-October.csv;29;29;;INFO;5715;sshd;sshd;machine-1; ;; ; ; ; ; ;;; ; ;; ;;;192.168.204.1;52676;;; ;;;; ;;;;;authentication;sshd;Oct  8 00:23:20 sohaib-virtual-machine sshd[5537]: Accepted password for sohaib from 192.168.204.1 port 52676 ssh2;3;5715;sshd;"[""syslog"",""sshd"",""authentication_success""]";sshd: authentication success.
06-20-October;wazuh;E:\Cours\TFE\data\raw\Datasets\06-20-October.csv;30;30;;INFO;2901;dpkg-decoder; ;machine-1; ;; ; ; ; ; ;;; ; ;; ;;; ; ;;; ;;;; ;;;;;package;dpkg-decoder;2023-10-08 00:34:52 install libauparse0:amd64 <none> 1:3.0.7-1build1;3;2901;dpkg-decoder;"[""syslog"",""dpkg""]";New dpkg (Debian Package) requested to install.
06-20-October;wazuh;E:\Cours\TFE\data\raw\Datasets\06-20-October.csv;31;31;;WARNING;2904;dpkg-decoder; ;machine-1; ;; ; ; ; ; ;;; ; ;; ;;; ; ;;; ;;;; ;;;;;package;dpkg-decoder;2023-10-08 00:34:54 status half-configured auditd:amd64 1:3.0.7-1build1;7;2904;dpkg-decoder;"[""syslog"",""dpkg"",""config_changed""]";Dpkg (Debian Package) half configured.
06-20-October;wazuh;E:\Cours\TFE\data\raw\Datasets\06-20-October.csv;32;32;;WARNING;2902;dpkg-decoder; ;machine-1; ;; ; ; ; ; ;;; ; ;; ;;; ; ;;; ;;;; ;;;;;package;dpkg-decoder;2023-10-08 00:34:59 status installed auditd:amd64 1:3.0.7-1build1;7;2902;dpkg-decoder;"[""syslog"",""dpkg"",""config_changed""]";New dpkg (Debian Package) installed.
06-20-October;wazuh;E:\Cours\TFE\data\raw\Datasets\06-20-October.csv;33;33;;WARNING;2902;dpkg-decoder; ;machine-1; ;; ; ; ; ; ;;; ; ;; ;;; ; ;;; ;;;; ;;;;;package;dpkg-decoder;2023-10-08 00:35:01 status installed libc-bin:amd64 2.35-0ubuntu3.4;7;2902;dpkg-decoder;"[""syslog"",""dpkg"",""config_changed""]";New dpkg (Debian Package) installed.
06-20-October;wazuh;E:\Cours\TFE\data\raw\Datasets\06-20-October.csv;34;34;;INFO;52002;kernel;kernel;machine-1; ;; ; ; ; ; ;;; ; ;; ;;; ; ;;; ;;;; ;;;;;wazuh;kernel;"Oct  7 23:20:50 sohaib-virtual-machine kernel: [   59.245274] audit: type=1400 audit(1696702850.348:44): apparmor=""DENIED"" operation=""capable"" class=""cap"" profile=""/snap/snapd/20092/usr/lib/snapd/snap-confine"" pid=1244 comm=""snap-confine"" capability=12  capname=""net_admin""";3;52002;kernel;"[""local"",""syslog"",""apparmor""]";Apparmor DENIED
06-20-October;wazuh;E:\Cours\TFE\data\raw\Datasets\06-20-October.csv;35;35;;WARNING;510;rootcheck; ;machine-1; ;; ; ; ; ; ;;; ; ;; ;;; ; ;;; ;;;; ;;;;;wazuh;rootcheck;Trojaned version of file '/usr/bin/diff' detected. Signature used: 'bash|^/bin/sh|file\.h|proc\.h|/dev/[^n]|^/bin/.*sh' (Generic).;7;510;rootcheck;"[""ossec"",""rootcheck""]";Host-based anomaly detection event (rootcheck).
06-20-October;wazuh;E:\Cours\TFE\data\raw\Datasets\06-20-October.csv;36;36;;WARNING;40704;systemd;systemd;machine-1; ;; ; ; ; ; ;;; ; ;; ;;; ; ;;; ;;;; ;;;;;wazuh;systemd;Oct  7 23:20:56 sohaib-virtual-machine systemd[1189]: snap.snapd-desktop-integration.snapd-desktop-integration.service: Main process exited, code=exited, status=1/FAILURE;5;40704;systemd;"[""local"",""systemd""]";Systemd: Service exited due to a failure.
06-20-October;wazuh;E:\Cours\TFE\data\raw\Datasets\06-20-October.csv;37;37;;WARNING;31164;web-accesslog; ;machine-1; ;; ; ; ; ; ;;; ; ;; ;;;192.168.204.1; ;;;GET;;;;/DVWA/vulnerabilities/sqli/?id=%27&Submit=Submit;;;;;web_attack;web-accesslog;"192.168.204.1 - - [08/Oct/2023:00:25:01 +0500] ""GET /DVWA/vulnerabilities/sqli/?id=%27&Submit=Submit HTTP/1.1"" 500 295 ""http://192.168.204.130/DVWA/vulnerabilities/sqli/"" ""Mozilla/5.0 (Windows NT 10.0; Win64; x64) AppleWebKit/537.36 (KHTML, like Gecko) Chrome/117.0.0.0 Safari/537.36 Edg/117.0.2045.55""";6;31164;web-accesslog;"[""web"",""accesslog"",""attack"",""sqlinjection"",""attack""]";SQL injection attempt.
06-20-October;wazuh;E:\Cours\TFE\data\raw\Datasets\06-20-October.csv;38;38;;INFO;52002;kernel;kernel;machine-1; ;; ; ; ; ; ;;; ; ;; ;;; ; ;;; ;;;; ;;;;;wazuh;kernel;"Oct  8 00:02:14 sohaib-virtual-machine kernel: [ 2543.768453] audit: type=1400 audit(1696705334.832:46): apparmor=""DENIED"" operation=""capable"" class=""cap"" profile=""/usr/sbin/cupsd"" pid=5162 comm=""cupsd"" capability=12  capname=""net_admin""";3;52002;kernel;"[""local"",""syslog"",""apparmor""]";Apparmor DENIED
06-20-October;wazuh;E:\Cours\TFE\data\raw\Datasets\06-20-October.csv;39;39;;INFO;502;ossec; ;ubuntu; ;; ; ; ; ; ;;; ; ;; ;;; ; ;;; ;;;; ;;;;;wazuh;ossec;ossec: Manager started.;3;502;ossec;"[""ossec""]";Wazuh server started.
06-20-October;wazuh;E:\Cours\TFE\data\raw\Datasets\06-20-October.csv;40;40;;WARNING;510;rootcheck; ;ubuntu; ;; ; ; ; ; ;;; ; ;; ;;; ; ;;; ;;;; ;;;;;wazuh;rootcheck;Trojaned version of file '/bin/diff' detected. Signature used: 'bash|^/bin/sh|file\.h|proc\.h|/dev/[^n]|^/bin/.*sh' (Generic).;7;510;rootcheck;"[""ossec"",""rootcheck""]";Host-based anomaly detection event (rootcheck).
06-20-October;wazuh;E:\Cours\TFE\data\raw\Datasets\06-20-October.csv;41;41;;INFO;2901;dpkg-decoder; ;machine-1; ;; ; ; ; ; ;;; ; ;; ;;; ; ;;; ;;;; ;;;;;package;dpkg-decoder;2023-10-08 01:50:28 install p7zip:amd64 <none> 16.02+dfsg-8;3;2901;dpkg-decoder;"[""syslog"",""dpkg""]";New dpkg (Debian Package) requested to install.
06-20-October;wazuh;E:\Cours\TFE\data\raw\Datasets\06-20-October.csv;42;42;;WARNING;2904;dpkg-decoder; ;machine-1; ;; ; ; ; ; ;;; ; ;; ;;; ; ;;; ;;;; ;;;;;package;dpkg-decoder;2023-10-08 01:50:28 status half-configured p7zip:amd64 16.02+dfsg-8;7;2904;dpkg-decoder;"[""syslog"",""dpkg"",""config_changed""]";Dpkg (Debian Package) half configured.
06-20-October;wazuh;E:\Cours\TFE\data\raw\Datasets\06-20-October.csv;43;43;;WARNING;2902;dpkg-decoder; ;machine-1; ;; ; ; ; ; ;;; ; ;; ;;; ; ;;; ;;;; ;;;;;package;dpkg-decoder;2023-10-08 01:50:28 status installed p7zip:amd64 16.02+dfsg-8;7;2902;dpkg-decoder;"[""syslog"",""dpkg"",""config_changed""]";New dpkg (Debian Package) installed.
06-20-October;wazuh;E:\Cours\TFE\data\raw\Datasets\06-20-October.csv;44;44;;WARNING;202;wazuh; ;machine-1; ;; ; ; ; ; ;;; ; ;; ;;; ; ;;; ;;;; ;;;;;wazuh;wazuh;wazuh: Agent buffer: '90%'.;7;202;wazuh;"[""wazuh"",""agent_flooding""]";Agent event queue is 90% full.
06-20-October;wazuh;E:\Cours\TFE\data\raw\Datasets\06-20-October.csv;45;45;;WARNING;203;wazuh; ;machine-1; ;; ; ; ; ; ;;; ; ;; ;;; ; ;;; ;;;; ;;;;;wazuh;wazuh;wazuh: Agent buffer: 'full'.;9;203;wazuh;"[""wazuh"",""agent_flooding""]";Agent event queue is full. Events may be lost.
06-20-October;wazuh;E:\Cours\TFE\data\raw\Datasets\06-20-October.csv;46;46;;INFO;591;ossec; ;machine-1; ;; ; ; ; ; ;;; ; ;; ;;; ; ;;; ;;;; ;;;;;wazuh;ossec;ossec: File rotated (inode changed): '/var/log/audit/audit.log'.;3;591;ossec;"[""ossec""]";Log file rotated.
06-20-October;wazuh;E:\Cours\TFE\data\raw\Datasets\06-20-October.csv;47;47;;WARNING;203;wazuh; ;machine-1; ;; ; ; ; ; ;;; ; ;; ;;; ; ;;; ;;;; ;;;;;wazuh;wazuh;wazuh: Agent buffer: 'full'.;9;203;wazuh;"[""wazuh"",""agent_flooding""]";Agent event queue is full. Events may be lost.
06-20-October;wazuh;E:\Cours\TFE\data\raw\Datasets\06-20-October.csv;48;48;;WARNING;202;wazuh; ;machine-1; ;; ; ; ; ; ;;; ; ;; ;;; ; ;;; ;;;; ;;;;;wazuh;wazuh;wazuh: Agent buffer: '90%'.;7;202;wazuh;"[""wazuh"",""agent_flooding""]";Agent event queue is 90% full.
06-20-October;wazuh;E:\Cours\TFE\data\raw\Datasets\06-20-October.csv;49;49;;WARNING;202;wazuh; ;machine-1; ;; ; ; ; ; ;;; ; ;; ;;; ; ;;; ;;;; ;;;;;wazuh;wazuh;wazuh: Agent buffer: '90%'.;7;202;wazuh;"[""wazuh"",""agent_flooding""]";Agent event queue is 90% full.
06-20-October;wazuh;E:\Cours\TFE\data\raw\Datasets\06-20-October.csv;50;50;;INFO;205;wazuh; ;machine-1; ;; ; ; ; ; ;;; ; ;; ;;; ; ;;; ;;;; ;;;;;wazuh;wazuh;wazuh: Agent buffer: 'normal'.;3;205;wazuh;"[""wazuh"",""agent_flooding""]";Agent event queue is back to normal load.
06-20-October;wazuh;E:\Cours\TFE\data\raw\Datasets\06-20-October.csv;51;51;;INFO;205;wazuh; ;machine-1; ;; ; ; ; ; ;;; ; ;; ;;; ; ;;; ;;;; ;;;;;wazuh;wazuh;wazuh: Agent buffer: 'normal'.;3;205;wazuh;"[""wazuh"",""agent_flooding""]";Agent event queue is back to normal load.
06-20-October;wazuh;E:\Cours\TFE\data\raw\Datasets\06-20-October.csv;52;52;;INFO;205;wazuh; ;machine-1; ;; ; ; ; ; ;;; ; ;; ;;; ; ;;; ;;;; ;;;;;wazuh;wazuh;wazuh: Agent buffer: 'normal'.;3;205;wazuh;"[""wazuh"",""agent_flooding""]";Agent event queue is back to normal load.
06-20-October;wazuh;E:\Cours\TFE\data\raw\Datasets\06-20-October.csv;53;53;;INFO;19015;sca; ;machine-1; ;; ; ; ; ; ;;; ; ;; ;;; ; ;;; ;;;; ;;;;;security_configuration;sca; ;3;19015;sca;"[""sca""]";CIS Ubuntu Linux 22.04 LTS Benchmark v1.0.0: Ensure only authorized groups are assigned ownership of audit log files.: Status changed from 'not applicable' to passed
06-20-October;wazuh;E:\Cours\TFE\data\raw\Datasets\06-20-October.csv;54;54;;INFO;2901;dpkg-decoder; ;machine-1; ;; ; ; ; ; ;;; ; ;; ;;; ; ;;; ;;;; ;;;;;package;dpkg-decoder;2023-10-08 00:40:33 install binutils:amd64 <none> 2.38-4ubuntu2.3;3;2901;dpkg-decoder;"[""syslog"",""dpkg""]";New dpkg (Debian Package) requested to install.
06-20-October;wazuh;E:\Cours\TFE\data\raw\Datasets\06-20-October.csv;55;55;;WARNING;2904;dpkg-decoder; ;machine-1; ;; ; ; ; ; ;;; ; ;; ;;; ; ;;; ;;;; ;;;;;package;dpkg-decoder;2023-10-08 00:40:33 status half-configured libctf-nobfd0:amd64 2.38-4ubuntu2.3;7;2904;dpkg-decoder;"[""syslog"",""dpkg"",""config_changed""]";Dpkg (Debian Package) half configured.
06-20-October;wazuh;E:\Cours\TFE\data\raw\Datasets\06-20-October.csv;56;56;;WARNING;2902;dpkg-decoder; ;machine-1; ;; ; ; ; ; ;;; ; ;; ;;; ; ;;; ;;;; ;;;;;package;dpkg-decoder;2023-10-08 00:40:33 status installed libctf-nobfd0:amd64 2.38-4ubuntu2.3;7;2902;dpkg-decoder;"[""syslog"",""dpkg"",""config_changed""]";New dpkg (Debian Package) installed.
06-20-October;wazuh;E:\Cours\TFE\data\raw\Datasets\06-20-October.csv;57;57;;WARNING;2904;dpkg-decoder; ;machine-1; ;; ; ; ; ; ;;; ; ;; ;;; ; ;;; ;;;; ;;;;;package;dpkg-decoder;2023-10-08 00:40:33 status half-configured binutils-x86-64-linux-gnu:amd64 2.38-4ubuntu2.3;7;2904;dpkg-decoder;"[""syslog"",""dpkg"",""config_changed""]";Dpkg (Debian Package) half configured.
06-20-October;wazuh;E:\Cours\TFE\data\raw\Datasets\06-20-October.csv;58;58;;WARNING;2902;dpkg-decoder; ;machine-1; ;; ; ; ; ; ;;; ; ;; ;;; ; ;;; ;;;; ;;;;;package;dpkg-decoder;2023-10-08 00:40:33 status installed binutils-x86-64-linux-gnu:amd64 2.38-4ubuntu2.3;7;2902;dpkg-decoder;"[""syslog"",""dpkg"",""config_changed""]";New dpkg (Debian Package) installed.
06-20-October;wazuh;E:\Cours\TFE\data\raw\Datasets\06-20-October.csv;59;59;;WARNING;2904;dpkg-decoder; ;machine-1; ;; ; ; ; ; ;;; ; ;; ;;; ; ;;; ;;;; ;;;;;package;dpkg-decoder;2023-10-08 00:40:33 status half-configured man-db:amd64 2.10.2-1;7;2904;dpkg-decoder;"[""syslog"",""dpkg"",""config_changed""]";Dpkg (Debian Package) half configured.
06-20-October;wazuh;E:\Cours\TFE\data\raw\Datasets\06-20-October.csv;60;60;;WARNING;2902;dpkg-decoder; ;machine-1; ;; ; ; ; ; ;;; ; ;; ;;; ; ;;; ;;;; ;;;;;package;dpkg-decoder;2023-10-08 00:50:41 status installed vim:amd64 2:8.2.3995-1ubuntu2.11;7;2902;dpkg-decoder;"[""syslog"",""dpkg"",""config_changed""]";New dpkg (Debian Package) installed.
06-20-October;wazuh;E:\Cours\TFE\data\raw\Datasets\06-20-October.csv;61;61;;WARNING;2904;dpkg-decoder; ;machine-1; ;; ; ; ; ; ;;; ; ;; ;;; ; ;;; ;;;; ;;;;;package;dpkg-decoder;2023-10-08 00:50:41 status half-configured man-db:amd64 2.10.2-1;7;2904;dpkg-decoder;"[""syslog"",""dpkg"",""config_changed""]";Dpkg (Debian Package) half configured.
06-20-October;wazuh;E:\Cours\TFE\data\raw\Datasets\06-20-October.csv;62;62;;INFO;2901;dpkg-decoder; ;machine-1; ;; ; ; ; ; ;;; ; ;; ;;; ; ;;; ;;;; ;;;;;package;dpkg-decoder;2023-10-08 00:40:30 install binutils-common:amd64 <none> 2.38-4ubuntu2.3;3;2901;dpkg-decoder;"[""syslog"",""dpkg""]";New dpkg (Debian Package) requested to install.
06-20-October;wazuh;E:\Cours\TFE\data\raw\Datasets\06-20-October.csv;63;63;;INFO;2901;dpkg-decoder; ;machine-1; ;; ; ; ; ; ;;; ; ;; ;;; ; ;;; ;;;; ;;;;;package;dpkg-decoder;2023-10-08 00:40:31 install libbinutils:amd64 <none> 2.38-4ubuntu2.3;3;2901;dpkg-decoder;"[""syslog"",""dpkg""]";New dpkg (Debian Package) requested to install.
06-20-October;wazuh;E:\Cours\TFE\data\raw\Datasets\06-20-October.csv;64;64;;INFO;506;ossec; ;machine-1; ;; ; ; ; ; ;;; ; ;; ;;; ; ;;; ;;;; ;;;;;wazuh;ossec;ossec: Agent stopped: 'machine-1->any'.;3;506;ossec;"[""ossec""]";Wazuh agent stopped.
06-20-October;wazuh;E:\Cours\TFE\data\raw\Datasets\06-20-October.csv;65;65;;WARNING;202;wazuh; ;machine-1; ;; ; ; ; ; ;;; ; ;; ;;; ; ;;; ;;;; ;;;;;wazuh;wazuh;wazuh: Agent buffer: '90%'.;7;202;wazuh;"[""wazuh"",""agent_flooding""]";Agent event queue is 90% full.
06-20-October;wazuh;E:\Cours\TFE\data\raw\Datasets\06-20-October.csv;66;66;;WARNING;203;wazuh; ;machine-1; ;; ; ; ; ; ;;; ; ;; ;;; ; ;;; ;;;; ;;;;;wazuh;wazuh;wazuh: Agent buffer: 'full'.;9;203;wazuh;"[""wazuh"",""agent_flooding""]";Agent event queue is full. Events may be lost.
06-20-October;wazuh;E:\Cours\TFE\data\raw\Datasets\06-20-October.csv;67;67;;WARNING;510;rootcheck; ;machine-1; ;; ; ; ; ; ;;; ; ;; ;;; ; ;;; ;;;; ;;;;;wazuh;rootcheck;Trojaned version of file '/usr/bin/diff' detected. Signature used: 'bash|^/bin/sh|file\.h|proc\.h|/dev/[^n]|^/bin/.*sh' (Generic).;7;510;rootcheck;"[""ossec"",""rootcheck""]";Host-based anomaly detection event (rootcheck).
06-20-October;wazuh;E:\Cours\TFE\data\raw\Datasets\06-20-October.csv;68;68;;WARNING;203;wazuh; ;machine-1; ;; ; ; ; ; ;;; ; ;; ;;; ; ;;; ;;;; ;;;;;wazuh;wazuh;wazuh: Agent buffer: 'full'.;9;203;wazuh;"[""wazuh"",""agent_flooding""]";Agent event queue is full. Events may be lost.
06-20-October;wazuh;E:\Cours\TFE\data\raw\Datasets\06-20-October.csv;69;69;;WARNING;203;wazuh; ;machine-1; ;; ; ; ; ; ;;; ; ;; ;;; ; ;;; ;;;; ;;;;;wazuh;wazuh;wazuh: Agent buffer: 'full'.;9;203;wazuh;"[""wazuh"",""agent_flooding""]";Agent event queue is full. Events may be lost.
06-20-October;wazuh;E:\Cours\TFE\data\raw\Datasets\06-20-October.csv;70;70;;INFO;205;wazuh; ;machine-1; ;; ; ; ; ; ;;; ; ;; ;;; ; ;;; ;;;; ;;;;;wazuh;wazuh;wazuh: Agent buffer: 'normal'.;3;205;wazuh;"[""wazuh"",""agent_flooding""]";Agent event queue is back to normal load.
06-20-October;wazuh;E:\Cours\TFE\data\raw\Datasets\06-20-October.csv;71;71;;INFO;591;ossec; ;machine-1; ;; ; ; ; ; ;;; ; ;; ;;; ; ;;; ;;;; ;;;;;wazuh;ossec;ossec: File rotated (inode changed): '/var/log/audit/audit.log'.;3;591;ossec;"[""ossec""]";Log file rotated.
06-20-October;wazuh;E:\Cours\TFE\data\raw\Datasets\06-20-October.csv;72;72;;WARNING;202;wazuh; ;machine-1; ;; ; ; ; ; ;;; ; ;; ;;; ; ;;; ;;;; ;;;;;wazuh;wazuh;wazuh: Agent buffer: '90%'.;7;202;wazuh;"[""wazuh"",""agent_flooding""]";Agent event queue is 90% full.
06-20-October;wazuh;E:\Cours\TFE\data\raw\Datasets\06-20-October.csv;73;73;;WARNING;203;wazuh; ;machine-1; ;; ; ; ; ; ;;; ; ;; ;;; ; ;;; ;;;; ;;;;;wazuh;wazuh;wazuh: Agent buffer: 'full'.;9;203;wazuh;"[""wazuh"",""agent_flooding""]";Agent event queue is full. Events may be lost.
06-20-October;wazuh;E:\Cours\TFE\data\raw\Datasets\06-20-October.csv;74;74;;WARNING;203;wazuh; ;machine-1; ;; ; ; ; ; ;;; ; ;; ;;; ; ;;; ;;;; ;;;;;wazuh;wazuh;wazuh: Agent buffer: 'full'.;9;203;wazuh;"[""wazuh"",""agent_flooding""]";Agent event queue is full. Events may be lost.
06-20-October;wazuh;E:\Cours\TFE\data\raw\Datasets\06-20-October.csv;75;75;;WARNING;203;wazuh; ;machine-1; ;; ; ; ; ; ;;; ; ;; ;;; ; ;;; ;;;; ;;;;;wazuh;wazuh;wazuh: Agent buffer: 'full'.;9;203;wazuh;"[""wazuh"",""agent_flooding""]";Agent event queue is full. Events may be lost.
06-20-October;wazuh;E:\Cours\TFE\data\raw\Datasets\06-20-October.csv;76;76;;INFO;591;ossec; ;machine-1; ;; ; ; ; ; ;;; ; ;; ;;; ; ;;; ;;;; ;;;;;wazuh;ossec;ossec: File rotated (inode changed): '/var/log/audit/audit.log'.;3;591;ossec;"[""ossec""]";Log file rotated.
06-20-October;wazuh;E:\Cours\TFE\data\raw\Datasets\06-20-October.csv;77;77;;WARNING;202;wazuh; ;machine-1; ;; ; ; ; ; ;;; ; ;; ;;; ; ;;; ;;;; ;;;;;wazuh;wazuh;wazuh: Agent buffer: '90%'.;7;202;wazuh;"[""wazuh"",""agent_flooding""]";Agent event queue is 90% full.
06-20-October;wazuh;E:\Cours\TFE\data\raw\Datasets\06-20-October.csv;78;78;;WARNING;203;wazuh; ;machine-1; ;; ; ; ; ; ;;; ; ;; ;;; ; ;;; ;;;; ;;;;;wazuh;wazuh;wazuh: Agent buffer: 'full'.;9;203;wazuh;"[""wazuh"",""agent_flooding""]";Agent event queue is full. Events may be lost.
06-20-October;wazuh;E:\Cours\TFE\data\raw\Datasets\06-20-October.csv;79;79;;WARNING;203;wazuh; ;machine-1; ;; ; ; ; ; ;;; ; ;; ;;; ; ;;; ;;;; ;;;;;wazuh;wazuh;wazuh: Agent buffer: 'full'.;9;203;wazuh;"[""wazuh"",""agent_flooding""]";Agent event queue is full. Events may be lost.
06-20-October;wazuh;E:\Cours\TFE\data\raw\Datasets\06-20-October.csv;80;80;;WARNING;202;wazuh; ;machine-1; ;; ; ; ; ; ;;; ; ;; ;;; ; ;;; ;;;; ;;;;;wazuh;wazuh;wazuh: Agent buffer: '90%'.;7;202;wazuh;"[""wazuh"",""agent_flooding""]";Agent event queue is 90% full.
06-20-October;wazuh;E:\Cours\TFE\data\raw\Datasets\06-20-October.csv;81;81;;WARNING;202;wazuh; ;machine-1; ;; ; ; ; ; ;;; ; ;; ;;; ; ;;; ;;;; ;;;;;wazuh;wazuh;wazuh: Agent buffer: '90%'.;7;202;wazuh;"[""wazuh"",""agent_flooding""]";Agent event queue is 90% full.
06-20-October;wazuh;E:\Cours\TFE\data\raw\Datasets\06-20-October.csv;82;82;;INFO;205;wazuh; ;machine-1; ;; ; ; ; ; ;;; ; ;; ;;; ; ;;; ;;;; ;;;;;wazuh;wazuh;wazuh: Agent buffer: 'normal'.;3;205;wazuh;"[""wazuh"",""agent_flooding""]";Agent event queue is back to normal load.
06-20-October;wazuh;E:\Cours\TFE\data\raw\Datasets\06-20-October.csv;83;83;;INFO;205;wazuh; ;machine-1; ;; ; ; ; ; ;;; ; ;; ;;; ; ;;; ;;;; ;;;;;wazuh;wazuh;wazuh: Agent buffer: 'normal'.;3;205;wazuh;"[""wazuh"",""agent_flooding""]";Agent event queue is back to normal load.
06-20-October;wazuh;E:\Cours\TFE\data\raw\Datasets\06-20-October.csv;84;84;;INFO;205;wazuh; ;machine-1; ;; ; ; ; ; ;;; ; ;; ;;; ; ;;; ;;;; ;;;;;wazuh;wazuh;wazuh: Agent buffer: 'normal'.;3;205;wazuh;"[""wazuh"",""agent_flooding""]";Agent event queue is back to normal load.
06-20-October;wazuh;E:\Cours\TFE\data\raw\Datasets\06-20-October.csv;85;85;;INFO;506;ossec; ;machine-1; ;; ; ; ; ; ;;; ; ;; ;;; ; ;;; ;;;; ;;;;;wazuh;ossec;ossec: Agent stopped: 'machine-1->any'.;3;506;ossec;"[""ossec""]";Wazuh agent stopped.
06-20-October;wazuh;E:\Cours\TFE\data\raw\Datasets\06-20-October.csv;86;86;;WARNING;510;rootcheck; ;machine-1; ;; ; ; ; ; ;;; ; ;; ;;; ; ;;; ;;;; ;;;;;wazuh;rootcheck;Trojaned version of file '/bin/diff' detected. Signature used: 'bash|^/bin/sh|file\.h|proc\.h|/dev/[^n]|^/bin/.*sh' (Generic).;7;510;rootcheck;"[""ossec"",""rootcheck""]";Host-based anomaly detection event (rootcheck).
06-20-October;wazuh;E:\Cours\TFE\data\raw\Datasets\06-20-October.csv;87;87;;INFO;80730;auditd; ;machine-1;1350;; ; ; ; ; ;;; ; ;;snap;;; ; ;;; ;;;; ;;;;;linux_audit;auditd;"type=AVC msg=audit(1696712535.651:138): apparmor=""DENIED"" operation=""capable"" class=""cap"" profile=""/snap/snapd/20092/usr/lib/snapd/snap-confine"" pid=1350 comm=""snap-confine"" capability=38  capname=""perfmon""";3;80730;auditd;"[""audit"",""audit_selinux""]";Auditd: SELinux permission check.
06-20-October;wazuh;E:\Cours\TFE\data\raw\Datasets\06-20-October.csv;88;88;;WARNING;40704;systemd;systemd;machine-1; ;; ; ; ; ; ;;; ; ;; ;;; ; ;;; ;;;; ;;;;;wazuh;systemd;Oct  8 02:02:35 sohaib-virtual-machine systemd[1261]: snap.snapd-desktop-integration.snapd-desktop-integration.service: Main process exited, code=exited, status=1/FAILURE;5;40704;systemd;"[""local"",""systemd""]";Systemd: Service exited due to a failure.
06-20-October;wazuh;E:\Cours\TFE\data\raw\Datasets\06-20-October.csv;89;89;;WARNING;40704;systemd;systemd;machine-1; ;; ; ; ; ; ;;; ; ;; ;;; ; ;;; ;;;; ;;;;;wazuh;systemd;Oct 12 23:48:26 sohaib-virtual-machine systemd[1252]: snap.snapd-desktop-integration.snapd-desktop-integration.service: Main process exited, code=exited, status=1/FAILURE;5;40704;systemd;"[""local"",""systemd""]";Systemd: Service exited due to a failure.
06-20-October;wazuh;E:\Cours\TFE\data\raw\Datasets\06-20-October.csv;90;90;;INFO;17000;kes_parent;kesl;machine-1; ;; ; ; ; ; ;;; ; ;; ;;; ; ;;; ;;;; ;;;;;wazuh;kes_parent;Oct 12 23:48:35 sohaib-virtual-machine kesl[790]: kesl started;3;17000;kes_parent;"[""kaspersky""]";Kaspersky Endpoint Security - Task  changed to state 
06-20-October;wazuh;E:\Cours\TFE\data\raw\Datasets\06-20-October.csv;91;91;;INFO;5501;pam;systemd;machine-1; ;; ; ;0; ; ;;; ; ;; ;;; ; ;;; ;;;; ;;;;;authentication;pam;Oct 12 23:49:28 sohaib-virtual-machine systemd: pam_unix(systemd-user:session): session opened for user sohaib(uid=1000) by (uid=0);3;5501;pam;"[""pam"",""syslog"",""authentication_success""]";PAM: Login session opened.
06-20-October;wazuh;E:\Cours\TFE\data\raw\Datasets\06-20-October.csv;92;92;;INFO;80730;auditd; ;machine-1;2573;; ; ; ; ; ;;; ; ;;snap;;; ; ;;; ;;;; ;;;;;linux_audit;auditd;"type=AVC msg=audit(1697136569.340:182): apparmor=""DENIED"" operation=""capable"" class=""cap"" profile=""/snap/snapd/20092/usr/lib/snapd/snap-confine"" pid=2573 comm=""snap-confine"" capability=38  capname=""perfmon""";3;80730;auditd;"[""audit"",""audit_selinux""]";Auditd: SELinux permission check.
06-20-October;wazuh;E:\Cours\TFE\data\raw\Datasets\06-20-October.csv;93;93;;INFO;80730;auditd; ;machine-1;2573;; ; ; ; ; ;;; ; ;;snap;;; ; ;;; ;;;; ;;;;;linux_audit;auditd;"type=AVC msg=audit(1697136569.340:182): apparmor=""DENIED"" operation=""capable"" class=""cap"" profile=""/snap/snapd/20092/usr/lib/snapd/snap-confine"" pid=2573 comm=""snap-confine"" capability=12  capname=""net_admin""";3;80730;auditd;"[""audit"",""audit_selinux""]";Auditd: SELinux permission check.
06-20-October;wazuh;E:\Cours\TFE\data\raw\Datasets\06-20-October.csv;94;94;;WARNING;40704;systemd;systemd;machine-1; ;; ; ; ; ; ;;; ; ;; ;;; ; ;;; ;;;; ;;;;;wazuh;systemd;Oct 12 23:49:56 sohaib-virtual-machine systemd[1252]: xdg-permission-store.service: Main process exited, code=exited, status=1/FAILURE;5;40704;systemd;"[""local"",""systemd""]";Systemd: Service exited due to a failure.
06-20-October;wazuh;E:\Cours\TFE\data\raw\Datasets\06-20-October.csv;95;95;;INFO;80730;auditd; ;machine-1;3494;; ; ; ; ; ;;; ; ;;apparmor_parser;;; ; ;;; ;;;; ;;;;;linux_audit;auditd;"type=AVC msg=audit(1697137126.288:243): apparmor=""STATUS"" operation=""profile_load"" profile=""unconfined"" name=""/snap/snapd/20290/usr/lib/snapd/snap-confine"" pid=3494 comm=""apparmor_parser""";3;80730;auditd;"[""audit"",""audit_selinux""]";Auditd: SELinux permission check.
06-20-October;wazuh;E:\Cours\TFE\data\raw\Datasets\06-20-October.csv;96;96;;INFO;80730;auditd; ;machine-1;3494;; ; ; ; ; ;;; ; ;;apparmor_parser;;; ; ;;; ;;;; ;;;;;linux_audit;auditd;"type=AVC msg=audit(1697137126.296:244): apparmor=""STATUS"" operation=""profile_load"" profile=""unconfined"" name=""/snap/snapd/20290/usr/lib/snapd/snap-confine//mount-namespace-capture-helper"" pid=3494 comm=""apparmor_parser""";3;80730;auditd;"[""audit"",""audit_selinux""]";Auditd: SELinux permission check.
06-20-October;wazuh;E:\Cours\TFE\data\raw\Datasets\06-20-October.csv;97;97;;INFO;80730;auditd; ;machine-1;3498;; ; ; ; ; ;;; ; ;;apparmor_parser;;; ; ;;; ;;;; ;;;;;linux_audit;auditd;"type=AVC msg=audit(1697137130.396:247): apparmor=""STATUS"" operation=""profile_replace"" info=""same as current profile, skipping"" profile=""unconfined"" name=""snap-update-ns.snapd-desktop-integration"" pid=3498 comm=""apparmor_parser""";3;80730;auditd;"[""audit"",""audit_selinux""]";Auditd: SELinux permission check.
06-20-October;wazuh;E:\Cours\TFE\data\raw\Datasets\06-20-October.csv;98;98;;INFO;80730;auditd; ;machine-1;3501;; ; ; ; ; ;;; ; ;;apparmor_parser;;; ; ;;; ;;;; ;;;;;linux_audit;auditd;"type=AVC msg=audit(1697137130.784:249): apparmor=""STATUS"" operation=""profile_replace"" info=""same as current profile, skipping"" profile=""unconfined"" name=""snap.firefox.geckodriver"" pid=3501 comm=""apparmor_parser""";3;80730;auditd;"[""audit"",""audit_selinux""]";Auditd: SELinux permission check.
06-20-October;wazuh;E:\Cours\TFE\data\raw\Datasets\06-20-October.csv;99;99;;INFO;80730;auditd; ;machine-1;3502;; ; ; ; ; ;;; ; ;;apparmor_parser;;; ; ;;; ;;;; ;;;;;linux_audit;auditd;"type=AVC msg=audit(1697137130.892:250): apparmor=""STATUS"" operation=""profile_replace"" info=""same as current profile, skipping"" profile=""unconfined"" name=""snap.firefox.hook.configure"" pid=3502 comm=""apparmor_parser""";3;80730;auditd;"[""audit"",""audit_selinux""]";Auditd: SELinux permission check.
06-20-October;wazuh;E:\Cours\TFE\data\raw\Datasets\06-20-October.csv;100;100;;INFO;80730;auditd; ;machine-1;3504;; ; ; ; ; ;;; ; ;;apparmor_parser;;; ; ;;; ;;;; ;;;;;linux_audit;auditd;"type=AVC msg=audit(1697137131.116:252): apparmor=""STATUS"" operation=""profile_replace"" info=""same as current profile, skipping"" profile=""unconfined"" name=""snap.firefox.hook.disconnect-plug-host-hunspell"" pid=3504 comm=""apparmor_parser""";3;80730;auditd;"[""audit"",""audit_selinux""]";Auditd: SELinux permission check.
06-20-October;wazuh;E:\Cours\TFE\data\raw\Datasets\06-20-October.csv;101;101;;INFO;80730;auditd; ;machine-1;3506;; ; ; ; ; ;;; ; ;;apparmor_parser;;; ; ;;; ;;;; ;;;;;linux_audit;auditd;"type=AVC msg=audit(1697137131.424:254): apparmor=""STATUS"" operation=""profile_replace"" info=""same as current profile, skipping"" profile=""unconfined"" name=""snap.snap-store.hook.configure"" pid=3506 comm=""apparmor_parser""";3;80730;auditd;"[""audit"",""audit_selinux""]";Auditd: SELinux permission check.
06-20-October;wazuh;E:\Cours\TFE\data\raw\Datasets\06-20-October.csv;102;102;;INFO;80730;auditd; ;machine-1;3507;; ; ; ; ; ;;; ; ;;apparmor_parser;;; ; ;;; ;;;; ;;;;;linux_audit;auditd;"type=AVC msg=audit(1697137131.568:255): apparmor=""STATUS"" operation=""profile_replace"" info=""same as current profile, skipping"" profile=""unconfined"" name=""snap.snap-store.snap-store"" pid=3507 comm=""apparmor_parser""";3;80730;auditd;"[""audit"",""audit_selinux""]";Auditd: SELinux permission check.
06-20-October;wazuh;E:\Cours\TFE\data\raw\Datasets\06-20-October.csv;103;103;;INFO;80730;auditd; ;machine-1;3508;; ; ; ; ; ;;; ; ;;apparmor_parser;;; ; ;;; ;;;; ;;;;;linux_audit;auditd;"type=AVC msg=audit(1697137131.660:256): apparmor=""STATUS"" operation=""profile_replace"" info=""same as current profile, skipping"" profile=""unconfined"" name=""snap.snap-store.ubuntu-software"" pid=3508 comm=""apparmor_parser""";3;80730;auditd;"[""audit"",""audit_selinux""]";Auditd: SELinux permission check.
06-20-October;wazuh;E:\Cours\TFE\data\raw\Datasets\06-20-October.csv;104;104;;INFO;80730;auditd; ;machine-1;3511;; ; ; ; ; ;;; ; ;;apparmor_parser;;; ; ;;; ;;;; ;;;;;linux_audit;auditd;"type=AVC msg=audit(1697137131.940:259): apparmor=""STATUS"" operation=""profile_replace"" info=""same as current profile, skipping"" profile=""unconfined"" name=""snap.snapd-desktop-integration.snapd-desktop-integration"" pid=3511 comm=""apparmor_parser""";3;80730;auditd;"[""audit"",""audit_selinux""]";Auditd: SELinux permission check.
06-20-October;wazuh;E:\Cours\TFE\data\raw\Datasets\06-20-October.csv;105;105;;INFO;502;ossec; ;ubuntu; ;; ; ; ; ; ;;; ; ;; ;;; ; ;;; ;;;; ;;;;;wazuh;ossec;ossec: Manager started.;3;502;ossec;"[""ossec""]";Wazuh server started.
06-20-October;wazuh;E:\Cours\TFE\data\raw\Datasets\06-20-October.csv;106;106;;INFO;80730;auditd; ;machine-1;3639;; ; ; ; ; ;;; ; ;;apparmor_parser;;; ; ;;; ;;;; ;;;;;linux_audit;auditd;"type=AVC msg=audit(1697137153.916:263): apparmor=""STATUS"" operation=""profile_replace"" profile=""unconfined"" name=""/snap/snapd/20290/usr/lib/snapd/snap-confine"" pid=3639 comm=""apparmor_parser""";3;80730;auditd;"[""audit"",""audit_selinux""]";Auditd: SELinux permission check.
06-20-October;wazuh;E:\Cours\TFE\data\raw\Datasets\06-20-October.csv;107;107;;INFO;80730;auditd; ;machine-1;3645;; ; ; ; ; ;;; ; ;;apparmor_parser;;; ; ;;; ;;;; ;;;;;linux_audit;auditd;"type=AVC msg=audit(1697137160.816:267): apparmor=""STATUS"" operation=""profile_replace"" info=""same as current profile, skipping"" profile=""unconfined"" name=""snap.snap-store.hook.configure"" pid=3645 comm=""apparmor_parser""";3;80730;auditd;"[""audit"",""audit_selinux""]";Auditd: SELinux permission check.
06-20-October;wazuh;E:\Cours\TFE\data\raw\Datasets\06-20-October.csv;108;108;;INFO;80730;auditd; ;machine-1;3646;; ; ; ; ; ;;; ; ;;apparmor_parser;;; ; ;;; ;;;; ;;;;;linux_audit;auditd;"type=AVC msg=audit(1697137160.840:268): apparmor=""STATUS"" operation=""profile_replace"" info=""same as current profile, skipping"" profile=""unconfined"" name=""snap.snap-store.snap-store"" pid=3646 comm=""apparmor_parser""";3;80730;auditd;"[""audit"",""audit_selinux""]";Auditd: SELinux permission check.
06-20-October;wazuh;E:\Cours\TFE\data\raw\Datasets\06-20-October.csv;109;109;;INFO;80730;auditd; ;machine-1;3648;; ; ; ; ; ;;; ; ;;apparmor_parser;;; ; ;;; ;;;; ;;;;;linux_audit;auditd;"type=AVC msg=audit(1697137161.552:270): apparmor=""STATUS"" operation=""profile_replace"" info=""same as current profile, skipping"" profile=""unconfined"" name=""snap.snap-store.ubuntu-software-local-file"" pid=3648 comm=""apparmor_parser""";3;80730;auditd;"[""audit"",""audit_selinux""]";Auditd: SELinux permission check.
06-20-October;wazuh;E:\Cours\TFE\data\raw\Datasets\06-20-October.csv;110;110;;INFO;80730;auditd; ;machine-1;3650;; ; ; ; ; ;;; ; ;;apparmor_parser;;; ; ;;; ;;;; ;;;;;linux_audit;auditd;"type=AVC msg=audit(1697137161.596:272): apparmor=""STATUS"" operation=""profile_replace"" info=""same as current profile, skipping"" profile=""unconfined"" name=""snap.snapd-desktop-integration.snapd-desktop-integration"" pid=3650 comm=""apparmor_parser""";3;80730;auditd;"[""audit"",""audit_selinux""]";Auditd: SELinux permission check.
06-20-October;wazuh;E:\Cours\TFE\data\raw\Datasets\06-20-October.csv;111;111;;INFO;80730;auditd; ;machine-1;3652;; ; ; ; ; ;;; ; ;;apparmor_parser;;; ; ;;; ;;;; ;;;;;linux_audit;auditd;"type=AVC msg=audit(1697137161.644:274): apparmor=""STATUS"" operation=""profile_replace"" info=""same as current profile, skipping"" profile=""unconfined"" name=""snap.firefox.geckodriver"" pid=3652 comm=""apparmor_parser""";3;80730;auditd;"[""audit"",""audit_selinux""]";Auditd: SELinux permission check.
06-20-October;wazuh;E:\Cours\TFE\data\raw\Datasets\06-20-October.csv;112;112;;INFO;80730;auditd; ;machine-1;3653;; ; ; ; ; ;;; ; ;;apparmor_parser;;; ; ;;; ;;;; ;;;;;linux_audit;auditd;"type=AVC msg=audit(1697137161.768:275): apparmor=""STATUS"" operation=""profile_replace"" info=""same as current profile, skipping"" profile=""unconfined"" name=""snap.firefox.hook.configure"" pid=3653 comm=""apparmor_parser""";3;80730;auditd;"[""audit"",""audit_selinux""]";Auditd: SELinux permission check.
06-20-October;wazuh;E:\Cours\TFE\data\raw\Datasets\06-20-October.csv;113;113;;WARNING;40704;systemd;systemd;machine-1; ;; ; ; ; ; ;;; ; ;; ;;; ; ;;; ;;;; ;;;;;wazuh;systemd;Oct 12 23:59:39 sohaib-virtual-machine systemd[2563]: org.gnome.SettingsDaemon.XSettings.service: Main process exited, code=exited, status=1/FAILURE;5;40704;systemd;"[""local"",""systemd""]";Systemd: Service exited due to a failure.
06-20-October;wazuh;E:\Cours\TFE\data\raw\Datasets\06-20-October.csv;114;114;;WARNING;40704;systemd;systemd;machine-1; ;; ; ; ; ; ;;; ; ;; ;;; ; ;;; ;;;; ;;;;;wazuh;systemd;Oct 12 23:59:40 sohaib-virtual-machine systemd[2563]: org.gnome.SettingsDaemon.Wacom.service: Main process exited, code=exited, status=1/FAILURE;5;40704;systemd;"[""local"",""systemd""]";Systemd: Service exited due to a failure.
06-20-October;wazuh;E:\Cours\TFE\data\raw\Datasets\06-20-October.csv;115;115;;WARNING;40704;systemd;systemd;machine-1; ;; ; ; ; ; ;;; ; ;; ;;; ; ;;; ;;;; ;;;;;wazuh;systemd;Oct 12 23:59:42 sohaib-virtual-machine systemd[2563]: org.gnome.SettingsDaemon.Power.service: Main process exited, code=exited, status=1/FAILURE;5;40704;systemd;"[""local"",""systemd""]";Systemd: Service exited due to a failure.
06-20-October;wazuh;E:\Cours\TFE\data\raw\Datasets\06-20-October.csv;116;116;;WARNING;40704;systemd;systemd;machine-1; ;; ; ; ; ; ;;; ; ;; ;;; ; ;;; ;;;; ;;;;;wazuh;systemd;Oct 12 23:59:42 sohaib-virtual-machine systemd[2563]: xdg-desktop-portal-gtk.service: Main process exited, code=exited, status=1/FAILURE;5;40704;systemd;"[""local"",""systemd""]";Systemd: Service exited due to a failure.
06-20-October;wazuh;E:\Cours\TFE\data\raw\Datasets\06-20-October.csv;117;117;;WARNING;40704;systemd;systemd;machine-1; ;; ; ; ; ; ;;; ; ;; ;;; ; ;;; ;;;; ;;;;;wazuh;systemd;Oct 12 23:59:58 sohaib-virtual-machine systemd[3916]: snap.snapd-desktop-integration.snapd-desktop-integration.service: Main process exited, code=exited, status=1/FAILURE;5;40704;systemd;"[""local"",""systemd""]";Systemd: Service exited due to a failure.
06-20-October;wazuh;E:\Cours\TFE\data\raw\Datasets\06-20-October.csv;118;118;;WARNING;40704;systemd;systemd;machine-1; ;; ; ; ; ; ;;; ; ;; ;;; ; ;;; ;;;; ;;;;;wazuh;systemd;Oct 12 23:59:58 sohaib-virtual-machine systemd[2563]: xdg-permission-store.service: Main process exited, code=exited, status=1/FAILURE;5;40704;systemd;"[""local"",""systemd""]";Systemd: Service exited due to a failure.
06-20-October;wazuh;E:\Cours\TFE\data\raw\Datasets\06-20-October.csv;119;119;;INFO;19008;sca; ;machine-2; ;; ; ; ; ; ;;; ; ;; ;;; ; ;;; ;;;; ;;;;;security_configuration;sca; ;3;19008;sca;"[""sca""]";CIS Ubuntu Linux 22.04 LTS Benchmark v1.0.0: Ensure mail transfer agent is configured for local-only mode.
06-20-October;wazuh;E:\Cours\TFE\data\raw\Datasets\06-20-October.csv;120;120;;WARNING;19007;sca; ;machine-2; ;; ; ; ; ; ;;; ; ;; ;;; ; ;;; ;;;; ;;;;;security_configuration;sca; ;7;19007;sca;"[""sca""]";CIS Ubuntu Linux 22.04 LTS Benchmark v1.0.0: Ensure rsync service is either not installed or masked.
06-20-October;wazuh;E:\Cours\TFE\data\raw\Datasets\06-20-October.csv;121;121;;INFO;19008;sca; ;machine-2; ;; ; ; ; ; ;;; ; ;; ;;; ; ;;; ;;;; ;;;;;security_configuration;sca; ;3;19008;sca;"[""sca""]";CIS Ubuntu Linux 22.04 LTS Benchmark v1.0.0: Ensure rsh client is not installed.
06-20-October;wazuh;E:\Cours\TFE\data\raw\Datasets\06-20-October.csv;122;122;;INFO;19008;sca; ;machine-2; ;; ; ; ; ; ;;; ; ;; ;;; ; ;;; ;;;; ;;;;;security_configuration;sca; ;3;19008;sca;"[""sca""]";CIS Ubuntu Linux 22.04 LTS Benchmark v1.0.0: Ensure ufw is installed.
06-20-October;wazuh;E:\Cours\TFE\data\raw\Datasets\06-20-October.csv;123;123;;WARNING;19007;sca; ;machine-2; ;; ; ; ; ; ;;; ; ;; ;;; ; ;;; ;;;; ;;;;;security_configuration;sca; ;7;19007;sca;"[""sca""]";CIS Ubuntu Linux 22.04 LTS Benchmark v1.0.0: Ensure nftables is installed.
06-20-October;wazuh;E:\Cours\TFE\data\raw\Datasets\06-20-October.csv;124;124;;WARNING;19007;sca; ;machine-2; ;; ; ; ; ; ;;; ; ;; ;;; ; ;;; ;;;; ;;;;;security_configuration;sca; ;7;19007;sca;"[""sca""]";CIS Ubuntu Linux 22.04 LTS Benchmark v1.0.0: Ensure nftables base chains exist.
06-20-October;wazuh;E:\Cours\TFE\data\raw\Datasets\06-20-October.csv;125;125;;WARNING;19007;sca; ;machine-2; ;; ; ; ; ; ;;; ; ;; ;;; ; ;;; ;;;; ;;;;;security_configuration;sca; ;7;19007;sca;"[""sca""]";CIS Ubuntu Linux 22.04 LTS Benchmark v1.0.0: Ensure iptables packages are installed.
06-20-October;wazuh;E:\Cours\TFE\data\raw\Datasets\06-20-October.csv;126;126;;WARNING;19007;sca; ;machine-2; ;; ; ; ; ; ;;; ; ;; ;;; ; ;;; ;;;; ;;;;;security_configuration;sca; ;7;19007;sca;"[""sca""]";CIS Ubuntu Linux 22.04 LTS Benchmark v1.0.0: Ensure auditd is installed.
06-20-October;wazuh;E:\Cours\TFE\data\raw\Datasets\06-20-October.csv;127;127;;WARNING;19007;sca; ;machine-2; ;; ; ; ; ; ;;; ; ;; ;;; ; ;;; ;;;; ;;;;;security_configuration;sca; ;7;19007;sca;"[""sca""]";CIS Ubuntu Linux 22.04 LTS Benchmark v1.0.0: Ensure audit_backlog_limit is sufficient.
06-20-October;wazuh;E:\Cours\TFE\data\raw\Datasets\06-20-October.csv;128;128;;WARNING;19007;sca; ;machine-2; ;; ; ; ; ; ;;; ; ;; ;;; ; ;;; ;;;; ;;;;;security_configuration;sca; ;7;19007;sca;"[""sca""]";CIS Ubuntu Linux 22.04 LTS Benchmark v1.0.0: Ensure audit logs are not automatically deleted.
06-20-October;wazuh;E:\Cours\TFE\data\raw\Datasets\06-20-October.csv;129;129;;WARNING;19007;sca; ;machine-2; ;; ; ; ; ; ;;; ; ;; ;;; ; ;;; ;;;; ;;;;;security_configuration;sca; ;7;19007;sca;"[""sca""]";CIS Ubuntu Linux 22.04 LTS Benchmark v1.0.0: Ensure events that modify user/group information are collected.
06-20-October;wazuh;E:\Cours\TFE\data\raw\Datasets\06-20-October.csv;130;130;;WARNING;19007;sca; ;machine-2; ;; ; ; ; ; ;;; ; ;; ;;; ; ;;; ;;;; ;;;;;security_configuration;sca; ;7;19007;sca;"[""sca""]";CIS Ubuntu Linux 22.04 LTS Benchmark v1.0.0: Ensure events that modify the system's network environment are collected.
06-20-October;wazuh;E:\Cours\TFE\data\raw\Datasets\06-20-October.csv;131;131;;WARNING;19007;sca; ;machine-2; ;; ; ; ; ; ;;; ; ;; ;;; ; ;;; ;;;; ;;;;;security_configuration;sca; ;7;19007;sca;"[""sca""]";CIS Ubuntu Linux 22.04 LTS Benchmark v1.0.0: Ensure session initiation information is collected.
06-20-October;wazuh;E:\Cours\TFE\data\raw\Datasets\06-20-October.csv;132;132;;WARNING;19007;sca; ;machine-2; ;; ; ; ; ; ;;; ; ;; ;;; ; ;;; ;;;; ;;;;;security_configuration;sca; ;7;19007;sca;"[""sca""]";CIS Ubuntu Linux 22.04 LTS Benchmark v1.0.0: Ensure login and logout events are collected.
06-20-October;wazuh;E:\Cours\TFE\data\raw\Datasets\06-20-October.csv;133;133;;INFO;19009;sca; ;machine-2; ;; ; ; ; ; ;;; ; ;; ;;; ; ;;; ;;;; ;;;;;security_configuration;sca; ;3;19009;sca;"[""sca""]";CIS Ubuntu Linux 22.04 LTS Benchmark v1.0.0: Ensure only authorized groups are assigned ownership of audit log files.
06-20-October;wazuh;E:\Cours\TFE\data\raw\Datasets\06-20-October.csv;134;134;;WARNING;19007;sca; ;machine-2; ;; ; ; ; ; ;;; ; ;; ;;; ; ;;; ;;;; ;;;;;security_configuration;sca; ;7;19007;sca;"[""sca""]";CIS Ubuntu Linux 22.04 LTS Benchmark v1.0.0: Ensure events that modify the system's Mandatory Access Controls are collected.
06-20-October;wazuh;E:\Cours\TFE\data\raw\Datasets\06-20-October.csv;135;135;;WARNING;19007;sca; ;machine-2; ;; ; ; ; ; ;;; ; ;; ;;; ; ;;; ;;;; ;;;;;security_configuration;sca; ;7;19007;sca;"[""sca""]";CIS Ubuntu Linux 22.04 LTS Benchmark v1.0.0: Ensure nodev option set on /var partition.
06-20-October;wazuh;E:\Cours\TFE\data\raw\Datasets\06-20-October.csv;136;136;;WARNING;19007;sca; ;machine-2; ;; ; ; ; ; ;;; ; ;; ;;; ; ;;; ;;;; ;;;;;security_configuration;sca; ;7;19007;sca;"[""sca""]";CIS Ubuntu Linux 22.04 LTS Benchmark v1.0.0: Ensure nosuid option set on /var/tmp partition.
06-20-October;wazuh;E:\Cours\TFE\data\raw\Datasets\06-20-October.csv;137;137;;WARNING;19007;sca; ;machine-2; ;; ; ; ; ; ;;; ; ;; ;;; ; ;;; ;;;; ;;;;;security_configuration;sca; ;7;19007;sca;"[""sca""]";CIS Ubuntu Linux 22.04 LTS Benchmark v1.0.0: Ensure nodev option set on /var/tmp partition.
06-20-October;wazuh;E:\Cours\TFE\data\raw\Datasets\06-20-October.csv;138;138;;WARNING;19007;sca; ;machine-2; ;; ; ; ; ; ;;; ; ;; ;;; ; ;;; ;;;; ;;;;;security_configuration;sca; ;7;19007;sca;"[""sca""]";CIS Ubuntu Linux 22.04 LTS Benchmark v1.0.0: Ensure separate partition exists for /var/tmp.
06-20-October;wazuh;E:\Cours\TFE\data\raw\Datasets\06-20-October.csv;139;139;;WARNING;19007;sca; ;machine-2; ;; ; ; ; ; ;;; ; ;; ;;; ; ;;; ;;;; ;;;;;security_configuration;sca; ;7;19007;sca;"[""sca""]";CIS Ubuntu Linux 22.04 LTS Benchmark v1.0.0: Ensure nosuid option set on /var/log partition.
06-20-October;wazuh;E:\Cours\TFE\data\raw\Datasets\06-20-October.csv;140;140;;WARNING;19007;sca; ;machine-2; ;; ; ; ; ; ;;; ; ;; ;;; ; ;;; ;;;; ;;;;;security_configuration;sca; ;7;19007;sca;"[""sca""]";CIS Ubuntu Linux 22.04 LTS Benchmark v1.0.0: Ensure separate partition exists for /var/log/audit.
06-20-October;wazuh;E:\Cours\TFE\data\raw\Datasets\06-20-October.csv;141;141;;WARNING;19007;sca; ;machine-2; ;; ; ; ; ; ;;; ; ;; ;;; ; ;;; ;;;; ;;;;;security_configuration;sca; ;7;19007;sca;"[""sca""]";CIS Ubuntu Linux 22.04 LTS Benchmark v1.0.0: Ensure nosuid option set on /var/log/audit partition.
06-20-October;wazuh;E:\Cours\TFE\data\raw\Datasets\06-20-October.csv;142;142;;INFO;19008;sca; ;machine-2; ;; ; ; ; ; ;;; ; ;; ;;; ; ;;; ;;;; ;;;;;security_configuration;sca; ;3;19008;sca;"[""sca""]";CIS Ubuntu Linux 22.04 LTS Benchmark v1.0.0: Disable Automounting.
06-20-October;wazuh;E:\Cours\TFE\data\raw\Datasets\06-20-October.csv;143;143;;WARNING;19007;sca; ;machine-2; ;; ; ; ; ; ;;; ; ;; ;;; ; ;;; ;;;; ;;;;;security_configuration;sca; ;7;19007;sca;"[""sca""]";CIS Ubuntu Linux 22.04 LTS Benchmark v1.0.0: Ensure AIDE is installed.
06-20-October;wazuh;E:\Cours\TFE\data\raw\Datasets\06-20-October.csv;144;144;;WARNING;19007;sca; ;machine-2; ;; ; ; ; ; ;;; ; ;; ;;; ; ;;; ;;;; ;;;;;security_configuration;sca; ;7;19007;sca;"[""sca""]";CIS Ubuntu Linux 22.04 LTS Benchmark v1.0.0: Ensure authentication required for single user mode.
06-20-October;wazuh;E:\Cours\TFE\data\raw\Datasets\06-20-October.csv;145;145;;INFO;19008;sca; ;machine-2; ;; ; ; ; ; ;;; ; ;; ;;; ; ;;; ;;;; ;;;;;security_configuration;sca; ;3;19008;sca;"[""sca""]";CIS Ubuntu Linux 22.04 LTS Benchmark v1.0.0: Ensure AppArmor is installed.
06-20-October;wazuh;E:\Cours\TFE\data\raw\Datasets\06-20-October.csv;146;146;;WARNING;19007;sca; ;machine-2; ;; ; ; ; ; ;;; ; ;; ;;; ; ;;; ;;;; ;;;;;security_configuration;sca; ;7;19007;sca;"[""sca""]";CIS Ubuntu Linux 22.04 LTS Benchmark v1.0.0: Ensure AppArmor is enabled in the bootloader configuration.
06-20-October;wazuh;E:\Cours\TFE\data\raw\Datasets\06-20-October.csv;147;147;;INFO;19008;sca; ;machine-2; ;; ; ; ; ; ;;; ; ;; ;;; ; ;;; ;;;; ;;;;;security_configuration;sca; ;3;19008;sca;"[""sca""]";CIS Ubuntu Linux 22.04 LTS Benchmark v1.0.0: Ensure permissions on /etc/issue.net are configured.
06-20-October;wazuh;E:\Cours\TFE\data\raw\Datasets\06-20-October.csv;148;148;;INFO;19008;sca; ;machine-2; ;; ; ; ; ; ;;; ; ;; ;;; ; ;;; ;;;; ;;;;;security_configuration;sca; ;3;19008;sca;"[""sca""]";CIS Ubuntu Linux 22.04 LTS Benchmark v1.0.0: Ensure chrony is running as user _chrony.
06-20-October;wazuh;E:\Cours\TFE\data\raw\Datasets\06-20-October.csv;149;149;;WARNING;19007;sca; ;machine-2; ;; ; ; ; ; ;;; ; ;; ;;; ; ;;; ;;;; ;;;;;security_configuration;sca; ;7;19007;sca;"[""sca""]";CIS Ubuntu Linux 22.04 LTS Benchmark v1.0.0: Ensure ntp is running as user ntp.
06-20-October;wazuh;E:\Cours\TFE\data\raw\Datasets\06-20-October.csv;150;150;;INFO;17000;kes_parent;kesl;machine-1; ;; ; ; ; ; ;;; ; ;; ;;; ; ;;; ;;;; ;;;;;wazuh;kes_parent;Oct 15 09:06:46 sohaib-virtual-machine kesl[805]: kesl started;3;17000;kes_parent;"[""kaspersky""]";Kaspersky Endpoint Security - Task  changed to state 
06-20-October;wazuh;E:\Cours\TFE\data\raw\Datasets\06-20-October.csv;151;151;;INFO;5501;pam;systemd;machine-1; ;; ; ;0; ; ;;; ; ;; ;;; ; ;;; ;;;; ;;;;;authentication;pam;Oct 15 09:08:11 sohaib-virtual-machine systemd: pam_unix(systemd-user:session): session opened for user sohaib(uid=1000) by (uid=0);3;5501;pam;"[""pam"",""syslog"",""authentication_success""]";PAM: Login session opened.
06-20-October;wazuh;E:\Cours\TFE\data\raw\Datasets\06-20-October.csv;152;152;;WARNING;40704;systemd;systemd;machine-1; ;; ; ; ; ; ;;; ; ;; ;;; ; ;;; ;;;; ;;;;;wazuh;systemd;Oct 15 09:09:08 sohaib-virtual-machine systemd[1158]: tracker-extract-3.service: Main process exited, code=exited, status=1/FAILURE;5;40704;systemd;"[""local"",""systemd""]";Systemd: Service exited due to a failure.
06-20-October;wazuh;E:\Cours\TFE\data\raw\Datasets\06-20-October.csv;153;153;;INFO;5501;pam;sudo;machine-2; ;; ;sohaib;1000; ; ;;; ; ;; ;;; ; ;;; ;;;; ;;;;;authentication;pam;Oct 15 21:02:30 sohaib-virtual-machine sudo: pam_unix(sudo:session): session opened for user root(uid=0) by sohaib(uid=1000);3;5501;pam;"[""pam"",""syslog"",""authentication_success""]";PAM: Login session opened.
06-20-October;wazuh;E:\Cours\TFE\data\raw\Datasets\06-20-October.csv;154;154;;ERROR;80711;auditd; ;machine-1;5732;;4294967295; ; ;0;4294967295;;;/var/opt/kaspersky/kesl/11; ;;kesl;;; ; ;;; ;;;; ;;;;;linux_audit;auditd;"type=ANOM_ABEND msg=audit(1697383030.099:336): auid=4294967295 uid=0 gid=0 ses=4294967295 subj=unconfined pid=5732 comm=""kesl"" exe=""/var/opt/kaspersky/kesl/11.3.0.7441_1696162098/opt/kaspersky/kesl/libexec/kesl"" sig=6 res=1AUID=""unset"" UID=""root"" GID=""root""";10;80711;auditd;"[""audit"",""audit_anom""]";Auditd: Process ended abnormally.
06-20-October;wazuh;E:\Cours\TFE\data\raw\Datasets\06-20-October.csv;155;155;;INFO;2901;dpkg-decoder; ;machine-2; ;; ; ; ; ; ;;; ; ;; ;;; ; ;;; ;;;; ;;;;;package;dpkg-decoder;2023-10-15 21:04:31 install p7zip-full:amd64 <none> 16.02+dfsg-8;3;2901;dpkg-decoder;"[""syslog"",""dpkg""]";New dpkg (Debian Package) requested to install.
06-20-October;wazuh;E:\Cours\TFE\data\raw\Datasets\06-20-October.csv;156;156;;WARNING;2904;dpkg-decoder; ;machine-2; ;; ; ; ; ; ;;; ; ;; ;;; ; ;;; ;;;; ;;;;;package;dpkg-decoder;2023-10-15 21:04:33 status half-configured p7zip-full:amd64 16.02+dfsg-8;7;2904;dpkg-decoder;"[""syslog"",""dpkg"",""config_changed""]";Dpkg (Debian Package) half configured.
06-20-October;wazuh;E:\Cours\TFE\data\raw\Datasets\06-20-October.csv;157;157;;INFO;503;ossec; ;machine-2; ;; ; ; ; ; ;;; ; ;; ;;; ; ;;; ;;;; ;;;;;wazuh;ossec;ossec: Agent started: 'machine-2->any'.;3;503;ossec;"[""ossec""]";Wazuh agent started.
06-20-October;wazuh;E:\Cours\TFE\data\raw\Datasets\06-20-October.csv;158;158;;WARNING;510;rootcheck; ;machine-1; ;; ; ; ; ; ;;; ; ;; ;;; ; ;;; ;;;; ;;;;;wazuh;rootcheck;Trojaned version of file '/usr/bin/diff' detected. Signature used: 'bash|^/bin/sh|file\.h|proc\.h|/dev/[^n]|^/bin/.*sh' (Generic).;7;510;rootcheck;"[""ossec"",""rootcheck""]";Host-based anomaly detection event (rootcheck).
06-20-October;wazuh;E:\Cours\TFE\data\raw\Datasets\06-20-October.csv;159;159;;WARNING;510;rootcheck; ;machine-2; ;; ; ; ; ; ;;; ; ;; ;;; ; ;;; ;;;; ;;;;;wazuh;rootcheck;Trojaned version of file '/bin/diff' detected. Signature used: 'bash|^/bin/sh|file\.h|proc\.h|/dev/[^n]|^/bin/.*sh' (Generic).;7;510;rootcheck;"[""ossec"",""rootcheck""]";Host-based anomaly detection event (rootcheck).
06-20-October;wazuh;E:\Cours\TFE\data\raw\Datasets\06-20-October.csv;160;160;;WARNING;510;rootcheck; ;machine-2; ;; ; ; ; ; ;;; ; ;; ;;; ; ;;; ;;;; ;;;;;wazuh;rootcheck;Trojaned version of file '/bin/diff' detected. Signature used: 'bash|^/bin/sh|file\.h|proc\.h|/dev/[^n]|^/bin/.*sh' (Generic).;7;510;rootcheck;"[""ossec"",""rootcheck""]";Host-based anomaly detection event (rootcheck).
06-20-October;wazuh;E:\Cours\TFE\data\raw\Datasets\06-20-October.csv;161;161;;WARNING;554;syscheck_new_entry; ;machine-2; ;; ; ; ; ; ;;; ;/tmp/apt-dpkg-install-Afqvrh/6-linux-headers-6.2.0-34-generic_6.2.0-34.34~22.04.1_amd64.deb;; ;;; ; ;;; ;;;; ;;;;;file_integrity;syscheck_new_entry;"File '/tmp/apt-dpkg-install-Afqvrh/6-linux-headers-6.2.0-34-generic_6.2.0-34.34~22.04.1_amd64.deb' added
Mode: realtime
";5;554;syscheck_new_entry;"[""ossec"",""syscheck"",""syscheck_entry_added"",""syscheck_file""]";File added to the system.
06-20-October;wazuh;E:\Cours\TFE\data\raw\Datasets\06-20-October.csv;162;162;;WARNING;554;syscheck_new_entry; ;machine-2; ;; ; ; ; ; ;;; ;/tmp/apt-dpkg-install-Afqvrh/5-linux-hwe-6.2-headers-6.2.0-34_6.2.0-34.34~22.04.1_all.deb;; ;;; ; ;;; ;;;; ;;;;;file_integrity;syscheck_new_entry;"File '/tmp/apt-dpkg-install-Afqvrh/5-linux-hwe-6.2-headers-6.2.0-34_6.2.0-34.34~22.04.1_all.deb' added
Mode: realtime
";5;554;syscheck_new_entry;"[""ossec"",""syscheck"",""syscheck_entry_added"",""syscheck_file""]";File added to the system.
06-20-October;wazuh;E:\Cours\TFE\data\raw\Datasets\06-20-October.csv;163;163;;WARNING;554;syscheck_new_entry; ;machine-2; ;; ; ; ; ; ;;; ;/tmp/apt-dpkg-install-Afqvrh/4-linux-image-generic-hwe-22.04_6.2.0.34.34~22.04.11_amd64.deb;; ;;; ; ;;; ;;;; ;;;;;file_integrity;syscheck_new_entry;"File '/tmp/apt-dpkg-install-Afqvrh/4-linux-image-generic-hwe-22.04_6.2.0.34.34~22.04.11_amd64.deb' added
Mode: realtime
";5;554;syscheck_new_entry;"[""ossec"",""syscheck"",""syscheck_entry_added"",""syscheck_file""]";File added to the system.
06-20-October;wazuh;E:\Cours\TFE\data\raw\Datasets\06-20-October.csv;164;164;;WARNING;2904;dpkg-decoder; ;machine-2; ;; ; ; ; ; ;;; ; ;; ;;; ; ;;; ;;;; ;;;;;package;dpkg-decoder;2023-10-16 23:10:49 status half-configured libx11-6:amd64 2:1.7.5-1ubuntu0.2;7;2904;dpkg-decoder;"[""syslog"",""dpkg"",""config_changed""]";Dpkg (Debian Package) half configured.
06-20-October;wazuh;E:\Cours\TFE\data\raw\Datasets\06-20-October.csv;165;165;;WARNING;2902;dpkg-decoder; ;machine-2; ;; ; ; ; ; ;;; ; ;; ;;; ; ;;; ;;;; ;;;;;package;dpkg-decoder;2023-10-16 23:10:49 status installed libx11-6:amd64 2:1.7.5-1ubuntu0.3;7;2902;dpkg-decoder;"[""syslog"",""dpkg"",""config_changed""]";New dpkg (Debian Package) installed.
06-20-October;wazuh;E:\Cours\TFE\data\raw\Datasets\06-20-October.csv;166;166;;WARNING;2902;dpkg-decoder; ;machine-2; ;; ; ; ; ; ;;; ; ;; ;;; ; ;;; ;;;; ;;;;;package;dpkg-decoder;2023-10-16 23:10:49 status installed libc-bin:amd64 2.35-0ubuntu3.1;7;2902;dpkg-decoder;"[""syslog"",""dpkg"",""config_changed""]";New dpkg (Debian Package) installed.
06-20-October;wazuh;E:\Cours\TFE\data\raw\Datasets\06-20-October.csv;167;167;;WARNING;2902;dpkg-decoder; ;machine-2; ;; ; ; ; ; ;;; ; ;; ;;; ; ;;; ;;;; ;;;;;package;dpkg-decoder;2023-10-16 23:10:57 status installed libwbclient0:amd64 2:4.15.13+dfsg-0ubuntu1.5;7;2902;dpkg-decoder;"[""syslog"",""dpkg"",""config_changed""]";New dpkg (Debian Package) installed.
06-20-October;wazuh;E:\Cours\TFE\data\raw\Datasets\06-20-October.csv;168;168;;WARNING;2904;dpkg-decoder; ;machine-2; ;; ; ; ; ; ;;; ; ;; ;;; ; ;;; ;;;; ;;;;;package;dpkg-decoder;2023-10-16 23:10:57 status half-configured samba-libs:amd64 2:4.15.13+dfsg-0ubuntu1.5;7;2904;dpkg-decoder;"[""syslog"",""dpkg"",""config_changed""]";Dpkg (Debian Package) half configured.
06-20-October;wazuh;E:\Cours\TFE\data\raw\Datasets\06-20-October.csv;169;169;;WARNING;2902;dpkg-decoder; ;machine-2; ;; ; ; ; ; ;;; ; ;; ;;; ; ;;; ;;;; ;;;;;package;dpkg-decoder;2023-10-16 23:10:57 status installed libsmbclient:amd64 2:4.15.13+dfsg-0ubuntu1.5;7;2902;dpkg-decoder;"[""syslog"",""dpkg"",""config_changed""]";New dpkg (Debian Package) installed.
06-20-October;wazuh;E:\Cours\TFE\data\raw\Datasets\06-20-October.csv;170;170;;WARNING;2904;dpkg-decoder; ;machine-2; ;; ; ; ; ; ;;; ; ;; ;;; ; ;;; ;;;; ;;;;;package;dpkg-decoder;2023-10-16 23:10:08 status half-configured vim-common:all 2:8.2.3995-1ubuntu2.12;7;2904;dpkg-decoder;"[""syslog"",""dpkg"",""config_changed""]";Dpkg (Debian Package) half configured.
06-20-October;wazuh;E:\Cours\TFE\data\raw\Datasets\06-20-October.csv;171;171;;WARNING;2902;dpkg-decoder; ;machine-2; ;; ; ; ; ; ;;; ; ;; ;;; ; ;;; ;;;; ;;;;;package;dpkg-decoder;2023-10-16 23:10:08 status installed vim-common:all 2:8.2.3995-1ubuntu2.12;7;2902;dpkg-decoder;"[""syslog"",""dpkg"",""config_changed""]";New dpkg (Debian Package) installed.
06-20-October;wazuh;E:\Cours\TFE\data\raw\Datasets\06-20-October.csv;172;172;;WARNING;2904;dpkg-decoder; ;machine-2; ;; ; ; ; ; ;;; ; ;; ;;; ; ;;; ;;;; ;;;;;package;dpkg-decoder;2023-10-16 23:10:08 status half-configured vim-tiny:amd64 2:8.2.3995-1ubuntu2.12;7;2904;dpkg-decoder;"[""syslog"",""dpkg"",""config_changed""]";Dpkg (Debian Package) half configured.
06-20-October;wazuh;E:\Cours\TFE\data\raw\Datasets\06-20-October.csv;173;173;;WARNING;2904;dpkg-decoder; ;machine-2; ;; ; ; ; ; ;;; ; ;; ;;; ; ;;; ;;;; ;;;;;package;dpkg-decoder;2023-10-16 23:10:10 status half-configured desktop-file-utils:amd64 0.26-1ubuntu3;7;2904;dpkg-decoder;"[""syslog"",""dpkg"",""config_changed""]";Dpkg (Debian Package) half configured.
06-20-October;wazuh;E:\Cours\TFE\data\raw\Datasets\06-20-October.csv;174;174;;WARNING;2902;dpkg-decoder; ;machine-2; ;; ; ; ; ; ;;; ; ;; ;;; ; ;;; ;;;; ;;;;;package;dpkg-decoder;2023-10-16 23:10:40 status installed libmagic1:amd64 1:5.41-3ubuntu0.1;7;2902;dpkg-decoder;"[""syslog"",""dpkg"",""config_changed""]";New dpkg (Debian Package) installed.
06-20-October;wazuh;E:\Cours\TFE\data\raw\Datasets\06-20-October.csv;175;175;;WARNING;2904;dpkg-decoder; ;machine-2; ;; ; ; ; ; ;;; ; ;; ;;; ; ;;; ;;;; ;;;;;package;dpkg-decoder;2023-10-16 23:10:40 status half-configured libc-bin:amd64 2.35-0ubuntu3.1;7;2904;dpkg-decoder;"[""syslog"",""dpkg"",""config_changed""]";Dpkg (Debian Package) half configured.
06-20-October;wazuh;E:\Cours\TFE\data\raw\Datasets\06-20-October.csv;176;176;;WARNING;2904;dpkg-decoder; ;machine-2; ;; ; ; ; ; ;;; ; ;; ;;; ; ;;; ;;;; ;;;;;package;dpkg-decoder;2023-10-16 23:10:13 status half-configured gnome-menus:amd64 3.36.0-1ubuntu3;7;2904;dpkg-decoder;"[""syslog"",""dpkg"",""config_changed""]";Dpkg (Debian Package) half configured.
06-20-October;wazuh;E:\Cours\TFE\data\raw\Datasets\06-20-October.csv;177;177;;WARNING;2902;dpkg-decoder; ;machine-2; ;; ; ; ; ; ;;; ; ;; ;;; ; ;;; ;;;; ;;;;;package;dpkg-decoder;2023-10-16 23:10:13 status installed gnome-menus:amd64 3.36.0-1ubuntu3;7;2902;dpkg-decoder;"[""syslog"",""dpkg"",""config_changed""]";New dpkg (Debian Package) installed.
06-20-October;wazuh;E:\Cours\TFE\data\raw\Datasets\06-20-October.csv;178;178;;INFO;2901;dpkg-decoder; ;machine-2; ;; ; ; ; ; ;;; ; ;; ;;; ; ;;; ;;;; ;;;;;package;dpkg-decoder;2023-10-16 23:11:16 install linux-image-6.2.0-34-generic:amd64 <none> 6.2.0-34.34~22.04.1;3;2901;dpkg-decoder;"[""syslog"",""dpkg""]";New dpkg (Debian Package) requested to install.
06-20-October;wazuh;E:\Cours\TFE\data\raw\Datasets\06-20-October.csv;179;179;;INFO;2901;dpkg-decoder; ;machine-2; ;; ; ; ; ; ;;; ; ;; ;;; ; ;;; ;;;; ;;;;;package;dpkg-decoder;2023-10-16 23:11:20 install linux-modules-extra-6.2.0-34-generic:amd64 <none> 6.2.0-34.34~22.04.1;3;2901;dpkg-decoder;"[""syslog"",""dpkg""]";New dpkg (Debian Package) requested to install.
06-20-October;wazuh;E:\Cours\TFE\data\raw\Datasets\06-20-October.csv;180;180;;WARNING;2904;dpkg-decoder; ;machine-2; ;; ; ; ; ; ;;; ; ;; ;;; ; ;;; ;;;; ;;;;;package;dpkg-decoder;2023-10-16 23:10:26 status half-configured xxd:amd64 2:8.2.3995-1ubuntu2.10;7;2904;dpkg-decoder;"[""syslog"",""dpkg"",""config_changed""]";Dpkg (Debian Package) half configured.
06-20-October;wazuh;E:\Cours\TFE\data\raw\Datasets\06-20-October.csv;181;181;;WARNING;2902;dpkg-decoder; ;machine-2; ;; ; ; ; ; ;;; ; ;; ;;; ; ;;; ;;;; ;;;;;package;dpkg-decoder;2023-10-16 23:10:40 status installed man-db:amd64 2.10.2-1;7;2902;dpkg-decoder;"[""syslog"",""dpkg"",""config_changed""]";New dpkg (Debian Package) installed.
06-20-October;wazuh;E:\Cours\TFE\data\raw\Datasets\06-20-October.csv;182;182;;WARNING;550;syscheck_integrity_changed; ;machine-2; ;; ; ; ; ; ;;; ;/boot/grub/x86_64-efi/iorw.mod;; ;;; ; ;;; ;;;; ;;;;;file_integrity;syscheck_integrity_changed;"File '/boot/grub/x86_64-efi/iorw.mod' modified
Mode: scheduled
Changed attributes: mtime,inode
Old modification time was: '1696137074', now it is '1697479754'
Old inode was: '1049255', now it is '1048976'
";7;550;syscheck_integrity_changed;"[""ossec"",""syscheck"",""syscheck_entry_modified"",""syscheck_file""]";Integrity checksum changed.
06-20-October;wazuh;E:\Cours\TFE\data\raw\Datasets\06-20-October.csv;183;183;;WARNING;550;syscheck_integrity_changed; ;machine-2; ;; ; ; ; ; ;;; ;/boot/grub/x86_64-efi/mdraid1x.mod;; ;;; ; ;;; ;;;; ;;;;;file_integrity;syscheck_integrity_changed;"File '/boot/grub/x86_64-efi/mdraid1x.mod' modified
Mode: scheduled
Changed attributes: mtime,inode
Old modification time was: '1696137074', now it is '1697479754'
Old inode was: '1049258', now it is '1048979'
";7;550;syscheck_integrity_changed;"[""ossec"",""syscheck"",""syscheck_entry_modified"",""syscheck_file""]";Integrity checksum changed.
06-20-October;wazuh;E:\Cours\TFE\data\raw\Datasets\06-20-October.csv;184;184;;WARNING;550;syscheck_integrity_changed; ;machine-2; ;; ; ; ; ; ;;; ;/boot/grub/x86_64-efi/loadbios.mod;; ;;; ; ;;; ;;;; ;;;;;file_integrity;syscheck_integrity_changed;"File '/boot/grub/x86_64-efi/loadbios.mod' modified
Mode: scheduled
Changed attributes: mtime,inode
Old modification time was: '1696137074', now it is '1697479754'
Old inode was: '1049263', now it is '1048984'
";7;550;syscheck_integrity_changed;"[""ossec"",""syscheck"",""syscheck_entry_modified"",""syscheck_file""]";Integrity checksum changed.
06-20-October;wazuh;E:\Cours\TFE\data\raw\Datasets\06-20-October.csv;185;185;;WARNING;550;syscheck_integrity_changed; ;machine-2; ;; ; ; ; ; ;;; ;/boot/grub/x86_64-efi/squash4.mod;; ;;; ; ;;; ;;;; ;;;;;file_integrity;syscheck_integrity_changed;"File '/boot/grub/x86_64-efi/squash4.mod' modified
Mode: scheduled
Changed attributes: mtime,inode
Old modification time was: '1696137074', now it is '1697479754'
Old inode was: '1049265', now it is '1048986'
";7;550;syscheck_integrity_changed;"[""ossec"",""syscheck"",""syscheck_entry_modified"",""syscheck_file""]";Integrity checksum changed.
06-20-October;wazuh;E:\Cours\TFE\data\raw\Datasets\06-20-October.csv;186;186;;WARNING;550;syscheck_integrity_changed; ;machine-2; ;; ; ; ; ; ;;; ;/boot/grub/x86_64-efi/gptsync.mod;; ;;; ; ;;; ;;;; ;;;;;file_integrity;syscheck_integrity_changed;"File '/boot/grub/x86_64-efi/gptsync.mod' modified
Mode: scheduled
Changed attributes: mtime,inode
Old modification time was: '1696137074', now it is '1697479754'
Old inode was: '1049268', now it is '1048989'
";7;550;syscheck_integrity_changed;"[""ossec"",""syscheck"",""syscheck_entry_modified"",""syscheck_file""]";Integrity checksum changed.
06-20-October;wazuh;E:\Cours\TFE\data\raw\Datasets\06-20-October.csv;187;187;;WARNING;550;syscheck_integrity_changed; ;machine-2; ;; ; ; ; ; ;;; ;/boot/grub/x86_64-efi/eval.mod;; ;;; ; ;;; ;;;; ;;;;;file_integrity;syscheck_integrity_changed;"File '/boot/grub/x86_64-efi/eval.mod' modified
Mode: scheduled
Changed attributes: mtime,inode
Old modification time was: '1696137074', now it is '1697479754'
Old inode was: '1049269', now it is '1048990'
";7;550;syscheck_integrity_changed;"[""ossec"",""syscheck"",""syscheck_entry_modified"",""syscheck_file""]";Integrity checksum changed.
06-20-October;wazuh;E:\Cours\TFE\data\raw\Datasets\06-20-October.csv;188;188;;WARNING;550;syscheck_integrity_changed; ;machine-2; ;; ; ; ; ; ;;; ;/boot/grub/x86_64-efi/core.efi;; ;;; ; ;;; ;;;; ;;;;;file_integrity;syscheck_integrity_changed;"File '/boot/grub/x86_64-efi/core.efi' modified
Mode: scheduled
Changed attributes: mtime,inode
Old modification time was: '1696137075', now it is '1697479755'
Old inode was: '1049452', now it is '1049454'
";7;550;syscheck_integrity_changed;"[""ossec"",""syscheck"",""syscheck_entry_modified"",""syscheck_file""]";Integrity checksum changed.
06-20-October;wazuh;E:\Cours\TFE\data\raw\Datasets\06-20-October.csv;189;189;;WARNING;550;syscheck_integrity_changed; ;machine-2; ;; ; ; ; ; ;;; ;/boot/grub/x86_64-efi/hashsum.mod;; ;;; ; ;;; ;;;; ;;;;;file_integrity;syscheck_integrity_changed;"File '/boot/grub/x86_64-efi/hashsum.mod' modified
Mode: scheduled
Changed attributes: mtime,inode
Old modification time was: '1696137074', now it is '1697479754'
Old inode was: '1049280', now it is '1049001'
";7;550;syscheck_integrity_changed;"[""ossec"",""syscheck"",""syscheck_entry_modified"",""syscheck_file""]";Integrity checksum changed.
06-20-October;wazuh;E:\Cours\TFE\data\raw\Datasets\06-20-October.csv;190;190;;WARNING;550;syscheck_integrity_changed; ;machine-2; ;; ; ; ; ; ;;; ;/boot/grub/x86_64-efi/hfspluscomp.mod;; ;;; ; ;;; ;;;; ;;;;;file_integrity;syscheck_integrity_changed;"File '/boot/grub/x86_64-efi/hfspluscomp.mod' modified
Mode: scheduled
Changed attributes: mtime,inode
Old modification time was: '1696137074', now it is '1697479754'
Old inode was: '1049281', now it is '1049002'
";7;550;syscheck_integrity_changed;"[""ossec"",""syscheck"",""syscheck_entry_modified"",""syscheck_file""]";Integrity checksum changed.
06-20-October;wazuh;E:\Cours\TFE\data\raw\Datasets\06-20-October.csv;191;191;;WARNING;550;syscheck_integrity_changed; ;machine-2; ;; ; ; ; ; ;;; ;/boot/grub/x86_64-efi/appleldr.mod;; ;;; ; ;;; ;;;; ;;;;;file_integrity;syscheck_integrity_changed;"File '/boot/grub/x86_64-efi/appleldr.mod' modified
Mode: scheduled
Changed attributes: mtime,inode
Old modification time was: '1696137074', now it is '1697479754'
Old inode was: '1049282', now it is '1049003'
";7;550;syscheck_integrity_changed;"[""ossec"",""syscheck"",""syscheck_entry_modified"",""syscheck_file""]";Integrity checksum changed.
06-20-October;wazuh;E:\Cours\TFE\data\raw\Datasets\06-20-October.csv;192;192;;WARNING;550;syscheck_integrity_changed; ;machine-2; ;; ; ; ; ; ;;; ;/boot/grub/x86_64-efi/xnu_uuid.mod;; ;;; ; ;;; ;;;; ;;;;;file_integrity;syscheck_integrity_changed;"File '/boot/grub/x86_64-efi/xnu_uuid.mod' modified
Mode: scheduled
Changed attributes: mtime,inode
Old modification time was: '1696137074', now it is '1697479754'
Old inode was: '1049284', now it is '1049005'
";7;550;syscheck_integrity_changed;"[""ossec"",""syscheck"",""syscheck_entry_modified"",""syscheck_file""]";Integrity checksum changed.
06-20-October;wazuh;E:\Cours\TFE\data\raw\Datasets\06-20-October.csv;193;193;;WARNING;550;syscheck_integrity_changed; ;machine-2; ;; ; ; ; ; ;;; ;/boot/grub/x86_64-efi/trig.mod;; ;;; ; ;;; ;;;; ;;;;;file_integrity;syscheck_integrity_changed;"File '/boot/grub/x86_64-efi/trig.mod' modified
Mode: scheduled
Changed attributes: mtime,inode
Old modification time was: '1696137074', now it is '1697479754'
Old inode was: '1049287', now it is '1049008'
";7;550;syscheck_integrity_changed;"[""ossec"",""syscheck"",""syscheck_entry_modified"",""syscheck_file""]";Integrity checksum changed.
06-20-October;wazuh;E:\Cours\TFE\data\raw\Datasets\06-20-October.csv;194;194;;WARNING;550;syscheck_integrity_changed; ;machine-2; ;; ; ; ; ; ;;; ;/boot/grub/x86_64-efi/time.mod;; ;;; ; ;;; ;;;; ;;;;;file_integrity;syscheck_integrity_changed;"File '/boot/grub/x86_64-efi/time.mod' modified
Mode: scheduled
Changed attributes: mtime,inode
Old modification time was: '1696137074', now it is '1697479754'
Old inode was: '1049289', now it is '1049010'
";7;550;syscheck_integrity_changed;"[""ossec"",""syscheck"",""syscheck_entry_modified"",""syscheck_file""]";Integrity checksum changed.
06-20-October;wazuh;E:\Cours\TFE\data\raw\Datasets\06-20-October.csv;195;195;;WARNING;550;syscheck_integrity_changed; ;machine-2; ;; ; ; ; ; ;;; ;/boot/grub/x86_64-efi/loadenv.mod;; ;;; ; ;;; ;;;; ;;;;;file_integrity;syscheck_integrity_changed;"File '/boot/grub/x86_64-efi/loadenv.mod' modified
Mode: scheduled
Changed attributes: mtime,inode
Old modification time was: '1696137074', now it is '1697479754'
Old inode was: '1049292', now it is '1049013'
";7;550;syscheck_integrity_changed;"[""ossec"",""syscheck"",""syscheck_entry_modified"",""syscheck_file""]";Integrity checksum changed.
06-20-October;wazuh;E:\Cours\TFE\data\raw\Datasets\06-20-October.csv;196;196;;WARNING;550;syscheck_integrity_changed; ;machine-2; ;; ; ; ; ; ;;; ;/boot/grub/x86_64-efi/ehci.mod;; ;;; ; ;;; ;;;; ;;;;;file_integrity;syscheck_integrity_changed;"File '/boot/grub/x86_64-efi/ehci.mod' modified
Mode: scheduled
Changed attributes: mtime,inode
Old modification time was: '1696137074', now it is '1697479754'
Old inode was: '1049294', now it is '1049015'
";7;550;syscheck_integrity_changed;"[""ossec"",""syscheck"",""syscheck_entry_modified"",""syscheck_file""]";Integrity checksum changed.
06-20-October;wazuh;E:\Cours\TFE\data\raw\Datasets\06-20-October.csv;197;197;;WARNING;550;syscheck_integrity_changed; ;machine-2; ;; ; ; ; ; ;;; ;/boot/grub/x86_64-efi/gcry_crc.mod;; ;;; ; ;;; ;;;; ;;;;;file_integrity;syscheck_integrity_changed;"File '/boot/grub/x86_64-efi/gcry_crc.mod' modified
Mode: scheduled
Changed attributes: mtime,inode
Old modification time was: '1696137074', now it is '1697479754'
Old inode was: '1049297', now it is '1049018'
";7;550;syscheck_integrity_changed;"[""ossec"",""syscheck"",""syscheck_entry_modified"",""syscheck_file""]";Integrity checksum changed.
06-20-October;wazuh;E:\Cours\TFE\data\raw\Datasets\06-20-October.csv;198;198;;WARNING;550;syscheck_integrity_changed; ;machine-2; ;; ; ; ; ; ;;; ;/boot/grub/x86_64-efi/diskfilter.mod;; ;;; ; ;;; ;;;; ;;;;;file_integrity;syscheck_integrity_changed;"File '/boot/grub/x86_64-efi/diskfilter.mod' modified
Mode: scheduled
Changed attributes: mtime,inode
Old modification time was: '1696137074', now it is '1697479754'
Old inode was: '1049298', now it is '1049019'
";7;550;syscheck_integrity_changed;"[""ossec"",""syscheck"",""syscheck_entry_modified"",""syscheck_file""]";Integrity checksum changed.
06-20-October;wazuh;E:\Cours\TFE\data\raw\Datasets\06-20-October.csv;199;199;;WARNING;550;syscheck_integrity_changed; ;machine-2; ;; ; ; ; ; ;;; ;/boot/grub/x86_64-efi/efinet.mod;; ;;; ; ;;; ;;;; ;;;;;file_integrity;syscheck_integrity_changed;"File '/boot/grub/x86_64-efi/efinet.mod' modified
Mode: scheduled
Changed attributes: mtime,inode
Old modification time was: '1696137074', now it is '1697479754'
Old inode was: '1049299', now it is '1049020'
";7;550;syscheck_integrity_changed;"[""ossec"",""syscheck"",""syscheck_entry_modified"",""syscheck_file""]";Integrity checksum changed.
06-20-October;wazuh;E:\Cours\TFE\data\raw\Datasets\06-20-October.csv;200;200;;WARNING;550;syscheck_integrity_changed; ;machine-2; ;; ; ; ; ; ;;; ;/boot/grub/x86_64-efi/dm_nv.mod;; ;;; ; ;;; ;;;; ;;;;;file_integrity;syscheck_integrity_changed;"File '/boot/grub/x86_64-efi/dm_nv.mod' modified
Mode: scheduled
Changed attributes: mtime,inode
Old modification time was: '1696137074', now it is '1697479754'
Old inode was: '1049310', now it is '1049031'
";7;550;syscheck_integrity_changed;"[""ossec"",""syscheck"",""syscheck_entry_modified"",""syscheck_file""]";Integrity checksum changed.
06-20-October;wazuh;E:\Cours\TFE\data\raw\Datasets\06-20-October.csv;201;201;;WARNING;550;syscheck_integrity_changed; ;machine-2; ;; ; ; ; ; ;;; ;/boot/grub/x86_64-efi/command.lst;; ;;; ; ;;; ;;;; ;;;;;file_integrity;syscheck_integrity_changed;"File '/boot/grub/x86_64-efi/command.lst' modified
Mode: scheduled
Changed attributes: mtime,inode
Old modification time was: '1696137074', now it is '1697479755'
Old inode was: '1049444', now it is '1049165'
";7;550;syscheck_integrity_changed;"[""ossec"",""syscheck"",""syscheck_entry_modified"",""syscheck_file""]";Integrity checksum changed.
06-20-October;wazuh;E:\Cours\TFE\data\raw\Datasets\06-20-October.csv;202;202;;WARNING;550;syscheck_integrity_changed; ;machine-2; ;; ; ; ; ; ;;; ;/boot/grub/x86_64-efi/net.mod;; ;;; ; ;;; ;;;; ;;;;;file_integrity;syscheck_integrity_changed;"File '/boot/grub/x86_64-efi/net.mod' modified
Mode: scheduled
Changed attributes: mtime,inode
Old modification time was: '1696137074', now it is '1697479754'
Old inode was: '1049322', now it is '1049043'
";7;550;syscheck_integrity_changed;"[""ossec"",""syscheck"",""syscheck_entry_modified"",""syscheck_file""]";Integrity checksum changed.
06-20-October;wazuh;E:\Cours\TFE\data\raw\Datasets\06-20-October.csv;203;203;;WARNING;550;syscheck_integrity_changed; ;machine-2; ;; ; ; ; ; ;;; ;/boot/grub/x86_64-efi/usb_keyboard.mod;; ;;; ; ;;; ;;;; ;;;;;file_integrity;syscheck_integrity_changed;"File '/boot/grub/x86_64-efi/usb_keyboard.mod' modified
Mode: scheduled
Changed attributes: mtime,inode
Old modification time was: '1696137074', now it is '1697479754'
Old inode was: '1049323', now it is '1049044'
";7;550;syscheck_integrity_changed;"[""ossec"",""syscheck"",""syscheck_entry_modified"",""syscheck_file""]";Integrity checksum changed.
06-20-October;wazuh;E:\Cours\TFE\data\raw\Datasets\06-20-October.csv;204;204;;WARNING;550;syscheck_integrity_changed; ;machine-2; ;; ; ; ; ; ;;; ;/boot/grub/x86_64-efi/random.mod;; ;;; ; ;;; ;;;; ;;;;;file_integrity;syscheck_integrity_changed;"File '/boot/grub/x86_64-efi/random.mod' modified
Mode: scheduled
Changed attributes: mtime,inode
Old modification time was: '1696137074', now it is '1697479754'
Old inode was: '1049327', now it is '1049048'
";7;550;syscheck_integrity_changed;"[""ossec"",""syscheck"",""syscheck_entry_modified"",""syscheck_file""]";Integrity checksum changed.
06-20-October;wazuh;E:\Cours\TFE\data\raw\Datasets\06-20-October.csv;205;205;;WARNING;550;syscheck_integrity_changed; ;machine-2; ;; ; ; ; ; ;;; ;/boot/grub/x86_64-efi/tftp.mod;; ;;; ; ;;; ;;;; ;;;;;file_integrity;syscheck_integrity_changed;"File '/boot/grub/x86_64-efi/tftp.mod' modified
Mode: scheduled
Changed attributes: mtime,inode
Old modification time was: '1696137074', now it is '1697479754'
Old inode was: '1049329', now it is '1049050'
";7;550;syscheck_integrity_changed;"[""ossec"",""syscheck"",""syscheck_entry_modified"",""syscheck_file""]";Integrity checksum changed.
06-20-October;wazuh;E:\Cours\TFE\data\raw\Datasets\06-20-October.csv;206;206;;WARNING;550;syscheck_integrity_changed; ;machine-2; ;; ; ; ; ; ;;; ;/boot/grub/x86_64-efi/div.mod;; ;;; ; ;;; ;;;; ;;;;;file_integrity;syscheck_integrity_changed;"File '/boot/grub/x86_64-efi/div.mod' modified
Mode: scheduled
Changed attributes: mtime,inode
Old modification time was: '1696137074', now it is '1697479754'
Old inode was: '1049331', now it is '1049052'
";7;550;syscheck_integrity_changed;"[""ossec"",""syscheck"",""syscheck_entry_modified"",""syscheck_file""]";Integrity checksum changed.
06-20-October;wazuh;E:\Cours\TFE\data\raw\Datasets\06-20-October.csv;207;207;;WARNING;550;syscheck_integrity_changed; ;machine-2; ;; ; ; ; ; ;;; ;/boot/grub/x86_64-efi/usbserial_pl2303.mod;; ;;; ; ;;; ;;;; ;;;;;file_integrity;syscheck_integrity_changed;"File '/boot/grub/x86_64-efi/usbserial_pl2303.mod' modified
Mode: scheduled
Changed attributes: mtime,inode
Old modification time was: '1696137074', now it is '1697479754'
Old inode was: '1049335', now it is '1049056'
";7;550;syscheck_integrity_changed;"[""ossec"",""syscheck"",""syscheck_entry_modified"",""syscheck_file""]";Integrity checksum changed.
06-20-October;wazuh;E:\Cours\TFE\data\raw\Datasets\06-20-October.csv;208;208;;WARNING;550;syscheck_integrity_changed; ;machine-2; ;; ; ; ; ; ;;; ;/boot/grub/x86_64-efi/tar.mod;; ;;; ; ;;; ;;;; ;;;;;file_integrity;syscheck_integrity_changed;"File '/boot/grub/x86_64-efi/tar.mod' modified
Mode: scheduled
Changed attributes: mtime,inode
Old modification time was: '1696137074', now it is '1697479754'
Old inode was: '1049336', now it is '1049057'
";7;550;syscheck_integrity_changed;"[""ossec"",""syscheck"",""syscheck_entry_modified"",""syscheck_file""]";Integrity checksum changed.
06-20-October;wazuh;E:\Cours\TFE\data\raw\Datasets\06-20-October.csv;209;209;;WARNING;550;syscheck_integrity_changed; ;machine-2; ;; ; ; ; ; ;;; ;/boot/grub/x86_64-efi/disk.mod;; ;;; ; ;;; ;;;; ;;;;;file_integrity;syscheck_integrity_changed;"File '/boot/grub/x86_64-efi/disk.mod' modified
Mode: scheduled
Changed attributes: mtime,inode
Old modification time was: '1696137074', now it is '1697479754'
Old inode was: '1049337', now it is '1049058'
";7;550;syscheck_integrity_changed;"[""ossec"",""syscheck"",""syscheck_entry_modified"",""syscheck_file""]";Integrity checksum changed.
06-20-October;wazuh;E:\Cours\TFE\data\raw\Datasets\06-20-October.csv;210;210;;WARNING;550;syscheck_integrity_changed; ;machine-2; ;; ; ; ; ; ;;; ;/boot/grub/x86_64-efi/hexdump.mod;; ;;; ; ;;; ;;;; ;;;;;file_integrity;syscheck_integrity_changed;"File '/boot/grub/x86_64-efi/hexdump.mod' modified
Mode: scheduled
Changed attributes: mtime,inode
Old modification time was: '1696137074', now it is '1697479754'
Old inode was: '1049342', now it is '1049063'
";7;550;syscheck_integrity_changed;"[""ossec"",""syscheck"",""syscheck_entry_modified"",""syscheck_file""]";Integrity checksum changed.
06-20-October;wazuh;E:\Cours\TFE\data\raw\Datasets\06-20-October.csv;211;211;;WARNING;550;syscheck_integrity_changed; ;machine-2; ;; ; ; ; ; ;;; ;/boot/grub/x86_64-efi/normal.mod;; ;;; ; ;;; ;;;; ;;;;;file_integrity;syscheck_integrity_changed;"File '/boot/grub/x86_64-efi/normal.mod' modified
Mode: scheduled
Changed attributes: mtime,inode,md5,sha1,sha256
Old modification time was: '1696137074', now it is '1697479754'
Old inode was: '1049343', now it is '1049064'
Old md5sum was: '73212992052d071f758a212ac62d5445'
New md5sum is : '4bc54bc6ad44c2599da3ce3371b194a0'
Old sha1sum was: '27fb63b9448a7d63f080fef36238ec2f030cd09e'
New sha1sum is : 'ad13957799c5ca105aafde5afebf4b4cc94107e3'
Old sha256sum was: 'd8f014c62fb2d1f8cca006464d113cd3a009a184bfcbe70217e858bb5a680618'
New sha256sum is : 'd8a7da6258b5fcdd5cdbf423a2df4f2c171b6bfa76b1b5953f7a72ae13787cba'
";7;550;syscheck_integrity_changed;"[""ossec"",""syscheck"",""syscheck_entry_modified"",""syscheck_file""]";Integrity checksum changed.
06-20-October;wazuh;E:\Cours\TFE\data\raw\Datasets\06-20-October.csv;212;212;;WARNING;550;syscheck_integrity_changed; ;machine-2; ;; ; ; ; ; ;;; ;/boot/grub/x86_64-efi/usbserial_common.mod;; ;;; ; ;;; ;;;; ;;;;;file_integrity;syscheck_integrity_changed;"File '/boot/grub/x86_64-efi/usbserial_common.mod' modified
Mode: scheduled
Changed attributes: mtime,inode
Old modification time was: '1696137074', now it is '1697479754'
Old inode was: '1049345', now it is '1049066'
";7;550;syscheck_integrity_changed;"[""ossec"",""syscheck"",""syscheck_entry_modified"",""syscheck_file""]";Integrity checksum changed.
06-20-October;wazuh;E:\Cours\TFE\data\raw\Datasets\06-20-October.csv;213;213;;WARNING;550;syscheck_integrity_changed; ;machine-2; ;; ; ; ; ; ;;; ;/boot/grub/x86_64-efi/part_dfly.mod;; ;;; ; ;;; ;;;; ;;;;;file_integrity;syscheck_integrity_changed;"File '/boot/grub/x86_64-efi/part_dfly.mod' modified
Mode: scheduled
Changed attributes: mtime,inode
Old modification time was: '1696137074', now it is '1697479754'
Old inode was: '1049346', now it is '1049067'
";7;550;syscheck_integrity_changed;"[""ossec"",""syscheck"",""syscheck_entry_modified"",""syscheck_file""]";Integrity checksum changed.
06-20-October;wazuh;E:\Cours\TFE\data\raw\Datasets\06-20-October.csv;214;214;;WARNING;550;syscheck_integrity_changed; ;machine-2; ;; ; ; ; ; ;;; ;/boot/grub/x86_64-efi/search_fs_uuid.mod;; ;;; ; ;;; ;;;; ;;;;;file_integrity;syscheck_integrity_changed;"File '/boot/grub/x86_64-efi/search_fs_uuid.mod' modified
Mode: scheduled
Changed attributes: mtime,inode
Old modification time was: '1696137074', now it is '1697479754'
Old inode was: '1049348', now it is '1049069'
";7;550;syscheck_integrity_changed;"[""ossec"",""syscheck"",""syscheck_entry_modified"",""syscheck_file""]";Integrity checksum changed.
06-20-October;wazuh;E:\Cours\TFE\data\raw\Datasets\06-20-October.csv;215;215;;WARNING;550;syscheck_integrity_changed; ;machine-2; ;; ; ; ; ; ;;; ;/boot/grub/x86_64-efi/serial.mod;; ;;; ; ;;; ;;;; ;;;;;file_integrity;syscheck_integrity_changed;"File '/boot/grub/x86_64-efi/serial.mod' modified
Mode: scheduled
Changed attributes: mtime,inode
Old modification time was: '1696137074', now it is '1697479754'
Old inode was: '1049349', now it is '1049070'
";7;550;syscheck_integrity_changed;"[""ossec"",""syscheck"",""syscheck_entry_modified"",""syscheck_file""]";Integrity checksum changed.
06-20-October;wazuh;E:\Cours\TFE\data\raw\Datasets\06-20-October.csv;216;216;;WARNING;550;syscheck_integrity_changed; ;machine-2; ;; ; ; ; ; ;;; ;/boot/grub/x86_64-efi/fs.lst;; ;;; ; ;;; ;;;; ;;;;;file_integrity;syscheck_integrity_changed;"File '/boot/grub/x86_64-efi/fs.lst' modified
Mode: scheduled
Changed attributes: mtime,inode
Old modification time was: '1696137074', now it is '1697479755'
Old inode was: '1049445', now it is '1049166'
";7;550;syscheck_integrity_changed;"[""ossec"",""syscheck"",""syscheck_entry_modified"",""syscheck_file""]";Integrity checksum changed.
06-20-October;wazuh;E:\Cours\TFE\data\raw\Datasets\06-20-October.csv;217;217;;WARNING;550;syscheck_integrity_changed; ;machine-2; ;; ; ; ; ; ;;; ;/boot/grub/x86_64-efi/terminfo.mod;; ;;; ; ;;; ;;;; ;;;;;file_integrity;syscheck_integrity_changed;"File '/boot/grub/x86_64-efi/terminfo.mod' modified
Mode: scheduled
Changed attributes: mtime,inode
Old modification time was: '1696137074', now it is '1697479754'
Old inode was: '1049354', now it is '1049075'
";7;550;syscheck_integrity_changed;"[""ossec"",""syscheck"",""syscheck_entry_modified"",""syscheck_file""]";Integrity checksum changed.
06-20-October;wazuh;E:\Cours\TFE\data\raw\Datasets\06-20-October.csv;218;218;;WARNING;550;syscheck_integrity_changed; ;machine-2; ;; ; ; ; ; ;;; ;/boot/grub/x86_64-efi/bswap_test.mod;; ;;; ; ;;; ;;;; ;;;;;file_integrity;syscheck_integrity_changed;"File '/boot/grub/x86_64-efi/bswap_test.mod' modified
Mode: scheduled
Changed attributes: mtime,inode
Old modification time was: '1696137074', now it is '1697479754'
Old inode was: '1049355', now it is '1049076'
";7;550;syscheck_integrity_changed;"[""ossec"",""syscheck"",""syscheck_entry_modified"",""syscheck_file""]";Integrity checksum changed.
06-20-October;wazuh;E:\Cours\TFE\data\raw\Datasets\06-20-October.csv;219;219;;WARNING;550;syscheck_integrity_changed; ;machine-2; ;; ; ; ; ; ;;; ;/boot/grub/x86_64-efi/zstd.mod;; ;;; ; ;;; ;;;; ;;;;;file_integrity;syscheck_integrity_changed;"File '/boot/grub/x86_64-efi/zstd.mod' modified
Mode: scheduled
Changed attributes: mtime,inode
Old modification time was: '1696137074', now it is '1697479754'
Old inode was: '1049360', now it is '1049081'
";7;550;syscheck_integrity_changed;"[""ossec"",""syscheck"",""syscheck_entry_modified"",""syscheck_file""]";Integrity checksum changed.
06-20-October;wazuh;E:\Cours\TFE\data\raw\Datasets\06-20-October.csv;220;220;;WARNING;550;syscheck_integrity_changed; ;machine-2; ;; ; ; ; ; ;;; ;/boot/grub/x86_64-efi/memrw.mod;; ;;; ; ;;; ;;;; ;;;;;file_integrity;syscheck_integrity_changed;"File '/boot/grub/x86_64-efi/memrw.mod' modified
Mode: scheduled
Changed attributes: mtime,inode
Old modification time was: '1696137074', now it is '1697479754'
Old inode was: '1049361', now it is '1049082'
";7;550;syscheck_integrity_changed;"[""ossec"",""syscheck"",""syscheck_entry_modified"",""syscheck_file""]";Integrity checksum changed.
06-20-October;wazuh;E:\Cours\TFE\data\raw\Datasets\06-20-October.csv;221;221;;WARNING;550;syscheck_integrity_changed; ;machine-2; ;; ; ; ; ; ;;; ;/boot/grub/x86_64-efi/nativedisk.mod;; ;;; ; ;;; ;;;; ;;;;;file_integrity;syscheck_integrity_changed;"File '/boot/grub/x86_64-efi/nativedisk.mod' modified
Mode: scheduled
Changed attributes: mtime,inode
Old modification time was: '1696137074', now it is '1697479754'
Old inode was: '1049363', now it is '1049084'
";7;550;syscheck_integrity_changed;"[""ossec"",""syscheck"",""syscheck_entry_modified"",""syscheck_file""]";Integrity checksum changed.
06-20-October;wazuh;E:\Cours\TFE\data\raw\Datasets\06-20-October.csv;222;222;;WARNING;550;syscheck_integrity_changed; ;machine-2; ;; ; ; ; ; ;;; ;/boot/grub/x86_64-efi/crypto.mod;; ;;; ; ;;; ;;;; ;;;;;file_integrity;syscheck_integrity_changed;"File '/boot/grub/x86_64-efi/crypto.mod' modified
Mode: scheduled
Changed attributes: mtime,inode
Old modification time was: '1696137074', now it is '1697479754'
Old inode was: '1049365', now it is '1049086'
";7;550;syscheck_integrity_changed;"[""ossec"",""syscheck"",""syscheck_entry_modified"",""syscheck_file""]";Integrity checksum changed.
06-20-October;wazuh;E:\Cours\TFE\data\raw\Datasets\06-20-October.csv;223;223;;WARNING;550;syscheck_integrity_changed; ;machine-2; ;; ; ; ; ; ;;; ;/boot/grub/x86_64-efi/fixvideo.mod;; ;;; ; ;;; ;;;; ;;;;;file_integrity;syscheck_integrity_changed;"File '/boot/grub/x86_64-efi/fixvideo.mod' modified
Mode: scheduled
Changed attributes: mtime,inode
Old modification time was: '1696137074', now it is '1697479755'
Old inode was: '1049367', now it is '1049088'
";7;550;syscheck_integrity_changed;"[""ossec"",""syscheck"",""syscheck_entry_modified"",""syscheck_file""]";Integrity checksum changed.
06-20-October;wazuh;E:\Cours\TFE\data\raw\Datasets\06-20-October.csv;224;224;;WARNING;550;syscheck_integrity_changed; ;machine-2; ;; ; ; ; ; ;;; ;/boot/grub/x86_64-efi/ntfscomp.mod;; ;;; ; ;;; ;;;; ;;;;;file_integrity;syscheck_integrity_changed;"File '/boot/grub/x86_64-efi/ntfscomp.mod' modified
Mode: scheduled
Changed attributes: mtime,inode
Old modification time was: '1696137074', now it is '1697479755'
Old inode was: '1049370', now it is '1049091'
";7;550;syscheck_integrity_changed;"[""ossec"",""syscheck"",""syscheck_entry_modified"",""syscheck_file""]";Integrity checksum changed.
06-20-October;wazuh;E:\Cours\TFE\data\raw\Datasets\06-20-October.csv;225;225;;WARNING;550;syscheck_integrity_changed; ;machine-2; ;; ; ; ; ; ;;; ;/boot/grub/x86_64-efi/gcry_serpent.mod;; ;;; ; ;;; ;;;; ;;;;;file_integrity;syscheck_integrity_changed;"File '/boot/grub/x86_64-efi/gcry_serpent.mod' modified
Mode: scheduled
Changed attributes: mtime,inode
Old modification time was: '1696137074', now it is '1697479755'
Old inode was: '1049373', now it is '1049094'
";7;550;syscheck_integrity_changed;"[""ossec"",""syscheck"",""syscheck_entry_modified"",""syscheck_file""]";Integrity checksum changed.
06-20-October;wazuh;E:\Cours\TFE\data\raw\Datasets\06-20-October.csv;226;226;;WARNING;550;syscheck_integrity_changed; ;machine-2; ;; ; ; ; ; ;;; ;/boot/grub/x86_64-efi/gcry_twofish.mod;; ;;; ; ;;; ;;;; ;;;;;file_integrity;syscheck_integrity_changed;"File '/boot/grub/x86_64-efi/gcry_twofish.mod' modified
Mode: scheduled
Changed attributes: mtime,inode
Old modification time was: '1696137074', now it is '1697479755'
Old inode was: '1049374', now it is '1049095'
";7;550;syscheck_integrity_changed;"[""ossec"",""syscheck"",""syscheck_entry_modified"",""syscheck_file""]";Integrity checksum changed.
06-20-October;wazuh;E:\Cours\TFE\data\raw\Datasets\06-20-October.csv;227;227;;WARNING;550;syscheck_integrity_changed; ;machine-2; ;; ; ; ; ; ;;; ;/boot/grub/x86_64-efi/help.mod;; ;;; ; ;;; ;;;; ;;;;;file_integrity;syscheck_integrity_changed;"File '/boot/grub/x86_64-efi/help.mod' modified
Mode: scheduled
Changed attributes: mtime,inode
Old modification time was: '1696137074', now it is '1697479755'
Old inode was: '1049375', now it is '1049096'
";7;550;syscheck_integrity_changed;"[""ossec"",""syscheck"",""syscheck_entry_modified"",""syscheck_file""]";Integrity checksum changed.
06-20-October;wazuh;E:\Cours\TFE\data\raw\Datasets\06-20-October.csv;228;228;;WARNING;550;syscheck_integrity_changed; ;machine-2; ;; ; ; ; ; ;;; ;/boot/grub/x86_64-efi/hfs.mod;; ;;; ; ;;; ;;;; ;;;;;file_integrity;syscheck_integrity_changed;"File '/boot/grub/x86_64-efi/hfs.mod' modified
Mode: scheduled
Changed attributes: mtime,inode
Old modification time was: '1696137074', now it is '1697479755'
Old inode was: '1049377', now it is '1049098'
";7;550;syscheck_integrity_changed;"[""ossec"",""syscheck"",""syscheck_entry_modified"",""syscheck_file""]";Integrity checksum changed.
06-20-October;wazuh;E:\Cours\TFE\data\raw\Datasets\06-20-October.csv;229;229;;WARNING;550;syscheck_integrity_changed; ;machine-2; ;; ; ; ; ; ;;; ;/boot/grub/x86_64-efi/extcmd.mod;; ;;; ; ;;; ;;;; ;;;;;file_integrity;syscheck_integrity_changed;"File '/boot/grub/x86_64-efi/extcmd.mod' modified
Mode: scheduled
Changed attributes: mtime,inode
Old modification time was: '1696137074', now it is '1697479755'
Old inode was: '1049378', now it is '1049099'
";7;550;syscheck_integrity_changed;"[""ossec"",""syscheck"",""syscheck_entry_modified"",""syscheck_file""]";Integrity checksum changed.
06-20-October;wazuh;E:\Cours\TFE\data\raw\Datasets\06-20-October.csv;230;230;;WARNING;550;syscheck_integrity_changed; ;machine-2; ;; ; ; ; ; ;;; ;/boot/grub/x86_64-efi/file.mod;; ;;; ; ;;; ;;;; ;;;;;file_integrity;syscheck_integrity_changed;"File '/boot/grub/x86_64-efi/file.mod' modified
Mode: scheduled
Changed attributes: mtime,inode
Old modification time was: '1696137074', now it is '1697479755'
Old inode was: '1049379', now it is '1049100'
";7;550;syscheck_integrity_changed;"[""ossec"",""syscheck"",""syscheck_entry_modified"",""syscheck_file""]";Integrity checksum changed.
06-20-October;wazuh;E:\Cours\TFE\data\raw\Datasets\06-20-October.csv;231;231;;WARNING;550;syscheck_integrity_changed; ;machine-2; ;; ; ; ; ; ;;; ;/boot/grub/x86_64-efi/test.mod;; ;;; ; ;;; ;;;; ;;;;;file_integrity;syscheck_integrity_changed;"File '/boot/grub/x86_64-efi/test.mod' modified
Mode: scheduled
Changed attributes: mtime,inode
Old modification time was: '1696137074', now it is '1697479755'
Old inode was: '1049380', now it is '1049101'
";7;550;syscheck_integrity_changed;"[""ossec"",""syscheck"",""syscheck_entry_modified"",""syscheck_file""]";Integrity checksum changed.
06-20-October;wazuh;E:\Cours\TFE\data\raw\Datasets\06-20-October.csv;232;232;;WARNING;550;syscheck_integrity_changed; ;machine-2; ;; ; ; ; ; ;;; ;/boot/grub/x86_64-efi/fat.mod;; ;;; ; ;;; ;;;; ;;;;;file_integrity;syscheck_integrity_changed;"File '/boot/grub/x86_64-efi/fat.mod' modified
Mode: scheduled
Changed attributes: mtime,inode
Old modification time was: '1696137074', now it is '1697479755'
Old inode was: '1049384', now it is '1049105'
";7;550;syscheck_integrity_changed;"[""ossec"",""syscheck"",""syscheck_entry_modified"",""syscheck_file""]";Integrity checksum changed.
06-20-October;wazuh;E:\Cours\TFE\data\raw\Datasets\06-20-October.csv;233;233;;WARNING;550;syscheck_integrity_changed; ;machine-2; ;; ; ; ; ; ;;; ;/boot/grub/x86_64-efi/lsmmap.mod;; ;;; ; ;;; ;;;; ;;;;;file_integrity;syscheck_integrity_changed;"File '/boot/grub/x86_64-efi/lsmmap.mod' modified
Mode: scheduled
Changed attributes: mtime,inode
Old modification time was: '1696137074', now it is '1697479755'
Old inode was: '1049387', now it is '1049108'
";7;550;syscheck_integrity_changed;"[""ossec"",""syscheck"",""syscheck_entry_modified"",""syscheck_file""]";Integrity checksum changed.
06-20-October;wazuh;E:\Cours\TFE\data\raw\Datasets\06-20-October.csv;234;234;;WARNING;550;syscheck_integrity_changed; ;machine-2; ;; ; ; ; ; ;;; ;/boot/grub/x86_64-efi/gcry_rfc2268.mod;; ;;; ; ;;; ;;;; ;;;;;file_integrity;syscheck_integrity_changed;"File '/boot/grub/x86_64-efi/gcry_rfc2268.mod' modified
Mode: scheduled
Changed attributes: mtime,inode
Old modification time was: '1696137074', now it is '1697479755'
Old inode was: '1049388', now it is '1049109'
";7;550;syscheck_integrity_changed;"[""ossec"",""syscheck"",""syscheck_entry_modified"",""syscheck_file""]";Integrity checksum changed.
06-20-October;wazuh;E:\Cours\TFE\data\raw\Datasets\06-20-October.csv;235;235;;WARNING;550;syscheck_integrity_changed; ;machine-2; ;; ; ; ; ; ;;; ;/boot/grub/x86_64-efi/gcry_tiger.mod;; ;;; ; ;;; ;;;; ;;;;;file_integrity;syscheck_integrity_changed;"File '/boot/grub/x86_64-efi/gcry_tiger.mod' modified
Mode: scheduled
Changed attributes: mtime,inode
Old modification time was: '1696137074', now it is '1697479755'
Old inode was: '1049390', now it is '1049111'
";7;550;syscheck_integrity_changed;"[""ossec"",""syscheck"",""syscheck_entry_modified"",""syscheck_file""]";Integrity checksum changed.
06-20-October;wazuh;E:\Cours\TFE\data\raw\Datasets\06-20-October.csv;236;236;;WARNING;550;syscheck_integrity_changed; ;machine-2; ;; ; ; ; ; ;;; ;/boot/grub/x86_64-efi/exfctest.mod;; ;;; ; ;;; ;;;; ;;;;;file_integrity;syscheck_integrity_changed;"File '/boot/grub/x86_64-efi/exfctest.mod' modified
Mode: scheduled
Changed attributes: mtime,inode
Old modification time was: '1696137074', now it is '1697479755'
Old inode was: '1049391', now it is '1049112'
";7;550;syscheck_integrity_changed;"[""ossec"",""syscheck"",""syscheck_entry_modified"",""syscheck_file""]";Integrity checksum changed.
06-20-October;wazuh;E:\Cours\TFE\data\raw\Datasets\06-20-October.csv;237;237;;WARNING;550;syscheck_integrity_changed; ;machine-2; ;; ; ; ; ; ;;; ;/boot/grub/x86_64-efi/acpi.mod;; ;;; ; ;;; ;;;; ;;;;;file_integrity;syscheck_integrity_changed;"File '/boot/grub/x86_64-efi/acpi.mod' modified
Mode: scheduled
Changed attributes: mtime,inode
Old modification time was: '1696137074', now it is '1697479755'
Old inode was: '1049392', now it is '1049113'
";7;550;syscheck_integrity_changed;"[""ossec"",""syscheck"",""syscheck_entry_modified"",""syscheck_file""]";Integrity checksum changed.
06-20-October;wazuh;E:\Cours\TFE\data\raw\Datasets\06-20-October.csv;238;238;;WARNING;550;syscheck_integrity_changed; ;machine-2; ;; ; ; ; ; ;;; ;/boot/grub/x86_64-efi/gcry_sha512.mod;; ;;; ; ;;; ;;;; ;;;;;file_integrity;syscheck_integrity_changed;"File '/boot/grub/x86_64-efi/gcry_sha512.mod' modified
Mode: scheduled
Changed attributes: mtime,inode
Old modification time was: '1696137074', now it is '1697479755'
Old inode was: '1049393', now it is '1049114'
";7;550;syscheck_integrity_changed;"[""ossec"",""syscheck"",""syscheck_entry_modified"",""syscheck_file""]";Integrity checksum changed.
06-20-October;wazuh;E:\Cours\TFE\data\raw\Datasets\06-20-October.csv;239;239;;WARNING;550;syscheck_integrity_changed; ;machine-2; ;; ; ; ; ; ;;; ;/boot/grub/x86_64-efi/iso9660.mod;; ;;; ; ;;; ;;;; ;;;;;file_integrity;syscheck_integrity_changed;"File '/boot/grub/x86_64-efi/iso9660.mod' modified
Mode: scheduled
Changed attributes: mtime,inode
Old modification time was: '1696137074', now it is '1697479755'
Old inode was: '1049395', now it is '1049116'
";7;550;syscheck_integrity_changed;"[""ossec"",""syscheck"",""syscheck_entry_modified"",""syscheck_file""]";Integrity checksum changed.
06-20-October;wazuh;E:\Cours\TFE\data\raw\Datasets\06-20-October.csv;240;240;;WARNING;550;syscheck_integrity_changed; ;machine-2; ;; ; ; ; ; ;;; ;/boot/grub/x86_64-efi/all_video.mod;; ;;; ; ;;; ;;;; ;;;;;file_integrity;syscheck_integrity_changed;"File '/boot/grub/x86_64-efi/all_video.mod' modified
Mode: scheduled
Changed attributes: mtime,inode
Old modification time was: '1696137074', now it is '1697479755'
Old inode was: '1049397', now it is '1049118'
";7;550;syscheck_integrity_changed;"[""ossec"",""syscheck"",""syscheck_entry_modified"",""syscheck_file""]";Integrity checksum changed.
06-20-October;wazuh;E:\Cours\TFE\data\raw\Datasets\06-20-October.csv;241;241;;WARNING;550;syscheck_integrity_changed; ;machine-2; ;; ; ; ; ; ;;; ;/boot/grub/x86_64-efi/cpuid.mod;; ;;; ; ;;; ;;;; ;;;;;file_integrity;syscheck_integrity_changed;"File '/boot/grub/x86_64-efi/cpuid.mod' modified
Mode: scheduled
Changed attributes: mtime,inode
Old modification time was: '1696137074', now it is '1697479755'
Old inode was: '1049399', now it is '1049120'
";7;550;syscheck_integrity_changed;"[""ossec"",""syscheck"",""syscheck_entry_modified"",""syscheck_file""]";Integrity checksum changed.
06-20-October;wazuh;E:\Cours\TFE\data\raw\Datasets\06-20-October.csv;242;242;;WARNING;550;syscheck_integrity_changed; ;machine-2; ;; ; ; ; ; ;;; ;/boot/grub/x86_64-efi/multiboot2.mod;; ;;; ; ;;; ;;;; ;;;;;file_integrity;syscheck_integrity_changed;"File '/boot/grub/x86_64-efi/multiboot2.mod' modified
Mode: scheduled
Changed attributes: mtime,inode,md5,sha1,sha256
Old modification time was: '1696137074', now it is '1697479755'
Old inode was: '1049402', now it is '1049123'
Old md5sum was: 'a1146ff5b96ff80e66fb62835f0e77f9'
New md5sum is : '587a20f63528bc43bb6e6a5caa3eb3df'
Old sha1sum was: '779bf4ef1696f01b9c0a28dc0bd651f2c7e8ee34'
New sha1sum is : '3b96dbdf219b42a7bcabf8e4adc56084574ef9ba'
Old sha256sum was: '3072cda80307e89bf81cfd2ed345b20b27ba93029a9ab9ab78e6dd3e6a098ff2'
New sha256sum is : 'ffa9cd71a58aaccc1e720ab7a0779f54a3b350741473e5d6ef0d53ac5579a120'
";7;550;syscheck_integrity_changed;"[""ossec"",""syscheck"",""syscheck_entry_modified"",""syscheck_file""]";Integrity checksum changed.
06-20-October;wazuh;E:\Cours\TFE\data\raw\Datasets\06-20-October.csv;243;243;;WARNING;550;syscheck_integrity_changed; ;machine-2; ;; ; ; ; ; ;;; ;/boot/grub/x86_64-efi/ldm.mod;; ;;; ; ;;; ;;;; ;;;;;file_integrity;syscheck_integrity_changed;"File '/boot/grub/x86_64-efi/ldm.mod' modified
Mode: scheduled
Changed attributes: mtime,inode
Old modification time was: '1696137074', now it is '1697479755'
Old inode was: '1049404', now it is '1049125'
";7;550;syscheck_integrity_changed;"[""ossec"",""syscheck"",""syscheck_entry_modified"",""syscheck_file""]";Integrity checksum changed.
06-20-October;wazuh;E:\Cours\TFE\data\raw\Datasets\06-20-October.csv;244;244;;WARNING;550;syscheck_integrity_changed; ;machine-2; ;; ; ; ; ; ;;; ;/boot/grub/x86_64-efi/datetime.mod;; ;;; ; ;;; ;;;; ;;;;;file_integrity;syscheck_integrity_changed;"File '/boot/grub/x86_64-efi/datetime.mod' modified
Mode: scheduled
Changed attributes: mtime,inode
Old modification time was: '1696137074', now it is '1697479755'
Old inode was: '1049405', now it is '1049126'
";7;550;syscheck_integrity_changed;"[""ossec"",""syscheck"",""syscheck_entry_modified"",""syscheck_file""]";Integrity checksum changed.
06-20-October;wazuh;E:\Cours\TFE\data\raw\Datasets\06-20-October.csv;245;245;;WARNING;550;syscheck_integrity_changed; ;machine-2; ;; ; ; ; ; ;;; ;/boot/grub/x86_64-efi/cmp_test.mod;; ;;; ; ;;; ;;;; ;;;;;file_integrity;syscheck_integrity_changed;"File '/boot/grub/x86_64-efi/cmp_test.mod' modified
Mode: scheduled
Changed attributes: mtime,inode
Old modification time was: '1696137074', now it is '1697479755'
Old inode was: '1049406', now it is '1049127'
";7;550;syscheck_integrity_changed;"[""ossec"",""syscheck"",""syscheck_entry_modified"",""syscheck_file""]";Integrity checksum changed.
06-20-October;wazuh;E:\Cours\TFE\data\raw\Datasets\06-20-October.csv;246;246;;WARNING;550;syscheck_integrity_changed; ;machine-2; ;; ; ; ; ; ;;; ;/boot/grub/x86_64-efi/partmap.lst;; ;;; ; ;;; ;;;; ;;;;;file_integrity;syscheck_integrity_changed;"File '/boot/grub/x86_64-efi/partmap.lst' modified
Mode: scheduled
Changed attributes: mtime,inode
Old modification time was: '1696137074', now it is '1697479755'
Old inode was: '1049446', now it is '1049167'
";7;550;syscheck_integrity_changed;"[""ossec"",""syscheck"",""syscheck_entry_modified"",""syscheck_file""]";Integrity checksum changed.
06-20-October;wazuh;E:\Cours\TFE\data\raw\Datasets\06-20-October.csv;247;247;;WARNING;550;syscheck_integrity_changed; ;machine-2; ;; ; ; ; ; ;;; ;/boot/grub/x86_64-efi/functional_test.mod;; ;;; ; ;;; ;;;; ;;;;;file_integrity;syscheck_integrity_changed;"File '/boot/grub/x86_64-efi/functional_test.mod' modified
Mode: scheduled
Changed attributes: mtime,inode
Old modification time was: '1696137074', now it is '1697479755'
Old inode was: '1049411', now it is '1049132'
";7;550;syscheck_integrity_changed;"[""ossec"",""syscheck"",""syscheck_entry_modified"",""syscheck_file""]";Integrity checksum changed.
06-20-October;wazuh;E:\Cours\TFE\data\raw\Datasets\06-20-October.csv;248;248;;WARNING;550;syscheck_integrity_changed; ;machine-2; ;; ; ; ; ; ;;; ;/boot/grub/x86_64-efi/mdraid09_be.mod;; ;;; ; ;;; ;;;; ;;;;;file_integrity;syscheck_integrity_changed;"File '/boot/grub/x86_64-efi/mdraid09_be.mod' modified
Mode: scheduled
Changed attributes: mtime,inode
Old modification time was: '1696137074', now it is '1697479755'
Old inode was: '1049412', now it is '1049133'
";7;550;syscheck_integrity_changed;"[""ossec"",""syscheck"",""syscheck_entry_modified"",""syscheck_file""]";Integrity checksum changed.
06-20-October;wazuh;E:\Cours\TFE\data\raw\Datasets\06-20-October.csv;249;249;;WARNING;550;syscheck_integrity_changed; ;machine-2; ;; ; ; ; ; ;;; ;/boot/grub/x86_64-efi/memdisk.mod;; ;;; ; ;;; ;;;; ;;;;;file_integrity;syscheck_integrity_changed;"File '/boot/grub/x86_64-efi/memdisk.mod' modified
Mode: scheduled
Changed attributes: mtime,inode
Old modification time was: '1696137074', now it is '1697479755'
Old inode was: '1049414', now it is '1049135'
";7;550;syscheck_integrity_changed;"[""ossec"",""syscheck"",""syscheck_entry_modified"",""syscheck_file""]";Integrity checksum changed.
06-20-October;wazuh;E:\Cours\TFE\data\raw\Datasets\06-20-October.csv;250;250;;WARNING;550;syscheck_integrity_changed; ;machine-2; ;; ; ; ; ; ;;; ;/boot/grub/x86_64-efi/aout.mod;; ;;; ; ;;; ;;;; ;;;;;file_integrity;syscheck_integrity_changed;"File '/boot/grub/x86_64-efi/aout.mod' modified
Mode: scheduled
Changed attributes: mtime,inode
Old modification time was: '1696137074', now it is '1697479755'
Old inode was: '1049417', now it is '1049138'
";7;550;syscheck_integrity_changed;"[""ossec"",""syscheck"",""syscheck_entry_modified"",""syscheck_file""]";Integrity checksum changed.
06-20-October;wazuh;E:\Cours\TFE\data\raw\Datasets\06-20-October.csv;251;251;;WARNING;550;syscheck_integrity_changed; ;machine-2; ;; ; ; ; ; ;;; ;/boot/grub/x86_64-efi/ctz_test.mod;; ;;; ; ;;; ;;;; ;;;;;file_integrity;syscheck_integrity_changed;"File '/boot/grub/x86_64-efi/ctz_test.mod' modified
Mode: scheduled
Changed attributes: mtime,inode
Old modification time was: '1696137074', now it is '1697479755'
Old inode was: '1049418', now it is '1049139'
";7;550;syscheck_integrity_changed;"[""ossec"",""syscheck"",""syscheck_entry_modified"",""syscheck_file""]";Integrity checksum changed.
06-20-October;wazuh;E:\Cours\TFE\data\raw\Datasets\06-20-October.csv;252;252;;WARNING;550;syscheck_integrity_changed; ;machine-2; ;; ; ; ; ; ;;; ;/boot/grub/x86_64-efi/part_sun.mod;; ;;; ; ;;; ;;;; ;;;;;file_integrity;syscheck_integrity_changed;"File '/boot/grub/x86_64-efi/part_sun.mod' modified
Mode: scheduled
Changed attributes: mtime,inode
Old modification time was: '1696137074', now it is '1697479755'
Old inode was: '1049419', now it is '1049140'
";7;550;syscheck_integrity_changed;"[""ossec"",""syscheck"",""syscheck_entry_modified"",""syscheck_file""]";Integrity checksum changed.
06-20-October;wazuh;E:\Cours\TFE\data\raw\Datasets\06-20-October.csv;253;253;;WARNING;550;syscheck_integrity_changed; ;machine-2; ;; ; ; ; ; ;;; ;/boot/grub/x86_64-efi/zfscrypt.mod;; ;;; ; ;;; ;;;; ;;;;;file_integrity;syscheck_integrity_changed;"File '/boot/grub/x86_64-efi/zfscrypt.mod' modified
Mode: scheduled
Changed attributes: mtime,inode
Old modification time was: '1696137074', now it is '1697479755'
Old inode was: '1049431', now it is '1049152'
";7;550;syscheck_integrity_changed;"[""ossec"",""syscheck"",""syscheck_entry_modified"",""syscheck_file""]";Integrity checksum changed.
06-20-October;wazuh;E:\Cours\TFE\data\raw\Datasets\06-20-October.csv;254;254;;WARNING;550;syscheck_integrity_changed; ;machine-2; ;; ; ; ; ; ;;; ;/boot/grub/x86_64-efi/cbtable.mod;; ;;; ; ;;; ;;;; ;;;;;file_integrity;syscheck_integrity_changed;"File '/boot/grub/x86_64-efi/cbtable.mod' modified
Mode: scheduled
Changed attributes: mtime,inode
Old modification time was: '1696137074', now it is '1697479755'
Old inode was: '1049432', now it is '1049153'
";7;550;syscheck_integrity_changed;"[""ossec"",""syscheck"",""syscheck_entry_modified"",""syscheck_file""]";Integrity checksum changed.
06-20-October;wazuh;E:\Cours\TFE\data\raw\Datasets\06-20-October.csv;255;255;;WARNING;550;syscheck_integrity_changed; ;machine-2; ;; ; ; ; ; ;;; ;/boot/grub/x86_64-efi/setjmp.mod;; ;;; ; ;;; ;;;; ;;;;;file_integrity;syscheck_integrity_changed;"File '/boot/grub/x86_64-efi/setjmp.mod' modified
Mode: scheduled
Changed attributes: mtime,inode
Old modification time was: '1696137074', now it is '1697479755'
Old inode was: '1049436', now it is '1049157'
";7;550;syscheck_integrity_changed;"[""ossec"",""syscheck"",""syscheck_entry_modified"",""syscheck_file""]";Integrity checksum changed.
06-20-October;wazuh;E:\Cours\TFE\data\raw\Datasets\06-20-October.csv;256;256;;WARNING;550;syscheck_integrity_changed; ;machine-2; ;; ; ; ; ; ;;; ;/boot/grub/x86_64-efi/minix2_be.mod;; ;;; ; ;;; ;;;; ;;;;;file_integrity;syscheck_integrity_changed;"File '/boot/grub/x86_64-efi/minix2_be.mod' modified
Mode: scheduled
Changed attributes: mtime,inode
Old modification time was: '1696137074', now it is '1697479755'
Old inode was: '1049438', now it is '1049159'
";7;550;syscheck_integrity_changed;"[""ossec"",""syscheck"",""syscheck_entry_modified"",""syscheck_file""]";Integrity checksum changed.
06-20-October;wazuh;E:\Cours\TFE\data\raw\Datasets\06-20-October.csv;257;257;;WARNING;550;syscheck_integrity_changed; ;machine-2; ;; ; ; ; ; ;;; ;/boot/grub/x86_64-efi/minix_be.mod;; ;;; ; ;;; ;;;; ;;;;;file_integrity;syscheck_integrity_changed;"File '/boot/grub/x86_64-efi/minix_be.mod' modified
Mode: scheduled
Changed attributes: mtime,inode
Old modification time was: '1696137074', now it is '1697479755'
Old inode was: '1049440', now it is '1049161'
";7;550;syscheck_integrity_changed;"[""ossec"",""syscheck"",""syscheck_entry_modified"",""syscheck_file""]";Integrity checksum changed.
06-20-October;wazuh;E:\Cours\TFE\data\raw\Datasets\06-20-October.csv;258;258;;WARNING;550;syscheck_integrity_changed; ;machine-2; ;; ; ; ; ; ;;; ;/boot/grub/x86_64-efi/gzio.mod;; ;;; ; ;;; ;;;; ;;;;;file_integrity;syscheck_integrity_changed;"File '/boot/grub/x86_64-efi/gzio.mod' modified
Mode: scheduled
Changed attributes: mtime,inode
Old modification time was: '1696137074', now it is '1697479755'
Old inode was: '1049441', now it is '1049162'
";7;550;syscheck_integrity_changed;"[""ossec"",""syscheck"",""syscheck_entry_modified"",""syscheck_file""]";Integrity checksum changed.
06-20-October;wazuh;E:\Cours\TFE\data\raw\Datasets\06-20-October.csv;259;259;;WARNING;554;syscheck_deleted; ;machine-2; ;; ; ; ; ; ;;; ;/tmp/apt-key-gpghome.5XCxauVzBy/pubring.gpg;; ;;; ; ;;; ;;;; ;;;;;file_integrity;syscheck_deleted;"File '/tmp/apt-key-gpghome.5XCxauVzBy/pubring.gpg' added
Mode: realtime
";5;554;syscheck_deleted;"[""ossec"",""syscheck"",""syscheck_entry_added"",""syscheck_file""]";File added to the system.
06-20-October;wazuh;E:\Cours\TFE\data\raw\Datasets\06-20-October.csv;260;260;;WARNING;554;syscheck_new_entry; ;machine-2; ;; ; ; ; ; ;;; ;/tmp/apt.data.1jrTWx;; ;;; ; ;;; ;;;; ;;;;;file_integrity;syscheck_new_entry;"File '/tmp/apt.data.1jrTWx' added
Mode: realtime
";5;554;syscheck_new_entry;"[""ossec"",""syscheck"",""syscheck_entry_added"",""syscheck_file""]";File added to the system.
06-20-October;wazuh;E:\Cours\TFE\data\raw\Datasets\06-20-October.csv;261;261;;WARNING;510;rootcheck; ;machine-2; ;; ; ; ; ; ;;; ; ;; ;;; ; ;;; ;;;; ;;;;;wazuh;rootcheck;Trojaned version of file '/bin/diff' detected. Signature used: 'bash|^/bin/sh|file\.h|proc\.h|/dev/[^n]|^/bin/.*sh' (Generic).;7;510;rootcheck;"[""ossec"",""rootcheck""]";Host-based anomaly detection event (rootcheck).
06-20-October;wazuh;E:\Cours\TFE\data\raw\Datasets\06-20-October.csv;262;262;;WARNING;553;syscheck_deleted; ;machine-2; ;; ; ; ; ; ;;; ;/tmp/apt.data.1jrTWx;; ;;; ; ;;; ;;;; ;;;;;file_integrity;syscheck_deleted;"File '/tmp/apt.data.1jrTWx' deleted
Mode: realtime
";7;553;syscheck_deleted;"[""ossec"",""syscheck"",""syscheck_entry_deleted"",""syscheck_file""]";File deleted.
06-20-October;wazuh;E:\Cours\TFE\data\raw\Datasets\06-20-October.csv;263;263;;WARNING;553;syscheck_deleted; ;machine-2; ;; ; ; ; ; ;;; ;/tmp/apt.sig.mBWMlX;; ;;; ; ;;; ;;;; ;;;;;file_integrity;syscheck_deleted;"File '/tmp/apt.sig.mBWMlX' deleted
Mode: realtime
";7;553;syscheck_deleted;"[""ossec"",""syscheck"",""syscheck_entry_deleted"",""syscheck_file""]";File deleted.
06-20-October;wazuh;E:\Cours\TFE\data\raw\Datasets\06-20-October.csv;264;264;;WARNING;510;rootcheck; ;machine-2; ;; ; ; ; ; ;;; ; ;; ;;; ; ;;; ;;;; ;;;;;wazuh;rootcheck;Trojaned version of file '/usr/bin/diff' detected. Signature used: 'bash|^/bin/sh|file\.h|proc\.h|/dev/[^n]|^/bin/.*sh' (Generic).;7;510;rootcheck;"[""ossec"",""rootcheck""]";Host-based anomaly detection event (rootcheck).
06-20-October;wazuh;E:\Cours\TFE\data\raw\Datasets\06-20-October.csv;265;265;;WARNING;550;syscheck_integrity_changed; ;machine-2; ;; ; ; ; ; ;;; ;/tmp/apt.data.1VlK9z;; ;;; ; ;;; ;;;; ;;;;;file_integrity;syscheck_integrity_changed;"File '/tmp/apt.data.1VlK9z' modified
Mode: realtime
Changed attributes: size,md5,sha1,sha256
Size changed from '8241' to '11004'
Old md5sum was: '0f1b3396ebec6e21d1cf961f68a04785'
New md5sum is : 'c61d25c9d44baae7156e0aa6c6dc2442'
Old sha1sum was: '59336f0b95a9f1e36d4e8bede9b5c784ffc66595'
New sha1sum is : 'c981fdc550b82349aa6c358734271475b45891ff'
Old sha256sum was: '804ac1d3e63492f7dc86b48277954647f094ee7df97dee46c26577144560d60c'
New sha256sum is : 'a53877536e03a2bf01bb53f44606dbc36505066fdfd62078df46e41c2be1169c'
";7;550;syscheck_integrity_changed;"[""ossec"",""syscheck"",""syscheck_entry_modified"",""syscheck_file""]";Integrity checksum changed.
06-20-October;wazuh;E:\Cours\TFE\data\raw\Datasets\06-20-October.csv;266;266;;WARNING;550;syscheck_integrity_changed; ;machine-2; ;; ; ; ; ; ;;; ;/tmp/apt.data.1VlK9z;; ;;; ; ;;; ;;;; ;;;;;file_integrity;syscheck_integrity_changed;"File '/tmp/apt.data.1VlK9z' modified
Mode: realtime
Changed attributes: size,md5,sha1,sha256
Size changed from '21725' to '24309'
Old md5sum was: 'f49da26ef9af44edcf15161fc3edfdae'
New md5sum is : '836308f0ff533a8bdc16dfb9b54c9615'
Old sha1sum was: 'e0b65a10e16276da3a392c8628a268db36e50ab2'
New sha1sum is : 'af6889b389162be80548dd96475f02c2c8b00146'
Old sha256sum was: '25fc376adcb35ba8e1288179c1ed96793b2e9e637855c10c7f4f576fa6084ef9'
New sha256sum is : '93a624e14ae46cab6c1bbbab693066ad3a0ada93e3b39f4ce09da73a039ffe8b'
";7;550;syscheck_integrity_changed;"[""ossec"",""syscheck"",""syscheck_entry_modified"",""syscheck_file""]";Integrity checksum changed.
06-20-October;wazuh;E:\Cours\TFE\data\raw\Datasets\06-20-October.csv;267;267;;WARNING;550;syscheck_integrity_changed; ;machine-2; ;; ; ; ; ; ;;; ;/tmp/apt.data.1VlK9z;; ;;; ; ;;; ;;;; ;;;;;file_integrity;syscheck_integrity_changed;"File '/tmp/apt.data.1VlK9z' modified
Mode: realtime
Changed attributes: size,md5,sha1,sha256
Size changed from '24309' to '24730'
Old md5sum was: '836308f0ff533a8bdc16dfb9b54c9615'
New md5sum is : 'd88ef92a5c9623c4d796ff3ae9b026dc'
Old sha1sum was: 'af6889b389162be80548dd96475f02c2c8b00146'
New sha1sum is : 'a144662b7a10f8fda83596b9a0b9625e783abb58'
Old sha256sum was: '93a624e14ae46cab6c1bbbab693066ad3a0ada93e3b39f4ce09da73a039ffe8b'
New sha256sum is : '7a84c3286c0d51fdeb6953e97ad0e78894bfe7a3b3c4967b526c522c2a2fde92'
";7;550;syscheck_integrity_changed;"[""ossec"",""syscheck"",""syscheck_entry_modified"",""syscheck_file""]";Integrity checksum changed.
06-20-October;wazuh;E:\Cours\TFE\data\raw\Datasets\06-20-October.csv;268;268;;WARNING;550;syscheck_integrity_changed; ;machine-2; ;; ; ; ; ; ;;; ;/tmp/apt.data.1VlK9z;; ;;; ; ;;; ;;;; ;;;;;file_integrity;syscheck_integrity_changed;"File '/tmp/apt.data.1VlK9z' modified
Mode: realtime
Changed attributes: size,md5,sha1,sha256
Size changed from '24730' to '32173'
Old md5sum was: 'd88ef92a5c9623c4d796ff3ae9b026dc'
New md5sum is : '41dacc26ec091b550ca0ae27a01888fd'
Old sha1sum was: 'a144662b7a10f8fda83596b9a0b9625e783abb58'
New sha1sum is : '222963a80bc0711d2d7df56024b3124ab5e46930'
Old sha256sum was: '7a84c3286c0d51fdeb6953e97ad0e78894bfe7a3b3c4967b526c522c2a2fde92'
New sha256sum is : '246789b471240bfea83e5fa4aa5edd158f0c4db7b07cb2e80a34639abbe6e6ef'
";7;550;syscheck_integrity_changed;"[""ossec"",""syscheck"",""syscheck_entry_modified"",""syscheck_file""]";Integrity checksum changed.
06-20-October;wazuh;E:\Cours\TFE\data\raw\Datasets\06-20-October.csv;269;269;;WARNING;550;syscheck_integrity_changed; ;machine-2; ;; ; ; ; ; ;;; ;/tmp/apt.data.1VlK9z;; ;;; ; ;;; ;;;; ;;;;;file_integrity;syscheck_integrity_changed;"File '/tmp/apt.data.1VlK9z' modified
Mode: realtime
Changed attributes: size,md5,sha1,sha256
Size changed from '36047' to '37303'
Old md5sum was: 'ed31a0284073247c1ec9745964838aef'
New md5sum is : 'b8da5015d35b3603f7717f1da2aa06a7'
Old sha1sum was: '444d399aebbd7fd96d2308a873050d809225cf56'
New sha1sum is : '719660700e92405084fe52abf30f4b9a801e6ec2'
Old sha256sum was: 'cc95b69addf8d66c6acadee1752a18235f466abda43d7be336044fa30d9e520e'
New sha256sum is : '45b70916388fd9dfe9d2dbb3c4a2e918dc61503543b7d05cff0d3d24d2035f5d'
";7;550;syscheck_integrity_changed;"[""ossec"",""syscheck"",""syscheck_entry_modified"",""syscheck_file""]";Integrity checksum changed.
06-20-October;wazuh;E:\Cours\TFE\data\raw\Datasets\06-20-October.csv;270;270;;WARNING;550;syscheck_integrity_changed; ;machine-2; ;; ; ; ; ; ;;; ;/tmp/apt.data.1VlK9z;; ;;; ; ;;; ;;;; ;;;;;file_integrity;syscheck_integrity_changed;"File '/tmp/apt.data.1VlK9z' modified
Mode: realtime
Changed attributes: size,md5,sha1,sha256
Size changed from '43253' to '47908'
Old md5sum was: 'b8da5015d35b3603f7717f1da2aa06a7'
New md5sum is : '4bd5806bee87d38dba49f0ccd2691288'
Old sha1sum was: '719660700e92405084fe52abf30f4b9a801e6ec2'
New sha1sum is : '39005d64f47b1363daaedb64be23f6c6ec615399'
Old sha256sum was: '45b70916388fd9dfe9d2dbb3c4a2e918dc61503543b7d05cff0d3d24d2035f5d'
New sha256sum is : '14da73df63e86bb33adf84aa79bf2d123db8bd4f5c1331d9b16538628ac1022c'
";7;550;syscheck_integrity_changed;"[""ossec"",""syscheck"",""syscheck_entry_modified"",""syscheck_file""]";Integrity checksum changed.
06-20-October;wazuh;E:\Cours\TFE\data\raw\Datasets\06-20-October.csv;271;271;;WARNING;550;syscheck_integrity_changed; ;machine-2; ;; ; ; ; ; ;;; ;/tmp/apt.data.1VlK9z;; ;;; ; ;;; ;;;; ;;;;;file_integrity;syscheck_integrity_changed;"File '/tmp/apt.data.1VlK9z' modified
Mode: realtime
Changed attributes: size
Size changed from '37303' to '43253'
";7;550;syscheck_integrity_changed;"[""ossec"",""syscheck"",""syscheck_entry_modified"",""syscheck_file""]";Integrity checksum changed.
06-20-October;wazuh;E:\Cours\TFE\data\raw\Datasets\06-20-October.csv;272;272;;WARNING;550;syscheck_integrity_changed; ;machine-2; ;; ; ; ; ; ;;; ;/tmp/apt.data.1VlK9z;; ;;; ; ;;; ;;;; ;;;;;file_integrity;syscheck_integrity_changed;"File '/tmp/apt.data.1VlK9z' modified
Mode: realtime
Changed attributes: size,md5,sha1,sha256
Size changed from '63126' to '69973'
Old md5sum was: 'e9ad39b3680ad5ba846acfafd6a56379'
New md5sum is : '3f01b3ed45d9bb7906aceaed6aa98898'
Old sha1sum was: '29f1887662a85c52ebbb67009d373b9c51ed990e'
New sha1sum is : '713b1bb50957d35edf70071075bd4b7064953644'
Old sha256sum was: 'f5c639016d0b1af3d2a95c636127ce4093973a8defeb11400468e4b182626c1a'
New sha256sum is : 'b06f9e0aa0990fe7d33bee4e7c6b8f85e1f31caa1ae3f2de0013fec9ca310437'
";7;550;syscheck_integrity_changed;"[""ossec"",""syscheck"",""syscheck_entry_modified"",""syscheck_file""]";Integrity checksum changed.
06-20-October;wazuh;E:\Cours\TFE\data\raw\Datasets\06-20-October.csv;273;273;;WARNING;550;syscheck_integrity_changed; ;machine-2; ;; ; ; ; ; ;;; ;/tmp/apt.data.1VlK9z;; ;;; ; ;;; ;;;; ;;;;;file_integrity;syscheck_integrity_changed;"File '/tmp/apt.data.1VlK9z' modified
Mode: realtime
Changed attributes: size,md5,sha1,sha256
Size changed from '82532' to '88019'
Old md5sum was: '5cacce06a525d6d821a8bfb4b3b7df43'
New md5sum is : '58b4d05f2e713deb2771fdfb880fefc1'
Old sha1sum was: '1a3bcb34b247d82d9f01d4514882878f88ad814f'
New sha1sum is : '85e6b4e7f3a5277b5709442f25a143d655e72aee'
Old sha256sum was: 'e0b41b5268f64f4a4ceceec99da7b1ae34194cb5082afb45a9d42cc778fb413b'
New sha256sum is : '8595e78fe385f6a1db720203ada8bbd22346a3c570f50a8234941998a051f8c0'
";7;550;syscheck_integrity_changed;"[""ossec"",""syscheck"",""syscheck_entry_modified"",""syscheck_file""]";Integrity checksum changed.
06-20-October;wazuh;E:\Cours\TFE\data\raw\Datasets\06-20-October.csv;274;274;;WARNING;550;syscheck_integrity_changed; ;machine-2; ;; ; ; ; ; ;;; ;/tmp/apt.data.1VlK9z;; ;;; ; ;;; ;;;; ;;;;;file_integrity;syscheck_integrity_changed;"File '/tmp/apt.data.1VlK9z' modified
Mode: realtime
Changed attributes: size,md5,sha1,sha256
Size changed from '93217' to '98272'
Old md5sum was: '1fcac21f6353e237a6eea22b7f6fafe5'
New md5sum is : 'de98dedfd312ed86eb8e131e450edbab'
Old sha1sum was: 'db1b7fe11e9ef947330085e05b81b81618f9fe2c'
New sha1sum is : 'bc070ef909d4327b0fb28e8657b17f3c7154eccc'
Old sha256sum was: 'c8e665d43f6bffa5057fac729235516d47d7fd3c57fbd8aa6faee7a023dd9fc6'
New sha256sum is : 'aad1ce5cdd0e13f2b08b58598f0891d88ab181a3dcb3881ad581bd9caefb659a'
";7;550;syscheck_integrity_changed;"[""ossec"",""syscheck"",""syscheck_entry_modified"",""syscheck_file""]";Integrity checksum changed.
06-20-October;wazuh;E:\Cours\TFE\data\raw\Datasets\06-20-October.csv;275;275;;WARNING;553;syscheck_deleted; ;machine-2; ;; ; ; ; ; ;;; ;/tmp/apt-key-gpghome.7hQCX4gTAk/gpg.1.sh;; ;;; ; ;;; ;;;; ;;;;;file_integrity;syscheck_deleted;"File '/tmp/apt-key-gpghome.7hQCX4gTAk/gpg.1.sh' deleted
Mode: realtime
";7;553;syscheck_deleted;"[""ossec"",""syscheck"",""syscheck_entry_deleted"",""syscheck_file""]";File deleted.
06-20-October;wazuh;E:\Cours\TFE\data\raw\Datasets\06-20-October.csv;276;276;;WARNING;553;syscheck_deleted; ;machine-2; ;; ; ; ; ; ;;; ;/tmp/apt-key-gpghome.7hQCX4gTAk/pubring.gpg;; ;;; ; ;;; ;;;; ;;;;;file_integrity;syscheck_deleted;"File '/tmp/apt-key-gpghome.7hQCX4gTAk/pubring.gpg' deleted
Mode: realtime
";7;553;syscheck_deleted;"[""ossec"",""syscheck"",""syscheck_entry_deleted"",""syscheck_file""]";File deleted.
06-20-October;wazuh;E:\Cours\TFE\data\raw\Datasets\06-20-October.csv;277;277;;WARNING;550;syscheck_integrity_changed; ;machine-2; ;; ; ; ; ; ;;; ;/tmp/apt-key-gpghome.YW3IGjwcpS/pubring.gpg;; ;;; ; ;;; ;;;; ;;;;;file_integrity;syscheck_integrity_changed;"File '/tmp/apt-key-gpghome.YW3IGjwcpS/pubring.gpg' modified
Mode: realtime
Changed attributes: size,md5,sha1,sha256
Size changed from '0' to '2236'
Old md5sum was: 'd41d8cd98f00b204e9800998ecf8427e'
New md5sum is : 'ba1e26dbb40b6a771c26f3e8c7b436d6'
Old sha1sum was: 'da39a3ee5e6b4b0d3255bfef95601890afd80709'
New sha1sum is : 'd940bbd5eabc86f14cfeacc686df3ea6fdcf2337'
Old sha256sum was: 'e3b0c44298fc1c149afbf4c8996fb92427ae41e4649b934ca495991b7852b855'
New sha256sum is : 'ed9df9acf98c9e400e20bc84a44b06f0aac61731c69f347349ed53c6cc4107c9'
";7;550;syscheck_integrity_changed;"[""ossec"",""syscheck"",""syscheck_entry_modified"",""syscheck_file""]";Integrity checksum changed.
06-20-October;wazuh;E:\Cours\TFE\data\raw\Datasets\06-20-October.csv;278;278;;WARNING;550;syscheck_integrity_changed; ;machine-2; ;; ; ; ; ; ;;; ;/boot/efi/EFI/ubuntu/grub.cfg;; ;;; ; ;;; ;;;; ;;;;;file_integrity;syscheck_integrity_changed;"File '/boot/efi/EFI/ubuntu/grub.cfg' modified
Mode: scheduled
Changed attributes: mtime
Old modification time was: '1696137074', now it is '1697479754'
";7;550;syscheck_integrity_changed;"[""ossec"",""syscheck"",""syscheck_entry_modified"",""syscheck_file""]";Integrity checksum changed.
06-20-October;wazuh;E:\Cours\TFE\data\raw\Datasets\06-20-October.csv;279;279;;WARNING;554;syscheck_new_entry; ;machine-2; ;; ; ; ; ; ;;; ;/tmp/apt-key-gpghome.YW3IGjwcpS/gpg.1.sh;; ;;; ; ;;; ;;;; ;;;;;file_integrity;syscheck_new_entry;"File '/tmp/apt-key-gpghome.YW3IGjwcpS/gpg.1.sh' added
Mode: realtime
";5;554;syscheck_new_entry;"[""ossec"",""syscheck"",""syscheck_entry_added"",""syscheck_file""]";File added to the system.
06-20-October;wazuh;E:\Cours\TFE\data\raw\Datasets\06-20-October.csv;280;280;;WARNING;553;syscheck_deleted; ;machine-2; ;; ; ; ; ; ;;; ;/tmp/apt-key-gpghome.YW3IGjwcpS/gpg.1.sh;; ;;; ; ;;; ;;;; ;;;;;file_integrity;syscheck_deleted;"File '/tmp/apt-key-gpghome.YW3IGjwcpS/gpg.1.sh' deleted
Mode: realtime
";7;553;syscheck_deleted;"[""ossec"",""syscheck"",""syscheck_entry_deleted"",""syscheck_file""]";File deleted.
06-20-October;wazuh;E:\Cours\TFE\data\raw\Datasets\06-20-October.csv;281;281;;WARNING;553;syscheck_deleted; ;machine-2; ;; ; ; ; ; ;;; ;/tmp/apt-key-gpghome.YW3IGjwcpS/pubring.orig.gpg;; ;;; ; ;;; ;;;; ;;;;;file_integrity;syscheck_deleted;"File '/tmp/apt-key-gpghome.YW3IGjwcpS/pubring.orig.gpg' deleted
Mode: realtime
";7;553;syscheck_deleted;"[""ossec"",""syscheck"",""syscheck_entry_deleted"",""syscheck_file""]";File deleted.
06-20-October;wazuh;E:\Cours\TFE\data\raw\Datasets\06-20-October.csv;282;282;;WARNING;553;syscheck_deleted; ;machine-2; ;; ; ; ; ; ;;; ;/tmp/apt.conf.fwXGVX;; ;;; ; ;;; ;;;; ;;;;;file_integrity;syscheck_deleted;"File '/tmp/apt.conf.fwXGVX' deleted
Mode: realtime
";7;553;syscheck_deleted;"[""ossec"",""syscheck"",""syscheck_entry_deleted"",""syscheck_file""]";File deleted.
06-20-October;wazuh;E:\Cours\TFE\data\raw\Datasets\06-20-October.csv;283;283;;WARNING;553;syscheck_deleted; ;machine-2; ;; ; ; ; ; ;;; ;/tmp/apt.sig.HGVo8F;; ;;; ; ;;; ;;;; ;;;;;file_integrity;syscheck_deleted;"File '/tmp/apt.sig.HGVo8F' deleted
Mode: realtime
";7;553;syscheck_deleted;"[""ossec"",""syscheck"",""syscheck_entry_deleted"",""syscheck_file""]";File deleted.
06-20-October;wazuh;E:\Cours\TFE\data\raw\Datasets\06-20-October.csv;284;284;;WARNING;550;syscheck_integrity_changed; ;machine-2; ;; ; ; ; ; ;;; ;/boot/grub/locale/en_CA.mo;; ;;; ; ;;; ;;;; ;;;;;file_integrity;syscheck_integrity_changed;"File '/boot/grub/locale/en_CA.mo' modified
Mode: scheduled
Changed attributes: mtime,inode
Old modification time was: '1696137074', now it is '1697479754'
Old inode was: '1048891', now it is '1048894'
";7;550;syscheck_integrity_changed;"[""ossec"",""syscheck"",""syscheck_entry_modified"",""syscheck_file""]";Integrity checksum changed.
06-20-October;wazuh;E:\Cours\TFE\data\raw\Datasets\06-20-October.csv;285;285;;WARNING;550;syscheck_integrity_changed; ;machine-2; ;; ; ; ; ; ;;; ;/boot/grub/locale/en@quot.mo;; ;;; ; ;;; ;;;; ;;;;;file_integrity;syscheck_integrity_changed;"File '/boot/grub/locale/en@quot.mo' modified
Mode: scheduled
Changed attributes: mtime,inode
Old modification time was: '1696137074', now it is '1697479754'
Old inode was: '1049175', now it is '1048896'
";7;550;syscheck_integrity_changed;"[""ossec"",""syscheck"",""syscheck_entry_modified"",""syscheck_file""]";Integrity checksum changed.
06-20-October;wazuh;E:\Cours\TFE\data\raw\Datasets\06-20-October.csv;286;286;;WARNING;553;syscheck_deleted; ;machine-2; ;; ; ; ; ; ;;; ;/tmp/apt-key-gpghome.RiQzx1Nqmb/pubring.gpg;; ;;; ; ;;; ;;;; ;;;;;file_integrity;syscheck_deleted;"File '/tmp/apt-key-gpghome.RiQzx1Nqmb/pubring.gpg' deleted
Mode: realtime
";7;553;syscheck_deleted;"[""ossec"",""syscheck"",""syscheck_entry_deleted"",""syscheck_file""]";File deleted.
06-20-October;wazuh;E:\Cours\TFE\data\raw\Datasets\06-20-October.csv;287;287;;WARNING;553;syscheck_deleted; ;machine-2; ;; ; ; ; ; ;;; ;/tmp/apt.conf.nlYOnd;; ;;; ; ;;; ;;;; ;;;;;file_integrity;syscheck_deleted;"File '/tmp/apt.conf.nlYOnd' deleted
Mode: realtime
";7;553;syscheck_deleted;"[""ossec"",""syscheck"",""syscheck_entry_deleted"",""syscheck_file""]";File deleted.
06-20-October;wazuh;E:\Cours\TFE\data\raw\Datasets\06-20-October.csv;288;288;;WARNING;553;syscheck_deleted; ;machine-2; ;; ; ; ; ; ;;; ;/tmp/apt.data.1VlK9z;; ;;; ; ;;; ;;;; ;;;;;file_integrity;syscheck_deleted;"File '/tmp/apt.data.1VlK9z' deleted
Mode: realtime
";7;553;syscheck_deleted;"[""ossec"",""syscheck"",""syscheck_entry_deleted"",""syscheck_file""]";File deleted.
06-20-October;wazuh;E:\Cours\TFE\data\raw\Datasets\06-20-October.csv;289;289;;WARNING;553;syscheck_deleted; ;machine-2; ;; ; ; ; ; ;;; ;/tmp/apt.sig.Lr3May;; ;;; ; ;;; ;;;; ;;;;;file_integrity;syscheck_deleted;"File '/tmp/apt.sig.Lr3May' deleted
Mode: realtime
";7;553;syscheck_deleted;"[""ossec"",""syscheck"",""syscheck_entry_deleted"",""syscheck_file""]";File deleted.
06-20-October;wazuh;E:\Cours\TFE\data\raw\Datasets\06-20-October.csv;290;290;;WARNING;550;syscheck_integrity_changed; ;machine-2; ;; ; ; ; ; ;;; ;/boot/grub/fonts/unicode.pf2;; ;;; ; ;;; ;;;; ;;;;;file_integrity;syscheck_integrity_changed;"File '/boot/grub/fonts/unicode.pf2' modified
Mode: scheduled
Changed attributes: mtime
Old modification time was: '1696137075', now it is '1697479755'
";7;550;syscheck_integrity_changed;"[""ossec"",""syscheck"",""syscheck_entry_modified"",""syscheck_file""]";Integrity checksum changed.
06-20-October;wazuh;E:\Cours\TFE\data\raw\Datasets\06-20-October.csv;291;291;;WARNING;550;syscheck_integrity_changed; ;machine-2; ;; ; ; ; ; ;;; ;/boot/grub/x86_64-efi/usbserial_usbdebug.mod;; ;;; ; ;;; ;;;; ;;;;;file_integrity;syscheck_integrity_changed;"File '/boot/grub/x86_64-efi/usbserial_usbdebug.mod' modified
Mode: scheduled
Changed attributes: mtime,inode
Old modification time was: '1696137074', now it is '1697479754'
Old inode was: '1049178', now it is '1048899'
";7;550;syscheck_integrity_changed;"[""ossec"",""syscheck"",""syscheck_entry_modified"",""syscheck_file""]";Integrity checksum changed.
06-20-October;wazuh;E:\Cours\TFE\data\raw\Datasets\06-20-October.csv;292;292;;WARNING;550;syscheck_integrity_changed; ;machine-2; ;; ; ; ; ; ;;; ;/boot/grub/x86_64-efi/relocator.mod;; ;;; ; ;;; ;;;; ;;;;;file_integrity;syscheck_integrity_changed;"File '/boot/grub/x86_64-efi/relocator.mod' modified
Mode: scheduled
Changed attributes: mtime,inode
Old modification time was: '1696137074', now it is '1697479754'
Old inode was: '1049182', now it is '1048903'
";7;550;syscheck_integrity_changed;"[""ossec"",""syscheck"",""syscheck_entry_modified"",""syscheck_file""]";Integrity checksum changed.
06-20-October;wazuh;E:\Cours\TFE\data\raw\Datasets\06-20-October.csv;293;293;;WARNING;550;syscheck_integrity_changed; ;machine-2; ;; ; ; ; ; ;;; ;/boot/grub/x86_64-efi/lsefimmap.mod;; ;;; ; ;;; ;;;; ;;;;;file_integrity;syscheck_integrity_changed;"File '/boot/grub/x86_64-efi/lsefimmap.mod' modified
Mode: scheduled
Changed attributes: mtime,inode
Old modification time was: '1696137074', now it is '1697479754'
Old inode was: '1049184', now it is '1048905'
";7;550;syscheck_integrity_changed;"[""ossec"",""syscheck"",""syscheck_entry_modified"",""syscheck_file""]";Integrity checksum changed.
06-20-October;wazuh;E:\Cours\TFE\data\raw\Datasets\06-20-October.csv;294;294;;WARNING;550;syscheck_integrity_changed; ;machine-2; ;; ; ; ; ; ;;; ;/boot/grub/x86_64-efi/lspci.mod;; ;;; ; ;;; ;;;; ;;;;;file_integrity;syscheck_integrity_changed;"File '/boot/grub/x86_64-efi/lspci.mod' modified
Mode: scheduled
Changed attributes: mtime,inode
Old modification time was: '1696137074', now it is '1697479754'
Old inode was: '1049185', now it is '1048906'
";7;550;syscheck_integrity_changed;"[""ossec"",""syscheck"",""syscheck_entry_modified"",""syscheck_file""]";Integrity checksum changed.
06-20-October;wazuh;E:\Cours\TFE\data\raw\Datasets\06-20-October.csv;295;295;;WARNING;550;syscheck_integrity_changed; ;machine-2; ;; ; ; ; ; ;;; ;/boot/grub/x86_64-efi/ufs1.mod;; ;;; ; ;;; ;;;; ;;;;;file_integrity;syscheck_integrity_changed;"File '/boot/grub/x86_64-efi/ufs1.mod' modified
Mode: scheduled
Changed attributes: mtime,inode
Old modification time was: '1696137074', now it is '1697479754'
Old inode was: '1049189', now it is '1048910'
";7;550;syscheck_integrity_changed;"[""ossec"",""syscheck"",""syscheck_entry_modified"",""syscheck_file""]";Integrity checksum changed.
06-20-October;wazuh;E:\Cours\TFE\data\raw\Datasets\06-20-October.csv;296;296;;WARNING;550;syscheck_integrity_changed; ;machine-2; ;; ; ; ; ; ;;; ;/boot/grub/x86_64-efi/legacycfg.mod;; ;;; ; ;;; ;;;; ;;;;;file_integrity;syscheck_integrity_changed;"File '/boot/grub/x86_64-efi/legacycfg.mod' modified
Mode: scheduled
Changed attributes: mtime,inode
Old modification time was: '1696137074', now it is '1697479754'
Old inode was: '1049190', now it is '1048911'
";7;550;syscheck_integrity_changed;"[""ossec"",""syscheck"",""syscheck_entry_modified"",""syscheck_file""]";Integrity checksum changed.
06-20-October;wazuh;E:\Cours\TFE\data\raw\Datasets\06-20-October.csv;297;297;;WARNING;550;syscheck_integrity_changed; ;machine-2; ;; ; ; ; ; ;;; ;/boot/grub/x86_64-efi/efi_gop.mod;; ;;; ; ;;; ;;;; ;;;;;file_integrity;syscheck_integrity_changed;"File '/boot/grub/x86_64-efi/efi_gop.mod' modified
Mode: scheduled
Changed attributes: mtime,inode
Old modification time was: '1696137074', now it is '1697479754'
Old inode was: '1049197', now it is '1048918'
";7;550;syscheck_integrity_changed;"[""ossec"",""syscheck"",""syscheck_entry_modified"",""syscheck_file""]";Integrity checksum changed.
06-20-October;wazuh;E:\Cours\TFE\data\raw\Datasets\06-20-October.csv;298;298;;WARNING;550;syscheck_integrity_changed; ;machine-2; ;; ; ; ; ; ;;; ;/boot/grub/x86_64-efi/minix3.mod;; ;;; ; ;;; ;;;; ;;;;;file_integrity;syscheck_integrity_changed;"File '/boot/grub/x86_64-efi/minix3.mod' modified
Mode: scheduled
Changed attributes: mtime,inode
Old modification time was: '1696137074', now it is '1697479754'
Old inode was: '1049198', now it is '1048919'
";7;550;syscheck_integrity_changed;"[""ossec"",""syscheck"",""syscheck_entry_modified"",""syscheck_file""]";Integrity checksum changed.
06-20-October;wazuh;E:\Cours\TFE\data\raw\Datasets\06-20-October.csv;299;299;;WARNING;550;syscheck_integrity_changed; ;machine-2; ;; ; ; ; ; ;;; ;/boot/grub/x86_64-efi/macho.mod;; ;;; ; ;;; ;;;; ;;;;;file_integrity;syscheck_integrity_changed;"File '/boot/grub/x86_64-efi/macho.mod' modified
Mode: scheduled
Changed attributes: mtime,inode
Old modification time was: '1696137074', now it is '1697479754'
Old inode was: '1049204', now it is '1048925'
";7;550;syscheck_integrity_changed;"[""ossec"",""syscheck"",""syscheck_entry_modified"",""syscheck_file""]";Integrity checksum changed.
06-20-October;wazuh;E:\Cours\TFE\data\raw\Datasets\06-20-October.csv;300;300;;WARNING;550;syscheck_integrity_changed; ;machine-2; ;; ; ; ; ; ;;; ;/boot/grub/x86_64-efi/luks.mod;; ;;; ; ;;; ;;;; ;;;;;file_integrity;syscheck_integrity_changed;"File '/boot/grub/x86_64-efi/luks.mod' modified
Mode: scheduled
Changed attributes: mtime,inode
Old modification time was: '1696137074', now it is '1697479754'
Old inode was: '1049205', now it is '1048926'
";7;550;syscheck_integrity_changed;"[""ossec"",""syscheck"",""syscheck_entry_modified"",""syscheck_file""]";Integrity checksum changed.
06-20-October;wazuh;E:\Cours\TFE\data\raw\Datasets\06-20-October.csv;301;301;;WARNING;550;syscheck_integrity_changed; ;machine-2; ;; ; ; ; ; ;;; ;/boot/grub/x86_64-efi/videotest_checksum.mod;; ;;; ; ;;; ;;;; ;;;;;file_integrity;syscheck_integrity_changed;"File '/boot/grub/x86_64-efi/videotest_checksum.mod' modified
Mode: scheduled
Changed attributes: mtime,inode
Old modification time was: '1696137074', now it is '1697479754'
Old inode was: '1049213', now it is '1048934'
";7;550;syscheck_integrity_changed;"[""ossec"",""syscheck"",""syscheck_entry_modified"",""syscheck_file""]";Integrity checksum changed.
06-20-October;wazuh;E:\Cours\TFE\data\raw\Datasets\06-20-October.csv;302;302;;WARNING;550;syscheck_integrity_changed; ;machine-2; ;; ; ; ; ; ;;; ;/boot/grub/x86_64-efi/legacy_password_test.mod;; ;;; ; ;;; ;;;; ;;;;;file_integrity;syscheck_integrity_changed;"File '/boot/grub/x86_64-efi/legacy_password_test.mod' modified
Mode: scheduled
Changed attributes: mtime,inode
Old modification time was: '1696137074', now it is '1697479754'
Old inode was: '1049217', now it is '1048938'
";7;550;syscheck_integrity_changed;"[""ossec"",""syscheck"",""syscheck_entry_modified"",""syscheck_file""]";Integrity checksum changed.
06-20-October;wazuh;E:\Cours\TFE\data\raw\Datasets\06-20-October.csv;303;303;;WARNING;550;syscheck_integrity_changed; ;machine-2; ;; ; ; ; ; ;;; ;/boot/grub/x86_64-efi/echo.mod;; ;;; ; ;;; ;;;; ;;;;;file_integrity;syscheck_integrity_changed;"File '/boot/grub/x86_64-efi/echo.mod' modified
Mode: scheduled
Changed attributes: mtime,inode
Old modification time was: '1696137074', now it is '1697479754'
Old inode was: '1049223', now it is '1048944'
";7;550;syscheck_integrity_changed;"[""ossec"",""syscheck"",""syscheck_entry_modified"",""syscheck_file""]";Integrity checksum changed.
06-20-October;wazuh;E:\Cours\TFE\data\raw\Datasets\06-20-October.csv;304;304;;WARNING;550;syscheck_integrity_changed; ;machine-2; ;; ; ; ; ; ;;; ;/boot/grub/x86_64-efi/signature_test.mod;; ;;; ; ;;; ;;;; ;;;;;file_integrity;syscheck_integrity_changed;"File '/boot/grub/x86_64-efi/signature_test.mod' modified
Mode: scheduled
Changed attributes: mtime,inode
Old modification time was: '1696137074', now it is '1697479754'
Old inode was: '1049224', now it is '1048945'
";7;550;syscheck_integrity_changed;"[""ossec"",""syscheck"",""syscheck_entry_modified"",""syscheck_file""]";Integrity checksum changed.
06-20-October;wazuh;E:\Cours\TFE\data\raw\Datasets\06-20-October.csv;305;305;;WARNING;550;syscheck_integrity_changed; ;machine-2; ;; ; ; ; ; ;;; ;/boot/grub/x86_64-efi/adler32.mod;; ;;; ; ;;; ;;;; ;;;;;file_integrity;syscheck_integrity_changed;"File '/boot/grub/x86_64-efi/adler32.mod' modified
Mode: scheduled
Changed attributes: mtime,inode
Old modification time was: '1696137074', now it is '1697479754'
Old inode was: '1049230', now it is '1048951'
";7;550;syscheck_integrity_changed;"[""ossec"",""syscheck"",""syscheck_entry_modified"",""syscheck_file""]";Integrity checksum changed.
06-20-October;wazuh;E:\Cours\TFE\data\raw\Datasets\06-20-October.csv;306;306;;WARNING;550;syscheck_integrity_changed; ;machine-2; ;; ; ; ; ; ;;; ;/boot/grub/x86_64-efi/chain.mod;; ;;; ; ;;; ;;;; ;;;;;file_integrity;syscheck_integrity_changed;"File '/boot/grub/x86_64-efi/chain.mod' modified
Mode: scheduled
Changed attributes: mtime,inode
Old modification time was: '1696137074', now it is '1697479754'
Old inode was: '1049232', now it is '1048953'
";7;550;syscheck_integrity_changed;"[""ossec"",""syscheck"",""syscheck_entry_modified"",""syscheck_file""]";Integrity checksum changed.
06-20-October;wazuh;E:\Cours\TFE\data\raw\Datasets\06-20-October.csv;307;307;;WARNING;550;syscheck_integrity_changed; ;machine-2; ;; ; ; ; ; ;;; ;/boot/grub/x86_64-efi/afs.mod;; ;;; ; ;;; ;;;; ;;;;;file_integrity;syscheck_integrity_changed;"File '/boot/grub/x86_64-efi/afs.mod' modified
Mode: scheduled
Changed attributes: mtime,inode
Old modification time was: '1696137074', now it is '1697479754'
Old inode was: '1049237', now it is '1048958'
";7;550;syscheck_integrity_changed;"[""ossec"",""syscheck"",""syscheck_entry_modified"",""syscheck_file""]";Integrity checksum changed.
06-20-October;wazuh;E:\Cours\TFE\data\raw\Datasets\06-20-October.csv;308;308;;WARNING;550;syscheck_integrity_changed; ;machine-2; ;; ; ; ; ; ;;; ;/boot/grub/x86_64-efi/uhci.mod;; ;;; ; ;;; ;;;; ;;;;;file_integrity;syscheck_integrity_changed;"File '/boot/grub/x86_64-efi/uhci.mod' modified
Mode: scheduled
Changed attributes: mtime,inode
Old modification time was: '1696137074', now it is '1697479754'
Old inode was: '1049238', now it is '1048959'
";7;550;syscheck_integrity_changed;"[""ossec"",""syscheck"",""syscheck_entry_modified"",""syscheck_file""]";Integrity checksum changed.
06-20-October;wazuh;E:\Cours\TFE\data\raw\Datasets\06-20-October.csv;309;309;;WARNING;550;syscheck_integrity_changed; ;machine-2; ;; ; ; ; ; ;;; ;/boot/grub/x86_64-efi/lvm.mod;; ;;; ; ;;; ;;;; ;;;;;file_integrity;syscheck_integrity_changed;"File '/boot/grub/x86_64-efi/lvm.mod' modified
Mode: scheduled
Changed attributes: mtime,inode
Old modification time was: '1696137074', now it is '1697479754'
Old inode was: '1049242', now it is '1048963'
";7;550;syscheck_integrity_changed;"[""ossec"",""syscheck"",""syscheck_entry_modified"",""syscheck_file""]";Integrity checksum changed.
06-20-October;wazuh;E:\Cours\TFE\data\raw\Datasets\06-20-October.csv;310;310;;WARNING;550;syscheck_integrity_changed; ;machine-2; ;; ; ; ; ; ;;; ;/boot/grub/x86_64-efi/lsefisystab.mod;; ;;; ; ;;; ;;;; ;;;;;file_integrity;syscheck_integrity_changed;"File '/boot/grub/x86_64-efi/lsefisystab.mod' modified
Mode: scheduled
Changed attributes: mtime,inode
Old modification time was: '1696137074', now it is '1697479754'
Old inode was: '1049247', now it is '1048968'
";7;550;syscheck_integrity_changed;"[""ossec"",""syscheck"",""syscheck_entry_modified"",""syscheck_file""]";Integrity checksum changed.
06-20-October;wazuh;E:\Cours\TFE\data\raw\Datasets\06-20-October.csv;311;311;;WARNING;550;syscheck_integrity_changed; ;machine-2; ;; ; ; ; ; ;;; ;/boot/grub/x86_64-efi/reiserfs.mod;; ;;; ; ;;; ;;;; ;;;;;file_integrity;syscheck_integrity_changed;"File '/boot/grub/x86_64-efi/reiserfs.mod' modified
Mode: scheduled
Changed attributes: mtime,inode
Old modification time was: '1696137074', now it is '1697479754'
Old inode was: '1049249', now it is '1048970'
";7;550;syscheck_integrity_changed;"[""ossec"",""syscheck"",""syscheck_entry_modified"",""syscheck_file""]";Integrity checksum changed.
06-20-October;wazuh;E:\Cours\TFE\data\raw\Datasets\06-20-October.csv;312;312;;WARNING;550;syscheck_integrity_changed; ;machine-2; ;; ; ; ; ; ;;; ;/etc/cups/subscriptions.conf.O;; ;;; ; ;;; ;;;; ;;;;;file_integrity;syscheck_integrity_changed;"File '/etc/cups/subscriptions.conf.O' modified
Mode: scheduled
Changed attributes: mtime,inode,md5,sha1,sha256
Old modification time was: '1697479207', now it is '1697649644'
Old inode was: '132285', now it is '132649'
Old md5sum was: '7017638cb901e9bd4007b9e863a993af'
New md5sum is : 'c6cbb02fba27977f1333f69b7391ef93'
Old sha1sum was: '6fcfc5cbb95053bd6995456703a15180dfbf7bfd'
New sha1sum is : '3700143192fbb46b7d0f738f2e978410e818017a'
Old sha256sum was: '6047ed2d3b03ac2c963ddba56694dbfd046101c439eca6612a93753c5a6257aa'
New sha256sum is : '7e983e9969f27558ac79fc048823c4cacfe4b9d5f407d3fc4e357584f669e024'
";7;550;syscheck_integrity_changed;"[""ossec"",""syscheck"",""syscheck_entry_modified"",""syscheck_file""]";Integrity checksum changed.
06-20-October;wazuh;E:\Cours\TFE\data\raw\Datasets\06-20-October.csv;313;313;;WARNING;550;syscheck_integrity_changed; ;machine-2; ;; ; ; ; ; ;;; ;/usr/bin/file;; ;;; ; ;;; ;;;; ;;;;;file_integrity;syscheck_integrity_changed;"File '/usr/bin/file' modified
Mode: scheduled
Changed attributes: mtime,inode,md5,sha1,sha256
Old modification time was: '1648141629', now it is '1694455146'
Old inode was: '262460', now it is '263531'
Old md5sum was: 'a7dd4345da602bb33498f910980ec983'
New md5sum is : '0a36338120f550bde06d95cd2b328444'
Old sha1sum was: '780151ce2508a5e802f253a3f700e6ee880aeacf'
New sha1sum is : 'b595c3caee4b23b2f044079499c1053e6dcea976'
Old sha256sum was: 'e70ac540f3a0e5660acf09ec927b1c8681efcb8b02fb9b08aab3594022245d0f'
New sha256sum is : 'ffa64f607f77d57cb3e2b650825868367a06eb91cdc5959c4e2f62ceb885b18a'
";7;550;syscheck_integrity_changed;"[""ossec"",""syscheck"",""syscheck_entry_modified"",""syscheck_file""]";Integrity checksum changed.
06-20-October;wazuh;E:\Cours\TFE\data\raw\Datasets\06-20-October.csv;314;314;;WARNING;550;syscheck_integrity_changed; ;machine-2; ;; ; ; ; ; ;;; ;/usr/bin/getent;; ;;; ; ;;; ;;;; ;;;;;file_integrity;syscheck_integrity_changed;"File '/usr/bin/getent' modified
Mode: scheduled
Changed attributes: mtime,inode,md5,sha1,sha256
Old modification time was: '1657149803', now it is '1695653150'
Old inode was: '262534', now it is '270561'
Old md5sum was: 'ac9fbbaa4d1c849d65e4fd336add259e'
New md5sum is : '360bd049f5579dafa3818c9f80b0ac45'
Old sha1sum was: 'cc1f6dc784a9526311430f2fba4d7d061cdb0f46'
New sha1sum is : '387de7c162d59aaa45c955e553444c662fa8d038'
Old sha256sum was: '97f4c0193ab699e39466ada001e334b24906df28e5fe0eafb1bac134c5200015'
New sha256sum is : '1fbd6d01ee98394f4f5f2491250139e5df0079969b51503ac1a541dfa73a25d0'
";7;550;syscheck_integrity_changed;"[""ossec"",""syscheck"",""syscheck_entry_modified"",""syscheck_file""]";Integrity checksum changed.
06-20-October;wazuh;E:\Cours\TFE\data\raw\Datasets\06-20-October.csv;315;315;;WARNING;550;syscheck_integrity_changed; ;machine-2; ;; ; ; ; ; ;;; ;/usr/bin/localedef;; ;;; ; ;;; ;;;; ;;;;;file_integrity;syscheck_integrity_changed;"File '/usr/bin/localedef' modified
Mode: scheduled
Changed attributes: mtime,inode,md5,sha1,sha256
Old modification time was: '1657149803', now it is '1695653150'
Old inode was: '262803', now it is '270565'
Old md5sum was: '675e3f40925ca011bb00aedfc358bde3'
New md5sum is : 'b507b8ef2dc3048b29e46b1fd5e2ceaa'
Old sha1sum was: '6b318ff3dea4c43dd732a62bafd5559518ec6d14'
New sha1sum is : '6cb29983f9738ec5d13348efef4caaa567db9d7b'
Old sha256sum was: '0668850d7c3ec93366a60ba62860568a773f57605a22e7af5cff5e8ee2669ec4'
New sha256sum is : '9bf9077e9c55434abb8bcf50629d3ad05e1146779814d520b68a8d9999fe08b9'
";7;550;syscheck_integrity_changed;"[""ossec"",""syscheck"",""syscheck_entry_modified"",""syscheck_file""]";Integrity checksum changed.
06-20-October;wazuh;E:\Cours\TFE\data\raw\Datasets\06-20-October.csv;316;316;;WARNING;550;syscheck_integrity_changed; ;machine-2; ;; ; ; ; ; ;;; ;/usr/bin/ldd;; ;;; ; ;;; ;;;; ;;;;;file_integrity;syscheck_integrity_changed;"File '/usr/bin/ldd' modified
Mode: scheduled
Changed attributes: mtime,inode,md5,sha1,sha256
Old modification time was: '1657149803', now it is '1695653150'
Old inode was: '262772', now it is '270563'
Old md5sum was: '391741afba08eb43ea7425000d18eaa0'
New md5sum is : 'f188b4a0a4f55666adf37f19ca1dc616'
Old sha1sum was: '58b176d036e7880fcd54ec053797ce69af7f68d2'
New sha1sum is : 'ec26b79b6a583240bafa333511d3ee030cbe9240'
Old sha256sum was: '1410bfb28f579ccce17c4cf6fbbf836457a7c07eaab475b6a6f2cfa2842135d0'
New sha256sum is : '717d4597e7c63fc85b3280f95f196d5522299595054e506c8c5f2f75200b716b'
";7;550;syscheck_integrity_changed;"[""ossec"",""syscheck"",""syscheck_entry_modified"",""syscheck_file""]";Integrity checksum changed.
06-20-October;wazuh;E:\Cours\TFE\data\raw\Datasets\06-20-October.csv;317;317;;WARNING;550;syscheck_integrity_changed; ;machine-2; ;; ; ; ; ; ;;; ;/usr/bin/mokutil;; ;;; ; ;;; ;;;; ;;;;;file_integrity;syscheck_integrity_changed;"File '/usr/bin/mokutil' modified
Mode: scheduled
Changed attributes: mtime,inode,md5,sha1,sha256
Old modification time was: '1682517383', now it is '1692911663'
Old inode was: '262889', now it is '294728'
Old md5sum was: 'd3bf6ee873d0f11bacee9b3db5dec2c0'
New md5sum is : '33bc89f7b955a1cd69e6578ec715aa52'
Old sha1sum was: '802e9ebb91ab7e5e4c0dac361d9ab33f0d23363d'
New sha1sum is : 'b2db3920f549b46291d6ca4cfae7aa8ba92c74e0'
Old sha256sum was: 'bea6c724e4c17993c1580fb3c5b7a35d0a1bf0a033580e94007324b36435ff91'
New sha256sum is : '73688e2f4d5428933f5e8d1156a6f61ea30fbd396a0f5c82b2b992e8602f1872'
";7;550;syscheck_integrity_changed;"[""ossec"",""syscheck"",""syscheck_entry_modified"",""syscheck_file""]";Integrity checksum changed.
06-20-October;wazuh;E:\Cours\TFE\data\raw\Datasets\06-20-October.csv;318;318;;WARNING;550;syscheck_integrity_changed; ;machine-2; ;; ; ; ; ; ;;; ;/usr/bin/xxd;; ;;; ; ;;; ;;;; ;;;;;file_integrity;syscheck_integrity_changed;"File '/usr/bin/xxd' modified
Mode: scheduled
Changed attributes: mtime,inode,md5,sha1,sha256
Old modification time was: '1690868269', now it is '1696578583'
Old inode was: '263531', now it is '262211'
Old md5sum was: '556d348bdfa9e2995f378623948ff890'
New md5sum is : 'ad0e70ed6c9ade64a0b7668b16def2f2'
Old sha1sum was: '0257fe0f98e5db8918c1a8c5ad4b300658314c9b'
New sha1sum is : '12cb846e034488b331cf685f35f55f64b9c096b0'
Old sha256sum was: 'f47fda9a6fbf685eddb40eb90bc6cbb0a44b15d87aaf57e73e5625c75ca42113'
New sha256sum is : '4816d99b573d3a1aafb39507c92a5f259883f5c0d48c6a89358dc49c34092fbf'
";7;550;syscheck_integrity_changed;"[""ossec"",""syscheck"",""syscheck_entry_modified"",""syscheck_file""]";Integrity checksum changed.
06-20-October;wazuh;E:\Cours\TFE\data\raw\Datasets\06-20-October.csv;319;319;;WARNING;550;syscheck_integrity_changed; ;machine-2; ;; ; ; ; ; ;;; ;/usr/bin/tzselect;; ;;; ; ;;; ;;;; ;;;;;file_integrity;syscheck_integrity_changed;"File '/usr/bin/tzselect' modified
Mode: scheduled
Changed attributes: mtime,inode,md5,sha1,sha256
Old modification time was: '1657149803', now it is '1695653150'
Old inode was: '263364', now it is '270567'
Old md5sum was: 'ba85d7fc0b7153f86986f871bec27920'
New md5sum is : '99e502938398a4c80b263a57ff173098'
Old sha1sum was: 'c5f6b180c774adcdbc51901f90c76ebc447583e2'
New sha1sum is : 'ceb11d5e35d88c4991c92d476e7811d01f26d2f2'
Old sha256sum was: '40b854e1e00957c7610b21ed2f589c692bc5ddc5414223df073c5a0938845af2'
New sha256sum is : 'abd1f5a9a58274708a590aba8c51eb1b998e6b3a30fc518381799cdfd218b21d'
";7;550;syscheck_integrity_changed;"[""ossec"",""syscheck"",""syscheck_entry_modified"",""syscheck_file""]";Integrity checksum changed.
06-20-October;wazuh;E:\Cours\TFE\data\raw\Datasets\06-20-October.csv;320;320;;WARNING;550;syscheck_integrity_changed; ;machine-2; ;; ; ; ; ; ;;; ;/usr/sbin/update-locale;; ;;; ; ;;; ;;;; ;;;;;file_integrity;syscheck_integrity_changed;"File '/usr/sbin/update-locale' modified
Mode: scheduled
Changed attributes: inode
Old inode was: '270558', now it is '291538'
";7;550;syscheck_integrity_changed;"[""ossec"",""syscheck"",""syscheck_entry_modified"",""syscheck_file""]";Integrity checksum changed.
06-20-October;wazuh;E:\Cours\TFE\data\raw\Datasets\06-20-October.csv;321;321;;WARNING;550;syscheck_integrity_changed; ;machine-2; ;; ; ; ; ; ;;; ;/boot/vmlinuz;; ;;; ; ;;; ;;;; ;;;;;file_integrity;syscheck_integrity_changed;"File '/boot/vmlinuz' modified
Mode: scheduled
Changed attributes: mtime,inode
Old modification time was: '1696137080', now it is '1697479970'
Old inode was: '1048893', now it is '1048583'
";7;550;syscheck_integrity_changed;"[""ossec"",""syscheck"",""syscheck_entry_modified"",""syscheck_file""]";Integrity checksum changed.
06-20-October;wazuh;E:\Cours\TFE\data\raw\Datasets\06-20-October.csv;322;322;;WARNING;550;syscheck_integrity_changed; ;machine-2; ;; ; ; ; ; ;;; ;/boot/vmlinuz.old;; ;;; ; ;;; ;;;; ;;;;;file_integrity;syscheck_integrity_changed;"File '/boot/vmlinuz.old' modified
Mode: scheduled
Changed attributes: mtime,inode
Old modification time was: '1696137080', now it is '1697479970'
Old inode was: '1048892', now it is '1049176'
";7;550;syscheck_integrity_changed;"[""ossec"",""syscheck"",""syscheck_entry_modified"",""syscheck_file""]";Integrity checksum changed.
06-20-October;wazuh;E:\Cours\TFE\data\raw\Datasets\06-20-October.csv;323;323;;WARNING;550;syscheck_integrity_changed; ;machine-2; ;; ; ; ; ; ;;; ;/boot/initrd.img;; ;;; ; ;;; ;;;; ;;;;;file_integrity;syscheck_integrity_changed;"File '/boot/initrd.img' modified
Mode: scheduled
Changed attributes: mtime,inode
Old modification time was: '1696137080', now it is '1697479970'
Old inode was: '1048582', now it is '1048893'
";7;550;syscheck_integrity_changed;"[""ossec"",""syscheck"",""syscheck_entry_modified"",""syscheck_file""]";Integrity checksum changed.
06-20-October;wazuh;E:\Cours\TFE\data\raw\Datasets\06-20-October.csv;324;324;;WARNING;554;syscheck_new_entry; ;machine-2; ;; ; ; ; ; ;;; ;/boot/config-6.2.0-34-generic;; ;;; ; ;;; ;;;; ;;;;;file_integrity;syscheck_new_entry;"File '/boot/config-6.2.0-34-generic' added
Mode: scheduled
";5;554;syscheck_new_entry;"[""ossec"",""syscheck"",""syscheck_entry_added"",""syscheck_file""]";File added to the system.
06-20-October;wazuh;E:\Cours\TFE\data\raw\Datasets\06-20-October.csv;325;325;;WARNING;550;syscheck_integrity_changed; ;machine-2; ;; ; ; ; ; ;;; ;/boot/initrd.img.old;; ;;; ; ;;; ;;;; ;;;;;file_integrity;syscheck_integrity_changed;"File '/boot/initrd.img.old' modified
Mode: scheduled
Changed attributes: mtime,inode
Old modification time was: '1696126147', now it is '1697479970'
Old inode was: '1048583', now it is '1048892'
";7;550;syscheck_integrity_changed;"[""ossec"",""syscheck"",""syscheck_entry_modified"",""syscheck_file""]";Integrity checksum changed.
06-20-October;wazuh;E:\Cours\TFE\data\raw\Datasets\06-20-October.csv;326;326;;WARNING;554;syscheck_new_entry; ;machine-2; ;; ; ; ; ; ;;; ;/boot/vmlinuz-6.2.0-34-generic;; ;;; ; ;;; ;;;; ;;;;;file_integrity;syscheck_new_entry;"File '/boot/vmlinuz-6.2.0-34-generic' added
Mode: scheduled
";5;554;syscheck_new_entry;"[""ossec"",""syscheck"",""syscheck_entry_added"",""syscheck_file""]";File added to the system.
06-20-October;wazuh;E:\Cours\TFE\data\raw\Datasets\06-20-October.csv;327;327;;INFO;5501;pam;pkexec;machine-2; ;; ; ;1000; ; ;;; ; ;; ;;; ; ;;; ;;;; ;;;;;authentication;pam;Oct 16 23:20:44 sohaib-virtual-machine pkexec: pam_unix(polkit-1:session): session opened for user root(uid=0) by (uid=1000);3;5501;pam;"[""pam"",""syslog"",""authentication_success""]";PAM: Login session opened.
06-20-October;wazuh;E:\Cours\TFE\data\raw\Datasets\06-20-October.csv;328;328;;INFO;52002;kernel;kernel;machine-2; ;; ; ; ; ; ;;; ; ;; ;;; ; ;;; ;;;; ;;;;;wazuh;kernel;"Oct 17 00:00:16 sohaib-virtual-machine kernel: [16249.760685] audit: type=1400 audit(1697482816.209:47): apparmor=""DENIED"" operation=""capable"" class=""cap"" profile=""/usr/sbin/cupsd"" pid=38748 comm=""cupsd"" capability=12  capname=""net_admin""";3;52002;kernel;"[""local"",""syslog"",""apparmor""]";Apparmor DENIED
06-20-October;wazuh;E:\Cours\TFE\data\raw\Datasets\06-20-October.csv;329;329;;WARNING;19007;sca; ;machine-2; ;; ; ; ; ; ;;; ; ;; ;;; ; ;;; ;;;; ;;;;;security_configuration;sca; ;7;19007;sca;"[""sca""]";CIS Ubuntu Linux 22.04 LTS Benchmark v1.0.0: Ensure CUPS is not installed.
06-20-October;wazuh;E:\Cours\TFE\data\raw\Datasets\06-20-October.csv;330;330;;INFO;19008;sca; ;machine-2; ;; ; ; ; ; ;;; ; ;; ;;; ; ;;; ;;;; ;;;;;security_configuration;sca; ;3;19008;sca;"[""sca""]";CIS Ubuntu Linux 22.04 LTS Benchmark v1.0.0: Ensure DHCP Server is not installed.
06-20-October;wazuh;E:\Cours\TFE\data\raw\Datasets\06-20-October.csv;331;331;;INFO;19008;sca; ;machine-2; ;; ; ; ; ; ;;; ; ;; ;;; ; ;;; ;;;; ;;;;;security_configuration;sca; ;3;19008;sca;"[""sca""]";CIS Ubuntu Linux 22.04 LTS Benchmark v1.0.0: Ensure NFS is not installed.
06-20-October;wazuh;E:\Cours\TFE\data\raw\Datasets\06-20-October.csv;332;332;;INFO;19008;sca; ;machine-2; ;; ; ; ; ; ;;; ; ;; ;;; ; ;;; ;;;; ;;;;;security_configuration;sca; ;3;19008;sca;"[""sca""]";CIS Ubuntu Linux 22.04 LTS Benchmark v1.0.0: Ensure journald is not configured to recieve logs from a remote client.
06-20-October;wazuh;E:\Cours\TFE\data\raw\Datasets\06-20-October.csv;333;333;;WARNING;19007;sca; ;machine-2; ;; ; ; ; ; ;;; ; ;; ;;; ; ;;; ;;;; ;;;;;security_configuration;sca; ;7;19007;sca;"[""sca""]";CIS Ubuntu Linux 22.04 LTS Benchmark v1.0.0: Ensure journald is configured to compress large log files.
06-20-October;wazuh;E:\Cours\TFE\data\raw\Datasets\06-20-October.csv;334;334;;WARNING;19007;sca; ;machine-2; ;; ; ; ; ; ;;; ; ;; ;;; ; ;;; ;;;; ;;;;;security_configuration;sca; ;7;19007;sca;"[""sca""]";CIS Ubuntu Linux 22.04 LTS Benchmark v1.0.0: Ensure journald is configured to write logfiles to persistent disk.
06-20-October;wazuh;E:\Cours\TFE\data\raw\Datasets\06-20-October.csv;335;335;;INFO;19008;sca; ;machine-2; ;; ; ; ; ; ;;; ; ;; ;;; ; ;;; ;;;; ;;;;;security_configuration;sca; ;3;19008;sca;"[""sca""]";CIS Ubuntu Linux 22.04 LTS Benchmark v1.0.0: Ensure journald is not configured to send logs to rsyslog.
06-20-October;wazuh;E:\Cours\TFE\data\raw\Datasets\06-20-October.csv;336;336;;INFO;19008;sca; ;machine-2; ;; ; ; ; ; ;;; ; ;; ;;; ; ;;; ;;;; ;;;;;security_configuration;sca; ;3;19008;sca;"[""sca""]";CIS Ubuntu Linux 22.04 LTS Benchmark v1.0.0: Ensure rsyslog is not configured to receive logs from a remote client.
06-20-October;wazuh;E:\Cours\TFE\data\raw\Datasets\06-20-October.csv;337;337;;INFO;19008;sca; ;machine-2; ;; ; ; ; ; ;;; ; ;; ;;; ; ;;; ;;;; ;;;;;security_configuration;sca; ;3;19008;sca;"[""sca""]";CIS Ubuntu Linux 22.04 LTS Benchmark v1.0.0: Ensure cron daemon is enabled and running.
06-20-October;wazuh;E:\Cours\TFE\data\raw\Datasets\06-20-October.csv;338;338;;WARNING;19007;sca; ;machine-2; ;; ; ; ; ; ;;; ; ;; ;;; ; ;;; ;;;; ;;;;;security_configuration;sca; ;7;19007;sca;"[""sca""]";CIS Ubuntu Linux 22.04 LTS Benchmark v1.0.0: Ensure permissions on /etc/crontab are configured.
06-20-October;wazuh;E:\Cours\TFE\data\raw\Datasets\06-20-October.csv;339;339;;WARNING;19007;sca; ;machine-2; ;; ; ; ; ; ;;; ; ;; ;;; ; ;;; ;;;; ;;;;;security_configuration;sca; ;7;19007;sca;"[""sca""]";CIS Ubuntu Linux 22.04 LTS Benchmark v1.0.0: Ensure permissions on /etc/cron.daily are configured.
06-20-October;wazuh;E:\Cours\TFE\data\raw\Datasets\06-20-October.csv;340;340;;WARNING;19007;sca; ;machine-2; ;; ; ; ; ; ;;; ; ;; ;;; ; ;;; ;;;; ;;;;;security_configuration;sca; ;7;19007;sca;"[""sca""]";CIS Ubuntu Linux 22.04 LTS Benchmark v1.0.0: Ensure permissions on /etc/cron.monthly are configured.
06-20-October;wazuh;E:\Cours\TFE\data\raw\Datasets\06-20-October.csv;341;341;;WARNING;19007;sca; ;machine-2; ;; ; ; ; ; ;;; ; ;; ;;; ; ;;; ;;;; ;;;;;security_configuration;sca; ;7;19007;sca;"[""sca""]";CIS Ubuntu Linux 22.04 LTS Benchmark v1.0.0: Ensure permissions on /etc/ssh/sshd_config are configured.
06-20-October;wazuh;E:\Cours\TFE\data\raw\Datasets\06-20-October.csv;342;342;;WARNING;19007;sca; ;machine-2; ;; ; ; ; ; ;;; ; ;; ;;; ; ;;; ;;;; ;;;;;security_configuration;sca; ;7;19007;sca;"[""sca""]";CIS Ubuntu Linux 22.04 LTS Benchmark v1.0.0: Ensure SSH access is limited.
06-20-October;wazuh;E:\Cours\TFE\data\raw\Datasets\06-20-October.csv;343;343;;INFO;19008;sca; ;machine-2; ;; ; ; ; ; ;;; ; ;; ;;; ; ;;; ;;;; ;;;;;security_configuration;sca; ;3;19008;sca;"[""sca""]";CIS Ubuntu Linux 22.04 LTS Benchmark v1.0.0: Ensure SSH IgnoreRhosts is enabled.
06-20-October;wazuh;E:\Cours\TFE\data\raw\Datasets\06-20-October.csv;344;344;;INFO;19008;sca; ;machine-2; ;; ; ; ; ; ;;; ; ;; ;;; ; ;;; ;;;; ;;;;;security_configuration;sca; ;3;19008;sca;"[""sca""]";CIS Ubuntu Linux 22.04 LTS Benchmark v1.0.0: Ensure only strong Ciphers are used.
06-20-October;wazuh;E:\Cours\TFE\data\raw\Datasets\06-20-October.csv;345;345;;WARNING;19007;sca; ;machine-2; ;; ; ; ; ; ;;; ; ;; ;;; ; ;;; ;;;; ;;;;;security_configuration;sca; ;7;19007;sca;"[""sca""]";CIS Ubuntu Linux 22.04 LTS Benchmark v1.0.0: Ensure only strong MAC algorithms are used.
06-20-October;wazuh;E:\Cours\TFE\data\raw\Datasets\06-20-October.csv;346;346;;INFO;19008;sca; ;machine-2; ;; ; ; ; ; ;;; ; ;; ;;; ; ;;; ;;;; ;;;;;security_configuration;sca; ;3;19008;sca;"[""sca""]";CIS Ubuntu Linux 22.04 LTS Benchmark v1.0.0: Ensure only strong Key Exchange algorithms are used.
06-20-October;wazuh;E:\Cours\TFE\data\raw\Datasets\06-20-October.csv;347;347;;INFO;19008;sca; ;machine-2; ;; ; ; ; ; ;;; ; ;; ;;; ; ;;; ;;;; ;;;;;security_configuration;sca; ;3;19008;sca;"[""sca""]";CIS Ubuntu Linux 22.04 LTS Benchmark v1.0.0: Ensure sudo commands use pty.
06-20-October;wazuh;E:\Cours\TFE\data\raw\Datasets\06-20-October.csv;348;348;;WARNING;19007;sca; ;machine-2; ;; ; ; ; ; ;;; ; ;; ;;; ; ;;; ;;;; ;;;;;security_configuration;sca; ;7;19007;sca;"[""sca""]";CIS Ubuntu Linux 22.04 LTS Benchmark v1.0.0: Ensure minimum days between password changes is configured.
06-20-October;wazuh;E:\Cours\TFE\data\raw\Datasets\06-20-October.csv;349;349;;WARNING;19007;sca; ;machine-2; ;; ; ; ; ; ;;; ; ;; ;;; ; ;;; ;;;; ;;;;;security_configuration;sca; ;7;19007;sca;"[""sca""]";CIS Ubuntu Linux 22.04 LTS Benchmark v1.0.0: Ensure password expiration is 365 days or less.
06-20-October;wazuh;E:\Cours\TFE\data\raw\Datasets\06-20-October.csv;350;350;;WARNING;19007;sca; ;machine-2; ;; ; ; ; ; ;;; ; ;; ;;; ; ;;; ;;;; ;;;;;security_configuration;sca; ;7;19007;sca;"[""sca""]";CIS Ubuntu Linux 22.04 LTS Benchmark v1.0.0: Ensure inactive password lock is 30 days or less.
06-20-October;wazuh;E:\Cours\TFE\data\raw\Datasets\06-20-October.csv;351;351;;INFO;19008;sca; ;machine-2; ;; ; ; ; ; ;;; ; ;; ;;; ; ;;; ;;;; ;;;;;security_configuration;sca; ;3;19008;sca;"[""sca""]";CIS Ubuntu Linux 22.04 LTS Benchmark v1.0.0: Ensure permissions on /etc/shadow- are configured.
06-20-October;wazuh;E:\Cours\TFE\data\raw\Datasets\06-20-October.csv;352;352;;INFO;19008;sca; ;machine-2; ;; ; ; ; ; ;;; ; ;; ;;; ; ;;; ;;;; ;;;;;security_configuration;sca; ;3;19008;sca;"[""sca""]";CIS Ubuntu Linux 22.04 LTS Benchmark v1.0.0: Ensure permissions on /etc/gshadow are configured.
06-20-October;wazuh;E:\Cours\TFE\data\raw\Datasets\06-20-October.csv;353;353;;WARNING;19014;sca; ;ubuntu; ;; ; ; ; ; ;;; ; ;; ;;; ; ;;; ;;;; ;;;;;security_configuration;sca; ;9;19014;sca;"[""sca""]";CIS Ubuntu Linux 22.04 LTS Benchmark v1.0.0: Ensure SSH access is limited.: Status changed from 'not applicable' to failed
06-20-October;wazuh;E:\Cours\TFE\data\raw\Datasets\06-20-October.csv;354;354;;INFO;5501;pam;pkexec;machine-2; ;; ; ;1000; ; ;;; ; ;; ;;; ; ;;; ;;;; ;;;;;authentication;pam;Oct 16 23:05:34 sohaib-virtual-machine pkexec: pam_unix(polkit-1:session): session opened for user root(uid=0) by (uid=1000);3;5501;pam;"[""pam"",""syslog"",""authentication_success""]";PAM: Login session opened.
06-20-October;wazuh;E:\Cours\TFE\data\raw\Datasets\06-20-October.csv;355;355;;INFO;52002;kernel;kernel;machine-2; ;; ; ; ; ; ;;; ; ;; ;;; ; ;;; ;;;; ;;;;;wazuh;kernel;"Oct 16 23:00:31 sohaib-virtual-machine kernel: [12665.993146] audit: type=1400 audit(1697479231.385:46): apparmor=""DENIED"" operation=""capable"" class=""cap"" profile=""/usr/sbin/cupsd"" pid=10946 comm=""cupsd"" capability=12  capname=""net_admin""";3;52002;kernel;"[""local"",""syslog"",""apparmor""]";Apparmor DENIED
06-20-October;wazuh;E:\Cours\TFE\data\raw\Datasets\06-20-October.csv;356;356;;WARNING;510;rootcheck; ;machine-2; ;; ; ; ; ; ;;; ; ;; ;;; ; ;;; ;;;; ;;;;;wazuh;rootcheck;Trojaned version of file '/usr/bin/diff' detected. Signature used: 'bash|^/bin/sh|file\.h|proc\.h|/dev/[^n]|^/bin/.*sh' (Generic).;7;510;rootcheck;"[""ossec"",""rootcheck""]";Host-based anomaly detection event (rootcheck).
06-20-October;wazuh;E:\Cours\TFE\data\raw\Datasets\06-20-October.csv;357;357;;WARNING;510;rootcheck; ;machine-1; ;; ; ; ; ; ;;; ; ;; ;;; ; ;;; ;;;; ;;;;;wazuh;rootcheck;Trojaned version of file '/usr/bin/diff' detected. Signature used: 'bash|^/bin/sh|file\.h|proc\.h|/dev/[^n]|^/bin/.*sh' (Generic).;7;510;rootcheck;"[""ossec"",""rootcheck""]";Host-based anomaly detection event (rootcheck).
06-20-October;wazuh;E:\Cours\TFE\data\raw\Datasets\06-20-October.csv;358;358;;INFO;502;ossec; ;ubuntu; ;; ; ; ; ; ;;; ; ;; ;;; ; ;;; ;;;; ;;;;;wazuh;ossec;ossec: Manager started.;3;502;ossec;"[""ossec""]";Wazuh server started.
06-20-October;wazuh;E:\Cours\TFE\data\raw\Datasets\06-20-October.csv;359;359;;INFO;502;ossec; ;ubuntu; ;; ; ; ; ; ;;; ; ;; ;;; ; ;;; ;;;; ;;;;;wazuh;ossec;ossec: Manager started.;3;502;ossec;"[""ossec""]";Wazuh server started.
06-20-October;wazuh;E:\Cours\TFE\data\raw\Datasets\06-20-October.csv;360;360;;WARNING;510;rootcheck; ;ubuntu; ;; ; ; ; ; ;;; ; ;; ;;; ; ;;; ;;;; ;;;;;wazuh;rootcheck;Trojaned version of file '/bin/diff' detected. Signature used: 'bash|^/bin/sh|file\.h|proc\.h|/dev/[^n]|^/bin/.*sh' (Generic).;7;510;rootcheck;"[""ossec"",""rootcheck""]";Host-based anomaly detection event (rootcheck).
06-20-October;wazuh;E:\Cours\TFE\data\raw\Datasets\06-20-October.csv;361;361;;WARNING;510;rootcheck; ;ubuntu; ;; ; ; ; ; ;;; ; ;; ;;; ; ;;; ;;;; ;;;;;wazuh;rootcheck;Trojaned version of file '/bin/diff' detected. Signature used: 'bash|^/bin/sh|file\.h|proc\.h|/dev/[^n]|^/bin/.*sh' (Generic).;7;510;rootcheck;"[""ossec"",""rootcheck""]";Host-based anomaly detection event (rootcheck).
06-20-October;wazuh;E:\Cours\TFE\data\raw\Datasets\06-20-October.csv;362;362;;WARNING;554;syscheck_new_entry; ;machine-2; ;; ; ; ; ; ;;; ;/tmp/libc6.config.02vZG8;; ;;; ; ;;; ;;;; ;;;;;file_integrity;syscheck_new_entry;"File '/tmp/libc6.config.02vZG8' added
Mode: realtime
";5;554;syscheck_new_entry;"[""ossec"",""syscheck"",""syscheck_entry_added"",""syscheck_file""]";File added to the system.
06-20-October;wazuh;E:\Cours\TFE\data\raw\Datasets\06-20-October.csv;363;363;;WARNING;554;syscheck_new_entry; ;machine-2; ;; ; ; ; ; ;;; ;/tmp/libc6.config.QbWp3m;; ;;; ; ;;; ;;;; ;;;;;file_integrity;syscheck_new_entry;"File '/tmp/libc6.config.QbWp3m' added
Mode: realtime
";5;554;syscheck_new_entry;"[""ossec"",""syscheck"",""syscheck_entry_added"",""syscheck_file""]";File added to the system.
06-20-October;wazuh;E:\Cours\TFE\data\raw\Datasets\06-20-October.csv;364;364;;WARNING;553;syscheck_deleted; ;machine-2; ;; ; ; ; ; ;;; ;/tmp/libc6.template.zfTDwX;; ;;; ; ;;; ;;;; ;;;;;file_integrity;syscheck_deleted;"File '/tmp/libc6.template.zfTDwX' deleted
Mode: realtime
";7;553;syscheck_deleted;"[""ossec"",""syscheck"",""syscheck_entry_deleted"",""syscheck_file""]";File deleted.
06-20-October;wazuh;E:\Cours\TFE\data\raw\Datasets\06-20-October.csv;365;365;;WARNING;550;syscheck_integrity_changed; ;machine-2; ;; ; ; ; ; ;;; ;/tmp/libc6.config.QbWp3m;; ;;; ; ;;; ;;;; ;;;;;file_integrity;syscheck_integrity_changed;"File '/tmp/libc6.config.QbWp3m' modified
Mode: realtime
Changed attributes: permission
Permissions changed from 'rw-------' to 'rwxr-xr-x'
";7;550;syscheck_integrity_changed;"[""ossec"",""syscheck"",""syscheck_entry_modified"",""syscheck_file""]";Integrity checksum changed.
06-20-October;wazuh;E:\Cours\TFE\data\raw\Datasets\06-20-October.csv;366;366;;WARNING;2904;dpkg-decoder; ;machine-2; ;; ; ; ; ; ;;; ; ;; ;;; ; ;;; ;;;; ;;;;;package;dpkg-decoder;2023-10-16 23:09:24 status half-configured libfreerdp-server2-2:amd64 2.6.1+dfsg1-3ubuntu2.3;7;2904;dpkg-decoder;"[""syslog"",""dpkg"",""config_changed""]";Dpkg (Debian Package) half configured.
06-20-October;wazuh;E:\Cours\TFE\data\raw\Datasets\06-20-October.csv;367;367;;WARNING;2904;dpkg-decoder; ;machine-2; ;; ; ; ; ; ;;; ; ;; ;;; ; ;;; ;;;; ;;;;;package;dpkg-decoder;2023-10-16 23:09:25 status half-configured libwinpr2-2:amd64 2.6.1+dfsg1-3ubuntu2.3;7;2904;dpkg-decoder;"[""syslog"",""dpkg"",""config_changed""]";Dpkg (Debian Package) half configured.
06-20-October;wazuh;E:\Cours\TFE\data\raw\Datasets\06-20-October.csv;368;368;;WARNING;2902;dpkg-decoder; ;machine-2; ;; ; ; ; ; ;;; ; ;; ;;; ; ;;; ;;;; ;;;;;package;dpkg-decoder;2023-10-16 23:09:25 status installed libwinpr2-2:amd64 2.6.1+dfsg1-3ubuntu2.4;7;2902;dpkg-decoder;"[""syslog"",""dpkg"",""config_changed""]";New dpkg (Debian Package) installed.
06-20-October;wazuh;E:\Cours\TFE\data\raw\Datasets\06-20-October.csv;369;369;;WARNING;2904;dpkg-decoder; ;machine-2; ;; ; ; ; ; ;;; ; ;; ;;; ; ;;; ;;;; ;;;;;package;dpkg-decoder;2023-10-16 23:09:25 status half-configured libfreerdp2-2:amd64 2.6.1+dfsg1-3ubuntu2.4;7;2904;dpkg-decoder;"[""syslog"",""dpkg"",""config_changed""]";Dpkg (Debian Package) half configured.
06-20-October;wazuh;E:\Cours\TFE\data\raw\Datasets\06-20-October.csv;370;370;;WARNING;2902;dpkg-decoder; ;machine-2; ;; ; ; ; ; ;;; ; ;; ;;; ; ;;; ;;;; ;;;;;package;dpkg-decoder;2023-10-16 23:09:25 status installed libfreerdp-server2-2:amd64 2.6.1+dfsg1-3ubuntu2.4;7;2902;dpkg-decoder;"[""syslog"",""dpkg"",""config_changed""]";New dpkg (Debian Package) installed.
06-20-October;wazuh;E:\Cours\TFE\data\raw\Datasets\06-20-October.csv;371;371;;WARNING;2904;dpkg-decoder; ;machine-2; ;; ; ; ; ; ;;; ; ;; ;;; ; ;;; ;;;; ;;;;;package;dpkg-decoder;2023-10-16 23:09:25 status half-configured man-db:amd64 2.10.2-1;7;2904;dpkg-decoder;"[""syslog"",""dpkg"",""config_changed""]";Dpkg (Debian Package) half configured.
06-20-October;wazuh;E:\Cours\TFE\data\raw\Datasets\06-20-October.csv;372;372;;WARNING;2904;dpkg-decoder; ;machine-2; ;; ; ; ; ; ;;; ; ;; ;;; ; ;;; ;;;; ;;;;;package;dpkg-decoder;2023-10-16 23:08:46 status half-configured libwebkit2gtk-4.0-37:amd64 2.42.1-0ubuntu0.22.04.1;7;2904;dpkg-decoder;"[""syslog"",""dpkg"",""config_changed""]";Dpkg (Debian Package) half configured.
06-20-October;wazuh;E:\Cours\TFE\data\raw\Datasets\06-20-October.csv;373;373;;WARNING;2904;dpkg-decoder; ;machine-2; ;; ; ; ; ; ;;; ; ;; ;;; ; ;;; ;;;; ;;;;;package;dpkg-decoder;2023-10-16 23:08:46 status half-configured gir1.2-webkit2-4.0:amd64 2.42.1-0ubuntu0.22.04.1;7;2904;dpkg-decoder;"[""syslog"",""dpkg"",""config_changed""]";Dpkg (Debian Package) half configured.
06-20-October;wazuh;E:\Cours\TFE\data\raw\Datasets\06-20-October.csv;374;374;;WARNING;2902;dpkg-decoder; ;machine-2; ;; ; ; ; ; ;;; ; ;; ;;; ; ;;; ;;;; ;;;;;package;dpkg-decoder;2023-10-16 23:08:47 status installed libc-bin:amd64 2.35-0ubuntu3.1;7;2902;dpkg-decoder;"[""syslog"",""dpkg"",""config_changed""]";New dpkg (Debian Package) installed.
06-20-October;wazuh;E:\Cours\TFE\data\raw\Datasets\06-20-October.csv;375;375;;WARNING;2902;dpkg-decoder; ;machine-2; ;; ; ; ; ; ;;; ; ;; ;;; ; ;;; ;;;; ;;;;;package;dpkg-decoder;2023-10-16 23:09:55 status installed libvpx7:amd64 1.11.0-2ubuntu2.2;7;2902;dpkg-decoder;"[""syslog"",""dpkg"",""config_changed""]";New dpkg (Debian Package) installed.
06-20-October;wazuh;E:\Cours\TFE\data\raw\Datasets\06-20-October.csv;376;376;;WARNING;2904;dpkg-decoder; ;machine-2; ;; ; ; ; ; ;;; ; ;; ;;; ; ;;; ;;;; ;;;;;package;dpkg-decoder;2023-10-16 23:09:55 status half-configured libc-bin:amd64 2.35-0ubuntu3.1;7;2904;dpkg-decoder;"[""syslog"",""dpkg"",""config_changed""]";Dpkg (Debian Package) half configured.
06-20-October;wazuh;E:\Cours\TFE\data\raw\Datasets\06-20-October.csv;377;377;;WARNING;2904;dpkg-decoder; ;machine-2; ;; ; ; ; ; ;;; ; ;; ;;; ; ;;; ;;;; ;;;;;package;dpkg-decoder;2023-10-16 23:10:02 status half-configured vim-tiny:amd64 2:8.2.3995-1ubuntu2.10;7;2904;dpkg-decoder;"[""syslog"",""dpkg"",""config_changed""]";Dpkg (Debian Package) half configured.
06-20-October;wazuh;E:\Cours\TFE\data\raw\Datasets\06-20-October.csv;378;378;;WARNING;2902;dpkg-decoder; ;machine-2; ;; ; ; ; ; ;;; ; ;; ;;; ; ;;; ;;;; ;;;;;package;dpkg-decoder;2023-10-16 23:08:46 status installed libjavascriptcoregtk-4.0-18:amd64 2.42.1-0ubuntu0.22.04.1;7;2902;dpkg-decoder;"[""syslog"",""dpkg"",""config_changed""]";New dpkg (Debian Package) installed.
06-20-October;wazuh;E:\Cours\TFE\data\raw\Datasets\06-20-October.csv;379;379;;WARNING;2904;dpkg-decoder; ;machine-2; ;; ; ; ; ; ;;; ; ;; ;;; ; ;;; ;;;; ;;;;;package;dpkg-decoder;2023-10-16 23:08:46 status half-configured gir1.2-javascriptcoregtk-4.0:amd64 2.42.1-0ubuntu0.22.04.1;7;2904;dpkg-decoder;"[""syslog"",""dpkg"",""config_changed""]";Dpkg (Debian Package) half configured.
06-20-October;wazuh;E:\Cours\TFE\data\raw\Datasets\06-20-October.csv;380;380;;WARNING;2902;dpkg-decoder; ;machine-2; ;; ; ; ; ; ;;; ; ;; ;;; ; ;;; ;;;; ;;;;;package;dpkg-decoder;2023-10-16 23:09:46 status installed libc6:amd64 2.35-0ubuntu3.4;7;2902;dpkg-decoder;"[""syslog"",""dpkg"",""config_changed""]";New dpkg (Debian Package) installed.
06-20-October;wazuh;E:\Cours\TFE\data\raw\Datasets\06-20-October.csv;381;381;;WARNING;2902;dpkg-decoder; ;machine-2; ;; ; ; ; ; ;;; ; ;; ;;; ; ;;; ;;;; ;;;;;package;dpkg-decoder;2023-10-16 23:09:46 status installed libc6-dbg:amd64 2.35-0ubuntu3.4;7;2902;dpkg-decoder;"[""syslog"",""dpkg"",""config_changed""]";New dpkg (Debian Package) installed.
06-20-October;wazuh;E:\Cours\TFE\data\raw\Datasets\06-20-October.csv;382;382;;WARNING;2904;dpkg-decoder; ;machine-2; ;; ; ; ; ; ;;; ; ;; ;;; ; ;;; ;;;; ;;;;;package;dpkg-decoder;2023-10-16 23:08:34 status half-configured libwebkit2gtk-4.0-37:amd64 2.40.5-0ubuntu0.22.04.1;7;2904;dpkg-decoder;"[""syslog"",""dpkg"",""config_changed""]";Dpkg (Debian Package) half configured.
06-20-October;wazuh;E:\Cours\TFE\data\raw\Datasets\06-20-October.csv;383;383;;WARNING;2902;dpkg-decoder; ;machine-2; ;; ; ; ; ; ;;; ; ;; ;;; ; ;;; ;;;; ;;;;;package;dpkg-decoder;2023-10-16 23:09:11 status installed grub-efi-amd64-bin:amd64 2.06-2ubuntu14.4;7;2902;dpkg-decoder;"[""syslog"",""dpkg"",""config_changed""]";New dpkg (Debian Package) installed.
06-20-October;wazuh;E:\Cours\TFE\data\raw\Datasets\06-20-October.csv;384;384;;WARNING;2902;dpkg-decoder; ;machine-2; ;; ; ; ; ; ;;; ; ;; ;;; ; ;;; ;;;; ;;;;;package;dpkg-decoder;2023-10-16 23:08:58 status installed man-db:amd64 2.10.2-1;7;2902;dpkg-decoder;"[""syslog"",""dpkg"",""config_changed""]";New dpkg (Debian Package) installed.
06-20-October;wazuh;E:\Cours\TFE\data\raw\Datasets\06-20-October.csv;385;385;;WARNING;553;syscheck_deleted; ;machine-2; ;; ; ; ; ; ;;; ;/tmp/apt-dpkg-install-Afqvrh/2-linux-modules-extra-6.2.0-34-generic_6.2.0-34.34~22.04.1_amd64.deb;; ;;; ; ;;; ;;;; ;;;;;file_integrity;syscheck_deleted;"File '/tmp/apt-dpkg-install-Afqvrh/2-linux-modules-extra-6.2.0-34-generic_6.2.0-34.34~22.04.1_amd64.deb' deleted
Mode: realtime
";7;553;syscheck_deleted;"[""ossec"",""syscheck"",""syscheck_entry_deleted"",""syscheck_file""]";File deleted.
06-20-October;wazuh;E:\Cours\TFE\data\raw\Datasets\06-20-October.csv;386;386;;WARNING;553;syscheck_deleted; ;machine-2; ;; ; ; ; ; ;;; ;/tmp/apt-dpkg-install-Afqvrh/4-linux-image-generic-hwe-22.04_6.2.0.34.34~22.04.11_amd64.deb;; ;;; ; ;;; ;;;; ;;;;;file_integrity;syscheck_deleted;"File '/tmp/apt-dpkg-install-Afqvrh/4-linux-image-generic-hwe-22.04_6.2.0.34.34~22.04.11_amd64.deb' deleted
Mode: realtime
";7;553;syscheck_deleted;"[""ossec"",""syscheck"",""syscheck_entry_deleted"",""syscheck_file""]";File deleted.
06-20-October;wazuh;E:\Cours\TFE\data\raw\Datasets\06-20-October.csv;387;387;;WARNING;553;syscheck_deleted; ;machine-2; ;; ; ; ; ; ;;; ;/tmp/apt-dpkg-install-Afqvrh/6-linux-headers-6.2.0-34-generic_6.2.0-34.34~22.04.1_amd64.deb;; ;;; ; ;;; ;;;; ;;;;;file_integrity;syscheck_deleted;"File '/tmp/apt-dpkg-install-Afqvrh/6-linux-headers-6.2.0-34-generic_6.2.0-34.34~22.04.1_amd64.deb' deleted
Mode: realtime
";7;553;syscheck_deleted;"[""ossec"",""syscheck"",""syscheck_entry_deleted"",""syscheck_file""]";File deleted.
06-20-October;wazuh;E:\Cours\TFE\data\raw\Datasets\06-20-October.csv;388;388;;WARNING;553;syscheck_deleted; ;machine-2; ;; ; ; ; ; ;;; ;/tmp/apt-dpkg-install-Afqvrh/7-linux-headers-generic-hwe-22.04_6.2.0.34.34~22.04.11_amd64.deb;; ;;; ; ;;; ;;;; ;;;;;file_integrity;syscheck_deleted;"File '/tmp/apt-dpkg-install-Afqvrh/7-linux-headers-generic-hwe-22.04_6.2.0.34.34~22.04.11_amd64.deb' deleted
Mode: realtime
";7;553;syscheck_deleted;"[""ossec"",""syscheck"",""syscheck_entry_deleted"",""syscheck_file""]";File deleted.
06-20-October;wazuh;E:\Cours\TFE\data\raw\Datasets\06-20-October.csv;389;389;;WARNING;2904;dpkg-decoder; ;machine-2; ;; ; ; ; ; ;;; ; ;; ;;; ; ;;; ;;;; ;;;;;package;dpkg-decoder;2023-10-16 23:14:09 status half-configured libtiff5:amd64 4.3.0-6ubuntu0.4;7;2904;dpkg-decoder;"[""syslog"",""dpkg"",""config_changed""]";Dpkg (Debian Package) half configured.
06-20-October;wazuh;E:\Cours\TFE\data\raw\Datasets\06-20-October.csv;390;390;;WARNING;2904;dpkg-decoder; ;machine-2; ;; ; ; ; ; ;;; ; ;; ;;; ; ;;; ;;;; ;;;;;package;dpkg-decoder;2023-10-16 23:14:09 status half-configured libc-bin:amd64 2.35-0ubuntu3.1;7;2904;dpkg-decoder;"[""syslog"",""dpkg"",""config_changed""]";Dpkg (Debian Package) half configured.
06-20-October;wazuh;E:\Cours\TFE\data\raw\Datasets\06-20-October.csv;391;391;;WARNING;2904;dpkg-decoder; ;machine-2; ;; ; ; ; ; ;;; ; ;; ;;; ; ;;; ;;;; ;;;;;package;dpkg-decoder;2023-10-16 23:14:16 status half-configured libwebp7:amd64 1.2.2-2ubuntu0.22.04.1;7;2904;dpkg-decoder;"[""syslog"",""dpkg"",""config_changed""]";Dpkg (Debian Package) half configured.
06-20-October;wazuh;E:\Cours\TFE\data\raw\Datasets\06-20-October.csv;392;392;;WARNING;2904;dpkg-decoder; ;machine-2; ;; ; ; ; ; ;;; ; ;; ;;; ; ;;; ;;;; ;;;;;package;dpkg-decoder;2023-10-16 23:14:16 status half-configured libwebp7:amd64 1.2.2-2ubuntu0.22.04.2;7;2904;dpkg-decoder;"[""syslog"",""dpkg"",""config_changed""]";Dpkg (Debian Package) half configured.
06-20-October;wazuh;E:\Cours\TFE\data\raw\Datasets\06-20-October.csv;393;393;;WARNING;2902;dpkg-decoder; ;machine-2; ;; ; ; ; ; ;;; ; ;; ;;; ; ;;; ;;;; ;;;;;package;dpkg-decoder;2023-10-16 23:14:16 status installed libwebp7:amd64 1.2.2-2ubuntu0.22.04.2;7;2902;dpkg-decoder;"[""syslog"",""dpkg"",""config_changed""]";New dpkg (Debian Package) installed.
06-20-October;wazuh;E:\Cours\TFE\data\raw\Datasets\06-20-October.csv;394;394;;WARNING;2902;dpkg-decoder; ;machine-2; ;; ; ; ; ; ;;; ; ;; ;;; ; ;;; ;;;; ;;;;;package;dpkg-decoder;2023-10-16 23:14:16 status installed libc-bin:amd64 2.35-0ubuntu3.1;7;2902;dpkg-decoder;"[""syslog"",""dpkg"",""config_changed""]";New dpkg (Debian Package) installed.
06-20-October;wazuh;E:\Cours\TFE\data\raw\Datasets\06-20-October.csv;395;395;;WARNING;2904;dpkg-decoder; ;machine-2; ;; ; ; ; ; ;;; ; ;; ;;; ; ;;; ;;;; ;;;;;package;dpkg-decoder;2023-10-16 23:11:56 status half-configured linux-generic-hwe-22.04:amd64 6.2.0.33.33~22.04.10;7;2904;dpkg-decoder;"[""syslog"",""dpkg"",""config_changed""]";Dpkg (Debian Package) half configured.
06-20-October;wazuh;E:\Cours\TFE\data\raw\Datasets\06-20-October.csv;396;396;;INFO;2901;dpkg-decoder; ;machine-2; ;; ; ; ; ; ;;; ; ;; ;;; ; ;;; ;;;; ;;;;;package;dpkg-decoder;2023-10-16 23:11:56 install linux-hwe-6.2-headers-6.2.0-34:all <none> 6.2.0-34.34~22.04.1;3;2901;dpkg-decoder;"[""syslog"",""dpkg""]";New dpkg (Debian Package) requested to install.
06-20-October;wazuh;E:\Cours\TFE\data\raw\Datasets\06-20-October.csv;397;397;;WARNING;2904;dpkg-decoder; ;machine-2; ;; ; ; ; ; ;;; ; ;; ;;; ; ;;; ;;;; ;;;;;package;dpkg-decoder;2023-10-16 23:15:43 status half-configured libx11-data:all 2:1.7.5-1ubuntu0.2;7;2904;dpkg-decoder;"[""syslog"",""dpkg"",""config_changed""]";Dpkg (Debian Package) half configured.
06-20-October;wazuh;E:\Cours\TFE\data\raw\Datasets\06-20-October.csv;398;398;;WARNING;2902;dpkg-decoder; ;machine-2; ;; ; ; ; ; ;;; ; ;; ;;; ; ;;; ;;;; ;;;;;package;dpkg-decoder;2023-10-16 23:15:44 status installed libx11-data:all 2:1.7.5-1ubuntu0.3;7;2902;dpkg-decoder;"[""syslog"",""dpkg"",""config_changed""]";New dpkg (Debian Package) installed.
06-20-October;wazuh;E:\Cours\TFE\data\raw\Datasets\06-20-October.csv;399;399;;WARNING;2904;dpkg-decoder; ;machine-2; ;; ; ; ; ; ;;; ; ;; ;;; ; ;;; ;;;; ;;;;;package;dpkg-decoder;2023-10-16 23:14:28 status half-configured libc-bin:amd64 2.35-0ubuntu3.1;7;2904;dpkg-decoder;"[""syslog"",""dpkg"",""config_changed""]";Dpkg (Debian Package) half configured.
06-20-October;wazuh;E:\Cours\TFE\data\raw\Datasets\06-20-October.csv;400;400;;WARNING;2902;dpkg-decoder; ;machine-2; ;; ; ; ; ; ;;; ; ;; ;;; ; ;;; ;;;; ;;;;;package;dpkg-decoder;2023-10-16 23:14:28 status installed libc-bin:amd64 2.35-0ubuntu3.1;7;2902;dpkg-decoder;"[""syslog"",""dpkg"",""config_changed""]";New dpkg (Debian Package) installed.
06-20-October;wazuh;E:\Cours\TFE\data\raw\Datasets\06-20-October.csv;401;401;;WARNING;2902;dpkg-decoder; ;machine-2; ;; ; ; ; ; ;;; ; ;; ;;; ; ;;; ;;;; ;;;;;package;dpkg-decoder;2023-10-16 23:12:55 status installed linux-modules-extra-6.2.0-34-generic:amd64 6.2.0-34.34~22.04.1;7;2902;dpkg-decoder;"[""syslog"",""dpkg"",""config_changed""]";New dpkg (Debian Package) installed.
06-20-October;wazuh;E:\Cours\TFE\data\raw\Datasets\06-20-October.csv;402;402;;WARNING;2904;dpkg-decoder; ;machine-2; ;; ; ; ; ; ;;; ; ;; ;;; ; ;;; ;;;; ;;;;;package;dpkg-decoder;2023-10-16 23:14:35 status half-configured intel-microcode:amd64 3.20230808.0ubuntu0.22.04.1;7;2904;dpkg-decoder;"[""syslog"",""dpkg"",""config_changed""]";Dpkg (Debian Package) half configured.
06-20-October;wazuh;E:\Cours\TFE\data\raw\Datasets\06-20-October.csv;403;403;;WARNING;2902;dpkg-decoder; ;machine-2; ;; ; ; ; ; ;;; ; ;; ;;; ; ;;; ;;;; ;;;;;package;dpkg-decoder;2023-10-16 23:12:42 status installed linux-headers-6.2.0-34-generic:amd64 6.2.0-34.34~22.04.1;7;2902;dpkg-decoder;"[""syslog"",""dpkg"",""config_changed""]";New dpkg (Debian Package) installed.
06-20-October;wazuh;E:\Cours\TFE\data\raw\Datasets\06-20-October.csv;404;404;;WARNING;2902;dpkg-decoder; ;machine-2; ;; ; ; ; ; ;;; ; ;; ;;; ; ;;; ;;;; ;;;;;package;dpkg-decoder;2023-10-16 23:14:22 status installed libc-bin:amd64 2.35-0ubuntu3.1;7;2902;dpkg-decoder;"[""syslog"",""dpkg"",""config_changed""]";New dpkg (Debian Package) installed.
06-20-October;wazuh;E:\Cours\TFE\data\raw\Datasets\06-20-October.csv;405;405;;WARNING;553;syscheck_deleted; ;machine-2; ;; ; ; ; ; ;;; ;/tmp/locales.template.YDPsnS;; ;;; ; ;;; ;;;; ;;;;;file_integrity;syscheck_deleted;"File '/tmp/locales.template.YDPsnS' deleted
Mode: realtime
";7;553;syscheck_deleted;"[""ossec"",""syscheck"",""syscheck_entry_deleted"",""syscheck_file""]";File deleted.
06-20-October;wazuh;E:\Cours\TFE\data\raw\Datasets\06-20-October.csv;406;406;;WARNING;2904;dpkg-decoder; ;machine-2; ;; ; ; ; ; ;;; ; ;; ;;; ; ;;; ;;;; ;;;;;package;dpkg-decoder;2023-10-16 23:15:50 status half-configured amd64-microcode:amd64 3.20191218.1ubuntu2.1;7;2904;dpkg-decoder;"[""syslog"",""dpkg"",""config_changed""]";Dpkg (Debian Package) half configured.
06-20-October;wazuh;E:\Cours\TFE\data\raw\Datasets\06-20-October.csv;407;407;;WARNING;2904;dpkg-decoder; ;machine-2; ;; ; ; ; ; ;;; ; ;; ;;; ; ;;; ;;;; ;;;;;package;dpkg-decoder;2023-10-16 23:15:50 status half-configured amd64-microcode:amd64 3.20191218.1ubuntu2.2;7;2904;dpkg-decoder;"[""syslog"",""dpkg"",""config_changed""]";Dpkg (Debian Package) half configured.
06-20-October;wazuh;E:\Cours\TFE\data\raw\Datasets\06-20-October.csv;408;408;;WARNING;2902;dpkg-decoder; ;machine-2; ;; ; ; ; ; ;;; ; ;; ;;; ; ;;; ;;;; ;;;;;package;dpkg-decoder;2023-10-16 23:15:50 status installed amd64-microcode:amd64 3.20191218.1ubuntu2.2;7;2902;dpkg-decoder;"[""syslog"",""dpkg"",""config_changed""]";New dpkg (Debian Package) installed.
06-20-October;wazuh;E:\Cours\TFE\data\raw\Datasets\06-20-October.csv;409;409;;WARNING;2904;dpkg-decoder; ;machine-2; ;; ; ; ; ; ;;; ; ;; ;;; ; ;;; ;;;; ;;;;;package;dpkg-decoder;2023-10-16 23:15:50 status half-configured initramfs-tools:all 0.140ubuntu13.2;7;2904;dpkg-decoder;"[""syslog"",""dpkg"",""config_changed""]";Dpkg (Debian Package) half configured.
06-20-October;wazuh;E:\Cours\TFE\data\raw\Datasets\06-20-October.csv;410;410;;WARNING;2904;dpkg-decoder; ;machine-2; ;; ; ; ; ; ;;; ; ;; ;;; ; ;;; ;;;; ;;;;;package;dpkg-decoder;2023-10-16 23:17:49 status half-configured man-db:amd64 2.10.2-1;7;2904;dpkg-decoder;"[""syslog"",""dpkg"",""config_changed""]";Dpkg (Debian Package) half configured.
06-20-October;wazuh;E:\Cours\TFE\data\raw\Datasets\06-20-October.csv;411;411;;WARNING;2904;dpkg-decoder; ;machine-2; ;; ; ; ; ; ;;; ; ;; ;;; ; ;;; ;;;; ;;;;;package;dpkg-decoder;2023-10-16 23:17:56 status half-configured libc-bin:amd64 2.35-0ubuntu3.1;7;2904;dpkg-decoder;"[""syslog"",""dpkg"",""config_changed""]";Dpkg (Debian Package) half configured.
06-20-October;wazuh;E:\Cours\TFE\data\raw\Datasets\06-20-October.csv;412;412;;WARNING;2904;dpkg-decoder; ;machine-2; ;; ; ; ; ; ;;; ; ;; ;;; ; ;;; ;;;; ;;;;;package;dpkg-decoder;2023-10-16 23:17:56 status half-configured libc-bin:amd64 2.35-0ubuntu3.4;7;2904;dpkg-decoder;"[""syslog"",""dpkg"",""config_changed""]";Dpkg (Debian Package) half configured.
06-20-October;wazuh;E:\Cours\TFE\data\raw\Datasets\06-20-October.csv;413;413;;WARNING;2902;dpkg-decoder; ;machine-2; ;; ; ; ; ; ;;; ; ;; ;;; ; ;;; ;;;; ;;;;;package;dpkg-decoder;2023-10-16 23:17:56 status installed libc-bin:amd64 2.35-0ubuntu3.4;7;2902;dpkg-decoder;"[""syslog"",""dpkg"",""config_changed""]";New dpkg (Debian Package) installed.
06-20-October;wazuh;E:\Cours\TFE\data\raw\Datasets\06-20-October.csv;414;414;;WARNING;2904;dpkg-decoder; ;machine-2; ;; ; ; ; ; ;;; ; ;; ;;; ; ;;; ;;;; ;;;;;package;dpkg-decoder;2023-10-16 23:18:14 status half-configured libcurl3-gnutls:amd64 7.81.0-1ubuntu1.13;7;2904;dpkg-decoder;"[""syslog"",""dpkg"",""config_changed""]";Dpkg (Debian Package) half configured.
06-20-October;wazuh;E:\Cours\TFE\data\raw\Datasets\06-20-October.csv;415;415;;WARNING;2902;dpkg-decoder; ;machine-2; ;; ; ; ; ; ;;; ; ;; ;;; ; ;;; ;;;; ;;;;;package;dpkg-decoder;2023-10-16 23:18:21 status installed linux-modules-extra-6.2.0-26-generic:amd64 6.2.0-26.26~22.04.1;7;2902;dpkg-decoder;"[""syslog"",""dpkg"",""config_changed""]";New dpkg (Debian Package) installed.
06-20-October;wazuh;E:\Cours\TFE\data\raw\Datasets\06-20-October.csv;416;416;;WARNING;2903;dpkg-decoder; ;machine-2; ;; ; ; ; ; ;;; ; ;; ;;; ; ;;; ;;;; ;;;;;package;dpkg-decoder;2023-10-16 23:18:21 remove linux-modules-extra-6.2.0-26-generic:amd64 6.2.0-26.26~22.04.1 <none>;7;2903;dpkg-decoder;"[""syslog"",""dpkg"",""config_changed""]";Dpkg (Debian Package) removed.
06-20-October;wazuh;E:\Cours\TFE\data\raw\Datasets\06-20-October.csv;417;417;;WARNING;2902;dpkg-decoder; ;machine-2; ;; ; ; ; ; ;;; ; ;; ;;; ; ;;; ;;;; ;;;;;package;dpkg-decoder;2023-10-16 23:18:05 status installed libwebpdemux2:amd64 1.2.2-2ubuntu0.22.04.2;7;2902;dpkg-decoder;"[""syslog"",""dpkg"",""config_changed""]";New dpkg (Debian Package) installed.
06-20-October;wazuh;E:\Cours\TFE\data\raw\Datasets\06-20-October.csv;418;418;;WARNING;2904;dpkg-decoder; ;machine-2; ;; ; ; ; ; ;;; ; ;; ;;; ; ;;; ;;;; ;;;;;package;dpkg-decoder;2023-10-16 23:18:05 status half-configured libc-bin:amd64 2.35-0ubuntu3.4;7;2904;dpkg-decoder;"[""syslog"",""dpkg"",""config_changed""]";Dpkg (Debian Package) half configured.
06-20-October;wazuh;E:\Cours\TFE\data\raw\Datasets\06-20-October.csv;419;419;;WARNING;2904;dpkg-decoder; ;machine-2; ;; ; ; ; ; ;;; ; ;; ;;; ; ;;; ;;;; ;;;;;package;dpkg-decoder;2023-10-16 23:16:52 status half-configured libjson-c5:amd64 0.15-3~ubuntu1.22.04.2;7;2904;dpkg-decoder;"[""syslog"",""dpkg"",""config_changed""]";Dpkg (Debian Package) half configured.
06-20-October;wazuh;E:\Cours\TFE\data\raw\Datasets\06-20-October.csv;420;420;;WARNING;2902;dpkg-decoder; ;machine-2; ;; ; ; ; ; ;;; ; ;; ;;; ; ;;; ;;;; ;;;;;package;dpkg-decoder;2023-10-16 23:16:52 status installed libjson-c5:amd64 0.15-3~ubuntu1.22.04.2;7;2902;dpkg-decoder;"[""syslog"",""dpkg"",""config_changed""]";New dpkg (Debian Package) installed.
06-20-October;wazuh;E:\Cours\TFE\data\raw\Datasets\06-20-October.csv;421;421;;WARNING;2904;dpkg-decoder; ;machine-2; ;; ; ; ; ; ;;; ; ;; ;;; ; ;;; ;;;; ;;;;;package;dpkg-decoder;2023-10-16 23:16:45 status half-configured libflac8:amd64 1.3.3-2ubuntu0.1;7;2904;dpkg-decoder;"[""syslog"",""dpkg"",""config_changed""]";Dpkg (Debian Package) half configured.
06-20-October;wazuh;E:\Cours\TFE\data\raw\Datasets\06-20-October.csv;422;422;;WARNING;2904;dpkg-decoder; ;machine-2; ;; ; ; ; ; ;;; ; ;; ;;; ; ;;; ;;;; ;;;;;package;dpkg-decoder;2023-10-16 23:16:45 status half-configured libflac8:amd64 1.3.3-2ubuntu0.2;7;2904;dpkg-decoder;"[""syslog"",""dpkg"",""config_changed""]";Dpkg (Debian Package) half configured.
06-20-October;wazuh;E:\Cours\TFE\data\raw\Datasets\06-20-October.csv;423;423;;WARNING;2904;dpkg-decoder; ;machine-2; ;; ; ; ; ; ;;; ; ;; ;;; ; ;;; ;;;; ;;;;;package;dpkg-decoder;2023-10-16 23:19:10 status half-configured linux-modules-6.2.0-26-generic:amd64 6.2.0-26.26~22.04.1;7;2904;dpkg-decoder;"[""syslog"",""dpkg"",""config_changed""]";Dpkg (Debian Package) half configured.
06-20-October;wazuh;E:\Cours\TFE\data\raw\Datasets\06-20-October.csv;424;424;;WARNING;2902;dpkg-decoder; ;machine-2; ;; ; ; ; ; ;;; ; ;; ;;; ; ;;; ;;;; ;;;;;package;dpkg-decoder;2023-10-16 23:16:38 status installed initramfs-tools:all 0.140ubuntu13.2;7;2902;dpkg-decoder;"[""syslog"",""dpkg"",""config_changed""]";New dpkg (Debian Package) installed.
06-20-October;wazuh;E:\Cours\TFE\data\raw\Datasets\06-20-October.csv;425;425;;WARNING;553;syscheck_deleted; ;machine-2; ;; ; ; ; ; ;;; ;/boot/System.map-6.2.0-26-generic;; ;;; ; ;;; ;;;; ;;;;;file_integrity;syscheck_deleted;"File '/boot/System.map-6.2.0-26-generic' deleted
Mode: scheduled
";7;553;syscheck_deleted;"[""ossec"",""syscheck"",""syscheck_entry_deleted"",""syscheck_file""]";File deleted.
06-20-October;wazuh;E:\Cours\TFE\data\raw\Datasets\06-20-October.csv;426;426;;WARNING;2904;dpkg-decoder; ;machine-2; ;; ; ; ; ; ;;; ; ;; ;;; ; ;;; ;;;; ;;;;;package;dpkg-decoder;2023-10-18 22:23:04 status half-configured ghostscript:amd64 9.55.0~dfsg1-0ubuntu5.4;7;2904;dpkg-decoder;"[""syslog"",""dpkg"",""config_changed""]";Dpkg (Debian Package) half configured.
06-20-October;wazuh;E:\Cours\TFE\data\raw\Datasets\06-20-October.csv;427;427;;WARNING;2904;dpkg-decoder; ;machine-2; ;; ; ; ; ; ;;; ; ;; ;;; ; ;;; ;;;; ;;;;;package;dpkg-decoder;2023-10-18 22:23:04 status half-configured libgs9:amd64 9.55.0~dfsg1-0ubuntu5.4;7;2904;dpkg-decoder;"[""syslog"",""dpkg"",""config_changed""]";Dpkg (Debian Package) half configured.
06-20-October;wazuh;E:\Cours\TFE\data\raw\Datasets\06-20-October.csv;428;428;;WARNING;2904;dpkg-decoder; ;machine-2; ;; ; ; ; ; ;;; ; ;; ;;; ; ;;; ;;;; ;;;;;package;dpkg-decoder;2023-10-18 22:23:08 status half-configured libgs9-common:all 9.55.0~dfsg1-0ubuntu5.5;7;2904;dpkg-decoder;"[""syslog"",""dpkg"",""config_changed""]";Dpkg (Debian Package) half configured.
06-20-October;wazuh;E:\Cours\TFE\data\raw\Datasets\06-20-October.csv;429;429;;WARNING;2902;dpkg-decoder; ;machine-2; ;; ; ; ; ; ;;; ; ;; ;;; ; ;;; ;;;; ;;;;;package;dpkg-decoder;2023-10-18 22:23:09 status installed man-db:amd64 2.10.2-1;7;2902;dpkg-decoder;"[""syslog"",""dpkg"",""config_changed""]";New dpkg (Debian Package) installed.
06-20-October;wazuh;E:\Cours\TFE\data\raw\Datasets\06-20-October.csv;430;430;;INFO;5501;pam;pkexec;machine-2; ;; ; ;1000; ; ;;; ; ;; ;;; ; ;;; ;;;; ;;;;;authentication;pam;Oct 18 22:26:16 sohaib-virtual-machine pkexec: pam_unix(polkit-1:session): session opened for user root(uid=0) by (uid=1000);3;5501;pam;"[""pam"",""syslog"",""authentication_success""]";PAM: Login session opened.
06-20-October;wazuh;E:\Cours\TFE\data\raw\Datasets\06-20-October.csv;431;431;;INFO;5502;pam;sshd;machine-2; ;; ; ; ; ; ;;; ; ;; ;;; ; ;;; ;;;; ;;;;;authentication;pam;Oct 18 23:04:18 sohaib-virtual-machine sshd[4363]: pam_unix(sshd:session): session closed for user sohaib;3;5502;pam;"[""pam"",""syslog""]";PAM: Login session closed.
06-20-October;wazuh;E:\Cours\TFE\data\raw\Datasets\06-20-October.csv;432;432;;INFO;502;ossec; ;ubuntu; ;; ; ; ; ; ;;; ; ;; ;;; ; ;;; ;;;; ;;;;;wazuh;ossec;ossec: Manager started.;3;502;ossec;"[""ossec""]";Wazuh server started.
06-20-October;wazuh;E:\Cours\TFE\data\raw\Datasets\06-20-October.csv;433;433;;INFO;503;ossec; ;machine-2; ;; ; ; ; ; ;;; ; ;; ;;; ; ;;; ;;;; ;;;;;wazuh;ossec;ossec: Agent started: 'machine-2->any'.;3;503;ossec;"[""ossec""]";Wazuh agent started.
06-20-October;wazuh;E:\Cours\TFE\data\raw\Datasets\06-20-October.csv;434;434;;INFO;52002;kernel;kernel;machine-2; ;; ; ; ; ; ;;; ; ;; ;;; ; ;;; ;;;; ;;;;;wazuh;kernel;"Oct 18 23:11:27 sohaib-virtual-machine kernel: [  189.328662] audit: type=1400 audit(1697652687.780:43): apparmor=""DENIED"" operation=""capable"" class=""cap"" profile=""/snap/snapd/19457/usr/lib/snapd/snap-confine"" pid=1122 comm=""snap-confine"" capability=38  capname=""perfmon""";3;52002;kernel;"[""local"",""syslog"",""apparmor""]";Apparmor DENIED
06-20-October;wazuh;E:\Cours\TFE\data\raw\Datasets\06-20-October.csv;435;435;;INFO;52002;kernel;kernel;machine-2; ;; ; ; ; ; ;;; ; ;; ;;; ; ;;; ;;;; ;;;;;wazuh;kernel;"Oct 18 23:11:27 sohaib-virtual-machine kernel: [  189.280796] audit: type=1400 audit(1697652687.780:42): apparmor=""DENIED"" operation=""capable"" class=""cap"" profile=""/snap/snapd/19457/usr/lib/snapd/snap-confine"" pid=1122 comm=""snap-confine"" capability=12  capname=""net_admin""";3;52002;kernel;"[""local"",""syslog"",""apparmor""]";Apparmor DENIED
06-20-October;wazuh;E:\Cours\TFE\data\raw\Datasets\06-20-October.csv;436;436;;INFO;52002;kernel;kernel;machine-2; ;; ; ; ; ; ;;; ; ;; ;;; ; ;;; ;;;; ;;;;;wazuh;kernel;"Oct 18 23:11:27 sohaib-virtual-machine kernel: [  189.328662] audit: type=1400 audit(1697652687.780:43): apparmor=""DENIED"" operation=""capable"" class=""cap"" profile=""/snap/snapd/19457/usr/lib/snapd/snap-confine"" pid=1122 comm=""snap-confine"" capability=38  capname=""perfmon""";3;52002;kernel;"[""local"",""syslog"",""apparmor""]";Apparmor DENIED
06-20-October;wazuh;E:\Cours\TFE\data\raw\Datasets\06-20-October.csv;437;437;;WARNING;40704;systemd;systemd;machine-2; ;; ; ; ; ; ;;; ; ;; ;;; ; ;;; ;;;; ;;;;;wazuh;systemd;Oct 18 23:11:39 sohaib-virtual-machine systemd[1055]: snap.snapd-desktop-integration.snapd-desktop-integration.service: Main process exited, code=exited, status=1/FAILURE;5;40704;systemd;"[""local"",""systemd""]";Systemd: Service exited due to a failure.
06-20-October;wazuh;E:\Cours\TFE\data\raw\Datasets\06-20-October.csv;438;438;;WARNING;510;rootcheck; ;ubuntu; ;; ; ; ; ; ;;; ; ;; ;;; ; ;;; ;;;; ;;;;;wazuh;rootcheck;Trojaned version of file '/usr/bin/diff' detected. Signature used: 'bash|^/bin/sh|file\.h|proc\.h|/dev/[^n]|^/bin/.*sh' (Generic).;7;510;rootcheck;"[""ossec"",""rootcheck""]";Host-based anomaly detection event (rootcheck).
06-20-October;wazuh;E:\Cours\TFE\data\raw\Datasets\06-20-October.csv;439;439;;WARNING;510;rootcheck; ;machine-2; ;; ; ; ; ; ;;; ; ;; ;;; ; ;;; ;;;; ;;;;;wazuh;rootcheck;Trojaned version of file '/usr/bin/diff' detected. Signature used: 'bash|^/bin/sh|file\.h|proc\.h|/dev/[^n]|^/bin/.*sh' (Generic).;7;510;rootcheck;"[""ossec"",""rootcheck""]";Host-based anomaly detection event (rootcheck).
06-20-October;wazuh;E:\Cours\TFE\data\raw\Datasets\06-20-October.csv;440;440;;WARNING;554;syscheck_new_entry; ;machine-2; ;; ; ; ; ; ;;; ;/tmp/read-file783904040/unpack/meta/snap.yaml;; ;;; ; ;;; ;;;; ;;;;;file_integrity;syscheck_new_entry;"File '/tmp/read-file783904040/unpack/meta/snap.yaml' added
Mode: realtime
";5;554;syscheck_new_entry;"[""ossec"",""syscheck"",""syscheck_entry_added"",""syscheck_file""]";File added to the system.
06-20-October;wazuh;E:\Cours\TFE\data\raw\Datasets\06-20-October.csv;441;441;;WARNING;553;syscheck_deleted; ;machine-2; ;; ; ; ; ; ;;; ;/tmp/read-file783904040/unpack/meta/snap.yaml;; ;;; ; ;;; ;;;; ;;;;;file_integrity;syscheck_deleted;"File '/tmp/read-file783904040/unpack/meta/snap.yaml' deleted
Mode: realtime
";7;553;syscheck_deleted;"[""ossec"",""syscheck"",""syscheck_entry_deleted"",""syscheck_file""]";File deleted.
06-20-October;wazuh;E:\Cours\TFE\data\raw\Datasets\06-20-October.csv;442;442;;WARNING;553;syscheck_deleted; ;machine-2; ;; ; ; ; ; ;;; ;/tmp/read-file899767947/unpack/meta/snap.yaml;; ;;; ; ;;; ;;;; ;;;;;file_integrity;syscheck_deleted;"File '/tmp/read-file899767947/unpack/meta/snap.yaml' deleted
Mode: realtime
";7;553;syscheck_deleted;"[""ossec"",""syscheck"",""syscheck_entry_deleted"",""syscheck_file""]";File deleted.
06-20-October;wazuh;E:\Cours\TFE\data\raw\Datasets\06-20-October.csv;443;443;;WARNING;554;syscheck_new_entry; ;machine-2; ;; ; ; ; ; ;;; ;/tmp/read-file775847132/unpack/meta/snap.yaml;; ;;; ; ;;; ;;;; ;;;;;file_integrity;syscheck_new_entry;"File '/tmp/read-file775847132/unpack/meta/snap.yaml' added
Mode: realtime
";5;554;syscheck_new_entry;"[""ossec"",""syscheck"",""syscheck_entry_added"",""syscheck_file""]";File added to the system.
06-20-October;wazuh;E:\Cours\TFE\data\raw\Datasets\06-20-October.csv;444;444;;WARNING;550;syscheck_integrity_changed; ;machine-2; ;; ; ; ; ; ;;; ;/tmp/read-file775847132/unpack/meta/snap.yaml;; ;;; ; ;;; ;;;; ;;;;;file_integrity;syscheck_integrity_changed;"File '/tmp/read-file775847132/unpack/meta/snap.yaml' modified
Mode: realtime
Changed attributes: size,mtime,md5,sha1,sha256
Size changed from '0' to '220'
Old modification time was: '1697653055', now it is '1690897634'
Old md5sum was: 'd41d8cd98f00b204e9800998ecf8427e'
New md5sum is : '0a39e6ecea0376780757eb735ba5bd35'
Old sha1sum was: 'da39a3ee5e6b4b0d3255bfef95601890afd80709'
New sha1sum is : 'b9f6ceacf9b49f40dc3aa7d6bb434b1dcf1f6238'
Old sha256sum was: 'e3b0c44298fc1c149afbf4c8996fb92427ae41e4649b934ca495991b7852b855'
New sha256sum is : 'dee7163eb407ce6366e715a0ae6e6af22aba1275f1e5614c2fa4d4f405e84940'
";7;550;syscheck_integrity_changed;"[""ossec"",""syscheck"",""syscheck_entry_modified"",""syscheck_file""]";Integrity checksum changed.
06-20-October;wazuh;E:\Cours\TFE\data\raw\Datasets\06-20-October.csv;445;445;;WARNING;553;syscheck_deleted; ;machine-2; ;; ; ; ; ; ;;; ;/tmp/read-file278489040/unpack/meta/snap.yaml;; ;;; ; ;;; ;;;; ;;;;;file_integrity;syscheck_deleted;"File '/tmp/read-file278489040/unpack/meta/snap.yaml' deleted
Mode: realtime
";7;553;syscheck_deleted;"[""ossec"",""syscheck"",""syscheck_entry_deleted"",""syscheck_file""]";File deleted.
06-20-October;wazuh;E:\Cours\TFE\data\raw\Datasets\06-20-October.csv;446;446;;WARNING;550;syscheck_integrity_changed; ;machine-2; ;; ; ; ; ; ;;; ;/tmp/read-file786894722/unpack/meta/snap.yaml;; ;;; ; ;;; ;;;; ;;;;;file_integrity;syscheck_integrity_changed;"File '/tmp/read-file786894722/unpack/meta/snap.yaml' modified
Mode: realtime
Changed attributes: size,mtime,md5,sha1,sha256
Size changed from '0' to '477'
Old modification time was: '1697653062', now it is '1690897703'
Old md5sum was: 'd41d8cd98f00b204e9800998ecf8427e'
New md5sum is : '798655115d77cd83b7397ad4538ccf56'
Old sha1sum was: 'da39a3ee5e6b4b0d3255bfef95601890afd80709'
New sha1sum is : 'd1a30dd5e38e08d00e88da891a90fa38b9ed515c'
Old sha256sum was: 'e3b0c44298fc1c149afbf4c8996fb92427ae41e4649b934ca495991b7852b855'
New sha256sum is : 'e0ea9c5e4a087664c881ff1b85d26a53184f636c6501cefca6d95bfc424e7b06'
";7;550;syscheck_integrity_changed;"[""ossec"",""syscheck"",""syscheck_entry_modified"",""syscheck_file""]";Integrity checksum changed.
06-20-October;wazuh;E:\Cours\TFE\data\raw\Datasets\06-20-October.csv;447;447;;WARNING;553;syscheck_deleted; ;machine-2; ;; ; ; ; ; ;;; ;/tmp/read-file786894722/unpack/meta/snap.yaml;; ;;; ; ;;; ;;;; ;;;;;file_integrity;syscheck_deleted;"File '/tmp/read-file786894722/unpack/meta/snap.yaml' deleted
Mode: realtime
";7;553;syscheck_deleted;"[""ossec"",""syscheck"",""syscheck_entry_deleted"",""syscheck_file""]";File deleted.
06-20-October;wazuh;E:\Cours\TFE\data\raw\Datasets\06-20-October.csv;448;448;;INFO;5501;pam;sudo;machine-2; ;; ;sohaib;1000; ; ;;; ; ;; ;;; ; ;;; ;;;; ;;;;;authentication;pam;Oct 18 23:33:35 sohaib-virtual-machine sudo: pam_unix(sudo:session): session opened for user root(uid=0) by sohaib(uid=1000);3;5501;pam;"[""pam"",""syslog"",""authentication_success""]";PAM: Login session opened.
06-20-October;wazuh;E:\Cours\TFE\data\raw\Datasets\06-20-October.csv;449;449;;INFO;5502;pam;sudo;machine-2; ;; ; ; ; ; ;;; ; ;; ;;; ; ;;; ;;;; ;;;;;authentication;pam;Oct 18 23:33:35 sohaib-virtual-machine sudo: pam_unix(sudo:session): session closed for user root;3;5502;pam;"[""pam"",""syslog""]";PAM: Login session closed.
06-20-October;wazuh;E:\Cours\TFE\data\raw\Datasets\06-20-October.csv;450;450;;INFO;5502;pam;sshd;machine-2; ;; ; ; ; ; ;;; ; ;; ;;; ; ;;; ;;;; ;;;;;authentication;pam;Oct 18 23:34:46 sohaib-virtual-machine sshd[4867]: pam_unix(sshd:session): session closed for user sohaib;3;5502;pam;"[""pam"",""syslog""]";PAM: Login session closed.
06-20-October;wazuh;E:\Cours\TFE\data\raw\Datasets\06-20-October.csv;451;451;;INFO;5740;sshd;sshd;machine-2; ;; ; ; ; ; ;;; ; ;; ;;; ; ;;; ;;;; ;;;;;authentication;sshd;Oct 18 23:34:46 sohaib-virtual-machine sshd[4903]: error: kex_exchange_identification: read: Connection reset by peer;4;5740;sshd;"[""syslog"",""sshd""]";sshd: connection reset by peer
06-20-October;wazuh;E:\Cours\TFE\data\raw\Datasets\06-20-October.csv;452;452;;INFO;5501;pam;sshd;machine-2; ;; ; ;0; ; ;;; ; ;; ;;; ; ;;; ;;;; ;;;;;authentication;pam;Oct 18 23:34:47 sohaib-virtual-machine sshd[4904]: pam_unix(sshd:session): session opened for user sohaib(uid=1000) by (uid=0);3;5501;pam;"[""pam"",""syslog"",""authentication_success""]";PAM: Login session opened.
06-20-October;wazuh;E:\Cours\TFE\data\raw\Datasets\06-20-October.csv;453;453;;INFO;5501;pam;sshd;machine-2; ;; ; ;0; ; ;;; ; ;; ;;; ; ;;; ;;;; ;;;;;authentication;pam;Oct 18 23:34:47 sohaib-virtual-machine sshd[4908]: pam_unix(sshd:session): session opened for user sohaib(uid=1000) by (uid=0);3;5501;pam;"[""pam"",""syslog"",""authentication_success""]";PAM: Login session opened.
06-20-October;wazuh;E:\Cours\TFE\data\raw\Datasets\06-20-October.csv;454;454;;INFO;5501;pam;sshd;machine-2; ;; ; ;0; ; ;;; ; ;; ;;; ; ;;; ;;;; ;;;;;authentication;pam;Oct 18 23:43:20 sohaib-virtual-machine sshd[9544]: pam_unix(sshd:session): session opened for user sohaib(uid=1000) by (uid=0);3;5501;pam;"[""pam"",""syslog"",""authentication_success""]";PAM: Login session opened.
06-20-October;wazuh;E:\Cours\TFE\data\raw\Datasets\06-20-October.csv;455;455;;INFO;5402;sudo;sudo;machine-2; ;; ;sohaib; ; ; ;;; ; ;; ;;; ; ;;; ;;;; ;;;;;authentication;sudo;"Oct 18 23:43:20 sohaib-virtual-machine sudo:   sohaib : TTY=pts/4 ; PWD=/home/sohaib ; USER=root ; COMMAND=/usr/bin/sh -c 'printf ""command_start_%s"" ""M7AzvXAf""; ls -l /usr/lib/x86_64-linux-gnu/libwebp.so.7.1.3; printf ""command_done_%s"" ""1TSHvWQ8""'";3;5402;sudo;"[""syslog"",""sudo""]";Successful sudo to ROOT executed.
06-20-October;wazuh;E:\Cours\TFE\data\raw\Datasets\06-20-October.csv;456;456;;INFO;5501;pam;sudo;machine-2; ;; ;sohaib;1000; ; ;;; ; ;; ;;; ; ;;; ;;;; ;;;;;authentication;pam;Oct 18 23:43:20 sohaib-virtual-machine sudo: pam_unix(sudo:session): session opened for user root(uid=0) by sohaib(uid=1000);3;5501;pam;"[""pam"",""syslog"",""authentication_success""]";PAM: Login session opened.
06-20-October;wazuh;E:\Cours\TFE\data\raw\Datasets\06-20-October.csv;457;457;;INFO;5402;sudo;sudo;machine-2; ;; ;sohaib; ; ; ;;; ; ;; ;;; ; ;;; ;;;; ;;;;;authentication;sudo;"Oct 18 23:43:21 sohaib-virtual-machine sudo:   sohaib : TTY=pts/6 ; PWD=/home/sohaib ; USER=root ; COMMAND=/usr/bin/sh -c 'printf ""command_start_%s"" ""2HEji1cv""; [ -f ""/opt/splunk/bin/splunk"" ] || [ -d ""/opt/splunk/bin/splunk"" ] && echo ""found""; printf ""command_done_%s"" ""rBOyG487""'";3;5402;sudo;"[""syslog"",""sudo""]";Successful sudo to ROOT executed.
06-20-October;wazuh;E:\Cours\TFE\data\raw\Datasets\06-20-October.csv;458;458;;INFO;5501;pam;sudo;machine-2; ;; ;sohaib;1000; ; ;;; ; ;; ;;; ; ;;; ;;;; ;;;;;authentication;pam;Oct 18 23:43:21 sohaib-virtual-machine sudo: pam_unix(sudo:session): session opened for user root(uid=0) by sohaib(uid=1000);3;5501;pam;"[""pam"",""syslog"",""authentication_success""]";PAM: Login session opened.
06-20-October;wazuh;E:\Cours\TFE\data\raw\Datasets\06-20-October.csv;459;459;;INFO;5402;sudo;sudo;machine-2; ;; ;sohaib; ; ; ;;; ; ;; ;;; ; ;;; ;;;; ;;;;;authentication;sudo;"Oct 18 23:43:21 sohaib-virtual-machine sudo:   sohaib : TTY=pts/8 ; PWD=/home/sohaib ; USER=root ; COMMAND=/usr/bin/sh -c 'printf ""command_start_%s"" ""foGsnNlq""; timeout -s9 900s find \'/\' -follow \\( ! \\( -fstype nfs -prune -o -fstype nfs4 -prune -o -fstype cifs -prune -o -fstype smbfs -prune -o -fstype afs -prune -o -fstype sysfs -prune -o -fstype proc -prune -o -fstype panfs -prune \\) ! \\( -path \'/bin\' -prune -o -path \'/boot\' -prune -o -path \'/dev\' -prune -o -path \'/etc\' -prune -o -path \'/lib\' -prune -o -path \'/media\' -prune -o -path \'/mnt\' -prune -o -path \'/proc\' -prune -o -path \'/run\' -prune -o -path \'/sbin\' -prune -o -path \'/srv\' -prune -o -path \'/sys\' -prune -o -path \'/tmp\' -prune \\) -a \\( -path \'*/bin/dataserver\' \\) \\) 2>/dev/null; RET=$?; echo; echo ""$RET""; printf ""command_done_%s"" ""joVEQvpH""'";3;5402;sudo;"[""syslog"",""sudo""]";Successful sudo to ROOT executed.
06-20-October;wazuh;E:\Cours\TFE\data\raw\Datasets\06-20-October.csv;460;460;;INFO;5402;sudo;sudo;machine-2; ;; ;sohaib; ; ; ;;; ; ;; ;;; ; ;;; ;;;; ;;;;;authentication;sudo;"Oct 18 23:43:21 sohaib-virtual-machine sudo:   sohaib : TTY=pts/9 ; PWD=/home/sohaib ; USER=root ; COMMAND=/usr/bin/sh -c 'printf ""command_start_%s"" ""TWYhG6yZ""; ls -l /usr/lib/x86_64-linux-gnu/libwebp.so.7.1.3; printf ""command_done_%s"" ""ZGQKk5tT""'";3;5402;sudo;"[""syslog"",""sudo""]";Successful sudo to ROOT executed.
06-20-October;wazuh;E:\Cours\TFE\data\raw\Datasets\06-20-October.csv;461;461;;INFO;5501;pam;sudo;machine-2; ;; ;sohaib;1000; ; ;;; ; ;; ;;; ; ;;; ;;;; ;;;;;authentication;pam;Oct 18 23:43:22 sohaib-virtual-machine sudo: pam_unix(sudo:session): session opened for user root(uid=0) by sohaib(uid=1000);3;5501;pam;"[""pam"",""syslog"",""authentication_success""]";PAM: Login session opened.
06-20-October;wazuh;E:\Cours\TFE\data\raw\Datasets\06-20-October.csv;462;462;;INFO;5402;sudo;sudo;machine-2; ;; ;sohaib; ; ; ;;; ; ;; ;;; ; ;;; ;;;; ;;;;;authentication;sudo;"Oct 18 23:43:22 sohaib-virtual-machine sudo:   sohaib : TTY=pts/9 ; PWD=/home/sohaib ; USER=root ; COMMAND=/usr/bin/sh -c 'printf ""command_start_%s"" ""obcr0GS5""; readlink -e /usr/lib/x86_64-linux-gnu/libwebp.so.7.1.3 2>/dev/null; printf ""command_done_%s"" ""qTilfTuZ""'";3;5402;sudo;"[""syslog"",""sudo""]";Successful sudo to ROOT executed.
06-20-October;wazuh;E:\Cours\TFE\data\raw\Datasets\06-20-October.csv;463;463;;INFO;5502;pam;sudo;machine-2; ;; ; ; ; ; ;;; ; ;; ;;; ; ;;; ;;;; ;;;;;authentication;pam;Oct 18 23:43:22 sohaib-virtual-machine sudo: pam_unix(sudo:session): session closed for user root;3;5502;pam;"[""pam"",""syslog""]";PAM: Login session closed.
06-20-October;wazuh;E:\Cours\TFE\data\raw\Datasets\06-20-October.csv;464;464;;INFO;5715;sshd;sshd;machine-2; ;; ; ; ; ; ;;; ; ;; ;;;192.168.204.1;65139;;; ;;;; ;;;;;authentication;sshd;Oct 18 23:43:23 sohaib-virtual-machine sshd[9699]: Accepted password for sohaib from 192.168.204.1 port 65139 ssh2;3;5715;sshd;"[""syslog"",""sshd"",""authentication_success""]";sshd: authentication success.
06-20-October;wazuh;E:\Cours\TFE\data\raw\Datasets\06-20-October.csv;465;465;;INFO;5402;sudo;sudo;machine-2; ;; ;sohaib; ; ; ;;; ; ;; ;;; ; ;;; ;;;; ;;;;;authentication;sudo;"Oct 18 23:43:23 sohaib-virtual-machine sudo:   sohaib : TTY=pts/7 ; PWD=/home/sohaib ; USER=root ; COMMAND=/usr/bin/sh -c 'printf ""command_start_%s"" ""0vcHBSWa""; ls -l /usr/lib/x86_64-linux-gnu/libwebp.so.7.1.3; printf ""command_done_%s"" ""xzxiH4Bf""'";3;5402;sudo;"[""syslog"",""sudo""]";Successful sudo to ROOT executed.
06-20-October;wazuh;E:\Cours\TFE\data\raw\Datasets\06-20-October.csv;466;466;;INFO;5402;sudo;sudo;machine-2; ;; ;sohaib; ; ; ;;; ; ;; ;;; ; ;;; ;;;; ;;;;;authentication;sudo;"Oct 18 23:40:57 sohaib-virtual-machine sudo:   sohaib : TTY=pts/3 ; PWD=/home/sohaib ; USER=root ; COMMAND=/usr/bin/sh -c 'printf ""command_start_%s"" ""UYZ8WYm5""; grep ^NMSADMIN= /etc/init.d/WCS*; printf ""command_done_%s"" ""KBfkHu7D""'";3;5402;sudo;"[""syslog"",""sudo""]";Successful sudo to ROOT executed.
06-20-October;wazuh;E:\Cours\TFE\data\raw\Datasets\06-20-October.csv;467;467;;INFO;5501;pam;sudo;machine-2; ;; ;sohaib;1000; ; ;;; ; ;; ;;; ; ;;; ;;;; ;;;;;authentication;pam;Oct 18 23:40:57 sohaib-virtual-machine sudo: pam_unix(sudo:session): session opened for user root(uid=0) by sohaib(uid=1000);3;5501;pam;"[""pam"",""syslog"",""authentication_success""]";PAM: Login session opened.
06-20-October;wazuh;E:\Cours\TFE\data\raw\Datasets\06-20-October.csv;468;468;;INFO;5501;pam;sudo;machine-2; ;; ;sohaib;1000; ; ;;; ; ;; ;;; ; ;;; ;;;; ;;;;;authentication;pam;Oct 18 23:40:57 sohaib-virtual-machine sudo: pam_unix(sudo:session): session opened for user root(uid=0) by sohaib(uid=1000);3;5501;pam;"[""pam"",""syslog"",""authentication_success""]";PAM: Login session opened.
06-20-October;wazuh;E:\Cours\TFE\data\raw\Datasets\06-20-October.csv;469;469;;INFO;5502;pam;sshd;machine-2; ;; ; ; ; ; ;;; ; ;; ;;; ; ;;; ;;;; ;;;;;authentication;pam;Oct 18 23:40:57 sohaib-virtual-machine sshd[8483]: pam_unix(sshd:session): session closed for user sohaib;3;5502;pam;"[""pam"",""syslog""]";PAM: Login session closed.
06-20-October;wazuh;E:\Cours\TFE\data\raw\Datasets\06-20-October.csv;470;470;;INFO;5501;pam;sshd;machine-2; ;; ; ;0; ; ;;; ; ;; ;;; ; ;;; ;;;; ;;;;;authentication;pam;Oct 18 23:40:58 sohaib-virtual-machine sshd[8628]: pam_unix(sshd:session): session opened for user sohaib(uid=1000) by (uid=0);3;5501;pam;"[""pam"",""syslog"",""authentication_success""]";PAM: Login session opened.
06-20-October;wazuh;E:\Cours\TFE\data\raw\Datasets\06-20-October.csv;471;471;;INFO;5402;sudo;sudo;machine-2; ;; ;sohaib; ; ; ;;; ; ;; ;;; ; ;;; ;;;; ;;;;;authentication;sudo;"Oct 18 23:40:59 sohaib-virtual-machine sudo:   sohaib : TTY=pts/6 ; PWD=/home/sohaib ; USER=root ; COMMAND=/usr/bin/sh -c 'printf ""command_start_%s"" ""mye59j8V""; find dTADW4_pkRGXNrXieU4c -maxdepth 2 2>&1; printf ""command_done_%s"" ""ascI9S1H""'";3;5402;sudo;"[""syslog"",""sudo""]";Successful sudo to ROOT executed.
06-20-October;wazuh;E:\Cours\TFE\data\raw\Datasets\06-20-October.csv;472;472;;INFO;5501;pam;sudo;machine-2; ;; ;sohaib;1000; ; ;;; ; ;; ;;; ; ;;; ;;;; ;;;;;authentication;pam;Oct 18 23:40:59 sohaib-virtual-machine sudo: pam_unix(sudo:session): session opened for user root(uid=0) by sohaib(uid=1000);3;5501;pam;"[""pam"",""syslog"",""authentication_success""]";PAM: Login session opened.
06-20-October;wazuh;E:\Cours\TFE\data\raw\Datasets\06-20-October.csv;473;473;;INFO;5501;pam;sudo;machine-2; ;; ;sohaib;1000; ; ;;; ; ;; ;;; ; ;;; ;;;; ;;;;;authentication;pam;Oct 18 23:40:59 sohaib-virtual-machine sudo: pam_unix(sudo:session): session opened for user root(uid=0) by sohaib(uid=1000);3;5501;pam;"[""pam"",""syslog"",""authentication_success""]";PAM: Login session opened.
06-20-October;wazuh;E:\Cours\TFE\data\raw\Datasets\06-20-October.csv;474;474;;INFO;5501;pam;sudo;machine-2; ;; ;sohaib;1000; ; ;;; ; ;; ;;; ; ;;; ;;;; ;;;;;authentication;pam;Oct 18 23:40:59 sohaib-virtual-machine sudo: pam_unix(sudo:session): session opened for user root(uid=0) by sohaib(uid=1000);3;5501;pam;"[""pam"",""syslog"",""authentication_success""]";PAM: Login session opened.
06-20-October;wazuh;E:\Cours\TFE\data\raw\Datasets\06-20-October.csv;475;475;;INFO;5502;pam;sshd;machine-2; ;; ; ; ; ; ;;; ; ;; ;;; ; ;;; ;;;; ;;;;;authentication;pam;Oct 18 23:41:01 sohaib-virtual-machine sshd[8541]: pam_unix(sshd:session): session closed for user sohaib;3;5502;pam;"[""pam"",""syslog""]";PAM: Login session closed.
06-20-October;wazuh;E:\Cours\TFE\data\raw\Datasets\06-20-October.csv;476;476;;INFO;5402;sudo;sudo;machine-2; ;; ;sohaib; ; ; ;;; ; ;; ;;; ; ;;; ;;;; ;;;;;authentication;sudo;"Oct 18 23:41:01 sohaib-virtual-machine sudo:   sohaib : TTY=pts/5 ; PWD=/home/sohaib ; USER=root ; COMMAND=/usr/bin/sh -c 'printf ""command_start_%s"" ""my670NsM""; grep \'\\(^\\(PRODUCT_VERSION_NUMBER\\|DCNM_SPEC_VER\\|INSTALLER_TITLE\\)=\\|$PRODUCT_NAME$ [0-9.]\\+\\)\' \'/DCNM/Uninstall_DCNM/installvariables.properties\'; printf ""command_done_%s"" ""Fc_wVcha""'";3;5402;sudo;"[""syslog"",""sudo""]";Successful sudo to ROOT executed.
06-20-October;wazuh;E:\Cours\TFE\data\raw\Datasets\06-20-October.csv;477;477;;INFO;5502;pam;sudo;machine-2; ;; ; ; ; ; ;;; ; ;; ;;; ; ;;; ;;;; ;;;;;authentication;pam;Oct 18 23:41:01 sohaib-virtual-machine sudo: pam_unix(sudo:session): session closed for user root;3;5502;pam;"[""pam"",""syslog""]";PAM: Login session closed.
06-20-October;wazuh;E:\Cours\TFE\data\raw\Datasets\06-20-October.csv;478;478;;INFO;5402;sudo;sudo;machine-2; ;; ;sohaib; ; ; ;;; ; ;; ;;; ; ;;; ;;;; ;;;;;authentication;sudo;"Oct 18 23:41:01 sohaib-virtual-machine sudo:   sohaib : TTY=pts/3 ; PWD=/home/sohaib ; USER=root ; COMMAND=/usr/bin/sh -c 'printf ""command_start_%s"" ""lmNhLWOQ""; ps -aef; printf ""command_done_%s"" ""IzvaAeqE""'";3;5402;sudo;"[""syslog"",""sudo""]";Successful sudo to ROOT executed.
06-20-October;wazuh;E:\Cours\TFE\data\raw\Datasets\06-20-October.csv;479;479;;INFO;5501;pam;sudo;machine-2; ;; ;sohaib;1000; ; ;;; ; ;; ;;; ; ;;; ;;;; ;;;;;authentication;pam;Oct 18 23:41:01 sohaib-virtual-machine sudo: pam_unix(sudo:session): session opened for user root(uid=0) by sohaib(uid=1000);3;5501;pam;"[""pam"",""syslog"",""authentication_success""]";PAM: Login session opened.
06-20-October;wazuh;E:\Cours\TFE\data\raw\Datasets\06-20-October.csv;480;480;;INFO;5402;sudo;sudo;machine-2; ;; ;sohaib; ; ; ;;; ; ;; ;;; ; ;;; ;;;; ;;;;;authentication;sudo;"Oct 18 23:41:01 sohaib-virtual-machine sudo:   sohaib : TTY=pts/5 ; PWD=/home/sohaib ; USER=root ; COMMAND=/usr/bin/sh -c 'printf ""command_start_%s"" ""xe_gChJe""; [ -f ""/opt/mse/health-monitor/resources/config/base-ha-config.properties"" ] || [ -d ""/opt/mse/health-monitor/resources/config/base-ha-config.properties"" ] && echo ""found""; printf ""command_done_%s"" ""XNVhBHXx""'";3;5402;sudo;"[""syslog"",""sudo""]";Successful sudo to ROOT executed.
06-20-October;wazuh;E:\Cours\TFE\data\raw\Datasets\06-20-October.csv;481;481;;INFO;5501;pam;sudo;machine-2; ;; ;sohaib;1000; ; ;;; ; ;; ;;; ; ;;; ;;;; ;;;;;authentication;pam;Oct 18 23:41:01 sohaib-virtual-machine sudo: pam_unix(sudo:session): session opened for user root(uid=0) by sohaib(uid=1000);3;5501;pam;"[""pam"",""syslog"",""authentication_success""]";PAM: Login session opened.
06-20-October;wazuh;E:\Cours\TFE\data\raw\Datasets\06-20-October.csv;482;482;;INFO;5715;sshd;sshd;machine-2; ;; ; ; ; ; ;;; ; ;; ;;;192.168.204.1;65026;;; ;;;; ;;;;;authentication;sshd;Oct 18 23:41:02 sohaib-virtual-machine sshd[9041]: Accepted password for sohaib from 192.168.204.1 port 65026 ssh2;3;5715;sshd;"[""syslog"",""sshd"",""authentication_success""]";sshd: authentication success.
06-20-October;wazuh;E:\Cours\TFE\data\raw\Datasets\06-20-October.csv;483;483;;INFO;5402;sudo;sudo;machine-2; ;; ;sohaib; ; ; ;;; ; ;; ;;; ; ;;; ;;;; ;;;;;authentication;sudo;"Oct 18 23:40:48 sohaib-virtual-machine sudo:   sohaib : TTY=pts/5 ; PWD=/home/sohaib ; USER=root ; COMMAND=/usr/bin/sh -c 'printf ""command_start_%s"" ""AE4wrsZm""; LC_ALL=C /usr/sbin/dmidecode -s chassis-asset-tag 2>&1; printf ""command_done_%s"" ""8pBTYU5C""'";3;5402;sudo;"[""syslog"",""sudo""]";Successful sudo to ROOT executed.
06-20-October;wazuh;E:\Cours\TFE\data\raw\Datasets\06-20-October.csv;484;484;;INFO;5501;pam;sudo;machine-2; ;; ;sohaib;1000; ; ;;; ; ;; ;;; ; ;;; ;;;; ;;;;;authentication;pam;Oct 18 23:40:48 sohaib-virtual-machine sudo: pam_unix(sudo:session): session opened for user root(uid=0) by sohaib(uid=1000);3;5501;pam;"[""pam"",""syslog"",""authentication_success""]";PAM: Login session opened.
06-20-October;wazuh;E:\Cours\TFE\data\raw\Datasets\06-20-October.csv;485;485;;INFO;5502;pam;sudo;machine-2; ;; ; ; ; ; ;;; ; ;; ;;; ; ;;; ;;;; ;;;;;authentication;pam;Oct 18 23:40:48 sohaib-virtual-machine sudo: pam_unix(sudo:session): session closed for user root;3;5502;pam;"[""pam"",""syslog""]";PAM: Login session closed.
06-20-October;wazuh;E:\Cours\TFE\data\raw\Datasets\06-20-October.csv;486;486;;INFO;5402;sudo;sudo;machine-2; ;; ;sohaib; ; ; ;;; ; ;; ;;; ; ;;; ;;;; ;;;;;authentication;sudo;"Oct 18 23:40:49 sohaib-virtual-machine sudo:   sohaib : TTY=pts/7 ; PWD=/home/sohaib ; USER=root ; COMMAND=/usr/bin/sh -c 'printf ""command_start_%s"" ""aWI2ySvN""; LC_ALL=C /usr/local/sbin/dmidecode -s chassis-asset-tag 2>&1; printf ""command_done_%s"" ""LG9CMk4F""'";3;5402;sudo;"[""syslog"",""sudo""]";Successful sudo to ROOT executed.
06-20-October;wazuh;E:\Cours\TFE\data\raw\Datasets\06-20-October.csv;487;487;;INFO;5501;pam;sudo;machine-2; ;; ;sohaib;1000; ; ;;; ; ;; ;;; ; ;;; ;;;; ;;;;;authentication;pam;Oct 18 23:40:49 sohaib-virtual-machine sudo: pam_unix(sudo:session): session opened for user root(uid=0) by sohaib(uid=1000);3;5501;pam;"[""pam"",""syslog"",""authentication_success""]";PAM: Login session opened.
06-20-October;wazuh;E:\Cours\TFE\data\raw\Datasets\06-20-October.csv;488;488;;INFO;5402;sudo;sudo;machine-2; ;; ;sohaib; ; ; ;;; ; ;; ;;; ; ;;; ;;;; ;;;;;authentication;sudo;"Oct 18 23:40:49 sohaib-virtual-machine sudo:   sohaib : TTY=pts/5 ; PWD=/home/sohaib ; USER=root ; COMMAND=/usr/bin/sh -c 'printf ""command_start_%s"" ""dPm0JsJT""; test -s /etc/tenable_tag && echo FOUND; printf ""command_done_%s"" ""7ctArghU""'";3;5402;sudo;"[""syslog"",""sudo""]";Successful sudo to ROOT executed.
06-20-October;wazuh;E:\Cours\TFE\data\raw\Datasets\06-20-October.csv;489;489;;INFO;5402;sudo;sudo;machine-2; ;; ;sohaib; ; ; ;;; ; ;; ;;; ; ;;; ;;;; ;;;;;authentication;sudo;"Oct 18 23:40:49 sohaib-virtual-machine sudo:   sohaib : TTY=pts/7 ; PWD=/home/sohaib ; USER=root ; COMMAND=/usr/bin/sh -c 'printf ""command_start_%s"" ""emcChBJJ""; LC_ALL=C /sbin/dmidecode -s chassis-asset-tag 2>&1; printf ""command_done_%s"" ""wRnZsT1A""'";3;5402;sudo;"[""syslog"",""sudo""]";Successful sudo to ROOT executed.
06-20-October;wazuh;E:\Cours\TFE\data\raw\Datasets\06-20-October.csv;490;490;;INFO;5501;pam;sudo;machine-2; ;; ;sohaib;1000; ; ;;; ; ;; ;;; ; ;;; ;;;; ;;;;;authentication;pam;Oct 18 23:40:49 sohaib-virtual-machine sudo: pam_unix(sudo:session): session opened for user root(uid=0) by sohaib(uid=1000);3;5501;pam;"[""pam"",""syslog"",""authentication_success""]";PAM: Login session opened.
06-20-October;wazuh;E:\Cours\TFE\data\raw\Datasets\06-20-October.csv;491;491;;INFO;5502;pam;sudo;machine-2; ;; ; ; ; ; ;;; ; ;; ;;; ; ;;; ;;;; ;;;;;authentication;pam;Oct 18 23:40:49 sohaib-virtual-machine sudo: pam_unix(sudo:session): session closed for user root;3;5502;pam;"[""pam"",""syslog""]";PAM: Login session closed.
06-20-October;wazuh;E:\Cours\TFE\data\raw\Datasets\06-20-October.csv;492;492;;INFO;5501;pam;sudo;machine-2; ;; ;sohaib;1000; ; ;;; ; ;; ;;; ; ;;; ;;;; ;;;;;authentication;pam;Oct 18 23:40:49 sohaib-virtual-machine sudo: pam_unix(sudo:session): session opened for user root(uid=0) by sohaib(uid=1000);3;5501;pam;"[""pam"",""syslog"",""authentication_success""]";PAM: Login session opened.
06-20-October;wazuh;E:\Cours\TFE\data\raw\Datasets\06-20-October.csv;493;493;;INFO;5402;sudo;sudo;machine-2; ;; ;sohaib; ; ; ;;; ; ;; ;;; ; ;;; ;;;; ;;;;;authentication;sudo;"Oct 18 23:40:49 sohaib-virtual-machine sudo:   sohaib : TTY=pts/7 ; PWD=/home/sohaib ; USER=root ; COMMAND=/usr/bin/sh -c 'printf ""command_start_%s"" ""iOv1s4V8""; [ -f ""/etc/oracle-cloud-agent"" ] || [ -d ""/etc/oracle-cloud-agent"" ] && echo ""found""; printf ""command_done_%s"" ""gcvljY12""'";3;5402;sudo;"[""syslog"",""sudo""]";Successful sudo to ROOT executed.
06-20-October;wazuh;E:\Cours\TFE\data\raw\Datasets\06-20-October.csv;494;494;;INFO;5502;pam;sshd;machine-2; ;; ; ; ; ; ;;; ; ;; ;;; ; ;;; ;;;; ;;;;;authentication;pam;Oct 18 23:40:49 sohaib-virtual-machine sshd[7762]: pam_unix(sshd:session): session closed for user sohaib;3;5502;pam;"[""pam"",""syslog""]";PAM: Login session closed.
06-20-October;wazuh;E:\Cours\TFE\data\raw\Datasets\06-20-October.csv;495;495;;INFO;5502;pam;sudo;machine-2; ;; ; ; ; ; ;;; ; ;; ;;; ; ;;; ;;;; ;;;;;authentication;pam;Oct 18 23:40:50 sohaib-virtual-machine sudo: pam_unix(sudo:session): session closed for user root;3;5502;pam;"[""pam"",""syslog""]";PAM: Login session closed.
06-20-October;wazuh;E:\Cours\TFE\data\raw\Datasets\06-20-October.csv;496;496;;INFO;5501;pam;sshd;machine-2; ;; ; ;0; ; ;;; ; ;; ;;; ; ;;; ;;;; ;;;;;authentication;pam;Oct 18 23:40:50 sohaib-virtual-machine sshd[8079]: pam_unix(sshd:session): session opened for user sohaib(uid=1000) by (uid=0);3;5501;pam;"[""pam"",""syslog"",""authentication_success""]";PAM: Login session opened.
06-20-October;wazuh;E:\Cours\TFE\data\raw\Datasets\06-20-October.csv;497;497;;INFO;5402;sudo;sudo;machine-2; ;; ;sohaib; ; ; ;;; ; ;; ;;; ; ;;; ;;;; ;;;;;authentication;sudo;"Oct 18 23:40:51 sohaib-virtual-machine sudo:   sohaib : TTY=pts/8 ; PWD=/home/sohaib ; USER=root ; COMMAND=/usr/bin/sh -c 'printf ""command_start_%s"" ""sCDJV9Gv""; perl -pe \'s/[^ -~]/\\n/g\' < /opt/eset/esets/sbin/esets_scan | grep \'ESET Command-line scanner, version %s\' -A2 | tail -1; printf ""command_done_%s"" ""j2kyZ8u4""'";3;5402;sudo;"[""syslog"",""sudo""]";Successful sudo to ROOT executed.
06-20-October;wazuh;E:\Cours\TFE\data\raw\Datasets\06-20-October.csv;498;498;;INFO;5501;pam;sudo;machine-2; ;; ;sohaib;1000; ; ;;; ; ;; ;;; ; ;;; ;;;; ;;;;;authentication;pam;Oct 18 23:40:51 sohaib-virtual-machine sudo: pam_unix(sudo:session): session opened for user root(uid=0) by sohaib(uid=1000);3;5501;pam;"[""pam"",""syslog"",""authentication_success""]";PAM: Login session opened.
06-20-October;wazuh;E:\Cours\TFE\data\raw\Datasets\06-20-October.csv;499;499;;INFO;5502;pam;sshd;machine-2; ;; ; ; ; ; ;;; ; ;; ;;; ; ;;; ;;;; ;;;;;authentication;pam;Oct 18 23:40:51 sohaib-virtual-machine sshd[8079]: pam_unix(sshd:session): session closed for user sohaib;3;5502;pam;"[""pam"",""syslog""]";PAM: Login session closed.
06-20-October;wazuh;E:\Cours\TFE\data\raw\Datasets\06-20-October.csv;500;500;;INFO;5501;pam;sshd;machine-2; ;; ; ;0; ; ;;; ; ;; ;;; ; ;;; ;;;; ;;;;;authentication;pam;Oct 18 23:40:51 sohaib-virtual-machine sshd[8143]: pam_unix(sshd:session): session opened for user sohaib(uid=1000) by (uid=0);3;5501;pam;"[""pam"",""syslog"",""authentication_success""]";PAM: Login session opened.
06-20-October;wazuh;E:\Cours\TFE\data\raw\Datasets\06-20-October.csv;501;501;;INFO;5501;pam;sshd;machine-2; ;; ; ;0; ; ;;; ; ;; ;;; ; ;;; ;;;; ;;;;;authentication;pam;Oct 18 23:40:51 sohaib-virtual-machine sshd[8147]: pam_unix(sshd:session): session opened for user sohaib(uid=1000) by (uid=0);3;5501;pam;"[""pam"",""syslog"",""authentication_success""]";PAM: Login session opened.
06-20-October;wazuh;E:\Cours\TFE\data\raw\Datasets\06-20-October.csv;502;502;;INFO;5502;pam;sudo;machine-2; ;; ; ; ; ; ;;; ; ;; ;;; ; ;;; ;;;; ;;;;;authentication;pam;Oct 18 23:42:49 sohaib-virtual-machine sudo: pam_unix(sudo:session): session closed for user root;3;5502;pam;"[""pam"",""syslog""]";PAM: Login session closed.
06-20-October;wazuh;E:\Cours\TFE\data\raw\Datasets\06-20-October.csv;503;503;;INFO;5502;pam;sshd;machine-2; ;; ; ; ; ; ;;; ; ;; ;;; ; ;;; ;;;; ;;;;;authentication;pam;Oct 18 23:42:49 sohaib-virtual-machine sshd[9138]: pam_unix(sshd:session): session closed for user sohaib;3;5502;pam;"[""pam"",""syslog""]";PAM: Login session closed.
06-20-October;wazuh;E:\Cours\TFE\data\raw\Datasets\06-20-October.csv;504;504;;INFO;5715;sshd;sshd;machine-2; ;; ; ; ; ; ;;; ; ;; ;;;192.168.204.1;65120;;; ;;;; ;;;;;authentication;sshd;Oct 18 23:42:50 sohaib-virtual-machine sshd[9388]: Accepted password for sohaib from 192.168.204.1 port 65120 ssh2;3;5715;sshd;"[""syslog"",""sshd"",""authentication_success""]";sshd: authentication success.
06-20-October;wazuh;E:\Cours\TFE\data\raw\Datasets\06-20-October.csv;505;505;;INFO;5501;pam;sshd;machine-2; ;; ; ;0; ; ;;; ; ;; ;;; ; ;;; ;;;; ;;;;;authentication;pam;Oct 18 23:42:50 sohaib-virtual-machine sshd[9390]: pam_unix(sshd:session): session opened for user sohaib(uid=1000) by (uid=0);3;5501;pam;"[""pam"",""syslog"",""authentication_success""]";PAM: Login session opened.
06-20-October;wazuh;E:\Cours\TFE\data\raw\Datasets\06-20-October.csv;506;506;;INFO;5402;sudo;sudo;machine-2; ;; ;sohaib; ; ; ;;; ; ;; ;;; ; ;;; ;;;; ;;;;;authentication;sudo;"Oct 18 23:42:51 sohaib-virtual-machine sudo:   sohaib : TTY=pts/2 ; PWD=/home/sohaib ; USER=root ; COMMAND=/usr/bin/sh -c 'printf ""command_start_%s"" ""3XRt2D44""; timeout -s9 900s find \'/srv/\' \'/apps/\' \'/opt/\' \'/var/\' \'/var/lib/\' \'/usr/\' \'/usr/local/\' \'/usr/share/\' -follow \\( ! \\( -fstype nfs -prune -o -fstype nfs4 -prune -o -fstype cifs -prune -o -fstype smbfs -prune -o -fstype afs -prune -o -fstype sysfs -prune -o -fstype proc -prune -o -fstype panfs -prune \\) ! \\( -path \'/bin\' -prune -o -path \'/boot\' -prune -o -path \'/dev\' -prune -o -path \'/etc\' -prune -o -path \'/lib\' -prune -o -path \'/media\' -prune -o -path \'/mnt\' -prune -o -path \'/proc\' -prune -o -path \'/run\' -prune -o -path \'/sbin\' -prune -o -path \'/sys\' -prune -o -path \'/tmp\' -prune \\) -a \\( -path \'*/bin/sysmon\' \\) \\) 2>/dev/null; RET=$?; echo; echo ""$RET""; printf ""command_done_%s"" ""unNKNRpg""'";3;5402;sudo;"[""syslog"",""sudo""]";Successful sudo to ROOT executed.
06-20-October;wazuh;E:\Cours\TFE\data\raw\Datasets\06-20-October.csv;507;507;;INFO;5501;pam;sudo;machine-2; ;; ;sohaib;1000; ; ;;; ; ;; ;;; ; ;;; ;;;; ;;;;;authentication;pam;Oct 18 23:42:51 sohaib-virtual-machine sudo: pam_unix(sudo:session): session opened for user root(uid=0) by sohaib(uid=1000);3;5501;pam;"[""pam"",""syslog"",""authentication_success""]";PAM: Login session opened.
06-20-October;wazuh;E:\Cours\TFE\data\raw\Datasets\06-20-October.csv;508;508;;INFO;5502;pam;sudo;machine-2; ;; ; ; ; ; ;;; ; ;; ;;; ; ;;; ;;;; ;;;;;authentication;pam;Oct 18 23:40:54 sohaib-virtual-machine sudo: pam_unix(sudo:session): session closed for user root;3;5502;pam;"[""pam"",""syslog""]";PAM: Login session closed.
06-20-October;wazuh;E:\Cours\TFE\data\raw\Datasets\06-20-October.csv;509;509;;INFO;5501;pam;sshd;machine-2; ;; ; ;0; ; ;;; ; ;; ;;; ; ;;; ;;;; ;;;;;authentication;pam;Oct 18 23:40:55 sohaib-virtual-machine sshd[8368]: pam_unix(sshd:session): session opened for user sohaib(uid=1000) by (uid=0);3;5501;pam;"[""pam"",""syslog"",""authentication_success""]";PAM: Login session opened.
06-20-October;wazuh;E:\Cours\TFE\data\raw\Datasets\06-20-October.csv;510;510;;INFO;5402;sudo;sudo;machine-2; ;; ;sohaib; ; ; ;;; ; ;; ;;; ; ;;; ;;;; ;;;;;authentication;sudo;"Oct 18 23:40:55 sohaib-virtual-machine sudo:   sohaib : TTY=pts/3 ; PWD=/home/sohaib ; USER=root ; COMMAND=/usr/bin/sh -c 'printf ""command_start_%s"" ""Xz9o3qzt""; dhcpd --version 2>&1; printf ""command_done_%s"" ""5OswHsHs""'";3;5402;sudo;"[""syslog"",""sudo""]";Successful sudo to ROOT executed.
06-20-October;wazuh;E:\Cours\TFE\data\raw\Datasets\06-20-October.csv;511;511;;INFO;5502;pam;sshd;machine-2; ;; ; ; ; ; ;;; ; ;; ;;; ; ;;; ;;;; ;;;;;authentication;pam;Oct 18 23:40:55 sohaib-virtual-machine sshd[8336]: pam_unix(sshd:session): session closed for user sohaib;3;5502;pam;"[""pam"",""syslog""]";PAM: Login session closed.
06-20-October;wazuh;E:\Cours\TFE\data\raw\Datasets\06-20-October.csv;512;512;;INFO;5501;pam;sudo;machine-2; ;; ;sohaib;1000; ; ;;; ; ;; ;;; ; ;;; ;;;; ;;;;;authentication;pam;Oct 18 23:40:56 sohaib-virtual-machine sudo: pam_unix(sudo:session): session opened for user root(uid=0) by sohaib(uid=1000);3;5501;pam;"[""pam"",""syslog"",""authentication_success""]";PAM: Login session opened.
06-20-October;wazuh;E:\Cours\TFE\data\raw\Datasets\06-20-October.csv;513;513;;INFO;5502;pam;sudo;machine-2; ;; ; ; ; ; ;;; ; ;; ;;; ; ;;; ;;;; ;;;;;authentication;pam;Oct 18 23:40:56 sohaib-virtual-machine sudo: pam_unix(sudo:session): session closed for user root;3;5502;pam;"[""pam"",""syslog""]";PAM: Login session closed.
06-20-October;wazuh;E:\Cours\TFE\data\raw\Datasets\06-20-October.csv;514;514;;INFO;5402;sudo;sudo;machine-2; ;; ;sohaib; ; ; ;;; ; ;; ;;; ; ;;; ;;;; ;;;;;authentication;sudo;"Oct 18 23:40:56 sohaib-virtual-machine sudo:   sohaib : TTY=pts/6 ; PWD=/home/sohaib ; USER=root ; COMMAND=/usr/bin/sh -c 'printf ""command_start_%s"" ""VbZNEKq0""; type timeout 2>&1; printf ""command_done_%s"" ""8DsAwkBc""'";3;5402;sudo;"[""syslog"",""sudo""]";Successful sudo to ROOT executed.
06-20-October;wazuh;E:\Cours\TFE\data\raw\Datasets\06-20-October.csv;515;515;;INFO;5715;sshd;sshd;machine-2; ;; ; ; ; ; ;;; ; ;; ;;;192.168.204.1;65021;;; ;;;; ;;;;;authentication;sshd;Oct 18 23:40:56 sohaib-virtual-machine sshd[8483]: Accepted password for sohaib from 192.168.204.1 port 65021 ssh2;3;5715;sshd;"[""syslog"",""sshd"",""authentication_success""]";sshd: authentication success.
06-20-October;wazuh;E:\Cours\TFE\data\raw\Datasets\06-20-October.csv;516;516;;INFO;5502;pam;sudo;machine-2; ;; ; ; ; ; ;;; ; ;; ;;; ; ;;; ;;;; ;;;;;authentication;pam;Oct 18 23:40:56 sohaib-virtual-machine sudo: pam_unix(sudo:session): session closed for user root;3;5502;pam;"[""pam"",""syslog""]";PAM: Login session closed.
06-20-October;wazuh;E:\Cours\TFE\data\raw\Datasets\06-20-October.csv;517;517;;INFO;5502;pam;sshd;machine-2; ;; ; ; ; ; ;;; ; ;; ;;; ; ;;; ;;;; ;;;;;authentication;pam;Oct 18 23:40:56 sohaib-virtual-machine sshd[8355]: pam_unix(sshd:session): session closed for user sohaib;3;5502;pam;"[""pam"",""syslog""]";PAM: Login session closed.
06-20-October;wazuh;E:\Cours\TFE\data\raw\Datasets\06-20-October.csv;518;518;;INFO;5501;pam;sudo;machine-2; ;; ;sohaib;1000; ; ;;; ; ;; ;;; ; ;;; ;;;; ;;;;;authentication;pam;Oct 18 23:41:03 sohaib-virtual-machine sudo: pam_unix(sudo:session): session opened for user root(uid=0) by sohaib(uid=1000);3;5501;pam;"[""pam"",""syslog"",""authentication_success""]";PAM: Login session opened.
06-20-October;wazuh;E:\Cours\TFE\data\raw\Datasets\06-20-October.csv;519;519;;INFO;5402;sudo;sudo;machine-2; ;; ;sohaib; ; ; ;;; ; ;; ;;; ; ;;; ;;;; ;;;;;authentication;sudo;"Oct 18 23:41:03 sohaib-virtual-machine sudo:   sohaib : TTY=pts/4 ; PWD=/home/sohaib ; USER=root ; COMMAND=/usr/bin/sh -c 'printf ""command_start_%s"" ""QHGoTfi5""; which -a zoom 2>/dev/null; printf ""command_done_%s"" ""IWqeKVQu""'";3;5402;sudo;"[""syslog"",""sudo""]";Successful sudo to ROOT executed.
06-20-October;wazuh;E:\Cours\TFE\data\raw\Datasets\06-20-October.csv;520;520;;INFO;5501;pam;sudo;machine-2; ;; ;sohaib;1000; ; ;;; ; ;; ;;; ; ;;; ;;;; ;;;;;authentication;pam;Oct 18 23:41:04 sohaib-virtual-machine sudo: pam_unix(sudo:session): session opened for user root(uid=0) by sohaib(uid=1000);3;5501;pam;"[""pam"",""syslog"",""authentication_success""]";PAM: Login session opened.
06-20-October;wazuh;E:\Cours\TFE\data\raw\Datasets\06-20-October.csv;521;521;;INFO;5402;sudo;sudo;machine-2; ;; ;sohaib; ; ; ;;; ; ;; ;;; ; ;;; ;;;; ;;;;;authentication;sudo;"Oct 18 23:41:05 sohaib-virtual-machine sudo:   sohaib : TTY=pts/4 ; PWD=/home/sohaib ; USER=root ; COMMAND=/usr/bin/sh -c 'printf ""command_start_%s"" ""_hOw7jXY""; timeout -s9 1200s find \'/\' -maxdepth 99 -follow \\( ! \\( -fstype nfs -prune -o -fstype nfs4 -prune -o -fstype cifs -prune -o -fstype smbfs -prune -o -fstype afs -prune -o -fstype sysfs -prune -o -fstype proc -prune -o -fstype panfs -prune \\) -a \\( -path \'*/libwebp.so[0-9.]*\' \\) \\) 2>/dev/null; RET=$?; echo; echo ""$RET""; printf ""command_done_%s"" ""j8A62ufr""'";3;5402;sudo;"[""syslog"",""sudo""]";Successful sudo to ROOT executed.
06-20-October;wazuh;E:\Cours\TFE\data\raw\Datasets\06-20-October.csv;522;522;;INFO;5501;pam;sudo;machine-2; ;; ;sohaib;1000; ; ;;; ; ;; ;;; ; ;;; ;;;; ;;;;;authentication;pam;Oct 18 23:41:05 sohaib-virtual-machine sudo: pam_unix(sudo:session): session opened for user root(uid=0) by sohaib(uid=1000);3;5501;pam;"[""pam"",""syslog"",""authentication_success""]";PAM: Login session opened.
06-20-October;wazuh;E:\Cours\TFE\data\raw\Datasets\06-20-October.csv;523;523;;INFO;5502;pam;sudo;machine-2; ;; ; ; ; ; ;;; ; ;; ;;; ; ;;; ;;;; ;;;;;authentication;pam;Oct 18 23:43:23 sohaib-virtual-machine sudo: pam_unix(sudo:session): session closed for user root;3;5502;pam;"[""pam"",""syslog""]";PAM: Login session closed.
06-20-October;wazuh;E:\Cours\TFE\data\raw\Datasets\06-20-October.csv;524;524;;INFO;5502;pam;sudo;machine-2; ;; ; ; ; ; ;;; ; ;; ;;; ; ;;; ;;;; ;;;;;authentication;pam;Oct 18 23:43:24 sohaib-virtual-machine sudo: pam_unix(sudo:session): session closed for user root;3;5502;pam;"[""pam"",""syslog""]";PAM: Login session closed.
06-20-October;wazuh;E:\Cours\TFE\data\raw\Datasets\06-20-October.csv;525;525;;INFO;5501;pam;sshd;machine-2; ;; ; ;0; ; ;;; ; ;; ;;; ; ;;; ;;;; ;;;;;authentication;pam;Oct 18 23:43:24 sohaib-virtual-machine sshd[9830]: pam_unix(sshd:session): session opened for user sohaib(uid=1000) by (uid=0);3;5501;pam;"[""pam"",""syslog"",""authentication_success""]";PAM: Login session opened.
06-20-October;wazuh;E:\Cours\TFE\data\raw\Datasets\06-20-October.csv;526;526;;INFO;5715;sshd;sshd;machine-2; ;; ; ; ; ; ;;; ; ;; ;;;192.168.204.1;65142;;; ;;;; ;;;;;authentication;sshd;Oct 18 23:43:25 sohaib-virtual-machine sshd[9848]: Accepted password for sohaib from 192.168.204.1 port 65142 ssh2;3;5715;sshd;"[""syslog"",""sshd"",""authentication_success""]";sshd: authentication success.
06-20-October;wazuh;E:\Cours\TFE\data\raw\Datasets\06-20-October.csv;527;527;;INFO;5501;pam;sudo;machine-2; ;; ;sohaib;1000; ; ;;; ; ;; ;;; ; ;;; ;;;; ;;;;;authentication;pam;Oct 18 23:43:26 sohaib-virtual-machine sudo: pam_unix(sudo:session): session opened for user root(uid=0) by sohaib(uid=1000);3;5501;pam;"[""pam"",""syslog"",""authentication_success""]";PAM: Login session opened.
06-20-October;wazuh;E:\Cours\TFE\data\raw\Datasets\06-20-October.csv;528;528;;INFO;5502;pam;sudo;machine-2; ;; ; ; ; ; ;;; ; ;; ;;; ; ;;; ;;;; ;;;;;authentication;pam;Oct 18 23:43:26 sohaib-virtual-machine sudo: pam_unix(sudo:session): session closed for user root;3;5502;pam;"[""pam"",""syslog""]";PAM: Login session closed.
06-20-October;wazuh;E:\Cours\TFE\data\raw\Datasets\06-20-October.csv;529;529;;INFO;5501;pam;sudo;machine-2; ;; ;sohaib;1000; ; ;;; ; ;; ;;; ; ;;; ;;;; ;;;;;authentication;pam;Oct 18 23:43:27 sohaib-virtual-machine sudo: pam_unix(sudo:session): session opened for user root(uid=0) by sohaib(uid=1000);3;5501;pam;"[""pam"",""syslog"",""authentication_success""]";PAM: Login session opened.
06-20-October;wazuh;E:\Cours\TFE\data\raw\Datasets\06-20-October.csv;530;530;;INFO;5502;pam;sudo;machine-2; ;; ; ; ; ; ;;; ; ;; ;;; ; ;;; ;;;; ;;;;;authentication;pam;Oct 18 23:43:28 sohaib-virtual-machine sudo: pam_unix(sudo:session): session closed for user root;3;5502;pam;"[""pam"",""syslog""]";PAM: Login session closed.
06-20-October;wazuh;E:\Cours\TFE\data\raw\Datasets\06-20-October.csv;531;531;;INFO;5402;sudo;sudo;machine-2; ;; ;sohaib; ; ; ;;; ; ;; ;;; ; ;;; ;;;; ;;;;;authentication;sudo;"Oct 18 23:41:29 sohaib-virtual-machine sudo:   sohaib : TTY=pts/8 ; PWD=/home/sohaib ; USER=root ; COMMAND=/usr/bin/sh -c 'printf ""command_start_%s"" ""cnNwUwaZ""; cat \'/opt/vmware/vcf/version.txt\' 2>/dev/null; printf ""command_done_%s"" ""Ywu9MwGE""'";3;5402;sudo;"[""syslog"",""sudo""]";Successful sudo to ROOT executed.
06-20-October;wazuh;E:\Cours\TFE\data\raw\Datasets\06-20-October.csv;532;532;;INFO;5502;pam;sshd;machine-2; ;; ; ; ; ; ;;; ; ;; ;;; ; ;;; ;;;; ;;;;;authentication;pam;Oct 18 23:41:29 sohaib-virtual-machine sshd[9256]: pam_unix(sshd:session): session closed for user sohaib;3;5502;pam;"[""pam"",""syslog""]";PAM: Login session closed.
06-20-October;wazuh;E:\Cours\TFE\data\raw\Datasets\06-20-October.csv;533;533;;INFO;5502;pam;sshd;machine-2; ;; ; ; ; ; ;;; ; ;; ;;; ; ;;; ;;;; ;;;;;authentication;pam;Oct 18 23:41:31 sohaib-virtual-machine sshd[9304]: pam_unix(sshd:session): session closed for user sohaib;3;5502;pam;"[""pam"",""syslog""]";PAM: Login session closed.
06-20-October;wazuh;E:\Cours\TFE\data\raw\Datasets\06-20-October.csv;534;534;;INFO;5501;pam;sshd;machine-2; ;; ; ;0; ; ;;; ; ;; ;;; ; ;;; ;;;; ;;;;;authentication;pam;Oct 18 23:41:31 sohaib-virtual-machine sshd[9314]: pam_unix(sshd:session): session opened for user sohaib(uid=1000) by (uid=0);3;5501;pam;"[""pam"",""syslog"",""authentication_success""]";PAM: Login session opened.
06-20-October;wazuh;E:\Cours\TFE\data\raw\Datasets\06-20-October.csv;535;535;;INFO;5501;pam;sudo;machine-2; ;; ;sohaib;1000; ; ;;; ; ;; ;;; ; ;;; ;;;; ;;;;;authentication;pam;Oct 18 23:41:32 sohaib-virtual-machine sudo: pam_unix(sudo:session): session opened for user root(uid=0) by sohaib(uid=1000);3;5501;pam;"[""pam"",""syslog"",""authentication_success""]";PAM: Login session opened.
06-20-October;wazuh;E:\Cours\TFE\data\raw\Datasets\06-20-October.csv;536;536;;INFO;5501;pam;sudo;machine-2; ;; ;sohaib;1000; ; ;;; ; ;; ;;; ; ;;; ;;;; ;;;;;authentication;pam;Oct 18 23:45:42 sohaib-virtual-machine sudo: pam_unix(sudo:session): session opened for user root(uid=0) by sohaib(uid=1000);3;5501;pam;"[""pam"",""syslog"",""authentication_success""]";PAM: Login session opened.
06-20-October;wazuh;E:\Cours\TFE\data\raw\Datasets\06-20-October.csv;537;537;;INFO;5501;pam;sudo;machine-2; ;; ;sohaib;1000; ; ;;; ; ;; ;;; ; ;;; ;;;; ;;;;;authentication;pam;Oct 18 23:45:42 sohaib-virtual-machine sudo: pam_unix(sudo:session): session opened for user root(uid=0) by sohaib(uid=1000);3;5501;pam;"[""pam"",""syslog"",""authentication_success""]";PAM: Login session opened.
06-20-October;wazuh;E:\Cours\TFE\data\raw\Datasets\06-20-October.csv;538;538;;INFO;5402;sudo;sudo;machine-2; ;; ;sohaib; ; ; ;;; ; ;; ;;; ; ;;; ;;;; ;;;;;authentication;sudo;"Oct 18 23:45:43 sohaib-virtual-machine sudo:   sohaib : TTY=pts/4 ; PWD=/home/sohaib ; USER=root ; COMMAND=/usr/bin/sh -c 'printf ""command_start_%s"" ""_3lQYwub""; [ -x \'/snap/gnome-42-2204/current/usr/lib/x86_64-linux-gnu/installed-tests/json-glib-1.0/node\' ] && echo ""executable""; printf ""command_done_%s"" ""eOP8242y""'";3;5402;sudo;"[""syslog"",""sudo""]";Successful sudo to ROOT executed.
06-20-October;wazuh;E:\Cours\TFE\data\raw\Datasets\06-20-October.csv;539;539;;INFO;5502;pam;sudo;machine-2; ;; ; ; ; ; ;;; ; ;; ;;; ; ;;; ;;;; ;;;;;authentication;pam;Oct 18 23:45:43 sohaib-virtual-machine sudo: pam_unix(sudo:session): session closed for user root;3;5502;pam;"[""pam"",""syslog""]";PAM: Login session closed.
06-20-October;wazuh;E:\Cours\TFE\data\raw\Datasets\06-20-October.csv;540;540;;INFO;5402;sudo;sudo;machine-2; ;; ;sohaib; ; ; ;;; ; ;; ;;; ; ;;; ;;;; ;;;;;authentication;sudo;"Oct 18 23:45:44 sohaib-virtual-machine sudo:   sohaib : TTY=pts/7 ; PWD=/home/sohaib ; USER=root ; COMMAND=/usr/bin/sh -c 'printf ""command_start_%s"" ""iN9ncKKQ""; cat -v \'/snap/gnome-42-2204/current/usr/lib/x86_64-linux-gnu/installed-tests/json-glib-1.0/node\' | grep -oe ""node\\(\\.js\\)\\?/v[0-9.]\\+"" -e ""\\^@v[0-9]\\+\\.[0-9.]\\+""; printf ""command_done_%s"" ""uQygAsbV""'";3;5402;sudo;"[""syslog"",""sudo""]";Successful sudo to ROOT executed.
06-20-October;wazuh;E:\Cours\TFE\data\raw\Datasets\06-20-October.csv;541;541;;INFO;5502;pam;sudo;machine-2; ;; ; ; ; ; ;;; ; ;; ;;; ; ;;; ;;;; ;;;;;authentication;pam;Oct 18 23:45:44 sohaib-virtual-machine sudo: pam_unix(sudo:session): session closed for user root;3;5502;pam;"[""pam"",""syslog""]";PAM: Login session closed.
06-20-October;wazuh;E:\Cours\TFE\data\raw\Datasets\06-20-October.csv;542;542;;INFO;5501;pam;sudo;machine-2; ;; ;sohaib;1000; ; ;;; ; ;; ;;; ; ;;; ;;;; ;;;;;authentication;pam;Oct 18 23:45:45 sohaib-virtual-machine sudo: pam_unix(sudo:session): session opened for user root(uid=0) by sohaib(uid=1000);3;5501;pam;"[""pam"",""syslog"",""authentication_success""]";PAM: Login session opened.
06-20-October;wazuh;E:\Cours\TFE\data\raw\Datasets\06-20-October.csv;543;543;;INFO;5402;sudo;sudo;machine-2; ;; ;sohaib; ; ; ;;; ; ;; ;;; ; ;;; ;;;; ;;;;;authentication;sudo;"Oct 18 23:45:45 sohaib-virtual-machine sudo:   sohaib : TTY=pts/7 ; PWD=/home/sohaib ; USER=root ; COMMAND=/usr/bin/sh -c 'printf ""command_start_%s"" ""m1_Bkm2j""; [ -x \'/snap/gnome-42-2204/141/usr/lib/x86_64-linux-gnu/installed-tests/json-glib-1.0/node\' ] && echo ""executable""; printf ""command_done_%s"" ""hFDkUVU2""'";3;5402;sudo;"[""syslog"",""sudo""]";Successful sudo to ROOT executed.
06-20-October;wazuh;E:\Cours\TFE\data\raw\Datasets\06-20-October.csv;544;544;;INFO;5402;sudo;sudo;machine-2; ;; ;sohaib; ; ; ;;; ; ;; ;;; ; ;;; ;;;; ;;;;;authentication;sudo;"Oct 18 23:45:46 sohaib-virtual-machine sudo:   sohaib : TTY=pts/2 ; PWD=/home/sohaib ; USER=root ; COMMAND=/usr/bin/sh -c 'printf ""command_start_%s"" ""lOg2nIKr""; cat -v \'/snap/gnome-42-2204/141/usr/lib/x86_64-linux-gnu/installed-tests/json-glib-1.0/node\' | grep -oe ""node\\(\\.js\\)\\?/v[0-9.]\\+"" -e ""\\^@v[0-9]\\+\\.[0-9.]\\+""; printf ""command_done_%s"" ""mE9CPMYG""'";3;5402;sudo;"[""syslog"",""sudo""]";Successful sudo to ROOT executed.
06-20-October;wazuh;E:\Cours\TFE\data\raw\Datasets\06-20-October.csv;545;545;;INFO;5402;sudo;sudo;machine-2; ;; ;sohaib; ; ; ;;; ; ;; ;;; ; ;;; ;;;; ;;;;;authentication;sudo;"Oct 18 23:45:47 sohaib-virtual-machine sudo:   sohaib : TTY=pts/8 ; PWD=/home/sohaib ; USER=root ; COMMAND=/usr/bin/sh -c 'printf ""command_start_%s"" ""3XKdM2Qz""; [ -d \'/snap/gnome-42-2204/120/usr/lib/x86_64-linux-gnu/installed-tests/json-glib-1.0/node\' ] && echo ""is_directory""; printf ""command_done_%s"" ""9ATBzg8K""'";3;5402;sudo;"[""syslog"",""sudo""]";Successful sudo to ROOT executed.
06-20-October;wazuh;E:\Cours\TFE\data\raw\Datasets\06-20-October.csv;546;546;;INFO;5501;pam;sudo;machine-2; ;; ;sohaib;1000; ; ;;; ; ;; ;;; ; ;;; ;;;; ;;;;;authentication;pam;Oct 18 23:45:47 sohaib-virtual-machine sudo: pam_unix(sudo:session): session opened for user root(uid=0) by sohaib(uid=1000);3;5501;pam;"[""pam"",""syslog"",""authentication_success""]";PAM: Login session opened.
06-20-October;wazuh;E:\Cours\TFE\data\raw\Datasets\06-20-October.csv;547;547;;INFO;5502;pam;sudo;machine-2; ;; ; ; ; ; ;;; ; ;; ;;; ; ;;; ;;;; ;;;;;authentication;pam;Oct 18 23:45:47 sohaib-virtual-machine sudo: pam_unix(sudo:session): session closed for user root;3;5502;pam;"[""pam"",""syslog""]";PAM: Login session closed.
06-20-October;wazuh;E:\Cours\TFE\data\raw\Datasets\06-20-October.csv;548;548;;INFO;5402;sudo;sudo;machine-2; ;; ;sohaib; ; ; ;;; ; ;; ;;; ; ;;; ;;;; ;;;;;authentication;sudo;"Oct 18 23:45:33 sohaib-virtual-machine sudo:   sohaib : TTY=pts/5 ; PWD=/home/sohaib ; USER=root ; COMMAND=/usr/bin/sh -c 'printf ""command_start_%s"" ""S5lI9KE5""; cat /etc/oraInst.loc; printf ""command_done_%s"" ""JXTfgNgB""'";3;5402;sudo;"[""syslog"",""sudo""]";Successful sudo to ROOT executed.
06-20-October;wazuh;E:\Cours\TFE\data\raw\Datasets\06-20-October.csv;549;549;;INFO;5402;sudo;sudo;machine-2; ;; ;sohaib; ; ; ;;; ; ;; ;;; ; ;;; ;;;; ;;;;;authentication;sudo;"Oct 18 23:45:34 sohaib-virtual-machine sudo:   sohaib : TTY=pts/5 ; PWD=/home/sohaib ; USER=root ; COMMAND=/usr/bin/sh -c 'printf ""command_start_%s"" ""ECc12tHm""; cat /etc/oratab; printf ""command_done_%s"" ""_wnZAAJQ""'";3;5402;sudo;"[""syslog"",""sudo""]";Successful sudo to ROOT executed.
06-20-October;wazuh;E:\Cours\TFE\data\raw\Datasets\06-20-October.csv;550;550;;INFO;5501;pam;sudo;machine-2; ;; ;sohaib;1000; ; ;;; ; ;; ;;; ; ;;; ;;;; ;;;;;authentication;pam;Oct 18 23:45:35 sohaib-virtual-machine sudo: pam_unix(sudo:session): session opened for user root(uid=0) by sohaib(uid=1000);3;5501;pam;"[""pam"",""syslog"",""authentication_success""]";PAM: Login session opened.
06-20-October;wazuh;E:\Cours\TFE\data\raw\Datasets\06-20-October.csv;551;551;;INFO;5502;pam;sudo;machine-2; ;; ; ; ; ; ;;; ; ;; ;;; ; ;;; ;;;; ;;;;;authentication;pam;Oct 18 23:45:35 sohaib-virtual-machine sudo: pam_unix(sudo:session): session closed for user root;3;5502;pam;"[""pam"",""syslog""]";PAM: Login session closed.
06-20-October;wazuh;E:\Cours\TFE\data\raw\Datasets\06-20-October.csv;552;552;;INFO;5402;sudo;sudo;machine-2; ;; ;sohaib; ; ; ;;; ; ;; ;;; ; ;;; ;;;; ;;;;;authentication;sudo;"Oct 18 23:45:36 sohaib-virtual-machine sudo:   sohaib : TTY=pts/6 ; PWD=/home/sohaib ; USER=root ; COMMAND=/usr/bin/sh -c 'printf ""command_start_%s"" ""HlOA_ixL""; cat /etc/login.defs; printf ""command_done_%s"" ""OObkKNRM""'";3;5402;sudo;"[""syslog"",""sudo""]";Successful sudo to ROOT executed.
06-20-October;wazuh;E:\Cours\TFE\data\raw\Datasets\06-20-October.csv;553;553;;INFO;5402;sudo;sudo;machine-2; ;; ;sohaib; ; ; ;;; ; ;; ;;; ; ;;; ;;;; ;;;;;authentication;sudo;"Oct 18 23:45:36 sohaib-virtual-machine sudo:   sohaib : TTY=pts/5 ; PWD=/home/sohaib ; USER=root ; COMMAND=/usr/bin/sh -c 'printf ""command_start_%s"" ""7M4ynaA4""; timeout -s9 240s find \'/home/sohaib\' -maxdepth 3 -follow \\( ! \\( -fstype nfs -prune -o -fstype nfs4 -prune -o -fstype cifs -prune -o -fstype smbfs -prune -o -fstype afs -prune -o -fstype sysfs -prune -o -fstype proc -prune -o -fstype panfs -prune \\) -a \\( -path \'*/beahomelist\' \\) \\) 2>/dev/null; RET=$?; echo; echo ""$RET""; printf ""command_done_%s"" ""9vgwy1uB""'";3;5402;sudo;"[""syslog"",""sudo""]";Successful sudo to ROOT executed.
06-20-October;wazuh;E:\Cours\TFE\data\raw\Datasets\06-20-October.csv;554;554;;INFO;5501;pam;sudo;machine-2; ;; ;sohaib;1000; ; ;;; ; ;; ;;; ; ;;; ;;;; ;;;;;authentication;pam;Oct 18 23:45:36 sohaib-virtual-machine sudo: pam_unix(sudo:session): session opened for user root(uid=0) by sohaib(uid=1000);3;5501;pam;"[""pam"",""syslog"",""authentication_success""]";PAM: Login session opened.
06-20-October;wazuh;E:\Cours\TFE\data\raw\Datasets\06-20-October.csv;555;555;;INFO;5501;pam;sudo;machine-2; ;; ;sohaib;1000; ; ;;; ; ;; ;;; ; ;;; ;;;; ;;;;;authentication;pam;Oct 18 23:45:01 sohaib-virtual-machine sudo: pam_unix(sudo:session): session opened for user root(uid=0) by sohaib(uid=1000);3;5501;pam;"[""pam"",""syslog"",""authentication_success""]";PAM: Login session opened.
06-20-October;wazuh;E:\Cours\TFE\data\raw\Datasets\06-20-October.csv;556;556;;INFO;5501;pam;sudo;machine-2; ;; ;sohaib;1000; ; ;;; ; ;; ;;; ; ;;; ;;;; ;;;;;authentication;pam;Oct 18 23:45:02 sohaib-virtual-machine sudo: pam_unix(sudo:session): session opened for user root(uid=0) by sohaib(uid=1000);3;5501;pam;"[""pam"",""syslog"",""authentication_success""]";PAM: Login session opened.
06-20-October;wazuh;E:\Cours\TFE\data\raw\Datasets\06-20-October.csv;557;557;;INFO;5501;pam;sudo;machine-2; ;; ;sohaib;1000; ; ;;; ; ;; ;;; ; ;;; ;;;; ;;;;;authentication;pam;Oct 18 23:45:03 sohaib-virtual-machine sudo: pam_unix(sudo:session): session opened for user root(uid=0) by sohaib(uid=1000);3;5501;pam;"[""pam"",""syslog"",""authentication_success""]";PAM: Login session opened.
06-20-October;wazuh;E:\Cours\TFE\data\raw\Datasets\06-20-October.csv;558;558;;INFO;5502;pam;sudo;machine-2; ;; ; ; ; ; ;;; ; ;; ;;; ; ;;; ;;;; ;;;;;authentication;pam;Oct 18 23:45:03 sohaib-virtual-machine sudo: pam_unix(sudo:session): session closed for user root;3;5502;pam;"[""pam"",""syslog""]";PAM: Login session closed.
06-20-October;wazuh;E:\Cours\TFE\data\raw\Datasets\06-20-October.csv;559;559;;INFO;5402;sudo;sudo;machine-2; ;; ;sohaib; ; ; ;;; ; ;; ;;; ; ;;; ;;;; ;;;;;authentication;sudo;"Oct 18 23:45:04 sohaib-virtual-machine sudo:   sohaib : TTY=pts/3 ; PWD=/home/sohaib ; USER=root ; COMMAND=/usr/bin/sh -c 'printf ""command_start_%s"" ""GOofcoi8""; ls /usr/local/nginx 2> /dev/null && echo ""found""; printf ""command_done_%s"" ""YZ8EK9SW""'";3;5402;sudo;"[""syslog"",""sudo""]";Successful sudo to ROOT executed.
06-20-October;wazuh;E:\Cours\TFE\data\raw\Datasets\06-20-October.csv;560;560;;INFO;5501;pam;sudo;machine-2; ;; ;sohaib;1000; ; ;;; ; ;; ;;; ; ;;; ;;;; ;;;;;authentication;pam;Oct 18 23:45:04 sohaib-virtual-machine sudo: pam_unix(sudo:session): session opened for user root(uid=0) by sohaib(uid=1000);3;5501;pam;"[""pam"",""syslog"",""authentication_success""]";PAM: Login session opened.
06-20-October;wazuh;E:\Cours\TFE\data\raw\Datasets\06-20-October.csv;561;561;;INFO;5501;pam;sudo;machine-2; ;; ;sohaib;1000; ; ;;; ; ;; ;;; ; ;;; ;;;; ;;;;;authentication;pam;Oct 18 23:45:05 sohaib-virtual-machine sudo: pam_unix(sudo:session): session opened for user root(uid=0) by sohaib(uid=1000);3;5501;pam;"[""pam"",""syslog"",""authentication_success""]";PAM: Login session opened.
06-20-October;wazuh;E:\Cours\TFE\data\raw\Datasets\06-20-October.csv;562;562;;INFO;5502;pam;sudo;machine-2; ;; ; ; ; ; ;;; ; ;; ;;; ; ;;; ;;;; ;;;;;authentication;pam;Oct 18 23:45:06 sohaib-virtual-machine sudo: pam_unix(sudo:session): session closed for user root;3;5502;pam;"[""pam"",""syslog""]";PAM: Login session closed.
06-20-October;wazuh;E:\Cours\TFE\data\raw\Datasets\06-20-October.csv;563;563;;INFO;5501;pam;sudo;machine-2; ;; ;sohaib;1000; ; ;;; ; ;; ;;; ; ;;; ;;;; ;;;;;authentication;pam;Oct 18 23:45:06 sohaib-virtual-machine sudo: pam_unix(sudo:session): session opened for user root(uid=0) by sohaib(uid=1000);3;5501;pam;"[""pam"",""syslog"",""authentication_success""]";PAM: Login session opened.
06-20-October;wazuh;E:\Cours\TFE\data\raw\Datasets\06-20-October.csv;564;564;;INFO;5501;pam;sudo;machine-2; ;; ;sohaib;1000; ; ;;; ; ;; ;;; ; ;;; ;;;; ;;;;;authentication;pam;Oct 18 23:45:39 sohaib-virtual-machine sudo: pam_unix(sudo:session): session opened for user root(uid=0) by sohaib(uid=1000);3;5501;pam;"[""pam"",""syslog"",""authentication_success""]";PAM: Login session opened.
06-20-October;wazuh;E:\Cours\TFE\data\raw\Datasets\06-20-October.csv;565;565;;INFO;5402;sudo;sudo;machine-2; ;; ;sohaib; ; ; ;;; ; ;; ;;; ; ;;; ;;;; ;;;;;authentication;sudo;"Oct 18 23:45:39 sohaib-virtual-machine sudo:   sohaib : TTY=pts/3 ; PWD=/home/sohaib ; USER=root ; COMMAND=/usr/bin/sh -c 'printf ""command_start_%s"" ""4Gg7PFTq""; locate ssh 2>&1; printf ""command_done_%s"" ""c9P62zSW""'";3;5402;sudo;"[""syslog"",""sudo""]";Successful sudo to ROOT executed.
06-20-October;wazuh;E:\Cours\TFE\data\raw\Datasets\06-20-October.csv;566;566;;INFO;5502;pam;sudo;machine-2; ;; ; ; ; ; ;;; ; ;; ;;; ; ;;; ;;;; ;;;;;authentication;pam;Oct 18 23:45:41 sohaib-virtual-machine sudo: pam_unix(sudo:session): session closed for user root;3;5502;pam;"[""pam"",""syslog""]";PAM: Login session closed.
06-20-October;wazuh;E:\Cours\TFE\data\raw\Datasets\06-20-October.csv;567;567;;INFO;5502;pam;sudo;machine-2; ;; ; ; ; ; ;;; ; ;; ;;; ; ;;; ;;;; ;;;;;authentication;pam;Oct 18 23:45:42 sohaib-virtual-machine sudo: pam_unix(sudo:session): session closed for user root;3;5502;pam;"[""pam"",""syslog""]";PAM: Login session closed.
06-20-October;wazuh;E:\Cours\TFE\data\raw\Datasets\06-20-October.csv;568;568;;INFO;5501;pam;sudo;machine-2; ;; ;sohaib;1000; ; ;;; ; ;; ;;; ; ;;; ;;;; ;;;;;authentication;pam;Oct 18 23:44:19 sohaib-virtual-machine sudo: pam_unix(sudo:session): session opened for user root(uid=0) by sohaib(uid=1000);3;5501;pam;"[""pam"",""syslog"",""authentication_success""]";PAM: Login session opened.
06-20-October;wazuh;E:\Cours\TFE\data\raw\Datasets\06-20-October.csv;569;569;;INFO;5715;sshd;sshd;machine-2; ;; ; ; ; ; ;;; ; ;; ;;;192.168.204.1;65178;;; ;;;; ;;;;;authentication;sshd;Oct 18 23:44:21 sohaib-virtual-machine sshd[10996]: Accepted password for sohaib from 192.168.204.1 port 65178 ssh2;3;5715;sshd;"[""syslog"",""sshd"",""authentication_success""]";sshd: authentication success.
06-20-October;wazuh;E:\Cours\TFE\data\raw\Datasets\06-20-October.csv;570;570;;INFO;5502;pam;sudo;machine-2; ;; ; ; ; ; ;;; ; ;; ;;; ; ;;; ;;;; ;;;;;authentication;pam;Oct 18 23:44:59 sohaib-virtual-machine sudo: pam_unix(sudo:session): session closed for user root;3;5502;pam;"[""pam"",""syslog""]";PAM: Login session closed.
06-20-October;wazuh;E:\Cours\TFE\data\raw\Datasets\06-20-October.csv;571;571;;INFO;5715;sshd;sshd;machine-2; ;; ; ; ; ; ;;; ; ;; ;;;192.168.204.1;65215;;; ;;;; ;;;;;authentication;sshd;Oct 18 23:45:00 sohaib-virtual-machine sshd[11189]: Accepted password for sohaib from 192.168.204.1 port 65215 ssh2;3;5715;sshd;"[""syslog"",""sshd"",""authentication_success""]";sshd: authentication success.
06-20-October;wazuh;E:\Cours\TFE\data\raw\Datasets\06-20-October.csv;572;572;;INFO;5502;pam;sudo;machine-2; ;; ; ; ; ; ;;; ; ;; ;;; ; ;;; ;;;; ;;;;;authentication;pam;Oct 18 23:45:21 sohaib-virtual-machine sudo: pam_unix(sudo:session): session closed for user root;3;5502;pam;"[""pam"",""syslog""]";PAM: Login session closed.
06-20-October;wazuh;E:\Cours\TFE\data\raw\Datasets\06-20-October.csv;573;573;;INFO;5501;pam;sudo;machine-2; ;; ;sohaib;1000; ; ;;; ; ;; ;;; ; ;;; ;;;; ;;;;;authentication;pam;Oct 18 23:45:24 sohaib-virtual-machine sudo: pam_unix(sudo:session): session opened for user root(uid=0) by sohaib(uid=1000);3;5501;pam;"[""pam"",""syslog"",""authentication_success""]";PAM: Login session opened.
06-20-October;wazuh;E:\Cours\TFE\data\raw\Datasets\06-20-October.csv;574;574;;INFO;5502;pam;sudo;machine-2; ;; ; ; ; ; ;;; ; ;; ;;; ; ;;; ;;;; ;;;;;authentication;pam;Oct 18 23:45:13 sohaib-virtual-machine sudo: pam_unix(sudo:session): session closed for user root;3;5502;pam;"[""pam"",""syslog""]";PAM: Login session closed.
06-20-October;wazuh;E:\Cours\TFE\data\raw\Datasets\06-20-October.csv;575;575;;WARNING;5710;sshd;sshd;machine-2; ;; ; ; ; ; ;;; ; ;; ;;; ; ;;; ;;;; ;;;;;authentication;sshd;Oct 18 23:45:13 sohaib-virtual-machine sshd[11329]: Connection reset by invalid user  192.168.204.1 port 65218 [preauth];5;5710;sshd;"[""syslog"",""sshd"",""authentication_failed"",""invalid_login""]";sshd: Attempt to login using a non-existent user
06-20-October;wazuh;E:\Cours\TFE\data\raw\Datasets\06-20-October.csv;576;576;;INFO;5501;pam;sudo;machine-2; ;; ;sohaib;1000; ; ;;; ; ;; ;;; ; ;;; ;;;; ;;;;;authentication;pam;Oct 18 23:44:42 sohaib-virtual-machine sudo: pam_unix(sudo:session): session opened for user root(uid=0) by sohaib(uid=1000);3;5501;pam;"[""pam"",""syslog"",""authentication_success""]";PAM: Login session opened.
06-20-October;wazuh;E:\Cours\TFE\data\raw\Datasets\06-20-October.csv;577;577;;INFO;5502;pam;sudo;machine-2; ;; ; ; ; ; ;;; ; ;; ;;; ; ;;; ;;;; ;;;;;authentication;pam;Oct 18 23:45:57 sohaib-virtual-machine sudo: pam_unix(sudo:session): session closed for user root;3;5502;pam;"[""pam"",""syslog""]";PAM: Login session closed.
06-20-October;wazuh;E:\Cours\TFE\data\raw\Datasets\06-20-October.csv;578;578;;INFO;5502;pam;sudo;machine-2; ;; ; ; ; ; ;;; ; ;; ;;; ; ;;; ;;;; ;;;;;authentication;pam;Oct 18 23:45:58 sohaib-virtual-machine sudo: pam_unix(sudo:session): session closed for user root;3;5502;pam;"[""pam"",""syslog""]";PAM: Login session closed.
06-20-October;wazuh;E:\Cours\TFE\data\raw\Datasets\06-20-October.csv;579;579;;INFO;5402;sudo;sudo;machine-2; ;; ;sohaib; ; ; ;;; ; ;; ;;; ; ;;; ;;;; ;;;;;authentication;sudo;"Oct 18 23:45:59 sohaib-virtual-machine sudo:   sohaib : TTY=pts/4 ; PWD=/home/sohaib ; USER=root ; COMMAND=/usr/bin/sh -c 'printf ""command_start_%s"" ""VQ1rVTq6""; timeout -s9 240s find \'/home/\' -follow \\( ! \\( -fstype nfs -prune -o -fstype nfs4 -prune -o -fstype cifs -prune -o -fstype smbfs -prune -o -fstype afs -prune -o -fstype sysfs -prune -o -fstype proc -prune -o -fstype panfs -prune \\) -a \\( -path \'*/java\' \\) \\) 2>/dev/null; RET=$?; echo; echo ""$RET""; printf ""command_done_%s"" ""npDw69wI""'";3;5402;sudo;"[""syslog"",""sudo""]";Successful sudo to ROOT executed.
06-20-October;wazuh;E:\Cours\TFE\data\raw\Datasets\06-20-October.csv;580;580;;INFO;5501;pam;sudo;machine-2; ;; ;sohaib;1000; ; ;;; ; ;; ;;; ; ;;; ;;;; ;;;;;authentication;pam;Oct 18 23:45:59 sohaib-virtual-machine sudo: pam_unix(sudo:session): session opened for user root(uid=0) by sohaib(uid=1000);3;5501;pam;"[""pam"",""syslog"",""authentication_success""]";PAM: Login session opened.
06-20-October;wazuh;E:\Cours\TFE\data\raw\Datasets\06-20-October.csv;581;581;;INFO;5501;pam;sudo;machine-2; ;; ;sohaib;1000; ; ;;; ; ;; ;;; ; ;;; ;;;; ;;;;;authentication;pam;Oct 18 23:45:59 sohaib-virtual-machine sudo: pam_unix(sudo:session): session opened for user root(uid=0) by sohaib(uid=1000);3;5501;pam;"[""pam"",""syslog"",""authentication_success""]";PAM: Login session opened.
06-20-October;wazuh;E:\Cours\TFE\data\raw\Datasets\06-20-October.csv;582;582;;INFO;5502;pam;sudo;machine-2; ;; ; ; ; ; ;;; ; ;; ;;; ; ;;; ;;;; ;;;;;authentication;pam;Oct 18 23:45:59 sohaib-virtual-machine sudo: pam_unix(sudo:session): session closed for user root;3;5502;pam;"[""pam"",""syslog""]";PAM: Login session closed.
06-20-October;wazuh;E:\Cours\TFE\data\raw\Datasets\06-20-October.csv;583;583;;INFO;5502;pam;sudo;machine-2; ;; ; ; ; ; ;;; ; ;; ;;; ; ;;; ;;;; ;;;;;authentication;pam;Oct 18 23:45:59 sohaib-virtual-machine sudo: pam_unix(sudo:session): session closed for user root;3;5502;pam;"[""pam"",""syslog""]";PAM: Login session closed.
06-20-October;wazuh;E:\Cours\TFE\data\raw\Datasets\06-20-October.csv;584;584;;INFO;5402;sudo;sudo;machine-2; ;; ;sohaib; ; ; ;;; ; ;; ;;; ; ;;; ;;;; ;;;;;authentication;sudo;"Oct 18 23:45:59 sohaib-virtual-machine sudo:   sohaib : TTY=pts/7 ; PWD=/home/sohaib ; USER=root ; COMMAND=/usr/bin/sh -c 'printf ""command_start_%s"" ""YP1aTGaS""; readlink -e /usr/lib/python3/dist-packages/cryptography/hazmat/backends/openssl 2>/dev/null; printf ""command_done_%s"" ""cIl4JQZn""'";3;5402;sudo;"[""syslog"",""sudo""]";Successful sudo to ROOT executed.
06-20-October;wazuh;E:\Cours\TFE\data\raw\Datasets\06-20-October.csv;585;585;;INFO;5402;sudo;sudo;machine-2; ;; ;sohaib; ; ; ;;; ; ;; ;;; ; ;;; ;;;; ;;;;;authentication;sudo;"Oct 18 23:46:00 sohaib-virtual-machine sudo:   sohaib : TTY=pts/11 ; PWD=/home/sohaib ; USER=root ; COMMAND=/usr/bin/sh -c 'printf ""command_start_%s"" ""SEuwlWlX""; ls -l /usr/lib/python3/dist-packages/cryptography/hazmat/backends/openssl; printf ""command_done_%s"" ""A6fvXi5b""'";3;5402;sudo;"[""syslog"",""sudo""]";Successful sudo to ROOT executed.
06-20-October;wazuh;E:\Cours\TFE\data\raw\Datasets\06-20-October.csv;586;586;;INFO;5501;pam;sudo;machine-2; ;; ;sohaib;1000; ; ;;; ; ;; ;;; ; ;;; ;;;; ;;;;;authentication;pam;Oct 18 23:46:01 sohaib-virtual-machine sudo: pam_unix(sudo:session): session opened for user root(uid=0) by sohaib(uid=1000);3;5501;pam;"[""pam"",""syslog"",""authentication_success""]";PAM: Login session opened.
06-20-October;wazuh;E:\Cours\TFE\data\raw\Datasets\06-20-October.csv;587;587;;INFO;5402;sudo;sudo;machine-2; ;; ;sohaib; ; ; ;;; ; ;; ;;; ; ;;; ;;;; ;;;;;authentication;sudo;"Oct 18 23:46:02 sohaib-virtual-machine sudo:   sohaib : TTY=pts/11 ; PWD=/home/sohaib ; USER=root ; COMMAND=/usr/bin/sh -c 'printf ""command_start_%s"" ""uO_UB6qM""; ls -l /usr/lib/python3/dist-packages/cryptography/hazmat/bindings/openssl; printf ""command_done_%s"" ""IdzavtoD""'";3;5402;sudo;"[""syslog"",""sudo""]";Successful sudo to ROOT executed.
06-20-October;wazuh;E:\Cours\TFE\data\raw\Datasets\06-20-October.csv;588;588;;INFO;5501;pam;sudo;machine-2; ;; ;sohaib;1000; ; ;;; ; ;; ;;; ; ;;; ;;;; ;;;;;authentication;pam;Oct 18 23:46:02 sohaib-virtual-machine sudo: pam_unix(sudo:session): session opened for user root(uid=0) by sohaib(uid=1000);3;5501;pam;"[""pam"",""syslog"",""authentication_success""]";PAM: Login session opened.
06-20-October;wazuh;E:\Cours\TFE\data\raw\Datasets\06-20-October.csv;589;589;;INFO;5502;pam;sudo;machine-2; ;; ; ; ; ; ;;; ; ;; ;;; ; ;;; ;;;; ;;;;;authentication;pam;Oct 18 23:46:23 sohaib-virtual-machine sudo: pam_unix(sudo:session): session closed for user root;3;5502;pam;"[""pam"",""syslog""]";PAM: Login session closed.
06-20-October;wazuh;E:\Cours\TFE\data\raw\Datasets\06-20-October.csv;590;590;;INFO;5502;pam;sshd;machine-2; ;; ; ; ; ; ;;; ; ;; ;;; ; ;;; ;;;; ;;;;;authentication;pam;Oct 18 23:46:24 sohaib-virtual-machine sshd[11564]: pam_unix(sshd:session): session closed for user sohaib;3;5502;pam;"[""pam"",""syslog""]";PAM: Login session closed.
06-20-October;wazuh;E:\Cours\TFE\data\raw\Datasets\06-20-October.csv;591;591;;INFO;5502;pam;sudo;machine-2; ;; ; ; ; ; ;;; ; ;; ;;; ; ;;; ;;;; ;;;;;authentication;pam;Oct 18 23:46:24 sohaib-virtual-machine sudo: pam_unix(sudo:session): session closed for user root;3;5502;pam;"[""pam"",""syslog""]";PAM: Login session closed.
06-20-October;wazuh;E:\Cours\TFE\data\raw\Datasets\06-20-October.csv;592;592;;INFO;5402;sudo;sudo;machine-2; ;; ;sohaib; ; ; ;;; ; ;; ;;; ; ;;; ;;;; ;;;;;authentication;sudo;"Oct 18 23:46:25 sohaib-virtual-machine sudo:   sohaib : TTY=pts/3 ; PWD=/home/sohaib ; USER=root ; COMMAND=/usr/bin/sh -c 'printf ""command_start_%s"" ""RPpZosVe""; readlink -e /snap/core20/current/usr/share/doc/openssl 2>/dev/null; printf ""command_done_%s"" ""0ngYUutE""'";3;5402;sudo;"[""syslog"",""sudo""]";Successful sudo to ROOT executed.
06-20-October;wazuh;E:\Cours\TFE\data\raw\Datasets\06-20-October.csv;593;593;;INFO;5502;pam;sudo;machine-2; ;; ; ; ; ; ;;; ; ;; ;;; ; ;;; ;;;; ;;;;;authentication;pam;Oct 18 23:46:26 sohaib-virtual-machine sudo: pam_unix(sudo:session): session closed for user root;3;5502;pam;"[""pam"",""syslog""]";PAM: Login session closed.
06-20-October;wazuh;E:\Cours\TFE\data\raw\Datasets\06-20-October.csv;594;594;;INFO;5402;sudo;sudo;machine-2; ;; ;sohaib; ; ; ;;; ; ;; ;;; ; ;;; ;;;; ;;;;;authentication;sudo;"Oct 18 23:46:26 sohaib-virtual-machine sudo:   sohaib : TTY=pts/3 ; PWD=/home/sohaib ; USER=root ; COMMAND=/usr/bin/sh -c 'printf ""command_start_%s"" ""wls4sFEL""; timeout -s9 900s find \'/\' \\( ! \\( -fstype nfs -prune -o -fstype nfs4 -prune -o -fstype cifs -prune -o -fstype smbfs -prune -o -fstype afs -prune -o -fstype sysfs -prune -o -fstype proc -prune -o -fstype panfs -prune \\) ! \\( -path \'/bin\' -prune -o -path \'/boot\' -prune -o -path \'/dev\' -prune -o -path \'/etc\' -prune -o -path \'/lib\' -prune -o -path \'/media\' -prune -o -path \'/mnt\' -prune -o -path \'/proc\' -prune -o -path \'/run\' -prune -o -path \'/sbin\' -prune -o -path \'/srv\' -prune -o -path \'/sys\' -prune -o -path \'/tmp\' -prune \\) -a \\( -path \'*/productInfoLog_0.txt\' \\) \\) 2>/dev/null; RET=$?; echo; echo ""$RET""; printf ""command_done_%s"" ""CfT3pGDC""'";3;5402;sudo;"[""syslog"",""sudo""]";Successful sudo to ROOT executed.
06-20-October;wazuh;E:\Cours\TFE\data\raw\Datasets\06-20-October.csv;595;595;;INFO;5402;sudo;sudo;machine-2; ;; ;sohaib; ; ; ;;; ; ;; ;;; ; ;;; ;;;; ;;;;;authentication;sudo;"Oct 18 23:46:27 sohaib-virtual-machine sudo:   sohaib : TTY=pts/6 ; PWD=/home/sohaib ; USER=root ; COMMAND=/usr/bin/sh -c 'printf ""command_start_%s"" ""4mPpuhnc""; readlink -e /snap/core20/current/usr/share/lintian/overrides/openssl 2>/dev/null; printf ""command_done_%s"" ""jNRiTmhq""'";3;5402;sudo;"[""syslog"",""sudo""]";Successful sudo to ROOT executed.
06-20-October;wazuh;E:\Cours\TFE\data\raw\Datasets\06-20-October.csv;596;596;;INFO;5501;pam;sudo;machine-2; ;; ;sohaib;1000; ; ;;; ; ;; ;;; ; ;;; ;;;; ;;;;;authentication;pam;Oct 18 23:46:27 sohaib-virtual-machine sudo: pam_unix(sudo:session): session opened for user root(uid=0) by sohaib(uid=1000);3;5501;pam;"[""pam"",""syslog"",""authentication_success""]";PAM: Login session opened.
06-20-October;wazuh;E:\Cours\TFE\data\raw\Datasets\06-20-October.csv;597;597;;INFO;5402;sudo;sudo;machine-2; ;; ;sohaib; ; ; ;;; ; ;; ;;; ; ;;; ;;;; ;;;;;authentication;sudo;"Oct 18 23:46:08 sohaib-virtual-machine sudo:   sohaib : TTY=pts/11 ; PWD=/home/sohaib ; USER=root ; COMMAND=/usr/bin/sh -c 'printf ""command_start_%s"" ""0BODfl1z""; readlink -e /snap/core20/current/bin/openssl 2>/dev/null; printf ""command_done_%s"" ""_jCyTKyE""'";3;5402;sudo;"[""syslog"",""sudo""]";Successful sudo to ROOT executed.
06-20-October;wazuh;E:\Cours\TFE\data\raw\Datasets\06-20-October.csv;598;598;;INFO;5501;pam;sudo;machine-2; ;; ;sohaib;1000; ; ;;; ; ;; ;;; ; ;;; ;;;; ;;;;;authentication;pam;Oct 18 23:46:08 sohaib-virtual-machine sudo: pam_unix(sudo:session): session opened for user root(uid=0) by sohaib(uid=1000);3;5501;pam;"[""pam"",""syslog"",""authentication_success""]";PAM: Login session opened.
06-20-October;wazuh;E:\Cours\TFE\data\raw\Datasets\06-20-October.csv;599;599;;INFO;5402;sudo;sudo;machine-2; ;; ;sohaib; ; ; ;;; ; ;; ;;; ; ;;; ;;;; ;;;;;authentication;sudo;"Oct 18 23:46:09 sohaib-virtual-machine sudo:   sohaib : TTY=pts/10 ; PWD=/home/sohaib ; USER=root ; COMMAND=/usr/bin/sh -c 'printf ""command_start_%s"" ""RR37KGSJ""; ls -l /snap/core20/2015/usr/bin/openssl; printf ""command_done_%s"" ""8SCqrlEQ""'";3;5402;sudo;"[""syslog"",""sudo""]";Successful sudo to ROOT executed.
06-20-October;wazuh;E:\Cours\TFE\data\raw\Datasets\06-20-October.csv;600;600;;INFO;5501;pam;sudo;machine-2; ;; ;sohaib;1000; ; ;;; ; ;; ;;; ; ;;; ;;;; ;;;;;authentication;pam;Oct 18 23:46:09 sohaib-virtual-machine sudo: pam_unix(sudo:session): session opened for user root(uid=0) by sohaib(uid=1000);3;5501;pam;"[""pam"",""syslog"",""authentication_success""]";PAM: Login session opened.
06-20-October;wazuh;E:\Cours\TFE\data\raw\Datasets\06-20-October.csv;601;601;;INFO;5402;sudo;sudo;machine-2; ;; ;sohaib; ; ; ;;; ; ;; ;;; ; ;;; ;;;; ;;;;;authentication;sudo;"Oct 18 23:46:10 sohaib-virtual-machine sudo:   sohaib : TTY=pts/11 ; PWD=/home/sohaib ; USER=root ; COMMAND=/usr/bin/sh -c 'printf ""command_start_%s"" ""gZNBZDIS""; ls -l /snap/core20/2015/etc/apparmor.d/abstractions/openssl; printf ""command_done_%s"" ""q3KjDUdR""'";3;5402;sudo;"[""syslog"",""sudo""]";Successful sudo to ROOT executed.
06-20-October;wazuh;E:\Cours\TFE\data\raw\Datasets\06-20-October.csv;602;602;;INFO;5502;pam;sudo;machine-2; ;; ; ; ; ; ;;; ; ;; ;;; ; ;;; ;;;; ;;;;;authentication;pam;Oct 18 23:46:11 sohaib-virtual-machine sudo: pam_unix(sudo:session): session closed for user root;3;5502;pam;"[""pam"",""syslog""]";PAM: Login session closed.
06-20-October;wazuh;E:\Cours\TFE\data\raw\Datasets\06-20-October.csv;603;603;;INFO;5402;sudo;sudo;machine-2; ;; ;sohaib; ; ; ;;; ; ;; ;;; ; ;;; ;;;; ;;;;;authentication;sudo;"Oct 18 23:46:12 sohaib-virtual-machine sudo:   sohaib : TTY=pts/10 ; PWD=/home/sohaib ; USER=root ; COMMAND=/usr/bin/sh -c 'printf ""command_start_%s"" ""94_nnsOI""; readlink -e /snap/core20/current/lib/python3/dist-packages/cryptography/hazmat/bindings/openssl 2>/dev/null; printf ""command_done_%s"" ""Yjv9_Y9q""'";3;5402;sudo;"[""syslog"",""sudo""]";Successful sudo to ROOT executed.
06-20-October;wazuh;E:\Cours\TFE\data\raw\Datasets\06-20-October.csv;604;604;;INFO;5502;pam;sudo;machine-2; ;; ; ; ; ; ;;; ; ;; ;;; ; ;;; ;;;; ;;;;;authentication;pam;Oct 18 23:46:12 sohaib-virtual-machine sudo: pam_unix(sudo:session): session closed for user root;3;5502;pam;"[""pam"",""syslog""]";PAM: Login session closed.
06-20-October;wazuh;E:\Cours\TFE\data\raw\Datasets\06-20-October.csv;605;605;;INFO;5501;pam;sudo;machine-2; ;; ;sohaib;1000; ; ;;; ; ;; ;;; ; ;;; ;;;; ;;;;;authentication;pam;Oct 18 23:46:13 sohaib-virtual-machine sudo: pam_unix(sudo:session): session opened for user root(uid=0) by sohaib(uid=1000);3;5501;pam;"[""pam"",""syslog"",""authentication_success""]";PAM: Login session opened.
06-20-October;wazuh;E:\Cours\TFE\data\raw\Datasets\06-20-October.csv;606;606;;INFO;5501;pam;sudo;machine-2; ;; ;sohaib;1000; ; ;;; ; ;; ;;; ; ;;; ;;;; ;;;;;authentication;pam;Oct 18 23:45:47 sohaib-virtual-machine sudo: pam_unix(sudo:session): session opened for user root(uid=0) by sohaib(uid=1000);3;5501;pam;"[""pam"",""syslog"",""authentication_success""]";PAM: Login session opened.
06-20-October;wazuh;E:\Cours\TFE\data\raw\Datasets\06-20-October.csv;607;607;;INFO;5502;pam;sudo;machine-2; ;; ; ; ; ; ;;; ; ;; ;;; ; ;;; ;;;; ;;;;;authentication;pam;Oct 18 23:45:47 sohaib-virtual-machine sudo: pam_unix(sudo:session): session closed for user root;3;5502;pam;"[""pam"",""syslog""]";PAM: Login session closed.
06-20-October;wazuh;E:\Cours\TFE\data\raw\Datasets\06-20-October.csv;608;608;;INFO;5502;pam;sudo;machine-2; ;; ; ; ; ; ;;; ; ;; ;;; ; ;;; ;;;; ;;;;;authentication;pam;Oct 18 23:45:48 sohaib-virtual-machine sudo: pam_unix(sudo:session): session closed for user root;3;5502;pam;"[""pam"",""syslog""]";PAM: Login session closed.
06-20-October;wazuh;E:\Cours\TFE\data\raw\Datasets\06-20-October.csv;609;609;;INFO;5402;sudo;sudo;machine-2; ;; ;sohaib; ; ; ;;; ; ;; ;;; ; ;;; ;;;; ;;;;;authentication;sudo;"Oct 18 23:45:48 sohaib-virtual-machine sudo:   sohaib : TTY=pts/8 ; PWD=/home/sohaib ; USER=root ; COMMAND=/usr/bin/sh -c 'printf ""command_start_%s"" ""KV386izy""; ls -l /usr/lib/python3/dist-packages/cryptography/hazmat/backends/openssl; printf ""command_done_%s"" ""5EHAh3ho""'";3;5402;sudo;"[""syslog"",""sudo""]";Successful sudo to ROOT executed.
06-20-October;wazuh;E:\Cours\TFE\data\raw\Datasets\06-20-October.csv;610;610;;INFO;5402;sudo;sudo;machine-2; ;; ;sohaib; ; ; ;;; ; ;; ;;; ; ;;; ;;;; ;;;;;authentication;sudo;"Oct 18 23:45:49 sohaib-virtual-machine sudo:   sohaib : TTY=pts/2 ; PWD=/home/sohaib ; USER=root ; COMMAND=/usr/bin/sh -c 'printf ""command_start_%s"" ""Kvzko_ZU""; timeout -s9 900s find \'/\' -maxdepth 99 -follow \\( ! \\( -fstype nfs -prune -o -fstype nfs4 -prune -o -fstype cifs -prune -o -fstype smbfs -prune -o -fstype afs -prune -o -fstype sysfs -prune -o -fstype proc -prune -o -fstype panfs -prune \\) -a \\( -path \'*/nodejs\' \\) \\) 2>/dev/null; RET=$?; echo; echo ""$RET""; printf ""command_done_%s"" ""EAmImhks""'";3;5402;sudo;"[""syslog"",""sudo""]";Successful sudo to ROOT executed.
06-20-October;wazuh;E:\Cours\TFE\data\raw\Datasets\06-20-October.csv;611;611;;INFO;5501;pam;sudo;machine-2; ;; ;sohaib;1000; ; ;;; ; ;; ;;; ; ;;; ;;;; ;;;;;authentication;pam;Oct 18 23:45:49 sohaib-virtual-machine sudo: pam_unix(sudo:session): session opened for user root(uid=0) by sohaib(uid=1000);3;5501;pam;"[""pam"",""syslog"",""authentication_success""]";PAM: Login session opened.
06-20-October;wazuh;E:\Cours\TFE\data\raw\Datasets\06-20-October.csv;612;612;;INFO;5501;pam;sudo;machine-2; ;; ;sohaib;1000; ; ;;; ; ;; ;;; ; ;;; ;;;; ;;;;;authentication;pam;Oct 18 23:45:52 sohaib-virtual-machine sudo: pam_unix(sudo:session): session opened for user root(uid=0) by sohaib(uid=1000);3;5501;pam;"[""pam"",""syslog"",""authentication_success""]";PAM: Login session opened.
06-20-October;wazuh;E:\Cours\TFE\data\raw\Datasets\06-20-October.csv;613;613;;INFO;5502;pam;sudo;machine-2; ;; ; ; ; ; ;;; ; ;; ;;; ; ;;; ;;;; ;;;;;authentication;pam;Oct 18 23:45:52 sohaib-virtual-machine sudo: pam_unix(sudo:session): session closed for user root;3;5502;pam;"[""pam"",""syslog""]";PAM: Login session closed.
06-20-October;wazuh;E:\Cours\TFE\data\raw\Datasets\06-20-October.csv;614;614;;INFO;5402;sudo;sudo;machine-2; ;; ;sohaib; ; ; ;;; ; ;; ;;; ; ;;; ;;;; ;;;;;authentication;sudo;"Oct 18 23:45:52 sohaib-virtual-machine sudo:   sohaib : TTY=pts/7 ; PWD=/home/sohaib ; USER=root ; COMMAND=/usr/bin/sh -c 'printf ""command_start_%s"" ""LLaD4Tt1""; readlink -e /lib/x86_64-linux-gnu/libcrypto.so.3 2>/dev/null; printf ""command_done_%s"" ""gXszAr5D""'";3;5402;sudo;"[""syslog"",""sudo""]";Successful sudo to ROOT executed.
06-20-October;wazuh;E:\Cours\TFE\data\raw\Datasets\06-20-October.csv;615;615;;INFO;5501;pam;sudo;machine-2; ;; ;sohaib;1000; ; ;;; ; ;; ;;; ; ;;; ;;;; ;;;;;authentication;pam;Oct 18 23:45:52 sohaib-virtual-machine sudo: pam_unix(sudo:session): session opened for user root(uid=0) by sohaib(uid=1000);3;5501;pam;"[""pam"",""syslog"",""authentication_success""]";PAM: Login session opened.
06-20-October;wazuh;E:\Cours\TFE\data\raw\Datasets\06-20-October.csv;616;616;;INFO;5501;pam;sudo;machine-2; ;; ;sohaib;1000; ; ;;; ; ;; ;;; ; ;;; ;;;; ;;;;;authentication;pam;Oct 18 23:46:14 sohaib-virtual-machine sudo: pam_unix(sudo:session): session opened for user root(uid=0) by sohaib(uid=1000);3;5501;pam;"[""pam"",""syslog"",""authentication_success""]";PAM: Login session opened.
06-20-October;wazuh;E:\Cours\TFE\data\raw\Datasets\06-20-October.csv;617;617;;INFO;5502;pam;sudo;machine-2; ;; ; ; ; ; ;;; ; ;; ;;; ; ;;; ;;;; ;;;;;authentication;pam;Oct 18 23:46:14 sohaib-virtual-machine sudo: pam_unix(sudo:session): session closed for user root;3;5502;pam;"[""pam"",""syslog""]";PAM: Login session closed.
06-20-October;wazuh;E:\Cours\TFE\data\raw\Datasets\06-20-October.csv;618;618;;INFO;5402;sudo;sudo;machine-2; ;; ;sohaib; ; ; ;;; ; ;; ;;; ; ;;; ;;;; ;;;;;authentication;sudo;"Oct 18 23:46:15 sohaib-virtual-machine sudo:   sohaib : TTY=pts/10 ; PWD=/home/sohaib ; USER=root ; COMMAND=/usr/bin/sh -c 'printf ""command_start_%s"" ""FngH_mqI""; readlink -e /snap/core20/current/lib/x86_64-linux-gnu/libssl.so.1.1 2>/dev/null; printf ""command_done_%s"" ""0NIwUAYg""'";3;5402;sudo;"[""syslog"",""sudo""]";Successful sudo to ROOT executed.
06-20-October;wazuh;E:\Cours\TFE\data\raw\Datasets\06-20-October.csv;619;619;;INFO;5501;pam;sudo;machine-2; ;; ;sohaib;1000; ; ;;; ; ;; ;;; ; ;;; ;;;; ;;;;;authentication;pam;Oct 18 23:46:15 sohaib-virtual-machine sudo: pam_unix(sudo:session): session opened for user root(uid=0) by sohaib(uid=1000);3;5501;pam;"[""pam"",""syslog"",""authentication_success""]";PAM: Login session opened.
06-20-October;wazuh;E:\Cours\TFE\data\raw\Datasets\06-20-October.csv;620;620;;INFO;5402;sudo;sudo;machine-2; ;; ;sohaib; ; ; ;;; ; ;; ;;; ; ;;; ;;;; ;;;;;authentication;sudo;"Oct 18 23:46:16 sohaib-virtual-machine sudo:   sohaib : TTY=pts/11 ; PWD=/home/sohaib ; USER=root ; COMMAND=/usr/bin/sh -c 'printf ""command_start_%s"" ""WEv0dvWs""; ls -l /snap/core20/2015/usr/lib/x86_64-linux-gnu/libssl.so.1.1; printf ""command_done_%s"" ""YkxBMjti""'";3;5402;sudo;"[""syslog"",""sudo""]";Successful sudo to ROOT executed.
06-20-October;wazuh;E:\Cours\TFE\data\raw\Datasets\06-20-October.csv;621;621;;INFO;5501;pam;sudo;machine-2; ;; ;sohaib;1000; ; ;;; ; ;; ;;; ; ;;; ;;;; ;;;;;authentication;pam;Oct 18 23:46:16 sohaib-virtual-machine sudo: pam_unix(sudo:session): session opened for user root(uid=0) by sohaib(uid=1000);3;5501;pam;"[""pam"",""syslog"",""authentication_success""]";PAM: Login session opened.
06-20-October;wazuh;E:\Cours\TFE\data\raw\Datasets\06-20-October.csv;622;622;;INFO;5502;pam;sudo;machine-2; ;; ; ; ; ; ;;; ; ;; ;;; ; ;;; ;;;; ;;;;;authentication;pam;Oct 18 23:46:16 sohaib-virtual-machine sudo: pam_unix(sudo:session): session closed for user root;3;5502;pam;"[""pam"",""syslog""]";PAM: Login session closed.
06-20-October;wazuh;E:\Cours\TFE\data\raw\Datasets\06-20-October.csv;623;623;;INFO;5501;pam;sudo;machine-2; ;; ;sohaib;1000; ; ;;; ; ;; ;;; ; ;;; ;;;; ;;;;;authentication;pam;Oct 18 23:46:17 sohaib-virtual-machine sudo: pam_unix(sudo:session): session opened for user root(uid=0) by sohaib(uid=1000);3;5501;pam;"[""pam"",""syslog"",""authentication_success""]";PAM: Login session opened.
06-20-October;wazuh;E:\Cours\TFE\data\raw\Datasets\06-20-October.csv;624;624;;INFO;5502;pam;sudo;machine-2; ;; ; ; ; ; ;;; ; ;; ;;; ; ;;; ;;;; ;;;;;authentication;pam;Oct 18 23:46:17 sohaib-virtual-machine sudo: pam_unix(sudo:session): session closed for user root;3;5502;pam;"[""pam"",""syslog""]";PAM: Login session closed.
06-20-October;wazuh;E:\Cours\TFE\data\raw\Datasets\06-20-October.csv;625;625;;INFO;5501;pam;sudo;machine-2; ;; ;sohaib;1000; ; ;;; ; ;; ;;; ; ;;; ;;;; ;;;;;authentication;pam;Oct 18 23:46:03 sohaib-virtual-machine sudo: pam_unix(sudo:session): session opened for user root(uid=0) by sohaib(uid=1000);3;5501;pam;"[""pam"",""syslog"",""authentication_success""]";PAM: Login session opened.
06-20-October;wazuh;E:\Cours\TFE\data\raw\Datasets\06-20-October.csv;626;626;;INFO;5502;pam;sudo;machine-2; ;; ; ; ; ; ;;; ; ;; ;;; ; ;;; ;;;; ;;;;;authentication;pam;Oct 18 23:46:04 sohaib-virtual-machine sudo: pam_unix(sudo:session): session closed for user root;3;5502;pam;"[""pam"",""syslog""]";PAM: Login session closed.
06-20-October;wazuh;E:\Cours\TFE\data\raw\Datasets\06-20-October.csv;627;627;;INFO;5402;sudo;sudo;machine-2; ;; ;sohaib; ; ; ;;; ; ;; ;;; ; ;;; ;;;; ;;;;;authentication;sudo;"Oct 18 23:46:05 sohaib-virtual-machine sudo:   sohaib : TTY=pts/10 ; PWD=/home/sohaib ; USER=root ; COMMAND=/usr/bin/sh -c 'printf ""command_start_%s"" ""hIMM6lWI""; readlink -e /snap/snapd/current/usr/lib/snapd/apparmor.d/abstractions/openssl 2>/dev/null; printf ""command_done_%s"" ""9kr_WFtF""'";3;5402;sudo;"[""syslog"",""sudo""]";Successful sudo to ROOT executed.
06-20-October;wazuh;E:\Cours\TFE\data\raw\Datasets\06-20-October.csv;628;628;;INFO;5501;pam;sudo;machine-2; ;; ;sohaib;1000; ; ;;; ; ;; ;;; ; ;;; ;;;; ;;;;;authentication;pam;Oct 18 23:46:06 sohaib-virtual-machine sudo: pam_unix(sudo:session): session opened for user root(uid=0) by sohaib(uid=1000);3;5501;pam;"[""pam"",""syslog"",""authentication_success""]";PAM: Login session opened.
06-20-October;wazuh;E:\Cours\TFE\data\raw\Datasets\06-20-October.csv;629;629;;INFO;5502;pam;sudo;machine-2; ;; ; ; ; ; ;;; ; ;; ;;; ; ;;; ;;;; ;;;;;authentication;pam;Oct 18 23:46:06 sohaib-virtual-machine sudo: pam_unix(sudo:session): session closed for user root;3;5502;pam;"[""pam"",""syslog""]";PAM: Login session closed.
06-20-October;wazuh;E:\Cours\TFE\data\raw\Datasets\06-20-October.csv;630;630;;INFO;5402;sudo;sudo;machine-2; ;; ;sohaib; ; ; ;;; ; ;; ;;; ; ;;; ;;;; ;;;;;authentication;sudo;"Oct 18 23:46:07 sohaib-virtual-machine sudo:   sohaib : TTY=pts/10 ; PWD=/home/sohaib ; USER=root ; COMMAND=/usr/bin/sh -c 'printf ""command_start_%s"" ""Gnx2MC9X""; ls -l /snap/snapd/19457/usr/lib/snapd/apparmor.d/abstractions/openssl; printf ""command_done_%s"" ""RTKf5z2S""'";3;5402;sudo;"[""syslog"",""sudo""]";Successful sudo to ROOT executed.
06-20-October;wazuh;E:\Cours\TFE\data\raw\Datasets\06-20-October.csv;631;631;;INFO;5501;pam;sudo;machine-2; ;; ;sohaib;1000; ; ;;; ; ;; ;;; ; ;;; ;;;; ;;;;;authentication;pam;Oct 18 23:46:07 sohaib-virtual-machine sudo: pam_unix(sudo:session): session opened for user root(uid=0) by sohaib(uid=1000);3;5501;pam;"[""pam"",""syslog"",""authentication_success""]";PAM: Login session opened.
06-20-October;wazuh;E:\Cours\TFE\data\raw\Datasets\06-20-October.csv;632;632;;INFO;5502;pam;sudo;machine-2; ;; ; ; ; ; ;;; ; ;; ;;; ; ;;; ;;;; ;;;;;authentication;pam;Oct 18 23:46:07 sohaib-virtual-machine sudo: pam_unix(sudo:session): session closed for user root;3;5502;pam;"[""pam"",""syslog""]";PAM: Login session closed.
06-20-October;wazuh;E:\Cours\TFE\data\raw\Datasets\06-20-October.csv;633;633;;INFO;5502;pam;sudo;machine-2; ;; ; ; ; ; ;;; ; ;; ;;; ; ;;; ;;;; ;;;;;authentication;pam;Oct 18 23:46:19 sohaib-virtual-machine sudo: pam_unix(sudo:session): session closed for user root;3;5502;pam;"[""pam"",""syslog""]";PAM: Login session closed.
06-20-October;wazuh;E:\Cours\TFE\data\raw\Datasets\06-20-October.csv;634;634;;INFO;5501;pam;sudo;machine-2; ;; ;sohaib;1000; ; ;;; ; ;; ;;; ; ;;; ;;;; ;;;;;authentication;pam;Oct 18 23:46:21 sohaib-virtual-machine sudo: pam_unix(sudo:session): session opened for user root(uid=0) by sohaib(uid=1000);3;5501;pam;"[""pam"",""syslog"",""authentication_success""]";PAM: Login session opened.
06-20-October;wazuh;E:\Cours\TFE\data\raw\Datasets\06-20-October.csv;635;635;;INFO;5402;sudo;sudo;machine-2; ;; ;sohaib; ; ; ;;; ; ;; ;;; ; ;;; ;;;; ;;;;;authentication;sudo;"Oct 18 23:46:22 sohaib-virtual-machine sudo:   sohaib : TTY=pts/10 ; PWD=/home/sohaib ; USER=root ; COMMAND=/usr/bin/sh -c 'printf ""command_start_%s"" ""eo4UFajH""; readlink -e /snap/core20/current/usr/lib/x86_64-linux-gnu/libssl.so.1.1 2>/dev/null; printf ""command_done_%s"" ""t1pYDUY2""'";3;5402;sudo;"[""syslog"",""sudo""]";Successful sudo to ROOT executed.
06-20-October;wazuh;E:\Cours\TFE\data\raw\Datasets\06-20-October.csv;636;636;;INFO;5502;pam;sudo;machine-2; ;; ; ; ; ; ;;; ; ;; ;;; ; ;;; ;;;; ;;;;;authentication;pam;Oct 18 23:46:22 sohaib-virtual-machine sudo: pam_unix(sudo:session): session closed for user root;3;5502;pam;"[""pam"",""syslog""]";PAM: Login session closed.
06-20-October;wazuh;E:\Cours\TFE\data\raw\Datasets\06-20-October.csv;637;637;;INFO;5402;sudo;sudo;machine-2; ;; ;sohaib; ; ; ;;; ; ;; ;;; ; ;;; ;;;; ;;;;;authentication;sudo;"Oct 18 23:46:22 sohaib-virtual-machine sudo:   sohaib : TTY=pts/10 ; PWD=/home/sohaib ; USER=root ; COMMAND=/usr/bin/sh -c 'printf ""command_start_%s"" ""17HGT6YP""; ls -l /snap/core20/2015/usr/lib/x86_64-linux-gnu/libssl.so.1.1; printf ""command_done_%s"" ""ELnTjsEO""'";3;5402;sudo;"[""syslog"",""sudo""]";Successful sudo to ROOT executed.
06-20-October;wazuh;E:\Cours\TFE\data\raw\Datasets\06-20-October.csv;638;638;;INFO;5501;pam;sudo;machine-2; ;; ;sohaib;1000; ; ;;; ; ;; ;;; ; ;;; ;;;; ;;;;;authentication;pam;Oct 18 23:46:23 sohaib-virtual-machine sudo: pam_unix(sudo:session): session opened for user root(uid=0) by sohaib(uid=1000);3;5501;pam;"[""pam"",""syslog"",""authentication_success""]";PAM: Login session opened.
06-20-October;wazuh;E:\Cours\TFE\data\raw\Datasets\06-20-October.csv;639;639;;INFO;5502;pam;sudo;machine-2; ;; ; ; ; ; ;;; ; ;; ;;; ; ;;; ;;;; ;;;;;authentication;pam;Oct 18 23:46:23 sohaib-virtual-machine sudo: pam_unix(sudo:session): session closed for user root;3;5502;pam;"[""pam"",""syslog""]";PAM: Login session closed.
06-20-October;wazuh;E:\Cours\TFE\data\raw\Datasets\06-20-October.csv;640;640;;INFO;5501;pam;sudo;machine-2; ;; ;sohaib;1000; ; ;;; ; ;; ;;; ; ;;; ;;;; ;;;;;authentication;pam;Oct 18 23:45:54 sohaib-virtual-machine sudo: pam_unix(sudo:session): session opened for user root(uid=0) by sohaib(uid=1000);3;5501;pam;"[""pam"",""syslog"",""authentication_success""]";PAM: Login session opened.
06-20-October;wazuh;E:\Cours\TFE\data\raw\Datasets\06-20-October.csv;641;641;;INFO;5402;sudo;sudo;machine-2; ;; ;sohaib; ; ; ;;; ; ;; ;;; ; ;;; ;;;; ;;;;;authentication;sudo;"Oct 18 23:45:54 sohaib-virtual-machine sudo:   sohaib : TTY=pts/7 ; PWD=/home/sohaib ; USER=root ; COMMAND=/usr/bin/sh -c 'printf ""command_start_%s"" ""YNjgbacV""; ls -l /usr/bin/openssl; printf ""command_done_%s"" ""JI3Q2Nkw""'";3;5402;sudo;"[""syslog"",""sudo""]";Successful sudo to ROOT executed.
06-20-October;wazuh;E:\Cours\TFE\data\raw\Datasets\06-20-October.csv;642;642;;INFO;5501;pam;sudo;machine-2; ;; ;sohaib;1000; ; ;;; ; ;; ;;; ; ;;; ;;;; ;;;;;authentication;pam;Oct 18 23:45:54 sohaib-virtual-machine sudo: pam_unix(sudo:session): session opened for user root(uid=0) by sohaib(uid=1000);3;5501;pam;"[""pam"",""syslog"",""authentication_success""]";PAM: Login session opened.
06-20-October;wazuh;E:\Cours\TFE\data\raw\Datasets\06-20-October.csv;643;643;;INFO;5501;pam;sudo;machine-2; ;; ;sohaib;1000; ; ;;; ; ;; ;;; ; ;;; ;;;; ;;;;;authentication;pam;Oct 18 23:45:55 sohaib-virtual-machine sudo: pam_unix(sudo:session): session opened for user root(uid=0) by sohaib(uid=1000);3;5501;pam;"[""pam"",""syslog"",""authentication_success""]";PAM: Login session opened.
06-20-October;wazuh;E:\Cours\TFE\data\raw\Datasets\06-20-October.csv;644;644;;INFO;5402;sudo;sudo;machine-2; ;; ;sohaib; ; ; ;;; ; ;; ;;; ; ;;; ;;;; ;;;;;authentication;sudo;"Oct 18 23:45:56 sohaib-virtual-machine sudo:   sohaib : TTY=pts/7 ; PWD=/home/sohaib ; USER=root ; COMMAND=/usr/bin/sh -c 'printf ""command_start_%s"" ""sh0gic4N""; ls -l /usr/share/lintian/overrides/openssl; printf ""command_done_%s"" ""K5WMCijQ""'";3;5402;sudo;"[""syslog"",""sudo""]";Successful sudo to ROOT executed.
06-20-October;wazuh;E:\Cours\TFE\data\raw\Datasets\06-20-October.csv;645;645;;INFO;5501;pam;sudo;machine-2; ;; ;sohaib;1000; ; ;;; ; ;; ;;; ; ;;; ;;;; ;;;;;authentication;pam;Oct 18 23:45:56 sohaib-virtual-machine sudo: pam_unix(sudo:session): session opened for user root(uid=0) by sohaib(uid=1000);3;5501;pam;"[""pam"",""syslog"",""authentication_success""]";PAM: Login session opened.
06-20-October;wazuh;E:\Cours\TFE\data\raw\Datasets\06-20-October.csv;646;646;;INFO;5502;pam;sudo;machine-2; ;; ; ; ; ; ;;; ; ;; ;;; ; ;;; ;;;; ;;;;;authentication;pam;Oct 18 23:46:29 sohaib-virtual-machine sudo: pam_unix(sudo:session): session closed for user root;3;5502;pam;"[""pam"",""syslog""]";PAM: Login session closed.
06-20-October;wazuh;E:\Cours\TFE\data\raw\Datasets\06-20-October.csv;647;647;;INFO;5501;pam;sudo;machine-2; ;; ;sohaib;1000; ; ;;; ; ;; ;;; ; ;;; ;;;; ;;;;;authentication;pam;Oct 18 23:46:29 sohaib-virtual-machine sudo: pam_unix(sudo:session): session opened for user root(uid=0) by sohaib(uid=1000);3;5501;pam;"[""pam"",""syslog"",""authentication_success""]";PAM: Login session opened.
06-20-October;wazuh;E:\Cours\TFE\data\raw\Datasets\06-20-October.csv;648;648;;INFO;5502;pam;sudo;machine-2; ;; ; ; ; ; ;;; ; ;; ;;; ; ;;; ;;;; ;;;;;authentication;pam;Oct 18 23:46:31 sohaib-virtual-machine sudo: pam_unix(sudo:session): session closed for user root;3;5502;pam;"[""pam"",""syslog""]";PAM: Login session closed.
06-20-October;wazuh;E:\Cours\TFE\data\raw\Datasets\06-20-October.csv;649;649;;INFO;5501;pam;sudo;machine-2; ;; ;sohaib;1000; ; ;;; ; ;; ;;; ; ;;; ;;;; ;;;;;authentication;pam;Oct 18 23:46:32 sohaib-virtual-machine sudo: pam_unix(sudo:session): session opened for user root(uid=0) by sohaib(uid=1000);3;5501;pam;"[""pam"",""syslog"",""authentication_success""]";PAM: Login session opened.
06-20-October;wazuh;E:\Cours\TFE\data\raw\Datasets\06-20-October.csv;650;650;;INFO;5502;pam;sudo;machine-2; ;; ; ; ; ; ;;; ; ;; ;;; ; ;;; ;;;; ;;;;;authentication;pam;Oct 18 23:46:32 sohaib-virtual-machine sudo: pam_unix(sudo:session): session closed for user root;3;5502;pam;"[""pam"",""syslog""]";PAM: Login session closed.
06-20-October;wazuh;E:\Cours\TFE\data\raw\Datasets\06-20-October.csv;651;651;;INFO;5502;pam;sudo;machine-2; ;; ; ; ; ; ;;; ; ;; ;;; ; ;;; ;;;; ;;;;;authentication;pam;Oct 18 23:47:50 sohaib-virtual-machine sudo: pam_unix(sudo:session): session closed for user root;3;5502;pam;"[""pam"",""syslog""]";PAM: Login session closed.
06-20-October;wazuh;E:\Cours\TFE\data\raw\Datasets\06-20-October.csv;652;652;;INFO;5502;pam;sudo;machine-2; ;; ; ; ; ; ;;; ; ;; ;;; ; ;;; ;;;; ;;;;;authentication;pam;Oct 18 23:47:51 sohaib-virtual-machine sudo: pam_unix(sudo:session): session closed for user root;3;5502;pam;"[""pam"",""syslog""]";PAM: Login session closed.
06-20-October;wazuh;E:\Cours\TFE\data\raw\Datasets\06-20-October.csv;653;653;;INFO;5402;sudo;sudo;machine-2; ;; ;sohaib; ; ; ;;; ; ;; ;;; ; ;;; ;;;; ;;;;;authentication;sudo;"Oct 18 23:47:51 sohaib-virtual-machine sudo:   sohaib : TTY=pts/7 ; PWD=/home/sohaib ; USER=root ; COMMAND=/usr/bin/sh -c 'printf ""command_start_%s"" ""RydRNjW0""; grep -aE \'This is Libgcrypt ([0-9.]+)\' /snap/gnome-42-2204/current/usr/lib/x86_64-linux-gnu/libgcrypt.so 2>/dev/null; printf ""command_done_%s"" ""F4m7MhEu""'";3;5402;sudo;"[""syslog"",""sudo""]";Successful sudo to ROOT executed.
06-20-October;wazuh;E:\Cours\TFE\data\raw\Datasets\06-20-October.csv;654;654;;INFO;5502;pam;sshd;machine-2; ;; ; ; ; ; ;;; ; ;; ;;; ; ;;; ;;;; ;;;;;authentication;pam;Oct 18 23:47:51 sohaib-virtual-machine sshd[14776]: pam_unix(sshd:session): session closed for user sohaib;3;5502;pam;"[""pam"",""syslog""]";PAM: Login session closed.
06-20-October;wazuh;E:\Cours\TFE\data\raw\Datasets\06-20-October.csv;655;655;;INFO;5501;pam;sudo;machine-2; ;; ;sohaib;1000; ; ;;; ; ;; ;;; ; ;;; ;;;; ;;;;;authentication;pam;Oct 18 23:47:51 sohaib-virtual-machine sudo: pam_unix(sudo:session): session opened for user root(uid=0) by sohaib(uid=1000);3;5501;pam;"[""pam"",""syslog"",""authentication_success""]";PAM: Login session opened.
06-20-October;wazuh;E:\Cours\TFE\data\raw\Datasets\06-20-October.csv;656;656;;INFO;5402;sudo;sudo;machine-2; ;; ;sohaib; ; ; ;;; ; ;; ;;; ; ;;; ;;;; ;;;;;authentication;sudo;"Oct 18 23:47:52 sohaib-virtual-machine sudo:   sohaib : TTY=pts/4 ; PWD=/home/sohaib ; USER=root ; COMMAND=/usr/bin/sh -c 'printf ""command_start_%s"" ""6Bud8PPx""; [ -f ""/snap/gnome-42-2204/current/usr/lib/x86_64-linux-gnu/libgcrypt.so.20"" ] || [ -d ""/snap/gnome-42-2204/current/usr/lib/x86_64-linux-gnu/libgcrypt.so.20"" ] && echo ""found""; printf ""command_done_%s"" ""2JYKLIrj""'";3;5402;sudo;"[""syslog"",""sudo""]";Successful sudo to ROOT executed.
06-20-October;wazuh;E:\Cours\TFE\data\raw\Datasets\06-20-October.csv;657;657;;INFO;5502;pam;sudo;machine-2; ;; ; ; ; ; ;;; ; ;; ;;; ; ;;; ;;;; ;;;;;authentication;pam;Oct 18 23:47:52 sohaib-virtual-machine sudo: pam_unix(sudo:session): session closed for user root;3;5502;pam;"[""pam"",""syslog""]";PAM: Login session closed.
06-20-October;wazuh;E:\Cours\TFE\data\raw\Datasets\06-20-October.csv;658;658;;INFO;5501;pam;sshd;machine-2; ;; ; ;0; ; ;;; ; ;; ;;; ; ;;; ;;;; ;;;;;authentication;pam;Oct 18 23:47:52 sohaib-virtual-machine sshd[15238]: pam_unix(sshd:session): session opened for user sohaib(uid=1000) by (uid=0);3;5501;pam;"[""pam"",""syslog"",""authentication_success""]";PAM: Login session opened.
06-20-October;wazuh;E:\Cours\TFE\data\raw\Datasets\06-20-October.csv;659;659;;INFO;5402;sudo;sudo;machine-2; ;; ;sohaib; ; ; ;;; ; ;; ;;; ; ;;; ;;;; ;;;;;authentication;sudo;"Oct 18 23:47:52 sohaib-virtual-machine sudo:   sohaib : TTY=pts/2 ; PWD=/home/sohaib ; USER=root ; COMMAND=/usr/bin/sh -c 'printf ""command_start_%s"" ""L8Js7iyb""; readlink -e /snap/core22/864/bin/openssl 2>/dev/null; printf ""command_done_%s"" ""OwxLnssd""'";3;5402;sudo;"[""syslog"",""sudo""]";Successful sudo to ROOT executed.
06-20-October;wazuh;E:\Cours\TFE\data\raw\Datasets\06-20-October.csv;660;660;;INFO;5402;sudo;sudo;machine-2; ;; ;sohaib; ; ; ;;; ; ;; ;;; ; ;;; ;;;; ;;;;;authentication;sudo;"Oct 18 23:47:53 sohaib-virtual-machine sudo:   sohaib : TTY=pts/6 ; PWD=/home/sohaib ; USER=root ; COMMAND=/usr/bin/sh -c 'printf ""command_start_%s"" ""84Fa16DH""; grep -aE \'This is Libgcrypt ([0-9.]+)\' /snap/gnome-42-2204/current/usr/lib/x86_64-linux-gnu/libgcrypt.so.20 2>/dev/null; printf ""command_done_%s"" ""K4h3YZof""'";3;5402;sudo;"[""syslog"",""sudo""]";Successful sudo to ROOT executed.
06-20-October;wazuh;E:\Cours\TFE\data\raw\Datasets\06-20-October.csv;661;661;;INFO;5501;pam;sudo;machine-2; ;; ;sohaib;1000; ; ;;; ; ;; ;;; ; ;;; ;;;; ;;;;;authentication;pam;Oct 18 23:47:53 sohaib-virtual-machine sudo: pam_unix(sudo:session): session opened for user root(uid=0) by sohaib(uid=1000);3;5501;pam;"[""pam"",""syslog"",""authentication_success""]";PAM: Login session opened.
06-20-October;wazuh;E:\Cours\TFE\data\raw\Datasets\06-20-October.csv;662;662;;INFO;5502;pam;sudo;machine-2; ;; ; ; ; ; ;;; ; ;; ;;; ; ;;; ;;;; ;;;;;authentication;pam;Oct 18 23:47:53 sohaib-virtual-machine sudo: pam_unix(sudo:session): session closed for user root;3;5502;pam;"[""pam"",""syslog""]";PAM: Login session closed.
06-20-October;wazuh;E:\Cours\TFE\data\raw\Datasets\06-20-October.csv;663;663;;INFO;5501;pam;sudo;machine-2; ;; ;sohaib;1000; ; ;;; ; ;; ;;; ; ;;; ;;;; ;;;;;authentication;pam;Oct 18 23:47:53 sohaib-virtual-machine sudo: pam_unix(sudo:session): session opened for user root(uid=0) by sohaib(uid=1000);3;5501;pam;"[""pam"",""syslog"",""authentication_success""]";PAM: Login session opened.
06-20-October;wazuh;E:\Cours\TFE\data\raw\Datasets\06-20-October.csv;664;664;;INFO;5502;pam;sudo;machine-2; ;; ; ; ; ; ;;; ; ;; ;;; ; ;;; ;;;; ;;;;;authentication;pam;Oct 18 23:47:53 sohaib-virtual-machine sudo: pam_unix(sudo:session): session closed for user root;3;5502;pam;"[""pam"",""syslog""]";PAM: Login session closed.
06-20-October;wazuh;E:\Cours\TFE\data\raw\Datasets\06-20-October.csv;665;665;;INFO;5501;pam;sudo;machine-2; ;; ;sohaib;1000; ; ;;; ; ;; ;;; ; ;;; ;;;; ;;;;;authentication;pam;Oct 18 23:47:53 sohaib-virtual-machine sudo: pam_unix(sudo:session): session opened for user root(uid=0) by sohaib(uid=1000);3;5501;pam;"[""pam"",""syslog"",""authentication_success""]";PAM: Login session opened.
06-20-October;wazuh;E:\Cours\TFE\data\raw\Datasets\06-20-October.csv;666;666;;INFO;5502;pam;sudo;machine-2; ;; ; ; ; ; ;;; ; ;; ;;; ; ;;; ;;;; ;;;;;authentication;pam;Oct 18 23:47:53 sohaib-virtual-machine sudo: pam_unix(sudo:session): session closed for user root;3;5502;pam;"[""pam"",""syslog""]";PAM: Login session closed.
06-20-October;wazuh;E:\Cours\TFE\data\raw\Datasets\06-20-October.csv;667;667;;INFO;5501;pam;sudo;machine-2; ;; ;sohaib;1000; ; ;;; ; ;; ;;; ; ;;; ;;;; ;;;;;authentication;pam;Oct 18 23:47:54 sohaib-virtual-machine sudo: pam_unix(sudo:session): session opened for user root(uid=0) by sohaib(uid=1000);3;5501;pam;"[""pam"",""syslog"",""authentication_success""]";PAM: Login session opened.
06-20-October;wazuh;E:\Cours\TFE\data\raw\Datasets\06-20-October.csv;668;668;;INFO;5402;sudo;sudo;machine-2; ;; ;sohaib; ; ; ;;; ; ;; ;;; ; ;;; ;;;; ;;;;;authentication;sudo;"Oct 18 23:47:54 sohaib-virtual-machine sudo:   sohaib : TTY=pts/7 ; PWD=/home/sohaib ; USER=root ; COMMAND=/usr/bin/sh -c 'printf ""command_start_%s"" ""cpY0lcHW""; grep -aE \'This is Libgcrypt ([0-9.]+)\' /snap/gnome-42-2204/current/usr/lib/x86_64-linux-gnu/libgcrypt.so.20.3.4 2>/dev/null; printf ""command_done_%s"" ""YvhdZTr7""'";3;5402;sudo;"[""syslog"",""sudo""]";Successful sudo to ROOT executed.
06-20-October;wazuh;E:\Cours\TFE\data\raw\Datasets\06-20-October.csv;669;669;;INFO;5502;pam;sudo;machine-2; ;; ; ; ; ; ;;; ; ;; ;;; ; ;;; ;;;; ;;;;;authentication;pam;Oct 18 23:47:55 sohaib-virtual-machine sudo: pam_unix(sudo:session): session closed for user root;3;5502;pam;"[""pam"",""syslog""]";PAM: Login session closed.
06-20-October;wazuh;E:\Cours\TFE\data\raw\Datasets\06-20-October.csv;670;670;;INFO;5502;pam;sudo;machine-2; ;; ; ; ; ; ;;; ; ;; ;;; ; ;;; ;;;; ;;;;;authentication;pam;Oct 18 23:47:55 sohaib-virtual-machine sudo: pam_unix(sudo:session): session closed for user root;3;5502;pam;"[""pam"",""syslog""]";PAM: Login session closed.
06-20-October;wazuh;E:\Cours\TFE\data\raw\Datasets\06-20-October.csv;671;671;;INFO;5402;sudo;sudo;machine-2; ;; ;sohaib; ; ; ;;; ; ;; ;;; ; ;;; ;;;; ;;;;;authentication;sudo;"Oct 18 23:47:55 sohaib-virtual-machine sudo:   sohaib : TTY=pts/4 ; PWD=/home/sohaib ; USER=root ; COMMAND=/usr/bin/sh -c 'printf ""command_start_%s"" ""9h0GNUKg""; readlink -e /snap/core22/864/lib/python3/dist-packages/cryptography/hazmat/backends/openssl 2>/dev/null; printf ""command_done_%s"" ""OJLPxEte""'";3;5402;sudo;"[""syslog"",""sudo""]";Successful sudo to ROOT executed.
06-20-October;wazuh;E:\Cours\TFE\data\raw\Datasets\06-20-October.csv;672;672;;INFO;5501;pam;sudo;machine-2; ;; ;sohaib;1000; ; ;;; ; ;; ;;; ; ;;; ;;;; ;;;;;authentication;pam;Oct 18 23:47:55 sohaib-virtual-machine sudo: pam_unix(sudo:session): session opened for user root(uid=0) by sohaib(uid=1000);3;5501;pam;"[""pam"",""syslog"",""authentication_success""]";PAM: Login session opened.
06-20-October;wazuh;E:\Cours\TFE\data\raw\Datasets\06-20-October.csv;673;673;;INFO;5402;sudo;sudo;machine-2; ;; ;sohaib; ; ; ;;; ; ;; ;;; ; ;;; ;;;; ;;;;;authentication;sudo;"Oct 18 23:47:56 sohaib-virtual-machine sudo:   sohaib : TTY=pts/4 ; PWD=/home/sohaib ; USER=root ; COMMAND=/usr/bin/sh -c 'printf ""command_start_%s"" ""EIjvlWSx""; ls -l /snap/core22/864/usr/lib/python3/dist-packages/cryptography/hazmat/backends/openssl; printf ""command_done_%s"" ""esqWqSuN""'";3;5402;sudo;"[""syslog"",""sudo""]";Successful sudo to ROOT executed.
06-20-October;wazuh;E:\Cours\TFE\data\raw\Datasets\06-20-October.csv;674;674;;INFO;5502;pam;sudo;machine-2; ;; ; ; ; ; ;;; ; ;; ;;; ; ;;; ;;;; ;;;;;authentication;pam;Oct 18 23:47:56 sohaib-virtual-machine sudo: pam_unix(sudo:session): session closed for user root;3;5502;pam;"[""pam"",""syslog""]";PAM: Login session closed.
06-20-October;wazuh;E:\Cours\TFE\data\raw\Datasets\06-20-October.csv;675;675;;INFO;5402;sudo;sudo;machine-2; ;; ;sohaib; ; ; ;;; ; ;; ;;; ; ;;; ;;;; ;;;;;authentication;sudo;"Oct 18 23:48:00 sohaib-virtual-machine sudo:   sohaib : TTY=pts/3 ; PWD=/home/sohaib ; USER=root ; COMMAND=/usr/bin/sh -c 'printf ""command_start_%s"" ""1UD5c5DC""; readlink -e /lib/x86_64-linux-gnu/libcurl.so.4 2>/dev/null; printf ""command_done_%s"" ""aEu7Fmsu""'";3;5402;sudo;"[""syslog"",""sudo""]";Successful sudo to ROOT executed.
06-20-October;wazuh;E:\Cours\TFE\data\raw\Datasets\06-20-October.csv;676;676;;INFO;5501;pam;sudo;machine-2; ;; ;sohaib;1000; ; ;;; ; ;; ;;; ; ;;; ;;;; ;;;;;authentication;pam;Oct 18 23:48:00 sohaib-virtual-machine sudo: pam_unix(sudo:session): session opened for user root(uid=0) by sohaib(uid=1000);3;5501;pam;"[""pam"",""syslog"",""authentication_success""]";PAM: Login session opened.
06-20-October;wazuh;E:\Cours\TFE\data\raw\Datasets\06-20-October.csv;677;677;;INFO;5502;pam;sudo;machine-2; ;; ; ; ; ; ;;; ; ;; ;;; ; ;;; ;;;; ;;;;;authentication;pam;Oct 18 23:48:00 sohaib-virtual-machine sudo: pam_unix(sudo:session): session closed for user root;3;5502;pam;"[""pam"",""syslog""]";PAM: Login session closed.
06-20-October;wazuh;E:\Cours\TFE\data\raw\Datasets\06-20-October.csv;678;678;;INFO;5501;pam;sudo;machine-2; ;; ;sohaib;1000; ; ;;; ; ;; ;;; ; ;;; ;;;; ;;;;;authentication;pam;Oct 18 23:48:00 sohaib-virtual-machine sudo: pam_unix(sudo:session): session opened for user root(uid=0) by sohaib(uid=1000);3;5501;pam;"[""pam"",""syslog"",""authentication_success""]";PAM: Login session opened.
06-20-October;wazuh;E:\Cours\TFE\data\raw\Datasets\06-20-October.csv;679;679;;INFO;5402;sudo;sudo;machine-2; ;; ;sohaib; ; ; ;;; ; ;; ;;; ; ;;; ;;;; ;;;;;authentication;sudo;"Oct 18 23:48:01 sohaib-virtual-machine sudo:   sohaib : TTY=pts/3 ; PWD=/home/sohaib ; USER=root ; COMMAND=/usr/bin/sh -c 'printf ""command_start_%s"" ""zT_vJni8""; readlink -e /lib/x86_64-linux-gnu/libcurl.so.4.7.0 2>/dev/null; printf ""command_done_%s"" ""GrXrsiCk""'";3;5402;sudo;"[""syslog"",""sudo""]";Successful sudo to ROOT executed.
06-20-October;wazuh;E:\Cours\TFE\data\raw\Datasets\06-20-October.csv;680;680;;INFO;5501;pam;sudo;machine-2; ;; ;sohaib;1000; ; ;;; ; ;; ;;; ; ;;; ;;;; ;;;;;authentication;pam;Oct 18 23:48:01 sohaib-virtual-machine sudo: pam_unix(sudo:session): session opened for user root(uid=0) by sohaib(uid=1000);3;5501;pam;"[""pam"",""syslog"",""authentication_success""]";PAM: Login session opened.
06-20-October;wazuh;E:\Cours\TFE\data\raw\Datasets\06-20-October.csv;681;681;;INFO;5715;sshd;sshd;machine-2; ;; ; ; ; ; ;;; ; ;; ;;;192.168.204.1;65283;;; ;;;; ;;;;;authentication;sshd;Oct 18 23:48:01 sohaib-virtual-machine sshd[15658]: Accepted password for sohaib from 192.168.204.1 port 65283 ssh2;3;5715;sshd;"[""syslog"",""sshd"",""authentication_success""]";sshd: authentication success.
06-20-October;wazuh;E:\Cours\TFE\data\raw\Datasets\06-20-October.csv;682;682;;INFO;5501;pam;sshd;machine-2; ;; ; ;0; ; ;;; ; ;; ;;; ; ;;; ;;;; ;;;;;authentication;pam;Oct 18 23:48:01 sohaib-virtual-machine sshd[15658]: pam_unix(sshd:session): session opened for user sohaib(uid=1000) by (uid=0);3;5501;pam;"[""pam"",""syslog"",""authentication_success""]";PAM: Login session opened.
06-20-October;wazuh;E:\Cours\TFE\data\raw\Datasets\06-20-October.csv;683;683;;INFO;5402;sudo;sudo;machine-2; ;; ;sohaib; ; ; ;;; ; ;; ;;; ; ;;; ;;;; ;;;;;authentication;sudo;"Oct 18 23:48:01 sohaib-virtual-machine sudo:   sohaib : TTY=pts/2 ; PWD=/home/sohaib ; USER=root ; COMMAND=/usr/bin/sh -c 'printf ""command_start_%s"" ""B0SOSMW2""; grep -aE \'This is Libgcrypt ([0-9.]+)\' /snap/gnome-42-2204/141/usr/lib/x86_64-linux-gnu/libgcrypt.so.20 2>/dev/null; printf ""command_done_%s"" ""v4g79mN1""'";3;5402;sudo;"[""syslog"",""sudo""]";Successful sudo to ROOT executed.
06-20-October;wazuh;E:\Cours\TFE\data\raw\Datasets\06-20-October.csv;684;684;;INFO;5502;pam;sudo;machine-2; ;; ; ; ; ; ;;; ; ;; ;;; ; ;;; ;;;; ;;;;;authentication;pam;Oct 18 23:48:02 sohaib-virtual-machine sudo: pam_unix(sudo:session): session closed for user root;3;5502;pam;"[""pam"",""syslog""]";PAM: Login session closed.
06-20-October;wazuh;E:\Cours\TFE\data\raw\Datasets\06-20-October.csv;685;685;;INFO;5502;pam;sshd;machine-2; ;; ; ; ; ; ;;; ; ;; ;;; ; ;;; ;;;; ;;;;;authentication;pam;Oct 18 23:48:02 sohaib-virtual-machine sshd[14514]: pam_unix(sshd:session): session closed for user sohaib;3;5502;pam;"[""pam"",""syslog""]";PAM: Login session closed.
06-20-October;wazuh;E:\Cours\TFE\data\raw\Datasets\06-20-October.csv;686;686;;INFO;5402;sudo;sudo;machine-2; ;; ;sohaib; ; ; ;;; ; ;; ;;; ; ;;; ;;;; ;;;;;authentication;sudo;"Oct 18 23:48:02 sohaib-virtual-machine sudo:   sohaib : TTY=pts/3 ; PWD=/home/sohaib ; USER=root ; COMMAND=/usr/bin/sh -c 'printf ""command_start_%s"" ""MwSXkByQ""; readlink -e /usr/lib/x86_64-linux-gnu/libcurl.so.4 2>/dev/null; printf ""command_done_%s"" ""jHOexQsC""'";3;5402;sudo;"[""syslog"",""sudo""]";Successful sudo to ROOT executed.
06-20-October;wazuh;E:\Cours\TFE\data\raw\Datasets\06-20-October.csv;687;687;;INFO;5501;pam;sshd;machine-2; ;; ; ;0; ; ;;; ; ;; ;;; ; ;;; ;;;; ;;;;;authentication;pam;Oct 18 23:48:02 sohaib-virtual-machine sshd[15732]: pam_unix(sshd:session): session opened for user sohaib(uid=1000) by (uid=0);3;5501;pam;"[""pam"",""syslog"",""authentication_success""]";PAM: Login session opened.
06-20-October;wazuh;E:\Cours\TFE\data\raw\Datasets\06-20-October.csv;688;688;;INFO;5402;sudo;sudo;machine-2; ;; ;sohaib; ; ; ;;; ; ;; ;;; ; ;;; ;;;; ;;;;;authentication;sudo;"Oct 18 23:48:03 sohaib-virtual-machine sudo:   sohaib : TTY=pts/3 ; PWD=/home/sohaib ; USER=root ; COMMAND=/usr/bin/sh -c 'printf ""command_start_%s"" ""PfACP_R4""; readlink -e /usr/lib/x86_64-linux-gnu/libcurl.so.4.7.0 2>/dev/null; printf ""command_done_%s"" ""bmRePtgI""'";3;5402;sudo;"[""syslog"",""sudo""]";Successful sudo to ROOT executed.
06-20-October;wazuh;E:\Cours\TFE\data\raw\Datasets\06-20-October.csv;689;689;;INFO;5501;pam;sudo;machine-2; ;; ;sohaib;1000; ; ;;; ; ;; ;;; ; ;;; ;;;; ;;;;;authentication;pam;Oct 18 23:48:03 sohaib-virtual-machine sudo: pam_unix(sudo:session): session opened for user root(uid=0) by sohaib(uid=1000);3;5501;pam;"[""pam"",""syslog"",""authentication_success""]";PAM: Login session opened.
06-20-October;wazuh;E:\Cours\TFE\data\raw\Datasets\06-20-October.csv;690;690;;INFO;5502;pam;sudo;machine-2; ;; ; ; ; ; ;;; ; ;; ;;; ; ;;; ;;;; ;;;;;authentication;pam;Oct 18 23:48:03 sohaib-virtual-machine sudo: pam_unix(sudo:session): session closed for user root;3;5502;pam;"[""pam"",""syslog""]";PAM: Login session closed.
06-20-October;wazuh;E:\Cours\TFE\data\raw\Datasets\06-20-October.csv;691;691;;INFO;5502;pam;sudo;machine-2; ;; ; ; ; ; ;;; ; ;; ;;; ; ;;; ;;;; ;;;;;authentication;pam;Oct 18 23:48:03 sohaib-virtual-machine sudo: pam_unix(sudo:session): session closed for user root;3;5502;pam;"[""pam"",""syslog""]";PAM: Login session closed.
06-20-October;wazuh;E:\Cours\TFE\data\raw\Datasets\06-20-October.csv;692;692;;INFO;5501;pam;sudo;machine-2; ;; ;sohaib;1000; ; ;;; ; ;; ;;; ; ;;; ;;;; ;;;;;authentication;pam;Oct 18 23:48:04 sohaib-virtual-machine sudo: pam_unix(sudo:session): session opened for user root(uid=0) by sohaib(uid=1000);3;5501;pam;"[""pam"",""syslog"",""authentication_success""]";PAM: Login session opened.
06-20-October;wazuh;E:\Cours\TFE\data\raw\Datasets\06-20-October.csv;693;693;;INFO;5402;sudo;sudo;machine-2; ;; ;sohaib; ; ; ;;; ; ;; ;;; ; ;;; ;;;; ;;;;;authentication;sudo;"Oct 18 23:48:04 sohaib-virtual-machine sudo:   sohaib : TTY=pts/3 ; PWD=/home/sohaib ; USER=root ; COMMAND=/usr/bin/sh -c 'printf ""command_start_%s"" ""zLICep1n""; [ -f ""/etc/init.d/XS-Nanny-Watch-Dog"" ] || [ -d ""/etc/init.d/XS-Nanny-Watch-Dog"" ] && echo ""found""; printf ""command_done_%s"" ""nXjdi2ZT""'";3;5402;sudo;"[""syslog"",""sudo""]";Successful sudo to ROOT executed.
06-20-October;wazuh;E:\Cours\TFE\data\raw\Datasets\06-20-October.csv;694;694;;INFO;5402;sudo;sudo;machine-2; ;; ;sohaib; ; ; ;;; ; ;; ;;; ; ;;; ;;;; ;;;;;authentication;sudo;"Oct 18 23:48:04 sohaib-virtual-machine sudo:   sohaib : TTY=pts/9 ; PWD=/home/sohaib ; USER=root ; COMMAND=/usr/bin/sh -c 'printf ""command_start_%s"" ""5jP7yMsa""; ls -l /snap/core22/864/usr/lib/python3/dist-packages/cryptography/hazmat/backends/openssl; printf ""command_done_%s"" ""_e7wJXq_""'";3;5402;sudo;"[""syslog"",""sudo""]";Successful sudo to ROOT executed.
06-20-October;wazuh;E:\Cours\TFE\data\raw\Datasets\06-20-October.csv;695;695;;INFO;5501;pam;sudo;machine-2; ;; ;sohaib;1000; ; ;;; ; ;; ;;; ; ;;; ;;;; ;;;;;authentication;pam;Oct 18 23:48:04 sohaib-virtual-machine sudo: pam_unix(sudo:session): session opened for user root(uid=0) by sohaib(uid=1000);3;5501;pam;"[""pam"",""syslog"",""authentication_success""]";PAM: Login session opened.
06-20-October;wazuh;E:\Cours\TFE\data\raw\Datasets\06-20-October.csv;696;696;;INFO;5502;pam;sudo;machine-2; ;; ; ; ; ; ;;; ; ;; ;;; ; ;;; ;;;; ;;;;;authentication;pam;Oct 18 23:48:04 sohaib-virtual-machine sudo: pam_unix(sudo:session): session closed for user root;3;5502;pam;"[""pam"",""syslog""]";PAM: Login session closed.
06-20-October;wazuh;E:\Cours\TFE\data\raw\Datasets\06-20-October.csv;697;697;;INFO;5502;pam;sudo;machine-2; ;; ; ; ; ; ;;; ; ;; ;;; ; ;;; ;;;; ;;;;;authentication;pam;Oct 18 23:48:04 sohaib-virtual-machine sudo: pam_unix(sudo:session): session closed for user root;3;5502;pam;"[""pam"",""syslog""]";PAM: Login session closed.
06-20-October;wazuh;E:\Cours\TFE\data\raw\Datasets\06-20-October.csv;698;698;;INFO;5402;sudo;sudo;machine-2; ;; ;sohaib; ; ; ;;; ; ;; ;;; ; ;;; ;;;; ;;;;;authentication;sudo;"Oct 18 23:48:04 sohaib-virtual-machine sudo:   sohaib : TTY=pts/5 ; PWD=/home/sohaib ; USER=root ; COMMAND=/usr/bin/sh -c 'printf ""command_start_%s"" ""PoEWxyEg""; [ -f ""/snap/gnome-42-2204/141/usr/share/aclocal/libgcrypt.m4"" ] || [ -d ""/snap/gnome-42-2204/141/usr/share/aclocal/libgcrypt.m4"" ] && echo ""found""; printf ""command_done_%s"" ""_0o_Ql6a""'";3;5402;sudo;"[""syslog"",""sudo""]";Successful sudo to ROOT executed.
06-20-October;wazuh;E:\Cours\TFE\data\raw\Datasets\06-20-October.csv;699;699;;INFO;5501;pam;sudo;machine-2; ;; ;sohaib;1000; ; ;;; ; ;; ;;; ; ;;; ;;;; ;;;;;authentication;pam;Oct 18 23:48:05 sohaib-virtual-machine sudo: pam_unix(sudo:session): session opened for user root(uid=0) by sohaib(uid=1000);3;5501;pam;"[""pam"",""syslog"",""authentication_success""]";PAM: Login session opened.
06-20-October;wazuh;E:\Cours\TFE\data\raw\Datasets\06-20-October.csv;700;700;;INFO;5501;pam;sudo;machine-2; ;; ;sohaib;1000; ; ;;; ; ;; ;;; ; ;;; ;;;; ;;;;;authentication;pam;Oct 18 23:47:19 sohaib-virtual-machine sudo: pam_unix(sudo:session): session opened for user root(uid=0) by sohaib(uid=1000);3;5501;pam;"[""pam"",""syslog"",""authentication_success""]";PAM: Login session opened.
06-20-October;wazuh;E:\Cours\TFE\data\raw\Datasets\06-20-October.csv;701;701;;INFO;5402;sudo;sudo;machine-2; ;; ;sohaib; ; ; ;;; ; ;; ;;; ; ;;; ;;;; ;;;;;authentication;sudo;"Oct 18 23:47:19 sohaib-virtual-machine sudo:   sohaib : TTY=pts/4 ; PWD=/home/sohaib ; USER=root ; COMMAND=/usr/bin/sh -c 'printf ""command_start_%s"" ""MFvtgRtQ""; readlink -e /snap/core22/current/usr/bin/openssl 2>/dev/null; printf ""command_done_%s"" ""KjrMnIqn""'";3;5402;sudo;"[""syslog"",""sudo""]";Successful sudo to ROOT executed.
06-20-October;wazuh;E:\Cours\TFE\data\raw\Datasets\06-20-October.csv;702;702;;INFO;5502;pam;sudo;machine-2; ;; ; ; ; ; ;;; ; ;; ;;; ; ;;; ;;;; ;;;;;authentication;pam;Oct 18 23:47:19 sohaib-virtual-machine sudo: pam_unix(sudo:session): session closed for user root;3;5502;pam;"[""pam"",""syslog""]";PAM: Login session closed.
06-20-October;wazuh;E:\Cours\TFE\data\raw\Datasets\06-20-October.csv;703;703;;INFO;5402;sudo;sudo;machine-2; ;; ;sohaib; ; ; ;;; ; ;; ;;; ; ;;; ;;;; ;;;;;authentication;sudo;"Oct 18 23:47:20 sohaib-virtual-machine sudo:   sohaib : TTY=pts/10 ; PWD=/home/sohaib ; USER=root ; COMMAND=/usr/bin/sh -c 'printf ""command_start_%s"" ""j3IlHdO7""; ls -l /snap/core22/864/usr/bin/openssl; printf ""command_done_%s"" ""taJ1vV9g""'";3;5402;sudo;"[""syslog"",""sudo""]";Successful sudo to ROOT executed.
06-20-October;wazuh;E:\Cours\TFE\data\raw\Datasets\06-20-October.csv;704;704;;INFO;5502;pam;sudo;machine-2; ;; ; ; ; ; ;;; ; ;; ;;; ; ;;; ;;;; ;;;;;authentication;pam;Oct 18 23:47:20 sohaib-virtual-machine sudo: pam_unix(sudo:session): session closed for user root;3;5502;pam;"[""pam"",""syslog""]";PAM: Login session closed.
06-20-October;wazuh;E:\Cours\TFE\data\raw\Datasets\06-20-October.csv;705;705;;INFO;5501;pam;sudo;machine-2; ;; ;sohaib;1000; ; ;;; ; ;; ;;; ; ;;; ;;;; ;;;;;authentication;pam;Oct 18 23:47:20 sohaib-virtual-machine sudo: pam_unix(sudo:session): session opened for user root(uid=0) by sohaib(uid=1000);3;5501;pam;"[""pam"",""syslog"",""authentication_success""]";PAM: Login session opened.
06-20-October;wazuh;E:\Cours\TFE\data\raw\Datasets\06-20-October.csv;706;706;;INFO;5402;sudo;sudo;machine-2; ;; ;sohaib; ; ; ;;; ; ;; ;;; ; ;;; ;;;; ;;;;;authentication;sudo;"Oct 18 23:47:20 sohaib-virtual-machine sudo:   sohaib : TTY=pts/4 ; PWD=/home/sohaib ; USER=root ; COMMAND=/usr/bin/sh -c 'printf ""command_start_%s"" ""i5GnB9Pr""; grep -o -a \'[0-9]\\+\\.[0-9]\\{1,2\\}\\.[0-9]\\{1,2\\}\\(\\(_[0-9]\\{1,3\\}\\)\\{0,1\\}-b[0-9]\\{1,2\\}\\|+[0-9]\\{1,\\}\\)\' /snap/gnome-42-2204/141/usr/share/java/bin/java; printf ""command_done_%s"" ""zVaLHMfl""'";3;5402;sudo;"[""syslog"",""sudo""]";Successful sudo to ROOT executed.
06-20-October;wazuh;E:\Cours\TFE\data\raw\Datasets\06-20-October.csv;707;707;;INFO;5502;pam;sudo;machine-2; ;; ; ; ; ; ;;; ; ;; ;;; ; ;;; ;;;; ;;;;;authentication;pam;Oct 18 23:47:20 sohaib-virtual-machine sudo: pam_unix(sudo:session): session closed for user root;3;5502;pam;"[""pam"",""syslog""]";PAM: Login session closed.
06-20-October;wazuh;E:\Cours\TFE\data\raw\Datasets\06-20-October.csv;708;708;;INFO;5501;pam;sudo;machine-2; ;; ;sohaib;1000; ; ;;; ; ;; ;;; ; ;;; ;;;; ;;;;;authentication;pam;Oct 18 23:47:21 sohaib-virtual-machine sudo: pam_unix(sudo:session): session opened for user root(uid=0) by sohaib(uid=1000);3;5501;pam;"[""pam"",""syslog"",""authentication_success""]";PAM: Login session opened.
06-20-October;wazuh;E:\Cours\TFE\data\raw\Datasets\06-20-October.csv;709;709;;INFO;5502;pam;sudo;machine-2; ;; ; ; ; ; ;;; ; ;; ;;; ; ;;; ;;;; ;;;;;authentication;pam;Oct 18 23:47:21 sohaib-virtual-machine sudo: pam_unix(sudo:session): session closed for user root;3;5502;pam;"[""pam"",""syslog""]";PAM: Login session closed.
06-20-October;wazuh;E:\Cours\TFE\data\raw\Datasets\06-20-October.csv;710;710;;INFO;5501;pam;sudo;machine-2; ;; ;sohaib;1000; ; ;;; ; ;; ;;; ; ;;; ;;;; ;;;;;authentication;pam;Oct 18 23:47:22 sohaib-virtual-machine sudo: pam_unix(sudo:session): session opened for user root(uid=0) by sohaib(uid=1000);3;5501;pam;"[""pam"",""syslog"",""authentication_success""]";PAM: Login session opened.
06-20-October;wazuh;E:\Cours\TFE\data\raw\Datasets\06-20-October.csv;711;711;;INFO;5502;pam;sudo;machine-2; ;; ; ; ; ; ;;; ; ;; ;;; ; ;;; ;;;; ;;;;;authentication;pam;Oct 18 23:47:22 sohaib-virtual-machine sudo: pam_unix(sudo:session): session closed for user root;3;5502;pam;"[""pam"",""syslog""]";PAM: Login session closed.
06-20-October;wazuh;E:\Cours\TFE\data\raw\Datasets\06-20-October.csv;712;712;;INFO;5501;pam;sudo;machine-2; ;; ;sohaib;1000; ; ;;; ; ;; ;;; ; ;;; ;;;; ;;;;;authentication;pam;Oct 18 23:47:22 sohaib-virtual-machine sudo: pam_unix(sudo:session): session opened for user root(uid=0) by sohaib(uid=1000);3;5501;pam;"[""pam"",""syslog"",""authentication_success""]";PAM: Login session opened.
06-20-October;wazuh;E:\Cours\TFE\data\raw\Datasets\06-20-October.csv;713;713;;INFO;5501;pam;sudo;machine-2; ;; ;sohaib;1000; ; ;;; ; ;; ;;; ; ;;; ;;;; ;;;;;authentication;pam;Oct 18 23:47:23 sohaib-virtual-machine sudo: pam_unix(sudo:session): session opened for user root(uid=0) by sohaib(uid=1000);3;5501;pam;"[""pam"",""syslog"",""authentication_success""]";PAM: Login session opened.
06-20-October;wazuh;E:\Cours\TFE\data\raw\Datasets\06-20-October.csv;714;714;;INFO;5402;sudo;sudo;machine-2; ;; ;sohaib; ; ; ;;; ; ;; ;;; ; ;;; ;;;; ;;;;;authentication;sudo;"Oct 18 23:47:23 sohaib-virtual-machine sudo:   sohaib : TTY=pts/9 ; PWD=/home/sohaib ; USER=root ; COMMAND=/usr/bin/sh -c 'printf ""command_start_%s"" ""KMdLutra""; ls -l /snap/core22/864/usr/lib/python3/dist-packages/cryptography/hazmat/bindings/openssl; printf ""command_done_%s"" ""1vCXfaG6""'";3;5402;sudo;"[""syslog"",""sudo""]";Successful sudo to ROOT executed.
06-20-October;wazuh;E:\Cours\TFE\data\raw\Datasets\06-20-October.csv;715;715;;INFO;5501;pam;sudo;machine-2; ;; ;sohaib;1000; ; ;;; ; ;; ;;; ; ;;; ;;;; ;;;;;authentication;pam;Oct 18 23:47:23 sohaib-virtual-machine sudo: pam_unix(sudo:session): session opened for user root(uid=0) by sohaib(uid=1000);3;5501;pam;"[""pam"",""syslog"",""authentication_success""]";PAM: Login session opened.
06-20-October;wazuh;E:\Cours\TFE\data\raw\Datasets\06-20-October.csv;716;716;;INFO;5402;sudo;sudo;machine-2; ;; ;sohaib; ; ; ;;; ; ;; ;;; ; ;;; ;;;; ;;;;;authentication;sudo;"Oct 18 23:47:23 sohaib-virtual-machine sudo:   sohaib : TTY=pts/4 ; PWD=/home/sohaib ; USER=root ; COMMAND=/usr/bin/sh -c 'printf ""command_start_%s"" ""rnqzEJjK""; readlink -e /snap/core22/current/usr/lib/x86_64-linux-gnu/libcrypto.so.3 2>/dev/null; printf ""command_done_%s"" ""7Ok2Us0l""'";3;5402;sudo;"[""syslog"",""sudo""]";Successful sudo to ROOT executed.
06-20-October;wazuh;E:\Cours\TFE\data\raw\Datasets\06-20-October.csv;717;717;;INFO;5502;pam;sudo;machine-2; ;; ; ; ; ; ;;; ; ;; ;;; ; ;;; ;;;; ;;;;;authentication;pam;Oct 18 23:47:23 sohaib-virtual-machine sudo: pam_unix(sudo:session): session closed for user root;3;5502;pam;"[""pam"",""syslog""]";PAM: Login session closed.
06-20-October;wazuh;E:\Cours\TFE\data\raw\Datasets\06-20-October.csv;718;718;;INFO;5402;sudo;sudo;machine-2; ;; ;sohaib; ; ; ;;; ; ;; ;;; ; ;;; ;;;; ;;;;;authentication;sudo;"Oct 18 23:47:23 sohaib-virtual-machine sudo:   sohaib : TTY=pts/11 ; PWD=/home/sohaib ; USER=root ; COMMAND=/usr/bin/sh -c 'printf ""command_start_%s"" ""xnt47XZv""; grep -o -a \'[0-9]\\+\\.[0-9]\\{1,2\\}\\.[0-9]\\{1,2\\}\\(\\(_[0-9]\\{1,3\\}\\)\\{0,1\\}-b[0-9]\\{1,2\\}\\|+[0-9]\\{1,\\}\\)\' /snap/snapd/19457/usr/lib/snapd/apparmor.d/abstractions/ubuntu-browsers.d/java; printf ""command_done_%s"" ""61bEudoq""'";3;5402;sudo;"[""syslog"",""sudo""]";Successful sudo to ROOT executed.
06-20-October;wazuh;E:\Cours\TFE\data\raw\Datasets\06-20-October.csv;719;719;;INFO;5715;sshd;sshd;machine-2; ;; ; ; ; ; ;;; ; ;; ;;;192.168.204.1;65269;;; ;;;; ;;;;;authentication;sshd;Oct 18 23:47:24 sohaib-virtual-machine sshd[14326]: Accepted password for sohaib from 192.168.204.1 port 65269 ssh2;3;5715;sshd;"[""syslog"",""sshd"",""authentication_success""]";sshd: authentication success.
06-20-October;wazuh;E:\Cours\TFE\data\raw\Datasets\06-20-October.csv;720;720;;INFO;5501;pam;sudo;machine-2; ;; ;sohaib;1000; ; ;;; ; ;; ;;; ; ;;; ;;;; ;;;;;authentication;pam;Oct 18 23:47:24 sohaib-virtual-machine sudo: pam_unix(sudo:session): session opened for user root(uid=0) by sohaib(uid=1000);3;5501;pam;"[""pam"",""syslog"",""authentication_success""]";PAM: Login session opened.
06-20-October;wazuh;E:\Cours\TFE\data\raw\Datasets\06-20-October.csv;721;721;;INFO;5402;sudo;sudo;machine-2; ;; ;sohaib; ; ; ;;; ; ;; ;;; ; ;;; ;;;; ;;;;;authentication;sudo;"Oct 18 23:47:24 sohaib-virtual-machine sudo:   sohaib : TTY=pts/2 ; PWD=/home/sohaib ; USER=root ; COMMAND=/usr/bin/sh -c 'printf ""command_start_%s"" ""KK7IamhH""; cat /snap/snapd/19457/usr/lib/snapd/apparmor.d/abstractions/ubuntu-browsers.d/java; printf ""command_done_%s"" ""gatmhZL2""'";3;5402;sudo;"[""syslog"",""sudo""]";Successful sudo to ROOT executed.
06-20-October;wazuh;E:\Cours\TFE\data\raw\Datasets\06-20-October.csv;722;722;;INFO;5502;pam;sudo;machine-2; ;; ; ; ; ; ;;; ; ;; ;;; ; ;;; ;;;; ;;;;;authentication;pam;Oct 18 23:47:25 sohaib-virtual-machine sudo: pam_unix(sudo:session): session closed for user root;3;5502;pam;"[""pam"",""syslog""]";PAM: Login session closed.
06-20-October;wazuh;E:\Cours\TFE\data\raw\Datasets\06-20-October.csv;723;723;;INFO;5501;pam;sudo;machine-2; ;; ;sohaib;1000; ; ;;; ; ;; ;;; ; ;;; ;;;; ;;;;;authentication;pam;Oct 18 23:47:26 sohaib-virtual-machine sudo: pam_unix(sudo:session): session opened for user root(uid=0) by sohaib(uid=1000);3;5501;pam;"[""pam"",""syslog"",""authentication_success""]";PAM: Login session opened.
06-20-October;wazuh;E:\Cours\TFE\data\raw\Datasets\06-20-October.csv;724;724;;INFO;5502;pam;sudo;machine-2; ;; ; ; ; ; ;;; ; ;; ;;; ; ;;; ;;;; ;;;;;authentication;pam;Oct 18 23:47:26 sohaib-virtual-machine sudo: pam_unix(sudo:session): session closed for user root;3;5502;pam;"[""pam"",""syslog""]";PAM: Login session closed.
06-20-October;wazuh;E:\Cours\TFE\data\raw\Datasets\06-20-October.csv;725;725;;INFO;5501;pam;sudo;machine-2; ;; ;sohaib;1000; ; ;;; ; ;; ;;; ; ;;; ;;;; ;;;;;authentication;pam;Oct 18 23:47:26 sohaib-virtual-machine sudo: pam_unix(sudo:session): session opened for user root(uid=0) by sohaib(uid=1000);3;5501;pam;"[""pam"",""syslog"",""authentication_success""]";PAM: Login session opened.
06-20-October;wazuh;E:\Cours\TFE\data\raw\Datasets\06-20-October.csv;726;726;;INFO;5502;pam;sudo;machine-2; ;; ; ; ; ; ;;; ; ;; ;;; ; ;;; ;;;; ;;;;;authentication;pam;Oct 18 23:47:26 sohaib-virtual-machine sudo: pam_unix(sudo:session): session closed for user root;3;5502;pam;"[""pam"",""syslog""]";PAM: Login session closed.
06-20-October;wazuh;E:\Cours\TFE\data\raw\Datasets\06-20-October.csv;727;727;;INFO;5402;sudo;sudo;machine-2; ;; ;sohaib; ; ; ;;; ; ;; ;;; ; ;;; ;;;; ;;;;;authentication;sudo;"Oct 18 23:47:26 sohaib-virtual-machine sudo:   sohaib : TTY=pts/2 ; PWD=/home/sohaib ; USER=root ; COMMAND=/usr/bin/sh -c 'printf ""command_start_%s"" ""rzy8xGIc""; ls -l /proc/*/exe 2> /dev/null | awk \'/kubectl/\'; printf ""command_done_%s"" ""94kS_KWT""'";3;5402;sudo;"[""syslog"",""sudo""]";Successful sudo to ROOT executed.
06-20-October;wazuh;E:\Cours\TFE\data\raw\Datasets\06-20-October.csv;728;728;;INFO;5402;sudo;sudo;machine-2; ;; ;sohaib; ; ; ;;; ; ;; ;;; ; ;;; ;;;; ;;;;;authentication;sudo;"Oct 18 23:47:27 sohaib-virtual-machine sudo:   sohaib : TTY=pts/4 ; PWD=/home/sohaib ; USER=root ; COMMAND=/usr/bin/sh -c 'printf ""command_start_%s"" ""oAjgQTas""; readlink -e /usr/share/bash-completion/completions/java 2>/dev/null; printf ""command_done_%s"" ""fHzs3SOs""'";3;5402;sudo;"[""syslog"",""sudo""]";Successful sudo to ROOT executed.
06-20-October;wazuh;E:\Cours\TFE\data\raw\Datasets\06-20-October.csv;729;729;;INFO;5501;pam;sudo;machine-2; ;; ;sohaib;1000; ; ;;; ; ;; ;;; ; ;;; ;;;; ;;;;;authentication;pam;Oct 18 23:47:27 sohaib-virtual-machine sudo: pam_unix(sudo:session): session opened for user root(uid=0) by sohaib(uid=1000);3;5501;pam;"[""pam"",""syslog"",""authentication_success""]";PAM: Login session opened.
06-20-October;wazuh;E:\Cours\TFE\data\raw\Datasets\06-20-October.csv;730;730;;INFO;5502;pam;sudo;machine-2; ;; ; ; ; ; ;;; ; ;; ;;; ; ;;; ;;;; ;;;;;authentication;pam;Oct 18 23:47:27 sohaib-virtual-machine sudo: pam_unix(sudo:session): session closed for user root;3;5502;pam;"[""pam"",""syslog""]";PAM: Login session closed.
06-20-October;wazuh;E:\Cours\TFE\data\raw\Datasets\06-20-October.csv;731;731;;INFO;5502;pam;sudo;machine-2; ;; ; ; ; ; ;;; ; ;; ;;; ; ;;; ;;;; ;;;;;authentication;pam;Oct 18 23:47:27 sohaib-virtual-machine sudo: pam_unix(sudo:session): session closed for user root;3;5502;pam;"[""pam"",""syslog""]";PAM: Login session closed.
06-20-October;wazuh;E:\Cours\TFE\data\raw\Datasets\06-20-October.csv;732;732;;INFO;5502;pam;sshd;machine-2; ;; ; ; ; ; ;;; ; ;; ;;; ; ;;; ;;;; ;;;;;authentication;pam;Oct 18 23:47:27 sohaib-virtual-machine sshd[14326]: pam_unix(sshd:session): session closed for user sohaib;3;5502;pam;"[""pam"",""syslog""]";PAM: Login session closed.
06-20-October;wazuh;E:\Cours\TFE\data\raw\Datasets\06-20-October.csv;733;733;;INFO;5402;sudo;sudo;machine-2; ;; ;sohaib; ; ; ;;; ; ;; ;;; ; ;;; ;;;; ;;;;;authentication;sudo;"Oct 18 23:47:27 sohaib-virtual-machine sudo:   sohaib : TTY=pts/2 ; PWD=/home/sohaib ; USER=root ; COMMAND=/usr/bin/sh -c 'printf ""command_start_%s"" ""yCVuH4dF""; ls -l /snap/core22/864/usr/share/bash-completion/completions/openssl; printf ""command_done_%s"" ""QD2W2DYV""'";3;5402;sudo;"[""syslog"",""sudo""]";Successful sudo to ROOT executed.
06-20-October;wazuh;E:\Cours\TFE\data\raw\Datasets\06-20-October.csv;734;734;;INFO;5402;sudo;sudo;machine-2; ;; ;sohaib; ; ; ;;; ; ;; ;;; ; ;;; ;;;; ;;;;;authentication;sudo;"Oct 18 23:47:28 sohaib-virtual-machine sudo:   sohaib : TTY=pts/9 ; PWD=/home/sohaib ; USER=root ; COMMAND=/usr/bin/sh -c 'printf ""command_start_%s"" ""ZKeGzNBZ""; readlink -e /usr/share/bash-completion/completions/java 2>/dev/null; printf ""command_done_%s"" ""B45W4oZU""'";3;5402;sudo;"[""syslog"",""sudo""]";Successful sudo to ROOT executed.
06-20-October;wazuh;E:\Cours\TFE\data\raw\Datasets\06-20-October.csv;735;735;;INFO;5501;pam;sudo;machine-2; ;; ;sohaib;1000; ; ;;; ; ;; ;;; ; ;;; ;;;; ;;;;;authentication;pam;Oct 18 23:47:28 sohaib-virtual-machine sudo: pam_unix(sudo:session): session opened for user root(uid=0) by sohaib(uid=1000);3;5501;pam;"[""pam"",""syslog"",""authentication_success""]";PAM: Login session opened.
06-20-October;wazuh;E:\Cours\TFE\data\raw\Datasets\06-20-October.csv;736;736;;INFO;5402;sudo;sudo;machine-2; ;; ;sohaib; ; ; ;;; ; ;; ;;; ; ;;; ;;;; ;;;;;authentication;sudo;"Oct 18 23:47:29 sohaib-virtual-machine sudo:   sohaib : TTY=pts/2 ; PWD=/home/sohaib ; USER=root ; COMMAND=/usr/bin/sh -c 'printf ""command_start_%s"" ""wjXUMIfV""; grep -o -a \'[0-9]\\+\\.[0-9]\\{1,2\\}\\.[0-9]\\{1,2\\}\\(\\(_[0-9]\\{1,3\\}\\)\\{0,1\\}-b[0-9]\\{1,2\\}\\|+[0-9]\\{1,\\}\\)\' /usr/share/bash-completion/completions/java; printf ""command_done_%s"" ""Mo6LfLwa""'";3;5402;sudo;"[""syslog"",""sudo""]";Successful sudo to ROOT executed.
06-20-October;wazuh;E:\Cours\TFE\data\raw\Datasets\06-20-October.csv;737;737;;INFO;5501;pam;sudo;machine-2; ;; ;sohaib;1000; ; ;;; ; ;; ;;; ; ;;; ;;;; ;;;;;authentication;pam;Oct 18 23:47:29 sohaib-virtual-machine sudo: pam_unix(sudo:session): session opened for user root(uid=0) by sohaib(uid=1000);3;5501;pam;"[""pam"",""syslog"",""authentication_success""]";PAM: Login session opened.
06-20-October;wazuh;E:\Cours\TFE\data\raw\Datasets\06-20-October.csv;738;738;;INFO;5502;pam;sudo;machine-2; ;; ; ; ; ; ;;; ; ;; ;;; ; ;;; ;;;; ;;;;;authentication;pam;Oct 18 23:47:29 sohaib-virtual-machine sudo: pam_unix(sudo:session): session closed for user root;3;5502;pam;"[""pam"",""syslog""]";PAM: Login session closed.
06-20-October;wazuh;E:\Cours\TFE\data\raw\Datasets\06-20-October.csv;739;739;;INFO;5502;pam;sudo;machine-2; ;; ; ; ; ; ;;; ; ;; ;;; ; ;;; ;;;; ;;;;;authentication;pam;Oct 18 23:47:29 sohaib-virtual-machine sudo: pam_unix(sudo:session): session closed for user root;3;5502;pam;"[""pam"",""syslog""]";PAM: Login session closed.
06-20-October;wazuh;E:\Cours\TFE\data\raw\Datasets\06-20-October.csv;740;740;;INFO;5502;pam;sudo;machine-2; ;; ; ; ; ; ;;; ; ;; ;;; ; ;;; ;;;; ;;;;;authentication;pam;Oct 18 23:47:30 sohaib-virtual-machine sudo: pam_unix(sudo:session): session closed for user root;3;5502;pam;"[""pam"",""syslog""]";PAM: Login session closed.
06-20-October;wazuh;E:\Cours\TFE\data\raw\Datasets\06-20-October.csv;741;741;;INFO;5501;pam;sudo;machine-2; ;; ;sohaib;1000; ; ;;; ; ;; ;;; ; ;;; ;;;; ;;;;;authentication;pam;Oct 18 23:47:30 sohaib-virtual-machine sudo: pam_unix(sudo:session): session opened for user root(uid=0) by sohaib(uid=1000);3;5501;pam;"[""pam"",""syslog"",""authentication_success""]";PAM: Login session opened.
06-20-October;wazuh;E:\Cours\TFE\data\raw\Datasets\06-20-October.csv;742;742;;INFO;5402;sudo;sudo;machine-2; ;; ;sohaib; ; ; ;;; ; ;; ;;; ; ;;; ;;;; ;;;;;authentication;sudo;"Oct 18 23:47:30 sohaib-virtual-machine sudo:   sohaib : TTY=pts/8 ; PWD=/home/sohaib ; USER=root ; COMMAND=/usr/bin/sh -c 'printf ""command_start_%s"" ""8DKipK3l""; readlink -e /snap/core22/current/usr/share/lintian/overrides/openssl 2>/dev/null; printf ""command_done_%s"" ""RSEGPj7d""'";3;5402;sudo;"[""syslog"",""sudo""]";Successful sudo to ROOT executed.
06-20-October;wazuh;E:\Cours\TFE\data\raw\Datasets\06-20-October.csv;743;743;;INFO;5501;pam;sudo;machine-2; ;; ;sohaib;1000; ; ;;; ; ;; ;;; ; ;;; ;;;; ;;;;;authentication;pam;Oct 18 23:47:35 sohaib-virtual-machine sudo: pam_unix(sudo:session): session opened for user root(uid=0) by sohaib(uid=1000);3;5501;pam;"[""pam"",""syslog"",""authentication_success""]";PAM: Login session opened.
06-20-October;wazuh;E:\Cours\TFE\data\raw\Datasets\06-20-October.csv;744;744;;INFO;5402;sudo;sudo;machine-2; ;; ;sohaib; ; ; ;;; ; ;; ;;; ; ;;; ;;;; ;;;;;authentication;sudo;"Oct 18 23:47:36 sohaib-virtual-machine sudo:   sohaib : TTY=pts/4 ; PWD=/home/sohaib ; USER=root ; COMMAND=/usr/bin/sh -c 'printf ""command_start_%s"" ""7J6YbO5h""; readlink -e /snap/core22/858/lib/python3/dist-packages/cryptography/hazmat/bindings/openssl 2>/dev/null; printf ""command_done_%s"" ""Wmn1xDm_""'";3;5402;sudo;"[""syslog"",""sudo""]";Successful sudo to ROOT executed.
06-20-October;wazuh;E:\Cours\TFE\data\raw\Datasets\06-20-October.csv;745;745;;INFO;5501;pam;sudo;machine-2; ;; ;sohaib;1000; ; ;;; ; ;; ;;; ; ;;; ;;;; ;;;;;authentication;pam;Oct 18 23:47:36 sohaib-virtual-machine sudo: pam_unix(sudo:session): session opened for user root(uid=0) by sohaib(uid=1000);3;5501;pam;"[""pam"",""syslog"",""authentication_success""]";PAM: Login session opened.
06-20-October;wazuh;E:\Cours\TFE\data\raw\Datasets\06-20-October.csv;746;746;;INFO;5402;sudo;sudo;machine-2; ;; ;sohaib; ; ; ;;; ; ;; ;;; ; ;;; ;;;; ;;;;;authentication;sudo;"Oct 18 23:47:36 sohaib-virtual-machine sudo:   sohaib : TTY=pts/2 ; PWD=/home/sohaib ; USER=root ; COMMAND=/usr/bin/sh -c 'printf ""command_start_%s"" ""2VAIcDYQ""; timeout -s9 900s find \'/\' ! \\( -fstype nfs -prune -o -fstype nfs4 -prune -o -fstype cifs -prune -o -fstype smbfs -prune -o -fstype afs -prune -o -fstype sysfs -prune -o -fstype proc -prune -o -fstype panfs -prune \\) -type f -name \'*.jar\' 2>/dev/null; RET=$?; echo; echo ""$RET""; printf ""command_done_%s"" ""UtphVczS""'";3;5402;sudo;"[""syslog"",""sudo""]";Successful sudo to ROOT executed.
06-20-October;wazuh;E:\Cours\TFE\data\raw\Datasets\06-20-October.csv;747;747;;INFO;5501;pam;sudo;machine-2; ;; ;sohaib;1000; ; ;;; ; ;; ;;; ; ;;; ;;;; ;;;;;authentication;pam;Oct 18 23:47:36 sohaib-virtual-machine sudo: pam_unix(sudo:session): session opened for user root(uid=0) by sohaib(uid=1000);3;5501;pam;"[""pam"",""syslog"",""authentication_success""]";PAM: Login session opened.
06-20-October;wazuh;E:\Cours\TFE\data\raw\Datasets\06-20-October.csv;748;748;;INFO;5402;sudo;sudo;machine-2; ;; ;sohaib; ; ; ;;; ; ;; ;;; ; ;;; ;;;; ;;;;;authentication;sudo;"Oct 18 23:47:37 sohaib-virtual-machine sudo:   sohaib : TTY=pts/4 ; PWD=/home/sohaib ; USER=root ; COMMAND=/usr/bin/sh -c 'printf ""command_start_%s"" ""_zRcEyTl""; ls -l /snap/core22/858/usr/lib/python3/dist-packages/cryptography/hazmat/bindings/openssl; printf ""command_done_%s"" ""zxPw7318""'";3;5402;sudo;"[""syslog"",""sudo""]";Successful sudo to ROOT executed.
06-20-October;wazuh;E:\Cours\TFE\data\raw\Datasets\06-20-October.csv;749;749;;INFO;5502;pam;sudo;machine-2; ;; ; ; ; ; ;;; ; ;; ;;; ; ;;; ;;;; ;;;;;authentication;pam;Oct 18 23:47:37 sohaib-virtual-machine sudo: pam_unix(sudo:session): session closed for user root;3;5502;pam;"[""pam"",""syslog""]";PAM: Login session closed.
06-20-October;wazuh;E:\Cours\TFE\data\raw\Datasets\06-20-October.csv;750;750;;INFO;5402;sudo;sudo;machine-2; ;; ;sohaib; ; ; ;;; ; ;; ;;; ; ;;; ;;;; ;;;;;authentication;sudo;"Oct 18 23:47:38 sohaib-virtual-machine sudo:   sohaib : TTY=pts/11 ; PWD=/home/sohaib ; USER=root ; COMMAND=/usr/bin/sh -c 'printf ""command_start_%s"" ""Wy0EYESl""; ls -l /snap/core22/858/usr/lib/x86_64-linux-gnu/libcrypto.so.3; printf ""command_done_%s"" ""6J0Kq8uV""'";3;5402;sudo;"[""syslog"",""sudo""]";Successful sudo to ROOT executed.
06-20-October;wazuh;E:\Cours\TFE\data\raw\Datasets\06-20-October.csv;751;751;;INFO;5502;pam;sudo;machine-2; ;; ; ; ; ; ;;; ; ;; ;;; ; ;;; ;;;; ;;;;;authentication;pam;Oct 18 23:47:38 sohaib-virtual-machine sudo: pam_unix(sudo:session): session closed for user root;3;5502;pam;"[""pam"",""syslog""]";PAM: Login session closed.
06-20-October;wazuh;E:\Cours\TFE\data\raw\Datasets\06-20-October.csv;752;752;;INFO;5402;sudo;sudo;machine-2; ;; ;sohaib; ; ; ;;; ; ;; ;;; ; ;;; ;;;; ;;;;;authentication;sudo;"Oct 18 23:47:39 sohaib-virtual-machine sudo:   sohaib : TTY=pts/4 ; PWD=/home/sohaib ; USER=root ; COMMAND=/usr/bin/sh -c 'printf ""command_start_%s"" ""qhh6XB4A""; readlink -e /snap/core22/858/lib/x86_64-linux-gnu/libssl.so.3 2>/dev/null; printf ""command_done_%s"" ""ZXhGNMyn""'";3;5402;sudo;"[""syslog"",""sudo""]";Successful sudo to ROOT executed.
06-20-October;wazuh;E:\Cours\TFE\data\raw\Datasets\06-20-October.csv;753;753;;INFO;5501;pam;sudo;machine-2; ;; ;sohaib;1000; ; ;;; ; ;; ;;; ; ;;; ;;;; ;;;;;authentication;pam;Oct 18 23:47:39 sohaib-virtual-machine sudo: pam_unix(sudo:session): session opened for user root(uid=0) by sohaib(uid=1000);3;5501;pam;"[""pam"",""syslog"",""authentication_success""]";PAM: Login session opened.
06-20-October;wazuh;E:\Cours\TFE\data\raw\Datasets\06-20-October.csv;754;754;;INFO;5402;sudo;sudo;machine-2; ;; ;sohaib; ; ; ;;; ; ;; ;;; ; ;;; ;;;; ;;;;;authentication;sudo;"Oct 18 23:47:40 sohaib-virtual-machine sudo:   sohaib : TTY=pts/11 ; PWD=/home/sohaib ; USER=root ; COMMAND=/usr/bin/sh -c 'printf ""command_start_%s"" ""l2M90YwZ""; ls -l /snap/core22/858/usr/lib/x86_64-linux-gnu/libssl.so.3; printf ""command_done_%s"" ""odJoLvav""'";3;5402;sudo;"[""syslog"",""sudo""]";Successful sudo to ROOT executed.
06-20-October;wazuh;E:\Cours\TFE\data\raw\Datasets\06-20-October.csv;755;755;;INFO;5402;sudo;sudo;machine-2; ;; ;sohaib; ; ; ;;; ; ;; ;;; ; ;;; ;;;; ;;;;;authentication;sudo;"Oct 18 23:47:30 sohaib-virtual-machine sudo:   sohaib : TTY=pts/2 ; PWD=/home/sohaib ; USER=root ; COMMAND=/usr/bin/sh -c 'printf ""command_start_%s"" ""ZAa0jST8""; echo $EPP_HOME; printf ""command_done_%s"" ""j4ye9ZWW""'";3;5402;sudo;"[""syslog"",""sudo""]";Successful sudo to ROOT executed.
06-20-October;wazuh;E:\Cours\TFE\data\raw\Datasets\06-20-October.csv;756;756;;INFO;5501;pam;sudo;machine-2; ;; ;sohaib;1000; ; ;;; ; ;; ;;; ; ;;; ;;;; ;;;;;authentication;pam;Oct 18 23:47:30 sohaib-virtual-machine sudo: pam_unix(sudo:session): session opened for user root(uid=0) by sohaib(uid=1000);3;5501;pam;"[""pam"",""syslog"",""authentication_success""]";PAM: Login session opened.
06-20-October;wazuh;E:\Cours\TFE\data\raw\Datasets\06-20-October.csv;757;757;;INFO;5502;pam;sudo;machine-2; ;; ; ; ; ; ;;; ; ;; ;;; ; ;;; ;;;; ;;;;;authentication;pam;Oct 18 23:47:30 sohaib-virtual-machine sudo: pam_unix(sudo:session): session closed for user root;3;5502;pam;"[""pam"",""syslog""]";PAM: Login session closed.
06-20-October;wazuh;E:\Cours\TFE\data\raw\Datasets\06-20-October.csv;758;758;;INFO;5501;pam;sudo;machine-2; ;; ;sohaib;1000; ; ;;; ; ;; ;;; ; ;;; ;;;; ;;;;;authentication;pam;Oct 18 23:47:31 sohaib-virtual-machine sudo: pam_unix(sudo:session): session opened for user root(uid=0) by sohaib(uid=1000);3;5501;pam;"[""pam"",""syslog"",""authentication_success""]";PAM: Login session opened.
06-20-October;wazuh;E:\Cours\TFE\data\raw\Datasets\06-20-October.csv;759;759;;INFO;5402;sudo;sudo;machine-2; ;; ;sohaib; ; ; ;;; ; ;; ;;; ; ;;; ;;;; ;;;;;authentication;sudo;"Oct 18 23:47:32 sohaib-virtual-machine sudo:   sohaib : TTY=pts/4 ; PWD=/home/sohaib ; USER=root ; COMMAND=/usr/bin/sh -c 'printf ""command_start_%s"" ""sOd0IVt3""; readlink -e /snap/core22/858/bin/openssl 2>/dev/null; printf ""command_done_%s"" ""CWJ0OR9C""'";3;5402;sudo;"[""syslog"",""sudo""]";Successful sudo to ROOT executed.
06-20-October;wazuh;E:\Cours\TFE\data\raw\Datasets\06-20-October.csv;760;760;;INFO;5501;pam;sudo;machine-2; ;; ;sohaib;1000; ; ;;; ; ;; ;;; ; ;;; ;;;; ;;;;;authentication;pam;Oct 18 23:47:32 sohaib-virtual-machine sudo: pam_unix(sudo:session): session opened for user root(uid=0) by sohaib(uid=1000);3;5501;pam;"[""pam"",""syslog"",""authentication_success""]";PAM: Login session opened.
06-20-October;wazuh;E:\Cours\TFE\data\raw\Datasets\06-20-October.csv;761;761;;INFO;5502;pam;sudo;machine-2; ;; ; ; ; ; ;;; ; ;; ;;; ; ;;; ;;;; ;;;;;authentication;pam;Oct 18 23:47:32 sohaib-virtual-machine sudo: pam_unix(sudo:session): session closed for user root;3;5502;pam;"[""pam"",""syslog""]";PAM: Login session closed.
06-20-October;wazuh;E:\Cours\TFE\data\raw\Datasets\06-20-October.csv;762;762;;INFO;5502;pam;sudo;machine-2; ;; ; ; ; ; ;;; ; ;; ;;; ; ;;; ;;;; ;;;;;authentication;pam;Oct 18 23:47:32 sohaib-virtual-machine sudo: pam_unix(sudo:session): session closed for user root;3;5502;pam;"[""pam"",""syslog""]";PAM: Login session closed.
06-20-October;wazuh;E:\Cours\TFE\data\raw\Datasets\06-20-October.csv;763;763;;INFO;5402;sudo;sudo;machine-2; ;; ;sohaib; ; ; ;;; ; ;; ;;; ; ;;; ;;;; ;;;;;authentication;sudo;"Oct 18 23:47:33 sohaib-virtual-machine sudo:   sohaib : TTY=pts/4 ; PWD=/home/sohaib ; USER=root ; COMMAND=/usr/bin/sh -c 'printf ""command_start_%s"" ""ZCWOSMRX""; grep -o -a \'[0-9]\\+\\.[0-9]\\{1,2\\}\\.[0-9]\\{1,2\\}\\(\\(_[0-9]\\{1,3\\}\\)\\{0,1\\}-b[0-9]\\{1,2\\}\\|+[0-9]\\{1,\\}\\)\' /usr/share/java; printf ""command_done_%s"" ""2OoJvzh_""'";3;5402;sudo;"[""syslog"",""sudo""]";Successful sudo to ROOT executed.
06-20-October;wazuh;E:\Cours\TFE\data\raw\Datasets\06-20-October.csv;764;764;;INFO;5501;pam;sudo;machine-2; ;; ;sohaib;1000; ; ;;; ; ;; ;;; ; ;;; ;;;; ;;;;;authentication;pam;Oct 18 23:47:33 sohaib-virtual-machine sudo: pam_unix(sudo:session): session opened for user root(uid=0) by sohaib(uid=1000);3;5501;pam;"[""pam"",""syslog"",""authentication_success""]";PAM: Login session opened.
06-20-October;wazuh;E:\Cours\TFE\data\raw\Datasets\06-20-October.csv;765;765;;INFO;5502;pam;sudo;machine-2; ;; ; ; ; ; ;;; ; ;; ;;; ; ;;; ;;;; ;;;;;authentication;pam;Oct 18 23:47:33 sohaib-virtual-machine sudo: pam_unix(sudo:session): session closed for user root;3;5502;pam;"[""pam"",""syslog""]";PAM: Login session closed.
06-20-October;wazuh;E:\Cours\TFE\data\raw\Datasets\06-20-October.csv;766;766;;INFO;5402;sudo;sudo;machine-2; ;; ;sohaib; ; ; ;;; ; ;; ;;; ; ;;; ;;;; ;;;;;authentication;sudo;"Oct 18 23:47:33 sohaib-virtual-machine sudo:   sohaib : TTY=pts/2 ; PWD=/home/sohaib ; USER=root ; COMMAND=/usr/bin/sh -c 'printf ""command_start_%s"" ""vUMKO6oI""; cat /usr/share/java; printf ""command_done_%s"" ""F2GES2Ei""'";3;5402;sudo;"[""syslog"",""sudo""]";Successful sudo to ROOT executed.
06-20-October;wazuh;E:\Cours\TFE\data\raw\Datasets\06-20-October.csv;767;767;;INFO;5501;pam;sudo;machine-2; ;; ;sohaib;1000; ; ;;; ; ;; ;;; ; ;;; ;;;; ;;;;;authentication;pam;Oct 18 23:47:33 sohaib-virtual-machine sudo: pam_unix(sudo:session): session opened for user root(uid=0) by sohaib(uid=1000);3;5501;pam;"[""pam"",""syslog"",""authentication_success""]";PAM: Login session opened.
06-20-October;wazuh;E:\Cours\TFE\data\raw\Datasets\06-20-October.csv;768;768;;INFO;5502;pam;sudo;machine-2; ;; ; ; ; ; ;;; ; ;; ;;; ; ;;; ;;;; ;;;;;authentication;pam;Oct 18 23:47:34 sohaib-virtual-machine sudo: pam_unix(sudo:session): session closed for user root;3;5502;pam;"[""pam"",""syslog""]";PAM: Login session closed.
06-20-October;wazuh;E:\Cours\TFE\data\raw\Datasets\06-20-October.csv;769;769;;INFO;5501;pam;sudo;machine-2; ;; ;sohaib;1000; ; ;;; ; ;; ;;; ; ;;; ;;;; ;;;;;authentication;pam;Oct 18 23:47:34 sohaib-virtual-machine sudo: pam_unix(sudo:session): session opened for user root(uid=0) by sohaib(uid=1000);3;5501;pam;"[""pam"",""syslog"",""authentication_success""]";PAM: Login session opened.
06-20-October;wazuh;E:\Cours\TFE\data\raw\Datasets\06-20-October.csv;770;770;;INFO;5402;sudo;sudo;machine-2; ;; ;sohaib; ; ; ;;; ; ;; ;;; ; ;;; ;;;; ;;;;;authentication;sudo;"Oct 18 23:47:34 sohaib-virtual-machine sudo:   sohaib : TTY=pts/2 ; PWD=/home/sohaib ; USER=root ; COMMAND=/usr/bin/sh -c 'printf ""command_start_%s"" ""b5B9RxPS""; grep -o -a \'[0-9]\\+\\.[0-9]\\{1,2\\}\\.[0-9]\\{1,2\\}\\(\\(_[0-9]\\{1,3\\}\\)\\{0,1\\}-b[0-9]\\{1,2\\}\\|+[0-9]\\{1,\\}\\)\' /usr/share/java/bin/java; printf ""command_done_%s"" ""muqMTneJ""'";3;5402;sudo;"[""syslog"",""sudo""]";Successful sudo to ROOT executed.
06-20-October;wazuh;E:\Cours\TFE\data\raw\Datasets\06-20-October.csv;771;771;;INFO;5402;sudo;sudo;machine-2; ;; ;sohaib; ; ; ;;; ; ;; ;;; ; ;;; ;;;; ;;;;;authentication;sudo;"Oct 18 23:47:34 sohaib-virtual-machine sudo:   sohaib : TTY=pts/10 ; PWD=/home/sohaib ; USER=root ; COMMAND=/usr/bin/sh -c 'printf ""command_start_%s"" ""lzD4itxI""; readlink -e /snap/core22/858/lib/python3/dist-packages/cryptography/hazmat/backends/openssl 2>/dev/null; printf ""command_done_%s"" ""1ZL1titH""'";3;5402;sudo;"[""syslog"",""sudo""]";Successful sudo to ROOT executed.
06-20-October;wazuh;E:\Cours\TFE\data\raw\Datasets\06-20-October.csv;772;772;;INFO;5501;pam;sudo;machine-2; ;; ;sohaib;1000; ; ;;; ; ;; ;;; ; ;;; ;;;; ;;;;;authentication;pam;Oct 18 23:47:56 sohaib-virtual-machine sudo: pam_unix(sudo:session): session opened for user root(uid=0) by sohaib(uid=1000);3;5501;pam;"[""pam"",""syslog"",""authentication_success""]";PAM: Login session opened.
06-20-October;wazuh;E:\Cours\TFE\data\raw\Datasets\06-20-October.csv;773;773;;INFO;5402;sudo;sudo;machine-2; ;; ;sohaib; ; ; ;;; ; ;; ;;; ; ;;; ;;;; ;;;;;authentication;sudo;"Oct 18 23:47:56 sohaib-virtual-machine sudo:   sohaib : TTY=pts/6 ; PWD=/home/sohaib ; USER=root ; COMMAND=/usr/bin/sh -c 'printf ""command_start_%s"" ""yPbyNyuX""; unzip -Z1 /snap/gnome-42-2204/141/usr/share/java/gettext.jar; printf ""command_done_%s"" ""vuPMyRUy""'";3;5402;sudo;"[""syslog"",""sudo""]";Successful sudo to ROOT executed.
06-20-October;wazuh;E:\Cours\TFE\data\raw\Datasets\06-20-October.csv;774;774;;INFO;5501;pam;sudo;machine-2; ;; ;sohaib;1000; ; ;;; ; ;; ;;; ; ;;; ;;;; ;;;;;authentication;pam;Oct 18 23:47:56 sohaib-virtual-machine sudo: pam_unix(sudo:session): session opened for user root(uid=0) by sohaib(uid=1000);3;5501;pam;"[""pam"",""syslog"",""authentication_success""]";PAM: Login session opened.
06-20-October;wazuh;E:\Cours\TFE\data\raw\Datasets\06-20-October.csv;775;775;;INFO;5501;pam;sudo;machine-2; ;; ;sohaib;1000; ; ;;; ; ;; ;;; ; ;;; ;;;; ;;;;;authentication;pam;Oct 18 23:47:57 sohaib-virtual-machine sudo: pam_unix(sudo:session): session opened for user root(uid=0) by sohaib(uid=1000);3;5501;pam;"[""pam"",""syslog"",""authentication_success""]";PAM: Login session opened.
06-20-October;wazuh;E:\Cours\TFE\data\raw\Datasets\06-20-October.csv;776;776;;INFO;5502;pam;sudo;machine-2; ;; ; ; ; ; ;;; ; ;; ;;; ; ;;; ;;;; ;;;;;authentication;pam;Oct 18 23:47:57 sohaib-virtual-machine sudo: pam_unix(sudo:session): session closed for user root;3;5502;pam;"[""pam"",""syslog""]";PAM: Login session closed.
06-20-October;wazuh;E:\Cours\TFE\data\raw\Datasets\06-20-October.csv;777;777;;INFO;5501;pam;sudo;machine-2; ;; ;sohaib;1000; ; ;;; ; ;; ;;; ; ;;; ;;;; ;;;;;authentication;pam;Oct 18 23:47:57 sohaib-virtual-machine sudo: pam_unix(sudo:session): session opened for user root(uid=0) by sohaib(uid=1000);3;5501;pam;"[""pam"",""syslog"",""authentication_success""]";PAM: Login session opened.
06-20-October;wazuh;E:\Cours\TFE\data\raw\Datasets\06-20-October.csv;778;778;;INFO;5402;sudo;sudo;machine-2; ;; ;sohaib; ; ; ;;; ; ;; ;;; ; ;;; ;;;; ;;;;;authentication;sudo;"Oct 18 23:47:58 sohaib-virtual-machine sudo:   sohaib : TTY=pts/2 ; PWD=/home/sohaib ; USER=root ; COMMAND=/usr/bin/sh -c 'printf ""command_start_%s"" ""T4CRgKby""; grep -aE \'This is Libgcrypt ([0-9.]+)\' /snap/gnome-42-2204/141/usr/bin/libgcrypt-config 2>/dev/null; printf ""command_done_%s"" ""nyOZX3xz""'";3;5402;sudo;"[""syslog"",""sudo""]";Successful sudo to ROOT executed.
06-20-October;wazuh;E:\Cours\TFE\data\raw\Datasets\06-20-October.csv;779;779;;INFO;5402;sudo;sudo;machine-2; ;; ;sohaib; ; ; ;;; ; ;; ;;; ; ;;; ;;;; ;;;;;authentication;sudo;"Oct 18 23:47:58 sohaib-virtual-machine sudo:   sohaib : TTY=pts/4 ; PWD=/home/sohaib ; USER=root ; COMMAND=/usr/bin/sh -c 'printf ""command_start_%s"" ""ElvbKicr""; unzip -Z1 /snap/gnome-42-2204/120/usr/share/java/gettext.jar; printf ""command_done_%s"" ""oZtRH9Sy""'";3;5402;sudo;"[""syslog"",""sudo""]";Successful sudo to ROOT executed.
06-20-October;wazuh;E:\Cours\TFE\data\raw\Datasets\06-20-October.csv;780;780;;INFO;5501;pam;sudo;machine-2; ;; ;sohaib;1000; ; ;;; ; ;; ;;; ; ;;; ;;;; ;;;;;authentication;pam;Oct 18 23:47:58 sohaib-virtual-machine sudo: pam_unix(sudo:session): session opened for user root(uid=0) by sohaib(uid=1000);3;5501;pam;"[""pam"",""syslog"",""authentication_success""]";PAM: Login session opened.
06-20-October;wazuh;E:\Cours\TFE\data\raw\Datasets\06-20-October.csv;781;781;;INFO;5402;sudo;sudo;machine-2; ;; ;sohaib; ; ; ;;; ; ;; ;;; ; ;;; ;;;; ;;;;;authentication;sudo;"Oct 18 23:47:58 sohaib-virtual-machine sudo:   sohaib : TTY=pts/2 ; PWD=/home/sohaib ; USER=root ; COMMAND=/usr/bin/sh -c 'printf ""command_start_%s"" ""Vw4Pz7ff""; unzip -Z1 /snap/gnome-42-2204/120/usr/share/java/libintl-0.21.jar; printf ""command_done_%s"" ""rU6L0fEQ""'";3;5402;sudo;"[""syslog"",""sudo""]";Successful sudo to ROOT executed.
06-20-October;wazuh;E:\Cours\TFE\data\raw\Datasets\06-20-October.csv;782;782;;INFO;5501;pam;sudo;machine-2; ;; ;sohaib;1000; ; ;;; ; ;; ;;; ; ;;; ;;;; ;;;;;authentication;pam;Oct 18 23:47:58 sohaib-virtual-machine sudo: pam_unix(sudo:session): session opened for user root(uid=0) by sohaib(uid=1000);3;5501;pam;"[""pam"",""syslog"",""authentication_success""]";PAM: Login session opened.
06-20-October;wazuh;E:\Cours\TFE\data\raw\Datasets\06-20-October.csv;783;783;;INFO;5502;pam;sudo;machine-2; ;; ; ; ; ; ;;; ; ;; ;;; ; ;;; ;;;; ;;;;;authentication;pam;Oct 18 23:47:58 sohaib-virtual-machine sudo: pam_unix(sudo:session): session closed for user root;3;5502;pam;"[""pam"",""syslog""]";PAM: Login session closed.
06-20-October;wazuh;E:\Cours\TFE\data\raw\Datasets\06-20-October.csv;784;784;;INFO;5501;pam;sudo;machine-2; ;; ;sohaib;1000; ; ;;; ; ;; ;;; ; ;;; ;;;; ;;;;;authentication;pam;Oct 18 23:47:59 sohaib-virtual-machine sudo: pam_unix(sudo:session): session opened for user root(uid=0) by sohaib(uid=1000);3;5501;pam;"[""pam"",""syslog"",""authentication_success""]";PAM: Login session opened.
06-20-October;wazuh;E:\Cours\TFE\data\raw\Datasets\06-20-October.csv;785;785;;INFO;5502;pam;sudo;machine-2; ;; ; ; ; ; ;;; ; ;; ;;; ; ;;; ;;;; ;;;;;authentication;pam;Oct 18 23:47:59 sohaib-virtual-machine sudo: pam_unix(sudo:session): session closed for user root;3;5502;pam;"[""pam"",""syslog""]";PAM: Login session closed.
06-20-October;wazuh;E:\Cours\TFE\data\raw\Datasets\06-20-October.csv;786;786;;INFO;5402;sudo;sudo;machine-2; ;; ;sohaib; ; ; ;;; ; ;; ;;; ; ;;; ;;;; ;;;;;authentication;sudo;"Oct 18 23:47:59 sohaib-virtual-machine sudo:   sohaib : TTY=pts/2 ; PWD=/home/sohaib ; USER=root ; COMMAND=/usr/bin/sh -c 'printf ""command_start_%s"" ""98QTUG_Z""; readlink -e /snap/core22/864/lib/x86_64-linux-gnu/libssl.so.3 2>/dev/null; printf ""command_done_%s"" ""_bjqdGAv""'";3;5402;sudo;"[""syslog"",""sudo""]";Successful sudo to ROOT executed.
06-20-October;wazuh;E:\Cours\TFE\data\raw\Datasets\06-20-October.csv;787;787;;INFO;5502;pam;sudo;machine-2; ;; ; ; ; ; ;;; ; ;; ;;; ; ;;; ;;;; ;;;;;authentication;pam;Oct 18 23:47:59 sohaib-virtual-machine sudo: pam_unix(sudo:session): session closed for user root;3;5502;pam;"[""pam"",""syslog""]";PAM: Login session closed.
06-20-October;wazuh;E:\Cours\TFE\data\raw\Datasets\06-20-October.csv;788;788;;INFO;5501;pam;sudo;machine-2; ;; ;sohaib;1000; ; ;;; ; ;; ;;; ; ;;; ;;;; ;;;;;authentication;pam;Oct 18 23:48:00 sohaib-virtual-machine sudo: pam_unix(sudo:session): session opened for user root(uid=0) by sohaib(uid=1000);3;5501;pam;"[""pam"",""syslog"",""authentication_success""]";PAM: Login session opened.
06-20-October;wazuh;E:\Cours\TFE\data\raw\Datasets\06-20-October.csv;789;789;;INFO;5502;pam;sudo;machine-2; ;; ; ; ; ; ;;; ; ;; ;;; ; ;;; ;;;; ;;;;;authentication;pam;Oct 18 23:48:00 sohaib-virtual-machine sudo: pam_unix(sudo:session): session closed for user root;3;5502;pam;"[""pam"",""syslog""]";PAM: Login session closed.
06-20-October;wazuh;E:\Cours\TFE\data\raw\Datasets\06-20-October.csv;790;790;;INFO;5501;pam;sudo;machine-2; ;; ;sohaib;1000; ; ;;; ; ;; ;;; ; ;;; ;;;; ;;;;;authentication;pam;Oct 18 23:48:00 sohaib-virtual-machine sudo: pam_unix(sudo:session): session opened for user root(uid=0) by sohaib(uid=1000);3;5501;pam;"[""pam"",""syslog"",""authentication_success""]";PAM: Login session opened.
06-20-October;wazuh;E:\Cours\TFE\data\raw\Datasets\06-20-October.csv;791;791;;INFO;5502;pam;sudo;machine-2; ;; ; ; ; ; ;;; ; ;; ;;; ; ;;; ;;;; ;;;;;authentication;pam;Oct 18 23:48:00 sohaib-virtual-machine sudo: pam_unix(sudo:session): session closed for user root;3;5502;pam;"[""pam"",""syslog""]";PAM: Login session closed.
06-20-October;wazuh;E:\Cours\TFE\data\raw\Datasets\06-20-October.csv;792;792;;INFO;5502;pam;sudo;machine-2; ;; ; ; ; ; ;;; ; ;; ;;; ; ;;; ;;;; ;;;;;authentication;pam;Oct 18 23:47:45 sohaib-virtual-machine sudo: pam_unix(sudo:session): session closed for user root;3;5502;pam;"[""pam"",""syslog""]";PAM: Login session closed.
06-20-October;wazuh;E:\Cours\TFE\data\raw\Datasets\06-20-October.csv;793;793;;INFO;5502;pam;sudo;machine-2; ;; ; ; ; ; ;;; ; ;; ;;; ; ;;; ;;;; ;;;;;authentication;pam;Oct 18 23:47:45 sohaib-virtual-machine sudo: pam_unix(sudo:session): session closed for user root;3;5502;pam;"[""pam"",""syslog""]";PAM: Login session closed.
06-20-October;wazuh;E:\Cours\TFE\data\raw\Datasets\06-20-October.csv;794;794;;INFO;5501;pam;sudo;machine-2; ;; ;sohaib;1000; ; ;;; ; ;; ;;; ; ;;; ;;;; ;;;;;authentication;pam;Oct 18 23:47:46 sohaib-virtual-machine sudo: pam_unix(sudo:session): session opened for user root(uid=0) by sohaib(uid=1000);3;5501;pam;"[""pam"",""syslog"",""authentication_success""]";PAM: Login session opened.
06-20-October;wazuh;E:\Cours\TFE\data\raw\Datasets\06-20-October.csv;795;795;;INFO;5502;pam;sudo;machine-2; ;; ; ; ; ; ;;; ; ;; ;;; ; ;;; ;;;; ;;;;;authentication;pam;Oct 18 23:47:46 sohaib-virtual-machine sudo: pam_unix(sudo:session): session closed for user root;3;5502;pam;"[""pam"",""syslog""]";PAM: Login session closed.
06-20-October;wazuh;E:\Cours\TFE\data\raw\Datasets\06-20-October.csv;796;796;;INFO;5502;pam;sudo;machine-2; ;; ; ; ; ; ;;; ; ;; ;;; ; ;;; ;;;; ;;;;;authentication;pam;Oct 18 23:47:46 sohaib-virtual-machine sudo: pam_unix(sudo:session): session closed for user root;3;5502;pam;"[""pam"",""syslog""]";PAM: Login session closed.
06-20-October;wazuh;E:\Cours\TFE\data\raw\Datasets\06-20-October.csv;797;797;;INFO;5501;pam;sudo;machine-2; ;; ;sohaib;1000; ; ;;; ; ;; ;;; ; ;;; ;;;; ;;;;;authentication;pam;Oct 18 23:47:47 sohaib-virtual-machine sudo: pam_unix(sudo:session): session opened for user root(uid=0) by sohaib(uid=1000);3;5501;pam;"[""pam"",""syslog"",""authentication_success""]";PAM: Login session opened.
06-20-October;wazuh;E:\Cours\TFE\data\raw\Datasets\06-20-October.csv;798;798;;INFO;5502;pam;sudo;machine-2; ;; ; ; ; ; ;;; ; ;; ;;; ; ;;; ;;;; ;;;;;authentication;pam;Oct 18 23:47:47 sohaib-virtual-machine sudo: pam_unix(sudo:session): session closed for user root;3;5502;pam;"[""pam"",""syslog""]";PAM: Login session closed.
06-20-October;wazuh;E:\Cours\TFE\data\raw\Datasets\06-20-October.csv;799;799;;INFO;5402;sudo;sudo;machine-2; ;; ;sohaib; ; ; ;;; ; ;; ;;; ; ;;; ;;;; ;;;;;authentication;sudo;"Oct 18 23:47:48 sohaib-virtual-machine sudo:   sohaib : TTY=pts/6 ; PWD=/home/sohaib ; USER=root ; COMMAND=/usr/bin/sh -c 'printf ""command_start_%s"" ""7vjOYcqF""; [ -f ""/snap/gnome-42-2204/current/usr/bin/libgcrypt-config"" ] || [ -d ""/snap/gnome-42-2204/current/usr/bin/libgcrypt-config"" ] && echo ""found""; printf ""command_done_%s"" ""ZWB0IxiN""'";3;5402;sudo;"[""syslog"",""sudo""]";Successful sudo to ROOT executed.
06-20-October;wazuh;E:\Cours\TFE\data\raw\Datasets\06-20-October.csv;800;800;;INFO;5501;pam;sudo;machine-2; ;; ;sohaib;1000; ; ;;; ; ;; ;;; ; ;;; ;;;; ;;;;;authentication;pam;Oct 18 23:47:48 sohaib-virtual-machine sudo: pam_unix(sudo:session): session opened for user root(uid=0) by sohaib(uid=1000);3;5501;pam;"[""pam"",""syslog"",""authentication_success""]";PAM: Login session opened.
06-20-October;wazuh;E:\Cours\TFE\data\raw\Datasets\06-20-October.csv;801;801;;INFO;5502;pam;sudo;machine-2; ;; ; ; ; ; ;;; ; ;; ;;; ; ;;; ;;;; ;;;;;authentication;pam;Oct 18 23:47:48 sohaib-virtual-machine sudo: pam_unix(sudo:session): session closed for user root;3;5502;pam;"[""pam"",""syslog""]";PAM: Login session closed.
06-20-October;wazuh;E:\Cours\TFE\data\raw\Datasets\06-20-October.csv;802;802;;INFO;5502;pam;sudo;machine-2; ;; ; ; ; ; ;;; ; ;; ;;; ; ;;; ;;;; ;;;;;authentication;pam;Oct 18 23:47:48 sohaib-virtual-machine sudo: pam_unix(sudo:session): session closed for user root;3;5502;pam;"[""pam"",""syslog""]";PAM: Login session closed.
06-20-October;wazuh;E:\Cours\TFE\data\raw\Datasets\06-20-October.csv;803;803;;INFO;5501;pam;sudo;machine-2; ;; ;sohaib;1000; ; ;;; ; ;; ;;; ; ;;; ;;;; ;;;;;authentication;pam;Oct 18 23:47:49 sohaib-virtual-machine sudo: pam_unix(sudo:session): session opened for user root(uid=0) by sohaib(uid=1000);3;5501;pam;"[""pam"",""syslog"",""authentication_success""]";PAM: Login session opened.
06-20-October;wazuh;E:\Cours\TFE\data\raw\Datasets\06-20-October.csv;804;804;;INFO;5402;sudo;sudo;machine-2; ;; ;sohaib; ; ; ;;; ; ;; ;;; ; ;;; ;;;; ;;;;;authentication;sudo;"Oct 18 23:47:49 sohaib-virtual-machine sudo:   sohaib : TTY=pts/7 ; PWD=/home/sohaib ; USER=root ; COMMAND=/usr/bin/sh -c 'printf ""command_start_%s"" ""PV5YxaAB""; grep -aE \'This is Libgcrypt ([0-9.]+)\' /snap/gnome-42-2204/current/usr/bin/libgcrypt-config 2>&1; printf ""command_done_%s"" ""IA4zT4Y1""'";3;5402;sudo;"[""syslog"",""sudo""]";Successful sudo to ROOT executed.
06-20-October;wazuh;E:\Cours\TFE\data\raw\Datasets\06-20-October.csv;805;805;;INFO;5501;pam;sudo;machine-2; ;; ;sohaib;1000; ; ;;; ; ;; ;;; ; ;;; ;;;; ;;;;;authentication;pam;Oct 18 23:47:49 sohaib-virtual-machine sudo: pam_unix(sudo:session): session opened for user root(uid=0) by sohaib(uid=1000);3;5501;pam;"[""pam"",""syslog"",""authentication_success""]";PAM: Login session opened.
06-20-October;wazuh;E:\Cours\TFE\data\raw\Datasets\06-20-October.csv;806;806;;INFO;5502;pam;sudo;machine-2; ;; ; ; ; ; ;;; ; ;; ;;; ; ;;; ;;;; ;;;;;authentication;pam;Oct 18 23:47:50 sohaib-virtual-machine sudo: pam_unix(sudo:session): session closed for user root;3;5502;pam;"[""pam"",""syslog""]";PAM: Login session closed.
06-20-October;wazuh;E:\Cours\TFE\data\raw\Datasets\06-20-October.csv;807;807;;INFO;5501;pam;sudo;machine-2; ;; ;sohaib;1000; ; ;;; ; ;; ;;; ; ;;; ;;;; ;;;;;authentication;pam;Oct 18 23:47:50 sohaib-virtual-machine sudo: pam_unix(sudo:session): session opened for user root(uid=0) by sohaib(uid=1000);3;5501;pam;"[""pam"",""syslog"",""authentication_success""]";PAM: Login session opened.
06-20-October;wazuh;E:\Cours\TFE\data\raw\Datasets\06-20-October.csv;808;808;;INFO;5502;pam;sudo;machine-2; ;; ; ; ; ; ;;; ; ;; ;;; ; ;;; ;;;; ;;;;;authentication;pam;Oct 18 23:47:41 sohaib-virtual-machine sudo: pam_unix(sudo:session): session closed for user root;3;5502;pam;"[""pam"",""syslog""]";PAM: Login session closed.
06-20-October;wazuh;E:\Cours\TFE\data\raw\Datasets\06-20-October.csv;809;809;;INFO;5402;sudo;sudo;machine-2; ;; ;sohaib; ; ; ;;; ; ;; ;;; ; ;;; ;;;; ;;;;;authentication;sudo;"Oct 18 23:47:42 sohaib-virtual-machine sudo:   sohaib : TTY=pts/11 ; PWD=/home/sohaib ; USER=root ; COMMAND=/usr/bin/sh -c 'printf ""command_start_%s"" ""CUfK6c1q""; readlink -e /snap/core22/858/usr/lib/python3/dist-packages/cryptography/hazmat/backends/openssl 2>/dev/null; printf ""command_done_%s"" ""7Y6JyBtB""'";3;5402;sudo;"[""syslog"",""sudo""]";Successful sudo to ROOT executed.
06-20-October;wazuh;E:\Cours\TFE\data\raw\Datasets\06-20-October.csv;810;810;;INFO;5402;sudo;sudo;machine-2; ;; ;sohaib; ; ; ;;; ; ;; ;;; ; ;;; ;;;; ;;;;;authentication;sudo;"Oct 18 23:47:42 sohaib-virtual-machine sudo:   sohaib : TTY=pts/4 ; PWD=/home/sohaib ; USER=root ; COMMAND=/usr/bin/sh -c 'printf ""command_start_%s"" ""jPiJf9ai""; [ -f ""/lib/x86_64-linux-gnu/libgcrypt.so.20"" ] || [ -d ""/lib/x86_64-linux-gnu/libgcrypt.so.20"" ] && echo ""found""; printf ""command_done_%s"" ""WCMvEx_M""'";3;5402;sudo;"[""syslog"",""sudo""]";Successful sudo to ROOT executed.
06-20-October;wazuh;E:\Cours\TFE\data\raw\Datasets\06-20-October.csv;811;811;;INFO;5501;pam;sudo;machine-2; ;; ;sohaib;1000; ; ;;; ; ;; ;;; ; ;;; ;;;; ;;;;;authentication;pam;Oct 18 23:47:43 sohaib-virtual-machine sudo: pam_unix(sudo:session): session opened for user root(uid=0) by sohaib(uid=1000);3;5501;pam;"[""pam"",""syslog"",""authentication_success""]";PAM: Login session opened.
06-20-October;wazuh;E:\Cours\TFE\data\raw\Datasets\06-20-October.csv;812;812;;INFO;5502;pam;sudo;machine-2; ;; ; ; ; ; ;;; ; ;; ;;; ; ;;; ;;;; ;;;;;authentication;pam;Oct 18 23:47:43 sohaib-virtual-machine sudo: pam_unix(sudo:session): session closed for user root;3;5502;pam;"[""pam"",""syslog""]";PAM: Login session closed.
06-20-October;wazuh;E:\Cours\TFE\data\raw\Datasets\06-20-October.csv;813;813;;INFO;5501;pam;sudo;machine-2; ;; ;sohaib;1000; ; ;;; ; ;; ;;; ; ;;; ;;;; ;;;;;authentication;pam;Oct 18 23:47:43 sohaib-virtual-machine sudo: pam_unix(sudo:session): session opened for user root(uid=0) by sohaib(uid=1000);3;5501;pam;"[""pam"",""syslog"",""authentication_success""]";PAM: Login session opened.
06-20-October;wazuh;E:\Cours\TFE\data\raw\Datasets\06-20-October.csv;814;814;;INFO;5501;pam;sudo;machine-2; ;; ;sohaib;1000; ; ;;; ; ;; ;;; ; ;;; ;;;; ;;;;;authentication;pam;Oct 18 23:47:44 sohaib-virtual-machine sudo: pam_unix(sudo:session): session opened for user root(uid=0) by sohaib(uid=1000);3;5501;pam;"[""pam"",""syslog"",""authentication_success""]";PAM: Login session opened.
06-20-October;wazuh;E:\Cours\TFE\data\raw\Datasets\06-20-October.csv;815;815;;INFO;5502;pam;sudo;machine-2; ;; ; ; ; ; ;;; ; ;; ;;; ; ;;; ;;;; ;;;;;authentication;pam;Oct 18 23:47:44 sohaib-virtual-machine sudo: pam_unix(sudo:session): session closed for user root;3;5502;pam;"[""pam"",""syslog""]";PAM: Login session closed.
06-20-October;wazuh;E:\Cours\TFE\data\raw\Datasets\06-20-October.csv;816;816;;INFO;5402;sudo;sudo;machine-2; ;; ;sohaib; ; ; ;;; ; ;; ;;; ; ;;; ;;;; ;;;;;authentication;sudo;"Oct 18 23:47:44 sohaib-virtual-machine sudo:   sohaib : TTY=pts/4 ; PWD=/home/sohaib ; USER=root ; COMMAND=/usr/bin/sh -c 'printf ""command_start_%s"" ""ZxakISCl""; grep -aE \'This is Libgcrypt ([0-9.]+)\' /lib/x86_64-linux-gnu/libgcrypt.so.20.3.4 2>/dev/null; printf ""command_done_%s"" ""bLkcNSMp""'";3;5402;sudo;"[""syslog"",""sudo""]";Successful sudo to ROOT executed.
06-20-October;wazuh;E:\Cours\TFE\data\raw\Datasets\06-20-October.csv;817;817;;INFO;5502;pam;sudo;machine-2; ;; ; ; ; ; ;;; ; ;; ;;; ; ;;; ;;;; ;;;;;authentication;pam;Oct 18 23:47:45 sohaib-virtual-machine sudo: pam_unix(sudo:session): session closed for user root;3;5502;pam;"[""pam"",""syslog""]";PAM: Login session closed.
06-20-October;wazuh;E:\Cours\TFE\data\raw\Datasets\06-20-October.csv;818;818;;INFO;5402;sudo;sudo;machine-2; ;; ;sohaib; ; ; ;;; ; ;; ;;; ; ;;; ;;;; ;;;;;authentication;sudo;"Oct 18 23:49:13 sohaib-virtual-machine sudo:   sohaib : TTY=pts/3 ; PWD=/home/sohaib ; USER=root ; COMMAND=/usr/bin/sh -c 'printf ""command_start_%s"" ""DVTFrHDW""; grep -aE \'OpenSSL\\s+([0-9.]+[a-z]?)\\s+(0?[1-9]|[12]\\d|3[01])\\s+(Jan|Feb|Mar|Apr|May|Jun|Jul|Aug|Sep|Oct|Nov|Dec)\\s+\\d{4}\' /snap/core22/858/usr/lib/x86_64-linux-gnu/libcrypto.so.3 2>&1; printf ""command_done_%s"" ""HqgJOfcI""'";3;5402;sudo;"[""syslog"",""sudo""]";Successful sudo to ROOT executed.
06-20-October;wazuh;E:\Cours\TFE\data\raw\Datasets\06-20-October.csv;819;819;;INFO;5502;pam;sudo;machine-2; ;; ; ; ; ; ;;; ; ;; ;;; ; ;;; ;;;; ;;;;;authentication;pam;Oct 18 23:49:13 sohaib-virtual-machine sudo: pam_unix(sudo:session): session closed for user root;3;5502;pam;"[""pam"",""syslog""]";PAM: Login session closed.
06-20-October;wazuh;E:\Cours\TFE\data\raw\Datasets\06-20-October.csv;820;820;;INFO;5502;pam;sudo;machine-2; ;; ; ; ; ; ;;; ; ;; ;;; ; ;;; ;;;; ;;;;;authentication;pam;Oct 18 23:49:13 sohaib-virtual-machine sudo: pam_unix(sudo:session): session closed for user root;3;5502;pam;"[""pam"",""syslog""]";PAM: Login session closed.
06-20-October;wazuh;E:\Cours\TFE\data\raw\Datasets\06-20-October.csv;821;821;;INFO;5715;sshd;sshd;machine-2; ;; ; ; ; ; ;;; ; ;; ;;;192.168.204.1;65309;;; ;;;; ;;;;;authentication;sshd;Oct 18 23:49:13 sohaib-virtual-machine sshd[18534]: Accepted password for sohaib from 192.168.204.1 port 65309 ssh2;3;5715;sshd;"[""syslog"",""sshd"",""authentication_success""]";sshd: authentication success.
06-20-October;wazuh;E:\Cours\TFE\data\raw\Datasets\06-20-October.csv;822;822;;INFO;5402;sudo;sudo;machine-2; ;; ;sohaib; ; ; ;;; ; ;; ;;; ; ;;; ;;;; ;;;;;authentication;sudo;"Oct 18 23:49:14 sohaib-virtual-machine sudo:   sohaib : TTY=pts/3 ; PWD=/home/sohaib ; USER=root ; COMMAND=/usr/bin/sh -c 'printf ""command_start_%s"" ""Q4yzAbkF""; grep -aE \'This is Libgcrypt ([0-9.]+)\' /snap/core22/864/usr/lib/x86_64-linux-gnu/libgcrypt.so.20 2>/dev/null; printf ""command_done_%s"" ""ts4fEnk6""'";3;5402;sudo;"[""syslog"",""sudo""]";Successful sudo to ROOT executed.
06-20-October;wazuh;E:\Cours\TFE\data\raw\Datasets\06-20-October.csv;823;823;;INFO;5402;sudo;sudo;machine-2; ;; ;sohaib; ; ; ;;; ; ;; ;;; ; ;;; ;;;; ;;;;;authentication;sudo;"Oct 18 23:49:15 sohaib-virtual-machine sudo:   sohaib : TTY=pts/2 ; PWD=/home/sohaib ; USER=root ; COMMAND=/usr/bin/sh -c 'printf ""command_start_%s"" ""GWtQ4plQ""; [ -f ""/usr/share/elasticsearch/bin/elasticsearch-cli"" ] || [ -d ""/usr/share/elasticsearch/bin/elasticsearch-cli"" ] && echo ""found""; printf ""command_done_%s"" ""oBihd7ZO""'";3;5402;sudo;"[""syslog"",""sudo""]";Successful sudo to ROOT executed.
06-20-October;wazuh;E:\Cours\TFE\data\raw\Datasets\06-20-October.csv;824;824;;INFO;5502;pam;sudo;machine-2; ;; ; ; ; ; ;;; ; ;; ;;; ; ;;; ;;;; ;;;;;authentication;pam;Oct 18 23:49:15 sohaib-virtual-machine sudo: pam_unix(sudo:session): session closed for user root;3;5502;pam;"[""pam"",""syslog""]";PAM: Login session closed.
06-20-October;wazuh;E:\Cours\TFE\data\raw\Datasets\06-20-October.csv;825;825;;INFO;5402;sudo;sudo;machine-2; ;; ;sohaib; ; ; ;;; ; ;; ;;; ; ;;; ;;;; ;;;;;authentication;sudo;"Oct 18 23:49:15 sohaib-virtual-machine sudo:   sohaib : TTY=pts/7 ; PWD=/home/sohaib ; USER=root ; COMMAND=/usr/bin/sh -c 'printf ""command_start_%s"" ""ZC3cEaVt""; [ -f ""/snap/core22/858/usr/lib/x86_64-linux-gnu/libssl.so.3"" ] || [ -d ""/snap/core22/858/usr/lib/x86_64-linux-gnu/libssl.so.3"" ] && echo ""found""; printf ""command_done_%s"" ""2lQOPDja""'";3;5402;sudo;"[""syslog"",""sudo""]";Successful sudo to ROOT executed.
06-20-October;wazuh;E:\Cours\TFE\data\raw\Datasets\06-20-October.csv;826;826;;INFO;5502;pam;sudo;machine-2; ;; ; ; ; ; ;;; ; ;; ;;; ; ;;; ;;;; ;;;;;authentication;pam;Oct 18 23:49:15 sohaib-virtual-machine sudo: pam_unix(sudo:session): session closed for user root;3;5502;pam;"[""pam"",""syslog""]";PAM: Login session closed.
06-20-October;wazuh;E:\Cours\TFE\data\raw\Datasets\06-20-October.csv;827;827;;INFO;5402;sudo;sudo;machine-2; ;; ;sohaib; ; ; ;;; ; ;; ;;; ; ;;; ;;;; ;;;;;authentication;sudo;"Oct 18 23:49:16 sohaib-virtual-machine sudo:   sohaib : TTY=pts/3 ; PWD=/home/sohaib ; USER=root ; COMMAND=/usr/bin/sh -c 'printf ""command_start_%s"" ""3dWexdoU""; timeout -s9 1200s find \'/\' -maxdepth 99 -follow \\( ! \\( -fstype nfs -prune -o -fstype nfs4 -prune -o -fstype cifs -prune -o -fstype smbfs -prune -o -fstype afs -prune -o -fstype sysfs -prune -o -fstype proc -prune -o -fstype panfs -prune \\) ! \\( -path \'/bin\' -prune -o -path \'/boot\' -prune -o -path \'/dev\' -prune -o -path \'/etc\' -prune -o -path \'/lib\' -prune -o -path \'/media\' -prune -o -path \'/mnt\' -prune -o -path \'/proc\' -prune -o -path \'/run\' -prune -o -path \'/sbin\' -prune -o -path \'/srv\' -prune -o -path \'/sys\' -prune -o -path \'/tmp\' -prune \\) -a \\( -path \'*/bin/elasticsearch-cli\' \\) \\) 2>/dev/null; RET=$?; echo; echo ""$RET""; printf ""command_done_%s"" ""EOjPHPXQ""'";3;5402;sudo;"[""syslog"",""sudo""]";Successful sudo to ROOT executed.
06-20-October;wazuh;E:\Cours\TFE\data\raw\Datasets\06-20-October.csv;828;828;;INFO;5402;sudo;sudo;machine-2; ;; ;sohaib; ; ; ;;; ; ;; ;;; ; ;;; ;;;; ;;;;;authentication;sudo;"Oct 18 23:49:16 sohaib-virtual-machine sudo:   sohaib : TTY=pts/2 ; PWD=/home/sohaib ; USER=root ; COMMAND=/usr/bin/sh -c 'printf ""command_start_%s"" ""MAZG8wMw""; grep -aE \'OpenSSL\\s+([0-9.]+[a-z]?)\\s+(0?[1-9]|[12]\\d|3[01])\\s+(Jan|Feb|Mar|Apr|May|Jun|Jul|Aug|Sep|Oct|Nov|Dec)\\s+\\d{4}\' /snap/core22/858/usr/lib/x86_64-linux-gnu/libssl.so.3 2>/dev/null; printf ""command_done_%s"" ""40Sjp9oL""'";3;5402;sudo;"[""syslog"",""sudo""]";Successful sudo to ROOT executed.
06-20-October;wazuh;E:\Cours\TFE\data\raw\Datasets\06-20-October.csv;829;829;;INFO;5502;pam;sudo;machine-2; ;; ; ; ; ; ;;; ; ;; ;;; ; ;;; ;;;; ;;;;;authentication;pam;Oct 18 23:49:16 sohaib-virtual-machine sudo: pam_unix(sudo:session): session closed for user root;3;5502;pam;"[""pam"",""syslog""]";PAM: Login session closed.
06-20-October;wazuh;E:\Cours\TFE\data\raw\Datasets\06-20-October.csv;830;830;;INFO;5502;pam;sshd;machine-2; ;; ; ; ; ; ;;; ; ;; ;;; ; ;;; ;;;; ;;;;;authentication;pam;Oct 18 23:49:16 sohaib-virtual-machine sshd[13262]: pam_unix(sshd:session): session closed for user sohaib;3;5502;pam;"[""pam"",""syslog""]";PAM: Login session closed.
06-20-October;wazuh;E:\Cours\TFE\data\raw\Datasets\06-20-October.csv;831;831;;INFO;5402;sudo;sudo;machine-2; ;; ;sohaib; ; ; ;;; ; ;; ;;; ; ;;; ;;;; ;;;;;authentication;sudo;"Oct 18 23:48:57 sohaib-virtual-machine sudo:   sohaib : TTY=pts/5 ; PWD=/home/sohaib ; USER=root ; COMMAND=/usr/bin/sh -c 'printf ""command_start_%s"" ""YD_SNPvs""; grep -aE \'OpenSSL\\s+([0-9.]+[a-z]?)\\s+(0?[1-9]|[12]\\d|3[01])\\s+(Jan|Feb|Mar|Apr|May|Jun|Jul|Aug|Sep|Oct|Nov|Dec)\\s+\\d{4}\' /snap/core20/2015/usr/share/bash-completion/completions/openssl 2>/dev/null; printf ""command_done_%s"" ""MY0tn8Ne""'";3;5402;sudo;"[""syslog"",""sudo""]";Successful sudo to ROOT executed.
06-20-October;wazuh;E:\Cours\TFE\data\raw\Datasets\06-20-October.csv;832;832;;INFO;5502;pam;sudo;machine-2; ;; ; ; ; ; ;;; ; ;; ;;; ; ;;; ;;;; ;;;;;authentication;pam;Oct 18 23:48:57 sohaib-virtual-machine sudo: pam_unix(sudo:session): session closed for user root;3;5502;pam;"[""pam"",""syslog""]";PAM: Login session closed.
06-20-October;wazuh;E:\Cours\TFE\data\raw\Datasets\06-20-October.csv;833;833;;INFO;5402;sudo;sudo;machine-2; ;; ;sohaib; ; ; ;;; ; ;; ;;; ; ;;; ;;;; ;;;;;authentication;sudo;"Oct 18 23:48:57 sohaib-virtual-machine sudo:   sohaib : TTY=pts/2 ; PWD=/home/sohaib ; USER=root ; COMMAND=/usr/bin/sh -c 'printf ""command_start_%s"" ""Edkeh4TI""; grep -aE \'This is Libgcrypt ([0-9.]+)\' /snap/core22/current/lib/x86_64-linux-gnu/libgcrypt.so.20 2>/dev/null; printf ""command_done_%s"" ""ro7qnBbS""'";3;5402;sudo;"[""syslog"",""sudo""]";Successful sudo to ROOT executed.
06-20-October;wazuh;E:\Cours\TFE\data\raw\Datasets\06-20-October.csv;834;834;;INFO;5502;pam;sudo;machine-2; ;; ; ; ; ; ;;; ; ;; ;;; ; ;;; ;;;; ;;;;;authentication;pam;Oct 18 23:48:57 sohaib-virtual-machine sudo: pam_unix(sudo:session): session closed for user root;3;5502;pam;"[""pam"",""syslog""]";PAM: Login session closed.
06-20-October;wazuh;E:\Cours\TFE\data\raw\Datasets\06-20-October.csv;835;835;;INFO;5502;pam;sudo;machine-2; ;; ; ; ; ; ;;; ; ;; ;;; ; ;;; ;;;; ;;;;;authentication;pam;Oct 18 23:48:58 sohaib-virtual-machine sudo: pam_unix(sudo:session): session closed for user root;3;5502;pam;"[""pam"",""syslog""]";PAM: Login session closed.
06-20-October;wazuh;E:\Cours\TFE\data\raw\Datasets\06-20-October.csv;836;836;;INFO;5402;sudo;sudo;machine-2; ;; ;sohaib; ; ; ;;; ; ;; ;;; ; ;;; ;;;; ;;;;;authentication;sudo;"Oct 18 23:48:58 sohaib-virtual-machine sudo:   sohaib : TTY=pts/5 ; PWD=/home/sohaib ; USER=root ; COMMAND=/usr/bin/sh -c 'printf ""command_start_%s"" ""vlVqAyLI""; [ -f ""/snap/core22/current/lib/x86_64-linux-gnu/libgcrypt.so.20.3.4"" ] || [ -d ""/snap/core22/current/lib/x86_64-linux-gnu/libgcrypt.so.20.3.4"" ] && echo ""found""; printf ""command_done_%s"" ""dNgR7KIl""'";3;5402;sudo;"[""syslog"",""sudo""]";Successful sudo to ROOT executed.
06-20-October;wazuh;E:\Cours\TFE\data\raw\Datasets\06-20-October.csv;837;837;;INFO;5501;pam;sudo;machine-2; ;; ;sohaib;1000; ; ;;; ; ;; ;;; ; ;;; ;;;; ;;;;;authentication;pam;Oct 18 23:48:58 sohaib-virtual-machine sudo: pam_unix(sudo:session): session opened for user root(uid=0) by sohaib(uid=1000);3;5501;pam;"[""pam"",""syslog"",""authentication_success""]";PAM: Login session opened.
06-20-October;wazuh;E:\Cours\TFE\data\raw\Datasets\06-20-October.csv;838;838;;INFO;5402;sudo;sudo;machine-2; ;; ;sohaib; ; ; ;;; ; ;; ;;; ; ;;; ;;;; ;;;;;authentication;sudo;"Oct 18 23:48:58 sohaib-virtual-machine sudo:   sohaib : TTY=pts/9 ; PWD=/home/sohaib ; USER=root ; COMMAND=/usr/bin/sh -c 'printf ""command_start_%s"" ""8bU1VT7N""; dpkg -L openssl 2>/dev/null; printf ""command_done_%s"" ""iQnRaqbD""'";3;5402;sudo;"[""syslog"",""sudo""]";Successful sudo to ROOT executed.
06-20-October;wazuh;E:\Cours\TFE\data\raw\Datasets\06-20-October.csv;839;839;;INFO;5501;pam;sudo;machine-2; ;; ;sohaib;1000; ; ;;; ; ;; ;;; ; ;;; ;;;; ;;;;;authentication;pam;Oct 18 23:48:58 sohaib-virtual-machine sudo: pam_unix(sudo:session): session opened for user root(uid=0) by sohaib(uid=1000);3;5501;pam;"[""pam"",""syslog"",""authentication_success""]";PAM: Login session opened.
06-20-October;wazuh;E:\Cours\TFE\data\raw\Datasets\06-20-October.csv;840;840;;INFO;5502;pam;sudo;machine-2; ;; ; ; ; ; ;;; ; ;; ;;; ; ;;; ;;;; ;;;;;authentication;pam;Oct 18 23:48:58 sohaib-virtual-machine sudo: pam_unix(sudo:session): session closed for user root;3;5502;pam;"[""pam"",""syslog""]";PAM: Login session closed.
06-20-October;wazuh;E:\Cours\TFE\data\raw\Datasets\06-20-October.csv;841;841;;INFO;5501;pam;sudo;machine-2; ;; ;sohaib;1000; ; ;;; ; ;; ;;; ; ;;; ;;;; ;;;;;authentication;pam;Oct 18 23:48:59 sohaib-virtual-machine sudo: pam_unix(sudo:session): session opened for user root(uid=0) by sohaib(uid=1000);3;5501;pam;"[""pam"",""syslog"",""authentication_success""]";PAM: Login session opened.
06-20-October;wazuh;E:\Cours\TFE\data\raw\Datasets\06-20-October.csv;842;842;;INFO;5501;pam;sudo;machine-2; ;; ;sohaib;1000; ; ;;; ; ;; ;;; ; ;;; ;;;; ;;;;;authentication;pam;Oct 18 23:48:59 sohaib-virtual-machine sudo: pam_unix(sudo:session): session opened for user root(uid=0) by sohaib(uid=1000);3;5501;pam;"[""pam"",""syslog"",""authentication_success""]";PAM: Login session opened.
06-20-October;wazuh;E:\Cours\TFE\data\raw\Datasets\06-20-October.csv;843;843;;INFO;5402;sudo;sudo;machine-2; ;; ;sohaib; ; ; ;;; ; ;; ;;; ; ;;; ;;;; ;;;;;authentication;sudo;"Oct 18 23:48:59 sohaib-virtual-machine sudo:   sohaib : TTY=pts/2 ; PWD=/home/sohaib ; USER=root ; COMMAND=/usr/bin/sh -c 'printf ""command_start_%s"" ""lbgttrpB""; [ -f ""/snap/core20/2015/usr/share/lintian/overrides/openssl"" ] || [ -d ""/snap/core20/2015/usr/share/lintian/overrides/openssl"" ] && echo ""found""; printf ""command_done_%s"" ""mNaGpFwm""'";3;5402;sudo;"[""syslog"",""sudo""]";Successful sudo to ROOT executed.
06-20-October;wazuh;E:\Cours\TFE\data\raw\Datasets\06-20-October.csv;844;844;;INFO;5501;pam;sudo;machine-2; ;; ;sohaib;1000; ; ;;; ; ;; ;;; ; ;;; ;;;; ;;;;;authentication;pam;Oct 18 23:48:59 sohaib-virtual-machine sudo: pam_unix(sudo:session): session opened for user root(uid=0) by sohaib(uid=1000);3;5501;pam;"[""pam"",""syslog"",""authentication_success""]";PAM: Login session opened.
06-20-October;wazuh;E:\Cours\TFE\data\raw\Datasets\06-20-October.csv;845;845;;INFO;5502;pam;sudo;machine-2; ;; ; ; ; ; ;;; ; ;; ;;; ; ;;; ;;;; ;;;;;authentication;pam;Oct 18 23:48:59 sohaib-virtual-machine sudo: pam_unix(sudo:session): session closed for user root;3;5502;pam;"[""pam"",""syslog""]";PAM: Login session closed.
06-20-October;wazuh;E:\Cours\TFE\data\raw\Datasets\06-20-October.csv;846;846;;INFO;5402;sudo;sudo;machine-2; ;; ;sohaib; ; ; ;;; ; ;; ;;; ; ;;; ;;;; ;;;;;authentication;sudo;"Oct 18 23:49:00 sohaib-virtual-machine sudo:   sohaib : TTY=pts/6 ; PWD=/home/sohaib ; USER=root ; COMMAND=/usr/bin/sh -c 'printf ""command_start_%s"" ""Apr1MR7K""; [ -f ""/snap/core22/current/usr/lib/x86_64-linux-gnu/libgcrypt.so.20"" ] || [ -d ""/snap/core22/current/usr/lib/x86_64-linux-gnu/libgcrypt.so.20"" ] && echo ""found""; printf ""command_done_%s"" ""IwY5Jfti""'";3;5402;sudo;"[""syslog"",""sudo""]";Successful sudo to ROOT executed.
06-20-October;wazuh;E:\Cours\TFE\data\raw\Datasets\06-20-October.csv;847;847;;INFO;5402;sudo;sudo;machine-2; ;; ;sohaib; ; ; ;;; ; ;; ;;; ; ;;; ;;;; ;;;;;authentication;sudo;"Oct 18 23:49:00 sohaib-virtual-machine sudo:   sohaib : TTY=pts/6 ; PWD=/home/sohaib ; USER=root ; COMMAND=/usr/bin/sh -c 'printf ""command_start_%s"" ""b6TsIGZx""; grep -aE \'This is Libgcrypt ([0-9.]+)\' /snap/core22/current/usr/lib/x86_64-linux-gnu/libgcrypt.so.20 2>/dev/null; printf ""command_done_%s"" ""esQLjI0m""'";3;5402;sudo;"[""syslog"",""sudo""]";Successful sudo to ROOT executed.
06-20-October;wazuh;E:\Cours\TFE\data\raw\Datasets\06-20-October.csv;848;848;;INFO;5502;pam;sudo;machine-2; ;; ; ; ; ; ;;; ; ;; ;;; ; ;;; ;;;; ;;;;;authentication;pam;Oct 18 23:49:00 sohaib-virtual-machine sudo: pam_unix(sudo:session): session closed for user root;3;5502;pam;"[""pam"",""syslog""]";PAM: Login session closed.
06-20-October;wazuh;E:\Cours\TFE\data\raw\Datasets\06-20-October.csv;849;849;;INFO;5502;pam;sudo;machine-2; ;; ; ; ; ; ;;; ; ;; ;;; ; ;;; ;;;; ;;;;;authentication;pam;Oct 18 23:49:01 sohaib-virtual-machine sudo: pam_unix(sudo:session): session closed for user root;3;5502;pam;"[""pam"",""syslog""]";PAM: Login session closed.
06-20-October;wazuh;E:\Cours\TFE\data\raw\Datasets\06-20-October.csv;850;850;;INFO;5402;sudo;sudo;machine-2; ;; ;sohaib; ; ; ;;; ; ;; ;;; ; ;;; ;;;; ;;;;;authentication;sudo;"Oct 18 23:49:21 sohaib-virtual-machine sudo:   sohaib : TTY=pts/11 ; PWD=/home/sohaib ; USER=root ; COMMAND=/usr/bin/sh -c 'printf ""command_start_%s"" ""1nKIE8ST""; dpkg -L openssl 2>/dev/null; printf ""command_done_%s"" ""RViMrj3C""'";3;5402;sudo;"[""syslog"",""sudo""]";Successful sudo to ROOT executed.
06-20-October;wazuh;E:\Cours\TFE\data\raw\Datasets\06-20-October.csv;851;851;;INFO;5501;pam;sudo;machine-2; ;; ;sohaib;1000; ; ;;; ; ;; ;;; ; ;;; ;;;; ;;;;;authentication;pam;Oct 18 23:49:21 sohaib-virtual-machine sudo: pam_unix(sudo:session): session opened for user root(uid=0) by sohaib(uid=1000);3;5501;pam;"[""pam"",""syslog"",""authentication_success""]";PAM: Login session opened.
06-20-October;wazuh;E:\Cours\TFE\data\raw\Datasets\06-20-October.csv;852;852;;INFO;5502;pam;sudo;machine-2; ;; ; ; ; ; ;;; ; ;; ;;; ; ;;; ;;;; ;;;;;authentication;pam;Oct 18 23:49:22 sohaib-virtual-machine sudo: pam_unix(sudo:session): session closed for user root;3;5502;pam;"[""pam"",""syslog""]";PAM: Login session closed.
06-20-October;wazuh;E:\Cours\TFE\data\raw\Datasets\06-20-October.csv;853;853;;INFO;5402;sudo;sudo;machine-2; ;; ;sohaib; ; ; ;;; ; ;; ;;; ; ;;; ;;;; ;;;;;authentication;sudo;"Oct 18 23:49:23 sohaib-virtual-machine sudo:   sohaib : TTY=pts/11 ; PWD=/home/sohaib ; USER=root ; COMMAND=/usr/bin/sh -c 'printf ""command_start_%s"" ""hZ7_q11p""; grep -aE \'OpenSSL\\s+([0-9.]+[a-z]?)\\s+(0?[1-9]|[12]\\d|3[01])\\s+(Jan|Feb|Mar|Apr|May|Jun|Jul|Aug|Sep|Oct|Nov|Dec)\\s+\\d{4}\' /snap/core22/858/usr/share/lintian/overrides/openssl 2>/dev/null; printf ""command_done_%s"" ""H8vbFUEx""'";3;5402;sudo;"[""syslog"",""sudo""]";Successful sudo to ROOT executed.
06-20-October;wazuh;E:\Cours\TFE\data\raw\Datasets\06-20-October.csv;854;854;;INFO;5501;pam;sudo;machine-2; ;; ;sohaib;1000; ; ;;; ; ;; ;;; ; ;;; ;;;; ;;;;;authentication;pam;Oct 18 23:49:23 sohaib-virtual-machine sudo: pam_unix(sudo:session): session opened for user root(uid=0) by sohaib(uid=1000);3;5501;pam;"[""pam"",""syslog"",""authentication_success""]";PAM: Login session opened.
06-20-October;wazuh;E:\Cours\TFE\data\raw\Datasets\06-20-October.csv;855;855;;INFO;5402;sudo;sudo;machine-2; ;; ;sohaib; ; ; ;;; ; ;; ;;; ; ;;; ;;;; ;;;;;authentication;sudo;"Oct 18 23:49:23 sohaib-virtual-machine sudo:   sohaib : TTY=pts/2 ; PWD=/home/sohaib ; USER=root ; COMMAND=/usr/bin/sh -c 'printf ""command_start_%s"" ""vNlSuq8a""; grep -aE \'OpenSSL\\s+([0-9.]+[a-z]?)\\s+(0?[1-9]|[12]\\d|3[01])\\s+(Jan|Feb|Mar|Apr|May|Jun|Jul|Aug|Sep|Oct|Nov|Dec)\\s+\\d{4}\' /snap/core22/858/usr/share/lintian/overrides/openssl 2>&1; printf ""command_done_%s"" ""RlIAs_lf""'";3;5402;sudo;"[""syslog"",""sudo""]";Successful sudo to ROOT executed.
06-20-October;wazuh;E:\Cours\TFE\data\raw\Datasets\06-20-October.csv;856;856;;INFO;5402;sudo;sudo;machine-2; ;; ;sohaib; ; ; ;;; ; ;; ;;; ; ;;; ;;;; ;;;;;authentication;sudo;"Oct 18 23:49:24 sohaib-virtual-machine sudo:   sohaib : TTY=pts/11 ; PWD=/home/sohaib ; USER=root ; COMMAND=/usr/bin/sh -c 'printf ""command_start_%s"" ""yW6j4g2X""; dpkg -L openssl 2>/dev/null; printf ""command_done_%s"" ""h2kL8ezN""'";3;5402;sudo;"[""syslog"",""sudo""]";Successful sudo to ROOT executed.
06-20-October;wazuh;E:\Cours\TFE\data\raw\Datasets\06-20-October.csv;857;857;;INFO;5501;pam;sudo;machine-2; ;; ;sohaib;1000; ; ;;; ; ;; ;;; ; ;;; ;;;; ;;;;;authentication;pam;Oct 18 23:49:24 sohaib-virtual-machine sudo: pam_unix(sudo:session): session opened for user root(uid=0) by sohaib(uid=1000);3;5501;pam;"[""pam"",""syslog"",""authentication_success""]";PAM: Login session opened.
06-20-October;wazuh;E:\Cours\TFE\data\raw\Datasets\06-20-October.csv;858;858;;INFO;5502;pam;sudo;machine-2; ;; ; ; ; ; ;;; ; ;; ;;; ; ;;; ;;;; ;;;;;authentication;pam;Oct 18 23:49:24 sohaib-virtual-machine sudo: pam_unix(sudo:session): session closed for user root;3;5502;pam;"[""pam"",""syslog""]";PAM: Login session closed.
06-20-October;wazuh;E:\Cours\TFE\data\raw\Datasets\06-20-October.csv;859;859;;INFO;5501;pam;sudo;machine-2; ;; ;sohaib;1000; ; ;;; ; ;; ;;; ; ;;; ;;;; ;;;;;authentication;pam;Oct 18 23:49:25 sohaib-virtual-machine sudo: pam_unix(sudo:session): session opened for user root(uid=0) by sohaib(uid=1000);3;5501;pam;"[""pam"",""syslog"",""authentication_success""]";PAM: Login session opened.
06-20-October;wazuh;E:\Cours\TFE\data\raw\Datasets\06-20-October.csv;860;860;;INFO;5502;pam;sudo;machine-2; ;; ; ; ; ; ;;; ; ;; ;;; ; ;;; ;;;; ;;;;;authentication;pam;Oct 18 23:49:25 sohaib-virtual-machine sudo: pam_unix(sudo:session): session closed for user root;3;5502;pam;"[""pam"",""syslog""]";PAM: Login session closed.
06-20-October;wazuh;E:\Cours\TFE\data\raw\Datasets\06-20-October.csv;861;861;;INFO;5402;sudo;sudo;machine-2; ;; ;sohaib; ; ; ;;; ; ;; ;;; ; ;;; ;;;; ;;;;;authentication;sudo;"Oct 18 23:49:26 sohaib-virtual-machine sudo:   sohaib : TTY=pts/2 ; PWD=/home/sohaib ; USER=root ; COMMAND=/usr/bin/sh -c 'printf ""command_start_%s"" ""CxtWQgZ6""; grep -aE \'OpenSSL\\s+([0-9.]+[a-z]?)\\s+(0?[1-9]|[12]\\d|3[01])\\s+(Jan|Feb|Mar|Apr|May|Jun|Jul|Aug|Sep|Oct|Nov|Dec)\\s+\\d{4}\' /snap/core22/864/etc/apparmor.d/abstractions/openssl 2>/dev/null; printf ""command_done_%s"" ""61K1qfdd""'";3;5402;sudo;"[""syslog"",""sudo""]";Successful sudo to ROOT executed.
06-20-October;wazuh;E:\Cours\TFE\data\raw\Datasets\06-20-October.csv;862;862;;INFO;5501;pam;sudo;machine-2; ;; ;sohaib;1000; ; ;;; ; ;; ;;; ; ;;; ;;;; ;;;;;authentication;pam;Oct 18 23:49:26 sohaib-virtual-machine sudo: pam_unix(sudo:session): session opened for user root(uid=0) by sohaib(uid=1000);3;5501;pam;"[""pam"",""syslog"",""authentication_success""]";PAM: Login session opened.
06-20-October;wazuh;E:\Cours\TFE\data\raw\Datasets\06-20-October.csv;863;863;;INFO;5501;pam;sudo;machine-2; ;; ;sohaib;1000; ; ;;; ; ;; ;;; ; ;;; ;;;; ;;;;;authentication;pam;Oct 18 23:49:07 sohaib-virtual-machine sudo: pam_unix(sudo:session): session opened for user root(uid=0) by sohaib(uid=1000);3;5501;pam;"[""pam"",""syslog"",""authentication_success""]";PAM: Login session opened.
06-20-October;wazuh;E:\Cours\TFE\data\raw\Datasets\06-20-October.csv;864;864;;INFO;5402;sudo;sudo;machine-2; ;; ;sohaib; ; ; ;;; ; ;; ;;; ; ;;; ;;;; ;;;;;authentication;sudo;"Oct 18 23:49:07 sohaib-virtual-machine sudo:   sohaib : TTY=pts/2 ; PWD=/home/sohaib ; USER=root ; COMMAND=/usr/bin/sh -c 'printf ""command_start_%s"" ""x38s3OGj""; [ -f ""/snap/core22/858/usr/lib/x86_64-linux-gnu/libgcrypt.so.20.3.4"" ] || [ -d ""/snap/core22/858/usr/lib/x86_64-linux-gnu/libgcrypt.so.20.3.4"" ] && echo ""found""; printf ""command_done_%s"" ""xEzDIejf""'";3;5402;sudo;"[""syslog"",""sudo""]";Successful sudo to ROOT executed.
06-20-October;wazuh;E:\Cours\TFE\data\raw\Datasets\06-20-October.csv;865;865;;INFO;5501;pam;sudo;machine-2; ;; ;sohaib;1000; ; ;;; ; ;; ;;; ; ;;; ;;;; ;;;;;authentication;pam;Oct 18 23:49:07 sohaib-virtual-machine sudo: pam_unix(sudo:session): session opened for user root(uid=0) by sohaib(uid=1000);3;5501;pam;"[""pam"",""syslog"",""authentication_success""]";PAM: Login session opened.
06-20-October;wazuh;E:\Cours\TFE\data\raw\Datasets\06-20-October.csv;866;866;;INFO;5501;pam;sudo;machine-2; ;; ;sohaib;1000; ; ;;; ; ;; ;;; ; ;;; ;;;; ;;;;;authentication;pam;Oct 18 23:49:08 sohaib-virtual-machine sudo: pam_unix(sudo:session): session opened for user root(uid=0) by sohaib(uid=1000);3;5501;pam;"[""pam"",""syslog"",""authentication_success""]";PAM: Login session opened.
06-20-October;wazuh;E:\Cours\TFE\data\raw\Datasets\06-20-October.csv;867;867;;INFO;5402;sudo;sudo;machine-2; ;; ;sohaib; ; ; ;;; ; ;; ;;; ; ;;; ;;;; ;;;;;authentication;sudo;"Oct 18 23:49:08 sohaib-virtual-machine sudo:   sohaib : TTY=pts/6 ; PWD=/home/sohaib ; USER=root ; COMMAND=/usr/bin/sh -c 'printf ""command_start_%s"" ""Tm4qap4S""; grep -aE \'This is Libgcrypt ([0-9.]+)\' /snap/core22/858/usr/lib/x86_64-linux-gnu/libgcrypt.so.20.3.4 2>/dev/null; printf ""command_done_%s"" ""kF_nVQd1""'";3;5402;sudo;"[""syslog"",""sudo""]";Successful sudo to ROOT executed.
06-20-October;wazuh;E:\Cours\TFE\data\raw\Datasets\06-20-October.csv;868;868;;INFO;5501;pam;sshd;machine-2; ;; ; ;0; ; ;;; ; ;; ;;; ; ;;; ;;;; ;;;;;authentication;pam;Oct 18 23:49:08 sohaib-virtual-machine sshd[18365]: pam_unix(sshd:session): session opened for user sohaib(uid=1000) by (uid=0);3;5501;pam;"[""pam"",""syslog"",""authentication_success""]";PAM: Login session opened.
06-20-October;wazuh;E:\Cours\TFE\data\raw\Datasets\06-20-October.csv;869;869;;INFO;5502;pam;sudo;machine-2; ;; ; ; ; ; ;;; ; ;; ;;; ; ;;; ;;;; ;;;;;authentication;pam;Oct 18 23:49:09 sohaib-virtual-machine sudo: pam_unix(sudo:session): session closed for user root;3;5502;pam;"[""pam"",""syslog""]";PAM: Login session closed.
06-20-October;wazuh;E:\Cours\TFE\data\raw\Datasets\06-20-October.csv;870;870;;INFO;5502;pam;sudo;machine-2; ;; ; ; ; ; ;;; ; ;; ;;; ; ;;; ;;;; ;;;;;authentication;pam;Oct 18 23:49:09 sohaib-virtual-machine sudo: pam_unix(sudo:session): session closed for user root;3;5502;pam;"[""pam"",""syslog""]";PAM: Login session closed.
06-20-October;wazuh;E:\Cours\TFE\data\raw\Datasets\06-20-October.csv;871;871;;INFO;5501;pam;sudo;machine-2; ;; ;sohaib;1000; ; ;;; ; ;; ;;; ; ;;; ;;;; ;;;;;authentication;pam;Oct 18 23:49:10 sohaib-virtual-machine sudo: pam_unix(sudo:session): session opened for user root(uid=0) by sohaib(uid=1000);3;5501;pam;"[""pam"",""syslog"",""authentication_success""]";PAM: Login session opened.
06-20-October;wazuh;E:\Cours\TFE\data\raw\Datasets\06-20-October.csv;872;872;;INFO;5402;sudo;sudo;machine-2; ;; ;sohaib; ; ; ;;; ; ;; ;;; ; ;;; ;;;; ;;;;;authentication;sudo;"Oct 18 23:49:10 sohaib-virtual-machine sudo:   sohaib : TTY=pts/2 ; PWD=/home/sohaib ; USER=root ; COMMAND=/usr/bin/sh -c 'printf ""command_start_%s"" ""XuTGMGn0""; grep -aE \'This is Libgcrypt ([0-9.]+)\' /snap/core22/864/lib/x86_64-linux-gnu/libgcrypt.so.20 2>/dev/null; printf ""command_done_%s"" ""_CxL8WKx""'";3;5402;sudo;"[""syslog"",""sudo""]";Successful sudo to ROOT executed.
06-20-October;wazuh;E:\Cours\TFE\data\raw\Datasets\06-20-October.csv;873;873;;INFO;5502;pam;sudo;machine-2; ;; ; ; ; ; ;;; ; ;; ;;; ; ;;; ;;;; ;;;;;authentication;pam;Oct 18 23:49:10 sohaib-virtual-machine sudo: pam_unix(sudo:session): session closed for user root;3;5502;pam;"[""pam"",""syslog""]";PAM: Login session closed.
06-20-October;wazuh;E:\Cours\TFE\data\raw\Datasets\06-20-October.csv;874;874;;INFO;5402;sudo;sudo;machine-2; ;; ;sohaib; ; ; ;;; ; ;; ;;; ; ;;; ;;;; ;;;;;authentication;sudo;"Oct 18 23:49:11 sohaib-virtual-machine sudo:   sohaib : TTY=pts/4 ; PWD=/home/sohaib ; USER=root ; COMMAND=/usr/bin/sh -c 'printf ""command_start_%s"" ""L6a7BOQF""; [ -f ""/snap/core22/864/lib/x86_64-linux-gnu/libgcrypt.so.20.3.4"" ] || [ -d ""/snap/core22/864/lib/x86_64-linux-gnu/libgcrypt.so.20.3.4"" ] && echo ""found""; printf ""command_done_%s"" ""V0DE3U05""'";3;5402;sudo;"[""syslog"",""sudo""]";Successful sudo to ROOT executed.
06-20-October;wazuh;E:\Cours\TFE\data\raw\Datasets\06-20-October.csv;875;875;;INFO;5501;pam;sudo;machine-2; ;; ;sohaib;1000; ; ;;; ; ;; ;;; ; ;;; ;;;; ;;;;;authentication;pam;Oct 18 23:49:11 sohaib-virtual-machine sudo: pam_unix(sudo:session): session opened for user root(uid=0) by sohaib(uid=1000);3;5501;pam;"[""pam"",""syslog"",""authentication_success""]";PAM: Login session opened.
06-20-October;wazuh;E:\Cours\TFE\data\raw\Datasets\06-20-October.csv;876;876;;INFO;5402;sudo;sudo;machine-2; ;; ;sohaib; ; ; ;;; ; ;; ;;; ; ;;; ;;;; ;;;;;authentication;sudo;"Oct 18 23:49:12 sohaib-virtual-machine sudo:   sohaib : TTY=pts/10 ; PWD=/home/sohaib ; USER=root ; COMMAND=/usr/bin/sh -c 'printf ""command_start_%s"" ""6PmleiFy""; grep -aE \'This is Libgcrypt ([0-9.]+)\' /snap/core22/864/lib/x86_64-linux-gnu/libgcrypt.so.20.3.4 2>/dev/null; printf ""command_done_%s"" ""IwCFfofA""'";3;5402;sudo;"[""syslog"",""sudo""]";Successful sudo to ROOT executed.
06-20-October;wazuh;E:\Cours\TFE\data\raw\Datasets\06-20-October.csv;877;877;;INFO;5502;pam;sudo;machine-2; ;; ; ; ; ; ;;; ; ;; ;;; ; ;;; ;;;; ;;;;;authentication;pam;Oct 18 23:49:34 sohaib-virtual-machine sudo: pam_unix(sudo:session): session closed for user root;3;5502;pam;"[""pam"",""syslog""]";PAM: Login session closed.
06-20-October;wazuh;E:\Cours\TFE\data\raw\Datasets\06-20-October.csv;878;878;;INFO;5402;sudo;sudo;machine-2; ;; ;sohaib; ; ; ;;; ; ;; ;;; ; ;;; ;;;; ;;;;;authentication;sudo;"Oct 18 23:49:34 sohaib-virtual-machine sudo:   sohaib : TTY=pts/2 ; PWD=/home/sohaib ; USER=root ; COMMAND=/usr/bin/sh -c 'printf ""command_start_%s"" ""yo1CLrGU""; dpkg -L openssl 2>/dev/null; printf ""command_done_%s"" ""Pj1WR_Sk""'";3;5402;sudo;"[""syslog"",""sudo""]";Successful sudo to ROOT executed.
06-20-October;wazuh;E:\Cours\TFE\data\raw\Datasets\06-20-October.csv;879;879;;INFO;5502;pam;sudo;machine-2; ;; ; ; ; ; ;;; ; ;; ;;; ; ;;; ;;;; ;;;;;authentication;pam;Oct 18 23:49:35 sohaib-virtual-machine sudo: pam_unix(sudo:session): session closed for user root;3;5502;pam;"[""pam"",""syslog""]";PAM: Login session closed.
06-20-October;wazuh;E:\Cours\TFE\data\raw\Datasets\06-20-October.csv;880;880;;INFO;5501;pam;sshd;machine-2; ;; ; ;0; ; ;;; ; ;; ;;; ; ;;; ;;;; ;;;;;authentication;pam;Oct 18 23:49:35 sohaib-virtual-machine sshd[18980]: pam_unix(sshd:session): session opened for user sohaib(uid=1000) by (uid=0);3;5501;pam;"[""pam"",""syslog"",""authentication_success""]";PAM: Login session opened.
06-20-October;wazuh;E:\Cours\TFE\data\raw\Datasets\06-20-October.csv;881;881;;INFO;5501;pam;sudo;machine-2; ;; ;sohaib;1000; ; ;;; ; ;; ;;; ; ;;; ;;;; ;;;;;authentication;pam;Oct 18 23:49:35 sohaib-virtual-machine sudo: pam_unix(sudo:session): session opened for user root(uid=0) by sohaib(uid=1000);3;5501;pam;"[""pam"",""syslog"",""authentication_success""]";PAM: Login session opened.
06-20-October;wazuh;E:\Cours\TFE\data\raw\Datasets\06-20-October.csv;882;882;;INFO;5502;pam;sudo;machine-2; ;; ; ; ; ; ;;; ; ;; ;;; ; ;;; ;;;; ;;;;;authentication;pam;Oct 18 23:49:35 sohaib-virtual-machine sudo: pam_unix(sudo:session): session closed for user root;3;5502;pam;"[""pam"",""syslog""]";PAM: Login session closed.
06-20-October;wazuh;E:\Cours\TFE\data\raw\Datasets\06-20-October.csv;883;883;;INFO;5402;sudo;sudo;machine-2; ;; ;sohaib; ; ; ;;; ; ;; ;;; ; ;;; ;;;; ;;;;;authentication;sudo;"Oct 18 23:49:36 sohaib-virtual-machine sudo:   sohaib : TTY=pts/8 ; PWD=/home/sohaib ; USER=root ; COMMAND=/usr/bin/sh -c 'printf ""command_start_%s"" ""0OOjKrlv""; timeout -s9 240s find \'/home\' \'/export/home\' \'/root\' -maxdepth 3 -follow \\( ! \\( -fstype nfs -prune -o -fstype nfs4 -prune -o -fstype cifs -prune -o -fstype smbfs -prune -o -fstype afs -prune -o -fstype sysfs -prune -o -fstype proc -prune -o -fstype panfs -prune \\) -a \\( -path \'/home/*/Start-SRR\' -o -path \'/export/home/*/Start-SRR\' -o -path \'/root/Start-SRR\' -o -path \'/root/*/Start-SRR\' \\) \\) 2>/dev/null; RET=$?; echo; echo ""$RET""; printf ""command_done_%s"" ""reYOGbIv""'";3;5402;sudo;"[""syslog"",""sudo""]";Successful sudo to ROOT executed.
06-20-October;wazuh;E:\Cours\TFE\data\raw\Datasets\06-20-October.csv;884;884;;INFO;5715;sshd;sshd;machine-2; ;; ; ; ; ; ;;; ; ;; ;;;192.168.204.1;65317;;; ;;;; ;;;;;authentication;sshd;Oct 18 23:49:37 sohaib-virtual-machine sshd[19055]: Accepted password for sohaib from 192.168.204.1 port 65317 ssh2;3;5715;sshd;"[""syslog"",""sshd"",""authentication_success""]";sshd: authentication success.
06-20-October;wazuh;E:\Cours\TFE\data\raw\Datasets\06-20-October.csv;885;885;;INFO;5501;pam;sshd;machine-2; ;; ; ;0; ; ;;; ; ;; ;;; ; ;;; ;;;; ;;;;;authentication;pam;Oct 18 23:49:37 sohaib-virtual-machine sshd[19055]: pam_unix(sshd:session): session opened for user sohaib(uid=1000) by (uid=0);3;5501;pam;"[""pam"",""syslog"",""authentication_success""]";PAM: Login session opened.
06-20-October;wazuh;E:\Cours\TFE\data\raw\Datasets\06-20-October.csv;886;886;;INFO;5502;pam;sudo;machine-2; ;; ; ; ; ; ;;; ; ;; ;;; ; ;;; ;;;; ;;;;;authentication;pam;Oct 18 23:48:51 sohaib-virtual-machine sudo: pam_unix(sudo:session): session closed for user root;3;5502;pam;"[""pam"",""syslog""]";PAM: Login session closed.
06-20-October;wazuh;E:\Cours\TFE\data\raw\Datasets\06-20-October.csv;887;887;;INFO;5501;pam;sudo;machine-2; ;; ;sohaib;1000; ; ;;; ; ;; ;;; ; ;;; ;;;; ;;;;;authentication;pam;Oct 18 23:48:51 sohaib-virtual-machine sudo: pam_unix(sudo:session): session opened for user root(uid=0) by sohaib(uid=1000);3;5501;pam;"[""pam"",""syslog"",""authentication_success""]";PAM: Login session opened.
06-20-October;wazuh;E:\Cours\TFE\data\raw\Datasets\06-20-October.csv;888;888;;INFO;5502;pam;sudo;machine-2; ;; ; ; ; ; ;;; ; ;; ;;; ; ;;; ;;;; ;;;;;authentication;pam;Oct 18 23:48:52 sohaib-virtual-machine sudo: pam_unix(sudo:session): session closed for user root;3;5502;pam;"[""pam"",""syslog""]";PAM: Login session closed.
06-20-October;wazuh;E:\Cours\TFE\data\raw\Datasets\06-20-October.csv;889;889;;INFO;5501;pam;sudo;machine-2; ;; ;sohaib;1000; ; ;;; ; ;; ;;; ; ;;; ;;;; ;;;;;authentication;pam;Oct 18 23:48:53 sohaib-virtual-machine sudo: pam_unix(sudo:session): session opened for user root(uid=0) by sohaib(uid=1000);3;5501;pam;"[""pam"",""syslog"",""authentication_success""]";PAM: Login session opened.
06-20-October;wazuh;E:\Cours\TFE\data\raw\Datasets\06-20-October.csv;890;890;;INFO;5502;pam;sudo;machine-2; ;; ; ; ; ; ;;; ; ;; ;;; ; ;;; ;;;; ;;;;;authentication;pam;Oct 18 23:48:53 sohaib-virtual-machine sudo: pam_unix(sudo:session): session closed for user root;3;5502;pam;"[""pam"",""syslog""]";PAM: Login session closed.
06-20-October;wazuh;E:\Cours\TFE\data\raw\Datasets\06-20-October.csv;891;891;;INFO;5402;sudo;sudo;machine-2; ;; ;sohaib; ; ; ;;; ; ;; ;;; ; ;;; ;;;; ;;;;;authentication;sudo;"Oct 18 23:48:54 sohaib-virtual-machine sudo:   sohaib : TTY=pts/5 ; PWD=/home/sohaib ; USER=root ; COMMAND=/usr/bin/sh -c 'printf ""command_start_%s"" ""Cj5zFmbd""; grep -aE \'OpenSSL\\s+([0-9.]+[a-z]?)\\s+(0?[1-9]|[12]\\d|3[01])\\s+(Jan|Feb|Mar|Apr|May|Jun|Jul|Aug|Sep|Oct|Nov|Dec)\\s+\\d{4}\' /snap/core20/2015/usr/lib/x86_64-linux-gnu/libssl.so.1.1 2>&1; printf ""command_done_%s"" ""X7l9XRdf""'";3;5402;sudo;"[""syslog"",""sudo""]";Successful sudo to ROOT executed.
06-20-October;wazuh;E:\Cours\TFE\data\raw\Datasets\06-20-October.csv;892;892;;INFO;5402;sudo;sudo;machine-2; ;; ;sohaib; ; ; ;;; ; ;; ;;; ; ;;; ;;;; ;;;;;authentication;sudo;"Oct 18 23:48:54 sohaib-virtual-machine sudo:   sohaib : TTY=pts/9 ; PWD=/home/sohaib ; USER=root ; COMMAND=/usr/bin/sh -c 'printf ""command_start_%s"" ""Tnf7gniT""; [ -f ""/snap/core20/1974/usr/lib/x86_64-linux-gnu/libgcrypt.so.20.2.5"" ] || [ -d ""/snap/core20/1974/usr/lib/x86_64-linux-gnu/libgcrypt.so.20.2.5"" ] && echo ""found""; printf ""command_done_%s"" ""oSmbhwqC""'";3;5402;sudo;"[""syslog"",""sudo""]";Successful sudo to ROOT executed.
06-20-October;wazuh;E:\Cours\TFE\data\raw\Datasets\06-20-October.csv;893;893;;INFO;5402;sudo;sudo;machine-2; ;; ;sohaib; ; ; ;;; ; ;; ;;; ; ;;; ;;;; ;;;;;authentication;sudo;"Oct 18 23:48:55 sohaib-virtual-machine sudo:   sohaib : TTY=pts/10 ; PWD=/home/sohaib ; USER=root ; COMMAND=/usr/bin/sh -c 'printf ""command_start_%s"" ""qKUczk1O""; dpkg -L openssl 2>/dev/null; printf ""command_done_%s"" ""9AmN1CPN""'";3;5402;sudo;"[""syslog"",""sudo""]";Successful sudo to ROOT executed.
06-20-October;wazuh;E:\Cours\TFE\data\raw\Datasets\06-20-October.csv;894;894;;INFO;5402;sudo;sudo;machine-2; ;; ;sohaib; ; ; ;;; ; ;; ;;; ; ;;; ;;;; ;;;;;authentication;sudo;"Oct 18 23:48:55 sohaib-virtual-machine sudo:   sohaib : TTY=pts/9 ; PWD=/home/sohaib ; USER=root ; COMMAND=/usr/bin/sh -c 'printf ""command_start_%s"" ""72y7mp2I""; [ -f ""/snap/core20/2015/usr/share/bash-completion/completions/openssl"" ] || [ -d ""/snap/core20/2015/usr/share/bash-completion/completions/openssl"" ] && echo ""found""; printf ""command_done_%s"" ""_df7fAkg""'";3;5402;sudo;"[""syslog"",""sudo""]";Successful sudo to ROOT executed.
06-20-October;wazuh;E:\Cours\TFE\data\raw\Datasets\06-20-October.csv;895;895;;INFO;5501;pam;sudo;machine-2; ;; ;sohaib;1000; ; ;;; ; ;; ;;; ; ;;; ;;;; ;;;;;authentication;pam;Oct 18 23:48:55 sohaib-virtual-machine sudo: pam_unix(sudo:session): session opened for user root(uid=0) by sohaib(uid=1000);3;5501;pam;"[""pam"",""syslog"",""authentication_success""]";PAM: Login session opened.
06-20-October;wazuh;E:\Cours\TFE\data\raw\Datasets\06-20-October.csv;896;896;;INFO;5502;pam;sudo;machine-2; ;; ; ; ; ; ;;; ; ;; ;;; ; ;;; ;;;; ;;;;;authentication;pam;Oct 18 23:48:55 sohaib-virtual-machine sudo: pam_unix(sudo:session): session closed for user root;3;5502;pam;"[""pam"",""syslog""]";PAM: Login session closed.
06-20-October;wazuh;E:\Cours\TFE\data\raw\Datasets\06-20-October.csv;897;897;;INFO;5402;sudo;sudo;machine-2; ;; ;sohaib; ; ; ;;; ; ;; ;;; ; ;;; ;;;; ;;;;;authentication;sudo;"Oct 18 23:49:02 sohaib-virtual-machine sudo:   sohaib : TTY=pts/10 ; PWD=/home/sohaib ; USER=root ; COMMAND=/usr/bin/sh -c 'printf ""command_start_%s"" ""_Pg5gJGU""; grep -aE \'This is Libgcrypt ([0-9.]+)\' /snap/core22/current/usr/lib/x86_64-linux-gnu/libgcrypt.so.20.3.4 2>/dev/null; printf ""command_done_%s"" ""DrEokuIk""'";3;5402;sudo;"[""syslog"",""sudo""]";Successful sudo to ROOT executed.
06-20-October;wazuh;E:\Cours\TFE\data\raw\Datasets\06-20-October.csv;898;898;;INFO;5501;pam;sudo;machine-2; ;; ;sohaib;1000; ; ;;; ; ;; ;;; ; ;;; ;;;; ;;;;;authentication;pam;Oct 18 23:49:03 sohaib-virtual-machine sudo: pam_unix(sudo:session): session opened for user root(uid=0) by sohaib(uid=1000);3;5501;pam;"[""pam"",""syslog"",""authentication_success""]";PAM: Login session opened.
06-20-October;wazuh;E:\Cours\TFE\data\raw\Datasets\06-20-October.csv;899;899;;INFO;5502;pam;sudo;machine-2; ;; ; ; ; ; ;;; ; ;; ;;; ; ;;; ;;;; ;;;;;authentication;pam;Oct 18 23:49:03 sohaib-virtual-machine sudo: pam_unix(sudo:session): session closed for user root;3;5502;pam;"[""pam"",""syslog""]";PAM: Login session closed.
06-20-October;wazuh;E:\Cours\TFE\data\raw\Datasets\06-20-October.csv;900;900;;INFO;5502;pam;sudo;machine-2; ;; ; ; ; ; ;;; ; ;; ;;; ; ;;; ;;;; ;;;;;authentication;pam;Oct 18 23:49:03 sohaib-virtual-machine sudo: pam_unix(sudo:session): session closed for user root;3;5502;pam;"[""pam"",""syslog""]";PAM: Login session closed.
06-20-October;wazuh;E:\Cours\TFE\data\raw\Datasets\06-20-October.csv;901;901;;INFO;5502;pam;sudo;machine-2; ;; ; ; ; ; ;;; ; ;; ;;; ; ;;; ;;;; ;;;;;authentication;pam;Oct 18 23:49:04 sohaib-virtual-machine sudo: pam_unix(sudo:session): session closed for user root;3;5502;pam;"[""pam"",""syslog""]";PAM: Login session closed.
06-20-October;wazuh;E:\Cours\TFE\data\raw\Datasets\06-20-October.csv;902;902;;INFO;5502;pam;sudo;machine-2; ;; ; ; ; ; ;;; ; ;; ;;; ; ;;; ;;;; ;;;;;authentication;pam;Oct 18 23:49:04 sohaib-virtual-machine sudo: pam_unix(sudo:session): session closed for user root;3;5502;pam;"[""pam"",""syslog""]";PAM: Login session closed.
06-20-October;wazuh;E:\Cours\TFE\data\raw\Datasets\06-20-October.csv;903;903;;INFO;5501;pam;sudo;machine-2; ;; ;sohaib;1000; ; ;;; ; ;; ;;; ; ;;; ;;;; ;;;;;authentication;pam;Oct 18 23:49:05 sohaib-virtual-machine sudo: pam_unix(sudo:session): session opened for user root(uid=0) by sohaib(uid=1000);3;5501;pam;"[""pam"",""syslog"",""authentication_success""]";PAM: Login session opened.
06-20-October;wazuh;E:\Cours\TFE\data\raw\Datasets\06-20-October.csv;904;904;;INFO;5502;pam;sudo;machine-2; ;; ; ; ; ; ;;; ; ;; ;;; ; ;;; ;;;; ;;;;;authentication;pam;Oct 18 23:49:05 sohaib-virtual-machine sudo: pam_unix(sudo:session): session closed for user root;3;5502;pam;"[""pam"",""syslog""]";PAM: Login session closed.
06-20-October;wazuh;E:\Cours\TFE\data\raw\Datasets\06-20-October.csv;905;905;;INFO;5402;sudo;sudo;machine-2; ;; ;sohaib; ; ; ;;; ; ;; ;;; ; ;;; ;;;; ;;;;;authentication;sudo;"Oct 18 23:49:05 sohaib-virtual-machine sudo:   sohaib : TTY=pts/10 ; PWD=/home/sohaib ; USER=root ; COMMAND=/usr/bin/sh -c 'printf ""command_start_%s"" ""VWo4mCGM""; grep -aE \'This is Libgcrypt ([0-9.]+)\' /snap/core22/858/lib/x86_64-linux-gnu/libgcrypt.so.20.3.4 2>/dev/null; printf ""command_done_%s"" ""sVv5ZitS""'";3;5402;sudo;"[""syslog"",""sudo""]";Successful sudo to ROOT executed.
06-20-October;wazuh;E:\Cours\TFE\data\raw\Datasets\06-20-October.csv;906;906;;INFO;5501;pam;sudo;machine-2; ;; ;sohaib;1000; ; ;;; ; ;; ;;; ; ;;; ;;;; ;;;;;authentication;pam;Oct 18 23:49:05 sohaib-virtual-machine sudo: pam_unix(sudo:session): session opened for user root(uid=0) by sohaib(uid=1000);3;5501;pam;"[""pam"",""syslog"",""authentication_success""]";PAM: Login session opened.
06-20-October;wazuh;E:\Cours\TFE\data\raw\Datasets\06-20-October.csv;907;907;;INFO;5402;sudo;sudo;machine-2; ;; ;sohaib; ; ; ;;; ; ;; ;;; ; ;;; ;;;; ;;;;;authentication;sudo;"Oct 18 23:49:17 sohaib-virtual-machine sudo:   sohaib : TTY=pts/2 ; PWD=/home/sohaib ; USER=root ; COMMAND=/usr/bin/sh -c 'printf ""command_start_%s"" ""DzKEuxrG""; grep -aE \'OpenSSL\\s+([0-9.]+[a-z]?)\\s+(0?[1-9]|[12]\\d|3[01])\\s+(Jan|Feb|Mar|Apr|May|Jun|Jul|Aug|Sep|Oct|Nov|Dec)\\s+\\d{4}\' /snap/core22/858/usr/lib/x86_64-linux-gnu/libssl.so.3 2>&1; printf ""command_done_%s"" ""PCS4cjdO""'";3;5402;sudo;"[""syslog"",""sudo""]";Successful sudo to ROOT executed.
06-20-October;wazuh;E:\Cours\TFE\data\raw\Datasets\06-20-October.csv;908;908;;INFO;5502;pam;sudo;machine-2; ;; ; ; ; ; ;;; ; ;; ;;; ; ;;; ;;;; ;;;;;authentication;pam;Oct 18 23:49:18 sohaib-virtual-machine sudo: pam_unix(sudo:session): session closed for user root;3;5502;pam;"[""pam"",""syslog""]";PAM: Login session closed.
06-20-October;wazuh;E:\Cours\TFE\data\raw\Datasets\06-20-October.csv;909;909;;INFO;5502;pam;sudo;machine-2; ;; ; ; ; ; ;;; ; ;; ;;; ; ;;; ;;;; ;;;;;authentication;pam;Oct 18 23:49:20 sohaib-virtual-machine sudo: pam_unix(sudo:session): session closed for user root;3;5502;pam;"[""pam"",""syslog""]";PAM: Login session closed.
06-20-October;wazuh;E:\Cours\TFE\data\raw\Datasets\06-20-October.csv;910;910;;INFO;5402;sudo;sudo;machine-2; ;; ;sohaib; ; ; ;;; ; ;; ;;; ; ;;; ;;;; ;;;;;authentication;sudo;"Oct 18 23:49:20 sohaib-virtual-machine sudo:   sohaib : TTY=pts/2 ; PWD=/home/sohaib ; USER=root ; COMMAND=/usr/bin/sh -c 'printf ""command_start_%s"" ""6lrrZZfi""; grep -aE \'OpenSSL\\s+([0-9.]+[a-z]?)\\s+(0?[1-9]|[12]\\d|3[01])\\s+(Jan|Feb|Mar|Apr|May|Jun|Jul|Aug|Sep|Oct|Nov|Dec)\\s+\\d{4}\' /snap/core22/858/usr/share/bash-completion/completions/openssl 2>&1; printf ""command_done_%s"" ""U9OtG5Kd""'";3;5402;sudo;"[""syslog"",""sudo""]";Successful sudo to ROOT executed.
06-20-October;wazuh;E:\Cours\TFE\data\raw\Datasets\06-20-October.csv;911;911;;INFO;5501;pam;sudo;machine-2; ;; ;sohaib;1000; ; ;;; ; ;; ;;; ; ;;; ;;;; ;;;;;authentication;pam;Oct 18 23:49:20 sohaib-virtual-machine sudo: pam_unix(sudo:session): session opened for user root(uid=0) by sohaib(uid=1000);3;5501;pam;"[""pam"",""syslog"",""authentication_success""]";PAM: Login session opened.
06-20-October;wazuh;E:\Cours\TFE\data\raw\Datasets\06-20-October.csv;912;912;;INFO;5501;pam;sudo;machine-2; ;; ;sohaib;1000; ; ;;; ; ;; ;;; ; ;;; ;;;; ;;;;;authentication;pam;Oct 18 23:49:29 sohaib-virtual-machine sudo: pam_unix(sudo:session): session opened for user root(uid=0) by sohaib(uid=1000);3;5501;pam;"[""pam"",""syslog"",""authentication_success""]";PAM: Login session opened.
06-20-October;wazuh;E:\Cours\TFE\data\raw\Datasets\06-20-October.csv;913;913;;INFO;5502;pam;sudo;machine-2; ;; ; ; ; ; ;;; ; ;; ;;; ; ;;; ;;;; ;;;;;authentication;pam;Oct 18 23:49:29 sohaib-virtual-machine sudo: pam_unix(sudo:session): session closed for user root;3;5502;pam;"[""pam"",""syslog""]";PAM: Login session closed.
06-20-October;wazuh;E:\Cours\TFE\data\raw\Datasets\06-20-October.csv;914;914;;INFO;5502;pam;sudo;machine-2; ;; ; ; ; ; ;;; ; ;; ;;; ; ;;; ;;;; ;;;;;authentication;pam;Oct 18 23:49:30 sohaib-virtual-machine sudo: pam_unix(sudo:session): session closed for user root;3;5502;pam;"[""pam"",""syslog""]";PAM: Login session closed.
06-20-October;wazuh;E:\Cours\TFE\data\raw\Datasets\06-20-October.csv;915;915;;INFO;5402;sudo;sudo;machine-2; ;; ;sohaib; ; ; ;;; ; ;; ;;; ; ;;; ;;;; ;;;;;authentication;sudo;"Oct 18 23:49:30 sohaib-virtual-machine sudo:   sohaib : TTY=pts/2 ; PWD=/home/sohaib ; USER=root ; COMMAND=/usr/bin/sh -c 'printf ""command_start_%s"" ""yQvXF0JC""; dpkg -L openssl 2>/dev/null; printf ""command_done_%s"" ""W5XUXH6B""'";3;5402;sudo;"[""syslog"",""sudo""]";Successful sudo to ROOT executed.
06-20-October;wazuh;E:\Cours\TFE\data\raw\Datasets\06-20-October.csv;916;916;;INFO;5501;pam;sudo;machine-2; ;; ;sohaib;1000; ; ;;; ; ;; ;;; ; ;;; ;;;; ;;;;;authentication;pam;Oct 18 23:49:30 sohaib-virtual-machine sudo: pam_unix(sudo:session): session opened for user root(uid=0) by sohaib(uid=1000);3;5501;pam;"[""pam"",""syslog"",""authentication_success""]";PAM: Login session opened.
06-20-October;wazuh;E:\Cours\TFE\data\raw\Datasets\06-20-October.csv;917;917;;INFO;5715;sshd;sshd;machine-2; ;; ; ; ; ; ;;; ; ;; ;;;192.168.204.1;65343;;; ;;;; ;;;;;authentication;sshd;Oct 18 23:50:38 sohaib-virtual-machine sshd[20224]: Accepted password for sohaib from 192.168.204.1 port 65343 ssh2;3;5715;sshd;"[""syslog"",""sshd"",""authentication_success""]";sshd: authentication success.
06-20-October;wazuh;E:\Cours\TFE\data\raw\Datasets\06-20-October.csv;918;918;;INFO;5502;pam;sudo;machine-2; ;; ; ; ; ; ;;; ; ;; ;;; ; ;;; ;;;; ;;;;;authentication;pam;Oct 18 23:50:39 sohaib-virtual-machine sudo: pam_unix(sudo:session): session closed for user root;3;5502;pam;"[""pam"",""syslog""]";PAM: Login session closed.
06-20-October;wazuh;E:\Cours\TFE\data\raw\Datasets\06-20-October.csv;919;919;;INFO;5501;pam;sudo;machine-2; ;; ;sohaib;1000; ; ;;; ; ;; ;;; ; ;;; ;;;; ;;;;;authentication;pam;Oct 18 23:50:39 sohaib-virtual-machine sudo: pam_unix(sudo:session): session opened for user root(uid=0) by sohaib(uid=1000);3;5501;pam;"[""pam"",""syslog"",""authentication_success""]";PAM: Login session opened.
06-20-October;wazuh;E:\Cours\TFE\data\raw\Datasets\06-20-October.csv;920;920;;INFO;5502;pam;sudo;machine-2; ;; ; ; ; ; ;;; ; ;; ;;; ; ;;; ;;;; ;;;;;authentication;pam;Oct 18 23:50:39 sohaib-virtual-machine sudo: pam_unix(sudo:session): session closed for user root;3;5502;pam;"[""pam"",""syslog""]";PAM: Login session closed.
06-20-October;wazuh;E:\Cours\TFE\data\raw\Datasets\06-20-October.csv;921;921;;INFO;5402;sudo;sudo;machine-2; ;; ;sohaib; ; ; ;;; ; ;; ;;; ; ;;; ;;;; ;;;;;authentication;sudo;"Oct 18 23:50:39 sohaib-virtual-machine sudo:   sohaib : TTY=pts/5 ; PWD=/home/sohaib ; USER=root ; COMMAND=/usr/bin/sh -c 'printf ""command_start_%s"" ""tnp37UhV""; file /snap/core20/2015/usr/share/bash-completion/completions/curl; printf ""command_done_%s"" ""U301Pilt""'";3;5402;sudo;"[""syslog"",""sudo""]";Successful sudo to ROOT executed.
06-20-October;wazuh;E:\Cours\TFE\data\raw\Datasets\06-20-October.csv;922;922;;INFO;5402;sudo;sudo;machine-2; ;; ;sohaib; ; ; ;;; ; ;; ;;; ; ;;; ;;;; ;;;;;authentication;sudo;"Oct 18 23:50:40 sohaib-virtual-machine sudo:   sohaib : TTY=pts/3 ; PWD=/home/sohaib ; USER=root ; COMMAND=/usr/bin/sh -c 'printf ""command_start_%s"" ""42LFPbXT""; timeout -s9 900s find \'/\' -follow \\( ! \\( -fstype nfs -prune -o -fstype nfs4 -prune -o -fstype cifs -prune -o -fstype smbfs -prune -o -fstype afs -prune -o -fstype sysfs -prune -o -fstype proc -prune -o -fstype panfs -prune \\) ! \\( -path \'/bin\' -prune -o -path \'/boot\' -prune -o -path \'/dev\' -prune -o -path \'/etc\' -prune -o -path \'/lib\' -prune -o -path \'/media\' -prune -o -path \'/mnt\' -prune -o -path \'/proc\' -prune -o -path \'/run\' -prune -o -path \'/sbin\' -prune -o -path \'/srv\' -prune -o -path \'/sys\' -prune -o -path \'/tmp\' -prune \\) -a \\( -path \'*/bin/jira-configurator.jar\' \\) \\) 2>/dev/null; RET=$?; echo; echo ""$RET""; printf ""command_done_%s"" ""xImYcc6e""'";3;5402;sudo;"[""syslog"",""sudo""]";Successful sudo to ROOT executed.
06-20-October;wazuh;E:\Cours\TFE\data\raw\Datasets\06-20-October.csv;923;923;;INFO;5501;pam;sudo;machine-2; ;; ;sohaib;1000; ; ;;; ; ;; ;;; ; ;;; ;;;; ;;;;;authentication;pam;Oct 18 23:50:40 sohaib-virtual-machine sudo: pam_unix(sudo:session): session opened for user root(uid=0) by sohaib(uid=1000);3;5501;pam;"[""pam"",""syslog"",""authentication_success""]";PAM: Login session opened.
06-20-October;wazuh;E:\Cours\TFE\data\raw\Datasets\06-20-October.csv;924;924;;INFO;5501;pam;sudo;machine-2; ;; ;sohaib;1000; ; ;;; ; ;; ;;; ; ;;; ;;;; ;;;;;authentication;pam;Oct 18 23:50:40 sohaib-virtual-machine sudo: pam_unix(sudo:session): session opened for user root(uid=0) by sohaib(uid=1000);3;5501;pam;"[""pam"",""syslog"",""authentication_success""]";PAM: Login session opened.
06-20-October;wazuh;E:\Cours\TFE\data\raw\Datasets\06-20-October.csv;925;925;;INFO;5502;pam;sudo;machine-2; ;; ; ; ; ; ;;; ; ;; ;;; ; ;;; ;;;; ;;;;;authentication;pam;Oct 18 23:50:40 sohaib-virtual-machine sudo: pam_unix(sudo:session): session closed for user root;3;5502;pam;"[""pam"",""syslog""]";PAM: Login session closed.
06-20-October;wazuh;E:\Cours\TFE\data\raw\Datasets\06-20-October.csv;926;926;;INFO;5501;pam;sudo;machine-2; ;; ;sohaib;1000; ; ;;; ; ;; ;;; ; ;;; ;;;; ;;;;;authentication;pam;Oct 18 23:50:41 sohaib-virtual-machine sudo: pam_unix(sudo:session): session opened for user root(uid=0) by sohaib(uid=1000);3;5501;pam;"[""pam"",""syslog"",""authentication_success""]";PAM: Login session opened.
06-20-October;wazuh;E:\Cours\TFE\data\raw\Datasets\06-20-October.csv;927;927;;INFO;5501;pam;sudo;machine-2; ;; ;sohaib;1000; ; ;;; ; ;; ;;; ; ;;; ;;;; ;;;;;authentication;pam;Oct 18 23:50:41 sohaib-virtual-machine sudo: pam_unix(sudo:session): session opened for user root(uid=0) by sohaib(uid=1000);3;5501;pam;"[""pam"",""syslog"",""authentication_success""]";PAM: Login session opened.
06-20-October;wazuh;E:\Cours\TFE\data\raw\Datasets\06-20-October.csv;928;928;;INFO;5502;pam;sudo;machine-2; ;; ; ; ; ; ;;; ; ;; ;;; ; ;;; ;;;; ;;;;;authentication;pam;Oct 18 23:50:41 sohaib-virtual-machine sudo: pam_unix(sudo:session): session closed for user root;3;5502;pam;"[""pam"",""syslog""]";PAM: Login session closed.
06-20-October;wazuh;E:\Cours\TFE\data\raw\Datasets\06-20-October.csv;929;929;;INFO;5501;pam;sudo;machine-2; ;; ;sohaib;1000; ; ;;; ; ;; ;;; ; ;;; ;;;; ;;;;;authentication;pam;Oct 18 23:50:42 sohaib-virtual-machine sudo: pam_unix(sudo:session): session opened for user root(uid=0) by sohaib(uid=1000);3;5501;pam;"[""pam"",""syslog"",""authentication_success""]";PAM: Login session opened.
06-20-October;wazuh;E:\Cours\TFE\data\raw\Datasets\06-20-October.csv;930;930;;INFO;5502;pam;sudo;machine-2; ;; ; ; ; ; ;;; ; ;; ;;; ; ;;; ;;;; ;;;;;authentication;pam;Oct 18 23:50:42 sohaib-virtual-machine sudo: pam_unix(sudo:session): session closed for user root;3;5502;pam;"[""pam"",""syslog""]";PAM: Login session closed.
06-20-October;wazuh;E:\Cours\TFE\data\raw\Datasets\06-20-October.csv;931;931;;INFO;5502;pam;sudo;machine-2; ;; ; ; ; ; ;;; ; ;; ;;; ; ;;; ;;;; ;;;;;authentication;pam;Oct 18 23:50:43 sohaib-virtual-machine sudo: pam_unix(sudo:session): session closed for user root;3;5502;pam;"[""pam"",""syslog""]";PAM: Login session closed.
06-20-October;wazuh;E:\Cours\TFE\data\raw\Datasets\06-20-October.csv;932;932;;INFO;5402;sudo;sudo;machine-2; ;; ;sohaib; ; ; ;;; ; ;; ;;; ; ;;; ;;;; ;;;;;authentication;sudo;"Oct 18 23:50:44 sohaib-virtual-machine sudo:   sohaib : TTY=pts/6 ; PWD=/home/sohaib ; USER=root ; COMMAND=/usr/bin/sh -c 'printf ""command_start_%s"" ""wxXNkglI""; readlink -e /snap/core22/858/usr/share/bash-completion/completions/curl 2>/dev/null; printf ""command_done_%s"" ""1c800kjv""'";3;5402;sudo;"[""syslog"",""sudo""]";Successful sudo to ROOT executed.
06-20-October;wazuh;E:\Cours\TFE\data\raw\Datasets\06-20-October.csv;933;933;;INFO;5501;pam;sudo;machine-2; ;; ;sohaib;1000; ; ;;; ; ;; ;;; ; ;;; ;;;; ;;;;;authentication;pam;Oct 18 23:50:44 sohaib-virtual-machine sudo: pam_unix(sudo:session): session opened for user root(uid=0) by sohaib(uid=1000);3;5501;pam;"[""pam"",""syslog"",""authentication_success""]";PAM: Login session opened.
06-20-October;wazuh;E:\Cours\TFE\data\raw\Datasets\06-20-October.csv;934;934;;INFO;5502;pam;sudo;machine-2; ;; ; ; ; ; ;;; ; ;; ;;; ; ;;; ;;;; ;;;;;authentication;pam;Oct 18 23:50:44 sohaib-virtual-machine sudo: pam_unix(sudo:session): session closed for user root;3;5502;pam;"[""pam"",""syslog""]";PAM: Login session closed.
06-20-October;wazuh;E:\Cours\TFE\data\raw\Datasets\06-20-October.csv;935;935;;INFO;5402;sudo;sudo;machine-2; ;; ;sohaib; ; ; ;;; ; ;; ;;; ; ;;; ;;;; ;;;;;authentication;sudo;"Oct 18 23:50:44 sohaib-virtual-machine sudo:   sohaib : TTY=pts/8 ; PWD=/home/sohaib ; USER=root ; COMMAND=/usr/bin/sh -c 'printf ""command_start_%s"" ""49KD2VIy""; file /snap/core22/858/usr/share/bash-completion/completions/curl; printf ""command_done_%s"" ""A1zdZqPA""'";3;5402;sudo;"[""syslog"",""sudo""]";Successful sudo to ROOT executed.
06-20-October;wazuh;E:\Cours\TFE\data\raw\Datasets\06-20-October.csv;936;936;;INFO;5501;pam;sudo;machine-2; ;; ;sohaib;1000; ; ;;; ; ;; ;;; ; ;;; ;;;; ;;;;;authentication;pam;Oct 18 23:50:45 sohaib-virtual-machine sudo: pam_unix(sudo:session): session opened for user root(uid=0) by sohaib(uid=1000);3;5501;pam;"[""pam"",""syslog"",""authentication_success""]";PAM: Login session opened.
06-20-October;wazuh;E:\Cours\TFE\data\raw\Datasets\06-20-October.csv;937;937;;INFO;5402;sudo;sudo;machine-2; ;; ;sohaib; ; ; ;;; ; ;; ;;; ; ;;; ;;;; ;;;;;authentication;sudo;"Oct 18 23:50:45 sohaib-virtual-machine sudo:   sohaib : TTY=pts/6 ; PWD=/home/sohaib ; USER=root ; COMMAND=/usr/bin/sh -c 'printf ""command_start_%s"" ""R3wPGen0""; readlink -e /snap/core22/864/usr/share/bash-completion/completions/curl 2>/dev/null; printf ""command_done_%s"" ""ZuE1Apdm""'";3;5402;sudo;"[""syslog"",""sudo""]";Successful sudo to ROOT executed.
06-20-October;wazuh;E:\Cours\TFE\data\raw\Datasets\06-20-October.csv;938;938;;INFO;5502;pam;sudo;machine-2; ;; ; ; ; ; ;;; ; ;; ;;; ; ;;; ;;;; ;;;;;authentication;pam;Oct 18 23:50:45 sohaib-virtual-machine sudo: pam_unix(sudo:session): session closed for user root;3;5502;pam;"[""pam"",""syslog""]";PAM: Login session closed.
06-20-October;wazuh;E:\Cours\TFE\data\raw\Datasets\06-20-October.csv;939;939;;INFO;5402;sudo;sudo;machine-2; ;; ;sohaib; ; ; ;;; ; ;; ;;; ; ;;; ;;;; ;;;;;authentication;sudo;"Oct 18 23:50:46 sohaib-virtual-machine sudo:   sohaib : TTY=pts/10 ; PWD=/home/sohaib ; USER=root ; COMMAND=/usr/bin/sh -c 'printf ""command_start_%s"" ""7FpNh1xQ""; file /snap/core22/864/usr/share/bash-completion/completions/curl; printf ""command_done_%s"" ""y3SpLf9J""'";3;5402;sudo;"[""syslog"",""sudo""]";Successful sudo to ROOT executed.
06-20-October;wazuh;E:\Cours\TFE\data\raw\Datasets\06-20-October.csv;940;940;;INFO;5715;sshd;sshd;machine-2; ;; ; ; ; ; ;;; ; ;; ;;;192.168.204.1;65345;;; ;;;; ;;;;;authentication;sshd;Oct 18 23:50:46 sohaib-virtual-machine sshd[20467]: Accepted password for sohaib from 192.168.204.1 port 65345 ssh2;3;5715;sshd;"[""syslog"",""sshd"",""authentication_success""]";sshd: authentication success.
06-20-October;wazuh;E:\Cours\TFE\data\raw\Datasets\06-20-October.csv;941;941;;INFO;5501;pam;sshd;machine-2; ;; ; ;0; ; ;;; ; ;; ;;; ; ;;; ;;;; ;;;;;authentication;pam;Oct 18 23:50:46 sohaib-virtual-machine sshd[20477]: pam_unix(sshd:session): session opened for user sohaib(uid=1000) by (uid=0);3;5501;pam;"[""pam"",""syslog"",""authentication_success""]";PAM: Login session opened.
06-20-October;wazuh;E:\Cours\TFE\data\raw\Datasets\06-20-October.csv;942;942;;INFO;5402;sudo;sudo;machine-2; ;; ;sohaib; ; ; ;;; ; ;; ;;; ; ;;; ;;;; ;;;;;authentication;sudo;"Oct 18 23:50:47 sohaib-virtual-machine sudo:   sohaib : TTY=pts/6 ; PWD=/home/sohaib ; USER=root ; COMMAND=/usr/bin/sh -c 'printf ""command_start_%s"" ""LYLhwhSZ""; timeout -s9 240s find \'/bin\' \'/usr/bin\' \'/home\' -maxdepth 6 -follow \\( ! \\( -fstype nfs -prune -o -fstype nfs4 -prune -o -fstype cifs -prune -o -fstype smbfs -prune -o -fstype afs -prune -o -fstype sysfs -prune -o -fstype proc -prune -o -fstype panfs -prune \\) -a \\( -path \'*/bin/mvn\' -o -path \'*/lib/maven-core-*.jar\' -o -path \'*/.m2/repository\' \\) \\) 2>/dev/null; RET=$?; echo; echo ""$RET""; printf ""command_done_%s"" ""ENzpZO6_""'";3;5402;sudo;"[""syslog"",""sudo""]";Successful sudo to ROOT executed.
06-20-October;wazuh;E:\Cours\TFE\data\raw\Datasets\06-20-October.csv;943;943;;INFO;5501;pam;sudo;machine-2; ;; ;sohaib;1000; ; ;;; ; ;; ;;; ; ;;; ;;;; ;;;;;authentication;pam;Oct 18 23:50:47 sohaib-virtual-machine sudo: pam_unix(sudo:session): session opened for user root(uid=0) by sohaib(uid=1000);3;5501;pam;"[""pam"",""syslog"",""authentication_success""]";PAM: Login session opened.
06-20-October;wazuh;E:\Cours\TFE\data\raw\Datasets\06-20-October.csv;944;944;;INFO;5502;pam;sshd;machine-2; ;; ; ; ; ; ;;; ; ;; ;;; ; ;;; ;;;; ;;;;;authentication;pam;Oct 18 23:50:47 sohaib-virtual-machine sshd[20467]: pam_unix(sshd:session): session closed for user sohaib;3;5502;pam;"[""pam"",""syslog""]";PAM: Login session closed.
06-20-October;wazuh;E:\Cours\TFE\data\raw\Datasets\06-20-October.csv;945;945;;INFO;5501;pam;sshd;machine-2; ;; ; ;0; ; ;;; ; ;; ;;; ; ;;; ;;;; ;;;;;authentication;pam;Oct 18 23:50:48 sohaib-virtual-machine sshd[20567]: pam_unix(sshd:session): session opened for user sohaib(uid=1000) by (uid=0);3;5501;pam;"[""pam"",""syslog"",""authentication_success""]";PAM: Login session opened.
06-20-October;wazuh;E:\Cours\TFE\data\raw\Datasets\06-20-October.csv;946;946;;INFO;5402;sudo;sudo;machine-2; ;; ;sohaib; ; ; ;;; ; ;; ;;; ; ;;; ;;;; ;;;;;authentication;sudo;"Oct 18 23:50:49 sohaib-virtual-machine sudo:   sohaib : TTY=pts/10 ; PWD=/home/sohaib ; USER=root ; COMMAND=/usr/bin/sh -c 'printf ""command_start_%s"" ""WGedunQR""; [ -f ""/usr/sbin/apache2"" ] || [ -d ""/usr/sbin/apache2"" ] && echo ""found""; printf ""command_done_%s"" ""mpgzb3Rv""'";3;5402;sudo;"[""syslog"",""sudo""]";Successful sudo to ROOT executed.
06-20-October;wazuh;E:\Cours\TFE\data\raw\Datasets\06-20-October.csv;947;947;;INFO;5501;pam;sshd;machine-2; ;; ; ;0; ; ;;; ; ;; ;;; ; ;;; ;;;; ;;;;;authentication;pam;Oct 18 23:51:09 sohaib-virtual-machine sshd[20896]: pam_unix(sshd:session): session opened for user sohaib(uid=1000) by (uid=0);3;5501;pam;"[""pam"",""syslog"",""authentication_success""]";PAM: Login session opened.
06-20-October;wazuh;E:\Cours\TFE\data\raw\Datasets\06-20-October.csv;948;948;;INFO;5402;sudo;sudo;machine-2; ;; ;sohaib; ; ; ;;; ; ;; ;;; ; ;;; ;;;; ;;;;;authentication;sudo;"Oct 18 23:51:09 sohaib-virtual-machine sudo:   sohaib : TTY=pts/4 ; PWD=/home/sohaib ; USER=root ; COMMAND=/usr/bin/sh -c 'printf ""command_start_%s"" ""FdvFHJU4""; readlink -e /usr/share/apport/apport.jar 2>/dev/null; printf ""command_done_%s"" ""mGIp_ZS5""'";3;5402;sudo;"[""syslog"",""sudo""]";Successful sudo to ROOT executed.
06-20-October;wazuh;E:\Cours\TFE\data\raw\Datasets\06-20-October.csv;949;949;;INFO;5402;sudo;sudo;machine-2; ;; ;sohaib; ; ; ;;; ; ;; ;;; ; ;;; ;;;; ;;;;;authentication;sudo;"Oct 18 23:51:11 sohaib-virtual-machine sudo:   sohaib : TTY=pts/6 ; PWD=/home/sohaib ; USER=root ; COMMAND=/usr/bin/sh -c 'printf ""command_start_%s"" ""rUF7451z""; unzip -q -c /usr/share/apport/apport.jar META-INF/MANIFEST.MF | grep -e Bundle-Name -e Log4jReleaseVersion -e Bundle-Version -e Implementation-Title -e Implementation-Version; printf ""command_done_%s"" ""RQFgAFJG""'";3;5402;sudo;"[""syslog"",""sudo""]";Successful sudo to ROOT executed.
06-20-October;wazuh;E:\Cours\TFE\data\raw\Datasets\06-20-October.csv;950;950;;INFO;5402;sudo;sudo;machine-2; ;; ;sohaib; ; ; ;;; ; ;; ;;; ; ;;; ;;;; ;;;;;authentication;sudo;"Oct 18 23:51:11 sohaib-virtual-machine sudo:   sohaib : TTY=pts/2 ; PWD=/home/sohaib ; USER=root ; COMMAND=/usr/bin/sh -c 'printf ""command_start_%s"" ""AeFSplfU""; timeout -s9 900s find \'/\' -follow \\( ! \\( -fstype nfs -prune -o -fstype nfs4 -prune -o -fstype cifs -prune -o -fstype smbfs -prune -o -fstype afs -prune -o -fstype sysfs -prune -o -fstype proc -prune -o -fstype panfs -prune \\) ! \\( -path \'/bin\' -prune -o -path \'/boot\' -prune -o -path \'/dev\' -prune -o -path \'/lib\' -prune -o -path \'/media\' -prune -o -path \'/mnt\' -prune -o -path \'/proc\' -prune -o -path \'/run\' -prune -o -path \'/sbin\' -prune -o -path \'/srv\' -prune -o -path \'/sys\' -prune -o -path \'/tmp\' -prune \\) -a \\( -path \'*/apache-cassandra-*.jar\' \\) \\) 2>/dev/null; RET=$?; echo; echo ""$RET""; printf ""command_done_%s"" ""8cW3nWgG""'";3;5402;sudo;"[""syslog"",""sudo""]";Successful sudo to ROOT executed.
06-20-October;wazuh;E:\Cours\TFE\data\raw\Datasets\06-20-October.csv;951;951;;INFO;5501;pam;sudo;machine-2; ;; ;sohaib;1000; ; ;;; ; ;; ;;; ; ;;; ;;;; ;;;;;authentication;pam;Oct 18 23:51:11 sohaib-virtual-machine sudo: pam_unix(sudo:session): session opened for user root(uid=0) by sohaib(uid=1000);3;5501;pam;"[""pam"",""syslog"",""authentication_success""]";PAM: Login session opened.
06-20-October;wazuh;E:\Cours\TFE\data\raw\Datasets\06-20-October.csv;952;952;;INFO;5501;pam;sudo;machine-2; ;; ;sohaib;1000; ; ;;; ; ;; ;;; ; ;;; ;;;; ;;;;;authentication;pam;Oct 18 23:51:11 sohaib-virtual-machine sudo: pam_unix(sudo:session): session opened for user root(uid=0) by sohaib(uid=1000);3;5501;pam;"[""pam"",""syslog"",""authentication_success""]";PAM: Login session opened.
06-20-October;wazuh;E:\Cours\TFE\data\raw\Datasets\06-20-October.csv;953;953;;INFO;5502;pam;sudo;machine-2; ;; ; ; ; ; ;;; ; ;; ;;; ; ;;; ;;;; ;;;;;authentication;pam;Oct 18 23:51:11 sohaib-virtual-machine sudo: pam_unix(sudo:session): session closed for user root;3;5502;pam;"[""pam"",""syslog""]";PAM: Login session closed.
06-20-October;wazuh;E:\Cours\TFE\data\raw\Datasets\06-20-October.csv;954;954;;INFO;5402;sudo;sudo;machine-2; ;; ;sohaib; ; ; ;;; ; ;; ;;; ; ;;; ;;;; ;;;;;authentication;sudo;"Oct 18 23:51:12 sohaib-virtual-machine sudo:   sohaib : TTY=pts/7 ; PWD=/home/sohaib ; USER=root ; COMMAND=/usr/bin/sh -c 'printf ""command_start_%s"" ""S_l6uDFR""; readlink -e /usr/share/maven-repo/org/gnu/gettext/libintl/debian/libintl-debian.jar 2>/dev/null; printf ""command_done_%s"" ""pWp90MTT""'";3;5402;sudo;"[""syslog"",""sudo""]";Successful sudo to ROOT executed.
06-20-October;wazuh;E:\Cours\TFE\data\raw\Datasets\06-20-October.csv;955;955;;INFO;5501;pam;sudo;machine-2; ;; ;sohaib;1000; ; ;;; ; ;; ;;; ; ;;; ;;;; ;;;;;authentication;pam;Oct 18 23:51:12 sohaib-virtual-machine sudo: pam_unix(sudo:session): session opened for user root(uid=0) by sohaib(uid=1000);3;5501;pam;"[""pam"",""syslog"",""authentication_success""]";PAM: Login session opened.
06-20-October;wazuh;E:\Cours\TFE\data\raw\Datasets\06-20-October.csv;956;956;;INFO;5502;pam;sudo;machine-2; ;; ; ; ; ; ;;; ; ;; ;;; ; ;;; ;;;; ;;;;;authentication;pam;Oct 18 23:51:12 sohaib-virtual-machine sudo: pam_unix(sudo:session): session closed for user root;3;5502;pam;"[""pam"",""syslog""]";PAM: Login session closed.
06-20-October;wazuh;E:\Cours\TFE\data\raw\Datasets\06-20-October.csv;957;957;;INFO;5501;pam;sudo;machine-2; ;; ;sohaib;1000; ; ;;; ; ;; ;;; ; ;;; ;;;; ;;;;;authentication;pam;Oct 18 23:51:13 sohaib-virtual-machine sudo: pam_unix(sudo:session): session opened for user root(uid=0) by sohaib(uid=1000);3;5501;pam;"[""pam"",""syslog"",""authentication_success""]";PAM: Login session opened.
06-20-October;wazuh;E:\Cours\TFE\data\raw\Datasets\06-20-October.csv;958;958;;INFO;5502;pam;sudo;machine-2; ;; ; ; ; ; ;;; ; ;; ;;; ; ;;; ;;;; ;;;;;authentication;pam;Oct 18 23:51:13 sohaib-virtual-machine sudo: pam_unix(sudo:session): session closed for user root;3;5502;pam;"[""pam"",""syslog""]";PAM: Login session closed.
06-20-October;wazuh;E:\Cours\TFE\data\raw\Datasets\06-20-October.csv;959;959;;INFO;5715;sshd;sshd;machine-2; ;; ; ; ; ; ;;; ; ;; ;;;192.168.204.1;65382;;; ;;;; ;;;;;authentication;sshd;Oct 18 23:51:19 sohaib-virtual-machine sshd[21175]: Accepted password for sohaib from 192.168.204.1 port 65382 ssh2;3;5715;sshd;"[""syslog"",""sshd"",""authentication_success""]";sshd: authentication success.
06-20-October;wazuh;E:\Cours\TFE\data\raw\Datasets\06-20-October.csv;960;960;;INFO;5501;pam;sudo;machine-2; ;; ;sohaib;1000; ; ;;; ; ;; ;;; ; ;;; ;;;; ;;;;;authentication;pam;Oct 18 23:51:19 sohaib-virtual-machine sudo: pam_unix(sudo:session): session opened for user root(uid=0) by sohaib(uid=1000);3;5501;pam;"[""pam"",""syslog"",""authentication_success""]";PAM: Login session opened.
06-20-October;wazuh;E:\Cours\TFE\data\raw\Datasets\06-20-October.csv;961;961;;INFO;5501;pam;sudo;machine-2; ;; ;sohaib;1000; ; ;;; ; ;; ;;; ; ;;; ;;;; ;;;;;authentication;pam;Oct 18 23:51:20 sohaib-virtual-machine sudo: pam_unix(sudo:session): session opened for user root(uid=0) by sohaib(uid=1000);3;5501;pam;"[""pam"",""syslog"",""authentication_success""]";PAM: Login session opened.
06-20-October;wazuh;E:\Cours\TFE\data\raw\Datasets\06-20-October.csv;962;962;;INFO;5502;pam;sudo;machine-2; ;; ; ; ; ; ;;; ; ;; ;;; ; ;;; ;;;; ;;;;;authentication;pam;Oct 18 23:51:20 sohaib-virtual-machine sudo: pam_unix(sudo:session): session closed for user root;3;5502;pam;"[""pam"",""syslog""]";PAM: Login session closed.
06-20-October;wazuh;E:\Cours\TFE\data\raw\Datasets\06-20-October.csv;963;963;;INFO;5502;pam;sudo;machine-2; ;; ; ; ; ; ;;; ; ;; ;;; ; ;;; ;;;; ;;;;;authentication;pam;Oct 18 23:51:21 sohaib-virtual-machine sudo: pam_unix(sudo:session): session closed for user root;3;5502;pam;"[""pam"",""syslog""]";PAM: Login session closed.
06-20-October;wazuh;E:\Cours\TFE\data\raw\Datasets\06-20-October.csv;964;964;;INFO;5402;sudo;sudo;machine-2; ;; ;sohaib; ; ; ;;; ; ;; ;;; ; ;;; ;;;; ;;;;;authentication;sudo;"Oct 18 23:51:22 sohaib-virtual-machine sudo:   sohaib : TTY=pts/3 ; PWD=/home/sohaib ; USER=root ; COMMAND=/usr/bin/sh -c 'printf ""command_start_%s"" ""JfyXlfBo""; if test ! -L ""/snap/gnome-42-2204/141/usr/share/java/libintl.jar""; then unzip -Z1 ""/snap/gnome-42-2204/141/usr/share/java/libintl.jar"" 2> /dev/null; fi; printf ""command_done_%s"" ""rc8vEp0Y""'";3;5402;sudo;"[""syslog"",""sudo""]";Successful sudo to ROOT executed.
06-20-October;wazuh;E:\Cours\TFE\data\raw\Datasets\06-20-October.csv;965;965;;INFO;5501;pam;sudo;machine-2; ;; ;sohaib;1000; ; ;;; ; ;; ;;; ; ;;; ;;;; ;;;;;authentication;pam;Oct 18 23:51:22 sohaib-virtual-machine sudo: pam_unix(sudo:session): session opened for user root(uid=0) by sohaib(uid=1000);3;5501;pam;"[""pam"",""syslog"",""authentication_success""]";PAM: Login session opened.
06-20-October;wazuh;E:\Cours\TFE\data\raw\Datasets\06-20-October.csv;966;966;;INFO;5402;sudo;sudo;machine-2; ;; ;sohaib; ; ; ;;; ; ;; ;;; ; ;;; ;;;; ;;;;;authentication;sudo;"Oct 18 23:51:22 sohaib-virtual-machine sudo:   sohaib : TTY=pts/4 ; PWD=/home/sohaib ; USER=root ; COMMAND=/usr/bin/sh -c 'printf ""command_start_%s"" ""VysA8HfW""; readlink -e /snap/gnome-42-2204/141/usr/share/java/libintl.jar 2>/dev/null; printf ""command_done_%s"" ""g4cGVuTF""'";3;5402;sudo;"[""syslog"",""sudo""]";Successful sudo to ROOT executed.
06-20-October;wazuh;E:\Cours\TFE\data\raw\Datasets\06-20-October.csv;967;967;;INFO;5402;sudo;sudo;machine-2; ;; ;sohaib; ; ; ;;; ; ;; ;;; ; ;;; ;;;; ;;;;;authentication;sudo;"Oct 18 23:51:23 sohaib-virtual-machine sudo:   sohaib : TTY=pts/3 ; PWD=/home/sohaib ; USER=root ; COMMAND=/usr/bin/sh -c 'printf ""command_start_%s"" ""q5jNIuIU""; timeout -s9 240s find \'/bin/\' \'/sbin/\' \'/usr/bin/\' \'/usr/sbin/\' \'/usr/local/\' \'/opt/\' -follow \\( ! \\( -fstype nfs -prune -o -fstype nfs4 -prune -o -fstype cifs -prune -o -fstype smbfs -prune -o -fstype afs -prune -o -fstype sysfs -prune -o -fstype proc -prune -o -fstype panfs -prune \\) -a \\( -path \'*/awx-manage\' \\) \\) 2>/dev/null; RET=$?; echo; echo ""$RET""; printf ""command_done_%s"" ""xT6jHPQh""'";3;5402;sudo;"[""syslog"",""sudo""]";Successful sudo to ROOT executed.
06-20-October;wazuh;E:\Cours\TFE\data\raw\Datasets\06-20-October.csv;968;968;;INFO;5501;pam;sudo;machine-2; ;; ;sohaib;1000; ; ;;; ; ;; ;;; ; ;;; ;;;; ;;;;;authentication;pam;Oct 18 23:51:23 sohaib-virtual-machine sudo: pam_unix(sudo:session): session opened for user root(uid=0) by sohaib(uid=1000);3;5501;pam;"[""pam"",""syslog"",""authentication_success""]";PAM: Login session opened.
06-20-October;wazuh;E:\Cours\TFE\data\raw\Datasets\06-20-October.csv;969;969;;INFO;5502;pam;sudo;machine-2; ;; ; ; ; ; ;;; ; ;; ;;; ; ;;; ;;;; ;;;;;authentication;pam;Oct 18 23:51:23 sohaib-virtual-machine sudo: pam_unix(sudo:session): session closed for user root;3;5502;pam;"[""pam"",""syslog""]";PAM: Login session closed.
06-20-October;wazuh;E:\Cours\TFE\data\raw\Datasets\06-20-October.csv;970;970;;INFO;5501;pam;sudo;machine-2; ;; ;sohaib;1000; ; ;;; ; ;; ;;; ; ;;; ;;;; ;;;;;authentication;pam;Oct 18 23:51:23 sohaib-virtual-machine sudo: pam_unix(sudo:session): session opened for user root(uid=0) by sohaib(uid=1000);3;5501;pam;"[""pam"",""syslog"",""authentication_success""]";PAM: Login session opened.
06-20-October;wazuh;E:\Cours\TFE\data\raw\Datasets\06-20-October.csv;971;971;;INFO;5502;pam;sudo;machine-2; ;; ; ; ; ; ;;; ; ;; ;;; ; ;;; ;;;; ;;;;;authentication;pam;Oct 18 23:51:24 sohaib-virtual-machine sudo: pam_unix(sudo:session): session closed for user root;3;5502;pam;"[""pam"",""syslog""]";PAM: Login session closed.
06-20-October;wazuh;E:\Cours\TFE\data\raw\Datasets\06-20-October.csv;972;972;;INFO;5402;sudo;sudo;machine-2; ;; ;sohaib; ; ; ;;; ; ;; ;;; ; ;;; ;;;; ;;;;;authentication;sudo;"Oct 18 23:51:15 sohaib-virtual-machine sudo:   sohaib : TTY=pts/4 ; PWD=/home/sohaib ; USER=root ; COMMAND=/usr/bin/sh -c 'printf ""command_start_%s"" ""EylYuu4L""; readlink -e /usr/share/maven-repo/org/gnu/gettext/libintl/0.21/libintl-0.21.jar 2>/dev/null; printf ""command_done_%s"" ""52I6OZ4l""'";3;5402;sudo;"[""syslog"",""sudo""]";Successful sudo to ROOT executed.
06-20-October;wazuh;E:\Cours\TFE\data\raw\Datasets\06-20-October.csv;973;973;;INFO;5402;sudo;sudo;machine-2; ;; ;sohaib; ; ; ;;; ; ;; ;;; ; ;;; ;;;; ;;;;;authentication;sudo;"Oct 18 23:51:16 sohaib-virtual-machine sudo:   sohaib : TTY=pts/4 ; PWD=/home/sohaib ; USER=root ; COMMAND=/usr/bin/sh -c 'printf ""command_start_%s"" ""lW8rP2ed""; unzip -q -c /usr/share/java/libintl-0.21.jar META-INF/MANIFEST.MF | grep -e Bundle-Name -e Log4jReleaseVersion -e Bundle-Version -e Implementation-Title -e Implementation-Version; printf ""command_done_%s"" ""4Lc22z6x""'";3;5402;sudo;"[""syslog"",""sudo""]";Successful sudo to ROOT executed.
06-20-October;wazuh;E:\Cours\TFE\data\raw\Datasets\06-20-October.csv;974;974;;INFO;5501;pam;sudo;machine-2; ;; ;sohaib;1000; ; ;;; ; ;; ;;; ; ;;; ;;;; ;;;;;authentication;pam;Oct 18 23:51:16 sohaib-virtual-machine sudo: pam_unix(sudo:session): session opened for user root(uid=0) by sohaib(uid=1000);3;5501;pam;"[""pam"",""syslog"",""authentication_success""]";PAM: Login session opened.
06-20-October;wazuh;E:\Cours\TFE\data\raw\Datasets\06-20-October.csv;975;975;;INFO;5502;pam;sudo;machine-2; ;; ; ; ; ; ;;; ; ;; ;;; ; ;;; ;;;; ;;;;;authentication;pam;Oct 18 23:51:16 sohaib-virtual-machine sudo: pam_unix(sudo:session): session closed for user root;3;5502;pam;"[""pam"",""syslog""]";PAM: Login session closed.
06-20-October;wazuh;E:\Cours\TFE\data\raw\Datasets\06-20-October.csv;976;976;;INFO;5502;pam;sshd;machine-2; ;; ; ; ; ; ;;; ; ;; ;;; ; ;;; ;;;; ;;;;;authentication;pam;Oct 18 23:51:16 sohaib-virtual-machine sshd[20224]: pam_unix(sshd:session): session closed for user sohaib;3;5502;pam;"[""pam"",""syslog""]";PAM: Login session closed.
06-20-October;wazuh;E:\Cours\TFE\data\raw\Datasets\06-20-October.csv;977;977;;INFO;5502;pam;sudo;machine-2; ;; ; ; ; ; ;;; ; ;; ;;; ; ;;; ;;;; ;;;;;authentication;pam;Oct 18 23:51:16 sohaib-virtual-machine sudo: pam_unix(sudo:session): session closed for user root;3;5502;pam;"[""pam"",""syslog""]";PAM: Login session closed.
06-20-October;wazuh;E:\Cours\TFE\data\raw\Datasets\06-20-October.csv;978;978;;INFO;5402;sudo;sudo;machine-2; ;; ;sohaib; ; ; ;;; ; ;; ;;; ; ;;; ;;;; ;;;;;authentication;sudo;"Oct 18 23:51:17 sohaib-virtual-machine sudo:   sohaib : TTY=pts/3 ; PWD=/home/sohaib ; USER=root ; COMMAND=/usr/bin/sh -c 'printf ""command_start_%s"" ""TOe25eSG""; readlink -e /snap/gnome-42-2204/141/usr/share/java/gettext.jar 2>/dev/null; printf ""command_done_%s"" ""ORsa4o8t""'";3;5402;sudo;"[""syslog"",""sudo""]";Successful sudo to ROOT executed.
06-20-October;wazuh;E:\Cours\TFE\data\raw\Datasets\06-20-October.csv;979;979;;INFO;5501;pam;sudo;machine-2; ;; ;sohaib;1000; ; ;;; ; ;; ;;; ; ;;; ;;;; ;;;;;authentication;pam;Oct 18 23:51:17 sohaib-virtual-machine sudo: pam_unix(sudo:session): session opened for user root(uid=0) by sohaib(uid=1000);3;5501;pam;"[""pam"",""syslog"",""authentication_success""]";PAM: Login session opened.
06-20-October;wazuh;E:\Cours\TFE\data\raw\Datasets\06-20-October.csv;980;980;;INFO;5502;pam;sudo;machine-2; ;; ; ; ; ; ;;; ; ;; ;;; ; ;;; ;;;; ;;;;;authentication;pam;Oct 18 23:51:17 sohaib-virtual-machine sudo: pam_unix(sudo:session): session closed for user root;3;5502;pam;"[""pam"",""syslog""]";PAM: Login session closed.
06-20-October;wazuh;E:\Cours\TFE\data\raw\Datasets\06-20-October.csv;981;981;;INFO;5402;sudo;sudo;machine-2; ;; ;sohaib; ; ; ;;; ; ;; ;;; ; ;;; ;;;; ;;;;;authentication;sudo;"Oct 18 23:51:18 sohaib-virtual-machine sudo:   sohaib : TTY=pts/4 ; PWD=/home/sohaib ; USER=root ; COMMAND=/usr/bin/sh -c 'printf ""command_start_%s"" ""qhk_Hl4i""; unzip -q -c /snap/gnome-42-2204/141/usr/share/java/gettext.jar META-INF/maven/org.apache.logging.log4j/log4j-core/pom.properties; printf ""command_done_%s"" ""Sd788Ibn""'";3;5402;sudo;"[""syslog"",""sudo""]";Successful sudo to ROOT executed.
06-20-October;wazuh;E:\Cours\TFE\data\raw\Datasets\06-20-October.csv;982;982;;INFO;5402;sudo;sudo;machine-2; ;; ;sohaib; ; ; ;;; ; ;; ;;; ; ;;; ;;;; ;;;;;authentication;sudo;"Oct 18 23:51:18 sohaib-virtual-machine sudo:   sohaib : TTY=pts/3 ; PWD=/home/sohaib ; USER=root ; COMMAND=/usr/bin/sh -c 'printf ""command_start_%s"" ""nW67QWqF""; timeout -s9 240s find \'/bin/\' \'/sbin/\' \'/usr/bin/\' \'/usr/sbin/\' \'/usr/local/\' \'/opt/\' -follow \\( ! \\( -fstype nfs -prune -o -fstype nfs4 -prune -o -fstype cifs -prune -o -fstype smbfs -prune -o -fstype afs -prune -o -fstype sysfs -prune -o -fstype proc -prune -o -fstype panfs -prune \\) -a \\( -path \'*/awx-manage\' \\) \\) 2>/dev/null; RET=$?; echo; echo ""$RET""; printf ""command_done_%s"" ""DTaqLGeq""'";3;5402;sudo;"[""syslog"",""sudo""]";Successful sudo to ROOT executed.
06-20-October;wazuh;E:\Cours\TFE\data\raw\Datasets\06-20-October.csv;983;983;;INFO;5502;pam;sudo;machine-2; ;; ; ; ; ; ;;; ; ;; ;;; ; ;;; ;;;; ;;;;;authentication;pam;Oct 18 23:50:49 sohaib-virtual-machine sudo: pam_unix(sudo:session): session closed for user root;3;5502;pam;"[""pam"",""syslog""]";PAM: Login session closed.
06-20-October;wazuh;E:\Cours\TFE\data\raw\Datasets\06-20-October.csv;984;984;;INFO;5402;sudo;sudo;machine-2; ;; ;sohaib; ; ; ;;; ; ;; ;;; ; ;;; ;;;; ;;;;;authentication;sudo;"Oct 18 23:50:50 sohaib-virtual-machine sudo:   sohaib : TTY=pts/10 ; PWD=/home/sohaib ; USER=root ; COMMAND=/usr/bin/sh -c 'printf ""command_start_%s"" ""YIAZEyDv""; [ -f ""/sw/package/apache/bin/apache2"" ] || [ -d ""/sw/package/apache/bin/apache2"" ] && echo ""found""; printf ""command_done_%s"" ""bxbHTtZm""'";3;5402;sudo;"[""syslog"",""sudo""]";Successful sudo to ROOT executed.
06-20-October;wazuh;E:\Cours\TFE\data\raw\Datasets\06-20-October.csv;985;985;;INFO;5502;pam;sudo;machine-2; ;; ; ; ; ; ;;; ; ;; ;;; ; ;;; ;;;; ;;;;;authentication;pam;Oct 18 23:50:51 sohaib-virtual-machine sudo: pam_unix(sudo:session): session closed for user root;3;5502;pam;"[""pam"",""syslog""]";PAM: Login session closed.
06-20-October;wazuh;E:\Cours\TFE\data\raw\Datasets\06-20-October.csv;986;986;;INFO;5402;sudo;sudo;machine-2; ;; ;sohaib; ; ; ;;; ; ;; ;;; ; ;;; ;;;; ;;;;;authentication;sudo;"Oct 18 23:50:52 sohaib-virtual-machine sudo:   sohaib : TTY=pts/11 ; PWD=/home/sohaib ; USER=root ; COMMAND=/usr/bin/sh -c 'printf ""command_start_%s"" ""7mbd2QJP""; [ -f ""/usr/sbin/httpd"" ] || [ -d ""/usr/sbin/httpd"" ] && echo ""found""; printf ""command_done_%s"" ""Rk7XCYOk""'";3;5402;sudo;"[""syslog"",""sudo""]";Successful sudo to ROOT executed.
06-20-October;wazuh;E:\Cours\TFE\data\raw\Datasets\06-20-October.csv;987;987;;INFO;5501;pam;sudo;machine-2; ;; ;sohaib;1000; ; ;;; ; ;; ;;; ; ;;; ;;;; ;;;;;authentication;pam;Oct 18 23:50:52 sohaib-virtual-machine sudo: pam_unix(sudo:session): session opened for user root(uid=0) by sohaib(uid=1000);3;5501;pam;"[""pam"",""syslog"",""authentication_success""]";PAM: Login session opened.
06-20-October;wazuh;E:\Cours\TFE\data\raw\Datasets\06-20-October.csv;988;988;;INFO;5501;pam;sudo;machine-2; ;; ;sohaib;1000; ; ;;; ; ;; ;;; ; ;;; ;;;; ;;;;;authentication;pam;Oct 18 23:50:53 sohaib-virtual-machine sudo: pam_unix(sudo:session): session opened for user root(uid=0) by sohaib(uid=1000);3;5501;pam;"[""pam"",""syslog"",""authentication_success""]";PAM: Login session opened.
06-20-October;wazuh;E:\Cours\TFE\data\raw\Datasets\06-20-October.csv;989;989;;INFO;5402;sudo;sudo;machine-2; ;; ;sohaib; ; ; ;;; ; ;; ;;; ; ;;; ;;;; ;;;;;authentication;sudo;"Oct 18 23:50:53 sohaib-virtual-machine sudo:   sohaib : TTY=pts/11 ; PWD=/home/sohaib ; USER=root ; COMMAND=/usr/bin/sh -c 'printf ""command_start_%s"" ""C9wnqa5G""; [ -f ""/usr/local/apache/bin/httpd"" ] || [ -d ""/usr/local/apache/bin/httpd"" ] && echo ""found""; printf ""command_done_%s"" ""dXcyQ538""'";3;5402;sudo;"[""syslog"",""sudo""]";Successful sudo to ROOT executed.
06-20-October;wazuh;E:\Cours\TFE\data\raw\Datasets\06-20-October.csv;990;990;;INFO;5502;pam;sudo;machine-2; ;; ; ; ; ; ;;; ; ;; ;;; ; ;;; ;;;; ;;;;;authentication;pam;Oct 18 23:50:53 sohaib-virtual-machine sudo: pam_unix(sudo:session): session closed for user root;3;5502;pam;"[""pam"",""syslog""]";PAM: Login session closed.
06-20-October;wazuh;E:\Cours\TFE\data\raw\Datasets\06-20-October.csv;991;991;;INFO;5502;pam;sudo;machine-2; ;; ; ; ; ; ;;; ; ;; ;;; ; ;;; ;;;; ;;;;;authentication;pam;Oct 18 23:51:05 sohaib-virtual-machine sudo: pam_unix(sudo:session): session closed for user root;3;5502;pam;"[""pam"",""syslog""]";PAM: Login session closed.
06-20-October;wazuh;E:\Cours\TFE\data\raw\Datasets\06-20-October.csv;992;992;;INFO;5501;pam;sudo;machine-2; ;; ;sohaib;1000; ; ;;; ; ;; ;;; ; ;;; ;;;; ;;;;;authentication;pam;Oct 18 23:51:06 sohaib-virtual-machine sudo: pam_unix(sudo:session): session opened for user root(uid=0) by sohaib(uid=1000);3;5501;pam;"[""pam"",""syslog"",""authentication_success""]";PAM: Login session opened.
06-20-October;wazuh;E:\Cours\TFE\data\raw\Datasets\06-20-October.csv;993;993;;INFO;5502;pam;sudo;machine-2; ;; ; ; ; ; ;;; ; ;; ;;; ; ;;; ;;;; ;;;;;authentication;pam;Oct 18 23:51:06 sohaib-virtual-machine sudo: pam_unix(sudo:session): session closed for user root;3;5502;pam;"[""pam"",""syslog""]";PAM: Login session closed.
06-20-October;wazuh;E:\Cours\TFE\data\raw\Datasets\06-20-October.csv;994;994;;INFO;5502;pam;sudo;machine-2; ;; ; ; ; ; ;;; ; ;; ;;; ; ;;; ;;;; ;;;;;authentication;pam;Oct 18 23:51:06 sohaib-virtual-machine sudo: pam_unix(sudo:session): session closed for user root;3;5502;pam;"[""pam"",""syslog""]";PAM: Login session closed.
06-20-October;wazuh;E:\Cours\TFE\data\raw\Datasets\06-20-October.csv;995;995;;INFO;5502;pam;sudo;machine-2; ;; ; ; ; ; ;;; ; ;; ;;; ; ;;; ;;;; ;;;;;authentication;pam;Oct 18 23:51:07 sohaib-virtual-machine sudo: pam_unix(sudo:session): session closed for user root;3;5502;pam;"[""pam"",""syslog""]";PAM: Login session closed.
06-20-October;wazuh;E:\Cours\TFE\data\raw\Datasets\06-20-October.csv;996;996;;INFO;5402;sudo;sudo;machine-2; ;; ;sohaib; ; ; ;;; ; ;; ;;; ; ;;; ;;;; ;;;;;authentication;sudo;"Oct 18 23:51:08 sohaib-virtual-machine sudo:   sohaib : TTY=pts/4 ; PWD=/home/sohaib ; USER=root ; COMMAND=/usr/bin/sh -c 'printf ""command_start_%s"" ""Z2BsSweA""; [ -f ""/root/node_modules/jsonwebtoken/package.json"" ] || [ -d ""/root/node_modules/jsonwebtoken/package.json"" ] && echo ""found""; printf ""command_done_%s"" ""DVBFkdhx""'";3;5402;sudo;"[""syslog"",""sudo""]";Successful sudo to ROOT executed.
06-20-October;wazuh;E:\Cours\TFE\data\raw\Datasets\06-20-October.csv;997;997;;INFO;5502;pam;sudo;machine-2; ;; ; ; ; ; ;;; ; ;; ;;; ; ;;; ;;;; ;;;;;authentication;pam;Oct 18 23:51:08 sohaib-virtual-machine sudo: pam_unix(sudo:session): session closed for user root;3;5502;pam;"[""pam"",""syslog""]";PAM: Login session closed.
06-20-October;wazuh;E:\Cours\TFE\data\raw\Datasets\06-20-October.csv;998;998;;INFO;5402;sudo;sudo;machine-2; ;; ;sohaib; ; ; ;;; ; ;; ;;; ; ;;; ;;;; ;;;;;authentication;sudo;"Oct 18 23:51:08 sohaib-virtual-machine sudo:   sohaib : TTY=pts/2 ; PWD=/home/sohaib ; USER=root ; COMMAND=/usr/bin/sh -c 'printf ""command_start_%s"" ""N_iLSJ7l""; if test ! -L ""/usr/share/apport/apport.jar""; then unzip -Z1 ""/usr/share/apport/apport.jar"" 2> /dev/null; fi; printf ""command_done_%s"" ""hZWOxKWS""'";3;5402;sudo;"[""syslog"",""sudo""]";Successful sudo to ROOT executed.
06-20-October;wazuh;E:\Cours\TFE\data\raw\Datasets\06-20-October.csv;999;999;;INFO;5502;pam;sudo;machine-2; ;; ; ; ; ; ;;; ; ;; ;;; ; ;;; ;;;; ;;;;;authentication;pam;Oct 18 23:51:08 sohaib-virtual-machine sudo: pam_unix(sudo:session): session closed for user root;3;5502;pam;"[""pam"",""syslog""]";PAM: Login session closed.
06-20-October;wazuh;E:\Cours\TFE\data\raw\Datasets\06-20-October.csv;1000;1000;;INFO;5502;pam;sudo;machine-2; ;; ; ; ; ; ;;; ; ;; ;;; ; ;;; ;;;; ;;;;;authentication;pam;Oct 18 23:51:00 sohaib-virtual-machine sudo: pam_unix(sudo:session): session closed for user root;3;5502;pam;"[""pam"",""syslog""]";PAM: Login session closed.
