dataset,subtype,recno,timestamp_iso,severity,event,source,component,host,pid,tid,user,message
windows_event,win_event,1,2026-05-19T13:25:51.845987+00:00,,4799,Microsoft-Windows-Security-Auditing,Microsoft-Windows-Security-Auditing,andy-aaron,1152,11696,,TargetUserName=Administrateurs | TargetDomainName=Builtin | TargetSid=S-1-5-32-544 | SubjectUserSid=S-1-5-18 | SubjectUserName=ANDY-AARON$ | SubjectDomainName=WORKGROUP | SubjectLogonId=0x00000000000003e7 | CallerProcessId=0x0000000000002f3c | CallerProcessName=C:\Windows\System32\VSSVC.exe
windows_event,win_event,2,2026-05-19T13:25:51.847067+00:00,,4799,Microsoft-Windows-Security-Auditing,Microsoft-Windows-Security-Auditing,andy-aaron,1152,11696,,TargetUserName=ORA_OraDB18Home1_SVCACCTS | TargetDomainName=andy-aaron | TargetSid=S-1-5-21-3162627772-1273376818-3066158126-1017 | SubjectUserSid=S-1-5-18 | SubjectUserName=ANDY-AARON$ | SubjectDomainName=WORKGROUP | SubjectLogonId=0x00000000000003e7 | CallerProcessId=0x0000000000002f3c | CallerProcessName=C:\Windows\System32\VSSVC.exe
windows_event,win_event,3,2026-05-19T13:25:51.848013+00:00,,4799,Microsoft-Windows-Security-Auditing,Microsoft-Windows-Security-Auditing,andy-aaron,1152,11696,,TargetUserName=Opérateurs de sauvegarde | TargetDomainName=Builtin | TargetSid=S-1-5-32-551 | SubjectUserSid=S-1-5-18 | SubjectUserName=ANDY-AARON$ | SubjectDomainName=WORKGROUP | SubjectLogonId=0x00000000000003e7 | CallerProcessId=0x0000000000002f3c | CallerProcessName=C:\Windows\System32\VSSVC.exe
windows_event,win_event,4,2026-05-19T13:25:51.848719+00:00,,4799,Microsoft-Windows-Security-Auditing,Microsoft-Windows-Security-Auditing,andy-aaron,1152,21584,,TargetUserName=Opérateurs de sauvegarde | TargetDomainName=Builtin | TargetSid=S-1-5-32-551 | SubjectUserSid=S-1-5-18 | SubjectUserName=ANDY-AARON$ | SubjectDomainName=WORKGROUP | SubjectLogonId=0x00000000000003e7 | CallerProcessId=0x0000000000002f3c | CallerProcessName=C:\Windows\System32\VSSVC.exe
windows_event,win_event,5,2026-05-19T13:25:51.849005+00:00,,4799,Microsoft-Windows-Security-Auditing,Microsoft-Windows-Security-Auditing,andy-aaron,1152,21584,,TargetUserName=ORA_OraDB21Home1_SVCACCTS | TargetDomainName=andy-aaron | TargetSid=S-1-5-21-3162627772-1273376818-3066158126-1024 | SubjectUserSid=S-1-5-18 | SubjectUserName=ANDY-AARON$ | SubjectDomainName=WORKGROUP | SubjectLogonId=0x00000000000003e7 | CallerProcessId=0x0000000000002f3c | CallerProcessName=C:\Windows\System32\VSSVC.exe
windows_event,win_event,6,2026-05-19T13:25:51.849827+00:00,,4799,Microsoft-Windows-Security-Auditing,Microsoft-Windows-Security-Auditing,andy-aaron,1152,11696,,TargetUserName=ORA_OraDB18Home1_SVCACCTS | TargetDomainName=andy-aaron | TargetSid=S-1-5-21-3162627772-1273376818-3066158126-1017 | SubjectUserSid=S-1-5-18 | SubjectUserName=ANDY-AARON$ | SubjectDomainName=WORKGROUP | SubjectLogonId=0x00000000000003e7 | CallerProcessId=0x0000000000002f3c | CallerProcessName=C:\Windows\System32\VSSVC.exe
windows_event,win_event,7,2026-05-19T13:25:51.850760+00:00,,4799,Microsoft-Windows-Security-Auditing,Microsoft-Windows-Security-Auditing,andy-aaron,1152,21584,,TargetUserName=ORA_OraDB18Home1_SVCACCTS | TargetDomainName=andy-aaron | TargetSid=S-1-5-21-3162627772-1273376818-3066158126-1017 | SubjectUserSid=S-1-5-18 | SubjectUserName=ANDY-AARON$ | SubjectDomainName=WORKGROUP | SubjectLogonId=0x00000000000003e7 | CallerProcessId=0x0000000000002f3c | CallerProcessName=C:\Windows\System32\VSSVC.exe
windows_event,win_event,8,2026-05-19T13:25:51.851658+00:00,,4799,Microsoft-Windows-Security-Auditing,Microsoft-Windows-Security-Auditing,andy-aaron,1152,25656,,TargetUserName=ORA_OraDB18Home1_SVCACCTS | TargetDomainName=andy-aaron | TargetSid=S-1-5-21-3162627772-1273376818-3066158126-1017 | SubjectUserSid=S-1-5-18 | SubjectUserName=ANDY-AARON$ | SubjectDomainName=WORKGROUP | SubjectLogonId=0x00000000000003e7 | CallerProcessId=0x0000000000002f3c | CallerProcessName=C:\Windows\System32\VSSVC.exe
windows_event,win_event,9,2026-05-19T13:25:51.851915+00:00,,4799,Microsoft-Windows-Security-Auditing,Microsoft-Windows-Security-Auditing,andy-aaron,1152,25656,,TargetUserName=ORA_OraDB21Home1_SVCACCTS | TargetDomainName=andy-aaron | TargetSid=S-1-5-21-3162627772-1273376818-3066158126-1024 | SubjectUserSid=S-1-5-18 | SubjectUserName=ANDY-AARON$ | SubjectDomainName=WORKGROUP | SubjectLogonId=0x00000000000003e7 | CallerProcessId=0x0000000000002f3c | CallerProcessName=C:\Windows\System32\VSSVC.exe
windows_event,win_event,10,2026-05-19T13:25:51.852522+00:00,,4799,Microsoft-Windows-Security-Auditing,Microsoft-Windows-Security-Auditing,andy-aaron,1152,21584,,TargetUserName=ORA_OraDB21Home1_SVCACCTS | TargetDomainName=andy-aaron | TargetSid=S-1-5-21-3162627772-1273376818-3066158126-1024 | SubjectUserSid=S-1-5-18 | SubjectUserName=ANDY-AARON$ | SubjectDomainName=WORKGROUP | SubjectLogonId=0x00000000000003e7 | CallerProcessId=0x0000000000002f3c | CallerProcessName=C:\Windows\System32\VSSVC.exe
windows_event,win_event,11,2026-05-19T13:25:51.853722+00:00,,4799,Microsoft-Windows-Security-Auditing,Microsoft-Windows-Security-Auditing,andy-aaron,1152,25656,,TargetUserName=ORA_OraDB21Home1_SVCACCTS | TargetDomainName=andy-aaron | TargetSid=S-1-5-21-3162627772-1273376818-3066158126-1024 | SubjectUserSid=S-1-5-18 | SubjectUserName=ANDY-AARON$ | SubjectDomainName=WORKGROUP | SubjectLogonId=0x00000000000003e7 | CallerProcessId=0x0000000000002f3c | CallerProcessName=C:\Windows\System32\VSSVC.exe
windows_event,win_event,12,2026-05-19T13:25:51.854424+00:00,,4799,Microsoft-Windows-Security-Auditing,Microsoft-Windows-Security-Auditing,andy-aaron,1152,25656,,TargetUserName=ORA_OraDB18Home1_SVCACCTS | TargetDomainName=andy-aaron | TargetSid=S-1-5-21-3162627772-1273376818-3066158126-1017 | SubjectUserSid=S-1-5-18 | SubjectUserName=ANDY-AARON$ | SubjectDomainName=WORKGROUP | SubjectLogonId=0x00000000000003e7 | CallerProcessId=0x0000000000002f3c | CallerProcessName=C:\Windows\System32\VSSVC.exe
windows_event,win_event,13,2026-05-19T13:25:51.854704+00:00,,4799,Microsoft-Windows-Security-Auditing,Microsoft-Windows-Security-Auditing,andy-aaron,1152,17488,,TargetUserName=ORA_OraDB18Home1_SVCACCTS | TargetDomainName=andy-aaron | TargetSid=S-1-5-21-3162627772-1273376818-3066158126-1017 | SubjectUserSid=S-1-5-18 | SubjectUserName=ANDY-AARON$ | SubjectDomainName=WORKGROUP | SubjectLogonId=0x00000000000003e7 | CallerProcessId=0x0000000000002f3c | CallerProcessName=C:\Windows\System32\VSSVC.exe
windows_event,win_event,14,2026-05-19T13:25:51.854822+00:00,,4799,Microsoft-Windows-Security-Auditing,Microsoft-Windows-Security-Auditing,andy-aaron,1152,21584,,TargetUserName=Administrateurs | TargetDomainName=Builtin | TargetSid=S-1-5-32-544 | SubjectUserSid=S-1-5-18 | SubjectUserName=ANDY-AARON$ | SubjectDomainName=WORKGROUP | SubjectLogonId=0x00000000000003e7 | CallerProcessId=0x0000000000002f3c | CallerProcessName=C:\Windows\System32\VSSVC.exe
windows_event,win_event,15,2026-05-19T13:25:51.856514+00:00,,4799,Microsoft-Windows-Security-Auditing,Microsoft-Windows-Security-Auditing,andy-aaron,1152,11696,,TargetUserName=ORA_OraDB21Home1_SVCACCTS | TargetDomainName=andy-aaron | TargetSid=S-1-5-21-3162627772-1273376818-3066158126-1024 | SubjectUserSid=S-1-5-18 | SubjectUserName=ANDY-AARON$ | SubjectDomainName=WORKGROUP | SubjectLogonId=0x00000000000003e7 | CallerProcessId=0x0000000000002f3c | CallerProcessName=C:\Windows\System32\VSSVC.exe
windows_event,win_event,16,2026-05-19T13:25:51.856785+00:00,,4799,Microsoft-Windows-Security-Auditing,Microsoft-Windows-Security-Auditing,andy-aaron,1152,17488,,TargetUserName=ORA_OraDB21Home1_SVCACCTS | TargetDomainName=andy-aaron | TargetSid=S-1-5-21-3162627772-1273376818-3066158126-1024 | SubjectUserSid=S-1-5-18 | SubjectUserName=ANDY-AARON$ | SubjectDomainName=WORKGROUP | SubjectLogonId=0x00000000000003e7 | CallerProcessId=0x0000000000002f3c | CallerProcessName=C:\Windows\System32\VSSVC.exe
windows_event,win_event,17,2026-05-19T13:25:51.857050+00:00,,4799,Microsoft-Windows-Security-Auditing,Microsoft-Windows-Security-Auditing,andy-aaron,1152,25656,,TargetUserName=Administrateurs | TargetDomainName=Builtin | TargetSid=S-1-5-32-544 | SubjectUserSid=S-1-5-18 | SubjectUserName=ANDY-AARON$ | SubjectDomainName=WORKGROUP | SubjectLogonId=0x00000000000003e7 | CallerProcessId=0x0000000000002f3c | CallerProcessName=C:\Windows\System32\VSSVC.exe
windows_event,win_event,18,2026-05-19T13:25:51.857500+00:00,,4799,Microsoft-Windows-Security-Auditing,Microsoft-Windows-Security-Auditing,andy-aaron,1152,25656,,TargetUserName=Administrateurs | TargetDomainName=Builtin | TargetSid=S-1-5-32-544 | SubjectUserSid=S-1-5-18 | SubjectUserName=ANDY-AARON$ | SubjectDomainName=WORKGROUP | SubjectLogonId=0x00000000000003e7 | CallerProcessId=0x0000000000002f3c | CallerProcessName=C:\Windows\System32\VSSVC.exe
windows_event,win_event,19,2026-05-19T13:25:51.857809+00:00,,4799,Microsoft-Windows-Security-Auditing,Microsoft-Windows-Security-Auditing,andy-aaron,1152,17488,,TargetUserName=Administrateurs | TargetDomainName=Builtin | TargetSid=S-1-5-32-544 | SubjectUserSid=S-1-5-18 | SubjectUserName=ANDY-AARON$ | SubjectDomainName=WORKGROUP | SubjectLogonId=0x00000000000003e7 | CallerProcessId=0x0000000000002f3c | CallerProcessName=C:\Windows\System32\VSSVC.exe
windows_event,win_event,20,2026-05-19T13:25:51.858608+00:00,,4799,Microsoft-Windows-Security-Auditing,Microsoft-Windows-Security-Auditing,andy-aaron,1152,11696,,TargetUserName=Opérateurs de sauvegarde | TargetDomainName=Builtin | TargetSid=S-1-5-32-551 | SubjectUserSid=S-1-5-18 | SubjectUserName=ANDY-AARON$ | SubjectDomainName=WORKGROUP | SubjectLogonId=0x00000000000003e7 | CallerProcessId=0x0000000000002f3c | CallerProcessName=C:\Windows\System32\VSSVC.exe
windows_event,win_event,21,2026-05-19T13:25:51.860386+00:00,,4799,Microsoft-Windows-Security-Auditing,Microsoft-Windows-Security-Auditing,andy-aaron,1152,17436,,TargetUserName=Opérateurs de sauvegarde | TargetDomainName=Builtin | TargetSid=S-1-5-32-551 | SubjectUserSid=S-1-5-18 | SubjectUserName=ANDY-AARON$ | SubjectDomainName=WORKGROUP | SubjectLogonId=0x00000000000003e7 | CallerProcessId=0x0000000000002f3c | CallerProcessName=C:\Windows\System32\VSSVC.exe
windows_event,win_event,22,2026-05-19T13:25:51.861261+00:00,,4799,Microsoft-Windows-Security-Auditing,Microsoft-Windows-Security-Auditing,andy-aaron,1152,11696,,TargetUserName=Opérateurs de sauvegarde | TargetDomainName=Builtin | TargetSid=S-1-5-32-551 | SubjectUserSid=S-1-5-18 | SubjectUserName=ANDY-AARON$ | SubjectDomainName=WORKGROUP | SubjectLogonId=0x00000000000003e7 | CallerProcessId=0x0000000000002f3c | CallerProcessName=C:\Windows\System32\VSSVC.exe
windows_event,win_event,23,2026-05-19T13:25:51.861378+00:00,,4799,Microsoft-Windows-Security-Auditing,Microsoft-Windows-Security-Auditing,andy-aaron,1152,21584,,TargetUserName=Opérateurs de sauvegarde | TargetDomainName=Builtin | TargetSid=S-1-5-32-551 | SubjectUserSid=S-1-5-18 | SubjectUserName=ANDY-AARON$ | SubjectDomainName=WORKGROUP | SubjectLogonId=0x00000000000003e7 | CallerProcessId=0x0000000000002f3c | CallerProcessName=C:\Windows\System32\VSSVC.exe
windows_event,win_event,24,2026-05-19T13:25:51.861656+00:00,,4799,Microsoft-Windows-Security-Auditing,Microsoft-Windows-Security-Auditing,andy-aaron,1152,25656,,TargetUserName=Administrateurs | TargetDomainName=Builtin | TargetSid=S-1-5-32-544 | SubjectUserSid=S-1-5-18 | SubjectUserName=ANDY-AARON$ | SubjectDomainName=WORKGROUP | SubjectLogonId=0x00000000000003e7 | CallerProcessId=0x0000000000002f3c | CallerProcessName=C:\Windows\System32\VSSVC.exe
windows_event,win_event,25,2026-05-19T13:25:51.862371+00:00,,4799,Microsoft-Windows-Security-Auditing,Microsoft-Windows-Security-Auditing,andy-aaron,1152,11696,,TargetUserName=Administrateurs | TargetDomainName=Builtin | TargetSid=S-1-5-32-544 | SubjectUserSid=S-1-5-18 | SubjectUserName=ANDY-AARON$ | SubjectDomainName=WORKGROUP | SubjectLogonId=0x00000000000003e7 | CallerProcessId=0x0000000000002f3c | CallerProcessName=C:\Windows\System32\VSSVC.exe
windows_event,win_event,26,2026-05-19T13:25:51.864403+00:00,,4799,Microsoft-Windows-Security-Auditing,Microsoft-Windows-Security-Auditing,andy-aaron,1152,21584,,TargetUserName=Opérateurs de sauvegarde | TargetDomainName=Builtin | TargetSid=S-1-5-32-551 | SubjectUserSid=S-1-5-18 | SubjectUserName=ANDY-AARON$ | SubjectDomainName=WORKGROUP | SubjectLogonId=0x00000000000003e7 | CallerProcessId=0x0000000000002f3c | CallerProcessName=C:\Windows\System32\VSSVC.exe
windows_event,win_event,27,2026-05-19T13:25:51.867027+00:00,,4799,Microsoft-Windows-Security-Auditing,Microsoft-Windows-Security-Auditing,andy-aaron,1152,18948,,TargetUserName=ORA_OraDB18Home1_SVCACCTS | TargetDomainName=andy-aaron | TargetSid=S-1-5-21-3162627772-1273376818-3066158126-1017 | SubjectUserSid=S-1-5-18 | SubjectUserName=ANDY-AARON$ | SubjectDomainName=WORKGROUP | SubjectLogonId=0x00000000000003e7 | CallerProcessId=0x0000000000002f3c | CallerProcessName=C:\Windows\System32\VSSVC.exe
windows_event,win_event,28,2026-05-19T13:25:51.867134+00:00,,4799,Microsoft-Windows-Security-Auditing,Microsoft-Windows-Security-Auditing,andy-aaron,1152,11696,,TargetUserName=Opérateurs de sauvegarde | TargetDomainName=Builtin | TargetSid=S-1-5-32-551 | SubjectUserSid=S-1-5-18 | SubjectUserName=ANDY-AARON$ | SubjectDomainName=WORKGROUP | SubjectLogonId=0x00000000000003e7 | CallerProcessId=0x0000000000002f3c | CallerProcessName=C:\Windows\System32\VSSVC.exe
windows_event,win_event,29,2026-05-19T13:25:51.868952+00:00,,4799,Microsoft-Windows-Security-Auditing,Microsoft-Windows-Security-Auditing,andy-aaron,1152,17488,,TargetUserName=ORA_OraDB18Home1_SVCACCTS | TargetDomainName=andy-aaron | TargetSid=S-1-5-21-3162627772-1273376818-3066158126-1017 | SubjectUserSid=S-1-5-18 | SubjectUserName=ANDY-AARON$ | SubjectDomainName=WORKGROUP | SubjectLogonId=0x00000000000003e7 | CallerProcessId=0x0000000000002f3c | CallerProcessName=C:\Windows\System32\VSSVC.exe
windows_event,win_event,30,2026-05-19T13:25:51.869024+00:00,,4799,Microsoft-Windows-Security-Auditing,Microsoft-Windows-Security-Auditing,andy-aaron,1152,11696,,TargetUserName=ORA_OraDB18Home1_SVCACCTS | TargetDomainName=andy-aaron | TargetSid=S-1-5-21-3162627772-1273376818-3066158126-1017 | SubjectUserSid=S-1-5-18 | SubjectUserName=ANDY-AARON$ | SubjectDomainName=WORKGROUP | SubjectLogonId=0x00000000000003e7 | CallerProcessId=0x0000000000002f3c | CallerProcessName=C:\Windows\System32\VSSVC.exe
windows_event,win_event,31,2026-05-19T13:25:51.869730+00:00,,4799,Microsoft-Windows-Security-Auditing,Microsoft-Windows-Security-Auditing,andy-aaron,1152,17436,,TargetUserName=ORA_OraDB18Home1_SVCACCTS | TargetDomainName=andy-aaron | TargetSid=S-1-5-21-3162627772-1273376818-3066158126-1017 | SubjectUserSid=S-1-5-18 | SubjectUserName=ANDY-AARON$ | SubjectDomainName=WORKGROUP | SubjectLogonId=0x00000000000003e7 | CallerProcessId=0x0000000000002f3c | CallerProcessName=C:\Windows\System32\VSSVC.exe
windows_event,win_event,32,2026-05-19T13:25:51.871456+00:00,,4799,Microsoft-Windows-Security-Auditing,Microsoft-Windows-Security-Auditing,andy-aaron,1152,17488,,TargetUserName=ORA_OraDB21Home1_SVCACCTS | TargetDomainName=andy-aaron | TargetSid=S-1-5-21-3162627772-1273376818-3066158126-1024 | SubjectUserSid=S-1-5-18 | SubjectUserName=ANDY-AARON$ | SubjectDomainName=WORKGROUP | SubjectLogonId=0x00000000000003e7 | CallerProcessId=0x0000000000002f3c | CallerProcessName=C:\Windows\System32\VSSVC.exe
windows_event,win_event,33,2026-05-19T13:25:51.871870+00:00,,4799,Microsoft-Windows-Security-Auditing,Microsoft-Windows-Security-Auditing,andy-aaron,1152,18948,,TargetUserName=ORA_OraDB21Home1_SVCACCTS | TargetDomainName=andy-aaron | TargetSid=S-1-5-21-3162627772-1273376818-3066158126-1024 | SubjectUserSid=S-1-5-18 | SubjectUserName=ANDY-AARON$ | SubjectDomainName=WORKGROUP | SubjectLogonId=0x00000000000003e7 | CallerProcessId=0x0000000000002f3c | CallerProcessName=C:\Windows\System32\VSSVC.exe
windows_event,win_event,34,2026-05-19T13:25:51.872660+00:00,,4799,Microsoft-Windows-Security-Auditing,Microsoft-Windows-Security-Auditing,andy-aaron,1152,21584,,TargetUserName=ORA_OraDB21Home1_SVCACCTS | TargetDomainName=andy-aaron | TargetSid=S-1-5-21-3162627772-1273376818-3066158126-1024 | SubjectUserSid=S-1-5-18 | SubjectUserName=ANDY-AARON$ | SubjectDomainName=WORKGROUP | SubjectLogonId=0x00000000000003e7 | CallerProcessId=0x0000000000002f3c | CallerProcessName=C:\Windows\System32\VSSVC.exe
windows_event,win_event,35,2026-05-19T13:25:51.872852+00:00,,4799,Microsoft-Windows-Security-Auditing,Microsoft-Windows-Security-Auditing,andy-aaron,1152,11696,,TargetUserName=ORA_OraDB21Home1_SVCACCTS | TargetDomainName=andy-aaron | TargetSid=S-1-5-21-3162627772-1273376818-3066158126-1024 | SubjectUserSid=S-1-5-18 | SubjectUserName=ANDY-AARON$ | SubjectDomainName=WORKGROUP | SubjectLogonId=0x00000000000003e7 | CallerProcessId=0x0000000000002f3c | CallerProcessName=C:\Windows\System32\VSSVC.exe
windows_event,win_event,36,2026-05-19T13:25:51.874693+00:00,,4799,Microsoft-Windows-Security-Auditing,Microsoft-Windows-Security-Auditing,andy-aaron,1152,17436,,TargetUserName=ORA_OraDB18Home1_SVCACCTS | TargetDomainName=andy-aaron | TargetSid=S-1-5-21-3162627772-1273376818-3066158126-1017 | SubjectUserSid=S-1-5-18 | SubjectUserName=ANDY-AARON$ | SubjectDomainName=WORKGROUP | SubjectLogonId=0x00000000000003e7 | CallerProcessId=0x0000000000002f3c | CallerProcessName=C:\Windows\System32\VSSVC.exe
windows_event,win_event,37,2026-05-19T13:25:51.875414+00:00,,4799,Microsoft-Windows-Security-Auditing,Microsoft-Windows-Security-Auditing,andy-aaron,1152,17436,,TargetUserName=ORA_OraDB18Home1_SVCACCTS | TargetDomainName=andy-aaron | TargetSid=S-1-5-21-3162627772-1273376818-3066158126-1017 | SubjectUserSid=S-1-5-18 | SubjectUserName=ANDY-AARON$ | SubjectDomainName=WORKGROUP | SubjectLogonId=0x00000000000003e7 | CallerProcessId=0x0000000000002f3c | CallerProcessName=C:\Windows\System32\VSSVC.exe
windows_event,win_event,38,2026-05-19T13:25:51.876284+00:00,,4799,Microsoft-Windows-Security-Auditing,Microsoft-Windows-Security-Auditing,andy-aaron,1152,17436,,TargetUserName=ORA_OraDB21Home1_SVCACCTS | TargetDomainName=andy-aaron | TargetSid=S-1-5-21-3162627772-1273376818-3066158126-1024 | SubjectUserSid=S-1-5-18 | SubjectUserName=ANDY-AARON$ | SubjectDomainName=WORKGROUP | SubjectLogonId=0x00000000000003e7 | CallerProcessId=0x0000000000002f3c | CallerProcessName=C:\Windows\System32\VSSVC.exe
windows_event,win_event,39,2026-05-19T13:25:51.876938+00:00,,4799,Microsoft-Windows-Security-Auditing,Microsoft-Windows-Security-Auditing,andy-aaron,1152,18948,,TargetUserName=ORA_OraDB21Home1_SVCACCTS | TargetDomainName=andy-aaron | TargetSid=S-1-5-21-3162627772-1273376818-3066158126-1024 | SubjectUserSid=S-1-5-18 | SubjectUserName=ANDY-AARON$ | SubjectDomainName=WORKGROUP | SubjectLogonId=0x00000000000003e7 | CallerProcessId=0x0000000000002f3c | CallerProcessName=C:\Windows\System32\VSSVC.exe
windows_event,win_event,40,2026-05-19T13:25:53.525419+00:00,,4799,Microsoft-Windows-Security-Auditing,Microsoft-Windows-Security-Auditing,andy-aaron,1152,11696,,TargetUserName=Administrateurs | TargetDomainName=Builtin | TargetSid=S-1-5-32-544 | SubjectUserSid=S-1-5-18 | SubjectUserName=ANDY-AARON$ | SubjectDomainName=WORKGROUP | SubjectLogonId=0x00000000000003e7 | CallerProcessId=0x0000000000002f3c | CallerProcessName=C:\Windows\System32\VSSVC.exe
windows_event,win_event,41,2026-05-19T13:25:53.526155+00:00,,4799,Microsoft-Windows-Security-Auditing,Microsoft-Windows-Security-Auditing,andy-aaron,1152,11696,,TargetUserName=Administrateurs | TargetDomainName=Builtin | TargetSid=S-1-5-32-544 | SubjectUserSid=S-1-5-18 | SubjectUserName=ANDY-AARON$ | SubjectDomainName=WORKGROUP | SubjectLogonId=0x00000000000003e7 | CallerProcessId=0x0000000000002f3c | CallerProcessName=C:\Windows\System32\VSSVC.exe
windows_event,win_event,42,2026-05-19T13:25:53.527067+00:00,,4799,Microsoft-Windows-Security-Auditing,Microsoft-Windows-Security-Auditing,andy-aaron,1152,17488,,TargetUserName=Administrateurs | TargetDomainName=Builtin | TargetSid=S-1-5-32-544 | SubjectUserSid=S-1-5-18 | SubjectUserName=ANDY-AARON$ | SubjectDomainName=WORKGROUP | SubjectLogonId=0x00000000000003e7 | CallerProcessId=0x0000000000002f3c | CallerProcessName=C:\Windows\System32\VSSVC.exe
windows_event,win_event,43,2026-05-19T13:25:53.527130+00:00,,4799,Microsoft-Windows-Security-Auditing,Microsoft-Windows-Security-Auditing,andy-aaron,1152,21584,,TargetUserName=Administrateurs | TargetDomainName=Builtin | TargetSid=S-1-5-32-544 | SubjectUserSid=S-1-5-18 | SubjectUserName=ANDY-AARON$ | SubjectDomainName=WORKGROUP | SubjectLogonId=0x00000000000003e7 | CallerProcessId=0x0000000000002f3c | CallerProcessName=C:\Windows\System32\VSSVC.exe
windows_event,win_event,44,2026-05-19T13:25:53.527990+00:00,,4799,Microsoft-Windows-Security-Auditing,Microsoft-Windows-Security-Auditing,andy-aaron,1152,18948,,TargetUserName=Administrateurs | TargetDomainName=Builtin | TargetSid=S-1-5-32-544 | SubjectUserSid=S-1-5-18 | SubjectUserName=ANDY-AARON$ | SubjectDomainName=WORKGROUP | SubjectLogonId=0x00000000000003e7 | CallerProcessId=0x0000000000002f3c | CallerProcessName=C:\Windows\System32\VSSVC.exe
windows_event,win_event,45,2026-05-19T13:25:53.528032+00:00,,4799,Microsoft-Windows-Security-Auditing,Microsoft-Windows-Security-Auditing,andy-aaron,1152,11696,,TargetUserName=Administrateurs | TargetDomainName=Builtin | TargetSid=S-1-5-32-544 | SubjectUserSid=S-1-5-18 | SubjectUserName=ANDY-AARON$ | SubjectDomainName=WORKGROUP | SubjectLogonId=0x00000000000003e7 | CallerProcessId=0x0000000000002f3c | CallerProcessName=C:\Windows\System32\VSSVC.exe
windows_event,win_event,46,2026-05-19T13:25:53.528234+00:00,,4799,Microsoft-Windows-Security-Auditing,Microsoft-Windows-Security-Auditing,andy-aaron,1152,17436,,TargetUserName=Opérateurs de sauvegarde | TargetDomainName=Builtin | TargetSid=S-1-5-32-551 | SubjectUserSid=S-1-5-18 | SubjectUserName=ANDY-AARON$ | SubjectDomainName=WORKGROUP | SubjectLogonId=0x00000000000003e7 | CallerProcessId=0x0000000000002f3c | CallerProcessName=C:\Windows\System32\VSSVC.exe
windows_event,win_event,47,2026-05-19T13:25:53.529156+00:00,,4799,Microsoft-Windows-Security-Auditing,Microsoft-Windows-Security-Auditing,andy-aaron,1152,17436,,TargetUserName=Opérateurs de sauvegarde | TargetDomainName=Builtin | TargetSid=S-1-5-32-551 | SubjectUserSid=S-1-5-18 | SubjectUserName=ANDY-AARON$ | SubjectDomainName=WORKGROUP | SubjectLogonId=0x00000000000003e7 | CallerProcessId=0x0000000000002f3c | CallerProcessName=C:\Windows\System32\VSSVC.exe
windows_event,win_event,48,2026-05-19T13:25:53.530405+00:00,,4799,Microsoft-Windows-Security-Auditing,Microsoft-Windows-Security-Auditing,andy-aaron,1152,21584,,TargetUserName=Opérateurs de sauvegarde | TargetDomainName=Builtin | TargetSid=S-1-5-32-551 | SubjectUserSid=S-1-5-18 | SubjectUserName=ANDY-AARON$ | SubjectDomainName=WORKGROUP | SubjectLogonId=0x00000000000003e7 | CallerProcessId=0x0000000000002f3c | CallerProcessName=C:\Windows\System32\VSSVC.exe
windows_event,win_event,49,2026-05-19T13:25:53.530510+00:00,,4799,Microsoft-Windows-Security-Auditing,Microsoft-Windows-Security-Auditing,andy-aaron,1152,11696,,TargetUserName=Opérateurs de sauvegarde | TargetDomainName=Builtin | TargetSid=S-1-5-32-551 | SubjectUserSid=S-1-5-18 | SubjectUserName=ANDY-AARON$ | SubjectDomainName=WORKGROUP | SubjectLogonId=0x00000000000003e7 | CallerProcessId=0x0000000000002f3c | CallerProcessName=C:\Windows\System32\VSSVC.exe
windows_event,win_event,50,2026-05-19T13:25:53.530828+00:00,,4799,Microsoft-Windows-Security-Auditing,Microsoft-Windows-Security-Auditing,andy-aaron,1152,21584,,TargetUserName=Administrateurs | TargetDomainName=Builtin | TargetSid=S-1-5-32-544 | SubjectUserSid=S-1-5-18 | SubjectUserName=ANDY-AARON$ | SubjectDomainName=WORKGROUP | SubjectLogonId=0x00000000000003e7 | CallerProcessId=0x0000000000006638 | CallerProcessName=C:\Windows\System32\SrTasks.exe
windows_event,win_event,51,2026-05-19T13:25:53.531248+00:00,,4799,Microsoft-Windows-Security-Auditing,Microsoft-Windows-Security-Auditing,andy-aaron,1152,17436,,TargetUserName=Opérateurs de sauvegarde | TargetDomainName=Builtin | TargetSid=S-1-5-32-551 | SubjectUserSid=S-1-5-18 | SubjectUserName=ANDY-AARON$ | SubjectDomainName=WORKGROUP | SubjectLogonId=0x00000000000003e7 | CallerProcessId=0x0000000000002f3c | CallerProcessName=C:\Windows\System32\VSSVC.exe
windows_event,win_event,52,2026-05-19T13:25:53.532038+00:00,,4799,Microsoft-Windows-Security-Auditing,Microsoft-Windows-Security-Auditing,andy-aaron,1152,25656,,TargetUserName=Opérateurs de sauvegarde | TargetDomainName=Builtin | TargetSid=S-1-5-32-551 | SubjectUserSid=S-1-5-18 | SubjectUserName=ANDY-AARON$ | SubjectDomainName=WORKGROUP | SubjectLogonId=0x00000000000003e7 | CallerProcessId=0x0000000000002f3c | CallerProcessName=C:\Windows\System32\VSSVC.exe
windows_event,win_event,53,2026-05-19T13:25:53.532799+00:00,,4799,Microsoft-Windows-Security-Auditing,Microsoft-Windows-Security-Auditing,andy-aaron,1152,11696,,TargetUserName=Administrateurs | TargetDomainName=Builtin | TargetSid=S-1-5-32-544 | SubjectUserSid=S-1-5-18 | SubjectUserName=ANDY-AARON$ | SubjectDomainName=WORKGROUP | SubjectLogonId=0x00000000000003e7 | CallerProcessId=0x0000000000006638 | CallerProcessName=C:\Windows\System32\SrTasks.exe
windows_event,win_event,54,2026-05-19T13:25:53.533115+00:00,,4799,Microsoft-Windows-Security-Auditing,Microsoft-Windows-Security-Auditing,andy-aaron,1152,25656,,TargetUserName=Administrateurs | TargetDomainName=Builtin | TargetSid=S-1-5-32-544 | SubjectUserSid=S-1-5-18 | SubjectUserName=ANDY-AARON$ | SubjectDomainName=WORKGROUP | SubjectLogonId=0x00000000000003e7 | CallerProcessId=0x0000000000006638 | CallerProcessName=C:\Windows\System32\SrTasks.exe
windows_event,win_event,55,2026-05-19T13:25:53.533722+00:00,,4799,Microsoft-Windows-Security-Auditing,Microsoft-Windows-Security-Auditing,andy-aaron,1152,18948,,TargetUserName=Opérateurs de sauvegarde | TargetDomainName=Builtin | TargetSid=S-1-5-32-551 | SubjectUserSid=S-1-5-18 | SubjectUserName=ANDY-AARON$ | SubjectDomainName=WORKGROUP | SubjectLogonId=0x00000000000003e7 | CallerProcessId=0x0000000000006638 | CallerProcessName=C:\Windows\System32\SrTasks.exe
windows_event,win_event,56,2026-05-19T13:25:53.533825+00:00,,4799,Microsoft-Windows-Security-Auditing,Microsoft-Windows-Security-Auditing,andy-aaron,1152,17488,,TargetUserName=Administrateurs | TargetDomainName=Builtin | TargetSid=S-1-5-32-544 | SubjectUserSid=S-1-5-18 | SubjectUserName=ANDY-AARON$ | SubjectDomainName=WORKGROUP | SubjectLogonId=0x00000000000003e7 | CallerProcessId=0x0000000000006638 | CallerProcessName=C:\Windows\System32\SrTasks.exe
windows_event,win_event,57,2026-05-19T13:25:53.533920+00:00,,4799,Microsoft-Windows-Security-Auditing,Microsoft-Windows-Security-Auditing,andy-aaron,1152,25656,,TargetUserName=Administrateurs | TargetDomainName=Builtin | TargetSid=S-1-5-32-544 | SubjectUserSid=S-1-5-18 | SubjectUserName=ANDY-AARON$ | SubjectDomainName=WORKGROUP | SubjectLogonId=0x00000000000003e7 | CallerProcessId=0x0000000000006638 | CallerProcessName=C:\Windows\System32\SrTasks.exe
windows_event,win_event,58,2026-05-19T13:25:53.534819+00:00,,4799,Microsoft-Windows-Security-Auditing,Microsoft-Windows-Security-Auditing,andy-aaron,1152,17436,,TargetUserName=Administrateurs | TargetDomainName=Builtin | TargetSid=S-1-5-32-544 | SubjectUserSid=S-1-5-18 | SubjectUserName=ANDY-AARON$ | SubjectDomainName=WORKGROUP | SubjectLogonId=0x00000000000003e7 | CallerProcessId=0x0000000000006638 | CallerProcessName=C:\Windows\System32\SrTasks.exe
windows_event,win_event,59,2026-05-19T13:25:53.535666+00:00,,4799,Microsoft-Windows-Security-Auditing,Microsoft-Windows-Security-Auditing,andy-aaron,1152,25656,,TargetUserName=Opérateurs de sauvegarde | TargetDomainName=Builtin | TargetSid=S-1-5-32-551 | SubjectUserSid=S-1-5-18 | SubjectUserName=ANDY-AARON$ | SubjectDomainName=WORKGROUP | SubjectLogonId=0x00000000000003e7 | CallerProcessId=0x0000000000006638 | CallerProcessName=C:\Windows\System32\SrTasks.exe
windows_event,win_event,60,2026-05-19T13:25:53.536234+00:00,,4799,Microsoft-Windows-Security-Auditing,Microsoft-Windows-Security-Auditing,andy-aaron,1152,17488,,TargetUserName=Opérateurs de sauvegarde | TargetDomainName=Builtin | TargetSid=S-1-5-32-551 | SubjectUserSid=S-1-5-18 | SubjectUserName=ANDY-AARON$ | SubjectDomainName=WORKGROUP | SubjectLogonId=0x00000000000003e7 | CallerProcessId=0x0000000000006638 | CallerProcessName=C:\Windows\System32\SrTasks.exe
windows_event,win_event,61,2026-05-19T13:25:53.536343+00:00,,4799,Microsoft-Windows-Security-Auditing,Microsoft-Windows-Security-Auditing,andy-aaron,1152,25656,,TargetUserName=Opérateurs de sauvegarde | TargetDomainName=Builtin | TargetSid=S-1-5-32-551 | SubjectUserSid=S-1-5-18 | SubjectUserName=ANDY-AARON$ | SubjectDomainName=WORKGROUP | SubjectLogonId=0x00000000000003e7 | CallerProcessId=0x0000000000006638 | CallerProcessName=C:\Windows\System32\SrTasks.exe
windows_event,win_event,62,2026-05-19T13:25:53.536615+00:00,,4799,Microsoft-Windows-Security-Auditing,Microsoft-Windows-Security-Auditing,andy-aaron,1152,21584,,TargetUserName=Opérateurs de sauvegarde | TargetDomainName=Builtin | TargetSid=S-1-5-32-551 | SubjectUserSid=S-1-5-18 | SubjectUserName=ANDY-AARON$ | SubjectDomainName=WORKGROUP | SubjectLogonId=0x00000000000003e7 | CallerProcessId=0x0000000000006638 | CallerProcessName=C:\Windows\System32\SrTasks.exe
windows_event,win_event,63,2026-05-19T13:25:53.536806+00:00,,4799,Microsoft-Windows-Security-Auditing,Microsoft-Windows-Security-Auditing,andy-aaron,1152,11696,,TargetUserName=Administrateurs | TargetDomainName=Builtin | TargetSid=S-1-5-32-544 | SubjectUserSid=S-1-5-18 | SubjectUserName=ANDY-AARON$ | SubjectDomainName=WORKGROUP | SubjectLogonId=0x00000000000003e7 | CallerProcessId=0x0000000000002f3c | CallerProcessName=C:\Windows\System32\VSSVC.exe
windows_event,win_event,64,2026-05-19T13:25:53.538122+00:00,,4799,Microsoft-Windows-Security-Auditing,Microsoft-Windows-Security-Auditing,andy-aaron,1152,11696,,TargetUserName=Administrateurs | TargetDomainName=Builtin | TargetSid=S-1-5-32-544 | SubjectUserSid=S-1-5-18 | SubjectUserName=ANDY-AARON$ | SubjectDomainName=WORKGROUP | SubjectLogonId=0x00000000000003e7 | CallerProcessId=0x0000000000002f3c | CallerProcessName=C:\Windows\System32\VSSVC.exe
windows_event,win_event,65,2026-05-19T13:25:53.538486+00:00,,4799,Microsoft-Windows-Security-Auditing,Microsoft-Windows-Security-Auditing,andy-aaron,1152,25656,,TargetUserName=Opérateurs de sauvegarde | TargetDomainName=Builtin | TargetSid=S-1-5-32-551 | SubjectUserSid=S-1-5-18 | SubjectUserName=ANDY-AARON$ | SubjectDomainName=WORKGROUP | SubjectLogonId=0x00000000000003e7 | CallerProcessId=0x0000000000006638 | CallerProcessName=C:\Windows\System32\SrTasks.exe
windows_event,win_event,66,2026-05-19T13:25:53.538591+00:00,,4799,Microsoft-Windows-Security-Auditing,Microsoft-Windows-Security-Auditing,andy-aaron,1152,18948,,TargetUserName=Administrateurs | TargetDomainName=Builtin | TargetSid=S-1-5-32-544 | SubjectUserSid=S-1-5-18 | SubjectUserName=ANDY-AARON$ | SubjectDomainName=WORKGROUP | SubjectLogonId=0x00000000000003e7 | CallerProcessId=0x0000000000002f3c | CallerProcessName=C:\Windows\System32\VSSVC.exe
windows_event,win_event,67,2026-05-19T13:25:53.538740+00:00,,4799,Microsoft-Windows-Security-Auditing,Microsoft-Windows-Security-Auditing,andy-aaron,1152,17436,,TargetUserName=Administrateurs | TargetDomainName=Builtin | TargetSid=S-1-5-32-544 | SubjectUserSid=S-1-5-18 | SubjectUserName=ANDY-AARON$ | SubjectDomainName=WORKGROUP | SubjectLogonId=0x00000000000003e7 | CallerProcessId=0x0000000000002f3c | CallerProcessName=C:\Windows\System32\VSSVC.exe
windows_event,win_event,68,2026-05-19T13:25:53.539856+00:00,,4799,Microsoft-Windows-Security-Auditing,Microsoft-Windows-Security-Auditing,andy-aaron,1152,11696,,TargetUserName=Administrateurs | TargetDomainName=Builtin | TargetSid=S-1-5-32-544 | SubjectUserSid=S-1-5-18 | SubjectUserName=ANDY-AARON$ | SubjectDomainName=WORKGROUP | SubjectLogonId=0x00000000000003e7 | CallerProcessId=0x0000000000002f3c | CallerProcessName=C:\Windows\System32\VSSVC.exe
windows_event,win_event,69,2026-05-19T13:25:53.540089+00:00,,4799,Microsoft-Windows-Security-Auditing,Microsoft-Windows-Security-Auditing,andy-aaron,1152,25656,,TargetUserName=Opérateurs de sauvegarde | TargetDomainName=Builtin | TargetSid=S-1-5-32-551 | SubjectUserSid=S-1-5-18 | SubjectUserName=ANDY-AARON$ | SubjectDomainName=WORKGROUP | SubjectLogonId=0x00000000000003e7 | CallerProcessId=0x0000000000002f3c | CallerProcessName=C:\Windows\System32\VSSVC.exe
windows_event,win_event,70,2026-05-19T13:25:53.540667+00:00,,4799,Microsoft-Windows-Security-Auditing,Microsoft-Windows-Security-Auditing,andy-aaron,1152,18948,,TargetUserName=Opérateurs de sauvegarde | TargetDomainName=Builtin | TargetSid=S-1-5-32-551 | SubjectUserSid=S-1-5-18 | SubjectUserName=ANDY-AARON$ | SubjectDomainName=WORKGROUP | SubjectLogonId=0x00000000000003e7 | CallerProcessId=0x0000000000002f3c | CallerProcessName=C:\Windows\System32\VSSVC.exe
windows_event,win_event,71,2026-05-19T13:25:53.541004+00:00,,4799,Microsoft-Windows-Security-Auditing,Microsoft-Windows-Security-Auditing,andy-aaron,1152,25656,,TargetUserName=Opérateurs de sauvegarde | TargetDomainName=Builtin | TargetSid=S-1-5-32-551 | SubjectUserSid=S-1-5-18 | SubjectUserName=ANDY-AARON$ | SubjectDomainName=WORKGROUP | SubjectLogonId=0x00000000000003e7 | CallerProcessId=0x0000000000002f3c | CallerProcessName=C:\Windows\System32\VSSVC.exe
windows_event,win_event,72,2026-05-19T13:25:53.541161+00:00,,4799,Microsoft-Windows-Security-Auditing,Microsoft-Windows-Security-Auditing,andy-aaron,1152,21584,,TargetUserName=Administrateurs | TargetDomainName=Builtin | TargetSid=S-1-5-32-544 | SubjectUserSid=S-1-5-18 | SubjectUserName=ANDY-AARON$ | SubjectDomainName=WORKGROUP | SubjectLogonId=0x00000000000003e7 | CallerProcessId=0x0000000000002f3c | CallerProcessName=C:\Windows\System32\VSSVC.exe
windows_event,win_event,73,2026-05-19T13:25:53.542225+00:00,,4799,Microsoft-Windows-Security-Auditing,Microsoft-Windows-Security-Auditing,andy-aaron,1152,18948,,TargetUserName=Administrateurs | TargetDomainName=Builtin | TargetSid=S-1-5-32-544 | SubjectUserSid=S-1-5-18 | SubjectUserName=ANDY-AARON$ | SubjectDomainName=WORKGROUP | SubjectLogonId=0x00000000000003e7 | CallerProcessId=0x0000000000006638 | CallerProcessName=C:\Windows\System32\SrTasks.exe
windows_event,win_event,74,2026-05-19T13:25:53.542511+00:00,,4799,Microsoft-Windows-Security-Auditing,Microsoft-Windows-Security-Auditing,andy-aaron,1152,17488,,TargetUserName=Opérateurs de sauvegarde | TargetDomainName=Builtin | TargetSid=S-1-5-32-551 | SubjectUserSid=S-1-5-18 | SubjectUserName=ANDY-AARON$ | SubjectDomainName=WORKGROUP | SubjectLogonId=0x00000000000003e7 | CallerProcessId=0x0000000000002f3c | CallerProcessName=C:\Windows\System32\VSSVC.exe
windows_event,win_event,75,2026-05-19T13:25:53.542667+00:00,,4799,Microsoft-Windows-Security-Auditing,Microsoft-Windows-Security-Auditing,andy-aaron,1152,25656,,TargetUserName=Opérateurs de sauvegarde | TargetDomainName=Builtin | TargetSid=S-1-5-32-551 | SubjectUserSid=S-1-5-18 | SubjectUserName=ANDY-AARON$ | SubjectDomainName=WORKGROUP | SubjectLogonId=0x00000000000003e7 | CallerProcessId=0x0000000000002f3c | CallerProcessName=C:\Windows\System32\VSSVC.exe
windows_event,win_event,76,2026-05-19T13:25:53.543219+00:00,,4799,Microsoft-Windows-Security-Auditing,Microsoft-Windows-Security-Auditing,andy-aaron,1152,17436,,TargetUserName=Opérateurs de sauvegarde | TargetDomainName=Builtin | TargetSid=S-1-5-32-551 | SubjectUserSid=S-1-5-18 | SubjectUserName=ANDY-AARON$ | SubjectDomainName=WORKGROUP | SubjectLogonId=0x00000000000003e7 | CallerProcessId=0x0000000000006638 | CallerProcessName=C:\Windows\System32\SrTasks.exe
windows_event,win_event,77,2026-05-19T13:25:53.543766+00:00,,4799,Microsoft-Windows-Security-Auditing,Microsoft-Windows-Security-Auditing,andy-aaron,1152,11696,,TargetUserName=Administrateurs | TargetDomainName=Builtin | TargetSid=S-1-5-32-544 | SubjectUserSid=S-1-5-18 | SubjectUserName=ANDY-AARON$ | SubjectDomainName=WORKGROUP | SubjectLogonId=0x00000000000003e7 | CallerProcessId=0x0000000000006638 | CallerProcessName=C:\Windows\System32\SrTasks.exe
windows_event,win_event,78,2026-05-19T13:25:53.544018+00:00,,4799,Microsoft-Windows-Security-Auditing,Microsoft-Windows-Security-Auditing,andy-aaron,1152,25656,,TargetUserName=Administrateurs | TargetDomainName=Builtin | TargetSid=S-1-5-32-544 | SubjectUserSid=S-1-5-18 | SubjectUserName=ANDY-AARON$ | SubjectDomainName=WORKGROUP | SubjectLogonId=0x00000000000003e7 | CallerProcessId=0x0000000000006638 | CallerProcessName=C:\Windows\System32\SrTasks.exe
windows_event,win_event,79,2026-05-19T13:25:53.544289+00:00,,4799,Microsoft-Windows-Security-Auditing,Microsoft-Windows-Security-Auditing,andy-aaron,1152,17488,,TargetUserName=Opérateurs de sauvegarde | TargetDomainName=Builtin | TargetSid=S-1-5-32-551 | SubjectUserSid=S-1-5-18 | SubjectUserName=ANDY-AARON$ | SubjectDomainName=WORKGROUP | SubjectLogonId=0x00000000000003e7 | CallerProcessId=0x0000000000002f3c | CallerProcessName=C:\Windows\System32\VSSVC.exe
windows_event,win_event,80,2026-05-19T13:25:53.545156+00:00,,4799,Microsoft-Windows-Security-Auditing,Microsoft-Windows-Security-Auditing,andy-aaron,1152,17488,,TargetUserName=Opérateurs de sauvegarde | TargetDomainName=Builtin | TargetSid=S-1-5-32-551 | SubjectUserSid=S-1-5-18 | SubjectUserName=ANDY-AARON$ | SubjectDomainName=WORKGROUP | SubjectLogonId=0x00000000000003e7 | CallerProcessId=0x0000000000006638 | CallerProcessName=C:\Windows\System32\SrTasks.exe
windows_event,win_event,81,2026-05-19T13:25:53.545767+00:00,,4799,Microsoft-Windows-Security-Auditing,Microsoft-Windows-Security-Auditing,andy-aaron,1152,18948,,TargetUserName=Administrateurs | TargetDomainName=Builtin | TargetSid=S-1-5-32-544 | SubjectUserSid=S-1-5-18 | SubjectUserName=ANDY-AARON$ | SubjectDomainName=WORKGROUP | SubjectLogonId=0x00000000000003e7 | CallerProcessId=0x0000000000006638 | CallerProcessName=C:\Windows\System32\SrTasks.exe
windows_event,win_event,82,2026-05-19T13:25:53.545954+00:00,,4799,Microsoft-Windows-Security-Auditing,Microsoft-Windows-Security-Auditing,andy-aaron,1152,21584,,TargetUserName=Administrateurs | TargetDomainName=Builtin | TargetSid=S-1-5-32-544 | SubjectUserSid=S-1-5-18 | SubjectUserName=ANDY-AARON$ | SubjectDomainName=WORKGROUP | SubjectLogonId=0x00000000000003e7 | CallerProcessId=0x0000000000006638 | CallerProcessName=C:\Windows\System32\SrTasks.exe
windows_event,win_event,83,2026-05-19T13:25:53.546074+00:00,,4799,Microsoft-Windows-Security-Auditing,Microsoft-Windows-Security-Auditing,andy-aaron,1152,18948,,TargetUserName=Administrateurs | TargetDomainName=Builtin | TargetSid=S-1-5-32-544 | SubjectUserSid=S-1-5-18 | SubjectUserName=ANDY-AARON$ | SubjectDomainName=WORKGROUP | SubjectLogonId=0x00000000000003e7 | CallerProcessId=0x0000000000002f3c | CallerProcessName=C:\Windows\System32\VSSVC.exe
windows_event,win_event,84,2026-05-19T13:25:53.547270+00:00,,4799,Microsoft-Windows-Security-Auditing,Microsoft-Windows-Security-Auditing,andy-aaron,1152,25656,,TargetUserName=Opérateurs de sauvegarde | TargetDomainName=Builtin | TargetSid=S-1-5-32-551 | SubjectUserSid=S-1-5-18 | SubjectUserName=ANDY-AARON$ | SubjectDomainName=WORKGROUP | SubjectLogonId=0x00000000000003e7 | CallerProcessId=0x0000000000002f3c | CallerProcessName=C:\Windows\System32\VSSVC.exe
windows_event,win_event,85,2026-05-19T13:25:53.547602+00:00,,4799,Microsoft-Windows-Security-Auditing,Microsoft-Windows-Security-Auditing,andy-aaron,1152,18948,,TargetUserName=Opérateurs de sauvegarde | TargetDomainName=Builtin | TargetSid=S-1-5-32-551 | SubjectUserSid=S-1-5-18 | SubjectUserName=ANDY-AARON$ | SubjectDomainName=WORKGROUP | SubjectLogonId=0x00000000000003e7 | CallerProcessId=0x0000000000006638 | CallerProcessName=C:\Windows\System32\SrTasks.exe
windows_event,win_event,86,2026-05-19T13:25:53.547749+00:00,,4799,Microsoft-Windows-Security-Auditing,Microsoft-Windows-Security-Auditing,andy-aaron,1152,17488,,TargetUserName=Opérateurs de sauvegarde | TargetDomainName=Builtin | TargetSid=S-1-5-32-551 | SubjectUserSid=S-1-5-18 | SubjectUserName=ANDY-AARON$ | SubjectDomainName=WORKGROUP | SubjectLogonId=0x00000000000003e7 | CallerProcessId=0x0000000000006638 | CallerProcessName=C:\Windows\System32\SrTasks.exe
windows_event,win_event,87,2026-05-19T13:25:53.547832+00:00,,4799,Microsoft-Windows-Security-Auditing,Microsoft-Windows-Security-Auditing,andy-aaron,1152,17436,,TargetUserName=Administrateurs | TargetDomainName=Builtin | TargetSid=S-1-5-32-544 | SubjectUserSid=S-1-5-18 | SubjectUserName=ANDY-AARON$ | SubjectDomainName=WORKGROUP | SubjectLogonId=0x00000000000003e7 | CallerProcessId=0x0000000000006638 | CallerProcessName=C:\Windows\System32\SrTasks.exe
windows_event,win_event,88,2026-05-19T13:25:53.548437+00:00,,4799,Microsoft-Windows-Security-Auditing,Microsoft-Windows-Security-Auditing,andy-aaron,1152,18948,,TargetUserName=Administrateurs | TargetDomainName=Builtin | TargetSid=S-1-5-32-544 | SubjectUserSid=S-1-5-18 | SubjectUserName=ANDY-AARON$ | SubjectDomainName=WORKGROUP | SubjectLogonId=0x00000000000003e7 | CallerProcessId=0x0000000000002f3c | CallerProcessName=C:\Windows\System32\VSSVC.exe
windows_event,win_event,89,2026-05-19T13:25:53.548542+00:00,,4799,Microsoft-Windows-Security-Auditing,Microsoft-Windows-Security-Auditing,andy-aaron,1152,17436,,TargetUserName=Opérateurs de sauvegarde | TargetDomainName=Builtin | TargetSid=S-1-5-32-551 | SubjectUserSid=S-1-5-18 | SubjectUserName=ANDY-AARON$ | SubjectDomainName=WORKGROUP | SubjectLogonId=0x00000000000003e7 | CallerProcessId=0x0000000000006638 | CallerProcessName=C:\Windows\System32\SrTasks.exe
windows_event,win_event,90,2026-05-19T13:25:53.549683+00:00,,4799,Microsoft-Windows-Security-Auditing,Microsoft-Windows-Security-Auditing,andy-aaron,1152,18948,,TargetUserName=Administrateurs | TargetDomainName=Builtin | TargetSid=S-1-5-32-544 | SubjectUserSid=S-1-5-18 | SubjectUserName=ANDY-AARON$ | SubjectDomainName=WORKGROUP | SubjectLogonId=0x00000000000003e7 | CallerProcessId=0x0000000000002f3c | CallerProcessName=C:\Windows\System32\VSSVC.exe
windows_event,win_event,91,2026-05-19T13:25:53.550022+00:00,,4799,Microsoft-Windows-Security-Auditing,Microsoft-Windows-Security-Auditing,andy-aaron,1152,17488,,TargetUserName=Administrateurs | TargetDomainName=Builtin | TargetSid=S-1-5-32-544 | SubjectUserSid=S-1-5-18 | SubjectUserName=ANDY-AARON$ | SubjectDomainName=WORKGROUP | SubjectLogonId=0x00000000000003e7 | CallerProcessId=0x0000000000002f3c | CallerProcessName=C:\Windows\System32\VSSVC.exe
windows_event,win_event,92,2026-05-19T13:25:53.550558+00:00,,4799,Microsoft-Windows-Security-Auditing,Microsoft-Windows-Security-Auditing,andy-aaron,1152,11696,,TargetUserName=Opérateurs de sauvegarde | TargetDomainName=Builtin | TargetSid=S-1-5-32-551 | SubjectUserSid=S-1-5-18 | SubjectUserName=ANDY-AARON$ | SubjectDomainName=WORKGROUP | SubjectLogonId=0x00000000000003e7 | CallerProcessId=0x0000000000006638 | CallerProcessName=C:\Windows\System32\SrTasks.exe
windows_event,win_event,93,2026-05-19T13:25:53.550924+00:00,,4799,Microsoft-Windows-Security-Auditing,Microsoft-Windows-Security-Auditing,andy-aaron,1152,21584,,TargetUserName=Opérateurs de sauvegarde | TargetDomainName=Builtin | TargetSid=S-1-5-32-551 | SubjectUserSid=S-1-5-18 | SubjectUserName=ANDY-AARON$ | SubjectDomainName=WORKGROUP | SubjectLogonId=0x00000000000003e7 | CallerProcessId=0x0000000000002f3c | CallerProcessName=C:\Windows\System32\VSSVC.exe
windows_event,win_event,94,2026-05-19T13:25:53.551325+00:00,,4799,Microsoft-Windows-Security-Auditing,Microsoft-Windows-Security-Auditing,andy-aaron,1152,17436,,TargetUserName=Administrateurs | TargetDomainName=Builtin | TargetSid=S-1-5-32-544 | SubjectUserSid=S-1-5-18 | SubjectUserName=ANDY-AARON$ | SubjectDomainName=WORKGROUP | SubjectLogonId=0x00000000000003e7 | CallerProcessId=0x0000000000002f3c | CallerProcessName=C:\Windows\System32\VSSVC.exe
windows_event,win_event,95,2026-05-19T13:25:53.552107+00:00,,4799,Microsoft-Windows-Security-Auditing,Microsoft-Windows-Security-Auditing,andy-aaron,1152,18948,,TargetUserName=Administrateurs | TargetDomainName=Builtin | TargetSid=S-1-5-32-544 | SubjectUserSid=S-1-5-18 | SubjectUserName=ANDY-AARON$ | SubjectDomainName=WORKGROUP | SubjectLogonId=0x00000000000003e7 | CallerProcessId=0x0000000000002f3c | CallerProcessName=C:\Windows\System32\VSSVC.exe
windows_event,win_event,96,2026-05-19T13:25:53.552462+00:00,,4799,Microsoft-Windows-Security-Auditing,Microsoft-Windows-Security-Auditing,andy-aaron,1152,21584,,TargetUserName=Opérateurs de sauvegarde | TargetDomainName=Builtin | TargetSid=S-1-5-32-551 | SubjectUserSid=S-1-5-18 | SubjectUserName=ANDY-AARON$ | SubjectDomainName=WORKGROUP | SubjectLogonId=0x00000000000003e7 | CallerProcessId=0x0000000000002f3c | CallerProcessName=C:\Windows\System32\VSSVC.exe
windows_event,win_event,97,2026-05-19T13:25:53.552616+00:00,,4799,Microsoft-Windows-Security-Auditing,Microsoft-Windows-Security-Auditing,andy-aaron,1152,17488,,TargetUserName=Opérateurs de sauvegarde | TargetDomainName=Builtin | TargetSid=S-1-5-32-551 | SubjectUserSid=S-1-5-18 | SubjectUserName=ANDY-AARON$ | SubjectDomainName=WORKGROUP | SubjectLogonId=0x00000000000003e7 | CallerProcessId=0x0000000000002f3c | CallerProcessName=C:\Windows\System32\VSSVC.exe
windows_event,win_event,98,2026-05-19T13:25:53.552759+00:00,,4799,Microsoft-Windows-Security-Auditing,Microsoft-Windows-Security-Auditing,andy-aaron,1152,17436,,TargetUserName=Opérateurs de sauvegarde | TargetDomainName=Builtin | TargetSid=S-1-5-32-551 | SubjectUserSid=S-1-5-18 | SubjectUserName=ANDY-AARON$ | SubjectDomainName=WORKGROUP | SubjectLogonId=0x00000000000003e7 | CallerProcessId=0x0000000000002f3c | CallerProcessName=C:\Windows\System32\VSSVC.exe
windows_event,win_event,99,2026-05-19T13:25:53.553818+00:00,,4799,Microsoft-Windows-Security-Auditing,Microsoft-Windows-Security-Auditing,andy-aaron,1152,11696,,TargetUserName=Opérateurs de sauvegarde | TargetDomainName=Builtin | TargetSid=S-1-5-32-551 | SubjectUserSid=S-1-5-18 | SubjectUserName=ANDY-AARON$ | SubjectDomainName=WORKGROUP | SubjectLogonId=0x00000000000003e7 | CallerProcessId=0x0000000000002f3c | CallerProcessName=C:\Windows\System32\VSSVC.exe
windows_event,win_event,100,2026-05-19T13:25:53.554564+00:00,,4799,Microsoft-Windows-Security-Auditing,Microsoft-Windows-Security-Auditing,andy-aaron,1152,17436,,TargetUserName=Administrateurs | TargetDomainName=Builtin | TargetSid=S-1-5-32-544 | SubjectUserSid=S-1-5-18 | SubjectUserName=ANDY-AARON$ | SubjectDomainName=WORKGROUP | SubjectLogonId=0x00000000000003e7 | CallerProcessId=0x0000000000002f3c | CallerProcessName=C:\Windows\System32\VSSVC.exe
windows_event,win_event,101,2026-05-19T13:25:53.554754+00:00,,4799,Microsoft-Windows-Security-Auditing,Microsoft-Windows-Security-Auditing,andy-aaron,1152,17488,,TargetUserName=Administrateurs | TargetDomainName=Builtin | TargetSid=S-1-5-32-544 | SubjectUserSid=S-1-5-18 | SubjectUserName=ANDY-AARON$ | SubjectDomainName=WORKGROUP | SubjectLogonId=0x00000000000003e7 | CallerProcessId=0x0000000000002f3c | CallerProcessName=C:\Windows\System32\VSSVC.exe
windows_event,win_event,102,2026-05-19T13:25:53.555073+00:00,,4799,Microsoft-Windows-Security-Auditing,Microsoft-Windows-Security-Auditing,andy-aaron,1152,11696,,TargetUserName=Administrateurs | TargetDomainName=Builtin | TargetSid=S-1-5-32-544 | SubjectUserSid=S-1-5-18 | SubjectUserName=ANDY-AARON$ | SubjectDomainName=WORKGROUP | SubjectLogonId=0x00000000000003e7 | CallerProcessId=0x0000000000002f3c | CallerProcessName=C:\Windows\System32\VSSVC.exe
windows_event,win_event,103,2026-05-19T13:25:53.556410+00:00,,4799,Microsoft-Windows-Security-Auditing,Microsoft-Windows-Security-Auditing,andy-aaron,1152,11696,,TargetUserName=Administrateurs | TargetDomainName=Builtin | TargetSid=S-1-5-32-544 | SubjectUserSid=S-1-5-18 | SubjectUserName=ANDY-AARON$ | SubjectDomainName=WORKGROUP | SubjectLogonId=0x00000000000003e7 | CallerProcessId=0x0000000000002f3c | CallerProcessName=C:\Windows\System32\VSSVC.exe
windows_event,win_event,104,2026-05-19T13:25:53.556658+00:00,,4799,Microsoft-Windows-Security-Auditing,Microsoft-Windows-Security-Auditing,andy-aaron,1152,18948,,TargetUserName=Opérateurs de sauvegarde | TargetDomainName=Builtin | TargetSid=S-1-5-32-551 | SubjectUserSid=S-1-5-18 | SubjectUserName=ANDY-AARON$ | SubjectDomainName=WORKGROUP | SubjectLogonId=0x00000000000003e7 | CallerProcessId=0x0000000000002f3c | CallerProcessName=C:\Windows\System32\VSSVC.exe
windows_event,win_event,105,2026-05-19T13:25:53.556847+00:00,,4799,Microsoft-Windows-Security-Auditing,Microsoft-Windows-Security-Auditing,andy-aaron,1152,21584,,TargetUserName=Opérateurs de sauvegarde | TargetDomainName=Builtin | TargetSid=S-1-5-32-551 | SubjectUserSid=S-1-5-18 | SubjectUserName=ANDY-AARON$ | SubjectDomainName=WORKGROUP | SubjectLogonId=0x00000000000003e7 | CallerProcessId=0x0000000000002f3c | CallerProcessName=C:\Windows\System32\VSSVC.exe
windows_event,win_event,106,2026-05-19T13:25:53.557482+00:00,,4799,Microsoft-Windows-Security-Auditing,Microsoft-Windows-Security-Auditing,andy-aaron,1152,18948,,TargetUserName=Administrateurs | TargetDomainName=Builtin | TargetSid=S-1-5-32-544 | SubjectUserSid=S-1-5-18 | SubjectUserName=ANDY-AARON$ | SubjectDomainName=WORKGROUP | SubjectLogonId=0x00000000000003e7 | CallerProcessId=0x0000000000002f3c | CallerProcessName=C:\Windows\System32\VSSVC.exe
windows_event,win_event,107,2026-05-19T13:25:53.557688+00:00,,4799,Microsoft-Windows-Security-Auditing,Microsoft-Windows-Security-Auditing,andy-aaron,1152,11696,,TargetUserName=Opérateurs de sauvegarde | TargetDomainName=Builtin | TargetSid=S-1-5-32-551 | SubjectUserSid=S-1-5-18 | SubjectUserName=ANDY-AARON$ | SubjectDomainName=WORKGROUP | SubjectLogonId=0x00000000000003e7 | CallerProcessId=0x0000000000002f3c | CallerProcessName=C:\Windows\System32\VSSVC.exe
windows_event,win_event,108,2026-05-19T13:25:53.557810+00:00,,4799,Microsoft-Windows-Security-Auditing,Microsoft-Windows-Security-Auditing,andy-aaron,1152,17488,,TargetUserName=Opérateurs de sauvegarde | TargetDomainName=Builtin | TargetSid=S-1-5-32-551 | SubjectUserSid=S-1-5-18 | SubjectUserName=ANDY-AARON$ | SubjectDomainName=WORKGROUP | SubjectLogonId=0x00000000000003e7 | CallerProcessId=0x0000000000002f3c | CallerProcessName=C:\Windows\System32\VSSVC.exe
windows_event,win_event,109,2026-05-19T13:25:53.558386+00:00,,4799,Microsoft-Windows-Security-Auditing,Microsoft-Windows-Security-Auditing,andy-aaron,1152,11696,,TargetUserName=Administrateurs | TargetDomainName=Builtin | TargetSid=S-1-5-32-544 | SubjectUserSid=S-1-5-18 | SubjectUserName=ANDY-AARON$ | SubjectDomainName=WORKGROUP | SubjectLogonId=0x00000000000003e7 | CallerProcessId=0x0000000000002f3c | CallerProcessName=C:\Windows\System32\VSSVC.exe
windows_event,win_event,110,2026-05-19T13:25:53.558813+00:00,,4799,Microsoft-Windows-Security-Auditing,Microsoft-Windows-Security-Auditing,andy-aaron,1152,11696,,TargetUserName=Opérateurs de sauvegarde | TargetDomainName=Builtin | TargetSid=S-1-5-32-551 | SubjectUserSid=S-1-5-18 | SubjectUserName=ANDY-AARON$ | SubjectDomainName=WORKGROUP | SubjectLogonId=0x00000000000003e7 | CallerProcessId=0x0000000000002f3c | CallerProcessName=C:\Windows\System32\VSSVC.exe
windows_event,win_event,111,2026-05-19T13:25:53.559366+00:00,,4799,Microsoft-Windows-Security-Auditing,Microsoft-Windows-Security-Auditing,andy-aaron,1152,11696,,TargetUserName=Opérateurs de sauvegarde | TargetDomainName=Builtin | TargetSid=S-1-5-32-551 | SubjectUserSid=S-1-5-18 | SubjectUserName=ANDY-AARON$ | SubjectDomainName=WORKGROUP | SubjectLogonId=0x00000000000003e7 | CallerProcessId=0x0000000000002f3c | CallerProcessName=C:\Windows\System32\VSSVC.exe
windows_event,win_event,112,2026-05-19T13:25:54.022421+00:00,,4904,Microsoft-Windows-Security-Auditing,Microsoft-Windows-Security-Auditing,andy-aaron,1152,11696,,SubjectUserSid=S-1-5-18 | SubjectUserName=ANDY-AARON$ | SubjectDomainName=WORKGROUP | SubjectLogonId=0x00000000000003e7 | AuditSourceName=VSSAudit | EventSourceId=0x0000000008869ef6 | ProcessId=0x0000000000002f3c | ProcessName=C:\Windows\System32\VSSVC.exe
windows_event,win_event,113,2026-05-19T13:25:54.022573+00:00,,4905,Microsoft-Windows-Security-Auditing,Microsoft-Windows-Security-Auditing,andy-aaron,1152,11696,,SubjectUserSid=S-1-5-18 | SubjectUserName=ANDY-AARON$ | SubjectDomainName=WORKGROUP | SubjectLogonId=0x00000000000003e7 | AuditSourceName=VSSAudit | EventSourceId=0x0000000008869ef6 | ProcessId=0x0000000000002f3c | ProcessName=C:\Windows\System32\VSSVC.exe
windows_event,win_event,114,2026-05-19T13:25:54.033655+00:00,,4799,Microsoft-Windows-Security-Auditing,Microsoft-Windows-Security-Auditing,andy-aaron,1152,11696,,TargetUserName=Administrateurs | TargetDomainName=Builtin | TargetSid=S-1-5-32-544 | SubjectUserSid=S-1-5-18 | SubjectUserName=ANDY-AARON$ | SubjectDomainName=WORKGROUP | SubjectLogonId=0x00000000000003e7 | CallerProcessId=0x0000000000006638 | CallerProcessName=C:\Windows\System32\SrTasks.exe
windows_event,win_event,115,2026-05-19T13:25:54.034763+00:00,,4799,Microsoft-Windows-Security-Auditing,Microsoft-Windows-Security-Auditing,andy-aaron,1152,11696,,TargetUserName=Opérateurs de sauvegarde | TargetDomainName=Builtin | TargetSid=S-1-5-32-551 | SubjectUserSid=S-1-5-18 | SubjectUserName=ANDY-AARON$ | SubjectDomainName=WORKGROUP | SubjectLogonId=0x00000000000003e7 | CallerProcessId=0x0000000000006638 | CallerProcessName=C:\Windows\System32\SrTasks.exe
windows_event,win_event,116,2026-05-19T13:25:54.036968+00:00,,4799,Microsoft-Windows-Security-Auditing,Microsoft-Windows-Security-Auditing,andy-aaron,1152,11696,,TargetUserName=ORA_OraDB18Home1_SVCACCTS | TargetDomainName=andy-aaron | TargetSid=S-1-5-21-3162627772-1273376818-3066158126-1017 | SubjectUserSid=S-1-5-18 | SubjectUserName=ANDY-AARON$ | SubjectDomainName=WORKGROUP | SubjectLogonId=0x00000000000003e7 | CallerProcessId=0x0000000000006638 | CallerProcessName=C:\Windows\System32\SrTasks.exe
windows_event,win_event,117,2026-05-19T13:25:54.037699+00:00,,4799,Microsoft-Windows-Security-Auditing,Microsoft-Windows-Security-Auditing,andy-aaron,1152,11696,,TargetUserName=ORA_OraDB21Home1_SVCACCTS | TargetDomainName=andy-aaron | TargetSid=S-1-5-21-3162627772-1273376818-3066158126-1024 | SubjectUserSid=S-1-5-18 | SubjectUserName=ANDY-AARON$ | SubjectDomainName=WORKGROUP | SubjectLogonId=0x00000000000003e7 | CallerProcessId=0x0000000000006638 | CallerProcessName=C:\Windows\System32\SrTasks.exe
windows_event,win_event,118,2026-05-19T13:25:54.038786+00:00,,4799,Microsoft-Windows-Security-Auditing,Microsoft-Windows-Security-Auditing,andy-aaron,1152,11696,,TargetUserName=Administrateurs | TargetDomainName=Builtin | TargetSid=S-1-5-32-544 | SubjectUserSid=S-1-5-18 | SubjectUserName=ANDY-AARON$ | SubjectDomainName=WORKGROUP | SubjectLogonId=0x00000000000003e7 | CallerProcessId=0x0000000000006638 | CallerProcessName=C:\Windows\System32\SrTasks.exe
windows_event,win_event,119,2026-05-19T13:25:54.039839+00:00,,4799,Microsoft-Windows-Security-Auditing,Microsoft-Windows-Security-Auditing,andy-aaron,1152,11696,,TargetUserName=Opérateurs de sauvegarde | TargetDomainName=Builtin | TargetSid=S-1-5-32-551 | SubjectUserSid=S-1-5-18 | SubjectUserName=ANDY-AARON$ | SubjectDomainName=WORKGROUP | SubjectLogonId=0x00000000000003e7 | CallerProcessId=0x0000000000006638 | CallerProcessName=C:\Windows\System32\SrTasks.exe
windows_event,win_event,120,2026-05-19T13:25:54.041994+00:00,,4799,Microsoft-Windows-Security-Auditing,Microsoft-Windows-Security-Auditing,andy-aaron,1152,11696,,TargetUserName=ORA_OraDB18Home1_SVCACCTS | TargetDomainName=andy-aaron | TargetSid=S-1-5-21-3162627772-1273376818-3066158126-1017 | SubjectUserSid=S-1-5-18 | SubjectUserName=ANDY-AARON$ | SubjectDomainName=WORKGROUP | SubjectLogonId=0x00000000000003e7 | CallerProcessId=0x0000000000006638 | CallerProcessName=C:\Windows\System32\SrTasks.exe
windows_event,win_event,121,2026-05-19T13:25:54.042732+00:00,,4799,Microsoft-Windows-Security-Auditing,Microsoft-Windows-Security-Auditing,andy-aaron,1152,11696,,TargetUserName=ORA_OraDB21Home1_SVCACCTS | TargetDomainName=andy-aaron | TargetSid=S-1-5-21-3162627772-1273376818-3066158126-1024 | SubjectUserSid=S-1-5-18 | SubjectUserName=ANDY-AARON$ | SubjectDomainName=WORKGROUP | SubjectLogonId=0x00000000000003e7 | CallerProcessId=0x0000000000006638 | CallerProcessName=C:\Windows\System32\SrTasks.exe
windows_event,win_event,122,2026-05-19T13:25:54.043819+00:00,,4799,Microsoft-Windows-Security-Auditing,Microsoft-Windows-Security-Auditing,andy-aaron,1152,11696,,TargetUserName=Administrateurs | TargetDomainName=Builtin | TargetSid=S-1-5-32-544 | SubjectUserSid=S-1-5-18 | SubjectUserName=ANDY-AARON$ | SubjectDomainName=WORKGROUP | SubjectLogonId=0x00000000000003e7 | CallerProcessId=0x0000000000006638 | CallerProcessName=C:\Windows\System32\SrTasks.exe
windows_event,win_event,123,2026-05-19T13:25:54.044895+00:00,,4799,Microsoft-Windows-Security-Auditing,Microsoft-Windows-Security-Auditing,andy-aaron,1152,11696,,TargetUserName=Opérateurs de sauvegarde | TargetDomainName=Builtin | TargetSid=S-1-5-32-551 | SubjectUserSid=S-1-5-18 | SubjectUserName=ANDY-AARON$ | SubjectDomainName=WORKGROUP | SubjectLogonId=0x00000000000003e7 | CallerProcessId=0x0000000000006638 | CallerProcessName=C:\Windows\System32\SrTasks.exe
windows_event,win_event,124,2026-05-19T13:25:54.047037+00:00,,4799,Microsoft-Windows-Security-Auditing,Microsoft-Windows-Security-Auditing,andy-aaron,1152,11696,,TargetUserName=ORA_OraDB18Home1_SVCACCTS | TargetDomainName=andy-aaron | TargetSid=S-1-5-21-3162627772-1273376818-3066158126-1017 | SubjectUserSid=S-1-5-18 | SubjectUserName=ANDY-AARON$ | SubjectDomainName=WORKGROUP | SubjectLogonId=0x00000000000003e7 | CallerProcessId=0x0000000000006638 | CallerProcessName=C:\Windows\System32\SrTasks.exe
windows_event,win_event,125,2026-05-19T13:25:54.047762+00:00,,4799,Microsoft-Windows-Security-Auditing,Microsoft-Windows-Security-Auditing,andy-aaron,1152,11696,,TargetUserName=ORA_OraDB21Home1_SVCACCTS | TargetDomainName=andy-aaron | TargetSid=S-1-5-21-3162627772-1273376818-3066158126-1024 | SubjectUserSid=S-1-5-18 | SubjectUserName=ANDY-AARON$ | SubjectDomainName=WORKGROUP | SubjectLogonId=0x00000000000003e7 | CallerProcessId=0x0000000000006638 | CallerProcessName=C:\Windows\System32\SrTasks.exe
windows_event,win_event,126,2026-05-19T13:25:54.052776+00:00,,4799,Microsoft-Windows-Security-Auditing,Microsoft-Windows-Security-Auditing,andy-aaron,1152,17436,,TargetUserName=Administrateurs | TargetDomainName=Builtin | TargetSid=S-1-5-32-544 | SubjectUserSid=S-1-5-18 | SubjectUserName=ANDY-AARON$ | SubjectDomainName=WORKGROUP | SubjectLogonId=0x00000000000003e7 | CallerProcessId=0x0000000000006638 | CallerProcessName=C:\Windows\System32\SrTasks.exe
windows_event,win_event,127,2026-05-19T13:25:54.052872+00:00,,4799,Microsoft-Windows-Security-Auditing,Microsoft-Windows-Security-Auditing,andy-aaron,1152,11696,,TargetUserName=Administrateurs | TargetDomainName=Builtin | TargetSid=S-1-5-32-544 | SubjectUserSid=S-1-5-18 | SubjectUserName=ANDY-AARON$ | SubjectDomainName=WORKGROUP | SubjectLogonId=0x00000000000003e7 | CallerProcessId=0x0000000000006638 | CallerProcessName=C:\Windows\System32\SrTasks.exe
windows_event,win_event,128,2026-05-19T13:25:54.053015+00:00,,4799,Microsoft-Windows-Security-Auditing,Microsoft-Windows-Security-Auditing,andy-aaron,1152,25656,,TargetUserName=Administrateurs | TargetDomainName=Builtin | TargetSid=S-1-5-32-544 | SubjectUserSid=S-1-5-18 | SubjectUserName=ANDY-AARON$ | SubjectDomainName=WORKGROUP | SubjectLogonId=0x00000000000003e7 | CallerProcessId=0x0000000000006638 | CallerProcessName=C:\Windows\System32\SrTasks.exe
windows_event,win_event,129,2026-05-19T13:25:54.053137+00:00,,4799,Microsoft-Windows-Security-Auditing,Microsoft-Windows-Security-Auditing,andy-aaron,1152,17488,,TargetUserName=Administrateurs | TargetDomainName=Builtin | TargetSid=S-1-5-32-544 | SubjectUserSid=S-1-5-18 | SubjectUserName=ANDY-AARON$ | SubjectDomainName=WORKGROUP | SubjectLogonId=0x00000000000003e7 | CallerProcessId=0x0000000000006638 | CallerProcessName=C:\Windows\System32\SrTasks.exe
windows_event,win_event,130,2026-05-19T13:25:54.053284+00:00,,4799,Microsoft-Windows-Security-Auditing,Microsoft-Windows-Security-Auditing,andy-aaron,1152,17488,,TargetUserName=Administrateurs | TargetDomainName=Builtin | TargetSid=S-1-5-32-544 | SubjectUserSid=S-1-5-18 | SubjectUserName=ANDY-AARON$ | SubjectDomainName=WORKGROUP | SubjectLogonId=0x00000000000003e7 | CallerProcessId=0x0000000000006638 | CallerProcessName=C:\Windows\System32\SrTasks.exe
windows_event,win_event,131,2026-05-19T13:25:54.053917+00:00,,4799,Microsoft-Windows-Security-Auditing,Microsoft-Windows-Security-Auditing,andy-aaron,1152,11696,,TargetUserName=Administrateurs | TargetDomainName=Builtin | TargetSid=S-1-5-32-544 | SubjectUserSid=S-1-5-18 | SubjectUserName=ANDY-AARON$ | SubjectDomainName=WORKGROUP | SubjectLogonId=0x00000000000003e7 | CallerProcessId=0x0000000000006638 | CallerProcessName=C:\Windows\System32\SrTasks.exe
windows_event,win_event,132,2026-05-19T13:25:54.054750+00:00,,4799,Microsoft-Windows-Security-Auditing,Microsoft-Windows-Security-Auditing,andy-aaron,1152,25656,,TargetUserName=Opérateurs de sauvegarde | TargetDomainName=Builtin | TargetSid=S-1-5-32-551 | SubjectUserSid=S-1-5-18 | SubjectUserName=ANDY-AARON$ | SubjectDomainName=WORKGROUP | SubjectLogonId=0x00000000000003e7 | CallerProcessId=0x0000000000006638 | CallerProcessName=C:\Windows\System32\SrTasks.exe
windows_event,win_event,133,2026-05-19T13:25:54.054922+00:00,,4799,Microsoft-Windows-Security-Auditing,Microsoft-Windows-Security-Auditing,andy-aaron,1152,21584,,TargetUserName=Opérateurs de sauvegarde | TargetDomainName=Builtin | TargetSid=S-1-5-32-551 | SubjectUserSid=S-1-5-18 | SubjectUserName=ANDY-AARON$ | SubjectDomainName=WORKGROUP | SubjectLogonId=0x00000000000003e7 | CallerProcessId=0x0000000000006638 | CallerProcessName=C:\Windows\System32\SrTasks.exe
windows_event,win_event,134,2026-05-19T13:25:54.055304+00:00,,4799,Microsoft-Windows-Security-Auditing,Microsoft-Windows-Security-Auditing,andy-aaron,1152,18948,,TargetUserName=Opérateurs de sauvegarde | TargetDomainName=Builtin | TargetSid=S-1-5-32-551 | SubjectUserSid=S-1-5-18 | SubjectUserName=ANDY-AARON$ | SubjectDomainName=WORKGROUP | SubjectLogonId=0x00000000000003e7 | CallerProcessId=0x0000000000006638 | CallerProcessName=C:\Windows\System32\SrTasks.exe
windows_event,win_event,135,2026-05-19T13:25:54.055523+00:00,,4799,Microsoft-Windows-Security-Auditing,Microsoft-Windows-Security-Auditing,andy-aaron,1152,25656,,TargetUserName=Opérateurs de sauvegarde | TargetDomainName=Builtin | TargetSid=S-1-5-32-551 | SubjectUserSid=S-1-5-18 | SubjectUserName=ANDY-AARON$ | SubjectDomainName=WORKGROUP | SubjectLogonId=0x00000000000003e7 | CallerProcessId=0x0000000000006638 | CallerProcessName=C:\Windows\System32\SrTasks.exe
windows_event,win_event,136,2026-05-19T13:25:54.055834+00:00,,4799,Microsoft-Windows-Security-Auditing,Microsoft-Windows-Security-Auditing,andy-aaron,1152,17488,,TargetUserName=Opérateurs de sauvegarde | TargetDomainName=Builtin | TargetSid=S-1-5-32-551 | SubjectUserSid=S-1-5-18 | SubjectUserName=ANDY-AARON$ | SubjectDomainName=WORKGROUP | SubjectLogonId=0x00000000000003e7 | CallerProcessId=0x0000000000006638 | CallerProcessName=C:\Windows\System32\SrTasks.exe
windows_event,win_event,137,2026-05-19T13:25:54.055918+00:00,,4799,Microsoft-Windows-Security-Auditing,Microsoft-Windows-Security-Auditing,andy-aaron,1152,11696,,TargetUserName=Opérateurs de sauvegarde | TargetDomainName=Builtin | TargetSid=S-1-5-32-551 | SubjectUserSid=S-1-5-18 | SubjectUserName=ANDY-AARON$ | SubjectDomainName=WORKGROUP | SubjectLogonId=0x00000000000003e7 | CallerProcessId=0x0000000000006638 | CallerProcessName=C:\Windows\System32\SrTasks.exe
windows_event,win_event,138,2026-05-19T13:27:45.639021+00:00,,4624,Microsoft-Windows-Security-Auditing,Microsoft-Windows-Security-Auditing,andy-aaron,1152,25656,,SubjectUserSid=S-1-5-18 | SubjectUserName=ANDY-AARON$ | SubjectDomainName=WORKGROUP | SubjectLogonId=0x00000000000003e7 | TargetUserSid=S-1-5-18 | TargetUserName=Système | TargetDomainName=AUTORITE NT | TargetLogonId=0x00000000000003e7 | LogonType=5 | LogonProcessName=Advapi | AuthenticationPackageName=Negotiate | WorkstationName=- | LogonGuid={00000000-0000-0000-0000-000000000000} | TransmittedServices=- | LmPackageName=- | KeyLength=0 | ProcessId=0x000000000000044c | ProcessName=C:\Windows\System32\services.exe | IpAddress=- | IpPort=- | ImpersonationLevel=%%1833 | RestrictedAdminMode=- | RemoteCredentialGuard=- | TargetOutboundUserName=- | TargetOutboundDomainName=- | VirtualAccount=%%1843 | TargetLinkedLogonId=0x0000000000000000 | ElevatedToken=%%1842
windows_event,win_event,139,2026-05-19T13:27:45.639029+00:00,,4672,Microsoft-Windows-Security-Auditing,Microsoft-Windows-Security-Auditing,andy-aaron,1152,25656,,SubjectUserSid=S-1-5-18 | SubjectUserName=Système | SubjectDomainName=AUTORITE NT | SubjectLogonId=0x00000000000003e7 | PrivilegeList=SeAssignPrimaryTokenPrivilege SeTcbPrivilege SeSecurityPrivilege SeTakeOwnershipPrivilege SeLoadDriverPrivilege SeBackupPrivilege SeRestorePrivilege SeDebugPrivilege SeAuditPrivilege SeSystemEnvironmentPrivilege SeImpersonatePrivilege SeDelegateSessionUserImpersonatePrivilege
windows_event,win_event,140,2026-05-19T13:27:45.699593+00:00,,4798,Microsoft-Windows-Security-Auditing,Microsoft-Windows-Security-Auditing,andy-aaron,1152,18948,,TargetUserName=Administrateur | TargetDomainName=andy-aaron | TargetSid=S-1-5-21-3162627772-1273376818-3066158126-500 | SubjectUserSid=S-1-5-18 | SubjectUserName=ANDY-AARON$ | SubjectDomainName=WORKGROUP | SubjectLogonId=0x00000000000003e7 | CallerProcessId=0x0000000000002c20 | CallerProcessName=C:\Windows\System32\svchost.exe
windows_event,win_event,141,2026-05-19T13:27:45.701683+00:00,,4798,Microsoft-Windows-Security-Auditing,Microsoft-Windows-Security-Auditing,andy-aaron,1152,18948,,TargetUserName=aoliv | TargetDomainName=andy-aaron | TargetSid=S-1-5-21-3162627772-1273376818-3066158126-1001 | SubjectUserSid=S-1-5-18 | SubjectUserName=ANDY-AARON$ | SubjectDomainName=WORKGROUP | SubjectLogonId=0x00000000000003e7 | CallerProcessId=0x0000000000002c20 | CallerProcessName=C:\Windows\System32\svchost.exe
windows_event,win_event,142,2026-05-19T13:27:45.706806+00:00,,4798,Microsoft-Windows-Security-Auditing,Microsoft-Windows-Security-Auditing,andy-aaron,1152,25656,,TargetUserName=Administrateur | TargetDomainName=andy-aaron | TargetSid=S-1-5-21-3162627772-1273376818-3066158126-500 | SubjectUserSid=S-1-5-18 | SubjectUserName=ANDY-AARON$ | SubjectDomainName=WORKGROUP | SubjectLogonId=0x00000000000003e7 | CallerProcessId=0x0000000000002c20 | CallerProcessName=C:\Windows\System32\svchost.exe
windows_event,win_event,143,2026-05-19T13:27:45.707518+00:00,,4798,Microsoft-Windows-Security-Auditing,Microsoft-Windows-Security-Auditing,andy-aaron,1152,25656,,TargetUserName=aoliv | TargetDomainName=andy-aaron | TargetSid=S-1-5-21-3162627772-1273376818-3066158126-1001 | SubjectUserSid=S-1-5-18 | SubjectUserName=ANDY-AARON$ | SubjectDomainName=WORKGROUP | SubjectLogonId=0x00000000000003e7 | CallerProcessId=0x0000000000002c20 | CallerProcessName=C:\Windows\System32\svchost.exe
windows_event,win_event,144,2026-05-19T13:27:45.716381+00:00,,5379,Microsoft-Windows-Security-Auditing,Microsoft-Windows-Security-Auditing,andy-aaron,1152,18948,,SubjectUserSid=S-1-5-18 | SubjectUserName=ANDY-AARON$ | SubjectDomainName=WORKGROUP | SubjectLogonId=0x00000000000003e7 | TargetName=WindowsLive:(token):name=02eldpqtsfvxohol;serviceuri=* | Type=0 | CountOfCredentialsReturned=0 | ReadOperation=%%8100 | ReturnCode=3221226021 | ProcessCreationTime=2026-05-19 13:27:45.640938+00:00 | ClientProcessId=25024
windows_event,win_event,145,2026-05-19T13:27:45.716684+00:00,,5379,Microsoft-Windows-Security-Auditing,Microsoft-Windows-Security-Auditing,andy-aaron,1152,18948,,SubjectUserSid=S-1-5-18 | SubjectUserName=ANDY-AARON$ | SubjectDomainName=WORKGROUP | SubjectLogonId=0x00000000000003e7 | TargetName=WindowsLive:(cert):name=02eldpqtsfvxohol;serviceuri=* | Type=0 | CountOfCredentialsReturned=0 | ReadOperation=%%8100 | ReturnCode=3221226021 | ProcessCreationTime=2026-05-19 13:27:45.640938+00:00 | ClientProcessId=25024
windows_event,win_event,146,2026-05-19T13:27:45.716805+00:00,,5379,Microsoft-Windows-Security-Auditing,Microsoft-Windows-Security-Auditing,andy-aaron,1152,18948,,SubjectUserSid=S-1-5-18 | SubjectUserName=ANDY-AARON$ | SubjectDomainName=WORKGROUP | SubjectLogonId=0x00000000000003e7 | TargetName=WindowsLive:target=virtualapp/didlogical | Type=0 | CountOfCredentialsReturned=1 | ReadOperation=%%8100 | ReturnCode=0 | ProcessCreationTime=2026-05-19 13:27:45.640938+00:00 | ClientProcessId=25024
windows_event,win_event,147,2026-05-19T13:27:45.719391+00:00,,5379,Microsoft-Windows-Security-Auditing,Microsoft-Windows-Security-Auditing,andy-aaron,1152,25656,,SubjectUserSid=S-1-5-21-3162627772-1273376818-3066158126-1001 | SubjectUserName=aoliv | SubjectDomainName=ANDY-AARON | SubjectLogonId=0x00000000054f03a2 | TargetName=WindowsLive:(token):name=02idffudefnhqldb;serviceuri=* | Type=0 | CountOfCredentialsReturned=0 | ReadOperation=%%8100 | ReturnCode=3221226021 | ProcessCreationTime=2026-05-19 13:27:45.640938+00:00 | ClientProcessId=25024
windows_event,win_event,148,2026-05-19T13:27:45.719635+00:00,,5379,Microsoft-Windows-Security-Auditing,Microsoft-Windows-Security-Auditing,andy-aaron,1152,25656,,SubjectUserSid=S-1-5-21-3162627772-1273376818-3066158126-1001 | SubjectUserName=aoliv | SubjectDomainName=ANDY-AARON | SubjectLogonId=0x00000000054f03a2 | TargetName=WindowsLive:(cert):name=02idffudefnhqldb;serviceuri=* | Type=0 | CountOfCredentialsReturned=0 | ReadOperation=%%8100 | ReturnCode=3221226021 | ProcessCreationTime=2026-05-19 13:27:45.640938+00:00 | ClientProcessId=25024
windows_event,win_event,149,2026-05-19T13:27:45.719740+00:00,,5379,Microsoft-Windows-Security-Auditing,Microsoft-Windows-Security-Auditing,andy-aaron,1152,25656,,SubjectUserSid=S-1-5-21-3162627772-1273376818-3066158126-1001 | SubjectUserName=aoliv | SubjectDomainName=ANDY-AARON | SubjectLogonId=0x00000000054f03a2 | TargetName=WindowsLive:target=virtualapp/didlogical | Type=0 | CountOfCredentialsReturned=1 | ReadOperation=%%8100 | ReturnCode=0 | ProcessCreationTime=2026-05-19 13:27:45.640938+00:00 | ClientProcessId=25024
windows_event,win_event,150,2026-05-19T13:27:45.723721+00:00,,5379,Microsoft-Windows-Security-Auditing,Microsoft-Windows-Security-Auditing,andy-aaron,1152,25656,,SubjectUserSid=S-1-5-21-3162627772-1273376818-3066158126-1001 | SubjectUserName=aoliv | SubjectDomainName=ANDY-AARON | SubjectLogonId=0x00000000054f03a2 | TargetName=MicrosoftAccount:user=aoliviermarhegane@gmail.com | Type=0 | CountOfCredentialsReturned=1 | ReadOperation=%%8100 | ReturnCode=0 | ProcessCreationTime=2026-05-19 13:27:45.640938+00:00 | ClientProcessId=25024
windows_event,win_event,151,2026-05-19T13:27:45.725334+00:00,,5379,Microsoft-Windows-Security-Auditing,Microsoft-Windows-Security-Auditing,andy-aaron,1152,25656,,SubjectUserSid=S-1-5-21-3162627772-1273376818-3066158126-1001 | SubjectUserName=aoliv | SubjectDomainName=ANDY-AARON | SubjectLogonId=0x00000000054f03a2 | TargetName=WindowsLive:(token):name=aoliviermarhegane@gmail.com;serviceuri=* | Type=0 | CountOfCredentialsReturned=0 | ReadOperation=%%8100 | ReturnCode=3221226021 | ProcessCreationTime=2026-05-19 13:27:45.640938+00:00 | ClientProcessId=25024
windows_event,win_event,152,2026-05-19T13:27:45.725410+00:00,,5379,Microsoft-Windows-Security-Auditing,Microsoft-Windows-Security-Auditing,andy-aaron,1152,25656,,SubjectUserSid=S-1-5-21-3162627772-1273376818-3066158126-1001 | SubjectUserName=aoliv | SubjectDomainName=ANDY-AARON | SubjectLogonId=0x00000000054f03a2 | TargetName=WindowsLive:(cert):name=aoliviermarhegane@gmail.com;serviceuri=* | Type=0 | CountOfCredentialsReturned=0 | ReadOperation=%%8100 | ReturnCode=3221226021 | ProcessCreationTime=2026-05-19 13:27:45.640938+00:00 | ClientProcessId=25024
windows_event,win_event,153,2026-05-19T13:27:53.438738+00:00,,4624,Microsoft-Windows-Security-Auditing,Microsoft-Windows-Security-Auditing,andy-aaron,1152,11696,,SubjectUserSid=S-1-5-18 | SubjectUserName=ANDY-AARON$ | SubjectDomainName=WORKGROUP | SubjectLogonId=0x00000000000003e7 | TargetUserSid=S-1-5-18 | TargetUserName=Système | TargetDomainName=AUTORITE NT | TargetLogonId=0x00000000000003e7 | LogonType=5 | LogonProcessName=Advapi | AuthenticationPackageName=Negotiate | WorkstationName=- | LogonGuid={00000000-0000-0000-0000-000000000000} | TransmittedServices=- | LmPackageName=- | KeyLength=0 | ProcessId=0x000000000000044c | ProcessName=C:\Windows\System32\services.exe | IpAddress=- | IpPort=- | ImpersonationLevel=%%1833 | RestrictedAdminMode=- | RemoteCredentialGuard=- | TargetOutboundUserName=- | TargetOutboundDomainName=- | VirtualAccount=%%1843 | TargetLinkedLogonId=0x0000000000000000 | ElevatedToken=%%1842
windows_event,win_event,154,2026-05-19T13:27:53.438745+00:00,,4672,Microsoft-Windows-Security-Auditing,Microsoft-Windows-Security-Auditing,andy-aaron,1152,11696,,SubjectUserSid=S-1-5-18 | SubjectUserName=Système | SubjectDomainName=AUTORITE NT | SubjectLogonId=0x00000000000003e7 | PrivilegeList=SeAssignPrimaryTokenPrivilege SeTcbPrivilege SeSecurityPrivilege SeTakeOwnershipPrivilege SeLoadDriverPrivilege SeBackupPrivilege SeRestorePrivilege SeDebugPrivilege SeAuditPrivilege SeSystemEnvironmentPrivilege SeImpersonatePrivilege SeDelegateSessionUserImpersonatePrivilege
windows_event,win_event,155,2026-05-19T13:36:08.201092+00:00,,4624,Microsoft-Windows-Security-Auditing,Microsoft-Windows-Security-Auditing,andy-aaron,1152,10804,,SubjectUserSid=S-1-5-18 | SubjectUserName=ANDY-AARON$ | SubjectDomainName=WORKGROUP | SubjectLogonId=0x00000000000003e7 | TargetUserSid=S-1-5-18 | TargetUserName=Système | TargetDomainName=AUTORITE NT | TargetLogonId=0x00000000000003e7 | LogonType=5 | LogonProcessName=Advapi | AuthenticationPackageName=Negotiate | WorkstationName=- | LogonGuid={00000000-0000-0000-0000-000000000000} | TransmittedServices=- | LmPackageName=- | KeyLength=0 | ProcessId=0x000000000000044c | ProcessName=C:\Windows\System32\services.exe | IpAddress=- | IpPort=- | ImpersonationLevel=%%1833 | RestrictedAdminMode=- | RemoteCredentialGuard=- | TargetOutboundUserName=- | TargetOutboundDomainName=- | VirtualAccount=%%1843 | TargetLinkedLogonId=0x0000000000000000 | ElevatedToken=%%1842
windows_event,win_event,156,2026-05-19T13:36:08.201107+00:00,,4672,Microsoft-Windows-Security-Auditing,Microsoft-Windows-Security-Auditing,andy-aaron,1152,10804,,SubjectUserSid=S-1-5-18 | SubjectUserName=Système | SubjectDomainName=AUTORITE NT | SubjectLogonId=0x00000000000003e7 | PrivilegeList=SeAssignPrimaryTokenPrivilege SeTcbPrivilege SeSecurityPrivilege SeTakeOwnershipPrivilege SeLoadDriverPrivilege SeBackupPrivilege SeRestorePrivilege SeDebugPrivilege SeAuditPrivilege SeSystemEnvironmentPrivilege SeImpersonatePrivilege SeDelegateSessionUserImpersonatePrivilege
windows_event,win_event,157,2026-05-19T13:36:08.546591+00:00,,4624,Microsoft-Windows-Security-Auditing,Microsoft-Windows-Security-Auditing,andy-aaron,1152,10804,,SubjectUserSid=S-1-5-18 | SubjectUserName=ANDY-AARON$ | SubjectDomainName=WORKGROUP | SubjectLogonId=0x00000000000003e7 | TargetUserSid=S-1-5-18 | TargetUserName=Système | TargetDomainName=AUTORITE NT | TargetLogonId=0x00000000000003e7 | LogonType=5 | LogonProcessName=Advapi | AuthenticationPackageName=Negotiate | WorkstationName=- | LogonGuid={00000000-0000-0000-0000-000000000000} | TransmittedServices=- | LmPackageName=- | KeyLength=0 | ProcessId=0x000000000000044c | ProcessName=C:\Windows\System32\services.exe | IpAddress=- | IpPort=- | ImpersonationLevel=%%1833 | RestrictedAdminMode=- | RemoteCredentialGuard=- | TargetOutboundUserName=- | TargetOutboundDomainName=- | VirtualAccount=%%1843 | TargetLinkedLogonId=0x0000000000000000 | ElevatedToken=%%1842
windows_event,win_event,158,2026-05-19T13:36:08.546612+00:00,,4672,Microsoft-Windows-Security-Auditing,Microsoft-Windows-Security-Auditing,andy-aaron,1152,10804,,SubjectUserSid=S-1-5-18 | SubjectUserName=Système | SubjectDomainName=AUTORITE NT | SubjectLogonId=0x00000000000003e7 | PrivilegeList=SeAssignPrimaryTokenPrivilege SeTcbPrivilege SeSecurityPrivilege SeTakeOwnershipPrivilege SeLoadDriverPrivilege SeBackupPrivilege SeRestorePrivilege SeDebugPrivilege SeAuditPrivilege SeSystemEnvironmentPrivilege SeImpersonatePrivilege SeDelegateSessionUserImpersonatePrivilege
windows_event,win_event,159,2026-05-19T13:36:09.072330+00:00,,4798,Microsoft-Windows-Security-Auditing,Microsoft-Windows-Security-Auditing,andy-aaron,1152,10804,,TargetUserName=aoliv | TargetDomainName=andy-aaron | TargetSid=S-1-5-21-3162627772-1273376818-3066158126-1001 | SubjectUserSid=S-1-5-18 | SubjectUserName=ANDY-AARON$ | SubjectDomainName=WORKGROUP | SubjectLogonId=0x00000000000003e7 | CallerProcessId=0x0000000000003734 | CallerProcessName=C:\Windows\System32\LogonUI.exe
windows_event,win_event,160,2026-05-19T13:40:09.628305+00:00,,4624,Microsoft-Windows-Security-Auditing,Microsoft-Windows-Security-Auditing,andy-aaron,1152,10704,,SubjectUserSid=S-1-5-18 | SubjectUserName=ANDY-AARON$ | SubjectDomainName=WORKGROUP | SubjectLogonId=0x00000000000003e7 | TargetUserSid=S-1-5-18 | TargetUserName=Système | TargetDomainName=AUTORITE NT | TargetLogonId=0x00000000000003e7 | LogonType=5 | LogonProcessName=Advapi | AuthenticationPackageName=Negotiate | WorkstationName=- | LogonGuid={00000000-0000-0000-0000-000000000000} | TransmittedServices=- | LmPackageName=- | KeyLength=0 | ProcessId=0x000000000000044c | ProcessName=C:\Windows\System32\services.exe | IpAddress=- | IpPort=- | ImpersonationLevel=%%1833 | RestrictedAdminMode=- | RemoteCredentialGuard=- | TargetOutboundUserName=- | TargetOutboundDomainName=- | VirtualAccount=%%1843 | TargetLinkedLogonId=0x0000000000000000 | ElevatedToken=%%1842
windows_event,win_event,161,2026-05-19T13:40:09.628313+00:00,,4672,Microsoft-Windows-Security-Auditing,Microsoft-Windows-Security-Auditing,andy-aaron,1152,10704,,SubjectUserSid=S-1-5-18 | SubjectUserName=Système | SubjectDomainName=AUTORITE NT | SubjectLogonId=0x00000000000003e7 | PrivilegeList=SeAssignPrimaryTokenPrivilege SeTcbPrivilege SeSecurityPrivilege SeTakeOwnershipPrivilege SeLoadDriverPrivilege SeBackupPrivilege SeRestorePrivilege SeDebugPrivilege SeAuditPrivilege SeSystemEnvironmentPrivilege SeImpersonatePrivilege SeDelegateSessionUserImpersonatePrivilege
windows_event,win_event,162,2026-05-19T13:41:12.963598+00:00,,5059,Microsoft-Windows-Security-Auditing,Microsoft-Windows-Security-Auditing,andy-aaron,1152,18948,,SubjectUserSid=S-1-5-19 | SubjectUserName=SERVICE LOCAL | SubjectDomainName=AUTORITE NT | SubjectLogonId=0x00000000000003e5 | ClientProcessId=10988 | ClientCreationTime=2026-05-17 20:13:24.116796+00:00 | ProviderName=Microsoft Software Key Storage Provider | AlgorithmName=RSA | KeyName={842D2116-1BDF-4B85-8EB2-7490A6FD1737} | KeyType=%%2500 | Operation=%%2464 | ReturnCode=0x00000000
windows_event,win_event,163,2026-05-19T13:41:12.965563+00:00,,5059,Microsoft-Windows-Security-Auditing,Microsoft-Windows-Security-Auditing,andy-aaron,1152,18948,,SubjectUserSid=S-1-5-19 | SubjectUserName=SERVICE LOCAL | SubjectDomainName=AUTORITE NT | SubjectLogonId=0x00000000000003e5 | ClientProcessId=10988 | ClientCreationTime=2026-05-17 20:13:24.116796+00:00 | ProviderName=Microsoft Software Key Storage Provider | AlgorithmName=RSA | KeyName={842D2116-1BDF-4B85-8EB2-7490A6FD1737} | KeyType=%%2500 | Operation=%%2464 | ReturnCode=0x00000000
windows_event,win_event,164,2026-05-19T13:41:13.014526+00:00,,4738,Microsoft-Windows-Security-Auditing,Microsoft-Windows-Security-Auditing,andy-aaron,1152,10704,,Dummy=- | TargetUserName=aoliv | TargetDomainName=andy-aaron | TargetSid=S-1-5-21-3162627772-1273376818-3066158126-1001 | SubjectUserSid=S-1-5-18 | SubjectUserName=ANDY-AARON$ | SubjectDomainName=WORKGROUP | SubjectLogonId=0x00000000000003e7 | PrivilegeList=- | SamAccountName=- | DisplayName=Andy Marhegane | UserPrincipalName=- | HomeDirectory=- | HomePath=- | ScriptPath=- | ProfilePath=- | UserWorkstations=- | PasswordLastSet=- | AccountExpires=- | PrimaryGroupId=- | AllowedToDelegateTo=- | OldUacValue=- | NewUacValue=- | UserAccountControl=- | UserParameters=- | SidHistory=- | LogonHours=-
windows_event,win_event,165,2026-05-19T13:41:13.055063+00:00,,4648,Microsoft-Windows-Security-Auditing,Microsoft-Windows-Security-Auditing,andy-aaron,1152,10704,,SubjectUserSid=S-1-5-18 | SubjectUserName=ANDY-AARON$ | SubjectDomainName=WORKGROUP | SubjectLogonId=0x00000000000003e7 | LogonGuid={00000000-0000-0000-0000-000000000000} | TargetUserName=aoliviermarhegane@gmail.com | TargetDomainName=MicrosoftAccount | TargetLogonGuid={00000000-0000-0000-0000-000000000000} | TargetServerName=localhost | TargetInfo=localhost | ProcessId=0x0000000000000974 | ProcessName=C:\Windows\System32\svchost.exe | IpAddress=127.0.0.1 | IpPort=0
windows_event,win_event,166,2026-05-19T13:41:13.055115+00:00,,4624,Microsoft-Windows-Security-Auditing,Microsoft-Windows-Security-Auditing,andy-aaron,1152,10704,,SubjectUserSid=S-1-5-18 | SubjectUserName=ANDY-AARON$ | SubjectDomainName=WORKGROUP | SubjectLogonId=0x00000000000003e7 | TargetUserSid=S-1-5-21-3162627772-1273376818-3066158126-1001 | TargetUserName=aoliviermarhegane@gmail.com | TargetDomainName=MicrosoftAccount | TargetLogonId=0x0000000008b9f576 | LogonType=11 | LogonProcessName=User32 | AuthenticationPackageName=Negotiate | WorkstationName=ANDY-AARON | LogonGuid={00000000-0000-0000-0000-000000000000} | TransmittedServices=- | LmPackageName=- | KeyLength=0 | ProcessId=0x0000000000000974 | ProcessName=C:\Windows\System32\svchost.exe | IpAddress=127.0.0.1 | IpPort=0 | ImpersonationLevel=%%1833 | RestrictedAdminMode=- | RemoteCredentialGuard=- | TargetOutboundUserName=- | TargetOutboundDomainName=- | VirtualAccount=%%1843 | TargetLinkedLogonId=0x0000000008b9f5c2 | ElevatedToken=%%1842
windows_event,win_event,167,2026-05-19T13:41:13.055140+00:00,,4624,Microsoft-Windows-Security-Auditing,Microsoft-Windows-Security-Auditing,andy-aaron,1152,10704,,SubjectUserSid=S-1-5-18 | SubjectUserName=ANDY-AARON$ | SubjectDomainName=WORKGROUP | SubjectLogonId=0x00000000000003e7 | TargetUserSid=S-1-5-21-3162627772-1273376818-3066158126-1001 | TargetUserName=aoliviermarhegane@gmail.com | TargetDomainName=MicrosoftAccount | TargetLogonId=0x0000000008b9f5c2 | LogonType=11 | LogonProcessName=User32 | AuthenticationPackageName=Negotiate | WorkstationName=ANDY-AARON | LogonGuid={00000000-0000-0000-0000-000000000000} | TransmittedServices=- | LmPackageName=- | KeyLength=0 | ProcessId=0x0000000000000974 | ProcessName=C:\Windows\System32\svchost.exe | IpAddress=127.0.0.1 | IpPort=0 | ImpersonationLevel=%%1833 | RestrictedAdminMode=- | RemoteCredentialGuard=- | TargetOutboundUserName=- | TargetOutboundDomainName=- | VirtualAccount=%%1843 | TargetLinkedLogonId=0x0000000008b9f576 | ElevatedToken=%%1843
windows_event,win_event,168,2026-05-19T13:41:13.055145+00:00,,4672,Microsoft-Windows-Security-Auditing,Microsoft-Windows-Security-Auditing,andy-aaron,1152,10704,,SubjectUserSid=S-1-5-21-3162627772-1273376818-3066158126-1001 | SubjectUserName=aoliviermarhegane@gmail.com | SubjectDomainName=MicrosoftAccount | SubjectLogonId=0x0000000008b9f576 | PrivilegeList=SeSecurityPrivilege SeTakeOwnershipPrivilege SeLoadDriverPrivilege SeBackupPrivilege SeRestorePrivilege SeDebugPrivilege SeSystemEnvironmentPrivilege SeImpersonatePrivilege SeDelegateSessionUserImpersonatePrivilege
windows_event,win_event,169,2026-05-19T13:41:13.060173+00:00,,5059,Microsoft-Windows-Security-Auditing,Microsoft-Windows-Security-Auditing,andy-aaron,1152,10704,,SubjectUserSid=S-1-5-19 | SubjectUserName=SERVICE LOCAL | SubjectDomainName=AUTORITE NT | SubjectLogonId=0x00000000000003e5 | ClientProcessId=10988 | ClientCreationTime=2026-05-17 20:13:24.116796+00:00 | ProviderName=Microsoft Software Key Storage Provider | AlgorithmName=RSA | KeyName={842D2116-1BDF-4B85-8EB2-7490A6FD1737} | KeyType=%%2500 | Operation=%%2464 | ReturnCode=0x00000000
windows_event,win_event,170,2026-05-19T13:41:13.061123+00:00,,5059,Microsoft-Windows-Security-Auditing,Microsoft-Windows-Security-Auditing,andy-aaron,1152,10704,,SubjectUserSid=S-1-5-19 | SubjectUserName=SERVICE LOCAL | SubjectDomainName=AUTORITE NT | SubjectLogonId=0x00000000000003e5 | ClientProcessId=10988 | ClientCreationTime=2026-05-17 20:13:24.116796+00:00 | ProviderName=Microsoft Software Key Storage Provider | AlgorithmName=RSA | KeyName={842D2116-1BDF-4B85-8EB2-7490A6FD1737} | KeyType=%%2500 | Operation=%%2464 | ReturnCode=0x00000000
windows_event,win_event,171,2026-05-19T13:41:13.114803+00:00,,4738,Microsoft-Windows-Security-Auditing,Microsoft-Windows-Security-Auditing,andy-aaron,1152,16144,,Dummy=- | TargetUserName=aoliv | TargetDomainName=andy-aaron | TargetSid=S-1-5-21-3162627772-1273376818-3066158126-1001 | SubjectUserSid=S-1-5-18 | SubjectUserName=ANDY-AARON$ | SubjectDomainName=WORKGROUP | SubjectLogonId=0x00000000000003e7 | PrivilegeList=- | SamAccountName=- | DisplayName=Andy Marhegane | UserPrincipalName=- | HomeDirectory=- | HomePath=- | ScriptPath=- | ProfilePath=- | UserWorkstations=- | PasswordLastSet=- | AccountExpires=- | PrimaryGroupId=- | AllowedToDelegateTo=- | OldUacValue=- | NewUacValue=- | UserAccountControl=- | UserParameters=- | SidHistory=- | LogonHours=-
windows_event,win_event,172,2026-05-19T13:41:13.126534+00:00,,4648,Microsoft-Windows-Security-Auditing,Microsoft-Windows-Security-Auditing,andy-aaron,1152,16144,,SubjectUserSid=S-1-5-18 | SubjectUserName=ANDY-AARON$ | SubjectDomainName=WORKGROUP | SubjectLogonId=0x00000000000003e7 | LogonGuid={00000000-0000-0000-0000-000000000000} | TargetUserName=aoliviermarhegane@gmail.com | TargetDomainName=MicrosoftAccount | TargetLogonGuid={00000000-0000-0000-0000-000000000000} | TargetServerName=localhost | TargetInfo=localhost | ProcessId=0x0000000000000480 | ProcessName=C:\Windows\System32\lsass.exe | IpAddress=- | IpPort=-
windows_event,win_event,173,2026-05-19T13:41:13.126598+00:00,,4624,Microsoft-Windows-Security-Auditing,Microsoft-Windows-Security-Auditing,andy-aaron,1152,16144,,SubjectUserSid=S-1-5-18 | SubjectUserName=ANDY-AARON$ | SubjectDomainName=WORKGROUP | SubjectLogonId=0x00000000000003e7 | TargetUserSid=S-1-5-21-3162627772-1273376818-3066158126-1001 | TargetUserName=aoliviermarhegane@gmail.com | TargetDomainName=MicrosoftAccount | TargetLogonId=0x0000000008b9ff2c | LogonType=7 | LogonProcessName=Negotiat | AuthenticationPackageName=Negotiate | WorkstationName=ANDY-AARON | LogonGuid={00000000-0000-0000-0000-000000000000} | TransmittedServices=- | LmPackageName=- | KeyLength=0 | ProcessId=0x0000000000000480 | ProcessName=C:\Windows\System32\lsass.exe | IpAddress=- | IpPort=- | ImpersonationLevel=%%1833 | RestrictedAdminMode=- | RemoteCredentialGuard=- | TargetOutboundUserName=- | TargetOutboundDomainName=- | VirtualAccount=%%1843 | TargetLinkedLogonId=0x0000000008ba00d6 | ElevatedToken=%%1842
windows_event,win_event,174,2026-05-19T13:41:13.126629+00:00,,4624,Microsoft-Windows-Security-Auditing,Microsoft-Windows-Security-Auditing,andy-aaron,1152,16144,,SubjectUserSid=S-1-5-18 | SubjectUserName=ANDY-AARON$ | SubjectDomainName=WORKGROUP | SubjectLogonId=0x00000000000003e7 | TargetUserSid=S-1-5-21-3162627772-1273376818-3066158126-1001 | TargetUserName=aoliviermarhegane@gmail.com | TargetDomainName=MicrosoftAccount | TargetLogonId=0x0000000008ba00d6 | LogonType=7 | LogonProcessName=Negotiat | AuthenticationPackageName=Negotiate | WorkstationName=ANDY-AARON | LogonGuid={00000000-0000-0000-0000-000000000000} | TransmittedServices=- | LmPackageName=- | KeyLength=0 | ProcessId=0x0000000000000480 | ProcessName=C:\Windows\System32\lsass.exe | IpAddress=- | IpPort=- | ImpersonationLevel=%%1833 | RestrictedAdminMode=- | RemoteCredentialGuard=- | TargetOutboundUserName=- | TargetOutboundDomainName=- | VirtualAccount=%%1843 | TargetLinkedLogonId=0x0000000008b9ff2c | ElevatedToken=%%1843
windows_event,win_event,175,2026-05-19T13:41:13.126656+00:00,,4672,Microsoft-Windows-Security-Auditing,Microsoft-Windows-Security-Auditing,andy-aaron,1152,16144,,SubjectUserSid=S-1-5-21-3162627772-1273376818-3066158126-1001 | SubjectUserName=aoliviermarhegane@gmail.com | SubjectDomainName=MicrosoftAccount | SubjectLogonId=0x0000000008b9ff2c | PrivilegeList=SeSecurityPrivilege SeTakeOwnershipPrivilege SeLoadDriverPrivilege SeBackupPrivilege SeRestorePrivilege SeDebugPrivilege SeSystemEnvironmentPrivilege SeImpersonatePrivilege SeDelegateSessionUserImpersonatePrivilege
windows_event,win_event,176,2026-05-19T13:41:13.128189+00:00,,4634,Microsoft-Windows-Security-Auditing,Microsoft-Windows-Security-Auditing,andy-aaron,1152,10804,,TargetUserSid=S-1-5-21-3162627772-1273376818-3066158126-1001 | TargetUserName=aoliv | TargetDomainName=ANDY-AARON | TargetLogonId=0x0000000008ba00d6 | LogonType=7
windows_event,win_event,177,2026-05-19T13:41:13.128208+00:00,,4634,Microsoft-Windows-Security-Auditing,Microsoft-Windows-Security-Auditing,andy-aaron,1152,23216,,TargetUserSid=S-1-5-21-3162627772-1273376818-3066158126-1001 | TargetUserName=aoliv | TargetDomainName=ANDY-AARON | TargetLogonId=0x0000000008b9f5c2 | LogonType=2
windows_event,win_event,178,2026-05-19T13:41:13.136143+00:00,,4634,Microsoft-Windows-Security-Auditing,Microsoft-Windows-Security-Auditing,andy-aaron,1152,8100,,TargetUserSid=S-1-5-21-3162627772-1273376818-3066158126-1001 | TargetUserName=aoliv | TargetDomainName=ANDY-AARON | TargetLogonId=0x0000000008b9ff2c | LogonType=7
windows_event,win_event,179,2026-05-19T13:41:13.136385+00:00,,4634,Microsoft-Windows-Security-Auditing,Microsoft-Windows-Security-Auditing,andy-aaron,1152,23216,,TargetUserSid=S-1-5-21-3162627772-1273376818-3066158126-1001 | TargetUserName=aoliv | TargetDomainName=ANDY-AARON | TargetLogonId=0x0000000008b9f576 | LogonType=2
windows_event,win_event,180,2026-05-19T13:41:13.443747+00:00,,4624,Microsoft-Windows-Security-Auditing,Microsoft-Windows-Security-Auditing,andy-aaron,1152,23216,,SubjectUserSid=S-1-5-18 | SubjectUserName=ANDY-AARON$ | SubjectDomainName=WORKGROUP | SubjectLogonId=0x00000000000003e7 | TargetUserSid=S-1-5-18 | TargetUserName=Système | TargetDomainName=AUTORITE NT | TargetLogonId=0x00000000000003e7 | LogonType=5 | LogonProcessName=Advapi | AuthenticationPackageName=Negotiate | WorkstationName=- | LogonGuid={00000000-0000-0000-0000-000000000000} | TransmittedServices=- | LmPackageName=- | KeyLength=0 | ProcessId=0x000000000000044c | ProcessName=C:\Windows\System32\services.exe | IpAddress=- | IpPort=- | ImpersonationLevel=%%1833 | RestrictedAdminMode=- | RemoteCredentialGuard=- | TargetOutboundUserName=- | TargetOutboundDomainName=- | VirtualAccount=%%1843 | TargetLinkedLogonId=0x0000000000000000 | ElevatedToken=%%1842
windows_event,win_event,181,2026-05-19T13:41:13.443758+00:00,,4672,Microsoft-Windows-Security-Auditing,Microsoft-Windows-Security-Auditing,andy-aaron,1152,23216,,SubjectUserSid=S-1-5-18 | SubjectUserName=Système | SubjectDomainName=AUTORITE NT | SubjectLogonId=0x00000000000003e7 | PrivilegeList=SeAssignPrimaryTokenPrivilege SeTcbPrivilege SeSecurityPrivilege SeTakeOwnershipPrivilege SeLoadDriverPrivilege SeBackupPrivilege SeRestorePrivilege SeDebugPrivilege SeAuditPrivilege SeSystemEnvironmentPrivilege SeImpersonatePrivilege SeDelegateSessionUserImpersonatePrivilege
windows_event,win_event,182,2026-05-19T13:41:32.655748+00:00,,4624,Microsoft-Windows-Security-Auditing,Microsoft-Windows-Security-Auditing,andy-aaron,1152,18948,,SubjectUserSid=S-1-5-18 | SubjectUserName=ANDY-AARON$ | SubjectDomainName=WORKGROUP | SubjectLogonId=0x00000000000003e7 | TargetUserSid=S-1-5-18 | TargetUserName=Système | TargetDomainName=AUTORITE NT | TargetLogonId=0x00000000000003e7 | LogonType=5 | LogonProcessName=Advapi | AuthenticationPackageName=Negotiate | WorkstationName=- | LogonGuid={00000000-0000-0000-0000-000000000000} | TransmittedServices=- | LmPackageName=- | KeyLength=0 | ProcessId=0x000000000000044c | ProcessName=C:\Windows\System32\services.exe | IpAddress=- | IpPort=- | ImpersonationLevel=%%1833 | RestrictedAdminMode=- | RemoteCredentialGuard=- | TargetOutboundUserName=- | TargetOutboundDomainName=- | VirtualAccount=%%1843 | TargetLinkedLogonId=0x0000000000000000 | ElevatedToken=%%1842
windows_event,win_event,183,2026-05-19T13:41:32.655762+00:00,,4672,Microsoft-Windows-Security-Auditing,Microsoft-Windows-Security-Auditing,andy-aaron,1152,18948,,SubjectUserSid=S-1-5-18 | SubjectUserName=Système | SubjectDomainName=AUTORITE NT | SubjectLogonId=0x00000000000003e7 | PrivilegeList=SeAssignPrimaryTokenPrivilege SeTcbPrivilege SeSecurityPrivilege SeTakeOwnershipPrivilege SeLoadDriverPrivilege SeBackupPrivilege SeRestorePrivilege SeDebugPrivilege SeAuditPrivilege SeSystemEnvironmentPrivilege SeImpersonatePrivilege SeDelegateSessionUserImpersonatePrivilege
windows_event,win_event,184,2026-05-19T13:41:32.975088+00:00,,4624,Microsoft-Windows-Security-Auditing,Microsoft-Windows-Security-Auditing,andy-aaron,1152,18948,,SubjectUserSid=S-1-5-18 | SubjectUserName=ANDY-AARON$ | SubjectDomainName=WORKGROUP | SubjectLogonId=0x00000000000003e7 | TargetUserSid=S-1-5-18 | TargetUserName=Système | TargetDomainName=AUTORITE NT | TargetLogonId=0x00000000000003e7 | LogonType=5 | LogonProcessName=Advapi | AuthenticationPackageName=Negotiate | WorkstationName=- | LogonGuid={00000000-0000-0000-0000-000000000000} | TransmittedServices=- | LmPackageName=- | KeyLength=0 | ProcessId=0x000000000000044c | ProcessName=C:\Windows\System32\services.exe | IpAddress=- | IpPort=- | ImpersonationLevel=%%1833 | RestrictedAdminMode=- | RemoteCredentialGuard=- | TargetOutboundUserName=- | TargetOutboundDomainName=- | VirtualAccount=%%1843 | TargetLinkedLogonId=0x0000000000000000 | ElevatedToken=%%1842
windows_event,win_event,185,2026-05-19T13:41:32.975100+00:00,,4672,Microsoft-Windows-Security-Auditing,Microsoft-Windows-Security-Auditing,andy-aaron,1152,18948,,SubjectUserSid=S-1-5-18 | SubjectUserName=Système | SubjectDomainName=AUTORITE NT | SubjectLogonId=0x00000000000003e7 | PrivilegeList=SeAssignPrimaryTokenPrivilege SeTcbPrivilege SeSecurityPrivilege SeTakeOwnershipPrivilege SeLoadDriverPrivilege SeBackupPrivilege SeRestorePrivilege SeDebugPrivilege SeAuditPrivilege SeSystemEnvironmentPrivilege SeImpersonatePrivilege SeDelegateSessionUserImpersonatePrivilege
windows_event,win_event,186,2026-05-19T13:41:38.186018+00:00,,4624,Microsoft-Windows-Security-Auditing,Microsoft-Windows-Security-Auditing,andy-aaron,1152,23216,,SubjectUserSid=S-1-5-18 | SubjectUserName=ANDY-AARON$ | SubjectDomainName=WORKGROUP | SubjectLogonId=0x00000000000003e7 | TargetUserSid=S-1-5-18 | TargetUserName=Système | TargetDomainName=AUTORITE NT | TargetLogonId=0x00000000000003e7 | LogonType=5 | LogonProcessName=Advapi | AuthenticationPackageName=Negotiate | WorkstationName=- | LogonGuid={00000000-0000-0000-0000-000000000000} | TransmittedServices=- | LmPackageName=- | KeyLength=0 | ProcessId=0x000000000000044c | ProcessName=C:\Windows\System32\services.exe | IpAddress=- | IpPort=- | ImpersonationLevel=%%1833 | RestrictedAdminMode=- | RemoteCredentialGuard=- | TargetOutboundUserName=- | TargetOutboundDomainName=- | VirtualAccount=%%1843 | TargetLinkedLogonId=0x0000000000000000 | ElevatedToken=%%1842
windows_event,win_event,187,2026-05-19T13:41:38.186028+00:00,,4672,Microsoft-Windows-Security-Auditing,Microsoft-Windows-Security-Auditing,andy-aaron,1152,23216,,SubjectUserSid=S-1-5-18 | SubjectUserName=Système | SubjectDomainName=AUTORITE NT | SubjectLogonId=0x00000000000003e7 | PrivilegeList=SeAssignPrimaryTokenPrivilege SeTcbPrivilege SeSecurityPrivilege SeTakeOwnershipPrivilege SeLoadDriverPrivilege SeBackupPrivilege SeRestorePrivilege SeDebugPrivilege SeAuditPrivilege SeSystemEnvironmentPrivilege SeImpersonatePrivilege SeDelegateSessionUserImpersonatePrivilege
windows_event,win_event,188,2026-05-19T13:41:38.259464+00:00,,5379,Microsoft-Windows-Security-Auditing,Microsoft-Windows-Security-Auditing,andy-aaron,1152,8100,,SubjectUserSid=S-1-5-18 | SubjectUserName=ANDY-AARON$ | SubjectDomainName=WORKGROUP | SubjectLogonId=0x00000000000003e7 | TargetName=WindowsLive:(token):name=02eldpqtsfvxohol;serviceuri=* | Type=0 | CountOfCredentialsReturned=0 | ReadOperation=%%8100 | ReturnCode=3221226021 | ProcessCreationTime=2026-05-19 13:41:38.187950+00:00 | ClientProcessId=27452
windows_event,win_event,189,2026-05-19T13:41:38.259783+00:00,,5379,Microsoft-Windows-Security-Auditing,Microsoft-Windows-Security-Auditing,andy-aaron,1152,8100,,SubjectUserSid=S-1-5-18 | SubjectUserName=ANDY-AARON$ | SubjectDomainName=WORKGROUP | SubjectLogonId=0x00000000000003e7 | TargetName=WindowsLive:(cert):name=02eldpqtsfvxohol;serviceuri=* | Type=0 | CountOfCredentialsReturned=0 | ReadOperation=%%8100 | ReturnCode=3221226021 | ProcessCreationTime=2026-05-19 13:41:38.187950+00:00 | ClientProcessId=27452
windows_event,win_event,190,2026-05-19T13:41:38.259869+00:00,,5379,Microsoft-Windows-Security-Auditing,Microsoft-Windows-Security-Auditing,andy-aaron,1152,8100,,SubjectUserSid=S-1-5-18 | SubjectUserName=ANDY-AARON$ | SubjectDomainName=WORKGROUP | SubjectLogonId=0x00000000000003e7 | TargetName=WindowsLive:target=virtualapp/didlogical | Type=0 | CountOfCredentialsReturned=1 | ReadOperation=%%8100 | ReturnCode=0 | ProcessCreationTime=2026-05-19 13:41:38.187950+00:00 | ClientProcessId=27452
windows_event,win_event,191,2026-05-19T13:41:38.263447+00:00,,5379,Microsoft-Windows-Security-Auditing,Microsoft-Windows-Security-Auditing,andy-aaron,1152,8100,,SubjectUserSid=S-1-5-21-3162627772-1273376818-3066158126-1001 | SubjectUserName=aoliv | SubjectDomainName=ANDY-AARON | SubjectLogonId=0x00000000054f03a2 | TargetName=WindowsLive:(token):name=02idffudefnhqldb;serviceuri=* | Type=0 | CountOfCredentialsReturned=0 | ReadOperation=%%8100 | ReturnCode=3221226021 | ProcessCreationTime=2026-05-19 13:41:38.187950+00:00 | ClientProcessId=27452
windows_event,win_event,192,2026-05-19T13:41:38.263729+00:00,,5379,Microsoft-Windows-Security-Auditing,Microsoft-Windows-Security-Auditing,andy-aaron,1152,8100,,SubjectUserSid=S-1-5-21-3162627772-1273376818-3066158126-1001 | SubjectUserName=aoliv | SubjectDomainName=ANDY-AARON | SubjectLogonId=0x00000000054f03a2 | TargetName=WindowsLive:(cert):name=02idffudefnhqldb;serviceuri=* | Type=0 | CountOfCredentialsReturned=0 | ReadOperation=%%8100 | ReturnCode=3221226021 | ProcessCreationTime=2026-05-19 13:41:38.187950+00:00 | ClientProcessId=27452
windows_event,win_event,193,2026-05-19T13:41:38.263813+00:00,,5379,Microsoft-Windows-Security-Auditing,Microsoft-Windows-Security-Auditing,andy-aaron,1152,8100,,SubjectUserSid=S-1-5-21-3162627772-1273376818-3066158126-1001 | SubjectUserName=aoliv | SubjectDomainName=ANDY-AARON | SubjectLogonId=0x00000000054f03a2 | TargetName=WindowsLive:target=virtualapp/didlogical | Type=0 | CountOfCredentialsReturned=1 | ReadOperation=%%8100 | ReturnCode=0 | ProcessCreationTime=2026-05-19 13:41:38.187950+00:00 | ClientProcessId=27452
windows_event,win_event,194,2026-05-19T13:41:38.267036+00:00,,5379,Microsoft-Windows-Security-Auditing,Microsoft-Windows-Security-Auditing,andy-aaron,1152,8100,,SubjectUserSid=S-1-5-21-3162627772-1273376818-3066158126-1001 | SubjectUserName=aoliv | SubjectDomainName=ANDY-AARON | SubjectLogonId=0x00000000054f03a2 | TargetName=MicrosoftAccount:user=02idffudefnhqldb | Type=0 | CountOfCredentialsReturned=0 | ReadOperation=%%8100 | ReturnCode=3221226021 | ProcessCreationTime=2026-05-19 13:41:38.187950+00:00 | ClientProcessId=27452
windows_event,win_event,195,2026-05-19T13:41:38.267187+00:00,,5379,Microsoft-Windows-Security-Auditing,Microsoft-Windows-Security-Auditing,andy-aaron,1152,8100,,SubjectUserSid=S-1-5-21-3162627772-1273376818-3066158126-1001 | SubjectUserName=aoliv | SubjectDomainName=ANDY-AARON | SubjectLogonId=0x00000000054f03a2 | TargetName=WindowsLive:(token):name=02idffudefnhqldb;serviceuri=* | Type=0 | CountOfCredentialsReturned=0 | ReadOperation=%%8100 | ReturnCode=3221226021 | ProcessCreationTime=2026-05-19 13:41:38.187950+00:00 | ClientProcessId=27452
windows_event,win_event,196,2026-05-19T13:41:38.267687+00:00,,5379,Microsoft-Windows-Security-Auditing,Microsoft-Windows-Security-Auditing,andy-aaron,1152,8100,,SubjectUserSid=S-1-5-21-3162627772-1273376818-3066158126-1001 | SubjectUserName=aoliv | SubjectDomainName=ANDY-AARON | SubjectLogonId=0x00000000054f03a2 | TargetName=WindowsLive:(cert):name=02idffudefnhqldb;serviceuri=* | Type=0 | CountOfCredentialsReturned=0 | ReadOperation=%%8100 | ReturnCode=3221226021 | ProcessCreationTime=2026-05-19 13:41:38.187950+00:00 | ClientProcessId=27452
windows_event,win_event,197,2026-05-19T13:41:38.280247+00:00,,5379,Microsoft-Windows-Security-Auditing,Microsoft-Windows-Security-Auditing,andy-aaron,1152,8100,,SubjectUserSid=S-1-5-21-3162627772-1273376818-3066158126-1001 | SubjectUserName=aoliv | SubjectDomainName=ANDY-AARON | SubjectLogonId=0x00000000054f03a2 | TargetName=MicrosoftAccount:user=aoliviermarhegane@gmail.com | Type=0 | CountOfCredentialsReturned=1 | ReadOperation=%%8100 | ReturnCode=0 | ProcessCreationTime=2026-05-19 13:41:38.187950+00:00 | ClientProcessId=27452
windows_event,win_event,198,2026-05-19T13:41:38.282518+00:00,,5379,Microsoft-Windows-Security-Auditing,Microsoft-Windows-Security-Auditing,andy-aaron,1152,8100,,SubjectUserSid=S-1-5-21-3162627772-1273376818-3066158126-1001 | SubjectUserName=aoliv | SubjectDomainName=ANDY-AARON | SubjectLogonId=0x00000000054f03a2 | TargetName=WindowsLive:(token):name=aoliviermarhegane@gmail.com;serviceuri=* | Type=0 | CountOfCredentialsReturned=0 | ReadOperation=%%8100 | ReturnCode=3221226021 | ProcessCreationTime=2026-05-19 13:41:38.187950+00:00 | ClientProcessId=27452
windows_event,win_event,199,2026-05-19T13:41:38.282671+00:00,,5379,Microsoft-Windows-Security-Auditing,Microsoft-Windows-Security-Auditing,andy-aaron,1152,8100,,SubjectUserSid=S-1-5-21-3162627772-1273376818-3066158126-1001 | SubjectUserName=aoliv | SubjectDomainName=ANDY-AARON | SubjectLogonId=0x00000000054f03a2 | TargetName=WindowsLive:(cert):name=aoliviermarhegane@gmail.com;serviceuri=* | Type=0 | CountOfCredentialsReturned=0 | ReadOperation=%%8100 | ReturnCode=3221226021 | ProcessCreationTime=2026-05-19 13:41:38.187950+00:00 | ClientProcessId=27452
windows_event,win_event,200,2026-05-19T13:41:40.233284+00:00,,5379,Microsoft-Windows-Security-Auditing,Microsoft-Windows-Security-Auditing,andy-aaron,1152,23216,,SubjectUserSid=S-1-5-21-3162627772-1273376818-3066158126-1001 | SubjectUserName=aoliv | SubjectDomainName=ANDY-AARON | SubjectLogonId=0x00000000054f03a2 | TargetName=MicrosoftAccount:user=02idffudefnhqldb | Type=0 | CountOfCredentialsReturned=0 | ReadOperation=%%8100 | ReturnCode=3221226021 | ProcessCreationTime=2026-05-19 13:41:38.187950+00:00 | ClientProcessId=27452
