dataset,subtype,recno,timestamp_iso,severity,event,source,component,host,pid,tid,user,message
windows_event,win_event,1,2026-04-25T17:00:15.773821+00:00,INFO,34,Oracle.xe,Oracle.xe,andy-aaron,6644,0,,"<string>LENGTH: '690' ACTION :[438] 'select /*+ no_parallel(t) no_parallel_index(t) dbms_stats cursor_sharing_exact use_weak_name_resl dynamic_sampling(0) no_monitoring xmlindex_sel_idx_tbl opt_param('optimizer_inmemory_aware' 'false') no_substrb_pad leading(r t) use_nl(t) rowid(t) */ substrb(dump(t.""DROP_SEGMENTS"",16,0,64),1,240) d_2503730669, r.rwid, r.freq from ""SYS"".""MON_MODS_ALL$"" t, table(:topntab) r where t.rowid = chartorowid(r.rwid) order by t.""DROP_SEGMENTS""' DATABASE USER:[3] 'SYS' PRIVILEGE :[4] 'NONE' CLIENT USER:[0] '' CLIENT TERMINAL:[10] 'ANDY-AARON' STATUS:[1] '0' DBID:[10] '1689037571' SESSIONID:[7] '1010483' USERHOST:[10] 'ANDY-AARON' CLIENT ADDRESS:[0] '' ACTION NUMBER:[1] '3' </string>"
windows_event,win_event,2,2026-04-25T17:00:15.781473+00:00,INFO,34,Oracle.xe,Oracle.xe,andy-aaron,6644,0,,"<string>LENGTH: '690' ACTION :[438] 'select /*+ no_parallel(t) no_parallel_index(t) dbms_stats cursor_sharing_exact use_weak_name_resl dynamic_sampling(0) no_monitoring xmlindex_sel_idx_tbl opt_param('optimizer_inmemory_aware' 'false') no_substrb_pad leading(r t) use_nl(t) rowid(t) */ substrb(dump(t.""DROP_SEGMENTS"",16,0,64),1,240) d_2503730669, r.rwid, r.freq from ""SYS"".""MON_MODS_ALL$"" t, table(:topntab) r where t.rowid = chartorowid(r.rwid) order by t.""DROP_SEGMENTS""' DATABASE USER:[3] 'SYS' PRIVILEGE :[4] 'NONE' CLIENT USER:[0] '' CLIENT TERMINAL:[10] 'ANDY-AARON' STATUS:[1] '0' DBID:[10] '1689037571' SESSIONID:[7] '1010483' USERHOST:[10] 'ANDY-AARON' CLIENT ADDRESS:[0] '' ACTION NUMBER:[1] '3' </string>"
windows_event,win_event,3,2026-04-25T17:00:15.782240+00:00,INFO,34,Oracle.xe,Oracle.xe,andy-aaron,6644,0,,"<string>LENGTH: '686' ACTION :[434] 'select /*+ no_parallel(t) no_parallel_index(t) dbms_stats cursor_sharing_exact use_weak_name_resl dynamic_sampling(0) no_monitoring xmlindex_sel_idx_tbl opt_param('optimizer_inmemory_aware' 'false') no_substrb_pad leading(r t) use_nl(t) rowid(t) */ substrb(dump(t.""CLIENT_ID"",16,0,64),1,240) d_2916467659, r.rwid, r.freq from ""SYS"".""KET$_CLIENT_TASKS"" t, table(:topntab) r where t.rowid = chartorowid(r.rwid) order by t.""CLIENT_ID""' DATABASE USER:[3] 'SYS' PRIVILEGE :[4] 'NONE' CLIENT USER:[0] '' CLIENT TERMINAL:[10] 'ANDY-AARON' STATUS:[1] '0' DBID:[10] '3074368596' SESSIONID:[7] '1020316' USERHOST:[10] 'ANDY-AARON' CLIENT ADDRESS:[0] '' ACTION NUMBER:[1] '3' </string>"
windows_event,win_event,4,2026-04-25T17:00:15.785378+00:00,INFO,34,Oracle.xe,Oracle.xe,andy-aaron,6644,0,,"<string>LENGTH: '674' ACTION :[422] 'select /*+ no_parallel(t) no_parallel_index(t) dbms_stats cursor_sharing_exact use_weak_name_resl dynamic_sampling(0) no_monitoring xmlindex_sel_idx_tbl opt_param('optimizer_inmemory_aware' 'false') no_substrb_pad leading(r t) use_nl(t) rowid(t) */ substrb(dump(t.""FLAGS"",16,0,64),1,240) d_2385161744, r.rwid, r.freq from ""SYS"".""MON_MODS_ALL$"" t, table(:topntab) r where t.rowid = chartorowid(r.rwid) order by t.""FLAGS""' DATABASE USER:[3] 'SYS' PRIVILEGE :[4] 'NONE' CLIENT USER:[0] '' CLIENT TERMINAL:[10] 'ANDY-AARON' STATUS:[1] '0' DBID:[10] '1689037571' SESSIONID:[7] '1010483' USERHOST:[10] 'ANDY-AARON' CLIENT ADDRESS:[0] '' ACTION NUMBER:[1] '3' </string>"
windows_event,win_event,5,2026-04-25T17:00:15.788950+00:00,INFO,34,Oracle.xe,Oracle.xe,andy-aaron,6644,0,,"<string>LENGTH: '686' ACTION :[434] 'select /*+ no_parallel(t) no_parallel_index(t) dbms_stats cursor_sharing_exact use_weak_name_resl dynamic_sampling(0) no_monitoring xmlindex_sel_idx_tbl opt_param('optimizer_inmemory_aware' 'false') no_substrb_pad leading(r t) use_nl(t) rowid(t) */ substrb(dump(t.""CLIENT_ID"",16,0,64),1,240) d_2916467659, r.rwid, r.freq from ""SYS"".""KET$_CLIENT_TASKS"" t, table(:topntab) r where t.rowid = chartorowid(r.rwid) order by t.""CLIENT_ID""' DATABASE USER:[3] 'SYS' PRIVILEGE :[4] 'NONE' CLIENT USER:[0] '' CLIENT TERMINAL:[10] 'ANDY-AARON' STATUS:[1] '0' DBID:[10] '3074368596' SESSIONID:[7] '1020316' USERHOST:[10] 'ANDY-AARON' CLIENT ADDRESS:[0] '' ACTION NUMBER:[1] '3' </string>"
windows_event,win_event,6,2026-04-25T17:00:15.791176+00:00,INFO,34,Oracle.xe,Oracle.xe,andy-aaron,6644,0,,"<string>LENGTH: '674' ACTION :[422] 'select /*+ no_parallel(t) no_parallel_index(t) dbms_stats cursor_sharing_exact use_weak_name_resl dynamic_sampling(0) no_monitoring xmlindex_sel_idx_tbl opt_param('optimizer_inmemory_aware' 'false') no_substrb_pad leading(r t) use_nl(t) rowid(t) */ substrb(dump(t.""FLAGS"",16,0,64),1,240) d_2385161744, r.rwid, r.freq from ""SYS"".""MON_MODS_ALL$"" t, table(:topntab) r where t.rowid = chartorowid(r.rwid) order by t.""FLAGS""' DATABASE USER:[3] 'SYS' PRIVILEGE :[4] 'NONE' CLIENT USER:[0] '' CLIENT TERMINAL:[10] 'ANDY-AARON' STATUS:[1] '0' DBID:[10] '1689037571' SESSIONID:[7] '1010483' USERHOST:[10] 'ANDY-AARON' CLIENT ADDRESS:[0] '' ACTION NUMBER:[1] '3' </string>"
windows_event,win_event,7,2026-04-25T17:00:15.793951+00:00,INFO,34,Oracle.xe,Oracle.xe,andy-aaron,6644,0,,"<string>LENGTH: '722' ACTION :[470] 'select /*+ no_parallel(t) no_parallel_index(t) dbms_stats cursor_sharing_exact use_weak_name_resl dynamic_sampling(0) no_monitoring xmlindex_sel_idx_tbl opt_param('optimizer_inmemory_aware' 'false') no_substrb_pad leading(r t) use_nl(t) rowid(t) */ substrb(dump(substrb(t.""CURR_JOB_NAME"",1,64),16,0,64),1,240) d_3611566683, r.rwid, r.freq from ""SYS"".""KET$_CLIENT_TASKS"" t, table(:topntab) r where t.rowid = chartorowid(r.rwid) order by substrb(t.""CURR_JOB_NAME"",1,64)' DATABASE USER:[3] 'SYS' PRIVILEGE :[4] 'NONE' CLIENT USER:[0] '' CLIENT TERMINAL:[10] 'ANDY-AARON' STATUS:[1] '0' DBID:[10] '3074368596' SESSIONID:[7] '1020316' USERHOST:[10] 'ANDY-AARON' CLIENT ADDRESS:[0] '' ACTION NUMBER:[1] '3' </string>"
windows_event,win_event,8,2026-04-25T17:00:15.806311+00:00,INFO,34,Oracle.xe,Oracle.xe,andy-aaron,6644,0,,"<string>LENGTH: '722' ACTION :[470] 'select /*+ no_parallel(t) no_parallel_index(t) dbms_stats cursor_sharing_exact use_weak_name_resl dynamic_sampling(0) no_monitoring xmlindex_sel_idx_tbl opt_param('optimizer_inmemory_aware' 'false') no_substrb_pad leading(r t) use_nl(t) rowid(t) */ substrb(dump(substrb(t.""CURR_JOB_NAME"",1,64),16,0,64),1,240) d_3611566683, r.rwid, r.freq from ""SYS"".""KET$_CLIENT_TASKS"" t, table(:topntab) r where t.rowid = chartorowid(r.rwid) order by substrb(t.""CURR_JOB_NAME"",1,64)' DATABASE USER:[3] 'SYS' PRIVILEGE :[4] 'NONE' CLIENT USER:[0] '' CLIENT TERMINAL:[10] 'ANDY-AARON' STATUS:[1] '0' DBID:[10] '3074368596' SESSIONID:[7] '1020316' USERHOST:[10] 'ANDY-AARON' CLIENT ADDRESS:[0] '' ACTION NUMBER:[1] '3' </string>"
windows_event,win_event,9,2026-04-25T17:00:15.811855+00:00,INFO,34,Oracle.xe,Oracle.xe,andy-aaron,6644,0,,"<string>LENGTH: '718' ACTION :[466] 'select /*+ no_parallel(t) no_parallel_index(t) dbms_stats cursor_sharing_exact use_weak_name_resl dynamic_sampling(0) no_monitoring xmlindex_sel_idx_tbl opt_param('optimizer_inmemory_aware' 'false') no_substrb_pad leading(r t) use_nl(t) rowid(t) */ substrb(dump(substrb(t.""TARGET_NAME"",1,64),16,0,64),1,240) d_2528797074, r.rwid, r.freq from ""SYS"".""KET$_CLIENT_TASKS"" t, table(:topntab) r where t.rowid = chartorowid(r.rwid) order by substrb(t.""TARGET_NAME"",1,64)' DATABASE USER:[3] 'SYS' PRIVILEGE :[4] 'NONE' CLIENT USER:[0] '' CLIENT TERMINAL:[10] 'ANDY-AARON' STATUS:[1] '0' DBID:[10] '3074368596' SESSIONID:[7] '1020316' USERHOST:[10] 'ANDY-AARON' CLIENT ADDRESS:[0] '' ACTION NUMBER:[1] '3' </string>"
windows_event,win_event,10,2026-04-25T17:00:15.822227+00:00,INFO,34,Oracle.xe,Oracle.xe,andy-aaron,6644,0,,"<string>LENGTH: '718' ACTION :[466] 'select /*+ no_parallel(t) no_parallel_index(t) dbms_stats cursor_sharing_exact use_weak_name_resl dynamic_sampling(0) no_monitoring xmlindex_sel_idx_tbl opt_param('optimizer_inmemory_aware' 'false') no_substrb_pad leading(r t) use_nl(t) rowid(t) */ substrb(dump(substrb(t.""TARGET_NAME"",1,64),16,0,64),1,240) d_2528797074, r.rwid, r.freq from ""SYS"".""KET$_CLIENT_TASKS"" t, table(:topntab) r where t.rowid = chartorowid(r.rwid) order by substrb(t.""TARGET_NAME"",1,64)' DATABASE USER:[3] 'SYS' PRIVILEGE :[4] 'NONE' CLIENT USER:[0] '' CLIENT TERMINAL:[10] 'ANDY-AARON' STATUS:[1] '0' DBID:[10] '3074368596' SESSIONID:[7] '1020316' USERHOST:[10] 'ANDY-AARON' CLIENT ADDRESS:[0] '' ACTION NUMBER:[1] '3' </string>"
windows_event,win_event,11,2026-04-25T17:00:15.825186+00:00,INFO,34,Oracle.xe,Oracle.xe,andy-aaron,6644,0,,"<string>LENGTH: '690' ACTION :[438] 'select /*+ no_parallel(t) no_parallel_index(t) dbms_stats cursor_sharing_exact use_weak_name_resl dynamic_sampling(0) no_monitoring xmlindex_sel_idx_tbl opt_param('optimizer_inmemory_aware' 'false') no_substrb_pad leading(r t) use_nl(t) rowid(t) */ substrb(dump(t.""TARGET_TYPE"",16,0,64),1,240) d_1850980517, r.rwid, r.freq from ""SYS"".""KET$_CLIENT_TASKS"" t, table(:topntab) r where t.rowid = chartorowid(r.rwid) order by t.""TARGET_TYPE""' DATABASE USER:[3] 'SYS' PRIVILEGE :[4] 'NONE' CLIENT USER:[0] '' CLIENT TERMINAL:[10] 'ANDY-AARON' STATUS:[1] '0' DBID:[10] '3074368596' SESSIONID:[7] '1020316' USERHOST:[10] 'ANDY-AARON' CLIENT ADDRESS:[0] '' ACTION NUMBER:[1] '3' </string>"
windows_event,win_event,12,2026-04-25T17:00:15.836130+00:00,INFO,34,Oracle.xe,Oracle.xe,andy-aaron,6644,0,,"<string>LENGTH: '690' ACTION :[438] 'select /*+ no_parallel(t) no_parallel_index(t) dbms_stats cursor_sharing_exact use_weak_name_resl dynamic_sampling(0) no_monitoring xmlindex_sel_idx_tbl opt_param('optimizer_inmemory_aware' 'false') no_substrb_pad leading(r t) use_nl(t) rowid(t) */ substrb(dump(t.""TARGET_TYPE"",16,0,64),1,240) d_1850980517, r.rwid, r.freq from ""SYS"".""KET$_CLIENT_TASKS"" t, table(:topntab) r where t.rowid = chartorowid(r.rwid) order by t.""TARGET_TYPE""' DATABASE USER:[3] 'SYS' PRIVILEGE :[4] 'NONE' CLIENT USER:[0] '' CLIENT TERMINAL:[10] 'ANDY-AARON' STATUS:[1] '0' DBID:[10] '3074368596' SESSIONID:[7] '1020316' USERHOST:[10] 'ANDY-AARON' CLIENT ADDRESS:[0] '' ACTION NUMBER:[1] '3' </string>"
windows_event,win_event,13,2026-04-25T17:00:15.839470+00:00,INFO,34,Oracle.xe,Oracle.xe,andy-aaron,6644,0,,"<string>LENGTH: '692' ACTION :[440] 'select /*+ no_parallel(t) no_parallel_index(t) dbms_stats cursor_sharing_exact use_weak_name_resl dynamic_sampling(0) no_monitoring xmlindex_sel_idx_tbl opt_param('optimizer_inmemory_aware' 'false') no_substrb_pad leading(r t) use_nl(t) rowid(t) */ substrb(dump(t.""OPERATION_ID"",16,0,64),1,240) d_3434013054, r.rwid, r.freq from ""SYS"".""KET$_CLIENT_TASKS"" t, table(:topntab) r where t.rowid = chartorowid(r.rwid) order by t.""OPERATION_ID""' DATABASE USER:[3] 'SYS' PRIVILEGE :[4] 'NONE' CLIENT USER:[0] '' CLIENT TERMINAL:[10] 'ANDY-AARON' STATUS:[1] '0' DBID:[10] '3074368596' SESSIONID:[7] '1020316' USERHOST:[10] 'ANDY-AARON' CLIENT ADDRESS:[0] '' ACTION NUMBER:[1] '3' </string>"
windows_event,win_event,14,2026-04-25T17:00:15.845779+00:00,INFO,34,Oracle.xe,Oracle.xe,andy-aaron,6644,0,,"<string>LENGTH: '692' ACTION :[440] 'select /*+ no_parallel(t) no_parallel_index(t) dbms_stats cursor_sharing_exact use_weak_name_resl dynamic_sampling(0) no_monitoring xmlindex_sel_idx_tbl opt_param('optimizer_inmemory_aware' 'false') no_substrb_pad leading(r t) use_nl(t) rowid(t) */ substrb(dump(t.""OPERATION_ID"",16,0,64),1,240) d_3434013054, r.rwid, r.freq from ""SYS"".""KET$_CLIENT_TASKS"" t, table(:topntab) r where t.rowid = chartorowid(r.rwid) order by t.""OPERATION_ID""' DATABASE USER:[3] 'SYS' PRIVILEGE :[4] 'NONE' CLIENT USER:[0] '' CLIENT TERMINAL:[10] 'ANDY-AARON' STATUS:[1] '0' DBID:[10] '3074368596' SESSIONID:[7] '1020316' USERHOST:[10] 'ANDY-AARON' CLIENT ADDRESS:[0] '' ACTION NUMBER:[1] '3' </string>"
windows_event,win_event,15,2026-04-25T17:00:16.026777+00:00,INFO,34,Oracle.xe,Oracle.xe,andy-aaron,6644,0,,"<string>LENGTH: '693' ACTION :[441] 'select /*+ no_parallel(t) no_parallel_index(t) dbms_stats cursor_sharing_exact use_weak_name_resl dynamic_sampling(0) no_monitoring xmlindex_sel_idx_tbl opt_param('optimizer_inmemory_aware' 'false') no_substrb_pad leading(r t) use_nl(t) rowid(t) */ substrb(dump(t.""EXECUTIONS"",16,0,64),1,240) d_1621331625, r.rwid, r.freq from ""SYS"".""WRI$_SQLSET_STATISTICS"" t, table(:topntab) r where t.rowid = chartorowid(r.rwid) order by t.""EXECUTIONS""' DATABASE USER:[3] 'SYS' PRIVILEGE :[4] 'NONE' CLIENT USER:[0] '' CLIENT TERMINAL:[10] 'ANDY-AARON' STATUS:[1] '0' DBID:[10] '1689037571' SESSIONID:[7] '1010483' USERHOST:[10] 'ANDY-AARON' CLIENT ADDRESS:[0] '' ACTION NUMBER:[1] '3' </string>"
windows_event,win_event,16,2026-04-25T17:00:16.032099+00:00,INFO,34,Oracle.xe,Oracle.xe,andy-aaron,6644,0,,"<string>LENGTH: '693' ACTION :[441] 'select /*+ no_parallel(t) no_parallel_index(t) dbms_stats cursor_sharing_exact use_weak_name_resl dynamic_sampling(0) no_monitoring xmlindex_sel_idx_tbl opt_param('optimizer_inmemory_aware' 'false') no_substrb_pad leading(r t) use_nl(t) rowid(t) */ substrb(dump(t.""EXECUTIONS"",16,0,64),1,240) d_1621331625, r.rwid, r.freq from ""SYS"".""WRI$_SQLSET_STATISTICS"" t, table(:topntab) r where t.rowid = chartorowid(r.rwid) order by t.""EXECUTIONS""' DATABASE USER:[3] 'SYS' PRIVILEGE :[4] 'NONE' CLIENT USER:[0] '' CLIENT TERMINAL:[10] 'ANDY-AARON' STATUS:[1] '0' DBID:[10] '1689037571' SESSIONID:[7] '1010483' USERHOST:[10] 'ANDY-AARON' CLIENT ADDRESS:[0] '' ACTION NUMBER:[1] '3' </string>"
windows_event,win_event,17,2026-04-25T17:00:16.042511+00:00,INFO,34,Oracle.xe,Oracle.xe,andy-aaron,6644,0,,"<string>LENGTH: '689' ACTION :[437] 'select /*+ no_parallel(t) no_parallel_index(t) dbms_stats cursor_sharing_exact use_weak_name_resl dynamic_sampling(0) no_monitoring xmlindex_sel_idx_tbl opt_param('optimizer_inmemory_aware' 'false') no_substrb_pad leading(r t) use_nl(t) rowid(t) */ substrb(dump(t.""CON_DBID"",16,0,64),1,240) d_2128730651, r.rwid, r.freq from ""SYS"".""WRI$_SQLSET_STATISTICS"" t, table(:topntab) r where t.rowid = chartorowid(r.rwid) order by t.""CON_DBID""' DATABASE USER:[3] 'SYS' PRIVILEGE :[4] 'NONE' CLIENT USER:[0] '' CLIENT TERMINAL:[10] 'ANDY-AARON' STATUS:[1] '0' DBID:[10] '1689037571' SESSIONID:[7] '1010483' USERHOST:[10] 'ANDY-AARON' CLIENT ADDRESS:[0] '' ACTION NUMBER:[1] '3' </string>"
windows_event,win_event,18,2026-04-25T17:00:16.050901+00:00,INFO,34,Oracle.xe,Oracle.xe,andy-aaron,6644,0,,"<string>LENGTH: '689' ACTION :[437] 'select /*+ no_parallel(t) no_parallel_index(t) dbms_stats cursor_sharing_exact use_weak_name_resl dynamic_sampling(0) no_monitoring xmlindex_sel_idx_tbl opt_param('optimizer_inmemory_aware' 'false') no_substrb_pad leading(r t) use_nl(t) rowid(t) */ substrb(dump(t.""CON_DBID"",16,0,64),1,240) d_2128730651, r.rwid, r.freq from ""SYS"".""WRI$_SQLSET_STATISTICS"" t, table(:topntab) r where t.rowid = chartorowid(r.rwid) order by t.""CON_DBID""' DATABASE USER:[3] 'SYS' PRIVILEGE :[4] 'NONE' CLIENT USER:[0] '' CLIENT TERMINAL:[10] 'ANDY-AARON' STATUS:[1] '0' DBID:[10] '1689037571' SESSIONID:[7] '1010483' USERHOST:[10] 'ANDY-AARON' CLIENT ADDRESS:[0] '' ACTION NUMBER:[1] '3' </string>"
windows_event,win_event,19,2026-04-25T17:00:16.054016+00:00,INFO,34,Oracle.xe,Oracle.xe,andy-aaron,6644,0,,"<string>LENGTH: '701' ACTION :[449] 'select /*+ no_parallel(t) no_parallel_index(t) dbms_stats cursor_sharing_exact use_weak_name_resl dynamic_sampling(0) no_monitoring xmlindex_sel_idx_tbl opt_param('optimizer_inmemory_aware' 'false') no_substrb_pad leading(r t) use_nl(t) rowid(t) */ substrb(dump(t.""CPU_TIME_DELTA"",16,0,64),1,240) d_2507461994, r.rwid, r.freq from ""SYS"".""WRI$_SQLSET_STATISTICS"" t, table(:topntab) r where t.rowid = chartorowid(r.rwid) order by t.""CPU_TIME_DELTA""' DATABASE USER:[3] 'SYS' PRIVILEGE :[4] 'NONE' CLIENT USER:[0] '' CLIENT TERMINAL:[10] 'ANDY-AARON' STATUS:[1] '0' DBID:[10] '1689037571' SESSIONID:[7] '1010483' USERHOST:[10] 'ANDY-AARON' CLIENT ADDRESS:[0] '' ACTION NUMBER:[1] '3' </string>"
windows_event,win_event,20,2026-04-25T17:00:16.060371+00:00,INFO,34,Oracle.xe,Oracle.xe,andy-aaron,6644,0,,"<string>LENGTH: '701' ACTION :[449] 'select /*+ no_parallel(t) no_parallel_index(t) dbms_stats cursor_sharing_exact use_weak_name_resl dynamic_sampling(0) no_monitoring xmlindex_sel_idx_tbl opt_param('optimizer_inmemory_aware' 'false') no_substrb_pad leading(r t) use_nl(t) rowid(t) */ substrb(dump(t.""CPU_TIME_DELTA"",16,0,64),1,240) d_2507461994, r.rwid, r.freq from ""SYS"".""WRI$_SQLSET_STATISTICS"" t, table(:topntab) r where t.rowid = chartorowid(r.rwid) order by t.""CPU_TIME_DELTA""' DATABASE USER:[3] 'SYS' PRIVILEGE :[4] 'NONE' CLIENT USER:[0] '' CLIENT TERMINAL:[10] 'ANDY-AARON' STATUS:[1] '0' DBID:[10] '1689037571' SESSIONID:[7] '1010483' USERHOST:[10] 'ANDY-AARON' CLIENT ADDRESS:[0] '' ACTION NUMBER:[1] '3' </string>"
windows_event,win_event,21,2026-04-25T17:00:16.157619+00:00,INFO,34,Oracle.xe,Oracle.xe,andy-aaron,6644,0,,"<string>LENGTH: '684' ACTION :[432] 'select /*+ no_parallel(t) no_parallel_index(t) dbms_stats cursor_sharing_exact use_weak_name_resl dynamic_sampling(0) no_monitoring xmlindex_sel_idx_tbl opt_param('optimizer_inmemory_aware' 'false') no_substrb_pad leading(r t) use_nl(t) rowid(t) */ substrb(dump(t.""DBID"",16,0,64),1,240) d_3099381843, r.rwid, r.freq from ""SYS"".""WRI$_DBU_CPU_USAGE_SAMPLE"" t, table(:topntab) r where t.rowid = chartorowid(r.rwid) order by t.""DBID""' DATABASE USER:[3] 'SYS' PRIVILEGE :[4] 'NONE' CLIENT USER:[0] '' CLIENT TERMINAL:[10] 'ANDY-AARON' STATUS:[1] '0' DBID:[10] '3074368596' SESSIONID:[7] '1020316' USERHOST:[10] 'ANDY-AARON' CLIENT ADDRESS:[0] '' ACTION NUMBER:[1] '3' </string>"
windows_event,win_event,22,2026-04-25T17:00:16.166876+00:00,INFO,34,Oracle.xe,Oracle.xe,andy-aaron,6644,0,,"<string>LENGTH: '684' ACTION :[432] 'select /*+ no_parallel(t) no_parallel_index(t) dbms_stats cursor_sharing_exact use_weak_name_resl dynamic_sampling(0) no_monitoring xmlindex_sel_idx_tbl opt_param('optimizer_inmemory_aware' 'false') no_substrb_pad leading(r t) use_nl(t) rowid(t) */ substrb(dump(t.""DBID"",16,0,64),1,240) d_3099381843, r.rwid, r.freq from ""SYS"".""WRI$_DBU_CPU_USAGE_SAMPLE"" t, table(:topntab) r where t.rowid = chartorowid(r.rwid) order by t.""DBID""' DATABASE USER:[3] 'SYS' PRIVILEGE :[4] 'NONE' CLIENT USER:[0] '' CLIENT TERMINAL:[10] 'ANDY-AARON' STATUS:[1] '0' DBID:[10] '3074368596' SESSIONID:[7] '1020316' USERHOST:[10] 'ANDY-AARON' CLIENT ADDRESS:[0] '' ACTION NUMBER:[1] '3' </string>"
windows_event,win_event,23,2026-04-25T17:00:16.169748+00:00,INFO,34,Oracle.xe,Oracle.xe,andy-aaron,6644,0,,"<string>LENGTH: '690' ACTION :[438] 'select /*+ no_parallel(t) no_parallel_index(t) dbms_stats cursor_sharing_exact use_weak_name_resl dynamic_sampling(0) no_monitoring xmlindex_sel_idx_tbl opt_param('optimizer_inmemory_aware' 'false') no_substrb_pad leading(r t) use_nl(t) rowid(t) */ substrb(dump(t.""VERSION"",16,0,64),1,240) d_4244441997, r.rwid, r.freq from ""SYS"".""WRI$_DBU_CPU_USAGE_SAMPLE"" t, table(:topntab) r where t.rowid = chartorowid(r.rwid) order by t.""VERSION""' DATABASE USER:[3] 'SYS' PRIVILEGE :[4] 'NONE' CLIENT USER:[0] '' CLIENT TERMINAL:[10] 'ANDY-AARON' STATUS:[1] '0' DBID:[10] '3074368596' SESSIONID:[7] '1020316' USERHOST:[10] 'ANDY-AARON' CLIENT ADDRESS:[0] '' ACTION NUMBER:[1] '3' </string>"
windows_event,win_event,24,2026-04-25T17:00:16.174990+00:00,INFO,34,Oracle.xe,Oracle.xe,andy-aaron,6644,0,,"<string>LENGTH: '690' ACTION :[438] 'select /*+ no_parallel(t) no_parallel_index(t) dbms_stats cursor_sharing_exact use_weak_name_resl dynamic_sampling(0) no_monitoring xmlindex_sel_idx_tbl opt_param('optimizer_inmemory_aware' 'false') no_substrb_pad leading(r t) use_nl(t) rowid(t) */ substrb(dump(t.""VERSION"",16,0,64),1,240) d_4244441997, r.rwid, r.freq from ""SYS"".""WRI$_DBU_CPU_USAGE_SAMPLE"" t, table(:topntab) r where t.rowid = chartorowid(r.rwid) order by t.""VERSION""' DATABASE USER:[3] 'SYS' PRIVILEGE :[4] 'NONE' CLIENT USER:[0] '' CLIENT TERMINAL:[10] 'ANDY-AARON' STATUS:[1] '0' DBID:[10] '3074368596' SESSIONID:[7] '1020316' USERHOST:[10] 'ANDY-AARON' CLIENT ADDRESS:[0] '' ACTION NUMBER:[1] '3' </string>"
windows_event,win_event,25,2026-04-25T17:00:16.436592+00:00,INFO,34,Oracle.xe,Oracle.xe,andy-aaron,6644,0,,"<string>LENGTH: '689' ACTION :[437] 'select /*+ no_parallel(t) no_parallel_index(t) dbms_stats cursor_sharing_exact use_weak_name_resl dynamic_sampling(0) no_monitoring xmlindex_sel_idx_tbl opt_param('optimizer_inmemory_aware' 'false') no_substrb_pad leading(r t) use_nl(t) rowid(t) */ substrb(dump(t.""VECTOR_INDEX"",16,0,64),1,240) d_4261549625, r.rwid, r.freq from ""SYS"".""WRI$_SCH_VOTES"" t, table(:topntab) r where t.rowid = chartorowid(r.rwid) order by t.""VECTOR_INDEX""' DATABASE USER:[3] 'SYS' PRIVILEGE :[4] 'NONE' CLIENT USER:[0] '' CLIENT TERMINAL:[10] 'ANDY-AARON' STATUS:[1] '0' DBID:[10] '3074368596' SESSIONID:[7] '1020316' USERHOST:[10] 'ANDY-AARON' CLIENT ADDRESS:[0] '' ACTION NUMBER:[1] '3' </string>"
windows_event,win_event,26,2026-04-25T17:00:16.441870+00:00,INFO,34,Oracle.xe,Oracle.xe,andy-aaron,6644,0,,"<string>LENGTH: '689' ACTION :[437] 'select /*+ no_parallel(t) no_parallel_index(t) dbms_stats cursor_sharing_exact use_weak_name_resl dynamic_sampling(0) no_monitoring xmlindex_sel_idx_tbl opt_param('optimizer_inmemory_aware' 'false') no_substrb_pad leading(r t) use_nl(t) rowid(t) */ substrb(dump(t.""VECTOR_INDEX"",16,0,64),1,240) d_4261549625, r.rwid, r.freq from ""SYS"".""WRI$_SCH_VOTES"" t, table(:topntab) r where t.rowid = chartorowid(r.rwid) order by t.""VECTOR_INDEX""' DATABASE USER:[3] 'SYS' PRIVILEGE :[4] 'NONE' CLIENT USER:[0] '' CLIENT TERMINAL:[10] 'ANDY-AARON' STATUS:[1] '0' DBID:[10] '3074368596' SESSIONID:[7] '1020316' USERHOST:[10] 'ANDY-AARON' CLIENT ADDRESS:[0] '' ACTION NUMBER:[1] '3' </string>"
windows_event,win_event,27,2026-04-25T17:00:16.444717+00:00,INFO,34,Oracle.xe,Oracle.xe,andy-aaron,6644,0,,"<string>LENGTH: '687' ACTION :[435] 'select /*+ no_parallel(t) no_parallel_index(t) dbms_stats cursor_sharing_exact use_weak_name_resl dynamic_sampling(0) no_monitoring xmlindex_sel_idx_tbl opt_param('optimizer_inmemory_aware' 'false') no_substrb_pad leading(r t) use_nl(t) rowid(t) */ substrb(dump(t.""SCHEDULE_ID"",16,0,64),1,240) d_4134814722, r.rwid, r.freq from ""SYS"".""WRI$_SCH_VOTES"" t, table(:topntab) r where t.rowid = chartorowid(r.rwid) order by t.""SCHEDULE_ID""' DATABASE USER:[3] 'SYS' PRIVILEGE :[4] 'NONE' CLIENT USER:[0] '' CLIENT TERMINAL:[10] 'ANDY-AARON' STATUS:[1] '0' DBID:[10] '3074368596' SESSIONID:[7] '1020316' USERHOST:[10] 'ANDY-AARON' CLIENT ADDRESS:[0] '' ACTION NUMBER:[1] '3' </string>"
windows_event,win_event,28,2026-04-25T17:00:16.451120+00:00,INFO,34,Oracle.xe,Oracle.xe,andy-aaron,6644,0,,"<string>LENGTH: '687' ACTION :[435] 'select /*+ no_parallel(t) no_parallel_index(t) dbms_stats cursor_sharing_exact use_weak_name_resl dynamic_sampling(0) no_monitoring xmlindex_sel_idx_tbl opt_param('optimizer_inmemory_aware' 'false') no_substrb_pad leading(r t) use_nl(t) rowid(t) */ substrb(dump(t.""SCHEDULE_ID"",16,0,64),1,240) d_4134814722, r.rwid, r.freq from ""SYS"".""WRI$_SCH_VOTES"" t, table(:topntab) r where t.rowid = chartorowid(r.rwid) order by t.""SCHEDULE_ID""' DATABASE USER:[3] 'SYS' PRIVILEGE :[4] 'NONE' CLIENT USER:[0] '' CLIENT TERMINAL:[10] 'ANDY-AARON' STATUS:[1] '0' DBID:[10] '3074368596' SESSIONID:[7] '1020316' USERHOST:[10] 'ANDY-AARON' CLIENT ADDRESS:[0] '' ACTION NUMBER:[1] '3' </string>"
windows_event,win_event,29,2026-04-25T17:00:16.686762+00:00,INFO,34,Oracle.xe,Oracle.xe,andy-aaron,6644,0,,"<string>LENGTH: '681' ACTION :[429] 'select /*+ no_parallel(t) no_parallel_index(t) dbms_stats cursor_sharing_exact use_weak_name_resl dynamic_sampling(0) no_monitoring xmlindex_sel_idx_tbl opt_param('optimizer_inmemory_aware' 'false') no_substrb_pad leading(r t) use_nl(t) rowid(t) */ substrb(dump(t.""DBID"",16,0,64),1,240) d_3099381843, r.rwid, r.freq from ""SYS"".""WRM$_DATABASE_INSTANCE"" t, table(:topntab) r where t.rowid = chartorowid(r.rwid) order by t.""DBID""' DATABASE USER:[3] 'SYS' PRIVILEGE :[4] 'NONE' CLIENT USER:[0] '' CLIENT TERMINAL:[10] 'ANDY-AARON' STATUS:[1] '0' DBID:[10] '3074368596' SESSIONID:[7] '1020316' USERHOST:[10] 'ANDY-AARON' CLIENT ADDRESS:[0] '' ACTION NUMBER:[1] '3' </string>"
windows_event,win_event,30,2026-04-25T17:00:16.694706+00:00,INFO,34,Oracle.xe,Oracle.xe,andy-aaron,6644,0,,"<string>LENGTH: '681' ACTION :[429] 'select /*+ no_parallel(t) no_parallel_index(t) dbms_stats cursor_sharing_exact use_weak_name_resl dynamic_sampling(0) no_monitoring xmlindex_sel_idx_tbl opt_param('optimizer_inmemory_aware' 'false') no_substrb_pad leading(r t) use_nl(t) rowid(t) */ substrb(dump(t.""DBID"",16,0,64),1,240) d_3099381843, r.rwid, r.freq from ""SYS"".""WRM$_DATABASE_INSTANCE"" t, table(:topntab) r where t.rowid = chartorowid(r.rwid) order by t.""DBID""' DATABASE USER:[3] 'SYS' PRIVILEGE :[4] 'NONE' CLIENT USER:[0] '' CLIENT TERMINAL:[10] 'ANDY-AARON' STATUS:[1] '0' DBID:[10] '3074368596' SESSIONID:[7] '1020316' USERHOST:[10] 'ANDY-AARON' CLIENT ADDRESS:[0] '' ACTION NUMBER:[1] '3' </string>"
windows_event,win_event,31,2026-04-25T17:00:16.698227+00:00,INFO,34,Oracle.xe,Oracle.xe,andy-aaron,6644,0,,"<string>LENGTH: '703' ACTION :[451] 'select /*+ no_parallel(t) no_parallel_index(t) dbms_stats cursor_sharing_exact use_weak_name_resl dynamic_sampling(0) no_monitoring xmlindex_sel_idx_tbl opt_param('optimizer_inmemory_aware' 'false') no_substrb_pad leading(r t) use_nl(t) rowid(t) */ substrb(dump(t.""INSTANCE_NUMBER"",16,0,64),1,240) d_3858454236, r.rwid, r.freq from ""SYS"".""WRM$_DATABASE_INSTANCE"" t, table(:topntab) r where t.rowid = chartorowid(r.rwid) order by t.""INSTANCE_NUMBER""' DATABASE USER:[3] 'SYS' PRIVILEGE :[4] 'NONE' CLIENT USER:[0] '' CLIENT TERMINAL:[10] 'ANDY-AARON' STATUS:[1] '0' DBID:[10] '3074368596' SESSIONID:[7] '1020316' USERHOST:[10] 'ANDY-AARON' CLIENT ADDRESS:[0] '' ACTION NUMBER:[1] '3' </string>"
windows_event,win_event,32,2026-04-25T17:00:16.708755+00:00,INFO,34,Oracle.xe,Oracle.xe,andy-aaron,6644,0,,"<string>LENGTH: '703' ACTION :[451] 'select /*+ no_parallel(t) no_parallel_index(t) dbms_stats cursor_sharing_exact use_weak_name_resl dynamic_sampling(0) no_monitoring xmlindex_sel_idx_tbl opt_param('optimizer_inmemory_aware' 'false') no_substrb_pad leading(r t) use_nl(t) rowid(t) */ substrb(dump(t.""INSTANCE_NUMBER"",16,0,64),1,240) d_3858454236, r.rwid, r.freq from ""SYS"".""WRM$_DATABASE_INSTANCE"" t, table(:topntab) r where t.rowid = chartorowid(r.rwid) order by t.""INSTANCE_NUMBER""' DATABASE USER:[3] 'SYS' PRIVILEGE :[4] 'NONE' CLIENT USER:[0] '' CLIENT TERMINAL:[10] 'ANDY-AARON' STATUS:[1] '0' DBID:[10] '3074368596' SESSIONID:[7] '1020316' USERHOST:[10] 'ANDY-AARON' CLIENT ADDRESS:[0] '' ACTION NUMBER:[1] '3' </string>"
windows_event,win_event,33,2026-04-25T17:00:16.713289+00:00,INFO,34,Oracle.xe,Oracle.xe,andy-aaron,6644,0,,"<string>LENGTH: '709' ACTION :[457] 'select /*+ no_parallel(t) no_parallel_index(t) dbms_stats cursor_sharing_exact use_weak_name_resl dynamic_sampling(0) no_monitoring xmlindex_sel_idx_tbl opt_param('optimizer_inmemory_aware' 'false') no_substrb_pad leading(r t) use_nl(t) rowid(t) */ substrb(dump(t.""LAST_ASH_SAMPLE_ID"",16,0,64),1,240) d_1072092465, r.rwid, r.freq from ""SYS"".""WRM$_DATABASE_INSTANCE"" t, table(:topntab) r where t.rowid = chartorowid(r.rwid) order by t.""LAST_ASH_SAMPLE_ID""' DATABASE USER:[3] 'SYS' PRIVILEGE :[4] 'NONE' CLIENT USER:[0] '' CLIENT TERMINAL:[10] 'ANDY-AARON' STATUS:[1] '0' DBID:[10] '3074368596' SESSIONID:[7] '1020316' USERHOST:[10] 'ANDY-AARON' CLIENT ADDRESS:[0] '' ACTION NUMBER:[1] '3' </string>"
windows_event,win_event,34,2026-04-25T17:00:16.731176+00:00,INFO,34,Oracle.xe,Oracle.xe,andy-aaron,6644,0,,"<string>LENGTH: '709' ACTION :[457] 'select /*+ no_parallel(t) no_parallel_index(t) dbms_stats cursor_sharing_exact use_weak_name_resl dynamic_sampling(0) no_monitoring xmlindex_sel_idx_tbl opt_param('optimizer_inmemory_aware' 'false') no_substrb_pad leading(r t) use_nl(t) rowid(t) */ substrb(dump(t.""LAST_ASH_SAMPLE_ID"",16,0,64),1,240) d_1072092465, r.rwid, r.freq from ""SYS"".""WRM$_DATABASE_INSTANCE"" t, table(:topntab) r where t.rowid = chartorowid(r.rwid) order by t.""LAST_ASH_SAMPLE_ID""' DATABASE USER:[3] 'SYS' PRIVILEGE :[4] 'NONE' CLIENT USER:[0] '' CLIENT TERMINAL:[10] 'ANDY-AARON' STATUS:[1] '0' DBID:[10] '3074368596' SESSIONID:[7] '1020316' USERHOST:[10] 'ANDY-AARON' CLIENT ADDRESS:[0] '' ACTION NUMBER:[1] '3' </string>"
windows_event,win_event,35,2026-04-25T17:00:16.735306+00:00,INFO,34,Oracle.xe,Oracle.xe,andy-aaron,6644,0,,"<string>LENGTH: '697' ACTION :[445] 'select /*+ no_parallel(t) no_parallel_index(t) dbms_stats cursor_sharing_exact use_weak_name_resl dynamic_sampling(0) no_monitoring xmlindex_sel_idx_tbl opt_param('optimizer_inmemory_aware' 'false') no_substrb_pad leading(r t) use_nl(t) rowid(t) */ substrb(dump(t.""STARTUP_TIME"",16,0,64),1,240) d_2551369706, r.rwid, r.freq from ""SYS"".""WRM$_DATABASE_INSTANCE"" t, table(:topntab) r where t.rowid = chartorowid(r.rwid) order by t.""STARTUP_TIME""' DATABASE USER:[3] 'SYS' PRIVILEGE :[4] 'NONE' CLIENT USER:[0] '' CLIENT TERMINAL:[10] 'ANDY-AARON' STATUS:[1] '0' DBID:[10] '3074368596' SESSIONID:[7] '1020316' USERHOST:[10] 'ANDY-AARON' CLIENT ADDRESS:[0] '' ACTION NUMBER:[1] '3' </string>"
windows_event,win_event,36,2026-04-25T17:00:16.739614+00:00,INFO,34,Oracle.xe,Oracle.xe,andy-aaron,6644,0,,"<string>LENGTH: '697' ACTION :[445] 'select /*+ no_parallel(t) no_parallel_index(t) dbms_stats cursor_sharing_exact use_weak_name_resl dynamic_sampling(0) no_monitoring xmlindex_sel_idx_tbl opt_param('optimizer_inmemory_aware' 'false') no_substrb_pad leading(r t) use_nl(t) rowid(t) */ substrb(dump(t.""STARTUP_TIME"",16,0,64),1,240) d_2551369706, r.rwid, r.freq from ""SYS"".""WRM$_DATABASE_INSTANCE"" t, table(:topntab) r where t.rowid = chartorowid(r.rwid) order by t.""STARTUP_TIME""' DATABASE USER:[3] 'SYS' PRIVILEGE :[4] 'NONE' CLIENT USER:[0] '' CLIENT TERMINAL:[10] 'ANDY-AARON' STATUS:[1] '0' DBID:[10] '3074368596' SESSIONID:[7] '1020316' USERHOST:[10] 'ANDY-AARON' CLIENT ADDRESS:[0] '' ACTION NUMBER:[1] '3' </string>"
windows_event,win_event,37,2026-04-25T17:00:16.869259+00:00,INFO,34,Oracle.xe,Oracle.xe,andy-aaron,6644,0,,"<string>LENGTH: '688' ACTION :[436] 'select /*+ no_parallel(t) no_parallel_index(t) dbms_stats cursor_sharing_exact use_weak_name_resl dynamic_sampling(0) no_monitoring xmlindex_sel_idx_tbl opt_param('optimizer_inmemory_aware' 'false') no_substrb_pad leading(r t) use_nl(t) rowid(t) */ substrb(dump(t.""STATUS_FLAG"",16,0,64),1,240) d_3001590056, r.rwid, r.freq from ""SYS"".""WRM$_WR_CONTROL"" t, table(:topntab) r where t.rowid = chartorowid(r.rwid) order by t.""STATUS_FLAG""' DATABASE USER:[3] 'SYS' PRIVILEGE :[4] 'NONE' CLIENT USER:[0] '' CLIENT TERMINAL:[10] 'ANDY-AARON' STATUS:[1] '0' DBID:[10] '3074368596' SESSIONID:[7] '1020316' USERHOST:[10] 'ANDY-AARON' CLIENT ADDRESS:[0] '' ACTION NUMBER:[1] '3' </string>"
windows_event,win_event,38,2026-04-25T17:00:16.887819+00:00,INFO,34,Oracle.xe,Oracle.xe,andy-aaron,6644,0,,"<string>LENGTH: '688' ACTION :[436] 'select /*+ no_parallel(t) no_parallel_index(t) dbms_stats cursor_sharing_exact use_weak_name_resl dynamic_sampling(0) no_monitoring xmlindex_sel_idx_tbl opt_param('optimizer_inmemory_aware' 'false') no_substrb_pad leading(r t) use_nl(t) rowid(t) */ substrb(dump(t.""STATUS_FLAG"",16,0,64),1,240) d_3001590056, r.rwid, r.freq from ""SYS"".""WRM$_WR_CONTROL"" t, table(:topntab) r where t.rowid = chartorowid(r.rwid) order by t.""STATUS_FLAG""' DATABASE USER:[3] 'SYS' PRIVILEGE :[4] 'NONE' CLIENT USER:[0] '' CLIENT TERMINAL:[10] 'ANDY-AARON' STATUS:[1] '0' DBID:[10] '3074368596' SESSIONID:[7] '1020316' USERHOST:[10] 'ANDY-AARON' CLIENT ADDRESS:[0] '' ACTION NUMBER:[1] '3' </string>"
windows_event,win_event,39,2026-04-25T17:00:15.950396+00:00,INFO,1001,Windows Error Reporting,Windows Error Reporting,andy-aaron,12136,22952,S-1-5-18,BucketType=0 | EventName=LiveKernelEvent | Response=Non disponible | CabId=0 | P1=141 | P2=ffff928d9d032010 | P3=fffff806873b67b0 | P4=0 | P5=ffff928d98853080 | P6=10_0_26200 | P7=0_0 | P8=256_1 | AttachedFiles=\\?\C:\WINDOWS\LiveKernelReports\WATCHDOG\WATCHDOG-20260121-1121.dmp \\?\C:\WINDOWS\SystemTemp\WER-163132796-0.sysdata.xml \\?\C:\ProgramData\Microsoft\Windows\WER\Temp\WER.2e25e783-c3dd-4550-bd80-e38e9fadb373.tmp.WERInternalMetadata.xml \\?\C:\ProgramData\Microsoft\Windows\WER\Temp\WER.49f09c67-a15f-48af-9b8b-a6fffde3f109.tmp.csv \\?\C:\ProgramData\Microsoft\Windows\WER\Temp\WER.dfbf5bff-676a-4082-af5f-13fa8ad606b7.tmp.txt \\?\C:\ProgramData\Microsoft\Windows\WER\Temp\WER.1007ee3a-5792-4c22-9504-4592bb2b6c75.tmp.xml | StorePath=\\?\C:\ProgramData\Microsoft\Windows\WER\ReportQueue\Kernel_141_2eb0dd99b2eee914dccdbe8f2e2a841ca6c368b_00000000_e27f2cea-0eae-4be6-b47c-d15c5df1932a | Rechecking=0 | ReportId=e27f2cea-0eae-4be6-b47c-d15c5df1932a | ReportStatus=2051 | CabGuid=0
windows_event,win_event,40,2026-04-25T17:00:17.034723+00:00,INFO,34,Oracle.xe,Oracle.xe,andy-aaron,6644,0,,"<string>LENGTH: '684' ACTION :[432] 'select /*+ no_parallel(t) no_parallel_index(t) dbms_stats cursor_sharing_exact use_weak_name_resl dynamic_sampling(0) no_monitoring xmlindex_sel_idx_tbl opt_param('optimizer_inmemory_aware' 'false') no_substrb_pad leading(r t) use_nl(t) rowid(t) */ substrb(dump(t.""CON_DBID"",16,0,64),1,240) d_2128730651, r.rwid, r.freq from ""SYS"".""WRI$_SQLSET_PLANS"" t, table(:topntab) r where t.rowid = chartorowid(r.rwid) order by t.""CON_DBID""' DATABASE USER:[3] 'SYS' PRIVILEGE :[4] 'NONE' CLIENT USER:[0] '' CLIENT TERMINAL:[10] 'ANDY-AARON' STATUS:[1] '0' DBID:[10] '1689037571' SESSIONID:[7] '1010483' USERHOST:[10] 'ANDY-AARON' CLIENT ADDRESS:[0] '' ACTION NUMBER:[1] '3' </string>"
windows_event,win_event,41,2026-04-25T17:00:17.114187+00:00,INFO,34,Oracle.xe,Oracle.xe,andy-aaron,6644,0,,"<string>LENGTH: '684' ACTION :[432] 'select /*+ no_parallel(t) no_parallel_index(t) dbms_stats cursor_sharing_exact use_weak_name_resl dynamic_sampling(0) no_monitoring xmlindex_sel_idx_tbl opt_param('optimizer_inmemory_aware' 'false') no_substrb_pad leading(r t) use_nl(t) rowid(t) */ substrb(dump(t.""CON_DBID"",16,0,64),1,240) d_2128730651, r.rwid, r.freq from ""SYS"".""WRI$_SQLSET_PLANS"" t, table(:topntab) r where t.rowid = chartorowid(r.rwid) order by t.""CON_DBID""' DATABASE USER:[3] 'SYS' PRIVILEGE :[4] 'NONE' CLIENT USER:[0] '' CLIENT TERMINAL:[10] 'ANDY-AARON' STATUS:[1] '0' DBID:[10] '1689037571' SESSIONID:[7] '1010483' USERHOST:[10] 'ANDY-AARON' CLIENT ADDRESS:[0] '' ACTION NUMBER:[1] '3' </string>"
windows_event,win_event,42,2026-04-25T17:00:17.251753+00:00,INFO,34,Oracle.xe,Oracle.xe,andy-aaron,6644,0,,"<string>LENGTH: '684' ACTION :[432] 'select /*+ no_parallel(t) no_parallel_index(t) dbms_stats cursor_sharing_exact use_weak_name_resl dynamic_sampling(0) no_monitoring xmlindex_sel_idx_tbl opt_param('optimizer_inmemory_aware' 'false') no_substrb_pad leading(r t) use_nl(t) rowid(t) */ substrb(dump(t.""CON_DBID"",16,0,64),1,240) d_2128730651, r.rwid, r.freq from ""SYS"".""WRH$_SEG_STAT_OBJ"" t, table(:topntab) r where t.rowid = chartorowid(r.rwid) order by t.""CON_DBID""' DATABASE USER:[3] 'SYS' PRIVILEGE :[4] 'NONE' CLIENT USER:[0] '' CLIENT TERMINAL:[10] 'ANDY-AARON' STATUS:[1] '0' DBID:[10] '3074368596' SESSIONID:[7] '1020316' USERHOST:[10] 'ANDY-AARON' CLIENT ADDRESS:[0] '' ACTION NUMBER:[1] '3' </string>"
windows_event,win_event,43,2026-04-25T17:00:17.296238+00:00,INFO,34,Oracle.xe,Oracle.xe,andy-aaron,6644,0,,"<string>LENGTH: '684' ACTION :[432] 'select /*+ no_parallel(t) no_parallel_index(t) dbms_stats cursor_sharing_exact use_weak_name_resl dynamic_sampling(0) no_monitoring xmlindex_sel_idx_tbl opt_param('optimizer_inmemory_aware' 'false') no_substrb_pad leading(r t) use_nl(t) rowid(t) */ substrb(dump(t.""CON_DBID"",16,0,64),1,240) d_2128730651, r.rwid, r.freq from ""SYS"".""WRH$_SEG_STAT_OBJ"" t, table(:topntab) r where t.rowid = chartorowid(r.rwid) order by t.""CON_DBID""' DATABASE USER:[3] 'SYS' PRIVILEGE :[4] 'NONE' CLIENT USER:[0] '' CLIENT TERMINAL:[10] 'ANDY-AARON' STATUS:[1] '0' DBID:[10] '3074368596' SESSIONID:[7] '1020316' USERHOST:[10] 'ANDY-AARON' CLIENT ADDRESS:[0] '' ACTION NUMBER:[1] '3' </string>"
windows_event,win_event,44,2026-04-25T17:00:17.304375+00:00,INFO,34,Oracle.xe,Oracle.xe,andy-aaron,6644,0,,"<string>LENGTH: '674' ACTION :[422] 'select /*+ no_parallel(t) no_parallel_index(t) dbms_stats cursor_sharing_exact use_weak_name_resl dynamic_sampling(0) no_monitoring xmlindex_sel_idx_tbl opt_param('optimizer_inmemory_aware' 'false') no_substrb_pad leading(r t) use_nl(t) rowid(t) */ substrb(dump(t.""TS#"",16,0,64),1,240) d_2793702272, r.rwid, r.freq from ""SYS"".""WRH$_SEG_STAT_OBJ"" t, table(:topntab) r where t.rowid = chartorowid(r.rwid) order by t.""TS#""' DATABASE USER:[3] 'SYS' PRIVILEGE :[4] 'NONE' CLIENT USER:[0] '' CLIENT TERMINAL:[10] 'ANDY-AARON' STATUS:[1] '0' DBID:[10] '3074368596' SESSIONID:[7] '1020316' USERHOST:[10] 'ANDY-AARON' CLIENT ADDRESS:[0] '' ACTION NUMBER:[1] '3' </string>"
windows_event,win_event,45,2026-04-25T17:00:17.322081+00:00,INFO,34,Oracle.xe,Oracle.xe,andy-aaron,6644,0,,"<string>LENGTH: '674' ACTION :[422] 'select /*+ no_parallel(t) no_parallel_index(t) dbms_stats cursor_sharing_exact use_weak_name_resl dynamic_sampling(0) no_monitoring xmlindex_sel_idx_tbl opt_param('optimizer_inmemory_aware' 'false') no_substrb_pad leading(r t) use_nl(t) rowid(t) */ substrb(dump(t.""TS#"",16,0,64),1,240) d_2793702272, r.rwid, r.freq from ""SYS"".""WRH$_SEG_STAT_OBJ"" t, table(:topntab) r where t.rowid = chartorowid(r.rwid) order by t.""TS#""' DATABASE USER:[3] 'SYS' PRIVILEGE :[4] 'NONE' CLIENT USER:[0] '' CLIENT TERMINAL:[10] 'ANDY-AARON' STATUS:[1] '0' DBID:[10] '3074368596' SESSIONID:[7] '1020316' USERHOST:[10] 'ANDY-AARON' CLIENT ADDRESS:[0] '' ACTION NUMBER:[1] '3' </string>"
windows_event,win_event,46,2026-04-25T17:00:17.334351+00:00,INFO,34,Oracle.xe,Oracle.xe,andy-aaron,6644,0,,"<string>LENGTH: '676' ACTION :[424] 'select /*+ no_parallel(t) no_parallel_index(t) dbms_stats cursor_sharing_exact use_weak_name_resl dynamic_sampling(0) no_monitoring xmlindex_sel_idx_tbl opt_param('optimizer_inmemory_aware' 'false') no_substrb_pad leading(r t) use_nl(t) rowid(t) */ substrb(dump(t.""DBID"",16,0,64),1,240) d_3099381843, r.rwid, r.freq from ""SYS"".""WRH$_SEG_STAT_OBJ"" t, table(:topntab) r where t.rowid = chartorowid(r.rwid) order by t.""DBID""' DATABASE USER:[3] 'SYS' PRIVILEGE :[4] 'NONE' CLIENT USER:[0] '' CLIENT TERMINAL:[10] 'ANDY-AARON' STATUS:[1] '0' DBID:[10] '3074368596' SESSIONID:[7] '1020316' USERHOST:[10] 'ANDY-AARON' CLIENT ADDRESS:[0] '' ACTION NUMBER:[1] '3' </string>"
windows_event,win_event,47,2026-04-25T17:00:17.358198+00:00,INFO,34,Oracle.xe,Oracle.xe,andy-aaron,6644,0,,"<string>LENGTH: '676' ACTION :[424] 'select /*+ no_parallel(t) no_parallel_index(t) dbms_stats cursor_sharing_exact use_weak_name_resl dynamic_sampling(0) no_monitoring xmlindex_sel_idx_tbl opt_param('optimizer_inmemory_aware' 'false') no_substrb_pad leading(r t) use_nl(t) rowid(t) */ substrb(dump(t.""DBID"",16,0,64),1,240) d_3099381843, r.rwid, r.freq from ""SYS"".""WRH$_SEG_STAT_OBJ"" t, table(:topntab) r where t.rowid = chartorowid(r.rwid) order by t.""DBID""' DATABASE USER:[3] 'SYS' PRIVILEGE :[4] 'NONE' CLIENT USER:[0] '' CLIENT TERMINAL:[10] 'ANDY-AARON' STATUS:[1] '0' DBID:[10] '3074368596' SESSIONID:[7] '1020316' USERHOST:[10] 'ANDY-AARON' CLIENT ADDRESS:[0] '' ACTION NUMBER:[1] '3' </string>"
windows_event,win_event,48,2026-04-25T17:00:18.114637+00:00,INFO,34,Oracle.xe,Oracle.xe,andy-aaron,6644,0,,"<string>LENGTH: '679' ACTION :[427] 'select /*+ no_parallel(t) no_parallel_index(t) dbms_stats cursor_sharing_exact use_weak_name_resl dynamic_sampling(0) no_monitoring xmlindex_sel_idx_tbl opt_param('optimizer_inmemory_aware' 'false') no_substrb_pad leading(r t) use_nl(t) rowid(t) */ substrb(dump(t.""CON_DBID"",16,0,64),1,240) d_2128730651, r.rwid, r.freq from ""SYS"".""WRH$_SQLTEXT"" t, table(:topntab) r where t.rowid = chartorowid(r.rwid) order by t.""CON_DBID""' DATABASE USER:[3] 'SYS' PRIVILEGE :[4] 'NONE' CLIENT USER:[0] '' CLIENT TERMINAL:[10] 'ANDY-AARON' STATUS:[1] '0' DBID:[10] '1689037571' SESSIONID:[7] '1010483' USERHOST:[10] 'ANDY-AARON' CLIENT ADDRESS:[0] '' ACTION NUMBER:[1] '3' </string>"
windows_event,win_event,49,2026-04-25T17:00:18.353815+00:00,INFO,34,Oracle.xe,Oracle.xe,andy-aaron,6644,0,,"<string>LENGTH: '679' ACTION :[427] 'select /*+ no_parallel(t) no_parallel_index(t) dbms_stats cursor_sharing_exact use_weak_name_resl dynamic_sampling(0) no_monitoring xmlindex_sel_idx_tbl opt_param('optimizer_inmemory_aware' 'false') no_substrb_pad leading(r t) use_nl(t) rowid(t) */ substrb(dump(t.""CON_DBID"",16,0,64),1,240) d_2128730651, r.rwid, r.freq from ""SYS"".""WRH$_SQLTEXT"" t, table(:topntab) r where t.rowid = chartorowid(r.rwid) order by t.""CON_DBID""' DATABASE USER:[3] 'SYS' PRIVILEGE :[4] 'NONE' CLIENT USER:[0] '' CLIENT TERMINAL:[10] 'ANDY-AARON' STATUS:[1] '0' DBID:[10] '1689037571' SESSIONID:[7] '1010483' USERHOST:[10] 'ANDY-AARON' CLIENT ADDRESS:[0] '' ACTION NUMBER:[1] '3' </string>"
windows_event,win_event,50,2026-04-25T17:00:18.365908+00:00,INFO,34,Oracle.xe,Oracle.xe,andy-aaron,6644,0,,"<string>LENGTH: '671' ACTION :[419] 'select /*+ no_parallel(t) no_parallel_index(t) dbms_stats cursor_sharing_exact use_weak_name_resl dynamic_sampling(0) no_monitoring xmlindex_sel_idx_tbl opt_param('optimizer_inmemory_aware' 'false') no_substrb_pad leading(r t) use_nl(t) rowid(t) */ substrb(dump(t.""DBID"",16,0,64),1,240) d_3099381843, r.rwid, r.freq from ""SYS"".""WRH$_SQLTEXT"" t, table(:topntab) r where t.rowid = chartorowid(r.rwid) order by t.""DBID""' DATABASE USER:[3] 'SYS' PRIVILEGE :[4] 'NONE' CLIENT USER:[0] '' CLIENT TERMINAL:[10] 'ANDY-AARON' STATUS:[1] '0' DBID:[10] '1689037571' SESSIONID:[7] '1010483' USERHOST:[10] 'ANDY-AARON' CLIENT ADDRESS:[0] '' ACTION NUMBER:[1] '3' </string>"
windows_event,win_event,51,2026-04-25T17:00:18.479136+00:00,INFO,34,Oracle.xe,Oracle.xe,andy-aaron,6644,0,,"<string>LENGTH: '671' ACTION :[419] 'select /*+ no_parallel(t) no_parallel_index(t) dbms_stats cursor_sharing_exact use_weak_name_resl dynamic_sampling(0) no_monitoring xmlindex_sel_idx_tbl opt_param('optimizer_inmemory_aware' 'false') no_substrb_pad leading(r t) use_nl(t) rowid(t) */ substrb(dump(t.""FLAGS"",16,0,64),1,240) d_2385161744, r.rwid, r.freq from ""SYS"".""COL_USAGE$"" t, table(:topntab) r where t.rowid = chartorowid(r.rwid) order by t.""FLAGS""' DATABASE USER:[3] 'SYS' PRIVILEGE :[4] 'NONE' CLIENT USER:[0] '' CLIENT TERMINAL:[10] 'ANDY-AARON' STATUS:[1] '0' DBID:[10] '3074368596' SESSIONID:[7] '1020316' USERHOST:[10] 'ANDY-AARON' CLIENT ADDRESS:[0] '' ACTION NUMBER:[1] '3' </string>"
windows_event,win_event,52,2026-04-25T17:00:18.483559+00:00,INFO,34,Oracle.xe,Oracle.xe,andy-aaron,6644,0,,"<string>LENGTH: '671' ACTION :[419] 'select /*+ no_parallel(t) no_parallel_index(t) dbms_stats cursor_sharing_exact use_weak_name_resl dynamic_sampling(0) no_monitoring xmlindex_sel_idx_tbl opt_param('optimizer_inmemory_aware' 'false') no_substrb_pad leading(r t) use_nl(t) rowid(t) */ substrb(dump(t.""FLAGS"",16,0,64),1,240) d_2385161744, r.rwid, r.freq from ""SYS"".""COL_USAGE$"" t, table(:topntab) r where t.rowid = chartorowid(r.rwid) order by t.""FLAGS""' DATABASE USER:[3] 'SYS' PRIVILEGE :[4] 'NONE' CLIENT USER:[0] '' CLIENT TERMINAL:[10] 'ANDY-AARON' STATUS:[1] '0' DBID:[10] '3074368596' SESSIONID:[7] '1020316' USERHOST:[10] 'ANDY-AARON' CLIENT ADDRESS:[0] '' ACTION NUMBER:[1] '3' </string>"
windows_event,win_event,53,2026-04-25T17:00:18.488831+00:00,INFO,34,Oracle.xe,Oracle.xe,andy-aaron,6644,0,,"<string>LENGTH: '675' ACTION :[423] 'select /*+ no_parallel(t) no_parallel_index(t) dbms_stats cursor_sharing_exact use_weak_name_resl dynamic_sampling(0) no_monitoring xmlindex_sel_idx_tbl opt_param('optimizer_inmemory_aware' 'false') no_substrb_pad leading(r t) use_nl(t) rowid(t) */ substrb(dump(t.""INTCOL#"",16,0,64),1,240) d_1254105588, r.rwid, r.freq from ""SYS"".""COL_USAGE$"" t, table(:topntab) r where t.rowid = chartorowid(r.rwid) order by t.""INTCOL#""' DATABASE USER:[3] 'SYS' PRIVILEGE :[4] 'NONE' CLIENT USER:[0] '' CLIENT TERMINAL:[10] 'ANDY-AARON' STATUS:[1] '0' DBID:[10] '3074368596' SESSIONID:[7] '1020316' USERHOST:[10] 'ANDY-AARON' CLIENT ADDRESS:[0] '' ACTION NUMBER:[1] '3' </string>"
windows_event,win_event,54,2026-04-25T17:00:18.496004+00:00,INFO,34,Oracle.xe,Oracle.xe,andy-aaron,6644,0,,"<string>LENGTH: '671' ACTION :[419] 'select /*+ no_parallel(t) no_parallel_index(t) dbms_stats cursor_sharing_exact use_weak_name_resl dynamic_sampling(0) no_monitoring xmlindex_sel_idx_tbl opt_param('optimizer_inmemory_aware' 'false') no_substrb_pad leading(r t) use_nl(t) rowid(t) */ substrb(dump(t.""DBID"",16,0,64),1,240) d_3099381843, r.rwid, r.freq from ""SYS"".""WRH$_SQLTEXT"" t, table(:topntab) r where t.rowid = chartorowid(r.rwid) order by t.""DBID""' DATABASE USER:[3] 'SYS' PRIVILEGE :[4] 'NONE' CLIENT USER:[0] '' CLIENT TERMINAL:[10] 'ANDY-AARON' STATUS:[1] '0' DBID:[10] '1689037571' SESSIONID:[7] '1010483' USERHOST:[10] 'ANDY-AARON' CLIENT ADDRESS:[0] '' ACTION NUMBER:[1] '3' </string>"
windows_event,win_event,55,2026-04-25T17:00:18.503332+00:00,INFO,34,Oracle.xe,Oracle.xe,andy-aaron,6644,0,,"<string>LENGTH: '675' ACTION :[423] 'select /*+ no_parallel(t) no_parallel_index(t) dbms_stats cursor_sharing_exact use_weak_name_resl dynamic_sampling(0) no_monitoring xmlindex_sel_idx_tbl opt_param('optimizer_inmemory_aware' 'false') no_substrb_pad leading(r t) use_nl(t) rowid(t) */ substrb(dump(t.""INTCOL#"",16,0,64),1,240) d_1254105588, r.rwid, r.freq from ""SYS"".""COL_USAGE$"" t, table(:topntab) r where t.rowid = chartorowid(r.rwid) order by t.""INTCOL#""' DATABASE USER:[3] 'SYS' PRIVILEGE :[4] 'NONE' CLIENT USER:[0] '' CLIENT TERMINAL:[10] 'ANDY-AARON' STATUS:[1] '0' DBID:[10] '3074368596' SESSIONID:[7] '1020316' USERHOST:[10] 'ANDY-AARON' CLIENT ADDRESS:[0] '' ACTION NUMBER:[1] '3' </string>"
windows_event,win_event,56,2026-04-25T17:00:18.520704+00:00,INFO,34,Oracle.xe,Oracle.xe,andy-aaron,6644,0,,"<string>LENGTH: '677' ACTION :[425] 'select /*+ no_parallel(t) no_parallel_index(t) dbms_stats cursor_sharing_exact use_weak_name_resl dynamic_sampling(0) no_monitoring xmlindex_sel_idx_tbl opt_param('optimizer_inmemory_aware' 'false') no_substrb_pad leading(r t) use_nl(t) rowid(t) */ substrb(dump(t.""SNAP_ID"",16,0,64),1,240) d_2559714659, r.rwid, r.freq from ""SYS"".""WRH$_SQLTEXT"" t, table(:topntab) r where t.rowid = chartorowid(r.rwid) order by t.""SNAP_ID""' DATABASE USER:[3] 'SYS' PRIVILEGE :[4] 'NONE' CLIENT USER:[0] '' CLIENT TERMINAL:[10] 'ANDY-AARON' STATUS:[1] '0' DBID:[10] '1689037571' SESSIONID:[7] '1010483' USERHOST:[10] 'ANDY-AARON' CLIENT ADDRESS:[0] '' ACTION NUMBER:[1] '3' </string>"
windows_event,win_event,57,2026-04-25T17:00:18.595282+00:00,INFO,34,Oracle.xe,Oracle.xe,andy-aaron,6644,0,,"<string>LENGTH: '677' ACTION :[425] 'select /*+ no_parallel(t) no_parallel_index(t) dbms_stats cursor_sharing_exact use_weak_name_resl dynamic_sampling(0) no_monitoring xmlindex_sel_idx_tbl opt_param('optimizer_inmemory_aware' 'false') no_substrb_pad leading(r t) use_nl(t) rowid(t) */ substrb(dump(t.""SNAP_ID"",16,0,64),1,240) d_2559714659, r.rwid, r.freq from ""SYS"".""WRH$_SQLTEXT"" t, table(:topntab) r where t.rowid = chartorowid(r.rwid) order by t.""SNAP_ID""' DATABASE USER:[3] 'SYS' PRIVILEGE :[4] 'NONE' CLIENT USER:[0] '' CLIENT TERMINAL:[10] 'ANDY-AARON' STATUS:[1] '0' DBID:[10] '1689037571' SESSIONID:[7] '1010483' USERHOST:[10] 'ANDY-AARON' CLIENT ADDRESS:[0] '' ACTION NUMBER:[1] '3' </string>"
windows_event,win_event,58,2026-04-25T17:00:18.607956+00:00,INFO,34,Oracle.xe,Oracle.xe,andy-aaron,6644,0,,"<string>LENGTH: '679' ACTION :[427] 'select /*+ no_parallel(t) no_parallel_index(t) dbms_stats cursor_sharing_exact use_weak_name_resl dynamic_sampling(0) no_monitoring xmlindex_sel_idx_tbl opt_param('optimizer_inmemory_aware' 'false') no_substrb_pad leading(r t) use_nl(t) rowid(t) */ substrb(dump(t.""TIMESTAMP"",16,0,64),1,240) d_3043994140, r.rwid, r.freq from ""SYS"".""COL_USAGE$"" t, table(:topntab) r where t.rowid = chartorowid(r.rwid) order by t.""TIMESTAMP""' DATABASE USER:[3] 'SYS' PRIVILEGE :[4] 'NONE' CLIENT USER:[0] '' CLIENT TERMINAL:[10] 'ANDY-AARON' STATUS:[1] '0' DBID:[10] '3074368596' SESSIONID:[7] '1020316' USERHOST:[10] 'ANDY-AARON' CLIENT ADDRESS:[0] '' ACTION NUMBER:[1] '3' </string>"
windows_event,win_event,59,2026-04-25T17:00:18.631456+00:00,INFO,34,Oracle.xe,Oracle.xe,andy-aaron,6644,0,,"<string>LENGTH: '679' ACTION :[427] 'select /*+ no_parallel(t) no_parallel_index(t) dbms_stats cursor_sharing_exact use_weak_name_resl dynamic_sampling(0) no_monitoring xmlindex_sel_idx_tbl opt_param('optimizer_inmemory_aware' 'false') no_substrb_pad leading(r t) use_nl(t) rowid(t) */ substrb(dump(t.""TIMESTAMP"",16,0,64),1,240) d_3043994140, r.rwid, r.freq from ""SYS"".""COL_USAGE$"" t, table(:topntab) r where t.rowid = chartorowid(r.rwid) order by t.""TIMESTAMP""' DATABASE USER:[3] 'SYS' PRIVILEGE :[4] 'NONE' CLIENT USER:[0] '' CLIENT TERMINAL:[10] 'ANDY-AARON' STATUS:[1] '0' DBID:[10] '3074368596' SESSIONID:[7] '1020316' USERHOST:[10] 'ANDY-AARON' CLIENT ADDRESS:[0] '' ACTION NUMBER:[1] '3' </string>"
windows_event,win_event,60,2026-04-25T17:00:19.027296+00:00,INFO,34,Oracle.xe,Oracle.xe,andy-aaron,6644,0,,"<string>LENGTH: '690' ACTION :[438] 'select /*+ no_parallel(t) no_parallel_index(t) dbms_stats cursor_sharing_exact use_weak_name_resl dynamic_sampling(0) no_monitoring xmlindex_sel_idx_tbl opt_param('optimizer_inmemory_aware' 'false') no_substrb_pad leading(r t) use_nl(t) rowid(t) */ substrb(dump(t.""DROP_SEGMENTS"",16,0,64),1,240) d_2503730669, r.rwid, r.freq from ""SYS"".""MON_MODS_ALL$"" t, table(:topntab) r where t.rowid = chartorowid(r.rwid) order by t.""DROP_SEGMENTS""' DATABASE USER:[3] 'SYS' PRIVILEGE :[4] 'NONE' CLIENT USER:[0] '' CLIENT TERMINAL:[10] 'ANDY-AARON' STATUS:[1] '0' DBID:[10] '3074368596' SESSIONID:[7] '1020316' USERHOST:[10] 'ANDY-AARON' CLIENT ADDRESS:[0] '' ACTION NUMBER:[1] '3' </string>"
windows_event,win_event,61,2026-04-25T17:00:19.031239+00:00,INFO,34,Oracle.xe,Oracle.xe,andy-aaron,6644,0,,"<string>LENGTH: '690' ACTION :[438] 'select /*+ no_parallel(t) no_parallel_index(t) dbms_stats cursor_sharing_exact use_weak_name_resl dynamic_sampling(0) no_monitoring xmlindex_sel_idx_tbl opt_param('optimizer_inmemory_aware' 'false') no_substrb_pad leading(r t) use_nl(t) rowid(t) */ substrb(dump(t.""DROP_SEGMENTS"",16,0,64),1,240) d_2503730669, r.rwid, r.freq from ""SYS"".""MON_MODS_ALL$"" t, table(:topntab) r where t.rowid = chartorowid(r.rwid) order by t.""DROP_SEGMENTS""' DATABASE USER:[3] 'SYS' PRIVILEGE :[4] 'NONE' CLIENT USER:[0] '' CLIENT TERMINAL:[10] 'ANDY-AARON' STATUS:[1] '0' DBID:[10] '3074368596' SESSIONID:[7] '1020316' USERHOST:[10] 'ANDY-AARON' CLIENT ADDRESS:[0] '' ACTION NUMBER:[1] '3' </string>"
windows_event,win_event,62,2026-04-25T17:00:19.033815+00:00,INFO,34,Oracle.xe,Oracle.xe,andy-aaron,6644,0,,"<string>LENGTH: '674' ACTION :[422] 'select /*+ no_parallel(t) no_parallel_index(t) dbms_stats cursor_sharing_exact use_weak_name_resl dynamic_sampling(0) no_monitoring xmlindex_sel_idx_tbl opt_param('optimizer_inmemory_aware' 'false') no_substrb_pad leading(r t) use_nl(t) rowid(t) */ substrb(dump(t.""FLAGS"",16,0,64),1,240) d_2385161744, r.rwid, r.freq from ""SYS"".""MON_MODS_ALL$"" t, table(:topntab) r where t.rowid = chartorowid(r.rwid) order by t.""FLAGS""' DATABASE USER:[3] 'SYS' PRIVILEGE :[4] 'NONE' CLIENT USER:[0] '' CLIENT TERMINAL:[10] 'ANDY-AARON' STATUS:[1] '0' DBID:[10] '3074368596' SESSIONID:[7] '1020316' USERHOST:[10] 'ANDY-AARON' CLIENT ADDRESS:[0] '' ACTION NUMBER:[1] '3' </string>"
windows_event,win_event,63,2026-04-25T17:00:19.056187+00:00,INFO,34,Oracle.xe,Oracle.xe,andy-aaron,6644,0,,"<string>LENGTH: '674' ACTION :[422] 'select /*+ no_parallel(t) no_parallel_index(t) dbms_stats cursor_sharing_exact use_weak_name_resl dynamic_sampling(0) no_monitoring xmlindex_sel_idx_tbl opt_param('optimizer_inmemory_aware' 'false') no_substrb_pad leading(r t) use_nl(t) rowid(t) */ substrb(dump(t.""FLAGS"",16,0,64),1,240) d_2385161744, r.rwid, r.freq from ""SYS"".""MON_MODS_ALL$"" t, table(:topntab) r where t.rowid = chartorowid(r.rwid) order by t.""FLAGS""' DATABASE USER:[3] 'SYS' PRIVILEGE :[4] 'NONE' CLIENT USER:[0] '' CLIENT TERMINAL:[10] 'ANDY-AARON' STATUS:[1] '0' DBID:[10] '3074368596' SESSIONID:[7] '1020316' USERHOST:[10] 'ANDY-AARON' CLIENT ADDRESS:[0] '' ACTION NUMBER:[1] '3' </string>"
windows_event,win_event,64,2026-04-25T17:00:19.201803+00:00,INFO,34,Oracle.xe,Oracle.xe,andy-aaron,6644,0,,"<string>LENGTH: '677' ACTION :[425] 'select /*+ no_parallel(t) no_parallel_index(t) dbms_stats cursor_sharing_exact use_weak_name_resl dynamic_sampling(0) no_monitoring xmlindex_sel_idx_tbl opt_param('optimizer_inmemory_aware' 'false') no_substrb_pad leading(r t) use_nl(t) rowid(t) */ substrb(dump(t.""FLAGS"",16,0,64),1,240) d_2385161744, r.rwid, r.freq from ""SYS"".""SCHEDULER$_CLASS"" t, table(:topntab) r where t.rowid = chartorowid(r.rwid) order by t.""FLAGS""' DATABASE USER:[3] 'SYS' PRIVILEGE :[4] 'NONE' CLIENT USER:[0] '' CLIENT TERMINAL:[10] 'ANDY-AARON' STATUS:[1] '0' DBID:[10] '1689037571' SESSIONID:[7] '1010483' USERHOST:[10] 'ANDY-AARON' CLIENT ADDRESS:[0] '' ACTION NUMBER:[1] '3' </string>"
windows_event,win_event,65,2026-04-25T17:00:19.216230+00:00,INFO,34,Oracle.xe,Oracle.xe,andy-aaron,6644,0,,"<string>LENGTH: '677' ACTION :[425] 'select /*+ no_parallel(t) no_parallel_index(t) dbms_stats cursor_sharing_exact use_weak_name_resl dynamic_sampling(0) no_monitoring xmlindex_sel_idx_tbl opt_param('optimizer_inmemory_aware' 'false') no_substrb_pad leading(r t) use_nl(t) rowid(t) */ substrb(dump(t.""FLAGS"",16,0,64),1,240) d_2385161744, r.rwid, r.freq from ""SYS"".""SCHEDULER$_CLASS"" t, table(:topntab) r where t.rowid = chartorowid(r.rwid) order by t.""FLAGS""' DATABASE USER:[3] 'SYS' PRIVILEGE :[4] 'NONE' CLIENT USER:[0] '' CLIENT TERMINAL:[10] 'ANDY-AARON' STATUS:[1] '0' DBID:[10] '1689037571' SESSIONID:[7] '1010483' USERHOST:[10] 'ANDY-AARON' CLIENT ADDRESS:[0] '' ACTION NUMBER:[1] '3' </string>"
windows_event,win_event,66,2026-04-25T17:00:19.264128+00:00,INFO,34,Oracle.xe,Oracle.xe,andy-aaron,6644,0,,"<string>LENGTH: '691' ACTION :[439] 'select /*+ no_parallel(t) no_parallel_index(t) dbms_stats cursor_sharing_exact use_weak_name_resl dynamic_sampling(0) no_monitoring xmlindex_sel_idx_tbl opt_param('optimizer_inmemory_aware' 'false') no_substrb_pad leading(r t) use_nl(t) rowid(t) */ substrb(dump(t.""START_TIME"",16,0,64),1,240) d_4273991414, r.rwid, r.freq from ""SYS"".""WRI$_SEGADV_CNTRLTAB"" t, table(:topntab) r where t.rowid = chartorowid(r.rwid) order by t.""START_TIME""' DATABASE USER:[3] 'SYS' PRIVILEGE :[4] 'NONE' CLIENT USER:[0] '' CLIENT TERMINAL:[10] 'ANDY-AARON' STATUS:[1] '0' DBID:[10] '3074368596' SESSIONID:[7] '1020316' USERHOST:[10] 'ANDY-AARON' CLIENT ADDRESS:[0] '' ACTION NUMBER:[1] '3' </string>"
windows_event,win_event,67,2026-04-25T17:00:19.273012+00:00,INFO,34,Oracle.xe,Oracle.xe,andy-aaron,6644,0,,"<string>LENGTH: '691' ACTION :[439] 'select /*+ no_parallel(t) no_parallel_index(t) dbms_stats cursor_sharing_exact use_weak_name_resl dynamic_sampling(0) no_monitoring xmlindex_sel_idx_tbl opt_param('optimizer_inmemory_aware' 'false') no_substrb_pad leading(r t) use_nl(t) rowid(t) */ substrb(dump(t.""START_TIME"",16,0,64),1,240) d_4273991414, r.rwid, r.freq from ""SYS"".""WRI$_SEGADV_CNTRLTAB"" t, table(:topntab) r where t.rowid = chartorowid(r.rwid) order by t.""START_TIME""' DATABASE USER:[3] 'SYS' PRIVILEGE :[4] 'NONE' CLIENT USER:[0] '' CLIENT TERMINAL:[10] 'ANDY-AARON' STATUS:[1] '0' DBID:[10] '3074368596' SESSIONID:[7] '1020316' USERHOST:[10] 'ANDY-AARON' CLIENT ADDRESS:[0] '' ACTION NUMBER:[1] '3' </string>"
windows_event,win_event,68,2026-04-25T17:00:19.367962+00:00,INFO,34,Oracle.xe,Oracle.xe,andy-aaron,6644,0,,"<string>LENGTH: '691' ACTION :[439] 'select /*+ no_parallel(t) no_parallel_index(t) dbms_stats cursor_sharing_exact use_weak_name_resl dynamic_sampling(0) no_monitoring xmlindex_sel_idx_tbl opt_param('optimizer_inmemory_aware' 'false') no_substrb_pad leading(r t) use_nl(t) rowid(t) */ substrb(dump(t.""SYS_NC00022$"",16,0,64),1,240) d_832412856, r.rwid, r.freq from ""SYS"".""SCHEDULER$_WINDOW"" t, table(:topntab) r where t.rowid = chartorowid(r.rwid) order by t.""SYS_NC00022$""' DATABASE USER:[3] 'SYS' PRIVILEGE :[4] 'NONE' CLIENT USER:[0] '' CLIENT TERMINAL:[10] 'ANDY-AARON' STATUS:[1] '0' DBID:[10] '1689037571' SESSIONID:[7] '1010483' USERHOST:[10] 'ANDY-AARON' CLIENT ADDRESS:[0] '' ACTION NUMBER:[1] '3' </string>"
windows_event,win_event,69,2026-04-25T17:00:19.383104+00:00,INFO,34,Oracle.xe,Oracle.xe,andy-aaron,6644,0,,"<string>LENGTH: '691' ACTION :[439] 'select /*+ no_parallel(t) no_parallel_index(t) dbms_stats cursor_sharing_exact use_weak_name_resl dynamic_sampling(0) no_monitoring xmlindex_sel_idx_tbl opt_param('optimizer_inmemory_aware' 'false') no_substrb_pad leading(r t) use_nl(t) rowid(t) */ substrb(dump(t.""SYS_NC00022$"",16,0,64),1,240) d_832412856, r.rwid, r.freq from ""SYS"".""SCHEDULER$_WINDOW"" t, table(:topntab) r where t.rowid = chartorowid(r.rwid) order by t.""SYS_NC00022$""' DATABASE USER:[3] 'SYS' PRIVILEGE :[4] 'NONE' CLIENT USER:[0] '' CLIENT TERMINAL:[10] 'ANDY-AARON' STATUS:[1] '0' DBID:[10] '1689037571' SESSIONID:[7] '1010483' USERHOST:[10] 'ANDY-AARON' CLIENT ADDRESS:[0] '' ACTION NUMBER:[1] '3' </string>"
windows_event,win_event,70,2026-04-25T17:00:19.385611+00:00,INFO,34,Oracle.xe,Oracle.xe,andy-aaron,6644,0,,"<string>LENGTH: '678' ACTION :[426] 'select /*+ no_parallel(t) no_parallel_index(t) dbms_stats cursor_sharing_exact use_weak_name_resl dynamic_sampling(0) no_monitoring xmlindex_sel_idx_tbl opt_param('optimizer_inmemory_aware' 'false') no_substrb_pad leading(r t) use_nl(t) rowid(t) */ substrb(dump(t.""FLAGS"",16,0,64),1,240) d_2385161744, r.rwid, r.freq from ""SYS"".""SCHEDULER$_WINDOW"" t, table(:topntab) r where t.rowid = chartorowid(r.rwid) order by t.""FLAGS""' DATABASE USER:[3] 'SYS' PRIVILEGE :[4] 'NONE' CLIENT USER:[0] '' CLIENT TERMINAL:[10] 'ANDY-AARON' STATUS:[1] '0' DBID:[10] '1689037571' SESSIONID:[7] '1010483' USERHOST:[10] 'ANDY-AARON' CLIENT ADDRESS:[0] '' ACTION NUMBER:[1] '3' </string>"
windows_event,win_event,71,2026-04-25T17:00:19.391619+00:00,INFO,34,Oracle.xe,Oracle.xe,andy-aaron,6644,0,,"<string>LENGTH: '678' ACTION :[426] 'select /*+ no_parallel(t) no_parallel_index(t) dbms_stats cursor_sharing_exact use_weak_name_resl dynamic_sampling(0) no_monitoring xmlindex_sel_idx_tbl opt_param('optimizer_inmemory_aware' 'false') no_substrb_pad leading(r t) use_nl(t) rowid(t) */ substrb(dump(t.""FLAGS"",16,0,64),1,240) d_2385161744, r.rwid, r.freq from ""SYS"".""SCHEDULER$_WINDOW"" t, table(:topntab) r where t.rowid = chartorowid(r.rwid) order by t.""FLAGS""' DATABASE USER:[3] 'SYS' PRIVILEGE :[4] 'NONE' CLIENT USER:[0] '' CLIENT TERMINAL:[10] 'ANDY-AARON' STATUS:[1] '0' DBID:[10] '1689037571' SESSIONID:[7] '1010483' USERHOST:[10] 'ANDY-AARON' CLIENT ADDRESS:[0] '' ACTION NUMBER:[1] '3' </string>"
windows_event,win_event,72,2026-04-25T17:00:19.424686+00:00,INFO,34,Oracle.xe,Oracle.xe,andy-aaron,6644,0,,"<string>LENGTH: '691' ACTION :[439] 'select /*+ no_parallel(t) no_parallel_index(t) dbms_stats cursor_sharing_exact use_weak_name_resl dynamic_sampling(0) no_monitoring xmlindex_sel_idx_tbl opt_param('optimizer_inmemory_aware' 'false') no_substrb_pad leading(r t) use_nl(t) rowid(t) */ substrb(dump(t.""SYS_NC00022$"",16,0,64),1,240) d_832412856, r.rwid, r.freq from ""SYS"".""SCHEDULER$_WINDOW"" t, table(:topntab) r where t.rowid = chartorowid(r.rwid) order by t.""SYS_NC00022$""' DATABASE USER:[3] 'SYS' PRIVILEGE :[4] 'NONE' CLIENT USER:[0] '' CLIENT TERMINAL:[10] 'ANDY-AARON' STATUS:[1] '0' DBID:[10] '3074368596' SESSIONID:[7] '1020316' USERHOST:[10] 'ANDY-AARON' CLIENT ADDRESS:[0] '' ACTION NUMBER:[1] '3' </string>"
windows_event,win_event,73,2026-04-25T17:00:19.431192+00:00,INFO,34,Oracle.xe,Oracle.xe,andy-aaron,6644,0,,"<string>LENGTH: '691' ACTION :[439] 'select /*+ no_parallel(t) no_parallel_index(t) dbms_stats cursor_sharing_exact use_weak_name_resl dynamic_sampling(0) no_monitoring xmlindex_sel_idx_tbl opt_param('optimizer_inmemory_aware' 'false') no_substrb_pad leading(r t) use_nl(t) rowid(t) */ substrb(dump(t.""SYS_NC00022$"",16,0,64),1,240) d_832412856, r.rwid, r.freq from ""SYS"".""SCHEDULER$_WINDOW"" t, table(:topntab) r where t.rowid = chartorowid(r.rwid) order by t.""SYS_NC00022$""' DATABASE USER:[3] 'SYS' PRIVILEGE :[4] 'NONE' CLIENT USER:[0] '' CLIENT TERMINAL:[10] 'ANDY-AARON' STATUS:[1] '0' DBID:[10] '3074368596' SESSIONID:[7] '1020316' USERHOST:[10] 'ANDY-AARON' CLIENT ADDRESS:[0] '' ACTION NUMBER:[1] '3' </string>"
windows_event,win_event,74,2026-04-25T17:00:19.435461+00:00,INFO,34,Oracle.xe,Oracle.xe,andy-aaron,6644,0,,"<string>LENGTH: '678' ACTION :[426] 'select /*+ no_parallel(t) no_parallel_index(t) dbms_stats cursor_sharing_exact use_weak_name_resl dynamic_sampling(0) no_monitoring xmlindex_sel_idx_tbl opt_param('optimizer_inmemory_aware' 'false') no_substrb_pad leading(r t) use_nl(t) rowid(t) */ substrb(dump(t.""FLAGS"",16,0,64),1,240) d_2385161744, r.rwid, r.freq from ""SYS"".""SCHEDULER$_WINDOW"" t, table(:topntab) r where t.rowid = chartorowid(r.rwid) order by t.""FLAGS""' DATABASE USER:[3] 'SYS' PRIVILEGE :[4] 'NONE' CLIENT USER:[0] '' CLIENT TERMINAL:[10] 'ANDY-AARON' STATUS:[1] '0' DBID:[10] '3074368596' SESSIONID:[7] '1020316' USERHOST:[10] 'ANDY-AARON' CLIENT ADDRESS:[0] '' ACTION NUMBER:[1] '3' </string>"
windows_event,win_event,75,2026-04-25T17:00:19.440525+00:00,INFO,34,Oracle.xe,Oracle.xe,andy-aaron,6644,0,,"<string>LENGTH: '678' ACTION :[426] 'select /*+ no_parallel(t) no_parallel_index(t) dbms_stats cursor_sharing_exact use_weak_name_resl dynamic_sampling(0) no_monitoring xmlindex_sel_idx_tbl opt_param('optimizer_inmemory_aware' 'false') no_substrb_pad leading(r t) use_nl(t) rowid(t) */ substrb(dump(t.""FLAGS"",16,0,64),1,240) d_2385161744, r.rwid, r.freq from ""SYS"".""SCHEDULER$_WINDOW"" t, table(:topntab) r where t.rowid = chartorowid(r.rwid) order by t.""FLAGS""' DATABASE USER:[3] 'SYS' PRIVILEGE :[4] 'NONE' CLIENT USER:[0] '' CLIENT TERMINAL:[10] 'ANDY-AARON' STATUS:[1] '0' DBID:[10] '3074368596' SESSIONID:[7] '1020316' USERHOST:[10] 'ANDY-AARON' CLIENT ADDRESS:[0] '' ACTION NUMBER:[1] '3' </string>"
windows_event,win_event,76,2026-04-25T17:00:19.627237+00:00,INFO,34,Oracle.xe,Oracle.xe,andy-aaron,6644,0,,"<string>LENGTH: '687' ACTION :[435] 'select /*+ no_parallel(t) no_parallel_index(t) dbms_stats cursor_sharing_exact use_weak_name_resl dynamic_sampling(0) no_monitoring xmlindex_sel_idx_tbl opt_param('optimizer_inmemory_aware' 'false') no_substrb_pad leading(r t) use_nl(t) rowid(t) */ substrb(dump(t.""LOG_ID"",16,0,64),1,240) d_712308018, r.rwid, r.freq from ""SYS"".""SCHEDULER$_WINDOW_DETAILS"" t, table(:topntab) r where t.rowid = chartorowid(r.rwid) order by t.""LOG_ID""' DATABASE USER:[3] 'SYS' PRIVILEGE :[4] 'NONE' CLIENT USER:[0] '' CLIENT TERMINAL:[10] 'ANDY-AARON' STATUS:[1] '0' DBID:[10] '3074368596' SESSIONID:[7] '1020316' USERHOST:[10] 'ANDY-AARON' CLIENT ADDRESS:[0] '' ACTION NUMBER:[1] '3' </string>"
windows_event,win_event,77,2026-04-25T17:00:19.635025+00:00,INFO,34,Oracle.xe,Oracle.xe,andy-aaron,6644,0,,"<string>LENGTH: '687' ACTION :[435] 'select /*+ no_parallel(t) no_parallel_index(t) dbms_stats cursor_sharing_exact use_weak_name_resl dynamic_sampling(0) no_monitoring xmlindex_sel_idx_tbl opt_param('optimizer_inmemory_aware' 'false') no_substrb_pad leading(r t) use_nl(t) rowid(t) */ substrb(dump(t.""LOG_ID"",16,0,64),1,240) d_712308018, r.rwid, r.freq from ""SYS"".""SCHEDULER$_WINDOW_DETAILS"" t, table(:topntab) r where t.rowid = chartorowid(r.rwid) order by t.""LOG_ID""' DATABASE USER:[3] 'SYS' PRIVILEGE :[4] 'NONE' CLIENT USER:[0] '' CLIENT TERMINAL:[10] 'ANDY-AARON' STATUS:[1] '0' DBID:[10] '3074368596' SESSIONID:[7] '1020316' USERHOST:[10] 'ANDY-AARON' CLIENT ADDRESS:[0] '' ACTION NUMBER:[1] '3' </string>"
windows_event,win_event,78,2026-04-25T17:00:19.635498+00:00,INFO,34,Oracle.xe,Oracle.xe,andy-aaron,6644,0,,"<string>LENGTH: '665' ACTION :[413] 'select /*+ no_parallel(t) no_parallel_index(t) dbms_stats cursor_sharing_exact use_weak_name_resl dynamic_sampling(0) no_monitoring xmlindex_sel_idx_tbl opt_param('optimizer_inmemory_aware' 'false') no_substrb_pad leading(r t) use_nl(t) rowid(t) */ substrb(dump(t.""BO#"",16,0,64),1,240) d_3258529640, r.rwid, r.freq from ""SYS"".""INDPART$"" t, table(:topntab) r where t.rowid = chartorowid(r.rwid) order by t.""BO#""' DATABASE USER:[3] 'SYS' PRIVILEGE :[4] 'NONE' CLIENT USER:[0] '' CLIENT TERMINAL:[10] 'ANDY-AARON' STATUS:[1] '0' DBID:[10] '1689037571' SESSIONID:[7] '1010483' USERHOST:[10] 'ANDY-AARON' CLIENT ADDRESS:[0] '' ACTION NUMBER:[1] '3' </string>"
windows_event,win_event,79,2026-04-25T17:00:19.640665+00:00,INFO,34,Oracle.xe,Oracle.xe,andy-aaron,6644,0,,"<string>LENGTH: '665' ACTION :[413] 'select /*+ no_parallel(t) no_parallel_index(t) dbms_stats cursor_sharing_exact use_weak_name_resl dynamic_sampling(0) no_monitoring xmlindex_sel_idx_tbl opt_param('optimizer_inmemory_aware' 'false') no_substrb_pad leading(r t) use_nl(t) rowid(t) */ substrb(dump(t.""BO#"",16,0,64),1,240) d_3258529640, r.rwid, r.freq from ""SYS"".""INDPART$"" t, table(:topntab) r where t.rowid = chartorowid(r.rwid) order by t.""BO#""' DATABASE USER:[3] 'SYS' PRIVILEGE :[4] 'NONE' CLIENT USER:[0] '' CLIENT TERMINAL:[10] 'ANDY-AARON' STATUS:[1] '0' DBID:[10] '1689037571' SESSIONID:[7] '1010483' USERHOST:[10] 'ANDY-AARON' CLIENT ADDRESS:[0] '' ACTION NUMBER:[1] '3' </string>"
windows_event,win_event,80,2026-04-25T17:00:19.647717+00:00,INFO,34,Oracle.xe,Oracle.xe,andy-aaron,6644,0,,"<string>LENGTH: '671' ACTION :[419] 'select /*+ no_parallel(t) no_parallel_index(t) dbms_stats cursor_sharing_exact use_weak_name_resl dynamic_sampling(0) no_monitoring xmlindex_sel_idx_tbl opt_param('optimizer_inmemory_aware' 'false') no_substrb_pad leading(r t) use_nl(t) rowid(t) */ substrb(dump(t.""BLOCK#"",16,0,64),1,240) d_1712031901, r.rwid, r.freq from ""SYS"".""INDPART$"" t, table(:topntab) r where t.rowid = chartorowid(r.rwid) order by t.""BLOCK#""' DATABASE USER:[3] 'SYS' PRIVILEGE :[4] 'NONE' CLIENT USER:[0] '' CLIENT TERMINAL:[10] 'ANDY-AARON' STATUS:[1] '0' DBID:[10] '1689037571' SESSIONID:[7] '1010483' USERHOST:[10] 'ANDY-AARON' CLIENT ADDRESS:[0] '' ACTION NUMBER:[1] '3' </string>"
windows_event,win_event,81,2026-04-25T17:00:19.652262+00:00,INFO,34,Oracle.xe,Oracle.xe,andy-aaron,6644,0,,"<string>LENGTH: '671' ACTION :[419] 'select /*+ no_parallel(t) no_parallel_index(t) dbms_stats cursor_sharing_exact use_weak_name_resl dynamic_sampling(0) no_monitoring xmlindex_sel_idx_tbl opt_param('optimizer_inmemory_aware' 'false') no_substrb_pad leading(r t) use_nl(t) rowid(t) */ substrb(dump(t.""BLOCK#"",16,0,64),1,240) d_1712031901, r.rwid, r.freq from ""SYS"".""INDPART$"" t, table(:topntab) r where t.rowid = chartorowid(r.rwid) order by t.""BLOCK#""' DATABASE USER:[3] 'SYS' PRIVILEGE :[4] 'NONE' CLIENT USER:[0] '' CLIENT TERMINAL:[10] 'ANDY-AARON' STATUS:[1] '0' DBID:[10] '1689037571' SESSIONID:[7] '1010483' USERHOST:[10] 'ANDY-AARON' CLIENT ADDRESS:[0] '' ACTION NUMBER:[1] '3' </string>"
windows_event,win_event,82,2026-04-25T17:00:19.654411+00:00,INFO,34,Oracle.xe,Oracle.xe,andy-aaron,6644,0,,"<string>LENGTH: '668' ACTION :[416] 'select /*+ no_parallel(t) no_parallel_index(t) dbms_stats cursor_sharing_exact use_weak_name_resl dynamic_sampling(0) no_monitoring xmlindex_sel_idx_tbl opt_param('optimizer_inmemory_aware' 'false') no_substrb_pad leading(r t) use_nl(t) rowid(t) */ substrb(dump(t.""PART#"",16,0,64),1,240) d_313988010, r.rwid, r.freq from ""SYS"".""INDPART$"" t, table(:topntab) r where t.rowid = chartorowid(r.rwid) order by t.""PART#""' DATABASE USER:[3] 'SYS' PRIVILEGE :[4] 'NONE' CLIENT USER:[0] '' CLIENT TERMINAL:[10] 'ANDY-AARON' STATUS:[1] '0' DBID:[10] '1689037571' SESSIONID:[7] '1010483' USERHOST:[10] 'ANDY-AARON' CLIENT ADDRESS:[0] '' ACTION NUMBER:[1] '3' </string>"
windows_event,win_event,83,2026-04-25T17:00:19.660658+00:00,INFO,34,Oracle.xe,Oracle.xe,andy-aaron,6644,0,,"<string>LENGTH: '668' ACTION :[416] 'select /*+ no_parallel(t) no_parallel_index(t) dbms_stats cursor_sharing_exact use_weak_name_resl dynamic_sampling(0) no_monitoring xmlindex_sel_idx_tbl opt_param('optimizer_inmemory_aware' 'false') no_substrb_pad leading(r t) use_nl(t) rowid(t) */ substrb(dump(t.""PART#"",16,0,64),1,240) d_313988010, r.rwid, r.freq from ""SYS"".""INDPART$"" t, table(:topntab) r where t.rowid = chartorowid(r.rwid) order by t.""PART#""' DATABASE USER:[3] 'SYS' PRIVILEGE :[4] 'NONE' CLIENT USER:[0] '' CLIENT TERMINAL:[10] 'ANDY-AARON' STATUS:[1] '0' DBID:[10] '1689037571' SESSIONID:[7] '1010483' USERHOST:[10] 'ANDY-AARON' CLIENT ADDRESS:[0] '' ACTION NUMBER:[1] '3' </string>"
windows_event,win_event,84,2026-04-25T17:00:19.663368+00:00,INFO,34,Oracle.xe,Oracle.xe,andy-aaron,6644,0,,"<string>LENGTH: '669' ACTION :[417] 'select /*+ no_parallel(t) no_parallel_index(t) dbms_stats cursor_sharing_exact use_weak_name_resl dynamic_sampling(0) no_monitoring xmlindex_sel_idx_tbl opt_param('optimizer_inmemory_aware' 'false') no_substrb_pad leading(r t) use_nl(t) rowid(t) */ substrb(dump(t.""FLAGS"",16,0,64),1,240) d_2385161744, r.rwid, r.freq from ""SYS"".""INDPART$"" t, table(:topntab) r where t.rowid = chartorowid(r.rwid) order by t.""FLAGS""' DATABASE USER:[3] 'SYS' PRIVILEGE :[4] 'NONE' CLIENT USER:[0] '' CLIENT TERMINAL:[10] 'ANDY-AARON' STATUS:[1] '0' DBID:[10] '1689037571' SESSIONID:[7] '1010483' USERHOST:[10] 'ANDY-AARON' CLIENT ADDRESS:[0] '' ACTION NUMBER:[1] '3' </string>"
windows_event,win_event,85,2026-04-25T17:00:19.668581+00:00,INFO,34,Oracle.xe,Oracle.xe,andy-aaron,6644,0,,"<string>LENGTH: '669' ACTION :[417] 'select /*+ no_parallel(t) no_parallel_index(t) dbms_stats cursor_sharing_exact use_weak_name_resl dynamic_sampling(0) no_monitoring xmlindex_sel_idx_tbl opt_param('optimizer_inmemory_aware' 'false') no_substrb_pad leading(r t) use_nl(t) rowid(t) */ substrb(dump(t.""FLAGS"",16,0,64),1,240) d_2385161744, r.rwid, r.freq from ""SYS"".""INDPART$"" t, table(:topntab) r where t.rowid = chartorowid(r.rwid) order by t.""FLAGS""' DATABASE USER:[3] 'SYS' PRIVILEGE :[4] 'NONE' CLIENT USER:[0] '' CLIENT TERMINAL:[10] 'ANDY-AARON' STATUS:[1] '0' DBID:[10] '1689037571' SESSIONID:[7] '1010483' USERHOST:[10] 'ANDY-AARON' CLIENT ADDRESS:[0] '' ACTION NUMBER:[1] '3' </string>"
windows_event,win_event,86,2026-04-25T17:00:19.671286+00:00,INFO,34,Oracle.xe,Oracle.xe,andy-aaron,6644,0,,"<string>LENGTH: '669' ACTION :[417] 'select /*+ no_parallel(t) no_parallel_index(t) dbms_stats cursor_sharing_exact use_weak_name_resl dynamic_sampling(0) no_monitoring xmlindex_sel_idx_tbl opt_param('optimizer_inmemory_aware' 'false') no_substrb_pad leading(r t) use_nl(t) rowid(t) */ substrb(dump(t.""FILE#"",16,0,64),1,240) d_1985055719, r.rwid, r.freq from ""SYS"".""INDPART$"" t, table(:topntab) r where t.rowid = chartorowid(r.rwid) order by t.""FILE#""' DATABASE USER:[3] 'SYS' PRIVILEGE :[4] 'NONE' CLIENT USER:[0] '' CLIENT TERMINAL:[10] 'ANDY-AARON' STATUS:[1] '0' DBID:[10] '1689037571' SESSIONID:[7] '1010483' USERHOST:[10] 'ANDY-AARON' CLIENT ADDRESS:[0] '' ACTION NUMBER:[1] '3' </string>"
windows_event,win_event,87,2026-04-25T17:00:19.678123+00:00,INFO,34,Oracle.xe,Oracle.xe,andy-aaron,6644,0,,"<string>LENGTH: '669' ACTION :[417] 'select /*+ no_parallel(t) no_parallel_index(t) dbms_stats cursor_sharing_exact use_weak_name_resl dynamic_sampling(0) no_monitoring xmlindex_sel_idx_tbl opt_param('optimizer_inmemory_aware' 'false') no_substrb_pad leading(r t) use_nl(t) rowid(t) */ substrb(dump(t.""FILE#"",16,0,64),1,240) d_1985055719, r.rwid, r.freq from ""SYS"".""INDPART$"" t, table(:topntab) r where t.rowid = chartorowid(r.rwid) order by t.""FILE#""' DATABASE USER:[3] 'SYS' PRIVILEGE :[4] 'NONE' CLIENT USER:[0] '' CLIENT TERMINAL:[10] 'ANDY-AARON' STATUS:[1] '0' DBID:[10] '1689037571' SESSIONID:[7] '1010483' USERHOST:[10] 'ANDY-AARON' CLIENT ADDRESS:[0] '' ACTION NUMBER:[1] '3' </string>"
windows_event,win_event,88,2026-04-25T17:00:19.681479+00:00,INFO,34,Oracle.xe,Oracle.xe,andy-aaron,6644,0,,"<string>LENGTH: '665' ACTION :[413] 'select /*+ no_parallel(t) no_parallel_index(t) dbms_stats cursor_sharing_exact use_weak_name_resl dynamic_sampling(0) no_monitoring xmlindex_sel_idx_tbl opt_param('optimizer_inmemory_aware' 'false') no_substrb_pad leading(r t) use_nl(t) rowid(t) */ substrb(dump(t.""TS#"",16,0,64),1,240) d_2793702272, r.rwid, r.freq from ""SYS"".""INDPART$"" t, table(:topntab) r where t.rowid = chartorowid(r.rwid) order by t.""TS#""' DATABASE USER:[3] 'SYS' PRIVILEGE :[4] 'NONE' CLIENT USER:[0] '' CLIENT TERMINAL:[10] 'ANDY-AARON' STATUS:[1] '0' DBID:[10] '1689037571' SESSIONID:[7] '1010483' USERHOST:[10] 'ANDY-AARON' CLIENT ADDRESS:[0] '' ACTION NUMBER:[1] '3' </string>"
windows_event,win_event,89,2026-04-25T17:00:19.688082+00:00,INFO,34,Oracle.xe,Oracle.xe,andy-aaron,6644,0,,"<string>LENGTH: '665' ACTION :[413] 'select /*+ no_parallel(t) no_parallel_index(t) dbms_stats cursor_sharing_exact use_weak_name_resl dynamic_sampling(0) no_monitoring xmlindex_sel_idx_tbl opt_param('optimizer_inmemory_aware' 'false') no_substrb_pad leading(r t) use_nl(t) rowid(t) */ substrb(dump(t.""TS#"",16,0,64),1,240) d_2793702272, r.rwid, r.freq from ""SYS"".""INDPART$"" t, table(:topntab) r where t.rowid = chartorowid(r.rwid) order by t.""TS#""' DATABASE USER:[3] 'SYS' PRIVILEGE :[4] 'NONE' CLIENT USER:[0] '' CLIENT TERMINAL:[10] 'ANDY-AARON' STATUS:[1] '0' DBID:[10] '1689037571' SESSIONID:[7] '1010483' USERHOST:[10] 'ANDY-AARON' CLIENT ADDRESS:[0] '' ACTION NUMBER:[1] '3' </string>"
windows_event,win_event,90,2026-04-25T17:00:19.741686+00:00,INFO,34,Oracle.xe,Oracle.xe,andy-aaron,6644,0,,"<string>LENGTH: '675' ACTION :[423] 'select /*+ no_parallel(t) no_parallel_index(t) dbms_stats cursor_sharing_exact use_weak_name_resl dynamic_sampling(0) no_monitoring xmlindex_sel_idx_tbl opt_param('optimizer_inmemory_aware' 'false') no_substrb_pad leading(r t) use_nl(t) rowid(t) */ substrb(dump(t.""F_ID"",16,0,64),1,240) d_3331908302, r.rwid, r.freq from ""SYS"".""OPT_FINDING_OBJ$"" t, table(:topntab) r where t.rowid = chartorowid(r.rwid) order by t.""F_ID""' DATABASE USER:[3] 'SYS' PRIVILEGE :[4] 'NONE' CLIENT USER:[0] '' CLIENT TERMINAL:[10] 'ANDY-AARON' STATUS:[1] '0' DBID:[10] '3074368596' SESSIONID:[7] '1020316' USERHOST:[10] 'ANDY-AARON' CLIENT ADDRESS:[0] '' ACTION NUMBER:[1] '3' </string>"
windows_event,win_event,91,2026-04-25T17:00:19.744682+00:00,INFO,34,Oracle.xe,Oracle.xe,andy-aaron,6644,0,,"<string>LENGTH: '675' ACTION :[423] 'select /*+ no_parallel(t) no_parallel_index(t) dbms_stats cursor_sharing_exact use_weak_name_resl dynamic_sampling(0) no_monitoring xmlindex_sel_idx_tbl opt_param('optimizer_inmemory_aware' 'false') no_substrb_pad leading(r t) use_nl(t) rowid(t) */ substrb(dump(t.""F_ID"",16,0,64),1,240) d_3331908302, r.rwid, r.freq from ""SYS"".""OPT_FINDING_OBJ$"" t, table(:topntab) r where t.rowid = chartorowid(r.rwid) order by t.""F_ID""' DATABASE USER:[3] 'SYS' PRIVILEGE :[4] 'NONE' CLIENT USER:[0] '' CLIENT TERMINAL:[10] 'ANDY-AARON' STATUS:[1] '0' DBID:[10] '3074368596' SESSIONID:[7] '1020316' USERHOST:[10] 'ANDY-AARON' CLIENT ADDRESS:[0] '' ACTION NUMBER:[1] '3' </string>"
windows_event,win_event,92,2026-04-25T17:00:19.746893+00:00,INFO,34,Oracle.xe,Oracle.xe,andy-aaron,6644,0,,"<string>LENGTH: '679' ACTION :[427] 'select /*+ no_parallel(t) no_parallel_index(t) dbms_stats cursor_sharing_exact use_weak_name_resl dynamic_sampling(0) no_monitoring xmlindex_sel_idx_tbl opt_param('optimizer_inmemory_aware' 'false') no_substrb_pad leading(r t) use_nl(t) rowid(t) */ substrb(dump(t.""F_OBJ#"",16,0,64),1,240) d_3095168464, r.rwid, r.freq from ""SYS"".""OPT_FINDING_OBJ$"" t, table(:topntab) r where t.rowid = chartorowid(r.rwid) order by t.""F_OBJ#""' DATABASE USER:[3] 'SYS' PRIVILEGE :[4] 'NONE' CLIENT USER:[0] '' CLIENT TERMINAL:[10] 'ANDY-AARON' STATUS:[1] '0' DBID:[10] '3074368596' SESSIONID:[7] '1020316' USERHOST:[10] 'ANDY-AARON' CLIENT ADDRESS:[0] '' ACTION NUMBER:[1] '3' </string>"
windows_event,win_event,93,2026-04-25T17:00:19.750721+00:00,INFO,34,Oracle.xe,Oracle.xe,andy-aaron,6644,0,,"<string>LENGTH: '679' ACTION :[427] 'select /*+ no_parallel(t) no_parallel_index(t) dbms_stats cursor_sharing_exact use_weak_name_resl dynamic_sampling(0) no_monitoring xmlindex_sel_idx_tbl opt_param('optimizer_inmemory_aware' 'false') no_substrb_pad leading(r t) use_nl(t) rowid(t) */ substrb(dump(t.""F_OBJ#"",16,0,64),1,240) d_3095168464, r.rwid, r.freq from ""SYS"".""OPT_FINDING_OBJ$"" t, table(:topntab) r where t.rowid = chartorowid(r.rwid) order by t.""F_OBJ#""' DATABASE USER:[3] 'SYS' PRIVILEGE :[4] 'NONE' CLIENT USER:[0] '' CLIENT TERMINAL:[10] 'ANDY-AARON' STATUS:[1] '0' DBID:[10] '3074368596' SESSIONID:[7] '1020316' USERHOST:[10] 'ANDY-AARON' CLIENT ADDRESS:[0] '' ACTION NUMBER:[1] '3' </string>"
windows_event,win_event,94,2026-04-25T17:00:19.753899+00:00,INFO,34,Oracle.xe,Oracle.xe,andy-aaron,6644,0,,"<string>LENGTH: '683' ACTION :[431] 'select /*+ no_parallel(t) no_parallel_index(t) dbms_stats cursor_sharing_exact use_weak_name_resl dynamic_sampling(0) no_monitoring xmlindex_sel_idx_tbl opt_param('optimizer_inmemory_aware' 'false') no_substrb_pad leading(r t) use_nl(t) rowid(t) */ substrb(dump(t.""OBJ_TYPE"",16,0,64),1,240) d_4239612350, r.rwid, r.freq from ""SYS"".""OPT_FINDING_OBJ$"" t, table(:topntab) r where t.rowid = chartorowid(r.rwid) order by t.""OBJ_TYPE""' DATABASE USER:[3] 'SYS' PRIVILEGE :[4] 'NONE' CLIENT USER:[0] '' CLIENT TERMINAL:[10] 'ANDY-AARON' STATUS:[1] '0' DBID:[10] '3074368596' SESSIONID:[7] '1020316' USERHOST:[10] 'ANDY-AARON' CLIENT ADDRESS:[0] '' ACTION NUMBER:[1] '3' </string>"
windows_event,win_event,95,2026-04-25T17:00:19.758564+00:00,INFO,34,Oracle.xe,Oracle.xe,andy-aaron,6644,0,,"<string>LENGTH: '683' ACTION :[431] 'select /*+ no_parallel(t) no_parallel_index(t) dbms_stats cursor_sharing_exact use_weak_name_resl dynamic_sampling(0) no_monitoring xmlindex_sel_idx_tbl opt_param('optimizer_inmemory_aware' 'false') no_substrb_pad leading(r t) use_nl(t) rowid(t) */ substrb(dump(t.""OBJ_TYPE"",16,0,64),1,240) d_4239612350, r.rwid, r.freq from ""SYS"".""OPT_FINDING_OBJ$"" t, table(:topntab) r where t.rowid = chartorowid(r.rwid) order by t.""OBJ_TYPE""' DATABASE USER:[3] 'SYS' PRIVILEGE :[4] 'NONE' CLIENT USER:[0] '' CLIENT TERMINAL:[10] 'ANDY-AARON' STATUS:[1] '0' DBID:[10] '3074368596' SESSIONID:[7] '1020316' USERHOST:[10] 'ANDY-AARON' CLIENT ADDRESS:[0] '' ACTION NUMBER:[1] '3' </string>"
windows_event,win_event,96,2026-04-25T17:00:19.873463+00:00,INFO,15,SecurityCenter,SecurityCenter,andy-aaron,9996,0,,<string>Avast Antivirus</string> <string>SECURITY_PRODUCT_STATE_ON</string>
windows_event,win_event,97,2026-04-25T17:00:20.144825+00:00,INFO,34,Oracle.xe,Oracle.xe,andy-aaron,6644,0,,"<string>LENGTH: '701' ACTION :[449] 'select /*+ no_parallel(t) no_parallel_index(t) dbms_stats cursor_sharing_exact use_weak_name_resl dynamic_sampling(0) no_monitoring xmlindex_sel_idx_tbl opt_param('optimizer_inmemory_aware' 'false') no_substrb_pad leading(r t) use_nl(t) rowid(t) */ substrb(dump(substrb(t.""NAME"",1,64),16,0,64),1,240) d_2614638557, r.rwid, r.freq from ""SYS"".""WRI$_ADV_TASKS"" t, table(:topntab) r where t.rowid = chartorowid(r.rwid) order by substrb(t.""NAME"",1,64)' DATABASE USER:[3] 'SYS' PRIVILEGE :[4] 'NONE' CLIENT USER:[0] '' CLIENT TERMINAL:[10] 'ANDY-AARON' STATUS:[1] '0' DBID:[10] '3074368596' SESSIONID:[7] '1020316' USERHOST:[10] 'ANDY-AARON' CLIENT ADDRESS:[0] '' ACTION NUMBER:[1] '3' </string>"
windows_event,win_event,98,2026-04-25T17:00:20.151489+00:00,INFO,34,Oracle.xe,Oracle.xe,andy-aaron,6644,0,,"<string>LENGTH: '701' ACTION :[449] 'select /*+ no_parallel(t) no_parallel_index(t) dbms_stats cursor_sharing_exact use_weak_name_resl dynamic_sampling(0) no_monitoring xmlindex_sel_idx_tbl opt_param('optimizer_inmemory_aware' 'false') no_substrb_pad leading(r t) use_nl(t) rowid(t) */ substrb(dump(substrb(t.""NAME"",1,64),16,0,64),1,240) d_2614638557, r.rwid, r.freq from ""SYS"".""WRI$_ADV_TASKS"" t, table(:topntab) r where t.rowid = chartorowid(r.rwid) order by substrb(t.""NAME"",1,64)' DATABASE USER:[3] 'SYS' PRIVILEGE :[4] 'NONE' CLIENT USER:[0] '' CLIENT TERMINAL:[10] 'ANDY-AARON' STATUS:[1] '0' DBID:[10] '3074368596' SESSIONID:[7] '1020316' USERHOST:[10] 'ANDY-AARON' CLIENT ADDRESS:[0] '' ACTION NUMBER:[1] '3' </string>"
windows_event,win_event,99,2026-04-25T17:00:20.157410+00:00,INFO,34,Oracle.xe,Oracle.xe,andy-aaron,6644,0,,"<string>LENGTH: '685' ACTION :[433] 'select /*+ no_parallel(t) no_parallel_index(t) dbms_stats cursor_sharing_exact use_weak_name_resl dynamic_sampling(0) no_monitoring xmlindex_sel_idx_tbl opt_param('optimizer_inmemory_aware' 'false') no_substrb_pad leading(r t) use_nl(t) rowid(t) */ substrb(dump(t.""ADVISOR_ID"",16,0,64),1,240) d_2026044459, r.rwid, r.freq from ""SYS"".""WRI$_ADV_TASKS"" t, table(:topntab) r where t.rowid = chartorowid(r.rwid) order by t.""ADVISOR_ID""' DATABASE USER:[3] 'SYS' PRIVILEGE :[4] 'NONE' CLIENT USER:[0] '' CLIENT TERMINAL:[10] 'ANDY-AARON' STATUS:[1] '0' DBID:[10] '3074368596' SESSIONID:[7] '1020316' USERHOST:[10] 'ANDY-AARON' CLIENT ADDRESS:[0] '' ACTION NUMBER:[1] '3' </string>"
windows_event,win_event,100,2026-04-25T17:00:20.165079+00:00,INFO,34,Oracle.xe,Oracle.xe,andy-aaron,6644,0,,"<string>LENGTH: '685' ACTION :[433] 'select /*+ no_parallel(t) no_parallel_index(t) dbms_stats cursor_sharing_exact use_weak_name_resl dynamic_sampling(0) no_monitoring xmlindex_sel_idx_tbl opt_param('optimizer_inmemory_aware' 'false') no_substrb_pad leading(r t) use_nl(t) rowid(t) */ substrb(dump(t.""ADVISOR_ID"",16,0,64),1,240) d_2026044459, r.rwid, r.freq from ""SYS"".""WRI$_ADV_TASKS"" t, table(:topntab) r where t.rowid = chartorowid(r.rwid) order by t.""ADVISOR_ID""' DATABASE USER:[3] 'SYS' PRIVILEGE :[4] 'NONE' CLIENT USER:[0] '' CLIENT TERMINAL:[10] 'ANDY-AARON' STATUS:[1] '0' DBID:[10] '3074368596' SESSIONID:[7] '1020316' USERHOST:[10] 'ANDY-AARON' CLIENT ADDRESS:[0] '' ACTION NUMBER:[1] '3' </string>"
windows_event,win_event,101,2026-04-25T17:00:20.167200+00:00,INFO,34,Oracle.xe,Oracle.xe,andy-aaron,6644,0,,"<string>LENGTH: '717' ACTION :[465] 'select /*+ no_parallel(t) no_parallel_index(t) dbms_stats cursor_sharing_exact use_weak_name_resl dynamic_sampling(0) no_monitoring xmlindex_sel_idx_tbl opt_param('optimizer_inmemory_aware' 'false') no_substrb_pad leading(r t) use_nl(t) rowid(t) */ substrb(dump(substrb(t.""ADVISOR_NAME"",1,64),16,0,64),1,240) d_2897005349, r.rwid, r.freq from ""SYS"".""WRI$_ADV_TASKS"" t, table(:topntab) r where t.rowid = chartorowid(r.rwid) order by substrb(t.""ADVISOR_NAME"",1,64)' DATABASE USER:[3] 'SYS' PRIVILEGE :[4] 'NONE' CLIENT USER:[0] '' CLIENT TERMINAL:[10] 'ANDY-AARON' STATUS:[1] '0' DBID:[10] '3074368596' SESSIONID:[7] '1020316' USERHOST:[10] 'ANDY-AARON' CLIENT ADDRESS:[0] '' ACTION NUMBER:[1] '3' </string>"
windows_event,win_event,102,2026-04-25T17:00:20.173059+00:00,INFO,34,Oracle.xe,Oracle.xe,andy-aaron,6644,0,,"<string>LENGTH: '717' ACTION :[465] 'select /*+ no_parallel(t) no_parallel_index(t) dbms_stats cursor_sharing_exact use_weak_name_resl dynamic_sampling(0) no_monitoring xmlindex_sel_idx_tbl opt_param('optimizer_inmemory_aware' 'false') no_substrb_pad leading(r t) use_nl(t) rowid(t) */ substrb(dump(substrb(t.""ADVISOR_NAME"",1,64),16,0,64),1,240) d_2897005349, r.rwid, r.freq from ""SYS"".""WRI$_ADV_TASKS"" t, table(:topntab) r where t.rowid = chartorowid(r.rwid) order by substrb(t.""ADVISOR_NAME"",1,64)' DATABASE USER:[3] 'SYS' PRIVILEGE :[4] 'NONE' CLIENT USER:[0] '' CLIENT TERMINAL:[10] 'ANDY-AARON' STATUS:[1] '0' DBID:[10] '3074368596' SESSIONID:[7] '1020316' USERHOST:[10] 'ANDY-AARON' CLIENT ADDRESS:[0] '' ACTION NUMBER:[1] '3' </string>"
windows_event,win_event,103,2026-04-25T17:00:20.211369+00:00,INFO,34,Oracle.xe,Oracle.xe,andy-aaron,6644,0,,"<string>LENGTH: '681' ACTION :[429] 'select /*+ no_parallel(t) no_parallel_index(t) dbms_stats cursor_sharing_exact use_weak_name_resl dynamic_sampling(0) no_monitoring xmlindex_sel_idx_tbl opt_param('optimizer_inmemory_aware' 'false') no_substrb_pad leading(r t) use_nl(t) rowid(t) */ substrb(dump(t.""PROPERTY"",16,0,64),1,240) d_1738371530, r.rwid, r.freq from ""SYS"".""WRI$_ADV_TASKS"" t, table(:topntab) r where t.rowid = chartorowid(r.rwid) order by t.""PROPERTY""' DATABASE USER:[3] 'SYS' PRIVILEGE :[4] 'NONE' CLIENT USER:[0] '' CLIENT TERMINAL:[10] 'ANDY-AARON' STATUS:[1] '0' DBID:[10] '3074368596' SESSIONID:[7] '1020316' USERHOST:[10] 'ANDY-AARON' CLIENT ADDRESS:[0] '' ACTION NUMBER:[1] '3' </string>"
windows_event,win_event,104,2026-04-25T17:00:20.248323+00:00,INFO,34,Oracle.xe,Oracle.xe,andy-aaron,6644,0,,"<string>LENGTH: '681' ACTION :[429] 'select /*+ no_parallel(t) no_parallel_index(t) dbms_stats cursor_sharing_exact use_weak_name_resl dynamic_sampling(0) no_monitoring xmlindex_sel_idx_tbl opt_param('optimizer_inmemory_aware' 'false') no_substrb_pad leading(r t) use_nl(t) rowid(t) */ substrb(dump(t.""PROPERTY"",16,0,64),1,240) d_1738371530, r.rwid, r.freq from ""SYS"".""WRI$_ADV_TASKS"" t, table(:topntab) r where t.rowid = chartorowid(r.rwid) order by t.""PROPERTY""' DATABASE USER:[3] 'SYS' PRIVILEGE :[4] 'NONE' CLIENT USER:[0] '' CLIENT TERMINAL:[10] 'ANDY-AARON' STATUS:[1] '0' DBID:[10] '3074368596' SESSIONID:[7] '1020316' USERHOST:[10] 'ANDY-AARON' CLIENT ADDRESS:[0] '' ACTION NUMBER:[1] '3' </string>"
windows_event,win_event,105,2026-04-25T17:00:20.256636+00:00,INFO,34,Oracle.xe,Oracle.xe,andy-aaron,6644,0,,"<string>LENGTH: '687' ACTION :[435] 'select /*+ no_parallel(t) no_parallel_index(t) dbms_stats cursor_sharing_exact use_weak_name_resl dynamic_sampling(0) no_monitoring xmlindex_sel_idx_tbl opt_param('optimizer_inmemory_aware' 'false') no_substrb_pad leading(r t) use_nl(t) rowid(t) */ substrb(dump(t.""HOW_CREATED"",16,0,64),1,240) d_4264415911, r.rwid, r.freq from ""SYS"".""WRI$_ADV_TASKS"" t, table(:topntab) r where t.rowid = chartorowid(r.rwid) order by t.""HOW_CREATED""' DATABASE USER:[3] 'SYS' PRIVILEGE :[4] 'NONE' CLIENT USER:[0] '' CLIENT TERMINAL:[10] 'ANDY-AARON' STATUS:[1] '0' DBID:[10] '3074368596' SESSIONID:[7] '1020316' USERHOST:[10] 'ANDY-AARON' CLIENT ADDRESS:[0] '' ACTION NUMBER:[1] '3' </string>"
windows_event,win_event,106,2026-04-25T17:00:20.273712+00:00,INFO,34,Oracle.xe,Oracle.xe,andy-aaron,6644,0,,"<string>LENGTH: '687' ACTION :[435] 'select /*+ no_parallel(t) no_parallel_index(t) dbms_stats cursor_sharing_exact use_weak_name_resl dynamic_sampling(0) no_monitoring xmlindex_sel_idx_tbl opt_param('optimizer_inmemory_aware' 'false') no_substrb_pad leading(r t) use_nl(t) rowid(t) */ substrb(dump(t.""HOW_CREATED"",16,0,64),1,240) d_4264415911, r.rwid, r.freq from ""SYS"".""WRI$_ADV_TASKS"" t, table(:topntab) r where t.rowid = chartorowid(r.rwid) order by t.""HOW_CREATED""' DATABASE USER:[3] 'SYS' PRIVILEGE :[4] 'NONE' CLIENT USER:[0] '' CLIENT TERMINAL:[10] 'ANDY-AARON' STATUS:[1] '0' DBID:[10] '3074368596' SESSIONID:[7] '1020316' USERHOST:[10] 'ANDY-AARON' CLIENT ADDRESS:[0] '' ACTION NUMBER:[1] '3' </string>"
windows_event,win_event,107,2026-04-25T17:00:20.283789+00:00,INFO,34,Oracle.xe,Oracle.xe,andy-aaron,6644,0,,"<string>LENGTH: '721' ACTION :[469] 'select /*+ no_parallel(t) no_parallel_index(t) dbms_stats cursor_sharing_exact use_weak_name_resl dynamic_sampling(0) no_monitoring xmlindex_sel_idx_tbl opt_param('optimizer_inmemory_aware' 'false') no_substrb_pad leading(r t) use_nl(t) rowid(t) */ substrb(dump(substrb(t.""LAST_EXEC_NAME"",1,64),16,0,64),1,240) d_2986789370, r.rwid, r.freq from ""SYS"".""WRI$_ADV_TASKS"" t, table(:topntab) r where t.rowid = chartorowid(r.rwid) order by substrb(t.""LAST_EXEC_NAME"",1,64)' DATABASE USER:[3] 'SYS' PRIVILEGE :[4] 'NONE' CLIENT USER:[0] '' CLIENT TERMINAL:[10] 'ANDY-AARON' STATUS:[1] '0' DBID:[10] '3074368596' SESSIONID:[7] '1020316' USERHOST:[10] 'ANDY-AARON' CLIENT ADDRESS:[0] '' ACTION NUMBER:[1] '3' </string>"
windows_event,win_event,108,2026-04-25T17:00:20.291828+00:00,INFO,34,Oracle.xe,Oracle.xe,andy-aaron,6644,0,,"<string>LENGTH: '721' ACTION :[469] 'select /*+ no_parallel(t) no_parallel_index(t) dbms_stats cursor_sharing_exact use_weak_name_resl dynamic_sampling(0) no_monitoring xmlindex_sel_idx_tbl opt_param('optimizer_inmemory_aware' 'false') no_substrb_pad leading(r t) use_nl(t) rowid(t) */ substrb(dump(substrb(t.""LAST_EXEC_NAME"",1,64),16,0,64),1,240) d_2986789370, r.rwid, r.freq from ""SYS"".""WRI$_ADV_TASKS"" t, table(:topntab) r where t.rowid = chartorowid(r.rwid) order by substrb(t.""LAST_EXEC_NAME"",1,64)' DATABASE USER:[3] 'SYS' PRIVILEGE :[4] 'NONE' CLIENT USER:[0] '' CLIENT TERMINAL:[10] 'ANDY-AARON' STATUS:[1] '0' DBID:[10] '3074368596' SESSIONID:[7] '1020316' USERHOST:[10] 'ANDY-AARON' CLIENT ADDRESS:[0] '' ACTION NUMBER:[1] '3' </string>"
windows_event,win_event,109,2026-04-25T17:00:20.291803+00:00,INFO,15,SecurityCenter,SecurityCenter,andy-aaron,9996,0,,<string>Avast Antivirus</string> <string>SECURITY_PRODUCT_STATE_ON</string>
windows_event,win_event,110,2026-04-25T17:00:20.304096+00:00,INFO,34,Oracle.xe,Oracle.xe,andy-aaron,6644,0,,"<string>LENGTH: '677' ACTION :[425] 'select /*+ no_parallel(t) no_parallel_index(t) dbms_stats cursor_sharing_exact use_weak_name_resl dynamic_sampling(0) no_monitoring xmlindex_sel_idx_tbl opt_param('optimizer_inmemory_aware' 'false') no_substrb_pad leading(r t) use_nl(t) rowid(t) */ substrb(dump(t.""OWNER#"",16,0,64),1,240) d_1210682704, r.rwid, r.freq from ""SYS"".""WRI$_ADV_TASKS"" t, table(:topntab) r where t.rowid = chartorowid(r.rwid) order by t.""OWNER#""' DATABASE USER:[3] 'SYS' PRIVILEGE :[4] 'NONE' CLIENT USER:[0] '' CLIENT TERMINAL:[10] 'ANDY-AARON' STATUS:[1] '0' DBID:[10] '3074368596' SESSIONID:[7] '1020316' USERHOST:[10] 'ANDY-AARON' CLIENT ADDRESS:[0] '' ACTION NUMBER:[1] '3' </string>"
windows_event,win_event,111,2026-04-25T17:00:20.323349+00:00,INFO,34,Oracle.xe,Oracle.xe,andy-aaron,6644,0,,"<string>LENGTH: '677' ACTION :[425] 'select /*+ no_parallel(t) no_parallel_index(t) dbms_stats cursor_sharing_exact use_weak_name_resl dynamic_sampling(0) no_monitoring xmlindex_sel_idx_tbl opt_param('optimizer_inmemory_aware' 'false') no_substrb_pad leading(r t) use_nl(t) rowid(t) */ substrb(dump(t.""OWNER#"",16,0,64),1,240) d_1210682704, r.rwid, r.freq from ""SYS"".""WRI$_ADV_TASKS"" t, table(:topntab) r where t.rowid = chartorowid(r.rwid) order by t.""OWNER#""' DATABASE USER:[3] 'SYS' PRIVILEGE :[4] 'NONE' CLIENT USER:[0] '' CLIENT TERMINAL:[10] 'ANDY-AARON' STATUS:[1] '0' DBID:[10] '3074368596' SESSIONID:[7] '1020316' USERHOST:[10] 'ANDY-AARON' CLIENT ADDRESS:[0] '' ACTION NUMBER:[1] '3' </string>"
windows_event,win_event,112,2026-04-25T17:00:20.347746+00:00,INFO,34,Oracle.xe,Oracle.xe,andy-aaron,6644,0,,"<string>LENGTH: '713' ACTION :[461] 'select /*+ no_parallel(t) no_parallel_index(t) dbms_stats cursor_sharing_exact use_weak_name_resl dynamic_sampling(0) no_monitoring xmlindex_sel_idx_tbl opt_param('optimizer_inmemory_aware' 'false') no_substrb_pad leading(r t) use_nl(t) rowid(t) */ substrb(dump(substrb(t.""OWNER_NAME"",1,64),16,0,64),1,240) d_2880690580, r.rwid, r.freq from ""SYS"".""WRI$_ADV_TASKS"" t, table(:topntab) r where t.rowid = chartorowid(r.rwid) order by substrb(t.""OWNER_NAME"",1,64)' DATABASE USER:[3] 'SYS' PRIVILEGE :[4] 'NONE' CLIENT USER:[0] '' CLIENT TERMINAL:[10] 'ANDY-AARON' STATUS:[1] '0' DBID:[10] '3074368596' SESSIONID:[7] '1020316' USERHOST:[10] 'ANDY-AARON' CLIENT ADDRESS:[0] '' ACTION NUMBER:[1] '3' </string>"
windows_event,win_event,113,2026-04-25T17:00:20.352819+00:00,INFO,34,Oracle.xe,Oracle.xe,andy-aaron,6644,0,,"<string>LENGTH: '713' ACTION :[461] 'select /*+ no_parallel(t) no_parallel_index(t) dbms_stats cursor_sharing_exact use_weak_name_resl dynamic_sampling(0) no_monitoring xmlindex_sel_idx_tbl opt_param('optimizer_inmemory_aware' 'false') no_substrb_pad leading(r t) use_nl(t) rowid(t) */ substrb(dump(substrb(t.""TARGET"",1,64),16,0,64),1,240) d_1827374718, r.rwid, r.freq from ""SYS"".""WRI$_OPTSTAT_OPR_TASKS"" t, table(:topntab) r where t.rowid = chartorowid(r.rwid) order by substrb(t.""TARGET"",1,64)' DATABASE USER:[3] 'SYS' PRIVILEGE :[4] 'NONE' CLIENT USER:[0] '' CLIENT TERMINAL:[10] 'ANDY-AARON' STATUS:[1] '0' DBID:[10] '1689037571' SESSIONID:[7] '1010483' USERHOST:[10] 'ANDY-AARON' CLIENT ADDRESS:[0] '' ACTION NUMBER:[1] '3' </string>"
windows_event,win_event,114,2026-04-25T17:00:20.360802+00:00,INFO,34,Oracle.xe,Oracle.xe,andy-aaron,6644,0,,"<string>LENGTH: '713' ACTION :[461] 'select /*+ no_parallel(t) no_parallel_index(t) dbms_stats cursor_sharing_exact use_weak_name_resl dynamic_sampling(0) no_monitoring xmlindex_sel_idx_tbl opt_param('optimizer_inmemory_aware' 'false') no_substrb_pad leading(r t) use_nl(t) rowid(t) */ substrb(dump(substrb(t.""OWNER_NAME"",1,64),16,0,64),1,240) d_2880690580, r.rwid, r.freq from ""SYS"".""WRI$_ADV_TASKS"" t, table(:topntab) r where t.rowid = chartorowid(r.rwid) order by substrb(t.""OWNER_NAME"",1,64)' DATABASE USER:[3] 'SYS' PRIVILEGE :[4] 'NONE' CLIENT USER:[0] '' CLIENT TERMINAL:[10] 'ANDY-AARON' STATUS:[1] '0' DBID:[10] '3074368596' SESSIONID:[7] '1020316' USERHOST:[10] 'ANDY-AARON' CLIENT ADDRESS:[0] '' ACTION NUMBER:[1] '3' </string>"
windows_event,win_event,115,2026-04-25T17:00:20.364634+00:00,INFO,34,Oracle.xe,Oracle.xe,andy-aaron,6644,0,,"<string>LENGTH: '713' ACTION :[461] 'select /*+ no_parallel(t) no_parallel_index(t) dbms_stats cursor_sharing_exact use_weak_name_resl dynamic_sampling(0) no_monitoring xmlindex_sel_idx_tbl opt_param('optimizer_inmemory_aware' 'false') no_substrb_pad leading(r t) use_nl(t) rowid(t) */ substrb(dump(substrb(t.""TARGET"",1,64),16,0,64),1,240) d_1827374718, r.rwid, r.freq from ""SYS"".""WRI$_OPTSTAT_OPR_TASKS"" t, table(:topntab) r where t.rowid = chartorowid(r.rwid) order by substrb(t.""TARGET"",1,64)' DATABASE USER:[3] 'SYS' PRIVILEGE :[4] 'NONE' CLIENT USER:[0] '' CLIENT TERMINAL:[10] 'ANDY-AARON' STATUS:[1] '0' DBID:[10] '1689037571' SESSIONID:[7] '1010483' USERHOST:[10] 'ANDY-AARON' CLIENT ADDRESS:[0] '' ACTION NUMBER:[1] '3' </string>"
windows_event,win_event,116,2026-04-25T17:00:20.382042+00:00,INFO,34,Oracle.xe,Oracle.xe,andy-aaron,6644,0,,"<string>LENGTH: '710' ACTION :[458] 'select /*+ no_parallel(t) no_parallel_index(t) dbms_stats cursor_sharing_exact use_weak_name_resl dynamic_sampling(0) no_monitoring xmlindex_sel_idx_tbl opt_param('optimizer_inmemory_aware' 'false') no_substrb_pad leading(r t) use_nl(t) rowid(t) */ substrb(dump(substrb(t.""NOTES"",1,64),16,0,64),1,240) d_494323660, r.rwid, r.freq from ""SYS"".""WRI$_OPTSTAT_OPR_TASKS"" t, table(:topntab) r where t.rowid = chartorowid(r.rwid) order by substrb(t.""NOTES"",1,64)' DATABASE USER:[3] 'SYS' PRIVILEGE :[4] 'NONE' CLIENT USER:[0] '' CLIENT TERMINAL:[10] 'ANDY-AARON' STATUS:[1] '0' DBID:[10] '1689037571' SESSIONID:[7] '1010483' USERHOST:[10] 'ANDY-AARON' CLIENT ADDRESS:[0] '' ACTION NUMBER:[1] '3' </string>"
windows_event,win_event,117,2026-04-25T17:00:20.389294+00:00,INFO,34,Oracle.xe,Oracle.xe,andy-aaron,6644,0,,"<string>LENGTH: '710' ACTION :[458] 'select /*+ no_parallel(t) no_parallel_index(t) dbms_stats cursor_sharing_exact use_weak_name_resl dynamic_sampling(0) no_monitoring xmlindex_sel_idx_tbl opt_param('optimizer_inmemory_aware' 'false') no_substrb_pad leading(r t) use_nl(t) rowid(t) */ substrb(dump(substrb(t.""NOTES"",1,64),16,0,64),1,240) d_494323660, r.rwid, r.freq from ""SYS"".""WRI$_OPTSTAT_OPR_TASKS"" t, table(:topntab) r where t.rowid = chartorowid(r.rwid) order by substrb(t.""NOTES"",1,64)' DATABASE USER:[3] 'SYS' PRIVILEGE :[4] 'NONE' CLIENT USER:[0] '' CLIENT TERMINAL:[10] 'ANDY-AARON' STATUS:[1] '0' DBID:[10] '1689037571' SESSIONID:[7] '1010483' USERHOST:[10] 'ANDY-AARON' CLIENT ADDRESS:[0] '' ACTION NUMBER:[1] '3' </string>"
windows_event,win_event,118,2026-04-25T17:00:20.395386+00:00,INFO,34,Oracle.xe,Oracle.xe,andy-aaron,6644,0,,"<string>LENGTH: '683' ACTION :[431] 'select /*+ no_parallel(t) no_parallel_index(t) dbms_stats cursor_sharing_exact use_weak_name_resl dynamic_sampling(0) no_monitoring xmlindex_sel_idx_tbl opt_param('optimizer_inmemory_aware' 'false') no_substrb_pad leading(r t) use_nl(t) rowid(t) */ substrb(dump(t.""OP_ID"",16,0,64),1,240) d_2588116097, r.rwid, r.freq from ""SYS"".""WRI$_OPTSTAT_OPR_TASKS"" t, table(:topntab) r where t.rowid = chartorowid(r.rwid) order by t.""OP_ID""' DATABASE USER:[3] 'SYS' PRIVILEGE :[4] 'NONE' CLIENT USER:[0] '' CLIENT TERMINAL:[10] 'ANDY-AARON' STATUS:[1] '0' DBID:[10] '1689037571' SESSIONID:[7] '1010483' USERHOST:[10] 'ANDY-AARON' CLIENT ADDRESS:[0] '' ACTION NUMBER:[1] '3' </string>"
windows_event,win_event,119,2026-04-25T17:00:20.411333+00:00,INFO,34,Oracle.xe,Oracle.xe,andy-aaron,6644,0,,"<string>LENGTH: '683' ACTION :[431] 'select /*+ no_parallel(t) no_parallel_index(t) dbms_stats cursor_sharing_exact use_weak_name_resl dynamic_sampling(0) no_monitoring xmlindex_sel_idx_tbl opt_param('optimizer_inmemory_aware' 'false') no_substrb_pad leading(r t) use_nl(t) rowid(t) */ substrb(dump(t.""OP_ID"",16,0,64),1,240) d_2588116097, r.rwid, r.freq from ""SYS"".""WRI$_OPTSTAT_OPR_TASKS"" t, table(:topntab) r where t.rowid = chartorowid(r.rwid) order by t.""OP_ID""' DATABASE USER:[3] 'SYS' PRIVILEGE :[4] 'NONE' CLIENT USER:[0] '' CLIENT TERMINAL:[10] 'ANDY-AARON' STATUS:[1] '0' DBID:[10] '1689037571' SESSIONID:[7] '1010483' USERHOST:[10] 'ANDY-AARON' CLIENT ADDRESS:[0] '' ACTION NUMBER:[1] '3' </string>"
windows_event,win_event,120,2026-04-25T17:00:20.417212+00:00,INFO,34,Oracle.xe,Oracle.xe,andy-aaron,6644,0,,"<string>LENGTH: '685' ACTION :[433] 'select /*+ no_parallel(t) no_parallel_index(t) dbms_stats cursor_sharing_exact use_weak_name_resl dynamic_sampling(0) no_monitoring xmlindex_sel_idx_tbl opt_param('optimizer_inmemory_aware' 'false') no_substrb_pad leading(r t) use_nl(t) rowid(t) */ substrb(dump(t.""STATUS"",16,0,64),1,240) d_2980463140, r.rwid, r.freq from ""SYS"".""WRI$_OPTSTAT_OPR_TASKS"" t, table(:topntab) r where t.rowid = chartorowid(r.rwid) order by t.""STATUS""' DATABASE USER:[3] 'SYS' PRIVILEGE :[4] 'NONE' CLIENT USER:[0] '' CLIENT TERMINAL:[10] 'ANDY-AARON' STATUS:[1] '0' DBID:[10] '1689037571' SESSIONID:[7] '1010483' USERHOST:[10] 'ANDY-AARON' CLIENT ADDRESS:[0] '' ACTION NUMBER:[1] '3' </string>"
windows_event,win_event,121,2026-04-25T17:00:20.444935+00:00,INFO,34,Oracle.xe,Oracle.xe,andy-aaron,6644,0,,"<string>LENGTH: '685' ACTION :[433] 'select /*+ no_parallel(t) no_parallel_index(t) dbms_stats cursor_sharing_exact use_weak_name_resl dynamic_sampling(0) no_monitoring xmlindex_sel_idx_tbl opt_param('optimizer_inmemory_aware' 'false') no_substrb_pad leading(r t) use_nl(t) rowid(t) */ substrb(dump(t.""STATUS"",16,0,64),1,240) d_2980463140, r.rwid, r.freq from ""SYS"".""WRI$_OPTSTAT_OPR_TASKS"" t, table(:topntab) r where t.rowid = chartorowid(r.rwid) order by t.""STATUS""' DATABASE USER:[3] 'SYS' PRIVILEGE :[4] 'NONE' CLIENT USER:[0] '' CLIENT TERMINAL:[10] 'ANDY-AARON' STATUS:[1] '0' DBID:[10] '1689037571' SESSIONID:[7] '1010483' USERHOST:[10] 'ANDY-AARON' CLIENT ADDRESS:[0] '' ACTION NUMBER:[1] '3' </string>"
windows_event,win_event,122,2026-04-25T17:00:20.513147+00:00,INFO,15,SecurityCenter,SecurityCenter,andy-aaron,9996,0,,<string>Avast Antivirus</string> <string>SECURITY_PRODUCT_STATE_ON</string>
windows_event,win_event,123,2026-04-25T17:00:20.701824+00:00,INFO,15,SecurityCenter,SecurityCenter,andy-aaron,9996,0,,<string>Avast Antivirus</string> <string>SECURITY_PRODUCT_STATE_ON</string>
windows_event,win_event,124,2026-04-25T17:00:20.730886+00:00,INFO,34,Oracle.xe,Oracle.xe,andy-aaron,6644,0,,"<string>LENGTH: '690' ACTION :[438] 'select /*+ no_parallel(t) no_parallel_index(t) dbms_stats cursor_sharing_exact use_weak_name_resl dynamic_sampling(0) no_monitoring xmlindex_sel_idx_tbl opt_param('optimizer_inmemory_aware' 'false') no_substrb_pad leading(r t) use_nl(t) rowid(t) */ substrb(dump(t.""EXEC_MTIME"",16,0,64),1,240) d_3513433270, r.rwid, r.freq from ""SYS"".""WRI$_ADV_EXECUTIONS"" t, table(:topntab) r where t.rowid = chartorowid(r.rwid) order by t.""EXEC_MTIME""' DATABASE USER:[3] 'SYS' PRIVILEGE :[4] 'NONE' CLIENT USER:[0] '' CLIENT TERMINAL:[10] 'ANDY-AARON' STATUS:[1] '0' DBID:[10] '3074368596' SESSIONID:[7] '1020316' USERHOST:[10] 'ANDY-AARON' CLIENT ADDRESS:[0] '' ACTION NUMBER:[1] '3' </string>"
windows_event,win_event,125,2026-04-25T17:00:20.736210+00:00,INFO,34,Oracle.xe,Oracle.xe,andy-aaron,6644,0,,"<string>LENGTH: '690' ACTION :[438] 'select /*+ no_parallel(t) no_parallel_index(t) dbms_stats cursor_sharing_exact use_weak_name_resl dynamic_sampling(0) no_monitoring xmlindex_sel_idx_tbl opt_param('optimizer_inmemory_aware' 'false') no_substrb_pad leading(r t) use_nl(t) rowid(t) */ substrb(dump(t.""EXEC_MTIME"",16,0,64),1,240) d_3513433270, r.rwid, r.freq from ""SYS"".""WRI$_ADV_EXECUTIONS"" t, table(:topntab) r where t.rowid = chartorowid(r.rwid) order by t.""EXEC_MTIME""' DATABASE USER:[3] 'SYS' PRIVILEGE :[4] 'NONE' CLIENT USER:[0] '' CLIENT TERMINAL:[10] 'ANDY-AARON' STATUS:[1] '0' DBID:[10] '3074368596' SESSIONID:[7] '1020316' USERHOST:[10] 'ANDY-AARON' CLIENT ADDRESS:[0] '' ACTION NUMBER:[1] '3' </string>"
windows_event,win_event,126,2026-04-25T17:00:20.739561+00:00,INFO,34,Oracle.xe,Oracle.xe,andy-aaron,6644,0,,"<string>LENGTH: '706' ACTION :[454] 'select /*+ no_parallel(t) no_parallel_index(t) dbms_stats cursor_sharing_exact use_weak_name_resl dynamic_sampling(0) no_monitoring xmlindex_sel_idx_tbl opt_param('optimizer_inmemory_aware' 'false') no_substrb_pad leading(r t) use_nl(t) rowid(t) */ substrb(dump(substrb(t.""NAME"",1,64),16,0,64),1,240) d_2614638557, r.rwid, r.freq from ""SYS"".""WRI$_ADV_EXECUTIONS"" t, table(:topntab) r where t.rowid = chartorowid(r.rwid) order by substrb(t.""NAME"",1,64)' DATABASE USER:[3] 'SYS' PRIVILEGE :[4] 'NONE' CLIENT USER:[0] '' CLIENT TERMINAL:[10] 'ANDY-AARON' STATUS:[1] '0' DBID:[10] '3074368596' SESSIONID:[7] '1020316' USERHOST:[10] 'ANDY-AARON' CLIENT ADDRESS:[0] '' ACTION NUMBER:[1] '3' </string>"
windows_event,win_event,127,2026-04-25T17:00:20.744165+00:00,INFO,34,Oracle.xe,Oracle.xe,andy-aaron,6644,0,,"<string>LENGTH: '706' ACTION :[454] 'select /*+ no_parallel(t) no_parallel_index(t) dbms_stats cursor_sharing_exact use_weak_name_resl dynamic_sampling(0) no_monitoring xmlindex_sel_idx_tbl opt_param('optimizer_inmemory_aware' 'false') no_substrb_pad leading(r t) use_nl(t) rowid(t) */ substrb(dump(substrb(t.""NAME"",1,64),16,0,64),1,240) d_2614638557, r.rwid, r.freq from ""SYS"".""WRI$_ADV_EXECUTIONS"" t, table(:topntab) r where t.rowid = chartorowid(r.rwid) order by substrb(t.""NAME"",1,64)' DATABASE USER:[3] 'SYS' PRIVILEGE :[4] 'NONE' CLIENT USER:[0] '' CLIENT TERMINAL:[10] 'ANDY-AARON' STATUS:[1] '0' DBID:[10] '3074368596' SESSIONID:[7] '1020316' USERHOST:[10] 'ANDY-AARON' CLIENT ADDRESS:[0] '' ACTION NUMBER:[1] '3' </string>"
windows_event,win_event,128,2026-04-25T17:00:20.746611+00:00,INFO,34,Oracle.xe,Oracle.xe,andy-aaron,6644,0,,"<string>LENGTH: '689' ACTION :[437] 'select /*+ no_parallel(t) no_parallel_index(t) dbms_stats cursor_sharing_exact use_weak_name_resl dynamic_sampling(0) no_monitoring xmlindex_sel_idx_tbl opt_param('optimizer_inmemory_aware' 'false') no_substrb_pad leading(r t) use_nl(t) rowid(t) */ substrb(dump(t.""EXEC_START"",16,0,64),1,240) d_188967089, r.rwid, r.freq from ""SYS"".""WRI$_ADV_EXECUTIONS"" t, table(:topntab) r where t.rowid = chartorowid(r.rwid) order by t.""EXEC_START""' DATABASE USER:[3] 'SYS' PRIVILEGE :[4] 'NONE' CLIENT USER:[0] '' CLIENT TERMINAL:[10] 'ANDY-AARON' STATUS:[1] '0' DBID:[10] '3074368596' SESSIONID:[7] '1020316' USERHOST:[10] 'ANDY-AARON' CLIENT ADDRESS:[0] '' ACTION NUMBER:[1] '3' </string>"
windows_event,win_event,129,2026-04-25T17:00:20.751585+00:00,INFO,34,Oracle.xe,Oracle.xe,andy-aaron,6644,0,,"<string>LENGTH: '689' ACTION :[437] 'select /*+ no_parallel(t) no_parallel_index(t) dbms_stats cursor_sharing_exact use_weak_name_resl dynamic_sampling(0) no_monitoring xmlindex_sel_idx_tbl opt_param('optimizer_inmemory_aware' 'false') no_substrb_pad leading(r t) use_nl(t) rowid(t) */ substrb(dump(t.""EXEC_START"",16,0,64),1,240) d_188967089, r.rwid, r.freq from ""SYS"".""WRI$_ADV_EXECUTIONS"" t, table(:topntab) r where t.rowid = chartorowid(r.rwid) order by t.""EXEC_START""' DATABASE USER:[3] 'SYS' PRIVILEGE :[4] 'NONE' CLIENT USER:[0] '' CLIENT TERMINAL:[10] 'ANDY-AARON' STATUS:[1] '0' DBID:[10] '3074368596' SESSIONID:[7] '1020316' USERHOST:[10] 'ANDY-AARON' CLIENT ADDRESS:[0] '' ACTION NUMBER:[1] '3' </string>"
windows_event,win_event,130,2026-04-25T17:00:20.753588+00:00,INFO,34,Oracle.xe,Oracle.xe,andy-aaron,6644,0,,"<string>LENGTH: '690' ACTION :[438] 'select /*+ no_parallel(t) no_parallel_index(t) dbms_stats cursor_sharing_exact use_weak_name_resl dynamic_sampling(0) no_monitoring xmlindex_sel_idx_tbl opt_param('optimizer_inmemory_aware' 'false') no_substrb_pad leading(r t) use_nl(t) rowid(t) */ substrb(dump(t.""ADVISOR_ID"",16,0,64),1,240) d_2026044459, r.rwid, r.freq from ""SYS"".""WRI$_ADV_EXECUTIONS"" t, table(:topntab) r where t.rowid = chartorowid(r.rwid) order by t.""ADVISOR_ID""' DATABASE USER:[3] 'SYS' PRIVILEGE :[4] 'NONE' CLIENT USER:[0] '' CLIENT TERMINAL:[10] 'ANDY-AARON' STATUS:[1] '0' DBID:[10] '3074368596' SESSIONID:[7] '1020316' USERHOST:[10] 'ANDY-AARON' CLIENT ADDRESS:[0] '' ACTION NUMBER:[1] '3' </string>"
windows_event,win_event,131,2026-04-25T17:00:20.757406+00:00,INFO,34,Oracle.xe,Oracle.xe,andy-aaron,6644,0,,"<string>LENGTH: '690' ACTION :[438] 'select /*+ no_parallel(t) no_parallel_index(t) dbms_stats cursor_sharing_exact use_weak_name_resl dynamic_sampling(0) no_monitoring xmlindex_sel_idx_tbl opt_param('optimizer_inmemory_aware' 'false') no_substrb_pad leading(r t) use_nl(t) rowid(t) */ substrb(dump(t.""ADVISOR_ID"",16,0,64),1,240) d_2026044459, r.rwid, r.freq from ""SYS"".""WRI$_ADV_EXECUTIONS"" t, table(:topntab) r where t.rowid = chartorowid(r.rwid) order by t.""ADVISOR_ID""' DATABASE USER:[3] 'SYS' PRIVILEGE :[4] 'NONE' CLIENT USER:[0] '' CLIENT TERMINAL:[10] 'ANDY-AARON' STATUS:[1] '0' DBID:[10] '3074368596' SESSIONID:[7] '1020316' USERHOST:[10] 'ANDY-AARON' CLIENT ADDRESS:[0] '' ACTION NUMBER:[1] '3' </string>"
windows_event,win_event,132,2026-04-25T17:00:20.759180+00:00,INFO,34,Oracle.xe,Oracle.xe,andy-aaron,6644,0,,"<string>LENGTH: '684' ACTION :[432] 'select /*+ no_parallel(t) no_parallel_index(t) dbms_stats cursor_sharing_exact use_weak_name_resl dynamic_sampling(0) no_monitoring xmlindex_sel_idx_tbl opt_param('optimizer_inmemory_aware' 'false') no_substrb_pad leading(r t) use_nl(t) rowid(t) */ substrb(dump(t.""TASK_ID"",16,0,64),1,240) d_3704798582, r.rwid, r.freq from ""SYS"".""WRI$_ADV_EXECUTIONS"" t, table(:topntab) r where t.rowid = chartorowid(r.rwid) order by t.""TASK_ID""' DATABASE USER:[3] 'SYS' PRIVILEGE :[4] 'NONE' CLIENT USER:[0] '' CLIENT TERMINAL:[10] 'ANDY-AARON' STATUS:[1] '0' DBID:[10] '3074368596' SESSIONID:[7] '1020316' USERHOST:[10] 'ANDY-AARON' CLIENT ADDRESS:[0] '' ACTION NUMBER:[1] '3' </string>"
windows_event,win_event,133,2026-04-25T17:00:20.762863+00:00,INFO,34,Oracle.xe,Oracle.xe,andy-aaron,6644,0,,"<string>LENGTH: '684' ACTION :[432] 'select /*+ no_parallel(t) no_parallel_index(t) dbms_stats cursor_sharing_exact use_weak_name_resl dynamic_sampling(0) no_monitoring xmlindex_sel_idx_tbl opt_param('optimizer_inmemory_aware' 'false') no_substrb_pad leading(r t) use_nl(t) rowid(t) */ substrb(dump(t.""TASK_ID"",16,0,64),1,240) d_3704798582, r.rwid, r.freq from ""SYS"".""WRI$_ADV_EXECUTIONS"" t, table(:topntab) r where t.rowid = chartorowid(r.rwid) order by t.""TASK_ID""' DATABASE USER:[3] 'SYS' PRIVILEGE :[4] 'NONE' CLIENT USER:[0] '' CLIENT TERMINAL:[10] 'ANDY-AARON' STATUS:[1] '0' DBID:[10] '3074368596' SESSIONID:[7] '1020316' USERHOST:[10] 'ANDY-AARON' CLIENT ADDRESS:[0] '' ACTION NUMBER:[1] '3' </string>"
windows_event,win_event,134,2026-04-25T17:00:20.988556+00:00,INFO,34,Oracle.xe,Oracle.xe,andy-aaron,6644,0,,"<string>LENGTH: '721' ACTION :[469] 'select /*+ no_parallel(t) no_parallel_index(t) dbms_stats cursor_sharing_exact use_weak_name_resl dynamic_sampling(0) no_monitoring xmlindex_sel_idx_tbl opt_param('optimizer_inmemory_aware' 'false') no_substrb_pad leading(r t) use_nl(t) rowid(t) */ substrb(dump(substrb(t.""EXEC_NAME"",1,64),16,0,64),1,240) d_2664901495, r.rwid, r.freq from ""SYS"".""WRI$_ADV_EXEC_PARAMETERS"" t, table(:topntab) r where t.rowid = chartorowid(r.rwid) order by substrb(t.""EXEC_NAME"",1,64)' DATABASE USER:[3] 'SYS' PRIVILEGE :[4] 'NONE' CLIENT USER:[0] '' CLIENT TERMINAL:[10] 'ANDY-AARON' STATUS:[1] '0' DBID:[10] '3074368596' SESSIONID:[7] '1020316' USERHOST:[10] 'ANDY-AARON' CLIENT ADDRESS:[0] '' ACTION NUMBER:[1] '3' </string>"
windows_event,win_event,135,2026-04-25T17:00:20.995089+00:00,INFO,34,Oracle.xe,Oracle.xe,andy-aaron,6644,0,,"<string>LENGTH: '721' ACTION :[469] 'select /*+ no_parallel(t) no_parallel_index(t) dbms_stats cursor_sharing_exact use_weak_name_resl dynamic_sampling(0) no_monitoring xmlindex_sel_idx_tbl opt_param('optimizer_inmemory_aware' 'false') no_substrb_pad leading(r t) use_nl(t) rowid(t) */ substrb(dump(substrb(t.""EXEC_NAME"",1,64),16,0,64),1,240) d_2664901495, r.rwid, r.freq from ""SYS"".""WRI$_ADV_EXEC_PARAMETERS"" t, table(:topntab) r where t.rowid = chartorowid(r.rwid) order by substrb(t.""EXEC_NAME"",1,64)' DATABASE USER:[3] 'SYS' PRIVILEGE :[4] 'NONE' CLIENT USER:[0] '' CLIENT TERMINAL:[10] 'ANDY-AARON' STATUS:[1] '0' DBID:[10] '3074368596' SESSIONID:[7] '1020316' USERHOST:[10] 'ANDY-AARON' CLIENT ADDRESS:[0] '' ACTION NUMBER:[1] '3' </string>"
windows_event,win_event,136,2026-04-25T17:00:20.998119+00:00,INFO,34,Oracle.xe,Oracle.xe,andy-aaron,6644,0,,"<string>LENGTH: '711' ACTION :[459] 'select /*+ no_parallel(t) no_parallel_index(t) dbms_stats cursor_sharing_exact use_weak_name_resl dynamic_sampling(0) no_monitoring xmlindex_sel_idx_tbl opt_param('optimizer_inmemory_aware' 'false') no_substrb_pad leading(r t) use_nl(t) rowid(t) */ substrb(dump(substrb(t.""NAME"",1,64),16,0,64),1,240) d_2614638557, r.rwid, r.freq from ""SYS"".""WRI$_ADV_EXEC_PARAMETERS"" t, table(:topntab) r where t.rowid = chartorowid(r.rwid) order by substrb(t.""NAME"",1,64)' DATABASE USER:[3] 'SYS' PRIVILEGE :[4] 'NONE' CLIENT USER:[0] '' CLIENT TERMINAL:[10] 'ANDY-AARON' STATUS:[1] '0' DBID:[10] '3074368596' SESSIONID:[7] '1020316' USERHOST:[10] 'ANDY-AARON' CLIENT ADDRESS:[0] '' ACTION NUMBER:[1] '3' </string>"
windows_event,win_event,137,2026-04-25T17:00:21.008356+00:00,INFO,34,Oracle.xe,Oracle.xe,andy-aaron,6644,0,,"<string>LENGTH: '711' ACTION :[459] 'select /*+ no_parallel(t) no_parallel_index(t) dbms_stats cursor_sharing_exact use_weak_name_resl dynamic_sampling(0) no_monitoring xmlindex_sel_idx_tbl opt_param('optimizer_inmemory_aware' 'false') no_substrb_pad leading(r t) use_nl(t) rowid(t) */ substrb(dump(substrb(t.""NAME"",1,64),16,0,64),1,240) d_2614638557, r.rwid, r.freq from ""SYS"".""WRI$_ADV_EXEC_PARAMETERS"" t, table(:topntab) r where t.rowid = chartorowid(r.rwid) order by substrb(t.""NAME"",1,64)' DATABASE USER:[3] 'SYS' PRIVILEGE :[4] 'NONE' CLIENT USER:[0] '' CLIENT TERMINAL:[10] 'ANDY-AARON' STATUS:[1] '0' DBID:[10] '3074368596' SESSIONID:[7] '1020316' USERHOST:[10] 'ANDY-AARON' CLIENT ADDRESS:[0] '' ACTION NUMBER:[1] '3' </string>"
windows_event,win_event,138,2026-04-25T17:00:21.014883+00:00,INFO,34,Oracle.xe,Oracle.xe,andy-aaron,6644,0,,"<string>LENGTH: '689' ACTION :[437] 'select /*+ no_parallel(t) no_parallel_index(t) dbms_stats cursor_sharing_exact use_weak_name_resl dynamic_sampling(0) no_monitoring xmlindex_sel_idx_tbl opt_param('optimizer_inmemory_aware' 'false') no_substrb_pad leading(r t) use_nl(t) rowid(t) */ substrb(dump(t.""TASK_ID"",16,0,64),1,240) d_3704798582, r.rwid, r.freq from ""SYS"".""WRI$_ADV_EXEC_PARAMETERS"" t, table(:topntab) r where t.rowid = chartorowid(r.rwid) order by t.""TASK_ID""' DATABASE USER:[3] 'SYS' PRIVILEGE :[4] 'NONE' CLIENT USER:[0] '' CLIENT TERMINAL:[10] 'ANDY-AARON' STATUS:[1] '0' DBID:[10] '3074368596' SESSIONID:[7] '1020316' USERHOST:[10] 'ANDY-AARON' CLIENT ADDRESS:[0] '' ACTION NUMBER:[1] '3' </string>"
windows_event,win_event,139,2026-04-25T17:00:21.021885+00:00,INFO,34,Oracle.xe,Oracle.xe,andy-aaron,6644,0,,"<string>LENGTH: '689' ACTION :[437] 'select /*+ no_parallel(t) no_parallel_index(t) dbms_stats cursor_sharing_exact use_weak_name_resl dynamic_sampling(0) no_monitoring xmlindex_sel_idx_tbl opt_param('optimizer_inmemory_aware' 'false') no_substrb_pad leading(r t) use_nl(t) rowid(t) */ substrb(dump(t.""TASK_ID"",16,0,64),1,240) d_3704798582, r.rwid, r.freq from ""SYS"".""WRI$_ADV_EXEC_PARAMETERS"" t, table(:topntab) r where t.rowid = chartorowid(r.rwid) order by t.""TASK_ID""' DATABASE USER:[3] 'SYS' PRIVILEGE :[4] 'NONE' CLIENT USER:[0] '' CLIENT TERMINAL:[10] 'ANDY-AARON' STATUS:[1] '0' DBID:[10] '3074368596' SESSIONID:[7] '1020316' USERHOST:[10] 'ANDY-AARON' CLIENT ADDRESS:[0] '' ACTION NUMBER:[1] '3' </string>"
windows_event,win_event,140,2026-04-25T17:00:21.219032+00:00,INFO,34,Oracle.xe,Oracle.xe,andy-aaron,6644,0,,"<string>LENGTH: '670' ACTION :[418] 'select /*+ no_parallel(t) no_parallel_index(t) dbms_stats cursor_sharing_exact use_weak_name_resl dynamic_sampling(0) no_monitoring xmlindex_sel_idx_tbl opt_param('optimizer_inmemory_aware' 'false') no_substrb_pad leading(r t) use_nl(t) rowid(t) */ substrb(dump(t.""ID"",16,0,64),1,240) d_631915705, r.rwid, r.freq from ""SYS"".""WRI$_ADV_OBJECTS"" t, table(:topntab) r where t.rowid = chartorowid(r.rwid) order by t.""ID""' DATABASE USER:[3] 'SYS' PRIVILEGE :[4] 'NONE' CLIENT USER:[0] '' CLIENT TERMINAL:[10] 'ANDY-AARON' STATUS:[1] '0' DBID:[10] '3074368596' SESSIONID:[7] '1020316' USERHOST:[10] 'ANDY-AARON' CLIENT ADDRESS:[0] '' ACTION NUMBER:[1] '3' </string>"
windows_event,win_event,141,2026-04-25T17:00:21.226063+00:00,INFO,34,Oracle.xe,Oracle.xe,andy-aaron,6644,0,,"<string>LENGTH: '670' ACTION :[418] 'select /*+ no_parallel(t) no_parallel_index(t) dbms_stats cursor_sharing_exact use_weak_name_resl dynamic_sampling(0) no_monitoring xmlindex_sel_idx_tbl opt_param('optimizer_inmemory_aware' 'false') no_substrb_pad leading(r t) use_nl(t) rowid(t) */ substrb(dump(t.""ID"",16,0,64),1,240) d_631915705, r.rwid, r.freq from ""SYS"".""WRI$_ADV_OBJECTS"" t, table(:topntab) r where t.rowid = chartorowid(r.rwid) order by t.""ID""' DATABASE USER:[3] 'SYS' PRIVILEGE :[4] 'NONE' CLIENT USER:[0] '' CLIENT TERMINAL:[10] 'ANDY-AARON' STATUS:[1] '0' DBID:[10] '3074368596' SESSIONID:[7] '1020316' USERHOST:[10] 'ANDY-AARON' CLIENT ADDRESS:[0] '' ACTION NUMBER:[1] '3' </string>"
windows_event,win_event,142,2026-04-25T17:00:21.231571+00:00,INFO,34,Oracle.xe,Oracle.xe,andy-aaron,6644,0,,"<string>LENGTH: '677' ACTION :[425] 'select /*+ no_parallel(t) no_parallel_index(t) dbms_stats cursor_sharing_exact use_weak_name_resl dynamic_sampling(0) no_monitoring xmlindex_sel_idx_tbl opt_param('optimizer_inmemory_aware' 'false') no_substrb_pad leading(r t) use_nl(t) rowid(t) */ substrb(dump(t.""ATTR9"",16,0,64),1,240) d_3345938527, r.rwid, r.freq from ""SYS"".""WRI$_ADV_OBJECTS"" t, table(:topntab) r where t.rowid = chartorowid(r.rwid) order by t.""ATTR9""' DATABASE USER:[3] 'SYS' PRIVILEGE :[4] 'NONE' CLIENT USER:[0] '' CLIENT TERMINAL:[10] 'ANDY-AARON' STATUS:[1] '0' DBID:[10] '3074368596' SESSIONID:[7] '1020316' USERHOST:[10] 'ANDY-AARON' CLIENT ADDRESS:[0] '' ACTION NUMBER:[1] '3' </string>"
windows_event,win_event,143,2026-04-25T17:00:21.237341+00:00,INFO,34,Oracle.xe,Oracle.xe,andy-aaron,6644,0,,"<string>LENGTH: '677' ACTION :[425] 'select /*+ no_parallel(t) no_parallel_index(t) dbms_stats cursor_sharing_exact use_weak_name_resl dynamic_sampling(0) no_monitoring xmlindex_sel_idx_tbl opt_param('optimizer_inmemory_aware' 'false') no_substrb_pad leading(r t) use_nl(t) rowid(t) */ substrb(dump(t.""ATTR9"",16,0,64),1,240) d_3345938527, r.rwid, r.freq from ""SYS"".""WRI$_ADV_OBJECTS"" t, table(:topntab) r where t.rowid = chartorowid(r.rwid) order by t.""ATTR9""' DATABASE USER:[3] 'SYS' PRIVILEGE :[4] 'NONE' CLIENT USER:[0] '' CLIENT TERMINAL:[10] 'ANDY-AARON' STATUS:[1] '0' DBID:[10] '3074368596' SESSIONID:[7] '1020316' USERHOST:[10] 'ANDY-AARON' CLIENT ADDRESS:[0] '' ACTION NUMBER:[1] '3' </string>"
windows_event,win_event,144,2026-04-25T17:00:21.239845+00:00,INFO,34,Oracle.xe,Oracle.xe,andy-aaron,6644,0,,"<string>LENGTH: '713' ACTION :[461] 'select /*+ no_parallel(t) no_parallel_index(t) dbms_stats cursor_sharing_exact use_weak_name_resl dynamic_sampling(0) no_monitoring xmlindex_sel_idx_tbl opt_param('optimizer_inmemory_aware' 'false') no_substrb_pad leading(r t) use_nl(t) rowid(t) */ substrb(dump(substrb(t.""EXEC_NAME"",1,64),16,0,64),1,240) d_2664901495, r.rwid, r.freq from ""SYS"".""WRI$_ADV_OBJECTS"" t, table(:topntab) r where t.rowid = chartorowid(r.rwid) order by substrb(t.""EXEC_NAME"",1,64)' DATABASE USER:[3] 'SYS' PRIVILEGE :[4] 'NONE' CLIENT USER:[0] '' CLIENT TERMINAL:[10] 'ANDY-AARON' STATUS:[1] '0' DBID:[10] '3074368596' SESSIONID:[7] '1020316' USERHOST:[10] 'ANDY-AARON' CLIENT ADDRESS:[0] '' ACTION NUMBER:[1] '3' </string>"
windows_event,win_event,145,2026-04-25T17:00:21.243496+00:00,INFO,34,Oracle.xe,Oracle.xe,andy-aaron,6644,0,,"<string>LENGTH: '713' ACTION :[461] 'select /*+ no_parallel(t) no_parallel_index(t) dbms_stats cursor_sharing_exact use_weak_name_resl dynamic_sampling(0) no_monitoring xmlindex_sel_idx_tbl opt_param('optimizer_inmemory_aware' 'false') no_substrb_pad leading(r t) use_nl(t) rowid(t) */ substrb(dump(substrb(t.""EXEC_NAME"",1,64),16,0,64),1,240) d_2664901495, r.rwid, r.freq from ""SYS"".""WRI$_ADV_OBJECTS"" t, table(:topntab) r where t.rowid = chartorowid(r.rwid) order by substrb(t.""EXEC_NAME"",1,64)' DATABASE USER:[3] 'SYS' PRIVILEGE :[4] 'NONE' CLIENT USER:[0] '' CLIENT TERMINAL:[10] 'ANDY-AARON' STATUS:[1] '0' DBID:[10] '3074368596' SESSIONID:[7] '1020316' USERHOST:[10] 'ANDY-AARON' CLIENT ADDRESS:[0] '' ACTION NUMBER:[1] '3' </string>"
windows_event,win_event,146,2026-04-25T17:00:21.246185+00:00,INFO,34,Oracle.xe,Oracle.xe,andy-aaron,6644,0,,"<string>LENGTH: '681' ACTION :[429] 'select /*+ no_parallel(t) no_parallel_index(t) dbms_stats cursor_sharing_exact use_weak_name_resl dynamic_sampling(0) no_monitoring xmlindex_sel_idx_tbl opt_param('optimizer_inmemory_aware' 'false') no_substrb_pad leading(r t) use_nl(t) rowid(t) */ substrb(dump(t.""TASK_ID"",16,0,64),1,240) d_3704798582, r.rwid, r.freq from ""SYS"".""WRI$_ADV_OBJECTS"" t, table(:topntab) r where t.rowid = chartorowid(r.rwid) order by t.""TASK_ID""' DATABASE USER:[3] 'SYS' PRIVILEGE :[4] 'NONE' CLIENT USER:[0] '' CLIENT TERMINAL:[10] 'ANDY-AARON' STATUS:[1] '0' DBID:[10] '3074368596' SESSIONID:[7] '1020316' USERHOST:[10] 'ANDY-AARON' CLIENT ADDRESS:[0] '' ACTION NUMBER:[1] '3' </string>"
windows_event,win_event,147,2026-04-25T17:00:21.256504+00:00,INFO,34,Oracle.xe,Oracle.xe,andy-aaron,6644,0,,"<string>LENGTH: '681' ACTION :[429] 'select /*+ no_parallel(t) no_parallel_index(t) dbms_stats cursor_sharing_exact use_weak_name_resl dynamic_sampling(0) no_monitoring xmlindex_sel_idx_tbl opt_param('optimizer_inmemory_aware' 'false') no_substrb_pad leading(r t) use_nl(t) rowid(t) */ substrb(dump(t.""TASK_ID"",16,0,64),1,240) d_3704798582, r.rwid, r.freq from ""SYS"".""WRI$_ADV_OBJECTS"" t, table(:topntab) r where t.rowid = chartorowid(r.rwid) order by t.""TASK_ID""' DATABASE USER:[3] 'SYS' PRIVILEGE :[4] 'NONE' CLIENT USER:[0] '' CLIENT TERMINAL:[10] 'ANDY-AARON' STATUS:[1] '0' DBID:[10] '3074368596' SESSIONID:[7] '1020316' USERHOST:[10] 'ANDY-AARON' CLIENT ADDRESS:[0] '' ACTION NUMBER:[1] '3' </string>"
windows_event,win_event,148,2026-04-25T17:00:21.258442+00:00,INFO,34,Oracle.xe,Oracle.xe,andy-aaron,6644,0,,"<string>LENGTH: '675' ACTION :[423] 'select /*+ no_parallel(t) no_parallel_index(t) dbms_stats cursor_sharing_exact use_weak_name_resl dynamic_sampling(0) no_monitoring xmlindex_sel_idx_tbl opt_param('optimizer_inmemory_aware' 'false') no_substrb_pad leading(r t) use_nl(t) rowid(t) */ substrb(dump(t.""TYPE"",16,0,64),1,240) d_1044299751, r.rwid, r.freq from ""SYS"".""WRI$_ADV_OBJECTS"" t, table(:topntab) r where t.rowid = chartorowid(r.rwid) order by t.""TYPE""' DATABASE USER:[3] 'SYS' PRIVILEGE :[4] 'NONE' CLIENT USER:[0] '' CLIENT TERMINAL:[10] 'ANDY-AARON' STATUS:[1] '0' DBID:[10] '3074368596' SESSIONID:[7] '1020316' USERHOST:[10] 'ANDY-AARON' CLIENT ADDRESS:[0] '' ACTION NUMBER:[1] '3' </string>"
windows_event,win_event,149,2026-04-25T17:00:21.264128+00:00,INFO,34,Oracle.xe,Oracle.xe,andy-aaron,6644,0,,"<string>LENGTH: '675' ACTION :[423] 'select /*+ no_parallel(t) no_parallel_index(t) dbms_stats cursor_sharing_exact use_weak_name_resl dynamic_sampling(0) no_monitoring xmlindex_sel_idx_tbl opt_param('optimizer_inmemory_aware' 'false') no_substrb_pad leading(r t) use_nl(t) rowid(t) */ substrb(dump(t.""TYPE"",16,0,64),1,240) d_1044299751, r.rwid, r.freq from ""SYS"".""WRI$_ADV_OBJECTS"" t, table(:topntab) r where t.rowid = chartorowid(r.rwid) order by t.""TYPE""' DATABASE USER:[3] 'SYS' PRIVILEGE :[4] 'NONE' CLIENT USER:[0] '' CLIENT TERMINAL:[10] 'ANDY-AARON' STATUS:[1] '0' DBID:[10] '3074368596' SESSIONID:[7] '1020316' USERHOST:[10] 'ANDY-AARON' CLIENT ADDRESS:[0] '' ACTION NUMBER:[1] '3' </string>"
windows_event,win_event,150,2026-04-25T17:00:21.268787+00:00,INFO,34,Oracle.xe,Oracle.xe,andy-aaron,6644,0,,"<string>LENGTH: '679' ACTION :[427] 'select /*+ no_parallel(t) no_parallel_index(t) dbms_stats cursor_sharing_exact use_weak_name_resl dynamic_sampling(0) no_monitoring xmlindex_sel_idx_tbl opt_param('optimizer_inmemory_aware' 'false') no_substrb_pad leading(r t) use_nl(t) rowid(t) */ substrb(dump(t.""ATTR10"",16,0,64),1,240) d_1230483056, r.rwid, r.freq from ""SYS"".""WRI$_ADV_OBJECTS"" t, table(:topntab) r where t.rowid = chartorowid(r.rwid) order by t.""ATTR10""' DATABASE USER:[3] 'SYS' PRIVILEGE :[4] 'NONE' CLIENT USER:[0] '' CLIENT TERMINAL:[10] 'ANDY-AARON' STATUS:[1] '0' DBID:[10] '3074368596' SESSIONID:[7] '1020316' USERHOST:[10] 'ANDY-AARON' CLIENT ADDRESS:[0] '' ACTION NUMBER:[1] '3' </string>"
windows_event,win_event,151,2026-04-25T17:00:21.274441+00:00,INFO,34,Oracle.xe,Oracle.xe,andy-aaron,6644,0,,"<string>LENGTH: '679' ACTION :[427] 'select /*+ no_parallel(t) no_parallel_index(t) dbms_stats cursor_sharing_exact use_weak_name_resl dynamic_sampling(0) no_monitoring xmlindex_sel_idx_tbl opt_param('optimizer_inmemory_aware' 'false') no_substrb_pad leading(r t) use_nl(t) rowid(t) */ substrb(dump(t.""ATTR10"",16,0,64),1,240) d_1230483056, r.rwid, r.freq from ""SYS"".""WRI$_ADV_OBJECTS"" t, table(:topntab) r where t.rowid = chartorowid(r.rwid) order by t.""ATTR10""' DATABASE USER:[3] 'SYS' PRIVILEGE :[4] 'NONE' CLIENT USER:[0] '' CLIENT TERMINAL:[10] 'ANDY-AARON' STATUS:[1] '0' DBID:[10] '3074368596' SESSIONID:[7] '1020316' USERHOST:[10] 'ANDY-AARON' CLIENT ADDRESS:[0] '' ACTION NUMBER:[1] '3' </string>"
windows_event,win_event,152,2026-04-25T17:00:21.278023+00:00,INFO,34,Oracle.xe,Oracle.xe,andy-aaron,6644,0,,"<string>LENGTH: '677' ACTION :[425] 'select /*+ no_parallel(t) no_parallel_index(t) dbms_stats cursor_sharing_exact use_weak_name_resl dynamic_sampling(0) no_monitoring xmlindex_sel_idx_tbl opt_param('optimizer_inmemory_aware' 'false') no_substrb_pad leading(r t) use_nl(t) rowid(t) */ substrb(dump(t.""ATTR7"",16,0,64),1,240) d_3761533824, r.rwid, r.freq from ""SYS"".""WRI$_ADV_OBJECTS"" t, table(:topntab) r where t.rowid = chartorowid(r.rwid) order by t.""ATTR7""' DATABASE USER:[3] 'SYS' PRIVILEGE :[4] 'NONE' CLIENT USER:[0] '' CLIENT TERMINAL:[10] 'ANDY-AARON' STATUS:[1] '0' DBID:[10] '3074368596' SESSIONID:[7] '1020316' USERHOST:[10] 'ANDY-AARON' CLIENT ADDRESS:[0] '' ACTION NUMBER:[1] '3' </string>"
windows_event,win_event,153,2026-04-25T17:00:21.304619+00:00,INFO,34,Oracle.xe,Oracle.xe,andy-aaron,6644,0,,"<string>LENGTH: '677' ACTION :[425] 'select /*+ no_parallel(t) no_parallel_index(t) dbms_stats cursor_sharing_exact use_weak_name_resl dynamic_sampling(0) no_monitoring xmlindex_sel_idx_tbl opt_param('optimizer_inmemory_aware' 'false') no_substrb_pad leading(r t) use_nl(t) rowid(t) */ substrb(dump(t.""ATTR7"",16,0,64),1,240) d_3761533824, r.rwid, r.freq from ""SYS"".""WRI$_ADV_OBJECTS"" t, table(:topntab) r where t.rowid = chartorowid(r.rwid) order by t.""ATTR7""' DATABASE USER:[3] 'SYS' PRIVILEGE :[4] 'NONE' CLIENT USER:[0] '' CLIENT TERMINAL:[10] 'ANDY-AARON' STATUS:[1] '0' DBID:[10] '3074368596' SESSIONID:[7] '1020316' USERHOST:[10] 'ANDY-AARON' CLIENT ADDRESS:[0] '' ACTION NUMBER:[1] '3' </string>"
windows_event,win_event,154,2026-04-25T17:00:21.307716+00:00,INFO,34,Oracle.xe,Oracle.xe,andy-aaron,6644,0,,"<string>LENGTH: '705' ACTION :[453] 'select /*+ no_parallel(t) no_parallel_index(t) dbms_stats cursor_sharing_exact use_weak_name_resl dynamic_sampling(0) no_monitoring xmlindex_sel_idx_tbl opt_param('optimizer_inmemory_aware' 'false') no_substrb_pad leading(r t) use_nl(t) rowid(t) */ substrb(dump(substrb(t.""ATTR1"",1,64),16,0,64),1,240) d_2146750833, r.rwid, r.freq from ""SYS"".""WRI$_ADV_OBJECTS"" t, table(:topntab) r where t.rowid = chartorowid(r.rwid) order by substrb(t.""ATTR1"",1,64)' DATABASE USER:[3] 'SYS' PRIVILEGE :[4] 'NONE' CLIENT USER:[0] '' CLIENT TERMINAL:[10] 'ANDY-AARON' STATUS:[1] '0' DBID:[10] '3074368596' SESSIONID:[7] '1020316' USERHOST:[10] 'ANDY-AARON' CLIENT ADDRESS:[0] '' ACTION NUMBER:[1] '3' </string>"
windows_event,win_event,155,2026-04-25T17:00:21.314003+00:00,INFO,34,Oracle.xe,Oracle.xe,andy-aaron,6644,0,,"<string>LENGTH: '705' ACTION :[453] 'select /*+ no_parallel(t) no_parallel_index(t) dbms_stats cursor_sharing_exact use_weak_name_resl dynamic_sampling(0) no_monitoring xmlindex_sel_idx_tbl opt_param('optimizer_inmemory_aware' 'false') no_substrb_pad leading(r t) use_nl(t) rowid(t) */ substrb(dump(substrb(t.""ATTR1"",1,64),16,0,64),1,240) d_2146750833, r.rwid, r.freq from ""SYS"".""WRI$_ADV_OBJECTS"" t, table(:topntab) r where t.rowid = chartorowid(r.rwid) order by substrb(t.""ATTR1"",1,64)' DATABASE USER:[3] 'SYS' PRIVILEGE :[4] 'NONE' CLIENT USER:[0] '' CLIENT TERMINAL:[10] 'ANDY-AARON' STATUS:[1] '0' DBID:[10] '3074368596' SESSIONID:[7] '1020316' USERHOST:[10] 'ANDY-AARON' CLIENT ADDRESS:[0] '' ACTION NUMBER:[1] '3' </string>"
windows_event,win_event,156,2026-04-25T17:00:21.436712+00:00,INFO,34,Oracle.xe,Oracle.xe,andy-aaron,6644,0,,"<string>LENGTH: '670' ACTION :[418] 'select /*+ no_parallel(t) no_parallel_index(t) dbms_stats cursor_sharing_exact use_weak_name_resl dynamic_sampling(0) no_monitoring xmlindex_sel_idx_tbl opt_param('optimizer_inmemory_aware' 'false') no_substrb_pad leading(r t) use_nl(t) rowid(t) */ substrb(dump(t.""ID"",16,0,64),1,240) d_631915705, r.rwid, r.freq from ""SYS"".""WRI$_OPTSTAT_OPR"" t, table(:topntab) r where t.rowid = chartorowid(r.rwid) order by t.""ID""' DATABASE USER:[3] 'SYS' PRIVILEGE :[4] 'NONE' CLIENT USER:[0] '' CLIENT TERMINAL:[10] 'ANDY-AARON' STATUS:[1] '0' DBID:[10] '1689037571' SESSIONID:[7] '1010483' USERHOST:[10] 'ANDY-AARON' CLIENT ADDRESS:[0] '' ACTION NUMBER:[1] '3' </string>"
windows_event,win_event,157,2026-04-25T17:00:21.440050+00:00,INFO,34,Oracle.xe,Oracle.xe,andy-aaron,6644,0,,"<string>LENGTH: '670' ACTION :[418] 'select /*+ no_parallel(t) no_parallel_index(t) dbms_stats cursor_sharing_exact use_weak_name_resl dynamic_sampling(0) no_monitoring xmlindex_sel_idx_tbl opt_param('optimizer_inmemory_aware' 'false') no_substrb_pad leading(r t) use_nl(t) rowid(t) */ substrb(dump(t.""ID"",16,0,64),1,240) d_631915705, r.rwid, r.freq from ""SYS"".""WRI$_OPTSTAT_OPR"" t, table(:topntab) r where t.rowid = chartorowid(r.rwid) order by t.""ID""' DATABASE USER:[3] 'SYS' PRIVILEGE :[4] 'NONE' CLIENT USER:[0] '' CLIENT TERMINAL:[10] 'ANDY-AARON' STATUS:[1] '0' DBID:[10] '1689037571' SESSIONID:[7] '1010483' USERHOST:[10] 'ANDY-AARON' CLIENT ADDRESS:[0] '' ACTION NUMBER:[1] '3' </string>"
windows_event,win_event,158,2026-04-25T17:00:21.442125+00:00,INFO,34,Oracle.xe,Oracle.xe,andy-aaron,6644,0,,"<string>LENGTH: '691' ACTION :[439] 'select /*+ no_parallel(t) no_parallel_index(t) dbms_stats cursor_sharing_exact use_weak_name_resl dynamic_sampling(0) no_monitoring xmlindex_sel_idx_tbl opt_param('optimizer_inmemory_aware' 'false') no_substrb_pad leading(r t) use_nl(t) rowid(t) */ substrb(dump(t.""SYS_NC00017$"",16,0,64),1,240) d_1853515335, r.rwid, r.freq from ""SYS"".""WRI$_OPTSTAT_OPR"" t, table(:topntab) r where t.rowid = chartorowid(r.rwid) order by t.""SYS_NC00017$""' DATABASE USER:[3] 'SYS' PRIVILEGE :[4] 'NONE' CLIENT USER:[0] '' CLIENT TERMINAL:[10] 'ANDY-AARON' STATUS:[1] '0' DBID:[10] '1689037571' SESSIONID:[7] '1010483' USERHOST:[10] 'ANDY-AARON' CLIENT ADDRESS:[0] '' ACTION NUMBER:[1] '3' </string>"
windows_event,win_event,159,2026-04-25T17:00:21.444952+00:00,INFO,34,Oracle.xe,Oracle.xe,andy-aaron,6644,0,,"<string>LENGTH: '691' ACTION :[439] 'select /*+ no_parallel(t) no_parallel_index(t) dbms_stats cursor_sharing_exact use_weak_name_resl dynamic_sampling(0) no_monitoring xmlindex_sel_idx_tbl opt_param('optimizer_inmemory_aware' 'false') no_substrb_pad leading(r t) use_nl(t) rowid(t) */ substrb(dump(t.""SYS_NC00017$"",16,0,64),1,240) d_1853515335, r.rwid, r.freq from ""SYS"".""WRI$_OPTSTAT_OPR"" t, table(:topntab) r where t.rowid = chartorowid(r.rwid) order by t.""SYS_NC00017$""' DATABASE USER:[3] 'SYS' PRIVILEGE :[4] 'NONE' CLIENT USER:[0] '' CLIENT TERMINAL:[10] 'ANDY-AARON' STATUS:[1] '0' DBID:[10] '1689037571' SESSIONID:[7] '1010483' USERHOST:[10] 'ANDY-AARON' CLIENT ADDRESS:[0] '' ACTION NUMBER:[1] '3' </string>"
windows_event,win_event,160,2026-04-25T17:00:21.447433+00:00,INFO,34,Oracle.xe,Oracle.xe,andy-aaron,6644,0,,"<string>LENGTH: '704' ACTION :[452] 'select /*+ no_parallel(t) no_parallel_index(t) dbms_stats cursor_sharing_exact use_weak_name_resl dynamic_sampling(0) no_monitoring xmlindex_sel_idx_tbl opt_param('optimizer_inmemory_aware' 'false') no_substrb_pad leading(r t) use_nl(t) rowid(t) */ substrb(dump(substrb(t.""NOTES"",1,64),16,0,64),1,240) d_494323660, r.rwid, r.freq from ""SYS"".""WRI$_OPTSTAT_OPR"" t, table(:topntab) r where t.rowid = chartorowid(r.rwid) order by substrb(t.""NOTES"",1,64)' DATABASE USER:[3] 'SYS' PRIVILEGE :[4] 'NONE' CLIENT USER:[0] '' CLIENT TERMINAL:[10] 'ANDY-AARON' STATUS:[1] '0' DBID:[10] '1689037571' SESSIONID:[7] '1010483' USERHOST:[10] 'ANDY-AARON' CLIENT ADDRESS:[0] '' ACTION NUMBER:[1] '3' </string>"
windows_event,win_event,161,2026-04-25T17:00:21.451439+00:00,INFO,34,Oracle.xe,Oracle.xe,andy-aaron,6644,0,,"<string>LENGTH: '704' ACTION :[452] 'select /*+ no_parallel(t) no_parallel_index(t) dbms_stats cursor_sharing_exact use_weak_name_resl dynamic_sampling(0) no_monitoring xmlindex_sel_idx_tbl opt_param('optimizer_inmemory_aware' 'false') no_substrb_pad leading(r t) use_nl(t) rowid(t) */ substrb(dump(substrb(t.""NOTES"",1,64),16,0,64),1,240) d_494323660, r.rwid, r.freq from ""SYS"".""WRI$_OPTSTAT_OPR"" t, table(:topntab) r where t.rowid = chartorowid(r.rwid) order by substrb(t.""NOTES"",1,64)' DATABASE USER:[3] 'SYS' PRIVILEGE :[4] 'NONE' CLIENT USER:[0] '' CLIENT TERMINAL:[10] 'ANDY-AARON' STATUS:[1] '0' DBID:[10] '1689037571' SESSIONID:[7] '1010483' USERHOST:[10] 'ANDY-AARON' CLIENT ADDRESS:[0] '' ACTION NUMBER:[1] '3' </string>"
windows_event,win_event,162,2026-04-25T17:00:21.454544+00:00,INFO,34,Oracle.xe,Oracle.xe,andy-aaron,6644,0,,"<string>LENGTH: '685' ACTION :[433] 'select /*+ no_parallel(t) no_parallel_index(t) dbms_stats cursor_sharing_exact use_weak_name_resl dynamic_sampling(0) no_monitoring xmlindex_sel_idx_tbl opt_param('optimizer_inmemory_aware' 'false') no_substrb_pad leading(r t) use_nl(t) rowid(t) */ substrb(dump(t.""OPERATION"",16,0,64),1,240) d_3230324687, r.rwid, r.freq from ""SYS"".""WRI$_OPTSTAT_OPR"" t, table(:topntab) r where t.rowid = chartorowid(r.rwid) order by t.""OPERATION""' DATABASE USER:[3] 'SYS' PRIVILEGE :[4] 'NONE' CLIENT USER:[0] '' CLIENT TERMINAL:[10] 'ANDY-AARON' STATUS:[1] '0' DBID:[10] '1689037571' SESSIONID:[7] '1010483' USERHOST:[10] 'ANDY-AARON' CLIENT ADDRESS:[0] '' ACTION NUMBER:[1] '3' </string>"
windows_event,win_event,163,2026-04-25T17:00:21.458988+00:00,INFO,34,Oracle.xe,Oracle.xe,andy-aaron,6644,0,,"<string>LENGTH: '685' ACTION :[433] 'select /*+ no_parallel(t) no_parallel_index(t) dbms_stats cursor_sharing_exact use_weak_name_resl dynamic_sampling(0) no_monitoring xmlindex_sel_idx_tbl opt_param('optimizer_inmemory_aware' 'false') no_substrb_pad leading(r t) use_nl(t) rowid(t) */ substrb(dump(t.""OPERATION"",16,0,64),1,240) d_3230324687, r.rwid, r.freq from ""SYS"".""WRI$_OPTSTAT_OPR"" t, table(:topntab) r where t.rowid = chartorowid(r.rwid) order by t.""OPERATION""' DATABASE USER:[3] 'SYS' PRIVILEGE :[4] 'NONE' CLIENT USER:[0] '' CLIENT TERMINAL:[10] 'ANDY-AARON' STATUS:[1] '0' DBID:[10] '1689037571' SESSIONID:[7] '1010483' USERHOST:[10] 'ANDY-AARON' CLIENT ADDRESS:[0] '' ACTION NUMBER:[1] '3' </string>"
windows_event,win_event,164,2026-04-25T17:00:21.461048+00:00,INFO,34,Oracle.xe,Oracle.xe,andy-aaron,6644,0,,"<string>LENGTH: '679' ACTION :[427] 'select /*+ no_parallel(t) no_parallel_index(t) dbms_stats cursor_sharing_exact use_weak_name_resl dynamic_sampling(0) no_monitoring xmlindex_sel_idx_tbl opt_param('optimizer_inmemory_aware' 'false') no_substrb_pad leading(r t) use_nl(t) rowid(t) */ substrb(dump(t.""STATUS"",16,0,64),1,240) d_2980463140, r.rwid, r.freq from ""SYS"".""WRI$_OPTSTAT_OPR"" t, table(:topntab) r where t.rowid = chartorowid(r.rwid) order by t.""STATUS""' DATABASE USER:[3] 'SYS' PRIVILEGE :[4] 'NONE' CLIENT USER:[0] '' CLIENT TERMINAL:[10] 'ANDY-AARON' STATUS:[1] '0' DBID:[10] '1689037571' SESSIONID:[7] '1010483' USERHOST:[10] 'ANDY-AARON' CLIENT ADDRESS:[0] '' ACTION NUMBER:[1] '3' </string>"
windows_event,win_event,165,2026-04-25T17:00:21.466700+00:00,INFO,34,Oracle.xe,Oracle.xe,andy-aaron,6644,0,,"<string>LENGTH: '679' ACTION :[427] 'select /*+ no_parallel(t) no_parallel_index(t) dbms_stats cursor_sharing_exact use_weak_name_resl dynamic_sampling(0) no_monitoring xmlindex_sel_idx_tbl opt_param('optimizer_inmemory_aware' 'false') no_substrb_pad leading(r t) use_nl(t) rowid(t) */ substrb(dump(t.""STATUS"",16,0,64),1,240) d_2980463140, r.rwid, r.freq from ""SYS"".""WRI$_OPTSTAT_OPR"" t, table(:topntab) r where t.rowid = chartorowid(r.rwid) order by t.""STATUS""' DATABASE USER:[3] 'SYS' PRIVILEGE :[4] 'NONE' CLIENT USER:[0] '' CLIENT TERMINAL:[10] 'ANDY-AARON' STATUS:[1] '0' DBID:[10] '1689037571' SESSIONID:[7] '1010483' USERHOST:[10] 'ANDY-AARON' CLIENT ADDRESS:[0] '' ACTION NUMBER:[1] '3' </string>"
windows_event,win_event,166,2026-04-25T17:00:21.469784+00:00,INFO,34,Oracle.xe,Oracle.xe,andy-aaron,6644,0,,"<string>LENGTH: '707' ACTION :[455] 'select /*+ no_parallel(t) no_parallel_index(t) dbms_stats cursor_sharing_exact use_weak_name_resl dynamic_sampling(0) no_monitoring xmlindex_sel_idx_tbl opt_param('optimizer_inmemory_aware' 'false') no_substrb_pad leading(r t) use_nl(t) rowid(t) */ substrb(dump(substrb(t.""TARGET"",1,64),16,0,64),1,240) d_1827374718, r.rwid, r.freq from ""SYS"".""WRI$_OPTSTAT_OPR"" t, table(:topntab) r where t.rowid = chartorowid(r.rwid) order by substrb(t.""TARGET"",1,64)' DATABASE USER:[3] 'SYS' PRIVILEGE :[4] 'NONE' CLIENT USER:[0] '' CLIENT TERMINAL:[10] 'ANDY-AARON' STATUS:[1] '0' DBID:[10] '1689037571' SESSIONID:[7] '1010483' USERHOST:[10] 'ANDY-AARON' CLIENT ADDRESS:[0] '' ACTION NUMBER:[1] '3' </string>"
windows_event,win_event,167,2026-04-25T17:00:21.474607+00:00,INFO,34,Oracle.xe,Oracle.xe,andy-aaron,6644,0,,"<string>LENGTH: '707' ACTION :[455] 'select /*+ no_parallel(t) no_parallel_index(t) dbms_stats cursor_sharing_exact use_weak_name_resl dynamic_sampling(0) no_monitoring xmlindex_sel_idx_tbl opt_param('optimizer_inmemory_aware' 'false') no_substrb_pad leading(r t) use_nl(t) rowid(t) */ substrb(dump(substrb(t.""TARGET"",1,64),16,0,64),1,240) d_1827374718, r.rwid, r.freq from ""SYS"".""WRI$_OPTSTAT_OPR"" t, table(:topntab) r where t.rowid = chartorowid(r.rwid) order by substrb(t.""TARGET"",1,64)' DATABASE USER:[3] 'SYS' PRIVILEGE :[4] 'NONE' CLIENT USER:[0] '' CLIENT TERMINAL:[10] 'ANDY-AARON' STATUS:[1] '0' DBID:[10] '1689037571' SESSIONID:[7] '1010483' USERHOST:[10] 'ANDY-AARON' CLIENT ADDRESS:[0] '' ACTION NUMBER:[1] '3' </string>"
windows_event,win_event,168,2026-04-25T17:00:21.680580+00:00,INFO,34,Oracle.xe,Oracle.xe,andy-aaron,6644,0,,"<string>LENGTH: '678' ACTION :[426] 'select /*+ no_parallel(t) no_parallel_index(t) dbms_stats cursor_sharing_exact use_weak_name_resl dynamic_sampling(0) no_monitoring xmlindex_sel_idx_tbl opt_param('optimizer_inmemory_aware' 'false') no_substrb_pad leading(r t) use_nl(t) rowid(t) */ substrb(dump(t.""SERIAL#"",16,0,64),1,240) d_2873614528, r.rwid, r.freq from ""SYS"".""STATS_TARGET$"" t, table(:topntab) r where t.rowid = chartorowid(r.rwid) order by t.""SERIAL#""' DATABASE USER:[3] 'SYS' PRIVILEGE :[4] 'NONE' CLIENT USER:[0] '' CLIENT TERMINAL:[10] 'ANDY-AARON' STATUS:[1] '0' DBID:[10] '1689037571' SESSIONID:[7] '1010483' USERHOST:[10] 'ANDY-AARON' CLIENT ADDRESS:[0] '' ACTION NUMBER:[1] '3' </string>"
windows_event,win_event,169,2026-04-25T17:00:21.685938+00:00,INFO,34,Oracle.xe,Oracle.xe,andy-aaron,6644,0,,"<string>LENGTH: '678' ACTION :[426] 'select /*+ no_parallel(t) no_parallel_index(t) dbms_stats cursor_sharing_exact use_weak_name_resl dynamic_sampling(0) no_monitoring xmlindex_sel_idx_tbl opt_param('optimizer_inmemory_aware' 'false') no_substrb_pad leading(r t) use_nl(t) rowid(t) */ substrb(dump(t.""SERIAL#"",16,0,64),1,240) d_2873614528, r.rwid, r.freq from ""SYS"".""STATS_TARGET$"" t, table(:topntab) r where t.rowid = chartorowid(r.rwid) order by t.""SERIAL#""' DATABASE USER:[3] 'SYS' PRIVILEGE :[4] 'NONE' CLIENT USER:[0] '' CLIENT TERMINAL:[10] 'ANDY-AARON' STATUS:[1] '0' DBID:[10] '1689037571' SESSIONID:[7] '1010483' USERHOST:[10] 'ANDY-AARON' CLIENT ADDRESS:[0] '' ACTION NUMBER:[1] '3' </string>"
windows_event,win_event,170,2026-04-25T17:00:21.691942+00:00,INFO,34,Oracle.xe,Oracle.xe,andy-aaron,6644,0,,"<string>LENGTH: '670' ACTION :[418] 'select /*+ no_parallel(t) no_parallel_index(t) dbms_stats cursor_sharing_exact use_weak_name_resl dynamic_sampling(0) no_monitoring xmlindex_sel_idx_tbl opt_param('optimizer_inmemory_aware' 'false') no_substrb_pad leading(r t) use_nl(t) rowid(t) */ substrb(dump(t.""SID"",16,0,64),1,240) d_1967766373, r.rwid, r.freq from ""SYS"".""STATS_TARGET$"" t, table(:topntab) r where t.rowid = chartorowid(r.rwid) order by t.""SID""' DATABASE USER:[3] 'SYS' PRIVILEGE :[4] 'NONE' CLIENT USER:[0] '' CLIENT TERMINAL:[10] 'ANDY-AARON' STATUS:[1] '0' DBID:[10] '1689037571' SESSIONID:[7] '1010483' USERHOST:[10] 'ANDY-AARON' CLIENT ADDRESS:[0] '' ACTION NUMBER:[1] '3' </string>"
windows_event,win_event,171,2026-04-25T17:00:21.706911+00:00,INFO,34,Oracle.xe,Oracle.xe,andy-aaron,6644,0,,"<string>LENGTH: '670' ACTION :[418] 'select /*+ no_parallel(t) no_parallel_index(t) dbms_stats cursor_sharing_exact use_weak_name_resl dynamic_sampling(0) no_monitoring xmlindex_sel_idx_tbl opt_param('optimizer_inmemory_aware' 'false') no_substrb_pad leading(r t) use_nl(t) rowid(t) */ substrb(dump(t.""SID"",16,0,64),1,240) d_1967766373, r.rwid, r.freq from ""SYS"".""STATS_TARGET$"" t, table(:topntab) r where t.rowid = chartorowid(r.rwid) order by t.""SID""' DATABASE USER:[3] 'SYS' PRIVILEGE :[4] 'NONE' CLIENT USER:[0] '' CLIENT TERMINAL:[10] 'ANDY-AARON' STATUS:[1] '0' DBID:[10] '1689037571' SESSIONID:[7] '1010483' USERHOST:[10] 'ANDY-AARON' CLIENT ADDRESS:[0] '' ACTION NUMBER:[1] '3' </string>"
windows_event,win_event,172,2026-04-25T17:00:21.712622+00:00,INFO,34,Oracle.xe,Oracle.xe,andy-aaron,6644,0,,"<string>LENGTH: '676' ACTION :[424] 'select /*+ no_parallel(t) no_parallel_index(t) dbms_stats cursor_sharing_exact use_weak_name_resl dynamic_sampling(0) no_monitoring xmlindex_sel_idx_tbl opt_param('optimizer_inmemory_aware' 'false') no_substrb_pad leading(r t) use_nl(t) rowid(t) */ substrb(dump(t.""STATUS"",16,0,64),1,240) d_2980463140, r.rwid, r.freq from ""SYS"".""STATS_TARGET$"" t, table(:topntab) r where t.rowid = chartorowid(r.rwid) order by t.""STATUS""' DATABASE USER:[3] 'SYS' PRIVILEGE :[4] 'NONE' CLIENT USER:[0] '' CLIENT TERMINAL:[10] 'ANDY-AARON' STATUS:[1] '0' DBID:[10] '1689037571' SESSIONID:[7] '1010483' USERHOST:[10] 'ANDY-AARON' CLIENT ADDRESS:[0] '' ACTION NUMBER:[1] '3' </string>"
windows_event,win_event,173,2026-04-25T17:00:21.719530+00:00,INFO,34,Oracle.xe,Oracle.xe,andy-aaron,6644,0,,"<string>LENGTH: '676' ACTION :[424] 'select /*+ no_parallel(t) no_parallel_index(t) dbms_stats cursor_sharing_exact use_weak_name_resl dynamic_sampling(0) no_monitoring xmlindex_sel_idx_tbl opt_param('optimizer_inmemory_aware' 'false') no_substrb_pad leading(r t) use_nl(t) rowid(t) */ substrb(dump(t.""STATUS"",16,0,64),1,240) d_2980463140, r.rwid, r.freq from ""SYS"".""STATS_TARGET$"" t, table(:topntab) r where t.rowid = chartorowid(r.rwid) order by t.""STATUS""' DATABASE USER:[3] 'SYS' PRIVILEGE :[4] 'NONE' CLIENT USER:[0] '' CLIENT TERMINAL:[10] 'ANDY-AARON' STATUS:[1] '0' DBID:[10] '1689037571' SESSIONID:[7] '1010483' USERHOST:[10] 'ANDY-AARON' CLIENT ADDRESS:[0] '' ACTION NUMBER:[1] '3' </string>"
windows_event,win_event,174,2026-04-25T17:00:21.760992+00:00,INFO,34,Oracle.xe,Oracle.xe,andy-aaron,6644,0,,"<string>LENGTH: '671' ACTION :[419] 'select /*+ no_parallel(t) no_parallel_index(t) dbms_stats cursor_sharing_exact use_weak_name_resl dynamic_sampling(0) no_monitoring xmlindex_sel_idx_tbl opt_param('optimizer_inmemory_aware' 'false') no_substrb_pad leading(r t) use_nl(t) rowid(t) */ substrb(dump(t.""ID"",16,0,64),1,240) d_631915705, r.rwid, r.freq from ""SYS"".""WRI$_ADV_FINDINGS"" t, table(:topntab) r where t.rowid = chartorowid(r.rwid) order by t.""ID""' DATABASE USER:[3] 'SYS' PRIVILEGE :[4] 'NONE' CLIENT USER:[0] '' CLIENT TERMINAL:[10] 'ANDY-AARON' STATUS:[1] '0' DBID:[10] '3074368596' SESSIONID:[7] '1020316' USERHOST:[10] 'ANDY-AARON' CLIENT ADDRESS:[0] '' ACTION NUMBER:[1] '3' </string>"
windows_event,win_event,175,2026-04-25T17:00:21.767057+00:00,INFO,34,Oracle.xe,Oracle.xe,andy-aaron,6644,0,,"<string>LENGTH: '671' ACTION :[419] 'select /*+ no_parallel(t) no_parallel_index(t) dbms_stats cursor_sharing_exact use_weak_name_resl dynamic_sampling(0) no_monitoring xmlindex_sel_idx_tbl opt_param('optimizer_inmemory_aware' 'false') no_substrb_pad leading(r t) use_nl(t) rowid(t) */ substrb(dump(t.""ID"",16,0,64),1,240) d_631915705, r.rwid, r.freq from ""SYS"".""WRI$_ADV_FINDINGS"" t, table(:topntab) r where t.rowid = chartorowid(r.rwid) order by t.""ID""' DATABASE USER:[3] 'SYS' PRIVILEGE :[4] 'NONE' CLIENT USER:[0] '' CLIENT TERMINAL:[10] 'ANDY-AARON' STATUS:[1] '0' DBID:[10] '3074368596' SESSIONID:[7] '1020316' USERHOST:[10] 'ANDY-AARON' CLIENT ADDRESS:[0] '' ACTION NUMBER:[1] '3' </string>"
windows_event,win_event,176,2026-04-25T17:00:21.772850+00:00,INFO,34,Oracle.xe,Oracle.xe,andy-aaron,6644,0,,"<string>LENGTH: '680' ACTION :[428] 'select /*+ no_parallel(t) no_parallel_index(t) dbms_stats cursor_sharing_exact use_weak_name_resl dynamic_sampling(0) no_monitoring xmlindex_sel_idx_tbl opt_param('optimizer_inmemory_aware' 'false') no_substrb_pad leading(r t) use_nl(t) rowid(t) */ substrb(dump(t.""OBJ_ID"",16,0,64),1,240) d_3449807563, r.rwid, r.freq from ""SYS"".""WRI$_ADV_FINDINGS"" t, table(:topntab) r where t.rowid = chartorowid(r.rwid) order by t.""OBJ_ID""' DATABASE USER:[3] 'SYS' PRIVILEGE :[4] 'NONE' CLIENT USER:[0] '' CLIENT TERMINAL:[10] 'ANDY-AARON' STATUS:[1] '0' DBID:[10] '3074368596' SESSIONID:[7] '1020316' USERHOST:[10] 'ANDY-AARON' CLIENT ADDRESS:[0] '' ACTION NUMBER:[1] '3' </string>"
windows_event,win_event,177,2026-04-25T17:00:21.786062+00:00,INFO,34,Oracle.xe,Oracle.xe,andy-aaron,6644,0,,"<string>LENGTH: '680' ACTION :[428] 'select /*+ no_parallel(t) no_parallel_index(t) dbms_stats cursor_sharing_exact use_weak_name_resl dynamic_sampling(0) no_monitoring xmlindex_sel_idx_tbl opt_param('optimizer_inmemory_aware' 'false') no_substrb_pad leading(r t) use_nl(t) rowid(t) */ substrb(dump(t.""OBJ_ID"",16,0,64),1,240) d_3449807563, r.rwid, r.freq from ""SYS"".""WRI$_ADV_FINDINGS"" t, table(:topntab) r where t.rowid = chartorowid(r.rwid) order by t.""OBJ_ID""' DATABASE USER:[3] 'SYS' PRIVILEGE :[4] 'NONE' CLIENT USER:[0] '' CLIENT TERMINAL:[10] 'ANDY-AARON' STATUS:[1] '0' DBID:[10] '3074368596' SESSIONID:[7] '1020316' USERHOST:[10] 'ANDY-AARON' CLIENT ADDRESS:[0] '' ACTION NUMBER:[1] '3' </string>"
windows_event,win_event,178,2026-04-25T17:00:21.795132+00:00,INFO,34,Oracle.xe,Oracle.xe,andy-aaron,6644,0,,"<string>LENGTH: '714' ACTION :[462] 'select /*+ no_parallel(t) no_parallel_index(t) dbms_stats cursor_sharing_exact use_weak_name_resl dynamic_sampling(0) no_monitoring xmlindex_sel_idx_tbl opt_param('optimizer_inmemory_aware' 'false') no_substrb_pad leading(r t) use_nl(t) rowid(t) */ substrb(dump(substrb(t.""EXEC_NAME"",1,64),16,0,64),1,240) d_2664901495, r.rwid, r.freq from ""SYS"".""WRI$_ADV_FINDINGS"" t, table(:topntab) r where t.rowid = chartorowid(r.rwid) order by substrb(t.""EXEC_NAME"",1,64)' DATABASE USER:[3] 'SYS' PRIVILEGE :[4] 'NONE' CLIENT USER:[0] '' CLIENT TERMINAL:[10] 'ANDY-AARON' STATUS:[1] '0' DBID:[10] '3074368596' SESSIONID:[7] '1020316' USERHOST:[10] 'ANDY-AARON' CLIENT ADDRESS:[0] '' ACTION NUMBER:[1] '3' </string>"
windows_event,win_event,179,2026-04-25T17:00:21.803282+00:00,INFO,34,Oracle.xe,Oracle.xe,andy-aaron,6644,0,,"<string>LENGTH: '714' ACTION :[462] 'select /*+ no_parallel(t) no_parallel_index(t) dbms_stats cursor_sharing_exact use_weak_name_resl dynamic_sampling(0) no_monitoring xmlindex_sel_idx_tbl opt_param('optimizer_inmemory_aware' 'false') no_substrb_pad leading(r t) use_nl(t) rowid(t) */ substrb(dump(substrb(t.""EXEC_NAME"",1,64),16,0,64),1,240) d_2664901495, r.rwid, r.freq from ""SYS"".""WRI$_ADV_FINDINGS"" t, table(:topntab) r where t.rowid = chartorowid(r.rwid) order by substrb(t.""EXEC_NAME"",1,64)' DATABASE USER:[3] 'SYS' PRIVILEGE :[4] 'NONE' CLIENT USER:[0] '' CLIENT TERMINAL:[10] 'ANDY-AARON' STATUS:[1] '0' DBID:[10] '3074368596' SESSIONID:[7] '1020316' USERHOST:[10] 'ANDY-AARON' CLIENT ADDRESS:[0] '' ACTION NUMBER:[1] '3' </string>"
windows_event,win_event,180,2026-04-25T17:00:21.809746+00:00,INFO,34,Oracle.xe,Oracle.xe,andy-aaron,6644,0,,"<string>LENGTH: '692' ACTION :[440] 'select /*+ no_parallel(t) no_parallel_index(t) dbms_stats cursor_sharing_exact use_weak_name_resl dynamic_sampling(0) no_monitoring xmlindex_sel_idx_tbl opt_param('optimizer_inmemory_aware' 'false') no_substrb_pad leading(r t) use_nl(t) rowid(t) */ substrb(dump(t.""MORE_INFO_ID"",16,0,64),1,240) d_2123589056, r.rwid, r.freq from ""SYS"".""WRI$_ADV_FINDINGS"" t, table(:topntab) r where t.rowid = chartorowid(r.rwid) order by t.""MORE_INFO_ID""' DATABASE USER:[3] 'SYS' PRIVILEGE :[4] 'NONE' CLIENT USER:[0] '' CLIENT TERMINAL:[10] 'ANDY-AARON' STATUS:[1] '0' DBID:[10] '3074368596' SESSIONID:[7] '1020316' USERHOST:[10] 'ANDY-AARON' CLIENT ADDRESS:[0] '' ACTION NUMBER:[1] '3' </string>"
windows_event,win_event,181,2026-04-25T17:00:21.821692+00:00,INFO,34,Oracle.xe,Oracle.xe,andy-aaron,6644,0,,"<string>LENGTH: '692' ACTION :[440] 'select /*+ no_parallel(t) no_parallel_index(t) dbms_stats cursor_sharing_exact use_weak_name_resl dynamic_sampling(0) no_monitoring xmlindex_sel_idx_tbl opt_param('optimizer_inmemory_aware' 'false') no_substrb_pad leading(r t) use_nl(t) rowid(t) */ substrb(dump(t.""MORE_INFO_ID"",16,0,64),1,240) d_2123589056, r.rwid, r.freq from ""SYS"".""WRI$_ADV_FINDINGS"" t, table(:topntab) r where t.rowid = chartorowid(r.rwid) order by t.""MORE_INFO_ID""' DATABASE USER:[3] 'SYS' PRIVILEGE :[4] 'NONE' CLIENT USER:[0] '' CLIENT TERMINAL:[10] 'ANDY-AARON' STATUS:[1] '0' DBID:[10] '3074368596' SESSIONID:[7] '1020316' USERHOST:[10] 'ANDY-AARON' CLIENT ADDRESS:[0] '' ACTION NUMBER:[1] '3' </string>"
windows_event,win_event,182,2026-04-25T17:00:21.833357+00:00,INFO,34,Oracle.xe,Oracle.xe,andy-aaron,6644,0,,"<string>LENGTH: '682' ACTION :[430] 'select /*+ no_parallel(t) no_parallel_index(t) dbms_stats cursor_sharing_exact use_weak_name_resl dynamic_sampling(0) no_monitoring xmlindex_sel_idx_tbl opt_param('optimizer_inmemory_aware' 'false') no_substrb_pad leading(r t) use_nl(t) rowid(t) */ substrb(dump(t.""TASK_ID"",16,0,64),1,240) d_3704798582, r.rwid, r.freq from ""SYS"".""WRI$_ADV_FINDINGS"" t, table(:topntab) r where t.rowid = chartorowid(r.rwid) order by t.""TASK_ID""' DATABASE USER:[3] 'SYS' PRIVILEGE :[4] 'NONE' CLIENT USER:[0] '' CLIENT TERMINAL:[10] 'ANDY-AARON' STATUS:[1] '0' DBID:[10] '3074368596' SESSIONID:[7] '1020316' USERHOST:[10] 'ANDY-AARON' CLIENT ADDRESS:[0] '' ACTION NUMBER:[1] '3' </string>"
windows_event,win_event,183,2026-04-25T17:00:21.848585+00:00,INFO,34,Oracle.xe,Oracle.xe,andy-aaron,6644,0,,"<string>LENGTH: '682' ACTION :[430] 'select /*+ no_parallel(t) no_parallel_index(t) dbms_stats cursor_sharing_exact use_weak_name_resl dynamic_sampling(0) no_monitoring xmlindex_sel_idx_tbl opt_param('optimizer_inmemory_aware' 'false') no_substrb_pad leading(r t) use_nl(t) rowid(t) */ substrb(dump(t.""TASK_ID"",16,0,64),1,240) d_3704798582, r.rwid, r.freq from ""SYS"".""WRI$_ADV_FINDINGS"" t, table(:topntab) r where t.rowid = chartorowid(r.rwid) order by t.""TASK_ID""' DATABASE USER:[3] 'SYS' PRIVILEGE :[4] 'NONE' CLIENT USER:[0] '' CLIENT TERMINAL:[10] 'ANDY-AARON' STATUS:[1] '0' DBID:[10] '3074368596' SESSIONID:[7] '1020316' USERHOST:[10] 'ANDY-AARON' CLIENT ADDRESS:[0] '' ACTION NUMBER:[1] '3' </string>"
windows_event,win_event,184,2026-04-25T17:00:21.853117+00:00,INFO,34,Oracle.xe,Oracle.xe,andy-aaron,6644,0,,"<string>LENGTH: '676' ACTION :[424] 'select /*+ no_parallel(t) no_parallel_index(t) dbms_stats cursor_sharing_exact use_weak_name_resl dynamic_sampling(0) no_monitoring xmlindex_sel_idx_tbl opt_param('optimizer_inmemory_aware' 'false') no_substrb_pad leading(r t) use_nl(t) rowid(t) */ substrb(dump(t.""TYPE"",16,0,64),1,240) d_1044299751, r.rwid, r.freq from ""SYS"".""WRI$_ADV_FINDINGS"" t, table(:topntab) r where t.rowid = chartorowid(r.rwid) order by t.""TYPE""' DATABASE USER:[3] 'SYS' PRIVILEGE :[4] 'NONE' CLIENT USER:[0] '' CLIENT TERMINAL:[10] 'ANDY-AARON' STATUS:[1] '0' DBID:[10] '3074368596' SESSIONID:[7] '1020316' USERHOST:[10] 'ANDY-AARON' CLIENT ADDRESS:[0] '' ACTION NUMBER:[1] '3' </string>"
windows_event,win_event,185,2026-04-25T17:00:21.864220+00:00,INFO,34,Oracle.xe,Oracle.xe,andy-aaron,6644,0,,"<string>LENGTH: '676' ACTION :[424] 'select /*+ no_parallel(t) no_parallel_index(t) dbms_stats cursor_sharing_exact use_weak_name_resl dynamic_sampling(0) no_monitoring xmlindex_sel_idx_tbl opt_param('optimizer_inmemory_aware' 'false') no_substrb_pad leading(r t) use_nl(t) rowid(t) */ substrb(dump(t.""TYPE"",16,0,64),1,240) d_1044299751, r.rwid, r.freq from ""SYS"".""WRI$_ADV_FINDINGS"" t, table(:topntab) r where t.rowid = chartorowid(r.rwid) order by t.""TYPE""' DATABASE USER:[3] 'SYS' PRIVILEGE :[4] 'NONE' CLIENT USER:[0] '' CLIENT TERMINAL:[10] 'ANDY-AARON' STATUS:[1] '0' DBID:[10] '3074368596' SESSIONID:[7] '1020316' USERHOST:[10] 'ANDY-AARON' CLIENT ADDRESS:[0] '' ACTION NUMBER:[1] '3' </string>"
windows_event,win_event,186,2026-04-25T17:00:22.197245+00:00,INFO,34,Oracle.xe,Oracle.xe,andy-aaron,6644,0,,"<string>LENGTH: '695' ACTION :[443] 'select /*+ no_parallel(t) no_parallel_index(t) dbms_stats cursor_sharing_exact use_weak_name_resl dynamic_sampling(0) no_monitoring xmlindex_sel_idx_tbl opt_param('optimizer_inmemory_aware' 'false') no_substrb_pad leading(r t) use_nl(t) rowid(t) */ substrb(dump(t.""FINDING_ID"",16,0,64),1,240) d_4235261003, r.rwid, r.freq from ""SYS"".""WRI$_ADV_RECOMMENDATIONS"" t, table(:topntab) r where t.rowid = chartorowid(r.rwid) order by t.""FINDING_ID""' DATABASE USER:[3] 'SYS' PRIVILEGE :[4] 'NONE' CLIENT USER:[0] '' CLIENT TERMINAL:[10] 'ANDY-AARON' STATUS:[1] '0' DBID:[10] '3074368596' SESSIONID:[7] '1020316' USERHOST:[10] 'ANDY-AARON' CLIENT ADDRESS:[0] '' ACTION NUMBER:[1] '3' </string>"
windows_event,win_event,187,2026-04-25T17:00:22.204737+00:00,INFO,34,Oracle.xe,Oracle.xe,andy-aaron,6644,0,,"<string>LENGTH: '695' ACTION :[443] 'select /*+ no_parallel(t) no_parallel_index(t) dbms_stats cursor_sharing_exact use_weak_name_resl dynamic_sampling(0) no_monitoring xmlindex_sel_idx_tbl opt_param('optimizer_inmemory_aware' 'false') no_substrb_pad leading(r t) use_nl(t) rowid(t) */ substrb(dump(t.""FINDING_ID"",16,0,64),1,240) d_4235261003, r.rwid, r.freq from ""SYS"".""WRI$_ADV_RECOMMENDATIONS"" t, table(:topntab) r where t.rowid = chartorowid(r.rwid) order by t.""FINDING_ID""' DATABASE USER:[3] 'SYS' PRIVILEGE :[4] 'NONE' CLIENT USER:[0] '' CLIENT TERMINAL:[10] 'ANDY-AARON' STATUS:[1] '0' DBID:[10] '3074368596' SESSIONID:[7] '1020316' USERHOST:[10] 'ANDY-AARON' CLIENT ADDRESS:[0] '' ACTION NUMBER:[1] '3' </string>"
windows_event,win_event,188,2026-04-25T17:00:22.210373+00:00,INFO,34,Oracle.xe,Oracle.xe,andy-aaron,6644,0,,"<string>LENGTH: '678' ACTION :[426] 'select /*+ no_parallel(t) no_parallel_index(t) dbms_stats cursor_sharing_exact use_weak_name_resl dynamic_sampling(0) no_monitoring xmlindex_sel_idx_tbl opt_param('optimizer_inmemory_aware' 'false') no_substrb_pad leading(r t) use_nl(t) rowid(t) */ substrb(dump(t.""ID"",16,0,64),1,240) d_631915705, r.rwid, r.freq from ""SYS"".""WRI$_ADV_RECOMMENDATIONS"" t, table(:topntab) r where t.rowid = chartorowid(r.rwid) order by t.""ID""' DATABASE USER:[3] 'SYS' PRIVILEGE :[4] 'NONE' CLIENT USER:[0] '' CLIENT TERMINAL:[10] 'ANDY-AARON' STATUS:[1] '0' DBID:[10] '3074368596' SESSIONID:[7] '1020316' USERHOST:[10] 'ANDY-AARON' CLIENT ADDRESS:[0] '' ACTION NUMBER:[1] '3' </string>"
windows_event,win_event,189,2026-04-25T17:00:22.218277+00:00,INFO,34,Oracle.xe,Oracle.xe,andy-aaron,6644,0,,"<string>LENGTH: '678' ACTION :[426] 'select /*+ no_parallel(t) no_parallel_index(t) dbms_stats cursor_sharing_exact use_weak_name_resl dynamic_sampling(0) no_monitoring xmlindex_sel_idx_tbl opt_param('optimizer_inmemory_aware' 'false') no_substrb_pad leading(r t) use_nl(t) rowid(t) */ substrb(dump(t.""ID"",16,0,64),1,240) d_631915705, r.rwid, r.freq from ""SYS"".""WRI$_ADV_RECOMMENDATIONS"" t, table(:topntab) r where t.rowid = chartorowid(r.rwid) order by t.""ID""' DATABASE USER:[3] 'SYS' PRIVILEGE :[4] 'NONE' CLIENT USER:[0] '' CLIENT TERMINAL:[10] 'ANDY-AARON' STATUS:[1] '0' DBID:[10] '3074368596' SESSIONID:[7] '1020316' USERHOST:[10] 'ANDY-AARON' CLIENT ADDRESS:[0] '' ACTION NUMBER:[1] '3' </string>"
windows_event,win_event,190,2026-04-25T17:00:22.223942+00:00,INFO,34,Oracle.xe,Oracle.xe,andy-aaron,6644,0,,"<string>LENGTH: '721' ACTION :[469] 'select /*+ no_parallel(t) no_parallel_index(t) dbms_stats cursor_sharing_exact use_weak_name_resl dynamic_sampling(0) no_monitoring xmlindex_sel_idx_tbl opt_param('optimizer_inmemory_aware' 'false') no_substrb_pad leading(r t) use_nl(t) rowid(t) */ substrb(dump(substrb(t.""EXEC_NAME"",1,64),16,0,64),1,240) d_2664901495, r.rwid, r.freq from ""SYS"".""WRI$_ADV_RECOMMENDATIONS"" t, table(:topntab) r where t.rowid = chartorowid(r.rwid) order by substrb(t.""EXEC_NAME"",1,64)' DATABASE USER:[3] 'SYS' PRIVILEGE :[4] 'NONE' CLIENT USER:[0] '' CLIENT TERMINAL:[10] 'ANDY-AARON' STATUS:[1] '0' DBID:[10] '3074368596' SESSIONID:[7] '1020316' USERHOST:[10] 'ANDY-AARON' CLIENT ADDRESS:[0] '' ACTION NUMBER:[1] '3' </string>"
windows_event,win_event,191,2026-04-25T17:00:22.232635+00:00,INFO,34,Oracle.xe,Oracle.xe,andy-aaron,6644,0,,"<string>LENGTH: '721' ACTION :[469] 'select /*+ no_parallel(t) no_parallel_index(t) dbms_stats cursor_sharing_exact use_weak_name_resl dynamic_sampling(0) no_monitoring xmlindex_sel_idx_tbl opt_param('optimizer_inmemory_aware' 'false') no_substrb_pad leading(r t) use_nl(t) rowid(t) */ substrb(dump(substrb(t.""EXEC_NAME"",1,64),16,0,64),1,240) d_2664901495, r.rwid, r.freq from ""SYS"".""WRI$_ADV_RECOMMENDATIONS"" t, table(:topntab) r where t.rowid = chartorowid(r.rwid) order by substrb(t.""EXEC_NAME"",1,64)' DATABASE USER:[3] 'SYS' PRIVILEGE :[4] 'NONE' CLIENT USER:[0] '' CLIENT TERMINAL:[10] 'ANDY-AARON' STATUS:[1] '0' DBID:[10] '3074368596' SESSIONID:[7] '1020316' USERHOST:[10] 'ANDY-AARON' CLIENT ADDRESS:[0] '' ACTION NUMBER:[1] '3' </string>"
windows_event,win_event,192,2026-04-25T17:00:22.236284+00:00,INFO,34,Oracle.xe,Oracle.xe,andy-aaron,6644,0,,"<string>LENGTH: '689' ACTION :[437] 'select /*+ no_parallel(t) no_parallel_index(t) dbms_stats cursor_sharing_exact use_weak_name_resl dynamic_sampling(0) no_monitoring xmlindex_sel_idx_tbl opt_param('optimizer_inmemory_aware' 'false') no_substrb_pad leading(r t) use_nl(t) rowid(t) */ substrb(dump(t.""TASK_ID"",16,0,64),1,240) d_3704798582, r.rwid, r.freq from ""SYS"".""WRI$_ADV_RECOMMENDATIONS"" t, table(:topntab) r where t.rowid = chartorowid(r.rwid) order by t.""TASK_ID""' DATABASE USER:[3] 'SYS' PRIVILEGE :[4] 'NONE' CLIENT USER:[0] '' CLIENT TERMINAL:[10] 'ANDY-AARON' STATUS:[1] '0' DBID:[10] '3074368596' SESSIONID:[7] '1020316' USERHOST:[10] 'ANDY-AARON' CLIENT ADDRESS:[0] '' ACTION NUMBER:[1] '3' </string>"
windows_event,win_event,193,2026-04-25T17:00:22.269543+00:00,INFO,34,Oracle.xe,Oracle.xe,andy-aaron,6644,0,,"<string>LENGTH: '689' ACTION :[437] 'select /*+ no_parallel(t) no_parallel_index(t) dbms_stats cursor_sharing_exact use_weak_name_resl dynamic_sampling(0) no_monitoring xmlindex_sel_idx_tbl opt_param('optimizer_inmemory_aware' 'false') no_substrb_pad leading(r t) use_nl(t) rowid(t) */ substrb(dump(t.""TASK_ID"",16,0,64),1,240) d_3704798582, r.rwid, r.freq from ""SYS"".""WRI$_ADV_RECOMMENDATIONS"" t, table(:topntab) r where t.rowid = chartorowid(r.rwid) order by t.""TASK_ID""' DATABASE USER:[3] 'SYS' PRIVILEGE :[4] 'NONE' CLIENT USER:[0] '' CLIENT TERMINAL:[10] 'ANDY-AARON' STATUS:[1] '0' DBID:[10] '3074368596' SESSIONID:[7] '1020316' USERHOST:[10] 'ANDY-AARON' CLIENT ADDRESS:[0] '' ACTION NUMBER:[1] '3' </string>"
windows_event,win_event,194,2026-04-25T17:00:22.292330+00:00,INFO,34,Oracle.xe,Oracle.xe,andy-aaron,6644,0,,"<string>LENGTH: '676' ACTION :[424] 'select /*+ no_parallel(t) no_parallel_index(t) dbms_stats cursor_sharing_exact use_weak_name_resl dynamic_sampling(0) no_monitoring xmlindex_sel_idx_tbl opt_param('optimizer_inmemory_aware' 'false') no_substrb_pad leading(r t) use_nl(t) rowid(t) */ substrb(dump(t.""OBJ#"",16,0,64),1,240) d_3404126564, r.rwid, r.freq from ""SYS"".""OPTSTAT_SNAPSHOT$"" t, table(:topntab) r where t.rowid = chartorowid(r.rwid) order by t.""OBJ#""' DATABASE USER:[3] 'SYS' PRIVILEGE :[4] 'NONE' CLIENT USER:[0] '' CLIENT TERMINAL:[10] 'ANDY-AARON' STATUS:[1] '0' DBID:[10] '1689037571' SESSIONID:[7] '1010483' USERHOST:[10] 'ANDY-AARON' CLIENT ADDRESS:[0] '' ACTION NUMBER:[1] '3' </string>"
windows_event,win_event,195,2026-04-25T17:00:22.299858+00:00,INFO,34,Oracle.xe,Oracle.xe,andy-aaron,6644,0,,"<string>LENGTH: '676' ACTION :[424] 'select /*+ no_parallel(t) no_parallel_index(t) dbms_stats cursor_sharing_exact use_weak_name_resl dynamic_sampling(0) no_monitoring xmlindex_sel_idx_tbl opt_param('optimizer_inmemory_aware' 'false') no_substrb_pad leading(r t) use_nl(t) rowid(t) */ substrb(dump(t.""OBJ#"",16,0,64),1,240) d_3404126564, r.rwid, r.freq from ""SYS"".""OPTSTAT_SNAPSHOT$"" t, table(:topntab) r where t.rowid = chartorowid(r.rwid) order by t.""OBJ#""' DATABASE USER:[3] 'SYS' PRIVILEGE :[4] 'NONE' CLIENT USER:[0] '' CLIENT TERMINAL:[10] 'ANDY-AARON' STATUS:[1] '0' DBID:[10] '1689037571' SESSIONID:[7] '1010483' USERHOST:[10] 'ANDY-AARON' CLIENT ADDRESS:[0] '' ACTION NUMBER:[1] '3' </string>"
windows_event,win_event,196,2026-04-25T17:00:22.613880+00:00,INFO,34,Oracle.xe,Oracle.xe,andy-aaron,6644,0,,"<string>LENGTH: '715' ACTION :[463] 'select /*+ no_parallel(t) no_parallel_index(t) dbms_stats cursor_sharing_exact use_weak_name_resl dynamic_sampling(0) no_monitoring xmlindex_sel_idx_tbl opt_param('optimizer_inmemory_aware' 'false') no_substrb_pad leading(r t) use_nl(t) rowid(t) */ substrb(dump(substrb(t.""EXEC_NAME"",1,64),16,0,64),1,240) d_2664901495, r.rwid, r.freq from ""SYS"".""WRI$_ADV_RATIONALE"" t, table(:topntab) r where t.rowid = chartorowid(r.rwid) order by substrb(t.""EXEC_NAME"",1,64)' DATABASE USER:[3] 'SYS' PRIVILEGE :[4] 'NONE' CLIENT USER:[0] '' CLIENT TERMINAL:[10] 'ANDY-AARON' STATUS:[1] '0' DBID:[10] '3074368596' SESSIONID:[7] '1020316' USERHOST:[10] 'ANDY-AARON' CLIENT ADDRESS:[0] '' ACTION NUMBER:[1] '3' </string>"
windows_event,win_event,197,2026-04-25T17:00:22.621212+00:00,INFO,34,Oracle.xe,Oracle.xe,andy-aaron,6644,0,,"<string>LENGTH: '715' ACTION :[463] 'select /*+ no_parallel(t) no_parallel_index(t) dbms_stats cursor_sharing_exact use_weak_name_resl dynamic_sampling(0) no_monitoring xmlindex_sel_idx_tbl opt_param('optimizer_inmemory_aware' 'false') no_substrb_pad leading(r t) use_nl(t) rowid(t) */ substrb(dump(substrb(t.""EXEC_NAME"",1,64),16,0,64),1,240) d_2664901495, r.rwid, r.freq from ""SYS"".""WRI$_ADV_RATIONALE"" t, table(:topntab) r where t.rowid = chartorowid(r.rwid) order by substrb(t.""EXEC_NAME"",1,64)' DATABASE USER:[3] 'SYS' PRIVILEGE :[4] 'NONE' CLIENT USER:[0] '' CLIENT TERMINAL:[10] 'ANDY-AARON' STATUS:[1] '0' DBID:[10] '3074368596' SESSIONID:[7] '1020316' USERHOST:[10] 'ANDY-AARON' CLIENT ADDRESS:[0] '' ACTION NUMBER:[1] '3' </string>"
windows_event,win_event,198,2026-04-25T17:00:22.626778+00:00,INFO,34,Oracle.xe,Oracle.xe,andy-aaron,6644,0,,"<string>LENGTH: '683' ACTION :[431] 'select /*+ no_parallel(t) no_parallel_index(t) dbms_stats cursor_sharing_exact use_weak_name_resl dynamic_sampling(0) no_monitoring xmlindex_sel_idx_tbl opt_param('optimizer_inmemory_aware' 'false') no_substrb_pad leading(r t) use_nl(t) rowid(t) */ substrb(dump(t.""TASK_ID"",16,0,64),1,240) d_3704798582, r.rwid, r.freq from ""SYS"".""WRI$_ADV_RATIONALE"" t, table(:topntab) r where t.rowid = chartorowid(r.rwid) order by t.""TASK_ID""' DATABASE USER:[3] 'SYS' PRIVILEGE :[4] 'NONE' CLIENT USER:[0] '' CLIENT TERMINAL:[10] 'ANDY-AARON' STATUS:[1] '0' DBID:[10] '3074368596' SESSIONID:[7] '1020316' USERHOST:[10] 'ANDY-AARON' CLIENT ADDRESS:[0] '' ACTION NUMBER:[1] '3' </string>"
windows_event,win_event,199,2026-04-25T17:00:22.631939+00:00,INFO,34,Oracle.xe,Oracle.xe,andy-aaron,6644,0,,"<string>LENGTH: '683' ACTION :[431] 'select /*+ no_parallel(t) no_parallel_index(t) dbms_stats cursor_sharing_exact use_weak_name_resl dynamic_sampling(0) no_monitoring xmlindex_sel_idx_tbl opt_param('optimizer_inmemory_aware' 'false') no_substrb_pad leading(r t) use_nl(t) rowid(t) */ substrb(dump(t.""TASK_ID"",16,0,64),1,240) d_3704798582, r.rwid, r.freq from ""SYS"".""WRI$_ADV_RATIONALE"" t, table(:topntab) r where t.rowid = chartorowid(r.rwid) order by t.""TASK_ID""' DATABASE USER:[3] 'SYS' PRIVILEGE :[4] 'NONE' CLIENT USER:[0] '' CLIENT TERMINAL:[10] 'ANDY-AARON' STATUS:[1] '0' DBID:[10] '3074368596' SESSIONID:[7] '1020316' USERHOST:[10] 'ANDY-AARON' CLIENT ADDRESS:[0] '' ACTION NUMBER:[1] '3' </string>"
windows_event,win_event,200,2026-04-25T17:00:22.746914+00:00,INFO,34,Oracle.xe,Oracle.xe,andy-aaron,6644,0,,"<string>LENGTH: '667' ACTION :[415] 'select /*+ no_parallel(t) no_parallel_index(t) dbms_stats cursor_sharing_exact use_weak_name_resl dynamic_sampling(0) no_monitoring xmlindex_sel_idx_tbl opt_param('optimizer_inmemory_aware' 'false') no_substrb_pad leading(r t) use_nl(t) rowid(t) */ substrb(dump(t.""OBJ#"",16,0,64),1,240) d_3404126564, r.rwid, r.freq from ""SYS"".""HISTGRM$"" t, table(:topntab) r where t.rowid = chartorowid(r.rwid) order by t.""OBJ#""' DATABASE USER:[3] 'SYS' PRIVILEGE :[4] 'NONE' CLIENT USER:[0] '' CLIENT TERMINAL:[10] 'ANDY-AARON' STATUS:[1] '0' DBID:[10] '1689037571' SESSIONID:[7] '1010483' USERHOST:[10] 'ANDY-AARON' CLIENT ADDRESS:[0] '' ACTION NUMBER:[1] '3' </string>"
