block_id,partition,label,selection_seed
blk_-1608999687919862906,train,0,42
blk_-5114249203202400596,train,0,42
blk_6021477756386488418,train,0,42
blk_-3616976684127351139,train,0,42
blk_6402803854715743550,train,0,42
blk_8653331095267766448,train,0,42
blk_3837161082742671754,train,0,42
blk_5087957844448820410,train,0,42
blk_1573881407620578711,train,0,42
blk_377618740330978260,train,0,42
blk_-1671908550880445633,train,0,42
blk_-800622121569571679,train,0,42
blk_-4187354324048472434,train,0,42
blk_-7830755405319927223,train,0,42
blk_5725888601974460806,train,0,42
blk_2469689119699068840,train,0,42
blk_350696426895410369,train,0,42
blk_-6740367283071055571,train,0,42
blk_7494566123003739045,train,0,42
blk_4071082175154068150,train,0,42
blk_-306433960000893115,train,0,42
blk_243475770002126841,train,0,42
blk_-1608339630694730738,train,0,42
blk_-4577896710791249166,train,0,42
blk_444041676607581816,train,0,42
blk_-7725563819912150372,train,0,42
blk_51963377114659155,train,0,42
blk_4005961392876834016,train,0,42
blk_30592765769050543,train,0,42
blk_8396995301913478018,train,0,42
blk_-4976561959554107929,train,0,42
blk_-5904835675315322018,train,0,42
blk_7246939535792124054,train,0,42
blk_4698487191493023808,train,0,42
blk_-1455221633490309763,train,0,42
blk_-4526460280838537726,train,0,42
blk_-5548274594871385910,train,0,42
blk_-3004305218355783749,train,0,42
blk_3804615896420653453,train,0,42
blk_-3881267399645697356,train,0,42
blk_1118280264213894389,train,0,42
blk_-5907050650192233811,train,0,42
blk_-46556259380530564,train,0,42
blk_4369831876549054440,train,0,42
blk_-1966946637220555511,train,0,42
blk_-4734376377273630539,train,0,42
blk_1086420193925825135,train,0,42
blk_-6530960515863328774,train,0,42
blk_268921466088002153,train,0,42
blk_-6670958622368987959,train,0,42
blk_291249785923698087,train,0,42
blk_6728503176963410390,train,0,42
blk_-5355468392029027183,train,0,42
blk_1968368452697134719,train,0,42
blk_-7654560734491838127,train,0,42
blk_7373552687636226736,train,0,42
blk_5761183754006128452,train,0,42
blk_8634740884129172520,train,0,42
blk_4661888047313237695,train,0,42
blk_-5159481822711582642,train,0,42
blk_3227908264057433494,train,0,42
blk_5192032012976533948,train,0,42
blk_-8144749538854728020,train,0,42
blk_81484413561340482,train,0,42
blk_-6091929444695782420,train,0,42
blk_6048785466633428269,train,0,42
blk_5167504939897379757,train,0,42
blk_-1954562868979169509,train,0,42
blk_7888946331804732825,train,0,42
blk_921411419154121436,train,0,42
blk_2127818749817765643,train,0,42
blk_7322175837830064286,train,0,42
blk_7019571787243184958,train,0,42
blk_1131212494337742674,train,0,42
blk_5984597015849730101,train,0,42
blk_-7202537022312810163,train,0,42
blk_2781161634750750250,train,0,42
blk_-7342966161423583663,train,0,42
blk_-2255948639551698043,train,0,42
blk_6236687718597980422,train,0,42
blk_-4185061721519070490,train,0,42
blk_3240210533909340791,train,0,42
blk_4615214238992239411,train,0,42
blk_7430047493224031494,train,0,42
blk_-879840374252135313,train,0,42
blk_1505710729616382661,train,0,42
blk_6488319953421271780,train,0,42
blk_-1674235443242948188,train,0,42
blk_6529645318353738416,train,0,42
blk_4857789889401753382,train,0,42
blk_-6899869435641005946,train,0,42
blk_-8049323531450781652,train,0,42
blk_-520547713927059824,train,0,42
blk_-6869109743241938944,train,0,42
blk_7932082564461777897,train,0,42
blk_5463099606755053815,train,0,42
blk_-3154001868332857129,train,0,42
blk_271745319033279389,train,1,42
blk_4283809515924186979,train,0,42
blk_8955601839320747060,train,0,42
blk_2723225040568147445,train,0,42
blk_8918440911006295945,train,1,42
blk_-2131677938619736596,train,0,42
blk_4195258326983430474,train,0,42
blk_-8791986192941881127,train,0,42
blk_-6713704050176884816,train,0,42
blk_-3564956484589349010,train,0,42
blk_529113433718674850,train,0,42
blk_6220506076382901934,train,0,42
blk_-135596392481914191,train,0,42
blk_4034419514593703427,train,0,42
blk_-4878768203334368239,train,0,42
blk_-8063518465769810034,train,0,42
blk_7888733806209341233,train,0,42
blk_7945627948899699014,train,0,42
blk_8325907881894424389,train,0,42
blk_-8236565858529890233,train,0,42
blk_-6635163678784332104,train,1,42
blk_-183447799214415473,train,0,42
blk_-7133662611037680180,train,0,42
blk_4241467193520768333,train,1,42
blk_-343012738927737560,train,0,42
blk_1724757848743533110,train,0,42
blk_-4124076082317028650,train,0,42
blk_673476706497929834,train,0,42
blk_4193604636626169834,train,0,42
blk_5843363107380935089,train,0,42
blk_-6190764663394547266,train,0,42
blk_-4062268335889088125,train,0,42
blk_3987454875245692871,train,0,42
blk_1035824054262404460,train,0,42
blk_-1108570261745126410,train,1,42
blk_2766156688195495667,train,0,42
blk_-6711078233107638356,train,0,42
blk_5799043764703954178,train,0,42
blk_-5201849516636698389,train,0,42
blk_62359565926320690,train,0,42
blk_5091635680517632319,train,0,42
blk_-1859030606443465289,train,0,42
blk_1692901340744714607,train,0,42
blk_-1886316288453051202,train,0,42
blk_4954929548449554051,train,0,42
blk_-3951387086890552698,train,0,42
blk_-2523022365037353613,train,0,42
blk_8863809764208212584,train,0,42
blk_4994828670232036303,train,0,42
blk_-8677256357120831670,train,0,42
blk_-2201643233977574945,train,0,42
blk_-3121941343847495437,train,0,42
blk_3430581666438870815,train,0,42
blk_-1099326260147530184,train,0,42
blk_-5123799021783319064,train,0,42
blk_-1492560108281312596,train,0,42
blk_8132604984526283773,train,0,42
blk_5677221456014696519,train,0,42
blk_-6514604296488608650,train,0,42
blk_8447955597186737616,train,0,42
blk_-2028091261868566288,train,0,42
blk_1030155362723789007,train,0,42
blk_3372904035008042672,train,0,42
blk_5053924089866984156,train,0,42
blk_-5825133166747620622,train,0,42
blk_1895658171208492205,train,0,42
blk_-3349894872241843847,train,0,42
blk_-7973111356374526071,train,0,42
blk_4476285099347237270,train,0,42
blk_5050111193367395604,train,0,42
blk_5778077380824070291,train,0,42
blk_7680514326487216903,train,0,42
blk_-8507820383104237016,train,0,42
blk_-5042396407016695242,train,0,42
blk_1491523049647914108,train,0,42
blk_3510959106298778413,train,1,42
blk_7481813813695331195,train,0,42
blk_-4672509080222650305,train,0,42
blk_-4653935284200974336,train,0,42
blk_-8566321724469592160,train,0,42
blk_5584929415779267147,train,0,42
blk_3459697825542751708,train,0,42
blk_-5925318275568355924,train,0,42
blk_9134391641163987789,train,1,42
blk_-3385622594397428217,train,0,42
blk_1166296516123659585,train,0,42
blk_7941486243775533569,train,0,42
blk_-6519032316498104614,train,0,42
blk_64862365945626351,train,0,42
blk_330871539804081784,train,0,42
blk_-5323183418950206816,train,0,42
blk_-6974922588490801983,train,0,42
blk_-3882599283484649836,train,0,42
blk_-2677088460528430086,train,0,42
blk_2462755772254892112,train,0,42
blk_5223175652948504080,train,0,42
blk_-5650973585455191895,train,0,42
blk_3567284013412794423,train,0,42
blk_-3065172901935078267,train,0,42
blk_-101307270082577103,train,0,42
blk_1338064265742316290,train,0,42
blk_-2407948957987556733,train,0,42
blk_7733544969529148633,train,0,42
blk_-1387798392465035458,train,0,42
blk_1070803050638100596,train,0,42
blk_3191665180605152201,train,0,42
blk_-2732255251186374867,train,0,42
blk_2857776840458053406,train,0,42
blk_3159532733243334098,train,0,42
blk_-4370564925802816150,train,0,42
blk_-3153366067936210575,train,0,42
blk_-1884315546757055387,train,0,42
blk_-532800595579770669,train,0,42
blk_1814068088193033312,train,0,42
blk_530188390579258110,train,0,42
blk_723117163380960217,train,0,42
blk_4992769724443297463,train,0,42
blk_-8045821103557898450,train,0,42
blk_7271323470934290915,train,0,42
blk_4589214505052112710,train,0,42
blk_-2946687953239733695,train,0,42
blk_9044998452323436700,train,0,42
blk_-3500113454278812757,train,0,42
blk_4340935124645223671,train,0,42
blk_-6380940084501867255,train,0,42
blk_2706119141566772049,train,0,42
blk_-3607740353704653616,train,0,42
blk_143381928062997127,train,0,42
blk_-2068629900715236973,train,0,42
blk_4829328313796766274,train,0,42
blk_2119581380268056353,train,0,42
blk_-4768707271637166047,train,0,42
blk_-3713941976539443728,train,0,42
blk_-4179757863166215774,train,0,42
blk_-3651798324879826377,train,0,42
blk_-1551342940066130717,train,0,42
blk_-5040816651612148683,train,0,42
blk_3466198644888275917,train,0,42
blk_-8978353214757183042,train,0,42
blk_-1596119835428703714,train,0,42
blk_-5953917366574841967,train,0,42
blk_-4185497798714087217,train,0,42
blk_987475353444479376,train,0,42
blk_6245500694666580212,train,0,42
blk_-3081401812013058058,train,0,42
blk_6754259214372057890,train,0,42
blk_5251931354617361910,train,0,42
blk_-363061743454535497,train,0,42
blk_-2236842110486981223,train,0,42
blk_5332386178420584920,train,0,42
blk_-9014521213981289651,train,1,42
blk_-6023246294107575931,train,0,42
blk_2646599964269401912,train,0,42
blk_8122628715332973444,train,0,42
blk_5117560431568819895,train,1,42
blk_-7112125023334102601,train,0,42
blk_-7364302721162347746,train,0,42
blk_-1791927966089371812,train,0,42
blk_-2248347966391782929,train,0,42
blk_-662990347153875794,train,0,42
blk_-8077038952282939875,train,0,42
blk_-32832934898283164,train,0,42
blk_4570784448841162053,train,0,42
blk_8187105245924166006,train,0,42
blk_-8848101011206348345,train,0,42
blk_-5210599225687580181,train,0,42
blk_-119397988244431775,train,0,42
blk_-6520216238205126744,train,0,42
blk_-5756950409374928502,train,0,42
blk_6142294412514049339,train,0,42
blk_-6402458526732928809,train,0,42
blk_1241606638154257430,train,0,42
blk_-1387766958076213090,train,0,42
blk_2488364137944039870,train,0,42
blk_9055844147435141,train,0,42
blk_3927796097553627200,train,0,42
blk_-4263290430696777270,train,0,42
blk_-1175181543320399703,train,0,42
blk_-4406647633771239019,train,0,42
blk_-8123560812772409106,train,0,42
blk_8696812606181781388,train,0,42
blk_192436750242564288,train,0,42
blk_-3206348676005534989,train,0,42
blk_1401604446358072369,train,0,42
blk_-1141818860327303570,train,0,42
blk_-594857247766944865,train,0,42
blk_-7889391291839178956,train,0,42
blk_-6568289454169594123,train,0,42
blk_-6979707748656928794,train,0,42
blk_-129108141821094584,train,0,42
blk_6216274083669530247,train,0,42
blk_-3311566344527721580,train,0,42
blk_5966329665413991515,train,0,42
blk_-6282479990706998543,train,0,42
blk_2309388865610297122,train,0,42
blk_8461475652042164677,train,0,42
blk_2816351507802245205,train,0,42
blk_2721894577449026697,train,0,42
blk_3835255781696850002,train,0,42
blk_6822018998801406933,train,0,42
blk_5164231823332768140,train,0,42
blk_-3424311399105851652,train,0,42
blk_-679674391764797971,train,0,42
blk_4618075433803375491,train,0,42
blk_2472328224373384258,train,0,42
blk_984896387710051998,train,0,42
blk_8391830131091330374,train,1,42
blk_-1944365935938587274,train,0,42
blk_6192748235569037636,train,0,42
blk_-8499169799821382233,train,1,42
blk_6341952147216025420,train,0,42
blk_-5539141058486351067,train,0,42
blk_-1045086606486418249,train,0,42
blk_8181993091797661153,train,1,42
blk_8448443848882891358,train,0,42
blk_7477067199498016526,train,0,42
blk_-540185405337052481,train,0,42
blk_-4452949782922785555,train,0,42
blk_-6316977427282305647,train,0,42
blk_-4631480006633702642,train,0,42
blk_-1000927344760357676,train,0,42
blk_-3480701669440458432,train,0,42
blk_3553644028026032147,train,0,42
blk_2219605467630380940,train,0,42
blk_1164685402947591265,train,0,42
blk_-6821906094116271971,train,0,42
blk_-1208894933783961621,train,0,42
blk_-2706411051195575975,train,0,42
blk_-7346095240141992434,train,0,42
blk_-9022255598744211124,train,0,42
blk_-8839222241388246979,train,0,42
blk_-7555957066779485849,train,0,42
blk_-7551968826972668729,train,0,42
blk_-1275308786227648657,train,0,42
blk_2935987364893969167,train,0,42
blk_-2859540306229926466,train,0,42
blk_-1062517823814846522,train,0,42
blk_7970000657952830170,train,0,42
blk_-7910722635778922543,train,0,42
blk_9035870107585315847,train,0,42
blk_6107260867471803252,train,0,42
blk_-7435329116901078721,train,0,42
blk_6693015136907487810,train,0,42
blk_364241392582723436,train,0,42
blk_-8284217095379629043,train,0,42
blk_-1751434975296267969,train,0,42
blk_792242172671650288,train,0,42
blk_7494861754295450029,train,0,42
blk_8659352057370527385,train,0,42
blk_8427895476353593708,train,1,42
blk_-7825088020385934324,train,0,42
blk_3073405682678992875,train,0,42
blk_-600414169036175234,train,0,42
blk_4986049612134727501,train,0,42
blk_-7095487047402744048,train,0,42
blk_1288654778259187677,train,0,42
blk_3049112172363913128,train,0,42
blk_9190902146004730117,train,0,42
blk_-3829413058684766161,train,0,42
blk_-8023833834153041380,train,0,42
blk_8653964441345455349,train,0,42
blk_-9073563154903246671,train,0,42
blk_6163225399292137622,train,0,42
blk_-8774720005799363140,train,0,42
blk_-4206763818357058679,train,0,42
blk_-2184206178697688427,train,0,42
blk_6252523876233060159,train,0,42
blk_7207292073800877164,train,0,42
blk_306661053271473873,train,0,42
blk_-5591462553873430661,train,0,42
blk_-807511815815846321,train,0,42
blk_-2958850557187314948,train,0,42
blk_-4627401213431665363,train,0,42
blk_3275988426036116188,train,0,42
blk_5494198754524184466,train,0,42
blk_-2471250307616329820,train,0,42
blk_8767568935724641049,train,0,42
blk_-4422943006492212985,train,0,42
blk_442041799034041513,train,0,42
blk_1696901510261744230,train,1,42
blk_7019358474600183168,train,0,42
blk_1747370353411938285,train,0,42
blk_7088907962790187033,train,0,42
blk_-2099940905348138633,train,0,42
blk_3495431236454070877,train,0,42
blk_8397109446310448052,train,0,42
blk_-3121021966537082988,train,0,42
blk_1854831952357743697,train,0,42
blk_-3494223868660120521,train,0,42
blk_7005361568949175430,train,0,42
blk_-666845303272429442,train,0,42
blk_-8529788243921806079,train,0,42
blk_-5280341960228427483,train,0,42
blk_-809939025160608811,train,0,42
blk_-3078094619476252570,train,0,42
blk_-6381256426933282735,train,0,42
blk_3401070716295703480,train,0,42
blk_-2353205798381350352,train,0,42
blk_4455585171122333616,train,1,42
blk_-5526686278560717173,train,1,42
blk_2321441547186134207,train,0,42
blk_-5458123280780166115,train,0,42
blk_-2539009758496521099,train,0,42
blk_-8116069758349955928,train,0,42
blk_-4596632985034170353,train,0,42
blk_-7244326927081423560,train,0,42
blk_-4420524211048729939,train,0,42
blk_-7886459694089917820,train,0,42
blk_-5241449162229973689,train,0,42
blk_-86488509644183350,train,0,42
blk_-3877203440193509838,train,0,42
blk_-4029801579370813344,train,0,42
blk_-4024194113219277082,train,0,42
blk_-5566545814622326303,train,0,42
blk_-916972917436052003,train,0,42
blk_-7938126886178959652,train,0,42
blk_157665405544674078,train,0,42
blk_1441516778260913415,train,0,42
blk_-6159183830603164635,train,0,42
blk_-7196259463826458235,train,0,42
blk_8864098819492136084,train,0,42
blk_6708312124409372483,train,0,42
blk_-5493834254028513821,train,1,42
blk_7487848033780478539,train,0,42
blk_6377636211294567339,train,0,42
blk_-8339588006645025823,train,0,42
blk_-7519257290621583845,train,0,42
blk_2567242373344026146,train,0,42
blk_-7600775149677036060,train,0,42
blk_-6490714357715215728,train,0,42
blk_3812834529926787421,train,0,42
blk_-6584171779433290283,train,0,42
blk_-4335715441040487990,train,0,42
blk_-458199933437259574,train,0,42
blk_6091098919781752374,train,0,42
blk_-3875317358496831033,train,0,42
blk_7239056504055844132,train,0,42
blk_7616619909718947745,train,0,42
blk_-6879384904479918555,train,0,42
blk_1166234250158354613,train,0,42
blk_-1023495876047573307,train,1,42
blk_-7012387467942273998,train,0,42
blk_-5108401616584709814,train,0,42
blk_5665070073718579750,train,0,42
blk_-3009841598824495120,train,0,42
blk_2038979406730881014,train,0,42
blk_-2644914261429003662,train,0,42
blk_-2255320889394567350,train,0,42
blk_8594880095852495695,train,1,42
blk_-702966940024075040,train,0,42
blk_5718920729760069113,train,0,42
blk_-1644159349585217851,train,0,42
blk_1266633649615086745,train,0,42
blk_-7668991663084596410,train,0,42
blk_-8224750811261029691,train,0,42
blk_-8490711258724704523,train,0,42
blk_8260106495917076776,train,1,42
blk_-5439842411069317338,train,1,42
blk_-4693283221499101261,train,0,42
blk_1785297910383250256,train,0,42
blk_-6750461967860060495,train,0,42
blk_-1739500146119319942,train,0,42
blk_-4357506533449568224,train,0,42
blk_-9043628226028248163,train,0,42
blk_-7369203865927921969,train,0,42
blk_-2158126191996218897,train,1,42
blk_258296952067207676,train,0,42
blk_-2175265930270185070,train,0,42
blk_-136971772686549144,train,0,42
blk_-594850263433799117,train,0,42
blk_5433157319693978407,train,0,42
blk_-3848063957231864127,train,0,42
blk_-1886154032861725764,train,0,42
blk_2013505490927515747,train,0,42
blk_-3499165156665249134,train,0,42
blk_-7159448201667684488,train,0,42
blk_-1591168019286425828,train,0,42
blk_-3936788040926123951,train,0,42
blk_427714267500527780,train,0,42
blk_6221967779658373168,train,1,42
blk_577759701876456466,train,0,42
blk_-3974069489174611953,train,0,42
blk_-3836893019579610191,train,0,42
blk_6114974355238479226,train,0,42
blk_-3844188651924098403,train,0,42
blk_-2694757722220193792,train,0,42
blk_-3653808452854177493,train,0,42
blk_1127142041996863321,train,0,42
blk_7760724152699432897,train,0,42
blk_-2415869163475066846,train,0,42
blk_-785993366818251834,train,0,42
blk_-4715093221046866633,train,1,42
blk_-1876345605821081227,train,0,42
blk_7994846488970732287,train,0,42
blk_462757365295557934,train,0,42
blk_7317170618364655237,train,0,42
blk_6455560439766580821,train,0,42
blk_-1137633366079226324,train,0,42
blk_-3418498156505329776,train,0,42
blk_-2586560061357932865,train,0,42
blk_4017520669664030777,train,0,42
blk_-6317864766848135632,train,0,42
blk_-9040478236832176324,train,0,42
blk_-4119021979430059037,train,0,42
blk_765644769128692214,train,0,42
blk_9161043558952379867,train,0,42
blk_4352493961636970286,train,0,42
blk_-484138517179358478,train,0,42
blk_-5253517712347661288,train,0,42
blk_5241166726929317430,train,0,42
blk_3015465293925839352,train,0,42
blk_-3357828558453484160,train,0,42
blk_8099438511782107000,train,0,42
blk_-4398673082073357152,train,0,42
blk_-871503221916659553,train,0,42
blk_-7615187197697315844,train,0,42
blk_-6602995467776908074,train,0,42
blk_-5330259310274315786,train,0,42
blk_316431192550066393,train,0,42
blk_-435157758130348175,train,0,42
blk_-2909679707728624265,train,0,42
blk_6091177331642652672,train,0,42
blk_-111009123109180926,train,0,42
blk_-419782094710033824,train,0,42
blk_-3720876472100525499,train,0,42
blk_7265806103210334895,train,0,42
blk_-2286540363396443,train,0,42
blk_-450987851614902908,train,0,42
blk_4889078121822486803,train,0,42
blk_1368585472025517976,train,0,42
blk_3110541981369317204,train,0,42
blk_-8889306272271222932,train,0,42
blk_1163254620318502254,train,0,42
blk_8212899862966972161,train,0,42
blk_58698409990719732,train,0,42
blk_-3535944153098894305,train,0,42
blk_8615396709354813922,train,0,42
blk_-4793608322623977605,train,0,42
blk_-714037130302498269,train,0,42
blk_5479394242818184172,train,0,42
blk_-5294193005417690161,train,0,42
blk_5119200028801851872,train,0,42
blk_75833561205712527,train,0,42
blk_-7850141322389139804,train,0,42
blk_-1108108532545920363,train,0,42
blk_-6292916580373969636,train,0,42
blk_36455684225874687,train,0,42
blk_-4619876640667646189,train,0,42
blk_6358503417200822468,train,0,42
blk_-4982875099900569861,train,0,42
blk_320428472982711446,train,0,42
blk_1384013319750495554,train,0,42
blk_-4043461903926232454,train,0,42
blk_1030107227211484996,train,0,42
blk_7248676827289854324,train,0,42
blk_2504735936125738037,train,0,42
blk_5841758216027319022,train,0,42
blk_-2654346802825487473,train,0,42
blk_-9055561169116083999,train,0,42
blk_-929584504140774227,train,0,42
blk_-4649872443214137819,train,0,42
blk_-5093898533576144276,train,0,42
blk_-8910390768992610126,train,0,42
blk_-7218324316144307972,train,0,42
blk_2078162247500317207,train,0,42
blk_-3390893307111957078,train,0,42
blk_-7166406854788673598,train,0,42
blk_8082772940973368166,train,1,42
blk_-7455961197223896235,train,0,42
blk_-9121006822539218037,train,0,42
blk_3454187813723311610,train,0,42
blk_-8891919332151536742,train,0,42
blk_-7250050344283963089,train,0,42
blk_-3065719133902011215,train,0,42
blk_5024464155527484688,train,0,42
blk_-8348256836335013718,train,0,42
blk_1781953582842324563,train,0,42
blk_6189809234325788429,train,0,42
blk_-3489998901950481596,train,0,42
blk_8585458798934660904,train,0,42
blk_3281213341514805650,train,0,42
blk_1816812819639344618,train,0,42
blk_8902765008346447007,train,0,42
blk_2187112972120892880,train,0,42
blk_1858115410177747327,train,0,42
blk_-7854011411019918691,train,0,42
blk_716553748756874772,train,0,42
blk_4929030647678699348,train,1,42
blk_3768596506595724494,train,0,42
blk_-159651233117507174,train,0,42
blk_-594475218518189563,train,0,42
blk_2084541094624924191,train,0,42
blk_-6680874438659959189,train,0,42
blk_-2810617992378300055,train,0,42
blk_-5457518329317380154,train,0,42
blk_-3455944432529995570,train,0,42
blk_2754642855086743927,train,0,42
blk_-5191845410309244814,train,0,42
blk_-7516305570721822087,train,0,42
blk_8525131065996148548,train,0,42
blk_2161018446771848103,train,0,42
blk_-8008604711447568695,train,0,42
blk_-6743618773234557861,train,0,42
blk_-5916707261246526640,train,0,42
blk_6101951722408298735,train,0,42
blk_-7501681934549439552,train,0,42
blk_2245941246124049271,train,1,42
blk_2217051860588951118,train,0,42
blk_-7863118511479684876,train,0,42
blk_107281617738926490,train,0,42
blk_-3927253752243484019,train,0,42
blk_1304454113813253571,train,0,42
blk_132082726988708265,train,0,42
blk_7059257958529718554,train,0,42
blk_9056514806795308459,train,1,42
blk_801875182461985043,train,0,42
blk_-4860536037693689536,train,0,42
blk_-2533327590963355759,train,0,42
blk_-6370538789162250866,train,0,42
blk_7207029671119891083,train,0,42
blk_-7521008391660066370,train,0,42
blk_6584279801225354296,train,0,42
blk_-2883039463849257282,train,0,42
blk_-377027443807652306,train,0,42
blk_-10129051993868086,train,0,42
blk_-7329756903355664287,train,0,42
blk_-4141168089552404457,train,0,42
blk_-4406064041654869721,train,0,42
blk_-734867729739043491,train,0,42
blk_-865436252094508972,train,0,42
blk_-6664870500344903822,train,0,42
blk_8513581665382608686,train,0,42
blk_8513890045175344677,train,0,42
blk_-6087175910386658310,train,1,42
blk_8288046825967589473,train,0,42
blk_-1379016308813850741,train,0,42
blk_-7421099310617326361,train,0,42
blk_4041742785655311937,train,0,42
blk_6400352833801934935,train,0,42
blk_-8376994042493106637,train,0,42
blk_4917308595528136131,train,0,42
blk_4336168271852098565,train,0,42
blk_3872153729430898920,train,0,42
blk_746786388071798167,train,0,42
blk_-8514295768932607475,train,0,42
blk_-7491148029274184067,train,0,42
blk_-6837050820114491742,train,0,42
blk_-8162775590652113486,train,0,42
blk_-15202068352150957,train,0,42
blk_-4191504948367794288,train,0,42
blk_-48975134655814657,train,0,42
blk_-1049950327842630697,train,0,42
blk_-7271504514150571583,train,0,42
blk_-1656869518974635470,train,0,42
blk_6645072216533516848,train,0,42
blk_-6007030720283364648,train,0,42
blk_-6320126444167663974,train,0,42
blk_3831857125611223327,train,0,42
blk_-9185304931219477577,train,0,42
blk_6848884150905768026,train,0,42
blk_4190370148557660903,train,0,42
blk_4478507326308044208,train,0,42
blk_-3409143921027097384,train,0,42
blk_8292469899795340166,train,0,42
blk_-5748392838845753922,train,0,42
blk_6523980109346689644,train,0,42
blk_-6098606952560866040,train,0,42
blk_-6866664182369926315,train,0,42
blk_1039541772360444536,train,0,42
blk_4355847250638645092,train,0,42
blk_7964166642749270203,train,0,42
blk_-7275333234673759107,train,0,42
blk_8578501981029680834,train,0,42
blk_-2017394387252462336,train,0,42
blk_-2064413566946043057,train,0,42
blk_-1791779822968374118,train,1,42
blk_-7839918150055323794,train,0,42
blk_8142530974747523105,train,0,42
blk_7828171879729661103,train,0,42
blk_-50873365708419686,train,0,42
blk_5437981600589213172,train,0,42
blk_322689091516032821,train,0,42
blk_8766055850651329237,train,0,42
blk_-1885629195595756904,train,0,42
blk_-138785093158954615,train,0,42
blk_8839003649973997854,train,0,42
blk_-4354170107741539617,train,0,42
blk_-4977520117986275683,train,0,42
blk_-3699070568221175086,train,0,42
blk_1905255295567688429,train,0,42
blk_7279684136857877665,train,0,42
blk_-5812626093446235344,train,0,42
blk_-6912293500782726741,train,0,42
blk_3760455852901544383,train,0,42
blk_-6241424011963084542,train,0,42
blk_-4229326932573208493,train,0,42
blk_-5460617549534779696,train,0,42
blk_4554235108369288329,train,0,42
blk_4266796397456996831,train,0,42
blk_-3159769196328185526,train,0,42
blk_6418393584068152846,train,0,42
blk_5409522443990218177,train,0,42
blk_6819097080800423945,train,0,42
blk_-605319880620189829,train,0,42
blk_3291702415815174190,train,0,42
blk_-7513109942558013358,train,0,42
blk_-3511427314592040829,train,0,42
blk_-4732221510111399094,train,0,42
blk_1574713973958652729,train,0,42
blk_9168849649179833202,train,0,42
blk_-7806155939446318482,train,0,42
blk_7212697961258752711,train,0,42
blk_-368334134828764718,train,0,42
blk_-2482510454352769534,train,0,42
blk_-5894207489784259153,train,1,42
blk_-8532189645582651158,train,0,42
blk_3757981019143201066,train,0,42
blk_4334908428143593202,train,0,42
blk_-2675417607103258162,train,0,42
blk_3165896951414436567,train,0,42
blk_-9166806103708333916,train,0,42
blk_-8806786201606901361,train,0,42
blk_3571378293759686576,train,0,42
blk_2073630623757840705,train,0,42
blk_8286466633243897985,train,0,42
blk_-1045807211895730336,train,0,42
blk_-3993200440798661447,train,0,42
blk_-1680045645851413334,train,0,42
blk_2772045677359100189,train,0,42
blk_-2490228022084347789,train,0,42
blk_592171654291028800,train,0,42
blk_-7195505893436879347,train,0,42
blk_-2262950423237832880,train,0,42
blk_-1627660237841544988,train,1,42
blk_-5986050859097737270,train,0,42
blk_-7522929380538492656,train,0,42
blk_8787622670217214176,train,0,42
blk_7216770413174257403,train,0,42
blk_-8143800061075196998,train,0,42
blk_-6311827248464167367,train,0,42
blk_2265249433895337315,train,0,42
blk_5041088901635769107,train,0,42
blk_2845241654702562756,train,0,42
blk_-8838168228888102402,train,0,42
blk_3484453795168547142,train,0,42
blk_-1568784666493500248,train,0,42
blk_3679891126690583019,train,0,42
blk_7849463768202172925,train,0,42
blk_-8506856191310877418,train,0,42
blk_-40621197178741342,train,0,42
blk_-2403281701507350652,train,0,42
blk_6163657109333431636,train,0,42
blk_-464100154766531984,train,0,42
blk_5199876004302045756,train,0,42
blk_7648806550615959642,train,0,42
blk_6470624810231570543,train,0,42
blk_7239331098728663119,train,0,42
blk_8851872990369483227,train,0,42
blk_-6474201532969098745,train,0,42
blk_5628273806868747122,train,0,42
blk_-3609925674959144102,train,0,42
blk_-7429465913590645429,train,0,42
blk_-3521449862515207118,train,0,42
blk_-8518663468386008992,train,0,42
blk_-6476574438874550296,train,0,42
blk_-7909286227864713313,train,0,42
blk_-1469984878552551601,train,0,42
blk_-4782250367183302421,train,0,42
blk_3452793769759175939,train,0,42
blk_-390211854839859123,train,0,42
blk_6321569339979077995,train,0,42
blk_-7925897669357933069,train,0,42
blk_-1817034027733120686,train,0,42
blk_3351906907958054156,train,0,42
blk_3732426658527555973,train,0,42
blk_8549110635187508765,train,0,42
blk_713345695785038610,train,0,42
blk_6748113034547853511,train,0,42
blk_-2723946295414690628,train,0,42
blk_2044890811626121143,train,0,42
blk_1315007363401488001,train,0,42
blk_-521098460259673602,train,0,42
blk_-132969478785080336,train,0,42
blk_-1631003430114856089,train,0,42
blk_5296323286083841316,train,0,42
blk_-1756545697596501859,train,0,42
blk_-1067930470987196297,train,0,42
blk_-5219108347172549035,train,0,42
blk_5429075292336614642,train,0,42
blk_1098860703097945304,train,0,42
blk_4222344143483837999,train,0,42
blk_-3153235013712242598,train,0,42
blk_3959528012200610002,train,0,42
blk_5667653784650623493,train,0,42
blk_5606449635406390692,train,0,42
blk_-3516529593866363336,train,0,42
blk_-2871352614042214222,train,0,42
blk_-7407500210757177270,train,0,42
blk_1774326347544256621,train,0,42
blk_-5684834870390615431,train,0,42
blk_-322301692271073714,train,0,42
blk_-1437405794003079810,train,0,42
blk_-1350150605866353404,train,0,42
blk_-464559695676779450,train,0,42
blk_2273268482769014818,train,0,42
blk_-7850450263547554048,train,0,42
blk_2719109611658862440,train,0,42
blk_-7814928206341085245,train,0,42
blk_4453276549125279827,train,0,42
blk_-3243888788422315091,train,0,42
blk_6882963206107348293,train,0,42
blk_6277394494021818738,train,0,42
blk_-4019716182425074157,train,0,42
blk_-4122119566797351308,train,0,42
blk_-1524967725596395362,train,0,42
blk_-2539321032177832609,train,0,42
blk_-3110674589182495832,train,0,42
blk_5996162835832648949,train,0,42
blk_5910984456831697926,train,0,42
blk_-1862667428429042785,train,0,42
blk_-918136487213217377,train,0,42
blk_-1376156716316284123,train,0,42
blk_-2932781466236190775,train,0,42
blk_7387638857645313618,train,0,42
blk_-5574181999246163049,train,0,42
blk_-8028721013641131122,train,0,42
blk_4010917174522100272,train,0,42
blk_-7700637076962633788,train,0,42
blk_3492451248562493973,train,0,42
blk_5673665924482146498,train,0,42
blk_2747887181286488486,train,0,42
blk_-4602766280241827369,train,0,42
blk_665230578011273490,train,0,42
blk_6532509627663129943,train,0,42
blk_7555461292900394818,train,0,42
blk_1268380002638790810,train,0,42
blk_-75418986402054456,train,0,42
blk_-3924582233781602950,train,0,42
blk_503438072960900722,train,0,42
blk_-4851647941640012230,train,0,42
blk_6615290154273137173,train,1,42
blk_-8878869031599892501,train,0,42
blk_2894353883464093026,train,0,42
blk_-3216325285365253442,train,0,42
blk_5486862284391899089,train,0,42
blk_-8507243517908805791,train,0,42
blk_-917278502393608845,train,0,42
blk_7249346755481296891,train,0,42
blk_-8528174287713430031,train,0,42
blk_9088722773500326995,train,0,42
blk_8782703022625382051,train,1,42
blk_1481563295424826396,train,0,42
blk_-1596604604919219067,train,0,42
blk_-7703396096455045752,train,0,42
blk_-288011828676348379,train,0,42
blk_-6766351519628312408,train,0,42
blk_424216096067222739,train,0,42
blk_-7022820433383050171,train,0,42
blk_-3467937700383787021,train,0,42
blk_4872832782535343472,train,0,42
blk_-2247365975436958416,train,0,42
blk_7287953658193660051,train,0,42
blk_8508320255114044019,train,0,42
blk_-2276788278479553962,train,1,42
blk_-8385735884240614535,train,0,42
blk_5960697471024254044,train,0,42
blk_864227303988657434,train,0,42
blk_4312633668826328412,train,0,42
blk_1431703187910759930,train,0,42
blk_-2745576541198074019,train,0,42
blk_5834433671764466444,train,0,42
blk_-940029197859261967,train,0,42
blk_-9101470121976919385,train,0,42
blk_9010145946145622443,train,0,42
blk_-4017231972904117939,train,0,42
blk_4300281554336766323,train,0,42
blk_3952287930573617076,train,0,42
blk_-356221274504392067,train,0,42
blk_-2255730647115011719,train,0,42
blk_-8865803099635964577,train,0,42
blk_-4553090105896882672,train,0,42
blk_-366208370714098866,train,0,42
blk_-732596317307928649,train,0,42
blk_2590588746348769438,train,0,42
blk_-2497964126700004987,train,0,42
blk_-2010445871480920893,train,0,42
blk_-2804557646198009331,train,1,42
blk_1620239499645427932,train,0,42
blk_4958616047609491603,train,0,42
blk_-3200869736477020037,train,0,42
blk_7997992085723011897,train,0,42
blk_568708318352463512,train,0,42
blk_-3450035737635134681,train,0,42
blk_7623683062287168033,train,0,42
blk_-7927374820760869929,train,1,42
blk_1939091383816375935,train,0,42
blk_7574008839390913966,train,0,42
blk_3472076697132813875,train,0,42
blk_1874930553681957423,train,0,42
blk_-6551419070158915429,train,0,42
blk_-934664318202163312,train,0,42
blk_3610382009726188736,train,0,42
blk_4576525456900588836,train,0,42
blk_-4790919452500632518,train,0,42
blk_6728086620683470052,train,0,42
blk_-6683968855029139412,train,0,42
blk_4531223228464263060,train,0,42
blk_9136819393181970214,train,0,42
blk_853026484302333420,train,0,42
blk_-8081880134624694634,train,0,42
blk_-7605025423382129115,train,0,42
blk_-4329205702827274659,train,0,42
blk_1479524235473887592,train,0,42
blk_-1484752379733145297,train,0,42
blk_-7226196848961949292,train,0,42
blk_-2758316095276813211,train,0,42
blk_-1649780194564008035,train,0,42
blk_-4280355844943229857,train,0,42
blk_2799685276466118093,train,0,42
blk_-4841778397305499844,train,0,42
blk_-5514225771418644917,train,0,42
blk_224993231172724051,train,0,42
blk_6166115310650009934,train,0,42
blk_5275381767392400574,train,0,42
blk_-6326471691240404899,train,0,42
blk_-7137352329261029049,train,0,42
blk_3083134646039040563,train,0,42
blk_-4906912335856187106,train,0,42
blk_4281150472956109754,train,0,42
blk_-7306974378199827634,train,0,42
blk_-7433097535017753266,train,1,42
blk_-5629372052360313414,train,1,42
blk_6363890350344316006,train,0,42
blk_-1365555989283849638,train,0,42
blk_3498388253885991298,train,0,42
blk_1174720433796526039,train,0,42
blk_-180143175933261692,train,0,42
blk_-3173783688232205827,train,0,42
blk_282706429575939781,train,0,42
blk_-4355009466914629933,train,0,42
blk_4847374110805079999,train,0,42
blk_-3248677266051299053,train,0,42
blk_-5859097741656596818,train,0,42
blk_738538965698595021,train,1,42
blk_7758083350486711331,train,0,42
blk_-8037136151447755690,train,0,42
blk_7332003820526489577,train,0,42
blk_3725849441908199163,train,0,42
blk_-3675556140605837642,train,0,42
blk_-5005618994659797504,train,0,42
blk_-1500848118549668385,train,0,42
blk_-2939346702302919895,train,0,42
blk_-4273872008522168018,train,0,42
blk_-954995963951923569,train,0,42
blk_-4574040559165957031,train,0,42
blk_-2791520828444136975,train,0,42
blk_-5981946677258369803,train,0,42
blk_5289835489927946617,train,0,42
blk_-5008400858451152746,train,1,42
blk_1566169208434515375,train,0,42
blk_782034198776018983,train,0,42
blk_4260502506470956786,train,0,42
blk_-4334207586149804442,train,0,42
blk_1563705639126029852,train,0,42
blk_-5318534756940683356,train,0,42
blk_-6760574057218431604,train,0,42
blk_-4334365972590261827,train,0,42
blk_-3511633349850580826,train,0,42
blk_-2641080907528366439,train,0,42
blk_-4768712253599084618,train,0,42
blk_1040689363997657189,train,0,42
blk_5873117826850847955,train,0,42
blk_-5425220045056354067,train,0,42
blk_-1563709640396632726,train,0,42
blk_-4946932876721441751,train,0,42
blk_1098623324537152402,train,0,42
blk_2515314160825000704,train,0,42
blk_-3845424287463100299,train,0,42
blk_2698058476261772732,train,0,42
blk_3838408108517221742,train,0,42
blk_-5260362516795678452,train,0,42
blk_-5252385216881844805,train,0,42
blk_-2826629142997013163,train,0,42
blk_-294644247046137955,train,0,42
blk_-4276928239511817559,train,1,42
blk_-2004783911321036216,train,0,42
blk_9170331364130936729,train,0,42
blk_-7557158503323655640,train,0,42
blk_9147123969937387576,train,0,42
blk_-1308606749345763048,train,0,42
blk_-1208243798542276466,train,0,42
blk_5527756551890411914,train,0,42
blk_-7287239757825414592,train,0,42
blk_3479672809456888826,train,0,42
blk_3488569555011436239,train,0,42
blk_-1565309962660589691,train,0,42
blk_2913473289070892554,train,0,42
blk_-9094505498340859575,train,0,42
blk_372237600309844961,train,0,42
blk_-5070254305833944928,train,0,42
blk_3497842293732941665,train,0,42
blk_5695602056917064937,train,0,42
blk_1303826247481306863,train,0,42
blk_4011311152416902237,train,0,42
blk_9188714959856299085,train,0,42
blk_-6709249896518361402,train,0,42
blk_3264251958074644322,train,0,42
blk_-1192938374120692286,train,0,42
blk_-171582484788569342,train,0,42
blk_7543398812442097623,train,0,42
blk_-3717603615760913496,train,0,42
blk_4292860076597711574,train,0,42
blk_6667746411165084328,train,0,42
blk_5294889035423448930,train,0,42
blk_-4172965353728240729,train,0,42
blk_-8477712237999722074,train,0,42
blk_-5861932352420837131,train,0,42
blk_-6880487081577846640,train,0,42
blk_-4679249811724210001,train,0,42
blk_2095053368114000505,train,0,42
blk_4150439122279245576,train,0,42
blk_8139221275259768731,train,0,42
blk_-6339775378037357962,train,0,42
blk_-8997570052909224575,train,0,42
blk_-5801232427640415928,train,0,42
blk_7131516220065518374,train,0,42
blk_-3772916351688593415,train,0,42
blk_6925755966189734250,train,0,42
blk_7812738598478799342,train,0,42
blk_-8164277359340802573,train,0,42
blk_8644218877137931800,train,0,42
blk_-8633887377868476228,train,0,42
blk_2976531518604325867,train,0,42
blk_-4154699593303986035,train,0,42
blk_-8477837485868768159,train,0,42
blk_-1263649319582530950,train,0,42
blk_-6828116245594769467,train,0,42
blk_-7174624121771664223,train,0,42
blk_7706634519554459167,train,0,42
blk_6424750044563440725,train,0,42
blk_2171402343763457374,train,0,42
blk_-2942847669717186310,train,0,42
blk_6706240601562437869,train,0,42
blk_3341558361636247918,train,0,42
blk_-6330956270423302398,train,0,42
blk_8418344182665227719,train,0,42
blk_-28810772181630118,train,0,42
blk_-1785890333870999768,train,0,42
blk_1467283178804516246,train,0,42
blk_4188968545017731144,train,0,42
blk_-5897374308491883196,train,0,42
blk_5832886864537369780,train,0,42
blk_-7262021348969842303,train,0,42
blk_-1306911033713366346,train,1,42
blk_-5237259741308723749,train,0,42
blk_-4854546124381789356,train,0,42
blk_3912996281671367020,train,0,42
blk_-7089822965547600460,train,0,42
blk_-4594014990513347407,train,0,42
blk_1215471403219267581,train,0,42
blk_-2378240903637952226,train,0,42
blk_-3486827513914684781,train,0,42
blk_-5967279872331586813,train,0,42
blk_-7626351334986001543,train,0,42
blk_6638888483237914290,train,0,42
blk_7873829191273796681,train,0,42
blk_-4492296486376344892,train,0,42
blk_-7781649510896917719,train,0,42
blk_-6984558817638249384,train,0,42
blk_-5361185348880784519,train,0,42
blk_3303406727827343029,train,0,42
blk_8429027352038442071,train,0,42
blk_5683032143651112199,train,0,42
blk_4120089158415170030,train,0,42
blk_-8677999218794644398,train,0,42
blk_1017847393057600435,train,0,42
blk_8521983193522101986,train,0,42
blk_8039234947291548459,train,0,42
blk_1456924501735522819,train,0,42
blk_8649579022183550213,train,0,42
blk_7195232805203275694,train,0,42
blk_-5030789494551515191,train,0,42
blk_7422128927269347622,train,0,42
blk_-4335971628228418705,train,1,42
blk_-1798231659112751651,train,0,42
blk_934022378836654408,train,0,42
blk_-928764694150787948,train,0,42
blk_1247033976024742735,train,0,42
blk_8323931960216855540,train,1,42
blk_-7278602264448053604,train,0,42
blk_-4460952991351564847,train,0,42
blk_-419427289745781703,train,0,42
blk_-1613950502356546727,train,0,42
blk_-1085426462052008198,train,0,42
blk_-6069888821228799450,train,0,42
blk_6668815228115185119,train,0,42
blk_-2648737270928696752,train,0,42
blk_-257660374482156813,train,0,42
blk_1333176070460942592,train,0,42
blk_-3569762661595594791,train,0,42
blk_-5056233691998451775,train,0,42
blk_-264514092293921170,train,0,42
blk_-9124363036338104331,train,0,42
blk_5991146168551274760,train,0,42
blk_5157144758960956881,train,0,42
blk_-2426576886876322903,train,0,42
blk_-8198082055725458581,train,0,42
blk_-8823623272072389954,train,0,42
blk_-5937871995045197612,train,0,42
blk_842137286631764300,train,0,42
blk_-8702439946657214047,train,0,42
blk_6697502584104903780,train,0,42
blk_6519574240281538513,train,0,42
blk_-4039518703522399662,train,0,42
blk_-2185979746415305812,train,0,42
blk_7457392982557037,train,0,42
blk_5131108764027859124,train,0,42
blk_-2988082586173841680,train,0,42
blk_-8172753507771717522,train,0,42
blk_-6212918763221366778,train,0,42
blk_-1785449177805966669,train,0,42
blk_161860496207613362,train,0,42
blk_1306381590186806724,train,0,42
blk_-5041486608587735736,train,1,42
blk_8277538182008825766,train,0,42
blk_1190672766204015482,train,0,42
blk_7251468834194934606,train,0,42
blk_148428752747620731,train,0,42
blk_-1779458130083211077,train,0,42
blk_-8209810652976342886,train,0,42
blk_-3221798179257300810,train,0,42
blk_-6143396566064296117,train,0,42
blk_-4270352180000116793,train,0,42
blk_-2170642034845711357,train,0,42
blk_4858450607639118738,train,0,42
blk_7277966175291026920,train,0,42
blk_6750010506001822200,train,0,42
blk_7030037967302907533,train,0,42
blk_-8915796650479305337,train,0,42
blk_-662025473346777975,train,0,42
blk_2220242130662689019,train,0,42
blk_5947326960758420097,train,0,42
blk_51036620167678133,train,0,42
blk_-2299419513196438395,train,0,42
blk_5986534530131046289,train,0,42
blk_6737791175231387504,train,0,42
blk_37474499329139095,train,0,42
blk_-153276708091353842,train,0,42
blk_-8278502379933974559,train,0,42
blk_-5967251372352850581,train,0,42
blk_4209035015297378495,train,0,42
blk_7539441126393856237,train,0,42
blk_-5290915250518769203,train,0,42
blk_-838289824296599113,train,0,42
blk_-4456139033111450272,train,0,42
blk_3273746828895905292,train,0,42
blk_8173971697637855448,train,0,42
blk_-7965489980236416313,train,0,42
blk_-3681375279683516885,train,0,42
blk_3836696090492417553,train,0,42
blk_-2250999540199972224,train,0,42
blk_1449438779391404611,train,0,42
blk_-924199352413354076,train,0,42
blk_-6481586552456314976,train,0,42
blk_8683645542945081641,train,0,42
blk_2890380990654962616,train,0,42
blk_-8371574955782275189,train,0,42
blk_-2837638414065274704,train,0,42
blk_-4868380885609657502,train,0,42
blk_-2395184518795211251,train,0,42
blk_1499859151950283319,train,0,42
blk_3776054333437132770,train,0,42
blk_4367271114063425784,train,0,42
blk_7969047848839381061,train,0,42
blk_3239787552655205288,train,0,42
blk_535720656140046210,train,0,42
blk_7220899351132088131,train,0,42
blk_1045964044360411693,train,0,42
blk_8892221565963068875,train,1,42
blk_-7812182603384862065,train,0,42
blk_3464879580624525674,train,0,42
blk_745117548417101886,train,0,42
blk_-1860701817639556359,train,0,42
blk_4187720471523154345,train,0,42
blk_173800808626348272,train,0,42
blk_-6055220488074746746,train,0,42
blk_-7848533080705381237,train,0,42
blk_8299236700027948666,train,0,42
blk_5112001340707828843,train,1,42
blk_446594263649283281,train,0,42
blk_4838014007799276753,train,0,42
blk_5867051188694524596,train,0,42
blk_-158428533541982547,train,0,42
blk_-1459027177659238306,train,0,42
blk_-2222777122641642795,train,0,42
blk_4154472812722769841,train,0,42
blk_-2674965593800692937,train,0,42
blk_-3367079344188646938,train,0,42
blk_6048310833620611520,train,0,42
blk_-1514683147978227602,train,0,42
blk_8742229449928744194,train,0,42
blk_898092043092018386,train,0,42
blk_7373601489338469447,train,0,42
blk_-7815986864994775737,train,0,42
blk_2819946506195058178,train,0,42
blk_-1046395723006685833,train,0,42
blk_5120526679807778834,train,0,42
blk_-8931959883122186797,train,0,42
blk_7394389863443670459,train,0,42
blk_7326935959652045620,train,0,42
blk_-7569775193621098684,train,0,42
blk_4056136367196318868,train,0,42
blk_-2751667250720971766,train,0,42
blk_-1100431406261925431,train,0,42
blk_8654306166162092685,train,0,42
blk_7720458731587130243,train,0,42
blk_-7289917900670982046,train,0,42
blk_-838744628058578922,train,0,42
blk_3823452996704833629,train,0,42
blk_3800859978725963932,train,0,42
blk_1925826868952056663,train,0,42
blk_-9217708884109551866,train,0,42
blk_-7674255093852033541,train,0,42
blk_2563003017394516739,train,0,42
blk_-3842574953524990893,train,0,42
blk_8064364457562707223,train,0,42
blk_-7674646515635777514,train,0,42
blk_2949951960571351738,train,0,42
blk_-8520014805134433968,train,0,42
blk_-3216698364611175465,train,0,42
blk_5894249743312898507,train,0,42
blk_-8892124887109828744,train,0,42
blk_7484148353063327570,train,0,42
blk_-6731996496697856081,train,0,42
blk_-1521506556326578862,train,0,42
blk_-8205328313116362808,train,0,42
blk_12036237335410785,train,0,42
blk_-6855357460992244514,train,0,42
blk_-5476233335942154010,train,0,42
blk_7062051404571145658,train,0,42
blk_7296249929595132329,train,0,42
blk_2165878035326511271,train,0,42
blk_8012612762055466016,train,0,42
blk_-3250040554714350517,train,0,42
blk_-4694035551566263898,train,0,42
blk_1579815082179616970,train,0,42
blk_1567827079697775364,train,0,42
blk_7800164724285692227,train,0,42
blk_2779793214236523070,train,0,42
blk_-7001469464040424176,train,1,42
blk_-7466647772912315661,train,0,42
blk_2402777249117474043,train,0,42
blk_1327021609240219968,train,0,42
blk_-5530828875352283032,train,0,42
blk_-1843793659588366761,train,0,42
blk_3880748955441156004,train,0,42
blk_-9046381568253774314,train,0,42
blk_-8387318582241319714,train,0,42
blk_1131901836900265544,train,0,42
blk_5329992778912226604,train,0,42
blk_9169312597162287689,train,0,42
blk_-5069452771666747109,train,0,42
blk_4431276050833427373,train,0,42
blk_3391704993231794682,train,0,42
blk_-3974234904408631699,train,0,42
blk_-2312329801434874184,train,0,42
blk_6791589386722068161,train,1,42
blk_-3234498564075041276,train,0,42
blk_3421475753430277129,train,0,42
blk_-1617341534091896683,train,0,42
blk_-6093561511955171608,train,0,42
blk_1700137103221416135,train,0,42
blk_-4570411425678336954,train,0,42
blk_-4347981409988678685,train,1,42
blk_376266679507631293,train,0,42
blk_9171062002290960187,train,0,42
blk_2956972293695121981,train,0,42
blk_2403546945939646806,train,0,42
blk_7066667596292691905,train,0,42
blk_-7405465790818791861,train,0,42
blk_6874482130545361295,train,0,42
blk_-4510193657497080534,train,0,42
blk_-4461503367988874736,train,0,42
blk_-8821200105275173255,train,0,42
blk_-7380038706346256625,train,0,42
blk_-7953083307847345355,train,0,42
blk_-7185048475601614611,train,0,42
blk_8661295571662844225,train,0,42
blk_-4477940199305546156,train,0,42
blk_7841857783087369587,train,0,42
blk_5623018587789356359,train,1,42
blk_1156652012615581750,train,0,42
blk_5508123970361322859,train,1,42
blk_-8184533653521134173,train,0,42
blk_-7589047006680128436,train,0,42
blk_4551193118264138722,train,0,42
blk_-5270446037033991979,train,0,42
blk_511983529925340533,train,0,42
blk_-2228756091270212959,train,0,42
blk_6634622768103464535,train,0,42
blk_-8237301270213423279,train,1,42
blk_-6114710265122039800,train,0,42
blk_5016413354920897411,train,0,42
blk_7926981048695356737,train,0,42
blk_8482073521230951218,train,0,42
blk_-4100412800732393373,train,0,42
blk_1131334964241125994,train,1,42
blk_5776488788016387395,train,0,42
blk_4498162073014172351,train,0,42
blk_2022003228572079484,train,0,42
blk_7001685866182512713,train,0,42
blk_3221277813788237942,train,0,42
blk_7648057765224088223,train,0,42
blk_9156679136795524740,train,0,42
blk_236469696830644241,train,0,42
blk_2961392409034459877,train,0,42
blk_-6300027379336723890,train,0,42
blk_530543968157464656,train,0,42
blk_4765026843139860141,train,0,42
blk_-6775319877476899585,train,0,42
blk_-8368340709610034828,train,0,42
blk_7590334564687496199,train,0,42
blk_-3168437777383565856,train,0,42
blk_-4735996070810509132,train,0,42
blk_7748345869160248657,train,0,42
blk_906688010858997039,train,0,42
blk_796515754319661067,train,0,42
blk_7050038036382456642,train,0,42
blk_-8215216070819371778,train,0,42
blk_8958334536367616955,train,1,42
blk_3386568883448477305,train,0,42
blk_-4754531668022270535,train,0,42
blk_696784240534562662,train,1,42
blk_-1764915058189374603,train,0,42
blk_-2234689804004932465,train,0,42
blk_6762739091474343269,train,0,42
blk_6682070077901609858,train,0,42
blk_-6680767034546750192,train,0,42
blk_8783943580180418584,train,0,42
blk_8995384912924451946,train,0,42
blk_4172482749284001256,train,0,42
blk_-8965048639440106217,train,0,42
blk_-938371362637865826,train,0,42
blk_5036521440394267282,train,0,42
blk_-3334694645303960738,train,0,42
blk_-1972502281129098074,train,0,42
blk_3158570578522200285,train,0,42
blk_350133652713906063,train,0,42
blk_4239694308295486153,train,0,42
blk_-7021497599807454850,train,0,42
blk_1406431698286413491,train,0,42
blk_3555244834524587413,train,0,42
blk_407164959063828250,train,0,42
blk_-4582951779782471162,train,0,42
blk_2645148740516483490,train,0,42
blk_-4246985808546824430,train,0,42
blk_-92402478224895150,train,0,42
blk_-274870771838723415,train,0,42
blk_8747013997911924163,train,0,42
blk_8695483351421336847,train,0,42
blk_-6891033451803739128,train,0,42
blk_1428213513560836856,train,0,42
blk_6377546963063777979,train,0,42
blk_-8287850749743620190,train,0,42
blk_4339716986065872230,train,1,42
blk_5080812811026154776,train,0,42
blk_-7173235172233405968,train,0,42
blk_7361623660537331826,train,0,42
blk_-2437316973567833866,train,0,42
blk_-4316855901897659363,train,0,42
blk_-245904735007253445,train,0,42
blk_-1879288119759505970,train,0,42
blk_-5909208816433218171,train,0,42
blk_-6674112935500674124,train,0,42
blk_-3647365793015367663,train,0,42
blk_-8028650681301233583,train,0,42
blk_5098488362370190353,train,0,42
blk_-8302962218339767610,train,0,42
blk_7261679586155985910,train,0,42
blk_-2892115239134970808,train,0,42
blk_4053070192022791548,train,0,42
blk_7961891380418738158,train,0,42
blk_3865971031540125492,train,0,42
blk_-80460028063792559,train,0,42
blk_5897625449353924461,train,0,42
blk_3492075870625971570,train,0,42
blk_-4541987106948016838,train,0,42
blk_1452827846701836997,train,0,42
blk_-5187293568657491476,train,0,42
blk_2082829874962580740,train,0,42
blk_5537885529063125176,train,1,42
blk_-1618998496093434244,train,0,42
blk_7399477588722506615,train,0,42
blk_-4550823676755778307,train,1,42
blk_4107976920219041919,train,0,42
blk_8294920630541633011,train,0,42
blk_8426925332150248074,train,0,42
blk_-7594976866493982303,train,1,42
blk_7978458490901806244,train,0,42
blk_5105822949228925341,train,1,42
blk_-8470715512651369640,train,0,42
blk_-2109344551184674680,train,0,42
blk_1989170844761736857,train,0,42
blk_-6707139102159613446,train,1,42
blk_-8710291487292617497,train,0,42
blk_-6890435985861166121,train,0,42
blk_6133907531195154215,train,0,42
blk_-7105879717596805552,train,0,42
blk_-1189972800596754285,train,0,42
blk_-45749693051405414,train,0,42
blk_-7288603175632952954,train,0,42
blk_-3495597175040419372,train,0,42
blk_3405444340407120577,train,0,42
blk_-2252353900829599436,train,0,42
blk_8532883043281119866,train,0,42
blk_-6326086441951437444,train,0,42
blk_-1195716677651101033,train,0,42
blk_5308672717834146970,train,0,42
blk_-3104272090478066623,train,0,42
blk_6527149350215093538,train,0,42
blk_-6760663977128295600,train,0,42
blk_7470269411104484100,train,0,42
blk_-2931795813352392464,train,0,42
blk_9085214169882776880,train,0,42
blk_9183492661963204901,train,0,42
blk_-9135976976948498874,train,0,42
blk_7124087884936394164,train,0,42
blk_1969518101789493902,train,0,42
blk_-3682503057898555938,train,0,42
blk_-467621989801186250,train,0,42
blk_2486809388992107297,train,0,42
blk_1935121424988690738,train,0,42
blk_969307026900084000,train,0,42
blk_995045219036399782,train,0,42
blk_-7447948554604500491,train,1,42
blk_-4541564227969164995,train,0,42
blk_-4738393264062546806,train,0,42
blk_-9118759378110707776,train,0,42
blk_2119232454606169128,train,0,42
blk_-8148036430171586719,train,0,42
blk_-2115150001600849754,train,0,42
blk_3254543104826857487,train,0,42
blk_5581228174114596491,train,0,42
blk_-3499037015096493266,train,0,42
blk_88381706351950674,train,0,42
blk_-482548267091519858,train,0,42
blk_-2052979252350735052,train,0,42
blk_4392490641773561719,train,0,42
blk_-5596823350743817305,train,0,42
blk_3628507936189293015,train,0,42
blk_-2007368403720692183,train,0,42
blk_7970871982372785436,train,0,42
blk_-876486619425359870,train,0,42
blk_6382113204028774909,train,0,42
blk_-9093244894675685212,train,0,42
blk_1610359880321758432,train,0,42
blk_5547594020765791690,train,0,42
blk_-2539423837472202774,train,0,42
blk_-7332798744221659796,train,0,42
blk_-2797723886079940061,train,1,42
blk_8932261878452512246,train,0,42
blk_-2140107103623122011,train,0,42
blk_5847144948084554984,train,0,42
blk_4004736383603749535,train,0,42
blk_1563290999114508646,train,0,42
blk_-8954074176000299696,train,0,42
blk_7639457639371677406,train,0,42
blk_8498595397760552940,train,0,42
blk_-4647055623381091431,train,0,42
blk_-5289712843759659132,train,0,42
blk_-1622516366279573344,train,0,42
blk_-5664472344758283430,train,0,42
blk_9092249448399332225,train,0,42
blk_4958735924638902996,train,0,42
blk_437579089776379183,train,0,42
blk_-204479971854315902,train,0,42
blk_-7331957558200573184,train,0,42
blk_-2556833493590855976,train,0,42
blk_-6906898798721362236,train,0,42
blk_7044618347018786014,train,0,42
blk_-4931689810623403740,train,0,42
blk_-7256503113127767470,train,0,42
blk_-2070540376975839210,train,0,42
blk_-9134093530830584055,train,0,42
blk_128741712752520443,train,0,42
blk_4199680244117298757,train,0,42
blk_8882652967850095490,train,0,42
blk_-340238170675084689,train,0,42
blk_-3190817640810829258,train,0,42
blk_-4363691104264730592,train,0,42
blk_-6313481694346220400,train,0,42
blk_3904941287231923908,train,0,42
blk_8694256562057715561,train,0,42
blk_-8061166496520369007,train,0,42
blk_6055172615055029772,train,0,42
blk_-786692729504949914,train,0,42
blk_8024968833701488375,train,1,42
blk_2337936820218612047,train,0,42
blk_5545251648900871874,train,0,42
blk_-4152343785519903758,train,0,42
blk_8068032283442762386,train,0,42
blk_-5587482425474375916,train,0,42
blk_-8516907283895150696,train,0,42
blk_-758262908762173303,train,0,42
blk_1510933831482131506,train,0,42
blk_7968550998214402834,train,0,42
blk_-6931917865841432546,train,0,42
blk_-4707521656891168935,train,0,42
blk_2752570888133416306,train,0,42
blk_-3911807399136254326,train,0,42
blk_3813487642562383477,train,0,42
blk_109353460502749082,train,0,42
blk_580347071149797781,train,0,42
blk_7972994266078590263,train,0,42
blk_-6333612867562415438,train,0,42
blk_-8386964727851899337,train,0,42
blk_-8479936316926290258,train,0,42
blk_-5260981181819502639,train,0,42
blk_7701508013157931378,train,1,42
blk_-8485535867613521089,train,0,42
blk_-1692525411602748369,train,0,42
blk_-1634347890723199114,train,0,42
blk_6264138838925413458,train,0,42
blk_7333502469355215788,train,0,42
blk_8056206701033336908,train,0,42
blk_3869011733575331520,train,0,42
blk_-8091221806966548395,train,0,42
blk_1970438207577802809,train,0,42
blk_6999288033514660627,train,0,42
blk_6136440787674402351,train,0,42
blk_8744615703078241608,train,0,42
blk_-6375505190291234168,train,0,42
blk_9200373378931472700,train,0,42
blk_1873325847750269345,train,0,42
blk_-8187008844253719581,train,0,42
blk_1185131032705789594,train,0,42
blk_6504248269158001818,train,0,42
blk_-3159541673372894345,train,0,42
blk_-8081673251456619346,train,0,42
blk_-2282495828041355549,train,0,42
blk_3104665444374405616,train,0,42
blk_7956034043564179822,train,0,42
blk_-6629076342477243227,train,1,42
blk_2636050183937111281,train,0,42
blk_3068981131739375484,train,0,42
blk_-5283841680542663615,train,0,42
blk_-1295116080885080868,train,0,42
blk_1446474714231318536,train,0,42
blk_-3867745018365981871,train,0,42
blk_-2183946362943287072,train,0,42
blk_3790492230047189408,train,0,42
blk_5981556721844825903,train,1,42
blk_1695678988679538423,train,0,42
blk_463735956997444294,train,0,42
blk_4316597105576113316,train,0,42
blk_-2133314323188039592,train,0,42
blk_-6028267388366882527,train,0,42
blk_-8181844534014582756,train,0,42
blk_-2970516358922505939,train,0,42
blk_-2999662448460087650,train,0,42
blk_5210454491024624395,train,0,42
blk_2022941885839317572,train,0,42
blk_-5705755920636989540,train,0,42
blk_4053036151709220972,train,0,42
blk_943709029667738361,train,0,42
blk_4728797390804524237,train,0,42
blk_-2773511778635646117,train,0,42
blk_-7050387428302855656,train,0,42
blk_8930669043825626035,train,0,42
blk_-9178722783287197599,train,0,42
blk_-6804718242199469690,train,0,42
blk_-5974670585151018741,train,1,42
blk_-5385641368995269837,train,0,42
blk_-5330051392683782579,train,0,42
blk_5192499162270470797,train,0,42
blk_7737267074442996621,train,0,42
blk_-2623305996552700225,train,0,42
blk_-182906877895455356,train,0,42
blk_-1976797915571047661,train,0,42
blk_-2731950540012657196,train,0,42
blk_-6564494760360457016,train,0,42
blk_5307419173204077641,train,0,42
blk_-8980563123427181096,train,0,42
blk_4754155441400250930,train,0,42
blk_-486882509476592371,train,0,42
blk_-172209826585653074,train,1,42
blk_2855109934672098552,train,0,42
blk_-942220811250210055,train,0,42
blk_9172879409064990379,train,0,42
blk_-8012288620060064945,train,1,42
blk_-8102052287894774464,train,0,42
blk_-167203024692530379,train,0,42
blk_2475847332452665704,train,0,42
blk_4225660007374605860,train,0,42
blk_4556503435815314757,train,0,42
blk_6442043813697143296,train,0,42
blk_-2498912600542861,train,0,42
blk_5181918411316113116,train,0,42
blk_-9066941662403980654,train,0,42
blk_-3987986016035917278,train,0,42
blk_-5311815039621827949,train,0,42
blk_-6160924619338335688,train,0,42
blk_-146357307050479203,train,0,42
blk_-939652312958296008,train,0,42
blk_4415150924909204368,train,0,42
blk_-1471754882123319897,train,0,42
blk_7901284485997677750,train,0,42
blk_-3175377617081690679,train,0,42
blk_3636223632698980889,train,0,42
blk_6049045225856638151,train,0,42
blk_4703681974422383004,train,0,42
blk_-214448855901914777,train,0,42
blk_-1230184156906421887,train,0,42
blk_7224038738744041026,train,0,42
blk_3958795550832284193,train,0,42
blk_-5149092946702153384,train,0,42
blk_5411204078529947336,train,0,42
blk_-6687087726112597233,train,0,42
blk_-23003145272283130,train,0,42
blk_-3819924787667182997,train,0,42
blk_3461341595081659437,train,0,42
blk_5910422848961259537,train,0,42
blk_-2517953209126302420,train,0,42
blk_2852949029544123020,train,0,42
blk_-7381451175499210047,train,0,42
blk_-3354483973726152424,train,0,42
blk_-6103786413399767560,train,0,42
blk_-5480915216512022252,train,0,42
blk_2986342625774674263,train,0,42
blk_888035031785298428,train,0,42
blk_2660086010088853236,train,0,42
blk_7261580771510070985,train,0,42
blk_1119920236887731553,train,0,42
blk_-1617103895299517463,train,0,42
blk_4284958241861908732,train,0,42
blk_4740553727358364755,train,0,42
blk_-389583390828400459,train,1,42
blk_-8092349852121441050,train,0,42
blk_6857782747204606196,train,0,42
blk_3999280767676171026,train,0,42
blk_-8882292816091046862,train,0,42
blk_-8441087991869805586,train,0,42
blk_-6321616342968566068,train,0,42
blk_2122729764024427944,train,0,42
blk_6713359698614119665,train,0,42
blk_-3012453928038952745,train,0,42
blk_6462708193564119277,train,0,42
blk_2833096780229459183,train,0,42
blk_-4289766259006732926,train,0,42
blk_3168384545666552345,train,0,42
blk_-4668446214373338219,train,0,42
blk_3599690236068414562,train,0,42
blk_2263052353246796185,train,0,42
blk_2420785383061765812,train,0,42
blk_4313589327387974018,train,0,42
blk_1357236425083886188,train,0,42
blk_-167219738311456078,train,0,42
blk_51285563185598505,train,0,42
blk_-4852122177889052570,train,0,42
blk_-3520703019389454194,train,1,42
blk_-9117779925147144187,train,0,42
blk_-3465129789935753477,train,0,42
blk_8482111101480751895,train,0,42
blk_8722385215875147682,train,0,42
blk_-2666549999302353306,train,0,42
blk_-5097025454657803777,train,0,42
blk_2431455229823546210,train,0,42
blk_-1040633338194031004,train,0,42
blk_2525616763512829972,train,0,42
blk_-8971099574436812971,train,0,42
blk_-1486559641942361488,train,0,42
blk_-1113752062341528976,train,0,42
blk_-8726844556682901093,train,0,42
blk_-8576314171505063721,train,0,42
blk_-1850064169968298893,train,0,42
blk_-6078602100095615408,train,0,42
blk_-7880431636780973667,train,0,42
blk_-2755477036632800748,train,0,42
blk_-1246585214857775131,train,0,42
blk_-6157932932121158408,train,0,42
blk_2195629444376349630,train,0,42
blk_334382360058182882,train,0,42
blk_6946983503701774784,train,0,42
blk_5674398344354526,train,0,42
blk_-5510234811525269820,train,1,42
blk_-276602017426106181,train,0,42
blk_881562623653546501,train,0,42
blk_2564098870101160825,train,0,42
blk_6925259910865262422,train,0,42
blk_7875074239732338937,train,0,42
blk_9190740555462208788,train,0,42
blk_-2077839232438622721,train,0,42
blk_-8652022018527274898,train,0,42
blk_-594295756972681895,train,0,42
blk_7935994753383576584,train,0,42
blk_324491849542672993,train,0,42
blk_-1040630979832349350,train,0,42
blk_-8648844902822113645,train,0,42
blk_489270653486273872,train,0,42
blk_-6292514991473646041,train,0,42
blk_8515327771956648218,train,0,42
blk_2982671420270493847,train,0,42
blk_-1615968736221452936,train,0,42
blk_-4025255847755942344,train,0,42
blk_7367015707458373880,train,0,42
blk_3379758542228330068,train,0,42
blk_-1074569543625259895,train,0,42
blk_-7125409558897062777,train,0,42
blk_-3504252007226259679,train,0,42
blk_1239022479731291877,train,0,42
blk_4341462280455237873,train,0,42
blk_8162125957292708341,train,0,42
blk_-1214010963469220190,train,0,42
blk_-1676149673929428265,train,0,42
blk_761433059214565961,train,0,42
blk_6495103294560828043,train,0,42
blk_-4026925749290318695,train,0,42
blk_-8596910087602373773,train,0,42
blk_8312178136682809169,train,0,42
blk_3164411234300204664,train,0,42
blk_-1021924348541560606,train,0,42
blk_9019388939083795577,train,0,42
blk_-4807218249680124281,train,0,42
blk_-4755726438444512416,train,0,42
blk_1780927662527558413,train,1,42
blk_-5486467585085498965,train,0,42
blk_6808788586729328856,train,0,42
blk_1676426356722653906,train,0,42
blk_-1226740038369218845,train,0,42
blk_-8887379082823752686,train,0,42
blk_6585439770855545149,train,0,42
blk_3394890032510876089,train,0,42
blk_-703943474303811329,train,0,42
blk_-8666854809360370412,train,0,42
blk_-374062964032302300,train,0,42
blk_-2323704137322126039,train,0,42
blk_6209451396092277496,train,0,42
blk_7616644122627943049,train,0,42
blk_4931230678582118759,train,0,42
blk_5126880075787144095,train,0,42
blk_-8609011354896716937,train,0,42
blk_4820488330444951861,train,1,42
blk_-7138458515168946211,train,0,42
blk_450170725866294065,train,0,42
blk_6695427397819148740,train,0,42
blk_-9151758202625066423,train,0,42
blk_9175713676294145088,train,0,42
blk_-2288496814646610449,train,0,42
blk_6532076953439050202,train,0,42
blk_-4595929510865569392,train,0,42
blk_7154112051230983126,train,0,42
blk_6871106772567638020,train,0,42
blk_-7090065202453282620,train,0,42
blk_7742314985188339589,train,0,42
blk_-1272825096304980195,train,0,42
blk_-2850448215477298978,train,0,42
blk_-6673867511227782289,train,0,42
blk_3706409131230194317,train,0,42
blk_1134153451028331858,train,1,42
blk_-5583377646604367030,train,0,42
blk_1552410048681463095,train,0,42
blk_1053501646338366710,train,0,42
blk_-2854572540214799121,train,0,42
blk_7270236465465673254,train,0,42
blk_-8719992134953091410,train,0,42
blk_4755798873076535002,train,0,42
blk_-5121716341655324306,train,0,42
blk_-5811551324340236032,train,0,42
blk_-7832055538956409109,train,0,42
blk_5531778222838775067,train,0,42
blk_-3985139229260867963,train,0,42
blk_-7290085115296576084,train,0,42
blk_-1287142803314949069,train,0,42
blk_8538375059998130487,train,0,42
blk_-4808257589572473297,train,0,42
blk_-6182309129584512954,train,0,42
blk_7891264392211959577,train,0,42
blk_-8166452142899256578,train,0,42
blk_-5044999805364437716,train,0,42
blk_7052942637765153909,train,0,42
blk_4698021906642440570,train,0,42
blk_7678594099799158490,train,0,42
blk_-8829045379180537671,train,0,42
blk_-1493634015201743654,train,0,42
blk_-6116627279299084903,train,0,42
blk_-9223155031018917603,train,1,42
blk_7812004384597786144,train,0,42
blk_5590715023984445850,train,0,42
blk_-8741399368391037634,train,0,42
blk_-2021891628381573460,train,0,42
blk_2588390892665327938,train,0,42
blk_-270515429818978820,train,0,42
blk_-5177688918489206848,train,0,42
blk_-4867389928550071061,train,0,42
blk_-4553473585110051357,train,0,42
blk_-3175013949698143276,train,0,42
blk_-6245613227436255247,train,0,42
blk_-1101689761513980622,train,0,42
blk_247112447883563947,train,0,42
blk_-2812742254166624369,train,0,42
blk_1471121498663763348,train,0,42
blk_-7468648165232368145,train,0,42
blk_2889533742391274822,train,0,42
blk_-4367085345875533245,train,0,42
blk_4335482737196108897,train,0,42
blk_-1442828985434420859,train,0,42
blk_3590531564515411775,train,0,42
blk_1560144821610499114,train,0,42
blk_-8218421792925284624,train,1,42
blk_-3525998330663081930,train,0,42
blk_5747880494416656209,train,0,42
blk_8338029885779921562,train,0,42
blk_-1234714996271445557,train,0,42
blk_-6197948041359680088,train,1,42
blk_7458529122795453137,train,1,42
blk_-4543723386586074610,train,0,42
blk_4207229419423337420,train,0,42
blk_7633159985777134452,train,1,42
blk_5659336442815630131,train,0,42
blk_-3547984959929874282,train,0,42
blk_177065254522311928,train,0,42
blk_-3130852684086175727,train,0,42
blk_-654546643858392466,train,0,42
blk_4793764259130969537,train,0,42
blk_6760628212169557000,train,0,42
blk_4739221990262838175,train,0,42
blk_-4541441423659403361,train,0,42
blk_-5895054797000070445,train,0,42
blk_-253630394617077038,train,0,42
blk_-7658293778087733436,train,0,42
blk_5352681013815463124,train,1,42
blk_-8319565643884850452,train,0,42
blk_1964069129631130782,train,0,42
blk_517236834784039401,train,0,42
blk_-6737349893549214776,train,0,42
blk_3148840152803499442,train,0,42
blk_8432608606176301384,train,0,42
blk_-3750761597724603487,train,0,42
blk_7205507257418665319,train,0,42
blk_-6917441161570778752,train,0,42
blk_-8248371895911315906,train,0,42
blk_8940363094872729375,train,1,42
blk_-3778770588169644684,train,0,42
blk_1027936451696569612,train,0,42
blk_-4295270421586766014,train,0,42
blk_-1459534643687039913,train,0,42
blk_-8453774854951735138,train,0,42
blk_-1171774150454377853,train,0,42
blk_-4207358533655236793,train,0,42
blk_7198997900016245190,train,0,42
blk_-5313458072366690958,train,0,42
blk_-3639659592440127110,train,0,42
blk_3924022515709472332,train,0,42
blk_-2359528176260292225,train,0,42
blk_-3460256330512035998,train,0,42
blk_1499208039663057964,train,0,42
blk_7511772639717971983,train,1,42
blk_6346771619176813648,train,0,42
blk_-4054555421225671071,train,0,42
blk_-2653004808155891586,train,0,42
blk_4013727969750317117,train,0,42
blk_4960178364961327017,train,0,42
blk_-3293285966230793634,train,0,42
blk_-5737168410694664662,train,0,42
blk_3374027563676026542,train,0,42
blk_6584751467671907473,train,0,42
blk_3608586110823665995,train,0,42
blk_296998228123688935,train,0,42
blk_-7434527029195227790,train,1,42
blk_3808369119308267078,train,0,42
blk_856621024978398964,train,0,42
blk_986392734892781966,train,0,42
blk_1600365655952584848,train,0,42
blk_7718685255955629314,train,0,42
blk_-7954879107701827563,train,0,42
blk_4326545860126199815,train,0,42
blk_4177437890874800574,train,0,42
blk_-8136587338062317161,train,0,42
blk_1490473565543858637,train,0,42
blk_-6368825261991446208,train,0,42
blk_-5824471944671529289,train,0,42
blk_4434133169564763620,train,0,42
blk_-2643397668909015624,train,0,42
blk_7488921078937827930,train,0,42
blk_4398368308273964133,train,0,42
blk_-3828624448869538347,train,0,42
blk_5801893663171578015,train,0,42
blk_5821560504660198198,train,0,42
blk_5251491444619693046,train,0,42
blk_3809746127366505199,train,0,42
blk_4979631842586705161,train,0,42
blk_-8415732108910515018,train,0,42
blk_2163179265061651528,train,0,42
blk_-5204926824954046636,train,0,42
blk_2731030920151041604,train,0,42
blk_-534367621646189530,train,0,42
blk_3366261213364874460,train,0,42
blk_5435576209660177370,train,0,42
blk_-1541077441605739235,train,0,42
blk_1780741040853671969,train,0,42
blk_5338171412101060892,train,0,42
blk_-4002164472236898723,train,1,42
blk_-7841387604238168263,train,0,42
blk_6491668750226684560,train,0,42
blk_3761404887886276075,train,0,42
blk_7435177738282166412,train,0,42
blk_-2570044942271709234,train,0,42
blk_-8311781494424051756,train,0,42
blk_4291429347435827038,train,0,42
blk_-1306778044783195689,train,0,42
blk_8096409990759353729,train,0,42
blk_6498510594094208297,train,0,42
blk_1404267956913100828,train,0,42
blk_-3103495572164439061,train,0,42
blk_-6157001673175466772,train,0,42
blk_-1135244765086590166,train,0,42
blk_8381616561744287688,train,0,42
blk_-3347388265950079536,train,0,42
blk_8621764839783715725,train,0,42
blk_-5583570275201930346,train,1,42
blk_6728177067293102465,train,0,42
blk_-7592956408190709509,train,0,42
blk_7712038775457200296,train,0,42
blk_7083809385180352908,train,0,42
blk_-1250257280710269537,train,0,42
blk_7235938446696055800,train,1,42
blk_-6762167862107660475,train,0,42
blk_6895787521727879926,train,0,42
blk_-217366978460228560,train,0,42
blk_-8718120031541520194,train,0,42
blk_1704235708973385934,train,1,42
blk_4564627863496459925,train,0,42
blk_8608596419815609548,train,0,42
blk_-5044304632517732682,train,0,42
blk_8493539134866903426,train,0,42
blk_8522010347648777223,train,0,42
blk_-6891545597931238563,train,0,42
blk_-7108610317546462342,train,0,42
blk_-1433216551166318853,train,0,42
blk_-7939903441319033151,train,0,42
blk_-7257944162505247987,train,0,42
blk_-6318723666311797221,train,0,42
blk_-8947192106838063897,train,0,42
blk_-289596524598244309,train,0,42
blk_5980200075912321039,train,0,42
blk_2463938423783410775,train,0,42
blk_-8110651192881675793,train,0,42
blk_-1993950670787582723,train,0,42
blk_-4570781544367650630,train,1,42
blk_-6244251016950202002,train,0,42
blk_-482265269948896857,train,0,42
blk_28301492754808281,train,0,42
blk_6180570355861203029,train,1,42
blk_3399252660967856316,train,0,42
blk_-4809294830040401027,train,0,42
blk_5244331845025653129,train,0,42
blk_7017678396561999295,train,0,42
blk_2410770876214688747,train,0,42
blk_-9042759527466544487,train,0,42
blk_1407945267717165773,train,0,42
blk_-7550467066255084761,train,0,42
blk_7618121464611459853,train,0,42
blk_-1221909939319889404,train,0,42
blk_-1590709902330701366,train,0,42
blk_1616462790150175610,train,0,42
blk_-7925706738526608547,train,0,42
blk_-2201026500547365485,train,0,42
blk_4123833541684540630,train,1,42
blk_-3497726940135556778,train,0,42
blk_-4347430921175387662,train,0,42
blk_-1536733793604799409,train,1,42
blk_-2063268891898023395,train,0,42
blk_-1525928002009486795,train,0,42
blk_1680392365309447509,train,0,42
blk_-1014643285003884697,train,0,42
blk_-2131589526390349182,train,0,42
blk_355194292813536184,train,0,42
blk_2830071604150825181,train,0,42
blk_-5605983133897142441,train,1,42
blk_8520994261375412926,train,0,42
blk_2539321901037132689,train,0,42
blk_4851807438706885228,train,0,42
blk_642451084281350465,train,0,42
blk_-5829194706477844298,train,0,42
blk_-7139900348926804309,train,0,42
blk_4495602873708037722,train,1,42
blk_778249254869787385,train,0,42
blk_-7422312817857197055,train,0,42
blk_2256896483832651331,train,0,42
blk_-1919583557003561644,train,0,42
blk_2574605735502320934,train,0,42
blk_5286213667862449188,train,0,42
blk_-1214293236870205693,train,0,42
blk_8153248230806279776,train,0,42
blk_-7632082666095444252,train,0,42
blk_2248108756058577232,train,0,42
blk_-1047965998932866598,train,0,42
blk_2984766613206382992,train,0,42
blk_-788211336699420271,train,0,42
blk_-3309606337510811856,train,0,42
blk_5984640202529614106,train,0,42
blk_3927786558306270019,train,0,42
blk_-2178465105294411938,train,0,42
blk_2528337570825270798,train,0,42
blk_2997888376081397970,train,0,42
blk_4345046556683524799,train,0,42
blk_3494673187609737788,train,1,42
blk_-5687502229794819190,train,0,42
blk_1184902127004986337,train,0,42
blk_-9063136532872508885,train,0,42
blk_-1847362526324628921,train,0,42
blk_1924988014210697649,train,0,42
blk_5136791160636135226,train,0,42
blk_3449973063125288809,train,0,42
blk_-9002894287618937158,train,0,42
blk_-3674475585688170208,train,0,42
blk_-3909953952019777686,train,0,42
blk_2320477498691097561,train,1,42
blk_-5818104521536525340,train,0,42
blk_5776958066457338556,train,0,42
blk_8977807337744899234,train,0,42
blk_818762348297356348,train,0,42
blk_3962776194461034441,train,0,42
blk_4020721990286644552,train,0,42
blk_4581070264530964999,train,0,42
blk_-8080331398924235527,train,0,42
blk_5709002403815025817,train,0,42
blk_-5792810353512602703,train,0,42
blk_3126092958415911922,train,0,42
blk_5365197716891566327,train,0,42
blk_4096064360583880645,train,0,42
blk_7403356433450969563,train,0,42
blk_4887475832624463832,train,0,42
blk_6815865712010476329,train,0,42
blk_-5371063527138698733,train,0,42
blk_-6133953702405844195,train,0,42
blk_-8153316025654659240,train,0,42
blk_-8515794472727519875,train,1,42
blk_-651788027488825436,train,0,42
blk_2399651331504636195,train,0,42
blk_4609634274520073301,train,0,42
blk_4307266533225250152,train,0,42
blk_-7230527861779379907,train,0,42
blk_-4766238838407210061,train,0,42
blk_-3759628804724854528,train,0,42
blk_1041729060372477904,train,0,42
blk_-3930623718679771639,train,0,42
blk_-6848001024216110899,train,0,42
blk_-440540728013539358,train,0,42
blk_8434944652206236734,train,0,42
blk_7852012875658868029,train,0,42
blk_4675367611672672102,train,0,42
blk_-550139139962371538,train,0,42
blk_9066188798741857293,train,0,42
blk_1216258343197088959,train,0,42
blk_5308989339948485157,train,0,42
blk_6554404755430574587,train,0,42
blk_-8299607617122106757,train,0,42
blk_-9156725629894678656,train,0,42
blk_-4984504651603069357,train,0,42
blk_1411060260408148256,train,0,42
blk_-1297233847257159904,train,0,42
blk_5338171742986309217,train,0,42
blk_2308220754576271020,train,0,42
blk_7207060985575670179,train,0,42
blk_5775162999475662872,train,0,42
blk_-3519948707304590968,train,0,42
blk_980724963331023216,train,0,42
blk_409624418917637522,train,0,42
blk_-156350098574936161,train,0,42
blk_1807897120042017271,train,0,42
blk_-7288732070880198511,train,0,42
blk_-5752633728405078209,train,0,42
blk_-1427413919610893019,train,0,42
blk_-7637579542854178724,train,0,42
blk_-4194178491540872369,train,0,42
blk_4397340624283898024,train,0,42
blk_4037943122136447065,train,0,42
blk_-5246238738755886003,train,0,42
blk_-6304764140602172268,train,0,42
blk_-8616153661890962502,train,0,42
blk_5080174159850819379,train,0,42
blk_-5315356694217770563,train,0,42
blk_2852029952674915709,train,0,42
blk_241129039151366329,train,0,42
blk_-1517804870920904063,train,0,42
blk_-2654228511998607157,train,0,42
blk_-3108029792436710241,train,0,42
blk_8069399994806416113,train,0,42
blk_41497619410611176,train,0,42
blk_-2876748930379607749,train,0,42
blk_-7881858062400753702,train,0,42
blk_8461663079551321181,train,0,42
blk_-7214289590140824150,train,0,42
blk_-7472231658888444079,train,0,42
blk_5876016074861833501,train,0,42
blk_3991355234415882319,train,0,42
blk_3603319242757346461,train,0,42
blk_-750963940968892842,train,0,42
blk_1659428237427561314,train,0,42
blk_-4578477161938420863,train,0,42
blk_-2445728383714054870,train,0,42
blk_-2168714543967000432,train,0,42
blk_8859234431963991514,train,0,42
blk_1551528856200082273,train,0,42
blk_-6690740604171362884,train,0,42
blk_-3665493294506509206,train,0,42
blk_-5754272051404692089,train,0,42
blk_-3869704153082582886,train,0,42
blk_-5855762285733944829,train,0,42
blk_7404721768093861401,train,0,42
blk_2018624507296389948,train,0,42
blk_8249134095190303309,train,0,42
blk_-3069937273014044762,train,0,42
blk_-6779540554441684452,train,0,42
blk_-3742826073367661544,train,0,42
blk_6268532404463556682,train,0,42
blk_-9091805175068652112,train,0,42
blk_-728616743936197131,train,0,42
blk_6005566788238793208,train,0,42
blk_4161002257952054034,train,0,42
blk_-8299376242839426640,train,0,42
blk_-171914321349079210,train,0,42
blk_-3035588081858226540,train,0,42
blk_2267009332904130062,train,0,42
blk_6384617600348916814,train,0,42
blk_-3968581592019878019,train,0,42
blk_8862416055429617722,train,0,42
blk_900179471948362897,train,0,42
blk_-1662523188640197118,train,0,42
blk_7247364969080300762,train,0,42
blk_5839448736668002781,train,0,42
blk_-6932221506331060207,train,0,42
blk_-3125499382958288293,train,0,42
blk_-5996870488132162712,train,0,42
blk_6265436240960972357,train,0,42
blk_2889444638326032435,train,0,42
blk_3490796479040508066,train,0,42
blk_4852150300594531872,train,0,42
blk_-2566655929457669306,train,0,42
blk_517142933027268296,train,0,42
blk_2833820928513560229,train,0,42
blk_-8746431243718392820,train,0,42
blk_1530169125564737681,train,1,42
blk_8066191842451715929,train,0,42
blk_8286740651066526431,train,1,42
blk_338489929792854213,train,0,42
blk_8225095798750399743,train,0,42
blk_-1998597640433880869,train,0,42
blk_-8625199083753542555,train,0,42
blk_-6052509592278167633,train,0,42
blk_7064179351064502674,train,0,42
blk_-2499164031741428765,train,0,42
blk_353379890813922962,train,0,42
blk_-7484535709616237306,train,0,42
blk_-7482766073149257549,train,0,42
blk_7998343035561848477,train,0,42
blk_5713394973091618672,train,0,42
blk_-6934062844669447821,train,0,42
blk_-6490896599494496252,train,0,42
blk_4254339797827692345,train,0,42
blk_2893113698678473445,train,0,42
blk_7914508321312938854,train,0,42
blk_-9179190467184814843,train,0,42
blk_-8501777433782358911,train,0,42
blk_9143313296681566247,train,0,42
blk_1553394113560689073,train,0,42
blk_-3701656271079127980,train,0,42
blk_-1823405423761616709,train,0,42
blk_1799905785644801275,train,0,42
blk_-5421015846267851138,train,0,42
blk_8151896139722183340,train,0,42
blk_-4219792794201694391,train,0,42
blk_325983514050565421,train,0,42
blk_7111223916020057453,train,0,42
blk_-7311336042734543111,train,0,42
blk_4683149777914306663,train,0,42
blk_-7852127697910932694,train,0,42
blk_-7706862698464997236,train,0,42
blk_8550425473555920577,train,0,42
blk_-2715132730483545972,train,0,42
blk_-7276630574792442078,train,0,42
blk_2408148694780088999,train,0,42
blk_-99519280138809206,train,0,42
blk_-4170878910516746737,train,0,42
blk_1434541866315962888,train,0,42
blk_8567749331379453286,train,0,42
blk_6429939424480952576,train,0,42
blk_5945792541857456870,train,0,42
blk_-3973618350628869894,train,0,42
blk_-8379143775438634184,train,0,42
blk_5995282706965704367,train,0,42
blk_-1858132473423842067,train,0,42
blk_911106615084051038,train,0,42
blk_-2539742543238472246,train,0,42
blk_-3352841395342687660,train,0,42
blk_-8387046630618288207,train,0,42
blk_3860937103870844712,train,0,42
blk_-4997111485300758225,train,0,42
blk_4414668566274868629,train,0,42
blk_4778327604512369063,train,0,42
blk_2878488033903821002,train,0,42
blk_-4873357539958583430,train,0,42
blk_-350765529975161385,train,0,42
blk_5290598233847329110,train,0,42
blk_1696636181226791315,train,0,42
blk_-2517471546045973729,train,0,42
blk_373889164880272001,train,0,42
blk_7035475858885450050,train,0,42
blk_5598675251582112542,train,0,42
blk_5663074328989464423,train,0,42
blk_-7424343773747046462,train,0,42
blk_-44301103647007886,train,0,42
blk_2712526090528599017,train,0,42
blk_5159051514131466549,train,0,42
blk_-9030112753515603759,train,0,42
blk_8064247292901635984,train,0,42
blk_-4852118506910845940,train,0,42
blk_4933114718410014512,train,0,42
blk_3298508578927493561,train,0,42
blk_5439781479723436490,train,0,42
blk_4572992739474287207,train,0,42
blk_-8559193333623071162,train,0,42
blk_-1153963275088474511,train,0,42
blk_-9086896023447573813,train,0,42
blk_-1828856213569029998,train,0,42
blk_-2623009348677061619,train,0,42
blk_7892512089437196598,train,1,42
blk_-4231253312666156463,train,0,42
blk_1350562633039096722,train,0,42
blk_7314591732059612206,train,0,42
blk_-5377217581764202276,train,0,42
blk_-3837729855860588359,train,0,42
blk_4491078844891624523,train,0,42
blk_6572193633441258257,train,0,42
blk_-2104322289807344161,train,0,42
blk_7857941514789460794,train,0,42
blk_8270225695284892649,train,0,42
blk_7254702049636214179,train,0,42
blk_1446161264069885926,train,0,42
blk_-5399200443853058894,train,0,42
blk_1749675988734426525,train,0,42
blk_-4082135942439669846,train,0,42
blk_4353252308518103723,train,0,42
blk_8233370398122801734,train,0,42
blk_5653481148174312382,train,0,42
blk_-5735900949147372966,train,0,42
blk_-6079178432234918259,train,0,42
blk_8554138157197513475,train,0,42
blk_9174032323551826646,train,0,42
blk_6662066680053587031,train,0,42
blk_1270688036840901311,train,0,42
blk_6864102040879961292,train,0,42
blk_568093568982540579,train,0,42
blk_-8504340963258209619,train,0,42
blk_7705696056861002589,train,0,42
blk_-932876734715782444,train,0,42
blk_5463998143922154264,train,0,42
blk_-5476238654689246074,train,0,42
blk_4315452005494782896,train,0,42
blk_1472411127953507853,train,0,42
blk_-335916950697770625,train,0,42
blk_8400753995975705967,train,0,42
blk_8320308223491313619,train,0,42
blk_-690629890569379210,train,0,42
blk_-4396802665864850946,train,0,42
blk_-5493672817147850521,train,0,42
blk_-1925424450549570840,train,0,42
blk_-7972263599098809237,train,0,42
blk_-1979475091925274691,train,0,42
blk_-4372893315329683464,train,0,42
blk_-4573404465229763402,train,0,42
blk_-2253217894135889757,train,0,42
blk_-2968257618845339949,train,0,42
blk_-4437974043646321040,train,0,42
blk_3711816802155285609,train,0,42
blk_5619017981985939800,train,0,42
blk_8370739368478656748,train,0,42
blk_5594076970855587469,train,0,42
blk_8268794260063754154,train,0,42
blk_-7646301669193687288,train,0,42
blk_5000934345296281845,train,0,42
blk_-8985649820650353483,train,0,42
blk_1920073228531454711,train,0,42
blk_-7422966794590285918,train,0,42
blk_-2037120377049466170,train,0,42
blk_-1556494568741075283,train,0,42
blk_-9054885396832066431,train,0,42
blk_8649955409620034136,train,0,42
blk_-8716204829858843386,train,0,42
blk_-2149320841006548945,train,0,42
blk_8436494494579276872,train,0,42
blk_-4747550044514543342,train,0,42
blk_4287869288967880270,train,0,42
blk_-3843171205298471102,train,0,42
blk_3299004469458274703,train,1,42
blk_4114421313342912069,train,0,42
blk_-2057643799909242922,train,0,42
blk_924877240734913302,train,0,42
blk_7094265091490664593,train,0,42
blk_3602228094845525324,train,0,42
blk_-7928641614496582933,train,0,42
blk_7387739998563742011,train,0,42
blk_703783367407301296,train,0,42
blk_5724005932058176636,train,0,42
blk_5773187117758795629,train,0,42
blk_-511547132782225195,train,0,42
blk_-225714875361851971,train,0,42
blk_-8966528040254078303,train,0,42
blk_-7453933401858216189,train,0,42
blk_-4970759129574456187,train,0,42
blk_-6818024318185112312,train,0,42
blk_-7905177182188028123,train,0,42
blk_-2132465988319566841,train,0,42
blk_2411246621927901571,train,0,42
blk_3533664527468747542,train,0,42
blk_-3402576555945338148,train,0,42
blk_-6609502827635099430,train,0,42
blk_4381841141836696081,train,0,42
blk_4411239511756978640,train,0,42
blk_2566505645305255793,train,0,42
blk_607197254843323134,train,0,42
blk_8735185025439211389,train,0,42
blk_-1368252884496720320,train,0,42
blk_7991063942199393958,train,0,42
blk_-2870679576330766903,train,0,42
blk_7309817902064185521,train,0,42
blk_6801031398187251835,train,0,42
blk_7552806357143107609,train,0,42
blk_1484680119868922932,train,0,42
blk_-8909576433082214960,train,0,42
blk_1357734320539796410,train,0,42
blk_-2928201433363085253,train,0,42
blk_8189295183115899919,train,0,42
blk_-5980256843018632799,train,0,42
blk_8381604945512758958,train,1,42
blk_2317784245734987770,train,0,42
blk_6423796303369302296,train,0,42
blk_3593636556143142574,train,0,42
blk_-419149184680863448,train,1,42
blk_-8024292993497003691,train,0,42
blk_-8833875032391703982,train,0,42
blk_-4091016383819930346,train,0,42
blk_-8687182834896313463,train,0,42
blk_-1724119447114782765,train,0,42
blk_-2797470992284943014,train,0,42
blk_7793006135681392220,train,0,42
blk_3023430672689847688,train,0,42
blk_5103134801434264904,train,0,42
blk_1863560985186517908,train,0,42
blk_2926391272296676893,train,0,42
blk_-6050648688495432287,train,0,42
blk_8169210732476416907,train,0,42
blk_9036441575105983227,train,0,42
blk_3143148204260384786,train,0,42
blk_189833501580284635,train,0,42
blk_-4260787577866340630,train,0,42
blk_-7995585134245025622,train,0,42
blk_8681631405927244838,train,0,42
blk_6805799050457009198,train,0,42
blk_-7151599729858899685,train,0,42
blk_-5351939829681421686,train,0,42
blk_5461074579330633806,train,0,42
blk_6162742393423365510,train,0,42
blk_-3951206451997505692,train,0,42
blk_-2688264886206654911,train,0,42
blk_-349844972192552060,train,0,42
blk_2189825069410625885,train,0,42
blk_7815063453508277654,train,0,42
blk_-3494530073477319794,train,0,42
blk_-1266254956643564697,train,0,42
blk_-6320793995625293837,train,0,42
blk_-5237736966143792822,train,0,42
blk_-6443346202193135556,train,0,42
blk_-4029368701911421914,train,0,42
blk_6430501253976899932,train,0,42
blk_-3579328352621380853,train,0,42
blk_7247175127995159346,train,0,42
blk_-5682546742195368264,train,0,42
blk_3041715814484404793,train,0,42
blk_6075653077839175844,train,0,42
blk_-3195024085196150707,train,0,42
blk_-7012969906414619443,train,0,42
blk_-4107265909093636279,train,0,42
blk_603005288545695049,train,0,42
blk_9109920387766361773,train,0,42
blk_2092730549976746788,train,0,42
blk_-3785854618053063664,train,0,42
blk_2164950090944331668,train,0,42
blk_4195143116363549252,train,0,42
blk_-8183404381886167953,train,0,42
blk_895000043649032608,train,0,42
blk_5468980427521330630,train,0,42
blk_-1804543144500694019,train,0,42
blk_1133829924866622023,train,0,42
blk_-2630936687655304811,train,0,42
blk_-9064053768635448327,train,0,42
blk_4138584199964104216,train,0,42
blk_1184972950286241114,train,0,42
blk_3934667562447519545,train,0,42
blk_-6639929684730228956,train,0,42
blk_3127013365490795921,train,0,42
blk_-1931526708583168905,train,0,42
blk_3121935655070953547,train,0,42
blk_4091169320087925342,train,0,42
blk_-7855408424386378698,train,0,42
blk_-8578412564506600775,train,0,42
blk_-722635439851157255,train,0,42
blk_6502195430409073978,train,0,42
blk_-7924917181825768276,train,0,42
blk_-4820887269257167433,train,0,42
blk_3924215923243000109,train,0,42
blk_-7230873013816970847,train,0,42
blk_1610716434825050313,train,0,42
blk_-5854769084354136718,train,0,42
blk_-7628945465713712908,train,0,42
blk_1571650810770783744,train,0,42
blk_-5749309119543933902,train,0,42
blk_-3376854638438070171,train,0,42
blk_8575402112877509976,train,0,42
blk_8307264478196561282,train,0,42
blk_-6241679256763025497,train,0,42
blk_-4333040695680752964,train,0,42
blk_-8627127622405375638,train,0,42
blk_4559440710995025960,train,0,42
blk_5208417551106676012,train,0,42
blk_8349412608163309728,train,0,42
blk_-3996666401133953051,train,0,42
blk_-2578266099812814469,train,0,42
blk_-3187591980627752912,train,0,42
blk_6042992875543298678,train,0,42
blk_-2320804349578523563,train,0,42
blk_-9220604860626391374,train,0,42
blk_-4308356353931205154,train,0,42
blk_6083919303030669854,train,0,42
blk_-2778557852468176100,train,0,42
blk_3929038512298606841,train,0,42
blk_-5082458610128404517,train,1,42
blk_-1406084537071263094,train,0,42
blk_-1207955850497223080,train,0,42
blk_6767645400459589097,train,0,42
blk_3420641557739248804,train,0,42
blk_-6135333888643764092,train,0,42
blk_-1851882465828895173,train,0,42
blk_1516823578139334515,train,0,42
blk_3942072116129159942,train,0,42
blk_-7919312799942425959,train,0,42
blk_-169784051421332797,train,0,42
blk_6050441093571880250,train,0,42
blk_5658056772782749258,train,0,42
blk_-9073128458771589181,train,0,42
blk_-793257537236051499,train,0,42
blk_365604704465280721,train,0,42
blk_-3636567795455874855,train,0,42
blk_7440760961057609897,train,0,42
blk_3302823931991573496,train,0,42
blk_1907664616602687909,train,0,42
blk_6644872757343924086,train,0,42
blk_-4709269771098539081,train,0,42
blk_369565382690274407,train,0,42
blk_2000650552618021372,train,0,42
blk_-6285801267369739957,train,0,42
blk_2300579306226809647,train,0,42
blk_-1802044745802784763,train,0,42
blk_-3493370056489153037,train,0,42
blk_-5982714127695080746,train,0,42
blk_3898799746484224822,train,0,42
blk_845149587579974632,train,0,42
blk_-4708186489900656524,train,0,42
blk_-1001589563216071319,train,0,42
blk_1531709474495519334,train,0,42
blk_-3809092657455977303,train,0,42
blk_3104610950407118064,train,0,42
blk_-2098945308250513425,train,0,42
blk_-6069932024797622818,train,0,42
blk_-826742506206137263,train,0,42
blk_-7623235969361360299,train,0,42
blk_-5115922811397553249,train,0,42
blk_-8753634398713805841,train,0,42
blk_-3800025799063790969,train,0,42
blk_-6428329642560770557,train,0,42
blk_2081045114902256968,train,0,42
blk_2299433184424168109,train,0,42
blk_6260633138479076360,train,0,42
blk_7131790545480787034,train,0,42
blk_-2249036053284131685,train,0,42
blk_-1256205039857189232,train,0,42
blk_3712848125070587206,train,0,42
blk_-7231630605968080527,train,0,42
blk_1905162682279922133,train,0,42
blk_-2900382216302486596,train,0,42
blk_2678162925995746360,train,0,42
blk_-3961221813426310880,train,0,42
blk_5831265003903381077,train,0,42
blk_9002997942156690428,train,0,42
blk_4622085422006354126,train,0,42
blk_-5003638710252781160,train,0,42
blk_-3777788219544286194,train,0,42
blk_7015683649219995081,train,1,42
blk_3441079800377696343,train,0,42
blk_6026451971226705018,train,0,42
blk_1315568346765009263,train,0,42
blk_3894255538280953060,train,0,42
blk_-5727714966317181536,train,0,42
blk_-2422565096507638461,train,0,42
blk_-4750278124992720244,train,0,42
blk_3881407345075937906,train,0,42
blk_5430204346189774703,train,0,42
blk_5089802393952739107,train,0,42
blk_-3376430558855757135,train,0,42
blk_1384326698514561857,train,0,42
blk_3873653431110510031,train,0,42
blk_-6868559424220873723,train,0,42
blk_-6535612028616852378,train,0,42
blk_-2154824421083075044,train,0,42
blk_6454494073285701486,train,0,42
blk_3242229894054064344,train,0,42
blk_-5447756328873639153,train,0,42
blk_7282963644762425973,train,0,42
blk_-4431170869777797780,train,0,42
blk_3377203548989174206,train,0,42
blk_4866263424145348908,train,0,42
blk_-7723152348765720683,train,0,42
blk_6800011139611212372,train,0,42
blk_1137941538688142874,train,0,42
blk_-4861155359697547790,train,0,42
blk_4416753718814438853,train,0,42
blk_-5148175338452910884,train,0,42
blk_3326758154229168536,train,0,42
blk_3254959780996779867,train,0,42
blk_-8344679649149077741,train,0,42
blk_4290360868531367786,train,0,42
blk_-5153525874743200389,train,0,42
blk_5629960949393774702,train,0,42
blk_6562874799836632213,train,0,42
blk_-3691098438019565748,train,0,42
blk_7599575776108452958,train,0,42
blk_3520892169016933479,train,0,42
blk_-7997594326032339028,train,0,42
blk_-6525967143120157689,train,0,42
blk_-9053172498793199456,train,0,42
blk_-1480672447568765062,train,0,42
blk_-3810480848751915712,train,0,42
blk_-1577207398461615434,train,0,42
blk_-7522673215001553765,train,0,42
blk_6710887584547735195,train,0,42
blk_-916620925663042572,train,0,42
blk_8055830484181077558,train,0,42
blk_4032845139446891320,train,0,42
blk_-707769304217931014,train,0,42
blk_-2066987494970894685,train,0,42
blk_-3236134130829147072,train,0,42
blk_-4961417450138477968,train,0,42
blk_3240721328400494914,train,1,42
blk_2277005891254184705,train,0,42
blk_-8234080340753769329,train,0,42
blk_-4033003061560582879,train,0,42
blk_398746462741204879,train,0,42
blk_8538211345439328698,train,0,42
blk_3667387873269979802,train,0,42
blk_-3923770708538158912,train,0,42
blk_7373261861076057249,train,0,42
blk_3415724500473734631,train,0,42
blk_9009804114155539820,train,0,42
blk_-7172848812206261828,train,0,42
blk_7959568661321860646,train,0,42
blk_8931856168605646719,train,0,42
blk_4790568953731621368,train,0,42
blk_-7636752150837959615,train,0,42
blk_-783232260203596101,train,0,42
blk_-69995160291866157,train,0,42
blk_-9025178269555290210,train,0,42
blk_-2001655838961744133,train,0,42
blk_2981959693936627998,train,0,42
blk_21458309119550710,train,0,42
blk_8320188582581242681,train,0,42
blk_1310754802389806319,train,0,42
blk_8319125784536054396,train,0,42
blk_6772132811659433314,train,1,42
blk_7451078318360467352,train,0,42
blk_-3561743514049052904,train,0,42
blk_-7132823092392715316,train,0,42
blk_4717718498877039245,train,0,42
blk_-8640564233101712663,train,0,42
blk_-2425637271090049729,train,0,42
blk_8371625921773669240,train,0,42
blk_3689537978411989336,train,0,42
blk_5934605651080794549,train,0,42
blk_-1002610983530020625,train,0,42
blk_-3647296258006434386,train,0,42
blk_379924931401686573,train,0,42
blk_-4962463094404362916,train,0,42
blk_8894570792750770726,train,0,42
blk_3228935752043252331,train,0,42
blk_2098690780221021267,train,0,42
blk_4059027964063683478,train,0,42
blk_5756552931992612887,train,0,42
blk_-8898516733745816137,train,0,42
blk_1162570701012237870,train,0,42
blk_-7545514076309755488,train,0,42
blk_-8401584861943005677,train,0,42
blk_2966977692152605711,train,0,42
blk_5480848993750320684,train,0,42
blk_5589050248558050767,train,0,42
blk_1446369455478105369,train,0,42
blk_-2311394936199213499,train,0,42
blk_-9052792874846664481,train,0,42
blk_6044179558843561124,train,0,42
blk_-3765502600343141431,train,0,42
blk_-2480921334484362457,train,0,42
blk_-5529021756603568293,train,0,42
blk_9199923959772612069,train,0,42
blk_-6596436429356208898,train,0,42
blk_6653415866567845840,train,0,42
blk_6641065591809028329,train,0,42
blk_5563762792380079985,train,0,42
blk_-1578414245325922603,train,0,42
blk_-7706827121621398277,train,0,42
blk_5570834339236556844,train,0,42
blk_-4967163280711741910,train,0,42
blk_-9048211933996189656,train,0,42
blk_6435254932833333870,train,0,42
blk_-7826553900946178907,train,0,42
blk_2010017920106331334,train,0,42
blk_3974338121477649340,train,0,42
blk_-908844531379499109,train,1,42
blk_-6661539803563384521,train,0,42
blk_-6340544606457381957,train,0,42
blk_9147605427333431857,train,0,42
blk_1850469298687613087,train,0,42
blk_-1109886304529460942,train,0,42
blk_3581883021959219775,train,0,42
blk_2190190809360688615,train,0,42
blk_-7610716595355762525,train,0,42
blk_-5885356200298087673,train,0,42
blk_941211663156218361,train,0,42
blk_8656144107890458960,train,0,42
blk_3275450217789678657,train,0,42
blk_8484263349135952054,train,1,42
blk_-6212826506510412283,train,0,42
blk_-1925912634711175935,train,0,42
blk_7577402456386977856,train,0,42
blk_1008452238044920526,train,0,42
blk_6861776981849859756,train,1,42
blk_4968145508550603801,train,0,42
blk_-5411844332045137714,train,0,42
blk_-8517538620754774236,train,0,42
blk_8607764672721028924,train,0,42
blk_-1304539116278822605,train,0,42
blk_4358090633921615585,train,0,42
blk_-5685622967029414705,train,0,42
blk_4802349616957481564,train,0,42
blk_-6001322925659488596,train,0,42
blk_-4706753726175017087,train,0,42
blk_1815497442198223726,train,0,42
blk_1241544430606213688,train,0,42
blk_-2255119916438139830,train,0,42
blk_-4208729525530306775,train,0,42
blk_6054849017268490409,train,0,42
blk_4364475961422878528,train,0,42
blk_4001532689484447061,train,0,42
blk_6130980617072229972,train,0,42
blk_-5629519392781036384,train,0,42
blk_7565134370820705383,train,0,42
blk_5123106670215280243,train,0,42
blk_-3742851957404541743,train,0,42
blk_265308776430650724,train,0,42
blk_117045998762338255,train,0,42
blk_-4935689559059694029,train,0,42
blk_8052814481259840873,train,0,42
blk_-8499595728960434737,train,0,42
blk_5037423874735316300,train,0,42
blk_-2123408818284369323,train,0,42
blk_7222343057651170987,train,0,42
blk_-1162203561090314239,train,0,42
blk_5519497286733352491,train,0,42
blk_-6806443371734928407,train,0,42
blk_-2165968319091897410,train,0,42
blk_-504444000843421029,train,0,42
blk_150118614528763275,train,0,42
blk_-9080950628962769222,train,0,42
blk_-6788313223207723300,train,0,42
blk_2270092296664143346,train,0,42
blk_-5091966697043666353,train,0,42
blk_2801379138983770740,train,0,42
blk_-5994487508000803920,train,0,42
blk_-5614671945117807255,train,0,42
blk_-6734965843897246647,train,0,42
blk_-5018368745093942058,train,0,42
blk_-7996926340150106832,train,0,42
blk_4106404563526515972,train,0,42
blk_-6594393403327066794,train,0,42
blk_-7645151707003145669,train,1,42
blk_3685155808174475555,train,0,42
blk_576309850694934097,train,0,42
blk_3652664498151170741,train,0,42
blk_-5089490301080352000,train,0,42
blk_-4387327476031396102,train,0,42
blk_-7333376301748410633,train,0,42
blk_-6560010635015668609,train,0,42
blk_-1352122022206944648,train,0,42
blk_2494175599220458670,train,0,42
blk_7310340874006156510,train,0,42
blk_5048042002808230706,train,0,42
blk_1645896675669322203,train,0,42
blk_-3237742459956425684,train,0,42
blk_-4703842052736079495,train,0,42
blk_2824922676879522378,train,0,42
blk_-973287484127980821,train,0,42
blk_8846174963962284492,train,0,42
blk_-4174099143433403431,train,0,42
blk_5248177811021447144,train,0,42
blk_4917196935659716939,train,0,42
blk_7190148784169300876,train,0,42
blk_-3599979478336838604,train,0,42
blk_-4019151060112638930,train,0,42
blk_3182160212185964362,train,0,42
blk_-5847142684975134459,train,0,42
blk_-4954217156513645823,train,0,42
blk_-7353437529380610690,train,0,42
blk_-8928260136371069187,train,0,42
blk_-6434890848896556006,train,0,42
blk_-282863402000769046,train,0,42
blk_-3435238382443551420,train,0,42
blk_2303843247494881360,train,0,42
blk_4679774319915558858,train,0,42
blk_2582720293696499900,train,0,42
blk_1062447209623950899,train,0,42
blk_-5525138363549268400,train,0,42
blk_1352339129272138965,train,0,42
blk_-6330284185695953786,train,0,42
blk_3144278115118329599,train,0,42
blk_1663081180825590333,train,0,42
blk_8890795749554127050,train,0,42
blk_-3487025161855295465,train,1,42
blk_-806237835239928928,train,0,42
blk_-855603178154787869,train,0,42
blk_6940897543494506853,train,0,42
blk_-8023197753556677724,train,0,42
blk_5052674140308620634,train,0,42
blk_4277133098092370441,train,0,42
blk_5151424910250867349,train,0,42
blk_1424240684447291865,train,0,42
blk_-1707609251507409088,train,0,42
blk_2304193504576035250,train,0,42
blk_-1670779503674454402,train,0,42
blk_5217718884961913946,train,0,42
blk_4321622813629273189,train,0,42
blk_1854003264291149973,train,0,42
blk_-5725082457115471527,train,0,42
blk_1962377894403487652,train,0,42
blk_6604728773479221839,train,1,42
blk_-3415110918102008504,train,0,42
blk_-2708948652832173082,train,0,42
blk_6457366871768899036,train,0,42
blk_-8313730111934435932,train,0,42
blk_8036707479792268368,train,0,42
blk_2881737758074449201,train,0,42
blk_4987356972096349559,train,0,42
blk_-1892331135330420672,train,0,42
blk_3757042963589859956,train,0,42
blk_4343524905955246170,train,0,42
blk_1232442221865905051,train,0,42
blk_679159030527321729,train,0,42
blk_-5054626358851395466,train,0,42
blk_2844078620858339255,train,0,42
blk_402837386265424112,train,0,42
blk_3519209820229724270,train,0,42
blk_5734299575684981654,train,0,42
blk_8425352594135521016,train,0,42
blk_-9097840231556048461,train,0,42
blk_3604183622265223445,train,0,42
blk_3230456607878582561,train,0,42
blk_3149253042613012560,train,0,42
blk_5007669655328265001,train,0,42
blk_-3135603212367985562,train,0,42
blk_8659122616113558698,train,0,42
blk_-2577241134209361459,train,0,42
blk_4018262384737896105,train,0,42
blk_-5472234122422176405,train,0,42
blk_-7457951394345590568,train,0,42
blk_-872171310273906060,train,0,42
blk_-2369431473504772922,train,0,42
blk_4271520825022010510,train,0,42
blk_2916717362654603018,train,0,42
blk_3432104667023554398,train,0,42
blk_-6855032461715686387,train,0,42
blk_8033556442558551018,train,0,42
blk_-4267211133831041898,train,1,42
blk_-3030129338193028047,train,0,42
blk_-4776793855302651473,train,1,42
blk_4332357228451925408,train,0,42
blk_-5120237452096344754,train,0,42
blk_5463788102048971765,train,0,42
blk_-5518848692512041028,train,0,42
blk_-8223488821218097451,train,0,42
blk_7690271008596932917,train,0,42
blk_-2960077722173004125,train,1,42
blk_3169096231554502252,train,0,42
blk_5770332459344313611,train,0,42
blk_-831489445463632558,train,0,42
blk_3097050920115867336,train,0,42
blk_9048946182349321837,train,0,42
blk_3890586877981183354,train,0,42
blk_150782063702052277,train,0,42
blk_364368070795340817,train,0,42
blk_3041912164743797543,train,0,42
blk_5751965515588663666,train,0,42
blk_-5728138538142577741,train,0,42
blk_2876517888148273251,train,0,42
blk_992512549168391134,train,0,42
blk_-6754015235609818117,train,0,42
blk_3505460985581103678,train,0,42
blk_5648855499694994107,train,0,42
blk_23370432352300030,train,0,42
blk_-1632840490310324161,train,0,42
blk_-2453683809432585818,train,0,42
blk_4815249086133205032,train,0,42
blk_3793037613884852748,train,0,42
blk_5093255482376785765,train,0,42
blk_-6176532887016740211,train,0,42
blk_-5431561897037909069,train,0,42
blk_7665334430567284395,train,0,42
blk_-3188507126452209228,train,0,42
blk_1405953205060631172,train,0,42
blk_742051221244262507,train,0,42
blk_-3167440899751505137,train,0,42
blk_2745932420643026350,train,0,42
blk_-1845750798296225890,train,0,42
blk_1851071927435982111,train,0,42
blk_1942823102853263001,train,0,42
blk_8735294713446008789,train,0,42
blk_5456636618754699868,train,0,42
blk_-2172835380696201868,train,1,42
blk_-5989648540891636083,train,0,42
blk_-3530812930027604161,train,0,42
blk_1240041679162385155,train,0,42
blk_3488875034755428044,train,0,42
blk_-3439467211022331363,train,0,42
blk_-6728591710953859720,train,0,42
blk_-3077534249672279066,train,0,42
blk_-5474915000638222031,train,0,42
blk_931800729836453984,train,0,42
blk_1767641632575503914,train,0,42
blk_-1115016677973049799,train,0,42
blk_484574426834100039,train,0,42
blk_6614232036921360240,train,0,42
blk_7174240567140349982,train,0,42
blk_-8325156866335181673,train,0,42
blk_-2391507683408191909,train,0,42
blk_5526679633324685735,train,0,42
blk_-5536799554841831975,train,0,42
blk_-5476200823942283732,train,0,42
blk_-436690838582035428,train,0,42
blk_-594206205637055437,train,1,42
blk_8915198837129811274,train,0,42
blk_8719231437055318355,train,0,42
blk_8666189189161993156,train,0,42
blk_266932793913761726,train,0,42
blk_-1809084145172311438,train,0,42
blk_-8162985531439317148,train,0,42
blk_-6575071337605866977,train,0,42
blk_-6581896103164405540,train,0,42
blk_-6666283112289450571,train,0,42
blk_-3657318301883110292,train,0,42
blk_5354005292396703767,train,0,42
blk_-8100333426776371438,train,0,42
blk_1411954036626688278,train,0,42
blk_-773125562571924082,train,0,42
blk_3680762751810386629,train,0,42
blk_7687181983015141802,train,0,42
blk_-3392693292217578173,train,0,42
blk_5981395468359972234,train,0,42
blk_8742666990687016910,train,0,42
blk_-7867170242842371725,train,0,42
blk_2871113245877456455,train,0,42
blk_1960523719894722707,train,0,42
blk_1703301669028240483,train,0,42
blk_-8616866231914590948,train,0,42
blk_-4298622785145686357,train,0,42
blk_7826516276184744039,train,0,42
blk_-9104290040677780184,train,0,42
blk_1603495935782631488,train,0,42
blk_5105511584366580029,train,0,42
blk_-4499605387729939098,train,0,42
blk_2007049007631431060,train,0,42
blk_-3963239312238484594,train,0,42
blk_-5450209393626759801,train,0,42
blk_5075884678070977788,train,0,42
blk_-1672543332527397684,train,0,42
blk_-916073584214306663,train,0,42
blk_-7579358039312341422,train,0,42
blk_3759386078717500480,train,0,42
blk_-7461491130968308642,train,0,42
blk_-3407100082263121113,train,0,42
blk_-719785465879049224,train,0,42
blk_-5285291875957298037,train,0,42
blk_-3474534440576312454,train,0,42
blk_5345306826209347159,train,0,42
blk_-5059822990089368699,train,0,42
blk_4935258283200333060,train,0,42
blk_-5378767041591570448,train,0,42
blk_-5715028153296812437,train,0,42
blk_4336071339055763025,train,0,42
blk_-8767903929905419472,train,0,42
blk_-6074678240499268360,train,0,42
blk_-2958156716449438554,train,0,42
blk_9217115442538215466,train,0,42
blk_-2889347517211224302,train,0,42
blk_-9111853774148291038,train,0,42
blk_2903036639347938045,train,0,42
blk_4884265203169299309,train,0,42
blk_-8586394808519826701,train,0,42
blk_6225398183997485750,train,0,42
blk_-152587318789992668,train,0,42
blk_2990843218240492306,train,0,42
blk_-1069949854466142140,train,0,42
blk_404577037014714270,train,0,42
blk_3833455165277642367,train,0,42
blk_-132817107079165509,train,0,42
blk_-7365346926231126193,train,0,42
blk_-3139170190418141752,train,0,42
blk_5479895026532007678,train,0,42
blk_2136484137267217559,train,0,42
blk_-8856996588121452091,train,0,42
blk_4637336201647504231,train,0,42
blk_-3319064852560326977,train,0,42
blk_-8182633554784542817,train,0,42
blk_-7020432175653497468,train,0,42
blk_-3886301621577391773,train,0,42
blk_-7927625836101958789,train,0,42
blk_-6569158321489165316,train,0,42
blk_163033291319271493,train,0,42
blk_-773270740792128924,train,0,42
blk_762413083832578999,train,1,42
blk_-6027355309106843918,train,0,42
blk_6586057363966483284,train,0,42
blk_1062697897485558049,train,1,42
blk_-6467838695775879961,train,0,42
blk_-5168740662426728791,train,0,42
blk_-2713067239237592308,train,0,42
blk_-6757243657537172531,train,0,42
blk_-1775918318323367386,train,1,42
blk_-6946476668710971230,train,0,42
blk_8646308390161432344,train,0,42
blk_450482469532858151,train,0,42
blk_4751644028477116349,train,0,42
blk_4215897770077054078,train,0,42
blk_3861148302387645433,train,0,42
blk_1351632127813481582,train,0,42
blk_-5676553691705894274,train,0,42
blk_9110007607331135501,train,0,42
blk_665426827178500772,train,0,42
blk_4758330638997126272,train,0,42
blk_-3389309273857638991,train,0,42
blk_-5989570520460937407,train,0,42
blk_-3119014133632661212,train,0,42
blk_-178307654062290873,train,1,42
blk_-1965773454786705738,train,0,42
blk_356984246850198674,train,0,42
blk_-2870142826475421222,train,0,42
blk_-7050532001174731820,train,0,42
blk_5357971468584009547,train,0,42
blk_-2437611016647116167,train,0,42
blk_79104947342872170,train,0,42
blk_1647809297373456754,train,0,42
blk_-711151233628191743,train,0,42
blk_-2256891620884995658,train,1,42
blk_8520212294938556914,train,0,42
blk_-7833375709110469247,train,0,42
blk_-9157659066784815057,train,0,42
blk_-5089370600346716630,train,0,42
blk_-1166408884936672006,train,0,42
blk_8330836578373474127,train,0,42
blk_1144392338063616865,train,0,42
blk_-7947456377370651197,train,0,42
blk_-7813626770338774763,train,0,42
blk_5255354760027339584,train,0,42
blk_-9214329225348343055,train,0,42
blk_3940876107528414626,train,0,42
blk_1459656051357851801,train,0,42
blk_2371612679588757497,train,0,42
blk_4533494742320674621,train,0,42
blk_2974830617079350373,train,0,42
blk_2335699567690976329,train,0,42
blk_3493101316376911937,train,0,42
blk_-1648131660899314111,train,0,42
blk_-6633848725781577576,train,0,42
blk_-8594353833742586968,train,0,42
blk_2088881638326162990,train,0,42
blk_-2774574809692695909,train,0,42
blk_3824460356796928392,train,0,42
blk_7387532776226589043,train,0,42
blk_-5556052928841629945,train,0,42
blk_-4618719111962840764,train,0,42
blk_-8231325022490309994,train,0,42
blk_-7733647467585462184,train,0,42
blk_-3895847038855812504,train,0,42
blk_-5946652104675302880,train,0,42
blk_-2314939526994510168,train,0,42
blk_-1246816143176063831,train,0,42
blk_-6065245208972324751,train,0,42
blk_-4056197888531381305,train,0,42
blk_2719062207496467510,train,0,42
blk_4843798587984682250,train,0,42
blk_-5286153136361228409,train,0,42
blk_-5501380292389797730,train,0,42
blk_7525333079152197542,train,0,42
blk_2009785045881952714,train,0,42
blk_6289801402509176231,train,0,42
blk_7138615764362148642,train,0,42
blk_7041719932545591720,train,0,42
blk_8703204129185375999,train,0,42
blk_3942005079135242785,train,0,42
blk_-6288584319736442687,train,0,42
blk_-4431962134465962883,train,0,42
blk_4717214157398858885,train,0,42
blk_6123103484771303792,train,0,42
blk_-4302492845715309912,train,0,42
blk_7843417981392588167,train,0,42
blk_-798368200935391664,train,0,42
blk_8715348998508384037,train,1,42
blk_110540314488840460,train,0,42
blk_-7884839104994411031,train,0,42
blk_3959374338973066962,train,0,42
blk_4116103680465439026,train,0,42
blk_-1046775236551485418,train,0,42
blk_-5326782278932433034,train,0,42
blk_-3444956477662097618,train,0,42
blk_-3391182004154275610,train,0,42
blk_-6455627068168585349,train,0,42
blk_8848987543751142808,train,0,42
blk_2284893829954197907,train,0,42
blk_7166940162191810108,train,0,42
blk_5832330474775522914,train,0,42
blk_7317771007671234755,train,0,42
blk_2565203070980763228,train,0,42
blk_8515490889902184522,train,0,42
blk_-3542599209463680836,train,0,42
blk_1338726372723214537,train,0,42
blk_-5320201246514141217,train,0,42
blk_5020673513445602055,train,0,42
blk_-3240148647951657208,train,0,42
blk_3537921456188713021,train,0,42
blk_8518741957345639683,train,0,42
blk_2555602224932313128,train,0,42
blk_8761315916208304210,train,0,42
blk_8166006258822511331,train,0,42
blk_-8911168864038681932,train,0,42
blk_2010035231912331054,train,0,42
blk_-7288605837811657244,train,0,42
blk_5372335824183810800,train,0,42
blk_-1573280035923724299,train,0,42
blk_-1697973834628510836,train,0,42
blk_-1286529481669873824,train,0,42
blk_3339972090711154836,train,1,42
blk_-2966456810337459275,train,0,42
blk_-8788022016234799289,train,0,42
blk_-8939347188466010968,train,0,42
blk_2399475349034080439,train,0,42
blk_4359447439926450112,train,0,42
blk_2163614811470989114,train,0,42
blk_8067205056241257235,train,0,42
blk_1752951337068595805,train,0,42
blk_-3930122993746412325,train,0,42
blk_-5869754686419458510,train,0,42
blk_3794344028163248634,train,0,42
blk_1141226722237567576,train,0,42
blk_3806762434359981127,train,0,42
blk_-6769627718951455231,train,0,42
blk_-5588409740962792730,train,0,42
blk_5012193306794563436,train,0,42
blk_-1011929892936279607,train,0,42
blk_-6178509157725639970,train,0,42
blk_4792719860547546683,train,0,42
blk_8756399846829526422,train,0,42
blk_8802138612328178817,train,0,42
blk_67131164164562974,train,0,42
blk_5495786676497731958,train,0,42
blk_-6200902155768839269,train,0,42
blk_7283879428927616330,train,0,42
blk_6174792718232781825,train,0,42
blk_1595862493801304604,train,0,42
blk_1478938829796225974,train,0,42
blk_-9131368707895543295,train,0,42
blk_-6296806968082197253,train,1,42
blk_-8055568442642764449,train,0,42
blk_-1962594935190045679,train,1,42
blk_-1000284891202066880,train,0,42
blk_-3050788712312014717,train,0,42
blk_8896772042231735834,train,0,42
blk_-7330534224488499956,train,0,42
blk_5116687664730270911,train,0,42
blk_-2321447716123306213,train,0,42
blk_-215600978801257067,train,0,42
blk_7348026781281511207,train,0,42
blk_2228669657892566997,train,0,42
blk_-715782705472859980,train,0,42
blk_-1201318815778694289,train,0,42
blk_1767701632774343104,train,0,42
blk_-6828364064784923207,train,0,42
blk_4973247664565866714,train,0,42
blk_8170840715005808391,train,0,42
blk_-8029482319863497103,train,0,42
blk_224237279551217743,train,0,42
blk_5335348863324514949,train,0,42
blk_7674050002355683781,train,1,42
blk_3186758650509714101,train,0,42
blk_-5592816387515774759,train,0,42
blk_-1476005076306041966,train,0,42
blk_-8638570833271729441,train,0,42
blk_8640364105043867486,train,0,42
blk_-1861775359617687551,train,0,42
blk_5340643663210673937,train,0,42
blk_-8557513430918821709,train,0,42
blk_-1493016417337340127,train,0,42
blk_4043461519919961718,train,0,42
blk_5697713108805414955,train,0,42
blk_-7336484169750392060,train,0,42
blk_-7598455227360197414,train,0,42
blk_1821843778816247534,train,0,42
blk_-5612971312654282743,train,1,42
blk_4496151708795360766,train,0,42
blk_-527498461971010418,train,0,42
blk_-9015854805547784835,train,0,42
blk_1728491115243658840,train,0,42
blk_-3003683319787183608,train,0,42
blk_5623450945502161496,train,0,42
blk_-8865903483249382741,train,0,42
blk_45307972092393406,train,0,42
blk_1955511324154191472,train,0,42
blk_-6694267169214484145,train,0,42
blk_-2068875480204372393,train,0,42
blk_-6389359529686820338,train,0,42
blk_8855357076049425791,train,0,42
blk_3130904703442263026,train,0,42
blk_-8068498445681635086,train,0,42
blk_5741963754069941530,train,0,42
blk_-7033250040934568175,train,0,42
blk_-2326743990043493939,train,0,42
blk_8946859793948839067,train,0,42
blk_182561410204826689,train,0,42
blk_-5761951647728300842,train,0,42
blk_4851860447339452589,train,0,42
blk_6754317752834859590,train,0,42
blk_-6384955891883111490,train,0,42
blk_4702348913374612522,train,0,42
blk_-7030501120768683268,train,0,42
blk_1002625375408098991,train,0,42
blk_-4417768592269209640,train,0,42
blk_3625272910432370898,train,0,42
blk_5034318748285866426,train,0,42
blk_8860900303008946192,train,0,42
blk_-6758988713602463927,train,0,42
blk_-3184455890618256077,train,0,42
blk_-8299938116951629239,train,0,42
blk_-7001361952992098027,train,0,42
blk_652801027834558458,train,0,42
blk_8562408965970342823,train,0,42
blk_7937958643368089082,train,0,42
blk_4981502744489146922,train,1,42
blk_-5421598741666855308,train,0,42
blk_2081982756802112807,train,0,42
blk_7008028468852719675,train,0,42
blk_-2801534607005353255,train,0,42
blk_1786301360843994919,train,0,42
blk_-5825394716292056745,train,0,42
blk_188470841803884946,train,0,42
blk_-2865213438635080469,train,0,42
blk_-4121389362230964503,train,0,42
blk_-5981702463844868783,train,0,42
blk_2420306399165305591,train,0,42
blk_-2632774429044073208,train,0,42
blk_1468527476120125360,train,0,42
blk_2561728266752760265,train,0,42
blk_5961639076239416007,train,0,42
blk_-1782778056465523600,train,0,42
blk_-6864895766286627830,train,0,42
blk_-2979788939751176952,train,0,42
blk_-3846394729443433504,train,0,42
blk_-6227941679825862408,train,0,42
blk_-6512503567642620106,train,0,42
blk_-4276245020529493196,train,0,42
blk_-1768348889640388284,train,0,42
blk_-7990130548024975827,train,0,42
blk_8157702242513995124,train,0,42
blk_-1599640001065365437,train,0,42
blk_-4013337808122458065,train,0,42
blk_-549117892338762285,train,0,42
blk_-2063023192281531185,train,0,42
blk_8691091301293153015,train,0,42
blk_-7803500563286600605,train,0,42
blk_584984260957569094,train,0,42
blk_7165918414884640406,train,0,42
blk_-2776484261441387931,train,0,42
blk_-3826681894288947536,train,0,42
blk_4223565351220661493,train,0,42
blk_7297211911481599280,train,0,42
blk_1498079804464356054,train,0,42
blk_7381378221061412776,train,0,42
blk_-1832066381328835337,train,0,42
blk_-5141969245705822374,train,0,42
blk_682910142439735832,train,0,42
blk_3512057253354424345,train,0,42
blk_6994886863756766151,train,0,42
blk_6987092359722260759,train,0,42
blk_-7391594949639591041,train,0,42
blk_-2718728098731995856,train,0,42
blk_-1627636979482176341,train,0,42
blk_-8905233226510185220,train,0,42
blk_290517476610057530,train,0,42
blk_-6064694920736837147,train,0,42
blk_7845723374461022008,train,0,42
blk_-3334012939755894843,train,0,42
blk_-6032803155501630772,train,0,42
blk_-7170858730608972334,train,0,42
blk_8882069328633162626,train,0,42
blk_-481512394995438611,train,0,42
blk_-3043685828175713513,train,0,42
blk_1603081005762911205,train,0,42
blk_-8572324248515068747,train,0,42
blk_-3546969021613095139,train,0,42
blk_675905831758218449,train,0,42
blk_7428580627654080207,train,1,42
blk_1449131487206478635,train,0,42
blk_-2032018630407709469,train,0,42
blk_-6066725155312722671,train,0,42
blk_3182327495913635363,train,0,42
blk_-6860764972272016126,train,0,42
blk_-8570500752961904017,train,0,42
blk_2507699646140678292,train,0,42
blk_873909247636736042,train,0,42
blk_5720072966254654608,train,0,42
blk_527936255364048391,train,0,42
blk_7853426759595130897,train,0,42
blk_-1561480625284403823,train,0,42
blk_2315080236629233109,train,0,42
blk_3180220005765545389,train,0,42
blk_4635845175693588679,train,0,42
blk_7099826616829110875,train,0,42
blk_-460692178621318714,train,0,42
blk_1540851638019447141,train,0,42
blk_5868517220927475394,train,0,42
blk_1162644005124082249,train,0,42
blk_2569255926016178227,train,0,42
blk_6431235645227599954,train,0,42
blk_-7247238967667118975,train,0,42
blk_1517914303216022630,train,0,42
blk_-3055384733284068375,train,0,42
blk_7186520508969618456,train,0,42
blk_1119087784364515742,train,0,42
blk_-1117949524522839412,train,0,42
blk_2106778636619095952,train,0,42
blk_8919269016833628554,train,0,42
blk_5305287064831848196,train,0,42
blk_-1729388354124777382,train,0,42
blk_1207451127687115616,train,0,42
blk_2168026390148961323,train,0,42
blk_5714281202757008245,train,0,42
blk_-2401695946530817260,train,0,42
blk_7252622852651106131,train,0,42
blk_6887530092298176155,train,0,42
blk_-5764932641069940053,train,0,42
blk_-2450370006578546025,train,0,42
blk_-655304659411755047,train,0,42
blk_-5078932482292881652,train,0,42
blk_6088919755055943088,train,0,42
blk_-4413922901523384098,train,0,42
blk_-7129587256834315295,train,0,42
blk_-8822594875685608599,train,0,42
blk_8315884997182606541,train,0,42
blk_1236509965924877641,train,0,42
blk_-2461224037586995090,train,0,42
blk_186021212798339135,train,0,42
blk_-2306891691133338485,train,0,42
blk_1706490566086982174,train,0,42
blk_-6907286134444303652,train,0,42
blk_6606958134558518819,train,0,42
blk_2192774194244455260,train,0,42
blk_428500102111205822,train,0,42
blk_6229073743728932467,train,0,42
blk_1848268080712475537,train,0,42
blk_2877872397208589852,train,1,42
blk_7770887952062640491,train,0,42
blk_9182760104889753185,train,0,42
blk_3210216676069322660,train,0,42
blk_-5962524230207559997,train,0,42
blk_-7537166552329078799,train,0,42
blk_4518764797313063287,train,0,42
blk_8030891372929915551,train,0,42
blk_-5426649095373244160,train,0,42
blk_921939410308417112,train,0,42
blk_1206247414395654489,train,0,42
blk_1842998395152004208,train,0,42
blk_8758552847676554886,train,0,42
blk_-3471299439408232818,train,0,42
blk_-8521977805876941822,train,0,42
blk_-6955268657543573065,train,0,42
blk_1819517251906838144,train,0,42
blk_-7314135166278291705,train,0,42
blk_-5026602276878015880,train,0,42
blk_5091873295725302391,train,0,42
blk_3624852332441564031,train,0,42
blk_8276326128311902652,train,0,42
blk_7459295383932780458,train,0,42
blk_3899758620098320435,train,0,42
blk_-146447758599856771,train,0,42
blk_6734405405832318572,train,0,42
blk_-1718338994181400360,train,0,42
blk_3703490127872344384,train,0,42
blk_-7647824253089094186,train,0,42
blk_-1679349869351860756,train,0,42
blk_3893165049511516105,train,0,42
blk_-6680403556850857156,train,0,42
blk_-4963088627839220242,train,0,42
blk_4191712586702384120,train,0,42
blk_-5242320762088485687,train,0,42
blk_4716150605449810000,train,0,42
blk_7353003151422467289,train,0,42
blk_-4572995819277391902,train,0,42
blk_-7707904632033381717,train,0,42
blk_3727632779370316424,train,0,42
blk_-8268217266928161387,train,0,42
blk_4064705060468227148,train,0,42
blk_-389737783684799146,train,0,42
blk_-5052433560201696705,train,0,42
blk_-843928310369129260,train,0,42
blk_6901079272275845793,train,0,42
blk_8474861266894777623,train,1,42
blk_-2668151131956207161,train,0,42
blk_1016217362415694480,train,0,42
blk_4193546219503022735,train,0,42
blk_-2728335468719975966,train,0,42
blk_7481776928368888147,train,0,42
blk_190649775116757209,train,0,42
blk_4186155710941657017,train,0,42
blk_-1668415627828362827,train,0,42
blk_5281429719151027010,train,0,42
blk_-1908590489368281896,train,0,42
blk_2719774147765511960,train,0,42
blk_-3880010577030411753,train,1,42
blk_5908970888495924460,train,0,42
blk_7288262060889546321,train,0,42
blk_-580063833450232457,train,0,42
blk_-1844077663027038277,train,0,42
blk_-3081374208103896561,train,0,42
blk_-3394794393306339046,train,0,42
blk_5602019183456843169,train,0,42
blk_-3716193914617427935,train,0,42
blk_2815619362386908022,train,0,42
blk_-1616902620195877533,train,0,42
blk_-3022705752223172357,train,0,42
blk_5684104193081034637,train,0,42
blk_7915152574701140208,train,0,42
blk_-8669650783452038952,train,0,42
blk_-791008662589520679,train,0,42
blk_5277294761252231609,train,0,42
blk_7366151848509456684,train,1,42
blk_-7932295520030472234,train,0,42
blk_3594556402986373540,train,0,42
blk_-2801735164239240159,train,0,42
blk_5177186252646323012,train,0,42
blk_-7370657678741519996,train,0,42
blk_-4005194291144786845,train,0,42
blk_-7540964701977010526,train,0,42
blk_-5406734692070911587,train,0,42
blk_-5449104604513108346,train,0,42
blk_-7509838584445073152,train,0,42
blk_7331669905073792391,train,0,42
blk_4372687341804478846,train,0,42
blk_-2569325472900279038,train,0,42
blk_8475937439859832594,train,0,42
blk_8526370873069528030,train,0,42
blk_6720404314997765159,train,0,42
blk_5982011207213462082,train,0,42
blk_7413958905207418593,train,0,42
blk_-3040791477419412508,train,0,42
blk_4149033116021342202,train,0,42
blk_-8866279675237319398,train,0,42
blk_4059353376229491321,train,0,42
blk_6621912845362672602,train,0,42
blk_-1951964206636867866,train,0,42
blk_-725852843921075573,train,0,42
blk_7745162340224906368,train,0,42
blk_5043934000410923115,train,0,42
blk_-3780007573695311202,train,0,42
blk_2386661629156871318,train,0,42
blk_-4299718991445060423,train,0,42
blk_1814071525813227019,train,0,42
blk_-7909483366486604111,train,0,42
blk_4874367243854906872,train,0,42
blk_-133718261021271925,train,0,42
blk_1481617981195734025,train,1,42
blk_5880082965516748378,train,0,42
blk_-2940671814451640943,train,0,42
blk_-5942301351524513081,train,0,42
blk_4971364520061163479,train,0,42
blk_9108821787496730762,train,0,42
blk_-6228383793131547916,train,0,42
blk_7752641987538231399,train,0,42
blk_-2306395545495734429,train,0,42
blk_553763850172112759,train,0,42
blk_441075858304066987,train,0,42
blk_9113502853794122698,train,1,42
blk_-6151143365879088898,train,0,42
blk_4881711424273912247,train,0,42
blk_-4811476425441638210,train,0,42
blk_849238450113913144,train,0,42
blk_-4568845637173806959,train,0,42
blk_-5576707269369576982,train,0,42
blk_3377847228954528221,train,0,42
blk_8847986407333250781,train,0,42
blk_137894359678039473,train,0,42
blk_-8669618160923835573,train,0,42
blk_8525640574021700710,train,0,42
blk_-3127903022980117246,train,0,42
blk_-5669311659842569826,train,0,42
blk_5223062207778478333,train,0,42
blk_-5116994194268116747,train,0,42
blk_-7562341858736803382,train,0,42
blk_-7486734823285043344,train,0,42
blk_-4742275317782648255,train,0,42
blk_-7667417209393167541,train,0,42
blk_6102423458148472530,train,0,42
blk_-5775855855237813059,train,0,42
blk_4127621413352458667,train,0,42
blk_-2345539936376354055,train,0,42
blk_8320019109219561594,train,0,42
blk_4734531477309580034,train,0,42
blk_7606019272539977822,train,0,42
blk_-7571000066356483996,train,0,42
blk_-5070654622222186355,train,0,42
blk_-4429403945712862839,train,0,42
blk_-3618142362302884085,train,0,42
blk_7986275616730177669,train,0,42
blk_-1571056380425571941,train,0,42
blk_8382596804779311995,train,0,42
blk_2292754097963039167,train,0,42
blk_-9202076130810448681,train,0,42
blk_-6477709376466107478,train,0,42
blk_8926131105797896328,train,0,42
blk_5566842935760786094,train,0,42
blk_2325025861906335329,train,0,42
blk_-3162436769098909010,train,0,42
blk_7343670664648626253,train,1,42
blk_6074720759490109356,train,0,42
blk_5454471465522877600,train,0,42
blk_-4433322451076878364,train,0,42
blk_7745364604958595274,train,0,42
blk_-6390904315275632834,train,0,42
blk_9182267430703070080,train,1,42
blk_1412455413876894342,train,0,42
blk_335844823952430000,train,0,42
blk_9003653204884909969,train,0,42
blk_-8719672437922359635,train,0,42
blk_7612236516867286698,train,0,42
blk_-7059913379605976431,train,1,42
blk_7024773250227676787,train,0,42
blk_5662715610718248690,train,0,42
blk_5380968200583220623,train,1,42
blk_5696152620472206538,train,0,42
blk_3038120915553683467,train,0,42
blk_814075693085036770,train,0,42
blk_-7101263822979213781,train,0,42
blk_-9042426487858309636,train,0,42
blk_4068061750460521028,train,0,42
blk_1093869460800886352,train,0,42
blk_-3686250268037424992,train,0,42
blk_-5682825684661435613,train,0,42
blk_-3362229615004515636,train,0,42
blk_-5565941365068735261,train,0,42
blk_804001652968450496,train,0,42
blk_-577942680159434209,train,0,42
blk_-6352264075854377667,train,0,42
blk_-7469429357079660750,train,0,42
blk_-1147520964768395828,train,0,42
blk_-7525640273867076140,train,0,42
blk_8653492665791739563,train,0,42
blk_3346619209125647054,train,0,42
blk_-8942529345238344353,train,0,42
blk_-7011790180728290281,train,0,42
blk_-6238831979541005956,train,0,42
blk_-2889529690261634297,train,0,42
blk_5948789952277033211,train,0,42
blk_-833464753237010579,train,0,42
blk_-1231245559701387773,train,0,42
blk_7589426807731089676,train,0,42
blk_-3492530829605856554,train,0,42
blk_-636389768657740220,train,0,42
blk_7610485384285763242,train,0,42
blk_6113981639025161901,train,0,42
blk_-8886404043217486129,train,0,42
blk_8054780929229538579,train,0,42
blk_6234469092330338201,train,1,42
blk_5646876596701058426,train,0,42
blk_-4747239833826097739,train,0,42
blk_803917692792746187,train,0,42
blk_-9012808901847879439,train,0,42
blk_-77188403661840648,train,0,42
blk_8048447256400675627,train,0,42
blk_7134055780319294377,train,0,42
blk_-4727810703905732419,train,0,42
blk_8734612231246186680,train,0,42
blk_5285417066729018450,train,0,42
blk_-196344966893825344,train,0,42
blk_1205760247228672657,train,0,42
blk_4356912663669787607,train,0,42
blk_5983553038823088240,train,0,42
blk_8527081345580137078,train,0,42
blk_2361777294329744602,train,0,42
blk_-4657423175636611807,train,0,42
blk_7521924297150168275,train,0,42
blk_5814295912539566199,train,0,42
blk_5070474722917997270,train,0,42
blk_5609778399741538462,train,0,42
blk_-4895531484191037687,train,0,42
blk_9114944841662794818,train,0,42
blk_9218324819479313149,train,0,42
blk_3093416514968114631,train,0,42
blk_-7937949177053030138,train,0,42
blk_-1306643521079760126,train,0,42
blk_-1540090586584562487,train,0,42
blk_2527345340169657269,train,0,42
blk_1375220732494214449,train,0,42
blk_-6493534619013452441,train,0,42
blk_1399282142110171580,train,1,42
blk_-4741879304222139891,train,0,42
blk_7266154889649837071,train,0,42
blk_-1404461139532161802,train,0,42
blk_9099197209995010920,train,0,42
blk_4270730572468720637,train,0,42
blk_8198484612136615239,train,0,42
blk_4873336096767587933,train,0,42
blk_2774970352925002509,train,0,42
blk_-4988220074845716738,train,0,42
blk_7629080558797023718,train,0,42
blk_-7503200367310195968,train,0,42
blk_7514859720976130078,train,0,42
blk_-621939360330875779,train,0,42
blk_7635364516918345382,train,0,42
blk_953352755718365136,train,0,42
blk_8144333018600708259,train,0,42
blk_-3690555171217485991,train,0,42
blk_3379716156932016462,train,0,42
blk_6626181791669197818,train,0,42
blk_-2873273133300499314,train,0,42
blk_5281986282974581602,train,0,42
blk_5971922038478556270,train,0,42
blk_-2564474675486324988,train,0,42
blk_7091122944175572517,train,0,42
blk_-7124507913431489362,train,0,42
blk_8306080037175842988,train,0,42
blk_7894840799400824274,train,0,42
blk_4917254796010965059,train,0,42
blk_1210113013033304847,train,0,42
blk_-407128211100847456,train,0,42
blk_-4784325698342172985,train,0,42
blk_8276967595226596082,train,0,42
blk_-913648331342871550,train,0,42
blk_-4914763059105234131,train,0,42
blk_317874351559327511,train,0,42
blk_-5851456353951723382,train,0,42
blk_-7109744378946144256,train,0,42
blk_-4837505964050305041,train,0,42
blk_6850317223360134558,train,0,42
blk_-913508145022034757,train,0,42
blk_-639184979401254828,train,0,42
blk_6992353414110470430,train,0,42
blk_4039674079815898379,train,0,42
blk_-940519573118431316,train,0,42
blk_3224381540849814448,train,0,42
blk_-330666993640767080,train,0,42
blk_2834623082968055721,train,0,42
blk_-3813720000270774402,train,0,42
blk_756027562672867505,train,0,42
blk_-8933399496909382537,train,0,42
blk_-6469238509535909856,train,0,42
blk_-3192982481072236373,train,0,42
blk_-7422323402456836314,train,0,42
blk_-134392438178706891,train,0,42
blk_754144631041774683,train,0,42
blk_-6997619024050285282,train,0,42
blk_-7342458187697685835,train,0,42
blk_-5614885635692602848,train,0,42
blk_-7414185150215079036,train,0,42
blk_-2062679672454256068,train,0,42
blk_2999809473716804070,train,0,42
blk_995792073850701698,train,0,42
blk_-7707908292170040251,train,0,42
blk_7642175395004312657,train,0,42
blk_4088794431372743783,train,0,42
blk_-5917569351004690129,train,0,42
blk_-4179265738106746837,train,0,42
blk_-1659668963035264143,train,0,42
blk_-6778845328609388621,train,0,42
blk_-4559146721860498141,train,0,42
blk_-7103499525732623408,train,0,42
blk_-6813016923830750372,train,0,42
blk_-6740108404738674598,train,0,42
blk_-175227176771901956,train,0,42
blk_-9147555689542247083,train,0,42
blk_2873968755439459211,train,1,42
blk_-2116931829411006419,train,0,42
blk_-3922813227979769917,train,0,42
blk_-6459274395143985849,train,0,42
blk_2804684770876608100,train,0,42
blk_-8711583699077192712,train,0,42
blk_-4788986247531823538,train,0,42
blk_8544586153561004888,train,0,42
blk_-4680237021730107601,train,0,42
blk_6762396996077140797,train,0,42
blk_2997195880509559958,train,0,42
blk_8705844281664763058,train,0,42
blk_250177602591077892,train,0,42
blk_2772965700744838492,train,0,42
blk_6585215821766845955,train,0,42
blk_-7606052495783116793,train,0,42
blk_-6833003069834508739,train,0,42
blk_4392843479384987788,train,0,42
blk_4321477274390437764,train,0,42
blk_3564114652650961071,train,0,42
blk_-1235852843366413155,train,0,42
blk_-3419111166396812722,train,0,42
blk_-8243589780065209581,train,0,42
blk_2272914907854075189,train,0,42
blk_-8939768976183322354,train,0,42
blk_9177155935181839945,train,0,42
blk_5880666880962020197,train,0,42
blk_7079069185434534876,train,0,42
blk_-5073084157349445454,train,0,42
blk_-6054029964897684000,train,0,42
blk_-5686987311296583550,train,0,42
blk_-7976911546963626576,train,0,42
blk_2312063214263198575,train,0,42
blk_1921826052589833960,train,0,42
blk_-2740570604586701246,train,0,42
blk_7732129674247353714,train,0,42
blk_2804586219489299948,train,0,42
blk_-7773468867018954459,train,0,42
blk_-8513132678610565327,train,0,42
blk_8667701139139688458,train,0,42
blk_1039375000240288006,train,0,42
blk_8163495679970047419,train,0,42
blk_7083860992349495152,train,0,42
blk_6260385935055328772,train,0,42
blk_1157164892560369637,train,0,42
blk_-4806270993701460162,train,0,42
blk_3567376832236762775,train,0,42
blk_-5024301989018709609,train,0,42
blk_-1388241546915789147,train,0,42
blk_3989356532526938118,train,0,42
blk_7781605175383973050,train,0,42
blk_-1998700088527099036,train,0,42
blk_-897102215095000168,train,0,42
blk_5834494981581989773,train,0,42
blk_9078538867352783293,train,0,42
blk_3693912965210695187,train,0,42
blk_4643178264069192919,train,0,42
blk_-5202270191020778379,train,0,42
blk_-4882993733926712720,train,0,42
blk_-6468194941264375456,train,0,42
blk_6570382655081694653,train,0,42
blk_-7030002303835148802,train,0,42
blk_5229050072408862010,train,0,42
blk_1914880892165468730,train,0,42
blk_3398979171577166483,train,0,42
blk_4943066813274705331,train,0,42
blk_6128426977409878335,train,0,42
blk_-8742341918926222807,train,0,42
blk_-992778761429229358,train,0,42
blk_6529566954301247716,train,0,42
blk_584092491957322893,train,0,42
blk_-407777932831203029,train,0,42
blk_2139719880633771798,train,0,42
blk_-7061135466081374134,train,0,42
blk_5702622988659597467,train,1,42
blk_-5423994701939394164,train,0,42
blk_-468050962067568298,train,0,42
blk_-1718517884909149520,train,0,42
blk_-4266326289890198514,train,0,42
blk_-7770740170298452340,train,0,42
blk_8317851284511962614,train,0,42
blk_-3033281434362726956,train,0,42
blk_2964788041254027440,train,0,42
blk_-4990013017050509360,train,0,42
blk_8503773024155867970,train,0,42
blk_-5689846810870820106,train,0,42
blk_-5970211370538420402,train,0,42
blk_2402803711835365584,train,0,42
blk_-2051257965114178231,train,0,42
blk_-4667463954785856888,train,0,42
blk_5176030863543361378,train,0,42
blk_4288908505719549758,train,0,42
blk_-1180225986473422467,train,0,42
blk_-8878198817039144658,train,0,42
blk_5084394068075301747,train,0,42
blk_3118547439420866210,train,0,42
blk_7909235475481093516,train,0,42
blk_-2439980360047057436,train,0,42
blk_1419958603415500769,train,0,42
blk_6440713718522410814,train,0,42
blk_7525549991091264172,train,1,42
blk_-9100732118776716586,train,0,42
blk_3318272536217754107,train,0,42
blk_5964447791862059776,train,0,42
blk_-7413349124861754127,train,0,42
blk_2447217633763656536,train,0,42
blk_392285147111135998,train,0,42
blk_-5594052927308607401,train,0,42
blk_3059456351818496664,train,0,42
blk_-5497242517779707277,train,0,42
blk_6867003528554585409,train,0,42
blk_-2361367652668444747,train,0,42
blk_-1441518758720380959,train,0,42
blk_1907137694116551249,train,0,42
blk_-3877931042199670297,train,0,42
blk_7754092042463887393,train,0,42
blk_308918208346894779,train,0,42
blk_-5897598024269570129,train,0,42
blk_5975489565957077747,train,0,42
blk_-4684940907775952632,train,0,42
blk_675913672894540524,train,0,42
blk_-7622565645455952506,train,0,42
blk_7992590064426166673,train,0,42
blk_2511263393025745798,train,0,42
blk_4165837164472029013,train,0,42
blk_-6786617905702375629,train,0,42
blk_-8822582119709865851,train,0,42
blk_-420377877056394193,train,0,42
blk_191376005778070461,train,0,42
blk_-4515784135269553945,train,0,42
blk_110474997093694104,train,0,42
blk_-1613399423488820044,train,0,42
blk_-3338836709016774659,train,0,42
blk_3779886706598253414,train,0,42
blk_2613496107245188954,train,0,42
blk_-7446132325464389863,train,0,42
blk_2658062616893511204,train,0,42
blk_-4666298236549803805,train,0,42
blk_593577494946560597,train,0,42
blk_4765102945830306576,train,0,42
blk_-2629164123124534108,train,0,42
blk_-1205205049583679637,train,0,42
blk_-6483228916605727865,train,0,42
blk_-4613069713715341198,train,0,42
blk_-588715531594141193,train,0,42
blk_-6838540431443275618,train,0,42
blk_8191216387556223156,train,0,42
blk_3549673132026629537,train,0,42
blk_-3301633225018562263,train,0,42
blk_3353137137635480874,train,0,42
blk_-951380939500670681,train,0,42
blk_4780157545700654594,train,0,42
blk_6466068017870777598,train,0,42
blk_-6756860876060061468,train,0,42
blk_4240316565027571911,train,0,42
blk_-6008040660768791630,train,0,42
blk_-1677392065299710361,train,0,42
blk_7253560293905165265,train,0,42
blk_-2728859997144532275,train,0,42
blk_-2345336990942182192,train,0,42
blk_-1058551196238773797,train,0,42
blk_-5795272626967366270,train,0,42
blk_5403509497378143036,train,0,42
blk_-8279989117790161419,train,0,42
blk_7269849474569926841,train,0,42
blk_-4047415149185623920,train,0,42
blk_-6577268981405935868,train,0,42
blk_-2871593618170898079,train,0,42
blk_2572289387888887808,train,0,42
blk_8090455836141002356,train,0,42
blk_-5428003797040228413,train,0,42
blk_1113826837041929719,train,0,42
blk_7496230489802855247,train,0,42
blk_-1551499172298782327,train,0,42
blk_-8799321677542340218,train,0,42
blk_1060140331145355434,train,0,42
blk_-352865859496207361,train,0,42
blk_1521546404352281557,train,0,42
blk_-2431404697854737863,train,0,42
blk_6881216037013929188,train,0,42
blk_623701623279563971,train,0,42
blk_1956729537759030051,train,0,42
blk_2075103739835215461,train,0,42
blk_7316389305414866595,train,0,42
blk_-4077789403960046085,train,0,42
blk_855795355468482771,train,0,42
blk_-469200284291057601,train,0,42
blk_7434945274686130378,train,0,42
blk_1772967159733571910,train,0,42
blk_-6254356302632224899,train,0,42
blk_-1156154852429524997,train,0,42
blk_-2026485615807456438,train,0,42
blk_5402591043203930720,train,0,42
blk_-7623614226799341741,train,0,42
blk_-4936927997058767480,train,0,42
blk_-2853083911258744933,train,0,42
blk_3797344729775456304,train,0,42
blk_2892229922620101173,train,0,42
blk_1790730479243967090,train,0,42
blk_1272236532258728736,train,0,42
blk_4080052231206399592,train,0,42
blk_-6480732499817297489,train,0,42
blk_-1559364365291119220,train,0,42
blk_6349209380835117070,train,0,42
blk_-8450873951150693519,train,0,42
blk_5666250718191968774,train,0,42
blk_259096930929921305,train,0,42
blk_-125077026158924434,train,0,42
blk_738228431848936121,train,0,42
blk_-7794909936380051426,train,0,42
blk_4572518620028803882,train,0,42
blk_4616255042101139683,train,0,42
blk_-6687838225394396571,train,0,42
blk_-3770825776782026682,train,0,42
blk_8847425559587909466,train,0,42
blk_-4285350283119468612,train,1,42
blk_5911100176437906632,train,0,42
blk_-9142357862914068309,train,0,42
blk_-6127414400490405888,train,0,42
blk_7429449236125222054,train,0,42
blk_7883377799732750058,train,0,42
blk_591046705297534848,train,0,42
blk_-4284589272809319552,train,0,42
blk_7183169257270279924,train,0,42
blk_-6904667299310570388,train,0,42
blk_-4705756597820270550,train,0,42
blk_3585188337726547760,train,0,42
blk_-7447050437630508339,train,0,42
blk_-561405563954873635,train,0,42
blk_-5207304931436866514,train,0,42
blk_-6532676642534189619,train,0,42
blk_-2944760438671723218,train,0,42
blk_-4504951698465038848,train,0,42
blk_7258817732486810409,train,0,42
blk_-1727402760256076335,train,0,42
blk_729697845229940208,train,0,42
blk_7314058601703128329,train,0,42
blk_4458544425105687212,train,0,42
blk_-114511671688076321,train,0,42
blk_-8651342878533760181,train,0,42
blk_-6594288679997265361,train,0,42
blk_-6484492963833312834,train,0,42
blk_-3793517179485403689,train,0,42
blk_7140191580061461005,train,1,42
blk_-8312866097628426406,train,0,42
blk_666622142639953785,train,0,42
blk_-5459437436635188802,train,0,42
blk_-4430917088478352770,train,0,42
blk_-5659470631646894380,train,0,42
blk_-8265040234943412341,train,0,42
blk_-8855745822285086457,train,0,42
blk_2465967146168176852,train,0,42
blk_-1377601485577623434,train,0,42
blk_-4474313654547813575,train,0,42
blk_-1769043415414220835,train,0,42
blk_1830574216470966716,train,0,42
blk_571618381493645061,train,0,42
blk_6509737269124007468,train,0,42
blk_-3053638513220329431,train,0,42
blk_-4830765066565964375,train,0,42
blk_7791436945532878223,train,0,42
blk_-8520704505626084403,train,0,42
blk_-4256664297596630817,train,0,42
blk_-8556900827767839686,train,0,42
blk_-6851201016044892557,train,0,42
blk_8789607956113235041,train,0,42
blk_-2117379985746686572,train,0,42
blk_4325338550122186090,train,0,42
blk_-4360687635899644969,train,0,42
blk_5183820998847042991,train,0,42
blk_-5842534757312396634,train,0,42
blk_-5387037769096777151,train,0,42
blk_7859489979996556107,train,0,42
blk_8897645960277401081,train,1,42
blk_-4667062438971116478,train,0,42
blk_2493156224880501884,train,0,42
blk_-3812358412124054925,train,1,42
blk_2229542216031969836,train,0,42
blk_-5424951053820672038,train,0,42
blk_-3560546488331426118,train,0,42
blk_-8768081008596159510,train,0,42
blk_4723750232634180465,train,0,42
blk_4277371861979017728,train,0,42
blk_-8031702568932158639,train,0,42
blk_5549657125937490872,train,0,42
blk_-2765662396601080735,train,0,42
blk_-6205043345632006633,train,0,42
blk_-1038666302875698734,train,0,42
blk_-3345713081420774371,train,0,42
blk_8260959608288040295,train,0,42
blk_544856930148218062,train,0,42
blk_-8330397698457248612,train,0,42
blk_-3424869561752225556,train,0,42
blk_405924498416120019,train,0,42
blk_4014559757905026170,train,0,42
blk_-8892423623458118463,train,0,42
blk_-9097197392219425441,train,0,42
blk_3320878999824815370,train,0,42
blk_6003270659177998376,train,0,42
blk_1664149789261532581,train,0,42
blk_9128939391119796205,train,1,42
blk_-5674071092254583973,train,0,42
blk_6520296363899473492,train,0,42
blk_-5561227004498472461,train,1,42
blk_-6445607860438412079,train,0,42
blk_-5911464261007795653,train,0,42
blk_4583708687068883918,train,0,42
blk_-8545270015795090197,train,0,42
blk_8810087874636901755,train,0,42
blk_7854847720724248090,train,0,42
blk_8262988763161228001,train,1,42
blk_-1092796867841107393,train,0,42
blk_7166824959768035490,train,0,42
blk_7905311493008619298,train,0,42
blk_6147259745353219713,train,0,42
blk_3120293245463054749,train,0,42
blk_-8608290713598517823,train,0,42
blk_3249856285605026779,train,0,42
blk_-6255694382797579894,train,0,42
blk_-7070567250325516409,train,0,42
blk_-5542336029922582303,train,0,42
blk_-5187446205592235573,train,0,42
blk_3755116621101133849,train,0,42
blk_3014068557775014625,train,0,42
blk_-6520307937647086681,train,0,42
blk_-6446946442841290722,train,0,42
blk_-6016151807214772275,train,0,42
blk_-9093624882630688500,train,0,42
blk_-8680245400815441695,train,0,42
blk_1427641488520565467,train,0,42
blk_6064505935759954247,train,0,42
blk_-4581744411270826188,train,0,42
blk_5513268171253079645,train,0,42
blk_1676215867293203580,train,0,42
blk_2142164370496658217,train,0,42
blk_4478816181824024629,train,0,42
blk_-4071868081738742188,train,0,42
blk_4655777866556353322,train,0,42
blk_3570731326577665717,train,0,42
blk_-7545969037517952858,train,0,42
blk_-4808131156862760675,train,0,42
blk_761855688769305497,train,0,42
blk_-4145123588771363294,train,0,42
blk_68956230763983278,train,0,42
blk_2390050046057458037,train,0,42
blk_-1453607173741403460,train,0,42
blk_7322590003743952782,train,0,42
blk_-713087027737430620,train,0,42
blk_536358211453568761,train,0,42
blk_997504124884593371,train,0,42
blk_6307663498098838909,train,0,42
blk_7159315524587417592,train,0,42
blk_-6139731136361078813,train,0,42
blk_-4277628501667762304,train,0,42
blk_103778544886489244,train,0,42
blk_-5282819124707381625,train,0,42
blk_-3226406471270194620,train,0,42
blk_48534717397740577,train,0,42
blk_-8520603181445246978,train,0,42
blk_-3654883495976362825,train,0,42
blk_-1657185013730904360,train,0,42
blk_4877405399084807990,train,0,42
blk_4795553270676098840,train,0,42
blk_5023353487096878528,train,0,42
blk_2671876335485598518,train,0,42
blk_-7730371280605772278,train,0,42
blk_39657743413455748,train,0,42
blk_5590324404312525322,train,0,42
blk_-5959375797730093120,train,0,42
blk_-8000698586857951235,train,0,42
blk_-5387948472905373331,train,0,42
blk_3740863404884263715,train,0,42
blk_-3230022330499594784,train,0,42
blk_-1342653397078954895,train,0,42
blk_-4237676537026929109,train,0,42
blk_6423666338759963950,train,0,42
blk_-1196685029206997927,train,0,42
blk_6157170184295743784,train,0,42
blk_6882530269022061420,train,0,42
blk_-2214628409623931702,train,0,42
blk_-6202704242893228159,train,0,42
blk_221921537040366016,train,0,42
blk_6857855434864730011,train,0,42
blk_-188069561766611786,train,0,42
blk_8476884865384452572,train,0,42
blk_-4239629698215167335,train,0,42
blk_-2897263225164066075,train,0,42
blk_6715541436504352004,train,0,42
blk_5269987047491674977,train,0,42
blk_8813901365935188034,train,0,42
blk_3261741542188221876,train,0,42
blk_4575152500419061099,train,0,42
blk_2729028955596967720,train,0,42
blk_-2932767034052061175,train,0,42
blk_3586780481661422153,train,0,42
blk_8004339002941697227,train,0,42
blk_6238085405124798331,train,0,42
blk_-2362573883975279740,train,0,42
blk_3939420961048616357,train,0,42
blk_-1221135199559525932,train,0,42
blk_5893596632872802268,train,0,42
blk_-5957571384343563659,train,0,42
blk_6606192009011269451,train,0,42
blk_-8784327166072337416,train,0,42
blk_5994815438854095984,train,0,42
blk_-339825343177722539,train,0,42
blk_-433121247755153193,train,0,42
blk_2772321513817889595,train,0,42
blk_8009165160794505734,train,0,42
blk_-756505972148472390,train,0,42
blk_-4468197934828540158,train,0,42
blk_-6080711460170839095,train,0,42
blk_-7586718938733064494,train,0,42
blk_4767730218706640624,train,0,42
blk_2867061103557759514,train,0,42
blk_-1201306174332550611,train,0,42
blk_-4878858369830067232,train,0,42
blk_-1997253597403711,train,0,42
blk_-292957276972136611,train,0,42
blk_4647244589846780361,train,0,42
blk_550244089357069633,train,0,42
blk_-3022374105763414581,train,0,42
blk_-463205918257150153,train,0,42
blk_7402388354506925204,train,0,42
blk_-8427006492875509320,train,0,42
blk_-3984555953214142829,train,0,42
blk_4851632488038769974,train,0,42
blk_5841652980022432190,train,0,42
blk_1088426105775798294,train,0,42
blk_-1792493153563316416,train,0,42
blk_6253004588541226895,train,1,42
blk_9180685133144002017,train,0,42
blk_3396489645933352530,train,0,42
blk_2161029383951558238,train,0,42
blk_8624604864169916532,train,0,42
blk_3194675151803796635,train,0,42
blk_-4444256181957781415,train,0,42
blk_-6529629119877492028,train,0,42
blk_2344181619606064965,train,0,42
blk_-1140897736001342776,train,0,42
blk_946402429772768745,train,0,42
blk_251841481494664036,train,0,42
blk_-1620434720697309395,train,0,42
blk_-7057542950810131248,train,0,42
blk_-7937109169214545670,train,0,42
blk_1873345880709104161,train,0,42
blk_3890561673600330764,train,0,42
blk_8009146426774278905,train,0,42
blk_-6490351302609786062,train,0,42
blk_-799508075927615943,train,0,42
blk_7122630277280582048,train,0,42
blk_4886599429005208433,train,0,42
blk_-1559618680272324963,train,0,42
blk_2548550275041278923,train,0,42
blk_-5792859478129819414,train,0,42
blk_8180090112274857559,train,0,42
blk_8407440520009820534,train,0,42
blk_1263420805859689154,train,0,42
blk_-8426413981544715520,train,0,42
blk_-4977978336880366362,train,0,42
blk_-7539441203956869641,train,0,42
blk_6276681941157099145,train,0,42
blk_-7827787318069612204,train,0,42
blk_-6690902689476845006,train,0,42
blk_2796315546565499887,train,0,42
blk_-2290930658201423639,train,0,42
blk_4714558636748465890,train,0,42
blk_780032586440690784,train,0,42
blk_3177450237512975932,train,0,42
blk_-1313510756459427183,train,0,42
blk_-5740963348549185749,train,0,42
blk_-8798605888924816706,train,0,42
blk_-1947331747134620347,train,0,42
blk_3960571956174517544,train,0,42
blk_-2545878400434058136,train,0,42
blk_-6691302689167532064,train,0,42
blk_-2776568162208256473,train,0,42
blk_7785595518592900470,train,0,42
blk_1066921498541155423,train,0,42
blk_3965887263148570875,train,0,42
blk_-7067001580123399273,train,0,42
blk_-2165619850698726005,train,0,42
blk_8558084570772157970,train,0,42
blk_151170638942854022,train,0,42
blk_5582020192272286659,train,0,42
blk_3448601616691582314,train,0,42
blk_5577688387561471367,train,0,42
blk_3476687372262320751,train,0,42
blk_-6774842856372143825,train,0,42
blk_6962568619806059629,train,0,42
blk_6506143483099354312,train,0,42
blk_4593597414760908943,train,0,42
blk_4979090844981512380,train,0,42
blk_-8507145372445806583,train,0,42
blk_5192986571500455389,train,0,42
blk_-4625136214553673801,train,0,42
blk_-4004506470456374314,train,0,42
blk_7172417645225553270,train,0,42
blk_3591517138779090595,train,0,42
blk_5886830137159675951,train,0,42
blk_-4686963048970208655,train,1,42
blk_7279110165870455492,train,0,42
blk_-2152740724704345213,train,0,42
blk_-7653549799137251721,train,0,42
blk_-602092683561272459,train,0,42
blk_-8113207943643688572,train,0,42
blk_-7764680541135064248,train,0,42
blk_7530131425936094082,train,0,42
blk_5266858914739851459,train,0,42
blk_-40536730012047994,train,0,42
blk_-1368892500456219299,train,0,42
blk_-1058736250385103570,train,1,42
blk_6406294138485777587,train,0,42
blk_-4203852888536319130,train,0,42
blk_-3442308492493382018,train,0,42
blk_-7542401099493949370,train,0,42
blk_-4677564445698042271,train,0,42
blk_6180938401044722044,train,0,42
blk_-6702198088553266145,train,0,42
blk_-3795112949676038773,train,0,42
blk_-4971915320943571549,train,0,42
blk_-7541453103741467569,train,0,42
blk_6318477706070474669,train,1,42
blk_-2156711430316434421,train,0,42
blk_9144913013136542831,train,0,42
blk_-6741300462167282741,train,0,42
blk_-2559855419206041726,train,0,42
blk_-9115576305054860299,train,0,42
blk_-5139416679764460436,train,0,42
blk_-6350163077470065688,train,0,42
blk_-1734151143799678488,train,0,42
blk_1156002961729426349,train,0,42
blk_-3962890828931674678,train,0,42
blk_199418327007636336,train,0,42
blk_8622843095035490290,train,0,42
blk_3336974282383497561,train,0,42
blk_-663953251603236367,train,0,42
blk_-6828880658109558297,train,0,42
blk_-1691060884783825653,train,0,42
blk_-6183106714725425483,train,0,42
blk_4633024902255907912,train,0,42
blk_-3311072755691384394,train,0,42
blk_1713965789661683057,train,0,42
blk_3807398694545479445,train,0,42
blk_-8102705287385406121,train,0,42
blk_4615187551122783798,train,0,42
blk_-2524179682419086693,train,0,42
blk_4625782448782799068,train,1,42
blk_-7445491641638732467,train,0,42
blk_253280973732963070,train,0,42
blk_-4133595228931972903,train,0,42
blk_-7869284276290435414,train,0,42
blk_-8856479267539405350,train,0,42
blk_-7668130275808414198,train,0,42
blk_3359854834275462629,train,0,42
blk_2540661446915381750,train,0,42
blk_3823336367686850423,train,0,42
blk_-8636825554618718050,train,0,42
blk_2605190535591405176,train,0,42
blk_-9055963587545655487,train,0,42
blk_3144541835202947767,train,0,42
blk_2446091163389823001,train,0,42
blk_5679656833927368396,train,0,42
blk_4672205603790120043,train,0,42
blk_-4203329908107710144,train,0,42
blk_487309141195168483,train,0,42
blk_-3782540574842551049,train,0,42
blk_4405506898495307916,train,0,42
blk_8483274074023975187,train,0,42
blk_-5837878288228527756,train,0,42
blk_6502458231037507975,train,0,42
blk_-3997749664457877763,train,0,42
blk_4847561812390012630,train,0,42
blk_-1781017714247202858,train,0,42
blk_-8922142079419725208,train,0,42
blk_-8211134620012094412,train,0,42
blk_5976676033721206095,train,0,42
blk_258943182207836245,train,0,42
blk_4173116071657647553,train,0,42
blk_3365244932245695857,train,0,42
blk_703341627785626848,train,0,42
blk_6630671072690354475,train,0,42
blk_549798153857922398,train,0,42
blk_-4221606294140576247,train,0,42
blk_2185190865517895144,train,0,42
blk_-5572432008935084240,train,0,42
blk_-8682544760800625640,train,0,42
blk_6938821627621454066,train,0,42
blk_8323779400969107581,train,0,42
blk_-1888169091768960079,train,0,42
blk_4511597331221960575,train,0,42
blk_4865291513626248235,train,0,42
blk_5750560425588634127,train,0,42
blk_-228485626930185994,train,0,42
blk_-2210074239527588789,train,0,42
blk_2964850593652689896,train,0,42
blk_4329710186725719683,train,0,42
blk_3498250431199251197,train,0,42
blk_-5589681976789763520,train,0,42
blk_-5676244644665621478,train,0,42
blk_-3252525390394427584,train,0,42
blk_-6185778943074289400,train,0,42
blk_510723395934664227,train,0,42
blk_190919908745142090,train,0,42
blk_-8136894246569147889,train,0,42
blk_-7574243904804580321,train,0,42
blk_2612111069527655283,train,0,42
blk_-7912591552536516601,train,0,42
blk_-7491053068052016918,train,0,42
blk_-9126019898444784353,train,0,42
blk_-5013837848094913973,train,0,42
blk_-612919509046407150,train,1,42
blk_3102755127307027778,train,1,42
blk_-2864461583451978938,train,0,42
blk_-3313806083392319916,train,0,42
blk_-7308542904432669004,train,0,42
blk_852254461064367356,train,0,42
blk_-8050627489838043934,train,0,42
blk_-6692323406850001336,train,0,42
blk_-7348319253862020296,train,0,42
blk_-7433890005101166602,train,0,42
blk_-5402299447255602883,train,0,42
blk_-6410092519982182093,train,0,42
blk_7679185396136819292,train,0,42
blk_-5009667513796215877,train,0,42
blk_2061296703287012520,train,1,42
blk_6961486763849608527,train,0,42
blk_328945144170293300,train,0,42
blk_3311971789727930539,train,0,42
blk_2856945733710657011,train,0,42
blk_-8300265536803462972,train,0,42
blk_-5554035761594940611,train,0,42
blk_-9145922688854869873,train,0,42
blk_-2863103472362280014,train,0,42
blk_-9010703622556364989,train,0,42
blk_648422600624782325,train,0,42
blk_-4385927176158515720,train,0,42
blk_-9201071803498369136,train,0,42
blk_-4337136420795546268,train,0,42
blk_-4308897357528785433,train,0,42
blk_-1551594993093117666,train,0,42
blk_-4738437782143568305,train,0,42
blk_-5526802674835854974,train,0,42
blk_2823836106919913339,train,0,42
blk_1435469631218307163,train,0,42
blk_-3670982544185280784,train,0,42
blk_8946092586605827215,train,0,42
blk_-6899725480423452814,train,0,42
blk_1596502288600908758,train,0,42
blk_3658365866370785940,train,0,42
blk_-240106919402924515,train,0,42
blk_-4655859623665108337,train,0,42
blk_4386253560747785471,train,0,42
blk_532085425320476786,train,0,42
blk_991596768102984748,train,0,42
blk_8193851797168680094,train,0,42
blk_-5571562873985636102,train,0,42
blk_-1937743544750653490,train,0,42
blk_-7036676539522262805,train,0,42
blk_5938984914700945386,train,1,42
blk_-6457650531291891667,train,0,42
blk_7703210605196812789,train,0,42
blk_-8836292667707066584,train,0,42
blk_9016623291210678823,train,0,42
blk_-2168845042769815549,train,0,42
blk_-9089655184167682093,train,0,42
blk_1777198664817721074,train,0,42
blk_8895894206666967961,train,0,42
blk_9099862364233072108,train,1,42
blk_-5211489279432409293,train,0,42
blk_5775313858534270295,train,1,42
blk_-6504937648752732207,train,0,42
blk_6442705847558969881,train,0,42
blk_3379076382137048264,train,0,42
blk_3707239211942382980,train,0,42
blk_5362009775700292897,train,0,42
blk_8349189082493792387,train,0,42
blk_6066250524465858339,train,0,42
blk_-5262281101899829563,train,0,42
blk_6204386682713696942,train,0,42
blk_-8739978721731286660,train,0,42
blk_441066104605351424,train,0,42
blk_-4987753340463886081,train,0,42
blk_-8334655571095426848,train,0,42
blk_2351629811252012740,train,0,42
blk_5310065427119823368,train,0,42
blk_-6533162951233632678,train,0,42
blk_4941095871970811593,train,0,42
blk_-4158846460008876351,train,0,42
blk_1311897632815137056,train,0,42
blk_-409667369026485863,train,0,42
blk_-6653418453359152196,train,0,42
blk_-5846077492724161606,train,0,42
blk_-4484577142578458141,train,0,42
blk_-2623218914180498942,train,0,42
blk_372174180911482772,train,0,42
blk_8856358292546343841,train,0,42
blk_-2330686202104247502,train,1,42
blk_-7111978656553632099,train,0,42
blk_7036163689583059244,train,1,42
blk_3605121948891852211,train,0,42
blk_5771843435853754527,train,0,42
blk_-8958850651480451731,train,0,42
blk_-4274232821812060705,train,0,42
blk_-8198504564696682374,train,0,42
blk_1077942614797892570,train,0,42
blk_-8333794577886823347,train,0,42
blk_-6166446905892605452,train,0,42
blk_-2784086407823881029,train,0,42
blk_8433025647811198172,train,0,42
blk_253961723084276943,train,0,42
blk_-2557636926541264713,train,0,42
blk_2137978433461537916,train,0,42
blk_474418195562196021,train,0,42
blk_-3241186303680673707,train,0,42
blk_-549227102696509093,train,0,42
blk_-7295287508487044409,train,0,42
blk_-3135375307924189801,train,0,42
blk_-3261184610565836698,train,0,42
blk_-4135767610221166836,train,0,42
blk_5993975870460878866,train,0,42
blk_-5885158508848067712,train,0,42
blk_1541900547424366550,train,0,42
blk_-7936138722279077353,train,0,42
blk_-3208514223138385666,train,0,42
blk_-1024437682659161756,train,0,42
blk_1696061099284286023,train,0,42
blk_1554981953197781476,train,0,42
blk_-5292355165242079760,train,0,42
blk_4346787104782464607,train,0,42
blk_3126522502914358787,train,0,42
blk_-7449621175579209908,train,0,42
blk_548348272762293995,train,0,42
blk_-1784462430479154571,train,0,42
blk_5457273117994033827,train,0,42
blk_-3970655579302173976,train,0,42
blk_991278763611415802,train,0,42
blk_6068043020515885458,train,0,42
blk_-758483794596156774,train,0,42
blk_-3801306915510959507,train,0,42
blk_-7453256892400760838,train,0,42
blk_-6535226234262757696,train,0,42
blk_-939331865193634496,train,0,42
blk_-6054626691132832319,train,0,42
blk_7300143947490301009,train,0,42
blk_6191240287999232308,train,0,42
blk_-9037864499456646024,train,0,42
blk_4213689371137444099,train,0,42
blk_-9167771686184391510,train,0,42
blk_1029587128181147128,train,0,42
blk_1113996658646914673,train,0,42
blk_7743713355648639489,train,0,42
blk_-3493443541454386316,train,0,42
blk_-891719908717553823,train,0,42
blk_-1172787688981802800,train,0,42
blk_5592693391324489880,train,0,42
blk_-628803536595572036,train,0,42
blk_-5728527674814987718,train,0,42
blk_-8340446364501836541,train,0,42
blk_-4634048612100139601,train,0,42
blk_-523925620441458060,train,0,42
blk_-4181853851448903779,train,1,42
blk_6250338830471360675,train,0,42
blk_4751854857634883720,train,0,42
blk_-5527409765177987589,train,0,42
blk_-2924342012736218475,train,0,42
blk_1281763412205653527,train,0,42
blk_-2342476891312469661,train,0,42
blk_-5179693616105018671,train,0,42
blk_-7264894193550947786,train,0,42
blk_-1486727216350033794,train,0,42
blk_6075008215552244259,train,0,42
blk_-3857209720223885505,train,0,42
blk_5392410434650778675,train,0,42
blk_7406377250014070901,train,0,42
blk_5609895920550503099,train,0,42
blk_8618020865385646753,train,0,42
blk_-1116279323897942746,train,0,42
blk_-1802957821458205063,train,0,42
blk_3160832080845264964,train,0,42
blk_1127281765333185282,train,0,42
blk_-4440689287676793275,train,0,42
blk_8409064577096678108,train,0,42
blk_421135734356058539,train,0,42
blk_-1209278785849806263,train,0,42
blk_988948157940968116,train,0,42
blk_3307886966538549197,train,0,42
blk_-3101823534798419364,train,0,42
blk_7791844120504557607,train,0,42
blk_8038650389792685066,train,0,42
blk_-4844573337220210913,train,0,42
blk_2063431827514490200,train,0,42
blk_343280570488318809,train,0,42
blk_-7385139717985790206,train,0,42
blk_-1029710257770980225,train,0,42
blk_-5320977365628070463,train,0,42
blk_-8779499021388064621,train,0,42
blk_-7625205898946738413,train,0,42
blk_1635564764711619090,train,0,42
blk_-1106468332848514870,train,0,42
blk_-7383951519895075392,train,0,42
blk_-5448096309333835062,train,0,42
blk_-7142693505661383609,train,0,42
blk_1828565272681947490,train,0,42
blk_-3299688482472140651,train,0,42
blk_6782019761203442111,train,0,42
blk_129449535295710030,train,0,42
blk_5762249169214118947,train,0,42
blk_7166644113442524857,train,0,42
blk_-2453533564739898550,train,0,42
blk_2913233586784531957,train,0,42
blk_7296417415537144680,train,0,42
blk_4067175543051718048,train,0,42
blk_-6238809878972054085,train,0,42
blk_-5416424492408217919,train,0,42
blk_-580594287103894307,train,0,42
blk_2001668536796230173,train,0,42
blk_-2652686081465775063,train,0,42
blk_-5787717996401499079,train,1,42
blk_4592568426236261309,train,0,42
blk_-4595690034200043932,train,0,42
blk_3246353403590951240,train,0,42
blk_4212570181925291871,train,0,42
blk_-7996220856347450328,train,0,42
blk_4798206289449519498,train,0,42
blk_5391856224987200917,train,0,42
blk_3699319803745484467,train,0,42
blk_-7983366412187472113,train,0,42
blk_-282861610400576164,train,0,42
blk_-6136256331365486470,train,0,42
blk_6846940672926517036,train,0,42
blk_1023441915595404241,train,0,42
blk_2434257564924839044,train,0,42
blk_2866004390977017373,train,0,42
blk_-2645078360286793478,train,0,42
blk_-8353463539755908181,train,0,42
blk_4146762040015367828,train,0,42
blk_1374140744390761711,train,0,42
blk_2968545040391463844,train,0,42
blk_7766062093361573347,train,1,42
blk_4195943607733905889,train,0,42
blk_3149572988745406417,train,0,42
blk_-9040291242023392121,train,0,42
blk_-4417329444444271495,train,0,42
blk_-85280910369826994,train,0,42
blk_2046026373817765982,train,0,42
blk_353357781003517049,train,0,42
blk_-2766201704405075804,train,0,42
blk_-5571497721190852594,train,0,42
blk_-2168378870239277553,train,0,42
blk_-4540189914711538660,train,0,42
blk_-704594976980938576,train,0,42
blk_6155940971199166696,train,0,42
blk_-5325892254946332697,train,0,42
blk_5859807656447440483,train,0,42
blk_-6841780297890866743,train,0,42
blk_-1380538673441951300,train,0,42
blk_8449335895152576389,train,0,42
blk_-296562577307342601,train,0,42
blk_5745046149499982694,train,0,42
blk_-8954396182227925739,train,0,42
blk_-8773432498421200019,train,0,42
blk_4871906469935977691,train,0,42
blk_82463457501827487,train,0,42
blk_-1107658918486241658,train,0,42
blk_5178847106471674827,train,0,42
blk_9013959207960564054,train,0,42
blk_-1357803244407005315,train,0,42
blk_6702427811421519026,train,0,42
blk_6963160110288460944,train,0,42
blk_-3458371257543512421,train,0,42
blk_-5513297324065918391,train,0,42
blk_5458121176654913416,train,0,42
blk_-816359904622772018,train,0,42
blk_1920197687648298085,train,0,42
blk_5124826618902587673,train,0,42
blk_-4956899654580948215,train,0,42
blk_-2817746773900853534,train,0,42
blk_248781464997547573,train,0,42
blk_-3940928292759675798,train,0,42
blk_1308533395030401195,train,0,42
blk_4416497266008559812,train,0,42
blk_3385887113963973180,train,0,42
blk_-3759651341895409954,train,0,42
blk_-6552746906750999053,train,0,42
blk_457587485803580310,train,0,42
blk_-5582166271394173646,train,0,42
blk_1605089723486294918,train,0,42
blk_2808920608815589945,train,0,42
blk_-3034828844829481493,train,0,42
blk_8753490648298661992,train,0,42
blk_6499332031469081639,train,0,42
blk_680163789699051255,train,0,42
blk_-7922663317879849231,train,0,42
blk_-7724063227896708818,train,0,42
blk_-2365622959442980519,train,0,42
blk_2230211408562037797,train,0,42
blk_4251681766881959781,train,0,42
blk_-1116321788717058059,train,0,42
blk_-5869847222532560960,train,0,42
blk_-827132687427473616,train,0,42
blk_-5361267344651270073,train,0,42
blk_2407178992359775681,train,0,42
blk_-4420697608505919331,train,0,42
blk_2236635049774851237,train,0,42
blk_7968588499264652177,train,0,42
blk_4955589312593913074,train,1,42
blk_-7771727126154504810,train,0,42
blk_-6621032513261463310,train,0,42
blk_8845402439320252843,train,0,42
blk_-6882145263105289964,train,0,42
blk_4830983594187518115,train,0,42
blk_-7027281736755753023,train,0,42
blk_5059806442053854610,train,0,42
blk_-2708837941707242166,train,0,42
blk_7105784505990409023,train,0,42
blk_-483507290626575267,train,0,42
blk_-4747494533187335609,train,0,42
blk_-6749873894190969501,train,0,42
blk_2751280642037520880,train,0,42
blk_-1439422888373458713,train,0,42
blk_-2626981261156479000,train,0,42
blk_-7893512945235687095,train,0,42
blk_-6038217327000696558,train,0,42
blk_6969810407957992790,train,0,42
blk_6550243376083596954,train,0,42
blk_-2274290819110819414,train,0,42
blk_-2801666399449645449,train,0,42
blk_3734083589779682313,train,0,42
blk_-1041728781629481437,train,0,42
blk_-8879779176598620752,train,0,42
blk_-3404779839964203359,train,0,42
blk_-6941448866282034491,train,0,42
blk_8963360737049765336,train,1,42
blk_-3984734658896309722,train,0,42
blk_7787782363845623353,train,0,42
blk_-2726489410479921649,train,0,42
blk_-4798314516896194642,train,0,42
blk_7868867714444656189,train,0,42
blk_1803575220801150123,train,0,42
blk_3658780456525741235,train,0,42
blk_-4115707908149618486,train,0,42
blk_3187548374476549545,train,0,42
blk_-9068302179861223638,train,0,42
blk_-1604176695975985476,train,0,42
blk_-6229758774826816025,train,0,42
blk_-5871166197970526278,train,0,42
blk_1859817775113156875,train,0,42
blk_7878775351933703773,train,0,42
blk_-6540509373997220093,train,0,42
blk_480598000024214838,train,0,42
blk_-6970532573004923124,train,0,42
blk_-6017053980345864495,train,0,42
blk_-2761381875106873171,train,0,42
blk_2897061451383399467,train,0,42
blk_-8705041349089385166,train,0,42
blk_8581320836509196176,train,0,42
blk_2857693164410599300,train,0,42
blk_4448496317021686828,train,0,42
blk_-6156866122330777659,train,0,42
blk_-7051495569869724690,train,0,42
blk_-3640152115596295888,train,0,42
blk_2603792485004993321,train,0,42
blk_6884310385836710169,train,0,42
blk_-4893918856891179574,train,0,42
blk_-6293737482765214560,train,0,42
blk_5256933773965142653,train,0,42
blk_3539480550670492797,train,0,42
blk_-1584162728276303690,train,0,42
blk_2012887197774243136,train,0,42
blk_5920049968075096878,train,0,42
blk_3595608790986508957,train,1,42
blk_-5899828920578874931,train,0,42
blk_1025721873032504450,train,0,42
blk_-6800695251078482589,train,0,42
blk_-2803821412093295753,train,0,42
blk_-318279131512447116,train,0,42
blk_-294526065171689894,train,0,42
blk_1059821184323782382,train,0,42
blk_774494462603789344,train,0,42
blk_4309265700098233894,train,0,42
blk_2623775907185389800,train,0,42
blk_-5321739627024525890,train,0,42
blk_-2620948770912765082,train,0,42
blk_-6156707806751807984,train,0,42
blk_-418637703292029863,train,0,42
blk_3614940885665226711,train,0,42
blk_-7766013211766431137,train,0,42
blk_-8102528824355651037,train,0,42
blk_-953912248021947688,train,0,42
blk_-28452342589813355,train,0,42
blk_6160176800938625168,train,0,42
blk_5346023639460945502,train,0,42
blk_-7612554899499797964,train,0,42
blk_-1032920759775261212,train,0,42
blk_2579557483747986135,train,0,42
blk_-7506128230109815419,train,0,42
blk_6848912765932775493,train,0,42
blk_-1617018456967707293,train,0,42
blk_2689102042627828659,train,0,42
blk_8678719610596922722,train,0,42
blk_-5006206098264461659,train,0,42
blk_-315008072606621467,train,0,42
blk_7851993702962040855,train,0,42
blk_7959159013666203574,train,0,42
blk_-1472666173418690820,train,0,42
blk_-41914446474938719,train,0,42
blk_-3209577668724084913,train,0,42
blk_6332695126016075835,train,0,42
blk_-6148307505175863437,train,0,42
blk_3730763737493487476,train,0,42
blk_5288985213308333290,train,0,42
blk_2260831247669553385,train,0,42
blk_-1155584023482749491,train,0,42
blk_8284645253276702298,train,0,42
blk_9080144699731916644,train,0,42
blk_-5850802459370256895,train,0,42
blk_-9219466948127614539,train,0,42
blk_-2454344161664235995,train,0,42
blk_-8158038306653965981,train,0,42
blk_6790392144506034954,train,0,42
blk_2718827880482849081,train,0,42
blk_-3823895446345967141,train,0,42
blk_4612652931952460716,train,0,42
blk_8406678539474727723,train,0,42
blk_9004130526463712441,train,0,42
blk_-5732393823691284548,train,0,42
blk_7733796563185090475,train,0,42
blk_1666872102965971897,train,0,42
blk_-6928368081309449751,train,0,42
blk_-2866211200508579701,train,0,42
blk_-8063632186417514307,train,0,42
blk_-8141474319646638989,train,0,42
blk_-7089875682059297210,train,0,42
blk_4887044880993670907,train,0,42
blk_7580084012876171599,train,0,42
blk_8462842515843726694,train,0,42
blk_-5977978306126627025,train,0,42
blk_7903039192391650867,train,0,42
blk_-3459181147472639752,train,0,42
blk_-6886424513093795890,train,0,42
blk_-1572217049300866899,train,0,42
blk_-5882295985950637419,train,0,42
blk_6911770180950281950,train,0,42
blk_4858547696645797075,train,0,42
blk_-3384060282644766924,train,0,42
blk_8707506678041249004,train,1,42
blk_3469731217415576576,train,0,42
blk_4919044001214542915,train,0,42
blk_-6139809123364267093,train,0,42
blk_4800727857657619414,train,0,42
blk_2869384236260105305,train,0,42
blk_6803511246354253200,train,0,42
blk_1889461867099323407,train,0,42
blk_-2723576860818545060,train,0,42
blk_4043135627313118432,train,0,42
blk_-7180592171327301153,train,0,42
blk_2532893673972657272,train,0,42
blk_4020974360760154060,train,0,42
blk_-4320578323759025911,train,0,42
blk_-5594984882567339044,train,0,42
blk_5903351107787213289,train,0,42
blk_2579405426293822891,train,0,42
blk_-256493230089431263,train,0,42
blk_-4957890397119060028,train,0,42
blk_8668856634857840049,train,0,42
blk_2314853379613455067,train,0,42
blk_-3302850421755436588,train,0,42
blk_-5053322522231659210,train,0,42
blk_1574037689345762475,train,0,42
blk_-6789601835004147025,train,0,42
blk_5740390579553337503,train,0,42
blk_5681665229154384911,train,0,42
blk_-1812880532563958447,train,0,42
blk_2940477786756613057,train,0,42
blk_4372599010174728690,train,0,42
blk_6151166672309574019,train,0,42
blk_-5353807926957255512,train,0,42
blk_6236351539326632568,train,0,42
blk_-2292385477621147147,train,0,42
blk_9112581793300287209,train,0,42
blk_-7413894191809516020,train,0,42
blk_681565096457662300,train,0,42
blk_5308199737704883643,train,0,42
blk_-2941252488507198679,train,0,42
blk_2531003250213735183,train,0,42
blk_3414874757454870230,train,0,42
blk_-6872710189686817144,train,0,42
blk_3827480835302476300,train,0,42
blk_3324329984407645963,train,0,42
blk_1617530737843023364,train,0,42
blk_7610909101671036434,train,0,42
blk_7353336493941378961,train,0,42
blk_8339579097449956341,train,0,42
blk_-4868916335710788824,train,0,42
blk_-3124451087462607420,train,0,42
blk_-7985414547777559976,train,0,42
blk_-2512473347227515127,train,0,42
blk_8020147262282882328,train,0,42
blk_5094739361231983605,train,0,42
blk_-1622251002984513413,train,0,42
blk_-1239531251214055676,train,0,42
blk_-3801385572166365217,train,0,42
blk_-7802492172770790859,train,0,42
blk_-2824184126193874941,train,0,42
blk_1476771667604797661,train,0,42
blk_7212412176232532391,train,0,42
blk_6432358869988468648,train,0,42
blk_-4666491120879022248,train,0,42
blk_1221917322870339972,train,0,42
blk_-4066305636111823242,train,0,42
blk_-8179148846098142540,train,0,42
blk_250011136617152543,train,0,42
blk_-8600062899346166940,train,0,42
blk_-1122092902759702058,train,0,42
blk_-8580253237665308355,train,0,42
blk_-1366592864482932955,train,0,42
blk_2796722070429921766,train,0,42
blk_8063814759486676405,train,0,42
blk_-6872556372061585627,train,0,42
blk_-1304950206704703240,train,0,42
blk_-8738409346662465295,train,0,42
blk_2012358251151601727,train,0,42
blk_7638629353471134722,train,0,42
blk_7893319529642531303,train,0,42
blk_2101764544666588886,train,0,42
blk_-3945072036364309298,train,0,42
blk_5017142809926654735,train,0,42
blk_-49349786960721018,train,0,42
blk_-1932125642321852058,train,0,42
blk_1826160477259947463,train,0,42
blk_3154096655847224243,train,0,42
blk_5843788774810934850,train,0,42
blk_-1332767571174339012,train,0,42
blk_7784400474739013417,train,0,42
blk_-4171708920005075523,train,0,42
blk_-8736442559070086281,train,0,42
blk_8747322003689026190,train,0,42
blk_7609892616859403152,train,0,42
blk_712286519275142085,train,0,42
blk_-5886156905078025265,train,0,42
blk_-60319356618477111,train,0,42
blk_1139621821511652193,train,0,42
blk_6490003020931145707,train,0,42
blk_-7656522978507259249,train,0,42
blk_2591980080586436438,train,0,42
blk_7996692528753949500,train,0,42
blk_-4804774281829286976,train,0,42
blk_3758464441316562261,train,0,42
blk_3010217131634681343,train,0,42
blk_-7220946599424288941,train,0,42
blk_2294586644862952663,train,0,42
blk_6276706395431440185,train,0,42
blk_-895500023620281296,train,0,42
blk_7570385339801341688,train,0,42
blk_-6158576529389654883,train,0,42
blk_-8322054734155209988,train,0,42
blk_-8020217813334139370,train,0,42
blk_-873710690722871017,train,0,42
blk_-5832542112727956940,train,0,42
blk_3166506416380510862,train,0,42
blk_6900233047093233027,train,0,42
blk_1409030940002397090,train,0,42
blk_-8679435174737238071,train,0,42
blk_4391265818262431308,train,0,42
blk_816863598250364449,train,0,42
blk_-8387589937677448816,train,0,42
blk_4592801002146142821,train,0,42
blk_7730266106614195431,train,0,42
blk_4367952234866745727,train,0,42
blk_8471975828166436926,train,0,42
blk_-7205790905462873729,train,0,42
blk_4023181766776048295,train,0,42
blk_-2752024591615800350,train,0,42
blk_-6402780077280021195,train,0,42
blk_4589138346681263532,train,0,42
blk_-9186230381741898532,train,0,42
blk_-4873486613657060294,train,0,42
blk_-5556662372896199802,train,0,42
blk_-6175776485247236188,train,0,42
blk_4980727476357665812,train,0,42
blk_-7903218034707334730,train,0,42
blk_4426833676850793657,train,0,42
blk_-1072479353290452835,train,0,42
blk_8218283154731579205,train,0,42
blk_8239247996748845602,train,0,42
blk_5901423339455861761,train,0,42
blk_-3905141949211829315,train,0,42
blk_-4717144697622960970,train,0,42
blk_-3597890821799111869,train,0,42
blk_3172215229302602393,train,0,42
blk_649850809101535701,train,0,42
blk_-1395311335761608779,train,0,42
blk_-4135969055767135616,train,0,42
blk_2596903545695676048,train,0,42
blk_3897805552879590504,train,0,42
blk_-2473404797725934023,train,0,42
blk_5754446587289823539,train,0,42
blk_4694883233130070905,train,0,42
blk_-3029196454388249257,train,0,42
blk_2630622104429115270,train,0,42
blk_5103535473445787765,train,0,42
blk_-9129431349237781859,train,0,42
blk_7555507830644552873,train,0,42
blk_5655241056431484650,train,0,42
blk_-5505985862460321052,train,0,42
blk_-484281551960109761,train,0,42
blk_-6531576106707260712,train,0,42
blk_-2679042241447004465,train,0,42
blk_-4778115486776604032,train,0,42
blk_-2610162329908333244,train,0,42
blk_-2629054998673066922,train,0,42
blk_-7955747532572073290,train,0,42
blk_-1054675750600362301,train,0,42
blk_-8382250249461542280,train,0,42
blk_-199286331716167474,train,0,42
blk_-6518990151095284666,train,0,42
blk_-6039292339224218744,train,0,42
blk_3660370575988609838,train,0,42
blk_-9395687149212439,train,0,42
blk_3035571078664267728,train,0,42
blk_7974756886380974907,train,0,42
blk_3407145932283189715,train,0,42
blk_5389694107350124876,train,0,42
blk_1760022982608527,train,0,42
blk_-4126455191971827921,train,0,42
blk_881626686951802967,train,0,42
blk_8125209474608914060,train,0,42
blk_-8103882343185679729,train,0,42
blk_-2385132665007159871,train,0,42
blk_-9032649203483263329,train,0,42
blk_3924794909533390016,train,0,42
blk_-7647766454827212095,train,0,42
blk_5322297842663324125,train,0,42
blk_6647643612229011069,train,0,42
blk_8174585091479158310,train,0,42
blk_-4610081390849542018,train,0,42
blk_7596759565372328457,train,0,42
blk_214525256074292349,train,0,42
blk_1018069445040255138,train,0,42
blk_-5803703746823177918,train,0,42
blk_-3736211934156649576,train,0,42
blk_2452338854948640476,train,0,42
blk_6301327720849358697,train,0,42
blk_284066979829274243,train,0,42
blk_4825530278193003098,train,0,42
blk_8214922803538103205,train,0,42
blk_-2647061456075471165,train,0,42
blk_8826910865969294926,train,0,42
blk_8183950302522671095,train,0,42
blk_1601549615152835623,train,0,42
blk_6153876164641725606,train,0,42
blk_3900335184966617730,train,0,42
blk_-3559007116373808090,train,0,42
blk_3550574955705628790,train,0,42
blk_-7395720591081157826,train,0,42
blk_-5802915611610989626,train,0,42
blk_7761004477333058178,train,0,42
blk_-7270027742897151835,train,0,42
blk_8384844039342578817,train,0,42
blk_1087901608003112519,train,0,42
blk_7067538406524759745,train,0,42
blk_3350336214980624612,train,0,42
blk_601584679900369562,train,0,42
blk_7100190738744270423,train,0,42
blk_1574925802187592473,train,0,42
blk_2850210669099950550,train,0,42
blk_4034908692968702579,train,0,42
blk_-2818254864033216863,train,0,42
blk_1736326521401491507,train,0,42
blk_6324124827456550392,train,0,42
blk_140011826194378604,train,0,42
blk_-1476542273546918909,train,0,42
blk_5060210448952066901,train,0,42
blk_-5690378576890520073,train,1,42
blk_-7598446425483269454,train,0,42
blk_3610640045770401383,train,0,42
blk_-432715377074185829,train,0,42
blk_2934876909827574241,train,0,42
blk_6418025916354451475,train,0,42
blk_-4038439369005895765,train,0,42
blk_-7348964778812004683,train,0,42
blk_-5448550588495175157,train,0,42
blk_-8334229437661372238,train,0,42
blk_-8172852563311614809,train,0,42
blk_4246140019687903918,train,0,42
blk_-2323135401832869692,train,0,42
blk_2860352262694676086,train,0,42
blk_-383673932299471231,train,0,42
blk_-3241007144375118257,train,0,42
blk_-7182309166375109552,train,0,42
blk_6971219056564117832,train,0,42
blk_1334173025899824924,train,0,42
blk_447322023630583770,train,0,42
blk_-3394000060104371476,train,0,42
blk_-7721054953070712013,train,0,42
blk_8448288079606652585,train,0,42
blk_-92671250387492414,train,0,42
blk_-2337262389670026135,train,0,42
blk_2792617810963917766,train,0,42
blk_-4247240521426785189,train,0,42
blk_-2919744554193037816,train,0,42
blk_-7970264561101696365,train,0,42
blk_7172055693687072810,train,0,42
blk_-5429042599096020592,train,0,42
blk_2910765843014899291,train,0,42
blk_49638296556254721,train,0,42
blk_-1275685872930566441,train,0,42
blk_-8526926317354404784,train,0,42
blk_6502098377972935126,train,0,42
blk_-6433165338153459406,train,0,42
blk_-8017594118038301821,train,0,42
blk_-289312532438718306,train,0,42
blk_-5602095822964015025,train,0,42
blk_-5448627834188258721,train,0,42
blk_-7194430165225026255,train,0,42
blk_5976062316301467242,train,0,42
blk_-8259469936150518619,train,0,42
blk_-6651974932806371050,train,0,42
blk_3202679971191330581,train,0,42
blk_8004217609427768735,train,0,42
blk_-5384956336543531522,train,0,42
blk_2994492386350540148,train,0,42
blk_6271774378202361286,train,0,42
blk_5570903436688231596,train,0,42
blk_7763802596598042711,train,0,42
blk_-7968823850374774603,train,0,42
blk_-5448976214028816920,train,0,42
blk_639402005697461074,train,0,42
blk_6861204422444913660,train,0,42
blk_5153779611472560023,train,0,42
blk_9210876977078432784,train,0,42
blk_-5333437778056191275,train,0,42
blk_-4343533326272259496,train,0,42
blk_1191789137309556963,train,0,42
blk_1806689698405994416,train,0,42
blk_3564000746690720090,train,0,42
blk_7928164669841101424,train,0,42
blk_-8709156337852329027,train,0,42
blk_-1595915066855823080,train,0,42
blk_-7250339806064148582,train,0,42
blk_8770404811525260108,train,0,42
blk_4395232291834342077,train,0,42
blk_2205773994299815766,train,0,42
blk_-1399526864624593960,train,0,42
blk_-7212851178715392076,train,0,42
blk_-5954574236310014235,train,0,42
blk_5104631115331349551,train,0,42
blk_4871464660499455135,train,0,42
blk_-8175820461891982273,train,0,42
blk_1525754080524749658,train,0,42
blk_3596832335012737559,train,0,42
blk_-3610202788953513498,train,0,42
blk_4632438176710496716,train,0,42
blk_-368933268346881998,train,0,42
blk_1007610622651939672,train,0,42
blk_3764264318675960780,train,0,42
blk_4152065455082452969,train,0,42
blk_1460170633628922445,train,0,42
blk_6812694998902943288,train,0,42
blk_3734477321602704462,train,0,42
blk_-8963006052374125767,train,0,42
blk_6172439563542527275,train,0,42
blk_-8480852794883307052,train,0,42
blk_8366237043837641044,train,0,42
blk_-5704900278653704049,train,0,42
blk_8384262695795906170,train,0,42
blk_-4732094171086740545,train,0,42
blk_9167144521035391199,train,0,42
blk_5064171543206508234,train,0,42
blk_-6945880035507682812,train,0,42
blk_-5347577074096624404,train,0,42
blk_-1478262284784429605,train,0,42
blk_8820134635658051680,train,0,42
blk_-2492355066124437616,train,0,42
blk_5525946211198455665,train,0,42
blk_-625560673858785536,train,0,42
blk_-9215222343120863755,train,0,42
blk_380448819139401994,train,0,42
blk_-6493353471796949881,train,0,42
blk_-7022142513089747792,train,0,42
blk_-3936142821768001684,train,0,42
blk_-7969789141303237446,train,0,42
blk_-7137563958652522567,train,0,42
blk_-2969480252654129855,train,0,42
blk_3682384630696156597,train,0,42
blk_-7871949164288427906,train,0,42
blk_4779766771936696119,train,0,42
blk_-962457303488291198,train,0,42
blk_9147341667747410323,train,0,42
blk_2718034493121824083,train,0,42
blk_-120433115457538074,train,0,42
blk_4072215873372061164,train,0,42
blk_-6313380744984464586,train,0,42
blk_-5572954582899196826,train,0,42
blk_-4930047393362202415,train,0,42
blk_369274081199289982,train,0,42
blk_7175704126755869327,train,0,42
blk_6863156406737827616,train,0,42
blk_6277687772970429139,train,0,42
blk_4968658407740255836,train,0,42
blk_-2989535404327367501,train,0,42
blk_-1561508635466642302,train,0,42
blk_-2679037610198785827,train,0,42
blk_-3232799408261437951,train,0,42
blk_-9193577056389682722,train,0,42
blk_-3795574524246220002,train,0,42
blk_500925656838699439,train,0,42
blk_-155671388317718866,train,0,42
blk_-1400376295178111246,train,0,42
blk_-6705455516236878448,train,0,42
blk_1999971614888218458,train,0,42
blk_1627304047327730806,train,0,42
blk_8218120675676567795,train,0,42
blk_-7208354667937104409,train,0,42
blk_-2183812219017609239,train,0,42
blk_-5818662095089043670,train,0,42
blk_-5480197990536430685,train,0,42
blk_6969924216174492008,train,0,42
blk_3637597993882380559,train,0,42
blk_-4433669662819658050,train,0,42
blk_6893028400942832994,train,0,42
blk_-3604951594698654843,train,0,42
blk_9107519088807840985,train,0,42
blk_-8280950807845427708,train,0,42
blk_5734153389883666970,train,0,42
blk_9185779217825812356,train,0,42
blk_2424816143560722269,train,0,42
blk_7327290023553910020,train,0,42
blk_2985208231869273602,train,0,42
blk_-3882892217778463390,train,0,42
blk_5632519764500217169,train,0,42
blk_-1417626271991622692,train,0,42
blk_7798899747622798133,train,0,42
blk_2304391576832754093,train,0,42
blk_5091566621958441340,train,0,42
blk_2286851977855358361,train,0,42
blk_-7583283386962599348,train,0,42
blk_-2410863053042531030,train,0,42
blk_-336178466363739993,train,0,42
blk_-4875399440191675474,train,0,42
blk_183330788952166615,train,0,42
blk_-8415832429477895852,train,0,42
blk_-8184790581756093302,train,0,42
blk_4375765039839095963,train,0,42
blk_-5416529905410785360,train,0,42
blk_-6918358305107245010,train,0,42
blk_-8741696741890505357,train,0,42
blk_4685829985333460908,train,0,42
blk_-6929383248836506922,train,0,42
blk_7299893262393068733,train,0,42
blk_-3556310869640021149,train,0,42
blk_8322759253533243916,train,0,42
blk_-2328227429681626499,train,0,42
blk_-6552035133236233739,train,0,42
blk_1899155533216019802,train,0,42
blk_-6276723857699818026,train,0,42
blk_-8205571719778952683,train,0,42
blk_-410845340086994732,train,0,42
blk_-8940638394641913741,train,0,42
blk_5551560738288560804,train,0,42
blk_-1047180346290487823,train,0,42
blk_3483208019355975290,train,0,42
blk_8549592108252930340,train,0,42
blk_-8939313498930347420,train,0,42
blk_-3645717334879381790,train,0,42
blk_-6992282707143402716,train,0,42
blk_-472913012381894070,train,0,42
blk_-159247688338524762,train,0,42
blk_-6705828873932002021,train,0,42
blk_7820089595743062445,train,0,42
blk_-18591343574686479,train,0,42
blk_-1446121411863224203,train,0,42
blk_-4641794663955350344,train,0,42
blk_-1028573701117917851,train,0,42
blk_-5858620430823555291,train,0,42
blk_5244367655293472470,train,0,42
blk_-6561222634016191133,train,0,42
blk_-5596329473769899547,train,0,42
blk_-2064525484486360106,train,0,42
blk_-1889962914569433230,train,0,42
blk_6083032265422417043,train,0,42
blk_1388374749679380804,train,0,42
blk_881176922255900935,train,0,42
blk_-4050401943358945994,train,0,42
blk_916831220539518477,train,0,42
blk_-1448473600873619731,train,0,42
blk_7879236701728974779,train,0,42
blk_-1577850213021238436,train,0,42
blk_-6835809068018744590,train,0,42
blk_5316925580709256169,train,0,42
blk_767590288788660665,train,0,42
blk_-1120228674843947743,train,0,42
blk_127106621022769540,train,0,42
blk_6459142078450653139,train,0,42
blk_-4917555737438871542,train,0,42
blk_-1668894157342370884,train,0,42
blk_2475913308387766,train,0,42
blk_1222361274393414716,train,0,42
blk_-903394589167543415,train,0,42
blk_6475606689141296400,train,0,42
blk_4591973630770287445,train,0,42
blk_-8408326846108158341,train,0,42
blk_2667819612985223848,train,0,42
blk_1415632746183421480,train,0,42
blk_5662068804790567411,train,0,42
blk_4524239592665465716,train,0,42
blk_3067054624060912511,train,0,42
blk_-284939930813677032,train,0,42
blk_-1632242096132889246,train,0,42
blk_-1524800703348774887,train,0,42
blk_1822826743735838050,train,0,42
blk_5640183578125709526,train,0,42
blk_-1044433298036302102,train,0,42
blk_6207150833209051214,train,0,42
blk_-5435602758997948831,train,0,42
blk_-3970495113871033555,train,0,42
blk_3453732797576260546,train,0,42
blk_-747046374856916711,train,0,42
blk_-7408598136012330106,train,0,42
blk_-1567694413967292895,train,0,42
blk_2708081659893404977,train,0,42
blk_-7766289506345309058,train,0,42
blk_4870559097419669495,train,0,42
blk_8213643200957773492,train,0,42
blk_-9081171834712254916,train,0,42
blk_620074896881985089,train,0,42
blk_7260980950856005759,train,0,42
blk_-6662471277777333076,train,0,42
blk_1481881165654101168,train,0,42
blk_5776094022742813698,train,0,42
blk_-3243146255668175828,train,0,42
blk_415361866256666327,train,0,42
blk_2925505581214718392,train,0,42
blk_214885158666210287,train,0,42
blk_-3629870172132212908,train,0,42
blk_-2317085357818340884,train,0,42
blk_6405384020301524642,train,0,42
blk_866584074059821635,train,0,42
blk_-7084587817217515491,train,0,42
blk_-6320146431600327724,train,0,42
blk_-356388333343728541,train,0,42
blk_208817867753195565,train,0,42
blk_3921629396919688818,train,0,42
blk_-2494702438053774693,train,0,42
blk_-8701259646083405753,train,0,42
blk_-3596214376310288601,train,0,42
blk_-8653156730519481585,train,0,42
blk_-5755855599887641186,train,0,42
blk_3828752977758269308,train,0,42
blk_-2490397096488814312,train,0,42
blk_453435609008239061,train,0,42
blk_1995924668880716779,train,0,42
blk_-4016483305996725506,train,0,42
blk_9100277204447375469,train,0,42
blk_1103652566730776890,train,0,42
blk_8539681420534180462,train,0,42
blk_-2458898672583246063,train,0,42
blk_-9153056941811050307,train,0,42
blk_2827120345032536701,train,0,42
blk_-6291571836696670028,train,0,42
blk_1133258222744310681,train,0,42
blk_-4498210894565026855,train,0,42
blk_-7868014921841728797,train,0,42
blk_-3164493295906587796,train,0,42
blk_-7178896441590224312,train,0,42
blk_7980543065933696030,train,0,42
blk_66965237635844936,train,0,42
blk_2513596774962558276,train,0,42
blk_-3036973460897400717,train,0,42
blk_5686734496611814796,train,0,42
blk_2153616940412131056,train,0,42
blk_-2701364185220866694,train,0,42
blk_7513798237398108979,train,0,42
blk_-8078474829595041162,train,0,42
blk_4920564944526820370,train,0,42
blk_-3598498914926813386,train,0,42
blk_-1754108596429636502,train,0,42
blk_-1245802594298799882,train,0,42
blk_-2017452727783177944,train,0,42
blk_6958548832979972291,train,0,42
blk_8087464730698248222,train,0,42
blk_221933803851768778,train,0,42
blk_5420191400687739559,train,0,42
blk_-423873661476688084,train,0,42
blk_-7836725139652525194,train,0,42
blk_1415564897735053199,train,0,42
blk_2962613320994251230,train,0,42
blk_-8015245800748466278,train,0,42
blk_2524978945832303412,train,0,42
blk_3226846899895630623,train,0,42
blk_8730480993203209376,train,0,42
blk_8970491816462518888,train,0,42
blk_-6587999080880262727,train,0,42
blk_-4296518692765034357,train,0,42
blk_539982186542306723,train,0,42
blk_4998925575849714448,train,0,42
blk_-7609224759257603771,train,0,42
blk_-1215067493377696815,train,0,42
blk_-7174357040237105381,train,0,42
blk_3347067054717099839,train,0,42
blk_9006939235413024456,train,0,42
blk_1739557439747862307,train,0,42
blk_343680316313721682,train,0,42
blk_3459590776259717099,train,1,42
blk_-7255039238503833372,train,0,42
blk_7238864820646719903,train,1,42
blk_-5354501394440376381,train,0,42
blk_5169268983534165768,train,0,42
blk_-1321208761029788327,train,0,42
blk_2971891878490374687,train,0,42
blk_-1886661435912714194,train,0,42
blk_8468279358129541407,train,0,42
blk_1742261641774486553,train,0,42
blk_-155066473998348179,train,0,42
blk_2792111204409419205,train,0,42
blk_-622300020899698120,train,0,42
blk_-8568122015507585344,train,0,42
blk_1782199680449203323,train,0,42
blk_-6203943700604915342,train,0,42
blk_4063091680081653803,train,0,42
blk_-2212500842428288382,train,0,42
blk_5971295215843609928,train,0,42
blk_259406080362410779,train,0,42
blk_-367486663055713103,train,0,42
blk_-3921322654447226062,train,0,42
blk_-4587672694647292245,train,0,42
blk_4897611232794040392,train,0,42
blk_1975256442127923813,train,0,42
blk_-8577862852011226514,train,0,42
blk_-4419026760537717678,train,0,42
blk_1454814436108421705,train,0,42
blk_1676181143302732557,train,0,42
blk_209813423726977269,train,0,42
blk_5647213165021412282,train,0,42
blk_3528223628387549660,train,0,42
blk_1918187827599927326,train,0,42
blk_7511984898668935832,train,0,42
blk_-4121184551226032807,train,0,42
blk_2544960065880011612,train,1,42
blk_6111216537899880173,train,0,42
blk_-8874974568763517648,train,0,42
blk_-3950396992258340709,train,0,42
blk_3726462746759691475,train,0,42
blk_-8205015631150889624,train,0,42
blk_3394087248033980718,train,0,42
blk_-8640497224254426389,train,0,42
blk_5751547025523025552,train,0,42
blk_-7097080139670964388,train,0,42
blk_3560988415034251345,train,0,42
blk_1710048617854721680,train,0,42
blk_9099834768629347200,train,0,42
blk_-5012541512540078674,train,0,42
blk_-1649087812844702973,train,0,42
blk_-707034855953811229,train,0,42
blk_-2618270511652790318,train,0,42
blk_6414105811052675623,train,0,42
blk_1836380416179432721,train,0,42
blk_-8960882500023150754,train,0,42
blk_-2402952271357754198,train,0,42
blk_5290470929217870414,train,0,42
blk_2061651652974789464,train,0,42
blk_-2235308426523603300,train,0,42
blk_-1460711063335400650,train,0,42
blk_-5232066531240095939,train,0,42
blk_-3857785283864416221,train,0,42
blk_8414674857805715727,train,0,42
blk_-8538311767023094793,train,0,42
blk_3326503280173265027,train,0,42
blk_2671307632177266131,train,0,42
blk_-7416250905473777966,train,0,42
blk_9110137427138244066,train,0,42
blk_3520480874367552738,train,0,42
blk_8829267896637648845,train,0,42
blk_7071369516838353460,train,0,42
blk_-2434045028275487315,train,0,42
blk_2763415055177584880,train,0,42
blk_-8914378043571571561,train,0,42
blk_5980964552427200234,train,0,42
blk_-6864719155248484407,train,0,42
blk_538136303069867095,train,0,42
blk_2228729742380446620,train,0,42
blk_-2707848873148712799,train,0,42
blk_1058293800429584235,train,0,42
blk_-7231713479791148325,train,0,42
blk_-8289728219456542611,train,0,42
blk_-8008613237892865403,train,0,42
blk_-8015638961216467211,train,0,42
blk_-8313219198367459088,train,0,42
blk_658039517105773842,train,0,42
blk_5266552398590344609,train,0,42
blk_872533463120320758,train,0,42
blk_6875767551480624610,train,0,42
blk_-4554043743919795170,train,0,42
blk_1132290666724570402,train,0,42
blk_-4051369130465992296,train,0,42
blk_-484674255671727168,train,0,42
blk_-1296145964989625156,train,0,42
blk_246510082472843786,train,0,42
blk_-7363217194267303827,train,0,42
blk_-9093570971629159932,train,0,42
blk_-6200321457731789000,train,0,42
blk_2752793545769643483,train,0,42
blk_5666983998582264554,train,0,42
blk_-5903546825252689623,train,0,42
blk_4650855846757572107,train,0,42
blk_-334520789946233012,train,0,42
blk_-7292620734271464241,train,0,42
blk_-6148184115656640476,train,0,42
blk_-3446066558485887378,train,0,42
blk_5997024848375765282,train,0,42
blk_-5461884868524774822,train,0,42
blk_-728340372956247485,train,0,42
blk_8729004749560274014,train,0,42
blk_-9199048947154996181,train,0,42
blk_7791828946812623654,train,0,42
blk_-5862207854507044831,train,0,42
blk_3533746823922491264,train,0,42
blk_-721516218864006481,train,0,42
blk_-6778643818519108998,train,0,42
blk_2366065156723875595,train,0,42
blk_2358160030155157957,train,0,42
blk_-5459685827252235181,train,0,42
blk_3033000859066836758,train,0,42
blk_4599888573801874951,train,0,42
blk_2397834616480616000,train,0,42
blk_3590004139675926723,train,0,42
blk_-5538934218942370877,train,0,42
blk_6740035577941396099,train,0,42
blk_4557732913864193925,train,0,42
blk_-6107610765373979616,train,0,42
blk_3160034521000824762,train,0,42
blk_2021490086766031533,train,0,42
blk_8747386603439543598,train,0,42
blk_6196403765610906912,train,0,42
blk_-890146910676727009,train,0,42
blk_1414465811959244095,train,0,42
blk_-1959303767136786825,train,0,42
blk_-2198559460979541680,train,0,42
blk_994108326859137386,train,0,42
blk_7173833367017294577,train,0,42
blk_-8863906002893933415,train,0,42
blk_-4225112677987164008,train,0,42
blk_4858255171160555756,train,0,42
blk_-1302582046938147754,train,0,42
blk_5448776626902295491,train,0,42
blk_-536363692276638524,train,0,42
blk_556045244823446232,train,0,42
blk_2336060036136067507,train,0,42
blk_-7206158231499365315,train,0,42
blk_-2532411944500084095,train,0,42
blk_2809825176570704110,train,0,42
blk_7702078435450267121,train,0,42
blk_-5302649354007453072,train,0,42
blk_-3339617112090904221,train,0,42
blk_-7656803113331772103,train,0,42
blk_-4126905457966404987,train,0,42
blk_4352834460227529627,train,0,42
blk_-8181878396884686664,train,0,42
blk_5060038919588236665,train,0,42
blk_-1626647542506078858,train,0,42
blk_4942092490727449247,train,0,42
blk_-1086262312886696929,train,0,42
blk_1554659810968365509,train,0,42
blk_-5390393270549673756,train,0,42
blk_-5758606011952678776,train,0,42
blk_3305018298678575249,train,0,42
blk_-1848974248650436995,train,0,42
blk_689324123792496729,train,0,42
blk_7475460046560524646,train,0,42
blk_2087030505308897859,train,0,42
blk_-5899706985705659322,train,0,42
blk_7755632749282274377,train,0,42
blk_-4894535143175849142,train,0,42
blk_-5073196542021347812,train,0,42
blk_5149278059417704878,train,0,42
blk_-8653924723376863944,train,0,42
blk_4976792324774764362,train,0,42
blk_-2641066690643304319,train,0,42
blk_4274345551260618042,train,0,42
blk_-3037674277467317647,train,0,42
blk_6152170359504118455,train,0,42
blk_-4698450851435194183,train,0,42
blk_6837917821512658935,train,0,42
blk_4279363532842178393,train,0,42
blk_-6238543725384195549,train,0,42
blk_8795185628584137094,train,0,42
blk_728477869141014913,train,0,42
blk_-4293581061948960258,train,0,42
blk_-7492881017238243663,train,0,42
blk_-894980132704455133,train,0,42
blk_8147353247903605984,train,0,42
blk_7234433792667050311,train,0,42
blk_-5248063034567800884,train,0,42
blk_-2379982564141308936,train,0,42
blk_-6197437916176439103,train,0,42
blk_-2679352191468450589,train,0,42
blk_5007611348730773086,train,0,42
blk_1427810739378677655,train,0,42
blk_8430801789451648759,train,0,42
blk_7603359674482309344,train,0,42
blk_-3536673631528196959,train,0,42
blk_-1246933812373117999,train,0,42
blk_9016151459055624670,train,0,42
blk_-7126433121146003853,train,0,42
blk_6984333656386323617,train,0,42
blk_1344991051136319649,train,0,42
blk_3061313506239141713,train,0,42
blk_-9072241567429212264,train,0,42
blk_5592006186388171171,train,0,42
blk_-80235285517289011,train,0,42
blk_7890264351118740283,train,1,42
blk_-4708533842993082604,train,0,42
blk_-5814971140619400342,train,0,42
blk_8128286918105120306,train,0,42
blk_-392228010103417534,train,0,42
blk_9071164932486484360,train,0,42
blk_1947622059463965416,train,0,42
blk_4873263865590953406,train,0,42
blk_-2586872146050311525,train,0,42
blk_-298485813108062692,train,0,42
blk_-6827634894814653992,train,0,42
blk_-2979465185813146049,train,0,42
blk_-2330956150308795975,train,0,42
blk_4474024834709458584,train,0,42
blk_8380886323505320761,train,1,42
blk_-4296303294226890957,train,0,42
blk_-806154278409023695,train,0,42
blk_1954522329638500552,train,0,42
blk_7363920774097533727,train,0,42
blk_-7781930814251544257,train,0,42
blk_3864425668804588322,train,0,42
blk_-8417025069698572659,train,0,42
blk_-6788224419892407910,train,0,42
blk_-4500170294308971310,train,0,42
blk_-7499593293708792032,train,0,42
blk_-7604679174671766594,train,0,42
blk_1372170330294843714,train,0,42
blk_-4680533384702550423,train,0,42
blk_-8879272026732311026,train,0,42
blk_-4466693083651691073,train,0,42
blk_522243305969298338,train,0,42
blk_-1384599629826406672,train,0,42
blk_-3392146351213496077,train,0,42
blk_-4941051391226010540,train,0,42
blk_-6259572632466023991,train,0,42
blk_-5102154101642518295,train,0,42
blk_2615479083220956972,train,0,42
blk_-813976901932044572,train,0,42
blk_5886749104549066717,train,0,42
blk_-1973630945775627677,train,0,42
blk_-4785471376219961701,train,0,42
blk_-8852534493711907558,train,0,42
blk_4435933614901328289,train,0,42
blk_-7187559176932528571,train,0,42
blk_1800081175862496803,train,0,42
blk_-7917254411000533867,train,0,42
blk_2882548829969707415,train,0,42
blk_-1014984696374896017,train,0,42
blk_-2611802850448455162,train,0,42
blk_8250207926834299001,train,0,42
blk_6646327002685126834,train,0,42
blk_-5336631607785311550,train,0,42
blk_8889084268208863133,train,0,42
blk_-7579786956457498798,train,0,42
blk_3217759778626651788,train,1,42
blk_-4812017745904770209,train,0,42
blk_-4647743161983192793,train,0,42
blk_6727914759003125583,train,0,42
blk_6700419571720639170,train,0,42
blk_-5480340445865966269,train,0,42
blk_1509812941793722474,train,0,42
blk_-3735967136001941965,train,0,42
blk_-169851501102521823,train,0,42
blk_-7732652189947796502,train,0,42
blk_7109388198976697133,train,0,42
blk_-7091355314083797749,train,0,42
blk_-8936200493599104789,train,0,42
blk_6329889120223229626,train,0,42
blk_-3817341043275187357,train,0,42
blk_6575364848897892128,train,0,42
blk_-3264033781030158684,train,0,42
blk_-1534806825703118488,train,0,42
blk_1013744288647279325,train,0,42
blk_7753036217382268026,train,1,42
blk_6514167943912778173,train,0,42
blk_1574814746384532943,train,0,42
blk_4516149952153058284,train,0,42
blk_-8045919923570845993,train,0,42
blk_-6526381610136433824,train,0,42
blk_-7199092156687774144,train,0,42
blk_5656272669573214571,train,0,42
blk_-7038154444316605378,train,0,42
blk_2998696482684097005,train,0,42
blk_117432865431766338,train,0,42
blk_7266835692673041834,train,0,42
blk_4952804509368051134,train,0,42
blk_-9025583964817339619,train,0,42
blk_-4862179404048039265,train,0,42
blk_7080456127733692222,train,0,42
blk_196322972647223543,train,0,42
blk_-8297352521624907460,train,0,42
blk_-4577368775069978013,train,0,42
blk_4187600237515622723,train,0,42
blk_-1526415977226475947,train,0,42
blk_-3947337583210681991,train,0,42
blk_9043534260246423988,train,0,42
blk_-4123130214641375255,train,1,42
blk_-8630704985883270797,train,0,42
blk_7495372262293748507,train,0,42
blk_-5883244696731917017,train,0,42
blk_-2124314638439538784,train,0,42
blk_-1142489868284726664,train,0,42
blk_-4476084519067781698,train,0,42
blk_-1553058489364281367,train,0,42
blk_894262250337219480,train,0,42
blk_-3471512433234575243,train,0,42
blk_9189708161541167101,train,0,42
blk_-5386665284862303672,train,0,42
blk_-201179561944060767,train,0,42
blk_48236086072766049,train,0,42
blk_-1787407087240448952,train,0,42
blk_-2228124083639522187,train,0,42
blk_3371436852377426000,train,0,42
blk_-1890799987820138868,train,0,42
blk_-9151870843351043486,train,0,42
blk_-3719042010677138047,train,0,42
blk_-8011564287389379878,train,0,42
blk_-2864136685756586807,train,0,42
blk_5209755486692616811,train,0,42
blk_2562046770177998729,train,0,42
blk_-291732039091026534,train,0,42
blk_-1121568636783040618,train,0,42
blk_7492779755411726341,train,0,42
blk_6106587210063016241,train,0,42
blk_5764511388395138990,train,0,42
blk_4829492798847278203,train,0,42
blk_-7343576853723904731,train,0,42
blk_-8188513996447819529,train,0,42
blk_-8506270033472483901,train,0,42
blk_1700105907362309462,train,0,42
blk_-5424679488928949807,train,0,42
blk_696470363029601363,train,0,42
blk_4882544918822563018,train,0,42
blk_-443786982834683802,train,0,42
blk_537256276218854765,train,0,42
blk_6858886450587622195,train,0,42
blk_7976927328224721153,train,0,42
blk_-7327968623554057512,train,0,42
blk_8322031721579428906,train,1,42
blk_-7859866711405568166,train,0,42
blk_2283750369905467226,train,0,42
blk_4990505482888014578,train,0,42
blk_1550220312540559209,train,0,42
blk_6876303519254760193,train,0,42
blk_2046797227989586524,train,0,42
blk_-5959417296987513296,train,0,42
blk_2883445782797908513,train,0,42
blk_-3003077898723371305,train,0,42
blk_8205989830316243944,train,0,42
blk_-6376692213580458875,train,0,42
blk_52972568265072753,train,0,42
blk_6374779043910682408,train,0,42
blk_-3736082561462700699,train,0,42
blk_-5285177329291164258,train,0,42
blk_-1716879106352860481,train,0,42
blk_-8649329260822787652,train,0,42
blk_3508616907234267484,train,0,42
blk_-5624990589394504644,train,0,42
blk_-279753810392102850,train,0,42
blk_-4519070405243609174,train,0,42
blk_-1425919866282561702,train,0,42
blk_320644921398984210,train,0,42
blk_8029836231600915545,train,0,42
blk_4476840187058472158,train,0,42
blk_5528654678810810037,train,0,42
blk_1037521425108085795,train,0,42
blk_-1905895666011402592,train,0,42
blk_-9052273343005225441,train,0,42
blk_-7396146108535194022,train,0,42
blk_1177868744699241412,train,0,42
blk_5892319111943648262,train,0,42
blk_7091036734288236822,train,0,42
blk_-5262878363656977280,train,0,42
blk_-1019586369263837090,train,0,42
blk_-8444539834339326706,train,0,42
blk_-2559092816863676903,train,0,42
blk_3701698980793583565,train,0,42
blk_-984138032863322521,train,0,42
blk_-1258042988647083577,train,0,42
blk_-5986746260557146183,train,0,42
blk_-376705224090695017,train,0,42
blk_-7424369310458694967,train,0,42
blk_-570219202790439079,train,0,42
blk_3864152709007748131,train,0,42
blk_7119706573373536658,train,0,42
blk_3985923178776008715,train,0,42
blk_8776336428586368087,train,0,42
blk_2826349732754368107,train,0,42
blk_-7557339900832509212,train,0,42
blk_-4315750580784738791,train,0,42
blk_-1394880512803139231,train,0,42
blk_-1528246987125489703,train,0,42
blk_2339391659951262650,train,0,42
blk_-5246642158471522014,train,0,42
blk_6722550384588408837,train,0,42
blk_-4060383018158686171,train,0,42
blk_-6232252276213080388,train,0,42
blk_5020969280311662260,train,0,42
blk_-7396214874372105887,train,0,42
blk_-7383418309411948573,train,0,42
blk_-2508185422009331595,train,0,42
blk_-4650048182308003183,train,0,42
blk_-6851240265417913767,train,0,42
blk_5292805741451961726,train,0,42
blk_3206719996322358187,train,0,42
blk_1399670541943536540,train,0,42
blk_7331746512346730400,train,0,42
blk_5904975406279769261,train,0,42
blk_5805789509176349959,train,0,42
blk_-775498944417679740,train,0,42
blk_7817601891802905164,train,0,42
blk_-8407569502143869803,train,0,42
blk_7655651535445324778,train,0,42
blk_1770466659861772796,train,0,42
blk_4539222953191930961,train,0,42
blk_-4741700868024278345,train,0,42
blk_3419247930083611001,train,0,42
blk_5437432073274144590,train,0,42
blk_-2611393213927986219,train,0,42
blk_-4643373209442064912,train,0,42
blk_-3014660707791751984,train,0,42
blk_-4503896092661929511,train,0,42
blk_8952118144122276626,train,0,42
blk_7902930441971176953,train,0,42
blk_-5477195135289939933,train,0,42
blk_-4868809358138644903,train,0,42
blk_7191075906669409777,train,0,42
blk_-6373799250371552403,train,0,42
blk_7557042739331979733,train,0,42
blk_8442935053667143154,train,0,42
blk_3329300479588852013,train,0,42
blk_2293890369777912997,train,0,42
blk_836259582131895634,train,0,42
blk_714121065305249969,train,0,42
blk_8560988855957843863,train,0,42
blk_-6587952188538133085,train,0,42
blk_-477446544508082877,train,0,42
blk_-6109048008615171944,train,0,42
blk_589538127984379863,train,0,42
blk_-757722907630881638,train,0,42
blk_1469209429028141038,train,0,42
blk_-384782382414543506,train,0,42
blk_1743066953486171875,train,0,42
blk_8475845006217466246,train,0,42
blk_-7401436742083363421,train,0,42
blk_-1293512633002053956,train,0,42
blk_3749207363051697856,train,0,42
blk_-1809063419493621916,train,0,42
blk_8389994455486630103,train,0,42
blk_3567205059055750629,train,0,42
blk_-3348859197483827039,train,0,42
blk_3919637213119413427,train,0,42
blk_7528566623695890982,train,0,42
blk_8004853292461155895,train,0,42
blk_931487985591332631,train,0,42
blk_8485768515733327935,train,0,42
blk_9047753671560062663,train,0,42
blk_-382208454792077930,train,0,42
blk_5144431395797182773,train,0,42
blk_-1154449419017126284,train,0,42
blk_5250619060116773777,train,0,42
blk_6137673515938551406,train,0,42
blk_3139077343614831665,train,0,42
blk_-8223916725633527148,train,0,42
blk_-1115307025430556701,train,0,42
blk_873323260346984665,train,0,42
blk_-149772850226350600,train,0,42
blk_1910269310752626634,train,0,42
blk_-3209201871897983487,train,0,42
blk_7583430447354033655,train,1,42
blk_-5301632926363016520,train,0,42
blk_5486735541977305440,train,0,42
blk_-3508374140832184423,train,0,42
blk_-1297166595021579475,train,0,42
blk_3129333451114163485,train,0,42
blk_3197092430773719442,train,0,42
blk_6283769262226962823,train,0,42
blk_-3875751525080500621,train,0,42
blk_1315647582542563094,train,0,42
blk_-6344000492890416765,train,0,42
blk_6115950406592471676,train,0,42
blk_-1090388622085577488,train,0,42
blk_3718256961821776912,train,0,42
blk_3846406094497472567,train,0,42
blk_-5762184539277677248,train,0,42
blk_1715708730667987164,train,0,42
blk_-9174025415397829130,train,0,42
blk_8067518259916858915,train,0,42
blk_-4961906948033518772,train,0,42
blk_2985110830378872147,train,0,42
blk_5314042938649162619,train,0,42
blk_-5315784486069637422,train,0,42
blk_-3890458648581664515,train,0,42
blk_-247000134172075741,train,0,42
blk_1595265822749310206,train,0,42
blk_-8319476411785537140,train,0,42
blk_-3297826190222430253,train,0,42
blk_714328255662564734,train,0,42
blk_-3447675081593203325,train,0,42
blk_7052192917024197236,train,0,42
blk_-3473489358752725127,train,0,42
blk_-7815066953581009705,train,0,42
blk_602921238965174045,train,0,42
blk_1969363139605945891,train,0,42
blk_-5064963625329969494,train,0,42
blk_5627694530743572624,train,0,42
blk_3135492624277820955,train,0,42
blk_7061928771934109208,train,0,42
blk_-3014362727882418044,train,0,42
blk_-6022421706391636393,train,0,42
blk_1498503167447387579,train,0,42
blk_-385600160244871547,train,0,42
blk_-5736175591710568390,train,0,42
blk_3980187817227192340,train,0,42
blk_8884762042859020506,train,0,42
blk_-4316638059174815334,train,0,42
blk_-823150874392429170,train,0,42
blk_-9017750906979826277,train,0,42
blk_4311168534884153722,train,0,42
blk_-5489769338929426432,train,0,42
blk_4760586159163479976,train,0,42
blk_-1760226057183674531,train,0,42
blk_2262571035152087099,train,0,42
blk_1553502979528315628,train,0,42
blk_4515365856785539436,train,0,42
blk_-7038938659233096150,train,0,42
blk_5930152492222945255,train,0,42
blk_-5910252769536355669,train,0,42
blk_-563505096289343456,train,0,42
blk_-5535872563349072202,train,0,42
blk_-2780312306380730204,train,0,42
blk_2122674152307945012,train,0,42
blk_6806025840790842156,train,0,42
blk_9122410095424814488,train,0,42
blk_-7809408174736695874,train,0,42
blk_-6935722159665481177,train,0,42
blk_4688617395066242113,train,0,42
blk_-6145541553238592661,train,0,42
blk_7545369597049726027,train,0,42
blk_-9080666548765054616,train,0,42
blk_-6294185163053230338,train,0,42
blk_-4132417077212266059,train,0,42
blk_5377777087041888806,train,0,42
blk_5958407120351012558,train,0,42
blk_3342959205898544513,train,0,42
blk_3855590356038554176,train,0,42
blk_6506970391770114504,train,0,42
blk_-4935481517651415176,train,0,42
blk_1821766018424268708,train,0,42
blk_2590108780658672596,train,0,42
blk_-7067522137657188802,train,0,42
blk_-9042326155726391549,train,0,42
blk_-5644890079469616767,train,0,42
blk_6083220112460327764,train,0,42
blk_8349180330689597922,train,0,42
blk_-1012448112018683337,train,0,42
blk_2017117638035536387,train,0,42
blk_6080795345034680489,train,0,42
blk_-3818587568516004420,train,0,42
blk_8872732845191854558,train,1,42
blk_7923651405776642592,train,0,42
blk_-6100409657905558919,train,0,42
blk_-3674898024695571446,train,0,42
blk_1170699165457814084,train,0,42
blk_4691168002420066146,train,0,42
blk_2965925238597870136,train,0,42
blk_-6218347408702855164,train,0,42
blk_-5013252894143428762,train,0,42
blk_-3507866005467598187,train,0,42
blk_-3340441042351752069,train,0,42
blk_3062024989742968737,train,0,42
blk_-3142592332987487329,train,0,42
blk_-3895167668853139290,train,0,42
blk_-4642697736664865970,train,0,42
blk_7165816474157464835,train,0,42
blk_6509548156259288875,train,0,42
blk_-4060816301135414154,train,0,42
blk_6696074099105124440,train,0,42
blk_8439947108065952536,train,0,42
blk_5160484382975745314,train,0,42
blk_8799466901736871973,train,1,42
blk_-8846395772897206924,train,0,42
blk_3672397219432326548,train,0,42
blk_-3392801443599729609,train,0,42
blk_-7081166450284711698,train,0,42
blk_5037855401774999738,train,0,42
blk_-1232367382550091538,train,0,42
blk_-5262890769732040493,train,1,42
blk_-124484251040817575,train,0,42
blk_-7871283631715264122,train,0,42
blk_8666831662850439995,train,0,42
blk_-8081268677925885785,train,0,42
blk_4311106840372859346,train,0,42
blk_-7309526399459333546,train,0,42
blk_-6672877895022891297,train,0,42
blk_7226412203956147958,train,0,42
blk_-295978014330577610,train,0,42
blk_-4724928935907297394,train,1,42
blk_-8022141804671194321,train,0,42
blk_1384036384651546375,train,0,42
blk_-6817477489582629091,train,0,42
blk_-578180254724782511,train,0,42
blk_8204784536056345128,train,0,42
blk_-6750842541505030514,train,0,42
blk_-6640709710584258235,train,0,42
blk_-2664279862254808941,train,0,42
blk_-7274743992116676656,train,0,42
blk_-841583970895479402,train,0,42
blk_6317662130425282091,train,0,42
blk_-5280940163175056812,train,0,42
blk_-6596961624310605751,train,0,42
blk_-1742622730948075125,train,0,42
blk_-1479282538939026653,train,0,42
blk_-2500393361711833998,train,0,42
blk_5175513216974997436,train,0,42
blk_1207119201545082038,train,0,42
blk_-2713870122174878725,train,0,42
blk_-1393530150951064612,train,0,42
blk_-3705295882361439532,train,0,42
blk_-6103889770432966130,train,0,42
blk_-6400179847064811610,train,0,42
blk_4981126020449707242,train,0,42
blk_-626851973805020912,train,0,42
blk_-2674113115646047193,train,0,42
blk_-8217349116028556446,train,0,42
blk_-4889915990857127349,train,1,42
blk_-3908826955542013863,train,0,42
blk_6096552733740400330,train,0,42
blk_-7539945943079962689,train,0,42
blk_-9152188072391488968,train,0,42
blk_6786902294422499973,train,0,42
blk_-762511052830943391,train,0,42
blk_-7184976615378474173,train,1,42
blk_-3502763193472678995,train,0,42
blk_2748254777706244383,train,0,42
blk_-3999499335631077848,train,0,42
blk_-9078773272043331449,train,0,42
blk_4626250510949772818,train,0,42
blk_-2859351025820315720,train,0,42
blk_1803757761976902960,train,0,42
blk_-2697644806161332121,train,0,42
blk_7664397212048535591,train,0,42
blk_8456668650669601168,train,0,42
blk_-8812600230028023220,train,0,42
blk_-742317472582510808,train,0,42
blk_3978379565184749104,train,0,42
blk_-8407856752083445325,train,0,42
blk_5180038897081609948,train,0,42
blk_3343811664332529636,train,0,42
blk_-1882479387611843831,train,0,42
blk_5278825593435465275,train,0,42
blk_-1336153509686414020,train,0,42
blk_-1892860224366985230,train,0,42
blk_2968300847340353961,train,0,42
blk_-5235297747104564273,train,0,42
blk_-4376676609746740675,train,0,42
blk_-5431148322971047332,train,0,42
blk_4649730582298520412,train,0,42
blk_-3032533720224435216,train,0,42
blk_6095138324481739460,train,0,42
blk_5266549725597363421,train,0,42
blk_-1525620227778014189,train,0,42
blk_193124916839624360,train,0,42
blk_5852395577566676608,train,0,42
blk_-6081111487712547288,train,0,42
blk_8670427916441541041,train,0,42
blk_6616301975862622766,train,0,42
blk_-660330337050819206,train,0,42
blk_-4567933730072324126,train,0,42
blk_7489883310559745669,train,0,42
blk_1912206840645946558,train,0,42
blk_7490249453623880729,train,0,42
blk_-5486287655023987501,train,0,42
blk_-5669178799710612057,train,0,42
blk_3259238661558197860,train,0,42
blk_-8675656329746182219,train,0,42
blk_906362350988843175,train,0,42
blk_3768276175127798425,train,0,42
blk_-7901367888535459279,train,0,42
blk_4329927930570090173,train,0,42
blk_-8540899698419884159,train,0,42
blk_-1330715287414106268,train,0,42
blk_7868418638212177754,train,0,42
blk_-3726331472633026517,train,0,42
blk_1469587819287639292,train,0,42
blk_5115307342309420979,train,0,42
blk_8179882672049646440,train,0,42
blk_-7505179195937273331,train,0,42
blk_-3251101335713433616,train,0,42
blk_-3973718774237862253,train,0,42
blk_-4017043397027938958,train,0,42
blk_-591327592829461818,train,0,42
blk_-5689215003850929213,train,0,42
blk_4655869346912208328,train,0,42
blk_818572341140972363,train,0,42
blk_-1591366432220407390,train,0,42
blk_-2047836495594752296,train,0,42
blk_-984168298257223886,train,0,42
blk_569516786139635230,train,0,42
blk_-3033371462527611370,train,0,42
blk_2837569547314167545,train,0,42
blk_-1029660890023159176,train,0,42
blk_-3487512011158778874,train,0,42
blk_5418548899022626445,train,0,42
blk_-177644385537704357,train,0,42
blk_4627815207265825634,train,0,42
blk_56191122432552805,train,0,42
blk_-962305449846685587,train,0,42
blk_-4701497998147526898,train,0,42
blk_-1199043578284321646,train,0,42
blk_-862399636668910674,train,0,42
blk_4913487744816454609,train,0,42
blk_5817313176654248319,train,0,42
blk_-7112395044758618893,train,0,42
blk_28821286978518695,train,0,42
blk_6150002327249772908,train,0,42
blk_-1473302914248063873,train,0,42
blk_8115222723990144155,train,0,42
blk_-3785515099482940532,train,0,42
blk_-4840123045507439521,train,0,42
blk_7953504679994815464,train,0,42
blk_4769372451878314726,train,0,42
blk_-3890319149915909203,train,0,42
blk_-6986299420540241848,train,0,42
blk_356832594050150337,train,0,42
blk_-2620328384050592719,train,0,42
blk_6830577325731062401,train,0,42
blk_-2031387793172979012,train,0,42
blk_4735832011828498684,train,0,42
blk_-925361518567330190,train,0,42
blk_-8013629249441222683,train,0,42
blk_-3418999519882905260,train,0,42
blk_8093894801308977088,train,0,42
blk_-7771448584975413885,train,0,42
blk_649469027891088466,train,0,42
blk_2758074255655365452,train,0,42
blk_6965427371281435044,train,0,42
blk_7357133149719074066,train,0,42
blk_818570772673489452,train,0,42
blk_6394954940339653286,train,0,42
blk_-5187312641488210009,train,0,42
blk_2395806846647552162,train,0,42
blk_-2010447997446000505,train,0,42
blk_6498946257349733404,train,0,42
blk_8413842963472183267,train,0,42
blk_-2032047408400850346,train,0,42
blk_9214052417026132897,train,0,42
blk_-5248024268016549366,train,0,42
blk_4932862816578183771,train,0,42
blk_-6189337646217841143,train,0,42
blk_-8606248048225972912,train,0,42
blk_-7456863670242739139,train,0,42
blk_5028341592783391603,train,0,42
blk_3905894997810235606,train,0,42
blk_-7228625414510087833,train,0,42
blk_5017958379186799753,train,0,42
blk_2292814429591161626,train,0,42
blk_-4650048424261892142,train,0,42
blk_5549952647637316929,train,0,42
blk_-4536550838434370816,train,0,42
blk_5557138131432417557,train,0,42
blk_-944752570633517439,train,0,42
blk_634119883051778153,train,0,42
blk_626703723380071432,train,0,42
blk_8572267545249808138,train,0,42
blk_2750682976421149482,train,1,42
blk_801543367556006360,train,0,42
blk_5932428726991804853,train,0,42
blk_-156042847446568604,train,0,42
blk_-9110972569065428706,train,0,42
blk_-9167581359760699929,train,0,42
blk_8241059536570089148,train,0,42
blk_-6233625305238926227,train,0,42
blk_-4779205255695723216,train,0,42
blk_3623771302970997024,train,0,42
blk_2319293048768365701,train,0,42
blk_-166977918694336148,train,0,42
blk_-6150172339173800500,train,0,42
blk_2162063411348647684,train,0,42
blk_-3624216403550286795,train,0,42
blk_-6527833878815332543,train,0,42
blk_1263799020300469373,train,0,42
blk_-5831173577915965712,train,0,42
blk_-8173258212276578948,train,0,42
blk_3726930431289035764,train,0,42
blk_6573423406874048134,train,0,42
blk_8125928520388794896,train,0,42
blk_-6130637981672395654,train,0,42
blk_-1488819317083098400,train,0,42
blk_-2337115095386516782,train,0,42
blk_-3884758019075221550,train,0,42
blk_-6937845199890392146,validation,0,43
blk_7005507091384916469,validation,0,43
blk_5595725112318734848,validation,0,43
blk_3930553665329756768,validation,0,43
blk_-5856257579138174806,validation,0,43
blk_-1269205466157793044,validation,0,43
blk_-3303507115806583585,validation,0,43
blk_2139574074559273102,validation,0,43
blk_-5257442678225469945,validation,0,43
blk_2630702833961789181,validation,0,43
blk_4850817969018726413,validation,0,43
blk_5669414524049449675,validation,0,43
blk_-6907451105829373380,validation,0,43
blk_8159153774671312642,validation,0,43
blk_-732884928731298366,validation,0,43
blk_4912821956681725360,validation,0,43
blk_1638584134338096998,validation,0,43
blk_6808530044365376083,validation,0,43
blk_2844850107156952269,validation,0,43
blk_7166994781021790671,validation,0,43
blk_-7066964326563636859,validation,0,43
blk_-6734416284489993184,validation,0,43
blk_-7207864796814395389,validation,0,43
blk_-8191609059073188237,validation,0,43
blk_122002084738251605,validation,0,43
blk_-4149825034842491458,validation,0,43
blk_3511321980651623391,validation,0,43
blk_6836498797389803997,validation,0,43
blk_-8872853774258944919,validation,0,43
blk_-5217535578051116946,validation,0,43
blk_-4182676434535724059,validation,0,43
blk_-905363397392534269,validation,0,43
blk_3934885688576732895,validation,0,43
blk_7026025266115682375,validation,0,43
blk_5469365984243313478,validation,0,43
blk_-8895496800460525883,validation,0,43
blk_5977592305391421700,validation,0,43
blk_-1525348886696960140,validation,0,43
blk_1890255007866295765,validation,0,43
blk_-4145451207654895476,validation,0,43
blk_-2513569811961328723,validation,0,43
blk_5089993144051794011,validation,0,43
blk_-276593672449488485,validation,0,43
blk_-295673082584607925,validation,0,43
blk_-5941835131812644898,validation,0,43
blk_-7479079047029861399,validation,0,43
blk_7164274870390397851,validation,0,43
blk_4753111958043882985,validation,0,43
blk_-993407763948463123,validation,0,43
blk_-2798266204861767529,validation,0,43
blk_4575801248153748165,validation,0,43
blk_-7448312616222885107,validation,0,43
blk_631494985040207949,validation,0,43
blk_1308753764435719645,validation,0,43
blk_5209797689805479893,validation,0,43
blk_-7567004347941391292,validation,0,43
blk_-3988349656685909239,validation,0,43
blk_1068108225128997241,validation,0,43
blk_3709456153525373249,validation,0,43
blk_-2493213737015901228,validation,0,43
blk_6861042059031917659,validation,0,43
blk_1168546270195987448,validation,0,43
blk_9113780715528889853,validation,0,43
blk_4237476036647175923,validation,0,43
blk_545380496264546581,validation,0,43
blk_-5614435558623693437,validation,0,43
blk_8759984925924638375,validation,0,43
blk_3967500368789504933,validation,0,43
blk_-8867212037053872858,validation,0,43
blk_9026834649656515111,validation,0,43
blk_2773036918966682558,validation,0,43
blk_-828882262168925687,validation,0,43
blk_1303487729354801403,validation,0,43
blk_6796519609124049829,validation,0,43
blk_-6242873843576706928,validation,0,43
blk_3473040436040394530,validation,0,43
blk_1249095955029401972,validation,0,43
blk_6359359660240423093,validation,0,43
blk_9075580957160836879,validation,0,43
blk_-1677704184230772692,validation,0,43
blk_-9158559717252014714,validation,0,43
blk_-1236463477611783862,validation,0,43
blk_4671326346366971822,validation,0,43
blk_-766690855623640723,validation,0,43
blk_-3876362421298277853,validation,0,43
blk_1316685749645905581,validation,0,43
blk_-8680910482992521344,validation,0,43
blk_-2745181945077181508,validation,0,43
blk_-494357140360527482,validation,0,43
blk_-44017034218108510,validation,0,43
blk_-6116428516364758517,validation,0,43
blk_-8783351258961611217,validation,0,43
blk_-6425478295479018086,validation,0,43
blk_-8267428467536640203,validation,0,43
blk_4313926392838725271,validation,0,43
blk_-6609513525495527831,validation,0,43
blk_2668242285306807284,validation,0,43
blk_7323769126612278217,validation,0,43
blk_-712386984996135717,validation,0,43
blk_6062374887922322717,validation,0,43
blk_-7154018576079514842,validation,0,43
blk_-2043734410767061087,validation,0,43
blk_8228899895471850261,validation,0,43
blk_3824398742751070529,validation,0,43
blk_-310889953884886896,validation,0,43
blk_3770072619695164659,validation,0,43
blk_-6322277762023366367,validation,0,43
blk_2694082466677842959,validation,0,43
blk_1948835767543607557,validation,0,43
blk_1498993564903183989,validation,0,43
blk_-4049811119118562398,validation,0,43
blk_-6770955787889723468,validation,0,43
blk_4657820293730066593,validation,0,43
blk_7149492996111660023,validation,0,43
blk_-6999769365006942671,validation,0,43
blk_-8195759702622753780,validation,0,43
blk_-3824832665674166334,validation,0,43
blk_7547438951652690679,validation,0,43
blk_-8325744834030905173,validation,0,43
blk_8105469702197765417,validation,0,43
blk_-8574760978901946446,validation,0,43
blk_4630212809392643001,validation,0,43
blk_-6105428735944739596,validation,1,43
blk_-7815987803009001297,validation,0,43
blk_-5879674419267229393,validation,0,43
blk_3045801997339348973,validation,0,43
blk_1628234512484764683,validation,0,43
blk_8279194645414195215,validation,0,43
blk_2270469511276103987,validation,0,43
blk_6534428924962295931,validation,0,43
blk_1662448620561637232,validation,0,43
blk_-7234783135949429154,validation,0,43
blk_-1491269720329871945,validation,0,43
blk_-7353996828663105051,validation,0,43
blk_-4509394210223524343,validation,0,43
blk_4806535996477232284,validation,0,43
blk_-2283052138857246578,validation,0,43
blk_4854754470122715666,validation,0,43
blk_4965288650597628031,validation,0,43
blk_-8844622897186181080,validation,0,43
blk_3917938087552924793,validation,0,43
blk_-3954733719172794860,validation,0,43
blk_8092869566352925448,validation,0,43
blk_-7430663517833198096,validation,0,43
blk_-8828505791594324031,validation,0,43
blk_2895519491650040566,validation,0,43
blk_7979247043709862223,validation,0,43
blk_-7755815750974977139,validation,0,43
blk_2835359893337772086,validation,0,43
blk_8889085857074134079,validation,0,43
blk_-8716153842512591570,validation,0,43
blk_-7319680933088179716,validation,0,43
blk_8885225196806348621,validation,0,43
blk_-3670677811525582594,validation,0,43
blk_66011962647216536,validation,0,43
blk_7738824814808709100,validation,0,43
blk_7152896803481514746,validation,0,43
blk_1251394590911561933,validation,0,43
blk_-484651053627443706,validation,0,43
blk_5576829411162767875,validation,0,43
blk_-1179230554227816535,validation,0,43
blk_2760374576133193100,validation,0,43
blk_8168079472056570259,validation,0,43
blk_-2886987213994464196,validation,0,43
blk_-7932812651930751474,validation,0,43
blk_3719344636798746564,validation,0,43
blk_1987782403720713613,validation,0,43
blk_7863668764150736043,validation,0,43
blk_3599681401346085968,validation,0,43
blk_7055632316379183370,validation,0,43
blk_-3207073785328376344,validation,0,43
blk_3994594527948494652,validation,0,43
blk_-7803249515215874557,validation,0,43
blk_-6418828613622092910,validation,0,43
blk_-22016853902685120,validation,0,43
blk_3787277855495199597,validation,0,43
blk_-8819639355102928265,validation,0,43
blk_-4296978763272148161,validation,0,43
blk_-8164828249899168043,validation,0,43
blk_-5201222926643085039,validation,0,43
blk_-6045970541141835314,validation,0,43
blk_-7793724140903023570,validation,0,43
blk_-3988143984416314267,validation,0,43
blk_493779879125633460,validation,0,43
blk_-387346068617839533,validation,0,43
blk_2734394707332175754,validation,0,43
blk_-5723365383898377403,validation,0,43
blk_3189831395215427437,validation,0,43
blk_-5870648139786923497,validation,0,43
blk_227071536027594083,validation,0,43
blk_5065532447434643658,validation,0,43
blk_-9011680060574350982,validation,0,43
blk_-247539768028842301,validation,0,43
blk_3478900260100525259,validation,0,43
blk_6476980064335849388,validation,0,43
blk_8111382481192101565,validation,0,43
blk_-6336950400409679517,validation,0,43
blk_2704773187292235189,validation,0,43
blk_1612716013254174805,validation,0,43
blk_-4884177863507332448,validation,0,43
blk_-7323748140296291503,validation,0,43
blk_-6199924414877833685,validation,1,43
blk_6701089970432227229,validation,0,43
blk_1610160155248309882,validation,0,43
blk_-2612784758425402197,validation,0,43
blk_-8638442557570632582,validation,0,43
blk_-913261636223387779,validation,1,43
blk_-6671049468536504590,validation,0,43
blk_4359575574436017051,validation,0,43
blk_-8428744823887803228,validation,0,43
blk_-8274236610864465666,validation,0,43
blk_2170685859394565952,validation,0,43
blk_-1527383675624311754,validation,0,43
blk_1783885090598625037,validation,0,43
blk_-2631977716821345472,validation,0,43
blk_-4551624092294767426,validation,0,43
blk_7835830340936497603,validation,0,43
blk_-2652016343494418045,validation,0,43
blk_1371553394363978425,validation,0,43
blk_4441670311923003148,validation,0,43
blk_-4314611186092331785,validation,0,43
blk_-7870257212731474400,validation,0,43
blk_-4605796234307396976,validation,0,43
blk_4285564569344795996,validation,0,43
blk_-4578711058096583940,validation,0,43
blk_3971280432092660389,validation,0,43
blk_-8228727257200262425,validation,0,43
blk_8989100657622103433,validation,0,43
blk_-6083094632327002609,validation,0,43
blk_140651558260269590,validation,0,43
blk_4819683781870578074,validation,0,43
blk_-4897013202890273053,validation,0,43
blk_3244480433844926463,validation,0,43
blk_-4493700950313379512,validation,0,43
blk_-2552006358156488565,validation,1,43
blk_7098828055043843704,validation,0,43
blk_8752664924189179338,validation,1,43
blk_3227173832649995462,validation,0,43
blk_3377633609885598125,validation,0,43
blk_-3771528575280659935,validation,0,43
blk_-5342361099154436931,validation,0,43
blk_1622134277767756136,validation,0,43
blk_4534258428106019237,validation,0,43
blk_-6166559370562059011,validation,0,43
blk_2839952743180468349,validation,0,43
blk_2612485317428564171,validation,0,43
blk_-6908036477069204637,validation,0,43
blk_7743354501649944474,validation,0,43
blk_3032397684012693870,validation,0,43
blk_5673900903019843408,validation,0,43
blk_1934626005050665361,validation,0,43
blk_-6729224244811847259,validation,0,43
blk_-4046071478808122879,validation,0,43
blk_-1791428159690860972,validation,0,43
blk_5434247230116335417,validation,0,43
blk_2772610114127586474,validation,0,43
blk_-4084047169921108392,validation,0,43
blk_4177203532393429404,validation,1,43
blk_2601797023831899313,validation,1,43
blk_-3810413709338757509,validation,0,43
blk_7675752716708897670,validation,0,43
blk_-3703997561321422318,validation,0,43
blk_-6955034458153483160,validation,0,43
blk_3501064836200953633,validation,0,43
blk_1682405283791844811,validation,0,43
blk_8566584578692536545,validation,0,43
blk_1411562066354813383,validation,0,43
blk_-7466588481049674420,validation,0,43
blk_-7378032350670818454,validation,0,43
blk_9046498108754757395,validation,0,43
blk_-4534426637980504542,validation,0,43
blk_-6052220517368878647,validation,0,43
blk_-5556212856656412493,validation,0,43
blk_1054939402038384908,validation,0,43
blk_-8875345267672160713,validation,0,43
blk_1397422290167292970,validation,0,43
blk_3972523626004853905,validation,0,43
blk_4059557262733872636,validation,0,43
blk_1913113318865556378,validation,0,43
blk_-7383277918636762334,validation,0,43
blk_-405613843685949874,validation,0,43
blk_-6987188926155864790,validation,0,43
blk_4319921737745686412,validation,0,43
blk_-7217926209823259921,validation,0,43
blk_4068130533016158356,validation,0,43
blk_-8903716520241669028,validation,0,43
blk_1767268606106454895,validation,0,43
blk_5936346684717523155,validation,0,43
blk_-8018117376346500095,validation,0,43
blk_-7519118665645388899,validation,0,43
blk_6046726837749330651,validation,0,43
blk_5833512210407739764,validation,0,43
blk_-8302656318016040836,validation,0,43
blk_3760719837611058642,validation,0,43
blk_-6784325948647721831,validation,0,43
blk_-6206972426486004404,validation,0,43
blk_197114312986785624,validation,0,43
blk_-4450420738569819345,validation,0,43
blk_4363377060353733883,validation,0,43
blk_-3772929437035274114,validation,1,43
blk_-815337128416815790,validation,0,43
blk_6684148351923193410,validation,0,43
blk_-5189746331342812873,validation,0,43
blk_1935311402591093660,validation,0,43
blk_-5827121428493095873,validation,0,43
blk_-4206751886560029438,validation,0,43
blk_589979366865203884,validation,0,43
blk_3874224543077489556,validation,0,43
blk_-8631994555303403594,validation,0,43
blk_6680871772329352896,validation,0,43
blk_-3697382622929912154,validation,0,43
blk_-3898472114370870204,validation,0,43
blk_7243491916198185166,validation,0,43
blk_-1181979739838482115,validation,0,43
blk_-8967719675491345602,validation,1,43
blk_-3146657615985932039,validation,0,43
blk_-9220198646758798316,validation,0,43
blk_1187317391658367541,validation,0,43
blk_-5286880847011930058,validation,0,43
blk_5043543890764368284,validation,0,43
blk_683002048547859372,validation,0,43
blk_-4880621060527962695,validation,0,43
blk_-797185709557475258,validation,0,43
blk_9198712022631345084,validation,0,43
blk_-3800167490762058726,validation,1,43
blk_-3820939005660016282,validation,0,43
blk_-5209756550836928908,validation,0,43
blk_9183464571269668170,validation,0,43
blk_2826227557305772874,validation,0,43
blk_1248570060175766586,validation,0,43
blk_2917002799795489189,validation,0,43
blk_7987927044946415441,validation,0,43
blk_-1958470214516995592,validation,0,43
blk_-4028861343654473366,validation,0,43
blk_-7445131833008074530,validation,0,43
blk_2948968536237254815,validation,0,43
blk_5603494038956361978,validation,0,43
blk_-1789547221175659677,validation,0,43
blk_8433408245698586157,validation,0,43
blk_-8241443097771161069,validation,0,43
blk_1400651590625334594,validation,0,43
blk_-368651958888629558,validation,0,43
blk_5196604407261128772,validation,0,43
blk_-7225409255760659513,validation,0,43
blk_4935389665309338736,validation,1,43
blk_502204826883760103,validation,0,43
blk_-6226004768241277423,validation,0,43
blk_5033721441991813684,validation,0,43
blk_-7785133459470502240,validation,0,43
blk_-3136683189769785562,validation,0,43
blk_7464013536625051975,validation,0,43
blk_1831933283943144112,validation,0,43
blk_-3236792862558575992,validation,0,43
blk_-390713994518269176,validation,0,43
blk_-5411927440878238268,validation,0,43
blk_5947164584486960969,validation,1,43
blk_-5381410804393033733,validation,0,43
blk_-9048573023858509407,validation,0,43
blk_-3260580548986016400,validation,0,43
blk_3463012424308740522,validation,0,43
blk_8169811619208480903,validation,0,43
blk_-3331621208212846760,validation,0,43
blk_1843629649569782108,validation,0,43
blk_-4072609142955103576,validation,0,43
blk_-3301431557117384418,validation,0,43
blk_8822329943757258685,validation,0,43
blk_5039157777992638265,validation,0,43
blk_8454737511992175548,validation,0,43
blk_-9138091292087196976,validation,0,43
blk_-1820291638853264708,validation,0,43
blk_6263820619544858063,validation,0,43
blk_-2074605872839429857,validation,0,43
blk_7656122879082847819,validation,0,43
blk_8725609455084366076,validation,0,43
blk_-925091462507161306,validation,0,43
blk_769952509844938228,validation,0,43
blk_-5817935215552294013,validation,0,43
blk_-1499082813264971867,validation,0,43
blk_7996884589815601128,validation,0,43
blk_3630930897853493856,validation,0,43
blk_-6061380687766768092,validation,0,43
blk_-2310965272174757051,validation,0,43
blk_-5547874466941110718,validation,0,43
blk_-394702740639994897,validation,0,43
blk_7746133915883255600,validation,0,43
blk_819332777393130271,validation,0,43
blk_5833223742587844849,validation,0,43
blk_3635712187417140985,validation,0,43
blk_-5827719927619265989,validation,0,43
blk_-2818083819937820547,validation,0,43
blk_-9125388946282501869,validation,0,43
blk_3832108408645934856,validation,0,43
blk_1437835549007453653,validation,0,43
blk_4017420672907750104,validation,0,43
blk_8163709831180142357,validation,0,43
blk_-5526038260332622531,validation,0,43
blk_850113116973025509,validation,0,43
blk_-4305192757146754383,validation,0,43
blk_-9110342738179196852,validation,0,43
blk_5599439890203750991,validation,0,43
blk_2165197841358336737,validation,0,43
blk_3534793567721279172,validation,0,43
blk_-1209592526563072822,validation,0,43
blk_-6894838966215169764,validation,0,43
blk_-7625048037254633671,validation,0,43
blk_6352682968788711901,validation,0,43
blk_6815136909966896930,validation,1,43
blk_5079486861049119766,validation,0,43
blk_-4707051241288160895,validation,0,43
blk_-1334904252799088065,validation,0,43
blk_725973241377339963,validation,0,43
blk_1634741278693826729,validation,0,43
blk_-8938193285287882392,validation,0,43
blk_-398178696848951432,validation,0,43
blk_5453466267942794334,validation,0,43
blk_3036267789308580205,validation,0,43
blk_6922472076186830266,validation,0,43
blk_4386807386972765687,validation,0,43
blk_2623983667150935124,validation,0,43
blk_3865240899853188405,validation,0,43
blk_4689659845295033047,validation,0,43
blk_161264904844927191,validation,0,43
blk_-6868854808318015655,validation,0,43
blk_4639261879410923432,validation,0,43
blk_-5158646295271634466,validation,0,43
blk_-2221773049636477876,validation,0,43
blk_-7319496324547532792,validation,0,43
blk_8857698234165429255,validation,0,43
blk_6008965139556267317,validation,0,43
blk_5673210056241861900,validation,0,43
blk_112375304072903226,validation,0,43
blk_-2852236285355119184,validation,0,43
blk_-7193965990827044072,validation,0,43
blk_-7940721110864144827,validation,0,43
blk_-4497392797155036407,validation,0,43
blk_8444653407932697319,validation,0,43
blk_3865148986689723424,validation,0,43
blk_356994538689792130,validation,0,43
blk_6636195096278400362,validation,1,43
blk_-6358717389356522418,validation,0,43
blk_5717107677790151092,validation,1,43
blk_-1263134773053712031,validation,0,43
blk_-5328562674702551590,validation,0,43
blk_-1722571980332665563,validation,0,43
blk_1105614899309122817,validation,0,43
blk_8929405809870045995,validation,0,43
blk_-1107068375089183452,validation,0,43
blk_4564922874031479578,validation,0,43
blk_-2316529144488009782,validation,0,43
blk_-2747293245542765531,validation,0,43
blk_-8658981758328059676,validation,0,43
blk_-6508454361597349228,validation,0,43
blk_-3164409301315799285,validation,0,43
blk_309014367968712070,validation,0,43
blk_7201694828847214891,validation,1,43
blk_5684798648392410059,validation,1,43
blk_-7186236136765288339,validation,0,43
blk_-6828785903280844402,validation,0,43
blk_-3893395279012941550,validation,0,43
blk_4113377613482688277,validation,0,43
blk_5525235831077514631,validation,0,43
blk_13056725715275426,validation,0,43
blk_977174248738221531,validation,0,43
blk_-998485911754027310,validation,0,43
blk_-3655166778601521508,validation,0,43
blk_-7522828474986066372,validation,0,43
blk_26525526643583116,validation,0,43
blk_823402082022229848,validation,0,43
blk_5280280625462583606,validation,0,43
blk_-7181746813537143403,validation,0,43
blk_-3325921996169782135,validation,0,43
blk_548508521252350576,validation,0,43
blk_2850936201233731719,validation,0,43
blk_2110804105197810555,validation,0,43
blk_8679693684002380246,validation,0,43
blk_-1641578584584736268,validation,0,43
blk_2858621789460726767,validation,0,43
blk_6363759434803807138,validation,1,43
blk_6901821231909919778,validation,0,43
blk_1363773426508991355,validation,0,43
blk_-2566269342920920071,validation,0,43
blk_-7405733001628436044,validation,0,43
blk_-520406663485183920,validation,0,43
blk_-6119331057465143687,validation,0,43
blk_7861809873540884678,validation,0,43
blk_-73615770528713671,validation,0,43
blk_1043637045519289718,validation,0,43
blk_8010003730849051088,validation,0,43
blk_2294706715717762982,validation,0,43
blk_-6997069383363958651,validation,0,43
blk_5678587993379815771,validation,0,43
blk_-7490131382649125080,validation,0,43
blk_-7645208701375356268,validation,0,43
blk_2578650922378437813,validation,0,43
blk_5737034815630754904,validation,0,43
blk_5093456870032907435,validation,0,43
blk_-1150398409523980729,validation,0,43
blk_-4932898708380025240,validation,0,43
blk_-5906307122014988652,validation,0,43
blk_-2927462160716726354,validation,0,43
blk_8221835614734387401,validation,0,43
blk_-6421382813831069012,validation,0,43
blk_-4850614943327035687,validation,0,43
blk_4800055570568924724,validation,0,43
blk_5053144702098677017,validation,0,43
blk_-2481169229626509335,validation,0,43
blk_-4274479643948973432,validation,0,43
blk_-6600668492291954399,validation,0,43
blk_170442932444796989,validation,0,43
blk_8547902603633448574,validation,0,43
blk_5181270319083685565,validation,0,43
blk_3952034465486542748,validation,0,43
blk_-3529279117615734776,validation,0,43
blk_9103969947831048101,validation,0,43
blk_9218732311284286642,validation,0,43
blk_-5128267646070793665,validation,0,43
blk_1702834161856979254,validation,0,43
blk_-7423508956646299008,validation,0,43
blk_4520605545091393888,validation,0,43
blk_-5398021190760825037,validation,0,43
blk_3048637511571454649,validation,0,43
blk_5371894346724423299,validation,0,43
blk_-4560278609286621418,validation,0,43
blk_-4778142175574874138,validation,0,43
blk_2065124518760739223,validation,0,43
blk_224153894388851429,validation,0,43
blk_3648276862728382791,validation,0,43
blk_-4241420855167509314,validation,0,43
blk_6883217916571577977,validation,0,43
blk_-7818687486526907260,validation,0,43
blk_8009489747846444061,validation,1,43
blk_-7827753003091352852,validation,0,43
blk_-6119182939737452450,validation,0,43
blk_8225863971862654954,validation,0,43
blk_-7868865238654399774,validation,0,43
blk_2034924979280181909,validation,0,43
blk_-2153732705492585053,validation,0,43
blk_-165324613357821823,validation,0,43
blk_-3660107680627201492,validation,0,43
blk_-8132106683537953527,validation,0,43
blk_-5015851637864099437,validation,0,43
blk_-4330330016024179833,validation,0,43
blk_6566134286218407474,validation,0,43
blk_8894291214484020279,validation,0,43
blk_-4490384971749208438,validation,0,43
blk_4236962780407532237,validation,0,43
blk_-140561397254753513,validation,0,43
blk_-297560712465144759,validation,0,43
blk_1993261871097487772,validation,0,43
blk_8133202566690150790,validation,0,43
blk_7562820940031100780,validation,0,43
blk_1154384680272242005,validation,0,43
blk_4796964967723335810,validation,0,43
blk_-7409136127172310009,validation,0,43
blk_-348791750334004774,validation,1,43
blk_7415277777261315217,validation,0,43
blk_-7815371648242380565,validation,0,43
blk_-5576778018617996783,validation,0,43
blk_-8489989791842903457,validation,0,43
blk_-6366869612615325675,validation,0,43
blk_-6907900019393144629,validation,0,43
blk_2122273381123045421,validation,0,43
blk_-4107444164193716753,validation,0,43
blk_-6788298791681514320,validation,0,43
blk_6816546902755334038,validation,0,43
blk_1983796557503066492,validation,0,43
blk_-4327141987747202835,validation,0,43
blk_658935725172764536,validation,0,43
blk_4196568869473505154,validation,0,43
blk_2768217439775938186,validation,0,43
blk_3773795301247930069,validation,0,43
blk_-1002710156141321456,validation,0,43
blk_5616084661815297985,validation,0,43
blk_8129369711140087643,validation,0,43
blk_-2750178752472962709,validation,0,43
blk_5742647740305959937,validation,0,43
blk_1806516636118002489,validation,0,43
blk_3966032321654731191,validation,0,43
blk_-2684155645742790490,validation,0,43
blk_-6784700889530792228,validation,0,43
blk_-6942685757746253051,validation,0,43
blk_-7662200215521623151,validation,0,43
blk_-6392660066398902940,validation,0,43
blk_-3044219860943850401,validation,0,43
blk_8383386899442537318,validation,0,43
blk_-5069861768597556434,validation,0,43
blk_-2690456798682398054,validation,0,43
blk_5649250842404715595,validation,1,43
blk_-5804463310886265521,validation,0,43
blk_8813945741166011781,validation,0,43
blk_-8784843669353811413,validation,0,43
blk_2989414538650802652,validation,0,43
blk_590375365385784154,validation,0,43
blk_4485030367120299262,validation,0,43
blk_6979136491235062758,validation,0,43
blk_269907581024422810,validation,0,43
blk_7960258908340161461,validation,0,43
blk_-8319169291775479636,validation,0,43
blk_1823283101612595507,validation,0,43
blk_-4604888127796184855,validation,0,43
blk_-3022815093293642580,validation,0,43
blk_-2333597835690890733,validation,0,43
blk_-6915883380254976030,validation,0,43
blk_-7139252853459880214,validation,0,43
blk_-5791045432185698558,validation,0,43
blk_-8249377718098073534,validation,0,43
blk_-7656806851612447173,validation,0,43
blk_-662833444392087389,validation,0,43
blk_1765327605776628304,validation,0,43
blk_-8981067555489818279,validation,0,43
blk_-4274198854354454841,validation,0,43
blk_9032640008241246852,validation,0,43
blk_-899214267147178787,validation,0,43
blk_-5303568590329082947,validation,0,43
blk_7479830852063095763,validation,1,43
blk_-8873585867681035339,validation,0,43
blk_1362718257184335275,validation,0,43
blk_-8769735453524619234,validation,0,43
blk_-5708996964588577693,validation,0,43
blk_-7433030344270777267,validation,0,43
blk_1222461897132293114,validation,0,43
blk_-4172251566995160415,validation,0,43
blk_8871203275107673291,validation,0,43
blk_-7380596014178113996,validation,0,43
blk_-2984735090182733748,validation,0,43
blk_5854480612116493634,validation,0,43
blk_-599799662388130714,validation,0,43
blk_7667035177072607668,validation,0,43
blk_-104268264503534370,validation,0,43
blk_1587233312894847984,validation,0,43
blk_-3031282374103363527,validation,1,43
blk_1998554087989903994,validation,0,43
blk_-6147620644399523843,validation,0,43
blk_-4844149439466240490,validation,0,43
blk_-2052823129962794369,validation,0,43
blk_-8178190132165102283,validation,0,43
blk_1965746838440352701,validation,0,43
blk_-6799756564159998587,validation,0,43
blk_4423469645806062541,validation,0,43
blk_-2881487629567359539,validation,0,43
blk_3556541424773394732,validation,0,43
blk_3939196638635600352,validation,0,43
blk_455529226698631192,validation,0,43
blk_7430495603576520183,validation,0,43
blk_2783736470152054696,validation,0,43
blk_-7614916448005498659,validation,0,43
blk_-2534841034432172098,validation,0,43
blk_-5351596504541783103,validation,0,43
blk_1705954130753451155,validation,0,43
blk_4957683037816644594,validation,0,43
blk_-7763865470137709260,validation,0,43
blk_-4773081082520057031,validation,0,43
blk_-6567055141299560628,validation,0,43
blk_8318294999909171496,validation,0,43
blk_-3121187262217883249,validation,0,43
blk_-6676260410652718779,validation,0,43
blk_-4311868906495474157,validation,0,43
blk_-7452887541955546174,validation,0,43
blk_1893983354471953591,validation,0,43
blk_-3212103749182977576,validation,0,43
blk_1038581799550516648,validation,0,43
blk_1975357026661510621,validation,1,43
blk_-8172510026848551971,validation,0,43
blk_501737357845857743,validation,0,43
blk_-1143130240379907343,validation,1,43
blk_7137919720582193714,validation,0,43
blk_3715307511121671993,validation,0,43
blk_-4820097298824477354,validation,0,43
blk_-5344955427991588307,validation,0,43
blk_-6113006360619394051,validation,0,43
blk_3451995367260809125,validation,1,43
blk_-7937425194432473830,validation,0,43
blk_-205083600808005113,validation,0,43
blk_-7767637136012595750,validation,0,43
blk_5436907752456817046,validation,0,43
blk_-2825750513947969884,validation,0,43
blk_8562188286472069624,validation,0,43
blk_5264315212150632321,validation,0,43
blk_4742321448211737360,validation,0,43
blk_2067532975078738870,validation,0,43
blk_-6049392224833537117,validation,0,43
blk_-3921137978384003680,validation,0,43
blk_-3887813285364460174,validation,0,43
blk_1849907060831741362,validation,0,43
blk_-1044827531094100319,validation,0,43
blk_6074223678472240062,validation,0,43
blk_7785882042883376041,validation,0,43
blk_-3410905119228371095,validation,0,43
blk_-3638226233767184926,validation,0,43
blk_-8849079819901305619,validation,0,43
blk_8652087183024121225,validation,0,43
blk_4069410611148934637,validation,0,43
blk_-1478843903114016209,validation,1,43
blk_-6112038250685146957,validation,0,43
blk_6880215365720125302,validation,0,43
blk_-8592635485153556778,validation,0,43
blk_-6655870042219137420,validation,0,43
blk_-7981689493414528552,validation,0,43
blk_6048657629660857532,validation,0,43
blk_4183271656010517352,validation,0,43
blk_6313156654126928231,validation,0,43
blk_8564669570918395074,validation,1,43
blk_4834308307099885708,validation,0,43
blk_1110322166402725328,validation,0,43
blk_2320566898974324976,validation,0,43
blk_-5623618846451481584,validation,0,43
blk_-351825653591085514,validation,0,43
blk_-5818334445870459509,validation,0,43
blk_7836393487037093144,validation,0,43
blk_-1407775157594468333,validation,0,43
blk_-241204096668546194,validation,0,43
blk_8569602784843856057,validation,0,43
blk_6018835190283438231,validation,0,43
blk_6174897837604632027,validation,0,43
blk_5006614643336618361,validation,0,43
blk_4536510555790646004,validation,0,43
blk_-2074798819808082663,validation,0,43
blk_2384872193028956894,validation,0,43
blk_835341968521684553,validation,0,43
blk_-6905178653606306266,validation,0,43
blk_-8950882329638148430,validation,0,43
blk_-3783001775739616779,validation,0,43
blk_722339787954940805,validation,0,43
blk_6148308711146326599,validation,0,43
blk_1582006337424039041,validation,0,43
blk_6524315309555225976,validation,0,43
blk_-1594885240648082029,validation,0,43
blk_-5740969567794004261,validation,0,43
blk_-7930071808122278334,validation,0,43
blk_-3026112612137039981,validation,0,43
blk_-812666919542777652,validation,0,43
blk_-6296328599520516215,validation,0,43
blk_-5454723835749839686,validation,0,43
blk_775863801246170086,validation,0,43
blk_-3476710121196593283,validation,0,43
blk_-1183278433980553869,validation,0,43
blk_8902425017314766082,validation,0,43
blk_1404540329009368481,validation,0,43
blk_-5328095619739972537,validation,0,43
blk_-1533991748175497039,validation,0,43
blk_-7515666669019714684,validation,0,43
blk_-7689611540296797530,validation,0,43
blk_2116559215515651721,validation,0,43
blk_-1192312529794449621,validation,0,43
blk_-4399835300175549083,validation,0,43
blk_-472819353803866889,validation,0,43
blk_-588158744667795099,validation,0,43
blk_3169704538488753645,validation,0,43
blk_3965877239209225572,validation,0,43
blk_-8334089829646893304,validation,1,43
blk_-1625601041794650171,validation,0,43
blk_5637588546074353742,validation,0,43
blk_-4822856304985215691,validation,0,43
blk_481078625976992715,validation,0,43
blk_-7990477588166101606,validation,0,43
blk_4054356382270586246,validation,0,43
blk_-9134102058933656505,validation,0,43
blk_26031501127892450,validation,0,43
blk_-8253577135552325426,validation,1,43
blk_-6089396177793592991,validation,0,43
blk_-2704816545280163719,validation,0,43
blk_8285729329258819526,validation,0,43
blk_7152648220067518575,validation,0,43
blk_4597925316943671270,validation,0,43
blk_9072296168904615348,validation,0,43
blk_1712888895647524687,validation,0,43
blk_-3823526126059036144,validation,0,43
blk_3907953842108086524,validation,0,43
blk_731777130871266185,validation,0,43
blk_5252602631422162355,validation,0,43
blk_-7017471805182524811,validation,0,43
blk_2227029521262467292,validation,0,43
blk_6222031196566763069,validation,0,43
blk_4574165043435992900,validation,0,43
blk_797153206397842539,validation,0,43
blk_5446409327463493737,validation,0,43
blk_8346796675508394704,validation,0,43
blk_-9064194182308551603,validation,0,43
blk_8942854224475268438,validation,0,43
blk_4986512078415739796,validation,0,43
blk_-3432163438918085925,validation,0,43
blk_-940516449991334022,validation,0,43
blk_-8072036319372940133,validation,0,43
blk_-826988008578043692,validation,0,43
blk_-5794971897885625432,validation,0,43
blk_-7455428009480169906,validation,0,43
blk_3632661894872045795,validation,0,43
blk_6665720097633617684,validation,0,43
blk_6499011972689527164,validation,0,43
blk_9066923330609272377,validation,0,43
blk_840341034181142450,validation,0,43
blk_5419175477809027001,validation,0,43
blk_2672541888992643473,validation,0,43
blk_4385371975933243332,validation,0,43
blk_-7558058082446228047,validation,0,43
blk_6947040585683747600,validation,0,43
blk_8012156999995697062,validation,0,43
blk_-7276430601917260063,validation,0,43
blk_-9026104809027555992,validation,0,43
blk_8907558533943275483,validation,0,43
blk_-1731435075130486304,validation,0,43
blk_-1038876666646548494,validation,0,43
blk_-8299614395397669716,validation,0,43
blk_4328322127057806999,validation,1,43
blk_-3509326575888169208,validation,0,43
blk_-3448637393843168445,validation,0,43
blk_-3685333860445539179,validation,1,43
blk_-988990899873898170,validation,0,43
blk_4544260172957972336,validation,0,43
blk_-2718710817392201518,validation,0,43
blk_-5525156050040365170,validation,0,43
blk_3829499605596189092,validation,0,43
blk_8517890975779804994,validation,0,43
blk_3774870481825425373,validation,0,43
blk_-5474891308925269396,validation,0,43
blk_-1216846640502633505,validation,0,43
blk_-723536146008609883,validation,0,43
blk_5636125347414488754,validation,0,43
blk_1015583120777869036,validation,0,43
blk_690243733928860345,validation,0,43
blk_5849267459747759693,validation,0,43
blk_-8530559561853303217,validation,0,43
blk_8748182981303940660,validation,0,43
blk_8469399338472105919,validation,0,43
blk_1440726937333296574,validation,0,43
blk_1336149683062614679,validation,0,43
blk_4309583366961659829,validation,0,43
blk_-2313009822771529274,validation,0,43
blk_-7942995606096421382,validation,0,43
blk_-7528827799071716322,validation,0,43
blk_2920121878801547281,validation,0,43
blk_-1082281508337477201,validation,0,43
blk_3491903148417434516,validation,0,43
blk_138188433960397920,validation,0,43
blk_-2348678688374889296,validation,0,43
blk_-2159601446553848428,validation,0,43
blk_7480684977453518206,validation,0,43
blk_6300774324556559066,validation,0,43
blk_-2278362748631373216,validation,0,43
blk_7013119629090948737,validation,0,43
blk_-5034824140196583991,validation,0,43
blk_6359894054791640656,validation,0,43
blk_7189721043894413119,validation,0,43
blk_-1715491519807412255,validation,0,43
blk_-6007976937295625042,validation,0,43
blk_-980472006496544896,validation,1,43
blk_6457011613259038933,validation,0,43
blk_-5517323234210574986,validation,1,43
blk_2045782778783238739,validation,0,43
blk_-2669040308842314540,validation,0,43
blk_5120830551677932666,validation,0,43
blk_763345879114324276,validation,0,43
blk_3521608141849596246,validation,0,43
blk_-585502836178324122,validation,0,43
blk_-3027346518401450850,validation,0,43
blk_-5849050628952149083,validation,0,43
blk_865891865246007881,validation,0,43
blk_2338990382885667400,validation,0,43
blk_2306786554217030383,validation,0,43
blk_2579826032880185987,validation,0,43
blk_3727388076487015440,validation,0,43
blk_5851182191534384373,validation,0,43
blk_8690696539779345570,validation,0,43
blk_-7224862508987993701,validation,0,43
blk_-3974914703408237543,validation,0,43
blk_-4302644155847004648,validation,0,43
blk_2104456084163628230,validation,0,43
blk_-6588217763592970688,validation,0,43
blk_-8437931192588114120,validation,0,43
blk_5217835664394751943,validation,0,43
blk_5436396116603631172,validation,0,43
blk_-6756146033012278527,validation,0,43
blk_499312334947598620,validation,0,43
blk_4067283893055178774,validation,0,43
blk_4714937973636964409,validation,0,43
blk_-993270458868181047,validation,0,43
blk_-7971827151018014227,validation,0,43
blk_5681972230931650506,validation,0,43
blk_-9077270598374744470,validation,0,43
blk_-701725955482403556,validation,0,43
blk_-7215883255717698026,validation,0,43
blk_7195836555028364770,validation,0,43
blk_4642300750404370152,validation,0,43
blk_1395569518049781956,validation,0,43
blk_498225585848857890,validation,0,43
blk_-1888433458500549023,validation,0,43
blk_-151600748972515920,validation,0,43
blk_3897902010430386506,validation,0,43
blk_8906161154904076661,validation,0,43
blk_-4329980441435269202,validation,0,43
blk_-7045749740665674815,validation,0,43
blk_1276291022717543594,validation,0,43
blk_1623849139223837339,validation,0,43
blk_6268753316880490210,validation,0,43
blk_5788846737795745486,validation,0,43
blk_-5549727566293895159,validation,0,43
blk_1109186817666708720,validation,0,43
blk_-3441332697498001513,validation,0,43
blk_-5199967792060136244,validation,0,43
blk_2550557828712842259,validation,0,43
blk_-1434911913299033512,validation,0,43
blk_6450351910156349530,validation,0,43
blk_-2685167184956111075,validation,0,43
blk_-1096619752129216841,validation,0,43
blk_-6289239738048233743,validation,0,43
blk_7284304536105647987,validation,0,43
blk_7764297816906808626,validation,0,43
blk_-4279952423739631932,validation,0,43
blk_5831712294100182703,validation,0,43
blk_-7744881465677023912,validation,0,43
blk_5883665410687516616,validation,0,43
blk_3891406589275867220,validation,0,43
blk_1754080389538568246,validation,0,43
blk_3511076119840134876,validation,0,43
blk_-2658190798168663335,validation,0,43
blk_-4942824352754546280,validation,0,43
blk_6236771338718915083,validation,0,43
blk_1915523984221285582,validation,0,43
blk_7841729906774005988,validation,0,43
blk_-6122393898816966532,validation,0,43
blk_7651857527740176126,validation,0,43
blk_-6301928028127835561,validation,0,43
blk_-5674895897858520366,validation,0,43
blk_3200797762836082256,validation,0,43
blk_2309020111486585682,validation,0,43
blk_6815047120735775852,validation,0,43
blk_5090720633619266459,validation,0,43
blk_-2673939243665846049,validation,0,43
blk_4507004130532071834,validation,0,43
blk_-6891829252616398523,validation,0,43
blk_3418938537731020811,validation,0,43
blk_-6039250415043679238,validation,0,43
blk_-7599803720006096463,validation,0,43
blk_1994305906214446243,validation,0,43
blk_-4708125222930343643,validation,0,43
blk_-1957272203482293703,validation,0,43
blk_240996268499266615,validation,0,43
blk_487488186210377383,validation,0,43
blk_-6815862423213014173,validation,0,43
blk_-1911692635640713701,validation,0,43
blk_-1743033831959106203,validation,0,43
blk_375267626795874173,validation,0,43
blk_7616276531644597165,validation,0,43
blk_4214375029753936579,validation,0,43
blk_-3990815599007838843,validation,0,43
blk_-3947877924751573734,validation,0,43
blk_7698993501274487764,validation,0,43
blk_6687439066696690446,validation,0,43
blk_-5207258644447713184,validation,0,43
blk_-4159444626360311618,validation,0,43
blk_2537837744760504880,validation,0,43
blk_-8157879417138832638,validation,0,43
blk_8596501540385104033,validation,0,43
blk_6586444402528743571,validation,0,43
blk_766446590227851442,validation,0,43
blk_-5559967648955221459,validation,0,43
blk_-4872195909599317064,validation,0,43
blk_-1557838935943579199,validation,0,43
blk_-6889339669922567689,validation,0,43
blk_-5661766238615520382,validation,0,43
blk_-6589451190880608482,validation,0,43
blk_8496848024640933294,validation,0,43
blk_-2045540774569645779,validation,0,43
blk_3404490965821091510,validation,0,43
blk_4119950832100946422,validation,0,43
blk_-6371164322446317272,validation,0,43
blk_3813114133944383323,validation,1,43
blk_-2616405236511704333,validation,0,43
blk_1488677768424571685,validation,0,43
blk_9163318403246305875,validation,0,43
blk_-8623530448345770091,validation,0,43
blk_-2480535941256696638,validation,0,43
blk_379526180979782726,validation,0,43
blk_8701336836743973073,validation,0,43
blk_-8826643173916243633,validation,0,43
blk_2254843206629630604,validation,0,43
blk_8753121078890061971,validation,0,43
blk_-1894850889596696282,validation,0,43
blk_-2152611518248865114,validation,0,43
blk_1136712251506096831,validation,0,43
blk_7830868362275420101,validation,0,43
blk_7822527060358601791,validation,0,43
blk_8843956378869117744,validation,0,43
blk_7387093368560169318,validation,0,43
blk_-834174017011520074,validation,0,43
blk_7258487227307984407,validation,0,43
blk_-3191824814943670385,validation,0,43
blk_5985190823510965068,validation,0,43
blk_2055306256467350055,validation,0,43
blk_1625021255954864492,validation,0,43
blk_-6686789145799451644,validation,0,43
blk_6387960519412506237,validation,0,43
blk_2528496747092611194,validation,0,43
blk_4294403894394701715,validation,0,43
blk_8469783475107031058,validation,0,43
blk_-3718943554451351579,validation,0,43
blk_6465403056298512800,validation,0,43
blk_6149666496846130414,validation,0,43
blk_-7044429536716500515,validation,0,43
blk_-6844927176304434771,validation,0,43
blk_-8962858353771079808,validation,0,43
blk_6028062243330195352,validation,0,43
blk_4588353361652455684,validation,0,43
blk_6743857950465936265,validation,0,43
blk_-3238913501286033184,validation,0,43
blk_629673452054115618,validation,0,43
blk_961151980241355926,validation,0,43
blk_-6706517550938899211,validation,0,43
blk_-7572520718295750757,validation,0,43
blk_8230902660362146741,validation,0,43
blk_-9039400447970252484,validation,0,43
blk_18011519854984187,validation,0,43
blk_7036771943667212749,validation,0,43
blk_2057779321790094487,validation,0,43
blk_7829045460090887407,validation,0,43
blk_-778892147354487831,validation,0,43
blk_-7039599246491030482,validation,0,43
blk_-543707663160823143,validation,0,43
blk_-2165930080589343952,validation,0,43
blk_2539458777440346389,validation,0,43
blk_1542472925575292872,validation,0,43
blk_-7658592937938402715,validation,0,43
blk_-1519971568598856064,validation,0,43
blk_3881343162264322598,validation,0,43
blk_-321547721367124841,validation,0,43
blk_-3682055412400431087,validation,0,43
blk_1081831814282802618,validation,0,43
blk_-2259953098261143600,validation,0,43
blk_994908135658023139,validation,0,43
blk_3068776025441211227,validation,0,43
blk_-7200338563693829582,validation,0,43
blk_7278813071160954251,validation,0,43
blk_-939875750475708425,validation,0,43
blk_-7868634257155037187,validation,0,43
blk_3050447345870783019,validation,0,43
blk_2743991224111652922,validation,0,43
blk_1143276894730961132,validation,0,43
blk_5498642485760066712,validation,0,43
blk_-1310246307124361675,validation,0,43
blk_-445567029411168708,validation,0,43
blk_6244369030803346825,validation,1,43
blk_-1496708542539614381,validation,0,43
blk_8437644721079712501,validation,0,43
blk_8092723747998872802,validation,0,43
blk_-1136754348958039176,validation,0,43
blk_-4375274675896808169,validation,0,43
blk_2203556016184312666,validation,0,43
blk_600064018348689522,validation,0,43
blk_8665638710203568515,validation,0,43
blk_7351695059404167745,validation,0,43
blk_784380557136628948,validation,0,43
blk_5726558317828971703,validation,0,43
blk_1390113529775148842,validation,0,43
blk_-6380521417838779332,validation,0,43
blk_8088489858220517488,validation,0,43
blk_-8724933075581001256,validation,0,43
blk_8645575117539863762,validation,0,43
blk_8570952265077218145,validation,0,43
blk_632491255635661817,validation,0,43
blk_-520535823267263677,validation,0,43
blk_6834557222953477244,validation,0,43
blk_-7758125830039955985,validation,0,43
blk_4102845314429959134,validation,0,43
blk_2525248986426150474,validation,0,43
blk_1293777970087155724,validation,0,43
blk_6309571546436876306,validation,0,43
blk_851710737233593797,validation,0,43
blk_-8180576874744755201,validation,0,43
blk_-4091151339890515014,validation,0,43
blk_8968896422033046907,validation,0,43
blk_-1928078137604763995,validation,0,43
blk_-4266591987698596954,validation,0,43
blk_-2507004979834528606,validation,0,43
blk_-1117399836664447216,validation,0,43
blk_-4046656443246509645,validation,0,43
blk_-5572062180300878358,validation,0,43
blk_-2615266431012418117,validation,0,43
blk_-1392605447771488533,validation,0,43
blk_1535195455195920518,validation,0,43
blk_3424838632682242858,validation,0,43
blk_7686875708525667696,validation,0,43
blk_7308338466373616087,validation,0,43
blk_4326050937681005297,validation,0,43
blk_3153232389680994967,validation,0,43
blk_-7762674148905923599,validation,0,43
blk_-728995053317530572,validation,0,43
blk_169886250837159651,validation,0,43
blk_-5844245670892869240,validation,0,43
blk_-2079240856270241764,validation,0,43
blk_-4296129069988915922,validation,0,43
blk_-3859522412862420693,validation,0,43
blk_-7221058003355258317,validation,0,43
blk_-6237668382480370048,validation,0,43
blk_-2884901124607996574,validation,0,43
blk_-71050814899637911,validation,0,43
blk_-5315079476359382029,validation,0,43
blk_367836371953426551,validation,0,43
blk_8431274932350731612,validation,0,43
blk_6890789215815018129,validation,0,43
blk_-6687279197383166983,validation,0,43
blk_1411194526799502803,validation,0,43
blk_-4700436495735214700,validation,0,43
blk_-1952860059456769606,validation,0,43
blk_-4951227148350243721,validation,1,43
blk_2928368626313802386,validation,0,43
blk_-1747357961743629072,validation,0,43
blk_8474752365694768257,validation,0,43
blk_-5572201492906822654,validation,0,43
blk_1239500367005397946,validation,0,43
blk_-415260163083759075,validation,0,43
blk_-6802844306374955382,validation,0,43
blk_6963685773869177258,validation,0,43
blk_3400485080314043115,validation,0,43
blk_4299566478053536790,validation,0,43
blk_6609122201912515368,validation,0,43
blk_8993879874462104443,validation,0,43
blk_6858593406918213893,validation,0,43
blk_3590459317724834443,validation,0,43
blk_9143047712057284649,validation,0,43
blk_7586495001211180397,validation,0,43
blk_-3983135466116236349,validation,0,43
blk_3769797097692413177,validation,0,43
blk_3823746969749068858,validation,0,43
blk_3705174675565489505,validation,0,43
blk_7577031763116722652,validation,0,43
blk_4683192121806740863,validation,0,43
blk_1233676496005418735,validation,0,43
blk_-3345775452466213133,validation,0,43
blk_1178555576305979419,validation,0,43
blk_-5443525472596810514,validation,0,43
blk_550916634806548246,validation,0,43
blk_-6725374104897740825,validation,0,43
blk_-8091232951587614547,validation,0,43
blk_-4594258417635315790,validation,0,43
blk_-418198271708477939,validation,0,43
blk_3395539544389316517,validation,0,43
blk_-8337382777025191893,validation,0,43
blk_1497028004636125902,validation,0,43
blk_3986405076475249096,validation,0,43
blk_-2314755788602933583,validation,0,43
blk_4643797644530018162,validation,0,43
blk_4199441031742799287,validation,0,43
blk_-8298907711112055045,validation,0,43
blk_-904314900069661384,validation,0,43
blk_3063731926492459673,validation,0,43
blk_4092432559379972627,validation,0,43
blk_-160344571044245283,validation,0,43
blk_8702511673991830066,validation,0,43
blk_-2449173162373151499,validation,0,43
blk_1054365823671916230,validation,0,43
blk_7157006572263740233,validation,0,43
blk_5342547274827334839,validation,0,43
blk_4568849013802524106,validation,1,43
blk_-5583046804829480103,validation,0,43
blk_-1469466906375232508,validation,0,43
blk_-6955328819123718973,validation,0,43
blk_807611620460369020,validation,0,43
blk_79503827541481979,validation,0,43
blk_2483757307853155186,validation,0,43
blk_7996505835649916471,validation,0,43
blk_-3941397530239333025,validation,0,43
blk_4615226180823858743,validation,1,43
blk_8316604585610438123,validation,1,43
blk_1318778226257527677,validation,0,43
blk_2069738352419199610,validation,0,43
blk_-7313649742211561468,validation,0,43
blk_-3642547473391379766,validation,0,43
blk_2075556169264154406,validation,0,43
blk_-1835203225928368627,validation,0,43
blk_-3328794180044206352,validation,0,43
blk_-900436289692694316,validation,0,43
blk_1843681710284193558,validation,0,43
blk_2663982134278797041,validation,0,43
blk_6269717547099679138,validation,0,43
blk_7325483041409687518,validation,0,43
blk_3943726159545211035,validation,0,43
blk_-6790933671878737050,validation,0,43
blk_2923539228472165866,validation,0,43
blk_3519864724439750357,validation,0,43
blk_-7694141383656821726,validation,0,43
blk_5910061362023516768,validation,0,43
blk_-4134238967938650865,validation,0,43
blk_5472104123292087471,validation,0,43
blk_-8961010267559035579,validation,0,43
blk_6592778418468021287,validation,0,43
blk_-3405862282483693067,validation,1,43
blk_-2424601009532819787,validation,0,43
blk_4291643312477950546,validation,0,43
blk_2542676850993623344,validation,0,43
blk_8974778642690509948,validation,0,43
blk_-1017881571557626487,validation,0,43
blk_-4631329337776128858,validation,0,43
blk_7132139733549169488,validation,0,43
blk_1214090938041729203,validation,0,43
blk_-3697543067593905595,validation,0,43
blk_7418139733902077943,validation,0,43
blk_2994936421404608048,validation,0,43
blk_-28742301524681397,validation,0,43
blk_-1483872948771609150,validation,0,43
blk_-2894588434949592786,validation,0,43
blk_-8226999014904043647,validation,0,43
blk_-8029123406419122372,validation,0,43
blk_5739422971864525218,validation,0,43
blk_7393958805860625257,validation,0,43
blk_-735510942148357541,validation,0,43
blk_3164411180804098049,validation,0,43
blk_6199078706832932189,validation,0,43
blk_4776016090268047914,validation,0,43
blk_-3591462283297369045,validation,0,43
blk_1322344957098863781,validation,0,43
blk_-3157729808312485313,validation,0,43
blk_-1310754297586468878,validation,0,43
blk_-1390399306666883679,validation,0,43
blk_-3896269613305456173,validation,0,43
blk_-6433991037345185242,validation,0,43
blk_7532470935014279590,validation,0,43
blk_5148731377044284250,validation,0,43
blk_-825264996571321427,validation,0,43
blk_3610729105440942598,validation,0,43
blk_-4576989917975397936,validation,0,43
blk_7331003018522362714,validation,0,43
blk_5458030696107101547,validation,0,43
blk_4813526578738184608,validation,0,43
blk_-7090475388360778509,validation,0,43
blk_-1048096372389344013,validation,0,43
blk_6077101815561422421,validation,0,43
blk_1667589117264952851,validation,0,43
blk_3237195896753753486,validation,0,43
blk_-8318747509907429158,validation,0,43
blk_4739875797296841118,validation,0,43
blk_8691763247155532982,validation,0,43
blk_4601930880534245682,validation,0,43
blk_7169151283705486973,validation,0,43
blk_-893170546378335644,validation,0,43
blk_3244040648258994249,validation,0,43
blk_6444342198666151409,validation,0,43
blk_-2356631510584864480,validation,0,43
blk_238634626186391013,validation,0,43
blk_-6224065979175121342,validation,0,43
blk_-8934008649060849660,validation,0,43
blk_-6969431745762722440,validation,0,43
blk_3576067693020819219,validation,0,43
blk_-9172577437092802947,validation,0,43
blk_-3082471093855628152,validation,0,43
blk_-8962133801588726878,validation,0,43
blk_2928363179974239189,validation,0,43
blk_9063801912214702759,validation,0,43
blk_8622776307191744224,validation,0,43
blk_8344030737317926292,validation,0,43
blk_4221171587370981092,validation,0,43
blk_-5902368255234347417,validation,0,43
blk_-103237213945720313,validation,0,43
blk_5675836364830327798,validation,0,43
blk_-6120086980317926112,validation,0,43
blk_-7661883719322620317,validation,0,43
blk_-3569874595319899273,validation,0,43
blk_-1867901100524212713,validation,0,43
blk_-2184158742066424117,validation,0,43
blk_4366661540782771613,validation,0,43
blk_-676169989262816407,validation,0,43
blk_4310506487863482388,validation,0,43
blk_4575122124624255140,validation,0,43
blk_-4956755901894861473,validation,0,43
blk_-4754579003511721444,validation,0,43
blk_1416018426394851893,validation,0,43
blk_-4922354518460966412,validation,0,43
blk_1318598407731960712,validation,0,43
blk_7919841221925213914,validation,0,43
blk_-1993109460839791163,validation,0,43
blk_3204097746367913831,validation,0,43
blk_946300486199682180,validation,0,43
blk_-2054571950170536567,validation,0,43
blk_-4897006267546069121,validation,0,43
blk_3690236354878191248,validation,0,43
blk_-6722338876406647386,validation,0,43
blk_6129952216487560637,validation,0,43
blk_2669553865391887368,validation,0,43
blk_-1682301349970785023,validation,0,43
blk_4069779264599487485,validation,0,43
blk_7866769133660863915,validation,0,43
blk_-3266746691377792338,validation,0,43
blk_-2656053009169520610,validation,0,43
blk_1419174991244619634,validation,0,43
blk_-5925696337497707975,validation,0,43
blk_1701255989963783134,validation,0,43
blk_-7964651375305057429,validation,0,43
blk_-1594134997832316200,validation,0,43
blk_525068203869519308,validation,0,43
blk_-3115238654217962662,validation,0,43
blk_8389250400105934245,validation,0,43
blk_-7525061439398705670,validation,0,43
blk_7978393800908889109,validation,0,43
blk_8768671222730809602,validation,0,43
blk_2152765688666273063,validation,0,43
blk_2002431986596126951,validation,0,43
blk_-4250558672779641529,validation,0,43
blk_-7614979587739344791,validation,0,43
blk_3557320270325624926,validation,0,43
blk_-53648048290571549,validation,0,43
blk_7708855577814540093,validation,0,43
blk_2506125797831928022,validation,0,43
blk_6587917529970586151,validation,0,43
blk_6925525666682102577,validation,0,43
blk_5654822288557789894,validation,0,43
blk_3734075600369895231,validation,0,43
blk_1041399588688403602,validation,0,43
blk_-4880972188493271862,validation,0,43
blk_252105078859517975,validation,0,43
blk_8939598175308439024,validation,0,43
blk_584555581170704929,validation,0,43
blk_9199899335177769663,validation,0,43
blk_5582737489261295779,validation,0,43
blk_-5499352661790261336,validation,0,43
blk_-4877586591768661008,validation,0,43
blk_7733539641895957268,validation,0,43
blk_8877206723886519316,validation,0,43
blk_7823016983669579293,validation,0,43
blk_5536466152321601878,validation,0,43
blk_-3990083452754087834,validation,0,43
blk_3238886521347479494,validation,0,43
blk_4355900792325062982,validation,0,43
blk_5523609875136591045,validation,0,43
blk_1076227163937231922,validation,0,43
blk_-4330760700002625491,validation,0,43
blk_8840004769332799559,validation,0,43
blk_-965244529986704069,validation,0,43
blk_135756783206478338,validation,0,43
blk_-8756058927753572213,validation,0,43
blk_1824114491736381457,validation,0,43
blk_-3609914320340266351,validation,0,43
blk_-4338995251489062742,validation,0,43
blk_-5290725488797821002,validation,0,43
blk_3910443594536585711,validation,0,43
blk_5359956269699858170,validation,0,43
blk_2817396064428862671,validation,0,43
blk_1699784451819699912,validation,0,43
blk_1014538820688540245,validation,0,43
blk_7206859751702956541,validation,0,43
blk_-6770266180455265065,validation,0,43
blk_-5575882040505652836,validation,0,43
blk_-2008757087219964222,validation,0,43
blk_-8878307591650261265,validation,0,43
blk_4107163560319137981,validation,0,43
blk_-266007337151174982,validation,0,43
blk_1179913775572007125,validation,0,43
blk_9130008176733358954,validation,0,43
blk_-7576675342531759429,validation,0,43
blk_-5056938133987193269,validation,0,43
blk_-6393871069968040627,validation,0,43
blk_-8585738680835477402,validation,0,43
blk_7289164415268040963,validation,0,43
blk_-5076218200754761719,validation,0,43
blk_7520615434749488575,validation,0,43
blk_-3154598925850375935,validation,0,43
blk_-586197705712366356,validation,0,43
blk_3558810435487779572,validation,0,43
blk_8276132489387567753,validation,0,43
blk_-8552468979636916129,validation,0,43
blk_1949484236884988932,validation,0,43
blk_-2389984717116734396,validation,0,43
blk_-1830215006681270396,validation,0,43
blk_2698530134334434663,validation,0,43
blk_5526310495506350169,validation,0,43
blk_-6191924381631511588,validation,0,43
blk_1659163062256444275,validation,0,43
blk_-2005105513260397583,validation,0,43
blk_2253901316681823889,validation,0,43
blk_-2759011884148475658,validation,0,43
blk_6332671940299120936,validation,0,43
blk_-6657277260296826160,validation,0,43
blk_-1450782824221214294,validation,0,43
blk_-5845210548222605395,validation,0,43
blk_1432974224665108780,validation,0,43
blk_5848850319743766262,validation,0,43
blk_5178016916452254126,validation,0,43
blk_-655625400839021985,validation,0,43
blk_-6469797394792328771,validation,0,43
blk_7649396047526557309,validation,0,43
blk_-1770796169628449763,validation,0,43
blk_-7612691920405659970,validation,0,43
blk_8706134600707576362,validation,0,43
blk_6033927397075676134,validation,0,43
blk_1473588417685962337,validation,0,43
blk_-6400974401044087033,validation,0,43
blk_7977723995479071782,validation,1,43
blk_-561118351907465394,validation,0,43
blk_6203032058167572986,validation,0,43
blk_-6613756552527864921,validation,1,43
blk_-1560497594595800743,validation,0,43
blk_-8038322358919107321,validation,0,43
blk_7442997852783335932,validation,0,43
blk_-6278628876056719887,validation,1,43
blk_7664248507416548798,validation,0,43
blk_-1269255860208884538,validation,0,43
blk_8874531051051755488,validation,0,43
blk_4033648041404317879,validation,0,43
blk_6991329468073057146,validation,0,43
blk_-7791132919862479353,validation,0,43
blk_-2287335494962039170,validation,0,43
blk_-3207430578412693440,validation,0,43
blk_-6643004082526521271,validation,0,43
blk_6037703202086648445,validation,0,43
blk_-6104839477012158349,validation,0,43
blk_-1954160235042888729,validation,0,43
blk_-7682567178632086761,validation,0,43
blk_-689008734607393172,validation,0,43
blk_-5500842470736098576,validation,0,43
blk_2388211270595122354,validation,1,43
blk_-7869388678300154305,validation,0,43
blk_3110496442857309804,validation,0,43
blk_4245475292294428716,validation,0,43
blk_-5724946672864907385,validation,0,43
blk_-536840738098773545,validation,0,43
blk_-5097898844415057075,validation,0,43
blk_-8343652921004225754,validation,0,43
blk_1300180891769567066,validation,0,43
blk_-6941371725579700379,validation,0,43
blk_3005806586759043771,validation,0,43
blk_1714954248698989121,validation,0,43
blk_-3352370464557878515,validation,1,43
blk_-1506713666038461175,validation,0,43
blk_-8632556381937866111,validation,0,43
blk_2470117759107579628,validation,0,43
blk_8482006738815981483,validation,0,43
blk_3874865560689032559,validation,0,43
blk_5245160626201364662,validation,0,43
blk_8288055786550680373,validation,0,43
blk_-5271353759893763796,validation,0,43
blk_4540122595428656577,validation,0,43
blk_3866851152714923232,validation,0,43
blk_-8870470006180925018,validation,0,43
blk_-9045306267946105679,validation,0,43
blk_5514122651783908328,validation,0,43
blk_-3277104493792367103,validation,0,43
blk_-1407672618331144220,validation,0,43
blk_-7903747224705527609,validation,0,43
blk_270030799333727542,validation,0,43
blk_-8368459418553671545,validation,0,43
blk_-8627796558644394219,validation,0,43
blk_1410203692800876246,validation,0,43
blk_-5778653166300244172,validation,0,43
blk_-5687331157601823666,validation,0,43
blk_7533568224751463148,validation,0,43
blk_-4033003358085228105,validation,0,43
blk_-1398289545889579578,validation,0,43
blk_4131094282890295810,validation,0,43
blk_1769113175418756960,validation,0,43
blk_-3667181623805181796,validation,0,43
blk_-2150663688009092255,validation,0,43
blk_-5594794674727022240,validation,0,43
blk_7460613166148523666,validation,0,43
blk_-6024926480812553489,validation,0,43
blk_998005585964388384,validation,0,43
blk_3917660266522408657,validation,0,43
blk_264825223942827198,validation,0,43
blk_-8146913053015575969,validation,0,43
blk_3633998225238270772,validation,0,43
blk_3803510945203967640,validation,0,43
blk_304636900547642394,validation,0,43
blk_-4143101777576294204,validation,0,43
blk_5020017592098010005,validation,0,43
blk_3141787149474545460,validation,0,43
blk_4478255781692385996,validation,0,43
blk_7905452519357578729,validation,0,43
blk_-3352725652151708509,validation,0,43
blk_2043917201172059396,validation,0,43
blk_3194330966741529588,validation,0,43
blk_7428556494798748147,validation,0,43
blk_-2400398371595892386,validation,0,43
blk_-3432120953569045138,validation,0,43
blk_6618543062063335226,validation,0,43
blk_4865772005419413922,validation,0,43
blk_-3200145589581831873,validation,0,43
blk_8338533723742873150,validation,0,43
blk_-444899582979807789,validation,0,43
blk_5957030728296585985,validation,0,43
blk_-8083562009341356798,validation,0,43
blk_2549422451332452284,validation,0,43
blk_840270576405306688,validation,0,43
blk_9014620365357651780,validation,0,43
blk_4250660763498417452,validation,0,43
blk_-301824096993238788,validation,0,43
blk_3267377910734262769,validation,0,43
blk_-3359871101515790913,validation,0,43
blk_5421299808636637586,validation,0,43
blk_7420063078304308644,validation,0,43
blk_818700542183971311,validation,0,43
blk_-2632995294596801587,validation,0,43
blk_6876970136991808979,validation,0,43
blk_5525530885628303763,validation,0,43
blk_-5048111322163141836,validation,0,43
blk_4540853455554953935,validation,0,43
blk_-9008029869768007661,validation,1,43
blk_-8752515446029258624,validation,0,43
blk_2006708932982542577,validation,0,43
blk_8222078665428438161,validation,0,43
blk_5744630910625090846,validation,0,43
blk_7539920527901020787,validation,1,43
blk_-4970512677304537303,validation,0,43
blk_2769125652184306872,validation,0,43
blk_-6630037622649010152,validation,0,43
blk_-2297894005487238199,validation,0,43
blk_7023199700339891801,validation,0,43
blk_-2417360899172561175,validation,0,43
blk_-498194722271791292,validation,0,43
blk_3465559408903340570,validation,0,43
blk_-4985660496990589773,validation,0,43
blk_3459236949945272364,validation,1,43
blk_-5832703753151053497,validation,0,43
blk_-7734019288165122790,validation,0,43
blk_-7735514960694607827,validation,0,43
blk_5493761505959084506,validation,1,43
blk_-1667590452215936940,validation,0,43
blk_-6232062575773864303,validation,0,43
blk_-2763011194471068567,validation,0,43
blk_8640099654695070985,validation,0,43
blk_2777878423422364108,validation,0,43
blk_-1712651209590062614,validation,0,43
blk_-3669258171985950984,validation,0,43
blk_-3706512825787990827,validation,0,43
blk_-7833411384321472612,validation,0,43
blk_353106279194747271,validation,0,43
blk_740188309419131845,validation,0,43
blk_-1978638233390049072,validation,0,43
blk_-1844693859912555114,validation,0,43
blk_1007148459309275470,validation,0,43
blk_7753517764256261942,validation,0,43
blk_-8924714376473060526,validation,0,43
blk_-705045546393722235,validation,0,43
blk_-8770154845080329474,validation,0,43
blk_4869218453113146891,validation,0,43
blk_4973136200515076253,validation,0,43
blk_-2425324277804919709,validation,0,43
blk_-4575120098479914448,validation,0,43
blk_-7728135353762305472,validation,0,43
blk_-6280563834166926607,validation,0,43
blk_-4929255857646272619,validation,0,43
blk_2534143973484179421,validation,0,43
blk_5754746548446190697,validation,0,43
blk_2273040656128131884,validation,0,43
blk_499048506262147394,validation,0,43
blk_7669405442854610577,validation,0,43
blk_7644000444897041983,validation,0,43
blk_416406849986421041,validation,0,43
blk_8719761081897723376,validation,1,43
blk_-1708542053452113224,validation,0,43
blk_-9174956054183590302,validation,0,43
blk_9160796703302881264,validation,1,43
blk_1088315323047367605,validation,0,43
blk_2137249048173641329,validation,0,43
blk_-3614087367363582084,validation,0,43
blk_-3956139396680314286,validation,0,43
blk_-3375805297867187723,validation,1,43
blk_4301116124501957355,validation,0,43
blk_-7373535428915821880,validation,0,43
blk_-3182117631933490139,validation,0,43
blk_970349037999440457,validation,0,43
blk_4531756318687401988,validation,0,43
blk_-8159538439518500096,validation,0,43
blk_4839031531613388212,validation,0,43
blk_6873704554964054053,validation,0,43
blk_259018767481305005,validation,0,43
blk_-7889211306785040898,validation,0,43
blk_-2176870793642673577,validation,0,43
blk_2195070687885085847,validation,0,43
blk_7051477875469421401,validation,0,43
blk_172528043271396522,validation,0,43
blk_-4065601784352254706,validation,0,43
blk_7946043057928075138,validation,0,43
blk_6876358259236915373,validation,0,43
blk_-3100272231471120853,validation,0,43
blk_-1584766441684075289,validation,0,43
blk_-8636293793643692419,validation,0,43
blk_8422852285256722019,validation,0,43
blk_-704250134543454368,validation,0,43
blk_3751335379665854976,validation,0,43
blk_-1772766387306900170,validation,0,43
blk_1507879471834383356,validation,0,43
blk_2915669751229405392,validation,0,43
blk_-2637536695854599117,validation,0,43
blk_-1977272311677480947,validation,0,43
blk_8967872960901695375,validation,0,43
blk_2156576604554494877,validation,0,43
blk_-5903157261875711611,validation,0,43
blk_5494431981940384713,validation,0,43
blk_1759312411168285616,validation,0,43
blk_-8783132500603600964,validation,0,43
blk_255964854197533813,validation,0,43
blk_-5644410082615749463,validation,0,43
blk_-4769148503783467914,validation,0,43
blk_-8231194263065865119,validation,0,43
blk_2440164873899485119,validation,0,43
blk_395129809008283500,validation,0,43
blk_5687003266291365252,validation,0,43
blk_-1070754138570658318,validation,0,43
blk_-6462099855470344986,validation,0,43
blk_1006276156321695841,validation,0,43
blk_704927607569174831,validation,0,43
blk_8992706415932977538,validation,0,43
blk_-6653553053884482836,validation,0,43
blk_-6917690996431236908,validation,0,43
blk_-1557428707502211709,validation,0,43
blk_-1727891130510950276,validation,0,43
blk_-6244892305437149133,validation,0,43
blk_-9005992309240495267,validation,0,43
blk_9198965308984966303,validation,0,43
blk_-3154166513920506041,validation,0,43
blk_6481123731097811370,validation,0,43
blk_7413363160949386147,validation,0,43
blk_1478265461516102055,validation,0,43
blk_5926168135879532680,validation,0,43
blk_-722135661606541554,validation,0,43
blk_4672638068677048019,validation,0,43
blk_4355733034895064958,validation,0,43
blk_5098356545587203761,validation,0,43
blk_1588414877693923046,validation,0,43
blk_-3952644219789997929,validation,0,43
blk_9137967587871021981,validation,1,43
blk_-7942988176758078549,validation,0,43
blk_-3115784343767148945,validation,0,43
blk_1652962188250874553,validation,0,43
blk_-5473939294492603476,validation,0,43
blk_7523937537709864602,validation,1,43
blk_4523176533150938578,validation,0,43
blk_-1465572783017673522,validation,0,43
blk_-2277490944590236440,validation,0,43
blk_-8008884159610299135,validation,0,43
blk_-8554007515097175554,validation,1,43
blk_5187886333485257493,validation,0,43
blk_-6956795070589718133,validation,0,43
blk_-2043572586837994119,validation,0,43
blk_4941618270107402891,validation,0,43
blk_4057519516536315187,validation,0,43
blk_-3805579366042704381,validation,0,43
blk_1162296635929390388,validation,0,43
blk_1479644472944098018,validation,0,43
blk_-1335497957618627694,validation,0,43
blk_-2190368322281993303,validation,0,43
blk_5893436225995863038,validation,0,43
blk_-8150491299533076671,validation,0,43
blk_-811877508432255502,validation,0,43
blk_8218083999644923484,validation,0,43
blk_6470745255080468888,validation,0,43
blk_-5407275867130344004,validation,0,43
blk_8029962659673295646,validation,0,43
blk_9059764474683909230,validation,0,43
blk_7696565346413265587,validation,0,43
blk_2421711867013684395,validation,0,43
blk_-4279366894648949864,validation,0,43
blk_2037299911252716245,validation,0,43
blk_-8365131386693346695,validation,0,43
blk_1484135105258342670,validation,0,43
blk_4731087821529428602,validation,0,43
blk_-6261421176693688925,validation,0,43
blk_-8279938504589527397,validation,0,43
blk_-6286653923040215809,validation,0,43
blk_-2373980239205742093,validation,0,43
blk_1237845341717621530,validation,0,43
blk_-266420452745887637,validation,0,43
blk_-615925841472146012,validation,0,43
blk_-1811649263720828074,validation,0,43
blk_-200235888619069549,validation,0,43
blk_53448052098526917,validation,0,43
blk_2486649890533829034,validation,0,43
blk_8805228117281187249,validation,0,43
blk_575273038220668751,validation,0,43
blk_-7670970422039460236,validation,0,43
blk_-3372669608674320266,validation,0,43
blk_-6787247962419884943,validation,0,43
blk_6994147478392083412,validation,0,43
blk_1351154117371732914,validation,0,43
blk_5884617515495674734,validation,0,43
blk_-8107086148149178828,validation,0,43
blk_-2674073582887371807,validation,0,43
blk_7971817778242099767,validation,0,43
blk_-1292584632510491912,validation,0,43
blk_5769236697236746806,validation,0,43
blk_1100248813151715792,validation,0,43
blk_-5541829639731736104,validation,0,43
blk_744769670778270363,validation,0,43
blk_2360511437098224995,validation,0,43
blk_6297860955297381320,validation,0,43
blk_8682055937836834655,validation,0,43
blk_-5700730078651158030,validation,0,43
blk_-8388021271403788142,validation,0,43
blk_8534412681478789605,validation,0,43
blk_-3734745939005923653,validation,0,43
blk_8601815160626594285,validation,0,43
blk_-6838762818110836191,validation,0,43
blk_1889315902564470347,validation,0,43
blk_6168761249032143337,validation,1,43
blk_-4900548208354186218,validation,0,43
blk_6677972843635213419,validation,0,43
blk_8851617367614202164,validation,0,43
blk_-9007141187158661058,validation,0,43
blk_9085762898392153990,validation,0,43
blk_3559144939214017029,validation,0,43
blk_-2035877366734351933,validation,0,43
blk_2224722354130666431,validation,0,43
blk_2899184490291607755,validation,0,43
blk_1678700155986778710,validation,1,43
blk_6754750588828042292,validation,0,43
blk_4726612499625649055,validation,0,43
blk_4027363672637632732,validation,0,43
blk_3513510512337482762,validation,0,43
blk_-5501131152357248826,validation,0,43
blk_8476105862774139836,validation,0,43
blk_7918845533417738222,validation,0,43
blk_-4635754263093474900,validation,0,43
blk_-6232132121352866195,validation,0,43
blk_-5726498059865248016,validation,0,43
blk_4133583459831415710,validation,0,43
blk_-7168947212529499323,validation,0,43
blk_6736638529783533540,validation,1,43
blk_-6512037867129578376,validation,0,43
blk_211317842692793358,validation,0,43
blk_-291214431911288556,validation,0,43
blk_8175944396974136240,validation,0,43
blk_-3607495470296139219,validation,0,43
blk_-6368762012831465304,validation,0,43
blk_4025814681311431714,validation,0,43
blk_1448924402265476255,validation,0,43
blk_1159141095848206351,validation,0,43
blk_-191001665538372359,validation,0,43
blk_5125141887336547560,validation,0,43
blk_214975675330588587,validation,0,43
blk_-645317079172905859,validation,0,43
blk_-8882791687729507690,validation,0,43
blk_5071022254675219030,validation,0,43
blk_8583891260896446985,validation,0,43
blk_-8821651813953020633,validation,0,43
blk_-1797680134083764707,validation,0,43
blk_-3476737114516037809,validation,0,43
blk_4401781165536678148,validation,0,43
blk_-189673206989734150,validation,0,43
blk_-6739877198980518630,validation,0,43
blk_-1559347846153388462,validation,0,43
blk_-4960803746443164748,validation,0,43
blk_-955487079401670279,validation,0,43
blk_7981027769190452795,validation,0,43
blk_7315304124062528040,validation,0,43
blk_-5410587561067313410,validation,0,43
blk_8987504250535389808,validation,0,43
blk_-6354068806059180706,validation,0,43
blk_2848558174740398640,validation,0,43
blk_2132457769308209908,validation,0,43
blk_895457138337841363,validation,0,43
blk_-1262384858795494329,validation,0,43
blk_1683853480855816766,validation,0,43
blk_1091886935743383347,validation,0,43
blk_2174537693502410373,validation,0,43
blk_3485160388917413854,validation,0,43
blk_-2136353683557191362,validation,0,43
blk_-5756842493815891516,validation,0,43
blk_-521398613940249554,validation,0,43
blk_8216964154533512174,validation,0,43
blk_3256784878042890628,validation,0,43
blk_4725910992429280862,validation,0,43
blk_-6483328615136187567,validation,0,43
blk_6300985651602956646,validation,0,43
blk_3674358937867753439,validation,0,43
blk_5323604798317813487,validation,0,43
blk_4892438443199244213,validation,0,43
blk_9047802809293554914,validation,0,43
blk_791513408252391639,validation,0,43
blk_-241073906569434169,validation,0,43
blk_-3282230820089152466,validation,0,43
blk_6327639649529044852,validation,1,43
blk_3970838522900098025,validation,0,43
blk_6196647630812284050,validation,0,43
blk_9165552239534060375,validation,0,43
blk_-1137040974009734864,validation,0,43
blk_1018343511084174724,validation,0,43
blk_-8763869739739029074,validation,0,43
blk_-3689038236350086231,validation,0,43
blk_2228418634244963922,validation,0,43
blk_9057302291527410601,validation,0,43
blk_5041625678777816556,validation,0,43
blk_8162926143452143049,validation,0,43
blk_-5991133783509849954,validation,0,43
blk_-5281458879250640499,validation,0,43
blk_-7932855980906394742,validation,0,43
blk_-283887181034677853,validation,1,43
blk_4063424601376268828,validation,0,43
blk_2517763061557736544,validation,0,43
blk_-3927234078275283658,validation,0,43
blk_7311951443269066458,validation,0,43
blk_1276935228276867039,validation,0,43
blk_-6488541921497479700,validation,0,43
blk_-7105690069405940075,validation,0,43
blk_8241674586701420249,validation,0,43
blk_2617622067197463108,validation,0,43
blk_-1632701718154398063,validation,0,43
blk_-1915926806811046337,validation,0,43
blk_3924803745777354538,validation,0,43
blk_437379752470445319,validation,0,43
blk_-3370436353258829363,validation,0,43
blk_7353550632399201467,validation,0,43
blk_83844009597965816,validation,0,43
blk_7408297683187399639,validation,0,43
blk_-7231204973842518889,validation,0,43
blk_556962848361945793,validation,0,43
blk_3090379123794366719,validation,0,43
blk_2785428509701088233,validation,0,43
blk_5094615208880170236,validation,0,43
blk_-2728544479415119455,validation,0,43
blk_883518903517429192,validation,0,43
blk_5404333882573264917,validation,0,43
blk_2474096465976090735,validation,0,43
blk_8905047134729391117,validation,0,43
blk_4572987743457767151,validation,0,43
blk_-6520887097864830327,validation,0,43
blk_-1560179023826757141,validation,0,43
blk_6686249117661032743,validation,0,43
blk_-4528351879534781608,validation,0,43
blk_-2216225049343083122,validation,0,43
blk_-6373305045037786154,validation,0,43
blk_-4293735165336393936,validation,0,43
blk_-4344911356813303430,validation,0,43
blk_-1352727292806531707,validation,0,43
blk_6267202620103167813,validation,0,43
blk_-2792682644800054241,validation,0,43
blk_-7851905873906115536,validation,0,43
blk_-190361524454328258,validation,0,43
blk_6136037383997626817,validation,0,43
blk_4031659013677467222,validation,0,43
blk_-5733079163386957980,validation,0,43
blk_5214899004923457078,validation,0,43
blk_-388769076525197040,validation,0,43
blk_5279309207209268479,validation,0,43
blk_-6855562456832008024,validation,0,43
blk_-8213280344420927193,validation,0,43
blk_-812066959970156414,validation,0,43
blk_612406152979221658,validation,0,43
blk_3893852440067031719,validation,0,43
blk_-6991728661533844367,validation,0,43
blk_2546051823542797118,validation,0,43
blk_-7557778046075364649,validation,0,43
blk_3700524340774583620,validation,0,43
blk_2391489857122850630,validation,0,43
blk_-711127144835353989,validation,0,43
blk_8495343452091070400,validation,0,43
blk_-6342802490007251905,validation,0,43
blk_-3788293682986433954,validation,0,43
blk_5083539346820457772,validation,0,43
blk_-4501222340935756626,validation,0,43
blk_-2990532865644883830,validation,0,43
blk_-5434620186384248433,validation,0,43
blk_-3953242119064608986,validation,0,43
blk_-4333352660495276012,validation,0,43
blk_5384273621748915712,validation,0,43
blk_3009636152075731217,validation,0,43
blk_2619782765622369790,validation,1,43
blk_-438832194498896875,validation,0,43
blk_737574004778953157,validation,0,43
blk_7010163979590013858,validation,0,43
blk_-8516136304077380328,validation,0,43
blk_3593931284031195290,validation,0,43
blk_-6779756227818915149,validation,0,43
blk_-2038884548829836980,validation,0,43
blk_-7468077732451345019,validation,0,43
blk_2589734675747271211,validation,0,43
blk_1667122328530564527,validation,0,43
blk_-7035791255495868604,validation,0,43
blk_6846305933665046106,validation,0,43
blk_-4655235470941519032,validation,0,43
blk_-453811028807506747,validation,0,43
blk_1718203485172770936,validation,0,43
blk_-9206933193885639969,validation,0,43
blk_2765429115808323511,validation,0,43
blk_-1824024045770018558,validation,0,43
blk_-5877659102612839677,validation,0,43
blk_-4626959152305198254,validation,0,43
blk_3077021242687180691,validation,0,43
blk_196901708287352370,validation,0,43
blk_-5328441593725410916,validation,0,43
blk_-666748941066573080,validation,0,43
blk_6697646899110691161,validation,1,43
blk_-7150728075594487841,validation,1,43
blk_3441939575377343594,validation,0,43
blk_3406384548372443486,validation,0,43
blk_-8175243644506991660,validation,0,43
blk_-4029122231733195264,validation,0,43
blk_4852691617145690297,validation,0,43
blk_1872009357421856357,validation,0,43
blk_2601798455898992438,validation,0,43
blk_-7373092965836423974,validation,0,43
blk_-4583089832726578773,validation,0,43
blk_2392650448271074266,validation,0,43
blk_-2675545733284764947,validation,0,43
blk_7445309790311838042,validation,0,43
blk_4059576833950100775,validation,0,43
blk_-8343912154119288435,validation,0,43
blk_-7456786683004471472,validation,0,43
blk_7683288008267257064,validation,0,43
blk_-1602053701757504146,validation,0,43
blk_9143966419732839340,validation,1,43
blk_8070577633092282078,validation,0,43
blk_6434369248960185648,validation,1,43
blk_5141493641597667916,validation,0,43
blk_7706922516233685235,validation,0,43
blk_7649170601558423724,validation,0,43
blk_-622730842505267942,validation,0,43
blk_143272615272219610,validation,0,43
blk_-8542701287724775048,validation,0,43
blk_1748137498759893560,validation,0,43
blk_8984546788451133017,validation,1,43
blk_-5567029310162445507,validation,0,43
blk_6698925149152115941,validation,0,43
blk_-4881100222158420976,validation,0,43
blk_6467633145143951421,validation,0,43
blk_1445302625839574197,validation,0,43
blk_-6763621222968941687,validation,0,43
blk_-8723292628885464832,validation,0,43
blk_-3340348884715339810,validation,0,43
blk_-7634987923199707906,validation,0,43
blk_5162751594187995010,validation,0,43
blk_7315454658512280622,validation,0,43
blk_-2985671890304167582,validation,0,43
blk_8543869052593757598,validation,1,43
blk_2212339010433437417,validation,0,43
blk_8254365398802493426,validation,1,43
blk_6130275262429881043,validation,0,43
blk_1165665503496882298,validation,0,43
blk_-2496653136034155454,validation,0,43
blk_7122218629801012997,validation,0,43
blk_-9132014449327713353,validation,0,43
blk_8260482982375869029,validation,0,43
blk_2657510069004633876,validation,0,43
blk_2623299926213904559,validation,0,43
blk_-6657843411283693332,validation,0,43
blk_7589436640038474208,validation,0,43
blk_-5693058203116191361,validation,0,43
blk_-4961666952615444935,validation,0,43
blk_-3817490249274703914,validation,0,43
blk_3039956540444411744,validation,0,43
blk_-2612370888766804048,validation,0,43
blk_-2639354092725037734,validation,0,43
blk_1128947612415237968,validation,0,43
blk_-7526737772786311684,validation,0,43
blk_2253825119089237825,validation,0,43
blk_1364345746601119827,validation,0,43
blk_-3266873078605995414,validation,0,43
blk_-4190459677968599508,validation,0,43
blk_2934486963425188357,validation,0,43
blk_6432584634357579544,validation,0,43
blk_6631626963003424192,validation,0,43
blk_5422642952003862524,validation,0,43
blk_3770963168282304783,validation,0,43
blk_-8309730815706827819,validation,0,43
blk_-1828863871794726129,validation,0,43
blk_6240471781091694251,validation,0,43
blk_6125090706664036446,validation,0,43
blk_-386591037072671327,validation,0,43
blk_-4865707232147868263,validation,0,43
blk_5342501656624528380,validation,0,43
blk_-6106770685102846171,validation,0,43
blk_-478875903816068166,validation,1,43
blk_274586299250012563,validation,0,43
blk_-1512697450995151516,validation,0,43
blk_-5156300431089258911,validation,0,43
blk_-4385890879496487177,validation,0,43
blk_4837271178047898022,validation,0,43
blk_-3030832101176411427,validation,0,43
blk_-1869904092711863852,validation,0,43
blk_2489701797116870297,validation,0,43
blk_3736198812644954732,validation,0,43
blk_-8459831014319514641,validation,0,43
blk_705945401654879832,validation,0,43
blk_1232348538077558647,validation,0,43
blk_1254552813800148933,validation,0,43
blk_-4086019977942313685,validation,0,43
blk_2925340746406561574,validation,0,43
blk_6032449029593906177,validation,0,43
blk_-3269518072310944397,validation,0,43
blk_-5405809975868569276,validation,0,43
blk_831271784007058970,validation,0,43
blk_3422409582770630459,validation,0,43
blk_4814037732560183160,validation,0,43
blk_1086654038806774477,validation,0,43
blk_-1448751665932713489,validation,0,43
blk_-5255509039461415888,validation,0,43
blk_-6375530335169341611,validation,0,43
blk_1263001464022928955,validation,0,43
blk_-5730485709849433848,validation,0,43
blk_-5344258724713833158,validation,0,43
blk_930246898765235458,validation,0,43
blk_7380123214202858013,validation,0,43
blk_2815972547987303611,validation,0,43
blk_8094238667144103666,validation,0,43
blk_-2965323054694765248,validation,0,43
blk_-7114135448898114546,validation,0,43
blk_-1932215534975055350,validation,0,43
blk_-2131892414248743012,validation,0,43
blk_6925040639255074068,validation,0,43
blk_-4686384143609478617,validation,0,43
blk_4077030804729600425,validation,0,43
blk_-5817552057090610291,validation,0,43
blk_-6678741134633586457,validation,0,43
blk_-6602452684530082654,validation,0,43
blk_-4988171165215182048,test,0,44
blk_-6838921492116120954,test,0,44
blk_6733502670823678822,test,1,44
blk_-2130120645090903445,test,0,44
blk_-1122396320601280769,test,0,44
blk_-1264592127240870105,test,0,44
blk_-4759491063151818254,test,0,44
blk_-129384339279215833,test,0,44
blk_-7188932692449017668,test,0,44
blk_8916784014886425756,test,0,44
blk_-7443670700614999620,test,0,44
blk_4773700577801043383,test,0,44
blk_7352652335435074354,test,0,44
blk_6628785448212004708,test,0,44
blk_-5047111413287538468,test,0,44
blk_-1936576960599584444,test,0,44
blk_4528298388223787327,test,0,44
blk_-1649334807612765719,test,1,44
blk_5980765160782067645,test,1,44
blk_-523396174128300073,test,0,44
blk_4532247405730888928,test,0,44
blk_1134444672952283776,test,0,44
blk_2254242186807094990,test,0,44
blk_6910696395676627060,test,0,44
blk_-8068047017912828538,test,0,44
blk_-3836074773729451193,test,0,44
blk_1853982822115817143,test,0,44
blk_-8710755374310390476,test,0,44
blk_-1179589382173653533,test,0,44
blk_-149022682140245977,test,0,44
blk_-5523392583216680563,test,0,44
blk_7244830129539826107,test,0,44
blk_4041331880321522213,test,0,44
blk_-5787616371143606146,test,0,44
blk_8588446112405027670,test,0,44
blk_7151556901265951589,test,0,44
blk_6286876017716458880,test,0,44
blk_1258728903435661405,test,0,44
blk_-4450005625926126372,test,1,44
blk_-5830045350905306003,test,0,44
blk_3692501265161647298,test,0,44
blk_8701212514306508409,test,0,44
blk_770982970250098386,test,0,44
blk_262190449711707706,test,0,44
blk_-1635430735601361143,test,0,44
blk_-7288602002253802910,test,0,44
blk_-8829670094428730213,test,0,44
blk_-6110335439063248927,test,0,44
blk_-766885039683157796,test,0,44
blk_-2678902512647340067,test,1,44
blk_4092068420807339312,test,0,44
blk_-7750523879317036440,test,0,44
blk_8322987244790249079,test,1,44
blk_8505046578021183940,test,0,44
blk_-6890533529561543159,test,0,44
blk_-6261833220433936064,test,1,44
blk_-6704468828004085571,test,0,44
blk_-8823737132011395302,test,0,44
blk_-728059554877688549,test,0,44
blk_6348216822233767461,test,0,44
blk_2150873571110643204,test,0,44
blk_-98234344307984834,test,0,44
blk_7398589463977499036,test,0,44
blk_6117314463984744541,test,1,44
blk_975955792861230030,test,0,44
blk_-3475772940190988122,test,0,44
blk_6392597803246206016,test,0,44
blk_-4797171713012599858,test,0,44
blk_-1522369914497462906,test,0,44
blk_-7476776089859683855,test,0,44
blk_-6665904547332792649,test,0,44
blk_-401060407937387526,test,0,44
blk_5154522653401461787,test,0,44
blk_669047484965884175,test,0,44
blk_-7252910530917720476,test,0,44
blk_1301507065176430144,test,0,44
blk_6120359595464678386,test,0,44
blk_5637332030575175492,test,0,44
blk_-3095799180785915186,test,0,44
blk_3602514842537912503,test,0,44
blk_-2627603589843447545,test,0,44
blk_6850693826861397568,test,0,44
blk_1666818496951102620,test,0,44
blk_8841360265327428808,test,0,44
blk_7409382422899032323,test,0,44
blk_8213496156461795590,test,0,44
blk_5190820620158937086,test,0,44
blk_891210618284727544,test,0,44
blk_7209774040590655318,test,0,44
blk_-1980087157436291241,test,0,44
blk_4626507919671014518,test,0,44
blk_-9098440957715609224,test,0,44
blk_7291291631463731167,test,0,44
blk_-235042179847041838,test,0,44
blk_-4156416901333043852,test,0,44
blk_1440034042162329590,test,0,44
blk_1591906289249959102,test,0,44
blk_-9193870819781333383,test,0,44
blk_-6045102943797095858,test,0,44
blk_-20632858779953485,test,0,44
blk_7981815954574270373,test,0,44
blk_6817492242042571418,test,0,44
blk_685513594734141207,test,0,44
blk_2086007333955357434,test,0,44
blk_7964288831920505241,test,0,44
blk_-7945914509685734008,test,0,44
blk_-6109290049841426850,test,0,44
blk_-8858432837192958494,test,0,44
blk_-4555033750432559917,test,0,44
blk_-885119010275815788,test,0,44
blk_8486442547551701135,test,0,44
blk_3325172890288793853,test,0,44
blk_-780281032638043895,test,0,44
blk_692104573580135741,test,0,44
blk_-544043267970809756,test,0,44
blk_-9032568344226393196,test,0,44
blk_2923815905507237825,test,0,44
blk_-9007565424222219129,test,0,44
blk_2652102048263199679,test,0,44
blk_-101145956256286982,test,0,44
blk_8791767895496836330,test,0,44
blk_1316167649142537122,test,0,44
blk_290740256179038221,test,0,44
blk_-857522660809366259,test,0,44
blk_-8062814396745876636,test,0,44
blk_-15995163505198850,test,0,44
blk_1633403445702941898,test,1,44
blk_-3954415624583891847,test,0,44
blk_-7547889349097754018,test,0,44
blk_-6658770665003685995,test,0,44
blk_7496481628827797135,test,0,44
blk_7917609569795229491,test,0,44
blk_-57695066550812961,test,0,44
blk_-1794362328548785816,test,0,44
blk_-7537772534648653762,test,0,44
blk_-5760048136048850507,test,0,44
blk_3116896518725370741,test,0,44
blk_2679979442788776540,test,0,44
blk_2197164391985101107,test,0,44
blk_984013025979028887,test,0,44
blk_5896409238615069495,test,0,44
blk_-6452992446221922823,test,0,44
blk_-3964995788066834092,test,0,44
blk_8897892542764578742,test,0,44
blk_-2288940038672990375,test,0,44
blk_-2940495294904392104,test,0,44
blk_4141104778359692232,test,0,44
blk_-1174685831839488507,test,0,44
blk_-2052412322956825888,test,0,44
blk_-8267962686973199570,test,0,44
blk_-5871201118232352253,test,0,44
blk_5314378876976418810,test,0,44
blk_-1321298037908798544,test,0,44
blk_5837398199232340007,test,0,44
blk_-7248129903849375628,test,0,44
blk_5723116311213419828,test,0,44
blk_6927361534336354092,test,0,44
blk_4604540527082057146,test,0,44
blk_7874144448267416590,test,0,44
blk_-7839708991376354599,test,0,44
blk_82636698948065957,test,0,44
blk_3876964135808304695,test,0,44
blk_2571549674618821651,test,0,44
blk_3897550695238860899,test,0,44
blk_6495196933076168157,test,0,44
blk_6211171841141962221,test,0,44
blk_1840769800197578650,test,0,44
blk_-586086892199619566,test,0,44
blk_-4741924843675673822,test,0,44
blk_3568674455588831303,test,0,44
blk_-1994936623074348104,test,0,44
blk_-2512331596007356724,test,0,44
blk_4007320268628250268,test,0,44
blk_-5570558658876378169,test,0,44
blk_-3913592327778569396,test,0,44
blk_1738484729162733330,test,0,44
blk_5645195601918739405,test,0,44
blk_-6587859336241839573,test,0,44
blk_-5871318921148743276,test,0,44
blk_-3957729870416610294,test,0,44
blk_5553743191407168349,test,0,44
blk_-6328484602222260312,test,0,44
blk_7071024158976368212,test,0,44
blk_-7923255393933775913,test,0,44
blk_-5870927400320867554,test,0,44
blk_-4144376712748100068,test,0,44
blk_-1951443044356096866,test,0,44
blk_5564132629314982876,test,0,44
blk_5426182069182775107,test,0,44
blk_-8967075550990280105,test,0,44
blk_-7597900806090280175,test,0,44
blk_-5179126969543155989,test,0,44
blk_-7564587909967311228,test,0,44
blk_7888504655725975103,test,0,44
blk_-1554338817329649049,test,0,44
blk_-9047309709065025270,test,0,44
blk_-6741530526484635283,test,0,44
blk_8424332108408823494,test,0,44
blk_-8499944387491971683,test,0,44
blk_-7816693174792807461,test,0,44
blk_-4919726349783120344,test,0,44
blk_1404220013583287291,test,0,44
blk_-9058144790834515925,test,0,44
blk_-7157545851547620506,test,0,44
blk_-4190554597227278460,test,0,44
blk_4314103983087362495,test,0,44
blk_8210941449032612049,test,0,44
blk_3525268079005704308,test,0,44
blk_-3739087048327363393,test,0,44
blk_-7306200331144759705,test,0,44
blk_8021282855821160625,test,0,44
blk_1834351801382809948,test,0,44
blk_165506434632624919,test,0,44
blk_4868322822650854655,test,0,44
blk_8119867747742603049,test,0,44
blk_6190349031788787975,test,0,44
blk_-9003272950733387955,test,0,44
blk_-313868028721375538,test,0,44
blk_4058456589875657694,test,0,44
blk_4215213612403254146,test,0,44
blk_-8321837602990451197,test,0,44
blk_8989207889276838047,test,0,44
blk_-2346954464417136317,test,0,44
blk_-2903674338324462565,test,0,44
blk_-6689431605202851007,test,0,44
blk_3606753705887027415,test,0,44
blk_4743667725044878794,test,0,44
blk_9099067834356563386,test,0,44
blk_-5831433481910964239,test,0,44
blk_-3581785570937041779,test,0,44
blk_-1360513248222259561,test,0,44
blk_-4115900954504460137,test,0,44
blk_4442652551293497778,test,0,44
blk_5701200775415724773,test,0,44
blk_7544496902703630665,test,0,44
blk_2233673622911764803,test,0,44
blk_-7758505204296532486,test,0,44
blk_5560352840995549655,test,0,44
blk_1358814552934503000,test,0,44
blk_-7607538099286530000,test,0,44
blk_6298715818761123252,test,0,44
blk_7301809700656063342,test,0,44
blk_5699492381745991060,test,0,44
blk_9066839006148111195,test,0,44
blk_1190194518989375895,test,0,44
blk_4168075094641916598,test,0,44
blk_6295991629417598702,test,0,44
blk_7957015634492404012,test,0,44
blk_-5624608829420689991,test,0,44
blk_-6783904053199109902,test,0,44
blk_-7089729434216725433,test,0,44
blk_8958295960379708302,test,0,44
blk_-230751314446060970,test,0,44
blk_-8128136482756503609,test,0,44
blk_517568829989521809,test,0,44
blk_380933426610019400,test,0,44
blk_6997989906293855708,test,0,44
blk_-1038831213206038197,test,0,44
blk_3682927799123567691,test,0,44
blk_-4919018112662094738,test,0,44
blk_-2466359885679788968,test,0,44
blk_-917962882570238827,test,0,44
blk_5898863654659647197,test,0,44
blk_-1569081139711592999,test,0,44
blk_6543964229664144044,test,0,44
blk_-6238274973564813273,test,0,44
blk_4627750781370267875,test,0,44
blk_5699276749354756,test,0,44
blk_-8675905036569320704,test,0,44
blk_3413236313943612030,test,0,44
blk_-2807660445600338932,test,0,44
blk_2401986033470145884,test,0,44
blk_9100112939212421737,test,0,44
blk_7245217552855447548,test,0,44
blk_-7869671010051824154,test,0,44
blk_3249775560582748900,test,0,44
blk_-8439808858275889655,test,0,44
blk_6135941275626213432,test,0,44
blk_4075659004993603396,test,0,44
blk_-859242845028487250,test,0,44
blk_1351640783946838764,test,0,44
blk_-2096165316675886626,test,0,44
blk_-5217789434529609878,test,0,44
blk_9071744867186492441,test,0,44
blk_-8167400759978166211,test,0,44
blk_-8183501572795662367,test,0,44
blk_2831653429419933459,test,0,44
blk_7410007217117219024,test,0,44
blk_-5779846737606033387,test,0,44
blk_7249374194361054544,test,0,44
blk_-450112206149752587,test,0,44
blk_-364438526206711,test,0,44
blk_-6929865196475727104,test,0,44
blk_7494300985200730637,test,0,44
blk_2967532267553743988,test,0,44
blk_6148893909452564554,test,0,44
blk_-3381902024535864708,test,0,44
blk_729395854595367814,test,0,44
blk_-2130682957479075514,test,0,44
blk_-751430136832883630,test,0,44
blk_5463377702005611592,test,0,44
blk_3796845536275094539,test,0,44
blk_8649275359670493793,test,0,44
blk_7373527192019303412,test,0,44
blk_4022287788453605182,test,0,44
blk_2034013902723437236,test,0,44
blk_7470748146074605146,test,0,44
blk_2994846579883644777,test,0,44
blk_-5892471434613281835,test,0,44
blk_4057102086178926295,test,0,44
blk_3943945774895016521,test,0,44
blk_-4495615060263091190,test,0,44
blk_-3958439065017479532,test,0,44
blk_-910233726538642118,test,0,44
blk_6860522723540569178,test,0,44
blk_6936650923971451523,test,0,44
blk_1819852934741444895,test,0,44
blk_-7815550179440785513,test,0,44
blk_-65205969630131043,test,0,44
blk_-7314389426433298561,test,0,44
blk_-3854811463441995053,test,0,44
blk_-7408293082510807583,test,0,44
blk_3619087782906038581,test,0,44
blk_8217115138473403148,test,0,44
blk_3850024671165495188,test,0,44
blk_-1185160030317497232,test,0,44
blk_5160640544057947466,test,0,44
blk_-6692275408529716456,test,0,44
blk_-7594170913118748846,test,0,44
blk_-1219374962605679676,test,0,44
blk_-2685975245071258810,test,0,44
blk_-487882435616988806,test,0,44
blk_1010977866630785296,test,0,44
blk_6126813659735933589,test,0,44
blk_-4511395113309691425,test,0,44
blk_2122198450269552844,test,0,44
blk_8796039494327391475,test,0,44
blk_-705044342643815185,test,0,44
blk_-4277020330443230447,test,0,44
blk_8920963847714656533,test,0,44
blk_2151419276931323486,test,0,44
blk_2846264445482623430,test,0,44
blk_-2535863550500081964,test,0,44
blk_5215805986042174763,test,0,44
blk_1734156602434771198,test,0,44
blk_-6023823442846192198,test,0,44
blk_-199709487564750012,test,1,44
blk_2069662011570582325,test,0,44
blk_-5358880920478072896,test,0,44
blk_4627045312501471362,test,0,44
blk_4372962502524692646,test,0,44
blk_-6367652538943200703,test,0,44
blk_1131648715763774984,test,0,44
blk_-37900190696770016,test,0,44
blk_-8635366413544849248,test,0,44
blk_-7632462552108756501,test,0,44
blk_-8484730092333180160,test,0,44
blk_5086269550530366154,test,0,44
blk_-3773407337295271818,test,0,44
blk_1729972029864479570,test,0,44
blk_-5773476596508224093,test,0,44
blk_-7440698712944316759,test,0,44
blk_8512771764127580366,test,0,44
blk_-7607867174897283604,test,0,44
blk_215554919735615067,test,0,44
blk_-4842948364931969336,test,0,44
blk_-4672819208700222202,test,0,44
blk_-753845900224604505,test,0,44
blk_8919895730295543604,test,0,44
blk_-4643455240788529368,test,0,44
blk_-2749938843106326099,test,0,44
blk_3153843650020448635,test,0,44
blk_-7748899737917714722,test,0,44
blk_8950314505575027932,test,0,44
blk_2845922230458915291,test,0,44
blk_-19220682500931541,test,0,44
blk_8147378529396854395,test,0,44
blk_-6011728837360125517,test,0,44
blk_471105689647731525,test,0,44
blk_4590818915494376936,test,0,44
blk_8749094081602833403,test,0,44
blk_-6270045512989654742,test,0,44
blk_7938060985102760134,test,0,44
blk_5536092218581151815,test,0,44
blk_-8009024771571027134,test,0,44
blk_-8376175223204802290,test,0,44
blk_-3729076142840544342,test,0,44
blk_-4524943965561917537,test,0,44
blk_4461820566732526946,test,0,44
blk_-6489329064263010235,test,0,44
blk_-8579433057956225052,test,0,44
blk_-6137330788235849084,test,0,44
blk_-1744797404586468715,test,0,44
blk_-3475982056995700215,test,0,44
blk_-4548821479716610133,test,0,44
blk_4596812675560079256,test,0,44
blk_7974107924155501180,test,0,44
blk_-4707759376662825309,test,0,44
blk_-8824702439704538938,test,0,44
blk_-2345351461268381968,test,0,44
blk_-7877749040441962076,test,0,44
blk_7148989316811010001,test,0,44
blk_6660724381140821613,test,0,44
blk_2966513692299945298,test,0,44
blk_-4026042424093946152,test,0,44
blk_9103673526816736382,test,0,44
blk_2649253312606443098,test,0,44
blk_-1761756102160934694,test,0,44
blk_-6284747197422117560,test,0,44
blk_645908273377886924,test,0,44
blk_-8976678367018807280,test,0,44
blk_1437320749602955367,test,0,44
blk_-699493004204260912,test,0,44
blk_-8778322927062313908,test,0,44
blk_-810726445432306018,test,0,44
blk_-4004747614559611996,test,0,44
blk_-6432612720576978587,test,0,44
blk_5526381666639634505,test,0,44
blk_-2001001466123107608,test,0,44
blk_-805379943355993072,test,0,44
blk_-8314053432024434538,test,0,44
blk_-8152713675730606619,test,0,44
blk_5847236361157795253,test,0,44
blk_6227110418279720957,test,0,44
blk_-6270735679183286166,test,0,44
blk_9094648843723789259,test,0,44
blk_964090949127066104,test,0,44
blk_8881835863389275510,test,0,44
blk_-5354975993375118316,test,0,44
blk_-1341582358774295925,test,0,44
blk_9114823660068268818,test,0,44
blk_8201065938733069456,test,0,44
blk_1285442361936857998,test,0,44
blk_6972971001993961057,test,0,44
blk_3787779343112728188,test,0,44
blk_-342081634324078711,test,0,44
blk_-8313293343529996737,test,0,44
blk_-1805033315543041910,test,0,44
blk_7982381019570965146,test,0,44
blk_-7057856926925750203,test,0,44
blk_2341022526866788883,test,0,44
blk_-4869625334370540258,test,0,44
blk_-468201675290941116,test,0,44
blk_-4274436164408053878,test,0,44
blk_-1274437461469267600,test,0,44
blk_5980521569264053404,test,0,44
blk_2208390672214359587,test,0,44
blk_-235527646925532460,test,0,44
blk_-7375875216692834355,test,0,44
blk_4170936278386288557,test,0,44
blk_-101674814704107957,test,0,44
blk_2897066345404332989,test,0,44
blk_-4242955048855101814,test,0,44
blk_8991886833410312987,test,0,44
blk_9221880014464125720,test,0,44
blk_-6656067562049374303,test,0,44
blk_-1603460076440639965,test,0,44
blk_-2268223819445756669,test,0,44
blk_-735189114765331067,test,0,44
blk_3434039019323856354,test,0,44
blk_-4311860264868352373,test,0,44
blk_6456657662678692704,test,0,44
blk_-1197363275936373647,test,0,44
blk_-419098751545283155,test,0,44
blk_7839361559726015755,test,0,44
blk_23413133649464367,test,0,44
blk_1919706537550925595,test,0,44
blk_-7101303315652867694,test,0,44
blk_6877950529821195371,test,0,44
blk_-1491468674219523704,test,0,44
blk_-8592964073405181587,test,0,44
blk_-5495217739224683606,test,0,44
blk_1370257694980107908,test,0,44
blk_7240201416327433593,test,0,44
blk_-4118658505681997844,test,0,44
blk_-615989970017356758,test,0,44
blk_-5860033488389297437,test,0,44
blk_8342711060929249670,test,0,44
blk_-4450463546512892253,test,0,44
blk_801398181216152676,test,0,44
blk_362346601713417341,test,0,44
blk_-791506483822529968,test,0,44
blk_3945254130677544190,test,0,44
blk_-452926124235865089,test,0,44
blk_-2447233594188937457,test,0,44
blk_7532978829778770329,test,0,44
blk_4615480113367707820,test,0,44
blk_3617320513883524732,test,0,44
blk_-7270873674109852072,test,0,44
blk_2066767592526424975,test,0,44
blk_2797261533959137241,test,0,44
blk_-7530235191848873223,test,0,44
blk_5982442839119667049,test,0,44
blk_-7719886617180239570,test,0,44
blk_-3357020182907898102,test,0,44
blk_-4159102961453391819,test,0,44
blk_1054727167459757177,test,0,44
blk_6201782412181962521,test,0,44
blk_7673473135847489309,test,0,44
blk_4657705420440840860,test,0,44
blk_-8682531870762904978,test,0,44
blk_8732995789772050248,test,0,44
blk_8577042610410046096,test,0,44
blk_-3720718862627626555,test,0,44
blk_-2619142130664843057,test,0,44
blk_1336677725051232134,test,0,44
blk_2375699033120666060,test,0,44
blk_4313239079779123510,test,0,44
blk_-5044651042520725785,test,0,44
blk_5138093261390654388,test,0,44
blk_-3340344657085522690,test,0,44
blk_-2167521757045928305,test,0,44
blk_7921620554527421137,test,0,44
blk_-5912067489690029353,test,0,44
blk_-5136804328633595542,test,0,44
blk_-802994037911889914,test,0,44
blk_2961153214773570843,test,0,44
blk_1505140350976152065,test,0,44
blk_5239100365452018458,test,0,44
blk_4115208366938261441,test,0,44
blk_2429129833996206046,test,0,44
blk_7835801717549019131,test,0,44
blk_-134925057946830161,test,0,44
blk_1529907732537643329,test,0,44
blk_-5761442638930397007,test,0,44
blk_8588225306675894372,test,0,44
blk_3686853850794741199,test,0,44
blk_-338606267884258043,test,0,44
blk_-4872964500010691292,test,0,44
blk_-6240444466307562896,test,0,44
blk_8091143363207346013,test,0,44
blk_-8539208940466423599,test,0,44
blk_-7911408976820434495,test,0,44
blk_8300145759274003503,test,0,44
blk_8667969641379458574,test,0,44
blk_-3179580108686285776,test,0,44
blk_3166326399520749231,test,0,44
blk_8131424787159190253,test,0,44
blk_-1120549658087024759,test,0,44
blk_-7068479098691284423,test,0,44
blk_-7935498025073945522,test,0,44
blk_-325669351236605519,test,0,44
blk_6510963037857434867,test,0,44
blk_-1647639847237776247,test,0,44
blk_6386120850054612638,test,0,44
blk_-4452409592994579198,test,0,44
blk_-6370555147497029123,test,0,44
blk_6885531181414537358,test,0,44
blk_518235798211760331,test,0,44
blk_-3672110985779005593,test,0,44
blk_1628216927232899405,test,0,44
blk_-5457789444875233343,test,0,44
blk_-4433126772476953381,test,0,44
blk_4450011216186444295,test,0,44
blk_-7447913384591987013,test,0,44
blk_-5647912761658420411,test,0,44
blk_3783535477149572322,test,0,44
blk_8955334708931292261,test,0,44
blk_4136225066358355371,test,0,44
blk_-182720422370469461,test,0,44
blk_5546270827425477775,test,0,44
blk_3231635733333837007,test,0,44
blk_5024104895209850951,test,0,44
blk_-8736540796957042128,test,0,44
blk_-3828055935976990781,test,0,44
blk_4652173776726230383,test,0,44
blk_6414400000358558782,test,0,44
blk_8834060962230474301,test,0,44
blk_-5654600055945239430,test,0,44
blk_-6325223868790102702,test,0,44
blk_1166659415186527622,test,0,44
blk_7407396975833316635,test,0,44
blk_-8051211060766659084,test,0,44
blk_-5088076106206995296,test,0,44
blk_6104370038230661569,test,0,44
blk_7582190032193160159,test,1,44
blk_-2506893311992448971,test,0,44
blk_1901809885415496091,test,0,44
blk_7254016699686119472,test,0,44
blk_8638813791646383318,test,0,44
blk_8423093467030480968,test,0,44
blk_-1289104932001509739,test,0,44
blk_-5189782958549571641,test,0,44
blk_-4669569506811543374,test,0,44
blk_-8162565526223101695,test,0,44
blk_-4388299993113431757,test,0,44
blk_-4240633908987596963,test,0,44
blk_6421243050743042361,test,0,44
blk_5754073202702811866,test,0,44
blk_-9216128928962721613,test,0,44
blk_-1197958587884199825,test,0,44
blk_5972238053493496914,test,0,44
blk_-2701590622178659923,test,0,44
blk_7580236416097425437,test,0,44
blk_780446978303004296,test,0,44
blk_3114129244674986453,test,0,44
blk_-5829131963724834251,test,0,44
blk_-235833422509377744,test,0,44
blk_7337978153094493806,test,0,44
blk_-4572357977036032909,test,0,44
blk_2111650328262826672,test,0,44
blk_-8451370564417809256,test,0,44
blk_-6342002494762636665,test,0,44
blk_-894636203420629337,test,0,44
blk_-6511887035985029610,test,0,44
blk_-8941169452098383261,test,0,44
blk_-8726512271841964671,test,0,44
blk_-447265022373090747,test,0,44
blk_-8154567617735347957,test,0,44
blk_-4187818243733245152,test,0,44
blk_7323489269618690756,test,0,44
blk_1979966550468476563,test,0,44
blk_-1528715397743009060,test,0,44
blk_1567863774669470749,test,0,44
blk_4818312451107635887,test,0,44
blk_-6171368032583208892,test,0,44
blk_-7108879857345286003,test,0,44
blk_-3723867795545470291,test,0,44
blk_-4986015380672040701,test,0,44
blk_544053922683000826,test,0,44
blk_7833740841354400742,test,0,44
blk_8675852203752978993,test,0,44
blk_8817867042342468660,test,0,44
blk_-5402311893889851456,test,0,44
blk_3800836882782815247,test,0,44
blk_83896830916963413,test,0,44
blk_-1078232849626213138,test,0,44
blk_-9140162439381349150,test,0,44
blk_4791790504773203791,test,0,44
blk_-1721364834807217851,test,1,44
blk_-6363681059895086588,test,0,44
blk_-7988820796492545851,test,0,44
blk_6326877254968646091,test,0,44
blk_8694668539060829958,test,0,44
blk_3986664308715423427,test,0,44
blk_7822626235621746928,test,0,44
blk_500674890891312399,test,0,44
blk_-3236698692120547116,test,0,44
blk_76621222312387596,test,0,44
blk_9108602274413405683,test,0,44
blk_6558780056348586454,test,0,44
blk_5821703077104506684,test,0,44
blk_-6464258908654505284,test,0,44
blk_5767796347155710565,test,0,44
blk_-335467783586179006,test,0,44
blk_-5688903177063114227,test,0,44
blk_-7462703001525664891,test,0,44
blk_-2163579286718516382,test,0,44
blk_-4676308414371408020,test,0,44
blk_-6861305872064981839,test,0,44
blk_8981189769885378386,test,0,44
blk_6781641040609163938,test,0,44
blk_761206632593652865,test,0,44
blk_-1997839771589994340,test,0,44
blk_-4685031938334670272,test,0,44
blk_2433768678267432359,test,0,44
blk_-3779475580547976812,test,0,44
blk_8483905703902381326,test,0,44
blk_-2232666424033565015,test,0,44
blk_-8334095539227826195,test,0,44
blk_-3002002919126404249,test,0,44
blk_4937262887927164742,test,0,44
blk_-2879850494657109314,test,0,44
blk_-2921964909781102156,test,0,44
blk_3993571002871409621,test,0,44
blk_6467997087172980804,test,0,44
blk_-7587096340348671175,test,0,44
blk_-941863437012854609,test,0,44
blk_5614199884720977809,test,0,44
blk_-6474093460157880238,test,0,44
blk_-2189080492937000064,test,0,44
blk_6304709991744424114,test,0,44
blk_-7339042085542195623,test,0,44
blk_-565540415268950864,test,0,44
blk_-4903349582265609046,test,0,44
blk_3123126283749804229,test,0,44
blk_-8337291034655593664,test,0,44
blk_-4694307890830981877,test,0,44
blk_-6763277122135910428,test,0,44
blk_5903782758472983067,test,0,44
blk_6716080412686628056,test,0,44
blk_5676656823892311197,test,0,44
blk_-841575668762255314,test,0,44
blk_-4629970241038070703,test,0,44
blk_8765518359977495989,test,0,44
blk_4021833950142143402,test,0,44
blk_3708260701876311916,test,0,44
blk_-2221991076170690997,test,0,44
blk_-5234537807278713274,test,0,44
blk_5200125518741041560,test,0,44
blk_7254459306037985532,test,0,44
blk_-3905422084371473785,test,0,44
blk_7478825670535199623,test,0,44
blk_681226357641879864,test,0,44
blk_375658829570124220,test,0,44
blk_468929838146138675,test,0,44
blk_-6853627985886924709,test,0,44
blk_4543615187588873706,test,0,44
blk_-7469709539784238442,test,0,44
blk_8289134260012132522,test,0,44
blk_5388757029931027625,test,0,44
blk_7548466829088362577,test,0,44
blk_-477267006192236484,test,0,44
blk_521581762366868405,test,0,44
blk_-836363696495651103,test,0,44
blk_-3413707975051634656,test,0,44
blk_5013120723353999852,test,0,44
blk_-5910359637503379959,test,0,44
blk_3566905078980508911,test,0,44
blk_-2616693813048934601,test,0,44
blk_-1958888215340974516,test,0,44
blk_1301380359165056182,test,0,44
blk_-5328311464031973085,test,0,44
blk_6873224057266684987,test,0,44
blk_-7958772846444596296,test,0,44
blk_-2157940770852199337,test,0,44
blk_-5219593126552188746,test,0,44
blk_3926815094088631449,test,0,44
blk_-8407294785547408681,test,0,44
blk_8592107187918714714,test,0,44
blk_-3085779959543297603,test,0,44
blk_4570729371211165048,test,0,44
blk_8587040941181359453,test,0,44
blk_-6388219164574201029,test,0,44
blk_3173944818554834030,test,0,44
blk_-619619567481651811,test,0,44
blk_-281575875328677808,test,0,44
blk_-2888938446888479723,test,0,44
blk_-2835681384028611708,test,0,44
blk_3570174852618840674,test,0,44
blk_973009103806292849,test,0,44
blk_-4966617694861318272,test,0,44
blk_-1783836774855147720,test,0,44
blk_-770006417084945368,test,0,44
blk_681849598544858428,test,0,44
blk_-3909946905660303431,test,0,44
blk_-1916666449270134159,test,0,44
blk_2496985480576983710,test,0,44
blk_8008764545014162150,test,0,44
blk_-9029971634867007556,test,0,44
blk_7496060464827651302,test,0,44
blk_-4843252694780407904,test,0,44
blk_835983228684277457,test,0,44
blk_-3646645979948735024,test,1,44
blk_-7278258381326342834,test,1,44
blk_-972443786489649364,test,0,44
blk_-7199110245259907771,test,0,44
blk_-7194371119047568807,test,0,44
blk_7627718503317079861,test,0,44
blk_-610621765030178036,test,0,44
blk_-1960006978397980138,test,1,44
blk_7594677430531476365,test,0,44
blk_5746780851299366513,test,0,44
blk_-7006082844571914031,test,0,44
blk_6994261753627943852,test,0,44
blk_5679981143042621355,test,0,44
blk_3925537016738408164,test,0,44
blk_7818244344274356937,test,0,44
blk_-3777901847047753240,test,0,44
blk_-3717278577574603868,test,0,44
blk_2444778602072347672,test,0,44
blk_-5002544888394540412,test,0,44
blk_171425942501654054,test,0,44
blk_-2302027164351506287,test,0,44
blk_652685005105969091,test,0,44
blk_-3959462950805765452,test,0,44
blk_-4407578550342925286,test,0,44
blk_-2895171018912807248,test,0,44
blk_-2515946615925928792,test,0,44
blk_5122118282542744099,test,0,44
blk_-5951027990630408567,test,0,44
blk_-4940683892618789838,test,0,44
blk_2201481947441280765,test,0,44
blk_2550769485565713546,test,0,44
blk_-474866976915676899,test,0,44
blk_4229075750481718634,test,0,44
blk_4695609256080703910,test,0,44
blk_8957714179098670043,test,0,44
blk_-1735746903074371020,test,0,44
blk_6319644393176663357,test,0,44
blk_-4307086523859935726,test,0,44
blk_-5773981192714881280,test,0,44
blk_-3330263492230348723,test,0,44
blk_6491064119721578324,test,0,44
blk_4834635504735481350,test,0,44
blk_763062651892426534,test,0,44
blk_4865691401425821588,test,0,44
blk_1838851668002414009,test,0,44
blk_3934902639297308964,test,0,44
blk_-3041424651024098513,test,0,44
blk_-7737858627526418707,test,0,44
blk_-3186526786760495902,test,0,44
blk_1279708767596475407,test,0,44
blk_-6783086644796639291,test,0,44
blk_-4620303335072441145,test,0,44
blk_-38711322751463128,test,0,44
blk_6741172834852191036,test,0,44
blk_8957307923639256225,test,0,44
blk_-9161626983427084180,test,0,44
blk_-2927996566979116474,test,0,44
blk_-8081342248005091787,test,0,44
blk_-3460684229606172224,test,0,44
blk_-3374589786628140635,test,0,44
blk_9042307386214738629,test,0,44
blk_-2566243326474265679,test,0,44
blk_5942335929464414351,test,0,44
blk_-2446887611815664928,test,0,44
blk_-4314515257138947071,test,0,44
blk_2720457432777677993,test,0,44
blk_-7413744629153590611,test,0,44
blk_-796148216083392312,test,0,44
blk_-1485229758152199879,test,0,44
blk_8035545516834512798,test,0,44
blk_8902546691320020693,test,0,44
blk_-5025189570592015920,test,0,44
blk_2402361370346539859,test,0,44
blk_2560257365733357727,test,0,44
blk_-8889670336478567573,test,0,44
blk_-7288834219604368808,test,0,44
blk_-1766112995633980230,test,0,44
blk_-4561236951506734554,test,0,44
blk_-9198873125067585903,test,0,44
blk_-7797269975979988208,test,0,44
blk_-4095984579067703479,test,0,44
blk_5918370533028769229,test,0,44
blk_2645906756057995475,test,0,44
blk_-1139523591047610904,test,0,44
blk_5402213638515841916,test,0,44
blk_-197243478334334843,test,0,44
blk_5467308174494210063,test,0,44
blk_-1864274362555540523,test,0,44
blk_174568686088354591,test,0,44
blk_-5728189353623391147,test,0,44
blk_781733443772634826,test,0,44
blk_6286655996356683362,test,0,44
blk_8687892290656291346,test,0,44
blk_5828945723325348108,test,0,44
blk_2970288578411727251,test,0,44
blk_-2593281946403255639,test,0,44
blk_1276450342191698000,test,1,44
blk_5663771733627242409,test,0,44
blk_1567598128404963005,test,0,44
blk_1047754497962501396,test,0,44
blk_8789034349054930964,test,0,44
blk_-3390962844252676742,test,0,44
blk_8107329012248186879,test,0,44
blk_3612764810157913311,test,0,44
blk_4644371004598100825,test,0,44
blk_-8666439233406973166,test,0,44
blk_-6560043668648595010,test,0,44
blk_2616485393598301092,test,0,44
blk_151537527433106882,test,0,44
blk_7564243812592588617,test,0,44
blk_-1270614638523927425,test,0,44
blk_-3426153501470382057,test,0,44
blk_8616234436945467972,test,0,44
blk_4724807449714555249,test,0,44
blk_4218352971461973191,test,0,44
blk_-9026517742110089321,test,0,44
blk_-4243068021327734017,test,0,44
blk_4790618699183156744,test,0,44
blk_5251207244769709921,test,0,44
blk_-603403401880007349,test,0,44
blk_7007515716446107353,test,0,44
blk_3579371212197975626,test,0,44
blk_-4768829850828852088,test,0,44
blk_628228007130411632,test,0,44
blk_8559299002734994556,test,0,44
blk_-4329457594266360054,test,0,44
blk_-5305962616470203331,test,0,44
blk_7240868760710974073,test,0,44
blk_3401009061899963658,test,0,44
blk_-1686218975158865743,test,0,44
blk_5129539739646513471,test,0,44
blk_-4465277358538272950,test,0,44
blk_5971367354495052883,test,0,44
blk_-5236130984148790227,test,0,44
blk_4174434745407329279,test,0,44
blk_811504100714354493,test,0,44
blk_5788481529523640569,test,0,44
blk_-2826201610044639984,test,0,44
blk_5597204594136083706,test,0,44
blk_-5075721738330064071,test,0,44
blk_4340309359894077916,test,0,44
blk_6041961038924831973,test,0,44
blk_1177509105751848718,test,0,44
blk_-6892421711676095557,test,1,44
blk_-2429331012845974549,test,0,44
blk_-8464133259948877951,test,0,44
blk_4799870205888656665,test,0,44
blk_6884107892384465463,test,0,44
blk_8537773512423984260,test,0,44
blk_5449728821975291365,test,0,44
blk_-5751007630962517089,test,0,44
blk_-6960163885031570646,test,0,44
blk_-8397794120280251256,test,0,44
blk_7234570185625478580,test,0,44
blk_2091775003351707203,test,0,44
blk_5492828651483285293,test,0,44
blk_875676904056205414,test,0,44
blk_-4583163265076502939,test,0,44
blk_-6424235771974319416,test,0,44
blk_7947785160688013439,test,0,44
blk_-4986294787066735385,test,0,44
blk_2462584269683099152,test,0,44
blk_5195746211851379225,test,0,44
blk_-6278846469456041282,test,0,44
blk_-7274996995565426582,test,0,44
blk_-5131603041066482673,test,0,44
blk_853309490671451228,test,0,44
blk_8412729666341262013,test,0,44
blk_-4105325347152925984,test,0,44
blk_1381066354507725322,test,0,44
blk_2244845472693598171,test,0,44
blk_-1522172142878693807,test,0,44
blk_5862932148520681803,test,0,44
blk_-7566874653201354024,test,0,44
blk_-2347288005980950493,test,0,44
blk_483510768435333873,test,0,44
blk_8834110966109954448,test,0,44
blk_-4179803930625725313,test,0,44
blk_-6766312047637313959,test,0,44
blk_-6718698774264361473,test,0,44
blk_2634503374005752516,test,0,44
blk_3561038964937591681,test,0,44
blk_-8369175385762444315,test,0,44
blk_-8322200059231526185,test,0,44
blk_-420963515208099652,test,0,44
blk_1374063958582778432,test,0,44
blk_6466167344087209804,test,0,44
blk_-3449526064106076085,test,0,44
blk_6777308384613702413,test,0,44
blk_5257292252720085215,test,0,44
blk_-5236155566935860472,test,0,44
blk_-3522403277233750339,test,0,44
blk_6143555259660688388,test,0,44
blk_6399208964958144204,test,0,44
blk_3318503655359692110,test,0,44
blk_-7246999462104055371,test,0,44
blk_2782074868609974020,test,0,44
blk_2138989757832811418,test,0,44
blk_-2908179423614730319,test,0,44
blk_2778044749954936311,test,0,44
blk_986133786620832944,test,0,44
blk_-4899522988767777156,test,0,44
blk_-4047354285488208043,test,0,44
blk_-8027186394536801777,test,0,44
blk_-2771289264581836546,test,0,44
blk_4070566530625308482,test,0,44
blk_-7809228424743346777,test,0,44
blk_742489656135684069,test,0,44
blk_3453310673946755597,test,0,44
blk_-6926613783364046491,test,0,44
blk_-675422680920513013,test,0,44
blk_2934037441337709786,test,0,44
blk_1464046728171858020,test,0,44
blk_-8016470681997730137,test,0,44
blk_-8228540608827939957,test,0,44
blk_7442046963970566372,test,0,44
blk_-6220971925113757998,test,0,44
blk_5971369906127017421,test,0,44
blk_6034235766258760346,test,0,44
blk_-8427698865491839296,test,0,44
blk_-4361837472782446370,test,0,44
blk_-954103677809010334,test,0,44
blk_7556091360434981540,test,0,44
blk_2544649434499269822,test,0,44
blk_7433840098752738696,test,0,44
blk_2004568242905220850,test,0,44
blk_8022639131985875565,test,0,44
blk_5848910093386461064,test,0,44
blk_4192092538247303539,test,0,44
blk_-3363577402742606917,test,0,44
blk_4470976248385690775,test,0,44
blk_-574232130560432920,test,0,44
blk_7051363906597560019,test,0,44
blk_-5495735493568148168,test,0,44
blk_2697919216437441020,test,0,44
blk_156561698490476020,test,0,44
blk_2870157171673728725,test,0,44
blk_904382926312234087,test,0,44
blk_7749070388028915568,test,0,44
blk_-4430398376274451293,test,0,44
blk_-4773594765750860710,test,0,44
blk_-3861324578462324784,test,0,44
blk_-2625400814105557815,test,0,44
blk_7605819342552450862,test,0,44
blk_3761011254222985872,test,0,44
blk_-6255911649101552223,test,0,44
blk_-2334659256941401558,test,0,44
blk_-2487185965500677997,test,0,44
blk_-88631016144745250,test,0,44
blk_-2324217153152109609,test,0,44
blk_-6853061760090707336,test,0,44
blk_-7419336127865779914,test,0,44
blk_-4492339551847788995,test,0,44
blk_-8853250034266160298,test,0,44
blk_4045871305818559010,test,0,44
blk_5804844171317239199,test,0,44
blk_-5125306715594769753,test,0,44
blk_1888149670077800442,test,0,44
blk_-10542419146110375,test,0,44
blk_-7859170966517111104,test,0,44
blk_-9142771813108127270,test,0,44
blk_-6282550346980187733,test,0,44
blk_-4194411105559919542,test,0,44
blk_-4230844295781067315,test,0,44
blk_-9181188737266896283,test,0,44
blk_9043425058501082094,test,0,44
blk_8613835026776012618,test,0,44
blk_1642303143695371555,test,0,44
blk_-3476589119584137843,test,0,44
blk_7295221047556768446,test,0,44
blk_-4589669416019209809,test,0,44
blk_9190360558824776285,test,0,44
blk_-8643181878727250922,test,0,44
blk_2588190600594308032,test,0,44
blk_4401887037076524506,test,0,44
blk_7520745583294054511,test,0,44
blk_7476988044838402695,test,0,44
blk_-8138203161056767549,test,0,44
blk_4164399867811649201,test,0,44
blk_8037487844209841854,test,0,44
blk_-5922754945925681596,test,0,44
blk_2235592059764335622,test,0,44
blk_4820650745157199554,test,0,44
blk_3535176088686306644,test,0,44
blk_-4694862030350335819,test,0,44
blk_-3854188390952610362,test,0,44
blk_9133229337318927249,test,0,44
blk_8626074892819416782,test,0,44
blk_-3533643454350632524,test,0,44
blk_-668046755121449109,test,0,44
blk_-5688165250398461378,test,0,44
blk_-2960232687957062992,test,0,44
blk_-5534046752947513232,test,0,44
blk_-2922535337339727602,test,0,44
blk_-6832119416852855732,test,0,44
blk_-5401327131589200510,test,0,44
blk_-3663209093206972840,test,0,44
blk_-5430854185186278062,test,0,44
blk_-1058576426077540011,test,0,44
blk_-5580608258331994521,test,0,44
blk_-7544009480779916772,test,0,44
blk_-3091221399636339022,test,0,44
blk_7724927985015160245,test,0,44
blk_5140974933949132119,test,0,44
blk_7656429701923759717,test,0,44
blk_5232102155175702042,test,0,44
blk_-6681669203856300152,test,0,44
blk_3371472274378326584,test,0,44
blk_-1368498696742366570,test,0,44
blk_4603771699113181722,test,0,44
blk_-2732786437968747231,test,0,44
blk_-7067778300635147435,test,0,44
blk_-6144854731239312169,test,0,44
blk_3509111933529877010,test,0,44
blk_-8265302614898510116,test,0,44
blk_2592809820240091546,test,0,44
blk_703339591424294438,test,0,44
blk_-8242724773089018511,test,0,44
blk_644760487916044843,test,0,44
blk_3157946719889457255,test,0,44
blk_-5440262653017024070,test,1,44
blk_2034296441062443136,test,0,44
blk_-4821737263170931918,test,0,44
blk_-9147517981110293127,test,0,44
blk_2916725705725327905,test,0,44
blk_147262184281288288,test,0,44
blk_4897847690573573911,test,0,44
blk_25892968902598763,test,0,44
blk_4534137979305349615,test,0,44
blk_-4973356466019776804,test,0,44
blk_2692593638463088471,test,0,44
blk_-1827771585549549866,test,0,44
blk_-8418891318115138507,test,0,44
blk_-4530127582803667660,test,0,44
blk_-7066729044019220781,test,0,44
blk_-5464982243178481574,test,0,44
blk_-7880999372858939613,test,0,44
blk_185422953170713092,test,0,44
blk_-3596304405615476809,test,0,44
blk_-3447078689611241961,test,0,44
blk_-6682289107944319743,test,0,44
blk_-6715329660244157687,test,0,44
blk_-1205752700923053670,test,0,44
blk_-6443622207747602014,test,0,44
blk_-306809266742027059,test,0,44
blk_-7348806092685866406,test,0,44
blk_-5319791574302329998,test,0,44
blk_-6256695396248113289,test,0,44
blk_-3324184068695153770,test,0,44
blk_5746604391744694143,test,0,44
blk_-2775883547295381711,test,0,44
blk_4514426071033317846,test,0,44
blk_5052702478782622372,test,0,44
blk_-3759801622211754339,test,0,44
blk_4280615843239267637,test,0,44
blk_2357200741413466120,test,0,44
blk_1149815759080215068,test,0,44
blk_-5365082878909148509,test,0,44
blk_-7148296046697717520,test,0,44
blk_1690441457445099187,test,0,44
blk_-8691940532938152798,test,0,44
blk_-5020518321604833522,test,0,44
blk_-5705390533984600356,test,0,44
blk_-4881642032167225093,test,0,44
blk_-404223394411449029,test,0,44
blk_-3361020327527916701,test,0,44
blk_-249180758635197953,test,0,44
blk_-4791272991993492805,test,0,44
blk_-2015846435956727260,test,0,44
blk_-9060130407908994426,test,0,44
blk_-4768035178783304409,test,0,44
blk_1593118710253634285,test,0,44
blk_3626782168013520427,test,0,44
blk_-798058803216385112,test,0,44
blk_6526593018202245035,test,0,44
blk_8537142604621991731,test,0,44
blk_1124925160856913862,test,0,44
blk_7849694891829852382,test,0,44
blk_-4919692312543601535,test,0,44
blk_3617816442704272870,test,0,44
blk_-5200334857056976876,test,0,44
blk_782799025682456012,test,0,44
blk_-1895271225723861615,test,0,44
blk_4211772048370150857,test,0,44
blk_-7612638750529895421,test,0,44
blk_1606017230218568131,test,0,44
blk_5581114045279674133,test,0,44
blk_5790073993310026275,test,0,44
blk_-3565649375502315241,test,0,44
blk_-8514117727737972668,test,0,44
blk_3687206015775285150,test,0,44
blk_-7389876646665224165,test,0,44
blk_-6730426436083393537,test,0,44
blk_-7819418607301519967,test,0,44
blk_6920405958040298650,test,0,44
blk_1784949815399809918,test,0,44
blk_5893946754150049762,test,0,44
blk_-5042679609161919548,test,0,44
blk_4825147792455063897,test,0,44
blk_3584953978630809218,test,0,44
blk_2709251369459749647,test,0,44
blk_-7365053617323532053,test,0,44
blk_-3450762438016993265,test,0,44
blk_7689282191226143518,test,0,44
blk_-3819356047157692353,test,0,44
blk_3024297777608529874,test,0,44
blk_5118592285444537930,test,0,44
blk_-4402235920718995382,test,0,44
blk_-8904131489828569413,test,0,44
blk_4210085391278999224,test,0,44
blk_-7623637360489869527,test,0,44
blk_8296369535537447145,test,0,44
blk_5961106209596373400,test,0,44
blk_6410525485408260126,test,0,44
blk_4436348701458335990,test,0,44
blk_-9008925954555101023,test,0,44
blk_8003321769724111886,test,0,44
blk_5235010379234456234,test,0,44
blk_7546837005007352269,test,0,44
blk_4436650578863760597,test,0,44
blk_-3451671975981700638,test,0,44
blk_-1916959974207788040,test,0,44
blk_-8783427178559860875,test,0,44
blk_-7090022556225878547,test,0,44
blk_2205751877871235109,test,0,44
blk_-7449092863285633026,test,0,44
blk_7992365936838557958,test,0,44
blk_4958496164127563675,test,0,44
blk_-5580471837153433004,test,0,44
blk_9079342559444122485,test,0,44
blk_-7063887413859080202,test,0,44
blk_1929563419544410689,test,0,44
blk_-8964579805854269422,test,0,44
blk_-427775110179078952,test,0,44
blk_-1264373336238606272,test,0,44
blk_4228543955894072413,test,0,44
blk_8171712653898305231,test,0,44
blk_7718391556045212961,test,0,44
blk_-8213474025418080273,test,0,44
blk_7795500379674887759,test,0,44
blk_885092941979718775,test,0,44
blk_-431358883326503290,test,0,44
blk_-8561849850211886748,test,0,44
blk_-4931973250236559369,test,0,44
blk_-8173149100447339066,test,0,44
blk_-5150073483023437398,test,0,44
blk_7512651912038721854,test,0,44
blk_-4080940655357882956,test,0,44
blk_2093624975120217905,test,0,44
blk_6342355593640901072,test,0,44
blk_3346635396602720891,test,0,44
blk_6531936457727748855,test,0,44
blk_5352367432477822592,test,0,44
blk_-9099430173849761038,test,0,44
blk_-936420843928509008,test,0,44
blk_2373490637554073067,test,0,44
blk_-4507596183671183177,test,0,44
blk_2968122214610000228,test,0,44
blk_-896683127982961253,test,0,44
blk_-6283018304336721348,test,0,44
blk_-2316069536391888117,test,0,44
blk_3575460877329647013,test,0,44
blk_-6338959323453128350,test,0,44
blk_-558555817613067624,test,0,44
blk_5152514564877392786,test,0,44
blk_-4472477657197345239,test,0,44
blk_2418938053607649523,test,0,44
blk_3648091405586391405,test,0,44
blk_3471935441857595535,test,0,44
blk_-848180922293805387,test,0,44
blk_-2781427879291930892,test,0,44
blk_433391610053062197,test,0,44
blk_-5335721232560765199,test,0,44
blk_2980260606619723049,test,0,44
blk_-83306207292735534,test,0,44
blk_2248377303839600243,test,0,44
blk_5262927215588469667,test,0,44
blk_1075651746172010994,test,0,44
blk_-7579236222909415062,test,1,44
blk_-2082204737727580530,test,0,44
blk_3601689810211158827,test,0,44
blk_3110427407757461128,test,0,44
blk_-7680280822384918457,test,0,44
blk_-7989770699282149455,test,0,44
blk_556973929858640725,test,0,44
blk_2010265694339742380,test,0,44
blk_-5745268848127052849,test,0,44
blk_691171231354580331,test,0,44
blk_-6602795519263719930,test,0,44
blk_-1988794809287325132,test,0,44
blk_-4178150249239855634,test,0,44
blk_-6217804465374004739,test,0,44
blk_-3122270638228829224,test,0,44
blk_-3025271342088942260,test,0,44
blk_-6849393707343077359,test,0,44
blk_8710003649120501268,test,0,44
blk_-288300409523443881,test,0,44
blk_-2680482965617546459,test,0,44
blk_-5514307662142515808,test,0,44
blk_-6271764863995356261,test,0,44
blk_3361591950500418229,test,0,44
blk_-6053988009207869520,test,0,44
blk_62717161682102316,test,0,44
blk_-7980301906614468500,test,0,44
blk_7258646823928088569,test,0,44
blk_-1043293367769353664,test,0,44
blk_-2381295215951270776,test,0,44
blk_1267799869090163460,test,0,44
blk_-5555231117229260441,test,0,44
blk_61433492595788565,test,0,44
blk_-2684433645682389123,test,0,44
blk_5284761519141956518,test,0,44
blk_1598498605065485341,test,0,44
blk_1420238523840797200,test,0,44
blk_615407866551906037,test,0,44
blk_1340465752974093193,test,0,44
blk_-4093118012312241994,test,0,44
blk_5196407672206052489,test,0,44
blk_7268768027011536221,test,0,44
blk_-7119390538502811909,test,0,44
blk_-3404194982060178631,test,0,44
blk_914067410261728609,test,0,44
blk_-625646573812329933,test,0,44
blk_72352983381357650,test,0,44
blk_1880288240034300669,test,0,44
blk_-8947511973774292538,test,0,44
blk_7031458000189251657,test,0,44
blk_-6445900701347935739,test,0,44
blk_-7970895982068944392,test,0,44
blk_5176803524616193299,test,0,44
blk_2706391355787626259,test,0,44
blk_-7807207962408797601,test,0,44
blk_362780977421518525,test,0,44
blk_-1727631448538276394,test,0,44
blk_6604705735592409269,test,0,44
blk_779401623882184892,test,0,44
blk_-4010687144242223052,test,0,44
blk_-132341209836865079,test,0,44
blk_7932034624206877569,test,0,44
blk_-792150891110980426,test,0,44
blk_8679318626590094124,test,0,44
blk_-8289567134734942945,test,0,44
blk_-1511208889345843978,test,0,44
blk_3732987002902981006,test,0,44
blk_3451387090816125527,test,0,44
blk_-5101546764094643586,test,0,44
blk_-4598059727825054032,test,0,44
blk_9088284667118252680,test,0,44
blk_7503465419318009915,test,0,44
blk_2558413696183019619,test,0,44
blk_-2251336208040868912,test,0,44
blk_469047078650303789,test,0,44
blk_5475017498752925468,test,0,44
blk_4130879510601735223,test,0,44
blk_-4966617412021576812,test,0,44
blk_-5307096645887030348,test,0,44
blk_515231097929852352,test,0,44
blk_1440325964702722639,test,0,44
blk_1575913352719253671,test,0,44
blk_-7334602396394622221,test,0,44
blk_8321530868249226427,test,0,44
blk_-7644968375922051695,test,0,44
blk_-3399335486275315392,test,0,44
blk_4498808097783610169,test,0,44
blk_2494392123145740670,test,0,44
blk_1216611589160220108,test,0,44
blk_-709240647475108419,test,0,44
blk_7179081610866884104,test,0,44
blk_-1644765158254150155,test,0,44
blk_3259176643822652664,test,0,44
blk_-1805161090832233328,test,0,44
blk_-4468842996938736596,test,0,44
blk_-47463645617092850,test,0,44
blk_6840587410377249403,test,0,44
blk_2103909154785796452,test,0,44
blk_-4707550351241708828,test,0,44
blk_2647470881168093467,test,0,44
blk_-1125940307881008631,test,0,44
blk_-3503450882729010261,test,0,44
blk_-8439446788020850001,test,0,44
blk_525363655662804425,test,0,44
blk_-7461276941720303211,test,0,44
blk_1440351425351139601,test,0,44
blk_8026893458355471415,test,0,44
blk_-3154304065680932566,test,0,44
blk_8378332755412825532,test,0,44
blk_-2501510719551773584,test,0,44
blk_6409948534503848844,test,0,44
blk_1462331791334812343,test,0,44
blk_-3801682566502042510,test,0,44
blk_7086376832507729291,test,0,44
blk_-2518637000330349351,test,0,44
blk_-4572625335165642380,test,0,44
blk_1643380765292131017,test,0,44
blk_-2577644758374113673,test,0,44
blk_3163999556100865383,test,0,44
blk_-3483491023147828783,test,0,44
blk_-5532866027652994177,test,0,44
blk_5851550772147009736,test,0,44
blk_-2106037419595700560,test,0,44
blk_-6987672512641857952,test,0,44
blk_-8699792215124749768,test,0,44
blk_7531262761543391830,test,0,44
blk_6728745317010365202,test,0,44
blk_1186275059015712885,test,0,44
blk_-3697000582735757201,test,0,44
blk_9210661129898168216,test,0,44
blk_-6047067489386519206,test,0,44
blk_-620583885370593137,test,0,44
blk_2704345620969663877,test,0,44
blk_3963671924683244621,test,0,44
blk_4459998032385791748,test,0,44
blk_1143516145888645039,test,0,44
blk_6782696186150641735,test,0,44
blk_-420211975721343906,test,0,44
blk_912537784159057587,test,0,44
blk_6262553775066454816,test,0,44
blk_595770728335000684,test,0,44
blk_8515328173656722367,test,0,44
blk_-7918172206510312080,test,0,44
blk_755564951025769075,test,0,44
blk_3685862930729626235,test,1,44
blk_5602404778478243169,test,0,44
blk_-9182822607228516778,test,0,44
blk_7368965989038162224,test,0,44
blk_-5047763268934902623,test,0,44
blk_146165886331025392,test,0,44
blk_3761952360263964281,test,0,44
blk_-4769797049327668062,test,0,44
blk_1572675786799609134,test,0,44
blk_-1973701731410954469,test,0,44
blk_-6062582434746164267,test,0,44
blk_-520798196771414562,test,0,44
blk_-5954771185622257976,test,0,44
blk_852348493773975837,test,0,44
blk_-129683235544519253,test,0,44
blk_-5765227475638959462,test,0,44
blk_8079013479423457543,test,0,44
blk_1613004814502385681,test,0,44
blk_5015814587513947156,test,0,44
blk_1113483054722775765,test,0,44
blk_2857397607806657864,test,0,44
blk_411824285217646743,test,0,44
blk_2192204304048037229,test,0,44
blk_-3252441741952247335,test,0,44
blk_8323297009552900748,test,0,44
blk_-1447207978225122897,test,0,44
blk_-1389058308598925541,test,0,44
blk_-3887286479631493745,test,0,44
blk_-841567890139539387,test,0,44
blk_-3474026292638316053,test,0,44
blk_-2563491462334482312,test,0,44
blk_3734730951347976566,test,0,44
blk_-6080957560596696425,test,0,44
blk_-7006592106922594000,test,0,44
blk_-3583165356033081560,test,0,44
blk_7492281970944186312,test,0,44
blk_-2347851261575396613,test,0,44
blk_-5134636249647984076,test,0,44
blk_6725005098684315400,test,0,44
blk_-1769445699460194976,test,0,44
blk_-7316177662723679583,test,0,44
blk_2519865514609109795,test,0,44
blk_1064653264374675242,test,0,44
blk_7985708968273872699,test,0,44
blk_7400479874088422606,test,0,44
blk_-742412239422901474,test,0,44
blk_3883975067042178916,test,0,44
blk_-4551769529337238688,test,0,44
blk_8438664818479192958,test,0,44
blk_220614651896781495,test,0,44
blk_-912696924618306581,test,0,44
blk_6476046591813499447,test,0,44
blk_4626262790430280952,test,0,44
blk_4503303517124450511,test,0,44
blk_-8499577709178700815,test,0,44
blk_4268411434877086532,test,0,44
blk_-6257799953066983241,test,0,44
blk_-2607651595563929353,test,0,44
blk_127465741910531302,test,0,44
blk_2850145770214682027,test,0,44
blk_1627227660390839635,test,0,44
blk_7215367553881847914,test,0,44
blk_-1165896824144237996,test,0,44
blk_-3700576552189764267,test,0,44
blk_8291108911232117034,test,0,44
blk_1794346627654170661,test,0,44
blk_-6615422752114238922,test,0,44
blk_4916134716509182905,test,0,44
blk_-5174507950494968298,test,0,44
blk_-4406934398693575680,test,0,44
blk_8431642943133202920,test,0,44
blk_-2659285981852694078,test,0,44
blk_2244979831572655081,test,0,44
blk_1007988669695201891,test,0,44
blk_9208234532388786394,test,0,44
blk_2675299292837411909,test,0,44
blk_-6775094588616527123,test,0,44
blk_784494520612463627,test,0,44
blk_-7491521574352193503,test,0,44
blk_1608174615199951503,test,0,44
blk_-4998845890389770370,test,0,44
blk_-366322881768579363,test,0,44
blk_-2138859339802893158,test,0,44
blk_1852227039790024206,test,0,44
blk_511347246362774880,test,0,44
blk_-9219797780462055622,test,0,44
blk_5220358460829962911,test,0,44
blk_6102033034566429712,test,0,44
blk_1104154406089931882,test,0,44
blk_3221278869212323486,test,0,44
blk_-3244055464429295697,test,0,44
blk_-6751811098000738022,test,0,44
blk_-2401739285004126689,test,0,44
blk_950644365553476904,test,0,44
blk_8270421319005923469,test,1,44
blk_-4950189362969610625,test,0,44
blk_-1673298223620523355,test,0,44
blk_1621098587685897194,test,0,44
blk_5821041364763354734,test,0,44
blk_-7826281502964742460,test,0,44
blk_2925051638065853406,test,0,44
blk_4376684694058606087,test,0,44
blk_3448468929833613355,test,0,44
blk_390732437077793209,test,1,44
blk_97813851545591324,test,0,44
blk_7036464322710910203,test,0,44
blk_-6609644320455537650,test,0,44
blk_456570340186000546,test,0,44
blk_-4940351050961631693,test,0,44
blk_7913152596195212501,test,0,44
blk_1377070264071845080,test,0,44
blk_-7888411481660704355,test,0,44
blk_-8099442202418428746,test,0,44
blk_-522531689310270754,test,0,44
blk_4426458632968589001,test,0,44
blk_5046590462766822618,test,0,44
blk_-6607016377486710836,test,0,44
blk_-970743311714642275,test,0,44
blk_6802820820818697509,test,0,44
blk_4367515583211167904,test,0,44
blk_7245328132153791659,test,0,44
blk_8442660771722408809,test,0,44
blk_3688454543745823420,test,0,44
blk_1566819158080809894,test,0,44
blk_-270441372905533467,test,0,44
blk_4745888353444403728,test,0,44
blk_-7754002026749785515,test,0,44
blk_1853591552281490464,test,0,44
blk_-6418858332894407865,test,0,44
blk_7066749768064605249,test,0,44
blk_2138164064783278319,test,0,44
blk_214536708354422356,test,0,44
blk_-1514665881295890303,test,0,44
blk_-1498288239958465382,test,0,44
blk_8126579990724911992,test,0,44
blk_4512859229242705973,test,0,44
blk_1736035693108874343,test,0,44
blk_-8213016375473191262,test,0,44
blk_4898234305475491405,test,0,44
blk_7228802517558821010,test,0,44
blk_6495493912799696836,test,0,44
blk_-2303667809462650900,test,0,44
blk_1892572239031327951,test,0,44
blk_-135387258060995367,test,0,44
blk_-5847622560915618294,test,0,44
blk_1703054192623712137,test,0,44
blk_4021367315010731201,test,0,44
blk_-1610064173369355200,test,0,44
blk_3224177171073846004,test,0,44
blk_2110891810585764821,test,0,44
blk_2225391883360185502,test,0,44
blk_-429663039211787870,test,0,44
blk_8620433775354468162,test,0,44
blk_-312135753163634587,test,0,44
blk_7134619936135494713,test,0,44
blk_-734926817567542381,test,0,44
blk_959058398214696095,test,0,44
blk_6925438689874296032,test,0,44
blk_3960706890926841565,test,0,44
blk_9005735240860492578,test,0,44
blk_3846537293609637896,test,0,44
blk_-7178231657822381946,test,0,44
blk_221071354867904579,test,0,44
blk_6337579790062947388,test,0,44
blk_-8928514012461323476,test,0,44
blk_-4554969759146437204,test,0,44
blk_-7005817058992928334,test,0,44
blk_-254908243310888310,test,0,44
blk_7168378757776454929,test,0,44
blk_7143798386758224348,test,0,44
blk_-622492970177891304,test,0,44
blk_-6323675606648074529,test,0,44
blk_6654596288056515302,test,0,44
blk_1984005694016927387,test,0,44
blk_7483921575110869103,test,0,44
blk_-8481758657609806675,test,0,44
blk_-1276818956086613214,test,0,44
blk_-5254401269377702260,test,0,44
blk_-3289836065118830290,test,0,44
blk_4708224379067558014,test,0,44
blk_8564865817438211146,test,0,44
blk_-237742631275331599,test,0,44
blk_50727198348060131,test,0,44
blk_-2838430520617030882,test,0,44
blk_4235472589433525626,test,0,44
blk_-4914054116327740694,test,0,44
blk_-3015267138798078988,test,0,44
blk_5087686354467899497,test,0,44
blk_-7196710221654855102,test,0,44
blk_-7996403346140045563,test,0,44
blk_-4558641867287025285,test,0,44
blk_5181911014480436268,test,0,44
blk_-8434113498790210227,test,0,44
blk_-2474001899440639898,test,0,44
blk_-2329162792438589464,test,0,44
blk_6143919037530832122,test,0,44
blk_4974434405086882608,test,0,44
blk_-1813378475571266001,test,0,44
blk_4382121467737931070,test,0,44
blk_-2904216828827493579,test,0,44
blk_-2016597692167683123,test,0,44
blk_-6926265992490468674,test,0,44
blk_-3636850088426483225,test,0,44
blk_-7335173345401316191,test,0,44
blk_-2911299154258691269,test,0,44
blk_-4832311498161943064,test,0,44
blk_-5473266118629081251,test,0,44
blk_-7544485315905671918,test,0,44
blk_5809347208917534339,test,0,44
blk_4432279283667065582,test,0,44
blk_9088888572900181001,test,0,44
blk_-7416504406902450860,test,0,44
blk_7562694843752253888,test,0,44
blk_-8376888049670671109,test,0,44
blk_-9028169685581199839,test,0,44
blk_8424572158478358921,test,0,44
blk_7200126463182290415,test,1,44
blk_7993641811914384034,test,0,44
blk_-2106169181119691724,test,0,44
blk_7357087859816403396,test,0,44
blk_-6460722845426771892,test,0,44
blk_1470250719026776447,test,0,44
blk_4655754592423786473,test,0,44
blk_-8122374413412392568,test,0,44
blk_8688786420614382186,test,0,44
blk_2903207018517496657,test,0,44
blk_5174097212661439854,test,0,44
blk_8592354341528002588,test,0,44
blk_-8667339612375352883,test,0,44
blk_-545922799206629614,test,0,44
blk_5345317629888104572,test,0,44
blk_5912247630853828590,test,0,44
blk_1580993531833997136,test,0,44
blk_5793615463996720333,test,0,44
blk_2034268256502633409,test,0,44
blk_6743628917303876574,test,0,44
blk_3578663257031707714,test,0,44
blk_4499055909722970028,test,0,44
blk_-5854459873395522957,test,0,44
blk_4926321194624549932,test,0,44
blk_1486196711789472184,test,0,44
blk_6534264562982808654,test,0,44
blk_-424275152951750059,test,0,44
blk_-35441067038082667,test,0,44
blk_5869132095522277970,test,0,44
blk_-8334001240976972337,test,0,44
blk_6433938863224026898,test,0,44
blk_-3937063696932926474,test,0,44
blk_-5252867187115091689,test,0,44
blk_-5812210430207187696,test,0,44
blk_6118711454754130504,test,0,44
blk_1476057644082052362,test,0,44
blk_-2341072256810664096,test,0,44
blk_405427148738908316,test,0,44
blk_-1577134964078479412,test,0,44
blk_1997384327717221011,test,0,44
blk_-3784968223729168187,test,0,44
blk_6229984114563555164,test,0,44
blk_-7904348965838210267,test,0,44
blk_5518534008901593347,test,0,44
blk_-8794739918972038942,test,0,44
blk_813812476040559104,test,0,44
blk_8845579927566870072,test,0,44
blk_-8778752110450251823,test,0,44
blk_6796219208896760676,test,0,44
blk_2510689188970288779,test,0,44
blk_8467925117106229845,test,0,44
blk_7250923986777586002,test,0,44
blk_-4191374102937312556,test,0,44
blk_925450563105942349,test,0,44
blk_-1804992890476682644,test,0,44
blk_4339740731417657998,test,0,44
blk_-7871072936455910410,test,0,44
blk_3799050151472434900,test,0,44
blk_-5787963204922242473,test,0,44
blk_-8773294915532430580,test,0,44
blk_9099806389169858321,test,0,44
blk_3570213540887259568,test,0,44
blk_1201369844455045667,test,0,44
blk_-6621191779718569454,test,0,44
blk_-6049045139283142640,test,0,44
blk_-575392747344477415,test,0,44
blk_-3113347623944122583,test,0,44
blk_-1006593255631819769,test,0,44
blk_-7815296662871688440,test,0,44
blk_-3103298879231706299,test,0,44
blk_1257644090237014517,test,0,44
blk_-4578082979101007773,test,1,44
blk_-7234737312010598041,test,0,44
blk_-5624660975922970348,test,0,44
blk_-857630055134655183,test,0,44
blk_7217126009738715539,test,0,44
blk_3691406298577617016,test,0,44
blk_-7220737577343531763,test,0,44
blk_164442656982498588,test,0,44
blk_6796086750820754464,test,0,44
blk_2482956244509901249,test,0,44
blk_-3719648361081088579,test,0,44
blk_7060243171329627637,test,0,44
blk_-8899360866296703476,test,0,44
blk_-2101434851286179526,test,0,44
blk_8923497031641430218,test,0,44
blk_2116323289949554539,test,0,44
blk_6165975470132860854,test,0,44
blk_2187821624836230450,test,0,44
blk_-4418366677702527504,test,0,44
blk_-6185552338610601575,test,0,44
blk_-4663937432452975467,test,0,44
blk_5481804471402312106,test,0,44
blk_-8207616049692912041,test,0,44
blk_8601864461298056655,test,0,44
blk_8717111339426227230,test,0,44
blk_-847518202742933553,test,0,44
blk_7371023934156805852,test,0,44
blk_-946366194984738793,test,0,44
blk_7823000249143458014,test,0,44
blk_-8271747948619501814,test,0,44
blk_934613549834564212,test,0,44
blk_482368685614816041,test,0,44
blk_-3005210075288500737,test,0,44
blk_-9130044889892042903,test,0,44
blk_6458443840116888615,test,0,44
blk_4049123493720180585,test,0,44
blk_-1659032636651742912,test,0,44
blk_7705714935662836000,test,0,44
blk_-8426415372270474744,test,0,44
blk_1153499979962975418,test,0,44
blk_344357300451135688,test,0,44
blk_-3900256817707044090,test,0,44
blk_-7641356208917402270,test,0,44
blk_7447403651764930981,test,0,44
blk_1621412557130431590,test,0,44
blk_-2994119229829119420,test,0,44
blk_300534779787386672,test,0,44
blk_-7882473401434699431,test,0,44
blk_5011486512478450092,test,0,44
blk_56331785615613365,test,0,44
blk_2850331687936076898,test,0,44
blk_2838807431339513499,test,0,44
blk_719677774329888404,test,0,44
blk_3504056209993281337,test,0,44
blk_-5818676357667596656,test,0,44
blk_-5826411669180310579,test,0,44
blk_-5576758044582875343,test,0,44
blk_-9006179387720413171,test,0,44
blk_1852042708162169205,test,0,44
blk_5551394867069625048,test,0,44
blk_8950100775809583492,test,0,44
blk_-1274896450019240566,test,0,44
blk_1004357514678874462,test,0,44
blk_8547727015302743025,test,0,44
blk_7710494558123471802,test,0,44
blk_968856508157102833,test,0,44
blk_8730079848521256042,test,0,44
blk_5489400459565137264,test,0,44
blk_-4552004871151211431,test,0,44
blk_-8108226017669996268,test,0,44
blk_6139160758592135909,test,0,44
blk_-2314957866687068030,test,0,44
blk_4171121214459173763,test,0,44
blk_-1455126283188387347,test,0,44
blk_7729397029999764203,test,0,44
blk_2351461374926773598,test,0,44
blk_5208889973603280450,test,0,44
blk_3273939972458210036,test,0,44
blk_1670919193518136132,test,0,44
blk_-1221913334148245856,test,0,44
blk_5425800861632703199,test,0,44
blk_-5116261979551802744,test,0,44
blk_7105447070135246334,test,0,44
blk_-6236189606943151665,test,0,44
blk_-8515062595102731436,test,0,44
blk_5594795531098418356,test,0,44
blk_-4506706872561533993,test,0,44
blk_-7123184681302296397,test,0,44
blk_812994673526679056,test,0,44
blk_5615540946536569736,test,0,44
blk_6038192449247861037,test,0,44
blk_-8385920779566956990,test,0,44
blk_-3341727553259830916,test,0,44
blk_8809070924826977899,test,0,44
blk_7505577779561867461,test,0,44
blk_-7204120919062394892,test,0,44
blk_-3382169528001027232,test,0,44
blk_-7008942195444322137,test,0,44
blk_-4508119577729545594,test,0,44
blk_-6376810498032572583,test,0,44
blk_-847714172188363164,test,0,44
blk_5302344969272456011,test,0,44
blk_-3137810573247013321,test,0,44
blk_-2742584088942464266,test,0,44
blk_-2186758677087942192,test,0,44
blk_-4300673101697019786,test,0,44
blk_-5384027422003846494,test,0,44
blk_-7394906522628980299,test,0,44
blk_-3171528388107150655,test,0,44
blk_-8901106687848367009,test,0,44
blk_-527738381953793566,test,0,44
blk_8229829484176518541,test,0,44
blk_-8184876379217386307,test,0,44
blk_-2847438794573474355,test,0,44
blk_-509369628406929152,test,0,44
blk_1194805932846675462,test,0,44
blk_2880118509094119828,test,0,44
blk_8995133853462664427,test,0,44
blk_-6934952335647159296,test,0,44
blk_-2193892434542721424,test,0,44
blk_-8950208347889369437,test,0,44
blk_-7440836038367967065,test,0,44
blk_-8364534033775327005,test,0,44
blk_3479605521296716342,test,0,44
blk_-5685896034357608605,test,0,44
blk_-4771102065526306193,test,0,44
blk_5309071926418245528,test,0,44
blk_2364698923791530462,test,0,44
blk_-3180573862356560271,test,1,44
blk_7421675032070910550,test,0,44
blk_-5027036899940341585,test,0,44
blk_-6059034121068337173,test,0,44
blk_-138368890360075132,test,0,44
blk_-2047929334985490073,test,0,44
blk_6845445287255429749,test,0,44
blk_-3185092676226648481,test,0,44
blk_813878483536651022,test,0,44
blk_6679407841276817363,test,0,44
blk_331245414855976670,test,0,44
blk_-3799242929021821507,test,0,44
blk_-8004083708860158461,test,0,44
blk_6331327787847001919,test,0,44
blk_-9061040507080185951,test,0,44
blk_1115095867967728425,test,0,44
blk_-875749151769379961,test,0,44
blk_-1425455199824249887,test,0,44
blk_-8531033024607067319,test,0,44
blk_-8107671323396644058,test,0,44
blk_611820869290578840,test,0,44
blk_-505562190384870152,test,0,44
blk_-8856359325090672169,test,0,44
blk_7584142247091716001,test,0,44
blk_2787314803964501070,test,0,44
blk_-459794134629550211,test,0,44
blk_-5804231897119480416,test,0,44
blk_-2908168341318682058,test,0,44
blk_7263944415805885503,test,0,44
blk_780810543397355783,test,0,44
blk_1841042149357054303,test,0,44
blk_8801065915007438382,test,0,44
blk_7789702525295038721,test,0,44
blk_3118707996237602609,test,0,44
blk_-7264016504519040896,test,0,44
blk_-317363515099513245,test,0,44
blk_9190573526768966611,test,0,44
blk_-6167078339984624142,test,0,44
blk_-6235271983058420421,test,0,44
blk_8173953976696185632,test,0,44
blk_7903967702739689164,test,0,44
blk_-748271927005107031,test,0,44
blk_5055870846021117303,test,0,44
blk_-3828767795211292940,test,0,44
blk_-6068697077005211343,test,1,44
blk_2681467995638260478,test,0,44
blk_428655406357265834,test,0,44
blk_-2560995017467075562,test,0,44
blk_-2809285837273316044,test,0,44
blk_-5125329700146239452,test,0,44
blk_-7145037830577057827,test,0,44
blk_9113542123004860138,test,0,44
blk_53967791755697978,test,0,44
blk_2624129739917601075,test,0,44
blk_-6141726028813512002,test,0,44
blk_6237972008767838180,test,0,44
blk_-9123310813289622832,test,0,44
blk_1903557714167232329,test,0,44
blk_-981399917588154062,test,0,44
blk_7094027823837228431,test,0,44
blk_5505476185037264810,test,0,44
blk_4419745724087950376,test,0,44
blk_5970692036484588217,test,0,44
blk_-8317023114983349975,test,0,44
blk_8367128920218266143,test,0,44
blk_6381625224902490100,test,0,44
blk_-1991277835034661432,test,0,44
blk_-4738207383657642917,test,0,44
blk_2915387861497250515,test,0,44
blk_8563915053687095751,test,0,44
blk_-8797346745602980759,test,0,44
blk_-5611155313189521808,test,0,44
blk_-7931556735384603223,test,0,44
blk_1253112063081653708,test,0,44
blk_9215966587089448382,test,0,44
blk_-776970316506587902,test,0,44
blk_4489607280159082166,test,0,44
blk_-7109181084499750915,test,0,44
blk_-795262870224058739,test,0,44
blk_-8791784475607483755,test,0,44
blk_5132454210616181006,test,0,44
blk_-5500198777406721378,test,0,44
blk_-749236988547120632,test,0,44
blk_5857443199522951846,test,0,44
blk_-8621608685631026800,test,0,44
blk_8304526182737252471,test,0,44
blk_-1498520162900351764,test,0,44
blk_6269512361230818775,test,0,44
blk_-3022695715322959422,test,0,44
blk_-6637721759337354203,test,0,44
blk_3398227703597476454,test,0,44
blk_6463083540789274628,test,1,44
blk_-8033839083536874336,test,0,44
blk_8080968831217273449,test,0,44
blk_-6337842177556784464,test,0,44
blk_5216298075558845148,test,0,44
blk_6869264617535350057,test,0,44
blk_-3093281953368048043,test,0,44
blk_-988611559529615678,test,0,44
blk_-4677380905406855613,test,0,44
blk_8043974028564443105,test,0,44
blk_4916023363266884042,test,0,44
blk_1755610057067464759,test,0,44
blk_-37427446215667660,test,0,44
blk_1895747502638621168,test,0,44
blk_-7258029548524069734,test,0,44
blk_3308158040681166046,test,0,44
blk_-505582242586476806,test,0,44
blk_3186850556548274712,test,0,44
blk_7169111129965826970,test,0,44
blk_-6052121913087364401,test,0,44
blk_7139554975359552849,test,0,44
blk_-4904915591145152786,test,0,44
blk_-2983261636844205137,test,0,44
blk_4873887535679330264,test,0,44
blk_5183065053611476334,test,0,44
blk_8789903510489233514,test,0,44
blk_-489109925637926551,test,0,44
blk_3332638825791965633,test,0,44
blk_21697176531423564,test,0,44
blk_1811105324623614070,test,0,44
blk_-3549066143517349996,test,0,44
blk_-3554156407444751439,test,0,44
blk_8408685634931739850,test,0,44
blk_-7932565359496200713,test,0,44
blk_-275855872376959628,test,0,44
blk_-5531678513273745915,test,0,44
blk_-3839384397657409477,test,0,44
blk_8639239140124722823,test,0,44
blk_421492623054886337,test,0,44
blk_-4321191670116402061,test,0,44
blk_-5796951777192434327,test,0,44
blk_-8009075877342137182,test,0,44
blk_8648689564332875567,test,0,44
blk_5748256124386288534,test,0,44
blk_812744977977190141,test,0,44
blk_2883001585769651164,test,0,44
blk_6607851028967480208,test,0,44
blk_8256192779685619178,test,0,44
blk_6395989999408491201,test,0,44
blk_-1989654456810387290,test,0,44
blk_5542420515593329600,test,0,44
blk_-5283128660024855389,test,0,44
blk_-8427659744051654078,test,0,44
blk_1283111901162241345,test,0,44
blk_7421059442211627668,test,0,44
blk_-1422986597671292484,test,0,44
blk_8812245747377305947,test,1,44
blk_-3913216754983273819,test,0,44
blk_3093295308962869568,test,0,44
blk_-5053688924669051764,test,0,44
blk_9034172815212010425,test,0,44
blk_-7842969041709043241,test,0,44
blk_-7047513621964760288,test,0,44
blk_8439933939041827269,test,0,44
blk_1459196623883192070,test,0,44
blk_-1508480383149287093,test,0,44
blk_-7822970448222802894,test,0,44
blk_2786118356891472399,test,0,44
blk_9048894982065930066,test,1,44
blk_-8439833958272787781,test,0,44
blk_-55682985230559064,test,0,44
blk_3892945963465798367,test,0,44
blk_-200829229606847878,test,0,44
blk_-3178051237503673820,test,0,44
blk_-2698863981242693961,test,0,44
blk_7830213007095633945,test,0,44
blk_-5405237789595104171,test,0,44
blk_5805372256253624483,test,0,44
blk_-7877988132545300613,test,0,44
blk_-7864009406685657713,test,0,44
blk_-1185224792131865907,test,0,44
blk_-6285634864292353181,test,0,44
blk_1658816552380078275,test,0,44
blk_-1072781141132329661,test,0,44
blk_-3928264143876147582,test,0,44
blk_-6568857708392574608,test,0,44
blk_-8853642364496328456,test,0,44
blk_4301004734200857328,test,0,44
blk_3925363644547496795,test,0,44
blk_1113256938988169651,test,0,44
blk_4417940112100501126,test,0,44
blk_-6365656687208760034,test,0,44
blk_5512799995010879952,test,0,44
blk_7705444804422233441,test,0,44
blk_8264523633599132472,test,0,44
blk_1770137278090106258,test,0,44
blk_-1046529374572238019,test,0,44
blk_2795064549913111339,test,0,44
blk_-2619294457151493846,test,0,44
blk_-6409258484846450571,test,0,44
blk_4196950156008530456,test,0,44
blk_-865939396249597261,test,0,44
blk_-8543796989853277567,test,0,44
blk_-3306695333239800098,test,0,44
blk_-4068055278788024113,test,0,44
blk_-3297848917853770796,test,0,44
blk_5945916340611953920,test,0,44
blk_2743566134557122899,test,0,44
blk_-3967182963876076497,test,0,44
blk_-1264258064831288000,test,0,44
blk_5732226050053968968,test,0,44
blk_-4643883290795016037,test,0,44
blk_3537249799727982330,test,0,44
blk_-7881657420807585883,test,0,44
blk_-8098830263882407316,test,0,44
blk_5823468481184078960,test,0,44
blk_6978213532387457420,test,0,44
blk_852174259246521405,test,0,44
blk_647806401266068910,test,0,44
blk_-325556257781457639,test,0,44
blk_-6584677854791875430,test,0,44
blk_1678781972318489800,test,0,44
blk_-5428862984501975290,test,0,44
blk_7955591202928841815,test,0,44
blk_6005532311437443457,test,0,44
blk_4808372950866622013,test,0,44
blk_2222007298011170089,test,0,44
blk_5433575785338093841,test,0,44
blk_-1233134424645592892,test,0,44
blk_-2683116845478050414,test,0,44
