Destination Port,Flow Duration,Total Fwd Packets,Total Backward Packets,Total Length of Fwd Packets,Total Length of Bwd Packets,Fwd Packet Length Max,Fwd Packet Length Min,Fwd Packet Length Mean,Fwd Packet Length Std,Bwd Packet Length Max,Bwd Packet Length Min,Bwd Packet Length Mean,Bwd Packet Length Std,Flow Bytes/s,Flow Packets/s,Flow IAT Mean,Flow IAT Std,Flow IAT Max,Flow IAT Min,Fwd IAT Total,Fwd IAT Mean,Fwd IAT Std,Fwd IAT Max,Fwd IAT Min,Bwd IAT Total,Bwd IAT Mean,Bwd IAT Std,Bwd IAT Max,Bwd IAT Min,Fwd PSH Flags,Bwd PSH Flags,Fwd URG Flags,Bwd URG Flags,Fwd Header Length,Bwd Header Length,Fwd Packets/s,Bwd Packets/s,Min Packet Length,Max Packet Length,Packet Length Mean,Packet Length Std,Packet Length Variance,FIN Flag Count,SYN Flag Count,RST Flag Count,PSH Flag Count,ACK Flag Count,URG Flag Count,CWE Flag Count,ECE Flag Count,Down/Up Ratio,Average Packet Size,Avg Fwd Segment Size,Avg Bwd Segment Size,Fwd Header Length.1,Fwd Avg Bytes/Bulk,Fwd Avg Packets/Bulk,Fwd Avg Bulk Rate,Bwd Avg Bytes/Bulk,Bwd Avg Packets/Bulk,Bwd Avg Bulk Rate,Subflow Fwd Packets,Subflow Fwd Bytes,Subflow Bwd Packets,Subflow Bwd Bytes,Init_Win_bytes_forward,Init_Win_bytes_backward,act_data_pkt_fwd,min_seg_size_forward,Active Mean,Active Std,Active Max,Active Min,Idle Mean,Idle Std,Idle Max,Idle Min,label
54865.0,3.0,2.0,0.0,12.0,0.0,6.0,6.0,6.0,0.0,0.0,0.0,0.0,0.0,4000000.0,666666.6667,3.0,0.0,3.0,3.0,3.0,3.0,0.0,3.0,3.0,0.0,0.0,0.0,0.0,0.0,0.0,0.0,0.0,0.0,40.0,0.0,666666.6667,0.0,6.0,6.0,6.0,0.0,0.0,0.0,0.0,0.0,0.0,1.0,0.0,0.0,0.0,0.0,9.0,6.0,0.0,40.0,0.0,0.0,0.0,0.0,0.0,0.0,2.0,12.0,0.0,0.0,33.0,-1.0,1.0,20.0,0.0,0.0,0.0,0.0,0.0,0.0,0.0,0.0,BENIGN
55054.0,109.0,1.0,1.0,6.0,6.0,6.0,6.0,6.0,0.0,6.0,6.0,6.0,0.0,110091.7431,18348.62385,109.0,0.0,109.0,109.0,0.0,0.0,0.0,0.0,0.0,0.0,0.0,0.0,0.0,0.0,0.0,0.0,0.0,0.0,20.0,20.0,9174.311927,9174.311927,6.0,6.0,6.0,0.0,0.0,0.0,0.0,0.0,0.0,1.0,1.0,0.0,0.0,1.0,9.0,6.0,6.0,20.0,0.0,0.0,0.0,0.0,0.0,0.0,1.0,6.0,1.0,6.0,29.0,256.0,0.0,20.0,0.0,0.0,0.0,0.0,0.0,0.0,0.0,0.0,BENIGN
55055.0,52.0,1.0,1.0,6.0,6.0,6.0,6.0,6.0,0.0,6.0,6.0,6.0,0.0,230769.2308,38461.53846,52.0,0.0,52.0,52.0,0.0,0.0,0.0,0.0,0.0,0.0,0.0,0.0,0.0,0.0,0.0,0.0,0.0,0.0,20.0,20.0,19230.76923,19230.76923,6.0,6.0,6.0,0.0,0.0,0.0,0.0,0.0,0.0,1.0,1.0,0.0,0.0,1.0,9.0,6.0,6.0,20.0,0.0,0.0,0.0,0.0,0.0,0.0,1.0,6.0,1.0,6.0,29.0,256.0,0.0,20.0,0.0,0.0,0.0,0.0,0.0,0.0,0.0,0.0,BENIGN
46236.0,34.0,1.0,1.0,6.0,6.0,6.0,6.0,6.0,0.0,6.0,6.0,6.0,0.0,352941.1765,58823.52941,34.0,0.0,34.0,34.0,0.0,0.0,0.0,0.0,0.0,0.0,0.0,0.0,0.0,0.0,0.0,0.0,0.0,0.0,20.0,20.0,29411.76471,29411.76471,6.0,6.0,6.0,0.0,0.0,0.0,0.0,0.0,0.0,1.0,1.0,0.0,0.0,1.0,9.0,6.0,6.0,20.0,0.0,0.0,0.0,0.0,0.0,0.0,1.0,6.0,1.0,6.0,31.0,329.0,0.0,20.0,0.0,0.0,0.0,0.0,0.0,0.0,0.0,0.0,BENIGN
54863.0,3.0,2.0,0.0,12.0,0.0,6.0,6.0,6.0,0.0,0.0,0.0,0.0,0.0,4000000.0,666666.6667,3.0,0.0,3.0,3.0,3.0,3.0,0.0,3.0,3.0,0.0,0.0,0.0,0.0,0.0,0.0,0.0,0.0,0.0,40.0,0.0,666666.6667,0.0,6.0,6.0,6.0,0.0,0.0,0.0,0.0,0.0,0.0,1.0,0.0,0.0,0.0,0.0,9.0,6.0,0.0,40.0,0.0,0.0,0.0,0.0,0.0,0.0,2.0,12.0,0.0,0.0,32.0,-1.0,1.0,20.0,0.0,0.0,0.0,0.0,0.0,0.0,0.0,0.0,BENIGN
54871.0,1022.0,2.0,0.0,12.0,0.0,6.0,6.0,6.0,0.0,0.0,0.0,0.0,0.0,11741.68297,1956.947162,1022.0,0.0,1022.0,1022.0,1022.0,1022.0,0.0,1022.0,1022.0,0.0,0.0,0.0,0.0,0.0,0.0,0.0,0.0,0.0,40.0,0.0,1956.947162,0.0,6.0,6.0,6.0,0.0,0.0,0.0,0.0,0.0,0.0,1.0,0.0,0.0,0.0,0.0,9.0,6.0,0.0,40.0,0.0,0.0,0.0,0.0,0.0,0.0,2.0,12.0,0.0,0.0,32.0,-1.0,1.0,20.0,0.0,0.0,0.0,0.0,0.0,0.0,0.0,0.0,BENIGN
54925.0,4.0,2.0,0.0,12.0,0.0,6.0,6.0,6.0,0.0,0.0,0.0,0.0,0.0,3000000.0,500000.0,4.0,0.0,4.0,4.0,4.0,4.0,0.0,4.0,4.0,0.0,0.0,0.0,0.0,0.0,0.0,0.0,0.0,0.0,40.0,0.0,500000.0,0.0,6.0,6.0,6.0,0.0,0.0,0.0,0.0,0.0,0.0,1.0,0.0,0.0,0.0,0.0,9.0,6.0,0.0,40.0,0.0,0.0,0.0,0.0,0.0,0.0,2.0,12.0,0.0,0.0,32.0,-1.0,1.0,20.0,0.0,0.0,0.0,0.0,0.0,0.0,0.0,0.0,BENIGN
54925.0,42.0,1.0,1.0,6.0,6.0,6.0,6.0,6.0,0.0,6.0,6.0,6.0,0.0,285714.2857,47619.04762,42.0,0.0,42.0,42.0,0.0,0.0,0.0,0.0,0.0,0.0,0.0,0.0,0.0,0.0,0.0,0.0,0.0,0.0,20.0,20.0,23809.52381,23809.52381,6.0,6.0,6.0,0.0,0.0,0.0,0.0,0.0,0.0,1.0,0.0,0.0,0.0,1.0,9.0,6.0,6.0,20.0,0.0,0.0,0.0,0.0,0.0,0.0,1.0,6.0,1.0,6.0,32.0,256.0,0.0,20.0,0.0,0.0,0.0,0.0,0.0,0.0,0.0,0.0,BENIGN
9282.0,4.0,2.0,0.0,12.0,0.0,6.0,6.0,6.0,0.0,0.0,0.0,0.0,0.0,3000000.0,500000.0,4.0,0.0,4.0,4.0,4.0,4.0,0.0,4.0,4.0,0.0,0.0,0.0,0.0,0.0,0.0,0.0,0.0,0.0,40.0,0.0,500000.0,0.0,6.0,6.0,6.0,0.0,0.0,0.0,0.0,0.0,0.0,1.0,0.0,0.0,0.0,0.0,9.0,6.0,0.0,40.0,0.0,0.0,0.0,0.0,0.0,0.0,2.0,12.0,0.0,0.0,32.0,-1.0,1.0,20.0,0.0,0.0,0.0,0.0,0.0,0.0,0.0,0.0,BENIGN
55153.0,4.0,2.0,0.0,37.0,0.0,31.0,6.0,18.5,17.67766953,0.0,0.0,0.0,0.0,9250000.0,500000.0,4.0,0.0,4.0,4.0,4.0,4.0,0.0,4.0,4.0,0.0,0.0,0.0,0.0,0.0,1.0,0.0,0.0,0.0,40.0,0.0,500000.0,0.0,6.0,31.0,22.66666667,14.43375673,208.3333333,0.0,1.0,0.0,0.0,1.0,0.0,0.0,0.0,0.0,34.0,18.5,0.0,40.0,0.0,0.0,0.0,0.0,0.0,0.0,2.0,37.0,0.0,0.0,946.0,-1.0,1.0,20.0,0.0,0.0,0.0,0.0,0.0,0.0,0.0,0.0,BENIGN
55143.0,3.0,2.0,0.0,37.0,0.0,31.0,6.0,18.5,17.67766953,0.0,0.0,0.0,0.0,12300000.0,666666.6667,3.0,0.0,3.0,3.0,3.0,3.0,0.0,3.0,3.0,0.0,0.0,0.0,0.0,0.0,1.0,0.0,0.0,0.0,40.0,0.0,666666.6667,0.0,6.0,31.0,22.66666667,14.43375673,208.3333333,0.0,1.0,0.0,0.0,1.0,0.0,0.0,0.0,0.0,34.0,18.5,0.0,40.0,0.0,0.0,0.0,0.0,0.0,0.0,2.0,37.0,0.0,0.0,980.0,-1.0,1.0,20.0,0.0,0.0,0.0,0.0,0.0,0.0,0.0,0.0,BENIGN
55144.0,1.0,2.0,0.0,37.0,0.0,31.0,6.0,18.5,17.67766953,0.0,0.0,0.0,0.0,37000000.0,2000000.0,1.0,0.0,1.0,1.0,1.0,1.0,0.0,1.0,1.0,0.0,0.0,0.0,0.0,0.0,1.0,0.0,0.0,0.0,40.0,0.0,2000000.0,0.0,6.0,31.0,22.66666667,14.43375673,208.3333333,0.0,1.0,0.0,0.0,1.0,0.0,0.0,0.0,0.0,34.0,18.5,0.0,40.0,0.0,0.0,0.0,0.0,0.0,0.0,2.0,37.0,0.0,0.0,980.0,-1.0,1.0,20.0,0.0,0.0,0.0,0.0,0.0,0.0,0.0,0.0,BENIGN
55145.0,4.0,2.0,0.0,37.0,0.0,31.0,6.0,18.5,17.67766953,0.0,0.0,0.0,0.0,9250000.0,500000.0,4.0,0.0,4.0,4.0,4.0,4.0,0.0,4.0,4.0,0.0,0.0,0.0,0.0,0.0,1.0,0.0,0.0,0.0,40.0,0.0,500000.0,0.0,6.0,31.0,22.66666667,14.43375673,208.3333333,0.0,1.0,0.0,0.0,1.0,0.0,0.0,0.0,0.0,34.0,18.5,0.0,40.0,0.0,0.0,0.0,0.0,0.0,0.0,2.0,37.0,0.0,0.0,980.0,-1.0,1.0,20.0,0.0,0.0,0.0,0.0,0.0,0.0,0.0,0.0,BENIGN
55254.0,3.0,3.0,0.0,43.0,0.0,31.0,6.0,14.33333333,14.43375673,0.0,0.0,0.0,0.0,14300000.0,1000000.0,1.5,0.707106781,2.0,1.0,3.0,1.5,0.707106781,2.0,1.0,0.0,0.0,0.0,0.0,0.0,0.0,0.0,0.0,0.0,60.0,0.0,1000000.0,0.0,6.0,31.0,12.25,12.5,156.25,0.0,0.0,0.0,0.0,1.0,0.0,0.0,0.0,0.0,16.33333333,14.33333333,0.0,60.0,0.0,0.0,0.0,0.0,0.0,0.0,3.0,43.0,0.0,0.0,946.0,-1.0,2.0,20.0,0.0,0.0,0.0,0.0,0.0,0.0,0.0,0.0,BENIGN
36206.0,54.0,1.0,1.0,0.0,0.0,0.0,0.0,0.0,0.0,0.0,0.0,0.0,0.0,0.0,37037.03704,54.0,0.0,54.0,54.0,0.0,0.0,0.0,0.0,0.0,0.0,0.0,0.0,0.0,0.0,0.0,0.0,0.0,0.0,32.0,32.0,18518.51852,18518.51852,0.0,0.0,0.0,0.0,0.0,0.0,0.0,0.0,0.0,1.0,1.0,0.0,0.0,1.0,0.0,0.0,0.0,32.0,0.0,0.0,0.0,0.0,0.0,0.0,1.0,0.0,1.0,0.0,939.0,1269.0,0.0,32.0,0.0,0.0,0.0,0.0,0.0,0.0,0.0,0.0,BENIGN
53524.0,1.0,2.0,0.0,0.0,0.0,0.0,0.0,0.0,0.0,0.0,0.0,0.0,0.0,0.0,2000000.0,1.0,0.0,1.0,1.0,1.0,1.0,0.0,1.0,1.0,0.0,0.0,0.0,0.0,0.0,0.0,0.0,0.0,0.0,64.0,0.0,2000000.0,0.0,0.0,0.0,0.0,0.0,0.0,0.0,0.0,0.0,0.0,1.0,0.0,0.0,0.0,0.0,0.0,0.0,0.0,64.0,0.0,0.0,0.0,0.0,0.0,0.0,2.0,0.0,0.0,0.0,130.0,-1.0,0.0,32.0,0.0,0.0,0.0,0.0,0.0,0.0,0.0,0.0,BENIGN
53524.0,154.0,1.0,1.0,0.0,0.0,0.0,0.0,0.0,0.0,0.0,0.0,0.0,0.0,0.0,12987.01299,154.0,0.0,154.0,154.0,0.0,0.0,0.0,0.0,0.0,0.0,0.0,0.0,0.0,0.0,0.0,0.0,0.0,0.0,32.0,32.0,6493.506494,6493.506494,0.0,0.0,0.0,0.0,0.0,0.0,0.0,0.0,0.0,1.0,0.0,0.0,0.0,1.0,0.0,0.0,0.0,32.0,0.0,0.0,0.0,0.0,0.0,0.0,1.0,0.0,1.0,0.0,130.0,65535.0,0.0,32.0,0.0,0.0,0.0,0.0,0.0,0.0,0.0,0.0,BENIGN
53526.0,1.0,2.0,0.0,0.0,0.0,0.0,0.0,0.0,0.0,0.0,0.0,0.0,0.0,0.0,2000000.0,1.0,0.0,1.0,1.0,1.0,1.0,0.0,1.0,1.0,0.0,0.0,0.0,0.0,0.0,0.0,0.0,0.0,0.0,64.0,0.0,2000000.0,0.0,0.0,0.0,0.0,0.0,0.0,0.0,0.0,0.0,0.0,1.0,0.0,0.0,0.0,0.0,0.0,0.0,0.0,64.0,0.0,0.0,0.0,0.0,0.0,0.0,2.0,0.0,0.0,0.0,130.0,-1.0,0.0,32.0,0.0,0.0,0.0,0.0,0.0,0.0,0.0,0.0,BENIGN
53526.0,118.0,1.0,1.0,0.0,0.0,0.0,0.0,0.0,0.0,0.0,0.0,0.0,0.0,0.0,16949.15254,118.0,0.0,118.0,118.0,0.0,0.0,0.0,0.0,0.0,0.0,0.0,0.0,0.0,0.0,0.0,0.0,0.0,0.0,32.0,32.0,8474.576271,8474.576271,0.0,0.0,0.0,0.0,0.0,0.0,0.0,0.0,0.0,1.0,0.0,0.0,0.0,1.0,0.0,0.0,0.0,32.0,0.0,0.0,0.0,0.0,0.0,0.0,1.0,0.0,1.0,0.0,130.0,65535.0,0.0,32.0,0.0,0.0,0.0,0.0,0.0,0.0,0.0,0.0,BENIGN
53527.0,239.0,1.0,1.0,0.0,0.0,0.0,0.0,0.0,0.0,0.0,0.0,0.0,0.0,0.0,8368.200837,239.0,0.0,239.0,239.0,0.0,0.0,0.0,0.0,0.0,0.0,0.0,0.0,0.0,0.0,0.0,0.0,0.0,0.0,32.0,32.0,4184.100418,4184.100418,0.0,0.0,0.0,0.0,0.0,0.0,0.0,0.0,0.0,1.0,0.0,0.0,0.0,1.0,0.0,0.0,0.0,32.0,0.0,0.0,0.0,0.0,0.0,0.0,1.0,0.0,1.0,0.0,130.0,65535.0,0.0,32.0,0.0,0.0,0.0,0.0,0.0,0.0,0.0,0.0,BENIGN
53528.0,1.0,3.0,0.0,0.0,0.0,0.0,0.0,0.0,0.0,0.0,0.0,0.0,0.0,0.0,3000000.0,0.5,0.707106781,1.0,0.0,1.0,0.5,0.707106781,1.0,0.0,0.0,0.0,0.0,0.0,0.0,0.0,0.0,0.0,0.0,96.0,0.0,3000000.0,0.0,0.0,0.0,0.0,0.0,0.0,0.0,0.0,0.0,0.0,1.0,0.0,0.0,0.0,0.0,0.0,0.0,0.0,96.0,0.0,0.0,0.0,0.0,0.0,0.0,3.0,0.0,0.0,0.0,130.0,-1.0,0.0,32.0,0.0,0.0,0.0,0.0,0.0,0.0,0.0,0.0,BENIGN
53527.0,1.0,2.0,0.0,0.0,0.0,0.0,0.0,0.0,0.0,0.0,0.0,0.0,0.0,0.0,2000000.0,1.0,0.0,1.0,1.0,1.0,1.0,0.0,1.0,1.0,0.0,0.0,0.0,0.0,0.0,0.0,0.0,0.0,0.0,64.0,0.0,2000000.0,0.0,0.0,0.0,0.0,0.0,0.0,0.0,0.0,0.0,0.0,1.0,0.0,0.0,0.0,0.0,0.0,0.0,0.0,64.0,0.0,0.0,0.0,0.0,0.0,0.0,2.0,0.0,0.0,0.0,130.0,-1.0,0.0,32.0,0.0,0.0,0.0,0.0,0.0,0.0,0.0,0.0,BENIGN
55035.0,4.0,2.0,0.0,248.0,0.0,217.0,31.0,124.0,131.5218613,0.0,0.0,0.0,0.0,62000000.0,500000.0,4.0,0.0,4.0,4.0,4.0,4.0,0.0,4.0,4.0,0.0,0.0,0.0,0.0,0.0,1.0,0.0,0.0,0.0,40.0,0.0,500000.0,0.0,31.0,217.0,155.0,107.3871501,11532.0,0.0,1.0,0.0,0.0,1.0,0.0,0.0,0.0,0.0,232.5,124.0,0.0,40.0,0.0,0.0,0.0,0.0,0.0,0.0,2.0,248.0,0.0,0.0,237.0,-1.0,1.0,20.0,0.0,0.0,0.0,0.0,0.0,0.0,0.0,0.0,BENIGN
55275.0,5.0,3.0,0.0,254.0,0.0,217.0,6.0,84.66666667,115.283708,0.0,0.0,0.0,0.0,50800000.0,600000.0,2.5,2.121320344,4.0,1.0,5.0,2.5,2.121320344,4.0,1.0,0.0,0.0,0.0,0.0,0.0,1.0,0.0,0.0,0.0,60.0,0.0,600000.0,0.0,6.0,217.0,117.75,115.0575943,13238.25,0.0,1.0,0.0,0.0,1.0,0.0,0.0,0.0,0.0,157.0,84.66666667,0.0,60.0,0.0,0.0,0.0,0.0,0.0,0.0,3.0,254.0,0.0,0.0,123.0,-1.0,2.0,20.0,0.0,0.0,0.0,0.0,0.0,0.0,0.0,0.0,BENIGN
55277.0,4.0,2.0,0.0,12.0,0.0,6.0,6.0,6.0,0.0,0.0,0.0,0.0,0.0,3000000.0,500000.0,4.0,0.0,4.0,4.0,4.0,4.0,0.0,4.0,4.0,0.0,0.0,0.0,0.0,0.0,0.0,0.0,0.0,0.0,40.0,0.0,500000.0,0.0,6.0,6.0,6.0,0.0,0.0,0.0,0.0,0.0,0.0,1.0,0.0,0.0,0.0,0.0,9.0,6.0,0.0,40.0,0.0,0.0,0.0,0.0,0.0,0.0,2.0,12.0,0.0,0.0,35095.0,-1.0,1.0,20.0,0.0,0.0,0.0,0.0,0.0,0.0,0.0,0.0,BENIGN
8850.0,4.0,3.0,0.0,43.0,0.0,31.0,6.0,14.33333333,14.43375673,0.0,0.0,0.0,0.0,10800000.0,750000.0,2.0,1.414213562,3.0,1.0,4.0,2.0,1.414213562,3.0,1.0,0.0,0.0,0.0,0.0,0.0,0.0,0.0,0.0,0.0,60.0,0.0,750000.0,0.0,6.0,31.0,12.25,12.5,156.25,0.0,0.0,0.0,0.0,1.0,0.0,0.0,0.0,0.0,16.33333333,14.33333333,0.0,60.0,0.0,0.0,0.0,0.0,0.0,0.0,3.0,43.0,0.0,0.0,65.0,-1.0,2.0,20.0,0.0,0.0,0.0,0.0,0.0,0.0,0.0,0.0,BENIGN
43248.0,54.0,1.0,1.0,0.0,0.0,0.0,0.0,0.0,0.0,0.0,0.0,0.0,0.0,0.0,37037.03704,54.0,0.0,54.0,54.0,0.0,0.0,0.0,0.0,0.0,0.0,0.0,0.0,0.0,0.0,0.0,0.0,0.0,0.0,32.0,32.0,18518.51852,18518.51852,0.0,0.0,0.0,0.0,0.0,0.0,0.0,0.0,0.0,1.0,1.0,0.0,0.0,1.0,0.0,0.0,0.0,32.0,0.0,0.0,0.0,0.0,0.0,0.0,1.0,0.0,1.0,0.0,59.0,439.0,0.0,32.0,0.0,0.0,0.0,0.0,0.0,0.0,0.0,0.0,BENIGN
8678.0,42.0,3.0,0.0,43.0,0.0,31.0,6.0,14.33333333,14.43375673,0.0,0.0,0.0,0.0,1023809.524,71428.57143,21.0,25.45584412,39.0,3.0,42.0,21.0,25.45584412,39.0,3.0,0.0,0.0,0.0,0.0,0.0,0.0,0.0,0.0,0.0,60.0,0.0,71428.57143,0.0,6.0,31.0,12.25,12.5,156.25,0.0,0.0,0.0,0.0,1.0,0.0,0.0,0.0,0.0,16.33333333,14.33333333,0.0,60.0,0.0,0.0,0.0,0.0,0.0,0.0,3.0,43.0,0.0,0.0,64.0,-1.0,2.0,20.0,0.0,0.0,0.0,0.0,0.0,0.0,0.0,0.0,BENIGN
55063.0,4.0,2.0,0.0,37.0,0.0,31.0,6.0,18.5,17.67766953,0.0,0.0,0.0,0.0,9250000.0,500000.0,4.0,0.0,4.0,4.0,4.0,4.0,0.0,4.0,4.0,0.0,0.0,0.0,0.0,0.0,1.0,0.0,0.0,0.0,40.0,0.0,500000.0,0.0,6.0,31.0,22.66666667,14.43375673,208.3333333,0.0,1.0,0.0,0.0,1.0,0.0,0.0,0.0,0.0,34.0,18.5,0.0,40.0,0.0,0.0,0.0,0.0,0.0,0.0,2.0,37.0,0.0,0.0,60.0,-1.0,1.0,20.0,0.0,0.0,0.0,0.0,0.0,0.0,0.0,0.0,BENIGN
55203.0,3.0,2.0,0.0,37.0,0.0,31.0,6.0,18.5,17.67766953,0.0,0.0,0.0,0.0,12300000.0,666666.6667,3.0,0.0,3.0,3.0,3.0,3.0,0.0,3.0,3.0,0.0,0.0,0.0,0.0,0.0,1.0,0.0,0.0,0.0,40.0,0.0,666666.6667,0.0,6.0,31.0,22.66666667,14.43375673,208.3333333,0.0,1.0,0.0,0.0,1.0,0.0,0.0,0.0,0.0,34.0,18.5,0.0,40.0,0.0,0.0,0.0,0.0,0.0,0.0,2.0,37.0,0.0,0.0,60.0,-1.0,1.0,20.0,0.0,0.0,0.0,0.0,0.0,0.0,0.0,0.0,BENIGN
55140.0,3.0,2.0,0.0,37.0,0.0,31.0,6.0,18.5,17.67766953,0.0,0.0,0.0,0.0,12300000.0,666666.6667,3.0,0.0,3.0,3.0,3.0,3.0,0.0,3.0,3.0,0.0,0.0,0.0,0.0,0.0,1.0,0.0,0.0,0.0,40.0,0.0,666666.6667,0.0,6.0,31.0,22.66666667,14.43375673,208.3333333,0.0,1.0,0.0,0.0,1.0,0.0,0.0,0.0,0.0,34.0,18.5,0.0,40.0,0.0,0.0,0.0,0.0,0.0,0.0,2.0,37.0,0.0,0.0,62.0,-1.0,1.0,20.0,0.0,0.0,0.0,0.0,0.0,0.0,0.0,0.0,BENIGN
55180.0,737.0,2.0,1.0,37.0,6.0,31.0,6.0,18.5,17.67766953,6.0,6.0,6.0,0.0,58344.64043,4070.556309,368.5,310.4198769,588.0,149.0,737.0,737.0,0.0,737.0,737.0,0.0,0.0,0.0,0.0,0.0,1.0,0.0,0.0,0.0,40.0,20.0,2713.704206,1356.852103,6.0,31.0,18.5,14.43375673,208.3333333,0.0,1.0,0.0,0.0,1.0,0.0,0.0,0.0,0.0,24.66666667,18.5,6.0,40.0,0.0,0.0,0.0,0.0,0.0,0.0,2.0,37.0,1.0,6.0,62.0,0.0,1.0,20.0,0.0,0.0,0.0,0.0,0.0,0.0,0.0,0.0,BENIGN
55156.0,3.0,2.0,0.0,37.0,0.0,31.0,6.0,18.5,17.67766953,0.0,0.0,0.0,0.0,12300000.0,666666.6667,3.0,0.0,3.0,3.0,3.0,3.0,0.0,3.0,3.0,0.0,0.0,0.0,0.0,0.0,1.0,0.0,0.0,0.0,40.0,0.0,666666.6667,0.0,6.0,31.0,22.66666667,14.43375673,208.3333333,0.0,1.0,0.0,0.0,1.0,0.0,0.0,0.0,0.0,34.0,18.5,0.0,40.0,0.0,0.0,0.0,0.0,0.0,0.0,2.0,37.0,0.0,0.0,62.0,-1.0,1.0,20.0,0.0,0.0,0.0,0.0,0.0,0.0,0.0,0.0,BENIGN
55096.0,3.0,2.0,0.0,37.0,0.0,31.0,6.0,18.5,17.67766953,0.0,0.0,0.0,0.0,12300000.0,666666.6667,3.0,0.0,3.0,3.0,3.0,3.0,0.0,3.0,3.0,0.0,0.0,0.0,0.0,0.0,1.0,0.0,0.0,0.0,40.0,0.0,666666.6667,0.0,6.0,31.0,22.66666667,14.43375673,208.3333333,0.0,1.0,0.0,0.0,1.0,0.0,0.0,0.0,0.0,34.0,18.5,0.0,40.0,0.0,0.0,0.0,0.0,0.0,0.0,2.0,37.0,0.0,0.0,60.0,-1.0,1.0,20.0,0.0,0.0,0.0,0.0,0.0,0.0,0.0,0.0,BENIGN
55085.0,3.0,2.0,0.0,37.0,0.0,31.0,6.0,18.5,17.67766953,0.0,0.0,0.0,0.0,12300000.0,666666.6667,3.0,0.0,3.0,3.0,3.0,3.0,0.0,3.0,3.0,0.0,0.0,0.0,0.0,0.0,1.0,0.0,0.0,0.0,40.0,0.0,666666.6667,0.0,6.0,31.0,22.66666667,14.43375673,208.3333333,0.0,1.0,0.0,0.0,1.0,0.0,0.0,0.0,0.0,34.0,18.5,0.0,40.0,0.0,0.0,0.0,0.0,0.0,0.0,2.0,37.0,0.0,0.0,62.0,-1.0,1.0,20.0,0.0,0.0,0.0,0.0,0.0,0.0,0.0,0.0,BENIGN
8689.0,276.0,3.0,0.0,43.0,0.0,31.0,6.0,14.33333333,14.43375673,0.0,0.0,0.0,0.0,155797.1014,10869.56522,138.0,192.3330445,274.0,2.0,276.0,138.0,192.3330445,274.0,2.0,0.0,0.0,0.0,0.0,0.0,0.0,0.0,0.0,0.0,60.0,0.0,10869.56522,0.0,6.0,31.0,12.25,12.5,156.25,0.0,0.0,0.0,0.0,1.0,0.0,0.0,0.0,0.0,16.33333333,14.33333333,0.0,60.0,0.0,0.0,0.0,0.0,0.0,0.0,3.0,43.0,0.0,0.0,62.0,-1.0,2.0,20.0,0.0,0.0,0.0,0.0,0.0,0.0,0.0,0.0,BENIGN
8817.0,3.0,2.0,0.0,12.0,0.0,6.0,6.0,6.0,0.0,0.0,0.0,0.0,0.0,4000000.0,666666.6667,3.0,0.0,3.0,3.0,3.0,3.0,0.0,3.0,3.0,0.0,0.0,0.0,0.0,0.0,0.0,0.0,0.0,0.0,40.0,0.0,666666.6667,0.0,6.0,6.0,6.0,0.0,0.0,0.0,0.0,0.0,0.0,1.0,0.0,0.0,0.0,0.0,9.0,6.0,0.0,40.0,0.0,0.0,0.0,0.0,0.0,0.0,2.0,12.0,0.0,0.0,40905.0,-1.0,1.0,20.0,0.0,0.0,0.0,0.0,0.0,0.0,0.0,0.0,BENIGN
8816.0,3.0,2.0,0.0,12.0,0.0,6.0,6.0,6.0,0.0,0.0,0.0,0.0,0.0,4000000.0,666666.6667,3.0,0.0,3.0,3.0,3.0,3.0,0.0,3.0,3.0,0.0,0.0,0.0,0.0,0.0,0.0,0.0,0.0,0.0,40.0,0.0,666666.6667,0.0,6.0,6.0,6.0,0.0,0.0,0.0,0.0,0.0,0.0,1.0,0.0,0.0,0.0,0.0,9.0,6.0,0.0,40.0,0.0,0.0,0.0,0.0,0.0,0.0,2.0,12.0,0.0,0.0,40905.0,-1.0,1.0,20.0,0.0,0.0,0.0,0.0,0.0,0.0,0.0,0.0,BENIGN
8886.0,1.0,2.0,0.0,12.0,0.0,6.0,6.0,6.0,0.0,0.0,0.0,0.0,0.0,12000000.0,2000000.0,1.0,0.0,1.0,1.0,1.0,1.0,0.0,1.0,1.0,0.0,0.0,0.0,0.0,0.0,0.0,0.0,0.0,0.0,40.0,0.0,2000000.0,0.0,6.0,6.0,6.0,0.0,0.0,0.0,0.0,0.0,0.0,1.0,0.0,0.0,0.0,0.0,9.0,6.0,0.0,40.0,0.0,0.0,0.0,0.0,0.0,0.0,2.0,12.0,0.0,0.0,5114.0,-1.0,1.0,20.0,0.0,0.0,0.0,0.0,0.0,0.0,0.0,0.0,BENIGN
60350.0,105.0,1.0,1.0,6.0,6.0,6.0,6.0,6.0,0.0,6.0,6.0,6.0,0.0,114285.7143,19047.61905,105.0,0.0,105.0,105.0,0.0,0.0,0.0,0.0,0.0,0.0,0.0,0.0,0.0,0.0,0.0,0.0,0.0,0.0,20.0,20.0,9523.809524,9523.809524,6.0,6.0,6.0,0.0,0.0,0.0,0.0,0.0,0.0,1.0,1.0,0.0,0.0,1.0,9.0,6.0,6.0,20.0,0.0,0.0,0.0,0.0,0.0,0.0,1.0,6.0,1.0,6.0,1024.0,274.0,0.0,20.0,0.0,0.0,0.0,0.0,0.0,0.0,0.0,0.0,BENIGN
60346.0,66.0,1.0,1.0,6.0,6.0,6.0,6.0,6.0,0.0,6.0,6.0,6.0,0.0,181818.1818,30303.0303,66.0,0.0,66.0,66.0,0.0,0.0,0.0,0.0,0.0,0.0,0.0,0.0,0.0,0.0,0.0,0.0,0.0,0.0,20.0,20.0,15151.51515,15151.51515,6.0,6.0,6.0,0.0,0.0,0.0,0.0,0.0,0.0,1.0,1.0,0.0,0.0,1.0,9.0,6.0,6.0,20.0,0.0,0.0,0.0,0.0,0.0,0.0,1.0,6.0,1.0,6.0,1024.0,274.0,0.0,20.0,0.0,0.0,0.0,0.0,0.0,0.0,0.0,0.0,BENIGN
60352.0,68.0,1.0,1.0,6.0,6.0,6.0,6.0,6.0,0.0,6.0,6.0,6.0,0.0,176470.5882,29411.76471,68.0,0.0,68.0,68.0,0.0,0.0,0.0,0.0,0.0,0.0,0.0,0.0,0.0,0.0,0.0,0.0,0.0,0.0,20.0,20.0,14705.88235,14705.88235,6.0,6.0,6.0,0.0,0.0,0.0,0.0,0.0,0.0,1.0,1.0,0.0,0.0,1.0,9.0,6.0,6.0,20.0,0.0,0.0,0.0,0.0,0.0,0.0,1.0,6.0,1.0,6.0,1024.0,320.0,0.0,20.0,0.0,0.0,0.0,0.0,0.0,0.0,0.0,0.0,BENIGN
8833.0,48.0,2.0,0.0,12.0,0.0,6.0,6.0,6.0,0.0,0.0,0.0,0.0,0.0,250000.0,41666.66667,48.0,0.0,48.0,48.0,48.0,48.0,0.0,48.0,48.0,0.0,0.0,0.0,0.0,0.0,0.0,0.0,0.0,0.0,40.0,0.0,41666.66667,0.0,6.0,6.0,6.0,0.0,0.0,0.0,0.0,0.0,0.0,1.0,0.0,0.0,0.0,0.0,9.0,6.0,0.0,40.0,0.0,0.0,0.0,0.0,0.0,0.0,2.0,12.0,0.0,0.0,23.0,-1.0,1.0,20.0,0.0,0.0,0.0,0.0,0.0,0.0,0.0,0.0,BENIGN
9331.0,3.0,2.0,0.0,12.0,0.0,6.0,6.0,6.0,0.0,0.0,0.0,0.0,0.0,4000000.0,666666.6667,3.0,0.0,3.0,3.0,3.0,3.0,0.0,3.0,3.0,0.0,0.0,0.0,0.0,0.0,0.0,0.0,0.0,0.0,40.0,0.0,666666.6667,0.0,6.0,6.0,6.0,0.0,0.0,0.0,0.0,0.0,0.0,1.0,0.0,0.0,0.0,0.0,9.0,6.0,0.0,40.0,0.0,0.0,0.0,0.0,0.0,0.0,2.0,12.0,0.0,0.0,360.0,-1.0,1.0,20.0,0.0,0.0,0.0,0.0,0.0,0.0,0.0,0.0,BENIGN
9175.0,3.0,2.0,0.0,12.0,0.0,6.0,6.0,6.0,0.0,0.0,0.0,0.0,0.0,4000000.0,666666.6667,3.0,0.0,3.0,3.0,3.0,3.0,0.0,3.0,3.0,0.0,0.0,0.0,0.0,0.0,0.0,0.0,0.0,0.0,40.0,0.0,666666.6667,0.0,6.0,6.0,6.0,0.0,0.0,0.0,0.0,0.0,0.0,1.0,0.0,0.0,0.0,0.0,9.0,6.0,0.0,40.0,0.0,0.0,0.0,0.0,0.0,0.0,2.0,12.0,0.0,0.0,385.0,-1.0,1.0,20.0,0.0,0.0,0.0,0.0,0.0,0.0,0.0,0.0,BENIGN
8693.0,16.0,1.0,1.0,6.0,6.0,6.0,6.0,6.0,0.0,6.0,6.0,6.0,0.0,750000.0,125000.0,16.0,0.0,16.0,16.0,0.0,0.0,0.0,0.0,0.0,0.0,0.0,0.0,0.0,0.0,0.0,0.0,0.0,0.0,20.0,20.0,62500.0,62500.0,6.0,6.0,6.0,0.0,0.0,0.0,0.0,0.0,0.0,1.0,1.0,0.0,0.0,1.0,9.0,6.0,6.0,20.0,0.0,0.0,0.0,0.0,0.0,0.0,1.0,6.0,1.0,6.0,351.0,258.0,0.0,20.0,0.0,0.0,0.0,0.0,0.0,0.0,0.0,0.0,BENIGN
8695.0,63.0,1.0,1.0,6.0,6.0,6.0,6.0,6.0,0.0,6.0,6.0,6.0,0.0,190476.1905,31746.03175,63.0,0.0,63.0,63.0,0.0,0.0,0.0,0.0,0.0,0.0,0.0,0.0,0.0,0.0,0.0,0.0,0.0,0.0,20.0,20.0,15873.01587,15873.01587,6.0,6.0,6.0,0.0,0.0,0.0,0.0,0.0,0.0,1.0,1.0,0.0,0.0,1.0,9.0,6.0,6.0,20.0,0.0,0.0,0.0,0.0,0.0,0.0,1.0,6.0,1.0,6.0,360.0,255.0,0.0,20.0,0.0,0.0,0.0,0.0,0.0,0.0,0.0,0.0,BENIGN
8690.0,17.0,1.0,1.0,6.0,6.0,6.0,6.0,6.0,0.0,6.0,6.0,6.0,0.0,705882.3529,117647.0588,17.0,0.0,17.0,17.0,0.0,0.0,0.0,0.0,0.0,0.0,0.0,0.0,0.0,0.0,0.0,0.0,0.0,0.0,20.0,20.0,58823.52941,58823.52941,6.0,6.0,6.0,0.0,0.0,0.0,0.0,0.0,0.0,1.0,1.0,0.0,0.0,1.0,9.0,6.0,6.0,20.0,0.0,0.0,0.0,0.0,0.0,0.0,1.0,6.0,1.0,6.0,360.0,255.0,0.0,20.0,0.0,0.0,0.0,0.0,0.0,0.0,0.0,0.0,BENIGN
8694.0,123.0,1.0,1.0,6.0,6.0,6.0,6.0,6.0,0.0,6.0,6.0,6.0,0.0,97560.97561,16260.1626,123.0,0.0,123.0,123.0,0.0,0.0,0.0,0.0,0.0,0.0,0.0,0.0,0.0,0.0,0.0,0.0,0.0,0.0,20.0,20.0,8130.081301,8130.081301,6.0,6.0,6.0,0.0,0.0,0.0,0.0,0.0,0.0,1.0,1.0,0.0,0.0,1.0,9.0,6.0,6.0,20.0,0.0,0.0,0.0,0.0,0.0,0.0,1.0,6.0,1.0,6.0,360.0,255.0,0.0,20.0,0.0,0.0,0.0,0.0,0.0,0.0,0.0,0.0,BENIGN
57683.0,4.0,2.0,0.0,12.0,0.0,6.0,6.0,6.0,0.0,0.0,0.0,0.0,0.0,3000000.0,500000.0,4.0,0.0,4.0,4.0,4.0,4.0,0.0,4.0,4.0,0.0,0.0,0.0,0.0,0.0,0.0,0.0,0.0,0.0,40.0,0.0,500000.0,0.0,6.0,6.0,6.0,0.0,0.0,0.0,0.0,0.0,0.0,1.0,0.0,0.0,0.0,0.0,9.0,6.0,0.0,40.0,0.0,0.0,0.0,0.0,0.0,0.0,2.0,12.0,0.0,0.0,360.0,-1.0,1.0,20.0,0.0,0.0,0.0,0.0,0.0,0.0,0.0,0.0,BENIGN
57662.0,4.0,2.0,0.0,12.0,0.0,6.0,6.0,6.0,0.0,0.0,0.0,0.0,0.0,3000000.0,500000.0,4.0,0.0,4.0,4.0,4.0,4.0,0.0,4.0,4.0,0.0,0.0,0.0,0.0,0.0,0.0,0.0,0.0,0.0,40.0,0.0,500000.0,0.0,6.0,6.0,6.0,0.0,0.0,0.0,0.0,0.0,0.0,1.0,0.0,0.0,0.0,0.0,9.0,6.0,0.0,40.0,0.0,0.0,0.0,0.0,0.0,0.0,2.0,12.0,0.0,0.0,360.0,-1.0,1.0,20.0,0.0,0.0,0.0,0.0,0.0,0.0,0.0,0.0,BENIGN
54864.0,49.0,2.0,0.0,12.0,0.0,6.0,6.0,6.0,0.0,0.0,0.0,0.0,0.0,244897.9592,40816.32653,49.0,0.0,49.0,49.0,49.0,49.0,0.0,49.0,49.0,0.0,0.0,0.0,0.0,0.0,0.0,0.0,0.0,0.0,40.0,0.0,40816.32653,0.0,6.0,6.0,6.0,0.0,0.0,0.0,0.0,0.0,0.0,1.0,0.0,0.0,0.0,0.0,9.0,6.0,0.0,40.0,0.0,0.0,0.0,0.0,0.0,0.0,2.0,12.0,0.0,0.0,351.0,-1.0,1.0,20.0,0.0,0.0,0.0,0.0,0.0,0.0,0.0,0.0,BENIGN
57680.0,3.0,2.0,0.0,12.0,0.0,6.0,6.0,6.0,0.0,0.0,0.0,0.0,0.0,4000000.0,666666.6667,3.0,0.0,3.0,3.0,3.0,3.0,0.0,3.0,3.0,0.0,0.0,0.0,0.0,0.0,0.0,0.0,0.0,0.0,40.0,0.0,666666.6667,0.0,6.0,6.0,6.0,0.0,0.0,0.0,0.0,0.0,0.0,1.0,0.0,0.0,0.0,0.0,9.0,6.0,0.0,40.0,0.0,0.0,0.0,0.0,0.0,0.0,2.0,12.0,0.0,0.0,377.0,-1.0,1.0,20.0,0.0,0.0,0.0,0.0,0.0,0.0,0.0,0.0,BENIGN
60954.0,46.0,1.0,1.0,0.0,0.0,0.0,0.0,0.0,0.0,0.0,0.0,0.0,0.0,0.0,43478.26087,46.0,0.0,46.0,46.0,0.0,0.0,0.0,0.0,0.0,0.0,0.0,0.0,0.0,0.0,0.0,0.0,0.0,0.0,32.0,32.0,21739.13043,21739.13043,0.0,0.0,0.0,0.0,0.0,0.0,0.0,0.0,0.0,1.0,1.0,0.0,0.0,1.0,0.0,0.0,0.0,32.0,0.0,0.0,0.0,0.0,0.0,0.0,1.0,0.0,1.0,0.0,340.0,229.0,0.0,32.0,0.0,0.0,0.0,0.0,0.0,0.0,0.0,0.0,BENIGN
57681.0,3.0,2.0,0.0,12.0,0.0,6.0,6.0,6.0,0.0,0.0,0.0,0.0,0.0,4000000.0,666666.6667,3.0,0.0,3.0,3.0,3.0,3.0,0.0,3.0,3.0,0.0,0.0,0.0,0.0,0.0,0.0,0.0,0.0,0.0,40.0,0.0,666666.6667,0.0,6.0,6.0,6.0,0.0,0.0,0.0,0.0,0.0,0.0,1.0,0.0,0.0,0.0,0.0,9.0,6.0,0.0,40.0,0.0,0.0,0.0,0.0,0.0,0.0,2.0,12.0,0.0,0.0,424.0,-1.0,1.0,20.0,0.0,0.0,0.0,0.0,0.0,0.0,0.0,0.0,BENIGN
55270.0,3.0,2.0,0.0,12.0,0.0,6.0,6.0,6.0,0.0,0.0,0.0,0.0,0.0,4000000.0,666666.6667,3.0,0.0,3.0,3.0,3.0,3.0,0.0,3.0,3.0,0.0,0.0,0.0,0.0,0.0,0.0,0.0,0.0,0.0,40.0,0.0,666666.6667,0.0,6.0,6.0,6.0,0.0,0.0,0.0,0.0,0.0,0.0,1.0,0.0,0.0,0.0,0.0,9.0,6.0,0.0,40.0,0.0,0.0,0.0,0.0,0.0,0.0,2.0,12.0,0.0,0.0,360.0,-1.0,1.0,20.0,0.0,0.0,0.0,0.0,0.0,0.0,0.0,0.0,BENIGN
55271.0,251170.0,3.0,0.0,18.0,0.0,6.0,6.0,6.0,0.0,0.0,0.0,0.0,0.0,71.66460963,11.9441016,125585.0,177598.3534,251166.0,4.0,251170.0,125585.0,177598.3534,251166.0,4.0,0.0,0.0,0.0,0.0,0.0,0.0,0.0,0.0,0.0,60.0,0.0,11.9441016,0.0,6.0,6.0,6.0,0.0,0.0,0.0,0.0,0.0,0.0,1.0,1.0,0.0,0.0,0.0,8.0,6.0,0.0,60.0,0.0,0.0,0.0,0.0,0.0,0.0,3.0,18.0,0.0,0.0,351.0,-1.0,2.0,20.0,0.0,0.0,0.0,0.0,0.0,0.0,0.0,0.0,BENIGN
57674.0,49.0,2.0,0.0,12.0,0.0,6.0,6.0,6.0,0.0,0.0,0.0,0.0,0.0,244897.9592,40816.32653,49.0,0.0,49.0,49.0,49.0,49.0,0.0,49.0,49.0,0.0,0.0,0.0,0.0,0.0,0.0,0.0,0.0,0.0,40.0,0.0,40816.32653,0.0,6.0,6.0,6.0,0.0,0.0,0.0,0.0,0.0,0.0,1.0,0.0,0.0,0.0,0.0,9.0,6.0,0.0,40.0,0.0,0.0,0.0,0.0,0.0,0.0,2.0,12.0,0.0,0.0,360.0,-1.0,1.0,20.0,0.0,0.0,0.0,0.0,0.0,0.0,0.0,0.0,BENIGN
50485.0,62.0,1.0,1.0,0.0,0.0,0.0,0.0,0.0,0.0,0.0,0.0,0.0,0.0,0.0,32258.06452,62.0,0.0,62.0,62.0,0.0,0.0,0.0,0.0,0.0,0.0,0.0,0.0,0.0,0.0,0.0,0.0,0.0,0.0,32.0,32.0,16129.03226,16129.03226,0.0,0.0,0.0,0.0,0.0,0.0,0.0,0.0,0.0,1.0,1.0,0.0,0.0,1.0,0.0,0.0,0.0,32.0,0.0,0.0,0.0,0.0,0.0,0.0,1.0,0.0,1.0,0.0,378.0,558.0,0.0,32.0,0.0,0.0,0.0,0.0,0.0,0.0,0.0,0.0,BENIGN
57686.0,175.0,2.0,1.0,12.0,6.0,6.0,6.0,6.0,0.0,6.0,6.0,6.0,0.0,102857.1429,17142.85714,87.5,23.33452378,104.0,71.0,175.0,175.0,0.0,175.0,175.0,0.0,0.0,0.0,0.0,0.0,0.0,0.0,0.0,0.0,40.0,20.0,11428.57143,5714.285714,6.0,6.0,6.0,0.0,0.0,0.0,0.0,0.0,0.0,1.0,0.0,0.0,0.0,0.0,8.0,6.0,6.0,40.0,0.0,0.0,0.0,0.0,0.0,0.0,2.0,12.0,1.0,6.0,360.0,255.0,1.0,20.0,0.0,0.0,0.0,0.0,0.0,0.0,0.0,0.0,BENIGN
33666.0,37.0,1.0,1.0,0.0,0.0,0.0,0.0,0.0,0.0,0.0,0.0,0.0,0.0,0.0,54054.05405,37.0,0.0,37.0,37.0,0.0,0.0,0.0,0.0,0.0,0.0,0.0,0.0,0.0,0.0,0.0,0.0,0.0,0.0,32.0,32.0,27027.02703,27027.02703,0.0,0.0,0.0,0.0,0.0,0.0,0.0,0.0,0.0,1.0,1.0,0.0,0.0,1.0,0.0,0.0,0.0,32.0,0.0,0.0,0.0,0.0,0.0,0.0,1.0,0.0,1.0,0.0,340.0,586.0,0.0,32.0,0.0,0.0,0.0,0.0,0.0,0.0,0.0,0.0,BENIGN
8883.0,3.0,2.0,0.0,12.0,0.0,6.0,6.0,6.0,0.0,0.0,0.0,0.0,0.0,4000000.0,666666.6667,3.0,0.0,3.0,3.0,3.0,3.0,0.0,3.0,3.0,0.0,0.0,0.0,0.0,0.0,0.0,0.0,0.0,0.0,40.0,0.0,666666.6667,0.0,6.0,6.0,6.0,0.0,0.0,0.0,0.0,0.0,0.0,1.0,0.0,0.0,0.0,0.0,9.0,6.0,0.0,40.0,0.0,0.0,0.0,0.0,0.0,0.0,2.0,12.0,0.0,0.0,40929.0,-1.0,1.0,20.0,0.0,0.0,0.0,0.0,0.0,0.0,0.0,0.0,BENIGN
8884.0,3.0,2.0,0.0,12.0,0.0,6.0,6.0,6.0,0.0,0.0,0.0,0.0,0.0,4000000.0,666666.6667,3.0,0.0,3.0,3.0,3.0,3.0,0.0,3.0,3.0,0.0,0.0,0.0,0.0,0.0,0.0,0.0,0.0,0.0,40.0,0.0,666666.6667,0.0,6.0,6.0,6.0,0.0,0.0,0.0,0.0,0.0,0.0,1.0,0.0,0.0,0.0,0.0,9.0,6.0,0.0,40.0,0.0,0.0,0.0,0.0,0.0,0.0,2.0,12.0,0.0,0.0,40929.0,-1.0,1.0,20.0,0.0,0.0,0.0,0.0,0.0,0.0,0.0,0.0,BENIGN
55245.0,96.0,1.0,1.0,6.0,6.0,6.0,6.0,6.0,0.0,6.0,6.0,6.0,0.0,125000.0,20833.33333,96.0,0.0,96.0,96.0,0.0,0.0,0.0,0.0,0.0,0.0,0.0,0.0,0.0,0.0,0.0,0.0,0.0,0.0,20.0,20.0,10416.66667,10416.66667,6.0,6.0,6.0,0.0,0.0,0.0,0.0,0.0,0.0,1.0,1.0,0.0,0.0,1.0,9.0,6.0,6.0,20.0,0.0,0.0,0.0,0.0,0.0,0.0,1.0,6.0,1.0,6.0,16384.0,256.0,0.0,20.0,0.0,0.0,0.0,0.0,0.0,0.0,0.0,0.0,BENIGN
55150.0,1.0,2.0,0.0,12.0,0.0,6.0,6.0,6.0,0.0,0.0,0.0,0.0,0.0,12000000.0,2000000.0,1.0,0.0,1.0,1.0,1.0,1.0,0.0,1.0,1.0,0.0,0.0,0.0,0.0,0.0,0.0,0.0,0.0,0.0,40.0,0.0,2000000.0,0.0,6.0,6.0,6.0,0.0,0.0,0.0,0.0,0.0,0.0,1.0,0.0,0.0,0.0,0.0,9.0,6.0,0.0,40.0,0.0,0.0,0.0,0.0,0.0,0.0,2.0,12.0,0.0,0.0,5574.0,-1.0,1.0,20.0,0.0,0.0,0.0,0.0,0.0,0.0,0.0,0.0,BENIGN
55043.0,0.0,2.0,0.0,12.0,0.0,6.0,6.0,6.0,0.0,0.0,0.0,0.0,0.0,0.0,0.0,0.0,0.0,0.0,0.0,0.0,0.0,0.0,0.0,0.0,0.0,0.0,0.0,0.0,0.0,0.0,0.0,0.0,0.0,40.0,0.0,0.0,0.0,6.0,6.0,6.0,0.0,0.0,0.0,0.0,0.0,0.0,1.0,0.0,0.0,0.0,0.0,9.0,6.0,0.0,40.0,0.0,0.0,0.0,0.0,0.0,0.0,2.0,12.0,0.0,0.0,4737.0,-1.0,1.0,20.0,0.0,0.0,0.0,0.0,0.0,0.0,0.0,0.0,BENIGN
55040.0,48.0,2.0,0.0,12.0,0.0,6.0,6.0,6.0,0.0,0.0,0.0,0.0,0.0,250000.0,41666.66667,48.0,0.0,48.0,48.0,48.0,48.0,0.0,48.0,48.0,0.0,0.0,0.0,0.0,0.0,0.0,0.0,0.0,0.0,40.0,0.0,41666.66667,0.0,6.0,6.0,6.0,0.0,0.0,0.0,0.0,0.0,0.0,1.0,0.0,0.0,0.0,0.0,9.0,6.0,0.0,40.0,0.0,0.0,0.0,0.0,0.0,0.0,2.0,12.0,0.0,0.0,4737.0,-1.0,1.0,20.0,0.0,0.0,0.0,0.0,0.0,0.0,0.0,0.0,BENIGN
55039.0,1.0,2.0,0.0,12.0,0.0,6.0,6.0,6.0,0.0,0.0,0.0,0.0,0.0,12000000.0,2000000.0,1.0,0.0,1.0,1.0,1.0,1.0,0.0,1.0,1.0,0.0,0.0,0.0,0.0,0.0,0.0,0.0,0.0,0.0,40.0,0.0,2000000.0,0.0,6.0,6.0,6.0,0.0,0.0,0.0,0.0,0.0,0.0,1.0,0.0,0.0,0.0,0.0,9.0,6.0,0.0,40.0,0.0,0.0,0.0,0.0,0.0,0.0,2.0,12.0,0.0,0.0,4737.0,-1.0,1.0,20.0,0.0,0.0,0.0,0.0,0.0,0.0,0.0,0.0,BENIGN
55043.0,999588.0,2.0,0.0,12.0,0.0,6.0,6.0,6.0,0.0,0.0,0.0,0.0,0.0,12.00494604,2.00082434,999588.0,0.0,999588.0,999588.0,999588.0,999588.0,0.0,999588.0,999588.0,0.0,0.0,0.0,0.0,0.0,0.0,0.0,0.0,0.0,40.0,0.0,2.00082434,0.0,6.0,6.0,6.0,0.0,0.0,0.0,0.0,0.0,0.0,1.0,0.0,0.0,0.0,0.0,9.0,6.0,0.0,40.0,0.0,0.0,0.0,0.0,0.0,0.0,2.0,12.0,0.0,0.0,4737.0,-1.0,1.0,20.0,0.0,0.0,0.0,0.0,0.0,0.0,0.0,0.0,BENIGN
55039.0,75.0,1.0,1.0,6.0,6.0,6.0,6.0,6.0,0.0,6.0,6.0,6.0,0.0,160000.0,26666.66667,75.0,0.0,75.0,75.0,0.0,0.0,0.0,0.0,0.0,0.0,0.0,0.0,0.0,0.0,0.0,0.0,0.0,0.0,20.0,20.0,13333.33333,13333.33333,6.0,6.0,6.0,0.0,0.0,0.0,0.0,0.0,0.0,1.0,0.0,0.0,0.0,1.0,9.0,6.0,6.0,20.0,0.0,0.0,0.0,0.0,0.0,0.0,1.0,6.0,1.0,6.0,4737.0,63668.0,0.0,20.0,0.0,0.0,0.0,0.0,0.0,0.0,0.0,0.0,BENIGN
55040.0,32.0,1.0,1.0,6.0,6.0,6.0,6.0,6.0,0.0,6.0,6.0,6.0,0.0,375000.0,62500.0,32.0,0.0,32.0,32.0,0.0,0.0,0.0,0.0,0.0,0.0,0.0,0.0,0.0,0.0,0.0,0.0,0.0,0.0,20.0,20.0,31250.0,31250.0,6.0,6.0,6.0,0.0,0.0,0.0,0.0,0.0,0.0,1.0,0.0,0.0,0.0,1.0,9.0,6.0,6.0,20.0,0.0,0.0,0.0,0.0,0.0,0.0,1.0,6.0,1.0,6.0,4737.0,64189.0,0.0,20.0,0.0,0.0,0.0,0.0,0.0,0.0,0.0,0.0,BENIGN
53.0,71693.0,2.0,2.0,74.0,176.0,37.0,37.0,37.0,0.0,88.0,88.0,88.0,0.0,3487.09079,55.79345264,23897.66667,41348.67743,71643.0,3.0,47.0,47.0,0.0,47.0,47.0,3.0,3.0,0.0,3.0,3.0,0.0,0.0,0.0,0.0,40.0,64.0,27.89672632,27.89672632,37.0,88.0,57.4,27.93385043,780.3,0.0,0.0,0.0,0.0,0.0,0.0,0.0,0.0,1.0,71.75,37.0,88.0,40.0,0.0,0.0,0.0,0.0,0.0,0.0,2.0,74.0,2.0,176.0,-1.0,-1.0,1.0,20.0,0.0,0.0,0.0,0.0,0.0,0.0,0.0,0.0,BENIGN
53.0,60738.0,2.0,2.0,74.0,200.0,37.0,37.0,37.0,0.0,100.0,100.0,100.0,0.0,4511.179163,65.85663012,20246.0,35061.90451,60732.0,2.0,2.0,2.0,0.0,2.0,2.0,4.0,4.0,0.0,4.0,4.0,0.0,0.0,0.0,0.0,40.0,40.0,32.92831506,32.92831506,37.0,100.0,62.2,34.50652112,1190.7,0.0,0.0,0.0,0.0,0.0,0.0,0.0,0.0,1.0,77.75,37.0,100.0,40.0,0.0,0.0,0.0,0.0,0.0,0.0,2.0,74.0,2.0,200.0,-1.0,-1.0,1.0,20.0,0.0,0.0,0.0,0.0,0.0,0.0,0.0,0.0,BENIGN
21.0,126188.0,20.0,25.0,176.0,440.0,43.0,0.0,8.8,12.68069399,52.0,0.0,17.6,16.1606518,4881.605224,356.6107712,2867.909091,12377.64297,70791.0,1.0,126117.0,6637.736842,26122.26872,114215.0,1.0,126048.0,5252.0,16545.2078,70791.0,1.0,0.0,0.0,0.0,0.0,656.0,816.0,158.4936761,198.1170951,0.0,52.0,13.39130435,15.17816891,230.3768116,0.0,0.0,0.0,1.0,0.0,0.0,0.0,0.0,1.0,13.68888889,8.8,17.6,656.0,0.0,0.0,0.0,0.0,0.0,0.0,20.0,176.0,25.0,440.0,29200.0,227.0,12.0,32.0,0.0,0.0,0.0,0.0,0.0,0.0,0.0,0.0,BENIGN
34805.0,8003.0,15.0,6.0,19897.0,0.0,2896.0,0.0,1326.466667,1136.570208,0.0,0.0,0.0,0.0,2486192.678,2624.015994,400.15,1445.918039,6454.0,1.0,8003.0,571.6428571,1718.054875,6454.0,2.0,6663.0,1332.6,2974.753318,6654.0,1.0,0.0,0.0,0.0,0.0,496.0,208.0,1874.297139,749.7188554,0.0,2896.0,904.4090909,1122.979992,1261084.063,0.0,0.0,0.0,1.0,0.0,0.0,0.0,0.0,0.0,947.4761905,1326.466667,0.0,496.0,0.0,0.0,0.0,0.0,0.0,0.0,15.0,19897.0,6.0,0.0,29200.0,362.0,10.0,32.0,0.0,0.0,0.0,0.0,0.0,0.0,0.0,0.0,BENIGN
34805.0,1.0,2.0,0.0,617.0,0.0,617.0,0.0,308.5,436.284884,0.0,0.0,0.0,0.0,617000000.0,2000000.0,1.0,0.0,1.0,1.0,1.0,1.0,0.0,1.0,1.0,0.0,0.0,0.0,0.0,0.0,1.0,0.0,0.0,0.0,64.0,0.0,2000000.0,0.0,0.0,617.0,411.3333333,356.2251161,126896.3333,0.0,1.0,0.0,0.0,1.0,0.0,0.0,0.0,0.0,617.0,308.5,0.0,64.0,0.0,0.0,0.0,0.0,0.0,0.0,2.0,617.0,0.0,0.0,229.0,-1.0,0.0,32.0,0.0,0.0,0.0,0.0,0.0,0.0,0.0,0.0,BENIGN
21.0,50.0,1.0,2.0,0.0,0.0,0.0,0.0,0.0,0.0,0.0,0.0,0.0,0.0,0.0,60000.0,25.0,32.52691193,48.0,2.0,0.0,0.0,0.0,0.0,0.0,48.0,48.0,0.0,48.0,48.0,0.0,0.0,0.0,0.0,32.0,64.0,20000.0,40000.0,0.0,0.0,0.0,0.0,0.0,0.0,0.0,0.0,0.0,1.0,1.0,0.0,0.0,2.0,0.0,0.0,0.0,32.0,0.0,0.0,0.0,0.0,0.0,0.0,1.0,0.0,2.0,0.0,229.0,227.0,0.0,32.0,0.0,0.0,0.0,0.0,0.0,0.0,0.0,0.0,BENIGN
139.0,75.0,3.0,1.0,4.0,4.0,4.0,0.0,1.333333333,2.309401077,4.0,4.0,4.0,0.0,106666.6667,53333.33333,25.0,22.5166605,48.0,3.0,75.0,37.5,48.7903679,72.0,3.0,0.0,0.0,0.0,0.0,0.0,1.0,0.0,0.0,0.0,96.0,32.0,40000.0,13333.33333,0.0,4.0,2.4,2.19089023,4.8,0.0,1.0,0.0,0.0,1.0,0.0,0.0,0.0,0.0,3.0,1.333333333,4.0,96.0,0.0,0.0,0.0,0.0,0.0,0.0,3.0,4.0,1.0,4.0,302.0,302.0,0.0,32.0,0.0,0.0,0.0,0.0,0.0,0.0,0.0,0.0,BENIGN
443.0,208.0,4.0,0.0,46.0,0.0,46.0,0.0,11.5,23.0,0.0,0.0,0.0,0.0,221153.8462,19230.76923,69.33333333,57.8388566,114.0,4.0,208.0,69.33333333,57.8388566,114.0,4.0,0.0,0.0,0.0,0.0,0.0,0.0,0.0,0.0,0.0,128.0,0.0,19230.76923,0.0,0.0,46.0,9.2,20.57182539,423.2,0.0,0.0,0.0,0.0,1.0,0.0,0.0,0.0,0.0,11.5,11.5,0.0,128.0,0.0,0.0,0.0,0.0,0.0,0.0,4.0,46.0,0.0,0.0,306.0,-1.0,1.0,32.0,0.0,0.0,0.0,0.0,0.0,0.0,0.0,0.0,BENIGN
443.0,514004.0,3.0,1.0,0.0,6.0,0.0,0.0,0.0,0.0,6.0,6.0,6.0,0.0,11.67306091,7.782040607,171334.6667,150308.8093,281013.0,2.0,514004.0,257002.0,363452.8855,514002.0,2.0,0.0,0.0,0.0,0.0,0.0,0.0,0.0,0.0,0.0,96.0,20.0,5.836530455,1.945510152,0.0,6.0,1.2,2.683281573,7.2,0.0,0.0,0.0,0.0,1.0,1.0,0.0,0.0,0.0,1.5,0.0,6.0,96.0,0.0,0.0,0.0,0.0,0.0,0.0,3.0,0.0,1.0,6.0,1444.0,0.0,0.0,32.0,0.0,0.0,0.0,0.0,0.0,0.0,0.0,0.0,BENIGN
80.0,60130920.0,5.0,3.0,216.0,1533.0,198.0,0.0,43.2,86.57482313,1527.0,0.0,511.0,879.8869246,29.08653318,0.133043033,8590131.429,22700000.0,60100000.0,28.0,60100000.0,15000000.0,30000000.0,60100000.0,29.0,25530.0,12765.0,15577.56239,23780.0,1750.0,0.0,0.0,0.0,0.0,112.0,72.0,0.083151896,0.049891138,0.0,1527.0,194.3333333,503.8834191,253898.5,0.0,0.0,0.0,1.0,0.0,0.0,0.0,0.0,0.0,218.625,43.2,511.0,112.0,0.0,0.0,0.0,0.0,0.0,0.0,5.0,216.0,3.0,1533.0,8192.0,946.0,4.0,20.0,0.0,0.0,0.0,0.0,0.0,0.0,0.0,0.0,BENIGN
80.0,60130912.0,5.0,3.0,213.0,1619.0,195.0,0.0,42.6,85.23379611,1613.0,0.0,539.6666667,929.5387745,30.46685871,0.133043051,8590130.286,22700000.0,60100000.0,35.0,60100000.0,15000000.0,30000000.0,60100000.0,35.0,26004.0,13002.0,15464.4253,23937.0,2067.0,0.0,0.0,0.0,0.0,112.0,72.0,0.083151907,0.049891144,0.0,1613.0,203.5555556,532.3326289,283378.0278,0.0,0.0,0.0,1.0,0.0,0.0,0.0,0.0,0.0,229.0,42.6,539.6666667,112.0,0.0,0.0,0.0,0.0,0.0,0.0,5.0,213.0,3.0,1619.0,8192.0,946.0,4.0,20.0,0.0,0.0,0.0,0.0,0.0,0.0,0.0,0.0,BENIGN
443.0,3895966.0,5.0,1.0,135.0,46.0,46.0,6.0,27.0,20.1246118,46.0,46.0,46.0,0.0,46.45831098,1.540054508,779193.2,1688277.785,3798981.0,4.0,3895966.0,973991.5,1883824.068,3798981.0,4.0,0.0,0.0,0.0,0.0,0.0,1.0,0.0,0.0,0.0,100.0,20.0,1.283378756,0.256675751,6.0,46.0,32.42857143,18.86670032,355.952381,0.0,1.0,0.0,0.0,1.0,0.0,0.0,0.0,0.0,37.83333333,27.0,46.0,100.0,0.0,0.0,0.0,0.0,0.0,0.0,5.0,135.0,1.0,46.0,258.0,360.0,4.0,20.0,0.0,0.0,0.0,0.0,0.0,0.0,0.0,0.0,BENIGN
443.0,3895242.0,5.0,1.0,135.0,46.0,46.0,6.0,27.0,20.1246118,46.0,46.0,46.0,0.0,46.46694608,1.540340754,779048.4,1688348.684,3798955.0,3.0,3895242.0,973810.5,1883931.983,3798955.0,3.0,0.0,0.0,0.0,0.0,0.0,1.0,0.0,0.0,0.0,100.0,20.0,1.283617295,0.256723459,6.0,46.0,32.42857143,18.86670032,355.952381,0.0,1.0,0.0,0.0,1.0,0.0,0.0,0.0,0.0,37.83333333,27.0,46.0,100.0,0.0,0.0,0.0,0.0,0.0,0.0,5.0,135.0,1.0,46.0,258.0,360.0,4.0,20.0,0.0,0.0,0.0,0.0,0.0,0.0,0.0,0.0,BENIGN
443.0,3896308.0,5.0,1.0,135.0,46.0,46.0,6.0,27.0,20.1246118,46.0,46.0,46.0,0.0,46.45423308,1.539919329,779261.6,1688253.409,3799007.0,3.0,3896308.0,974077.0,1883783.63,3799007.0,3.0,0.0,0.0,0.0,0.0,0.0,1.0,0.0,0.0,0.0,100.0,20.0,1.283266107,0.256653221,6.0,46.0,32.42857143,18.86670032,355.952381,0.0,1.0,0.0,0.0,1.0,0.0,0.0,0.0,0.0,37.83333333,27.0,46.0,100.0,0.0,0.0,0.0,0.0,0.0,0.0,5.0,135.0,1.0,46.0,257.0,424.0,4.0,20.0,0.0,0.0,0.0,0.0,0.0,0.0,0.0,0.0,BENIGN
443.0,3895052.0,5.0,1.0,135.0,46.0,46.0,6.0,27.0,20.1246118,46.0,46.0,46.0,0.0,46.46921273,1.540415892,779010.4,1688400.959,3799016.0,3.0,3895052.0,973763.0,1884005.155,3799016.0,3.0,0.0,0.0,0.0,0.0,0.0,1.0,0.0,0.0,0.0,100.0,20.0,1.28367991,0.256735982,6.0,46.0,32.42857143,18.86670032,355.952381,0.0,1.0,0.0,0.0,1.0,0.0,0.0,0.0,0.0,37.83333333,27.0,46.0,100.0,0.0,0.0,0.0,0.0,0.0,0.0,5.0,135.0,1.0,46.0,255.0,360.0,4.0,20.0,0.0,0.0,0.0,0.0,0.0,0.0,0.0,0.0,BENIGN
443.0,3896461.0,5.0,1.0,135.0,46.0,46.0,6.0,27.0,20.1246118,46.0,46.0,46.0,0.0,46.45240899,1.539858862,779292.2,1696821.776,3814476.0,49.0,3896461.0,974115.25,1893913.016,3814476.0,49.0,0.0,0.0,0.0,0.0,0.0,1.0,0.0,0.0,0.0,100.0,20.0,1.283215718,0.256643144,6.0,46.0,32.42857143,18.86670032,355.952381,0.0,1.0,0.0,0.0,1.0,0.0,0.0,0.0,0.0,37.83333333,27.0,46.0,100.0,0.0,0.0,0.0,0.0,0.0,0.0,5.0,135.0,1.0,46.0,255.0,360.0,4.0,20.0,0.0,0.0,0.0,0.0,0.0,0.0,0.0,0.0,BENIGN
53.0,31020664.0,8.0,4.0,372.0,452.0,52.0,41.0,46.5,5.879747322,157.0,69.0,113.0,50.80682369,26.56293882,0.386838915,2820060.364,9317725.506,30900000.0,1.0,31000000.0,4431065.714,11700000.0,30900000.0,1.0,31000000.0,10300000.0,17900000.0,31000000.0,3.0,0.0,0.0,0.0,0.0,184.0,128.0,0.25789261,0.128946305,41.0,157.0,67.38461538,40.8606136,1669.589744,0.0,0.0,0.0,0.0,0.0,0.0,0.0,0.0,0.0,73.0,46.5,113.0,184.0,0.0,0.0,0.0,0.0,0.0,0.0,8.0,372.0,4.0,452.0,-1.0,-1.0,7.0,20.0,46735.0,0.0,46735.0,46735.0,30900000.0,0.0,30900000.0,30900000.0,BENIGN
53.0,83718.0,4.0,2.0,184.0,300.0,46.0,46.0,46.0,0.0,150.0,150.0,150.0,0.0,5781.313457,71.66917509,16743.6,25063.96121,56230.0,1.0,27440.0,9146.666667,15839.02732,27436.0,1.0,48.0,48.0,0.0,48.0,48.0,0.0,0.0,0.0,0.0,80.0,64.0,47.77945006,23.88972503,46.0,150.0,75.71428571,50.74680379,2575.238095,0.0,0.0,0.0,0.0,0.0,0.0,0.0,0.0,0.0,88.33333333,46.0,150.0,80.0,0.0,0.0,0.0,0.0,0.0,0.0,4.0,184.0,2.0,300.0,-1.0,-1.0,3.0,20.0,0.0,0.0,0.0,0.0,0.0,0.0,0.0,0.0,BENIGN
445.0,10706606.0,29.0,24.0,8142.0,4220.0,3072.0,0.0,280.7586207,658.4197888,420.0,0.0,175.8333333,153.2748786,1154.614263,4.950214849,205896.2692,1092307.606,7114425.0,0.0,10700000.0,382378.7857,1477741.199,7114425.0,0.0,10700000.0,465499.4348,1637050.93,7176769.0,1.0,0.0,0.0,0.0,0.0,604.0,504.0,2.708608125,2.241606724,0.0,3072.0,228.9259259,492.9078084,242958.1076,0.0,0.0,0.0,1.0,0.0,0.0,0.0,0.0,0.0,233.245283,280.7586207,175.8333333,604.0,0.0,0.0,0.0,0.0,0.0,0.0,29.0,8142.0,24.0,4220.0,8192.0,2050.0,27.0,20.0,3591908.0,0.0,3591908.0,3591908.0,7114425.0,0.0,7114425.0,7114425.0,BENIGN
80.0,60166984.0,6.0,4.0,237.0,4593.0,213.0,0.0,39.5,85.03117076,2920.0,0.0,1148.25,1417.910758,80.27658491,0.16620411,6685220.444,20000000.0,60000000.0,23.0,60200000.0,12000000.0,26800000.0,60000000.0,23.0,86807.0,28935.66667,49181.27685,85724.0,207.0,0.0,0.0,0.0,0.0,132.0,92.0,0.099722466,0.066481644,0.0,2920.0,439.0909091,960.7303945,923002.8909,0.0,0.0,0.0,1.0,0.0,0.0,0.0,0.0,0.0,483.0,39.5,1148.25,132.0,0.0,0.0,0.0,0.0,0.0,0.0,6.0,237.0,4.0,4593.0,8192.0,946.0,5.0,20.0,0.0,0.0,0.0,0.0,0.0,0.0,0.0,0.0,BENIGN
53.0,24027.0,2.0,2.0,68.0,100.0,34.0,34.0,34.0,0.0,50.0,50.0,50.0,0.0,6992.133849,166.4793774,8009.0,13865.06671,24019.0,4.0,4.0,4.0,0.0,4.0,4.0,4.0,4.0,0.0,4.0,4.0,0.0,0.0,0.0,0.0,64.0,64.0,83.23968868,83.23968868,34.0,50.0,40.4,8.76356092,76.8,0.0,0.0,0.0,0.0,0.0,0.0,0.0,0.0,1.0,50.5,34.0,50.0,64.0,0.0,0.0,0.0,0.0,0.0,0.0,2.0,68.0,2.0,100.0,-1.0,-1.0,1.0,32.0,0.0,0.0,0.0,0.0,0.0,0.0,0.0,0.0,BENIGN
8080.0,1029807.0,3.0,3.0,0.0,18.0,0.0,0.0,0.0,0.0,6.0,6.0,6.0,0.0,17.47900335,5.826334449,205961.4,281152.7211,515080.0,524.0,1028984.0,514492.0,1630.588237,515645.0,513339.0,1029283.0,514641.5,1784.030409,515903.0,513380.0,0.0,0.0,0.0,0.0,92.0,60.0,2.913167225,2.913167225,0.0,6.0,2.571428571,3.207134903,10.28571429,0.0,0.0,0.0,1.0,0.0,0.0,0.0,0.0,1.0,3.0,0.0,6.0,92.0,0.0,0.0,0.0,0.0,0.0,0.0,3.0,0.0,3.0,18.0,8192.0,0.0,0.0,28.0,0.0,0.0,0.0,0.0,0.0,0.0,0.0,0.0,BENIGN
80.0,2979847.0,2.0,1.0,0.0,0.0,0.0,0.0,0.0,0.0,0.0,0.0,0.0,0.0,0.0,1.006763099,1489923.5,2085777.621,2964791.0,15056.0,2979847.0,2979847.0,0.0,2979847.0,2979847.0,0.0,0.0,0.0,0.0,0.0,0.0,0.0,0.0,0.0,64.0,32.0,0.671175399,0.3355877,0.0,0.0,0.0,0.0,0.0,0.0,0.0,0.0,0.0,1.0,0.0,0.0,0.0,0.0,0.0,0.0,0.0,64.0,0.0,0.0,0.0,0.0,0.0,0.0,2.0,0.0,1.0,0.0,437.0,63.0,0.0,32.0,0.0,0.0,0.0,0.0,0.0,0.0,0.0,0.0,BENIGN
80.0,28315.0,1.0,1.0,6.0,6.0,6.0,6.0,6.0,0.0,6.0,6.0,6.0,0.0,423.8036376,70.63393961,28315.0,0.0,28315.0,28315.0,0.0,0.0,0.0,0.0,0.0,0.0,0.0,0.0,0.0,0.0,0.0,0.0,0.0,0.0,20.0,20.0,35.3169698,35.3169698,6.0,6.0,6.0,0.0,0.0,0.0,0.0,0.0,0.0,1.0,1.0,0.0,0.0,1.0,9.0,6.0,6.0,20.0,0.0,0.0,0.0,0.0,0.0,0.0,1.0,6.0,1.0,6.0,274.0,1024.0,0.0,20.0,0.0,0.0,0.0,0.0,0.0,0.0,0.0,0.0,BENIGN
80.0,28466.0,1.0,1.0,6.0,6.0,6.0,6.0,6.0,0.0,6.0,6.0,6.0,0.0,421.5555399,70.25925666,28466.0,0.0,28466.0,28466.0,0.0,0.0,0.0,0.0,0.0,0.0,0.0,0.0,0.0,0.0,0.0,0.0,0.0,0.0,20.0,20.0,35.12962833,35.12962833,6.0,6.0,6.0,0.0,0.0,0.0,0.0,0.0,0.0,1.0,1.0,0.0,0.0,1.0,9.0,6.0,6.0,20.0,0.0,0.0,0.0,0.0,0.0,0.0,1.0,6.0,1.0,6.0,274.0,1024.0,0.0,20.0,0.0,0.0,0.0,0.0,0.0,0.0,0.0,0.0,BENIGN
443.0,101027175.0,14.0,12.0,1029.0,991.0,460.0,0.0,73.5,150.0403792,456.0,0.0,82.58333333,132.1083979,19.99462026,0.257356498,4041087.0,13900000.0,58500000.0,1.0,101000000.0,7771321.154,18900000.0,58600000.0,1.0,101000000.0,9176957.273,20300000.0,58600000.0,1.0,1.0,0.0,0.0,0.0,448.0,384.0,0.138576576,0.118779922,0.0,460.0,76.51851852,136.7390469,18697.56695,0.0,1.0,0.0,0.0,1.0,0.0,0.0,0.0,0.0,79.46153846,73.5,82.58333333,448.0,0.0,0.0,0.0,0.0,0.0,0.0,14.0,1029.0,12.0,991.0,428.0,407.0,5.0,32.0,1048172.0,1296391.188,1964859.0,131485.0,49400000.0,12900000.0,58500000.0,40300000.0,BENIGN
53.0,330.0,2.0,2.0,74.0,198.0,37.0,37.0,37.0,0.0,99.0,99.0,99.0,0.0,824242.4242,12121.21212,110.0,187.9281778,327.0,1.0,1.0,1.0,0.0,1.0,1.0,2.0,2.0,0.0,2.0,2.0,0.0,0.0,0.0,0.0,40.0,40.0,6060.606061,6060.606061,37.0,99.0,61.8,33.95879857,1153.2,0.0,0.0,0.0,0.0,0.0,0.0,0.0,0.0,1.0,77.25,37.0,99.0,40.0,0.0,0.0,0.0,0.0,0.0,0.0,2.0,74.0,2.0,198.0,-1.0,-1.0,1.0,20.0,0.0,0.0,0.0,0.0,0.0,0.0,0.0,0.0,BENIGN
53.0,221.0,2.0,2.0,74.0,106.0,37.0,37.0,37.0,0.0,53.0,53.0,53.0,0.0,814479.638,18099.54751,73.66666667,87.11677986,171.0,3.0,47.0,47.0,0.0,47.0,47.0,3.0,3.0,0.0,3.0,3.0,0.0,0.0,0.0,0.0,40.0,40.0,9049.773756,9049.773756,37.0,53.0,43.4,8.76356092,76.8,0.0,0.0,0.0,0.0,0.0,0.0,0.0,0.0,1.0,54.25,37.0,53.0,40.0,0.0,0.0,0.0,0.0,0.0,0.0,2.0,74.0,2.0,106.0,-1.0,-1.0,1.0,20.0,0.0,0.0,0.0,0.0,0.0,0.0,0.0,0.0,BENIGN
53.0,302.0,2.0,2.0,70.0,460.0,35.0,35.0,35.0,0.0,230.0,230.0,230.0,0.0,1754966.887,13245.03311,100.6666667,133.0613893,252.0,2.0,2.0,2.0,0.0,2.0,2.0,48.0,48.0,0.0,48.0,48.0,0.0,0.0,0.0,0.0,64.0,80.0,6622.516556,6622.516556,35.0,230.0,113.0,106.8058987,11407.5,0.0,0.0,0.0,0.0,0.0,0.0,0.0,0.0,1.0,141.25,35.0,230.0,64.0,0.0,0.0,0.0,0.0,0.0,0.0,2.0,70.0,2.0,460.0,-1.0,-1.0,1.0,32.0,0.0,0.0,0.0,0.0,0.0,0.0,0.0,0.0,BENIGN
53.0,283.0,2.0,2.0,70.0,460.0,35.0,35.0,35.0,0.0,230.0,230.0,230.0,0.0,1872791.519,14134.27562,94.33333333,156.461923,275.0,4.0,4.0,4.0,0.0,4.0,4.0,4.0,4.0,0.0,4.0,4.0,0.0,0.0,0.0,0.0,64.0,64.0,7067.137809,7067.137809,35.0,230.0,113.0,106.8058987,11407.5,0.0,0.0,0.0,0.0,0.0,0.0,0.0,0.0,1.0,141.25,35.0,230.0,64.0,0.0,0.0,0.0,0.0,0.0,0.0,2.0,70.0,2.0,460.0,-1.0,-1.0,1.0,32.0,0.0,0.0,0.0,0.0,0.0,0.0,0.0,0.0,BENIGN
53.0,166.0,2.0,2.0,70.0,302.0,35.0,35.0,35.0,0.0,151.0,151.0,151.0,0.0,2240963.855,24096.38554,55.33333333,90.64950818,160.0,2.0,4.0,4.0,0.0,4.0,4.0,2.0,2.0,0.0,2.0,2.0,0.0,0.0,0.0,0.0,64.0,64.0,12048.19277,12048.19277,35.0,151.0,81.4,63.53581667,4036.8,0.0,0.0,0.0,0.0,0.0,0.0,0.0,0.0,1.0,101.75,35.0,151.0,64.0,0.0,0.0,0.0,0.0,0.0,0.0,2.0,70.0,2.0,302.0,-1.0,-1.0,1.0,32.0,0.0,0.0,0.0,0.0,0.0,0.0,0.0,0.0,BENIGN
53.0,275.0,2.0,2.0,80.0,290.0,40.0,40.0,40.0,0.0,145.0,145.0,145.0,0.0,1345454.545,14545.45455,91.66666667,152.7099647,268.0,3.0,4.0,4.0,0.0,4.0,4.0,3.0,3.0,0.0,3.0,3.0,0.0,0.0,0.0,0.0,40.0,40.0,7272.727273,7272.727273,40.0,145.0,82.0,57.51086854,3307.5,0.0,0.0,0.0,0.0,0.0,0.0,0.0,0.0,1.0,102.5,40.0,145.0,40.0,0.0,0.0,0.0,0.0,0.0,0.0,2.0,80.0,2.0,290.0,-1.0,-1.0,1.0,20.0,0.0,0.0,0.0,0.0,0.0,0.0,0.0,0.0,BENIGN
53.0,266.0,2.0,2.0,80.0,326.0,40.0,40.0,40.0,0.0,163.0,163.0,163.0,0.0,1526315.789,15037.59398,88.66666667,150.9779233,263.0,1.0,1.0,1.0,0.0,1.0,1.0,2.0,2.0,0.0,2.0,2.0,0.0,0.0,0.0,0.0,40.0,40.0,7518.796992,7518.796992,40.0,163.0,89.2,67.36987457,4538.7,0.0,0.0,0.0,0.0,0.0,0.0,0.0,0.0,1.0,111.5,40.0,163.0,40.0,0.0,0.0,0.0,0.0,0.0,0.0,2.0,80.0,2.0,326.0,-1.0,-1.0,1.0,20.0,0.0,0.0,0.0,0.0,0.0,0.0,0.0,0.0,BENIGN
53.0,102033.0,2.0,2.0,64.0,196.0,32.0,32.0,32.0,0.0,98.0,98.0,98.0,0.0,2548.195192,39.20300295,34011.0,58898.38792,102021.0,1.0,1.0,1.0,0.0,1.0,1.0,11.0,11.0,0.0,11.0,11.0,0.0,0.0,0.0,0.0,40.0,64.0,19.60150148,19.60150148,32.0,98.0,58.4,36.1496888,1306.8,0.0,0.0,0.0,0.0,0.0,0.0,0.0,0.0,1.0,73.0,32.0,98.0,40.0,0.0,0.0,0.0,0.0,0.0,0.0,2.0,64.0,2.0,196.0,-1.0,-1.0,1.0,20.0,0.0,0.0,0.0,0.0,0.0,0.0,0.0,0.0,BENIGN
53.0,51453.0,2.0,2.0,64.0,204.0,32.0,32.0,32.0,0.0,102.0,102.0,102.0,0.0,5208.637009,77.74085087,17151.0,29701.20725,51447.0,3.0,3.0,3.0,0.0,3.0,3.0,3.0,3.0,0.0,3.0,3.0,0.0,0.0,0.0,0.0,40.0,40.0,38.87042544,38.87042544,32.0,102.0,60.0,38.34057903,1470.0,0.0,0.0,0.0,0.0,0.0,0.0,0.0,0.0,1.0,75.0,32.0,102.0,40.0,0.0,0.0,0.0,0.0,0.0,0.0,2.0,64.0,2.0,204.0,-1.0,-1.0,1.0,20.0,0.0,0.0,0.0,0.0,0.0,0.0,0.0,0.0,BENIGN
53.0,1140.0,2.0,2.0,72.0,246.0,36.0,36.0,36.0,0.0,123.0,123.0,123.0,0.0,278947.3684,3508.77193,380.0,644.3353164,1124.0,4.0,12.0,12.0,0.0,12.0,12.0,4.0,4.0,0.0,4.0,4.0,0.0,0.0,0.0,0.0,64.0,64.0,1754.385965,1754.385965,36.0,123.0,70.8,47.6518625,2270.7,0.0,0.0,0.0,0.0,0.0,0.0,0.0,0.0,1.0,88.5,36.0,123.0,64.0,0.0,0.0,0.0,0.0,0.0,0.0,2.0,72.0,2.0,246.0,-1.0,-1.0,1.0,32.0,0.0,0.0,0.0,0.0,0.0,0.0,0.0,0.0,BENIGN
53.0,293.0,2.0,2.0,72.0,328.0,36.0,36.0,36.0,0.0,164.0,164.0,164.0,0.0,1365187.713,13651.87713,97.66666667,163.9674764,287.0,3.0,3.0,3.0,0.0,3.0,3.0,3.0,3.0,0.0,3.0,3.0,0.0,0.0,0.0,0.0,64.0,64.0,6825.938567,6825.938567,36.0,164.0,87.2,70.10848736,4915.2,0.0,0.0,0.0,0.0,0.0,0.0,0.0,0.0,1.0,109.0,36.0,164.0,64.0,0.0,0.0,0.0,0.0,0.0,0.0,2.0,72.0,2.0,328.0,-1.0,-1.0,1.0,32.0,0.0,0.0,0.0,0.0,0.0,0.0,0.0,0.0,BENIGN
22.0,1333970.0,41.0,42.0,2664.0,6954.0,456.0,0.0,64.97560976,109.864573,976.0,0.0,165.5714286,320.4037958,7210.057198,62.22028981,16267.92683,105806.9064,951360.0,1.0,1333970.0,33349.25,159265.3306,994167.0,1.0,382495.0,9329.146341,23528.31491,120205.0,1.0,0.0,0.0,0.0,0.0,1328.0,1360.0,30.73532388,31.48496593,0.0,976.0,114.5,243.3458791,59217.21687,0.0,0.0,0.0,1.0,0.0,0.0,0.0,0.0,1.0,115.8795181,64.97560976,165.5714286,1328.0,0.0,0.0,0.0,0.0,0.0,0.0,41.0,2664.0,42.0,6954.0,29200.0,243.0,24.0,32.0,0.0,0.0,0.0,0.0,0.0,0.0,0.0,0.0,BENIGN
22.0,187.0,1.0,1.0,0.0,0.0,0.0,0.0,0.0,0.0,0.0,0.0,0.0,0.0,0.0,10695.18717,187.0,0.0,187.0,187.0,0.0,0.0,0.0,0.0,0.0,0.0,0.0,0.0,0.0,0.0,0.0,0.0,0.0,0.0,32.0,32.0,5347.593583,5347.593583,0.0,0.0,0.0,0.0,0.0,0.0,0.0,0.0,0.0,1.0,1.0,0.0,0.0,1.0,0.0,0.0,0.0,32.0,0.0,0.0,0.0,0.0,0.0,0.0,1.0,0.0,1.0,0.0,290.0,243.0,0.0,32.0,0.0,0.0,0.0,0.0,0.0,0.0,0.0,0.0,BENIGN
22.0,1335604.0,41.0,42.0,2728.0,6634.0,456.0,0.0,66.53658537,110.1299454,976.0,0.0,157.952381,319.1214275,7009.562715,62.14416848,16287.85366,106029.4368,955480.0,0.0,1335604.0,33390.1,159130.3309,997492.0,1.0,380063.0,9269.829268,21451.18193,98081.0,1.0,0.0,0.0,0.0,0.0,1328.0,1360.0,30.69772178,31.4464467,0.0,976.0,111.452381,241.6427915,58391.23867,0.0,0.0,0.0,1.0,0.0,0.0,0.0,0.0,1.0,112.7951807,66.53658537,157.952381,1328.0,0.0,0.0,0.0,0.0,0.0,0.0,41.0,2728.0,42.0,6634.0,29200.0,243.0,24.0,32.0,0.0,0.0,0.0,0.0,0.0,0.0,0.0,0.0,BENIGN
22.0,111.0,1.0,1.0,0.0,0.0,0.0,0.0,0.0,0.0,0.0,0.0,0.0,0.0,0.0,18018.01802,111.0,0.0,111.0,111.0,0.0,0.0,0.0,0.0,0.0,0.0,0.0,0.0,0.0,0.0,0.0,0.0,0.0,0.0,32.0,32.0,9009.009009,9009.009009,0.0,0.0,0.0,0.0,0.0,0.0,0.0,0.0,0.0,1.0,1.0,0.0,0.0,1.0,0.0,0.0,0.0,32.0,0.0,0.0,0.0,0.0,0.0,0.0,1.0,0.0,1.0,0.0,290.0,243.0,0.0,32.0,0.0,0.0,0.0,0.0,0.0,0.0,0.0,0.0,BENIGN
443.0,143347.0,47.0,60.0,1325.0,108751.0,570.0,0.0,28.19148936,110.2697559,2896.0,0.0,1812.516667,822.0897409,767898.8748,746.4404557,1352.330189,5067.810221,23061.0,1.0,143347.0,3116.23913,7502.019684,23823.0,1.0,120283.0,2038.694915,6167.670541,24538.0,1.0,0.0,0.0,0.0,0.0,1200.0,1928.0,327.8757142,418.5647415,0.0,2896.0,1019.222222,1082.537011,1171886.38,0.0,0.0,0.0,1.0,0.0,0.0,0.0,0.0,1.0,1028.747664,28.19148936,1812.516667,1200.0,0.0,0.0,0.0,0.0,0.0,0.0,47.0,1325.0,60.0,108751.0,29200.0,61.0,30.0,20.0,0.0,0.0,0.0,0.0,0.0,0.0,0.0,0.0,BENIGN
443.0,143899.0,46.0,58.0,1325.0,110185.0,570.0,0.0,28.80434783,111.4072847,4344.0,0.0,1899.741379,942.9987732,774918.5192,722.7291364,1397.07767,5193.055313,23360.0,1.0,143899.0,3197.755556,7655.879725,23883.0,2.0,120525.0,2114.473684,6287.286944,23836.0,2.0,0.0,0.0,0.0,0.0,1168.0,1864.0,319.6686565,403.0604799,0.0,4344.0,1062.0,1169.249973,1367145.5,0.0,0.0,0.0,1.0,0.0,0.0,0.0,0.0,1.0,1072.211538,28.80434783,1899.741379,1168.0,0.0,0.0,0.0,0.0,0.0,0.0,46.0,1325.0,58.0,110185.0,29200.0,61.0,30.0,20.0,0.0,0.0,0.0,0.0,0.0,0.0,0.0,0.0,BENIGN
443.0,142605.0,45.0,58.0,1325.0,108751.0,570.0,0.0,29.44444444,112.5805884,4344.0,0.0,1875.017241,973.725897,771894.3936,722.274815,1398.088235,5168.857742,23218.0,2.0,142557.0,3239.931818,7655.109026,23764.0,17.0,119443.0,2095.491228,6223.072915,23897.0,2.0,0.0,0.0,0.0,0.0,1136.0,1864.0,315.556958,406.717857,0.0,4344.0,1058.423077,1174.336455,1379066.111,0.0,0.0,0.0,1.0,0.0,0.0,0.0,0.0,1.0,1068.699029,29.44444444,1875.017241,1136.0,0.0,0.0,0.0,0.0,0.0,0.0,45.0,1325.0,58.0,108751.0,29200.0,61.0,30.0,20.0,0.0,0.0,0.0,0.0,0.0,0.0,0.0,0.0,BENIGN
443.0,142499.0,46.0,53.0,1313.0,100063.0,570.0,0.0,28.54347826,111.4687214,4344.0,0.0,1887.981132,961.4692781,711415.5187,694.7417175,1454.071429,5309.869504,23849.0,1.0,142473.0,3166.066667,7624.287098,23928.0,4.0,118650.0,2281.730769,6510.145009,23936.0,2.0,0.0,0.0,0.0,0.0,1192.0,1704.0,322.8092829,371.9324346,0.0,4344.0,1013.76,1166.938246,1361744.871,0.0,0.0,0.0,1.0,0.0,0.0,0.0,0.0,1.0,1024.0,28.54347826,1887.981132,1192.0,0.0,0.0,0.0,0.0,0.0,0.0,46.0,1313.0,53.0,100063.0,29200.0,61.0,28.0,20.0,0.0,0.0,0.0,0.0,0.0,0.0,0.0,0.0,BENIGN
443.0,23828.0,27.0,31.0,162.0,59368.0,6.0,6.0,6.0,0.0,2896.0,0.0,1915.096774,783.0897503,2498321.303,2434.11113,418.0350877,2482.025641,18821.0,0.0,23778.0,914.5384615,3661.433864,18861.0,1.0,23755.0,791.8333333,3408.112017,18833.0,1.0,0.0,0.0,0.0,0.0,540.0,992.0,1133.120698,1300.990431,0.0,2896.0,1009.084746,1114.299614,1241663.631,1.0,0.0,0.0,0.0,0.0,0.0,0.0,0.0,1.0,1026.482759,6.0,1915.096774,540.0,0.0,0.0,0.0,0.0,0.0,0.0,27.0,162.0,31.0,59368.0,0.0,61.0,26.0,20.0,0.0,0.0,0.0,0.0,0.0,0.0,0.0,0.0,BENIGN
443.0,119090.0,23.0,28.0,1169.0,45025.0,570.0,0.0,50.82608696,156.1373673,2896.0,0.0,1608.035714,902.027366,387891.5106,428.2475439,2381.8,6806.153122,23148.0,2.0,119090.0,5413.181818,9746.978426,23868.0,48.0,95911.0,3552.259259,8188.878934,23922.0,2.0,0.0,0.0,0.0,0.0,744.0,904.0,193.1312453,235.1162986,0.0,2896.0,888.3461538,1028.323762,1057449.76,0.0,0.0,0.0,1.0,0.0,0.0,0.0,0.0,1.0,905.7647059,50.82608696,1608.035714,744.0,0.0,0.0,0.0,0.0,0.0,0.0,23.0,1169.0,28.0,45025.0,29200.0,61.0,4.0,32.0,0.0,0.0,0.0,0.0,0.0,0.0,0.0,0.0,BENIGN
443.0,23841.0,26.0,31.0,156.0,59368.0,6.0,6.0,6.0,0.0,4344.0,0.0,1915.096774,867.7613864,2496707.353,2390.83931,425.7321429,2505.018203,18831.0,1.0,23841.0,953.64,3744.233209,18922.0,2.0,23731.0,791.0333333,3407.877279,18831.0,1.0,0.0,0.0,0.0,0.0,520.0,992.0,1090.558282,1300.281028,0.0,4344.0,1026.37931,1148.503005,1319059.152,1.0,0.0,0.0,0.0,0.0,0.0,0.0,0.0,1.0,1044.385965,6.0,1915.096774,520.0,0.0,0.0,0.0,0.0,0.0,0.0,26.0,156.0,31.0,59368.0,0.0,61.0,25.0,20.0,0.0,0.0,0.0,0.0,0.0,0.0,0.0,0.0,BENIGN
443.0,199037.0,47.0,63.0,1325.0,100049.0,570.0,0.0,28.19148936,110.2697559,2896.0,0.0,1588.079365,717.6696226,509322.3873,552.661063,1826.027523,7265.55705,56205.0,0.0,199037.0,4326.891304,10848.72606,56364.0,0.0,175945.0,2837.822581,9151.860339,56205.0,1.0,0.0,0.0,0.0,0.0,1200.0,2024.0,236.1369997,316.5240634,0.0,2896.0,913.2792793,947.8815919,898479.5122,0.0,0.0,0.0,1.0,0.0,0.0,0.0,0.0,1.0,921.5818182,28.19148936,1588.079365,1200.0,0.0,0.0,0.0,0.0,0.0,0.0,47.0,1325.0,63.0,100049.0,29200.0,61.0,30.0,20.0,0.0,0.0,0.0,0.0,0.0,0.0,0.0,0.0,BENIGN
443.0,142923.0,46.0,60.0,1307.0,95705.0,570.0,0.0,28.41304348,111.499193,2896.0,0.0,1595.083333,684.9206633,678771.0865,741.6580956,1361.171429,5126.950789,23762.0,0.0,142923.0,3176.066667,7623.537539,24433.0,1.0,119510.0,2025.59322,6174.904003,24171.0,1.0,0.0,0.0,0.0,0.0,1204.0,1928.0,321.8516264,419.8064692,0.0,2896.0,906.6542056,936.5510503,877127.8699,0.0,0.0,0.0,1.0,0.0,0.0,0.0,0.0,1.0,915.2075472,28.41304348,1595.083333,1204.0,0.0,0.0,0.0,0.0,0.0,0.0,46.0,1307.0,60.0,95705.0,29200.0,61.0,27.0,20.0,0.0,0.0,0.0,0.0,0.0,0.0,0.0,0.0,BENIGN
443.0,446800.0,23.0,28.0,1169.0,43577.0,570.0,0.0,50.82608696,156.1373673,2896.0,0.0,1556.321429,951.6832282,100147.7171,114.1450313,8936.0,38838.58757,267852.0,1.0,446800.0,20309.09091,69389.91842,327980.0,49.0,423469.0,15684.03704,56601.13305,291041.0,1.0,0.0,0.0,0.0,0.0,744.0,904.0,51.47717099,62.66786034,0.0,2896.0,860.5,1032.46861,1065991.431,0.0,0.0,0.0,1.0,0.0,0.0,0.0,0.0,1.0,877.372549,50.82608696,1556.321429,744.0,0.0,0.0,0.0,0.0,0.0,0.0,23.0,1169.0,28.0,43577.0,29200.0,61.0,4.0,32.0,0.0,0.0,0.0,0.0,0.0,0.0,0.0,0.0,BENIGN
443.0,141851.0,47.0,55.0,1325.0,98601.0,570.0,0.0,28.19148936,110.2697559,4344.0,0.0,1792.745455,917.957661,704443.3948,719.0643704,1404.465347,5197.681086,23292.0,0.0,141851.0,3083.717391,7494.006395,23901.0,2.0,118810.0,2200.185185,6392.140357,23944.0,1.0,0.0,0.0,0.0,0.0,1200.0,1768.0,331.3335824,387.7307879,0.0,4344.0,970.1553398,1111.09528,1234532.721,0.0,0.0,0.0,1.0,0.0,0.0,0.0,0.0,1.0,979.6666667,28.19148936,1792.745455,1200.0,0.0,0.0,0.0,0.0,0.0,0.0,47.0,1325.0,55.0,98601.0,29200.0,61.0,30.0,20.0,0.0,0.0,0.0,0.0,0.0,0.0,0.0,0.0,BENIGN
443.0,145376.0,51.0,60.0,1331.0,110185.0,570.0,0.0,26.09803922,106.0175938,4344.0,0.0,1836.416667,874.1511193,767086.7268,763.5373101,1321.6,5012.191246,23463.0,1.0,145375.0,2907.5,7232.486891,23660.0,1.0,121913.0,2066.322034,6298.043671,25145.0,1.0,0.0,0.0,0.0,0.0,1316.0,1928.0,350.8144398,412.7228703,0.0,4344.0,995.6785714,1110.930429,1234166.418,0.0,0.0,0.0,1.0,0.0,0.0,0.0,0.0,1.0,1004.648649,26.09803922,1836.416667,1316.0,0.0,0.0,0.0,0.0,0.0,0.0,51.0,1331.0,60.0,110185.0,29200.0,61.0,31.0,20.0,0.0,0.0,0.0,0.0,0.0,0.0,0.0,0.0,BENIGN
443.0,142904.0,47.0,56.0,1313.0,104393.0,570.0,0.0,27.93617021,110.3290344,4344.0,0.0,1864.160714,898.8648958,739699.3786,720.7635895,1401.019608,5170.506395,23140.0,1.0,142904.0,3106.608696,7519.826551,23913.0,48.0,119777.0,2177.763636,6363.229232,24312.0,1.0,0.0,0.0,0.0,0.0,1224.0,1800.0,328.8921234,391.8714662,0.0,4344.0,1016.403846,1132.91297,1283491.796,0.0,0.0,0.0,1.0,0.0,0.0,0.0,0.0,1.0,1026.271845,27.93617021,1864.160714,1224.0,0.0,0.0,0.0,0.0,0.0,0.0,47.0,1313.0,56.0,104393.0,29200.0,61.0,28.0,20.0,0.0,0.0,0.0,0.0,0.0,0.0,0.0,0.0,BENIGN
443.0,142508.0,50.0,59.0,1331.0,104393.0,570.0,0.0,26.62,107.0277267,2896.0,0.0,1769.372881,804.7193749,741881.1575,764.8693407,1319.518519,5030.679662,23584.0,1.0,142508.0,2908.326531,7297.818114,23790.0,1.0,119506.0,2060.448276,6192.453206,24045.0,1.0,0.0,0.0,0.0,0.0,1284.0,1896.0,350.8574957,414.0118449,0.0,2896.0,961.1272727,1054.705038,1112402.718,0.0,0.0,0.0,1.0,0.0,0.0,0.0,0.0,1.0,969.9449541,26.62,1769.372881,1284.0,0.0,0.0,0.0,0.0,0.0,0.0,50.0,1331.0,59.0,104393.0,29200.0,61.0,31.0,20.0,0.0,0.0,0.0,0.0,0.0,0.0,0.0,0.0,BENIGN
443.0,142561.0,48.0,59.0,1319.0,110185.0,570.0,0.0,27.47916667,109.1949242,4344.0,0.0,1867.542373,889.0918715,782149.3957,750.5559024,1344.915094,5060.556533,23171.0,0.0,142561.0,3033.212766,7421.5281,23989.0,1.0,119649.0,2062.913793,6177.081109,24041.0,1.0,0.0,0.0,0.0,0.0,1244.0,1896.0,336.6979749,413.8579275,0.0,4344.0,1032.444444,1131.941574,1281291.726,0.0,0.0,0.0,1.0,0.0,0.0,0.0,0.0,1.0,1042.093458,27.47916667,1867.542373,1244.0,0.0,0.0,0.0,0.0,0.0,0.0,48.0,1319.0,59.0,110185.0,29200.0,61.0,29.0,20.0,0.0,0.0,0.0,0.0,0.0,0.0,0.0,0.0,BENIGN
443.0,142389.0,52.0,60.0,1337.0,110185.0,570.0,0.0,25.71153846,105.010053,2896.0,0.0,1836.416667,832.505536,783220.614,786.5776148,1282.783784,4960.836844,23286.0,1.0,142389.0,2791.941176,7160.297852,23640.0,1.0,119083.0,2018.355932,6109.045559,24004.0,2.0,0.0,0.0,0.0,0.0,1336.0,1928.0,365.1967497,421.3808651,0.0,2896.0,986.920354,1092.874079,1194373.753,0.0,0.0,0.0,1.0,0.0,0.0,0.0,0.0,1.0,995.7321429,25.71153846,1836.416667,1336.0,0.0,0.0,0.0,0.0,0.0,0.0,52.0,1337.0,60.0,110185.0,29200.0,61.0,32.0,20.0,0.0,0.0,0.0,0.0,0.0,0.0,0.0,0.0,BENIGN
443.0,142403.0,45.0,58.0,1319.0,103922.0,570.0,0.0,29.31111111,112.6125341,4344.0,0.0,1791.758621,912.9122728,739036.3967,723.2993687,1396.107843,5167.892471,23065.0,1.0,142389.0,3236.113636,7668.684291,23811.0,1.0,119460.0,2095.789474,6235.578046,23854.0,1.0,0.0,0.0,0.0,0.0,1148.0,1864.0,316.0045786,407.2947901,0.0,4344.0,1011.932692,1113.933312,1240847.423,0.0,0.0,0.0,1.0,0.0,0.0,0.0,0.0,1.0,1021.757282,29.31111111,1791.758621,1148.0,0.0,0.0,0.0,0.0,0.0,0.0,45.0,1319.0,58.0,103922.0,29200.0,61.0,29.0,20.0,0.0,0.0,0.0,0.0,0.0,0.0,0.0,0.0,BENIGN
443.0,142089.0,45.0,55.0,1313.0,104393.0,570.0,0.0,29.17777778,112.6443092,4344.0,0.0,1898.054545,955.3575328,743942.1771,703.7842479,1435.242424,5235.340188,23062.0,1.0,142055.0,3228.522727,7631.283779,23741.0,1.0,119063.0,2204.87037,6386.462883,24044.0,2.0,0.0,0.0,0.0,0.0,1160.0,1768.0,316.7029116,387.0813363,0.0,4344.0,1046.594059,1172.156919,1373951.844,0.0,0.0,0.0,1.0,0.0,0.0,0.0,0.0,1.0,1057.06,29.17777778,1898.054545,1160.0,0.0,0.0,0.0,0.0,0.0,0.0,45.0,1313.0,55.0,104393.0,29200.0,61.0,28.0,20.0,0.0,0.0,0.0,0.0,0.0,0.0,0.0,0.0,BENIGN
443.0,142098.0,49.0,58.0,1325.0,104393.0,570.0,0.0,27.04081633,108.0950506,2896.0,0.0,1799.87931,822.5761859,743979.5071,753.0014497,1340.54717,5074.961667,23200.0,1.0,142062.0,2959.625,7351.531667,23913.0,1.0,118959.0,2087.0,6221.458887,23896.0,1.0,0.0,0.0,0.0,0.0,1264.0,1864.0,344.8324396,408.1690101,0.0,2896.0,978.8703704,1074.666956,1154909.067,0.0,0.0,0.0,1.0,0.0,0.0,0.0,0.0,1.0,988.0186916,27.04081633,1799.87931,1264.0,0.0,0.0,0.0,0.0,0.0,0.0,49.0,1325.0,58.0,104393.0,29200.0,61.0,30.0,20.0,0.0,0.0,0.0,0.0,0.0,0.0,0.0,0.0,BENIGN
443.0,128912.0,21.0,26.0,1169.0,43577.0,570.0,0.0,55.66666667,162.8920911,2896.0,0.0,1676.038462,968.0996842,347105.0019,364.5897977,2802.434783,7805.472794,31356.0,1.0,128912.0,6445.6,11123.03739,31455.0,2.0,105920.0,4236.8,9592.461541,31878.0,1.0,0.0,0.0,0.0,0.0,680.0,840.0,162.9018245,201.6879732,0.0,2896.0,932.2083333,1085.203284,1177666.168,0.0,0.0,0.0,1.0,0.0,0.0,0.0,0.0,1.0,952.0425532,55.66666667,1676.038462,680.0,0.0,0.0,0.0,0.0,0.0,0.0,21.0,1169.0,26.0,43577.0,29200.0,61.0,4.0,32.0,0.0,0.0,0.0,0.0,0.0,0.0,0.0,0.0,BENIGN
443.0,143215.0,50.0,61.0,1337.0,110185.0,570.0,0.0,26.74,107.0006313,4344.0,0.0,1806.311475,858.3705793,778703.3481,775.0584785,1301.954545,4974.84197,23242.0,1.0,143148.0,2921.387755,7298.487925,23858.0,1.0,120300.0,2005.0,6095.643326,24355.0,1.0,0.0,0.0,0.0,0.0,1272.0,1960.0,349.1254408,425.9330377,0.0,4344.0,995.7321429,1093.746154,1196280.648,0.0,0.0,0.0,1.0,0.0,0.0,0.0,0.0,1.0,1004.702703,26.74,1806.311475,1272.0,0.0,0.0,0.0,0.0,0.0,0.0,50.0,1337.0,61.0,110185.0,29200.0,61.0,32.0,20.0,0.0,0.0,0.0,0.0,0.0,0.0,0.0,0.0,BENIGN
443.0,185921.0,48.0,58.0,1337.0,105841.0,570.0,0.0,27.85416667,109.1083766,4344.0,0.0,1824.844828,956.8748071,576470.6515,570.1346271,1770.67619,6585.672561,44284.0,1.0,185921.0,3955.765957,9528.448754,44430.0,2.0,162838.0,2856.807018,8352.611485,44284.0,1.0,0.0,0.0,0.0,0.0,1208.0,1864.0,258.1741707,311.9604563,0.0,4344.0,1001.663551,1143.37138,1307298.112,0.0,0.0,0.0,1.0,0.0,0.0,0.0,0.0,1.0,1011.113208,27.85416667,1824.844828,1208.0,0.0,0.0,0.0,0.0,0.0,0.0,48.0,1337.0,58.0,105841.0,29200.0,61.0,32.0,20.0,0.0,0.0,0.0,0.0,0.0,0.0,0.0,0.0,BENIGN
443.0,131198.0,29.0,50.0,1169.0,92809.0,570.0,0.0,40.31034483,139.9780859,4344.0,0.0,1856.18,921.5378383,716306.651,602.1433254,1682.025641,5587.656726,24101.0,0.0,131198.0,4685.642857,8825.290033,24413.0,18.0,100738.0,2055.877551,6334.053759,24747.0,1.0,0.0,0.0,0.0,0.0,936.0,1608.0,221.0399549,381.1033705,0.0,4344.0,1174.725,1147.810364,1317468.632,0.0,0.0,0.0,1.0,0.0,0.0,0.0,0.0,1.0,1189.594937,40.31034483,1856.18,936.0,0.0,0.0,0.0,0.0,0.0,0.0,29.0,1169.0,50.0,92809.0,29200.0,61.0,4.0,32.0,0.0,0.0,0.0,0.0,0.0,0.0,0.0,0.0,BENIGN
443.0,187746.0,48.0,64.0,1331.0,100049.0,570.0,0.0,27.72916667,109.1373797,4344.0,0.0,1563.265625,739.1078973,539984.8732,596.5506589,1691.405405,6454.641398,44827.0,0.0,187746.0,3994.595745,9570.390305,44863.0,1.0,164235.0,2606.904762,8067.49879,45017.0,1.0,0.0,0.0,0.0,0.0,1220.0,2056.0,255.6645681,340.8860908,0.0,4344.0,897.1681416,947.0850477,896970.0875,0.0,0.0,0.0,1.0,0.0,0.0,0.0,0.0,1.0,905.1785714,27.72916667,1563.265625,1220.0,0.0,0.0,0.0,0.0,0.0,0.0,48.0,1331.0,64.0,100049.0,29200.0,61.0,31.0,20.0,0.0,0.0,0.0,0.0,0.0,0.0,0.0,0.0,BENIGN
443.0,188450.0,47.0,59.0,1325.0,100049.0,570.0,0.0,28.19148936,110.2697559,2896.0,0.0,1695.745763,808.7324819,537935.792,562.4834174,1794.761905,6733.367527,46328.0,1.0,188450.0,4096.73913,9847.506171,46506.0,1.0,165253.0,2849.189655,8495.447936,46328.0,1.0,0.0,0.0,0.0,0.0,1200.0,1896.0,249.4030247,313.0803927,0.0,2896.0,947.4205607,1028.579072,1057974.906,0.0,0.0,0.0,1.0,0.0,0.0,0.0,0.0,1.0,956.3584906,28.19148936,1695.745763,1200.0,0.0,0.0,0.0,0.0,0.0,0.0,47.0,1325.0,59.0,100049.0,29200.0,61.0,30.0,20.0,0.0,0.0,0.0,0.0,0.0,0.0,0.0,0.0,BENIGN
443.0,300724.0,49.0,65.0,1325.0,102959.0,570.0,0.0,27.04081633,108.0950506,2896.0,0.0,1583.984615,751.2528389,346776.4462,379.0851412,2661.274336,11511.58013,93217.0,0.0,300724.0,6265.083333,23320.8749,156187.0,1.0,276439.0,4319.359375,17135.83886,117306.0,1.0,0.0,0.0,0.0,0.0,1264.0,2088.0,162.9401045,216.1450366,0.0,2896.0,906.8173913,960.7927427,923122.6944,0.0,0.0,0.0,1.0,0.0,0.0,0.0,0.0,1.0,914.7719298,27.04081633,1583.984615,1264.0,0.0,0.0,0.0,0.0,0.0,0.0,49.0,1325.0,65.0,102959.0,29200.0,61.0,30.0,20.0,0.0,0.0,0.0,0.0,0.0,0.0,0.0,0.0,BENIGN
443.0,195652.0,49.0,60.0,1343.0,105841.0,570.0,0.0,27.40816327,108.0109791,2896.0,0.0,1764.016667,842.2550138,547829.8203,557.1116063,1811.592593,7080.294859,53333.0,1.0,195652.0,4076.083333,10329.92199,53412.0,1.0,172455.0,2922.966102,9048.251849,53378.0,1.0,0.0,0.0,0.0,0.0,1228.0,1928.0,250.4446671,306.6669393,0.0,2896.0,974.4,1069.66603,1144185.417,0.0,0.0,0.0,1.0,0.0,0.0,0.0,0.0,1.0,983.3394495,27.40816327,1764.016667,1228.0,0.0,0.0,0.0,0.0,0.0,0.0,49.0,1343.0,60.0,105841.0,29200.0,61.0,33.0,20.0,0.0,0.0,0.0,0.0,0.0,0.0,0.0,0.0,BENIGN
443.0,143173.0,51.0,58.0,1337.0,104393.0,570.0,0.0,26.21568627,105.9913796,2896.0,0.0,1799.87931,822.5761859,738477.2269,761.3167287,1325.675926,5048.135869,23638.0,1.0,143123.0,2862.46,7263.952321,24271.0,1.0,120199.0,2108.754386,6287.378068,24553.0,1.0,0.0,0.0,0.0,0.0,1304.0,1864.0,356.2124144,405.1043144,0.0,2896.0,961.1818182,1072.738955,1150768.866,0.0,0.0,0.0,1.0,0.0,0.0,0.0,0.0,1.0,970.0,26.21568627,1799.87931,1304.0,0.0,0.0,0.0,0.0,0.0,0.0,51.0,1337.0,58.0,104393.0,29200.0,61.0,32.0,20.0,0.0,0.0,0.0,0.0,0.0,0.0,0.0,0.0,BENIGN
443.0,142748.0,47.0,57.0,1325.0,108751.0,570.0,0.0,28.19148936,110.2697559,4344.0,0.0,1907.912281,909.4137492,771121.1365,728.5566173,1385.902913,5168.157484,23329.0,1.0,142714.0,3102.478261,7534.989767,23958.0,1.0,119745.0,2138.303571,6324.403523,24190.0,1.0,0.0,0.0,0.0,0.0,1200.0,1832.0,329.2515482,399.3050691,0.0,4344.0,1048.342857,1156.089794,1336543.612,0.0,0.0,0.0,1.0,0.0,0.0,0.0,0.0,1.0,1058.423077,28.19148936,1907.912281,1200.0,0.0,0.0,0.0,0.0,0.0,0.0,47.0,1325.0,57.0,108751.0,29200.0,61.0,30.0,20.0,0.0,0.0,0.0,0.0,0.0,0.0,0.0,0.0,BENIGN
443.0,142235.0,47.0,57.0,1319.0,101497.0,570.0,0.0,28.06382979,110.2994746,4344.0,0.0,1780.649123,861.2578942,722860.0555,731.1843077,1380.92233,5136.347739,23155.0,2.0,142113.0,3089.413043,7488.411941,23833.0,48.0,119085.0,2126.517857,6271.476138,24042.0,2.0,0.0,0.0,0.0,0.0,1212.0,1832.0,330.4390621,400.7452455,0.0,4344.0,979.2,1083.923681,1174890.546,0.0,0.0,0.0,1.0,0.0,0.0,0.0,0.0,1.0,988.6153846,28.06382979,1780.649123,1212.0,0.0,0.0,0.0,0.0,0.0,0.0,47.0,1319.0,57.0,101497.0,29200.0,61.0,29.0,20.0,0.0,0.0,0.0,0.0,0.0,0.0,0.0,0.0,BENIGN
443.0,152597.0,42.0,51.0,1283.0,95705.0,570.0,0.0,30.54761905,116.5816373,4344.0,0.0,1876.568627,968.15082,635582.613,609.4484164,1658.663043,5994.383936,33492.0,2.0,152597.0,3721.878049,8696.723818,33562.0,48.0,119066.0,2381.32,6666.824301,24063.0,2.0,0.0,0.0,0.0,0.0,1124.0,1640.0,275.2347687,334.2136477,0.0,4344.0,1031.787234,1168.531179,1365465.116,0.0,0.0,0.0,1.0,0.0,0.0,0.0,0.0,1.0,1042.88172,30.54761905,1876.568627,1124.0,0.0,0.0,0.0,0.0,0.0,0.0,42.0,1283.0,51.0,95705.0,29200.0,61.0,23.0,20.0,0.0,0.0,0.0,0.0,0.0,0.0,0.0,0.0,BENIGN
443.0,142263.0,47.0,58.0,1331.0,104393.0,570.0,0.0,28.31914894,110.239878,4344.0,0.0,1799.87931,866.1409487,743158.7974,738.0696316,1367.913462,5131.621368,23191.0,0.0,142263.0,3092.673913,7502.339733,23772.0,2.0,119294.0,2092.877193,6249.868422,23908.0,1.0,0.0,0.0,0.0,0.0,1188.0,1864.0,330.3740256,407.695606,0.0,4344.0,997.3962264,1094.593699,1198135.365,0.0,0.0,0.0,1.0,0.0,0.0,0.0,0.0,1.0,1006.895238,28.31914894,1799.87931,1188.0,0.0,0.0,0.0,0.0,0.0,0.0,47.0,1331.0,58.0,104393.0,29200.0,61.0,31.0,20.0,0.0,0.0,0.0,0.0,0.0,0.0,0.0,0.0,BENIGN
443.0,142478.0,49.0,57.0,1325.0,104393.0,570.0,0.0,27.04081633,108.0950506,2896.0,0.0,1831.45614,839.483346,741995.2554,743.9745083,1356.933333,5113.686675,23402.0,2.0,142418.0,2967.041667,7364.968432,23858.0,48.0,119519.0,2134.267857,6318.395244,24145.0,2.0,0.0,0.0,0.0,0.0,1264.0,1832.0,343.9127444,400.0617639,0.0,2896.0,988.0186916,1093.727985,1196240.905,0.0,0.0,0.0,1.0,0.0,0.0,0.0,0.0,1.0,997.3396226,27.04081633,1831.45614,1264.0,0.0,0.0,0.0,0.0,0.0,0.0,49.0,1325.0,57.0,104393.0,29200.0,61.0,30.0,20.0,0.0,0.0,0.0,0.0,0.0,0.0,0.0,0.0,BENIGN
443.0,125417.0,29.0,55.0,1169.0,98601.0,570.0,0.0,40.31034483,139.9780859,4344.0,0.0,1792.745455,874.6373898,795506.1913,669.7656618,1511.048193,5384.793514,23215.0,0.0,125417.0,4479.178571,8721.979601,23575.0,89.0,99847.0,1849.018519,6008.928729,24179.0,1.0,0.0,0.0,0.0,0.0,936.0,1768.0,231.2286213,438.5370404,0.0,4344.0,1173.764706,1099.595333,1209109.896,0.0,0.0,0.0,1.0,0.0,0.0,0.0,0.0,1.0,1187.738095,40.31034483,1792.745455,936.0,0.0,0.0,0.0,0.0,0.0,0.0,29.0,1169.0,55.0,98601.0,29200.0,61.0,4.0,32.0,0.0,0.0,0.0,0.0,0.0,0.0,0.0,0.0,BENIGN
443.0,188411.0,43.0,59.0,1313.0,105841.0,570.0,0.0,30.53488372,115.1109917,4344.0,0.0,1793.915254,1014.181856,568724.756,541.3696653,1865.455446,6809.690942,45552.0,0.0,188411.0,4485.97619,10163.53124,45610.0,1.0,165211.0,2848.465517,8450.637267,45743.0,1.0,0.0,0.0,0.0,0.0,1096.0,1896.0,228.2244667,313.1451985,0.0,4344.0,1040.330097,1165.886134,1359290.478,0.0,0.0,0.0,1.0,0.0,0.0,0.0,0.0,1.0,1050.529412,30.53488372,1793.915254,1096.0,0.0,0.0,0.0,0.0,0.0,0.0,43.0,1313.0,59.0,105841.0,29200.0,61.0,28.0,20.0,0.0,0.0,0.0,0.0,0.0,0.0,0.0,0.0,BENIGN
443.0,141785.0,44.0,55.0,1313.0,93786.0,570.0,0.0,29.84090909,113.8577127,2896.0,0.0,1705.2,792.8637593,670726.8047,698.2402934,1446.785714,5267.632333,23051.0,1.0,141785.0,3297.325581,7763.76187,23895.0,1.0,118889.0,2201.648148,6402.558325,23805.0,1.0,0.0,0.0,0.0,0.0,1128.0,1768.0,310.3290193,387.9112741,0.0,2896.0,950.99,1025.08183,1050792.757,0.0,0.0,0.0,1.0,0.0,0.0,0.0,0.0,1.0,960.5959596,29.84090909,1705.2,1128.0,0.0,0.0,0.0,0.0,0.0,0.0,44.0,1313.0,55.0,93786.0,29200.0,61.0,28.0,20.0,0.0,0.0,0.0,0.0,0.0,0.0,0.0,0.0,BENIGN
443.0,155181.0,78.0,106.0,1457.0,215903.0,570.0,0.0,18.67948718,86.05819438,4344.0,0.0,2036.820755,908.0408088,1400686.94,1185.712168,847.9836066,3831.64699,24081.0,0.0,155155.0,2015.0,5797.194251,24372.0,3.0,131946.0,1256.628571,4736.887828,24893.0,2.0,0.0,0.0,0.0,0.0,1928.0,3400.0,502.638854,683.0733144,0.0,4344.0,1174.918919,1214.829823,1475811.499,0.0,0.0,0.0,1.0,0.0,0.0,0.0,0.0,1.0,1181.304348,18.67948718,2036.820755,1928.0,0.0,0.0,0.0,0.0,0.0,0.0,78.0,1457.0,106.0,215903.0,29200.0,61.0,52.0,20.0,0.0,0.0,0.0,0.0,0.0,0.0,0.0,0.0,BENIGN
443.0,200946.0,47.0,56.0,1325.0,100049.0,570.0,0.0,28.19148936,110.2697559,2896.0,0.0,1786.589286,867.873237,504483.7917,512.5755178,1970.058824,7689.718094,58772.0,1.0,200946.0,4368.391304,11135.47365,58883.0,1.0,177806.0,3232.836364,9923.359922,58772.0,1.0,0.0,0.0,0.0,0.0,1200.0,1800.0,233.8936829,278.6818349,0.0,2896.0,974.75,1088.131334,1184029.801,0.0,0.0,0.0,1.0,0.0,0.0,0.0,0.0,1.0,984.2135922,28.19148936,1786.589286,1200.0,0.0,0.0,0.0,0.0,0.0,0.0,47.0,1325.0,56.0,100049.0,29200.0,61.0,30.0,20.0,0.0,0.0,0.0,0.0,0.0,0.0,0.0,0.0,BENIGN
443.0,142298.0,45.0,55.0,1301.0,104393.0,570.0,0.0,28.91111111,112.7073488,4344.0,0.0,1898.054545,955.3575328,742765.1829,702.7505657,1437.353535,5230.061348,23124.0,1.0,142148.0,3230.636364,7649.805296,23812.0,1.0,119347.0,2210.12963,6376.940341,23925.0,2.0,0.0,0.0,0.0,0.0,1184.0,1768.0,316.2377546,386.5128111,0.0,4344.0,1046.475248,1172.263747,1374202.292,0.0,0.0,0.0,1.0,0.0,0.0,0.0,0.0,1.0,1056.94,28.91111111,1898.054545,1184.0,0.0,0.0,0.0,0.0,0.0,0.0,45.0,1301.0,55.0,104393.0,29200.0,61.0,26.0,20.0,0.0,0.0,0.0,0.0,0.0,0.0,0.0,0.0,BENIGN
443.0,196861.0,44.0,58.0,1319.0,105841.0,570.0,0.0,29.97727273,113.8247303,4344.0,0.0,1824.844828,917.6278304,544343.4708,518.132083,1949.118812,7331.503092,53463.0,1.0,196861.0,4578.162791,10916.58671,53544.0,1.0,173811.0,3049.315789,9233.245779,53504.0,1.0,0.0,0.0,0.0,0.0,1116.0,1864.0,223.5079574,294.6241257,0.0,4344.0,1040.38835,1130.019801,1276944.75,0.0,0.0,0.0,1.0,0.0,0.0,0.0,0.0,1.0,1050.588235,29.97727273,1824.844828,1116.0,0.0,0.0,0.0,0.0,0.0,0.0,44.0,1319.0,58.0,105841.0,29200.0,61.0,29.0,20.0,0.0,0.0,0.0,0.0,0.0,0.0,0.0,0.0,BENIGN
443.0,197144.0,45.0,56.0,1313.0,100049.0,570.0,0.0,29.17777778,112.6443092,4344.0,0.0,1786.589286,910.740214,514152.0919,512.3158706,1971.44,7503.869585,55285.0,1.0,197144.0,4480.545455,10950.83004,55361.0,48.0,174147.0,3166.309091,9570.501587,55285.0,1.0,0.0,0.0,0.0,0.0,1160.0,1800.0,228.2595463,284.0563243,0.0,4344.0,993.745098,1109.074725,1230046.746,0.0,0.0,0.0,1.0,0.0,0.0,0.0,0.0,1.0,1003.584158,29.17777778,1786.589286,1160.0,0.0,0.0,0.0,0.0,0.0,0.0,45.0,1313.0,56.0,100049.0,29200.0,61.0,28.0,20.0,0.0,0.0,0.0,0.0,0.0,0.0,0.0,0.0,BENIGN
443.0,142230.0,53.0,61.0,1343.0,110185.0,570.0,0.0,25.33962264,104.0306803,2896.0,0.0,1806.311475,816.6455278,784138.3674,801.5186669,1258.672566,4920.129921,23192.0,1.0,142230.0,2735.192308,7081.999776,23550.0,1.0,119255.0,1987.583333,6092.427526,24030.0,1.0,0.0,0.0,0.0,0.0,1356.0,1960.0,372.6358715,428.8827955,0.0,2896.0,969.8086957,1073.929478,1153324.524,0.0,0.0,0.0,1.0,0.0,0.0,0.0,0.0,1.0,978.3157895,25.33962264,1806.311475,1356.0,0.0,0.0,0.0,0.0,0.0,0.0,53.0,1343.0,61.0,110185.0,29200.0,61.0,33.0,20.0,0.0,0.0,0.0,0.0,0.0,0.0,0.0,0.0,BENIGN
443.0,143922.0,46.0,59.0,1313.0,110185.0,570.0,0.0,28.54347826,111.4687214,4344.0,0.0,1867.542373,928.8619348,774711.302,729.561846,1383.865385,5113.410947,23204.0,1.0,143819.0,3195.977778,7601.486037,23944.0,1.0,120741.0,2081.741379,6177.619366,24188.0,1.0,0.0,0.0,0.0,0.0,1192.0,1896.0,319.6175706,409.9442754,0.0,4344.0,1051.867925,1151.115824,1325067.64,0.0,0.0,0.0,1.0,0.0,0.0,0.0,0.0,1.0,1061.885714,28.54347826,1867.542373,1192.0,0.0,0.0,0.0,0.0,0.0,0.0,46.0,1313.0,59.0,110185.0,29200.0,61.0,28.0,20.0,0.0,0.0,0.0,0.0,0.0,0.0,0.0,0.0,BENIGN
443.0,142755.0,47.0,59.0,1331.0,108751.0,570.0,0.0,28.31914894,110.239878,4344.0,0.0,1843.237288,880.4438798,771125.3546,742.5309096,1359.571429,5101.981278,23296.0,0.0,142725.0,3102.717391,7520.361296,23830.0,1.0,119765.0,2064.913793,6191.082532,23819.0,1.0,0.0,0.0,0.0,0.0,1188.0,1896.0,329.2354033,413.2955063,0.0,4344.0,1028.803738,1119.123524,1252437.461,0.0,0.0,0.0,1.0,0.0,0.0,0.0,0.0,1.0,1038.509434,28.31914894,1843.237288,1188.0,0.0,0.0,0.0,0.0,0.0,0.0,47.0,1331.0,59.0,108751.0,29200.0,61.0,31.0,20.0,0.0,0.0,0.0,0.0,0.0,0.0,0.0,0.0,BENIGN
443.0,124970.0,31.0,50.0,1169.0,95705.0,570.0,0.0,37.70967742,135.6058488,4344.0,0.0,1914.1,1026.790884,775178.0427,648.1555573,1562.125,5472.574571,23276.0,2.0,124970.0,4165.666667,8558.264388,23797.0,48.0,100070.0,2042.244898,6257.994136,23889.0,2.0,0.0,0.0,0.0,0.0,1000.0,1608.0,248.0595343,400.096023,0.0,4344.0,1181.390244,1222.219038,1493819.377,0.0,0.0,0.0,1.0,0.0,0.0,0.0,0.0,1.0,1195.975309,37.70967742,1914.1,1000.0,0.0,0.0,0.0,0.0,0.0,0.0,31.0,1169.0,50.0,95705.0,29200.0,61.0,4.0,32.0,0.0,0.0,0.0,0.0,0.0,0.0,0.0,0.0,BENIGN
443.0,142117.0,47.0,54.0,1325.0,102959.0,570.0,0.0,28.19148936,110.2697559,4344.0,0.0,1906.648148,920.1505446,733789.7648,710.6820437,1421.17,5222.018688,23251.0,0.0,142117.0,3089.5,7491.459759,23615.0,2.0,119075.0,2246.698113,6480.936751,24374.0,2.0,0.0,0.0,0.0,0.0,1200.0,1736.0,330.7134263,379.9686174,0.0,4344.0,1022.392157,1156.805144,1338198.142,0.0,0.0,0.0,1.0,0.0,0.0,0.0,0.0,1.0,1032.514851,28.19148936,1906.648148,1200.0,0.0,0.0,0.0,0.0,0.0,0.0,47.0,1325.0,54.0,102959.0,29200.0,61.0,30.0,20.0,0.0,0.0,0.0,0.0,0.0,0.0,0.0,0.0,BENIGN
443.0,142224.0,45.0,54.0,1307.0,102959.0,570.0,0.0,29.04444444,112.6759141,4344.0,0.0,1906.648148,962.183938,733111.1486,696.0850489,1451.265306,5285.994782,23215.0,1.0,142188.0,3231.545455,7670.383131,23907.0,1.0,119220.0,2249.433962,6470.87376,23934.0,1.0,0.0,0.0,0.0,0.0,1172.0,1736.0,316.402295,379.682754,0.0,4344.0,1042.66,1177.467186,1386428.974,0.0,0.0,0.0,1.0,0.0,0.0,0.0,0.0,1.0,1053.191919,29.04444444,1906.648148,1172.0,0.0,0.0,0.0,0.0,0.0,0.0,45.0,1307.0,54.0,102959.0,29200.0,61.0,27.0,20.0,0.0,0.0,0.0,0.0,0.0,0.0,0.0,0.0,BENIGN
443.0,143176.0,48.0,57.0,1319.0,104393.0,570.0,0.0,27.47916667,109.1949242,2896.0,0.0,1831.45614,839.483346,738336.034,733.3631335,1376.692308,5140.149288,23249.0,1.0,143176.0,3046.297872,7453.930084,23771.0,48.0,119920.0,2141.428571,6321.378063,24133.0,1.0,0.0,0.0,0.0,0.0,1244.0,1832.0,335.2517182,398.1114153,0.0,2896.0,997.2830189,1094.697512,1198362.643,0.0,0.0,0.0,1.0,0.0,0.0,0.0,0.0,1.0,1006.780952,27.47916667,1831.45614,1244.0,0.0,0.0,0.0,0.0,0.0,0.0,48.0,1319.0,57.0,104393.0,29200.0,61.0,29.0,20.0,0.0,0.0,0.0,0.0,0.0,0.0,0.0,0.0,BENIGN
443.0,142472.0,47.0,65.0,1319.0,110185.0,570.0,0.0,28.06382979,110.2994746,4344.0,0.0,1695.153846,827.9840207,782637.992,786.1193778,1283.531532,4938.821871,23298.0,0.0,142471.0,3097.195652,7439.046174,23608.0,0.0,119322.0,1864.40625,5882.643021,23899.0,2.0,0.0,0.0,0.0,0.0,1212.0,2088.0,329.8893818,456.2299961,0.0,4344.0,986.7610619,1040.368472,1082366.558,0.0,0.0,0.0,1.0,0.0,0.0,0.0,0.0,1.0,995.5714286,28.06382979,1695.153846,1212.0,0.0,0.0,0.0,0.0,0.0,0.0,47.0,1319.0,65.0,110185.0,29200.0,61.0,29.0,20.0,0.0,0.0,0.0,0.0,0.0,0.0,0.0,0.0,BENIGN
443.0,185687.0,47.0,59.0,1325.0,105841.0,570.0,0.0,28.19148936,110.2697559,4344.0,0.0,1793.915254,940.1938958,577132.4864,570.8531023,1768.447619,6538.518192,43652.0,1.0,185687.0,4036.673913,9570.852234,43742.0,1.0,162498.0,2801.689655,8220.015641,43691.0,1.0,0.0,0.0,0.0,0.0,1200.0,1896.0,253.1141114,317.7389909,0.0,4344.0,1001.551402,1126.038969,1267963.759,0.0,0.0,0.0,1.0,0.0,0.0,0.0,0.0,1.0,1011.0,28.19148936,1793.915254,1200.0,0.0,0.0,0.0,0.0,0.0,0.0,47.0,1325.0,59.0,105841.0,29200.0,61.0,30.0,20.0,0.0,0.0,0.0,0.0,0.0,0.0,0.0,0.0,BENIGN
443.0,142746.0,42.0,56.0,1319.0,108751.0,570.0,0.0,31.4047619,116.3707405,4344.0,0.0,1941.982143,1075.138697,771089.9079,686.5341235,1471.608247,5294.106612,23388.0,1.0,142728.0,3481.170732,7878.508647,23911.0,42.0,119798.0,2178.145455,6350.468301,24220.0,2.0,0.0,0.0,0.0,0.0,1052.0,1800.0,294.2289101,392.3052135,0.0,4344.0,1111.818182,1249.437019,1561092.865,0.0,0.0,0.0,1.0,0.0,0.0,0.0,0.0,1.0,1123.163265,31.4047619,1941.982143,1052.0,0.0,0.0,0.0,0.0,0.0,0.0,42.0,1319.0,56.0,108751.0,29200.0,61.0,29.0,20.0,0.0,0.0,0.0,0.0,0.0,0.0,0.0,0.0,BENIGN
443.0,185922.0,46.0,58.0,1319.0,105841.0,570.0,0.0,28.67391304,111.4380853,4344.0,0.0,1824.844828,917.6278304,576370.7361,559.3743613,1805.067961,6613.593843,43617.0,1.0,185922.0,4131.6,9671.015542,43813.0,1.0,162870.0,2857.368421,8310.38286,43617.0,1.0,0.0,0.0,0.0,0.0,1180.0,1864.0,247.4155829,311.9587784,0.0,4344.0,1020.571429,1128.18756,1272807.17,0.0,0.0,0.0,1.0,0.0,0.0,0.0,0.0,1.0,1030.384615,28.67391304,1824.844828,1180.0,0.0,0.0,0.0,0.0,0.0,0.0,46.0,1319.0,58.0,105841.0,29200.0,61.0,29.0,20.0,0.0,0.0,0.0,0.0,0.0,0.0,0.0,0.0,BENIGN
443.0,143435.0,49.0,58.0,1325.0,108751.0,570.0,0.0,27.04081633,108.0950506,2896.0,0.0,1875.017241,894.59136,767427.7547,745.9825008,1353.160377,5106.702298,23560.0,2.0,143297.0,2985.354167,7399.771743,24185.0,2.0,120520.0,2114.385965,6301.928689,24417.0,2.0,0.0,0.0,0.0,0.0,1264.0,1864.0,341.6181546,404.3643462,0.0,2896.0,1019.222222,1135.376436,1289079.651,0.0,0.0,0.0,1.0,0.0,0.0,0.0,0.0,1.0,1028.747664,27.04081633,1875.017241,1264.0,0.0,0.0,0.0,0.0,0.0,0.0,49.0,1325.0,58.0,108751.0,29200.0,61.0,30.0,20.0,0.0,0.0,0.0,0.0,0.0,0.0,0.0,0.0,BENIGN
443.0,186578.0,48.0,62.0,1331.0,100049.0,570.0,0.0,27.72916667,109.1373797,2896.0,0.0,1613.693548,741.7725246,543365.2413,589.565758,1711.724771,6486.613146,44436.0,0.0,186578.0,3969.744681,9553.696238,44627.0,0.0,163447.0,2679.459016,8129.75274,44439.0,2.0,0.0,0.0,0.0,0.0,1220.0,1992.0,257.265058,332.3007,0.0,2896.0,913.3333333,967.7303844,936502.097,0.0,0.0,0.0,1.0,0.0,0.0,0.0,0.0,1.0,921.6363636,27.72916667,1613.693548,1220.0,0.0,0.0,0.0,0.0,0.0,0.0,48.0,1331.0,62.0,100049.0,29200.0,61.0,31.0,20.0,0.0,0.0,0.0,0.0,0.0,0.0,0.0,0.0,BENIGN
443.0,190175.0,49.0,60.0,1337.0,105841.0,570.0,0.0,27.28571429,108.0391519,4344.0,0.0,1764.016667,883.4411243,563575.654,573.1563034,1760.87963,6638.064806,46513.0,1.0,190175.0,3961.979167,9734.339035,46562.0,48.0,167184.0,2833.627119,8428.207536,46599.0,1.0,0.0,0.0,0.0,0.0,1240.0,1928.0,257.6574208,315.4988826,0.0,4344.0,974.3454545,1087.549534,1182763.99,0.0,0.0,0.0,1.0,0.0,0.0,0.0,0.0,1.0,983.2844037,27.28571429,1764.016667,1240.0,0.0,0.0,0.0,0.0,0.0,0.0,49.0,1337.0,60.0,105841.0,29200.0,61.0,32.0,20.0,0.0,0.0,0.0,0.0,0.0,0.0,0.0,0.0,BENIGN
443.0,142210.0,44.0,56.0,1313.0,110185.0,570.0,0.0,29.84090909,113.8577127,4344.0,0.0,1967.589286,1007.169423,784037.6907,703.18543,1436.464646,5250.386241,23269.0,1.0,142107.0,3304.813953,7712.800169,23901.0,1.0,119240.0,2168.0,6345.893166,24012.0,1.0,0.0,0.0,0.0,0.0,1128.0,1800.0,309.4015892,393.7838408,0.0,4344.0,1103.940594,1225.151973,1500997.356,0.0,0.0,0.0,1.0,0.0,0.0,0.0,0.0,1.0,1114.98,29.84090909,1967.589286,1128.0,0.0,0.0,0.0,0.0,0.0,0.0,44.0,1313.0,56.0,110185.0,29200.0,61.0,28.0,20.0,0.0,0.0,0.0,0.0,0.0,0.0,0.0,0.0,BENIGN
443.0,142963.0,50.0,61.0,1337.0,110185.0,570.0,0.0,26.74,107.0006313,2896.0,0.0,1806.311475,816.6455278,780075.9637,776.4246693,1299.663636,4983.149833,23187.0,1.0,142932.0,2916.979592,7305.905809,23882.0,1.0,119994.0,1999.9,6088.863599,24013.0,1.0,0.0,0.0,0.0,0.0,1272.0,1960.0,349.740842,426.6838273,0.0,2896.0,995.7321429,1076.3374,1158502.198,0.0,0.0,0.0,1.0,0.0,0.0,0.0,0.0,1.0,1004.702703,26.74,1806.311475,1272.0,0.0,0.0,0.0,0.0,0.0,0.0,50.0,1337.0,61.0,110185.0,29200.0,61.0,32.0,20.0,0.0,0.0,0.0,0.0,0.0,0.0,0.0,0.0,BENIGN
443.0,142878.0,48.0,61.0,1331.0,110185.0,570.0,0.0,27.72916667,109.1373797,4344.0,0.0,1806.311475,898.1593315,780498.0473,762.8886183,1322.944444,5031.61888,23325.0,1.0,142795.0,3038.191489,7432.811943,23995.0,1.0,119942.0,1999.033333,6106.43445,24109.0,1.0,0.0,0.0,0.0,0.0,1220.0,1960.0,335.9509512,426.9376671,0.0,4344.0,1013.781818,1112.785045,1238290.557,0.0,0.0,0.0,1.0,0.0,0.0,0.0,0.0,1.0,1023.082569,27.72916667,1806.311475,1220.0,0.0,0.0,0.0,0.0,0.0,0.0,48.0,1331.0,61.0,110185.0,29200.0,61.0,31.0,20.0,0.0,0.0,0.0,0.0,0.0,0.0,0.0,0.0,BENIGN
443.0,190109.0,47.0,54.0,1331.0,107303.0,570.0,0.0,28.31914894,110.239878,4344.0,0.0,1987.092593,1095.823844,571430.0743,531.2741638,1901.09,6957.245624,47108.0,2.0,190109.0,4132.804348,9928.306139,47163.0,2.0,166964.0,3150.264151,8963.412211,47144.0,2.0,0.0,0.0,0.0,0.0,1188.0,1736.0,247.2265911,284.0475727,0.0,4344.0,1065.039216,1265.545841,1601606.276,0.0,0.0,0.0,1.0,0.0,0.0,0.0,0.0,1.0,1075.584158,28.31914894,1987.092593,1188.0,0.0,0.0,0.0,0.0,0.0,0.0,47.0,1331.0,54.0,107303.0,29200.0,61.0,31.0,20.0,0.0,0.0,0.0,0.0,0.0,0.0,0.0,0.0,BENIGN
443.0,143397.0,49.0,59.0,1319.0,113081.0,570.0,0.0,26.91836735,108.1227768,4344.0,0.0,1916.627119,904.6752303,797785.1698,753.1538317,1340.158879,5055.910384,23253.0,1.0,143273.0,2984.854167,7375.761154,23604.0,1.0,120273.0,2073.672414,6194.571561,24207.0,2.0,0.0,0.0,0.0,0.0,1276.0,1896.0,341.7086829,411.4451488,0.0,4344.0,1049.541284,1157.634086,1340116.677,0.0,0.0,0.0,1.0,0.0,0.0,0.0,0.0,1.0,1059.259259,26.91836735,1916.627119,1276.0,0.0,0.0,0.0,0.0,0.0,0.0,49.0,1319.0,59.0,113081.0,29200.0,61.0,29.0,20.0,0.0,0.0,0.0,0.0,0.0,0.0,0.0,0.0,BENIGN
443.0,250001.0,19.0,27.0,1169.0,46473.0,570.0,0.0,61.52631579,170.5915748,4344.0,0.0,1721.222222,1200.061419,190567.2377,183.999264,5555.577778,14812.28285,68127.0,2.0,250001.0,13888.94444,30680.17694,129542.0,3.0,226673.0,8718.192308,21705.94577,91145.0,3.0,0.0,0.0,0.0,0.0,616.0,872.0,75.999696,107.999568,0.0,4344.0,1013.659574,1231.269887,1516025.534,0.0,0.0,0.0,1.0,0.0,0.0,0.0,0.0,1.0,1035.695652,61.52631579,1721.222222,616.0,0.0,0.0,0.0,0.0,0.0,0.0,19.0,1169.0,27.0,46473.0,29200.0,61.0,4.0,32.0,0.0,0.0,0.0,0.0,0.0,0.0,0.0,0.0,BENIGN
443.0,188539.0,45.0,59.0,1319.0,104407.0,570.0,0.0,29.31111111,112.6125341,4344.0,0.0,1769.610169,929.3130948,560764.6163,551.6100117,1830.475728,6665.317717,44329.0,0.0,188539.0,4284.977273,9917.489596,44375.0,49.0,165289.0,2849.810345,8309.680188,44415.0,0.0,0.0,0.0,0.0,0.0,1148.0,1896.0,238.6774089,312.9326028,0.0,4344.0,1006.914286,1113.679989,1240283.118,0.0,0.0,0.0,1.0,0.0,0.0,0.0,0.0,1.0,1016.596154,29.31111111,1769.610169,1148.0,0.0,0.0,0.0,0.0,0.0,0.0,45.0,1319.0,59.0,104407.0,29200.0,61.0,29.0,20.0,0.0,0.0,0.0,0.0,0.0,0.0,0.0,0.0,BENIGN
443.0,142469.0,48.0,59.0,1325.0,110185.0,570.0,0.0,27.60416667,109.1662288,4344.0,0.0,1867.542373,889.0918715,782696.5866,751.0405772,1344.04717,5070.290861,23279.0,0.0,142418.0,3030.170213,7396.589559,23559.0,0.0,119259.0,2056.189655,6171.028191,23978.0,1.0,0.0,0.0,0.0,0.0,1232.0,1896.0,336.9153991,414.1251781,0.0,4344.0,1032.5,1131.890574,1281176.271,0.0,0.0,0.0,1.0,0.0,0.0,0.0,0.0,1.0,1042.149533,27.60416667,1867.542373,1232.0,0.0,0.0,0.0,0.0,0.0,0.0,48.0,1325.0,59.0,110185.0,29200.0,61.0,30.0,20.0,0.0,0.0,0.0,0.0,0.0,0.0,0.0,0.0,BENIGN
443.0,23598.0,26.0,30.0,156.0,56486.0,6.0,6.0,6.0,0.0,2896.0,0.0,1882.866667,774.3889575,2400288.16,2373.082465,429.0545455,2520.110465,18773.0,1.0,23598.0,943.92,3735.465566,18869.0,1.0,23529.0,811.3448276,3455.2422,18773.0,1.0,0.0,0.0,0.0,0.0,520.0,960.0,1101.788287,1271.294177,0.0,2896.0,993.8245614,1097.47335,1204447.754,1.0,0.0,0.0,0.0,0.0,0.0,0.0,0.0,1.0,1011.571429,6.0,1882.866667,520.0,0.0,0.0,0.0,0.0,0.0,0.0,26.0,156.0,30.0,56486.0,0.0,61.0,25.0,20.0,0.0,0.0,0.0,0.0,0.0,0.0,0.0,0.0,BENIGN
443.0,142921.0,49.0,58.0,1325.0,104393.0,570.0,0.0,27.04081633,108.0950506,4344.0,0.0,1799.87931,947.2788744,739695.3562,748.6653466,1348.311321,5103.347085,23389.0,1.0,142889.0,2976.854167,7398.435677,23792.0,1.0,119565.0,2097.631579,6274.38321,24024.0,1.0,0.0,0.0,0.0,0.0,1264.0,1864.0,342.8467475,405.8185991,0.0,4344.0,978.8703704,1128.043108,1272481.254,0.0,0.0,0.0,1.0,0.0,0.0,0.0,0.0,1.0,988.0186916,27.04081633,1799.87931,1264.0,0.0,0.0,0.0,0.0,0.0,0.0,49.0,1325.0,58.0,104393.0,29200.0,61.0,30.0,20.0,0.0,0.0,0.0,0.0,0.0,0.0,0.0,0.0,BENIGN
443.0,142553.0,44.0,55.0,1319.0,105855.0,570.0,0.0,29.97727273,113.8247303,4344.0,0.0,1924.636364,962.5228302,751818.6218,694.4785448,1454.622449,5282.694366,23225.0,1.0,142553.0,3315.186047,7757.558576,24025.0,39.0,119493.0,2212.833333,6419.225574,23966.0,2.0,0.0,0.0,0.0,0.0,1116.0,1768.0,308.657131,385.8214138,0.0,4344.0,1071.74,1187.028721,1409037.184,0.0,0.0,0.0,1.0,0.0,0.0,0.0,0.0,1.0,1082.565657,29.97727273,1924.636364,1116.0,0.0,0.0,0.0,0.0,0.0,0.0,44.0,1319.0,55.0,105855.0,29200.0,61.0,29.0,20.0,0.0,0.0,0.0,0.0,0.0,0.0,0.0,0.0,BENIGN
443.0,142823.0,48.0,53.0,1319.0,104393.0,570.0,0.0,27.47916667,109.1949242,2896.0,0.0,1969.679245,896.6724334,740160.8985,707.1690134,1428.23,5268.242589,23281.0,0.0,142720.0,3036.595745,7462.277597,23598.0,48.0,119552.0,2299.076923,6558.600083,24006.0,2.0,0.0,0.0,0.0,0.0,1244.0,1704.0,336.0803232,371.0886902,0.0,2896.0,1036.392157,1170.881889,1370964.399,0.0,0.0,0.0,1.0,0.0,0.0,0.0,0.0,1.0,1046.653465,27.47916667,1969.679245,1244.0,0.0,0.0,0.0,0.0,0.0,0.0,48.0,1319.0,53.0,104393.0,29200.0,61.0,29.0,20.0,0.0,0.0,0.0,0.0,0.0,0.0,0.0,0.0,BENIGN
443.0,143432.0,49.0,61.0,1331.0,110185.0,570.0,0.0,27.16326531,108.0671757,2896.0,0.0,1806.311475,816.6455278,777483.4068,766.9139383,1315.889908,5041.479272,23608.0,1.0,143432.0,2988.166667,7400.875855,23813.0,1.0,119789.0,1996.483333,6093.536104,23916.0,2.0,0.0,0.0,0.0,0.0,1252.0,1960.0,341.6252998,425.2886385,0.0,2896.0,1004.648649,1077.055537,1160048.63,0.0,0.0,0.0,1.0,0.0,0.0,0.0,0.0,1.0,1013.781818,27.16326531,1806.311475,1252.0,0.0,0.0,0.0,0.0,0.0,0.0,49.0,1331.0,61.0,110185.0,29200.0,61.0,31.0,20.0,0.0,0.0,0.0,0.0,0.0,0.0,0.0,0.0,BENIGN
443.0,153205.0,69.0,116.0,1415.0,215903.0,570.0,0.0,20.50724638,91.41125931,4344.0,0.0,1861.232759,803.0679256,1418478.509,1207.532391,832.6358696,3787.226689,23492.0,0.0,153204.0,2253.0,6087.197333,23625.0,3.0,129713.0,1127.93913,4487.542275,24182.0,1.0,0.0,0.0,0.0,0.0,1724.0,3720.0,450.3769459,757.1554453,0.0,4344.0,1168.376344,1097.169167,1203780.182,0.0,0.0,0.0,1.0,0.0,0.0,0.0,0.0,1.0,1174.691892,20.50724638,1861.232759,1724.0,0.0,0.0,0.0,0.0,0.0,0.0,69.0,1415.0,116.0,215903.0,29200.0,61.0,45.0,20.0,0.0,0.0,0.0,0.0,0.0,0.0,0.0,0.0,BENIGN
443.0,118987.0,22.0,27.0,1169.0,43577.0,570.0,0.0,53.13636364,159.4088172,2896.0,0.0,1613.962963,918.6545547,376057.8887,411.8096935,2478.895833,6984.071833,23695.0,2.0,118987.0,5666.047619,9947.123521,23840.0,49.0,95708.0,3681.076923,8368.694617,24085.0,2.0,0.0,0.0,0.0,0.0,712.0,872.0,184.8941481,226.9155454,0.0,2896.0,894.92,1038.301259,1078069.504,0.0,0.0,0.0,1.0,0.0,0.0,0.0,0.0,1.0,913.1836735,53.13636364,1613.962963,712.0,0.0,0.0,0.0,0.0,0.0,0.0,22.0,1169.0,27.0,43577.0,29200.0,61.0,4.0,32.0,0.0,0.0,0.0,0.0,0.0,0.0,0.0,0.0,BENIGN
443.0,143445.0,48.0,59.0,1331.0,105855.0,570.0,0.0,27.72916667,109.1373797,2896.0,0.0,1794.152542,859.3611463,747227.1602,745.930496,1353.254717,5057.603266,23198.0,1.0,143371.0,3050.446809,7466.685828,23944.0,1.0,120247.0,2073.224138,6158.825426,23969.0,2.0,0.0,0.0,0.0,0.0,1220.0,1896.0,334.6230262,411.3074698,0.0,2896.0,992.462963,1089.335289,1186651.372,0.0,0.0,0.0,1.0,0.0,0.0,0.0,0.0,1.0,1001.738318,27.72916667,1794.152542,1220.0,0.0,0.0,0.0,0.0,0.0,0.0,48.0,1331.0,59.0,105855.0,29200.0,61.0,31.0,20.0,0.0,0.0,0.0,0.0,0.0,0.0,0.0,0.0,BENIGN
443.0,24781.0,25.0,29.0,150.0,55024.0,6.0,6.0,6.0,0.0,4344.0,0.0,1897.37931,874.2515335,2226463.823,2179.088818,467.5660377,2600.032163,19016.0,-1.0,23753.0,989.7083333,3860.986836,19113.0,48.0,24670.0,881.0714286,3557.213276,19016.0,2.0,0.0,0.0,0.0,0.0,500.0,928.0,1008.837416,1170.251402,0.0,4344.0,1003.272727,1142.143752,1304492.35,1.0,0.0,0.0,0.0,0.0,0.0,0.0,0.0,1.0,1021.851852,6.0,1897.37931,500.0,0.0,0.0,0.0,0.0,0.0,0.0,25.0,150.0,29.0,55024.0,0.0,61.0,24.0,20.0,0.0,0.0,0.0,0.0,0.0,0.0,0.0,0.0,BENIGN
443.0,142625.0,45.0,55.0,1319.0,108751.0,570.0,0.0,29.31111111,112.6125341,4344.0,0.0,1977.290909,1013.811668,771744.0841,701.1393514,1440.656566,5284.320834,23333.0,2.0,142625.0,3241.477273,7693.756032,23891.0,2.0,119378.0,2210.703704,6427.637988,24004.0,2.0,0.0,0.0,0.0,0.0,1148.0,1768.0,315.5127082,385.6266433,0.0,4344.0,1089.80198,1229.538418,1511764.72,0.0,0.0,0.0,1.0,0.0,0.0,0.0,0.0,1.0,1100.7,29.31111111,1977.290909,1148.0,0.0,0.0,0.0,0.0,0.0,0.0,45.0,1319.0,55.0,108751.0,29200.0,61.0,29.0,20.0,0.0,0.0,0.0,0.0,0.0,0.0,0.0,0.0,BENIGN
443.0,144147.0,47.0,58.0,1313.0,110185.0,570.0,0.0,27.93617021,110.3290344,4344.0,0.0,1899.741379,942.9987732,773502.05,728.4230681,1386.028846,5190.639999,24295.0,1.0,144104.0,3132.695652,7608.545853,24380.0,1.0,119852.0,2102.666667,6255.848759,23906.0,2.0,0.0,0.0,0.0,0.0,1224.0,1864.0,326.05604,402.3670281,0.0,4344.0,1051.867925,1168.334224,1365004.859,0.0,0.0,0.0,1.0,0.0,0.0,0.0,0.0,1.0,1061.885714,27.93617021,1899.741379,1224.0,0.0,0.0,0.0,0.0,0.0,0.0,47.0,1313.0,58.0,110185.0,29200.0,61.0,28.0,20.0,0.0,0.0,0.0,0.0,0.0,0.0,0.0,0.0,BENIGN
443.0,312417.0,24.0,31.0,1169.0,47921.0,570.0,0.0,48.70833333,153.057386,2896.0,0.0,1545.83871,903.4327164,157129.7337,176.046758,5785.5,19878.41579,125360.0,1.0,312417.0,13583.34783,39976.50546,191587.0,48.0,289051.0,9635.033333,29693.87482,149393.0,1.0,0.0,0.0,0.0,0.0,776.0,1000.0,76.8204035,99.22635452,0.0,2896.0,876.6071429,1010.193171,1020490.243,0.0,0.0,0.0,1.0,0.0,0.0,0.0,0.0,1.0,892.5454545,48.70833333,1545.83871,776.0,0.0,0.0,0.0,0.0,0.0,0.0,24.0,1169.0,31.0,47921.0,29200.0,61.0,4.0,32.0,0.0,0.0,0.0,0.0,0.0,0.0,0.0,0.0,BENIGN
443.0,197560.0,44.0,56.0,1313.0,105841.0,570.0,0.0,29.84090909,113.8577127,4344.0,0.0,1890.017857,948.5411285,542387.1229,506.1753391,1995.555556,7123.994517,48994.0,1.0,197560.0,4594.418605,10434.86853,49052.0,48.0,174307.0,3169.218182,9226.024194,49079.0,1.0,0.0,0.0,0.0,0.0,1128.0,1800.0,222.7171492,283.4581899,0.0,4344.0,1060.930693,1168.076164,1364401.925,0.0,0.0,0.0,1.0,0.0,0.0,0.0,0.0,1.0,1071.54,29.84090909,1890.017857,1128.0,0.0,0.0,0.0,0.0,0.0,0.0,44.0,1313.0,56.0,105841.0,29200.0,61.0,28.0,20.0,0.0,0.0,0.0,0.0,0.0,0.0,0.0,0.0,BENIGN
443.0,207397.0,48.0,55.0,1337.0,105841.0,570.0,0.0,27.85416667,109.1083766,4344.0,0.0,1924.381818,962.649286,516777.0026,496.6320631,2033.303922,7326.844461,52725.0,1.0,207397.0,4412.702128,10446.68649,52752.0,1.0,184241.0,3411.87037,10000.95063,52758.0,2.0,0.0,0.0,0.0,0.0,1208.0,1768.0,231.4401848,265.1918784,0.0,4344.0,1030.557692,1181.835004,1396733.977,0.0,0.0,0.0,1.0,0.0,0.0,0.0,0.0,1.0,1040.563107,27.85416667,1924.381818,1208.0,0.0,0.0,0.0,0.0,0.0,0.0,48.0,1337.0,55.0,105841.0,29200.0,61.0,32.0,20.0,0.0,0.0,0.0,0.0,0.0,0.0,0.0,0.0,BENIGN
443.0,144045.0,48.0,58.0,1325.0,107289.0,570.0,0.0,27.60416667,109.1662288,4344.0,0.0,1849.810345,926.8465581,754028.2551,735.8811483,1371.857143,5123.402956,23514.0,0.0,144026.0,3064.382979,7530.556699,24726.0,2.0,120900.0,2121.052632,6264.21511,24003.0,2.0,0.0,0.0,0.0,0.0,1232.0,1864.0,333.2291992,402.651949,0.0,4344.0,1015.084112,1140.06861,1299756.436,0.0,0.0,0.0,1.0,0.0,0.0,0.0,0.0,1.0,1024.660377,27.60416667,1849.810345,1232.0,0.0,0.0,0.0,0.0,0.0,0.0,48.0,1325.0,58.0,107289.0,29200.0,61.0,30.0,20.0,0.0,0.0,0.0,0.0,0.0,0.0,0.0,0.0,BENIGN
443.0,201971.0,47.0,57.0,1325.0,100049.0,570.0,0.0,28.19148936,110.2697559,4344.0,0.0,1755.245614,892.0494117,501923.5435,514.9254101,1960.883495,7720.190113,59678.0,1.0,201971.0,4390.673913,11232.98406,59738.0,39.0,178753.0,3192.017857,9930.88894,59678.0,1.0,0.0,0.0,0.0,0.0,1200.0,1832.0,232.7066757,282.2187344,0.0,4344.0,965.4666667,1087.057417,1181693.828,0.0,0.0,0.0,1.0,0.0,0.0,0.0,0.0,1.0,974.75,28.19148936,1755.245614,1200.0,0.0,0.0,0.0,0.0,0.0,0.0,47.0,1325.0,57.0,100049.0,29200.0,61.0,30.0,20.0,0.0,0.0,0.0,0.0,0.0,0.0,0.0,0.0,BENIGN
443.0,188080.0,43.0,56.0,1313.0,104407.0,570.0,0.0,30.53488372,115.1109917,4344.0,0.0,1864.410714,1017.715048,562101.2335,526.3717567,1919.183673,6947.385156,46253.0,1.0,188080.0,4478.095238,10200.33154,46299.0,47.0,164817.0,2996.672727,8678.990674,46339.0,1.0,0.0,0.0,0.0,0.0,1096.0,1800.0,228.6261165,297.7456402,0.0,4344.0,1057.2,1191.098619,1418715.919,0.0,0.0,0.0,1.0,0.0,0.0,0.0,0.0,1.0,1067.878788,30.53488372,1864.410714,1096.0,0.0,0.0,0.0,0.0,0.0,0.0,43.0,1313.0,56.0,104407.0,29200.0,61.0,28.0,20.0,0.0,0.0,0.0,0.0,0.0,0.0,0.0,0.0,BENIGN
443.0,142377.0,46.0,62.0,1325.0,105855.0,570.0,0.0,28.80434783,111.4072847,4344.0,0.0,1707.33871,846.172655,752790.1276,758.5494848,1330.626168,5048.982697,23198.0,0.0,142377.0,3163.933333,7552.916858,23792.0,0.0,119204.0,1954.163934,6058.842404,23865.0,4.0,0.0,0.0,0.0,0.0,1168.0,1992.0,323.0858917,435.4635931,0.0,4344.0,983.3027523,1052.39205,1107529.028,0.0,0.0,0.0,1.0,0.0,0.0,0.0,0.0,1.0,992.4074074,28.80434783,1707.33871,1168.0,0.0,0.0,0.0,0.0,0.0,0.0,46.0,1325.0,62.0,105855.0,29200.0,61.0,30.0,20.0,0.0,0.0,0.0,0.0,0.0,0.0,0.0,0.0,BENIGN
443.0,196656.0,44.0,58.0,1313.0,101511.0,570.0,0.0,29.84090909,113.8577127,4344.0,0.0,1750.189655,885.0278112,522862.2569,518.6721992,1947.089109,7362.870923,53182.0,0.0,196656.0,4573.395349,10870.99373,53207.0,0.0,173560.0,3044.912281,9272.282047,53184.0,1.0,0.0,0.0,0.0,0.0,1128.0,1864.0,223.7409487,294.9312505,0.0,4344.0,998.2912621,1085.819683,1179004.385,0.0,0.0,0.0,1.0,0.0,0.0,0.0,0.0,1.0,1008.078431,29.84090909,1750.189655,1128.0,0.0,0.0,0.0,0.0,0.0,0.0,44.0,1313.0,58.0,101511.0,29200.0,61.0,28.0,20.0,0.0,0.0,0.0,0.0,0.0,0.0,0.0,0.0,BENIGN
443.0,141942.0,47.0,56.0,1319.0,104393.0,570.0,0.0,28.06382979,110.2994746,4344.0,0.0,1864.160714,898.8648958,744754.8999,725.6485043,1391.588235,5166.788118,23223.0,2.0,141790.0,3082.391304,7486.682373,23842.0,48.0,118886.0,2161.563636,6328.605255,23901.0,2.0,0.0,0.0,0.0,0.0,1212.0,1800.0,331.1211622,394.5273422,0.0,4344.0,1016.461538,1132.860859,1283373.727,0.0,0.0,0.0,1.0,0.0,0.0,0.0,0.0,1.0,1026.330097,28.06382979,1864.160714,1212.0,0.0,0.0,0.0,0.0,0.0,0.0,47.0,1319.0,56.0,104393.0,29200.0,61.0,29.0,20.0,0.0,0.0,0.0,0.0,0.0,0.0,0.0,0.0,BENIGN
443.0,142878.0,50.0,61.0,1331.0,110185.0,570.0,0.0,26.62,107.0277267,2896.0,0.0,1806.311475,816.6455278,780498.0473,776.8865746,1298.890909,4990.23686,23311.0,1.0,142878.0,2915.877551,7308.861969,23826.0,1.0,119587.0,1993.116667,6086.842108,23944.0,1.0,0.0,0.0,0.0,0.0,1284.0,1960.0,349.9489075,426.9376671,0.0,2896.0,995.6785714,1076.387253,1158609.517,0.0,0.0,0.0,1.0,0.0,0.0,0.0,0.0,1.0,1004.648649,26.62,1806.311475,1284.0,0.0,0.0,0.0,0.0,0.0,0.0,50.0,1331.0,61.0,110185.0,29200.0,61.0,31.0,20.0,0.0,0.0,0.0,0.0,0.0,0.0,0.0,0.0,BENIGN
443.0,125846.0,30.0,53.0,1169.0,98601.0,570.0,0.0,38.96666667,137.7402561,4344.0,0.0,1860.396226,909.6266423,792794.3677,659.5362586,1534.707317,5406.861392,23659.0,1.0,125846.0,4339.517241,8678.145587,24085.0,19.0,100568.0,1934.0,6083.12872,24112.0,1.0,0.0,0.0,0.0,0.0,968.0,1704.0,238.3865995,421.1496591,0.0,4344.0,1187.738095,1143.646263,1307926.774,0.0,0.0,0.0,1.0,0.0,0.0,0.0,0.0,1.0,1202.048193,38.96666667,1860.396226,968.0,0.0,0.0,0.0,0.0,0.0,0.0,30.0,1169.0,53.0,98601.0,29200.0,61.0,4.0,32.0,0.0,0.0,0.0,0.0,0.0,0.0,0.0,0.0,BENIGN
443.0,119881.0,20.0,26.0,1169.0,46473.0,570.0,0.0,58.45,166.6106318,4344.0,0.0,1787.423077,1172.472266,397410.7657,383.7138496,2664.022222,7118.845816,23100.0,1.0,119881.0,6309.526316,10350.24573,24877.0,1.0,96814.0,3872.56,8415.23284,23854.0,16.0,0.0,0.0,0.0,0.0,648.0,840.0,166.8321085,216.8817411,0.0,4344.0,1013.659574,1231.269887,1516025.534,0.0,0.0,0.0,1.0,0.0,0.0,0.0,0.0,1.0,1035.695652,58.45,1787.423077,648.0,0.0,0.0,0.0,0.0,0.0,0.0,20.0,1169.0,26.0,46473.0,29200.0,61.0,4.0,32.0,0.0,0.0,0.0,0.0,0.0,0.0,0.0,0.0,BENIGN
443.0,23547.0,25.0,28.0,150.0,56486.0,6.0,6.0,6.0,0.0,4344.0,0.0,2017.357143,910.3126127,2405232.089,2250.817514,452.8269231,2595.448019,18802.0,0.0,23547.0,981.125,3806.467486,18848.0,2.0,23396.0,866.5185185,3594.791835,18849.0,1.0,0.0,0.0,0.0,0.0,500.0,896.0,1061.706374,1189.111139,0.0,4344.0,1048.925926,1204.662121,1451210.825,1.0,0.0,0.0,0.0,0.0,0.0,0.0,0.0,1.0,1068.716981,6.0,2017.357143,500.0,0.0,0.0,0.0,0.0,0.0,0.0,25.0,150.0,28.0,56486.0,0.0,61.0,24.0,20.0,0.0,0.0,0.0,0.0,0.0,0.0,0.0,0.0,BENIGN
443.0,142554.0,47.0,57.0,1313.0,104393.0,570.0,0.0,27.93617021,110.3290344,2896.0,0.0,1831.45614,839.483346,741515.4959,729.5481011,1384.019417,5173.533889,23364.0,1.0,142554.0,3099.0,7529.948614,23777.0,48.0,119512.0,2134.142857,6319.071173,23820.0,1.0,0.0,0.0,0.0,0.0,1224.0,1832.0,329.6996226,399.8484785,0.0,2896.0,1006.72381,1095.603438,1200346.894,0.0,0.0,0.0,1.0,0.0,0.0,0.0,0.0,1.0,1016.403846,27.93617021,1831.45614,1224.0,0.0,0.0,0.0,0.0,0.0,0.0,47.0,1313.0,57.0,104393.0,29200.0,61.0,28.0,20.0,0.0,0.0,0.0,0.0,0.0,0.0,0.0,0.0,BENIGN
443.0,142702.0,44.0,53.0,1307.0,101497.0,570.0,0.0,29.70454545,113.8905185,4344.0,0.0,1915.037736,969.3956079,720410.3657,679.7381957,1486.479167,5326.066832,23253.0,1.0,142694.0,3318.465116,7755.095742,23868.0,1.0,119585.0,2299.711538,6516.90118,24202.0,2.0,0.0,0.0,0.0,0.0,1140.0,1704.0,308.3348516,371.403344,0.0,4344.0,1049.020408,1184.041297,1401953.793,0.0,0.0,0.0,1.0,0.0,0.0,0.0,0.0,1.0,1059.835052,29.70454545,1915.037736,1140.0,0.0,0.0,0.0,0.0,0.0,0.0,44.0,1307.0,53.0,101497.0,29200.0,61.0,27.0,20.0,0.0,0.0,0.0,0.0,0.0,0.0,0.0,0.0,BENIGN
443.0,142790.0,45.0,57.0,1325.0,108751.0,570.0,0.0,29.44444444,112.5805884,4344.0,0.0,1907.912281,988.3308852,770894.3203,714.3357378,1413.762376,5229.24024,23301.0,1.0,142743.0,3244.159091,7691.233318,23918.0,1.0,119803.0,2139.339286,6331.41836,23979.0,1.0,0.0,0.0,0.0,0.0,1136.0,1832.0,315.1481196,399.1876182,0.0,4344.0,1068.699029,1192.898208,1423006.134,0.0,0.0,0.0,1.0,0.0,0.0,0.0,0.0,1.0,1079.176471,29.44444444,1907.912281,1136.0,0.0,0.0,0.0,0.0,0.0,0.0,45.0,1325.0,57.0,108751.0,29200.0,61.0,30.0,20.0,0.0,0.0,0.0,0.0,0.0,0.0,0.0,0.0,BENIGN
443.0,142342.0,41.0,50.0,1301.0,102959.0,570.0,0.0,31.73170732,117.8197828,4344.0,0.0,2059.18,1053.375017,732461.2553,639.305335,1581.577778,5525.250715,23501.0,3.0,142342.0,3558.55,7975.755011,23641.0,22.0,118800.0,2424.489796,6709.049175,24105.0,3.0,0.0,0.0,0.0,0.0,1056.0,1608.0,288.0386674,351.2666676,0.0,4344.0,1133.26087,1278.839729,1635431.052,0.0,0.0,0.0,1.0,0.0,0.0,0.0,0.0,1.0,1145.714286,31.73170732,2059.18,1056.0,0.0,0.0,0.0,0.0,0.0,0.0,41.0,1301.0,50.0,102959.0,29200.0,61.0,26.0,20.0,0.0,0.0,0.0,0.0,0.0,0.0,0.0,0.0,BENIGN
443.0,142780.0,47.0,57.0,1319.0,104393.0,570.0,0.0,28.06382979,110.2994746,2896.0,0.0,1831.45614,839.483346,740383.8073,728.3933324,1386.213592,5166.932258,23300.0,1.0,142734.0,3102.913043,7537.340043,24008.0,2.0,119571.0,2135.196429,6308.007291,24089.0,3.0,0.0,0.0,0.0,0.0,1212.0,1832.0,329.177756,399.2155764,0.0,2896.0,1006.780952,1095.550581,1200231.077,0.0,0.0,0.0,1.0,0.0,0.0,0.0,0.0,1.0,1016.461538,28.06382979,1831.45614,1212.0,0.0,0.0,0.0,0.0,0.0,0.0,47.0,1319.0,57.0,104393.0,29200.0,61.0,29.0,20.0,0.0,0.0,0.0,0.0,0.0,0.0,0.0,0.0,BENIGN
443.0,142852.0,49.0,56.0,1325.0,110185.0,570.0,0.0,27.04081633,108.0950506,4344.0,0.0,1967.589286,928.3871406,780598.1015,735.026461,1373.576923,5152.03825,23416.0,1.0,142764.0,2974.25,7395.62264,23874.0,1.0,119883.0,2179.690909,6381.739844,24051.0,3.0,0.0,0.0,0.0,0.0,1264.0,1800.0,343.0123484,392.0141125,0.0,4344.0,1051.981132,1185.201385,1404702.323,0.0,0.0,0.0,1.0,0.0,0.0,0.0,0.0,1.0,1062.0,27.04081633,1967.589286,1264.0,0.0,0.0,0.0,0.0,0.0,0.0,49.0,1325.0,56.0,110185.0,29200.0,61.0,30.0,20.0,0.0,0.0,0.0,0.0,0.0,0.0,0.0,0.0,BENIGN
443.0,142799.0,49.0,59.0,1331.0,107289.0,570.0,0.0,27.16326531,108.0671757,4344.0,0.0,1818.457627,870.419287,760649.5844,756.3078173,1334.570093,5066.231797,23275.0,1.0,142774.0,2974.458333,7394.247071,23878.0,2.0,119660.0,2063.103448,6197.73711,24126.0,1.0,0.0,0.0,0.0,0.0,1252.0,1896.0,343.1396578,413.1681594,0.0,4344.0,996.5137615,1103.019522,1216652.067,0.0,0.0,0.0,1.0,0.0,0.0,0.0,0.0,1.0,1005.740741,27.16326531,1818.457627,1252.0,0.0,0.0,0.0,0.0,0.0,0.0,49.0,1331.0,59.0,107289.0,29200.0,61.0,31.0,20.0,0.0,0.0,0.0,0.0,0.0,0.0,0.0,0.0,BENIGN
443.0,142500.0,49.0,59.0,1325.0,104393.0,570.0,0.0,27.04081633,108.0950506,4344.0,0.0,1769.372881,848.4535404,741880.7018,757.8947368,1331.775701,5082.437092,23210.0,1.0,142500.0,2968.75,7392.250458,23873.0,1.0,119306.0,2057.0,6212.60751,23928.0,1.0,0.0,0.0,0.0,0.0,1264.0,1896.0,343.8596491,414.0350877,0.0,4344.0,969.8899083,1073.78125,1153006.173,0.0,0.0,0.0,1.0,0.0,0.0,0.0,0.0,1.0,978.8703704,27.04081633,1769.372881,1264.0,0.0,0.0,0.0,0.0,0.0,0.0,49.0,1325.0,59.0,104393.0,29200.0,61.0,30.0,20.0,0.0,0.0,0.0,0.0,0.0,0.0,0.0,0.0,BENIGN
443.0,459291.0,46.0,60.0,1319.0,108751.0,570.0,0.0,28.67391304,111.4380853,4344.0,0.0,1812.516667,904.8028251,239651.9853,230.790501,4374.2,25868.44722,254576.0,0.0,459230.0,10205.11111,47385.25565,317092.0,1.0,436087.0,7391.305085,37101.98218,277998.0,1.0,0.0,0.0,0.0,0.0,1180.0,1928.0,100.1543684,130.6361326,0.0,4344.0,1028.691589,1119.227281,1252669.706,0.0,0.0,0.0,1.0,0.0,0.0,0.0,0.0,1.0,1038.396226,28.67391304,1812.516667,1180.0,0.0,0.0,0.0,0.0,0.0,0.0,46.0,1319.0,60.0,108751.0,29200.0,61.0,29.0,20.0,0.0,0.0,0.0,0.0,0.0,0.0,0.0,0.0,BENIGN
443.0,196158.0,46.0,54.0,1319.0,101511.0,570.0,0.0,28.67391304,111.4380853,4344.0,0.0,1879.833333,994.830141,524220.2714,509.7931259,1981.393939,7331.954937,52173.0,0.0,196158.0,4359.066667,10609.38538,52230.0,0.0,173020.0,3264.528302,9423.454484,52173.0,1.0,0.0,0.0,0.0,0.0,1180.0,1736.0,234.5048379,275.288288,0.0,4344.0,1018.118812,1179.74856,1391806.666,0.0,0.0,0.0,1.0,0.0,0.0,0.0,0.0,1.0,1028.3,28.67391304,1879.833333,1180.0,0.0,0.0,0.0,0.0,0.0,0.0,46.0,1319.0,54.0,101511.0,29200.0,61.0,29.0,20.0,0.0,0.0,0.0,0.0,0.0,0.0,0.0,0.0,BENIGN
443.0,143476.0,49.0,57.0,1331.0,108751.0,570.0,0.0,27.16326531,108.0671757,4344.0,0.0,1907.912281,909.4137492,767250.2718,738.7995205,1366.438095,5160.420723,23835.0,1.0,143321.0,2985.854167,7452.483941,23925.0,1.0,119641.0,2136.446429,6326.02001,24096.0,2.0,0.0,0.0,0.0,0.0,1252.0,1832.0,341.5205331,397.2789874,0.0,4344.0,1028.803738,1153.931699,1331558.367,0.0,0.0,0.0,1.0,0.0,0.0,0.0,0.0,1.0,1038.509434,27.16326531,1907.912281,1252.0,0.0,0.0,0.0,0.0,0.0,0.0,49.0,1331.0,57.0,108751.0,29200.0,61.0,31.0,20.0,0.0,0.0,0.0,0.0,0.0,0.0,0.0,0.0,BENIGN
443.0,118873.0,23.0,28.0,1169.0,45025.0,570.0,0.0,50.82608696,156.1373673,2896.0,0.0,1608.035714,902.027366,388599.5979,429.0293002,2377.46,6838.420713,23435.0,3.0,118873.0,5403.318182,9768.511157,24311.0,49.0,95541.0,3538.555556,8193.060024,24168.0,3.0,0.0,0.0,0.0,0.0,744.0,904.0,193.483802,235.5454981,0.0,2896.0,888.3461538,1028.323762,1057449.76,0.0,0.0,0.0,1.0,0.0,0.0,0.0,0.0,1.0,905.7647059,50.82608696,1608.035714,744.0,0.0,0.0,0.0,0.0,0.0,0.0,23.0,1169.0,28.0,45025.0,29200.0,61.0,4.0,32.0,0.0,0.0,0.0,0.0,0.0,0.0,0.0,0.0,BENIGN
443.0,23773.0,26.0,31.0,156.0,59368.0,6.0,6.0,6.0,0.0,2896.0,0.0,1915.096774,783.0897503,2503848.904,2397.678038,424.5178571,2494.042203,18749.0,1.0,23727.0,949.08,3729.544252,18847.0,2.0,23706.0,790.2,3392.576697,18749.0,1.0,0.0,0.0,0.0,0.0,520.0,992.0,1093.677702,1304.000337,0.0,2896.0,1026.37931,1116.015497,1245490.59,1.0,0.0,0.0,0.0,0.0,0.0,0.0,0.0,1.0,1044.385965,6.0,1915.096774,520.0,0.0,0.0,0.0,0.0,0.0,0.0,26.0,156.0,31.0,59368.0,0.0,61.0,25.0,20.0,0.0,0.0,0.0,0.0,0.0,0.0,0.0,0.0,BENIGN
443.0,142438.0,45.0,57.0,1325.0,108751.0,570.0,0.0,29.44444444,112.5805884,4344.0,0.0,1907.912281,1025.16156,772799.3934,716.1010405,1410.277228,5200.012568,23227.0,1.0,142438.0,3237.227273,7652.811555,23901.0,48.0,119378.0,2131.75,6281.454039,23665.0,1.0,0.0,0.0,0.0,0.0,1136.0,1832.0,315.9269296,400.1741108,0.0,4344.0,1068.699029,1209.843166,1463720.487,0.0,0.0,0.0,1.0,0.0,0.0,0.0,0.0,1.0,1079.176471,29.44444444,1907.912281,1136.0,0.0,0.0,0.0,0.0,0.0,0.0,45.0,1325.0,57.0,108751.0,29200.0,61.0,30.0,20.0,0.0,0.0,0.0,0.0,0.0,0.0,0.0,0.0,BENIGN
443.0,152273.0,68.0,103.0,1427.0,215903.0,570.0,0.0,20.98529412,92.02149208,4344.0,0.0,2096.145631,942.3700764,1427239.235,1122.983063,895.7235294,3941.060799,23225.0,0.0,152256.0,2272.477612,6139.249146,23726.0,1.0,129147.0,1266.147059,4780.289755,24396.0,1.0,0.0,0.0,0.0,0.0,1668.0,3304.0,446.5663644,676.416699,0.0,4344.0,1263.546512,1254.552236,1573901.314,0.0,0.0,0.0,1.0,0.0,0.0,0.0,0.0,1.0,1270.935673,20.98529412,2096.145631,1668.0,0.0,0.0,0.0,0.0,0.0,0.0,68.0,1427.0,103.0,215903.0,29200.0,61.0,47.0,20.0,0.0,0.0,0.0,0.0,0.0,0.0,0.0,0.0,BENIGN
443.0,142918.0,48.0,58.0,1313.0,110185.0,570.0,0.0,27.35416667,109.223466,4344.0,0.0,1899.741379,942.9987732,780153.6545,741.6840426,1361.12381,5126.873066,23733.0,1.0,142918.0,3040.808511,7461.983,24057.0,1.0,119598.0,2098.210526,6254.478361,24547.0,1.0,0.0,0.0,0.0,0.0,1256.0,1864.0,335.8569249,405.8271176,0.0,4344.0,1042.037383,1167.247997,1362467.885,0.0,0.0,0.0,1.0,0.0,0.0,0.0,0.0,1.0,1051.867925,27.35416667,1899.741379,1256.0,0.0,0.0,0.0,0.0,0.0,0.0,48.0,1313.0,58.0,110185.0,29200.0,61.0,28.0,20.0,0.0,0.0,0.0,0.0,0.0,0.0,0.0,0.0,BENIGN
443.0,142342.0,48.0,56.0,1331.0,107289.0,570.0,0.0,27.72916667,109.1373797,4344.0,0.0,1915.875,995.0582635,763091.7087,730.6346686,1381.961165,5145.580321,23239.0,1.0,142280.0,3027.234043,7430.623057,23823.0,1.0,119388.0,2170.690909,6341.933181,24087.0,2.0,0.0,0.0,0.0,0.0,1220.0,1800.0,337.2160009,393.4186677,0.0,4344.0,1034.47619,1193.902716,1425403.694,0.0,0.0,0.0,1.0,0.0,0.0,0.0,0.0,1.0,1044.423077,27.72916667,1915.875,1220.0,0.0,0.0,0.0,0.0,0.0,0.0,48.0,1331.0,56.0,107289.0,29200.0,61.0,31.0,20.0,0.0,0.0,0.0,0.0,0.0,0.0,0.0,0.0,BENIGN
443.0,196159.0,46.0,61.0,1313.0,105841.0,570.0,0.0,28.54347826,111.4687214,4344.0,0.0,1735.098361,865.2067134,546260.9414,545.475864,1850.556604,7183.492207,53508.0,0.0,196159.0,4359.088889,10642.99391,53533.0,1.0,172527.0,2875.45,9029.586284,53699.0,1.0,0.0,0.0,0.0,0.0,1192.0,1960.0,234.5036425,310.9722215,0.0,4344.0,992.1666667,1071.471575,1148051.336,0.0,0.0,0.0,1.0,0.0,0.0,0.0,0.0,1.0,1001.439252,28.54347826,1735.098361,1192.0,0.0,0.0,0.0,0.0,0.0,0.0,46.0,1313.0,61.0,105841.0,29200.0,61.0,28.0,20.0,0.0,0.0,0.0,0.0,0.0,0.0,0.0,0.0,BENIGN
443.0,188391.0,46.0,61.0,1331.0,107303.0,570.0,0.0,28.93478261,111.3763195,4344.0,0.0,1759.065574,877.2864198,576641.1347,567.9676842,1777.273585,6695.439852,45968.0,0.0,188391.0,4186.466667,9895.821773,45995.0,1.0,165235.0,2753.916667,8349.676056,45971.0,2.0,0.0,0.0,0.0,0.0,1156.0,1960.0,244.1730231,323.7946611,0.0,4344.0,1005.87037,1086.260421,1179961.703,0.0,0.0,0.0,1.0,0.0,0.0,0.0,0.0,1.0,1015.271028,28.93478261,1759.065574,1156.0,0.0,0.0,0.0,0.0,0.0,0.0,46.0,1331.0,61.0,107303.0,29200.0,61.0,31.0,20.0,0.0,0.0,0.0,0.0,0.0,0.0,0.0,0.0,BENIGN
443.0,141887.0,43.0,58.0,1313.0,104393.0,570.0,0.0,30.53488372,115.1109917,4344.0,0.0,1799.87931,866.1409487,745001.3039,711.8340651,1418.87,5208.188441,23237.0,1.0,141886.0,3378.238095,7763.503059,23630.0,1.0,118681.0,2082.122807,6200.555871,23906.0,1.0,0.0,0.0,0.0,0.0,1096.0,1864.0,303.0580673,408.7759978,0.0,4344.0,1036.333333,1097.730208,1205011.611,0.0,0.0,0.0,1.0,0.0,0.0,0.0,0.0,1.0,1046.594059,30.53488372,1799.87931,1096.0,0.0,0.0,0.0,0.0,0.0,0.0,43.0,1313.0,58.0,104393.0,29200.0,61.0,28.0,20.0,0.0,0.0,0.0,0.0,0.0,0.0,0.0,0.0,BENIGN
443.0,142743.0,50.0,58.0,1337.0,110185.0,570.0,0.0,26.74,107.0006313,4344.0,0.0,1899.741379,903.1490048,781278.2413,756.604527,1334.046729,5070.055726,23763.0,0.0,142705.0,2912.346939,7315.220202,23867.0,1.0,119784.0,2101.473684,6245.260392,24094.0,1.0,0.0,0.0,0.0,0.0,1272.0,1864.0,350.2798736,406.3246534,0.0,4344.0,1023.137615,1147.90898,1317695.027,0.0,0.0,0.0,1.0,0.0,0.0,0.0,0.0,1.0,1032.611111,26.74,1899.741379,1272.0,0.0,0.0,0.0,0.0,0.0,0.0,50.0,1337.0,58.0,110185.0,29200.0,61.0,32.0,20.0,0.0,0.0,0.0,0.0,0.0,0.0,0.0,0.0,BENIGN
443.0,143077.0,48.0,58.0,1325.0,111647.0,570.0,0.0,27.60416667,109.1662288,4344.0,0.0,1924.948276,987.8172361,789588.8228,740.8598167,1362.638095,5135.817381,23346.0,1.0,143031.0,3043.212766,7446.36654,23651.0,1.0,119898.0,2103.473684,6279.094109,24127.0,2.0,0.0,0.0,0.0,0.0,1232.0,1864.0,335.4836906,405.3761261,0.0,4344.0,1055.813084,1196.905193,1432582.04,0.0,0.0,0.0,1.0,0.0,0.0,0.0,0.0,1.0,1065.773585,27.60416667,1924.948276,1232.0,0.0,0.0,0.0,0.0,0.0,0.0,48.0,1325.0,58.0,111647.0,29200.0,61.0,30.0,20.0,0.0,0.0,0.0,0.0,0.0,0.0,0.0,0.0,BENIGN
443.0,145825.0,29.0,52.0,1169.0,98601.0,570.0,0.0,40.31034483,139.9780859,4344.0,0.0,1896.173077,968.9802143,684176.2386,555.460312,1822.8125,5603.486864,23348.0,2.0,145825.0,5208.035714,8835.773233,23950.0,4.0,110782.0,2172.196078,7021.451651,34923.0,2.0,0.0,0.0,0.0,0.0,936.0,1672.0,198.8685068,356.5918052,0.0,4344.0,1216.707317,1186.625462,1408079.987,0.0,0.0,0.0,1.0,0.0,0.0,0.0,0.0,1.0,1231.728395,40.31034483,1896.173077,936.0,0.0,0.0,0.0,0.0,0.0,0.0,29.0,1169.0,52.0,98601.0,29200.0,61.0,4.0,32.0,0.0,0.0,0.0,0.0,0.0,0.0,0.0,0.0,BENIGN
443.0,142301.0,44.0,55.0,1313.0,104393.0,570.0,0.0,29.84090909,113.8577127,4344.0,0.0,1898.054545,955.3575328,742833.8522,695.7083928,1452.05102,5265.395734,23233.0,1.0,142301.0,3309.325581,7701.264101,23839.0,1.0,119221.0,2207.796296,6389.969169,23937.0,1.0,0.0,0.0,0.0,0.0,1128.0,1768.0,309.2037301,386.5046627,0.0,4344.0,1057.06,1173.309537,1376655.269,0.0,0.0,0.0,1.0,0.0,0.0,0.0,0.0,1.0,1067.737374,29.84090909,1898.054545,1128.0,0.0,0.0,0.0,0.0,0.0,0.0,44.0,1313.0,55.0,104393.0,29200.0,61.0,28.0,20.0,0.0,0.0,0.0,0.0,0.0,0.0,0.0,0.0,BENIGN
443.0,143379.0,50.0,60.0,1337.0,110185.0,570.0,0.0,26.74,107.0006313,4344.0,0.0,1836.416667,874.1511193,777812.6504,767.1974278,1315.40367,5024.365225,23306.0,1.0,143237.0,2923.204082,7333.767054,23850.0,1.0,120073.0,2035.135593,6139.8403,23860.0,1.0,0.0,0.0,0.0,0.0,1272.0,1928.0,348.7261035,418.4713243,0.0,4344.0,1004.702703,1111.83773,1236183.138,0.0,0.0,0.0,1.0,0.0,0.0,0.0,0.0,1.0,1013.836364,26.74,1836.416667,1272.0,0.0,0.0,0.0,0.0,0.0,0.0,50.0,1337.0,60.0,110185.0,29200.0,61.0,32.0,20.0,0.0,0.0,0.0,0.0,0.0,0.0,0.0,0.0,BENIGN
443.0,394746.0,48.0,56.0,1319.0,105855.0,570.0,0.0,27.47916667,109.1949242,2896.0,0.0,1890.267857,907.3394973,271501.1678,263.4605544,3832.485437,20260.2038,191810.0,1.0,394746.0,8398.851064,37091.01311,252193.0,1.0,371618.0,6756.690909,30267.89111,215391.0,2.0,0.0,0.0,0.0,0.0,1244.0,1800.0,121.5971789,141.8633754,0.0,2896.0,1020.704762,1145.969173,1313245.345,0.0,0.0,0.0,1.0,0.0,0.0,0.0,0.0,1.0,1030.519231,27.47916667,1890.267857,1244.0,0.0,0.0,0.0,0.0,0.0,0.0,48.0,1319.0,56.0,105855.0,29200.0,61.0,29.0,20.0,0.0,0.0,0.0,0.0,0.0,0.0,0.0,0.0,BENIGN
443.0,62079.0,8.0,3.0,1169.0,137.0,570.0,0.0,146.125,246.382651,137.0,0.0,45.66666667,79.09698688,21037.71001,177.1935759,6207.9,10114.27018,24159.0,3.0,62079.0,8868.428571,11280.10455,24243.0,20.0,24651.0,12325.5,17426.64662,24648.0,3.0,0.0,0.0,0.0,0.0,264.0,104.0,128.8680552,48.32552071,0.0,570.0,108.8333333,207.2292684,42943.9697,0.0,0.0,0.0,1.0,0.0,0.0,0.0,0.0,0.0,118.7272727,146.125,45.66666667,264.0,0.0,0.0,0.0,0.0,0.0,0.0,8.0,1169.0,3.0,137.0,29200.0,59.0,4.0,32.0,0.0,0.0,0.0,0.0,0.0,0.0,0.0,0.0,BENIGN
443.0,122255.0,22.0,30.0,1169.0,47921.0,570.0,0.0,53.13636364,159.4088172,2896.0,0.0,1597.366667,871.3138903,401537.7694,425.3404769,2397.156863,6748.428277,23229.0,1.0,122255.0,5821.666667,9846.640561,23894.0,54.0,98996.0,3413.655172,8210.583868,26845.0,2.0,0.0,0.0,0.0,0.0,712.0,968.0,179.9517402,245.3887367,0.0,2896.0,926.2264151,1016.130985,1032522.179,0.0,0.0,0.0,1.0,0.0,0.0,0.0,0.0,1.0,944.0384615,53.13636364,1597.366667,712.0,0.0,0.0,0.0,0.0,0.0,0.0,22.0,1169.0,30.0,47921.0,29200.0,61.0,4.0,32.0,0.0,0.0,0.0,0.0,0.0,0.0,0.0,0.0,BENIGN
443.0,142443.0,47.0,55.0,1325.0,101497.0,570.0,0.0,28.19148936,110.2697559,4344.0,0.0,1845.4,978.8547844,721846.6334,716.075904,1410.326733,5204.898034,23391.0,1.0,142320.0,3093.913043,7497.835663,23576.0,48.0,119052.0,2204.666667,6379.967886,23808.0,2.0,0.0,0.0,0.0,0.0,1200.0,1768.0,329.956544,386.11936,0.0,4344.0,998.2718447,1158.918548,1343092.2,0.0,0.0,0.0,1.0,0.0,0.0,0.0,0.0,1.0,1008.058824,28.19148936,1845.4,1200.0,0.0,0.0,0.0,0.0,0.0,0.0,47.0,1325.0,55.0,101497.0,29200.0,61.0,30.0,20.0,0.0,0.0,0.0,0.0,0.0,0.0,0.0,0.0,BENIGN
443.0,23501.0,24.0,27.0,144.0,56472.0,6.0,6.0,6.0,0.0,4344.0,0.0,2091.555556,927.4622668,2409088.975,2170.12042,470.02,2636.028967,18731.0,1.0,23425.0,1018.478261,3891.297083,18866.0,48.0,23340.0,897.6923077,3637.733303,18731.0,1.0,0.0,0.0,0.0,0.0,480.0,864.0,1021.233139,1148.887281,0.0,4344.0,1088.884615,1243.218809,1545593.006,1.0,0.0,0.0,0.0,0.0,0.0,0.0,0.0,1.0,1110.235294,6.0,2091.555556,480.0,0.0,0.0,0.0,0.0,0.0,0.0,24.0,144.0,27.0,56472.0,0.0,61.0,23.0,20.0,0.0,0.0,0.0,0.0,0.0,0.0,0.0,0.0,BENIGN
443.0,143365.0,48.0,61.0,1319.0,108751.0,570.0,0.0,27.47916667,109.1949242,2896.0,0.0,1782.803279,847.2000712,767760.611,760.2971437,1327.453704,5026.18129,23278.0,0.0,143274.0,3048.382979,7416.983568,23869.0,1.0,120093.0,2001.55,6108.616688,24481.0,1.0,0.0,0.0,0.0,0.0,1244.0,1960.0,334.8097513,425.4873923,0.0,2896.0,1000.636364,1081.127187,1168835.995,0.0,0.0,0.0,1.0,0.0,0.0,0.0,0.0,1.0,1009.816514,27.47916667,1782.803279,1244.0,0.0,0.0,0.0,0.0,0.0,0.0,48.0,1319.0,61.0,108751.0,29200.0,61.0,29.0,20.0,0.0,0.0,0.0,0.0,0.0,0.0,0.0,0.0,BENIGN
443.0,142825.0,47.0,57.0,1325.0,108751.0,570.0,0.0,28.19148936,110.2697559,4344.0,0.0,1907.912281,909.4137492,770705.4087,728.1638369,1386.650485,5172.409953,23244.0,1.0,142780.0,3103.913043,7538.852005,23841.0,1.0,119651.0,2136.625,6321.63527,24139.0,2.0,0.0,0.0,0.0,0.0,1200.0,1832.0,329.0740417,399.0897952,0.0,4344.0,1048.342857,1156.089794,1336543.612,0.0,0.0,0.0,1.0,0.0,0.0,0.0,0.0,1.0,1058.423077,28.19148936,1907.912281,1200.0,0.0,0.0,0.0,0.0,0.0,0.0,47.0,1325.0,57.0,108751.0,29200.0,61.0,30.0,20.0,0.0,0.0,0.0,0.0,0.0,0.0,0.0,0.0,BENIGN
443.0,119793.0,23.0,31.0,1169.0,47921.0,570.0,0.0,50.82608696,156.1373673,2896.0,0.0,1545.83871,822.4417344,409790.2215,450.7775913,2260.245283,6669.291612,23311.0,0.0,119793.0,5445.136364,9748.883327,23621.0,1.0,96495.0,3216.5,7900.825312,24205.0,1.0,0.0,0.0,0.0,0.0,744.0,1000.0,191.997863,258.7797284,0.0,2896.0,892.5454545,973.2643016,947243.4007,0.0,0.0,0.0,1.0,0.0,0.0,0.0,0.0,1.0,909.0740741,50.82608696,1545.83871,744.0,0.0,0.0,0.0,0.0,0.0,0.0,23.0,1169.0,31.0,47921.0,29200.0,61.0,4.0,32.0,0.0,0.0,0.0,0.0,0.0,0.0,0.0,0.0,BENIGN
443.0,142885.0,46.0,57.0,1313.0,111647.0,570.0,0.0,28.54347826,111.4687214,4344.0,0.0,1958.719298,961.8494788,790565.8397,720.8594324,1400.833333,5151.361147,23160.0,2.0,142885.0,3175.222222,7560.447608,23789.0,48.0,119859.0,2140.339286,6246.646022,23787.0,2.0,0.0,0.0,0.0,0.0,1192.0,1832.0,321.9372222,398.9222102,0.0,4344.0,1086.153846,1200.317343,1440761.724,0.0,0.0,0.0,1.0,0.0,0.0,0.0,0.0,1.0,1096.699029,28.54347826,1958.719298,1192.0,0.0,0.0,0.0,0.0,0.0,0.0,46.0,1313.0,57.0,111647.0,29200.0,61.0,28.0,20.0,0.0,0.0,0.0,0.0,0.0,0.0,0.0,0.0,BENIGN
443.0,23422.0,25.0,33.0,150.0,55038.0,6.0,6.0,6.0,0.0,2896.0,0.0,1667.818182,733.8985563,2356246.264,2476.304329,410.9122807,2404.117326,18233.0,0.0,23422.0,975.9166667,3682.630297,18260.0,1.0,23347.0,729.59375,3230.14237,18425.0,1.0,0.0,0.0,0.0,0.0,500.0,1056.0,1067.372556,1408.931774,0.0,2896.0,935.4915254,994.7813895,989590.0129,1.0,0.0,0.0,0.0,0.0,0.0,0.0,0.0,1.0,951.6206897,6.0,1667.818182,500.0,0.0,0.0,0.0,0.0,0.0,0.0,25.0,150.0,33.0,55038.0,0.0,61.0,24.0,20.0,0.0,0.0,0.0,0.0,0.0,0.0,0.0,0.0,BENIGN
443.0,142724.0,43.0,62.0,1319.0,102959.0,570.0,0.0,30.6744186,115.0767282,4344.0,0.0,1660.629032,775.6229064,730626.9443,735.685659,1372.346154,5133.799265,23400.0,0.0,142724.0,3398.190476,7823.804262,24018.0,1.0,119498.0,1958.983607,6077.602805,23865.0,1.0,0.0,0.0,0.0,0.0,1084.0,1992.0,301.2807937,434.4048653,0.0,4344.0,983.754717,1003.263369,1006537.387,0.0,0.0,0.0,1.0,0.0,0.0,0.0,0.0,1.0,993.1238095,30.6744186,1660.629032,1084.0,0.0,0.0,0.0,0.0,0.0,0.0,43.0,1319.0,62.0,102959.0,29200.0,61.0,29.0,20.0,0.0,0.0,0.0,0.0,0.0,0.0,0.0,0.0,BENIGN
443.0,143161.0,47.0,53.0,1307.0,111647.0,570.0,0.0,27.80851064,110.3584354,4344.0,0.0,2106.54717,1041.007621,788999.7974,698.5142602,1446.070707,5270.741423,23331.0,1.0,143161.0,3112.195652,7513.089202,23615.0,1.0,119812.0,2304.076923,6525.118026,24196.0,44.0,0.0,0.0,0.0,0.0,1236.0,1704.0,328.3017023,370.2125579,0.0,4344.0,1118.356436,1287.694277,1658156.552,0.0,0.0,0.0,1.0,0.0,0.0,0.0,0.0,1.0,1129.54,27.80851064,2106.54717,1236.0,0.0,0.0,0.0,0.0,0.0,0.0,47.0,1307.0,53.0,111647.0,29200.0,61.0,27.0,20.0,0.0,0.0,0.0,0.0,0.0,0.0,0.0,0.0,BENIGN
443.0,196340.0,49.0,60.0,1331.0,105841.0,570.0,0.0,27.16326531,108.0671757,2896.0,0.0,1764.016667,842.2550138,545849.0374,555.1594173,1817.962963,7111.950527,53215.0,1.0,196340.0,4090.416667,10359.83997,53364.0,1.0,173114.0,2934.135593,9095.697735,53215.0,1.0,0.0,0.0,0.0,0.0,1252.0,1928.0,249.5670775,305.5923398,0.0,2896.0,974.2909091,1069.765998,1144399.291,0.0,0.0,0.0,1.0,0.0,0.0,0.0,0.0,1.0,983.2293578,27.16326531,1764.016667,1252.0,0.0,0.0,0.0,0.0,0.0,0.0,49.0,1331.0,60.0,105841.0,29200.0,61.0,31.0,20.0,0.0,0.0,0.0,0.0,0.0,0.0,0.0,0.0,BENIGN
443.0,118573.0,21.0,26.0,1169.0,43577.0,570.0,0.0,55.66666667,162.8920911,4344.0,0.0,1676.038462,1051.167598,377370.9023,396.3802889,2577.673913,7097.417775,23317.0,2.0,118573.0,5928.65,10078.54469,23643.0,48.0,95245.0,3809.8,8468.384286,24023.0,2.0,0.0,0.0,0.0,0.0,680.0,840.0,177.1060865,219.2742024,0.0,4344.0,932.2083333,1125.561022,1266887.615,0.0,0.0,0.0,1.0,0.0,0.0,0.0,0.0,1.0,952.0425532,55.66666667,1676.038462,680.0,0.0,0.0,0.0,0.0,0.0,0.0,21.0,1169.0,26.0,43577.0,29200.0,61.0,4.0,32.0,0.0,0.0,0.0,0.0,0.0,0.0,0.0,0.0,BENIGN
443.0,189314.0,48.0,59.0,1337.0,105841.0,570.0,0.0,27.85416667,109.1083766,2896.0,0.0,1793.915254,859.8629459,566138.7959,565.198559,1785.981132,6711.834485,46369.0,1.0,189314.0,4027.957447,9764.428991,46430.0,2.0,166044.0,2862.827586,8503.579119,46405.0,1.0,0.0,0.0,0.0,0.0,1208.0,1896.0,253.5470171,311.6515419,0.0,2896.0,992.3888889,1089.402716,1186798.277,0.0,0.0,0.0,1.0,0.0,0.0,0.0,0.0,1.0,1001.663551,27.85416667,1793.915254,1208.0,0.0,0.0,0.0,0.0,0.0,0.0,48.0,1337.0,59.0,105841.0,29200.0,61.0,32.0,20.0,0.0,0.0,0.0,0.0,0.0,0.0,0.0,0.0,BENIGN
443.0,142909.0,40.0,52.0,1301.0,102959.0,570.0,0.0,32.525,119.2097887,4344.0,0.0,1979.980769,1030.303639,729555.1715,643.7663128,1570.428571,5473.235176,23231.0,3.0,142909.0,3664.333333,8091.759851,23824.0,31.0,119641.0,2345.901961,6588.856144,23865.0,47.0,0.0,0.0,0.0,0.0,1024.0,1672.0,279.8983969,363.8679159,0.0,4344.0,1121.075269,1241.08946,1540303.049,0.0,0.0,0.0,1.0,0.0,0.0,0.0,0.0,1.0,1133.26087,32.525,1979.980769,1024.0,0.0,0.0,0.0,0.0,0.0,0.0,40.0,1301.0,52.0,102959.0,29200.0,61.0,26.0,20.0,0.0,0.0,0.0,0.0,0.0,0.0,0.0,0.0,BENIGN
443.0,144762.0,42.0,56.0,1319.0,98601.0,570.0,0.0,31.4047619,116.3707405,4344.0,0.0,1760.732143,899.1514685,690236.388,676.9732388,1492.391753,5275.726576,23073.0,1.0,144762.0,3530.780488,7859.440707,23828.0,1.0,121765.0,2213.909091,6499.777971,26687.0,1.0,0.0,0.0,0.0,0.0,1052.0,1800.0,290.1313881,386.8418508,0.0,4344.0,1009.292929,1096.488302,1202286.597,0.0,0.0,0.0,1.0,0.0,0.0,0.0,0.0,1.0,1019.591837,31.4047619,1760.732143,1052.0,0.0,0.0,0.0,0.0,0.0,0.0,42.0,1319.0,56.0,98601.0,29200.0,61.0,29.0,20.0,0.0,0.0,0.0,0.0,0.0,0.0,0.0,0.0,BENIGN
443.0,142378.0,45.0,56.0,1319.0,104393.0,570.0,0.0,29.31111111,112.6125341,4344.0,0.0,1864.160714,940.3200959,742474.2587,709.379258,1423.78,5221.177155,23170.0,1.0,142299.0,3234.068182,7658.419044,23961.0,1.0,119407.0,2171.036364,6352.003014,23973.0,2.0,0.0,0.0,0.0,0.0,1148.0,1800.0,316.0600655,393.3191926,0.0,4344.0,1036.392157,1153.015832,1329445.508,0.0,0.0,0.0,1.0,0.0,0.0,0.0,0.0,1.0,1046.653465,29.31111111,1864.160714,1148.0,0.0,0.0,0.0,0.0,0.0,0.0,45.0,1319.0,56.0,104393.0,29200.0,61.0,29.0,20.0,0.0,0.0,0.0,0.0,0.0,0.0,0.0,0.0,BENIGN
443.0,24067.0,23.0,28.0,138.0,55024.0,6.0,6.0,6.0,0.0,2896.0,0.0,1965.142857,899.9100249,2292018.116,2119.084223,481.34,2730.897921,19400.0,0.0,23946.0,1088.454545,4125.968455,19558.0,0.0,23951.0,887.0740741,3700.392141,19400.0,2.0,0.0,0.0,0.0,0.0,460.0,896.0,955.665434,1163.418789,0.0,2896.0,1060.923077,1183.775181,1401323.68,1.0,0.0,0.0,0.0,0.0,0.0,0.0,0.0,1.0,1081.72549,6.0,1965.142857,460.0,0.0,0.0,0.0,0.0,0.0,0.0,23.0,138.0,28.0,55024.0,0.0,61.0,22.0,20.0,0.0,0.0,0.0,0.0,0.0,0.0,0.0,0.0,BENIGN
443.0,119537.0,20.0,28.0,1169.0,46473.0,570.0,0.0,58.45,166.6106318,2896.0,0.0,1659.75,933.472197,398554.4225,401.5493111,2543.340426,7036.295256,23417.0,3.0,119537.0,6291.421053,10283.66653,23986.0,17.0,96160.0,3561.481481,8243.810659,24275.0,3.0,0.0,0.0,0.0,0.0,648.0,904.0,167.312213,234.2370981,0.0,2896.0,972.2857143,1069.800176,1144472.417,0.0,0.0,0.0,1.0,0.0,0.0,0.0,0.0,1.0,992.5416667,58.45,1659.75,648.0,0.0,0.0,0.0,0.0,0.0,0.0,20.0,1169.0,28.0,46473.0,29200.0,61.0,4.0,32.0,0.0,0.0,0.0,0.0,0.0,0.0,0.0,0.0,BENIGN
443.0,142424.0,49.0,58.0,1325.0,108751.0,570.0,0.0,27.04081633,108.0950506,2896.0,0.0,1875.017241,852.8988441,772875.3581,751.2778745,1343.622642,5102.0106,23336.0,1.0,142383.0,2966.3125,7370.91441,23621.0,2.0,119386.0,2094.491228,6259.22786,23938.0,1.0,0.0,0.0,0.0,0.0,1264.0,1864.0,344.0431388,407.2347357,0.0,2896.0,1019.222222,1118.153763,1250267.838,0.0,0.0,0.0,1.0,0.0,0.0,0.0,0.0,1.0,1028.747664,27.04081633,1875.017241,1264.0,0.0,0.0,0.0,0.0,0.0,0.0,49.0,1325.0,58.0,108751.0,29200.0,61.0,30.0,20.0,0.0,0.0,0.0,0.0,0.0,0.0,0.0,0.0,BENIGN
443.0,142848.0,49.0,60.0,1337.0,107289.0,570.0,0.0,27.28571429,108.0391519,4344.0,0.0,1788.15,853.7136388,760430.6676,763.0488351,1322.666667,5024.264618,23301.0,0.0,142827.0,2975.5625,7358.912711,23903.0,1.0,119896.0,2032.135593,6142.200388,24321.0,1.0,0.0,0.0,0.0,0.0,1240.0,1928.0,343.0219534,420.0268817,0.0,4344.0,987.5090909,1084.40663,1175937.738,0.0,0.0,0.0,1.0,0.0,0.0,0.0,0.0,1.0,996.5688073,27.28571429,1788.15,1240.0,0.0,0.0,0.0,0.0,0.0,0.0,49.0,1337.0,60.0,107289.0,29200.0,61.0,32.0,20.0,0.0,0.0,0.0,0.0,0.0,0.0,0.0,0.0,BENIGN
443.0,23488.0,22.0,27.0,132.0,56486.0,6.0,6.0,6.0,0.0,4344.0,0.0,2092.074074,927.9331013,2410507.493,2086.171662,489.3333333,2699.186618,18795.0,1.0,23488.0,1118.47619,4058.252131,18829.0,48.0,23335.0,897.5,3658.73198,18834.0,1.0,0.0,0.0,0.0,0.0,440.0,864.0,936.6485014,1149.523161,0.0,4344.0,1132.48,1248.964734,1559912.908,1.0,0.0,0.0,0.0,0.0,0.0,0.0,0.0,1.0,1155.591837,6.0,2092.074074,440.0,0.0,0.0,0.0,0.0,0.0,0.0,22.0,132.0,27.0,56486.0,0.0,61.0,21.0,20.0,0.0,0.0,0.0,0.0,0.0,0.0,0.0,0.0,BENIGN
443.0,131864.0,40.0,49.0,1289.0,95705.0,570.0,0.0,32.225,119.2855844,4344.0,0.0,1953.163265,1083.098783,735560.8809,674.9378147,1498.454545,5323.404759,23265.0,1.0,131831.0,3380.282051,7750.970537,23794.0,1.0,108617.0,2262.854167,7091.344397,33015.0,2.0,0.0,0.0,0.0,0.0,1048.0,1576.0,303.3428381,371.5949766,0.0,4344.0,1077.711111,1251.073213,1565184.185,0.0,0.0,0.0,1.0,0.0,0.0,0.0,0.0,1.0,1089.820225,32.225,1953.163265,1048.0,0.0,0.0,0.0,0.0,0.0,0.0,40.0,1289.0,49.0,95705.0,29200.0,61.0,24.0,20.0,0.0,0.0,0.0,0.0,0.0,0.0,0.0,0.0,BENIGN
443.0,142592.0,44.0,56.0,1319.0,104393.0,570.0,0.0,29.97727273,113.8247303,4344.0,0.0,1864.160714,898.8648958,741359.9641,701.3016158,1440.323232,5272.157216,23397.0,1.0,142592.0,3316.093023,7789.378843,23988.0,1.0,119359.0,2170.163636,6363.329977,24154.0,2.0,0.0,0.0,0.0,0.0,1116.0,1800.0,308.572711,392.7289048,0.0,4344.0,1046.653465,1135.763377,1289958.449,0.0,0.0,0.0,1.0,0.0,0.0,0.0,0.0,1.0,1057.12,29.97727273,1864.160714,1116.0,0.0,0.0,0.0,0.0,0.0,0.0,44.0,1319.0,56.0,104393.0,29200.0,61.0,29.0,20.0,0.0,0.0,0.0,0.0,0.0,0.0,0.0,0.0,BENIGN
443.0,143358.0,43.0,59.0,1319.0,104393.0,570.0,0.0,30.6744186,115.0767282,4344.0,0.0,1769.372881,890.0413183,737398.6802,711.5054619,1419.386139,5233.323401,23611.0,0.0,143358.0,3413.285714,7873.478973,24525.0,0.0,119698.0,2063.758621,6214.362082,23778.0,4.0,0.0,0.0,0.0,0.0,1084.0,1896.0,299.948381,411.5570809,0.0,4344.0,1026.330097,1097.043499,1203504.439,0.0,0.0,0.0,1.0,0.0,0.0,0.0,0.0,1.0,1036.392157,30.6744186,1769.372881,1084.0,0.0,0.0,0.0,0.0,0.0,0.0,43.0,1319.0,59.0,104393.0,29200.0,61.0,29.0,20.0,0.0,0.0,0.0,0.0,0.0,0.0,0.0,0.0,BENIGN
443.0,142675.0,49.0,63.0,1331.0,110185.0,570.0,0.0,27.16326531,108.0671757,4344.0,0.0,1748.968254,824.4211062,781608.5509,785.0008761,1285.36036,4967.096442,23272.0,1.0,142650.0,2971.875,7359.174794,23978.0,1.0,119753.0,1931.5,6002.316336,23959.0,1.0,0.0,0.0,0.0,0.0,1252.0,2024.0,343.4378833,441.5629928,0.0,4344.0,986.8672566,1058.110053,1119596.884,0.0,0.0,0.0,1.0,0.0,0.0,0.0,0.0,1.0,995.6785714,27.16326531,1748.968254,1252.0,0.0,0.0,0.0,0.0,0.0,0.0,49.0,1331.0,63.0,110185.0,29200.0,61.0,31.0,20.0,0.0,0.0,0.0,0.0,0.0,0.0,0.0,0.0,BENIGN
443.0,142797.0,47.0,58.0,1325.0,104393.0,570.0,0.0,28.19148936,110.2697559,4344.0,0.0,1799.87931,907.6170473,740337.6822,735.3095653,1373.048077,5150.7102,23607.0,0.0,142797.0,3104.282609,7507.23393,23674.0,1.0,119688.0,2099.789474,6277.261982,23998.0,4.0,0.0,0.0,0.0,0.0,1200.0,1864.0,329.1385673,406.170998,0.0,4344.0,997.3396226,1112.738166,1238186.226,0.0,0.0,0.0,1.0,0.0,0.0,0.0,0.0,1.0,1006.838095,28.19148936,1799.87931,1200.0,0.0,0.0,0.0,0.0,0.0,0.0,47.0,1325.0,58.0,104393.0,29200.0,61.0,30.0,20.0,0.0,0.0,0.0,0.0,0.0,0.0,0.0,0.0,BENIGN
443.0,142740.0,47.0,58.0,1319.0,108751.0,570.0,0.0,28.06382979,110.2994746,4344.0,0.0,1875.017241,1010.445142,771122.3203,735.6031946,1372.5,5106.57542,23247.0,2.0,142644.0,3100.956522,7473.008116,23611.0,2.0,119695.0,2099.912281,6226.399941,23948.0,2.0,0.0,0.0,0.0,0.0,1212.0,1864.0,329.2700014,406.3331932,0.0,4344.0,1038.396226,1188.86638,1413403.27,0.0,0.0,0.0,1.0,0.0,0.0,0.0,0.0,1.0,1048.285714,28.06382979,1875.017241,1212.0,0.0,0.0,0.0,0.0,0.0,0.0,47.0,1319.0,58.0,108751.0,29200.0,61.0,29.0,20.0,0.0,0.0,0.0,0.0,0.0,0.0,0.0,0.0,BENIGN
443.0,142247.0,42.0,56.0,1313.0,104393.0,570.0,0.0,31.26190476,116.4063655,4344.0,0.0,1864.160714,898.8648958,743115.8478,688.9424733,1466.463918,5288.035956,23258.0,1.0,142247.0,3469.439024,7871.335862,23979.0,1.0,118950.0,2162.727273,6317.578297,24054.0,1.0,0.0,0.0,0.0,0.0,1064.0,1800.0,295.26106,393.6814133,0.0,4344.0,1067.737374,1137.368038,1293606.053,0.0,0.0,0.0,1.0,0.0,0.0,0.0,0.0,1.0,1078.632653,31.26190476,1864.160714,1064.0,0.0,0.0,0.0,0.0,0.0,0.0,42.0,1313.0,56.0,104393.0,29200.0,61.0,28.0,20.0,0.0,0.0,0.0,0.0,0.0,0.0,0.0,0.0,BENIGN
443.0,195966.0,47.0,57.0,1325.0,100049.0,570.0,0.0,28.19148936,110.2697559,2896.0,0.0,1755.245614,849.0405568,517304.0221,530.7043058,1902.582524,7284.514924,53661.0,1.0,195966.0,4260.130435,10592.78551,53786.0,1.0,172856.0,3086.714286,9322.607467,53661.0,1.0,0.0,0.0,0.0,0.0,1200.0,1832.0,239.8375228,290.866783,0.0,2896.0,965.4666667,1068.350409,1141372.597,0.0,0.0,0.0,1.0,0.0,0.0,0.0,0.0,1.0,974.75,28.19148936,1755.245614,1200.0,0.0,0.0,0.0,0.0,0.0,0.0,47.0,1325.0,57.0,100049.0,29200.0,61.0,30.0,20.0,0.0,0.0,0.0,0.0,0.0,0.0,0.0,0.0,BENIGN
443.0,186390.0,51.0,61.0,1343.0,105841.0,570.0,0.0,26.33333333,105.9650257,2896.0,0.0,1735.098361,823.8279696,575052.3097,600.8906057,1679.189189,6433.109664,44488.0,1.0,186390.0,3727.8,9311.219508,44600.0,2.0,163365.0,2722.75,8181.825346,44488.0,1.0,0.0,0.0,0.0,0.0,1292.0,1960.0,273.6198294,327.2707763,0.0,2896.0,948.5309735,1049.215473,1100853.108,0.0,0.0,0.0,1.0,0.0,0.0,0.0,0.0,1.0,957.0,26.33333333,1735.098361,1292.0,0.0,0.0,0.0,0.0,0.0,0.0,51.0,1343.0,61.0,105841.0,29200.0,61.0,33.0,20.0,0.0,0.0,0.0,0.0,0.0,0.0,0.0,0.0,BENIGN
443.0,143354.0,48.0,59.0,1325.0,104393.0,570.0,0.0,27.60416667,109.1662288,2896.0,0.0,1769.372881,804.7193749,737461.1103,746.4040069,1352.396226,5103.580841,23506.0,1.0,143354.0,3050.085106,7519.131633,24260.0,1.0,120297.0,2074.086207,6217.097888,24145.0,1.0,0.0,0.0,0.0,0.0,1232.0,1896.0,334.8354423,411.5685645,0.0,2896.0,978.8703704,1056.275692,1115718.338,0.0,0.0,0.0,1.0,0.0,0.0,0.0,0.0,1.0,988.0186916,27.60416667,1769.372881,1232.0,0.0,0.0,0.0,0.0,0.0,0.0,48.0,1325.0,59.0,104393.0,29200.0,61.0,30.0,20.0,0.0,0.0,0.0,0.0,0.0,0.0,0.0,0.0,BENIGN
443.0,142817.0,39.0,49.0,1289.0,98601.0,570.0,0.0,33.05128205,120.7289153,4344.0,0.0,2012.265306,1010.553371,699426.5389,616.1731447,1641.574713,5635.645242,23570.0,3.0,142817.0,3758.342105,8226.002721,23880.0,3.0,119208.0,2483.5,6794.208281,23987.0,3.0,0.0,0.0,0.0,0.0,1016.0,1576.0,273.0767346,343.0964101,0.0,4344.0,1122.359551,1242.769161,1544475.187,0.0,0.0,0.0,1.0,0.0,0.0,0.0,0.0,1.0,1135.113636,33.05128205,2012.265306,1016.0,0.0,0.0,0.0,0.0,0.0,0.0,39.0,1289.0,49.0,98601.0,29200.0,61.0,24.0,20.0,0.0,0.0,0.0,0.0,0.0,0.0,0.0,0.0,BENIGN
443.0,142734.0,52.0,61.0,1337.0,110185.0,570.0,0.0,25.71153846,105.010053,2896.0,0.0,1806.311475,816.6455278,781327.5043,791.6824303,1274.410714,4961.164282,23372.0,1.0,142734.0,2798.705882,7173.45366,23703.0,1.0,119469.0,1991.15,6100.689674,24134.0,1.0,0.0,0.0,0.0,0.0,1336.0,1960.0,364.3140387,427.3683916,0.0,2896.0,978.2631579,1074.820092,1155238.231,0.0,0.0,0.0,1.0,0.0,0.0,0.0,0.0,1.0,986.920354,25.71153846,1806.311475,1336.0,0.0,0.0,0.0,0.0,0.0,0.0,52.0,1337.0,61.0,110185.0,29200.0,61.0,32.0,20.0,0.0,0.0,0.0,0.0,0.0,0.0,0.0,0.0,BENIGN
443.0,127932.0,27.0,50.0,1169.0,95705.0,570.0,0.0,43.2962963,144.7992815,4344.0,0.0,1914.1,1026.790884,757230.4037,601.8822499,1683.315789,5616.204802,23192.0,1.0,127932.0,4920.461538,9001.83269,23858.0,49.0,99320.0,2026.938776,6244.399979,23856.0,1.0,0.0,0.0,0.0,0.0,872.0,1608.0,211.0496201,390.8326298,0.0,4344.0,1241.974359,1222.783412,1495199.272,0.0,0.0,0.0,1.0,0.0,0.0,0.0,0.0,1.0,1258.103896,43.2962963,1914.1,872.0,0.0,0.0,0.0,0.0,0.0,0.0,27.0,1169.0,50.0,95705.0,29200.0,61.0,4.0,32.0,0.0,0.0,0.0,0.0,0.0,0.0,0.0,0.0,BENIGN
443.0,187229.0,46.0,58.0,1319.0,107303.0,570.0,0.0,28.67391304,111.4380853,4344.0,0.0,1850.051724,1002.634712,580155.8519,555.4695053,1817.757282,6663.834004,44681.0,0.0,187229.0,4160.644444,9766.163982,44899.0,2.0,164118.0,2879.263158,8383.407065,44681.0,0.0,0.0,0.0,0.0,0.0,1180.0,1864.0,245.688435,309.7810702,0.0,4344.0,1034.495238,1176.878867,1385043.868,0.0,0.0,0.0,1.0,0.0,0.0,0.0,0.0,1.0,1044.442308,28.67391304,1850.051724,1180.0,0.0,0.0,0.0,0.0,0.0,0.0,46.0,1319.0,58.0,107303.0,29200.0,61.0,29.0,20.0,0.0,0.0,0.0,0.0,0.0,0.0,0.0,0.0,BENIGN
443.0,142653.0,49.0,61.0,1331.0,110185.0,570.0,0.0,27.16326531,108.0671757,2896.0,0.0,1806.311475,816.6455278,781729.0909,771.1019046,1308.743119,4999.051779,23190.0,0.0,142653.0,2971.9375,7370.039015,23919.0,2.0,119449.0,1990.816667,6047.590896,23774.0,2.0,0.0,0.0,0.0,0.0,1252.0,1960.0,343.4908484,427.6110562,0.0,2896.0,1004.648649,1077.055537,1160048.63,0.0,0.0,0.0,1.0,0.0,0.0,0.0,0.0,1.0,1013.781818,27.16326531,1806.311475,1252.0,0.0,0.0,0.0,0.0,0.0,0.0,49.0,1331.0,61.0,110185.0,29200.0,61.0,31.0,20.0,0.0,0.0,0.0,0.0,0.0,0.0,0.0,0.0,BENIGN
443.0,38668.0,4.0,1.0,517.0,0.0,517.0,0.0,129.25,258.5,0.0,0.0,0.0,0.0,13370.22861,129.305886,9667.0,11441.58809,23409.0,87.0,38668.0,12889.33333,11666.22893,23496.0,394.0,0.0,0.0,0.0,0.0,0.0,0.0,0.0,0.0,0.0,136.0,40.0,103.4447088,25.8611772,0.0,517.0,86.16666667,211.0643662,44548.16667,0.0,0.0,0.0,1.0,0.0,0.0,0.0,0.0,0.0,103.4,129.25,0.0,136.0,0.0,0.0,0.0,0.0,0.0,0.0,4.0,517.0,1.0,0.0,29200.0,28960.0,1.0,32.0,0.0,0.0,0.0,0.0,0.0,0.0,0.0,0.0,BENIGN
443.0,143726.0,49.0,58.0,1325.0,104393.0,570.0,0.0,27.04081633,108.0950506,2896.0,0.0,1799.87931,822.5761859,735552.3705,744.4721206,1355.90566,5122.867712,23303.0,1.0,143726.0,2994.291667,7450.305883,24179.0,1.0,120498.0,2114.0,6291.023855,24130.0,1.0,0.0,0.0,0.0,0.0,1264.0,1864.0,340.9264851,403.5456354,0.0,2896.0,978.8703704,1074.666956,1154909.067,0.0,0.0,0.0,1.0,0.0,0.0,0.0,0.0,1.0,988.0186916,27.04081633,1799.87931,1264.0,0.0,0.0,0.0,0.0,0.0,0.0,49.0,1325.0,58.0,104393.0,29200.0,61.0,30.0,20.0,0.0,0.0,0.0,0.0,0.0,0.0,0.0,0.0,BENIGN
443.0,122712.0,42.0,52.0,1301.0,95705.0,570.0,0.0,30.97619048,116.4770443,4344.0,0.0,1840.480769,951.0178343,790517.6348,766.021253,1319.483871,5092.340652,23110.0,1.0,122712.0,2992.97561,7514.903205,23800.0,1.0,99647.0,1953.862745,6124.155491,23836.0,1.0,0.0,0.0,0.0,0.0,1088.0,1672.0,342.2648152,423.7564378,0.0,4344.0,1021.115789,1147.669135,1317144.444,0.0,0.0,0.0,1.0,0.0,0.0,0.0,0.0,1.0,1031.978723,30.97619048,1840.480769,1088.0,0.0,0.0,0.0,0.0,0.0,0.0,42.0,1301.0,52.0,95705.0,29200.0,61.0,26.0,20.0,0.0,0.0,0.0,0.0,0.0,0.0,0.0,0.0,BENIGN
443.0,234766.0,44.0,57.0,1319.0,102959.0,570.0,0.0,29.97727273,113.8247303,4344.0,0.0,1806.298246,914.7553921,444178.4586,430.215619,2347.66,8419.380655,59430.0,1.0,234766.0,5459.674419,15683.39456,92861.0,48.0,211809.0,3782.303571,11948.51942,59808.0,1.0,0.0,0.0,0.0,0.0,1116.0,1832.0,187.4206657,242.7949533,0.0,4344.0,1022.333333,1120.572576,1255682.898,0.0,0.0,0.0,1.0,0.0,0.0,0.0,0.0,1.0,1032.455446,29.97727273,1806.298246,1116.0,0.0,0.0,0.0,0.0,0.0,0.0,44.0,1319.0,57.0,102959.0,29200.0,61.0,29.0,20.0,0.0,0.0,0.0,0.0,0.0,0.0,0.0,0.0,BENIGN
443.0,142541.0,51.0,68.0,1337.0,110185.0,570.0,0.0,26.21568627,105.9913796,4344.0,0.0,1620.367647,726.290594,782385.4189,834.8475176,1207.974576,4818.183476,23174.0,0.0,142541.0,2850.82,7199.231755,23598.0,0.0,119315.0,1780.820896,5790.027953,23759.0,1.0,0.0,0.0,0.0,0.0,1304.0,2184.0,357.7917932,477.0557243,0.0,4344.0,929.35,965.0896475,931398.0277,0.0,0.0,0.0,1.0,0.0,0.0,0.0,0.0,1.0,937.1596639,26.21568627,1620.367647,1304.0,0.0,0.0,0.0,0.0,0.0,0.0,51.0,1337.0,68.0,110185.0,29200.0,61.0,32.0,20.0,0.0,0.0,0.0,0.0,0.0,0.0,0.0,0.0,BENIGN
443.0,146679.0,43.0,53.0,1301.0,104393.0,570.0,0.0,30.25581395,115.178969,4344.0,0.0,1969.679245,982.5000641,720580.3148,654.4904179,1543.989474,5370.103621,23084.0,1.0,146614.0,3490.809524,7824.622947,23812.0,1.0,123722.0,2379.269231,6820.345084,28299.0,2.0,0.0,0.0,0.0,0.0,1120.0,1704.0,293.1571663,361.3332515,0.0,4344.0,1089.628866,1212.976567,1471312.152,0.0,0.0,0.0,1.0,0.0,0.0,0.0,0.0,1.0,1100.979167,30.25581395,1969.679245,1120.0,0.0,0.0,0.0,0.0,0.0,0.0,43.0,1301.0,53.0,104393.0,29200.0,61.0,26.0,20.0,0.0,0.0,0.0,0.0,0.0,0.0,0.0,0.0,BENIGN
443.0,143835.0,41.0,52.0,1301.0,101497.0,570.0,0.0,31.73170732,117.8197828,4344.0,0.0,1951.865385,1063.735335,714693.9201,646.5741996,1563.423913,5491.244336,23117.0,1.0,143732.0,3593.3,8082.79319,23864.0,1.0,120852.0,2369.647059,6654.015163,23925.0,2.0,0.0,0.0,0.0,0.0,1056.0,1672.0,285.0488407,361.5253589,0.0,4344.0,1093.595745,1244.315006,1548319.835,0.0,0.0,0.0,1.0,0.0,0.0,0.0,0.0,1.0,1105.354839,31.73170732,1951.865385,1056.0,0.0,0.0,0.0,0.0,0.0,0.0,41.0,1301.0,52.0,101497.0,29200.0,61.0,26.0,20.0,0.0,0.0,0.0,0.0,0.0,0.0,0.0,0.0,BENIGN
443.0,119714.0,19.0,26.0,1169.0,47921.0,570.0,0.0,61.52631579,170.5915748,4344.0,0.0,1843.115385,1258.471782,410060.6445,375.8958852,2720.772727,7256.270488,23746.0,5.0,119714.0,6650.777778,10518.72966,24393.0,48.0,96426.0,3857.04,8502.051466,24531.0,188.0,0.0,0.0,0.0,0.0,616.0,840.0,158.711596,217.1842892,0.0,4344.0,1067.173913,1300.648527,1691686.591,0.0,0.0,0.0,1.0,0.0,0.0,0.0,0.0,1.0,1090.888889,61.52631579,1843.115385,616.0,0.0,0.0,0.0,0.0,0.0,0.0,19.0,1169.0,26.0,47921.0,29200.0,61.0,4.0,32.0,0.0,0.0,0.0,0.0,0.0,0.0,0.0,0.0,BENIGN
443.0,142820.0,47.0,53.0,1319.0,102959.0,570.0,0.0,28.06382979,110.2994746,4344.0,0.0,1942.622642,934.0090641,730135.8353,700.1820473,1442.626263,5293.125026,23762.0,2.0,142751.0,3103.282609,7556.079823,23822.0,49.0,119058.0,2289.576923,6524.543384,23883.0,2.0,0.0,0.0,0.0,0.0,1212.0,1704.0,329.0855622,371.0964851,0.0,4344.0,1032.455446,1176.044808,1383081.39,0.0,0.0,0.0,1.0,0.0,0.0,0.0,0.0,1.0,1042.78,28.06382979,1942.622642,1212.0,0.0,0.0,0.0,0.0,0.0,0.0,47.0,1319.0,53.0,102959.0,29200.0,61.0,29.0,20.0,0.0,0.0,0.0,0.0,0.0,0.0,0.0,0.0,BENIGN
443.0,189539.0,48.0,64.0,1337.0,105841.0,570.0,0.0,27.85416667,109.1083766,2896.0,0.0,1653.765625,763.7591398,565466.7377,590.9074122,1707.558559,6628.725672,47291.0,0.0,189539.0,4032.744681,9834.662923,47310.0,1.0,166335.0,2640.238095,8255.735951,47293.0,1.0,0.0,0.0,0.0,0.0,1208.0,2056.0,253.2460338,337.6613784,0.0,2896.0,948.4778761,994.2992426,988630.9839,0.0,0.0,0.0,1.0,0.0,0.0,0.0,0.0,1.0,956.9464286,27.85416667,1653.765625,1208.0,0.0,0.0,0.0,0.0,0.0,0.0,48.0,1337.0,64.0,105841.0,29200.0,61.0,32.0,20.0,0.0,0.0,0.0,0.0,0.0,0.0,0.0,0.0,BENIGN
443.0,142826.0,46.0,58.0,1319.0,108751.0,570.0,0.0,28.67391304,111.4380853,4344.0,0.0,1875.017241,935.566598,770658.0034,728.1587386,1386.660194,5167.649797,23338.0,1.0,142780.0,3172.888889,7623.198071,23842.0,1.0,119857.0,2102.754386,6260.228485,23827.0,1.0,0.0,0.0,0.0,0.0,1180.0,1864.0,322.0702113,406.0885273,0.0,4344.0,1048.285714,1156.141957,1336664.225,0.0,0.0,0.0,1.0,0.0,0.0,0.0,0.0,1.0,1058.365385,28.67391304,1875.017241,1180.0,0.0,0.0,0.0,0.0,0.0,0.0,46.0,1319.0,58.0,108751.0,29200.0,61.0,29.0,20.0,0.0,0.0,0.0,0.0,0.0,0.0,0.0,0.0,BENIGN
443.0,23822.0,23.0,28.0,138.0,60830.0,6.0,6.0,6.0,0.0,4344.0,0.0,2172.5,1005.127834,2559314.919,2140.87818,476.44,2639.633386,18762.0,2.0,23755.0,1079.772727,3967.065077,18840.0,48.0,23759.0,879.962963,3581.575099,18798.0,2.0,0.0,0.0,0.0,0.0,460.0,896.0,965.4940811,1175.384099,0.0,4344.0,1172.576923,1313.093539,1724214.641,1.0,0.0,0.0,0.0,0.0,0.0,0.0,0.0,1.0,1195.568627,6.0,2172.5,460.0,0.0,0.0,0.0,0.0,0.0,0.0,23.0,138.0,28.0,60830.0,0.0,61.0,22.0,20.0,0.0,0.0,0.0,0.0,0.0,0.0,0.0,0.0,BENIGN
443.0,187835.0,48.0,56.0,1337.0,105841.0,570.0,0.0,27.85416667,109.1083766,4344.0,0.0,1890.017857,1025.776699,570596.5342,553.6774297,1823.640777,6758.33655,45968.0,0.0,187835.0,3996.489362,9715.412867,46158.0,1.0,164466.0,2990.290909,8626.696264,45968.0,2.0,0.0,0.0,0.0,0.0,1208.0,1800.0,255.5434291,298.1340006,0.0,4344.0,1020.742857,1197.388754,1433739.827,0.0,0.0,0.0,1.0,0.0,0.0,0.0,0.0,1.0,1030.557692,27.85416667,1890.017857,1208.0,0.0,0.0,0.0,0.0,0.0,0.0,48.0,1337.0,56.0,105841.0,29200.0,61.0,32.0,20.0,0.0,0.0,0.0,0.0,0.0,0.0,0.0,0.0,BENIGN
443.0,142291.0,43.0,60.0,1301.0,102959.0,570.0,0.0,30.25581395,115.178969,2910.0,0.0,1715.983333,772.309205,732723.7844,723.8686916,1395.009804,5194.920565,23414.0,0.0,142290.0,3387.857143,7814.139244,23821.0,1.0,119341.0,2022.728814,6177.415107,24023.0,1.0,0.0,0.0,0.0,0.0,1120.0,1928.0,302.1976091,421.6710825,0.0,2910.0,1002.5,1023.714207,1047990.777,0.0,0.0,0.0,1.0,0.0,0.0,0.0,0.0,1.0,1012.23301,30.25581395,1715.983333,1120.0,0.0,0.0,0.0,0.0,0.0,0.0,43.0,1301.0,60.0,102959.0,29200.0,61.0,26.0,20.0,0.0,0.0,0.0,0.0,0.0,0.0,0.0,0.0,BENIGN
443.0,143701.0,47.0,62.0,1313.0,107289.0,570.0,0.0,27.93617021,110.3290344,4344.0,0.0,1730.467742,817.860538,755749.786,758.5194258,1330.564815,5084.522209,24139.0,0.0,143701.0,3123.934783,7538.411582,24865.0,1.0,120430.0,1974.262295,6124.64025,24917.0,3.0,0.0,0.0,0.0,0.0,1224.0,1992.0,327.0680093,431.4514165,0.0,4344.0,987.2909091,1048.536108,1099427.97,0.0,0.0,0.0,1.0,0.0,0.0,0.0,0.0,1.0,996.3486239,27.93617021,1730.467742,1224.0,0.0,0.0,0.0,0.0,0.0,0.0,47.0,1313.0,62.0,107289.0,29200.0,61.0,28.0,20.0,0.0,0.0,0.0,0.0,0.0,0.0,0.0,0.0,BENIGN
443.0,196404.0,48.0,57.0,1331.0,100049.0,570.0,0.0,27.72916667,109.1373797,2896.0,0.0,1755.245614,849.0405568,516180.9332,534.6123297,1888.5,7301.28388,54483.0,1.0,196404.0,4178.808511,10566.92342,54607.0,2.0,173335.0,3095.267857,9394.001822,54483.0,1.0,0.0,0.0,0.0,0.0,1220.0,1832.0,244.3942079,290.2181218,0.0,2896.0,956.4150943,1067.327065,1139187.064,0.0,0.0,0.0,1.0,0.0,0.0,0.0,0.0,1.0,965.5238095,27.72916667,1755.245614,1220.0,0.0,0.0,0.0,0.0,0.0,0.0,48.0,1331.0,57.0,100049.0,29200.0,61.0,31.0,20.0,0.0,0.0,0.0,0.0,0.0,0.0,0.0,0.0,BENIGN
443.0,142241.0,43.0,54.0,1313.0,98601.0,570.0,0.0,30.53488372,115.1109917,4344.0,0.0,1825.944444,1055.114023,702427.5701,681.9412124,1481.677083,5341.505696,23229.0,1.0,142241.0,3386.690476,7825.631166,23860.0,15.0,118989.0,2245.075472,6458.406966,23870.0,1.0,0.0,0.0,0.0,0.0,1096.0,1736.0,302.3038364,379.637376,0.0,4344.0,1019.530612,1191.78571,1420353.179,0.0,0.0,0.0,1.0,0.0,0.0,0.0,0.0,1.0,1030.041237,30.53488372,1825.944444,1096.0,0.0,0.0,0.0,0.0,0.0,0.0,43.0,1313.0,54.0,98601.0,29200.0,61.0,28.0,20.0,0.0,0.0,0.0,0.0,0.0,0.0,0.0,0.0,BENIGN
443.0,224404.0,44.0,58.0,1325.0,108751.0,570.0,0.0,30.11363636,113.7915712,4344.0,0.0,1875.017241,1010.797054,490526.0156,454.5373523,2221.821782,8086.512171,61304.0,0.0,224404.0,5218.697674,13980.33693,79310.0,1.0,201184.0,3529.54386,10969.71137,61811.0,2.0,0.0,0.0,0.0,0.0,1104.0,1864.0,196.0749363,258.462416,0.0,4344.0,1068.699029,1192.731589,1422608.644,0.0,0.0,0.0,1.0,0.0,0.0,0.0,0.0,1.0,1079.176471,30.11363636,1875.017241,1104.0,0.0,0.0,0.0,0.0,0.0,0.0,44.0,1325.0,58.0,108751.0,29200.0,61.0,30.0,20.0,0.0,0.0,0.0,0.0,0.0,0.0,0.0,0.0,BENIGN
443.0,143577.0,43.0,55.0,1301.0,107289.0,570.0,0.0,30.25581395,115.178969,4344.0,0.0,1950.709091,928.2303887,756318.909,682.5605773,1480.175258,5316.455522,23220.0,2.0,143530.0,3417.380952,7846.824009,23823.0,2.0,120357.0,2228.833333,6441.592862,23889.0,2.0,0.0,0.0,0.0,0.0,1120.0,1768.0,299.4908655,383.0697117,0.0,4344.0,1096.868687,1183.665309,1401063.564,0.0,0.0,0.0,1.0,0.0,0.0,0.0,0.0,1.0,1108.061224,30.25581395,1950.709091,1120.0,0.0,0.0,0.0,0.0,0.0,0.0,43.0,1301.0,55.0,107289.0,29200.0,61.0,26.0,20.0,0.0,0.0,0.0,0.0,0.0,0.0,0.0,0.0,BENIGN
443.0,267407.0,75.0,105.0,1463.0,215903.0,570.0,0.0,19.50666667,87.68623013,4344.0,0.0,2056.219048,976.662921,812865.7814,673.1312195,1493.893855,7043.843827,59696.0,-1.0,267363.0,3613.013514,14189.90182,113051.0,1.0,244113.0,2347.240385,10278.35713,76577.0,1.0,0.0,0.0,0.0,0.0,1820.0,3368.0,280.4713414,392.659878,0.0,4344.0,1200.917127,1253.229942,1570585.288,0.0,0.0,0.0,1.0,0.0,0.0,0.0,0.0,1.0,1207.588889,19.50666667,2056.219048,1820.0,0.0,0.0,0.0,0.0,0.0,0.0,75.0,1463.0,105.0,215903.0,29200.0,61.0,53.0,20.0,0.0,0.0,0.0,0.0,0.0,0.0,0.0,0.0,BENIGN
443.0,149954.0,50.0,55.0,1337.0,105855.0,570.0,0.0,26.74,107.0006313,4344.0,0.0,1924.636364,962.5228302,714832.5486,700.2147325,1441.865385,5187.461349,23254.0,1.0,149954.0,3060.285714,7358.88454,23830.0,1.0,126804.0,2348.222222,6952.504562,30938.0,2.0,0.0,0.0,0.0,0.0,1272.0,1768.0,333.4355869,366.7791456,0.0,4344.0,1011.245283,1179.023194,1390095.692,0.0,0.0,0.0,1.0,0.0,0.0,0.0,0.0,1.0,1020.87619,26.74,1924.636364,1272.0,0.0,0.0,0.0,0.0,0.0,0.0,50.0,1337.0,55.0,105855.0,29200.0,61.0,32.0,20.0,0.0,0.0,0.0,0.0,0.0,0.0,0.0,0.0,BENIGN
443.0,190688.0,47.0,60.0,1331.0,105841.0,570.0,0.0,28.31914894,110.239878,2896.0,0.0,1764.016667,842.2550138,562028.0248,561.1260279,1798.943396,6815.065796,48041.0,1.0,190688.0,4145.391304,10029.9497,48249.0,1.0,167614.0,2840.915254,8584.163937,48041.0,1.0,0.0,0.0,0.0,0.0,1188.0,1928.0,246.4759188,314.6501091,0.0,2896.0,992.3333333,1071.316249,1147718.505,0.0,0.0,0.0,1.0,0.0,0.0,0.0,0.0,1.0,1001.607477,28.31914894,1764.016667,1188.0,0.0,0.0,0.0,0.0,0.0,0.0,47.0,1331.0,60.0,105841.0,29200.0,61.0,31.0,20.0,0.0,0.0,0.0,0.0,0.0,0.0,0.0,0.0,BENIGN
443.0,118946.0,21.0,25.0,1169.0,46473.0,570.0,0.0,55.66666667,162.8920911,4344.0,0.0,1858.92,1211.713866,400534.6964,386.7301128,2643.244444,7136.207186,23269.0,4.0,118946.0,5947.3,10046.95397,23655.0,64.0,95584.0,3982.666667,8580.469378,24000.0,49.0,0.0,0.0,0.0,0.0,680.0,808.0,176.5507037,210.1794091,0.0,4344.0,1013.659574,1267.748625,1607186.577,0.0,0.0,0.0,1.0,0.0,0.0,0.0,0.0,1.0,1035.695652,55.66666667,1858.92,680.0,0.0,0.0,0.0,0.0,0.0,0.0,21.0,1169.0,25.0,46473.0,29200.0,61.0,4.0,32.0,0.0,0.0,0.0,0.0,0.0,0.0,0.0,0.0,BENIGN
443.0,23623.0,28.0,32.0,168.0,57920.0,6.0,6.0,6.0,0.0,2896.0,0.0,1810.0,822.408736,2458959.489,2539.897557,400.3898305,2407.127592,18569.0,0.0,23546.0,872.0740741,3550.558363,18633.0,1.0,23451.0,756.483871,3307.031185,18569.0,1.0,0.0,0.0,0.0,0.0,560.0,1024.0,1185.285527,1354.612031,0.0,2896.0,952.3606557,1083.796138,1174614.068,1.0,0.0,0.0,0.0,0.0,0.0,0.0,0.0,1.0,968.2333333,6.0,1810.0,560.0,0.0,0.0,0.0,0.0,0.0,0.0,28.0,168.0,32.0,57920.0,0.0,61.0,27.0,20.0,0.0,0.0,0.0,0.0,0.0,0.0,0.0,0.0,BENIGN
443.0,148237.0,48.0,60.0,1319.0,110185.0,570.0,0.0,27.47916667,109.1949242,4344.0,0.0,1836.416667,874.1511193,752200.8675,728.5630443,1385.392523,5056.007739,23228.0,1.0,148237.0,3153.978723,7381.138461,23619.0,1.0,125282.0,2123.423729,6496.688146,29687.0,1.0,0.0,0.0,0.0,0.0,1244.0,1928.0,323.8057975,404.7572468,0.0,4344.0,1022.972477,1113.723189,1240379.342,0.0,0.0,0.0,1.0,0.0,0.0,0.0,0.0,1.0,1032.444444,27.47916667,1836.416667,1244.0,0.0,0.0,0.0,0.0,0.0,0.0,48.0,1319.0,60.0,110185.0,29200.0,61.0,29.0,20.0,0.0,0.0,0.0,0.0,0.0,0.0,0.0,0.0,BENIGN
443.0,142601.0,45.0,57.0,1301.0,110185.0,570.0,0.0,28.91111111,112.7073488,4344.0,0.0,1933.070175,956.2588535,781803.7742,715.2825015,1411.891089,5211.045551,23367.0,1.0,142601.0,3240.931818,7658.848706,23949.0,1.0,119403.0,2132.196429,6299.0622,24100.0,2.0,0.0,0.0,0.0,0.0,1184.0,1832.0,315.5658095,399.716692,0.0,4344.0,1082.38835,1188.708594,1413028.122,0.0,0.0,0.0,1.0,0.0,0.0,0.0,0.0,1.0,1093.0,28.91111111,1933.070175,1184.0,0.0,0.0,0.0,0.0,0.0,0.0,45.0,1301.0,57.0,110185.0,29200.0,61.0,26.0,20.0,0.0,0.0,0.0,0.0,0.0,0.0,0.0,0.0,BENIGN
443.0,190581.0,48.0,59.0,1337.0,105841.0,570.0,0.0,27.85416667,109.1083766,4344.0,0.0,1793.915254,900.9242053,562375.0531,561.4410671,1797.933962,6844.318487,48688.0,1.0,190581.0,4054.914894,9977.946551,48843.0,48.0,167325.0,2884.913793,8678.204298,48688.0,1.0,0.0,0.0,0.0,0.0,1208.0,1896.0,251.8614133,309.5796538,0.0,4344.0,992.3888889,1107.243878,1225989.006,0.0,0.0,0.0,1.0,0.0,0.0,0.0,0.0,1.0,1001.663551,27.85416667,1793.915254,1208.0,0.0,0.0,0.0,0.0,0.0,0.0,48.0,1337.0,59.0,105841.0,29200.0,61.0,32.0,20.0,0.0,0.0,0.0,0.0,0.0,0.0,0.0,0.0,BENIGN
443.0,144000.0,45.0,56.0,1319.0,110185.0,570.0,0.0,29.31111111,112.6125341,4344.0,0.0,1967.589286,1007.169423,774333.3333,701.3888889,1440.0,5288.945821,24530.0,0.0,143988.0,3272.454545,7749.252277,24641.0,1.0,119470.0,2172.181818,6349.958245,24038.0,2.0,0.0,0.0,0.0,0.0,1148.0,1800.0,312.5,388.8888889,0.0,4344.0,1093.176471,1223.909459,1497954.365,0.0,0.0,0.0,1.0,0.0,0.0,0.0,0.0,1.0,1104.0,29.31111111,1967.589286,1148.0,0.0,0.0,0.0,0.0,0.0,0.0,45.0,1319.0,56.0,110185.0,29200.0,61.0,29.0,20.0,0.0,0.0,0.0,0.0,0.0,0.0,0.0,0.0,BENIGN
443.0,142239.0,43.0,54.0,1313.0,104393.0,570.0,0.0,30.53488372,115.1109917,4344.0,0.0,1933.203704,1009.42467,743157.6431,681.9508011,1481.65625,5326.095858,23158.0,1.0,142239.0,3386.642857,7820.074249,23846.0,2.0,119076.0,2246.716981,6436.034082,23770.0,2.0,0.0,0.0,0.0,0.0,1096.0,1736.0,302.3080871,379.642714,0.0,4344.0,1078.632653,1211.607643,1467993.08,0.0,0.0,0.0,1.0,0.0,0.0,0.0,0.0,1.0,1089.752577,30.53488372,1933.203704,1096.0,0.0,0.0,0.0,0.0,0.0,0.0,43.0,1313.0,54.0,104393.0,29200.0,61.0,28.0,20.0,0.0,0.0,0.0,0.0,0.0,0.0,0.0,0.0,BENIGN
443.0,143462.0,49.0,63.0,1325.0,110185.0,570.0,0.0,27.04081633,108.0950506,4344.0,0.0,1748.968254,824.4211062,777279.0007,780.6945393,1292.45045,4976.439532,23271.0,0.0,143462.0,2988.791667,7341.58903,23806.0,1.0,120101.0,1937.112903,6067.335043,24553.0,2.0,0.0,0.0,0.0,0.0,1264.0,2024.0,341.553861,439.1406784,0.0,4344.0,986.8141593,1058.159863,1119702.296,0.0,0.0,0.0,1.0,0.0,0.0,0.0,0.0,1.0,995.625,27.04081633,1748.968254,1264.0,0.0,0.0,0.0,0.0,0.0,0.0,49.0,1325.0,63.0,110185.0,29200.0,61.0,30.0,20.0,0.0,0.0,0.0,0.0,0.0,0.0,0.0,0.0,BENIGN
443.0,186148.0,48.0,55.0,1325.0,105841.0,570.0,0.0,27.60416667,109.1662288,4344.0,0.0,1924.381818,962.649286,575703.2039,553.3231622,1824.980392,6698.65974,44210.0,1.0,186148.0,3960.595745,9549.420573,44259.0,1.0,163067.0,3019.759259,8591.180822,44236.0,1.0,0.0,0.0,0.0,0.0,1232.0,1768.0,257.8593377,295.4638245,0.0,4344.0,1030.442308,1181.93629,1396973.395,0.0,0.0,0.0,1.0,0.0,0.0,0.0,0.0,1.0,1040.446602,27.60416667,1924.381818,1232.0,0.0,0.0,0.0,0.0,0.0,0.0,48.0,1325.0,55.0,105841.0,29200.0,61.0,30.0,20.0,0.0,0.0,0.0,0.0,0.0,0.0,0.0,0.0,BENIGN
443.0,142726.0,49.0,60.0,1325.0,104393.0,570.0,0.0,27.04081633,108.0950506,2896.0,0.0,1739.883333,785.9394053,740705.9681,763.7010776,1321.537037,5047.507118,23265.0,1.0,142726.0,2973.458333,7391.850728,23882.0,1.0,119443.0,2024.457627,6146.465122,23914.0,1.0,0.0,0.0,0.0,0.0,1264.0,1928.0,343.3151633,420.3859143,0.0,2896.0,961.0727273,1036.357353,1074036.563,0.0,0.0,0.0,1.0,0.0,0.0,0.0,0.0,1.0,969.8899083,27.04081633,1739.883333,1264.0,0.0,0.0,0.0,0.0,0.0,0.0,49.0,1325.0,60.0,104393.0,29200.0,61.0,30.0,20.0,0.0,0.0,0.0,0.0,0.0,0.0,0.0,0.0,BENIGN
443.0,141542.0,44.0,54.0,1295.0,101497.0,570.0,0.0,29.43181818,113.9556008,4344.0,0.0,1879.574074,911.9591931,726229.6703,692.373995,1459.195876,5272.667679,23188.0,1.0,141542.0,3291.674419,7697.394923,23762.0,1.0,118507.0,2235.981132,6422.275955,23911.0,1.0,0.0,0.0,0.0,0.0,1164.0,1736.0,310.8617937,381.5122013,0.0,4344.0,1038.30303,1146.053027,1313437.54,0.0,0.0,0.0,1.0,0.0,0.0,0.0,0.0,1.0,1048.897959,29.43181818,1879.574074,1164.0,0.0,0.0,0.0,0.0,0.0,0.0,44.0,1295.0,54.0,101497.0,29200.0,61.0,25.0,20.0,0.0,0.0,0.0,0.0,0.0,0.0,0.0,0.0,BENIGN
443.0,109618.0,21.0,23.0,1169.0,43577.0,570.0,0.0,55.66666667,162.8920911,4344.0,0.0,1894.652174,1180.86115,408199.3833,401.3939317,2549.255814,6881.422971,23256.0,3.0,109618.0,5480.9,9451.861648,23591.0,34.0,73802.0,3354.636364,8121.280907,24023.0,3.0,0.0,0.0,0.0,0.0,680.0,744.0,191.5743765,209.8195552,0.0,4344.0,994.3555556,1255.38026,1575979.598,0.0,0.0,0.0,1.0,0.0,0.0,0.0,0.0,1.0,1016.954545,55.66666667,1894.652174,680.0,0.0,0.0,0.0,0.0,0.0,0.0,21.0,1169.0,23.0,43577.0,29200.0,61.0,4.0,32.0,0.0,0.0,0.0,0.0,0.0,0.0,0.0,0.0,BENIGN
443.0,188543.0,49.0,66.0,1337.0,105841.0,570.0,0.0,27.28571429,108.0391519,4344.0,0.0,1603.651515,763.195559,568453.8805,609.940438,1653.885965,6330.098686,43875.0,0.0,188543.0,3927.979167,9528.618534,43896.0,1.0,165320.0,2543.384615,7853.02101,43877.0,1.0,0.0,0.0,0.0,0.0,1240.0,2120.0,259.8876649,350.0527731,0.0,4344.0,923.9482759,974.2881267,949237.3538,0.0,0.0,0.0,1.0,0.0,0.0,0.0,0.0,1.0,931.9826087,27.28571429,1603.651515,1240.0,0.0,0.0,0.0,0.0,0.0,0.0,49.0,1337.0,66.0,105841.0,29200.0,61.0,32.0,20.0,0.0,0.0,0.0,0.0,0.0,0.0,0.0,0.0,BENIGN
443.0,141771.0,47.0,55.0,1337.0,102959.0,570.0,0.0,28.44680851,110.2098411,4344.0,0.0,1871.981818,987.674457,735665.263,719.4701314,1403.673267,5209.030586,23235.0,1.0,141771.0,3081.978261,7517.765192,23840.0,1.0,118614.0,2196.555556,6404.630514,23816.0,1.0,0.0,0.0,0.0,0.0,1176.0,1768.0,331.5205507,387.9495807,0.0,4344.0,1012.582524,1173.242837,1376498.755,0.0,0.0,0.0,1.0,0.0,0.0,0.0,0.0,1.0,1022.509804,28.44680851,1871.981818,1176.0,0.0,0.0,0.0,0.0,0.0,0.0,47.0,1337.0,55.0,102959.0,29200.0,61.0,32.0,20.0,0.0,0.0,0.0,0.0,0.0,0.0,0.0,0.0,BENIGN
443.0,216108.0,48.0,58.0,1319.0,110185.0,570.0,0.0,27.47916667,109.1949242,4344.0,0.0,1899.741379,942.9987732,515964.2401,490.495493,2058.171429,8002.078303,64145.0,0.0,216108.0,4598.042553,12697.90822,73694.0,1.0,193078.0,3387.333333,10727.92154,64588.0,1.0,0.0,0.0,0.0,0.0,1244.0,1864.0,222.1111666,268.3843264,0.0,4344.0,1042.093458,1167.197608,1362350.255,0.0,0.0,0.0,1.0,0.0,0.0,0.0,0.0,1.0,1051.924528,27.47916667,1899.741379,1244.0,0.0,0.0,0.0,0.0,0.0,0.0,48.0,1319.0,58.0,110185.0,29200.0,61.0,29.0,20.0,0.0,0.0,0.0,0.0,0.0,0.0,0.0,0.0,BENIGN
443.0,198167.0,44.0,52.0,1319.0,101511.0,570.0,0.0,29.97727273,113.8247303,4344.0,0.0,1952.134615,1063.607071,518905.7714,484.4398916,2085.968421,6999.961701,44223.0,1.0,198167.0,4608.534884,9974.097306,44267.0,1.0,174924.0,3429.882353,9474.22178,44256.0,1.0,0.0,0.0,0.0,0.0,1116.0,1672.0,222.0349503,262.4049413,0.0,4344.0,1060.103093,1239.302757,1535871.323,0.0,0.0,0.0,1.0,0.0,0.0,0.0,0.0,1.0,1071.145833,29.97727273,1952.134615,1116.0,0.0,0.0,0.0,0.0,0.0,0.0,44.0,1319.0,52.0,101511.0,29200.0,61.0,29.0,20.0,0.0,0.0,0.0,0.0,0.0,0.0,0.0,0.0,BENIGN
443.0,129383.0,42.0,50.0,1289.0,95705.0,570.0,0.0,30.69047619,116.5469628,2896.0,0.0,1914.1,893.0622907,749665.7212,711.0671417,1421.791209,5192.797404,23139.0,2.0,129268.0,3152.878049,7529.607261,23865.0,44.0,106408.0,2171.591837,6814.629593,30655.0,2.0,0.0,0.0,0.0,0.0,1112.0,1608.0,324.6176082,386.4495336,0.0,2896.0,1042.946237,1150.171711,1322894.964,0.0,0.0,0.0,1.0,0.0,0.0,0.0,0.0,1.0,1054.282609,30.69047619,1914.1,1112.0,0.0,0.0,0.0,0.0,0.0,0.0,42.0,1289.0,50.0,95705.0,29200.0,61.0,24.0,20.0,0.0,0.0,0.0,0.0,0.0,0.0,0.0,0.0,BENIGN
443.0,123065.0,40.0,51.0,1289.0,95705.0,570.0,0.0,32.225,119.2855844,4344.0,0.0,1876.568627,1010.536575,788152.6023,739.4466339,1367.388889,5197.156249,23364.0,1.0,123065.0,3155.512821,7718.744754,24094.0,2.0,99795.0,1995.9,6205.076672,24106.0,1.0,0.0,0.0,0.0,0.0,1048.0,1640.0,325.0314874,414.4151465,0.0,4344.0,1054.282609,1190.593133,1417512.007,0.0,0.0,0.0,1.0,0.0,0.0,0.0,0.0,1.0,1065.868132,32.225,1876.568627,1048.0,0.0,0.0,0.0,0.0,0.0,0.0,40.0,1289.0,51.0,95705.0,29200.0,61.0,24.0,20.0,0.0,0.0,0.0,0.0,0.0,0.0,0.0,0.0,BENIGN
443.0,141527.0,45.0,53.0,1319.0,104393.0,570.0,0.0,29.31111111,112.6125341,4344.0,0.0,1969.679245,982.5000641,746938.7467,692.4473775,1459.041237,5299.311722,23358.0,0.0,141527.0,3216.522727,7597.803029,23619.0,47.0,118501.0,2278.865385,6507.193287,24021.0,2.0,0.0,0.0,0.0,0.0,1148.0,1704.0,317.9605305,374.486847,0.0,4344.0,1067.79798,1210.22113,1464635.183,0.0,0.0,0.0,1.0,0.0,0.0,0.0,0.0,1.0,1078.693878,29.31111111,1969.679245,1148.0,0.0,0.0,0.0,0.0,0.0,0.0,45.0,1319.0,53.0,104393.0,29200.0,61.0,29.0,20.0,0.0,0.0,0.0,0.0,0.0,0.0,0.0,0.0,BENIGN
443.0,142160.0,47.0,58.0,1325.0,110185.0,570.0,0.0,28.19148936,110.2697559,4344.0,0.0,1899.741379,903.1490048,784397.8616,738.6043894,1366.923077,5116.357022,23272.0,1.0,142114.0,3089.434783,7440.62187,23602.0,1.0,119129.0,2089.982456,6230.654281,24114.0,2.0,0.0,0.0,0.0,0.0,1200.0,1864.0,330.6133934,407.9909961,0.0,4344.0,1051.981132,1151.011679,1324827.885,0.0,0.0,0.0,1.0,0.0,0.0,0.0,0.0,1.0,1062.0,28.19148936,1899.741379,1200.0,0.0,0.0,0.0,0.0,0.0,0.0,47.0,1325.0,58.0,110185.0,29200.0,61.0,30.0,20.0,0.0,0.0,0.0,0.0,0.0,0.0,0.0,0.0,BENIGN
443.0,197510.0,49.0,57.0,1337.0,100049.0,570.0,0.0,27.28571429,108.0391519,2896.0,0.0,1755.245614,849.0405568,513320.8445,536.681687,1881.047619,7330.923114,55187.0,1.0,197510.0,4114.791667,10555.77571,55325.0,1.0,173895.0,3105.267857,9457.969593,55187.0,1.0,0.0,0.0,0.0,0.0,1240.0,1832.0,248.0887044,288.5929826,0.0,2896.0,947.5327103,1066.246673,1136881.968,0.0,0.0,0.0,1.0,0.0,0.0,0.0,0.0,1.0,956.4716981,27.28571429,1755.245614,1240.0,0.0,0.0,0.0,0.0,0.0,0.0,49.0,1337.0,57.0,100049.0,29200.0,61.0,32.0,20.0,0.0,0.0,0.0,0.0,0.0,0.0,0.0,0.0,BENIGN
443.0,143658.0,47.0,63.0,1313.0,104393.0,570.0,0.0,27.93617021,110.3290344,2896.0,0.0,1657.031746,724.1596457,735817.0098,765.7074441,1317.963303,5060.616419,23984.0,0.0,143658.0,3123.0,7569.860768,24373.0,1.0,120127.0,1937.532258,6052.340368,24438.0,47.0,0.0,0.0,0.0,0.0,1224.0,2024.0,327.1659079,438.5415361,0.0,2896.0,952.3063063,978.9971009,958435.3235,0.0,0.0,0.0,1.0,0.0,0.0,0.0,0.0,1.0,960.9636364,27.93617021,1657.031746,1224.0,0.0,0.0,0.0,0.0,0.0,0.0,47.0,1313.0,63.0,104393.0,29200.0,61.0,28.0,20.0,0.0,0.0,0.0,0.0,0.0,0.0,0.0,0.0,BENIGN
443.0,197458.0,48.0,58.0,1331.0,100049.0,570.0,0.0,27.72916667,109.1373797,2896.0,0.0,1724.982759,829.3209332,513425.6399,536.8230206,1880.552381,7265.795482,53891.0,1.0,197458.0,4201.234043,10556.0401,53952.0,1.0,173430.0,3042.631579,9286.090427,53927.0,1.0,0.0,0.0,0.0,0.0,1220.0,1864.0,243.0896697,293.7333509,0.0,2896.0,947.4766355,1047.582188,1097428.44,0.0,0.0,0.0,1.0,0.0,0.0,0.0,0.0,1.0,956.4150943,27.72916667,1724.982759,1220.0,0.0,0.0,0.0,0.0,0.0,0.0,48.0,1331.0,58.0,100049.0,29200.0,61.0,31.0,20.0,0.0,0.0,0.0,0.0,0.0,0.0,0.0,0.0,BENIGN
443.0,187013.0,49.0,62.0,1343.0,105841.0,570.0,0.0,27.40816327,108.0109791,2896.0,0.0,1707.112903,804.598996,573136.6269,593.5416254,1700.118182,6446.677144,44013.0,0.0,187013.0,3896.104167,9478.584779,44214.0,1.0,163451.0,2679.52459,8080.918876,44013.0,0.0,0.0,0.0,0.0,0.0,1228.0,1992.0,262.0138707,331.5277548,0.0,2896.0,957.0,1031.898434,1064814.378,0.0,0.0,0.0,1.0,0.0,0.0,0.0,0.0,1.0,965.6216216,27.40816327,1707.112903,1228.0,0.0,0.0,0.0,0.0,0.0,0.0,49.0,1343.0,62.0,105841.0,29200.0,61.0,33.0,20.0,0.0,0.0,0.0,0.0,0.0,0.0,0.0,0.0,BENIGN
443.0,142868.0,43.0,53.0,1319.0,102959.0,570.0,0.0,30.6744186,115.0767282,4344.0,0.0,1942.622642,934.426361,729890.5283,671.9489319,1503.873684,5391.456828,23648.0,2.0,142868.0,3401.619048,7847.057211,23699.0,2.0,119182.0,2291.961538,6540.381808,23893.0,2.0,0.0,0.0,0.0,0.0,1084.0,1704.0,300.9771257,370.9718061,0.0,4344.0,1075.030928,1181.052659,1394885.384,0.0,0.0,0.0,1.0,0.0,0.0,0.0,0.0,1.0,1086.229167,30.6744186,1942.622642,1084.0,0.0,0.0,0.0,0.0,0.0,0.0,43.0,1319.0,53.0,102959.0,29200.0,61.0,29.0,20.0,0.0,0.0,0.0,0.0,0.0,0.0,0.0,0.0,BENIGN
443.0,153015.0,22.0,27.0,1169.0,46473.0,570.0,0.0,53.13636364,159.4088172,4344.0,0.0,1721.222222,1057.155412,311355.0959,320.2300428,3187.8125,8339.441059,34687.0,2.0,153015.0,7286.428571,11662.37259,34687.0,48.0,129730.0,4989.615385,13062.67685,58382.0,2.0,0.0,0.0,0.0,0.0,712.0,872.0,143.7767539,176.4532889,0.0,4344.0,952.84,1145.068617,1311182.137,0.0,0.0,0.0,1.0,0.0,0.0,0.0,0.0,1.0,972.2857143,53.13636364,1721.222222,712.0,0.0,0.0,0.0,0.0,0.0,0.0,22.0,1169.0,27.0,46473.0,29200.0,61.0,4.0,32.0,0.0,0.0,0.0,0.0,0.0,0.0,0.0,0.0,BENIGN
443.0,82618.0,12.0,12.0,1169.0,14617.0,570.0,0.0,97.41666667,209.2998972,4344.0,0.0,1218.083333,1197.015566,191072.1635,290.493597,3592.086957,7949.862554,23269.0,4.0,82618.0,7510.727273,10492.2245,23798.0,4.0,51250.0,4659.090909,10006.18675,26335.0,4.0,0.0,0.0,0.0,0.0,392.0,392.0,145.2467985,145.2467985,0.0,4344.0,631.44,1004.030879,1008078.007,0.0,0.0,0.0,1.0,0.0,0.0,0.0,0.0,1.0,657.75,97.41666667,1218.083333,392.0,0.0,0.0,0.0,0.0,0.0,0.0,12.0,1169.0,12.0,14617.0,29200.0,61.0,4.0,32.0,0.0,0.0,0.0,0.0,0.0,0.0,0.0,0.0,BENIGN
443.0,143452.0,48.0,65.0,1319.0,113081.0,570.0,0.0,27.47916667,109.1949242,2896.0,0.0,1739.707692,771.784979,797479.2962,787.7199342,1280.821429,4947.823282,23203.0,0.0,143452.0,3052.170213,7420.001926,23682.0,1.0,120061.0,1875.953125,5911.48493,23837.0,1.0,0.0,0.0,0.0,0.0,1244.0,2088.0,334.6066977,453.1132365,0.0,2896.0,1003.508772,1033.273279,1067653.668,0.0,0.0,0.0,1.0,0.0,0.0,0.0,0.0,1.0,1012.389381,27.47916667,1739.707692,1244.0,0.0,0.0,0.0,0.0,0.0,0.0,48.0,1319.0,65.0,113081.0,29200.0,61.0,29.0,20.0,0.0,0.0,0.0,0.0,0.0,0.0,0.0,0.0,BENIGN
443.0,24058.0,27.0,30.0,162.0,60816.0,6.0,6.0,6.0,0.0,4344.0,0.0,2027.2,976.9144388,2534624.657,2369.274254,429.6071429,2535.944857,19062.0,1.0,24040.0,924.6153846,3715.852904,19139.0,48.0,23982.0,826.9655172,3509.933185,19074.0,1.0,0.0,0.0,0.0,0.0,540.0,960.0,1122.287804,1246.986449,0.0,4344.0,1051.448276,1234.320428,1523546.918,1.0,0.0,0.0,0.0,0.0,0.0,0.0,0.0,1.0,1069.894737,6.0,2027.2,540.0,0.0,0.0,0.0,0.0,0.0,0.0,27.0,162.0,30.0,60816.0,0.0,61.0,26.0,20.0,0.0,0.0,0.0,0.0,0.0,0.0,0.0,0.0,BENIGN
443.0,198395.0,45.0,56.0,1325.0,100049.0,570.0,0.0,29.44444444,112.5805884,4344.0,0.0,1786.589286,910.740214,510970.5386,509.0854104,1983.95,7514.493952,55243.0,1.0,198395.0,4508.977273,11014.54612,55403.0,1.0,175304.0,3187.345455,9578.161471,55243.0,1.0,0.0,0.0,0.0,0.0,1136.0,1800.0,226.8202324,282.2651781,0.0,4344.0,993.8627451,1108.968578,1229811.308,0.0,0.0,0.0,1.0,0.0,0.0,0.0,0.0,1.0,1003.70297,29.44444444,1786.589286,1136.0,0.0,0.0,0.0,0.0,0.0,0.0,45.0,1325.0,56.0,100049.0,29200.0,61.0,30.0,20.0,0.0,0.0,0.0,0.0,0.0,0.0,0.0,0.0,BENIGN
443.0,118945.0,19.0,25.0,1169.0,43577.0,570.0,0.0,61.52631579,170.5915748,4344.0,0.0,1743.08,1097.265006,376190.6764,369.9188701,2766.162791,7290.202313,23245.0,3.0,118945.0,6608.055556,10443.5814,23939.0,3.0,95645.0,3985.208333,8638.10946,24318.0,14.0,0.0,0.0,0.0,0.0,616.0,808.0,159.7376939,210.1811762,0.0,4344.0,994.3555556,1177.017478,1385370.143,0.0,0.0,0.0,1.0,0.0,0.0,0.0,0.0,1.0,1016.954545,61.52631579,1743.08,616.0,0.0,0.0,0.0,0.0,0.0,0.0,19.0,1169.0,25.0,43577.0,29200.0,61.0,4.0,32.0,0.0,0.0,0.0,0.0,0.0,0.0,0.0,0.0,BENIGN
443.0,142273.0,47.0,54.0,1319.0,101497.0,570.0,0.0,28.06382979,110.2994746,4344.0,0.0,1879.574074,911.9591931,722666.9853,709.9027925,1422.73,5217.059239,23243.0,1.0,142225.0,3091.847826,7513.501276,23886.0,48.0,119205.0,2249.150943,6441.318637,24095.0,1.0,0.0,0.0,0.0,0.0,1212.0,1736.0,330.3508044,379.5519881,0.0,4344.0,1008.0,1142.37784,1305027.129,0.0,0.0,0.0,1.0,0.0,0.0,0.0,0.0,1.0,1017.980198,28.06382979,1879.574074,1212.0,0.0,0.0,0.0,0.0,0.0,0.0,47.0,1319.0,54.0,101497.0,29200.0,61.0,29.0,20.0,0.0,0.0,0.0,0.0,0.0,0.0,0.0,0.0,BENIGN
443.0,142936.0,47.0,57.0,1313.0,104393.0,570.0,0.0,27.93617021,110.3290344,4344.0,0.0,1831.45614,882.9578551,739533.7774,727.5983657,1387.728155,5180.812284,23413.0,1.0,142936.0,3107.304348,7552.726733,24210.0,1.0,119613.0,2135.946429,6325.777384,24056.0,2.0,0.0,0.0,0.0,0.0,1224.0,1832.0,328.8184922,398.7798735,0.0,4344.0,1006.72381,1113.852829,1240668.125,0.0,0.0,0.0,1.0,0.0,0.0,0.0,0.0,1.0,1016.403846,27.93617021,1831.45614,1224.0,0.0,0.0,0.0,0.0,0.0,0.0,47.0,1313.0,57.0,104393.0,29200.0,61.0,28.0,20.0,0.0,0.0,0.0,0.0,0.0,0.0,0.0,0.0,BENIGN
443.0,142803.0,49.0,59.0,1325.0,104393.0,570.0,0.0,27.04081633,108.0950506,4344.0,0.0,1769.372881,848.4535404,740306.5762,756.2866326,1334.607477,5078.708733,23248.0,1.0,142725.0,2973.4375,7403.207413,23902.0,1.0,119829.0,2066.017241,6230.707717,23867.0,1.0,0.0,0.0,0.0,0.0,1264.0,1896.0,343.1300463,413.1565863,0.0,4344.0,969.8899083,1073.78125,1153006.173,0.0,0.0,0.0,1.0,0.0,0.0,0.0,0.0,1.0,978.8703704,27.04081633,1769.372881,1264.0,0.0,0.0,0.0,0.0,0.0,0.0,49.0,1325.0,59.0,104393.0,29200.0,61.0,30.0,20.0,0.0,0.0,0.0,0.0,0.0,0.0,0.0,0.0,BENIGN
443.0,187656.0,48.0,57.0,1337.0,105841.0,570.0,0.0,27.85416667,109.1083766,4344.0,0.0,1856.859649,972.7966209,571140.8108,559.5344673,1804.384615,6668.193415,44544.0,2.0,187656.0,3992.680851,9613.449083,44673.0,48.0,164460.0,2936.785714,8481.953606,44544.0,2.0,0.0,0.0,0.0,0.0,1208.0,1832.0,255.7871851,303.7472823,0.0,4344.0,1011.113208,1161.912269,1350040.12,0.0,0.0,0.0,1.0,0.0,0.0,0.0,0.0,1.0,1020.742857,27.85416667,1856.859649,1208.0,0.0,0.0,0.0,0.0,0.0,0.0,48.0,1337.0,57.0,105841.0,29200.0,61.0,32.0,20.0,0.0,0.0,0.0,0.0,0.0,0.0,0.0,0.0,BENIGN
443.0,143460.0,44.0,54.0,1313.0,104393.0,570.0,0.0,29.84090909,113.8577127,4344.0,0.0,1933.203704,1009.42467,736832.5666,683.1172452,1478.969072,5359.426735,23746.0,1.0,143424.0,3335.44186,7799.648351,23847.0,1.0,119714.0,2258.754717,6507.427744,24066.0,1.0,0.0,0.0,0.0,0.0,1128.0,1736.0,306.7057019,376.4115433,0.0,4344.0,1067.737374,1210.274995,1464765.563,0.0,0.0,0.0,1.0,0.0,0.0,0.0,0.0,1.0,1078.632653,29.84090909,1933.203704,1128.0,0.0,0.0,0.0,0.0,0.0,0.0,44.0,1313.0,54.0,104393.0,29200.0,61.0,28.0,20.0,0.0,0.0,0.0,0.0,0.0,0.0,0.0,0.0,BENIGN
443.0,23445.0,23.0,29.0,138.0,54553.0,6.0,6.0,6.0,0.0,4344.0,0.0,1881.137931,859.2839928,2332736.191,2217.95692,459.7058824,2624.221822,18827.0,1.0,23445.0,1065.681818,4008.929324,19011.0,13.0,23272.0,831.1428571,3527.526242,18827.0,1.0,0.0,0.0,0.0,0.0,460.0,928.0,981.0194071,1236.937513,0.0,4344.0,1032.018868,1133.820778,1285549.557,1.0,0.0,0.0,0.0,0.0,0.0,0.0,0.0,1.0,1051.865385,6.0,1881.137931,460.0,0.0,0.0,0.0,0.0,0.0,0.0,23.0,138.0,29.0,54553.0,0.0,61.0,22.0,20.0,0.0,0.0,0.0,0.0,0.0,0.0,0.0,0.0,BENIGN
443.0,118468.0,22.0,27.0,1169.0,46473.0,570.0,0.0,53.13636364,159.4088172,4344.0,0.0,1721.222222,1057.155412,402150.7918,413.6138029,2468.083333,6928.444902,23239.0,1.0,118468.0,5641.333333,9858.024079,23633.0,50.0,95153.0,3659.730769,8292.815221,23776.0,1.0,0.0,0.0,0.0,0.0,712.0,872.0,185.7041564,227.9096465,0.0,4344.0,952.84,1145.068617,1311182.137,0.0,0.0,0.0,1.0,0.0,0.0,0.0,0.0,1.0,972.2857143,53.13636364,1721.222222,712.0,0.0,0.0,0.0,0.0,0.0,0.0,22.0,1169.0,27.0,46473.0,29200.0,61.0,4.0,32.0,0.0,0.0,0.0,0.0,0.0,0.0,0.0,0.0,BENIGN
443.0,142724.0,46.0,56.0,1319.0,105855.0,570.0,0.0,28.67391304,111.4380853,4344.0,0.0,1890.267857,948.4243487,750917.8554,714.6660688,1413.108911,5222.010952,23651.0,2.0,142724.0,3171.644444,7613.325827,24227.0,48.0,119513.0,2172.963636,6354.836974,24364.0,2.0,0.0,0.0,0.0,0.0,1180.0,1800.0,322.300384,392.3656848,0.0,4344.0,1040.524272,1165.882598,1359282.232,0.0,0.0,0.0,1.0,0.0,0.0,0.0,0.0,1.0,1050.72549,28.67391304,1890.267857,1180.0,0.0,0.0,0.0,0.0,0.0,0.0,46.0,1319.0,56.0,105855.0,29200.0,61.0,29.0,20.0,0.0,0.0,0.0,0.0,0.0,0.0,0.0,0.0,BENIGN
443.0,142270.0,43.0,52.0,1313.0,102959.0,570.0,0.0,30.53488372,115.1109917,4344.0,0.0,1979.980769,1030.303639,732916.2859,667.7444296,1513.510638,5407.919563,23262.0,0.0,142270.0,3387.380952,7820.438229,23576.0,42.0,118970.0,2332.745098,6589.645341,23939.0,1.0,0.0,0.0,0.0,0.0,1096.0,1672.0,302.2422155,365.5022141,0.0,4344.0,1086.166667,1236.865688,1529836.73,0.0,0.0,0.0,1.0,0.0,0.0,0.0,0.0,1.0,1097.6,30.53488372,1979.980769,1096.0,0.0,0.0,0.0,0.0,0.0,0.0,43.0,1313.0,52.0,102959.0,29200.0,61.0,28.0,20.0,0.0,0.0,0.0,0.0,0.0,0.0,0.0,0.0,BENIGN
443.0,122968.0,43.0,58.0,1307.0,101497.0,570.0,0.0,30.39534884,115.145072,4344.0,0.0,1749.948276,885.1096953,836022.3798,821.3518964,1229.68,4926.465731,23281.0,0.0,122968.0,2927.809524,7412.840851,23560.0,0.0,99685.0,1748.859649,5838.268697,23897.0,2.0,0.0,0.0,0.0,0.0,1108.0,1864.0,349.6844708,471.6674257,0.0,4344.0,1007.882353,1086.60446,1180709.253,0.0,0.0,0.0,1.0,0.0,0.0,0.0,0.0,1.0,1017.861386,30.39534884,1749.948276,1108.0,0.0,0.0,0.0,0.0,0.0,0.0,43.0,1307.0,58.0,101497.0,29200.0,61.0,27.0,20.0,0.0,0.0,0.0,0.0,0.0,0.0,0.0,0.0,BENIGN
443.0,142478.0,50.0,64.0,1331.0,110185.0,570.0,0.0,26.62,107.0277267,2896.0,0.0,1721.640625,763.9063012,782689.2573,800.1235278,1260.867257,4915.025604,23335.0,0.0,142478.0,2907.714286,7261.255651,23797.0,1.0,119257.0,1892.968254,5948.044962,23886.0,1.0,0.0,0.0,0.0,0.0,1284.0,2056.0,350.9313719,449.192156,0.0,2896.0,969.7043478,1021.359491,1043175.21,0.0,0.0,0.0,1.0,0.0,0.0,0.0,0.0,1.0,978.2105263,26.62,1721.640625,1284.0,0.0,0.0,0.0,0.0,0.0,0.0,50.0,1331.0,64.0,110185.0,29200.0,61.0,31.0,20.0,0.0,0.0,0.0,0.0,0.0,0.0,0.0,0.0,BENIGN
443.0,143531.0,45.0,56.0,1313.0,110185.0,570.0,0.0,29.17777778,112.6443092,4344.0,0.0,1967.589286,968.5796119,776821.7319,703.680738,1435.31,5254.01042,23543.0,1.0,143531.0,3262.068182,7710.16698,24525.0,48.0,120545.0,2191.727273,6379.751784,24203.0,2.0,0.0,0.0,0.0,0.0,1160.0,1800.0,313.5211209,390.1596171,0.0,4344.0,1093.117647,1206.882346,1456564.996,0.0,0.0,0.0,1.0,0.0,0.0,0.0,0.0,1.0,1103.940594,29.17777778,1967.589286,1160.0,0.0,0.0,0.0,0.0,0.0,0.0,45.0,1313.0,56.0,110185.0,29200.0,61.0,28.0,20.0,0.0,0.0,0.0,0.0,0.0,0.0,0.0,0.0,BENIGN
443.0,142245.0,42.0,56.0,1301.0,102959.0,570.0,0.0,30.97619048,116.4770443,4344.0,0.0,1838.553571,930.7951619,732960.7368,688.95216,1466.443299,5290.709174,23302.0,1.0,142245.0,3469.390244,7878.077173,23918.0,48.0,119205.0,2167.363636,6333.277276,23899.0,1.0,0.0,0.0,0.0,0.0,1088.0,1800.0,295.2652114,393.6869486,0.0,4344.0,1053.131313,1141.711878,1303506.013,0.0,0.0,0.0,1.0,0.0,0.0,0.0,0.0,1.0,1063.877551,30.97619048,1838.553571,1088.0,0.0,0.0,0.0,0.0,0.0,0.0,42.0,1301.0,56.0,102959.0,29200.0,61.0,26.0,20.0,0.0,0.0,0.0,0.0,0.0,0.0,0.0,0.0,BENIGN
443.0,118879.0,21.0,27.0,1169.0,47921.0,570.0,0.0,55.66666667,162.8920911,4344.0,0.0,1774.851852,1079.259244,412940.8895,403.7719025,2529.340426,7009.167464,23249.0,4.0,118879.0,5943.95,10091.68539,23842.0,4.0,95653.0,3678.961538,8318.905074,24037.0,49.0,0.0,0.0,0.0,0.0,680.0,872.0,176.6502074,227.1216952,0.0,4344.0,1001.836735,1179.274801,1390689.056,0.0,0.0,0.0,1.0,0.0,0.0,0.0,0.0,1.0,1022.708333,55.66666667,1774.851852,680.0,0.0,0.0,0.0,0.0,0.0,0.0,21.0,1169.0,27.0,47921.0,29200.0,61.0,4.0,32.0,0.0,0.0,0.0,0.0,0.0,0.0,0.0,0.0,BENIGN
443.0,118011.0,21.0,26.0,1169.0,46473.0,570.0,0.0,55.66666667,162.8920911,4344.0,0.0,1787.423077,1098.614989,403708.1289,398.2679581,2565.456522,7044.971057,23291.0,2.0,118011.0,5900.55,9997.062587,23625.0,3.0,94995.0,3799.8,8426.113779,24057.0,2.0,0.0,0.0,0.0,0.0,680.0,840.0,177.9495132,220.3184449,0.0,4344.0,992.5416667,1189.938903,1415954.594,0.0,0.0,0.0,1.0,0.0,0.0,0.0,0.0,1.0,1013.659574,55.66666667,1787.423077,680.0,0.0,0.0,0.0,0.0,0.0,0.0,21.0,1169.0,26.0,46473.0,29200.0,61.0,4.0,32.0,0.0,0.0,0.0,0.0,0.0,0.0,0.0,0.0,BENIGN
443.0,143745.0,49.0,59.0,1331.0,110185.0,570.0,0.0,27.16326531,108.0671757,4344.0,0.0,1867.542373,928.8619348,775790.4623,751.3304811,1343.411215,5112.820617,24181.0,2.0,143726.0,2994.291667,7449.818687,24248.0,2.0,120164.0,2071.793103,6233.858327,24616.0,2.0,0.0,0.0,0.0,0.0,1252.0,1896.0,340.881422,410.4490591,0.0,4344.0,1023.082569,1147.95835,1317808.373,0.0,0.0,0.0,1.0,0.0,0.0,0.0,0.0,1.0,1032.555556,27.16326531,1867.542373,1252.0,0.0,0.0,0.0,0.0,0.0,0.0,49.0,1331.0,59.0,110185.0,29200.0,61.0,31.0,20.0,0.0,0.0,0.0,0.0,0.0,0.0,0.0,0.0,BENIGN
443.0,23739.0,25.0,28.0,150.0,56486.0,6.0,6.0,6.0,0.0,2910.0,0.0,2017.357143,821.4981894,2385778.676,2232.613,456.5192308,2628.33439,19039.0,1.0,23739.0,989.125,3855.014039,19084.0,1.0,23572.0,873.037037,3631.051103,19039.0,2.0,0.0,0.0,0.0,0.0,500.0,896.0,1053.119339,1179.49366,0.0,2910.0,1048.925926,1171.688909,1372854.9,1.0,0.0,0.0,0.0,0.0,0.0,0.0,0.0,1.0,1068.716981,6.0,2017.357143,500.0,0.0,0.0,0.0,0.0,0.0,0.0,25.0,150.0,28.0,56486.0,0.0,61.0,24.0,20.0,0.0,0.0,0.0,0.0,0.0,0.0,0.0,0.0,BENIGN
443.0,23395.0,24.0,28.0,144.0,55038.0,6.0,6.0,6.0,0.0,2896.0,0.0,1965.642857,808.7010258,2358709.126,2222.697158,458.7254902,2617.224164,18778.0,1.0,23395.0,1017.173913,3886.355019,18842.0,48.0,23127.0,856.5555556,3587.134504,18802.0,1.0,0.0,0.0,0.0,0.0,480.0,896.0,1025.860227,1196.836931,0.0,2896.0,1041.283019,1146.713974,1314952.938,1.0,0.0,0.0,0.0,0.0,0.0,0.0,0.0,1.0,1061.307692,6.0,1965.642857,480.0,0.0,0.0,0.0,0.0,0.0,0.0,24.0,144.0,28.0,55038.0,0.0,61.0,23.0,20.0,0.0,0.0,0.0,0.0,0.0,0.0,0.0,0.0,BENIGN
443.0,142170.0,45.0,54.0,1319.0,100063.0,570.0,0.0,29.31111111,112.6125341,4344.0,0.0,1853.018519,986.402545,713104.0304,696.3494408,1450.714286,5277.595098,23339.0,1.0,142165.0,3231.022727,7673.445081,23763.0,1.0,118913.0,2243.641509,6445.867621,23815.0,1.0,0.0,0.0,0.0,0.0,1148.0,1736.0,316.5224731,379.8269677,0.0,4344.0,1013.82,1166.885749,1361622.351,0.0,0.0,0.0,1.0,0.0,0.0,0.0,0.0,1.0,1024.060606,29.31111111,1853.018519,1148.0,0.0,0.0,0.0,0.0,0.0,0.0,45.0,1319.0,54.0,100063.0,29200.0,61.0,29.0,20.0,0.0,0.0,0.0,0.0,0.0,0.0,0.0,0.0,BENIGN
443.0,143016.0,47.0,55.0,1313.0,104393.0,570.0,0.0,27.93617021,110.3290344,4344.0,0.0,1898.054545,913.8119674,739120.0985,713.2069139,1416.0,5215.252899,23495.0,1.0,143016.0,3109.043478,7548.097673,23899.0,1.0,119482.0,2212.62963,6388.229156,23932.0,2.0,0.0,0.0,0.0,0.0,1224.0,1768.0,328.6345584,384.5723555,0.0,4344.0,1026.271845,1151.937653,1326960.357,0.0,0.0,0.0,1.0,0.0,0.0,0.0,0.0,1.0,1036.333333,27.93617021,1898.054545,1224.0,0.0,0.0,0.0,0.0,0.0,0.0,47.0,1313.0,55.0,104393.0,29200.0,61.0,28.0,20.0,0.0,0.0,0.0,0.0,0.0,0.0,0.0,0.0,BENIGN
443.0,35739.0,4.0,1.0,517.0,0.0,517.0,0.0,129.25,258.5,0.0,0.0,0.0,0.0,14465.98954,139.903187,8934.75,11009.3154,23159.0,88.0,35739.0,11913.0,11429.15972,23247.0,391.0,0.0,0.0,0.0,0.0,0.0,0.0,0.0,0.0,0.0,136.0,40.0,111.9225496,27.9806374,0.0,517.0,86.16666667,211.0643662,44548.16667,0.0,0.0,0.0,1.0,0.0,0.0,0.0,0.0,0.0,103.4,129.25,0.0,136.0,0.0,0.0,0.0,0.0,0.0,0.0,4.0,517.0,1.0,0.0,29200.0,28960.0,1.0,32.0,0.0,0.0,0.0,0.0,0.0,0.0,0.0,0.0,BENIGN
443.0,313728.0,29.0,54.0,1169.0,98601.0,570.0,0.0,40.31034483,139.9780859,4344.0,0.0,1825.944444,935.8968339,318014.3309,264.5603835,3825.95122,16051.82267,124675.0,1.0,313728.0,11204.57143,35658.32429,187649.0,17.0,287670.0,5427.735849,22311.57801,147924.0,1.0,0.0,0.0,0.0,0.0,936.0,1736.0,92.43676051,172.123623,0.0,4344.0,1187.738095,1143.646263,1307926.774,0.0,0.0,0.0,1.0,0.0,0.0,0.0,0.0,1.0,1202.048193,40.31034483,1825.944444,936.0,0.0,0.0,0.0,0.0,0.0,0.0,29.0,1169.0,54.0,98601.0,29200.0,61.0,4.0,32.0,0.0,0.0,0.0,0.0,0.0,0.0,0.0,0.0,BENIGN
443.0,118733.0,22.0,30.0,1169.0,47921.0,570.0,0.0,53.13636364,159.4088172,2896.0,0.0,1597.366667,871.3138903,413448.6621,437.9574339,2328.098039,6750.486351,23270.0,2.0,118733.0,5653.952381,9867.757194,23858.0,49.0,95668.0,3298.896552,7939.256705,24022.0,2.0,0.0,0.0,0.0,0.0,712.0,968.0,185.2896836,252.6677503,0.0,2896.0,926.2264151,1016.130985,1032522.179,0.0,0.0,0.0,1.0,0.0,0.0,0.0,0.0,1.0,944.0384615,53.13636364,1597.366667,712.0,0.0,0.0,0.0,0.0,0.0,0.0,22.0,1169.0,30.0,47921.0,29200.0,61.0,4.0,32.0,0.0,0.0,0.0,0.0,0.0,0.0,0.0,0.0,BENIGN
443.0,23638.0,27.0,30.0,162.0,61793.0,6.0,6.0,6.0,0.0,4344.0,0.0,2059.766667,997.0899618,2620991.624,2411.37152,422.1071429,2496.31325,18763.0,1.0,23614.0,908.2307692,3661.951166,18857.0,2.0,23539.0,811.6896552,3453.248916,18763.0,1.0,0.0,0.0,0.0,0.0,540.0,960.0,1142.228615,1269.142905,0.0,4344.0,1068.293103,1255.997011,1577528.492,1.0,0.0,0.0,0.0,0.0,0.0,0.0,0.0,1.0,1087.035088,6.0,2059.766667,540.0,0.0,0.0,0.0,0.0,0.0,0.0,27.0,162.0,30.0,61793.0,0.0,61.0,26.0,20.0,0.0,0.0,0.0,0.0,0.0,0.0,0.0,0.0,BENIGN
443.0,143395.0,40.0,51.0,1295.0,102959.0,570.0,0.0,32.375,119.2477893,4344.0,0.0,2018.803922,1001.405133,727040.6918,634.6106907,1593.277778,5509.738302,23312.0,1.0,143395.0,3676.794872,8143.926443,24985.0,34.0,120130.0,2402.6,6641.107908,24084.0,4.0,0.0,0.0,0.0,0.0,1036.0,1640.0,278.9497542,355.6609366,0.0,4344.0,1133.195652,1242.343463,1543417.28,0.0,0.0,0.0,1.0,0.0,0.0,0.0,0.0,1.0,1145.648352,32.375,2018.803922,1036.0,0.0,0.0,0.0,0.0,0.0,0.0,40.0,1295.0,51.0,102959.0,29200.0,61.0,25.0,20.0,0.0,0.0,0.0,0.0,0.0,0.0,0.0,0.0,BENIGN
443.0,188834.0,45.0,56.0,1313.0,105841.0,570.0,0.0,29.17777778,112.6443092,4344.0,0.0,1890.017857,987.9139913,567450.7769,534.8613068,1888.34,6717.883713,43767.0,1.0,188834.0,4291.681818,9906.44694,43883.0,48.0,165547.0,3009.945455,8442.246077,43767.0,1.0,0.0,0.0,0.0,0.0,1160.0,1800.0,238.3045426,296.5567641,0.0,4344.0,1050.529412,1184.671653,1403446.925,0.0,0.0,0.0,1.0,0.0,0.0,0.0,0.0,1.0,1060.930693,29.17777778,1890.017857,1160.0,0.0,0.0,0.0,0.0,0.0,0.0,45.0,1313.0,56.0,105841.0,29200.0,61.0,28.0,20.0,0.0,0.0,0.0,0.0,0.0,0.0,0.0,0.0,BENIGN
443.0,143901.0,48.0,58.0,1319.0,104393.0,570.0,0.0,27.47916667,109.1949242,2896.0,0.0,1799.87931,822.5761859,734616.1597,736.6175357,1370.485714,5166.003581,24319.0,1.0,143901.0,3061.723404,7525.364783,24355.0,1.0,120719.0,2117.877193,6323.310469,24736.0,2.0,0.0,0.0,0.0,0.0,1244.0,1864.0,333.5626577,403.054878,0.0,2896.0,987.9626168,1075.542636,1156791.961,0.0,0.0,0.0,1.0,0.0,0.0,0.0,0.0,1.0,997.2830189,27.47916667,1799.87931,1244.0,0.0,0.0,0.0,0.0,0.0,0.0,48.0,1319.0,58.0,104393.0,29200.0,61.0,29.0,20.0,0.0,0.0,0.0,0.0,0.0,0.0,0.0,0.0,BENIGN
443.0,142310.0,46.0,54.0,1307.0,104393.0,570.0,0.0,28.41304348,111.499193,4344.0,0.0,1933.203704,1009.42467,742744.7122,702.6913077,1437.474747,5246.897858,23128.0,1.0,142271.0,3161.577778,7589.58329,23860.0,1.0,119360.0,2252.075472,6456.071983,23944.0,1.0,0.0,0.0,0.0,0.0,1204.0,1736.0,323.2380015,379.4533062,0.0,4344.0,1046.534653,1207.454029,1457945.231,0.0,0.0,0.0,1.0,0.0,0.0,0.0,0.0,1.0,1057.0,28.41304348,1933.203704,1204.0,0.0,0.0,0.0,0.0,0.0,0.0,46.0,1307.0,54.0,104393.0,29200.0,61.0,27.0,20.0,0.0,0.0,0.0,0.0,0.0,0.0,0.0,0.0,BENIGN
443.0,142471.0,49.0,63.0,1325.0,104393.0,570.0,0.0,27.04081633,108.0950506,2896.0,0.0,1657.031746,724.1596457,742031.7117,786.1248956,1283.522523,4976.628369,23263.0,0.0,142471.0,2968.145833,7337.82657,23828.0,0.0,119028.0,1919.806452,6001.868624,23811.0,1.0,0.0,0.0,0.0,0.0,1264.0,2024.0,343.9296418,442.1952538,0.0,2896.0,935.5575221,978.2782702,957028.3739,0.0,0.0,0.0,1.0,0.0,0.0,0.0,0.0,1.0,943.9107143,27.04081633,1657.031746,1264.0,0.0,0.0,0.0,0.0,0.0,0.0,49.0,1325.0,63.0,104393.0,29200.0,61.0,30.0,20.0,0.0,0.0,0.0,0.0,0.0,0.0,0.0,0.0,BENIGN
443.0,143392.0,48.0,65.0,1319.0,104393.0,570.0,0.0,27.47916667,109.1949242,2896.0,0.0,1606.046154,678.3363019,737223.834,788.0495425,1280.285714,4972.584305,23532.0,0.0,143392.0,3050.893617,7461.617138,24104.0,0.0,119669.0,1869.828125,5926.138445,24059.0,1.0,0.0,0.0,0.0,0.0,1244.0,2088.0,334.7467083,453.3028342,0.0,2896.0,927.2982456,939.2100044,882115.4324,0.0,0.0,0.0,1.0,0.0,0.0,0.0,0.0,1.0,935.5044248,27.47916667,1606.046154,1244.0,0.0,0.0,0.0,0.0,0.0,0.0,48.0,1319.0,65.0,104393.0,29200.0,61.0,29.0,20.0,0.0,0.0,0.0,0.0,0.0,0.0,0.0,0.0,BENIGN
443.0,142776.0,43.0,53.0,1307.0,102959.0,570.0,0.0,30.39534884,115.145072,4344.0,0.0,1942.622642,1016.689655,730276.7972,672.3819129,1502.905263,5381.86666,23338.0,1.0,142776.0,3399.428571,7871.188196,23967.0,31.0,119650.0,2300.961538,6549.229726,24098.0,1.0,0.0,0.0,0.0,0.0,1108.0,1704.0,301.1710652,371.2108478,0.0,4344.0,1074.907216,1217.412711,1482093.71,0.0,0.0,0.0,1.0,0.0,0.0,0.0,0.0,1.0,1086.104167,30.39534884,1942.622642,1108.0,0.0,0.0,0.0,0.0,0.0,0.0,43.0,1307.0,53.0,102959.0,29200.0,61.0,27.0,20.0,0.0,0.0,0.0,0.0,0.0,0.0,0.0,0.0,BENIGN
443.0,189269.0,49.0,56.0,1331.0,105841.0,570.0,0.0,27.16326531,108.0671757,2896.0,0.0,1890.017857,907.4615642,566241.6983,554.765968,1819.894231,6815.888319,46931.0,1.0,189269.0,3943.104167,9723.163383,47065.0,1.0,165964.0,3017.527273,8761.791614,46931.0,2.0,0.0,0.0,0.0,0.0,1252.0,1800.0,258.8907851,295.8751829,0.0,2896.0,1011.056604,1144.647593,1310218.111,0.0,0.0,0.0,1.0,0.0,0.0,0.0,0.0,1.0,1020.685714,27.16326531,1890.017857,1252.0,0.0,0.0,0.0,0.0,0.0,0.0,49.0,1331.0,56.0,105841.0,29200.0,61.0,31.0,20.0,0.0,0.0,0.0,0.0,0.0,0.0,0.0,0.0,BENIGN
443.0,142761.0,47.0,57.0,1331.0,108751.0,570.0,0.0,28.31914894,110.239878,4344.0,0.0,1907.912281,987.9645432,771092.9456,728.490274,1386.029126,5170.138048,23242.0,0.0,142761.0,3103.5,7551.901702,23840.0,1.0,119481.0,2133.589286,6295.907599,23889.0,2.0,0.0,0.0,0.0,0.0,1188.0,1832.0,329.2215661,399.2687078,0.0,4344.0,1048.4,1190.241827,1416675.608,0.0,0.0,0.0,1.0,0.0,0.0,0.0,0.0,1.0,1058.480769,28.31914894,1907.912281,1188.0,0.0,0.0,0.0,0.0,0.0,0.0,47.0,1331.0,57.0,108751.0,29200.0,61.0,31.0,20.0,0.0,0.0,0.0,0.0,0.0,0.0,0.0,0.0,BENIGN
443.0,142255.0,47.0,59.0,1319.0,104393.0,570.0,0.0,28.06382979,110.2994746,4344.0,0.0,1769.372881,848.4535404,743116.2349,745.1407683,1354.809524,5098.297976,23299.0,1.0,142187.0,3091.021739,7506.815962,23871.0,1.0,118956.0,2050.965517,6157.736611,23763.0,1.0,0.0,0.0,0.0,0.0,1212.0,1896.0,330.3926048,414.7481635,0.0,4344.0,987.9626168,1075.542636,1156791.961,0.0,0.0,0.0,1.0,0.0,0.0,0.0,0.0,1.0,997.2830189,28.06382979,1769.372881,1212.0,0.0,0.0,0.0,0.0,0.0,0.0,47.0,1319.0,59.0,104393.0,29200.0,61.0,29.0,20.0,0.0,0.0,0.0,0.0,0.0,0.0,0.0,0.0,BENIGN
443.0,188499.0,46.0,59.0,1325.0,105841.0,570.0,0.0,28.80434783,111.4072847,4344.0,0.0,1793.915254,940.1938958,568522.9099,557.0321328,1812.490385,6711.686207,45257.0,1.0,188499.0,4188.866667,9888.045626,45441.0,48.0,165100.0,2846.551724,8394.624406,45257.0,1.0,0.0,0.0,0.0,0.0,1168.0,1896.0,244.0331248,312.999008,0.0,4344.0,1011.0,1127.118492,1270396.095,0.0,0.0,0.0,1.0,0.0,0.0,0.0,0.0,1.0,1020.628571,28.80434783,1793.915254,1168.0,0.0,0.0,0.0,0.0,0.0,0.0,46.0,1325.0,59.0,105841.0,29200.0,61.0,30.0,20.0,0.0,0.0,0.0,0.0,0.0,0.0,0.0,0.0,BENIGN
443.0,118899.0,22.0,29.0,1169.0,47921.0,570.0,0.0,53.13636364,159.4088172,4344.0,0.0,1652.448276,995.7714018,412871.4287,428.9354831,2377.98,6816.532141,23281.0,1.0,118899.0,5661.857143,9859.655401,23539.0,48.0,95493.0,3410.464286,8074.114039,24068.0,1.0,0.0,0.0,0.0,0.0,712.0,936.0,185.0309927,243.9044904,0.0,4344.0,944.0384615,1095.477118,1200070.116,0.0,0.0,0.0,1.0,0.0,0.0,0.0,0.0,1.0,962.5490196,53.13636364,1652.448276,712.0,0.0,0.0,0.0,0.0,0.0,0.0,22.0,1169.0,29.0,47921.0,29200.0,61.0,4.0,32.0,0.0,0.0,0.0,0.0,0.0,0.0,0.0,0.0,BENIGN
443.0,186555.0,46.0,57.0,1319.0,105841.0,570.0,0.0,28.67391304,111.4380853,2896.0,0.0,1856.859649,892.5069715,574415.0519,552.115998,1828.970588,6681.767563,43807.0,1.0,186555.0,4145.666667,9714.482331,43959.0,1.0,163262.0,2915.392857,8410.062152,43807.0,1.0,0.0,0.0,0.0,0.0,1180.0,1832.0,246.5760768,305.5399212,0.0,2896.0,1030.384615,1129.139051,1274954.996,0.0,0.0,0.0,1.0,0.0,0.0,0.0,0.0,1.0,1040.38835,28.67391304,1856.859649,1180.0,0.0,0.0,0.0,0.0,0.0,0.0,46.0,1319.0,57.0,105841.0,29200.0,61.0,29.0,20.0,0.0,0.0,0.0,0.0,0.0,0.0,0.0,0.0,BENIGN
443.0,196173.0,45.0,57.0,1313.0,100049.0,570.0,0.0,29.17777778,112.6443092,4344.0,0.0,1755.245614,892.0494117,516696.997,519.9492285,1942.306931,7353.719959,53314.0,1.0,196173.0,4458.477273,10788.91182,53414.0,27.0,172533.0,3080.946429,9299.669489,53314.0,1.0,0.0,0.0,0.0,0.0,1160.0,1832.0,229.3893655,290.559863,0.0,4344.0,984.0970874,1089.248954,1186463.285,0.0,0.0,0.0,1.0,0.0,0.0,0.0,0.0,1.0,993.745098,29.17777778,1755.245614,1160.0,0.0,0.0,0.0,0.0,0.0,0.0,45.0,1313.0,57.0,100049.0,29200.0,61.0,28.0,20.0,0.0,0.0,0.0,0.0,0.0,0.0,0.0,0.0,BENIGN
443.0,143040.0,48.0,58.0,1331.0,108751.0,570.0,0.0,27.72916667,109.1373797,4344.0,0.0,1875.017241,973.725897,769588.9262,741.0514541,1362.285714,5071.223272,23751.0,2.0,142920.0,3040.851064,7378.799805,23835.0,2.0,119289.0,2092.789474,6133.168267,23701.0,2.0,0.0,0.0,0.0,0.0,1220.0,1864.0,335.5704698,405.4809843,0.0,4344.0,1028.803738,1170.784493,1370736.329,0.0,0.0,0.0,1.0,0.0,0.0,0.0,0.0,1.0,1038.509434,27.72916667,1875.017241,1220.0,0.0,0.0,0.0,0.0,0.0,0.0,48.0,1331.0,58.0,108751.0,29200.0,61.0,31.0,20.0,0.0,0.0,0.0,0.0,0.0,0.0,0.0,0.0,BENIGN
443.0,126748.0,31.0,52.0,1169.0,98601.0,570.0,0.0,37.70967742,135.6058488,4344.0,0.0,1896.173077,925.580342,787152.46,654.84268,1545.707317,5449.846641,23302.0,1.0,126748.0,4224.933333,8613.353334,23982.0,19.0,100776.0,1976.0,6177.698542,24024.0,1.0,0.0,0.0,0.0,0.0,1000.0,1672.0,244.5797961,410.2628838,0.0,4344.0,1187.738095,1165.52553,1358449.762,0.0,0.0,0.0,1.0,0.0,0.0,0.0,0.0,1.0,1202.048193,37.70967742,1896.173077,1000.0,0.0,0.0,0.0,0.0,0.0,0.0,31.0,1169.0,52.0,98601.0,29200.0,61.0,4.0,32.0,0.0,0.0,0.0,0.0,0.0,0.0,0.0,0.0,BENIGN
443.0,142635.0,41.0,55.0,1313.0,102959.0,570.0,0.0,32.02439024,117.7462288,4344.0,0.0,1871.981818,1063.043473,731040.7684,673.0465874,1501.421053,5363.790809,23416.0,2.0,142635.0,3565.875,8008.626577,24040.0,2.0,119398.0,2211.074074,6407.841025,24171.0,2.0,0.0,0.0,0.0,0.0,1032.0,1768.0,287.4469801,385.5996074,0.0,4344.0,1074.969072,1217.357679,1481959.718,0.0,0.0,0.0,1.0,0.0,0.0,0.0,0.0,1.0,1086.166667,32.02439024,1871.981818,1032.0,0.0,0.0,0.0,0.0,0.0,0.0,41.0,1313.0,55.0,102959.0,29200.0,61.0,28.0,20.0,0.0,0.0,0.0,0.0,0.0,0.0,0.0,0.0,BENIGN
443.0,142665.0,50.0,59.0,1337.0,104393.0,570.0,0.0,26.74,107.0006313,4344.0,0.0,1769.372881,848.4535404,741106.7886,764.0276171,1320.972222,5040.249492,23181.0,0.0,142665.0,2911.530612,7333.03455,23910.0,1.0,119542.0,2061.068966,6191.498211,23925.0,1.0,0.0,0.0,0.0,0.0,1272.0,1896.0,350.471384,413.5562331,0.0,4344.0,961.1818182,1072.738955,1150768.866,0.0,0.0,0.0,1.0,0.0,0.0,0.0,0.0,1.0,970.0,26.74,1769.372881,1272.0,0.0,0.0,0.0,0.0,0.0,0.0,50.0,1337.0,59.0,104393.0,29200.0,61.0,32.0,20.0,0.0,0.0,0.0,0.0,0.0,0.0,0.0,0.0,BENIGN
443.0,143050.0,47.0,66.0,1325.0,108751.0,570.0,0.0,28.19148936,110.2697559,4344.0,0.0,1647.742424,752.701643,769493.1842,789.9335897,1277.232143,4963.063909,23205.0,0.0,143050.0,3109.782609,7529.334779,23780.0,0.0,119654.0,1840.830769,5876.354478,23729.0,48.0,0.0,0.0,0.0,0.0,1200.0,2120.0,328.5564488,461.3771409,0.0,4344.0,965.5789474,988.1136036,976368.4937,0.0,0.0,0.0,1.0,0.0,0.0,0.0,0.0,1.0,974.1238938,28.19148936,1647.742424,1200.0,0.0,0.0,0.0,0.0,0.0,0.0,47.0,1325.0,66.0,108751.0,29200.0,61.0,30.0,20.0,0.0,0.0,0.0,0.0,0.0,0.0,0.0,0.0,BENIGN
443.0,142709.0,46.0,57.0,1325.0,108751.0,570.0,0.0,28.80434783,111.4072847,4344.0,0.0,1907.912281,1025.16156,771331.8712,721.7484531,1399.107843,5167.92195,23361.0,-1.0,142709.0,3171.311111,7555.849654,23755.0,1.0,119619.0,2136.053571,6287.402593,24150.0,1.0,0.0,0.0,0.0,0.0,1168.0,1832.0,322.3342606,399.4141925,0.0,4344.0,1058.423077,1208.507968,1460491.509,0.0,0.0,0.0,1.0,0.0,0.0,0.0,0.0,1.0,1068.699029,28.80434783,1907.912281,1168.0,0.0,0.0,0.0,0.0,0.0,0.0,46.0,1325.0,57.0,108751.0,29200.0,61.0,30.0,20.0,0.0,0.0,0.0,0.0,0.0,0.0,0.0,0.0,BENIGN
443.0,144905.0,49.0,59.0,1343.0,110185.0,570.0,0.0,27.40816327,108.0109791,4344.0,0.0,1867.542373,966.9977414,769662.8826,745.3158966,1354.252336,5064.643589,23478.0,1.0,144903.0,3018.8125,7511.734238,26288.0,1.0,121742.0,2099.0,6179.901055,24135.0,2.0,0.0,0.0,0.0,0.0,1228.0,1896.0,338.1525827,407.1633139,0.0,4344.0,1023.192661,1164.649959,1356409.527,0.0,0.0,0.0,1.0,0.0,0.0,0.0,0.0,1.0,1032.666667,27.40816327,1867.542373,1228.0,0.0,0.0,0.0,0.0,0.0,0.0,49.0,1343.0,59.0,110185.0,29200.0,61.0,33.0,20.0,0.0,0.0,0.0,0.0,0.0,0.0,0.0,0.0,BENIGN
443.0,143357.0,48.0,65.0,1337.0,110185.0,570.0,0.0,27.85416667,109.1083766,2896.0,0.0,1695.153846,744.6566581,777932.0159,788.2419414,1279.973214,4991.527217,24305.0,0.0,143357.0,3050.148936,7481.075423,24384.0,1.0,119052.0,1860.1875,5901.519842,23834.0,2.0,0.0,0.0,0.0,0.0,1208.0,2088.0,334.8284353,453.4135061,0.0,2896.0,978.2631579,1003.393746,1006799.01,0.0,0.0,0.0,1.0,0.0,0.0,0.0,0.0,1.0,986.920354,27.85416667,1695.153846,1208.0,0.0,0.0,0.0,0.0,0.0,0.0,48.0,1337.0,65.0,110185.0,29200.0,61.0,32.0,20.0,0.0,0.0,0.0,0.0,0.0,0.0,0.0,0.0,BENIGN
443.0,142858.0,51.0,61.0,1343.0,107289.0,570.0,0.0,26.33333333,105.9650257,2896.0,0.0,1758.836066,793.29522,760419.4375,783.995296,1287.009009,4975.396252,23478.0,0.0,142843.0,2856.86,7267.936341,23794.0,0.0,119380.0,1989.666667,6079.341165,24016.0,2.0,0.0,0.0,0.0,0.0,1292.0,1960.0,356.997858,426.997438,0.0,2896.0,961.3451327,1046.365954,1094881.71,0.0,0.0,0.0,1.0,0.0,0.0,0.0,0.0,1.0,969.9285714,26.33333333,1758.836066,1292.0,0.0,0.0,0.0,0.0,0.0,0.0,51.0,1343.0,61.0,107289.0,29200.0,61.0,33.0,20.0,0.0,0.0,0.0,0.0,0.0,0.0,0.0,0.0,BENIGN
443.0,196534.0,48.0,57.0,1331.0,100049.0,570.0,0.0,27.72916667,109.1373797,2896.0,0.0,1755.245614,849.0405568,515839.4985,534.2587033,1889.75,7281.722358,54124.0,0.0,196534.0,4181.574468,10561.71617,54382.0,2.0,173211.0,3093.053571,9357.238063,54124.0,1.0,0.0,0.0,0.0,0.0,1220.0,1832.0,244.2325501,290.0261532,0.0,2896.0,956.4150943,1067.327065,1139187.064,0.0,0.0,0.0,1.0,0.0,0.0,0.0,0.0,1.0,965.5238095,27.72916667,1755.245614,1220.0,0.0,0.0,0.0,0.0,0.0,0.0,48.0,1331.0,57.0,100049.0,29200.0,61.0,31.0,20.0,0.0,0.0,0.0,0.0,0.0,0.0,0.0,0.0,BENIGN
443.0,142928.0,48.0,57.0,1319.0,107289.0,570.0,0.0,27.47916667,109.1949242,4344.0,0.0,1882.263158,901.2264367,759879.1,734.6356207,1374.307692,5153.74972,23214.0,1.0,142928.0,3041.021277,7481.084508,23890.0,1.0,119885.0,2140.803571,6321.301838,23779.0,2.0,0.0,0.0,0.0,0.0,1244.0,1832.0,335.8334266,398.8021941,0.0,4344.0,1024.603774,1141.203731,1302345.956,0.0,0.0,0.0,1.0,0.0,0.0,0.0,0.0,1.0,1034.361905,27.47916667,1882.263158,1244.0,0.0,0.0,0.0,0.0,0.0,0.0,48.0,1319.0,57.0,107289.0,29200.0,61.0,29.0,20.0,0.0,0.0,0.0,0.0,0.0,0.0,0.0,0.0,BENIGN
443.0,123402.0,44.0,50.0,1313.0,95705.0,570.0,0.0,29.84090909,113.8577127,4344.0,0.0,1914.1,939.7552927,786194.7132,761.7380594,1326.903226,5118.376377,23569.0,2.0,123402.0,2869.813953,7418.625474,24534.0,3.0,100311.0,2047.163265,6275.548055,24290.0,2.0,0.0,0.0,0.0,0.0,1128.0,1608.0,356.5582405,405.1798188,0.0,4344.0,1021.242105,1166.831267,1361495.207,0.0,0.0,0.0,1.0,0.0,0.0,0.0,0.0,1.0,1032.106383,29.84090909,1914.1,1128.0,0.0,0.0,0.0,0.0,0.0,0.0,44.0,1313.0,50.0,95705.0,29200.0,61.0,28.0,20.0,0.0,0.0,0.0,0.0,0.0,0.0,0.0,0.0,BENIGN
443.0,142731.0,47.0,55.0,1319.0,104393.0,570.0,0.0,28.06382979,110.2994746,4344.0,0.0,1898.054545,955.3575328,740637.9833,714.6310192,1413.178218,5198.461694,23268.0,1.0,142731.0,3102.847826,7531.840055,24261.0,1.0,119499.0,2212.944444,6379.928309,24036.0,2.0,0.0,0.0,0.0,0.0,1212.0,1768.0,329.2907637,385.3402554,0.0,4344.0,1026.330097,1169.594721,1367951.812,0.0,0.0,0.0,1.0,0.0,0.0,0.0,0.0,1.0,1036.392157,28.06382979,1898.054545,1212.0,0.0,0.0,0.0,0.0,0.0,0.0,47.0,1319.0,55.0,104393.0,29200.0,61.0,29.0,20.0,0.0,0.0,0.0,0.0,0.0,0.0,0.0,0.0,BENIGN
443.0,127510.0,21.0,29.0,1169.0,46473.0,570.0,0.0,55.66666667,162.8920911,2896.0,0.0,1602.517241,886.2716699,373633.4405,392.1261078,2602.244898,6951.188992,23372.0,2.0,127510.0,6375.5,10041.44127,23897.0,49.0,104057.0,3716.321429,8945.530732,32273.0,2.0,0.0,0.0,0.0,0.0,680.0,936.0,164.6929653,227.4331425,0.0,2896.0,934.1568627,1025.259018,1051156.055,0.0,0.0,0.0,1.0,0.0,0.0,0.0,0.0,1.0,952.84,55.66666667,1602.517241,680.0,0.0,0.0,0.0,0.0,0.0,0.0,21.0,1169.0,29.0,46473.0,29200.0,61.0,4.0,32.0,0.0,0.0,0.0,0.0,0.0,0.0,0.0,0.0,BENIGN
443.0,142497.0,49.0,59.0,1325.0,110185.0,570.0,0.0,27.04081633,108.0950506,4344.0,0.0,1867.542373,928.8619348,782542.7904,757.9106929,1331.747664,5064.200025,23282.0,1.0,142497.0,2968.6875,7378.408097,23818.0,1.0,119277.0,2056.5,6175.301189,23709.0,1.0,0.0,0.0,0.0,0.0,1264.0,1896.0,343.8668884,414.0438044,0.0,4344.0,1023.027523,1148.007714,1317921.712,0.0,0.0,0.0,1.0,0.0,0.0,0.0,0.0,1.0,1032.5,27.04081633,1867.542373,1264.0,0.0,0.0,0.0,0.0,0.0,0.0,49.0,1325.0,59.0,110185.0,29200.0,61.0,30.0,20.0,0.0,0.0,0.0,0.0,0.0,0.0,0.0,0.0,BENIGN
443.0,186963.0,48.0,60.0,1337.0,105841.0,570.0,0.0,27.85416667,109.1083766,4344.0,0.0,1764.016667,922.7908387,573257.8104,577.6544022,1747.317757,6564.054301,44789.0,1.0,186963.0,3977.93617,9599.296585,44963.0,1.0,163923.0,2778.355932,8269.276678,44789.0,1.0,0.0,0.0,0.0,0.0,1208.0,1928.0,256.7352899,320.9191123,0.0,4344.0,983.2844037,1106.197291,1223672.446,0.0,0.0,0.0,1.0,0.0,0.0,0.0,0.0,1.0,992.3888889,27.85416667,1764.016667,1208.0,0.0,0.0,0.0,0.0,0.0,0.0,48.0,1337.0,60.0,105841.0,29200.0,61.0,32.0,20.0,0.0,0.0,0.0,0.0,0.0,0.0,0.0,0.0,BENIGN
443.0,197861.0,46.0,54.0,1325.0,100049.0,570.0,0.0,28.80434783,111.4072847,4344.0,0.0,1852.759259,986.5090908,512349.5787,505.4053098,1998.59596,7580.754813,55862.0,1.0,197861.0,4396.911111,10924.4702,55970.0,1.0,174628.0,3294.867925,9776.323222,55862.0,1.0,0.0,0.0,0.0,0.0,1168.0,1736.0,232.4864425,272.9188673,0.0,4344.0,1003.70297,1165.305209,1357936.231,0.0,0.0,0.0,1.0,0.0,0.0,0.0,0.0,1.0,1013.74,28.80434783,1852.759259,1168.0,0.0,0.0,0.0,0.0,0.0,0.0,46.0,1325.0,54.0,100049.0,29200.0,61.0,30.0,20.0,0.0,0.0,0.0,0.0,0.0,0.0,0.0,0.0,BENIGN
443.0,142760.0,47.0,58.0,1319.0,110185.0,570.0,0.0,28.06382979,110.2994746,4344.0,0.0,1899.741379,942.9987732,781059.1202,735.5001401,1372.692308,5124.604589,23416.0,1.0,142757.0,3103.413043,7507.662499,23627.0,1.0,119344.0,2093.754386,6205.460356,23834.0,1.0,0.0,0.0,0.0,0.0,1212.0,1864.0,329.2238722,406.2762679,0.0,4344.0,1051.924528,1168.282922,1364884.985,0.0,0.0,0.0,1.0,0.0,0.0,0.0,0.0,1.0,1061.942857,28.06382979,1899.741379,1212.0,0.0,0.0,0.0,0.0,0.0,0.0,47.0,1319.0,58.0,110185.0,29200.0,61.0,29.0,20.0,0.0,0.0,0.0,0.0,0.0,0.0,0.0,0.0,BENIGN
443.0,23498.0,25.0,29.0,150.0,57920.0,6.0,6.0,6.0,0.0,2896.0,0.0,1997.241379,900.4412274,2471274.151,2298.067921,443.3584906,2560.779277,18728.0,1.0,23391.0,974.625,3810.013566,18857.0,2.0,23388.0,835.2857143,3507.418042,18728.0,1.0,0.0,0.0,0.0,0.0,500.0,928.0,1063.920334,1234.147587,0.0,2896.0,1055.927273,1194.581654,1427025.328,1.0,0.0,0.0,0.0,0.0,0.0,0.0,0.0,1.0,1075.481481,6.0,1997.241379,500.0,0.0,0.0,0.0,0.0,0.0,0.0,25.0,150.0,29.0,57920.0,0.0,61.0,24.0,20.0,0.0,0.0,0.0,0.0,0.0,0.0,0.0,0.0,BENIGN
443.0,142790.0,50.0,59.0,1331.0,110185.0,570.0,0.0,26.62,107.0277267,2896.0,0.0,1867.542373,847.4575022,780979.0602,763.3587786,1322.12963,5034.474246,23253.0,1.0,142743.0,2913.122449,7312.624998,23850.0,1.0,119621.0,2062.431034,6181.710395,24029.0,2.0,0.0,0.0,0.0,0.0,1284.0,1896.0,350.1645774,413.1942013,0.0,2896.0,1013.781818,1112.785045,1238290.557,0.0,0.0,0.0,1.0,0.0,0.0,0.0,0.0,1.0,1023.082569,26.62,1867.542373,1284.0,0.0,0.0,0.0,0.0,0.0,0.0,50.0,1331.0,59.0,110185.0,29200.0,61.0,31.0,20.0,0.0,0.0,0.0,0.0,0.0,0.0,0.0,0.0,BENIGN
443.0,194123.0,47.0,55.0,1325.0,101511.0,570.0,0.0,28.19148936,110.2697559,4344.0,0.0,1845.654545,938.2422339,529746.604,525.440056,1922.009901,7225.287596,51519.0,1.0,194123.0,4220.065217,10392.68603,51614.0,1.0,170402.0,3155.592593,9267.789669,51519.0,1.0,0.0,0.0,0.0,0.0,1200.0,1768.0,242.1145356,283.3255204,0.0,4344.0,998.407767,1141.098468,1302105.714,0.0,0.0,0.0,1.0,0.0,0.0,0.0,0.0,1.0,1008.196078,28.19148936,1845.654545,1200.0,0.0,0.0,0.0,0.0,0.0,0.0,47.0,1325.0,55.0,101511.0,29200.0,61.0,30.0,20.0,0.0,0.0,0.0,0.0,0.0,0.0,0.0,0.0,BENIGN
443.0,142819.0,48.0,56.0,1319.0,104393.0,570.0,0.0,27.47916667,109.1949242,2896.0,0.0,1864.160714,855.4030156,740181.6285,728.1944279,1386.592233,5175.233113,23256.0,1.0,142801.0,3038.319149,7469.519364,23952.0,1.0,119809.0,2178.345455,6375.493332,23927.0,2.0,0.0,0.0,0.0,0.0,1244.0,1800.0,336.089736,392.104692,0.0,2896.0,1006.780952,1113.800838,1240552.307,0.0,0.0,0.0,1.0,0.0,0.0,0.0,0.0,1.0,1016.461538,27.47916667,1864.160714,1244.0,0.0,0.0,0.0,0.0,0.0,0.0,48.0,1319.0,56.0,104393.0,29200.0,61.0,29.0,20.0,0.0,0.0,0.0,0.0,0.0,0.0,0.0,0.0,BENIGN
443.0,186407.0,48.0,59.0,1337.0,105841.0,570.0,0.0,27.85416667,109.1083766,2896.0,0.0,1793.915254,859.8629459,574967.6783,574.0127785,1758.556604,6551.855641,43976.0,1.0,186407.0,3966.106383,9534.918935,44111.0,2.0,163169.0,2813.258621,8265.328536,43976.0,2.0,0.0,0.0,0.0,0.0,1208.0,1896.0,257.5010595,316.511719,0.0,2896.0,992.3888889,1089.402716,1186798.277,0.0,0.0,0.0,1.0,0.0,0.0,0.0,0.0,1.0,1001.663551,27.85416667,1793.915254,1208.0,0.0,0.0,0.0,0.0,0.0,0.0,48.0,1337.0,59.0,105841.0,29200.0,61.0,32.0,20.0,0.0,0.0,0.0,0.0,0.0,0.0,0.0,0.0,BENIGN
443.0,143033.0,47.0,66.0,1331.0,108751.0,570.0,0.0,28.31914894,110.239878,4344.0,0.0,1647.742424,753.1158724,769626.5897,790.0274762,1277.080357,4943.40638,23086.0,0.0,143033.0,3109.413043,7504.314823,23783.0,1.0,119903.0,1844.661538,5898.111566,23782.0,1.0,0.0,0.0,0.0,0.0,1188.0,2120.0,328.5954989,461.4319772,0.0,4344.0,965.6315789,988.2434248,976625.0666,0.0,0.0,0.0,1.0,0.0,0.0,0.0,0.0,1.0,974.1769912,28.31914894,1647.742424,1188.0,0.0,0.0,0.0,0.0,0.0,0.0,47.0,1331.0,66.0,108751.0,29200.0,61.0,31.0,20.0,0.0,0.0,0.0,0.0,0.0,0.0,0.0,0.0,BENIGN
443.0,195544.0,50.0,66.0,1337.0,105841.0,570.0,0.0,26.74,107.0006313,2896.0,0.0,1603.651515,719.6898583,548101.706,593.2168719,1700.382609,6890.104358,53194.0,0.0,195544.0,3990.693878,10227.45322,53260.0,0.0,172382.0,2652.030769,8682.977118,53196.0,1.0,0.0,0.0,0.0,0.0,1272.0,2120.0,255.6969275,337.5199444,0.0,2896.0,916.0512821,955.0919422,912200.618,0.0,0.0,0.0,1.0,0.0,0.0,0.0,0.0,1.0,923.9482759,26.74,1603.651515,1272.0,0.0,0.0,0.0,0.0,0.0,0.0,50.0,1337.0,66.0,105841.0,29200.0,61.0,32.0,20.0,0.0,0.0,0.0,0.0,0.0,0.0,0.0,0.0,BENIGN
443.0,142215.0,44.0,53.0,1319.0,104393.0,570.0,0.0,29.97727273,113.8247303,4344.0,0.0,1969.679245,940.5657417,743325.247,682.0658862,1481.40625,5312.547458,23099.0,1.0,142215.0,3307.325581,7738.715184,23831.0,1.0,119222.0,2292.730769,6508.728514,24057.0,2.0,0.0,0.0,0.0,0.0,1116.0,1704.0,309.3907112,372.6751749,0.0,4344.0,1078.693878,1193.578233,1424628.998,0.0,0.0,0.0,1.0,0.0,0.0,0.0,0.0,1.0,1089.814433,29.97727273,1969.679245,1116.0,0.0,0.0,0.0,0.0,0.0,0.0,44.0,1319.0,53.0,104393.0,29200.0,61.0,29.0,20.0,0.0,0.0,0.0,0.0,0.0,0.0,0.0,0.0,BENIGN
443.0,142395.0,41.0,53.0,1295.0,102959.0,570.0,0.0,31.58536585,117.8562632,4344.0,0.0,1942.622642,934.0090641,732146.4939,660.1355385,1531.129032,5402.606477,23022.0,0.0,142334.0,3558.35,8005.765431,23857.0,0.0,119419.0,2296.519231,6511.48049,23867.0,2.0,0.0,0.0,0.0,0.0,1068.0,1704.0,287.9314583,372.2040802,0.0,4344.0,1097.410526,1183.040381,1399584.542,0.0,0.0,0.0,1.0,0.0,0.0,0.0,0.0,1.0,1109.085106,31.58536585,1942.622642,1068.0,0.0,0.0,0.0,0.0,0.0,0.0,41.0,1295.0,53.0,102959.0,29200.0,61.0,25.0,20.0,0.0,0.0,0.0,0.0,0.0,0.0,0.0,0.0,BENIGN
443.0,142742.0,44.0,56.0,1313.0,104393.0,570.0,0.0,29.84090909,113.8577127,4344.0,0.0,1864.160714,940.3200959,740538.8743,700.5646551,1441.838384,5258.470183,23212.0,1.0,142685.0,3318.255814,7761.924372,23995.0,4.0,119673.0,2175.872727,6359.585137,24014.0,1.0,0.0,0.0,0.0,0.0,1128.0,1800.0,308.2484482,392.3162069,0.0,4344.0,1046.594059,1154.130739,1332017.764,0.0,0.0,0.0,1.0,0.0,0.0,0.0,0.0,1.0,1057.06,29.84090909,1864.160714,1128.0,0.0,0.0,0.0,0.0,0.0,0.0,44.0,1313.0,56.0,104393.0,29200.0,61.0,28.0,20.0,0.0,0.0,0.0,0.0,0.0,0.0,0.0,0.0,BENIGN
443.0,122673.0,39.0,49.0,1295.0,95705.0,570.0,0.0,33.20512821,120.6895058,4344.0,0.0,1953.163265,1041.988631,790720.0443,717.354267,1410.034483,5277.791893,23228.0,1.0,122629.0,3227.078947,7762.660575,23862.0,1.0,99723.0,2077.5625,6343.115235,23913.0,2.0,0.0,0.0,0.0,0.0,1004.0,1576.0,317.9183683,399.4358987,0.0,4344.0,1089.88764,1233.621935,1521823.078,0.0,0.0,0.0,1.0,0.0,0.0,0.0,0.0,1.0,1102.272727,33.20512821,1953.163265,1004.0,0.0,0.0,0.0,0.0,0.0,0.0,39.0,1295.0,49.0,95705.0,29200.0,61.0,25.0,20.0,0.0,0.0,0.0,0.0,0.0,0.0,0.0,0.0,BENIGN
443.0,187038.0,50.0,60.0,1343.0,105841.0,570.0,0.0,26.86,106.9733917,2896.0,0.0,1764.016667,842.2550138,573060.0199,588.115784,1715.944954,6492.211787,44392.0,0.0,187038.0,3817.102041,9415.751528,44548.0,1.0,163960.0,2778.983051,8259.132036,44392.0,1.0,0.0,0.0,0.0,0.0,1260.0,1928.0,267.3253563,320.7904276,0.0,2896.0,965.6216216,1068.801844,1142337.383,0.0,0.0,0.0,1.0,0.0,0.0,0.0,0.0,1.0,974.4,26.86,1764.016667,1260.0,0.0,0.0,0.0,0.0,0.0,0.0,50.0,1343.0,60.0,105841.0,29200.0,61.0,33.0,20.0,0.0,0.0,0.0,0.0,0.0,0.0,0.0,0.0,BENIGN
443.0,142470.0,46.0,60.0,1331.0,108751.0,570.0,0.0,28.93478261,111.3763195,4344.0,0.0,1812.516667,942.8974905,772667.9301,744.0162841,1356.857143,5081.004253,23221.0,1.0,142470.0,3166.0,7562.024963,23649.0,1.0,119446.0,2024.508475,6113.189115,23772.0,2.0,0.0,0.0,0.0,0.0,1156.0,1928.0,322.8749912,421.1412929,0.0,4344.0,1028.803738,1136.492597,1291615.423,0.0,0.0,0.0,1.0,0.0,0.0,0.0,0.0,1.0,1038.509434,28.93478261,1812.516667,1156.0,0.0,0.0,0.0,0.0,0.0,0.0,46.0,1331.0,60.0,108751.0,29200.0,61.0,31.0,20.0,0.0,0.0,0.0,0.0,0.0,0.0,0.0,0.0,BENIGN
443.0,161.0,2.0,0.0,0.0,0.0,0.0,0.0,0.0,0.0,0.0,0.0,0.0,0.0,0.0,12422.36025,161.0,0.0,161.0,161.0,161.0,161.0,0.0,161.0,161.0,0.0,0.0,0.0,0.0,0.0,0.0,0.0,0.0,0.0,64.0,0.0,12422.36025,0.0,0.0,0.0,0.0,0.0,0.0,0.0,0.0,0.0,0.0,1.0,0.0,0.0,0.0,0.0,0.0,0.0,0.0,64.0,0.0,0.0,0.0,0.0,0.0,0.0,2.0,0.0,0.0,0.0,342.0,-1.0,0.0,32.0,0.0,0.0,0.0,0.0,0.0,0.0,0.0,0.0,BENIGN
465.0,2198477.0,17.0,23.0,1376.0,4520.0,362.0,0.0,80.94117647,88.22306288,2161.0,0.0,196.5217391,518.2292288,2681.856576,18.19441368,56371.20513,169507.406,1040520.0,3.0,2147822.0,134238.875,270426.9147,1090686.0,269.0,2148310.0,97650.45455,218778.0219,1040520.0,3.0,0.0,0.0,0.0,0.0,552.0,744.0,7.732625813,10.46178786,0.0,2161.0,143.804878,393.2132513,154616.661,0.0,0.0,0.0,1.0,0.0,0.0,0.0,0.0,1.0,147.4,80.94117647,196.5217391,552.0,0.0,0.0,0.0,0.0,0.0,0.0,17.0,1376.0,23.0,4520.0,29200.0,175.0,12.0,32.0,0.0,0.0,0.0,0.0,0.0,0.0,0.0,0.0,BENIGN
465.0,49.0,2.0,0.0,37.0,0.0,37.0,0.0,18.5,26.1629509,0.0,0.0,0.0,0.0,755102.0408,40816.32653,49.0,0.0,49.0,49.0,49.0,49.0,0.0,49.0,49.0,0.0,0.0,0.0,0.0,0.0,1.0,0.0,0.0,0.0,64.0,0.0,40816.32653,0.0,0.0,37.0,24.66666667,21.36195996,456.3333333,0.0,1.0,0.0,0.0,1.0,0.0,0.0,0.0,0.0,37.0,18.5,0.0,64.0,0.0,0.0,0.0,0.0,0.0,0.0,2.0,37.0,0.0,0.0,307.0,-1.0,0.0,32.0,0.0,0.0,0.0,0.0,0.0,0.0,0.0,0.0,BENIGN
80.0,50486.0,1.0,1.0,0.0,0.0,0.0,0.0,0.0,0.0,0.0,0.0,0.0,0.0,0.0,39.61494276,50486.0,0.0,50486.0,50486.0,0.0,0.0,0.0,0.0,0.0,0.0,0.0,0.0,0.0,0.0,0.0,0.0,0.0,0.0,32.0,32.0,19.80747138,19.80747138,0.0,0.0,0.0,0.0,0.0,0.0,0.0,0.0,0.0,1.0,1.0,0.0,0.0,1.0,0.0,0.0,0.0,32.0,0.0,0.0,0.0,0.0,0.0,0.0,1.0,0.0,1.0,0.0,237.0,119.0,0.0,32.0,0.0,0.0,0.0,0.0,0.0,0.0,0.0,0.0,BENIGN
80.0,51273.0,1.0,1.0,0.0,0.0,0.0,0.0,0.0,0.0,0.0,0.0,0.0,0.0,0.0,39.00688472,51273.0,0.0,51273.0,51273.0,0.0,0.0,0.0,0.0,0.0,0.0,0.0,0.0,0.0,0.0,0.0,0.0,0.0,0.0,32.0,32.0,19.50344236,19.50344236,0.0,0.0,0.0,0.0,0.0,0.0,0.0,0.0,0.0,1.0,1.0,0.0,0.0,1.0,0.0,0.0,0.0,32.0,0.0,0.0,0.0,0.0,0.0,0.0,1.0,0.0,1.0,0.0,245.0,141.0,0.0,32.0,0.0,0.0,0.0,0.0,0.0,0.0,0.0,0.0,BENIGN
80.0,50722.0,1.0,1.0,0.0,0.0,0.0,0.0,0.0,0.0,0.0,0.0,0.0,0.0,0.0,39.43062182,50722.0,0.0,50722.0,50722.0,0.0,0.0,0.0,0.0,0.0,0.0,0.0,0.0,0.0,0.0,0.0,0.0,0.0,0.0,32.0,32.0,19.71531091,19.71531091,0.0,0.0,0.0,0.0,0.0,0.0,0.0,0.0,0.0,1.0,1.0,0.0,0.0,1.0,0.0,0.0,0.0,32.0,0.0,0.0,0.0,0.0,0.0,0.0,1.0,0.0,1.0,0.0,245.0,127.0,0.0,32.0,0.0,0.0,0.0,0.0,0.0,0.0,0.0,0.0,BENIGN
80.0,50641.0,1.0,1.0,0.0,0.0,0.0,0.0,0.0,0.0,0.0,0.0,0.0,0.0,0.0,39.49369088,50641.0,0.0,50641.0,50641.0,0.0,0.0,0.0,0.0,0.0,0.0,0.0,0.0,0.0,0.0,0.0,0.0,0.0,0.0,32.0,32.0,19.74684544,19.74684544,0.0,0.0,0.0,0.0,0.0,0.0,0.0,0.0,0.0,1.0,1.0,0.0,0.0,1.0,0.0,0.0,0.0,32.0,0.0,0.0,0.0,0.0,0.0,0.0,1.0,0.0,1.0,0.0,237.0,110.0,0.0,32.0,0.0,0.0,0.0,0.0,0.0,0.0,0.0,0.0,BENIGN
80.0,51022.0,1.0,1.0,0.0,0.0,0.0,0.0,0.0,0.0,0.0,0.0,0.0,0.0,0.0,39.198777,51022.0,0.0,51022.0,51022.0,0.0,0.0,0.0,0.0,0.0,0.0,0.0,0.0,0.0,0.0,0.0,0.0,0.0,0.0,32.0,32.0,19.5993885,19.5993885,0.0,0.0,0.0,0.0,0.0,0.0,0.0,0.0,0.0,1.0,1.0,0.0,0.0,1.0,0.0,0.0,0.0,32.0,0.0,0.0,0.0,0.0,0.0,0.0,1.0,0.0,1.0,0.0,239.0,110.0,0.0,32.0,0.0,0.0,0.0,0.0,0.0,0.0,0.0,0.0,BENIGN
80.0,51245.0,1.0,1.0,0.0,0.0,0.0,0.0,0.0,0.0,0.0,0.0,0.0,0.0,0.0,39.02819787,51245.0,0.0,51245.0,51245.0,0.0,0.0,0.0,0.0,0.0,0.0,0.0,0.0,0.0,0.0,0.0,0.0,0.0,0.0,32.0,32.0,19.51409894,19.51409894,0.0,0.0,0.0,0.0,0.0,0.0,0.0,0.0,0.0,1.0,1.0,0.0,0.0,1.0,0.0,0.0,0.0,32.0,0.0,0.0,0.0,0.0,0.0,0.0,1.0,0.0,1.0,0.0,237.0,110.0,0.0,32.0,0.0,0.0,0.0,0.0,0.0,0.0,0.0,0.0,BENIGN
80.0,50534.0,1.0,1.0,0.0,0.0,0.0,0.0,0.0,0.0,0.0,0.0,0.0,0.0,0.0,39.57731428,50534.0,0.0,50534.0,50534.0,0.0,0.0,0.0,0.0,0.0,0.0,0.0,0.0,0.0,0.0,0.0,0.0,0.0,0.0,32.0,32.0,19.78865714,19.78865714,0.0,0.0,0.0,0.0,0.0,0.0,0.0,0.0,0.0,1.0,1.0,0.0,0.0,1.0,0.0,0.0,0.0,32.0,0.0,0.0,0.0,0.0,0.0,0.0,1.0,0.0,1.0,0.0,654.0,325.0,0.0,32.0,0.0,0.0,0.0,0.0,0.0,0.0,0.0,0.0,BENIGN
80.0,50884.0,1.0,1.0,0.0,0.0,0.0,0.0,0.0,0.0,0.0,0.0,0.0,0.0,0.0,39.30508608,50884.0,0.0,50884.0,50884.0,0.0,0.0,0.0,0.0,0.0,0.0,0.0,0.0,0.0,0.0,0.0,0.0,0.0,0.0,32.0,32.0,19.65254304,19.65254304,0.0,0.0,0.0,0.0,0.0,0.0,0.0,0.0,0.0,1.0,1.0,0.0,0.0,1.0,0.0,0.0,0.0,32.0,0.0,0.0,0.0,0.0,0.0,0.0,1.0,0.0,1.0,0.0,237.0,110.0,0.0,32.0,0.0,0.0,0.0,0.0,0.0,0.0,0.0,0.0,BENIGN
80.0,50408.0,1.0,1.0,0.0,0.0,0.0,0.0,0.0,0.0,0.0,0.0,0.0,0.0,0.0,39.67624187,50408.0,0.0,50408.0,50408.0,0.0,0.0,0.0,0.0,0.0,0.0,0.0,0.0,0.0,0.0,0.0,0.0,0.0,0.0,32.0,32.0,19.83812093,19.83812093,0.0,0.0,0.0,0.0,0.0,0.0,0.0,0.0,0.0,1.0,1.0,0.0,0.0,1.0,0.0,0.0,0.0,32.0,0.0,0.0,0.0,0.0,0.0,0.0,1.0,0.0,1.0,0.0,237.0,110.0,0.0,32.0,0.0,0.0,0.0,0.0,0.0,0.0,0.0,0.0,BENIGN
80.0,83784.0,1.0,1.0,0.0,0.0,0.0,0.0,0.0,0.0,0.0,0.0,0.0,0.0,0.0,23.87090614,83784.0,0.0,83784.0,83784.0,0.0,0.0,0.0,0.0,0.0,0.0,0.0,0.0,0.0,0.0,0.0,0.0,0.0,0.0,32.0,32.0,11.93545307,11.93545307,0.0,0.0,0.0,0.0,0.0,0.0,0.0,0.0,0.0,1.0,1.0,0.0,0.0,1.0,0.0,0.0,0.0,32.0,0.0,0.0,0.0,0.0,0.0,0.0,1.0,0.0,1.0,0.0,251.0,114.0,0.0,32.0,0.0,0.0,0.0,0.0,0.0,0.0,0.0,0.0,BENIGN
80.0,50905.0,1.0,1.0,0.0,0.0,0.0,0.0,0.0,0.0,0.0,0.0,0.0,0.0,0.0,39.28887143,50905.0,0.0,50905.0,50905.0,0.0,0.0,0.0,0.0,0.0,0.0,0.0,0.0,0.0,0.0,0.0,0.0,0.0,0.0,32.0,32.0,19.64443571,19.64443571,0.0,0.0,0.0,0.0,0.0,0.0,0.0,0.0,0.0,1.0,1.0,0.0,0.0,1.0,0.0,0.0,0.0,32.0,0.0,0.0,0.0,0.0,0.0,0.0,1.0,0.0,1.0,0.0,251.0,110.0,0.0,32.0,0.0,0.0,0.0,0.0,0.0,0.0,0.0,0.0,BENIGN
80.0,46728.0,1.0,1.0,0.0,0.0,0.0,0.0,0.0,0.0,0.0,0.0,0.0,0.0,0.0,42.80089026,46728.0,0.0,46728.0,46728.0,0.0,0.0,0.0,0.0,0.0,0.0,0.0,0.0,0.0,0.0,0.0,0.0,0.0,0.0,32.0,32.0,21.40044513,21.40044513,0.0,0.0,0.0,0.0,0.0,0.0,0.0,0.0,0.0,1.0,1.0,0.0,0.0,1.0,0.0,0.0,0.0,32.0,0.0,0.0,0.0,0.0,0.0,0.0,1.0,0.0,1.0,0.0,237.0,75.0,0.0,32.0,0.0,0.0,0.0,0.0,0.0,0.0,0.0,0.0,BENIGN
80.0,50833.0,1.0,1.0,0.0,0.0,0.0,0.0,0.0,0.0,0.0,0.0,0.0,0.0,0.0,39.34452029,50833.0,0.0,50833.0,50833.0,0.0,0.0,0.0,0.0,0.0,0.0,0.0,0.0,0.0,0.0,0.0,0.0,0.0,0.0,32.0,32.0,19.67226015,19.67226015,0.0,0.0,0.0,0.0,0.0,0.0,0.0,0.0,0.0,1.0,1.0,0.0,0.0,1.0,0.0,0.0,0.0,32.0,0.0,0.0,0.0,0.0,0.0,0.0,1.0,0.0,1.0,0.0,319.0,153.0,0.0,32.0,0.0,0.0,0.0,0.0,0.0,0.0,0.0,0.0,BENIGN
80.0,50448.0,1.0,1.0,0.0,0.0,0.0,0.0,0.0,0.0,0.0,0.0,0.0,0.0,0.0,39.64478275,50448.0,0.0,50448.0,50448.0,0.0,0.0,0.0,0.0,0.0,0.0,0.0,0.0,0.0,0.0,0.0,0.0,0.0,0.0,32.0,32.0,19.82239137,19.82239137,0.0,0.0,0.0,0.0,0.0,0.0,0.0,0.0,0.0,1.0,1.0,0.0,0.0,1.0,0.0,0.0,0.0,32.0,0.0,0.0,0.0,0.0,0.0,0.0,1.0,0.0,1.0,0.0,237.0,110.0,0.0,32.0,0.0,0.0,0.0,0.0,0.0,0.0,0.0,0.0,BENIGN
443.0,116606690.0,18.0,18.0,1854.0,7735.0,469.0,0.0,103.0,162.4271783,2607.0,0.0,429.7222222,713.2381671,82.23370374,0.308730142,3331619.714,13700000.0,58200000.0,1.0,117000000.0,6859217.059,19300000.0,58200000.0,4.0,117000000.0,6858322.647,19300000.0,58200000.0,1.0,0.0,0.0,0.0,0.0,380.0,372.0,0.154365071,0.154365071,0.0,2607.0,259.1621622,530.3643671,281286.3619,0.0,0.0,0.0,1.0,0.0,0.0,0.0,0.0,1.0,266.3611111,103.0,429.7222222,380.0,0.0,0.0,0.0,0.0,0.0,0.0,18.0,1854.0,18.0,7735.0,29200.0,34.0,17.0,20.0,172370.0,166172.922,289872.0,54868.0,58100000.0,140678.187,58200000.0,58000000.0,BENIGN
123.0,91190.0,1.0,1.0,48.0,48.0,48.0,48.0,48.0,0.0,48.0,48.0,48.0,0.0,1052.747012,21.93222941,91190.0,0.0,91190.0,91190.0,0.0,0.0,0.0,0.0,0.0,0.0,0.0,0.0,0.0,0.0,0.0,0.0,0.0,0.0,32.0,20.0,10.96611471,10.96611471,48.0,48.0,48.0,0.0,0.0,0.0,0.0,0.0,0.0,0.0,0.0,0.0,0.0,1.0,72.0,48.0,48.0,32.0,0.0,0.0,0.0,0.0,0.0,0.0,1.0,48.0,1.0,48.0,-1.0,-1.0,0.0,32.0,0.0,0.0,0.0,0.0,0.0,0.0,0.0,0.0,BENIGN
123.0,84776.0,1.0,1.0,48.0,48.0,48.0,48.0,48.0,0.0,48.0,48.0,48.0,0.0,1132.395961,23.59158252,84776.0,0.0,84776.0,84776.0,0.0,0.0,0.0,0.0,0.0,0.0,0.0,0.0,0.0,0.0,0.0,0.0,0.0,0.0,32.0,32.0,11.79579126,11.79579126,48.0,48.0,48.0,0.0,0.0,0.0,0.0,0.0,0.0,0.0,0.0,0.0,0.0,1.0,72.0,48.0,48.0,32.0,0.0,0.0,0.0,0.0,0.0,0.0,1.0,48.0,1.0,48.0,-1.0,-1.0,0.0,32.0,0.0,0.0,0.0,0.0,0.0,0.0,0.0,0.0,BENIGN
443.0,3.0,2.0,0.0,53.0,0.0,53.0,0.0,26.5,37.4766594,0.0,0.0,0.0,0.0,17700000.0,666666.6667,3.0,0.0,3.0,3.0,3.0,3.0,0.0,3.0,3.0,0.0,0.0,0.0,0.0,0.0,1.0,0.0,0.0,0.0,64.0,0.0,666666.6667,0.0,0.0,53.0,35.33333333,30.59956427,936.3333333,0.0,1.0,0.0,0.0,1.0,0.0,0.0,0.0,0.0,53.0,26.5,0.0,64.0,0.0,0.0,0.0,0.0,0.0,0.0,2.0,53.0,0.0,0.0,408.0,-1.0,0.0,32.0,0.0,0.0,0.0,0.0,0.0,0.0,0.0,0.0,BENIGN
137.0,22.0,13.0,0.0,650.0,0.0,50.0,50.0,50.0,0.0,0.0,0.0,0.0,0.0,29500000.0,590909.0909,1.833333333,1.99240984,8.0,1.0,22.0,1.833333333,1.99240984,8.0,1.0,0.0,0.0,0.0,0.0,0.0,0.0,0.0,0.0,0.0,260.0,0.0,590909.0909,0.0,50.0,50.0,50.0,0.0,0.0,0.0,0.0,0.0,0.0,0.0,0.0,0.0,0.0,0.0,53.84615385,50.0,0.0,260.0,0.0,0.0,0.0,0.0,0.0,0.0,13.0,650.0,0.0,0.0,-1.0,-1.0,12.0,20.0,0.0,0.0,0.0,0.0,0.0,0.0,0.0,0.0,BENIGN
53.0,313.0,2.0,2.0,90.0,206.0,45.0,45.0,45.0,0.0,103.0,103.0,103.0,0.0,945686.901,12779.55272,104.3333333,170.3652938,301.0,2.0,10.0,10.0,0.0,10.0,10.0,2.0,2.0,0.0,2.0,2.0,0.0,0.0,0.0,0.0,40.0,64.0,6389.776358,6389.776358,45.0,103.0,68.2,31.76790834,1009.2,0.0,0.0,0.0,0.0,0.0,0.0,0.0,0.0,1.0,85.25,45.0,103.0,40.0,0.0,0.0,0.0,0.0,0.0,0.0,2.0,90.0,2.0,206.0,-1.0,-1.0,1.0,20.0,0.0,0.0,0.0,0.0,0.0,0.0,0.0,0.0,BENIGN
53.0,253.0,2.0,2.0,90.0,122.0,45.0,45.0,45.0,0.0,61.0,61.0,61.0,0.0,837944.664,15810.27668,84.33333333,140.8734657,247.0,3.0,3.0,3.0,0.0,3.0,3.0,3.0,3.0,0.0,3.0,3.0,0.0,0.0,0.0,0.0,40.0,64.0,7905.13834,7905.13834,45.0,61.0,51.4,8.76356092,76.8,0.0,0.0,0.0,0.0,0.0,0.0,0.0,0.0,1.0,64.25,45.0,61.0,40.0,0.0,0.0,0.0,0.0,0.0,0.0,2.0,90.0,2.0,122.0,-1.0,-1.0,1.0,20.0,0.0,0.0,0.0,0.0,0.0,0.0,0.0,0.0,BENIGN
53.0,188.0,2.0,2.0,90.0,122.0,45.0,45.0,45.0,0.0,61.0,61.0,61.0,0.0,1127659.574,21276.59574,62.66666667,102.4808925,181.0,3.0,4.0,4.0,0.0,4.0,4.0,3.0,3.0,0.0,3.0,3.0,0.0,0.0,0.0,0.0,64.0,64.0,10638.29787,10638.29787,45.0,61.0,51.4,8.76356092,76.8,0.0,0.0,0.0,0.0,0.0,0.0,0.0,0.0,1.0,64.25,45.0,61.0,64.0,0.0,0.0,0.0,0.0,0.0,0.0,2.0,90.0,2.0,122.0,-1.0,-1.0,1.0,32.0,0.0,0.0,0.0,0.0,0.0,0.0,0.0,0.0,BENIGN
53.0,246.0,2.0,2.0,90.0,206.0,45.0,45.0,45.0,0.0,103.0,103.0,103.0,0.0,1203252.033,16260.1626,82.0,71.25307011,135.0,1.0,135.0,135.0,0.0,135.0,135.0,1.0,1.0,0.0,1.0,1.0,0.0,0.0,0.0,0.0,64.0,64.0,8130.081301,8130.081301,45.0,103.0,68.2,31.76790834,1009.2,0.0,0.0,0.0,0.0,0.0,0.0,0.0,0.0,1.0,85.25,45.0,103.0,64.0,0.0,0.0,0.0,0.0,0.0,0.0,2.0,90.0,2.0,206.0,-1.0,-1.0,1.0,32.0,0.0,0.0,0.0,0.0,0.0,0.0,0.0,0.0,BENIGN
53.0,260.0,2.0,2.0,90.0,122.0,45.0,45.0,45.0,0.0,61.0,61.0,61.0,0.0,815384.6154,15384.61538,86.66666667,144.0497599,253.0,3.0,3.0,3.0,0.0,3.0,3.0,4.0,4.0,0.0,4.0,4.0,0.0,0.0,0.0,0.0,64.0,64.0,7692.307692,7692.307692,45.0,61.0,51.4,8.76356092,76.8,0.0,0.0,0.0,0.0,0.0,0.0,0.0,0.0,1.0,64.25,45.0,61.0,64.0,0.0,0.0,0.0,0.0,0.0,0.0,2.0,90.0,2.0,122.0,-1.0,-1.0,1.0,32.0,0.0,0.0,0.0,0.0,0.0,0.0,0.0,0.0,BENIGN
53.0,275.0,2.0,2.0,90.0,206.0,45.0,45.0,45.0,0.0,103.0,103.0,103.0,0.0,1076363.636,14545.45455,91.66666667,156.1740482,272.0,1.0,2.0,2.0,0.0,2.0,2.0,1.0,1.0,0.0,1.0,1.0,0.0,0.0,0.0,0.0,64.0,64.0,7272.727273,7272.727273,45.0,103.0,68.2,31.76790834,1009.2,0.0,0.0,0.0,0.0,0.0,0.0,0.0,0.0,1.0,85.25,45.0,103.0,64.0,0.0,0.0,0.0,0.0,0.0,0.0,2.0,90.0,2.0,206.0,-1.0,-1.0,1.0,32.0,0.0,0.0,0.0,0.0,0.0,0.0,0.0,0.0,BENIGN
53.0,25399.0,2.0,2.0,86.0,196.0,43.0,43.0,43.0,0.0,98.0,98.0,98.0,0.0,11102.79932,157.4865152,8466.333333,14658.05732,25392.0,3.0,4.0,4.0,0.0,4.0,4.0,3.0,3.0,0.0,3.0,3.0,0.0,0.0,0.0,0.0,64.0,64.0,78.74325761,78.74325761,43.0,98.0,65.0,30.12474066,907.5,0.0,0.0,0.0,0.0,0.0,0.0,0.0,0.0,1.0,81.25,43.0,98.0,64.0,0.0,0.0,0.0,0.0,0.0,0.0,2.0,86.0,2.0,196.0,-1.0,-1.0,1.0,32.0,0.0,0.0,0.0,0.0,0.0,0.0,0.0,0.0,BENIGN
53.0,25871.0,2.0,2.0,86.0,220.0,43.0,43.0,43.0,0.0,110.0,110.0,110.0,0.0,11827.91543,154.6132735,8623.666667,14933.16475,25867.0,1.0,1.0,1.0,0.0,1.0,1.0,3.0,3.0,0.0,3.0,3.0,0.0,0.0,0.0,0.0,64.0,64.0,77.30663677,77.30663677,43.0,110.0,69.8,36.69741135,1346.7,0.0,0.0,0.0,0.0,0.0,0.0,0.0,0.0,1.0,87.25,43.0,110.0,64.0,0.0,0.0,0.0,0.0,0.0,0.0,2.0,86.0,2.0,220.0,-1.0,-1.0,1.0,32.0,0.0,0.0,0.0,0.0,0.0,0.0,0.0,0.0,BENIGN
53.0,186.0,2.0,2.0,90.0,206.0,45.0,45.0,45.0,0.0,103.0,103.0,103.0,0.0,1591397.849,21505.37634,62.0,105.6550993,184.0,1.0,1.0,1.0,0.0,1.0,1.0,1.0,1.0,0.0,1.0,1.0,0.0,0.0,0.0,0.0,64.0,64.0,10752.68817,10752.68817,45.0,103.0,68.2,31.76790834,1009.2,0.0,0.0,0.0,0.0,0.0,0.0,0.0,0.0,1.0,85.25,45.0,103.0,64.0,0.0,0.0,0.0,0.0,0.0,0.0,2.0,90.0,2.0,206.0,-1.0,-1.0,1.0,32.0,0.0,0.0,0.0,0.0,0.0,0.0,0.0,0.0,BENIGN
53.0,189.0,2.0,2.0,90.0,122.0,45.0,45.0,45.0,0.0,61.0,61.0,61.0,0.0,1121693.122,21164.02116,63.0,103.058236,182.0,3.0,4.0,4.0,0.0,4.0,4.0,3.0,3.0,0.0,3.0,3.0,0.0,0.0,0.0,0.0,64.0,64.0,10582.01058,10582.01058,45.0,61.0,51.4,8.76356092,76.8,0.0,0.0,0.0,0.0,0.0,0.0,0.0,0.0,1.0,64.25,45.0,61.0,64.0,0.0,0.0,0.0,0.0,0.0,0.0,2.0,90.0,2.0,122.0,-1.0,-1.0,1.0,32.0,0.0,0.0,0.0,0.0,0.0,0.0,0.0,0.0,BENIGN
53.0,61438.0,2.0,2.0,72.0,136.0,36.0,36.0,36.0,0.0,68.0,68.0,68.0,0.0,3385.526873,65.10628601,20479.33333,35465.18366,61431.0,3.0,3.0,3.0,0.0,3.0,3.0,4.0,4.0,0.0,4.0,4.0,0.0,0.0,0.0,0.0,40.0,40.0,32.55314301,32.55314301,36.0,68.0,48.8,17.52712184,307.2,0.0,0.0,0.0,0.0,0.0,0.0,0.0,0.0,1.0,61.0,36.0,68.0,40.0,0.0,0.0,0.0,0.0,0.0,0.0,2.0,72.0,2.0,136.0,-1.0,-1.0,1.0,20.0,0.0,0.0,0.0,0.0,0.0,0.0,0.0,0.0,BENIGN
53.0,61664.0,2.0,2.0,72.0,184.0,36.0,36.0,36.0,0.0,92.0,92.0,92.0,0.0,4151.530877,64.86766995,20554.66667,35559.29952,61615.0,1.0,1.0,1.0,0.0,1.0,1.0,48.0,48.0,0.0,48.0,48.0,0.0,0.0,0.0,0.0,40.0,40.0,32.43383498,32.43383498,36.0,92.0,58.4,30.67246322,940.8,0.0,0.0,0.0,0.0,0.0,0.0,0.0,0.0,1.0,73.0,36.0,92.0,40.0,0.0,0.0,0.0,0.0,0.0,0.0,2.0,72.0,2.0,184.0,-1.0,-1.0,1.0,20.0,0.0,0.0,0.0,0.0,0.0,0.0,0.0,0.0,BENIGN
53.0,290.0,2.0,2.0,90.0,206.0,45.0,45.0,45.0,0.0,103.0,103.0,103.0,0.0,1020689.655,13793.10345,96.66666667,165.6995273,288.0,1.0,1.0,1.0,0.0,1.0,1.0,1.0,1.0,0.0,1.0,1.0,0.0,0.0,0.0,0.0,64.0,64.0,6896.551724,6896.551724,45.0,103.0,68.2,31.76790834,1009.2,0.0,0.0,0.0,0.0,0.0,0.0,0.0,0.0,1.0,85.25,45.0,103.0,64.0,0.0,0.0,0.0,0.0,0.0,0.0,2.0,90.0,2.0,206.0,-1.0,-1.0,1.0,32.0,0.0,0.0,0.0,0.0,0.0,0.0,0.0,0.0,BENIGN
53.0,229.0,2.0,2.0,90.0,122.0,45.0,45.0,45.0,0.0,61.0,61.0,61.0,0.0,925764.1921,17467.24891,76.33333333,127.0170592,223.0,3.0,3.0,3.0,0.0,3.0,3.0,3.0,3.0,0.0,3.0,3.0,0.0,0.0,0.0,0.0,64.0,64.0,8733.624454,8733.624454,45.0,61.0,51.4,8.76356092,76.8,0.0,0.0,0.0,0.0,0.0,0.0,0.0,0.0,1.0,64.25,45.0,61.0,64.0,0.0,0.0,0.0,0.0,0.0,0.0,2.0,90.0,2.0,122.0,-1.0,-1.0,1.0,32.0,0.0,0.0,0.0,0.0,0.0,0.0,0.0,0.0,BENIGN
53.0,266.0,2.0,2.0,90.0,206.0,45.0,45.0,45.0,0.0,103.0,103.0,103.0,0.0,1112781.955,15037.59398,88.66666667,72.85830998,157.0,12.0,157.0,157.0,0.0,157.0,157.0,12.0,12.0,0.0,12.0,12.0,0.0,0.0,0.0,0.0,40.0,40.0,7518.796992,7518.796992,45.0,103.0,68.2,31.76790834,1009.2,0.0,0.0,0.0,0.0,0.0,0.0,0.0,0.0,1.0,85.25,45.0,103.0,40.0,0.0,0.0,0.0,0.0,0.0,0.0,2.0,90.0,2.0,206.0,-1.0,-1.0,1.0,20.0,0.0,0.0,0.0,0.0,0.0,0.0,0.0,0.0,BENIGN
53.0,257.0,2.0,2.0,90.0,122.0,45.0,45.0,45.0,0.0,61.0,61.0,61.0,0.0,824902.7237,15564.20233,85.66666667,142.3177197,250.0,3.0,3.0,3.0,0.0,3.0,3.0,4.0,4.0,0.0,4.0,4.0,0.0,0.0,0.0,0.0,40.0,40.0,7782.101167,7782.101167,45.0,61.0,51.4,8.76356092,76.8,0.0,0.0,0.0,0.0,0.0,0.0,0.0,0.0,1.0,64.25,45.0,61.0,40.0,0.0,0.0,0.0,0.0,0.0,0.0,2.0,90.0,2.0,122.0,-1.0,-1.0,1.0,20.0,0.0,0.0,0.0,0.0,0.0,0.0,0.0,0.0,BENIGN
53.0,259.0,2.0,2.0,90.0,206.0,45.0,45.0,45.0,0.0,103.0,103.0,103.0,0.0,1142857.143,15444.01544,86.33333333,147.8016689,257.0,1.0,1.0,1.0,0.0,1.0,1.0,1.0,1.0,0.0,1.0,1.0,0.0,0.0,0.0,0.0,64.0,64.0,7722.007722,7722.007722,45.0,103.0,68.2,31.76790834,1009.2,0.0,0.0,0.0,0.0,0.0,0.0,0.0,0.0,1.0,85.25,45.0,103.0,64.0,0.0,0.0,0.0,0.0,0.0,0.0,2.0,90.0,2.0,206.0,-1.0,-1.0,1.0,32.0,0.0,0.0,0.0,0.0,0.0,0.0,0.0,0.0,BENIGN
53.0,199.0,2.0,2.0,90.0,122.0,45.0,45.0,45.0,0.0,61.0,61.0,61.0,0.0,1065326.633,20100.50251,66.33333333,109.6965511,193.0,3.0,3.0,3.0,0.0,3.0,3.0,3.0,3.0,0.0,3.0,3.0,0.0,0.0,0.0,0.0,64.0,64.0,10050.25126,10050.25126,45.0,61.0,51.4,8.76356092,76.8,0.0,0.0,0.0,0.0,0.0,0.0,0.0,0.0,1.0,64.25,45.0,61.0,64.0,0.0,0.0,0.0,0.0,0.0,0.0,2.0,90.0,2.0,122.0,-1.0,-1.0,1.0,32.0,0.0,0.0,0.0,0.0,0.0,0.0,0.0,0.0,BENIGN
53.0,255.0,2.0,2.0,90.0,122.0,45.0,45.0,45.0,0.0,61.0,61.0,61.0,0.0,831372.549,15686.27451,85.0,142.0281662,249.0,3.0,3.0,3.0,0.0,3.0,3.0,3.0,3.0,0.0,3.0,3.0,0.0,0.0,0.0,0.0,64.0,64.0,7843.137255,7843.137255,45.0,61.0,51.4,8.76356092,76.8,0.0,0.0,0.0,0.0,0.0,0.0,0.0,0.0,1.0,64.25,45.0,61.0,64.0,0.0,0.0,0.0,0.0,0.0,0.0,2.0,90.0,2.0,122.0,-1.0,-1.0,1.0,32.0,0.0,0.0,0.0,0.0,0.0,0.0,0.0,0.0,BENIGN
53.0,264.0,2.0,2.0,90.0,206.0,45.0,45.0,45.0,0.0,103.0,103.0,103.0,0.0,1121212.121,15151.51515,88.0,133.3679122,242.0,11.0,11.0,11.0,0.0,11.0,11.0,11.0,11.0,0.0,11.0,11.0,0.0,0.0,0.0,0.0,64.0,64.0,7575.757576,7575.757576,45.0,103.0,68.2,31.76790834,1009.2,0.0,0.0,0.0,0.0,0.0,0.0,0.0,0.0,1.0,85.25,45.0,103.0,64.0,0.0,0.0,0.0,0.0,0.0,0.0,2.0,90.0,2.0,206.0,-1.0,-1.0,1.0,32.0,0.0,0.0,0.0,0.0,0.0,0.0,0.0,0.0,BENIGN
53.0,198.0,2.0,2.0,90.0,122.0,45.0,45.0,45.0,0.0,61.0,61.0,61.0,0.0,1070707.071,20202.0202,66.0,108.2543302,191.0,3.0,3.0,3.0,0.0,3.0,3.0,4.0,4.0,0.0,4.0,4.0,0.0,0.0,0.0,0.0,64.0,64.0,10101.0101,10101.0101,45.0,61.0,51.4,8.76356092,76.8,0.0,0.0,0.0,0.0,0.0,0.0,0.0,0.0,1.0,64.25,45.0,61.0,64.0,0.0,0.0,0.0,0.0,0.0,0.0,2.0,90.0,2.0,122.0,-1.0,-1.0,1.0,32.0,0.0,0.0,0.0,0.0,0.0,0.0,0.0,0.0,BENIGN
53.0,399.0,2.0,2.0,90.0,206.0,45.0,45.0,45.0,0.0,103.0,103.0,103.0,0.0,741854.6366,10025.06266,133.0,189.3911297,350.0,1.0,1.0,1.0,0.0,1.0,1.0,48.0,48.0,0.0,48.0,48.0,0.0,0.0,0.0,0.0,64.0,64.0,5012.531328,5012.531328,45.0,103.0,68.2,31.76790834,1009.2,0.0,0.0,0.0,0.0,0.0,0.0,0.0,0.0,1.0,85.25,45.0,103.0,64.0,0.0,0.0,0.0,0.0,0.0,0.0,2.0,90.0,2.0,206.0,-1.0,-1.0,1.0,32.0,0.0,0.0,0.0,0.0,0.0,0.0,0.0,0.0,BENIGN
53.0,24629.0,2.0,2.0,72.0,140.0,36.0,36.0,36.0,0.0,70.0,70.0,70.0,0.0,8607.738844,162.4101669,8209.666667,14205.70425,24613.0,3.0,13.0,13.0,0.0,13.0,13.0,3.0,3.0,0.0,3.0,3.0,0.0,0.0,0.0,0.0,80.0,40.0,81.20508344,81.20508344,36.0,70.0,49.6,18.62256696,346.8,0.0,0.0,0.0,0.0,0.0,0.0,0.0,0.0,1.0,62.0,36.0,70.0,80.0,0.0,0.0,0.0,0.0,0.0,0.0,2.0,72.0,2.0,140.0,-1.0,-1.0,1.0,40.0,0.0,0.0,0.0,0.0,0.0,0.0,0.0,0.0,BENIGN
53.0,320.0,2.0,2.0,90.0,206.0,45.0,45.0,45.0,0.0,103.0,103.0,103.0,0.0,925000.0,12500.0,106.6666667,143.4724131,270.0,1.0,1.0,1.0,0.0,1.0,1.0,49.0,49.0,0.0,49.0,49.0,0.0,0.0,0.0,0.0,64.0,64.0,6250.0,6250.0,45.0,103.0,68.2,31.76790834,1009.2,0.0,0.0,0.0,0.0,0.0,0.0,0.0,0.0,1.0,85.25,45.0,103.0,64.0,0.0,0.0,0.0,0.0,0.0,0.0,2.0,90.0,2.0,206.0,-1.0,-1.0,1.0,32.0,0.0,0.0,0.0,0.0,0.0,0.0,0.0,0.0,BENIGN
53.0,262.0,2.0,2.0,90.0,122.0,45.0,45.0,45.0,0.0,61.0,61.0,61.0,0.0,809160.3053,15267.17557,87.33333333,145.2044536,255.0,3.0,4.0,4.0,0.0,4.0,4.0,3.0,3.0,0.0,3.0,3.0,0.0,0.0,0.0,0.0,64.0,64.0,7633.587786,7633.587786,45.0,61.0,51.4,8.76356092,76.8,0.0,0.0,0.0,0.0,0.0,0.0,0.0,0.0,1.0,64.25,45.0,61.0,64.0,0.0,0.0,0.0,0.0,0.0,0.0,2.0,90.0,2.0,122.0,-1.0,-1.0,1.0,32.0,0.0,0.0,0.0,0.0,0.0,0.0,0.0,0.0,BENIGN
53.0,60398.0,2.0,2.0,72.0,268.0,36.0,36.0,36.0,0.0,134.0,134.0,134.0,0.0,5629.325474,66.22735852,20132.66667,34864.73938,60391.0,3.0,3.0,3.0,0.0,3.0,3.0,4.0,4.0,0.0,4.0,4.0,0.0,0.0,0.0,0.0,80.0,64.0,33.11367926,33.11367926,36.0,134.0,75.2,53.67681064,2881.2,0.0,0.0,0.0,0.0,0.0,0.0,0.0,0.0,1.0,94.0,36.0,134.0,80.0,0.0,0.0,0.0,0.0,0.0,0.0,2.0,72.0,2.0,268.0,-1.0,-1.0,1.0,40.0,0.0,0.0,0.0,0.0,0.0,0.0,0.0,0.0,BENIGN
53.0,250.0,2.0,2.0,90.0,122.0,45.0,45.0,45.0,0.0,61.0,61.0,61.0,0.0,848000.0,16000.0,83.33333333,138.2762935,243.0,3.0,3.0,3.0,0.0,3.0,3.0,4.0,4.0,0.0,4.0,4.0,0.0,0.0,0.0,0.0,64.0,64.0,8000.0,8000.0,45.0,61.0,51.4,8.76356092,76.8,0.0,0.0,0.0,0.0,0.0,0.0,0.0,0.0,1.0,64.25,45.0,61.0,64.0,0.0,0.0,0.0,0.0,0.0,0.0,2.0,90.0,2.0,122.0,-1.0,-1.0,1.0,32.0,0.0,0.0,0.0,0.0,0.0,0.0,0.0,0.0,BENIGN
53.0,309.0,2.0,2.0,90.0,206.0,45.0,45.0,45.0,0.0,103.0,103.0,103.0,0.0,957928.8026,12944.98382,103.0,137.2151595,259.0,1.0,1.0,1.0,0.0,1.0,1.0,49.0,49.0,0.0,49.0,49.0,0.0,0.0,0.0,0.0,64.0,64.0,6472.491909,6472.491909,45.0,103.0,68.2,31.76790834,1009.2,0.0,0.0,0.0,0.0,0.0,0.0,0.0,0.0,1.0,85.25,45.0,103.0,64.0,0.0,0.0,0.0,0.0,0.0,0.0,2.0,90.0,2.0,206.0,-1.0,-1.0,1.0,32.0,0.0,0.0,0.0,0.0,0.0,0.0,0.0,0.0,BENIGN
53.0,271.0,2.0,2.0,64.0,204.0,32.0,32.0,32.0,0.0,102.0,102.0,102.0,0.0,988929.8893,14760.1476,90.33333333,150.4005762,264.0,3.0,3.0,3.0,0.0,3.0,3.0,4.0,4.0,0.0,4.0,4.0,0.0,0.0,0.0,0.0,40.0,40.0,7380.073801,7380.073801,32.0,102.0,60.0,38.34057903,1470.0,0.0,0.0,0.0,0.0,0.0,0.0,0.0,0.0,1.0,75.0,32.0,102.0,40.0,0.0,0.0,0.0,0.0,0.0,0.0,2.0,64.0,2.0,204.0,-1.0,-1.0,1.0,20.0,0.0,0.0,0.0,0.0,0.0,0.0,0.0,0.0,BENIGN
53.0,324.0,2.0,2.0,64.0,196.0,32.0,32.0,32.0,0.0,98.0,98.0,98.0,0.0,802469.1358,12345.67901,108.0,185.3294364,322.0,1.0,1.0,1.0,0.0,1.0,1.0,1.0,1.0,0.0,1.0,1.0,0.0,0.0,0.0,0.0,40.0,40.0,6172.839506,6172.839506,32.0,98.0,58.4,36.1496888,1306.8,0.0,0.0,0.0,0.0,0.0,0.0,0.0,0.0,1.0,73.0,32.0,98.0,40.0,0.0,0.0,0.0,0.0,0.0,0.0,2.0,64.0,2.0,196.0,-1.0,-1.0,1.0,20.0,0.0,0.0,0.0,0.0,0.0,0.0,0.0,0.0,BENIGN
53.0,322.0,2.0,2.0,90.0,122.0,45.0,45.0,45.0,0.0,61.0,61.0,61.0,0.0,658385.0932,12422.36025,107.3333333,179.8453039,315.0,3.0,3.0,3.0,0.0,3.0,3.0,4.0,4.0,0.0,4.0,4.0,0.0,0.0,0.0,0.0,64.0,64.0,6211.180124,6211.180124,45.0,61.0,51.4,8.76356092,76.8,0.0,0.0,0.0,0.0,0.0,0.0,0.0,0.0,1.0,64.25,45.0,61.0,64.0,0.0,0.0,0.0,0.0,0.0,0.0,2.0,90.0,2.0,122.0,-1.0,-1.0,1.0,32.0,0.0,0.0,0.0,0.0,0.0,0.0,0.0,0.0,BENIGN
53.0,468.0,2.0,2.0,90.0,206.0,45.0,45.0,45.0,0.0,103.0,103.0,103.0,0.0,632478.6325,8547.008547,156.0,158.6158882,318.0,1.0,1.0,1.0,0.0,1.0,1.0,149.0,149.0,0.0,149.0,149.0,0.0,0.0,0.0,0.0,64.0,64.0,4273.504274,4273.504274,45.0,103.0,68.2,31.76790834,1009.2,0.0,0.0,0.0,0.0,0.0,0.0,0.0,0.0,1.0,85.25,45.0,103.0,64.0,0.0,0.0,0.0,0.0,0.0,0.0,2.0,90.0,2.0,206.0,-1.0,-1.0,1.0,32.0,0.0,0.0,0.0,0.0,0.0,0.0,0.0,0.0,BENIGN
53.0,332.0,2.0,2.0,90.0,206.0,45.0,45.0,45.0,0.0,103.0,103.0,103.0,0.0,891566.2651,12048.19277,110.6666667,179.6561531,318.0,1.0,13.0,13.0,0.0,13.0,13.0,1.0,1.0,0.0,1.0,1.0,0.0,0.0,0.0,0.0,64.0,64.0,6024.096386,6024.096386,45.0,103.0,68.2,31.76790834,1009.2,0.0,0.0,0.0,0.0,0.0,0.0,0.0,0.0,1.0,85.25,45.0,103.0,64.0,0.0,0.0,0.0,0.0,0.0,0.0,2.0,90.0,2.0,206.0,-1.0,-1.0,1.0,32.0,0.0,0.0,0.0,0.0,0.0,0.0,0.0,0.0,BENIGN
53.0,335.0,2.0,2.0,90.0,122.0,45.0,45.0,45.0,0.0,61.0,61.0,61.0,0.0,632835.8209,11940.29851,111.6666667,96.40712284,190.0,4.0,4.0,4.0,0.0,4.0,4.0,190.0,190.0,0.0,190.0,190.0,0.0,0.0,0.0,0.0,64.0,64.0,5970.149254,5970.149254,45.0,61.0,51.4,8.76356092,76.8,0.0,0.0,0.0,0.0,0.0,0.0,0.0,0.0,1.0,64.25,45.0,61.0,64.0,0.0,0.0,0.0,0.0,0.0,0.0,2.0,90.0,2.0,122.0,-1.0,-1.0,1.0,32.0,0.0,0.0,0.0,0.0,0.0,0.0,0.0,0.0,BENIGN
53.0,242.0,2.0,2.0,90.0,122.0,45.0,45.0,45.0,0.0,61.0,61.0,61.0,0.0,876033.0579,16528.92562,80.66666667,133.6575225,235.0,3.0,4.0,4.0,0.0,4.0,4.0,3.0,3.0,0.0,3.0,3.0,0.0,0.0,0.0,0.0,64.0,64.0,8264.46281,8264.46281,45.0,61.0,51.4,8.76356092,76.8,0.0,0.0,0.0,0.0,0.0,0.0,0.0,0.0,1.0,64.25,45.0,61.0,64.0,0.0,0.0,0.0,0.0,0.0,0.0,2.0,90.0,2.0,122.0,-1.0,-1.0,1.0,32.0,0.0,0.0,0.0,0.0,0.0,0.0,0.0,0.0,BENIGN
53.0,301.0,2.0,2.0,90.0,206.0,45.0,45.0,45.0,0.0,103.0,103.0,103.0,0.0,983388.7043,13289.03654,100.3333333,132.6700167,251.0,1.0,1.0,1.0,0.0,1.0,1.0,49.0,49.0,0.0,49.0,49.0,0.0,0.0,0.0,0.0,64.0,64.0,6644.518272,6644.518272,45.0,103.0,68.2,31.76790834,1009.2,0.0,0.0,0.0,0.0,0.0,0.0,0.0,0.0,1.0,85.25,45.0,103.0,64.0,0.0,0.0,0.0,0.0,0.0,0.0,2.0,90.0,2.0,206.0,-1.0,-1.0,1.0,32.0,0.0,0.0,0.0,0.0,0.0,0.0,0.0,0.0,BENIGN
443.0,3520858.0,5.0,1.0,117.0,41.0,45.0,0.0,23.4,21.96132965,41.0,41.0,41.0,0.0,44.87542525,1.704130073,704171.6,1549482.961,3475759.0,4.0,3520858.0,880214.5,1730489.779,3475759.0,4.0,0.0,0.0,0.0,0.0,0.0,1.0,0.0,0.0,0.0,160.0,32.0,1.420108394,0.284021679,0.0,45.0,28.42857143,19.88179354,395.2857143,0.0,1.0,0.0,0.0,1.0,0.0,0.0,0.0,0.0,33.16666667,23.4,41.0,160.0,0.0,0.0,0.0,0.0,0.0,0.0,5.0,117.0,1.0,41.0,330.0,228.0,2.0,32.0,0.0,0.0,0.0,0.0,0.0,0.0,0.0,0.0,BENIGN
443.0,4.0,2.0,0.0,12.0,0.0,6.0,6.0,6.0,0.0,0.0,0.0,0.0,0.0,3000000.0,500000.0,4.0,0.0,4.0,4.0,4.0,4.0,0.0,4.0,4.0,0.0,0.0,0.0,0.0,0.0,0.0,0.0,0.0,0.0,40.0,0.0,500000.0,0.0,6.0,6.0,6.0,0.0,0.0,1.0,0.0,0.0,0.0,0.0,0.0,0.0,0.0,0.0,9.0,6.0,0.0,40.0,0.0,0.0,0.0,0.0,0.0,0.0,2.0,12.0,0.0,0.0,0.0,-1.0,1.0,20.0,0.0,0.0,0.0,0.0,0.0,0.0,0.0,0.0,BENIGN
80.0,4024829.0,1.0,2.0,0.0,0.0,0.0,0.0,0.0,0.0,0.0,0.0,0.0,0.0,0.0,0.745373282,2012414.5,2775420.279,3974933.0,49896.0,0.0,0.0,0.0,0.0,0.0,3974933.0,3974933.0,0.0,3974933.0,3974933.0,0.0,0.0,0.0,0.0,32.0,64.0,0.248457761,0.496915521,0.0,0.0,0.0,0.0,0.0,0.0,0.0,0.0,0.0,1.0,0.0,0.0,0.0,2.0,0.0,0.0,0.0,32.0,0.0,0.0,0.0,0.0,0.0,0.0,1.0,0.0,2.0,0.0,255.0,255.0,0.0,32.0,0.0,0.0,0.0,0.0,0.0,0.0,0.0,0.0,BENIGN
443.0,5006404.0,1.0,3.0,0.0,31.0,0.0,0.0,0.0,0.0,31.0,0.0,10.33333333,17.89785834,6.192069198,0.798976671,1668801.333,2847365.711,4956530.0,4.0,0.0,0.0,0.0,0.0,0.0,4956534.0,2478267.0,3504793.146,4956530.0,4.0,0.0,0.0,0.0,0.0,32.0,96.0,0.199744168,0.599232503,0.0,31.0,6.2,13.86362146,192.2,0.0,0.0,0.0,0.0,1.0,0.0,0.0,0.0,3.0,7.75,0.0,10.33333333,32.0,0.0,0.0,0.0,0.0,0.0,0.0,1.0,0.0,3.0,31.0,319.0,301.0,0.0,32.0,0.0,0.0,0.0,0.0,0.0,0.0,0.0,0.0,BENIGN
80.0,4942446.0,1.0,2.0,0.0,0.0,0.0,0.0,0.0,0.0,0.0,0.0,0.0,0.0,0.0,0.606986905,2471223.0,3423935.485,4892311.0,50135.0,0.0,0.0,0.0,0.0,0.0,4892311.0,4892311.0,0.0,4892311.0,4892311.0,0.0,0.0,0.0,0.0,32.0,64.0,0.202328968,0.404657937,0.0,0.0,0.0,0.0,0.0,0.0,0.0,0.0,0.0,1.0,0.0,0.0,0.0,2.0,0.0,0.0,0.0,32.0,0.0,0.0,0.0,0.0,0.0,0.0,1.0,0.0,2.0,0.0,272.0,276.0,0.0,32.0,0.0,0.0,0.0,0.0,0.0,0.0,0.0,0.0,BENIGN
443.0,5080229.0,1.0,3.0,0.0,31.0,0.0,0.0,0.0,0.0,31.0,0.0,10.33333333,17.89785834,6.10208713,0.787366081,1693409.667,2889755.222,5030086.0,1.0,0.0,0.0,0.0,0.0,0.0,5030087.0,2515043.5,3556807.213,5030086.0,1.0,0.0,0.0,0.0,0.0,32.0,96.0,0.19684152,0.590524561,0.0,31.0,6.2,13.86362146,192.2,0.0,0.0,0.0,0.0,1.0,0.0,0.0,0.0,3.0,7.75,0.0,10.33333333,32.0,0.0,0.0,0.0,0.0,0.0,0.0,1.0,0.0,3.0,31.0,277.0,268.0,0.0,32.0,50142.0,0.0,50142.0,50142.0,5030086.0,0.0,5030086.0,5030086.0,BENIGN
80.0,4910442.0,1.0,2.0,0.0,0.0,0.0,0.0,0.0,0.0,0.0,0.0,0.0,0.0,0.0,0.610942966,2455221.0,3401677.178,4860570.0,49872.0,0.0,0.0,0.0,0.0,0.0,4860570.0,4860570.0,0.0,4860570.0,4860570.0,0.0,0.0,0.0,0.0,32.0,64.0,0.203647655,0.407295311,0.0,0.0,0.0,0.0,0.0,0.0,0.0,0.0,0.0,1.0,0.0,0.0,0.0,2.0,0.0,0.0,0.0,32.0,0.0,0.0,0.0,0.0,0.0,0.0,1.0,0.0,2.0,0.0,255.0,255.0,0.0,32.0,0.0,0.0,0.0,0.0,0.0,0.0,0.0,0.0,BENIGN
80.0,4920527.0,1.0,2.0,0.0,0.0,0.0,0.0,0.0,0.0,0.0,0.0,0.0,0.0,0.0,0.609690791,2460263.5,3408809.764,4870656.0,49871.0,0.0,0.0,0.0,0.0,0.0,4870656.0,4870656.0,0.0,4870656.0,4870656.0,0.0,0.0,0.0,0.0,32.0,64.0,0.203230264,0.406460528,0.0,0.0,0.0,0.0,0.0,0.0,0.0,0.0,0.0,1.0,0.0,0.0,0.0,2.0,0.0,0.0,0.0,32.0,0.0,0.0,0.0,0.0,0.0,0.0,1.0,0.0,2.0,0.0,255.0,255.0,0.0,32.0,0.0,0.0,0.0,0.0,0.0,0.0,0.0,0.0,BENIGN
443.0,4984505.0,1.0,3.0,0.0,31.0,0.0,0.0,0.0,0.0,31.0,0.0,10.33333333,17.89785834,6.219273529,0.802486907,1661501.667,2834677.167,4934578.0,1.0,0.0,0.0,0.0,0.0,0.0,4934579.0,2467289.5,3489272.859,4934578.0,1.0,0.0,0.0,0.0,0.0,32.0,96.0,0.200621727,0.60186518,0.0,31.0,6.2,13.86362146,192.2,0.0,0.0,0.0,0.0,1.0,0.0,0.0,0.0,3.0,7.75,0.0,10.33333333,32.0,0.0,0.0,0.0,0.0,0.0,0.0,1.0,0.0,3.0,31.0,294.0,284.0,0.0,32.0,0.0,0.0,0.0,0.0,0.0,0.0,0.0,0.0,BENIGN
443.0,4984564.0,1.0,3.0,0.0,31.0,0.0,0.0,0.0,0.0,31.0,0.0,10.33333333,17.89785834,6.219199914,0.802477408,1661521.333,2834687.949,4934610.0,3.0,0.0,0.0,0.0,0.0,0.0,4934613.0,2467306.5,3489294.072,4934610.0,3.0,0.0,0.0,0.0,0.0,32.0,96.0,0.200619352,0.601858056,0.0,31.0,6.2,13.86362146,192.2,0.0,0.0,0.0,0.0,1.0,0.0,0.0,0.0,3.0,7.75,0.0,10.33333333,32.0,0.0,0.0,0.0,0.0,0.0,0.0,1.0,0.0,3.0,31.0,295.0,284.0,0.0,32.0,0.0,0.0,0.0,0.0,0.0,0.0,0.0,0.0,BENIGN
80.0,49920.0,1.0,1.0,0.0,0.0,0.0,0.0,0.0,0.0,0.0,0.0,0.0,0.0,0.0,40.06410256,49920.0,0.0,49920.0,49920.0,0.0,0.0,0.0,0.0,0.0,0.0,0.0,0.0,0.0,0.0,0.0,0.0,0.0,0.0,32.0,32.0,20.03205128,20.03205128,0.0,0.0,0.0,0.0,0.0,0.0,0.0,0.0,0.0,1.0,1.0,0.0,0.0,1.0,0.0,0.0,0.0,32.0,0.0,0.0,0.0,0.0,0.0,0.0,1.0,0.0,1.0,0.0,255.0,255.0,0.0,32.0,0.0,0.0,0.0,0.0,0.0,0.0,0.0,0.0,BENIGN
443.0,49.0,2.0,0.0,0.0,0.0,0.0,0.0,0.0,0.0,0.0,0.0,0.0,0.0,0.0,40816.32653,49.0,0.0,49.0,49.0,49.0,49.0,0.0,49.0,49.0,0.0,0.0,0.0,0.0,0.0,0.0,0.0,0.0,0.0,64.0,0.0,40816.32653,0.0,0.0,0.0,0.0,0.0,0.0,0.0,0.0,0.0,0.0,1.0,0.0,0.0,0.0,0.0,0.0,0.0,0.0,64.0,0.0,0.0,0.0,0.0,0.0,0.0,2.0,0.0,0.0,0.0,277.0,-1.0,0.0,32.0,0.0,0.0,0.0,0.0,0.0,0.0,0.0,0.0,BENIGN
443.0,161.0,2.0,0.0,0.0,0.0,0.0,0.0,0.0,0.0,0.0,0.0,0.0,0.0,0.0,12422.36025,161.0,0.0,161.0,161.0,161.0,161.0,0.0,161.0,161.0,0.0,0.0,0.0,0.0,0.0,0.0,0.0,0.0,0.0,64.0,0.0,12422.36025,0.0,0.0,0.0,0.0,0.0,0.0,0.0,0.0,0.0,0.0,1.0,0.0,0.0,0.0,0.0,0.0,0.0,0.0,64.0,0.0,0.0,0.0,0.0,0.0,0.0,2.0,0.0,0.0,0.0,319.0,-1.0,0.0,32.0,0.0,0.0,0.0,0.0,0.0,0.0,0.0,0.0,BENIGN
443.0,109.0,2.0,0.0,0.0,0.0,0.0,0.0,0.0,0.0,0.0,0.0,0.0,0.0,0.0,18348.62385,109.0,0.0,109.0,109.0,109.0,109.0,0.0,109.0,109.0,0.0,0.0,0.0,0.0,0.0,0.0,0.0,0.0,0.0,64.0,0.0,18348.62385,0.0,0.0,0.0,0.0,0.0,0.0,0.0,0.0,0.0,0.0,1.0,0.0,0.0,0.0,0.0,0.0,0.0,0.0,64.0,0.0,0.0,0.0,0.0,0.0,0.0,2.0,0.0,0.0,0.0,295.0,-1.0,0.0,32.0,0.0,0.0,0.0,0.0,0.0,0.0,0.0,0.0,BENIGN
443.0,242.0,2.0,0.0,0.0,0.0,0.0,0.0,0.0,0.0,0.0,0.0,0.0,0.0,0.0,8264.46281,242.0,0.0,242.0,242.0,242.0,242.0,0.0,242.0,242.0,0.0,0.0,0.0,0.0,0.0,0.0,0.0,0.0,0.0,64.0,0.0,8264.46281,0.0,0.0,0.0,0.0,0.0,0.0,0.0,0.0,0.0,0.0,1.0,0.0,0.0,0.0,0.0,0.0,0.0,0.0,64.0,0.0,0.0,0.0,0.0,0.0,0.0,2.0,0.0,0.0,0.0,294.0,-1.0,0.0,32.0,0.0,0.0,0.0,0.0,0.0,0.0,0.0,0.0,BENIGN
80.0,50075.0,1.0,1.0,0.0,0.0,0.0,0.0,0.0,0.0,0.0,0.0,0.0,0.0,0.0,39.94008987,50075.0,0.0,50075.0,50075.0,0.0,0.0,0.0,0.0,0.0,0.0,0.0,0.0,0.0,0.0,0.0,0.0,0.0,0.0,32.0,32.0,19.97004493,19.97004493,0.0,0.0,0.0,0.0,0.0,0.0,0.0,0.0,0.0,1.0,1.0,0.0,0.0,1.0,0.0,0.0,0.0,32.0,0.0,0.0,0.0,0.0,0.0,0.0,1.0,0.0,1.0,0.0,255.0,255.0,0.0,32.0,0.0,0.0,0.0,0.0,0.0,0.0,0.0,0.0,BENIGN
80.0,49961.0,1.0,1.0,0.0,0.0,0.0,0.0,0.0,0.0,0.0,0.0,0.0,0.0,0.0,40.03122435,49961.0,0.0,49961.0,49961.0,0.0,0.0,0.0,0.0,0.0,0.0,0.0,0.0,0.0,0.0,0.0,0.0,0.0,0.0,32.0,32.0,20.01561218,20.01561218,0.0,0.0,0.0,0.0,0.0,0.0,0.0,0.0,0.0,1.0,1.0,0.0,0.0,1.0,0.0,0.0,0.0,32.0,0.0,0.0,0.0,0.0,0.0,0.0,1.0,0.0,1.0,0.0,255.0,255.0,0.0,32.0,0.0,0.0,0.0,0.0,0.0,0.0,0.0,0.0,BENIGN
80.0,50133.0,1.0,1.0,0.0,0.0,0.0,0.0,0.0,0.0,0.0,0.0,0.0,0.0,0.0,39.89388227,50133.0,0.0,50133.0,50133.0,0.0,0.0,0.0,0.0,0.0,0.0,0.0,0.0,0.0,0.0,0.0,0.0,0.0,0.0,32.0,32.0,19.94694114,19.94694114,0.0,0.0,0.0,0.0,0.0,0.0,0.0,0.0,0.0,1.0,1.0,0.0,0.0,1.0,0.0,0.0,0.0,32.0,0.0,0.0,0.0,0.0,0.0,0.0,1.0,0.0,1.0,0.0,272.0,276.0,0.0,32.0,0.0,0.0,0.0,0.0,0.0,0.0,0.0,0.0,BENIGN
465.0,1804148.0,17.0,24.0,1378.0,4520.0,378.0,0.0,81.05882353,90.54589347,1418.0,0.0,188.3333333,408.5082796,3269.133131,22.72540834,45103.7,126264.9861,793307.0,4.0,1754232.0,109639.5,204641.5625,843300.0,196.0,1753193.0,76225.78261,160844.8369,793307.0,4.0,0.0,0.0,0.0,0.0,552.0,776.0,9.422730286,13.30267805,0.0,1418.0,140.4285714,316.3863139,100100.2997,0.0,0.0,0.0,1.0,0.0,0.0,0.0,0.0,1.0,143.8536585,81.05882353,188.3333333,552.0,0.0,0.0,0.0,0.0,0.0,0.0,17.0,1378.0,24.0,4520.0,29200.0,175.0,12.0,32.0,0.0,0.0,0.0,0.0,0.0,0.0,0.0,0.0,BENIGN
465.0,48.0,2.0,0.0,37.0,0.0,37.0,0.0,18.5,26.1629509,0.0,0.0,0.0,0.0,770833.3333,41666.66667,48.0,0.0,48.0,48.0,48.0,48.0,0.0,48.0,48.0,0.0,0.0,0.0,0.0,0.0,1.0,0.0,0.0,0.0,64.0,0.0,41666.66667,0.0,0.0,37.0,24.66666667,21.36195996,456.3333333,0.0,1.0,0.0,0.0,1.0,0.0,0.0,0.0,0.0,37.0,18.5,0.0,64.0,0.0,0.0,0.0,0.0,0.0,0.0,2.0,37.0,0.0,0.0,307.0,-1.0,0.0,32.0,0.0,0.0,0.0,0.0,0.0,0.0,0.0,0.0,BENIGN
443.0,63874054.0,7.0,2.0,158.0,82.0,45.0,0.0,22.57142857,21.53181478,41.0,41.0,41.0,0.0,3.7573942,0.140902282,7984256.75,20300000.0,58000000.0,21.0,63900000.0,10600000.0,23300000.0,58000000.0,49.0,58100000.0,58100000.0,0.0,58100000.0,58100000.0,1.0,0.0,0.0,0.0,224.0,64.0,0.109590664,0.031311618,0.0,45.0,28.1,19.70589308,388.3222222,0.0,1.0,0.0,0.0,1.0,0.0,0.0,0.0,0.0,31.22222222,22.57142857,41.0,224.0,0.0,0.0,0.0,0.0,0.0,0.0,7.0,158.0,2.0,82.0,1323.0,225.0,3.0,32.0,61862.5,116.6726189,61945.0,61780.0,31900000.0,37000000.0,58000000.0,5737463.0,BENIGN
443.0,4522563.0,5.0,1.0,117.0,41.0,45.0,0.0,23.4,21.96132965,41.0,41.0,41.0,0.0,34.9359423,1.326681353,904512.6,2005385.286,4491784.0,17.0,4522563.0,1130640.75,2240803.634,4491784.0,49.0,0.0,0.0,0.0,0.0,0.0,1.0,0.0,0.0,0.0,160.0,32.0,1.105567794,0.221113559,0.0,45.0,28.42857143,19.88179354,395.2857143,0.0,1.0,0.0,0.0,1.0,0.0,0.0,0.0,0.0,33.16666667,23.4,41.0,160.0,0.0,0.0,0.0,0.0,0.0,0.0,5.0,117.0,1.0,41.0,5130.0,127.0,2.0,32.0,0.0,0.0,0.0,0.0,0.0,0.0,0.0,0.0,BENIGN
443.0,1064.0,3.0,1.0,18.0,6.0,6.0,6.0,6.0,0.0,6.0,6.0,6.0,0.0,22556.39098,3759.398496,354.6666667,571.4624514,1014.0,2.0,50.0,25.0,32.52691193,48.0,2.0,0.0,0.0,0.0,0.0,0.0,0.0,0.0,0.0,0.0,60.0,20.0,2819.548872,939.8496241,6.0,6.0,6.0,0.0,0.0,1.0,0.0,0.0,0.0,0.0,0.0,0.0,0.0,0.0,7.5,6.0,6.0,60.0,0.0,0.0,0.0,0.0,0.0,0.0,3.0,18.0,1.0,6.0,0.0,0.0,2.0,20.0,0.0,0.0,0.0,0.0,0.0,0.0,0.0,0.0,BENIGN
443.0,4522242.0,5.0,1.0,117.0,41.0,45.0,0.0,23.4,21.96132965,41.0,41.0,41.0,0.0,34.93842214,1.326775524,904448.4,2005283.852,4491537.0,3.0,4522242.0,1130560.5,2240693.529,4491537.0,3.0,0.0,0.0,0.0,0.0,0.0,1.0,0.0,0.0,0.0,160.0,32.0,1.10564627,0.221129254,0.0,45.0,28.42857143,19.88179354,395.2857143,0.0,1.0,0.0,0.0,1.0,0.0,0.0,0.0,0.0,33.16666667,23.4,41.0,160.0,0.0,0.0,0.0,0.0,0.0,0.0,5.0,117.0,1.0,41.0,2316.0,287.0,2.0,32.0,0.0,0.0,0.0,0.0,0.0,0.0,0.0,0.0,BENIGN
443.0,4521670.0,5.0,1.0,117.0,41.0,45.0,0.0,23.4,21.96132965,41.0,41.0,41.0,0.0,34.94284191,1.326943364,904334.0,2005441.74,4491705.0,3.0,4521670.0,1130417.5,2240901.182,4491705.0,3.0,0.0,0.0,0.0,0.0,0.0,1.0,0.0,0.0,0.0,160.0,32.0,1.105786137,0.221157227,0.0,45.0,28.42857143,19.88179354,395.2857143,0.0,1.0,0.0,0.0,1.0,0.0,0.0,0.0,0.0,33.16666667,23.4,41.0,160.0,0.0,0.0,0.0,0.0,0.0,0.0,5.0,117.0,1.0,41.0,1444.0,309.0,2.0,32.0,0.0,0.0,0.0,0.0,0.0,0.0,0.0,0.0,BENIGN
443.0,306.0,1.0,1.0,6.0,6.0,6.0,6.0,6.0,0.0,6.0,6.0,6.0,0.0,39215.68627,6535.947712,306.0,0.0,306.0,306.0,0.0,0.0,0.0,0.0,0.0,0.0,0.0,0.0,0.0,0.0,0.0,0.0,0.0,0.0,20.0,20.0,3267.973856,3267.973856,6.0,6.0,6.0,0.0,0.0,1.0,0.0,0.0,0.0,0.0,0.0,0.0,0.0,1.0,9.0,6.0,6.0,20.0,0.0,0.0,0.0,0.0,0.0,0.0,1.0,6.0,1.0,6.0,0.0,0.0,0.0,20.0,0.0,0.0,0.0,0.0,0.0,0.0,0.0,0.0,BENIGN
443.0,872.0,3.0,1.0,18.0,6.0,6.0,6.0,6.0,0.0,6.0,6.0,6.0,0.0,27522.93578,4587.155963,290.6666667,499.9863331,868.0,1.0,4.0,2.0,1.414213562,3.0,1.0,0.0,0.0,0.0,0.0,0.0,0.0,0.0,0.0,0.0,60.0,20.0,3440.366972,1146.788991,6.0,6.0,6.0,0.0,0.0,1.0,0.0,0.0,0.0,0.0,0.0,0.0,0.0,0.0,7.5,6.0,6.0,60.0,0.0,0.0,0.0,0.0,0.0,0.0,3.0,18.0,1.0,6.0,0.0,0.0,2.0,20.0,0.0,0.0,0.0,0.0,0.0,0.0,0.0,0.0,BENIGN
123.0,94224.0,1.0,1.0,48.0,48.0,48.0,48.0,48.0,0.0,48.0,48.0,48.0,0.0,1018.848701,21.2260146,94224.0,0.0,94224.0,94224.0,0.0,0.0,0.0,0.0,0.0,0.0,0.0,0.0,0.0,0.0,0.0,0.0,0.0,0.0,32.0,20.0,10.6130073,10.6130073,48.0,48.0,48.0,0.0,0.0,0.0,0.0,0.0,0.0,0.0,0.0,0.0,0.0,1.0,72.0,48.0,48.0,32.0,0.0,0.0,0.0,0.0,0.0,0.0,1.0,48.0,1.0,48.0,-1.0,-1.0,0.0,32.0,0.0,0.0,0.0,0.0,0.0,0.0,0.0,0.0,BENIGN
123.0,37212.0,1.0,1.0,48.0,48.0,48.0,48.0,48.0,0.0,48.0,48.0,48.0,0.0,2579.812964,53.74610341,37212.0,0.0,37212.0,37212.0,0.0,0.0,0.0,0.0,0.0,0.0,0.0,0.0,0.0,0.0,0.0,0.0,0.0,0.0,20.0,20.0,26.8730517,26.8730517,48.0,48.0,48.0,0.0,0.0,0.0,0.0,0.0,0.0,0.0,0.0,0.0,0.0,1.0,72.0,48.0,48.0,20.0,0.0,0.0,0.0,0.0,0.0,0.0,1.0,48.0,1.0,48.0,-1.0,-1.0,0.0,20.0,0.0,0.0,0.0,0.0,0.0,0.0,0.0,0.0,BENIGN
80.0,116038005.0,18.0,15.0,870.0,1492.0,435.0,0.0,48.33333333,140.6706625,746.0,0.0,99.46666667,262.4918684,20.35539994,0.284389584,3626187.656,4779672.047,10000000.0,43.0,116000000.0,6825765.0,4640824.488,10100000.0,43.0,111000000.0,7918820.0,4230973.735,10100000.0,20228.0,0.0,0.0,0.0,0.0,584.0,488.0,0.155121591,0.129267993,0.0,746.0,69.47058824,200.5592537,40224.01426,0.0,0.0,0.0,1.0,0.0,0.0,0.0,0.0,0.0,71.57575758,48.33333333,99.46666667,584.0,0.0,0.0,0.0,0.0,0.0,0.0,18.0,870.0,15.0,1492.0,29200.0,349.0,2.0,32.0,67116.18182,101863.4844,374246.0,36283.0,10000000.0,5857.251324,10000000.0,9997362.0,BENIGN
443.0,116228748.0,23.0,23.0,13003.0,5266.0,7148.0,0.0,565.3478261,1830.906075,1418.0,0.0,228.9565217,491.4855476,157.181423,0.395771277,2582861.067,4344708.556,10000000.0,1.0,116000000.0,5283124.909,4997665.197,10100000.0,1.0,111000000.0,5039225.591,5126339.432,10100000.0,3.0,0.0,0.0,0.0,0.0,744.0,744.0,0.197885638,0.197885638,0.0,7148.0,388.7021277,1323.029756,1750407.735,0.0,0.0,0.0,1.0,0.0,0.0,0.0,0.0,1.0,397.1521739,565.3478261,228.9565217,744.0,0.0,0.0,0.0,0.0,0.0,0.0,23.0,13003.0,23.0,5266.0,29200.0,562.0,5.0,32.0,65289.08333,98235.42111,377228.0,36734.0,9620439.833,1351375.153,10000000.0,5329274.0,BENIGN
443.0,115799649.0,23.0,21.0,2219.0,8433.0,613.0,0.0,96.47826087,209.745922,1418.0,0.0,401.5714286,581.9578654,91.98646189,0.379966609,2693015.093,4407113.443,10000000.0,3.0,116000000.0,5263620.409,5003526.688,10000000.0,3.0,111000000.0,5536054.95,5115743.733,10000000.0,4.0,0.0,0.0,0.0,0.0,744.0,680.0,0.198618909,0.1813477,0.0,1418.0,236.7111111,447.7327542,200464.6192,0.0,0.0,0.0,1.0,0.0,0.0,0.0,0.0,0.0,242.0909091,96.47826087,401.5714286,744.0,0.0,0.0,0.0,0.0,0.0,0.0,23.0,2219.0,21.0,8433.0,29200.0,377.0,6.0,32.0,54158.25,61413.52299,249172.0,36262.0,9595812.25,1434095.006,10000000.0,5041971.0,BENIGN
53.0,207.0,2.0,2.0,94.0,220.0,47.0,47.0,47.0,0.0,110.0,110.0,110.0,0.0,1516908.213,19323.6715,69.0,118.6465339,206.0,0.0,0.0,0.0,0.0,0.0,0.0,1.0,1.0,0.0,1.0,1.0,0.0,0.0,0.0,0.0,64.0,64.0,9661.835749,9661.835749,47.0,110.0,72.2,34.50652112,1190.7,0.0,0.0,0.0,0.0,0.0,0.0,0.0,0.0,1.0,90.25,47.0,110.0,64.0,0.0,0.0,0.0,0.0,0.0,0.0,2.0,94.0,2.0,220.0,-1.0,-1.0,1.0,32.0,0.0,0.0,0.0,0.0,0.0,0.0,0.0,0.0,BENIGN
53.0,319.0,2.0,2.0,82.0,176.0,41.0,41.0,41.0,0.0,88.0,88.0,88.0,0.0,808777.4295,12539.18495,106.3333333,143.6744004,270.0,1.0,1.0,1.0,0.0,1.0,1.0,48.0,48.0,0.0,48.0,48.0,0.0,0.0,0.0,0.0,64.0,64.0,6269.592476,6269.592476,41.0,88.0,59.8,25.7429602,662.7,0.0,0.0,0.0,0.0,0.0,0.0,0.0,0.0,1.0,74.75,41.0,88.0,64.0,0.0,0.0,0.0,0.0,0.0,0.0,2.0,82.0,2.0,176.0,-1.0,-1.0,1.0,32.0,0.0,0.0,0.0,0.0,0.0,0.0,0.0,0.0,BENIGN
53.0,50937.0,2.0,2.0,94.0,220.0,47.0,47.0,47.0,0.0,110.0,110.0,110.0,0.0,6164.477688,78.52837819,16979.0,29365.1992,50887.0,1.0,1.0,1.0,0.0,1.0,1.0,49.0,49.0,0.0,49.0,49.0,0.0,0.0,0.0,0.0,64.0,64.0,39.2641891,39.2641891,47.0,110.0,72.2,34.50652112,1190.7,0.0,0.0,0.0,0.0,0.0,0.0,0.0,0.0,1.0,90.25,47.0,110.0,64.0,0.0,0.0,0.0,0.0,0.0,0.0,2.0,94.0,2.0,220.0,-1.0,-1.0,1.0,32.0,0.0,0.0,0.0,0.0,0.0,0.0,0.0,0.0,BENIGN
53.0,254.0,2.0,2.0,94.0,220.0,47.0,47.0,47.0,0.0,110.0,110.0,110.0,0.0,1236220.472,15748.0315,84.66666667,144.9149176,252.0,1.0,1.0,1.0,0.0,1.0,1.0,1.0,1.0,0.0,1.0,1.0,0.0,0.0,0.0,0.0,64.0,64.0,7874.015748,7874.015748,47.0,110.0,72.2,34.50652112,1190.7,0.0,0.0,0.0,0.0,0.0,0.0,0.0,0.0,1.0,90.25,47.0,110.0,64.0,0.0,0.0,0.0,0.0,0.0,0.0,2.0,94.0,2.0,220.0,-1.0,-1.0,1.0,32.0,0.0,0.0,0.0,0.0,0.0,0.0,0.0,0.0,BENIGN
53.0,50659.0,2.0,2.0,94.0,196.0,47.0,47.0,47.0,0.0,98.0,98.0,98.0,0.0,5724.550425,78.95931621,16886.33333,29241.92511,50652.0,3.0,3.0,3.0,0.0,3.0,3.0,4.0,4.0,0.0,4.0,4.0,0.0,0.0,0.0,0.0,64.0,64.0,39.47965811,39.47965811,47.0,98.0,67.4,27.93385043,780.3,0.0,0.0,0.0,0.0,0.0,0.0,0.0,0.0,1.0,84.25,47.0,98.0,64.0,0.0,0.0,0.0,0.0,0.0,0.0,2.0,94.0,2.0,196.0,-1.0,-1.0,1.0,32.0,0.0,0.0,0.0,0.0,0.0,0.0,0.0,0.0,BENIGN
53.0,285.0,2.0,2.0,82.0,152.0,41.0,41.0,41.0,0.0,76.0,76.0,76.0,0.0,821052.6316,14035.08772,95.0,121.7045603,233.0,3.0,3.0,3.0,0.0,3.0,3.0,49.0,49.0,0.0,49.0,49.0,0.0,0.0,0.0,0.0,64.0,64.0,7017.54386,7017.54386,41.0,76.0,55.0,19.17028951,367.5,0.0,0.0,0.0,0.0,0.0,0.0,0.0,0.0,1.0,68.75,41.0,76.0,64.0,0.0,0.0,0.0,0.0,0.0,0.0,2.0,82.0,2.0,152.0,-1.0,-1.0,1.0,32.0,0.0,0.0,0.0,0.0,0.0,0.0,0.0,0.0,BENIGN
53.0,255.0,2.0,2.0,94.0,196.0,47.0,47.0,47.0,0.0,98.0,98.0,98.0,0.0,1137254.902,15686.27451,85.0,63.22183167,158.0,48.0,49.0,49.0,0.0,49.0,49.0,48.0,48.0,0.0,48.0,48.0,0.0,0.0,0.0,0.0,64.0,64.0,7843.137255,7843.137255,47.0,98.0,67.4,27.93385043,780.3,0.0,0.0,0.0,0.0,0.0,0.0,0.0,0.0,1.0,84.25,47.0,98.0,64.0,0.0,0.0,0.0,0.0,0.0,0.0,2.0,94.0,2.0,196.0,-1.0,-1.0,1.0,32.0,0.0,0.0,0.0,0.0,0.0,0.0,0.0,0.0,BENIGN
53.0,253.0,2.0,2.0,94.0,196.0,47.0,47.0,47.0,0.0,98.0,98.0,98.0,0.0,1146245.059,15810.27668,84.33333333,62.93117934,157.0,48.0,48.0,48.0,0.0,48.0,48.0,48.0,48.0,0.0,48.0,48.0,0.0,0.0,0.0,0.0,64.0,64.0,7905.13834,7905.13834,47.0,98.0,67.4,27.93385043,780.3,0.0,0.0,0.0,0.0,0.0,0.0,0.0,0.0,1.0,84.25,47.0,98.0,64.0,0.0,0.0,0.0,0.0,0.0,0.0,2.0,94.0,2.0,196.0,-1.0,-1.0,1.0,32.0,0.0,0.0,0.0,0.0,0.0,0.0,0.0,0.0,BENIGN
53.0,101128.0,2.0,2.0,74.0,178.0,37.0,37.0,37.0,0.0,89.0,89.0,89.0,0.0,2491.891464,39.55383277,33709.33333,58382.81393,101124.0,1.0,1.0,1.0,0.0,1.0,1.0,3.0,3.0,0.0,3.0,3.0,0.0,0.0,0.0,0.0,64.0,40.0,19.77691638,19.77691638,37.0,89.0,57.8,28.48157299,811.2,0.0,0.0,0.0,0.0,0.0,0.0,0.0,0.0,1.0,72.25,37.0,89.0,64.0,0.0,0.0,0.0,0.0,0.0,0.0,2.0,74.0,2.0,178.0,-1.0,-1.0,1.0,32.0,0.0,0.0,0.0,0.0,0.0,0.0,0.0,0.0,BENIGN
53.0,51047.0,2.0,2.0,74.0,154.0,37.0,37.0,37.0,0.0,77.0,77.0,77.0,0.0,4466.472075,78.35915921,17015.66667,29466.80304,51041.0,3.0,3.0,3.0,0.0,3.0,3.0,3.0,3.0,0.0,3.0,3.0,0.0,0.0,0.0,0.0,64.0,64.0,39.1795796,39.1795796,37.0,77.0,53.0,21.9089023,480.0,0.0,0.0,0.0,0.0,0.0,0.0,0.0,0.0,1.0,66.25,37.0,77.0,64.0,0.0,0.0,0.0,0.0,0.0,0.0,2.0,74.0,2.0,154.0,-1.0,-1.0,1.0,32.0,0.0,0.0,0.0,0.0,0.0,0.0,0.0,0.0,BENIGN
443.0,271374.0,2.0,1.0,0.0,0.0,0.0,0.0,0.0,0.0,0.0,0.0,0.0,0.0,0.0,11.05485419,135687.0,191888.9814,271373.0,1.0,1.0,1.0,0.0,1.0,1.0,0.0,0.0,0.0,0.0,0.0,0.0,0.0,0.0,0.0,64.0,44.0,7.369902791,3.684951395,0.0,0.0,0.0,0.0,0.0,0.0,0.0,0.0,0.0,1.0,1.0,0.0,0.0,0.0,0.0,0.0,0.0,64.0,0.0,0.0,0.0,0.0,0.0,0.0,2.0,0.0,1.0,0.0,65535.0,130.0,0.0,32.0,0.0,0.0,0.0,0.0,0.0,0.0,0.0,0.0,BENIGN
443.0,269365.0,3.0,1.0,0.0,0.0,0.0,0.0,0.0,0.0,0.0,0.0,0.0,0.0,0.0,14.8497392,89788.33333,155513.6251,269360.0,1.0,5.0,2.5,2.121320344,4.0,1.0,0.0,0.0,0.0,0.0,0.0,0.0,0.0,0.0,0.0,96.0,44.0,11.1373044,3.7124348,0.0,0.0,0.0,0.0,0.0,0.0,0.0,0.0,0.0,1.0,1.0,0.0,0.0,0.0,0.0,0.0,0.0,96.0,0.0,0.0,0.0,0.0,0.0,0.0,3.0,0.0,1.0,0.0,65535.0,130.0,0.0,32.0,0.0,0.0,0.0,0.0,0.0,0.0,0.0,0.0,BENIGN
443.0,263653.0,2.0,1.0,0.0,0.0,0.0,0.0,0.0,0.0,0.0,0.0,0.0,0.0,0.0,11.37859232,131826.5,186429.41,263652.0,1.0,1.0,1.0,0.0,1.0,1.0,0.0,0.0,0.0,0.0,0.0,0.0,0.0,0.0,0.0,64.0,44.0,7.585728211,3.792864105,0.0,0.0,0.0,0.0,0.0,0.0,0.0,0.0,0.0,1.0,1.0,0.0,0.0,0.0,0.0,0.0,0.0,64.0,0.0,0.0,0.0,0.0,0.0,0.0,2.0,0.0,1.0,0.0,65535.0,130.0,0.0,32.0,0.0,0.0,0.0,0.0,0.0,0.0,0.0,0.0,BENIGN
443.0,269882.0,2.0,1.0,0.0,0.0,0.0,0.0,0.0,0.0,0.0,0.0,0.0,0.0,0.0,11.1159692,134941.0,190833.9781,269881.0,1.0,1.0,1.0,0.0,1.0,1.0,0.0,0.0,0.0,0.0,0.0,0.0,0.0,0.0,0.0,64.0,44.0,7.410646134,3.705323067,0.0,0.0,0.0,0.0,0.0,0.0,0.0,0.0,0.0,1.0,1.0,0.0,0.0,0.0,0.0,0.0,0.0,64.0,0.0,0.0,0.0,0.0,0.0,0.0,2.0,0.0,1.0,0.0,65535.0,130.0,0.0,32.0,0.0,0.0,0.0,0.0,0.0,0.0,0.0,0.0,BENIGN
123.0,63021198.0,2.0,2.0,96.0,96.0,48.0,48.0,48.0,0.0,48.0,48.0,48.0,0.0,3.046593941,0.063470707,21000000.0,36300000.0,63000000.0,23401.0,63000000.0,63000000.0,0.0,63000000.0,63000000.0,63000000.0,63000000.0,0.0,63000000.0,63000000.0,0.0,0.0,0.0,0.0,64.0,64.0,0.031735354,0.031735354,48.0,48.0,48.0,0.0,0.0,0.0,0.0,0.0,0.0,0.0,0.0,0.0,0.0,1.0,60.0,48.0,48.0,64.0,0.0,0.0,0.0,0.0,0.0,0.0,2.0,96.0,2.0,96.0,-1.0,-1.0,1.0,32.0,23401.0,0.0,23401.0,23401.0,63000000.0,0.0,63000000.0,63000000.0,BENIGN
53.0,113789.0,2.0,2.0,64.0,252.0,32.0,32.0,32.0,0.0,126.0,126.0,126.0,0.0,2777.06984,35.15278278,37929.66667,65528.16685,113595.0,4.0,4.0,4.0,0.0,4.0,4.0,190.0,190.0,0.0,190.0,190.0,0.0,0.0,0.0,0.0,64.0,64.0,17.57639139,17.57639139,32.0,126.0,69.6,51.48592041,2650.8,0.0,0.0,0.0,0.0,0.0,0.0,0.0,0.0,1.0,87.0,32.0,126.0,64.0,0.0,0.0,0.0,0.0,0.0,0.0,2.0,64.0,2.0,252.0,-1.0,-1.0,1.0,32.0,0.0,0.0,0.0,0.0,0.0,0.0,0.0,0.0,BENIGN
389.0,115791754.0,22.0,13.0,2986.0,6356.0,1305.0,0.0,135.7272727,379.2933507,2910.0,0.0,488.9230769,897.6077894,80.67932022,0.302266775,3405639.824,19900000.0,116000000.0,1.0,116000000.0,5513888.19,25300000.0,116000000.0,1.0,116000000.0,9649311.5,33400000.0,116000000.0,4.0,0.0,0.0,0.0,0.0,728.0,408.0,0.189996258,0.112270516,0.0,2910.0,259.5,627.4245999,393661.6286,0.0,0.0,0.0,1.0,0.0,0.0,0.0,0.0,0.0,266.9142857,135.7272727,488.9230769,728.0,0.0,0.0,0.0,0.0,0.0,0.0,22.0,2986.0,13.0,6356.0,65535.0,0.0,10.0,32.0,20311.0,0.0,20311.0,20311.0,116000000.0,0.0,116000000.0,116000000.0,BENIGN
3268.0,115812212.0,22.0,13.0,2986.0,6356.0,1305.0,0.0,135.7272727,379.2933507,2910.0,0.0,488.9230769,897.6077894,80.66506838,0.30221338,3406241.529,19900000.0,116000000.0,3.0,116000000.0,5514863.619,25300000.0,116000000.0,3.0,116000000.0,9651012.083,33400000.0,116000000.0,3.0,0.0,0.0,0.0,0.0,728.0,408.0,0.189962696,0.112250684,0.0,2910.0,259.5,627.4245999,393661.6286,0.0,0.0,0.0,1.0,0.0,0.0,0.0,0.0,0.0,266.9142857,135.7272727,488.9230769,728.0,0.0,0.0,0.0,0.0,0.0,0.0,22.0,2986.0,13.0,6356.0,65535.0,0.0,10.0,32.0,19638.0,0.0,19638.0,19638.0,116000000.0,0.0,116000000.0,116000000.0,BENIGN
443.0,29841695.0,15.0,11.0,1231.0,5451.0,677.0,0.0,82.06666667,179.9890737,1460.0,0.0,495.5454545,604.183145,223.9148949,0.871264183,1193667.8,5893651.375,29500000.0,1.0,29800000.0,2131549.643,7872445.676,29500000.0,1.0,342890.0,34289.0,71179.66874,228754.0,2.0,0.0,0.0,0.0,0.0,324.0,232.0,0.502652413,0.36861177,0.0,1460.0,247.4814815,449.4650128,202018.7977,0.0,0.0,0.0,1.0,0.0,0.0,0.0,0.0,0.0,257.0,82.06666667,495.5454545,324.0,0.0,0.0,0.0,0.0,0.0,0.0,15.0,1231.0,11.0,5451.0,65535.0,142.0,14.0,20.0,359260.0,0.0,359260.0,359260.0,29500000.0,0.0,29500000.0,29500000.0,BENIGN
53.0,23537.0,1.0,1.0,45.0,61.0,45.0,45.0,45.0,0.0,61.0,61.0,61.0,0.0,4503.547606,84.97259634,23537.0,0.0,23537.0,23537.0,0.0,0.0,0.0,0.0,0.0,0.0,0.0,0.0,0.0,0.0,0.0,0.0,0.0,0.0,32.0,32.0,42.48629817,42.48629817,45.0,61.0,50.33333333,9.237604307,85.33333333,0.0,0.0,0.0,0.0,0.0,0.0,0.0,0.0,1.0,75.5,45.0,61.0,32.0,0.0,0.0,0.0,0.0,0.0,0.0,1.0,45.0,1.0,61.0,-1.0,-1.0,0.0,32.0,0.0,0.0,0.0,0.0,0.0,0.0,0.0,0.0,BENIGN
53.0,24759.0,1.0,1.0,60.0,76.0,60.0,60.0,60.0,0.0,76.0,76.0,76.0,0.0,5492.952058,80.77870673,24759.0,0.0,24759.0,24759.0,0.0,0.0,0.0,0.0,0.0,0.0,0.0,0.0,0.0,0.0,0.0,0.0,0.0,0.0,20.0,32.0,40.38935337,40.38935337,60.0,76.0,65.33333333,9.237604307,85.33333333,0.0,0.0,0.0,0.0,0.0,0.0,0.0,0.0,1.0,98.0,60.0,76.0,20.0,0.0,0.0,0.0,0.0,0.0,0.0,1.0,60.0,1.0,76.0,-1.0,-1.0,0.0,20.0,0.0,0.0,0.0,0.0,0.0,0.0,0.0,0.0,BENIGN
53.0,60609.0,1.0,1.0,54.0,110.0,54.0,54.0,54.0,0.0,110.0,110.0,110.0,0.0,2705.868765,32.99839958,60609.0,0.0,60609.0,60609.0,0.0,0.0,0.0,0.0,0.0,0.0,0.0,0.0,0.0,0.0,0.0,0.0,0.0,0.0,32.0,20.0,16.49919979,16.49919979,54.0,110.0,72.66666667,32.33161507,1045.333333,0.0,0.0,0.0,0.0,0.0,0.0,0.0,0.0,1.0,109.0,54.0,110.0,32.0,0.0,0.0,0.0,0.0,0.0,0.0,1.0,54.0,1.0,110.0,-1.0,-1.0,0.0,32.0,0.0,0.0,0.0,0.0,0.0,0.0,0.0,0.0,BENIGN
53.0,23405.0,1.0,1.0,55.0,111.0,55.0,55.0,55.0,0.0,111.0,111.0,111.0,0.0,7092.501602,85.45182653,23405.0,0.0,23405.0,23405.0,0.0,0.0,0.0,0.0,0.0,0.0,0.0,0.0,0.0,0.0,0.0,0.0,0.0,0.0,32.0,32.0,42.72591327,42.72591327,55.0,111.0,73.66666667,32.33161507,1045.333333,0.0,0.0,0.0,0.0,0.0,0.0,0.0,0.0,1.0,110.5,55.0,111.0,32.0,0.0,0.0,0.0,0.0,0.0,0.0,1.0,55.0,1.0,111.0,-1.0,-1.0,0.0,32.0,0.0,0.0,0.0,0.0,0.0,0.0,0.0,0.0,BENIGN
53.0,120792.0,1.0,1.0,48.0,100.0,48.0,48.0,48.0,0.0,100.0,100.0,100.0,0.0,1225.246705,16.55738791,120792.0,0.0,120792.0,120792.0,0.0,0.0,0.0,0.0,0.0,0.0,0.0,0.0,0.0,0.0,0.0,0.0,0.0,0.0,32.0,32.0,8.278693953,8.278693953,48.0,100.0,65.33333333,30.022214,901.3333333,0.0,0.0,0.0,0.0,0.0,0.0,0.0,0.0,1.0,98.0,48.0,100.0,32.0,0.0,0.0,0.0,0.0,0.0,0.0,1.0,48.0,1.0,100.0,-1.0,-1.0,0.0,32.0,0.0,0.0,0.0,0.0,0.0,0.0,0.0,0.0,BENIGN
53.0,59914.0,1.0,1.0,48.0,103.0,48.0,48.0,48.0,0.0,103.0,103.0,103.0,0.0,2520.279067,33.38117969,59914.0,0.0,59914.0,59914.0,0.0,0.0,0.0,0.0,0.0,0.0,0.0,0.0,0.0,0.0,0.0,0.0,0.0,0.0,20.0,20.0,16.69058985,16.69058985,48.0,103.0,66.33333333,31.75426481,1008.333333,0.0,0.0,0.0,0.0,0.0,0.0,0.0,0.0,1.0,99.5,48.0,103.0,20.0,0.0,0.0,0.0,0.0,0.0,0.0,1.0,48.0,1.0,103.0,-1.0,-1.0,0.0,20.0,0.0,0.0,0.0,0.0,0.0,0.0,0.0,0.0,BENIGN
53.0,76881.0,1.0,1.0,54.0,110.0,54.0,54.0,54.0,0.0,110.0,110.0,110.0,0.0,2133.166842,26.01422978,76881.0,0.0,76881.0,76881.0,0.0,0.0,0.0,0.0,0.0,0.0,0.0,0.0,0.0,0.0,0.0,0.0,0.0,0.0,20.0,32.0,13.00711489,13.00711489,54.0,110.0,72.66666667,32.33161507,1045.333333,0.0,0.0,0.0,0.0,0.0,0.0,0.0,0.0,1.0,109.0,54.0,110.0,20.0,0.0,0.0,0.0,0.0,0.0,0.0,1.0,54.0,1.0,110.0,-1.0,-1.0,0.0,20.0,0.0,0.0,0.0,0.0,0.0,0.0,0.0,0.0,BENIGN
53.0,71933.0,1.0,1.0,52.0,101.0,52.0,52.0,52.0,0.0,101.0,101.0,101.0,0.0,2126.979272,27.80365062,71933.0,0.0,71933.0,71933.0,0.0,0.0,0.0,0.0,0.0,0.0,0.0,0.0,0.0,0.0,0.0,0.0,0.0,0.0,20.0,32.0,13.90182531,13.90182531,52.0,101.0,68.33333333,28.29016319,800.3333333,0.0,0.0,0.0,0.0,0.0,0.0,0.0,0.0,1.0,102.5,52.0,101.0,20.0,0.0,0.0,0.0,0.0,0.0,0.0,1.0,52.0,1.0,101.0,-1.0,-1.0,0.0,20.0,0.0,0.0,0.0,0.0,0.0,0.0,0.0,0.0,BENIGN
53.0,77608.0,1.0,1.0,56.0,72.0,56.0,56.0,56.0,0.0,72.0,72.0,72.0,0.0,1649.314504,25.77053912,77608.0,0.0,77608.0,77608.0,0.0,0.0,0.0,0.0,0.0,0.0,0.0,0.0,0.0,0.0,0.0,0.0,0.0,0.0,20.0,32.0,12.88526956,12.88526956,56.0,72.0,61.33333333,9.237604307,85.33333333,0.0,0.0,0.0,0.0,0.0,0.0,0.0,0.0,1.0,92.0,56.0,72.0,20.0,0.0,0.0,0.0,0.0,0.0,0.0,1.0,56.0,1.0,72.0,-1.0,-1.0,0.0,20.0,0.0,0.0,0.0,0.0,0.0,0.0,0.0,0.0,BENIGN
53.0,82493.0,1.0,1.0,59.0,75.0,59.0,59.0,59.0,0.0,75.0,75.0,75.0,0.0,1624.38025,24.24448135,82493.0,0.0,82493.0,82493.0,0.0,0.0,0.0,0.0,0.0,0.0,0.0,0.0,0.0,0.0,0.0,0.0,0.0,0.0,20.0,32.0,12.12224067,12.12224067,59.0,75.0,64.33333333,9.237604307,85.33333333,0.0,0.0,0.0,0.0,0.0,0.0,0.0,0.0,1.0,96.5,59.0,75.0,20.0,0.0,0.0,0.0,0.0,0.0,0.0,1.0,59.0,1.0,75.0,-1.0,-1.0,0.0,20.0,0.0,0.0,0.0,0.0,0.0,0.0,0.0,0.0,BENIGN
53.0,225547.0,1.0,1.0,51.0,151.0,51.0,51.0,51.0,0.0,151.0,151.0,151.0,0.0,895.6004735,8.867331421,225547.0,0.0,225547.0,225547.0,0.0,0.0,0.0,0.0,0.0,0.0,0.0,0.0,0.0,0.0,0.0,0.0,0.0,0.0,20.0,20.0,4.43366571,4.43366571,51.0,151.0,84.33333333,57.73502692,3333.333333,0.0,0.0,0.0,0.0,0.0,0.0,0.0,0.0,1.0,126.5,51.0,151.0,20.0,0.0,0.0,0.0,0.0,0.0,0.0,1.0,51.0,1.0,151.0,-1.0,-1.0,0.0,20.0,0.0,0.0,0.0,0.0,0.0,0.0,0.0,0.0,BENIGN
53.0,63195130.0,2.0,2.0,92.0,255.0,49.0,43.0,46.0,4.242640687,152.0,103.0,127.5,34.64823228,5.490929443,0.063296017,21100000.0,36200000.0,62800000.0,52256.0,62900000.0,62900000.0,0.0,62900000.0,62900000.0,63100000.0,63100000.0,0.0,63100000.0,63100000.0,0.0,0.0,0.0,0.0,52.0,40.0,0.031648008,0.031648008,43.0,152.0,78.0,48.45616576,2348.0,0.0,0.0,0.0,0.0,0.0,0.0,0.0,0.0,1.0,97.5,46.0,127.5,52.0,0.0,0.0,0.0,0.0,0.0,0.0,2.0,92.0,2.0,255.0,-1.0,-1.0,1.0,20.0,52256.0,0.0,52256.0,52256.0,62800000.0,0.0,62800000.0,62800000.0,BENIGN
53.0,60069.0,1.0,1.0,54.0,110.0,54.0,54.0,54.0,0.0,110.0,110.0,110.0,0.0,2730.193611,33.29504403,60069.0,0.0,60069.0,60069.0,0.0,0.0,0.0,0.0,0.0,0.0,0.0,0.0,0.0,0.0,0.0,0.0,0.0,0.0,20.0,32.0,16.64752202,16.64752202,54.0,110.0,72.66666667,32.33161507,1045.333333,0.0,0.0,0.0,0.0,0.0,0.0,0.0,0.0,1.0,109.0,54.0,110.0,20.0,0.0,0.0,0.0,0.0,0.0,0.0,1.0,54.0,1.0,110.0,-1.0,-1.0,0.0,20.0,0.0,0.0,0.0,0.0,0.0,0.0,0.0,0.0,BENIGN
53.0,23604.0,1.0,1.0,43.0,75.0,43.0,43.0,43.0,0.0,75.0,75.0,75.0,0.0,4999.152686,84.73140146,23604.0,0.0,23604.0,23604.0,0.0,0.0,0.0,0.0,0.0,0.0,0.0,0.0,0.0,0.0,0.0,0.0,0.0,0.0,20.0,32.0,42.36570073,42.36570073,43.0,75.0,53.66666667,18.47520861,341.3333333,0.0,0.0,0.0,0.0,0.0,0.0,0.0,0.0,1.0,80.5,43.0,75.0,20.0,0.0,0.0,0.0,0.0,0.0,0.0,1.0,43.0,1.0,75.0,-1.0,-1.0,0.0,20.0,0.0,0.0,0.0,0.0,0.0,0.0,0.0,0.0,BENIGN
53.0,23441.0,1.0,1.0,45.0,100.0,45.0,45.0,45.0,0.0,100.0,100.0,100.0,0.0,6185.742929,85.32059212,23441.0,0.0,23441.0,23441.0,0.0,0.0,0.0,0.0,0.0,0.0,0.0,0.0,0.0,0.0,0.0,0.0,0.0,0.0,32.0,20.0,42.66029606,42.66029606,45.0,100.0,63.33333333,31.75426481,1008.333333,0.0,0.0,0.0,0.0,0.0,0.0,0.0,0.0,1.0,95.0,45.0,100.0,32.0,0.0,0.0,0.0,0.0,0.0,0.0,1.0,45.0,1.0,100.0,-1.0,-1.0,0.0,32.0,0.0,0.0,0.0,0.0,0.0,0.0,0.0,0.0,BENIGN
53.0,48481.0,1.0,1.0,40.0,107.0,40.0,40.0,40.0,0.0,107.0,107.0,107.0,0.0,3032.115674,41.25327448,48481.0,0.0,48481.0,48481.0,0.0,0.0,0.0,0.0,0.0,0.0,0.0,0.0,0.0,0.0,0.0,0.0,0.0,0.0,32.0,20.0,20.62663724,20.62663724,40.0,107.0,62.33333333,38.68246804,1496.333333,0.0,0.0,0.0,0.0,0.0,0.0,0.0,0.0,1.0,93.5,40.0,107.0,32.0,0.0,0.0,0.0,0.0,0.0,0.0,1.0,40.0,1.0,107.0,-1.0,-1.0,0.0,32.0,0.0,0.0,0.0,0.0,0.0,0.0,0.0,0.0,BENIGN
53.0,71392.0,1.0,1.0,54.0,238.0,54.0,54.0,54.0,0.0,238.0,238.0,238.0,0.0,4090.094128,28.01434334,71392.0,0.0,71392.0,71392.0,0.0,0.0,0.0,0.0,0.0,0.0,0.0,0.0,0.0,0.0,0.0,0.0,0.0,0.0,32.0,20.0,14.00717167,14.00717167,54.0,238.0,115.3333333,106.2324495,11285.33333,0.0,0.0,0.0,0.0,0.0,0.0,0.0,0.0,1.0,173.0,54.0,238.0,32.0,0.0,0.0,0.0,0.0,0.0,0.0,1.0,54.0,1.0,238.0,-1.0,-1.0,0.0,32.0,0.0,0.0,0.0,0.0,0.0,0.0,0.0,0.0,BENIGN
53.0,63041.0,1.0,1.0,65.0,124.0,65.0,65.0,65.0,0.0,124.0,124.0,124.0,0.0,2998.048889,31.72538507,63041.0,0.0,63041.0,63041.0,0.0,0.0,0.0,0.0,0.0,0.0,0.0,0.0,0.0,0.0,0.0,0.0,0.0,0.0,32.0,32.0,15.86269253,15.86269253,65.0,124.0,84.66666667,34.06366588,1160.333333,0.0,0.0,0.0,0.0,0.0,0.0,0.0,0.0,1.0,127.0,65.0,124.0,32.0,0.0,0.0,0.0,0.0,0.0,0.0,1.0,65.0,1.0,124.0,-1.0,-1.0,0.0,32.0,0.0,0.0,0.0,0.0,0.0,0.0,0.0,0.0,BENIGN
53.0,136471.0,1.0,1.0,52.0,207.0,52.0,52.0,52.0,0.0,207.0,207.0,207.0,0.0,1897.839101,14.6551282,136471.0,0.0,136471.0,136471.0,0.0,0.0,0.0,0.0,0.0,0.0,0.0,0.0,0.0,0.0,0.0,0.0,0.0,0.0,20.0,32.0,7.327564098,7.327564098,52.0,207.0,103.6666667,89.48929172,8008.333333,0.0,0.0,0.0,0.0,0.0,0.0,0.0,0.0,1.0,155.5,52.0,207.0,20.0,0.0,0.0,0.0,0.0,0.0,0.0,1.0,52.0,1.0,207.0,-1.0,-1.0,0.0,20.0,0.0,0.0,0.0,0.0,0.0,0.0,0.0,0.0,BENIGN
53.0,458.0,1.0,1.0,50.0,110.0,50.0,50.0,50.0,0.0,110.0,110.0,110.0,0.0,349344.9782,4366.812227,458.0,0.0,458.0,458.0,0.0,0.0,0.0,0.0,0.0,0.0,0.0,0.0,0.0,0.0,0.0,0.0,0.0,0.0,32.0,32.0,2183.406114,2183.406114,50.0,110.0,70.0,34.64101615,1200.0,0.0,0.0,0.0,0.0,0.0,0.0,0.0,0.0,1.0,105.0,50.0,110.0,32.0,0.0,0.0,0.0,0.0,0.0,0.0,1.0,50.0,1.0,110.0,-1.0,-1.0,0.0,32.0,0.0,0.0,0.0,0.0,0.0,0.0,0.0,0.0,BENIGN
53.0,47962.0,1.0,1.0,46.0,105.0,46.0,46.0,46.0,0.0,105.0,105.0,105.0,0.0,3148.325758,41.69967891,47962.0,0.0,47962.0,47962.0,0.0,0.0,0.0,0.0,0.0,0.0,0.0,0.0,0.0,0.0,0.0,0.0,0.0,0.0,32.0,20.0,20.84983946,20.84983946,46.0,105.0,65.66666667,34.06366588,1160.333333,0.0,0.0,0.0,0.0,0.0,0.0,0.0,0.0,1.0,98.5,46.0,105.0,32.0,0.0,0.0,0.0,0.0,0.0,0.0,1.0,46.0,1.0,105.0,-1.0,-1.0,0.0,32.0,0.0,0.0,0.0,0.0,0.0,0.0,0.0,0.0,BENIGN
53.0,23143.0,1.0,1.0,43.0,91.0,43.0,43.0,43.0,0.0,91.0,91.0,91.0,0.0,5790.087716,86.41921963,23143.0,0.0,23143.0,23143.0,0.0,0.0,0.0,0.0,0.0,0.0,0.0,0.0,0.0,0.0,0.0,0.0,0.0,0.0,32.0,32.0,43.20960982,43.20960982,43.0,91.0,59.0,27.71281292,768.0,0.0,0.0,0.0,0.0,0.0,0.0,0.0,0.0,1.0,88.5,43.0,91.0,32.0,0.0,0.0,0.0,0.0,0.0,0.0,1.0,43.0,1.0,91.0,-1.0,-1.0,0.0,32.0,0.0,0.0,0.0,0.0,0.0,0.0,0.0,0.0,BENIGN
53.0,23424.0,1.0,1.0,49.0,177.0,49.0,49.0,49.0,0.0,177.0,177.0,177.0,0.0,9648.224044,85.38251366,23424.0,0.0,23424.0,23424.0,0.0,0.0,0.0,0.0,0.0,0.0,0.0,0.0,0.0,0.0,0.0,0.0,0.0,0.0,32.0,32.0,42.69125683,42.69125683,49.0,177.0,91.66666667,73.90083446,5461.333333,0.0,0.0,0.0,0.0,0.0,0.0,0.0,0.0,1.0,137.5,49.0,177.0,32.0,0.0,0.0,0.0,0.0,0.0,0.0,1.0,49.0,1.0,177.0,-1.0,-1.0,0.0,32.0,0.0,0.0,0.0,0.0,0.0,0.0,0.0,0.0,BENIGN
53.0,49477.0,1.0,1.0,51.0,112.0,51.0,51.0,51.0,0.0,112.0,112.0,112.0,0.0,3294.460052,40.42282273,49477.0,0.0,49477.0,49477.0,0.0,0.0,0.0,0.0,0.0,0.0,0.0,0.0,0.0,0.0,0.0,0.0,0.0,0.0,20.0,20.0,20.21141136,20.21141136,51.0,112.0,71.33333333,35.21836642,1240.333333,0.0,0.0,0.0,0.0,0.0,0.0,0.0,0.0,1.0,107.0,51.0,112.0,20.0,0.0,0.0,0.0,0.0,0.0,0.0,1.0,51.0,1.0,112.0,-1.0,-1.0,0.0,20.0,0.0,0.0,0.0,0.0,0.0,0.0,0.0,0.0,BENIGN
53.0,123543.0,1.0,1.0,51.0,296.0,51.0,51.0,51.0,0.0,296.0,296.0,296.0,0.0,2808.738658,16.18869543,123543.0,0.0,123543.0,123543.0,0.0,0.0,0.0,0.0,0.0,0.0,0.0,0.0,0.0,0.0,0.0,0.0,0.0,0.0,32.0,32.0,8.094347717,8.094347717,51.0,296.0,132.6666667,141.450816,20008.33333,0.0,0.0,0.0,0.0,0.0,0.0,0.0,0.0,1.0,199.0,51.0,296.0,32.0,0.0,0.0,0.0,0.0,0.0,0.0,1.0,51.0,1.0,296.0,-1.0,-1.0,0.0,32.0,0.0,0.0,0.0,0.0,0.0,0.0,0.0,0.0,BENIGN
53.0,48750.0,1.0,1.0,43.0,130.0,43.0,43.0,43.0,0.0,130.0,130.0,130.0,0.0,3548.717949,41.02564103,48750.0,0.0,48750.0,48750.0,0.0,0.0,0.0,0.0,0.0,0.0,0.0,0.0,0.0,0.0,0.0,0.0,0.0,0.0,32.0,20.0,20.51282051,20.51282051,43.0,130.0,72.0,50.22947342,2523.0,0.0,0.0,0.0,0.0,0.0,0.0,0.0,0.0,1.0,108.0,43.0,130.0,32.0,0.0,0.0,0.0,0.0,0.0,0.0,1.0,43.0,1.0,130.0,-1.0,-1.0,0.0,32.0,0.0,0.0,0.0,0.0,0.0,0.0,0.0,0.0,BENIGN
53.0,122269.0,1.0,1.0,38.0,119.0,38.0,38.0,38.0,0.0,119.0,119.0,119.0,0.0,1284.054012,16.35737595,122269.0,0.0,122269.0,122269.0,0.0,0.0,0.0,0.0,0.0,0.0,0.0,0.0,0.0,0.0,0.0,0.0,0.0,0.0,32.0,20.0,8.178687975,8.178687975,38.0,119.0,65.0,46.7653718,2187.0,0.0,0.0,0.0,0.0,0.0,0.0,0.0,0.0,1.0,97.5,38.0,119.0,32.0,0.0,0.0,0.0,0.0,0.0,0.0,1.0,38.0,1.0,119.0,-1.0,-1.0,0.0,32.0,0.0,0.0,0.0,0.0,0.0,0.0,0.0,0.0,BENIGN
53.0,98492066.0,3.0,3.0,147.0,393.0,56.0,40.0,49.0,8.185352772,209.0,72.0,131.0,70.4485628,5.482675122,0.060918612,19700000.0,43400000.0,97300000.0,61471.0,98400000.0,49200000.0,68200000.0,97400000.0,1005851.0,98400000.0,49200000.0,68200000.0,97400000.0,987229.0,0.0,0.0,0.0,0.0,72.0,72.0,0.030459306,0.030459306,40.0,209.0,82.85714286,60.94923727,3714.809524,0.0,0.0,0.0,0.0,0.0,0.0,0.0,0.0,1.0,96.66666667,49.0,131.0,72.0,0.0,0.0,0.0,0.0,0.0,0.0,3.0,147.0,3.0,393.0,-1.0,-1.0,2.0,20.0,1101027.0,0.0,1101027.0,1101027.0,97300000.0,0.0,97300000.0,97300000.0,BENIGN
53.0,23285.0,1.0,1.0,74.0,158.0,74.0,74.0,74.0,0.0,158.0,158.0,158.0,0.0,9963.495813,85.89220528,23285.0,0.0,23285.0,23285.0,0.0,0.0,0.0,0.0,0.0,0.0,0.0,0.0,0.0,0.0,0.0,0.0,0.0,0.0,20.0,20.0,42.94610264,42.94610264,74.0,158.0,102.0,48.49742261,2352.0,0.0,0.0,0.0,0.0,0.0,0.0,0.0,0.0,1.0,153.0,74.0,158.0,20.0,0.0,0.0,0.0,0.0,0.0,0.0,1.0,74.0,1.0,158.0,-1.0,-1.0,0.0,20.0,0.0,0.0,0.0,0.0,0.0,0.0,0.0,0.0,BENIGN
53.0,23032.0,1.0,1.0,46.0,74.0,46.0,46.0,46.0,0.0,74.0,74.0,74.0,0.0,5210.142411,86.83570684,23032.0,0.0,23032.0,23032.0,0.0,0.0,0.0,0.0,0.0,0.0,0.0,0.0,0.0,0.0,0.0,0.0,0.0,0.0,32.0,32.0,43.41785342,43.41785342,46.0,74.0,55.33333333,16.16580754,261.3333333,0.0,0.0,0.0,0.0,0.0,0.0,0.0,0.0,1.0,83.0,46.0,74.0,32.0,0.0,0.0,0.0,0.0,0.0,0.0,1.0,46.0,1.0,74.0,-1.0,-1.0,0.0,32.0,0.0,0.0,0.0,0.0,0.0,0.0,0.0,0.0,BENIGN
53.0,49777.0,1.0,1.0,78.0,162.0,78.0,78.0,78.0,0.0,162.0,162.0,162.0,0.0,4821.503907,40.17919923,49777.0,0.0,49777.0,49777.0,0.0,0.0,0.0,0.0,0.0,0.0,0.0,0.0,0.0,0.0,0.0,0.0,0.0,0.0,20.0,32.0,20.08959961,20.08959961,78.0,162.0,106.0,48.49742261,2352.0,0.0,0.0,0.0,0.0,0.0,0.0,0.0,0.0,1.0,159.0,78.0,162.0,20.0,0.0,0.0,0.0,0.0,0.0,0.0,1.0,78.0,1.0,162.0,-1.0,-1.0,0.0,20.0,0.0,0.0,0.0,0.0,0.0,0.0,0.0,0.0,BENIGN
53.0,110695.0,1.0,1.0,48.0,140.0,48.0,48.0,48.0,0.0,140.0,140.0,140.0,0.0,1698.36036,18.0676634,110695.0,0.0,110695.0,110695.0,0.0,0.0,0.0,0.0,0.0,0.0,0.0,0.0,0.0,0.0,0.0,0.0,0.0,0.0,32.0,20.0,9.0338317,9.0338317,48.0,140.0,78.66666667,53.11622477,2821.333333,0.0,0.0,0.0,0.0,0.0,0.0,0.0,0.0,1.0,118.0,48.0,140.0,32.0,0.0,0.0,0.0,0.0,0.0,0.0,1.0,48.0,1.0,140.0,-1.0,-1.0,0.0,32.0,0.0,0.0,0.0,0.0,0.0,0.0,0.0,0.0,BENIGN
53.0,47993.0,1.0,1.0,54.0,102.0,54.0,54.0,54.0,0.0,102.0,102.0,102.0,0.0,3250.474027,41.67274394,47993.0,0.0,47993.0,47993.0,0.0,0.0,0.0,0.0,0.0,0.0,0.0,0.0,0.0,0.0,0.0,0.0,0.0,0.0,20.0,20.0,20.83637197,20.83637197,54.0,102.0,70.0,27.71281292,768.0,0.0,0.0,0.0,0.0,0.0,0.0,0.0,0.0,1.0,105.0,54.0,102.0,20.0,0.0,0.0,0.0,0.0,0.0,0.0,1.0,54.0,1.0,102.0,-1.0,-1.0,0.0,20.0,0.0,0.0,0.0,0.0,0.0,0.0,0.0,0.0,BENIGN
53.0,83410.0,1.0,1.0,40.0,56.0,40.0,40.0,40.0,0.0,56.0,56.0,56.0,0.0,1150.941134,23.97794029,83410.0,0.0,83410.0,83410.0,0.0,0.0,0.0,0.0,0.0,0.0,0.0,0.0,0.0,0.0,0.0,0.0,0.0,0.0,20.0,20.0,11.98897015,11.98897015,40.0,56.0,45.33333333,9.237604307,85.33333333,0.0,0.0,0.0,0.0,0.0,0.0,0.0,0.0,1.0,68.0,40.0,56.0,20.0,0.0,0.0,0.0,0.0,0.0,0.0,1.0,40.0,1.0,56.0,-1.0,-1.0,0.0,20.0,0.0,0.0,0.0,0.0,0.0,0.0,0.0,0.0,BENIGN
53.0,23520.0,1.0,1.0,39.0,99.0,39.0,39.0,39.0,0.0,99.0,99.0,99.0,0.0,5867.346939,85.03401361,23520.0,0.0,23520.0,23520.0,0.0,0.0,0.0,0.0,0.0,0.0,0.0,0.0,0.0,0.0,0.0,0.0,0.0,0.0,20.0,20.0,42.5170068,42.5170068,39.0,99.0,59.0,34.64101615,1200.0,0.0,0.0,0.0,0.0,0.0,0.0,0.0,0.0,1.0,88.5,39.0,99.0,20.0,0.0,0.0,0.0,0.0,0.0,0.0,1.0,39.0,1.0,99.0,-1.0,-1.0,0.0,20.0,0.0,0.0,0.0,0.0,0.0,0.0,0.0,0.0,BENIGN
53.0,23306.0,1.0,1.0,45.0,173.0,45.0,45.0,45.0,0.0,173.0,173.0,173.0,0.0,9353.814468,85.81481164,23306.0,0.0,23306.0,23306.0,0.0,0.0,0.0,0.0,0.0,0.0,0.0,0.0,0.0,0.0,0.0,0.0,0.0,0.0,20.0,20.0,42.90740582,42.90740582,45.0,173.0,87.66666667,73.90083446,5461.333333,0.0,0.0,0.0,0.0,0.0,0.0,0.0,0.0,1.0,131.5,45.0,173.0,20.0,0.0,0.0,0.0,0.0,0.0,0.0,1.0,45.0,1.0,173.0,-1.0,-1.0,0.0,20.0,0.0,0.0,0.0,0.0,0.0,0.0,0.0,0.0,BENIGN
53.0,23689.0,1.0,1.0,51.0,67.0,51.0,51.0,51.0,0.0,67.0,67.0,67.0,0.0,4981.21491,84.42737135,23689.0,0.0,23689.0,23689.0,0.0,0.0,0.0,0.0,0.0,0.0,0.0,0.0,0.0,0.0,0.0,0.0,0.0,0.0,20.0,20.0,42.21368568,42.21368568,51.0,67.0,56.33333333,9.237604307,85.33333333,0.0,0.0,0.0,0.0,0.0,0.0,0.0,0.0,1.0,84.5,51.0,67.0,20.0,0.0,0.0,0.0,0.0,0.0,0.0,1.0,51.0,1.0,67.0,-1.0,-1.0,0.0,20.0,0.0,0.0,0.0,0.0,0.0,0.0,0.0,0.0,BENIGN
53.0,6839562.0,2.0,2.0,119.0,264.0,61.0,58.0,59.5,2.121320344,139.0,125.0,132.0,9.899494937,55.99773787,0.584832771,2279854.0,3870959.823,6749583.0,23265.0,6816297.0,6816297.0,0.0,6816297.0,6816297.0,6772848.0,6772848.0,0.0,6772848.0,6772848.0,0.0,0.0,0.0,0.0,52.0,52.0,0.292416386,0.292416386,58.0,139.0,88.2,40.30756753,1624.7,0.0,0.0,0.0,0.0,0.0,0.0,0.0,0.0,1.0,110.25,59.5,132.0,52.0,0.0,0.0,0.0,0.0,0.0,0.0,2.0,119.0,2.0,264.0,-1.0,-1.0,1.0,20.0,66714.0,0.0,66714.0,66714.0,6749583.0,0.0,6749583.0,6749583.0,BENIGN
53.0,23457.0,1.0,1.0,46.0,62.0,46.0,46.0,46.0,0.0,62.0,62.0,62.0,0.0,4604.169331,85.26239502,23457.0,0.0,23457.0,23457.0,0.0,0.0,0.0,0.0,0.0,0.0,0.0,0.0,0.0,0.0,0.0,0.0,0.0,0.0,20.0,20.0,42.63119751,42.63119751,46.0,62.0,51.33333333,9.237604307,85.33333333,0.0,0.0,0.0,0.0,0.0,0.0,0.0,0.0,1.0,77.0,46.0,62.0,20.0,0.0,0.0,0.0,0.0,0.0,0.0,1.0,46.0,1.0,62.0,-1.0,-1.0,0.0,20.0,0.0,0.0,0.0,0.0,0.0,0.0,0.0,0.0,BENIGN
53.0,25931.0,1.0,1.0,81.0,163.0,81.0,81.0,81.0,0.0,163.0,163.0,163.0,0.0,9409.586981,77.12776214,25931.0,0.0,25931.0,25931.0,0.0,0.0,0.0,0.0,0.0,0.0,0.0,0.0,0.0,0.0,0.0,0.0,0.0,0.0,32.0,20.0,38.56388107,38.56388107,81.0,163.0,108.3333333,47.34272207,2241.333333,0.0,0.0,0.0,0.0,0.0,0.0,0.0,0.0,1.0,162.5,81.0,163.0,32.0,0.0,0.0,0.0,0.0,0.0,0.0,1.0,81.0,1.0,163.0,-1.0,-1.0,0.0,32.0,0.0,0.0,0.0,0.0,0.0,0.0,0.0,0.0,BENIGN
53.0,60440.0,1.0,1.0,51.0,67.0,51.0,51.0,51.0,0.0,67.0,67.0,67.0,0.0,1952.349437,33.09066843,60440.0,0.0,60440.0,60440.0,0.0,0.0,0.0,0.0,0.0,0.0,0.0,0.0,0.0,0.0,0.0,0.0,0.0,0.0,20.0,32.0,16.54533422,16.54533422,51.0,67.0,56.33333333,9.237604307,85.33333333,0.0,0.0,0.0,0.0,0.0,0.0,0.0,0.0,1.0,84.5,51.0,67.0,20.0,0.0,0.0,0.0,0.0,0.0,0.0,1.0,51.0,1.0,67.0,-1.0,-1.0,0.0,20.0,0.0,0.0,0.0,0.0,0.0,0.0,0.0,0.0,BENIGN
53.0,46421.0,1.0,1.0,47.0,106.0,47.0,47.0,47.0,0.0,106.0,106.0,106.0,0.0,3295.922104,43.08394907,46421.0,0.0,46421.0,46421.0,0.0,0.0,0.0,0.0,0.0,0.0,0.0,0.0,0.0,0.0,0.0,0.0,0.0,0.0,20.0,20.0,21.54197454,21.54197454,47.0,106.0,66.66666667,34.06366588,1160.333333,0.0,0.0,0.0,0.0,0.0,0.0,0.0,0.0,1.0,100.0,47.0,106.0,20.0,0.0,0.0,0.0,0.0,0.0,0.0,1.0,47.0,1.0,106.0,-1.0,-1.0,0.0,20.0,0.0,0.0,0.0,0.0,0.0,0.0,0.0,0.0,BENIGN
53.0,46385.0,1.0,1.0,49.0,148.0,49.0,49.0,49.0,0.0,148.0,148.0,148.0,0.0,4247.062628,43.11738709,46385.0,0.0,46385.0,46385.0,0.0,0.0,0.0,0.0,0.0,0.0,0.0,0.0,0.0,0.0,0.0,0.0,0.0,0.0,32.0,20.0,21.55869354,21.55869354,49.0,148.0,82.0,57.15767665,3267.0,0.0,0.0,0.0,0.0,0.0,0.0,0.0,0.0,1.0,123.0,49.0,148.0,32.0,0.0,0.0,0.0,0.0,0.0,0.0,1.0,49.0,1.0,148.0,-1.0,-1.0,0.0,32.0,0.0,0.0,0.0,0.0,0.0,0.0,0.0,0.0,BENIGN
53.0,60198.0,1.0,1.0,51.0,112.0,51.0,51.0,51.0,0.0,112.0,112.0,112.0,0.0,2707.731154,33.22369514,60198.0,0.0,60198.0,60198.0,0.0,0.0,0.0,0.0,0.0,0.0,0.0,0.0,0.0,0.0,0.0,0.0,0.0,0.0,20.0,20.0,16.61184757,16.61184757,51.0,112.0,71.33333333,35.21836642,1240.333333,0.0,0.0,0.0,0.0,0.0,0.0,0.0,0.0,1.0,107.0,51.0,112.0,20.0,0.0,0.0,0.0,0.0,0.0,0.0,1.0,51.0,1.0,112.0,-1.0,-1.0,0.0,20.0,0.0,0.0,0.0,0.0,0.0,0.0,0.0,0.0,BENIGN
53.0,92446.0,1.0,1.0,56.0,204.0,56.0,56.0,56.0,0.0,204.0,204.0,204.0,0.0,2812.452675,21.63425135,92446.0,0.0,92446.0,92446.0,0.0,0.0,0.0,0.0,0.0,0.0,0.0,0.0,0.0,0.0,0.0,0.0,0.0,0.0,32.0,20.0,10.81712567,10.81712567,56.0,204.0,105.3333333,85.44783984,7301.333333,0.0,0.0,0.0,0.0,0.0,0.0,0.0,0.0,1.0,158.0,56.0,204.0,32.0,0.0,0.0,0.0,0.0,0.0,0.0,1.0,56.0,1.0,204.0,-1.0,-1.0,0.0,32.0,0.0,0.0,0.0,0.0,0.0,0.0,0.0,0.0,BENIGN
53.0,23922.0,1.0,1.0,56.0,120.0,56.0,56.0,56.0,0.0,120.0,120.0,120.0,0.0,7357.244378,83.60504975,23922.0,0.0,23922.0,23922.0,0.0,0.0,0.0,0.0,0.0,0.0,0.0,0.0,0.0,0.0,0.0,0.0,0.0,0.0,20.0,20.0,41.80252487,41.80252487,56.0,120.0,77.33333333,36.95041723,1365.333333,0.0,0.0,0.0,0.0,0.0,0.0,0.0,0.0,1.0,116.0,56.0,120.0,20.0,0.0,0.0,0.0,0.0,0.0,0.0,1.0,56.0,1.0,120.0,-1.0,-1.0,0.0,20.0,0.0,0.0,0.0,0.0,0.0,0.0,0.0,0.0,BENIGN
53.0,23345.0,1.0,1.0,66.0,122.0,66.0,66.0,66.0,0.0,122.0,122.0,122.0,0.0,8053.116299,85.67144999,23345.0,0.0,23345.0,23345.0,0.0,0.0,0.0,0.0,0.0,0.0,0.0,0.0,0.0,0.0,0.0,0.0,0.0,0.0,20.0,20.0,42.83572499,42.83572499,66.0,122.0,84.66666667,32.33161507,1045.333333,0.0,0.0,0.0,0.0,0.0,0.0,0.0,0.0,1.0,127.0,66.0,122.0,20.0,0.0,0.0,0.0,0.0,0.0,0.0,1.0,66.0,1.0,122.0,-1.0,-1.0,0.0,20.0,0.0,0.0,0.0,0.0,0.0,0.0,0.0,0.0,BENIGN
53.0,23762.0,1.0,1.0,47.0,131.0,47.0,47.0,47.0,0.0,131.0,131.0,131.0,0.0,7490.95194,84.16799933,23762.0,0.0,23762.0,23762.0,0.0,0.0,0.0,0.0,0.0,0.0,0.0,0.0,0.0,0.0,0.0,0.0,0.0,0.0,20.0,20.0,42.08399966,42.08399966,47.0,131.0,75.0,48.49742261,2352.0,0.0,0.0,0.0,0.0,0.0,0.0,0.0,0.0,1.0,112.5,47.0,131.0,20.0,0.0,0.0,0.0,0.0,0.0,0.0,1.0,47.0,1.0,131.0,-1.0,-1.0,0.0,20.0,0.0,0.0,0.0,0.0,0.0,0.0,0.0,0.0,BENIGN
53.0,60370.0,1.0,1.0,52.0,68.0,52.0,52.0,52.0,0.0,68.0,68.0,68.0,0.0,1987.742256,33.1290376,60370.0,0.0,60370.0,60370.0,0.0,0.0,0.0,0.0,0.0,0.0,0.0,0.0,0.0,0.0,0.0,0.0,0.0,0.0,20.0,20.0,16.5645188,16.5645188,52.0,68.0,57.33333333,9.237604307,85.33333333,0.0,0.0,0.0,0.0,0.0,0.0,0.0,0.0,1.0,86.0,52.0,68.0,20.0,0.0,0.0,0.0,0.0,0.0,0.0,1.0,52.0,1.0,68.0,-1.0,-1.0,0.0,20.0,0.0,0.0,0.0,0.0,0.0,0.0,0.0,0.0,BENIGN
53.0,16877560.0,2.0,2.0,102.0,323.0,52.0,50.0,51.0,1.414213562,255.0,68.0,161.5,132.2289681,25.18136508,0.237001083,5625853.333,9643311.361,16800000.0,46619.0,16800000.0,16800000.0,0.0,16800000.0,16800000.0,16800000.0,16800000.0,0.0,16800000.0,16800000.0,0.0,0.0,0.0,0.0,40.0,52.0,0.118500542,0.118500542,50.0,255.0,95.0,89.76079322,8057.0,0.0,0.0,0.0,0.0,0.0,0.0,0.0,0.0,1.0,118.75,51.0,161.5,40.0,0.0,0.0,0.0,0.0,0.0,0.0,2.0,102.0,2.0,323.0,-1.0,-1.0,1.0,20.0,69959.0,0.0,69959.0,69959.0,16800000.0,0.0,16800000.0,16800000.0,BENIGN
53.0,30793.0,1.0,1.0,48.0,105.0,48.0,48.0,48.0,0.0,105.0,105.0,105.0,0.0,4968.661709,64.94982626,30793.0,0.0,30793.0,30793.0,0.0,0.0,0.0,0.0,0.0,0.0,0.0,0.0,0.0,0.0,0.0,0.0,0.0,0.0,20.0,20.0,32.47491313,32.47491313,48.0,105.0,67.0,32.90896534,1083.0,0.0,0.0,0.0,0.0,0.0,0.0,0.0,0.0,1.0,100.5,48.0,105.0,20.0,0.0,0.0,0.0,0.0,0.0,0.0,1.0,48.0,1.0,105.0,-1.0,-1.0,0.0,20.0,0.0,0.0,0.0,0.0,0.0,0.0,0.0,0.0,BENIGN
53.0,50907205.0,3.0,3.0,168.0,455.0,58.0,54.0,56.0,2.0,272.0,74.0,151.6666667,105.6708727,12.23795335,0.117861509,10200000.0,20400000.0,46500000.0,24878.0,50700000.0,25400000.0,29900000.0,46500000.0,4253063.0,50900000.0,25400000.0,30000000.0,46600000.0,4229959.0,0.0,0.0,0.0,0.0,84.0,72.0,0.058930754,0.058930754,54.0,272.0,97.28571429,79.44539904,6311.571429,0.0,0.0,0.0,0.0,0.0,0.0,0.0,0.0,1.0,113.5,56.0,151.6666667,84.0,0.0,0.0,0.0,0.0,0.0,0.0,3.0,168.0,3.0,455.0,-1.0,-1.0,2.0,20.0,4277941.0,0.0,4277941.0,4277941.0,46500000.0,0.0,46500000.0,46500000.0,BENIGN
53.0,76320.0,1.0,1.0,48.0,64.0,48.0,48.0,48.0,0.0,64.0,64.0,64.0,0.0,1467.505241,26.20545073,76320.0,0.0,76320.0,76320.0,0.0,0.0,0.0,0.0,0.0,0.0,0.0,0.0,0.0,0.0,0.0,0.0,0.0,0.0,20.0,20.0,13.10272537,13.10272537,48.0,64.0,53.33333333,9.237604307,85.33333333,0.0,0.0,0.0,0.0,0.0,0.0,0.0,0.0,1.0,80.0,48.0,64.0,20.0,0.0,0.0,0.0,0.0,0.0,0.0,1.0,48.0,1.0,64.0,-1.0,-1.0,0.0,20.0,0.0,0.0,0.0,0.0,0.0,0.0,0.0,0.0,BENIGN
53.0,60992.0,1.0,1.0,58.0,124.0,58.0,58.0,58.0,0.0,124.0,124.0,124.0,0.0,2983.997901,32.79118573,60992.0,0.0,60992.0,60992.0,0.0,0.0,0.0,0.0,0.0,0.0,0.0,0.0,0.0,0.0,0.0,0.0,0.0,0.0,20.0,20.0,16.39559286,16.39559286,58.0,124.0,80.0,38.10511777,1452.0,0.0,0.0,0.0,0.0,0.0,0.0,0.0,0.0,1.0,120.0,58.0,124.0,20.0,0.0,0.0,0.0,0.0,0.0,0.0,1.0,58.0,1.0,124.0,-1.0,-1.0,0.0,20.0,0.0,0.0,0.0,0.0,0.0,0.0,0.0,0.0,BENIGN
53.0,48338.0,1.0,1.0,38.0,106.0,38.0,38.0,38.0,0.0,106.0,106.0,106.0,0.0,2979.022715,41.37531549,48338.0,0.0,48338.0,48338.0,0.0,0.0,0.0,0.0,0.0,0.0,0.0,0.0,0.0,0.0,0.0,0.0,0.0,0.0,32.0,20.0,20.68765774,20.68765774,38.0,106.0,60.66666667,39.2598183,1541.333333,0.0,0.0,0.0,0.0,0.0,0.0,0.0,0.0,1.0,91.0,38.0,106.0,32.0,0.0,0.0,0.0,0.0,0.0,0.0,1.0,38.0,1.0,106.0,-1.0,-1.0,0.0,32.0,0.0,0.0,0.0,0.0,0.0,0.0,0.0,0.0,BENIGN
53.0,5254984.0,2.0,2.0,120.0,309.0,63.0,57.0,60.0,4.242640687,191.0,118.0,154.5,51.61879503,81.63678519,0.761182146,1751661.333,2919640.963,5122615.0,23677.0,5146292.0,5146292.0,0.0,5146292.0,5146292.0,5231307.0,5231307.0,0.0,5231307.0,5231307.0,0.0,0.0,0.0,0.0,52.0,52.0,0.380591073,0.380591073,57.0,191.0,97.2,58.37979102,3408.2,0.0,0.0,0.0,0.0,0.0,0.0,0.0,0.0,1.0,121.5,60.0,154.5,52.0,0.0,0.0,0.0,0.0,0.0,0.0,2.0,120.0,2.0,309.0,-1.0,-1.0,1.0,20.0,23677.0,0.0,23677.0,23677.0,5122615.0,0.0,5122615.0,5122615.0,BENIGN
53.0,23563.0,1.0,1.0,47.0,63.0,47.0,47.0,47.0,0.0,63.0,63.0,63.0,0.0,4668.33595,84.87883546,23563.0,0.0,23563.0,23563.0,0.0,0.0,0.0,0.0,0.0,0.0,0.0,0.0,0.0,0.0,0.0,0.0,0.0,0.0,20.0,20.0,42.43941773,42.43941773,47.0,63.0,52.33333333,9.237604307,85.33333333,0.0,0.0,0.0,0.0,0.0,0.0,0.0,0.0,1.0,78.5,47.0,63.0,20.0,0.0,0.0,0.0,0.0,0.0,0.0,1.0,47.0,1.0,63.0,-1.0,-1.0,0.0,20.0,0.0,0.0,0.0,0.0,0.0,0.0,0.0,0.0,BENIGN
53.0,48951.0,1.0,1.0,56.0,117.0,56.0,56.0,56.0,0.0,117.0,117.0,117.0,0.0,3534.146391,40.85718371,48951.0,0.0,48951.0,48951.0,0.0,0.0,0.0,0.0,0.0,0.0,0.0,0.0,0.0,0.0,0.0,0.0,0.0,0.0,20.0,32.0,20.42859186,20.42859186,56.0,117.0,76.33333333,35.21836642,1240.333333,0.0,0.0,0.0,0.0,0.0,0.0,0.0,0.0,1.0,114.5,56.0,117.0,20.0,0.0,0.0,0.0,0.0,0.0,0.0,1.0,56.0,1.0,117.0,-1.0,-1.0,0.0,20.0,0.0,0.0,0.0,0.0,0.0,0.0,0.0,0.0,BENIGN
53.0,139895.0,1.0,1.0,60.0,231.0,60.0,60.0,60.0,0.0,231.0,231.0,231.0,0.0,2080.131527,14.29643661,139895.0,0.0,139895.0,139895.0,0.0,0.0,0.0,0.0,0.0,0.0,0.0,0.0,0.0,0.0,0.0,0.0,0.0,0.0,20.0,20.0,7.148218307,7.148218307,60.0,231.0,117.0,98.72689603,9747.0,0.0,0.0,0.0,0.0,0.0,0.0,0.0,0.0,1.0,175.5,60.0,231.0,20.0,0.0,0.0,0.0,0.0,0.0,0.0,1.0,60.0,1.0,231.0,-1.0,-1.0,0.0,20.0,0.0,0.0,0.0,0.0,0.0,0.0,0.0,0.0,BENIGN
53.0,50361.0,1.0,1.0,62.0,90.0,62.0,62.0,62.0,0.0,90.0,90.0,90.0,0.0,3018.208534,39.71327019,50361.0,0.0,50361.0,50361.0,0.0,0.0,0.0,0.0,0.0,0.0,0.0,0.0,0.0,0.0,0.0,0.0,0.0,0.0,32.0,20.0,19.85663509,19.85663509,62.0,90.0,71.33333333,16.16580754,261.3333333,0.0,0.0,0.0,0.0,0.0,0.0,0.0,0.0,1.0,107.0,62.0,90.0,32.0,0.0,0.0,0.0,0.0,0.0,0.0,1.0,62.0,1.0,90.0,-1.0,-1.0,0.0,32.0,0.0,0.0,0.0,0.0,0.0,0.0,0.0,0.0,BENIGN
53.0,95459.0,1.0,1.0,43.0,147.0,43.0,43.0,43.0,0.0,147.0,147.0,147.0,0.0,1990.383306,20.95140322,95459.0,0.0,95459.0,95459.0,0.0,0.0,0.0,0.0,0.0,0.0,0.0,0.0,0.0,0.0,0.0,0.0,0.0,0.0,20.0,20.0,10.47570161,10.47570161,43.0,147.0,77.66666667,60.044428,3605.333333,0.0,0.0,0.0,0.0,0.0,0.0,0.0,0.0,1.0,116.5,43.0,147.0,20.0,0.0,0.0,0.0,0.0,0.0,0.0,1.0,43.0,1.0,147.0,-1.0,-1.0,0.0,20.0,0.0,0.0,0.0,0.0,0.0,0.0,0.0,0.0,BENIGN
53.0,28722.0,1.0,1.0,45.0,61.0,45.0,45.0,45.0,0.0,61.0,61.0,61.0,0.0,3690.550797,69.63303391,28722.0,0.0,28722.0,28722.0,0.0,0.0,0.0,0.0,0.0,0.0,0.0,0.0,0.0,0.0,0.0,0.0,0.0,0.0,20.0,20.0,34.81651696,34.81651696,45.0,61.0,50.33333333,9.237604307,85.33333333,0.0,0.0,0.0,0.0,0.0,0.0,0.0,0.0,1.0,75.5,45.0,61.0,20.0,0.0,0.0,0.0,0.0,0.0,0.0,1.0,45.0,1.0,61.0,-1.0,-1.0,0.0,20.0,0.0,0.0,0.0,0.0,0.0,0.0,0.0,0.0,BENIGN
53.0,23215.0,1.0,1.0,47.0,63.0,47.0,47.0,47.0,0.0,63.0,63.0,63.0,0.0,4738.315744,86.15119535,23215.0,0.0,23215.0,23215.0,0.0,0.0,0.0,0.0,0.0,0.0,0.0,0.0,0.0,0.0,0.0,0.0,0.0,0.0,20.0,20.0,43.07559767,43.07559767,47.0,63.0,52.33333333,9.237604307,85.33333333,0.0,0.0,0.0,0.0,0.0,0.0,0.0,0.0,1.0,78.5,47.0,63.0,20.0,0.0,0.0,0.0,0.0,0.0,0.0,1.0,47.0,1.0,63.0,-1.0,-1.0,0.0,20.0,0.0,0.0,0.0,0.0,0.0,0.0,0.0,0.0,BENIGN
53.0,23414.0,1.0,1.0,53.0,128.0,53.0,53.0,53.0,0.0,128.0,128.0,128.0,0.0,7730.417699,85.4189801,23414.0,0.0,23414.0,23414.0,0.0,0.0,0.0,0.0,0.0,0.0,0.0,0.0,0.0,0.0,0.0,0.0,0.0,0.0,20.0,32.0,42.70949005,42.70949005,53.0,128.0,78.0,43.30127019,1875.0,0.0,0.0,0.0,0.0,0.0,0.0,0.0,0.0,1.0,117.0,53.0,128.0,20.0,0.0,0.0,0.0,0.0,0.0,0.0,1.0,53.0,1.0,128.0,-1.0,-1.0,0.0,20.0,0.0,0.0,0.0,0.0,0.0,0.0,0.0,0.0,BENIGN
53.0,31040.0,1.0,1.0,45.0,129.0,45.0,45.0,45.0,0.0,129.0,129.0,129.0,0.0,5605.670103,64.43298969,31040.0,0.0,31040.0,31040.0,0.0,0.0,0.0,0.0,0.0,0.0,0.0,0.0,0.0,0.0,0.0,0.0,0.0,0.0,20.0,20.0,32.21649485,32.21649485,45.0,129.0,73.0,48.49742261,2352.0,0.0,0.0,0.0,0.0,0.0,0.0,0.0,0.0,1.0,109.5,45.0,129.0,20.0,0.0,0.0,0.0,0.0,0.0,0.0,1.0,45.0,1.0,129.0,-1.0,-1.0,0.0,20.0,0.0,0.0,0.0,0.0,0.0,0.0,0.0,0.0,BENIGN
53.0,23422.0,1.0,1.0,57.0,121.0,57.0,57.0,57.0,0.0,121.0,121.0,121.0,0.0,7599.692597,85.38980446,23422.0,0.0,23422.0,23422.0,0.0,0.0,0.0,0.0,0.0,0.0,0.0,0.0,0.0,0.0,0.0,0.0,0.0,0.0,32.0,20.0,42.69490223,42.69490223,57.0,121.0,78.33333333,36.95041723,1365.333333,0.0,0.0,0.0,0.0,0.0,0.0,0.0,0.0,1.0,117.5,57.0,121.0,32.0,0.0,0.0,0.0,0.0,0.0,0.0,1.0,57.0,1.0,121.0,-1.0,-1.0,0.0,32.0,0.0,0.0,0.0,0.0,0.0,0.0,0.0,0.0,BENIGN
53.0,54912722.0,2.0,2.0,89.0,302.0,47.0,42.0,44.5,3.535533906,175.0,127.0,151.0,33.9411255,7.120390062,0.072842865,18300000.0,31600000.0,54800000.0,23570.0,54900000.0,54900000.0,0.0,54900000.0,54900000.0,54900000.0,54900000.0,0.0,54900000.0,54900000.0,0.0,0.0,0.0,0.0,60.0,72.0,0.036421433,0.036421433,42.0,175.0,86.6,61.22336155,3748.3,0.0,0.0,0.0,0.0,0.0,0.0,0.0,0.0,1.0,108.25,44.5,151.0,60.0,0.0,0.0,0.0,0.0,0.0,0.0,2.0,89.0,2.0,302.0,-1.0,-1.0,1.0,20.0,23570.0,0.0,23570.0,23570.0,54800000.0,0.0,54800000.0,54800000.0,BENIGN
53.0,2791073.0,2.0,2.0,97.0,286.0,55.0,42.0,48.5,9.192388155,170.0,116.0,143.0,38.18376618,137.2232113,1.433140588,930357.6667,1516951.367,2681966.0,48024.0,2743049.0,2743049.0,0.0,2743049.0,2743049.0,2729990.0,2729990.0,0.0,2729990.0,2729990.0,0.0,0.0,0.0,0.0,52.0,52.0,0.716570294,0.716570294,42.0,170.0,85.0,56.5331761,3196.0,0.0,0.0,0.0,0.0,0.0,0.0,0.0,0.0,1.0,106.25,48.5,143.0,52.0,0.0,0.0,0.0,0.0,0.0,0.0,2.0,97.0,2.0,286.0,-1.0,-1.0,1.0,20.0,0.0,0.0,0.0,0.0,0.0,0.0,0.0,0.0,BENIGN
53.0,23420.0,1.0,1.0,46.0,90.0,46.0,46.0,46.0,0.0,90.0,90.0,90.0,0.0,5807.002562,85.3970965,23420.0,0.0,23420.0,23420.0,0.0,0.0,0.0,0.0,0.0,0.0,0.0,0.0,0.0,0.0,0.0,0.0,0.0,0.0,20.0,32.0,42.69854825,42.69854825,46.0,90.0,60.66666667,25.40341184,645.3333333,0.0,0.0,0.0,0.0,0.0,0.0,0.0,0.0,1.0,91.0,46.0,90.0,20.0,0.0,0.0,0.0,0.0,0.0,0.0,1.0,46.0,1.0,90.0,-1.0,-1.0,0.0,20.0,0.0,0.0,0.0,0.0,0.0,0.0,0.0,0.0,BENIGN
53.0,70539703.0,2.0,2.0,113.0,247.0,58.0,55.0,56.5,2.121320344,136.0,111.0,123.5,17.67766953,5.103508871,0.056705654,23500000.0,40700000.0,70500000.0,23676.0,70500000.0,70500000.0,0.0,70500000.0,70500000.0,70500000.0,70500000.0,0.0,70500000.0,70500000.0,0.0,0.0,0.0,0.0,52.0,40.0,0.028352827,0.028352827,55.0,136.0,83.6,37.50066666,1406.3,0.0,0.0,0.0,0.0,0.0,0.0,0.0,0.0,1.0,104.5,56.5,123.5,52.0,0.0,0.0,0.0,0.0,0.0,0.0,2.0,113.0,2.0,247.0,-1.0,-1.0,1.0,20.0,48059.0,0.0,48059.0,48059.0,70500000.0,0.0,70500000.0,70500000.0,BENIGN
53.0,23406.0,1.0,1.0,53.0,117.0,53.0,53.0,53.0,0.0,117.0,117.0,117.0,0.0,7263.094933,85.44817568,23406.0,0.0,23406.0,23406.0,0.0,0.0,0.0,0.0,0.0,0.0,0.0,0.0,0.0,0.0,0.0,0.0,0.0,0.0,20.0,20.0,42.72408784,42.72408784,53.0,117.0,74.33333333,36.95041723,1365.333333,0.0,0.0,0.0,0.0,0.0,0.0,0.0,0.0,1.0,111.5,53.0,117.0,20.0,0.0,0.0,0.0,0.0,0.0,0.0,1.0,53.0,1.0,117.0,-1.0,-1.0,0.0,20.0,0.0,0.0,0.0,0.0,0.0,0.0,0.0,0.0,BENIGN
53.0,70367096.0,2.0,2.0,115.0,212.0,66.0,49.0,57.5,12.02081528,114.0,98.0,106.0,11.3137085,4.647058335,0.05684475,23500000.0,40600000.0,70300000.0,23466.0,70300000.0,70300000.0,0.0,70300000.0,70300000.0,70300000.0,70300000.0,0.0,70300000.0,70300000.0,0.0,0.0,0.0,0.0,52.0,40.0,0.028422375,0.028422375,49.0,114.0,78.6,26.56689669,705.8,0.0,0.0,0.0,0.0,0.0,0.0,0.0,0.0,1.0,98.25,57.5,106.0,52.0,0.0,0.0,0.0,0.0,0.0,0.0,2.0,115.0,2.0,212.0,-1.0,-1.0,1.0,20.0,23490.0,0.0,23490.0,23490.0,70300000.0,0.0,70300000.0,70300000.0,BENIGN
53.0,23529.0,1.0,1.0,58.0,139.0,58.0,58.0,58.0,0.0,139.0,139.0,139.0,0.0,8372.646521,85.00148753,23529.0,0.0,23529.0,23529.0,0.0,0.0,0.0,0.0,0.0,0.0,0.0,0.0,0.0,0.0,0.0,0.0,0.0,0.0,20.0,20.0,42.50074376,42.50074376,58.0,139.0,85.0,46.7653718,2187.0,0.0,0.0,0.0,0.0,0.0,0.0,0.0,0.0,1.0,127.5,58.0,139.0,20.0,0.0,0.0,0.0,0.0,0.0,0.0,1.0,58.0,1.0,139.0,-1.0,-1.0,0.0,20.0,0.0,0.0,0.0,0.0,0.0,0.0,0.0,0.0,BENIGN
53.0,86782656.0,2.0,2.0,86.0,200.0,45.0,41.0,43.0,2.828427125,105.0,95.0,100.0,7.071067812,3.295589386,0.046092159,28900000.0,50000000.0,86600000.0,25100.0,86800000.0,86800000.0,0.0,86800000.0,86800000.0,86700000.0,86700000.0,0.0,86700000.0,86700000.0,0.0,0.0,0.0,0.0,64.0,52.0,0.02304608,0.02304608,41.0,105.0,66.2,31.09983923,967.2,0.0,0.0,0.0,0.0,0.0,0.0,0.0,0.0,1.0,82.75,43.0,100.0,64.0,0.0,0.0,0.0,0.0,0.0,0.0,2.0,86.0,2.0,200.0,-1.0,-1.0,1.0,32.0,129575.0,0.0,129575.0,129575.0,86600000.0,0.0,86600000.0,86600000.0,BENIGN
53.0,23646.0,1.0,1.0,61.0,139.0,61.0,61.0,61.0,0.0,139.0,139.0,139.0,0.0,8458.090163,84.58090163,23646.0,0.0,23646.0,23646.0,0.0,0.0,0.0,0.0,0.0,0.0,0.0,0.0,0.0,0.0,0.0,0.0,0.0,0.0,20.0,20.0,42.29045082,42.29045082,61.0,139.0,87.0,45.033321,2028.0,0.0,0.0,0.0,0.0,0.0,0.0,0.0,0.0,1.0,130.5,61.0,139.0,20.0,0.0,0.0,0.0,0.0,0.0,0.0,1.0,61.0,1.0,139.0,-1.0,-1.0,0.0,20.0,0.0,0.0,0.0,0.0,0.0,0.0,0.0,0.0,BENIGN
53.0,23845.0,1.0,1.0,55.0,116.0,55.0,55.0,55.0,0.0,116.0,116.0,116.0,0.0,7171.314741,83.87502621,23845.0,0.0,23845.0,23845.0,0.0,0.0,0.0,0.0,0.0,0.0,0.0,0.0,0.0,0.0,0.0,0.0,0.0,0.0,20.0,20.0,41.93751311,41.93751311,55.0,116.0,75.33333333,35.21836642,1240.333333,0.0,0.0,0.0,0.0,0.0,0.0,0.0,0.0,1.0,113.0,55.0,116.0,20.0,0.0,0.0,0.0,0.0,0.0,0.0,1.0,55.0,1.0,116.0,-1.0,-1.0,0.0,20.0,0.0,0.0,0.0,0.0,0.0,0.0,0.0,0.0,BENIGN
53.0,64313.0,1.0,1.0,57.0,144.0,57.0,57.0,57.0,0.0,144.0,144.0,144.0,0.0,3125.340133,31.09791178,64313.0,0.0,64313.0,64313.0,0.0,0.0,0.0,0.0,0.0,0.0,0.0,0.0,0.0,0.0,0.0,0.0,0.0,0.0,32.0,20.0,15.54895589,15.54895589,57.0,144.0,86.0,50.22947342,2523.0,0.0,0.0,0.0,0.0,0.0,0.0,0.0,0.0,1.0,129.0,57.0,144.0,32.0,0.0,0.0,0.0,0.0,0.0,0.0,1.0,57.0,1.0,144.0,-1.0,-1.0,0.0,32.0,0.0,0.0,0.0,0.0,0.0,0.0,0.0,0.0,BENIGN
53.0,168963.0,1.0,1.0,44.0,60.0,44.0,44.0,44.0,0.0,60.0,60.0,60.0,0.0,615.5193741,11.83691104,168963.0,0.0,168963.0,168963.0,0.0,0.0,0.0,0.0,0.0,0.0,0.0,0.0,0.0,0.0,0.0,0.0,0.0,0.0,20.0,32.0,5.91845552,5.91845552,44.0,60.0,49.33333333,9.237604307,85.33333333,0.0,0.0,0.0,0.0,0.0,0.0,0.0,0.0,1.0,74.0,44.0,60.0,20.0,0.0,0.0,0.0,0.0,0.0,0.0,1.0,44.0,1.0,60.0,-1.0,-1.0,0.0,20.0,0.0,0.0,0.0,0.0,0.0,0.0,0.0,0.0,BENIGN
53.0,23634.0,1.0,1.0,75.0,157.0,75.0,75.0,75.0,0.0,157.0,157.0,157.0,0.0,9816.366252,84.623847,23634.0,0.0,23634.0,23634.0,0.0,0.0,0.0,0.0,0.0,0.0,0.0,0.0,0.0,0.0,0.0,0.0,0.0,0.0,20.0,20.0,42.3119235,42.3119235,75.0,157.0,102.3333333,47.34272207,2241.333333,0.0,0.0,0.0,0.0,0.0,0.0,0.0,0.0,1.0,153.5,75.0,157.0,20.0,0.0,0.0,0.0,0.0,0.0,0.0,1.0,75.0,1.0,157.0,-1.0,-1.0,0.0,20.0,0.0,0.0,0.0,0.0,0.0,0.0,0.0,0.0,BENIGN
53.0,81910.0,1.0,1.0,42.0,98.0,42.0,42.0,42.0,0.0,98.0,98.0,98.0,0.0,1709.193017,24.4170431,81910.0,0.0,81910.0,81910.0,0.0,0.0,0.0,0.0,0.0,0.0,0.0,0.0,0.0,0.0,0.0,0.0,0.0,0.0,20.0,20.0,12.20852155,12.20852155,42.0,98.0,60.66666667,32.33161507,1045.333333,0.0,0.0,0.0,0.0,0.0,0.0,0.0,0.0,1.0,91.0,42.0,98.0,20.0,0.0,0.0,0.0,0.0,0.0,0.0,1.0,42.0,1.0,98.0,-1.0,-1.0,0.0,20.0,0.0,0.0,0.0,0.0,0.0,0.0,0.0,0.0,BENIGN
53.0,47543.0,1.0,1.0,47.0,75.0,47.0,47.0,47.0,0.0,75.0,75.0,75.0,0.0,2566.098059,42.06718129,47543.0,0.0,47543.0,47543.0,0.0,0.0,0.0,0.0,0.0,0.0,0.0,0.0,0.0,0.0,0.0,0.0,0.0,0.0,20.0,20.0,21.03359064,21.03359064,47.0,75.0,56.33333333,16.16580754,261.3333333,0.0,0.0,0.0,0.0,0.0,0.0,0.0,0.0,1.0,84.5,47.0,75.0,20.0,0.0,0.0,0.0,0.0,0.0,0.0,1.0,47.0,1.0,75.0,-1.0,-1.0,0.0,20.0,0.0,0.0,0.0,0.0,0.0,0.0,0.0,0.0,BENIGN
53.0,47785.0,1.0,1.0,48.0,113.0,48.0,48.0,48.0,0.0,113.0,113.0,113.0,0.0,3369.258135,41.85413833,47785.0,0.0,47785.0,47785.0,0.0,0.0,0.0,0.0,0.0,0.0,0.0,0.0,0.0,0.0,0.0,0.0,0.0,0.0,20.0,20.0,20.92706916,20.92706916,48.0,113.0,69.66666667,37.5277675,1408.333333,0.0,0.0,0.0,0.0,0.0,0.0,0.0,0.0,1.0,104.5,48.0,113.0,20.0,0.0,0.0,0.0,0.0,0.0,0.0,1.0,48.0,1.0,113.0,-1.0,-1.0,0.0,20.0,0.0,0.0,0.0,0.0,0.0,0.0,0.0,0.0,BENIGN
53.0,128956.0,1.0,1.0,46.0,216.0,46.0,46.0,46.0,0.0,216.0,216.0,216.0,0.0,2031.700735,15.50916592,128956.0,0.0,128956.0,128956.0,0.0,0.0,0.0,0.0,0.0,0.0,0.0,0.0,0.0,0.0,0.0,0.0,0.0,0.0,32.0,20.0,7.754582959,7.754582959,46.0,216.0,102.6666667,98.14954576,9633.333333,0.0,0.0,0.0,0.0,0.0,0.0,0.0,0.0,1.0,154.0,46.0,216.0,32.0,0.0,0.0,0.0,0.0,0.0,0.0,1.0,46.0,1.0,216.0,-1.0,-1.0,0.0,32.0,0.0,0.0,0.0,0.0,0.0,0.0,0.0,0.0,BENIGN
53.0,48326.0,1.0,1.0,44.0,102.0,44.0,44.0,44.0,0.0,102.0,102.0,102.0,0.0,3021.148036,41.38558954,48326.0,0.0,48326.0,48326.0,0.0,0.0,0.0,0.0,0.0,0.0,0.0,0.0,0.0,0.0,0.0,0.0,0.0,0.0,32.0,20.0,20.69279477,20.69279477,44.0,102.0,63.33333333,33.48631561,1121.333333,0.0,0.0,0.0,0.0,0.0,0.0,0.0,0.0,1.0,95.0,44.0,102.0,32.0,0.0,0.0,0.0,0.0,0.0,0.0,1.0,44.0,1.0,102.0,-1.0,-1.0,0.0,32.0,0.0,0.0,0.0,0.0,0.0,0.0,0.0,0.0,BENIGN
53.0,62867219.0,2.0,2.0,111.0,278.0,59.0,52.0,55.5,4.949747468,154.0,124.0,139.0,21.21320344,6.18764447,0.063626164,21000000.0,36100000.0,62600000.0,48010.0,62800000.0,62800000.0,0.0,62800000.0,62800000.0,62700000.0,62700000.0,0.0,62700000.0,62700000.0,0.0,0.0,0.0,0.0,40.0,52.0,0.031813082,0.031813082,52.0,154.0,88.2,47.6571086,2271.2,0.0,0.0,0.0,0.0,0.0,0.0,0.0,0.0,1.0,110.25,55.5,139.0,40.0,0.0,0.0,0.0,0.0,0.0,0.0,2.0,111.0,2.0,278.0,-1.0,-1.0,1.0,20.0,181135.0,0.0,181135.0,181135.0,62600000.0,0.0,62600000.0,62600000.0,BENIGN
53.0,566.0,1.0,1.0,55.0,71.0,55.0,55.0,55.0,0.0,71.0,71.0,71.0,0.0,222614.841,3533.568905,566.0,0.0,566.0,566.0,0.0,0.0,0.0,0.0,0.0,0.0,0.0,0.0,0.0,0.0,0.0,0.0,0.0,0.0,20.0,20.0,1766.784452,1766.784452,55.0,71.0,60.33333333,9.237604307,85.33333333,0.0,0.0,0.0,0.0,0.0,0.0,0.0,0.0,1.0,90.5,55.0,71.0,20.0,0.0,0.0,0.0,0.0,0.0,0.0,1.0,55.0,1.0,71.0,-1.0,-1.0,0.0,20.0,0.0,0.0,0.0,0.0,0.0,0.0,0.0,0.0,BENIGN
53.0,23461.0,1.0,1.0,47.0,91.0,47.0,47.0,47.0,0.0,91.0,91.0,91.0,0.0,5882.102212,85.24785815,23461.0,0.0,23461.0,23461.0,0.0,0.0,0.0,0.0,0.0,0.0,0.0,0.0,0.0,0.0,0.0,0.0,0.0,0.0,20.0,20.0,42.62392907,42.62392907,47.0,91.0,61.66666667,25.40341184,645.3333333,0.0,0.0,0.0,0.0,0.0,0.0,0.0,0.0,1.0,92.5,47.0,91.0,20.0,0.0,0.0,0.0,0.0,0.0,0.0,1.0,47.0,1.0,91.0,-1.0,-1.0,0.0,20.0,0.0,0.0,0.0,0.0,0.0,0.0,0.0,0.0,BENIGN
53.0,279986.0,1.0,1.0,48.0,219.0,48.0,48.0,48.0,0.0,219.0,219.0,219.0,0.0,953.6191095,7.143214304,279986.0,0.0,279986.0,279986.0,0.0,0.0,0.0,0.0,0.0,0.0,0.0,0.0,0.0,0.0,0.0,0.0,0.0,0.0,32.0,20.0,3.571607152,3.571607152,48.0,219.0,105.0,98.72689603,9747.0,0.0,0.0,0.0,0.0,0.0,0.0,0.0,0.0,1.0,157.5,48.0,219.0,32.0,0.0,0.0,0.0,0.0,0.0,0.0,1.0,48.0,1.0,219.0,-1.0,-1.0,0.0,32.0,0.0,0.0,0.0,0.0,0.0,0.0,0.0,0.0,BENIGN
53.0,62233.0,1.0,1.0,58.0,138.0,58.0,58.0,58.0,0.0,138.0,138.0,138.0,0.0,3149.454469,32.13729051,62233.0,0.0,62233.0,62233.0,0.0,0.0,0.0,0.0,0.0,0.0,0.0,0.0,0.0,0.0,0.0,0.0,0.0,0.0,20.0,40.0,16.06864525,16.06864525,58.0,138.0,84.66666667,46.18802154,2133.333333,0.0,0.0,0.0,0.0,0.0,0.0,0.0,0.0,1.0,127.0,58.0,138.0,20.0,0.0,0.0,0.0,0.0,0.0,0.0,1.0,58.0,1.0,138.0,-1.0,-1.0,0.0,20.0,0.0,0.0,0.0,0.0,0.0,0.0,0.0,0.0,BENIGN
53.0,60122.0,1.0,1.0,55.0,111.0,55.0,55.0,55.0,0.0,111.0,111.0,111.0,0.0,2761.052527,33.26569309,60122.0,0.0,60122.0,60122.0,0.0,0.0,0.0,0.0,0.0,0.0,0.0,0.0,0.0,0.0,0.0,0.0,0.0,0.0,20.0,20.0,16.63284655,16.63284655,55.0,111.0,73.66666667,32.33161507,1045.333333,0.0,0.0,0.0,0.0,0.0,0.0,0.0,0.0,1.0,110.5,55.0,111.0,20.0,0.0,0.0,0.0,0.0,0.0,0.0,1.0,55.0,1.0,111.0,-1.0,-1.0,0.0,20.0,0.0,0.0,0.0,0.0,0.0,0.0,0.0,0.0,BENIGN
53.0,61215.0,1.0,1.0,58.0,139.0,58.0,58.0,58.0,0.0,139.0,139.0,139.0,0.0,3218.165482,32.67173078,61215.0,0.0,61215.0,61215.0,0.0,0.0,0.0,0.0,0.0,0.0,0.0,0.0,0.0,0.0,0.0,0.0,0.0,0.0,20.0,20.0,16.33586539,16.33586539,58.0,139.0,85.0,46.7653718,2187.0,0.0,0.0,0.0,0.0,0.0,0.0,0.0,0.0,1.0,127.5,58.0,139.0,20.0,0.0,0.0,0.0,0.0,0.0,0.0,1.0,58.0,1.0,139.0,-1.0,-1.0,0.0,20.0,0.0,0.0,0.0,0.0,0.0,0.0,0.0,0.0,BENIGN
53.0,58147679.0,2.0,2.0,93.0,283.0,49.0,44.0,46.5,3.535533906,152.0,131.0,141.5,14.8492424,6.466294209,0.068790364,19400000.0,33300000.0,57800000.0,23444.0,57800000.0,57800000.0,0.0,57800000.0,57800000.0,58100000.0,58100000.0,0.0,58100000.0,58100000.0,0.0,0.0,0.0,0.0,52.0,40.0,0.034395182,0.034395182,44.0,152.0,84.0,53.05186142,2814.5,0.0,0.0,0.0,0.0,0.0,0.0,0.0,0.0,1.0,105.0,46.5,141.5,52.0,0.0,0.0,0.0,0.0,0.0,0.0,2.0,93.0,2.0,283.0,-1.0,-1.0,1.0,20.0,23444.0,0.0,23444.0,23444.0,57800000.0,0.0,57800000.0,57800000.0,BENIGN
53.0,153357.0,1.0,1.0,42.0,213.0,42.0,42.0,42.0,0.0,213.0,213.0,213.0,0.0,1662.786831,13.04146534,153357.0,0.0,153357.0,153357.0,0.0,0.0,0.0,0.0,0.0,0.0,0.0,0.0,0.0,0.0,0.0,0.0,0.0,0.0,20.0,20.0,6.52073267,6.52073267,42.0,213.0,99.0,98.72689603,9747.0,0.0,0.0,0.0,0.0,0.0,0.0,0.0,0.0,1.0,148.5,42.0,213.0,20.0,0.0,0.0,0.0,0.0,0.0,0.0,1.0,42.0,1.0,213.0,-1.0,-1.0,0.0,20.0,0.0,0.0,0.0,0.0,0.0,0.0,0.0,0.0,BENIGN
53.0,168759.0,1.0,1.0,54.0,70.0,54.0,54.0,54.0,0.0,70.0,70.0,70.0,0.0,734.7756268,11.85121979,168759.0,0.0,168759.0,168759.0,0.0,0.0,0.0,0.0,0.0,0.0,0.0,0.0,0.0,0.0,0.0,0.0,0.0,0.0,20.0,20.0,5.925609893,5.925609893,54.0,70.0,59.33333333,9.237604307,85.33333333,0.0,0.0,0.0,0.0,0.0,0.0,0.0,0.0,1.0,89.0,54.0,70.0,20.0,0.0,0.0,0.0,0.0,0.0,0.0,1.0,54.0,1.0,70.0,-1.0,-1.0,0.0,20.0,0.0,0.0,0.0,0.0,0.0,0.0,0.0,0.0,BENIGN
53.0,9740076.0,2.0,2.0,100.0,197.0,58.0,42.0,50.0,11.3137085,139.0,58.0,98.5,57.27564928,30.49257521,0.410674414,3246692.0,5515382.871,9615286.0,48040.0,9692036.0,9692036.0,0.0,9692036.0,9692036.0,9663326.0,9663326.0,0.0,9663326.0,9663326.0,0.0,0.0,0.0,0.0,52.0,40.0,0.205337207,0.205337207,42.0,139.0,71.0,38.63935817,1493.0,0.0,0.0,0.0,0.0,0.0,0.0,0.0,0.0,1.0,88.75,50.0,98.5,52.0,0.0,0.0,0.0,0.0,0.0,0.0,2.0,100.0,2.0,197.0,-1.0,-1.0,1.0,20.0,76750.0,0.0,76750.0,76750.0,9615286.0,0.0,9615286.0,9615286.0,BENIGN
53.0,153871.0,1.0,1.0,45.0,216.0,45.0,45.0,45.0,0.0,216.0,216.0,216.0,0.0,1696.226059,12.99790084,153871.0,0.0,153871.0,153871.0,0.0,0.0,0.0,0.0,0.0,0.0,0.0,0.0,0.0,0.0,0.0,0.0,0.0,0.0,20.0,32.0,6.49895042,6.49895042,45.0,216.0,102.0,98.72689603,9747.0,0.0,0.0,0.0,0.0,0.0,0.0,0.0,0.0,1.0,153.0,45.0,216.0,20.0,0.0,0.0,0.0,0.0,0.0,0.0,1.0,45.0,1.0,216.0,-1.0,-1.0,0.0,20.0,0.0,0.0,0.0,0.0,0.0,0.0,0.0,0.0,BENIGN
53.0,46556.0,1.0,1.0,46.0,102.0,46.0,46.0,46.0,0.0,102.0,102.0,102.0,0.0,3178.967265,42.9590171,46556.0,0.0,46556.0,46556.0,0.0,0.0,0.0,0.0,0.0,0.0,0.0,0.0,0.0,0.0,0.0,0.0,0.0,0.0,20.0,32.0,21.47950855,21.47950855,46.0,102.0,64.66666667,32.33161507,1045.333333,0.0,0.0,0.0,0.0,0.0,0.0,0.0,0.0,1.0,97.0,46.0,102.0,20.0,0.0,0.0,0.0,0.0,0.0,0.0,1.0,46.0,1.0,102.0,-1.0,-1.0,0.0,20.0,0.0,0.0,0.0,0.0,0.0,0.0,0.0,0.0,BENIGN
53.0,60516.0,1.0,1.0,44.0,92.0,44.0,44.0,44.0,0.0,92.0,92.0,92.0,0.0,2247.339547,33.04911098,60516.0,0.0,60516.0,60516.0,0.0,0.0,0.0,0.0,0.0,0.0,0.0,0.0,0.0,0.0,0.0,0.0,0.0,0.0,20.0,32.0,16.52455549,16.52455549,44.0,92.0,60.0,27.71281292,768.0,0.0,0.0,0.0,0.0,0.0,0.0,0.0,0.0,1.0,90.0,44.0,92.0,20.0,0.0,0.0,0.0,0.0,0.0,0.0,1.0,44.0,1.0,92.0,-1.0,-1.0,0.0,20.0,0.0,0.0,0.0,0.0,0.0,0.0,0.0,0.0,BENIGN
53.0,76755.0,1.0,1.0,58.0,139.0,58.0,58.0,58.0,0.0,139.0,139.0,139.0,0.0,2566.608039,26.0569344,76755.0,0.0,76755.0,76755.0,0.0,0.0,0.0,0.0,0.0,0.0,0.0,0.0,0.0,0.0,0.0,0.0,0.0,0.0,32.0,20.0,13.0284672,13.0284672,58.0,139.0,85.0,46.7653718,2187.0,0.0,0.0,0.0,0.0,0.0,0.0,0.0,0.0,1.0,127.5,58.0,139.0,32.0,0.0,0.0,0.0,0.0,0.0,0.0,1.0,58.0,1.0,139.0,-1.0,-1.0,0.0,32.0,0.0,0.0,0.0,0.0,0.0,0.0,0.0,0.0,BENIGN
53.0,48835.0,1.0,1.0,54.0,110.0,54.0,54.0,54.0,0.0,110.0,110.0,110.0,0.0,3358.247159,40.95423364,48835.0,0.0,48835.0,48835.0,0.0,0.0,0.0,0.0,0.0,0.0,0.0,0.0,0.0,0.0,0.0,0.0,0.0,0.0,20.0,20.0,20.47711682,20.47711682,54.0,110.0,72.66666667,32.33161507,1045.333333,0.0,0.0,0.0,0.0,0.0,0.0,0.0,0.0,1.0,109.0,54.0,110.0,20.0,0.0,0.0,0.0,0.0,0.0,0.0,1.0,54.0,1.0,110.0,-1.0,-1.0,0.0,20.0,0.0,0.0,0.0,0.0,0.0,0.0,0.0,0.0,BENIGN
53.0,405.0,1.0,1.0,55.0,111.0,55.0,55.0,55.0,0.0,111.0,111.0,111.0,0.0,409876.5432,4938.271605,405.0,0.0,405.0,405.0,0.0,0.0,0.0,0.0,0.0,0.0,0.0,0.0,0.0,0.0,0.0,0.0,0.0,0.0,32.0,32.0,2469.135802,2469.135802,55.0,111.0,73.66666667,32.33161507,1045.333333,0.0,0.0,0.0,0.0,0.0,0.0,0.0,0.0,1.0,110.5,55.0,111.0,32.0,0.0,0.0,0.0,0.0,0.0,0.0,1.0,55.0,1.0,111.0,-1.0,-1.0,0.0,32.0,0.0,0.0,0.0,0.0,0.0,0.0,0.0,0.0,BENIGN
53.0,491.0,1.0,1.0,64.0,117.0,64.0,64.0,64.0,0.0,117.0,117.0,117.0,0.0,368635.4379,4073.319756,491.0,0.0,491.0,491.0,0.0,0.0,0.0,0.0,0.0,0.0,0.0,0.0,0.0,0.0,0.0,0.0,0.0,0.0,32.0,32.0,2036.659878,2036.659878,64.0,117.0,81.66666667,30.59956427,936.3333333,0.0,0.0,0.0,0.0,0.0,0.0,0.0,0.0,1.0,122.5,64.0,117.0,32.0,0.0,0.0,0.0,0.0,0.0,0.0,1.0,64.0,1.0,117.0,-1.0,-1.0,0.0,32.0,0.0,0.0,0.0,0.0,0.0,0.0,0.0,0.0,BENIGN
53.0,109665.0,1.0,1.0,41.0,143.0,41.0,41.0,41.0,0.0,143.0,143.0,143.0,0.0,1677.837049,18.23735923,109665.0,0.0,109665.0,109665.0,0.0,0.0,0.0,0.0,0.0,0.0,0.0,0.0,0.0,0.0,0.0,0.0,0.0,0.0,32.0,40.0,9.118679615,9.118679615,41.0,143.0,75.0,58.88972746,3468.0,0.0,0.0,0.0,0.0,0.0,0.0,0.0,0.0,1.0,112.5,41.0,143.0,32.0,0.0,0.0,0.0,0.0,0.0,0.0,1.0,41.0,1.0,143.0,-1.0,-1.0,0.0,32.0,0.0,0.0,0.0,0.0,0.0,0.0,0.0,0.0,BENIGN
53.0,25309.0,1.0,1.0,54.0,121.0,54.0,54.0,54.0,0.0,121.0,121.0,121.0,0.0,6914.536331,79.02327235,25309.0,0.0,25309.0,25309.0,0.0,0.0,0.0,0.0,0.0,0.0,0.0,0.0,0.0,0.0,0.0,0.0,0.0,0.0,32.0,32.0,39.51163618,39.51163618,54.0,121.0,76.33333333,38.68246804,1496.333333,0.0,0.0,0.0,0.0,0.0,0.0,0.0,0.0,1.0,114.5,54.0,121.0,32.0,0.0,0.0,0.0,0.0,0.0,0.0,1.0,54.0,1.0,121.0,-1.0,-1.0,0.0,32.0,0.0,0.0,0.0,0.0,0.0,0.0,0.0,0.0,BENIGN
53.0,50906.0,1.0,1.0,55.0,83.0,55.0,55.0,55.0,0.0,83.0,83.0,83.0,0.0,2710.878875,39.28809963,50906.0,0.0,50906.0,50906.0,0.0,0.0,0.0,0.0,0.0,0.0,0.0,0.0,0.0,0.0,0.0,0.0,0.0,0.0,20.0,32.0,19.64404982,19.64404982,55.0,83.0,64.33333333,16.16580754,261.3333333,0.0,0.0,0.0,0.0,0.0,0.0,0.0,0.0,1.0,96.5,55.0,83.0,20.0,0.0,0.0,0.0,0.0,0.0,0.0,1.0,55.0,1.0,83.0,-1.0,-1.0,0.0,20.0,0.0,0.0,0.0,0.0,0.0,0.0,0.0,0.0,BENIGN
53.0,163477.0,1.0,1.0,43.0,108.0,43.0,43.0,43.0,0.0,108.0,108.0,108.0,0.0,923.6773369,12.23413691,163477.0,0.0,163477.0,163477.0,0.0,0.0,0.0,0.0,0.0,0.0,0.0,0.0,0.0,0.0,0.0,0.0,0.0,0.0,32.0,32.0,6.117068456,6.117068456,43.0,108.0,64.66666667,37.5277675,1408.333333,0.0,0.0,0.0,0.0,0.0,0.0,0.0,0.0,1.0,97.0,43.0,108.0,32.0,0.0,0.0,0.0,0.0,0.0,0.0,1.0,43.0,1.0,108.0,-1.0,-1.0,0.0,32.0,0.0,0.0,0.0,0.0,0.0,0.0,0.0,0.0,BENIGN
53.0,61496.0,1.0,1.0,50.0,66.0,50.0,50.0,50.0,0.0,66.0,66.0,66.0,0.0,1886.301548,32.52244048,61496.0,0.0,61496.0,61496.0,0.0,0.0,0.0,0.0,0.0,0.0,0.0,0.0,0.0,0.0,0.0,0.0,0.0,0.0,32.0,32.0,16.26122024,16.26122024,50.0,66.0,55.33333333,9.237604307,85.33333333,0.0,0.0,0.0,0.0,0.0,0.0,0.0,0.0,1.0,83.0,50.0,66.0,32.0,0.0,0.0,0.0,0.0,0.0,0.0,1.0,50.0,1.0,66.0,-1.0,-1.0,0.0,32.0,0.0,0.0,0.0,0.0,0.0,0.0,0.0,0.0,BENIGN
53.0,47682.0,1.0,1.0,43.0,59.0,43.0,43.0,43.0,0.0,59.0,59.0,59.0,0.0,2139.172015,41.94454931,47682.0,0.0,47682.0,47682.0,0.0,0.0,0.0,0.0,0.0,0.0,0.0,0.0,0.0,0.0,0.0,0.0,0.0,0.0,32.0,32.0,20.97227465,20.97227465,43.0,59.0,48.33333333,9.237604307,85.33333333,0.0,0.0,0.0,0.0,0.0,0.0,0.0,0.0,1.0,72.5,43.0,59.0,32.0,0.0,0.0,0.0,0.0,0.0,0.0,1.0,43.0,1.0,59.0,-1.0,-1.0,0.0,32.0,0.0,0.0,0.0,0.0,0.0,0.0,0.0,0.0,BENIGN
53.0,50483.0,1.0,1.0,56.0,72.0,56.0,56.0,56.0,0.0,72.0,72.0,72.0,0.0,2535.507002,39.61729691,50483.0,0.0,50483.0,50483.0,0.0,0.0,0.0,0.0,0.0,0.0,0.0,0.0,0.0,0.0,0.0,0.0,0.0,0.0,20.0,32.0,19.80864846,19.80864846,56.0,72.0,61.33333333,9.237604307,85.33333333,0.0,0.0,0.0,0.0,0.0,0.0,0.0,0.0,1.0,92.0,56.0,72.0,20.0,0.0,0.0,0.0,0.0,0.0,0.0,1.0,56.0,1.0,72.0,-1.0,-1.0,0.0,20.0,0.0,0.0,0.0,0.0,0.0,0.0,0.0,0.0,BENIGN
53.0,59986.0,1.0,1.0,52.0,80.0,52.0,52.0,52.0,0.0,80.0,80.0,80.0,0.0,2200.513453,33.34111293,59986.0,0.0,59986.0,59986.0,0.0,0.0,0.0,0.0,0.0,0.0,0.0,0.0,0.0,0.0,0.0,0.0,0.0,0.0,32.0,20.0,16.67055646,16.67055646,52.0,80.0,61.33333333,16.16580754,261.3333333,0.0,0.0,0.0,0.0,0.0,0.0,0.0,0.0,1.0,92.0,52.0,80.0,32.0,0.0,0.0,0.0,0.0,0.0,0.0,1.0,52.0,1.0,80.0,-1.0,-1.0,0.0,32.0,0.0,0.0,0.0,0.0,0.0,0.0,0.0,0.0,BENIGN
53.0,69489.0,1.0,1.0,54.0,155.0,54.0,54.0,54.0,0.0,155.0,155.0,155.0,0.0,3007.670279,28.78153377,69489.0,0.0,69489.0,69489.0,0.0,0.0,0.0,0.0,0.0,0.0,0.0,0.0,0.0,0.0,0.0,0.0,0.0,0.0,32.0,32.0,14.39076688,14.39076688,54.0,155.0,87.66666667,58.31237719,3400.333333,0.0,0.0,0.0,0.0,0.0,0.0,0.0,0.0,1.0,131.5,54.0,155.0,32.0,0.0,0.0,0.0,0.0,0.0,0.0,1.0,54.0,1.0,155.0,-1.0,-1.0,0.0,32.0,0.0,0.0,0.0,0.0,0.0,0.0,0.0,0.0,BENIGN
53.0,60216.0,1.0,1.0,50.0,78.0,50.0,50.0,50.0,0.0,78.0,78.0,78.0,0.0,2125.680882,33.21376378,60216.0,0.0,60216.0,60216.0,0.0,0.0,0.0,0.0,0.0,0.0,0.0,0.0,0.0,0.0,0.0,0.0,0.0,0.0,32.0,32.0,16.60688189,16.60688189,50.0,78.0,59.33333333,16.16580754,261.3333333,0.0,0.0,0.0,0.0,0.0,0.0,0.0,0.0,1.0,89.0,50.0,78.0,32.0,0.0,0.0,0.0,0.0,0.0,0.0,1.0,50.0,1.0,78.0,-1.0,-1.0,0.0,32.0,0.0,0.0,0.0,0.0,0.0,0.0,0.0,0.0,BENIGN
53.0,48175.0,1.0,1.0,82.0,166.0,82.0,82.0,82.0,0.0,166.0,166.0,166.0,0.0,5147.898287,41.51530877,48175.0,0.0,48175.0,48175.0,0.0,0.0,0.0,0.0,0.0,0.0,0.0,0.0,0.0,0.0,0.0,0.0,0.0,0.0,32.0,32.0,20.75765439,20.75765439,82.0,166.0,110.0,48.49742261,2352.0,0.0,0.0,0.0,0.0,0.0,0.0,0.0,0.0,1.0,165.0,82.0,166.0,32.0,0.0,0.0,0.0,0.0,0.0,0.0,1.0,82.0,1.0,166.0,-1.0,-1.0,0.0,32.0,0.0,0.0,0.0,0.0,0.0,0.0,0.0,0.0,BENIGN
53.0,48180.0,1.0,1.0,51.0,112.0,51.0,51.0,51.0,0.0,112.0,112.0,112.0,0.0,3383.146534,41.51100042,48180.0,0.0,48180.0,48180.0,0.0,0.0,0.0,0.0,0.0,0.0,0.0,0.0,0.0,0.0,0.0,0.0,0.0,0.0,32.0,32.0,20.75550021,20.75550021,51.0,112.0,71.33333333,35.21836642,1240.333333,0.0,0.0,0.0,0.0,0.0,0.0,0.0,0.0,1.0,107.0,51.0,112.0,32.0,0.0,0.0,0.0,0.0,0.0,0.0,1.0,51.0,1.0,112.0,-1.0,-1.0,0.0,32.0,0.0,0.0,0.0,0.0,0.0,0.0,0.0,0.0,BENIGN
53.0,61544.0,1.0,1.0,53.0,102.0,53.0,53.0,53.0,0.0,102.0,102.0,102.0,0.0,2518.523333,32.49707526,61544.0,0.0,61544.0,61544.0,0.0,0.0,0.0,0.0,0.0,0.0,0.0,0.0,0.0,0.0,0.0,0.0,0.0,0.0,20.0,20.0,16.24853763,16.24853763,53.0,102.0,69.33333333,28.29016319,800.3333333,0.0,0.0,0.0,0.0,0.0,0.0,0.0,0.0,1.0,104.0,53.0,102.0,20.0,0.0,0.0,0.0,0.0,0.0,0.0,1.0,53.0,1.0,102.0,-1.0,-1.0,0.0,20.0,0.0,0.0,0.0,0.0,0.0,0.0,0.0,0.0,BENIGN
53.0,58876.0,1.0,1.0,45.0,126.0,45.0,45.0,45.0,0.0,126.0,126.0,126.0,0.0,2904.409267,33.96969903,58876.0,0.0,58876.0,58876.0,0.0,0.0,0.0,0.0,0.0,0.0,0.0,0.0,0.0,0.0,0.0,0.0,0.0,0.0,20.0,20.0,16.98484951,16.98484951,45.0,126.0,72.0,46.7653718,2187.0,0.0,0.0,0.0,0.0,0.0,0.0,0.0,0.0,1.0,108.0,45.0,126.0,20.0,0.0,0.0,0.0,0.0,0.0,0.0,1.0,45.0,1.0,126.0,-1.0,-1.0,0.0,20.0,0.0,0.0,0.0,0.0,0.0,0.0,0.0,0.0,BENIGN
53.0,60270.0,1.0,1.0,48.0,111.0,48.0,48.0,48.0,0.0,111.0,111.0,111.0,0.0,2638.128422,33.18400531,60270.0,0.0,60270.0,60270.0,0.0,0.0,0.0,0.0,0.0,0.0,0.0,0.0,0.0,0.0,0.0,0.0,0.0,0.0,20.0,20.0,16.59200265,16.59200265,48.0,111.0,69.0,36.37306696,1323.0,0.0,0.0,0.0,0.0,0.0,0.0,0.0,0.0,1.0,103.5,48.0,111.0,20.0,0.0,0.0,0.0,0.0,0.0,0.0,1.0,48.0,1.0,111.0,-1.0,-1.0,0.0,20.0,0.0,0.0,0.0,0.0,0.0,0.0,0.0,0.0,BENIGN
53.0,60287.0,1.0,1.0,48.0,111.0,48.0,48.0,48.0,0.0,111.0,111.0,111.0,0.0,2637.384511,33.17464793,60287.0,0.0,60287.0,60287.0,0.0,0.0,0.0,0.0,0.0,0.0,0.0,0.0,0.0,0.0,0.0,0.0,0.0,0.0,20.0,20.0,16.58732397,16.58732397,48.0,111.0,69.0,36.37306696,1323.0,0.0,0.0,0.0,0.0,0.0,0.0,0.0,0.0,1.0,103.5,48.0,111.0,20.0,0.0,0.0,0.0,0.0,0.0,0.0,1.0,48.0,1.0,111.0,-1.0,-1.0,0.0,20.0,0.0,0.0,0.0,0.0,0.0,0.0,0.0,0.0,BENIGN
53.0,93196139.0,2.0,2.0,104.0,219.0,56.0,48.0,52.0,5.656854249,120.0,99.0,109.5,14.8492424,3.465808814,0.042920233,31100000.0,53700000.0,93100000.0,23524.0,93200000.0,93200000.0,0.0,93200000.0,93200000.0,93100000.0,93100000.0,0.0,93100000.0,93100000.0,0.0,0.0,0.0,0.0,52.0,52.0,0.021460116,0.021460116,48.0,120.0,74.2,33.22950496,1104.2,0.0,0.0,0.0,0.0,0.0,0.0,0.0,0.0,1.0,92.75,52.0,109.5,52.0,0.0,0.0,0.0,0.0,0.0,0.0,2.0,104.0,2.0,219.0,-1.0,-1.0,1.0,20.0,71252.0,0.0,71252.0,71252.0,93100000.0,0.0,93100000.0,93100000.0,BENIGN
53.0,23574.0,1.0,1.0,64.0,117.0,64.0,64.0,64.0,0.0,117.0,117.0,117.0,0.0,7677.950284,84.83922966,23574.0,0.0,23574.0,23574.0,0.0,0.0,0.0,0.0,0.0,0.0,0.0,0.0,0.0,0.0,0.0,0.0,0.0,0.0,20.0,20.0,42.41961483,42.41961483,64.0,117.0,81.66666667,30.59956427,936.3333333,0.0,0.0,0.0,0.0,0.0,0.0,0.0,0.0,1.0,122.5,64.0,117.0,20.0,0.0,0.0,0.0,0.0,0.0,0.0,1.0,64.0,1.0,117.0,-1.0,-1.0,0.0,20.0,0.0,0.0,0.0,0.0,0.0,0.0,0.0,0.0,BENIGN
53.0,23589.0,1.0,1.0,55.0,111.0,55.0,55.0,55.0,0.0,111.0,111.0,111.0,0.0,7037.178346,84.78528128,23589.0,0.0,23589.0,23589.0,0.0,0.0,0.0,0.0,0.0,0.0,0.0,0.0,0.0,0.0,0.0,0.0,0.0,0.0,20.0,20.0,42.39264064,42.39264064,55.0,111.0,73.66666667,32.33161507,1045.333333,0.0,0.0,0.0,0.0,0.0,0.0,0.0,0.0,1.0,110.5,55.0,111.0,20.0,0.0,0.0,0.0,0.0,0.0,0.0,1.0,55.0,1.0,111.0,-1.0,-1.0,0.0,20.0,0.0,0.0,0.0,0.0,0.0,0.0,0.0,0.0,BENIGN
53.0,23753.0,1.0,1.0,61.0,122.0,61.0,61.0,61.0,0.0,122.0,122.0,122.0,0.0,7704.289984,84.19989054,23753.0,0.0,23753.0,23753.0,0.0,0.0,0.0,0.0,0.0,0.0,0.0,0.0,0.0,0.0,0.0,0.0,0.0,0.0,20.0,20.0,42.09994527,42.09994527,61.0,122.0,81.33333333,35.21836642,1240.333333,0.0,0.0,0.0,0.0,0.0,0.0,0.0,0.0,1.0,122.0,61.0,122.0,20.0,0.0,0.0,0.0,0.0,0.0,0.0,1.0,61.0,1.0,122.0,-1.0,-1.0,0.0,20.0,0.0,0.0,0.0,0.0,0.0,0.0,0.0,0.0,BENIGN
53.0,182832.0,1.0,1.0,45.0,118.0,45.0,45.0,45.0,0.0,118.0,118.0,118.0,0.0,891.5288352,10.93900411,182832.0,0.0,182832.0,182832.0,0.0,0.0,0.0,0.0,0.0,0.0,0.0,0.0,0.0,0.0,0.0,0.0,0.0,0.0,20.0,20.0,5.469502057,5.469502057,45.0,118.0,69.33333333,42.14656965,1776.333333,0.0,0.0,0.0,0.0,0.0,0.0,0.0,0.0,1.0,104.0,45.0,118.0,20.0,0.0,0.0,0.0,0.0,0.0,0.0,1.0,45.0,1.0,118.0,-1.0,-1.0,0.0,20.0,0.0,0.0,0.0,0.0,0.0,0.0,0.0,0.0,BENIGN
53.0,23595.0,1.0,1.0,77.0,159.0,77.0,77.0,77.0,0.0,159.0,159.0,159.0,0.0,10002.11909,84.76372113,23595.0,0.0,23595.0,23595.0,0.0,0.0,0.0,0.0,0.0,0.0,0.0,0.0,0.0,0.0,0.0,0.0,0.0,0.0,20.0,20.0,42.38186056,42.38186056,77.0,159.0,104.3333333,47.34272207,2241.333333,0.0,0.0,0.0,0.0,0.0,0.0,0.0,0.0,1.0,156.5,77.0,159.0,20.0,0.0,0.0,0.0,0.0,0.0,0.0,1.0,77.0,1.0,159.0,-1.0,-1.0,0.0,20.0,0.0,0.0,0.0,0.0,0.0,0.0,0.0,0.0,BENIGN
53.0,24134.0,1.0,1.0,51.0,112.0,51.0,51.0,51.0,0.0,112.0,112.0,112.0,0.0,6753.957073,82.87063893,24134.0,0.0,24134.0,24134.0,0.0,0.0,0.0,0.0,0.0,0.0,0.0,0.0,0.0,0.0,0.0,0.0,0.0,0.0,32.0,20.0,41.43531947,41.43531947,51.0,112.0,71.33333333,35.21836642,1240.333333,0.0,0.0,0.0,0.0,0.0,0.0,0.0,0.0,1.0,107.0,51.0,112.0,32.0,0.0,0.0,0.0,0.0,0.0,0.0,1.0,51.0,1.0,112.0,-1.0,-1.0,0.0,32.0,0.0,0.0,0.0,0.0,0.0,0.0,0.0,0.0,BENIGN
53.0,23875.0,1.0,1.0,51.0,223.0,51.0,51.0,51.0,0.0,223.0,223.0,223.0,0.0,11476.43979,83.76963351,23875.0,0.0,23875.0,23875.0,0.0,0.0,0.0,0.0,0.0,0.0,0.0,0.0,0.0,0.0,0.0,0.0,0.0,0.0,32.0,20.0,41.88481675,41.88481675,51.0,223.0,108.3333333,99.3042463,9861.333333,0.0,0.0,0.0,0.0,0.0,0.0,0.0,0.0,1.0,162.5,51.0,223.0,32.0,0.0,0.0,0.0,0.0,0.0,0.0,1.0,51.0,1.0,223.0,-1.0,-1.0,0.0,32.0,0.0,0.0,0.0,0.0,0.0,0.0,0.0,0.0,BENIGN
53.0,46720.0,1.0,1.0,45.0,240.0,45.0,45.0,45.0,0.0,240.0,240.0,240.0,0.0,6100.171233,42.80821918,46720.0,0.0,46720.0,46720.0,0.0,0.0,0.0,0.0,0.0,0.0,0.0,0.0,0.0,0.0,0.0,0.0,0.0,0.0,32.0,32.0,21.40410959,21.40410959,45.0,240.0,110.0,112.5833025,12675.0,0.0,0.0,0.0,0.0,0.0,0.0,0.0,0.0,1.0,165.0,45.0,240.0,32.0,0.0,0.0,0.0,0.0,0.0,0.0,1.0,45.0,1.0,240.0,-1.0,-1.0,0.0,32.0,0.0,0.0,0.0,0.0,0.0,0.0,0.0,0.0,BENIGN
53.0,23194.0,1.0,1.0,45.0,123.0,45.0,45.0,45.0,0.0,123.0,123.0,123.0,0.0,7243.252565,86.22919721,23194.0,0.0,23194.0,23194.0,0.0,0.0,0.0,0.0,0.0,0.0,0.0,0.0,0.0,0.0,0.0,0.0,0.0,0.0,32.0,20.0,43.1145986,43.1145986,45.0,123.0,71.0,45.033321,2028.0,0.0,0.0,0.0,0.0,0.0,0.0,0.0,0.0,1.0,106.5,45.0,123.0,32.0,0.0,0.0,0.0,0.0,0.0,0.0,1.0,45.0,1.0,123.0,-1.0,-1.0,0.0,32.0,0.0,0.0,0.0,0.0,0.0,0.0,0.0,0.0,BENIGN
53.0,45669072.0,2.0,2.0,96.0,240.0,50.0,46.0,48.0,2.828427125,174.0,66.0,120.0,76.36753237,7.357276715,0.087586628,15200000.0,26200000.0,45400000.0,23704.0,45600000.0,45600000.0,0.0,45600000.0,45600000.0,45400000.0,45400000.0,0.0,45400000.0,45400000.0,0.0,0.0,0.0,0.0,72.0,52.0,0.043793314,0.043793314,46.0,174.0,77.2,54.65528337,2987.2,0.0,0.0,0.0,0.0,0.0,0.0,0.0,0.0,1.0,96.5,48.0,120.0,72.0,0.0,0.0,0.0,0.0,0.0,0.0,2.0,96.0,2.0,240.0,-1.0,-1.0,1.0,32.0,219348.0,0.0,219348.0,219348.0,45400000.0,0.0,45400000.0,45400000.0,BENIGN
53.0,23853.0,1.0,1.0,45.0,61.0,45.0,45.0,45.0,0.0,61.0,61.0,61.0,0.0,4443.885465,83.84689557,23853.0,0.0,23853.0,23853.0,0.0,0.0,0.0,0.0,0.0,0.0,0.0,0.0,0.0,0.0,0.0,0.0,0.0,0.0,40.0,32.0,41.92344778,41.92344778,45.0,61.0,50.33333333,9.237604307,85.33333333,0.0,0.0,0.0,0.0,0.0,0.0,0.0,0.0,1.0,75.5,45.0,61.0,40.0,0.0,0.0,0.0,0.0,0.0,0.0,1.0,45.0,1.0,61.0,-1.0,-1.0,0.0,40.0,0.0,0.0,0.0,0.0,0.0,0.0,0.0,0.0,BENIGN
53.0,75309.0,1.0,1.0,84.0,168.0,84.0,84.0,84.0,0.0,168.0,168.0,168.0,0.0,3346.2136,26.55725079,75309.0,0.0,75309.0,75309.0,0.0,0.0,0.0,0.0,0.0,0.0,0.0,0.0,0.0,0.0,0.0,0.0,0.0,0.0,32.0,32.0,13.2786254,13.2786254,84.0,168.0,112.0,48.49742261,2352.0,0.0,0.0,0.0,0.0,0.0,0.0,0.0,0.0,1.0,168.0,84.0,168.0,32.0,0.0,0.0,0.0,0.0,0.0,0.0,1.0,84.0,1.0,168.0,-1.0,-1.0,0.0,32.0,0.0,0.0,0.0,0.0,0.0,0.0,0.0,0.0,BENIGN
53.0,24108.0,1.0,1.0,45.0,109.0,45.0,45.0,45.0,0.0,109.0,109.0,109.0,0.0,6387.921022,82.96001327,24108.0,0.0,24108.0,24108.0,0.0,0.0,0.0,0.0,0.0,0.0,0.0,0.0,0.0,0.0,0.0,0.0,0.0,0.0,40.0,32.0,41.48000664,41.48000664,45.0,109.0,66.33333333,36.95041723,1365.333333,0.0,0.0,0.0,0.0,0.0,0.0,0.0,0.0,1.0,99.5,45.0,109.0,40.0,0.0,0.0,0.0,0.0,0.0,0.0,1.0,45.0,1.0,109.0,-1.0,-1.0,0.0,40.0,0.0,0.0,0.0,0.0,0.0,0.0,0.0,0.0,BENIGN
53.0,59827.0,1.0,1.0,56.0,84.0,56.0,56.0,56.0,0.0,84.0,84.0,84.0,0.0,2340.080566,33.42972237,59827.0,0.0,59827.0,59827.0,0.0,0.0,0.0,0.0,0.0,0.0,0.0,0.0,0.0,0.0,0.0,0.0,0.0,0.0,32.0,32.0,16.71486118,16.71486118,56.0,84.0,65.33333333,16.16580754,261.3333333,0.0,0.0,0.0,0.0,0.0,0.0,0.0,0.0,1.0,98.0,56.0,84.0,32.0,0.0,0.0,0.0,0.0,0.0,0.0,1.0,56.0,1.0,84.0,-1.0,-1.0,0.0,32.0,0.0,0.0,0.0,0.0,0.0,0.0,0.0,0.0,BENIGN
53.0,23981.0,1.0,1.0,56.0,72.0,56.0,56.0,56.0,0.0,72.0,72.0,72.0,0.0,5337.558901,83.39935782,23981.0,0.0,23981.0,23981.0,0.0,0.0,0.0,0.0,0.0,0.0,0.0,0.0,0.0,0.0,0.0,0.0,0.0,0.0,32.0,20.0,41.69967891,41.69967891,56.0,72.0,61.33333333,9.237604307,85.33333333,0.0,0.0,0.0,0.0,0.0,0.0,0.0,0.0,1.0,92.0,56.0,72.0,32.0,0.0,0.0,0.0,0.0,0.0,0.0,1.0,56.0,1.0,72.0,-1.0,-1.0,0.0,32.0,0.0,0.0,0.0,0.0,0.0,0.0,0.0,0.0,BENIGN
53.0,679.0,1.0,1.0,50.0,115.0,50.0,50.0,50.0,0.0,115.0,115.0,115.0,0.0,243004.4183,2945.5081,679.0,0.0,679.0,679.0,0.0,0.0,0.0,0.0,0.0,0.0,0.0,0.0,0.0,0.0,0.0,0.0,0.0,0.0,20.0,20.0,1472.75405,1472.75405,50.0,115.0,71.66666667,37.5277675,1408.333333,0.0,0.0,0.0,0.0,0.0,0.0,0.0,0.0,1.0,107.5,50.0,115.0,20.0,0.0,0.0,0.0,0.0,0.0,0.0,1.0,50.0,1.0,115.0,-1.0,-1.0,0.0,20.0,0.0,0.0,0.0,0.0,0.0,0.0,0.0,0.0,BENIGN
53.0,23183.0,1.0,1.0,46.0,124.0,46.0,46.0,46.0,0.0,124.0,124.0,124.0,0.0,7332.959496,86.27011172,23183.0,0.0,23183.0,23183.0,0.0,0.0,0.0,0.0,0.0,0.0,0.0,0.0,0.0,0.0,0.0,0.0,0.0,0.0,20.0,32.0,43.13505586,43.13505586,46.0,124.0,72.0,45.033321,2028.0,0.0,0.0,0.0,0.0,0.0,0.0,0.0,0.0,1.0,108.0,46.0,124.0,20.0,0.0,0.0,0.0,0.0,0.0,0.0,1.0,46.0,1.0,124.0,-1.0,-1.0,0.0,20.0,0.0,0.0,0.0,0.0,0.0,0.0,0.0,0.0,BENIGN
53.0,49577793.0,2.0,2.0,104.0,176.0,53.0,51.0,52.0,1.414213562,109.0,67.0,88.0,29.69848481,5.647689884,0.080681284,16500000.0,28500000.0,49500000.0,59911.0,49500000.0,49500000.0,0.0,49500000.0,49500000.0,49500000.0,49500000.0,0.0,49500000.0,49500000.0,0.0,0.0,0.0,0.0,80.0,64.0,0.040340642,0.040340642,51.0,109.0,66.2,24.84351022,617.2,0.0,0.0,0.0,0.0,0.0,0.0,0.0,0.0,1.0,82.75,52.0,88.0,80.0,0.0,0.0,0.0,0.0,0.0,0.0,2.0,104.0,2.0,176.0,-1.0,-1.0,1.0,40.0,61007.0,0.0,61007.0,61007.0,49500000.0,0.0,49500000.0,49500000.0,BENIGN
53.0,46296.0,1.0,1.0,46.0,233.0,46.0,46.0,46.0,0.0,233.0,233.0,233.0,0.0,6026.438569,43.20027648,46296.0,0.0,46296.0,46296.0,0.0,0.0,0.0,0.0,0.0,0.0,0.0,0.0,0.0,0.0,0.0,0.0,0.0,0.0,32.0,32.0,21.60013824,21.60013824,46.0,233.0,108.3333333,107.9645003,11656.33333,0.0,0.0,0.0,0.0,0.0,0.0,0.0,0.0,1.0,162.5,46.0,233.0,32.0,0.0,0.0,0.0,0.0,0.0,0.0,1.0,46.0,1.0,233.0,-1.0,-1.0,0.0,32.0,0.0,0.0,0.0,0.0,0.0,0.0,0.0,0.0,BENIGN
53.0,59612.0,1.0,1.0,46.0,142.0,46.0,46.0,46.0,0.0,142.0,142.0,142.0,0.0,3153.727437,33.55029189,59612.0,0.0,59612.0,59612.0,0.0,0.0,0.0,0.0,0.0,0.0,0.0,0.0,0.0,0.0,0.0,0.0,0.0,0.0,32.0,32.0,16.77514594,16.77514594,46.0,142.0,78.0,55.42562584,3072.0,0.0,0.0,0.0,0.0,0.0,0.0,0.0,0.0,1.0,117.0,46.0,142.0,32.0,0.0,0.0,0.0,0.0,0.0,0.0,1.0,46.0,1.0,142.0,-1.0,-1.0,0.0,32.0,0.0,0.0,0.0,0.0,0.0,0.0,0.0,0.0,BENIGN
53.0,23502.0,1.0,1.0,52.0,68.0,52.0,52.0,52.0,0.0,68.0,68.0,68.0,0.0,5105.94843,85.0991405,23502.0,0.0,23502.0,23502.0,0.0,0.0,0.0,0.0,0.0,0.0,0.0,0.0,0.0,0.0,0.0,0.0,0.0,0.0,32.0,32.0,42.54957025,42.54957025,52.0,68.0,57.33333333,9.237604307,85.33333333,0.0,0.0,0.0,0.0,0.0,0.0,0.0,0.0,1.0,86.0,52.0,68.0,32.0,0.0,0.0,0.0,0.0,0.0,0.0,1.0,52.0,1.0,68.0,-1.0,-1.0,0.0,32.0,0.0,0.0,0.0,0.0,0.0,0.0,0.0,0.0,BENIGN
53.0,49306.0,1.0,1.0,50.0,91.0,50.0,50.0,50.0,0.0,91.0,91.0,91.0,0.0,2859.692532,40.56301464,49306.0,0.0,49306.0,49306.0,0.0,0.0,0.0,0.0,0.0,0.0,0.0,0.0,0.0,0.0,0.0,0.0,0.0,0.0,20.0,20.0,20.28150732,20.28150732,50.0,91.0,63.66666667,23.67136104,560.3333333,0.0,0.0,0.0,0.0,0.0,0.0,0.0,0.0,1.0,95.5,50.0,91.0,20.0,0.0,0.0,0.0,0.0,0.0,0.0,1.0,50.0,1.0,91.0,-1.0,-1.0,0.0,20.0,0.0,0.0,0.0,0.0,0.0,0.0,0.0,0.0,BENIGN
53.0,47466.0,1.0,1.0,46.0,130.0,46.0,46.0,46.0,0.0,130.0,130.0,130.0,0.0,3707.917246,42.13542325,47466.0,0.0,47466.0,47466.0,0.0,0.0,0.0,0.0,0.0,0.0,0.0,0.0,0.0,0.0,0.0,0.0,0.0,0.0,20.0,32.0,21.06771163,21.06771163,46.0,130.0,74.0,48.49742261,2352.0,0.0,0.0,0.0,0.0,0.0,0.0,0.0,0.0,1.0,111.0,46.0,130.0,20.0,0.0,0.0,0.0,0.0,0.0,0.0,1.0,46.0,1.0,130.0,-1.0,-1.0,0.0,20.0,0.0,0.0,0.0,0.0,0.0,0.0,0.0,0.0,BENIGN
53.0,23365.0,1.0,1.0,39.0,117.0,39.0,39.0,39.0,0.0,117.0,117.0,117.0,0.0,6676.653114,85.59811684,23365.0,0.0,23365.0,23365.0,0.0,0.0,0.0,0.0,0.0,0.0,0.0,0.0,0.0,0.0,0.0,0.0,0.0,0.0,20.0,20.0,42.79905842,42.79905842,39.0,117.0,65.0,45.033321,2028.0,0.0,0.0,0.0,0.0,0.0,0.0,0.0,0.0,1.0,97.5,39.0,117.0,20.0,0.0,0.0,0.0,0.0,0.0,0.0,1.0,39.0,1.0,117.0,-1.0,-1.0,0.0,20.0,0.0,0.0,0.0,0.0,0.0,0.0,0.0,0.0,BENIGN
53.0,23184.0,1.0,1.0,52.0,117.0,52.0,52.0,52.0,0.0,117.0,117.0,117.0,0.0,7289.510007,86.26639061,23184.0,0.0,23184.0,23184.0,0.0,0.0,0.0,0.0,0.0,0.0,0.0,0.0,0.0,0.0,0.0,0.0,0.0,0.0,32.0,20.0,43.13319531,43.13319531,52.0,117.0,73.66666667,37.5277675,1408.333333,0.0,0.0,0.0,0.0,0.0,0.0,0.0,0.0,1.0,110.5,52.0,117.0,32.0,0.0,0.0,0.0,0.0,0.0,0.0,1.0,52.0,1.0,117.0,-1.0,-1.0,0.0,32.0,0.0,0.0,0.0,0.0,0.0,0.0,0.0,0.0,BENIGN
53.0,47593.0,1.0,1.0,46.0,94.0,46.0,46.0,46.0,0.0,94.0,94.0,94.0,0.0,2941.60906,42.02298657,47593.0,0.0,47593.0,47593.0,0.0,0.0,0.0,0.0,0.0,0.0,0.0,0.0,0.0,0.0,0.0,0.0,0.0,0.0,20.0,20.0,21.01149329,21.01149329,46.0,94.0,62.0,27.71281292,768.0,0.0,0.0,0.0,0.0,0.0,0.0,0.0,0.0,1.0,93.0,46.0,94.0,20.0,0.0,0.0,0.0,0.0,0.0,0.0,1.0,46.0,1.0,94.0,-1.0,-1.0,0.0,20.0,0.0,0.0,0.0,0.0,0.0,0.0,0.0,0.0,BENIGN
53.0,100696.0,1.0,1.0,56.0,174.0,56.0,56.0,56.0,0.0,174.0,174.0,174.0,0.0,2284.102646,19.86176214,100696.0,0.0,100696.0,100696.0,0.0,0.0,0.0,0.0,0.0,0.0,0.0,0.0,0.0,0.0,0.0,0.0,0.0,0.0,20.0,32.0,9.930881068,9.930881068,56.0,174.0,95.33333333,68.12733176,4641.333333,0.0,0.0,0.0,0.0,0.0,0.0,0.0,0.0,1.0,143.0,56.0,174.0,20.0,0.0,0.0,0.0,0.0,0.0,0.0,1.0,56.0,1.0,174.0,-1.0,-1.0,0.0,20.0,0.0,0.0,0.0,0.0,0.0,0.0,0.0,0.0,BENIGN
53.0,23539.0,1.0,1.0,39.0,167.0,39.0,39.0,39.0,0.0,167.0,167.0,167.0,0.0,8751.433791,84.96537661,23539.0,0.0,23539.0,23539.0,0.0,0.0,0.0,0.0,0.0,0.0,0.0,0.0,0.0,0.0,0.0,0.0,0.0,0.0,20.0,32.0,42.4826883,42.4826883,39.0,167.0,81.66666667,73.90083446,5461.333333,0.0,0.0,0.0,0.0,0.0,0.0,0.0,0.0,1.0,122.5,39.0,167.0,20.0,0.0,0.0,0.0,0.0,0.0,0.0,1.0,39.0,1.0,167.0,-1.0,-1.0,0.0,20.0,0.0,0.0,0.0,0.0,0.0,0.0,0.0,0.0,BENIGN
53.0,80761879.0,2.0,2.0,111.0,195.0,62.0,49.0,55.5,9.192388155,105.0,90.0,97.5,10.60660172,3.788916303,0.049528318,26900000.0,46500000.0,80700000.0,50168.0,80700000.0,80700000.0,0.0,80700000.0,80700000.0,80700000.0,80700000.0,0.0,80700000.0,80700000.0,0.0,0.0,0.0,0.0,52.0,52.0,0.024764159,0.024764159,49.0,105.0,71.0,25.32785028,641.5,0.0,0.0,0.0,0.0,0.0,0.0,0.0,0.0,1.0,88.75,55.5,97.5,52.0,0.0,0.0,0.0,0.0,0.0,0.0,2.0,111.0,2.0,195.0,-1.0,-1.0,1.0,20.0,59412.0,0.0,59412.0,59412.0,80700000.0,0.0,80700000.0,80700000.0,BENIGN
53.0,46633606.0,2.0,2.0,101.0,203.0,59.0,42.0,50.5,12.02081528,128.0,75.0,101.5,37.4766594,6.518903985,0.085775052,15500000.0,26800000.0,46500000.0,46331.0,46600000.0,46600000.0,0.0,46600000.0,46600000.0,46600000.0,46600000.0,0.0,46600000.0,46600000.0,0.0,0.0,0.0,0.0,64.0,52.0,0.042887526,0.042887526,42.0,128.0,69.2,35.61881525,1268.7,0.0,0.0,0.0,0.0,0.0,0.0,0.0,0.0,1.0,86.5,50.5,101.5,64.0,0.0,0.0,0.0,0.0,0.0,0.0,2.0,101.0,2.0,203.0,-1.0,-1.0,1.0,32.0,46331.0,0.0,46331.0,46331.0,46500000.0,0.0,46500000.0,46500000.0,BENIGN
53.0,23484.0,1.0,1.0,52.0,68.0,52.0,52.0,52.0,0.0,68.0,68.0,68.0,0.0,5109.862034,85.16436723,23484.0,0.0,23484.0,23484.0,0.0,0.0,0.0,0.0,0.0,0.0,0.0,0.0,0.0,0.0,0.0,0.0,0.0,0.0,32.0,32.0,42.58218361,42.58218361,52.0,68.0,57.33333333,9.237604307,85.33333333,0.0,0.0,0.0,0.0,0.0,0.0,0.0,0.0,1.0,86.0,52.0,68.0,32.0,0.0,0.0,0.0,0.0,0.0,0.0,1.0,52.0,1.0,68.0,-1.0,-1.0,0.0,32.0,0.0,0.0,0.0,0.0,0.0,0.0,0.0,0.0,BENIGN
53.0,88178949.0,2.0,2.0,105.0,279.0,62.0,43.0,52.5,13.43502884,167.0,112.0,139.5,38.89087297,4.354780867,0.045362301,29400000.0,50800000.0,88100000.0,23411.0,88100000.0,88100000.0,0.0,88100000.0,88100000.0,88200000.0,88200000.0,0.0,88200000.0,88200000.0,0.0,0.0,0.0,0.0,64.0,52.0,0.02268115,0.02268115,43.0,167.0,89.2,50.46483924,2546.7,0.0,0.0,0.0,0.0,0.0,0.0,0.0,0.0,1.0,111.5,52.5,139.5,64.0,0.0,0.0,0.0,0.0,0.0,0.0,2.0,105.0,2.0,279.0,-1.0,-1.0,1.0,32.0,23411.0,0.0,23411.0,23411.0,88100000.0,0.0,88100000.0,88100000.0,BENIGN
53.0,69202.0,1.0,1.0,47.0,143.0,47.0,47.0,47.0,0.0,143.0,143.0,143.0,0.0,2745.585388,28.90089882,69202.0,0.0,69202.0,69202.0,0.0,0.0,0.0,0.0,0.0,0.0,0.0,0.0,0.0,0.0,0.0,0.0,0.0,0.0,20.0,20.0,14.45044941,14.45044941,47.0,143.0,79.0,55.42562584,3072.0,0.0,0.0,0.0,0.0,0.0,0.0,0.0,0.0,1.0,118.5,47.0,143.0,20.0,0.0,0.0,0.0,0.0,0.0,0.0,1.0,47.0,1.0,143.0,-1.0,-1.0,0.0,20.0,0.0,0.0,0.0,0.0,0.0,0.0,0.0,0.0,BENIGN
53.0,68994.0,1.0,1.0,56.0,164.0,56.0,56.0,56.0,0.0,164.0,164.0,164.0,0.0,3188.683074,28.98802794,68994.0,0.0,68994.0,68994.0,0.0,0.0,0.0,0.0,0.0,0.0,0.0,0.0,0.0,0.0,0.0,0.0,0.0,0.0,20.0,20.0,14.49401397,14.49401397,56.0,164.0,92.0,62.35382907,3888.0,0.0,0.0,0.0,0.0,0.0,0.0,0.0,0.0,1.0,138.0,56.0,164.0,20.0,0.0,0.0,0.0,0.0,0.0,0.0,1.0,56.0,1.0,164.0,-1.0,-1.0,0.0,20.0,0.0,0.0,0.0,0.0,0.0,0.0,0.0,0.0,BENIGN
53.0,58985.0,1.0,1.0,49.0,106.0,49.0,49.0,49.0,0.0,106.0,106.0,106.0,0.0,2627.786725,33.90692549,58985.0,0.0,58985.0,58985.0,0.0,0.0,0.0,0.0,0.0,0.0,0.0,0.0,0.0,0.0,0.0,0.0,0.0,0.0,20.0,20.0,16.95346274,16.95346274,49.0,106.0,68.0,32.90896534,1083.0,0.0,0.0,0.0,0.0,0.0,0.0,0.0,0.0,1.0,102.0,49.0,106.0,20.0,0.0,0.0,0.0,0.0,0.0,0.0,1.0,49.0,1.0,106.0,-1.0,-1.0,0.0,20.0,0.0,0.0,0.0,0.0,0.0,0.0,0.0,0.0,BENIGN
53.0,11214353.0,2.0,2.0,95.0,334.0,55.0,40.0,47.5,10.60660172,183.0,151.0,167.0,22.627417,38.25454754,0.356685758,3738117.667,6211569.861,10900000.0,60784.0,11000000.0,11000000.0,0.0,11000000.0,11000000.0,11200000.0,11200000.0,0.0,11200000.0,11200000.0,0.0,0.0,0.0,0.0,60.0,52.0,0.178342879,0.178342879,40.0,183.0,96.8,65.36206851,4272.2,0.0,0.0,0.0,0.0,0.0,0.0,0.0,0.0,1.0,121.0,47.5,167.0,60.0,0.0,0.0,0.0,0.0,0.0,0.0,2.0,95.0,2.0,334.0,-1.0,-1.0,1.0,20.0,60784.0,0.0,60784.0,60784.0,10900000.0,0.0,10900000.0,10900000.0,BENIGN
53.0,61221.0,1.0,1.0,47.0,103.0,47.0,47.0,47.0,0.0,103.0,103.0,103.0,0.0,2450.139658,32.66852877,61221.0,0.0,61221.0,61221.0,0.0,0.0,0.0,0.0,0.0,0.0,0.0,0.0,0.0,0.0,0.0,0.0,0.0,0.0,20.0,20.0,16.33426439,16.33426439,47.0,103.0,65.66666667,32.33161507,1045.333333,0.0,0.0,0.0,0.0,0.0,0.0,0.0,0.0,1.0,98.5,47.0,103.0,20.0,0.0,0.0,0.0,0.0,0.0,0.0,1.0,47.0,1.0,103.0,-1.0,-1.0,0.0,20.0,0.0,0.0,0.0,0.0,0.0,0.0,0.0,0.0,BENIGN
53.0,59528.0,1.0,1.0,46.0,94.0,46.0,46.0,46.0,0.0,94.0,94.0,94.0,0.0,2351.834431,33.59763473,59528.0,0.0,59528.0,59528.0,0.0,0.0,0.0,0.0,0.0,0.0,0.0,0.0,0.0,0.0,0.0,0.0,0.0,0.0,20.0,20.0,16.79881736,16.79881736,46.0,94.0,62.0,27.71281292,768.0,0.0,0.0,0.0,0.0,0.0,0.0,0.0,0.0,1.0,93.0,46.0,94.0,20.0,0.0,0.0,0.0,0.0,0.0,0.0,1.0,46.0,1.0,94.0,-1.0,-1.0,0.0,20.0,0.0,0.0,0.0,0.0,0.0,0.0,0.0,0.0,BENIGN
53.0,60981.0,1.0,1.0,47.0,79.0,47.0,47.0,47.0,0.0,79.0,79.0,79.0,0.0,2066.217346,32.79710074,60981.0,0.0,60981.0,60981.0,0.0,0.0,0.0,0.0,0.0,0.0,0.0,0.0,0.0,0.0,0.0,0.0,0.0,0.0,20.0,20.0,16.39855037,16.39855037,47.0,79.0,57.66666667,18.47520861,341.3333333,0.0,0.0,0.0,0.0,0.0,0.0,0.0,0.0,1.0,86.5,47.0,79.0,20.0,0.0,0.0,0.0,0.0,0.0,0.0,1.0,47.0,1.0,79.0,-1.0,-1.0,0.0,20.0,0.0,0.0,0.0,0.0,0.0,0.0,0.0,0.0,BENIGN
53.0,45801809.0,2.0,2.0,161.0,371.0,81.0,80.0,80.5,0.707106781,209.0,162.0,185.5,33.23401872,11.61526175,0.087332795,15300000.0,26400000.0,45700000.0,23420.0,45800000.0,45800000.0,0.0,45800000.0,45800000.0,45800000.0,45800000.0,0.0,45800000.0,45800000.0,0.0,0.0,0.0,0.0,52.0,60.0,0.043666398,0.043666398,80.0,209.0,122.6,59.77708591,3573.3,0.0,0.0,0.0,0.0,0.0,0.0,0.0,0.0,1.0,153.25,80.5,185.5,52.0,0.0,0.0,0.0,0.0,0.0,0.0,2.0,161.0,2.0,371.0,-1.0,-1.0,1.0,20.0,23420.0,0.0,23420.0,23420.0,45700000.0,0.0,45700000.0,45700000.0,BENIGN
53.0,161240.0,1.0,1.0,51.0,111.0,51.0,51.0,51.0,0.0,111.0,111.0,111.0,0.0,1004.713471,12.40387001,161240.0,0.0,161240.0,161240.0,0.0,0.0,0.0,0.0,0.0,0.0,0.0,0.0,0.0,0.0,0.0,0.0,0.0,0.0,20.0,20.0,6.201935004,6.201935004,51.0,111.0,71.0,34.64101615,1200.0,0.0,0.0,0.0,0.0,0.0,0.0,0.0,0.0,1.0,106.5,51.0,111.0,20.0,0.0,0.0,0.0,0.0,0.0,0.0,1.0,51.0,1.0,111.0,-1.0,-1.0,0.0,20.0,0.0,0.0,0.0,0.0,0.0,0.0,0.0,0.0,BENIGN
53.0,23626.0,1.0,1.0,73.0,135.0,73.0,73.0,73.0,0.0,135.0,135.0,135.0,0.0,8803.860154,84.65250148,23626.0,0.0,23626.0,23626.0,0.0,0.0,0.0,0.0,0.0,0.0,0.0,0.0,0.0,0.0,0.0,0.0,0.0,0.0,20.0,20.0,42.32625074,42.32625074,73.0,135.0,93.66666667,35.79571669,1281.333333,0.0,0.0,0.0,0.0,0.0,0.0,0.0,0.0,1.0,140.5,73.0,135.0,20.0,0.0,0.0,0.0,0.0,0.0,0.0,1.0,73.0,1.0,135.0,-1.0,-1.0,0.0,20.0,0.0,0.0,0.0,0.0,0.0,0.0,0.0,0.0,BENIGN
53.0,46958.0,1.0,1.0,44.0,122.0,44.0,44.0,44.0,0.0,122.0,122.0,122.0,0.0,3535.073896,42.59125176,46958.0,0.0,46958.0,46958.0,0.0,0.0,0.0,0.0,0.0,0.0,0.0,0.0,0.0,0.0,0.0,0.0,0.0,0.0,40.0,32.0,21.29562588,21.29562588,44.0,122.0,70.0,45.033321,2028.0,0.0,0.0,0.0,0.0,0.0,0.0,0.0,0.0,1.0,105.0,44.0,122.0,40.0,0.0,0.0,0.0,0.0,0.0,0.0,1.0,44.0,1.0,122.0,-1.0,-1.0,0.0,40.0,0.0,0.0,0.0,0.0,0.0,0.0,0.0,0.0,BENIGN
53.0,100328.0,1.0,1.0,56.0,156.0,56.0,56.0,56.0,0.0,156.0,156.0,156.0,0.0,2113.069133,19.93461446,100328.0,0.0,100328.0,100328.0,0.0,0.0,0.0,0.0,0.0,0.0,0.0,0.0,0.0,0.0,0.0,0.0,0.0,0.0,20.0,20.0,9.967307232,9.967307232,56.0,156.0,89.33333333,57.73502692,3333.333333,0.0,0.0,0.0,0.0,0.0,0.0,0.0,0.0,1.0,134.0,56.0,156.0,20.0,0.0,0.0,0.0,0.0,0.0,0.0,1.0,56.0,1.0,156.0,-1.0,-1.0,0.0,20.0,0.0,0.0,0.0,0.0,0.0,0.0,0.0,0.0,BENIGN
53.0,386099.0,1.0,1.0,42.0,123.0,42.0,42.0,42.0,0.0,123.0,123.0,123.0,0.0,427.3515342,5.180018596,386099.0,0.0,386099.0,386099.0,0.0,0.0,0.0,0.0,0.0,0.0,0.0,0.0,0.0,0.0,0.0,0.0,0.0,0.0,20.0,32.0,2.590009298,2.590009298,42.0,123.0,69.0,46.7653718,2187.0,0.0,0.0,0.0,0.0,0.0,0.0,0.0,0.0,1.0,103.5,42.0,123.0,20.0,0.0,0.0,0.0,0.0,0.0,0.0,1.0,42.0,1.0,123.0,-1.0,-1.0,0.0,20.0,0.0,0.0,0.0,0.0,0.0,0.0,0.0,0.0,BENIGN
53.0,23346.0,1.0,1.0,81.0,209.0,81.0,81.0,81.0,0.0,209.0,209.0,209.0,0.0,12421.82815,85.66778035,23346.0,0.0,23346.0,23346.0,0.0,0.0,0.0,0.0,0.0,0.0,0.0,0.0,0.0,0.0,0.0,0.0,0.0,0.0,20.0,32.0,42.83389017,42.83389017,81.0,209.0,123.6666667,73.90083446,5461.333333,0.0,0.0,0.0,0.0,0.0,0.0,0.0,0.0,1.0,185.5,81.0,209.0,20.0,0.0,0.0,0.0,0.0,0.0,0.0,1.0,81.0,1.0,209.0,-1.0,-1.0,0.0,20.0,0.0,0.0,0.0,0.0,0.0,0.0,0.0,0.0,BENIGN
53.0,23348.0,1.0,1.0,44.0,60.0,44.0,44.0,44.0,0.0,60.0,60.0,60.0,0.0,4454.342984,85.66044201,23348.0,0.0,23348.0,23348.0,0.0,0.0,0.0,0.0,0.0,0.0,0.0,0.0,0.0,0.0,0.0,0.0,0.0,0.0,20.0,40.0,42.830221,42.830221,44.0,60.0,49.33333333,9.237604307,85.33333333,0.0,0.0,0.0,0.0,0.0,0.0,0.0,0.0,1.0,74.0,44.0,60.0,20.0,0.0,0.0,0.0,0.0,0.0,0.0,1.0,44.0,1.0,60.0,-1.0,-1.0,0.0,20.0,0.0,0.0,0.0,0.0,0.0,0.0,0.0,0.0,BENIGN
53.0,47946.0,1.0,1.0,81.0,163.0,81.0,81.0,81.0,0.0,163.0,163.0,163.0,0.0,5089.058524,41.71359446,47946.0,0.0,47946.0,47946.0,0.0,0.0,0.0,0.0,0.0,0.0,0.0,0.0,0.0,0.0,0.0,0.0,0.0,0.0,32.0,32.0,20.85679723,20.85679723,81.0,163.0,108.3333333,47.34272207,2241.333333,0.0,0.0,0.0,0.0,0.0,0.0,0.0,0.0,1.0,162.5,81.0,163.0,32.0,0.0,0.0,0.0,0.0,0.0,0.0,1.0,81.0,1.0,163.0,-1.0,-1.0,0.0,32.0,0.0,0.0,0.0,0.0,0.0,0.0,0.0,0.0,BENIGN
53.0,85018123.0,3.0,3.0,148.0,367.0,56.0,45.0,49.33333333,5.859465277,142.0,108.0,122.3333333,17.61628035,6.057531992,0.070573188,17000000.0,34200000.0,78100000.0,25281.0,85000000.0,42500000.0,51500000.0,78900000.0,6110104.0,84200000.0,42100000.0,51100000.0,78200000.0,6015055.0,0.0,0.0,0.0,0.0,84.0,60.0,0.035286594,0.035286594,45.0,142.0,80.0,41.05281152,1685.333333,0.0,0.0,0.0,0.0,0.0,0.0,0.0,0.0,1.0,93.33333333,49.33333333,122.3333333,84.0,0.0,0.0,0.0,0.0,0.0,0.0,3.0,148.0,3.0,367.0,-1.0,-1.0,2.0,20.0,447115.0,462143.779,773900.0,120330.0,42000000.0,51000000.0,78100000.0,5989774.0,BENIGN
53.0,23634.0,1.0,1.0,45.0,109.0,45.0,45.0,45.0,0.0,109.0,109.0,109.0,0.0,6516.036219,84.623847,23634.0,0.0,23634.0,23634.0,0.0,0.0,0.0,0.0,0.0,0.0,0.0,0.0,0.0,0.0,0.0,0.0,0.0,0.0,32.0,32.0,42.3119235,42.3119235,45.0,109.0,66.33333333,36.95041723,1365.333333,0.0,0.0,0.0,0.0,0.0,0.0,0.0,0.0,1.0,99.5,45.0,109.0,32.0,0.0,0.0,0.0,0.0,0.0,0.0,1.0,45.0,1.0,109.0,-1.0,-1.0,0.0,32.0,0.0,0.0,0.0,0.0,0.0,0.0,0.0,0.0,BENIGN
53.0,62151.0,1.0,1.0,58.0,124.0,58.0,58.0,58.0,0.0,124.0,124.0,124.0,0.0,2928.351917,32.1796914,62151.0,0.0,62151.0,62151.0,0.0,0.0,0.0,0.0,0.0,0.0,0.0,0.0,0.0,0.0,0.0,0.0,0.0,0.0,20.0,40.0,16.0898457,16.0898457,58.0,124.0,80.0,38.10511777,1452.0,0.0,0.0,0.0,0.0,0.0,0.0,0.0,0.0,1.0,120.0,58.0,124.0,20.0,0.0,0.0,0.0,0.0,0.0,0.0,1.0,58.0,1.0,124.0,-1.0,-1.0,0.0,20.0,0.0,0.0,0.0,0.0,0.0,0.0,0.0,0.0,BENIGN
53.0,50935855.0,2.0,2.0,98.0,243.0,56.0,42.0,49.0,9.899494937,122.0,121.0,121.5,0.707106781,6.694694729,0.078530143,17000000.0,29300000.0,50800000.0,23322.0,50800000.0,50800000.0,0.0,50800000.0,50800000.0,50900000.0,50900000.0,0.0,50900000.0,50900000.0,0.0,0.0,0.0,0.0,52.0,40.0,0.039265072,0.039265072,42.0,122.0,79.4,38.85614495,1509.8,0.0,0.0,0.0,0.0,0.0,0.0,0.0,0.0,1.0,99.25,49.0,121.5,52.0,0.0,0.0,0.0,0.0,0.0,0.0,2.0,98.0,2.0,243.0,-1.0,-1.0,1.0,20.0,23322.0,0.0,23322.0,23322.0,50800000.0,0.0,50800000.0,50800000.0,BENIGN
53.0,49115742.0,2.0,2.0,92.0,153.0,47.0,45.0,46.0,1.414213562,90.0,63.0,76.5,19.09188309,4.988217423,0.081440284,16400000.0,28300000.0,49100000.0,1192.0,49100000.0,49100000.0,0.0,49100000.0,49100000.0,49100000.0,49100000.0,0.0,49100000.0,49100000.0,0.0,0.0,0.0,0.0,40.0,40.0,0.040720142,0.040720142,45.0,90.0,58.0,19.41648784,377.0,0.0,0.0,0.0,0.0,0.0,0.0,0.0,0.0,1.0,72.5,46.0,76.5,40.0,0.0,0.0,0.0,0.0,0.0,0.0,2.0,92.0,2.0,153.0,-1.0,-1.0,1.0,20.0,1192.0,0.0,1192.0,1192.0,49100000.0,0.0,49100000.0,49100000.0,BENIGN
53.0,46745.0,1.0,1.0,45.0,356.0,45.0,45.0,45.0,0.0,356.0,356.0,356.0,0.0,8578.457589,42.78532463,46745.0,0.0,46745.0,46745.0,0.0,0.0,0.0,0.0,0.0,0.0,0.0,0.0,0.0,0.0,0.0,0.0,0.0,0.0,20.0,32.0,21.39266232,21.39266232,45.0,356.0,148.6666667,179.5559337,32240.33333,0.0,0.0,0.0,0.0,0.0,0.0,0.0,0.0,1.0,223.0,45.0,356.0,20.0,0.0,0.0,0.0,0.0,0.0,0.0,1.0,45.0,1.0,356.0,-1.0,-1.0,0.0,20.0,0.0,0.0,0.0,0.0,0.0,0.0,0.0,0.0,BENIGN
53.0,71242.0,1.0,1.0,54.0,113.0,54.0,54.0,54.0,0.0,113.0,113.0,113.0,0.0,2344.122849,28.07332753,71242.0,0.0,71242.0,71242.0,0.0,0.0,0.0,0.0,0.0,0.0,0.0,0.0,0.0,0.0,0.0,0.0,0.0,0.0,20.0,20.0,14.03666377,14.03666377,54.0,113.0,73.66666667,34.06366588,1160.333333,0.0,0.0,0.0,0.0,0.0,0.0,0.0,0.0,1.0,110.5,54.0,113.0,20.0,0.0,0.0,0.0,0.0,0.0,0.0,1.0,54.0,1.0,113.0,-1.0,-1.0,0.0,20.0,0.0,0.0,0.0,0.0,0.0,0.0,0.0,0.0,BENIGN
53.0,51677.0,1.0,1.0,44.0,204.0,44.0,44.0,44.0,0.0,204.0,204.0,204.0,0.0,4799.040192,38.70193703,51677.0,0.0,51677.0,51677.0,0.0,0.0,0.0,0.0,0.0,0.0,0.0,0.0,0.0,0.0,0.0,0.0,0.0,0.0,20.0,32.0,19.35096852,19.35096852,44.0,204.0,97.33333333,92.37604307,8533.333333,0.0,0.0,0.0,0.0,0.0,0.0,0.0,0.0,1.0,146.0,44.0,204.0,20.0,0.0,0.0,0.0,0.0,0.0,0.0,1.0,44.0,1.0,204.0,-1.0,-1.0,0.0,20.0,0.0,0.0,0.0,0.0,0.0,0.0,0.0,0.0,BENIGN
53.0,48246.0,1.0,1.0,44.0,92.0,44.0,44.0,44.0,0.0,92.0,92.0,92.0,0.0,2818.88654,41.45421382,48246.0,0.0,48246.0,48246.0,0.0,0.0,0.0,0.0,0.0,0.0,0.0,0.0,0.0,0.0,0.0,0.0,0.0,0.0,40.0,32.0,20.72710691,20.72710691,44.0,92.0,60.0,27.71281292,768.0,0.0,0.0,0.0,0.0,0.0,0.0,0.0,0.0,1.0,90.0,44.0,92.0,40.0,0.0,0.0,0.0,0.0,0.0,0.0,1.0,44.0,1.0,92.0,-1.0,-1.0,0.0,40.0,0.0,0.0,0.0,0.0,0.0,0.0,0.0,0.0,BENIGN
53.0,48060.0,1.0,1.0,41.0,128.0,41.0,41.0,41.0,0.0,128.0,128.0,128.0,0.0,3516.437786,41.61464836,48060.0,0.0,48060.0,48060.0,0.0,0.0,0.0,0.0,0.0,0.0,0.0,0.0,0.0,0.0,0.0,0.0,0.0,0.0,40.0,32.0,20.80732418,20.80732418,41.0,128.0,70.0,50.22947342,2523.0,0.0,0.0,0.0,0.0,0.0,0.0,0.0,0.0,1.0,105.0,41.0,128.0,40.0,0.0,0.0,0.0,0.0,0.0,0.0,1.0,41.0,1.0,128.0,-1.0,-1.0,0.0,40.0,0.0,0.0,0.0,0.0,0.0,0.0,0.0,0.0,BENIGN
53.0,108469.0,1.0,1.0,42.0,153.0,42.0,42.0,42.0,0.0,153.0,153.0,153.0,0.0,1797.748666,18.43844785,108469.0,0.0,108469.0,108469.0,0.0,0.0,0.0,0.0,0.0,0.0,0.0,0.0,0.0,0.0,0.0,0.0,0.0,0.0,40.0,20.0,9.219223926,9.219223926,42.0,153.0,79.0,64.08587988,4107.0,0.0,0.0,0.0,0.0,0.0,0.0,0.0,0.0,1.0,118.5,42.0,153.0,40.0,0.0,0.0,0.0,0.0,0.0,0.0,1.0,42.0,1.0,153.0,-1.0,-1.0,0.0,40.0,0.0,0.0,0.0,0.0,0.0,0.0,0.0,0.0,BENIGN
53.0,59807.0,1.0,1.0,44.0,112.0,44.0,44.0,44.0,0.0,112.0,112.0,112.0,0.0,2608.390322,33.44090157,59807.0,0.0,59807.0,59807.0,0.0,0.0,0.0,0.0,0.0,0.0,0.0,0.0,0.0,0.0,0.0,0.0,0.0,0.0,20.0,20.0,16.72045078,16.72045078,44.0,112.0,66.66666667,39.2598183,1541.333333,0.0,0.0,0.0,0.0,0.0,0.0,0.0,0.0,1.0,100.0,44.0,112.0,20.0,0.0,0.0,0.0,0.0,0.0,0.0,1.0,44.0,1.0,112.0,-1.0,-1.0,0.0,20.0,0.0,0.0,0.0,0.0,0.0,0.0,0.0,0.0,BENIGN
53.0,47846.0,1.0,1.0,44.0,131.0,44.0,44.0,44.0,0.0,131.0,131.0,131.0,0.0,3657.568031,41.80077749,47846.0,0.0,47846.0,47846.0,0.0,0.0,0.0,0.0,0.0,0.0,0.0,0.0,0.0,0.0,0.0,0.0,0.0,0.0,32.0,32.0,20.90038875,20.90038875,44.0,131.0,73.0,50.22947342,2523.0,0.0,0.0,0.0,0.0,0.0,0.0,0.0,0.0,1.0,109.5,44.0,131.0,32.0,0.0,0.0,0.0,0.0,0.0,0.0,1.0,44.0,1.0,131.0,-1.0,-1.0,0.0,32.0,0.0,0.0,0.0,0.0,0.0,0.0,0.0,0.0,BENIGN
53.0,34008655.0,2.0,2.0,86.0,215.0,43.0,43.0,43.0,0.0,156.0,59.0,107.5,68.58935778,8.850688156,0.117617118,11300000.0,19500000.0,33800000.0,50193.0,34000000.0,34000000.0,0.0,34000000.0,34000000.0,33900000.0,33900000.0,0.0,33900000.0,33900000.0,0.0,0.0,0.0,0.0,60.0,40.0,0.058808559,0.058808559,43.0,156.0,68.8,49.23616557,2424.2,0.0,0.0,0.0,0.0,0.0,0.0,0.0,0.0,1.0,86.0,43.0,107.5,60.0,0.0,0.0,0.0,0.0,0.0,0.0,2.0,86.0,2.0,215.0,-1.0,-1.0,1.0,20.0,109222.0,0.0,109222.0,109222.0,33800000.0,0.0,33800000.0,33800000.0,BENIGN
53.0,99267.0,1.0,1.0,44.0,86.0,44.0,44.0,44.0,0.0,86.0,86.0,86.0,0.0,1309.599363,20.14768251,99267.0,0.0,99267.0,99267.0,0.0,0.0,0.0,0.0,0.0,0.0,0.0,0.0,0.0,0.0,0.0,0.0,0.0,0.0,40.0,32.0,10.07384126,10.07384126,44.0,86.0,58.0,24.24871131,588.0,0.0,0.0,0.0,0.0,0.0,0.0,0.0,0.0,1.0,87.0,44.0,86.0,40.0,0.0,0.0,0.0,0.0,0.0,0.0,1.0,44.0,1.0,86.0,-1.0,-1.0,0.0,40.0,0.0,0.0,0.0,0.0,0.0,0.0,0.0,0.0,BENIGN
53.0,39665660.0,2.0,2.0,93.0,276.0,49.0,44.0,46.5,3.535533906,190.0,86.0,138.0,73.53910524,9.302757095,0.100842895,13200000.0,22800000.0,39500000.0,23794.0,39600000.0,39600000.0,0.0,39600000.0,39600000.0,39600000.0,39600000.0,0.0,39600000.0,39600000.0,0.0,0.0,0.0,0.0,80.0,64.0,0.050421448,0.050421448,44.0,190.0,82.6,62.56037084,3913.8,0.0,0.0,0.0,0.0,0.0,0.0,0.0,0.0,1.0,103.25,46.5,138.0,80.0,0.0,0.0,0.0,0.0,0.0,0.0,2.0,93.0,2.0,276.0,-1.0,-1.0,1.0,40.0,96430.0,0.0,96430.0,96430.0,39500000.0,0.0,39500000.0,39500000.0,BENIGN
53.0,82643.0,1.0,1.0,43.0,135.0,43.0,43.0,43.0,0.0,135.0,135.0,135.0,0.0,2153.842431,24.20047675,82643.0,0.0,82643.0,82643.0,0.0,0.0,0.0,0.0,0.0,0.0,0.0,0.0,0.0,0.0,0.0,0.0,0.0,0.0,20.0,32.0,12.10023837,12.10023837,43.0,135.0,73.66666667,53.11622477,2821.333333,0.0,0.0,0.0,0.0,0.0,0.0,0.0,0.0,1.0,110.5,43.0,135.0,20.0,0.0,0.0,0.0,0.0,0.0,0.0,1.0,43.0,1.0,135.0,-1.0,-1.0,0.0,20.0,0.0,0.0,0.0,0.0,0.0,0.0,0.0,0.0,BENIGN
53.0,48207.0,1.0,1.0,42.0,153.0,42.0,42.0,42.0,0.0,153.0,153.0,153.0,0.0,4045.055697,41.48775074,48207.0,0.0,48207.0,48207.0,0.0,0.0,0.0,0.0,0.0,0.0,0.0,0.0,0.0,0.0,0.0,0.0,0.0,0.0,20.0,20.0,20.74387537,20.74387537,42.0,153.0,79.0,64.08587988,4107.0,0.0,0.0,0.0,0.0,0.0,0.0,0.0,0.0,1.0,118.5,42.0,153.0,20.0,0.0,0.0,0.0,0.0,0.0,0.0,1.0,42.0,1.0,153.0,-1.0,-1.0,0.0,20.0,0.0,0.0,0.0,0.0,0.0,0.0,0.0,0.0,BENIGN
53.0,23536.0,1.0,1.0,52.0,113.0,52.0,52.0,52.0,0.0,113.0,113.0,113.0,0.0,7010.53705,84.97620666,23536.0,0.0,23536.0,23536.0,0.0,0.0,0.0,0.0,0.0,0.0,0.0,0.0,0.0,0.0,0.0,0.0,0.0,0.0,32.0,20.0,42.48810333,42.48810333,52.0,113.0,72.33333333,35.21836642,1240.333333,0.0,0.0,0.0,0.0,0.0,0.0,0.0,0.0,1.0,108.5,52.0,113.0,32.0,0.0,0.0,0.0,0.0,0.0,0.0,1.0,52.0,1.0,113.0,-1.0,-1.0,0.0,32.0,0.0,0.0,0.0,0.0,0.0,0.0,0.0,0.0,BENIGN
53.0,75249.0,1.0,1.0,55.0,111.0,55.0,55.0,55.0,0.0,111.0,111.0,111.0,0.0,2206.009382,26.57842629,75249.0,0.0,75249.0,75249.0,0.0,0.0,0.0,0.0,0.0,0.0,0.0,0.0,0.0,0.0,0.0,0.0,0.0,0.0,20.0,32.0,13.28921315,13.28921315,55.0,111.0,73.66666667,32.33161507,1045.333333,0.0,0.0,0.0,0.0,0.0,0.0,0.0,0.0,1.0,110.5,55.0,111.0,20.0,0.0,0.0,0.0,0.0,0.0,0.0,1.0,55.0,1.0,111.0,-1.0,-1.0,0.0,20.0,0.0,0.0,0.0,0.0,0.0,0.0,0.0,0.0,BENIGN
53.0,23540.0,1.0,1.0,55.0,71.0,55.0,55.0,55.0,0.0,71.0,71.0,71.0,0.0,5352.591334,84.9617672,23540.0,0.0,23540.0,23540.0,0.0,0.0,0.0,0.0,0.0,0.0,0.0,0.0,0.0,0.0,0.0,0.0,0.0,0.0,20.0,32.0,42.4808836,42.4808836,55.0,71.0,60.33333333,9.237604307,85.33333333,0.0,0.0,0.0,0.0,0.0,0.0,0.0,0.0,1.0,90.5,55.0,71.0,20.0,0.0,0.0,0.0,0.0,0.0,0.0,1.0,55.0,1.0,71.0,-1.0,-1.0,0.0,20.0,0.0,0.0,0.0,0.0,0.0,0.0,0.0,0.0,BENIGN
53.0,60892.0,1.0,1.0,54.0,70.0,54.0,54.0,54.0,0.0,70.0,70.0,70.0,0.0,2036.392301,32.84503711,60892.0,0.0,60892.0,60892.0,0.0,0.0,0.0,0.0,0.0,0.0,0.0,0.0,0.0,0.0,0.0,0.0,0.0,0.0,32.0,32.0,16.42251856,16.42251856,54.0,70.0,59.33333333,9.237604307,85.33333333,0.0,0.0,0.0,0.0,0.0,0.0,0.0,0.0,1.0,89.0,54.0,70.0,32.0,0.0,0.0,0.0,0.0,0.0,0.0,1.0,54.0,1.0,70.0,-1.0,-1.0,0.0,32.0,0.0,0.0,0.0,0.0,0.0,0.0,0.0,0.0,BENIGN
53.0,60642.0,1.0,1.0,54.0,110.0,54.0,54.0,54.0,0.0,110.0,110.0,110.0,0.0,2704.396293,32.9804426,60642.0,0.0,60642.0,60642.0,0.0,0.0,0.0,0.0,0.0,0.0,0.0,0.0,0.0,0.0,0.0,0.0,0.0,0.0,32.0,32.0,16.4902213,16.4902213,54.0,110.0,72.66666667,32.33161507,1045.333333,0.0,0.0,0.0,0.0,0.0,0.0,0.0,0.0,1.0,109.0,54.0,110.0,32.0,0.0,0.0,0.0,0.0,0.0,0.0,1.0,54.0,1.0,110.0,-1.0,-1.0,0.0,32.0,0.0,0.0,0.0,0.0,0.0,0.0,0.0,0.0,BENIGN
53.0,70921565.0,3.0,3.0,133.0,311.0,49.0,41.0,44.33333333,4.163331999,122.0,75.0,103.6666667,25.14623895,6.260437146,0.084600502,14200000.0,29200000.0,66300000.0,23133.0,70900000.0,35400000.0,43700000.0,66400000.0,4525962.0,70800000.0,35400000.0,43700000.0,66300000.0,4500656.0,0.0,0.0,0.0,0.0,104.0,84.0,0.042300251,0.042300251,41.0,122.0,69.28571429,35.38697635,1252.238095,0.0,0.0,0.0,0.0,0.0,0.0,0.0,0.0,1.0,80.83333333,44.33333333,103.6666667,104.0,0.0,0.0,0.0,0.0,0.0,0.0,3.0,133.0,3.0,311.0,-1.0,-1.0,2.0,32.0,73741.0,0.0,73741.0,73741.0,66300000.0,0.0,66300000.0,66300000.0,BENIGN
53.0,148394.0,1.0,1.0,56.0,159.0,56.0,56.0,56.0,0.0,159.0,159.0,159.0,0.0,1448.845641,13.47763387,148394.0,0.0,148394.0,148394.0,0.0,0.0,0.0,0.0,0.0,0.0,0.0,0.0,0.0,0.0,0.0,0.0,0.0,0.0,40.0,20.0,6.738816933,6.738816933,56.0,159.0,90.33333333,59.46707773,3536.333333,0.0,0.0,0.0,0.0,0.0,0.0,0.0,0.0,1.0,135.5,56.0,159.0,40.0,0.0,0.0,0.0,0.0,0.0,0.0,1.0,56.0,1.0,159.0,-1.0,-1.0,0.0,40.0,0.0,0.0,0.0,0.0,0.0,0.0,0.0,0.0,BENIGN
53.0,46639.0,1.0,1.0,51.0,114.0,51.0,51.0,51.0,0.0,114.0,114.0,114.0,0.0,3537.811703,42.88256609,46639.0,0.0,46639.0,46639.0,0.0,0.0,0.0,0.0,0.0,0.0,0.0,0.0,0.0,0.0,0.0,0.0,0.0,0.0,32.0,20.0,21.44128305,21.44128305,51.0,114.0,72.0,36.37306696,1323.0,0.0,0.0,0.0,0.0,0.0,0.0,0.0,0.0,1.0,108.0,51.0,114.0,32.0,0.0,0.0,0.0,0.0,0.0,0.0,1.0,51.0,1.0,114.0,-1.0,-1.0,0.0,32.0,0.0,0.0,0.0,0.0,0.0,0.0,0.0,0.0,BENIGN
53.0,50437.0,1.0,1.0,42.0,135.0,42.0,42.0,42.0,0.0,135.0,135.0,135.0,0.0,3509.328469,39.65342903,50437.0,0.0,50437.0,50437.0,0.0,0.0,0.0,0.0,0.0,0.0,0.0,0.0,0.0,0.0,0.0,0.0,0.0,0.0,32.0,32.0,19.82671452,19.82671452,42.0,135.0,73.0,53.69357503,2883.0,0.0,0.0,0.0,0.0,0.0,0.0,0.0,0.0,1.0,109.5,42.0,135.0,32.0,0.0,0.0,0.0,0.0,0.0,0.0,1.0,42.0,1.0,135.0,-1.0,-1.0,0.0,32.0,0.0,0.0,0.0,0.0,0.0,0.0,0.0,0.0,BENIGN
53.0,23365.0,1.0,1.0,62.0,132.0,62.0,62.0,62.0,0.0,132.0,132.0,132.0,0.0,8303.017334,85.59811684,23365.0,0.0,23365.0,23365.0,0.0,0.0,0.0,0.0,0.0,0.0,0.0,0.0,0.0,0.0,0.0,0.0,0.0,0.0,40.0,32.0,42.79905842,42.79905842,62.0,132.0,85.33333333,40.41451884,1633.333333,0.0,0.0,0.0,0.0,0.0,0.0,0.0,0.0,1.0,128.0,62.0,132.0,40.0,0.0,0.0,0.0,0.0,0.0,0.0,1.0,62.0,1.0,132.0,-1.0,-1.0,0.0,40.0,0.0,0.0,0.0,0.0,0.0,0.0,0.0,0.0,BENIGN
53.0,77690849.0,2.0,2.0,93.0,287.0,51.0,42.0,46.5,6.363961031,176.0,111.0,143.5,45.96194078,4.891180942,0.051486115,25900000.0,44700000.0,77500000.0,71356.0,77600000.0,77600000.0,0.0,77600000.0,77600000.0,77600000.0,77600000.0,0.0,77600000.0,77600000.0,0.0,0.0,0.0,0.0,52.0,40.0,0.025743058,0.025743058,42.0,176.0,86.2,57.25120086,3277.7,0.0,0.0,0.0,0.0,0.0,0.0,0.0,0.0,1.0,107.75,46.5,143.5,52.0,0.0,0.0,0.0,0.0,0.0,0.0,2.0,93.0,2.0,287.0,-1.0,-1.0,1.0,20.0,76432.0,0.0,76432.0,76432.0,77500000.0,0.0,77500000.0,77500000.0,BENIGN
53.0,47291.0,1.0,1.0,42.0,58.0,42.0,42.0,42.0,0.0,58.0,58.0,58.0,0.0,2114.567254,42.29134508,47291.0,0.0,47291.0,47291.0,0.0,0.0,0.0,0.0,0.0,0.0,0.0,0.0,0.0,0.0,0.0,0.0,0.0,0.0,32.0,40.0,21.14567254,21.14567254,42.0,58.0,47.33333333,9.237604307,85.33333333,0.0,0.0,0.0,0.0,0.0,0.0,0.0,0.0,1.0,71.0,42.0,58.0,32.0,0.0,0.0,0.0,0.0,0.0,0.0,1.0,42.0,1.0,58.0,-1.0,-1.0,0.0,32.0,0.0,0.0,0.0,0.0,0.0,0.0,0.0,0.0,BENIGN
53.0,101441.0,1.0,1.0,43.0,109.0,43.0,43.0,43.0,0.0,109.0,109.0,109.0,0.0,1498.407942,19.71589397,101441.0,0.0,101441.0,101441.0,0.0,0.0,0.0,0.0,0.0,0.0,0.0,0.0,0.0,0.0,0.0,0.0,0.0,0.0,20.0,32.0,9.857946984,9.857946984,43.0,109.0,65.0,38.10511777,1452.0,0.0,0.0,0.0,0.0,0.0,0.0,0.0,0.0,1.0,97.5,43.0,109.0,20.0,0.0,0.0,0.0,0.0,0.0,0.0,1.0,43.0,1.0,109.0,-1.0,-1.0,0.0,20.0,0.0,0.0,0.0,0.0,0.0,0.0,0.0,0.0,BENIGN
53.0,50905.0,1.0,1.0,43.0,113.0,43.0,43.0,43.0,0.0,113.0,113.0,113.0,0.0,3064.531971,39.28887143,50905.0,0.0,50905.0,50905.0,0.0,0.0,0.0,0.0,0.0,0.0,0.0,0.0,0.0,0.0,0.0,0.0,0.0,0.0,20.0,20.0,19.64443571,19.64443571,43.0,113.0,66.33333333,40.41451884,1633.333333,0.0,0.0,0.0,0.0,0.0,0.0,0.0,0.0,1.0,99.5,43.0,113.0,20.0,0.0,0.0,0.0,0.0,0.0,0.0,1.0,43.0,1.0,113.0,-1.0,-1.0,0.0,20.0,0.0,0.0,0.0,0.0,0.0,0.0,0.0,0.0,BENIGN
53.0,11897.0,1.0,1.0,64.0,117.0,64.0,64.0,64.0,0.0,117.0,117.0,117.0,0.0,15213.91948,168.1096075,11897.0,0.0,11897.0,11897.0,0.0,0.0,0.0,0.0,0.0,0.0,0.0,0.0,0.0,0.0,0.0,0.0,0.0,0.0,32.0,20.0,84.05480373,84.05480373,64.0,117.0,81.66666667,30.59956427,936.3333333,0.0,0.0,0.0,0.0,0.0,0.0,0.0,0.0,1.0,122.5,64.0,117.0,32.0,0.0,0.0,0.0,0.0,0.0,0.0,1.0,64.0,1.0,117.0,-1.0,-1.0,0.0,32.0,0.0,0.0,0.0,0.0,0.0,0.0,0.0,0.0,BENIGN
53.0,253686.0,1.0,1.0,51.0,222.0,51.0,51.0,51.0,0.0,222.0,222.0,222.0,0.0,1076.133488,7.883761816,253686.0,0.0,253686.0,253686.0,0.0,0.0,0.0,0.0,0.0,0.0,0.0,0.0,0.0,0.0,0.0,0.0,0.0,0.0,32.0,20.0,3.941880908,3.941880908,51.0,222.0,108.0,98.72689603,9747.0,0.0,0.0,0.0,0.0,0.0,0.0,0.0,0.0,1.0,162.0,51.0,222.0,32.0,0.0,0.0,0.0,0.0,0.0,0.0,1.0,51.0,1.0,222.0,-1.0,-1.0,0.0,32.0,0.0,0.0,0.0,0.0,0.0,0.0,0.0,0.0,BENIGN
53.0,493.0,1.0,1.0,47.0,106.0,47.0,47.0,47.0,0.0,106.0,106.0,106.0,0.0,310344.8276,4056.795132,493.0,0.0,493.0,493.0,0.0,0.0,0.0,0.0,0.0,0.0,0.0,0.0,0.0,0.0,0.0,0.0,0.0,0.0,20.0,20.0,2028.397566,2028.397566,47.0,106.0,66.66666667,34.06366588,1160.333333,0.0,0.0,0.0,0.0,0.0,0.0,0.0,0.0,1.0,100.0,47.0,106.0,20.0,0.0,0.0,0.0,0.0,0.0,0.0,1.0,47.0,1.0,106.0,-1.0,-1.0,0.0,20.0,0.0,0.0,0.0,0.0,0.0,0.0,0.0,0.0,BENIGN
53.0,61130.0,1.0,1.0,94.0,178.0,94.0,94.0,94.0,0.0,178.0,178.0,178.0,0.0,4449.53378,32.71716015,61130.0,0.0,61130.0,61130.0,0.0,0.0,0.0,0.0,0.0,0.0,0.0,0.0,0.0,0.0,0.0,0.0,0.0,0.0,20.0,20.0,16.35858008,16.35858008,94.0,178.0,122.0,48.49742261,2352.0,0.0,0.0,0.0,0.0,0.0,0.0,0.0,0.0,1.0,183.0,94.0,178.0,20.0,0.0,0.0,0.0,0.0,0.0,0.0,1.0,94.0,1.0,178.0,-1.0,-1.0,0.0,20.0,0.0,0.0,0.0,0.0,0.0,0.0,0.0,0.0,BENIGN
53.0,68909951.0,2.0,2.0,92.0,171.0,49.0,43.0,46.0,4.242640687,106.0,65.0,85.5,28.99137803,3.816575055,0.058046769,23000000.0,39600000.0,68700000.0,47846.0,68900000.0,68900000.0,0.0,68900000.0,68900000.0,68700000.0,68700000.0,0.0,68700000.0,68700000.0,0.0,0.0,0.0,0.0,64.0,52.0,0.029023384,0.029023384,43.0,106.0,61.2,26.61202736,708.2,0.0,0.0,0.0,0.0,0.0,0.0,0.0,0.0,1.0,76.5,46.0,85.5,64.0,0.0,0.0,0.0,0.0,0.0,0.0,2.0,92.0,2.0,171.0,-1.0,-1.0,1.0,32.0,171802.0,0.0,171802.0,171802.0,68700000.0,0.0,68700000.0,68700000.0,BENIGN
53.0,88736.0,1.0,1.0,58.0,143.0,58.0,58.0,58.0,0.0,143.0,143.0,143.0,0.0,2265.146051,22.53876668,88736.0,0.0,88736.0,88736.0,0.0,0.0,0.0,0.0,0.0,0.0,0.0,0.0,0.0,0.0,0.0,0.0,0.0,0.0,20.0,32.0,11.26938334,11.26938334,58.0,143.0,86.33333333,49.07477288,2408.333333,0.0,0.0,0.0,0.0,0.0,0.0,0.0,0.0,1.0,129.5,58.0,143.0,20.0,0.0,0.0,0.0,0.0,0.0,0.0,1.0,58.0,1.0,143.0,-1.0,-1.0,0.0,20.0,0.0,0.0,0.0,0.0,0.0,0.0,0.0,0.0,BENIGN
53.0,60813.0,1.0,1.0,39.0,71.0,39.0,39.0,39.0,0.0,71.0,71.0,71.0,0.0,1808.823771,32.88770493,60813.0,0.0,60813.0,60813.0,0.0,0.0,0.0,0.0,0.0,0.0,0.0,0.0,0.0,0.0,0.0,0.0,0.0,0.0,32.0,32.0,16.44385247,16.44385247,39.0,71.0,49.66666667,18.47520861,341.3333333,0.0,0.0,0.0,0.0,0.0,0.0,0.0,0.0,1.0,74.5,39.0,71.0,32.0,0.0,0.0,0.0,0.0,0.0,0.0,1.0,39.0,1.0,71.0,-1.0,-1.0,0.0,32.0,0.0,0.0,0.0,0.0,0.0,0.0,0.0,0.0,BENIGN
53.0,23307.0,1.0,1.0,64.0,117.0,64.0,64.0,64.0,0.0,117.0,117.0,117.0,0.0,7765.907238,85.8111297,23307.0,0.0,23307.0,23307.0,0.0,0.0,0.0,0.0,0.0,0.0,0.0,0.0,0.0,0.0,0.0,0.0,0.0,0.0,20.0,20.0,42.90556485,42.90556485,64.0,117.0,81.66666667,30.59956427,936.3333333,0.0,0.0,0.0,0.0,0.0,0.0,0.0,0.0,1.0,122.5,64.0,117.0,20.0,0.0,0.0,0.0,0.0,0.0,0.0,1.0,64.0,1.0,117.0,-1.0,-1.0,0.0,20.0,0.0,0.0,0.0,0.0,0.0,0.0,0.0,0.0,BENIGN
53.0,48440.0,1.0,1.0,43.0,59.0,43.0,43.0,43.0,0.0,59.0,59.0,59.0,0.0,2105.69777,41.28819158,48440.0,0.0,48440.0,48440.0,0.0,0.0,0.0,0.0,0.0,0.0,0.0,0.0,0.0,0.0,0.0,0.0,0.0,0.0,32.0,32.0,20.64409579,20.64409579,43.0,59.0,48.33333333,9.237604307,85.33333333,0.0,0.0,0.0,0.0,0.0,0.0,0.0,0.0,1.0,72.5,43.0,59.0,32.0,0.0,0.0,0.0,0.0,0.0,0.0,1.0,43.0,1.0,59.0,-1.0,-1.0,0.0,32.0,0.0,0.0,0.0,0.0,0.0,0.0,0.0,0.0,BENIGN
53.0,48010.0,1.0,1.0,42.0,101.0,42.0,42.0,42.0,0.0,101.0,101.0,101.0,0.0,2978.546136,41.65798792,48010.0,0.0,48010.0,48010.0,0.0,0.0,0.0,0.0,0.0,0.0,0.0,0.0,0.0,0.0,0.0,0.0,0.0,0.0,32.0,32.0,20.82899396,20.82899396,42.0,101.0,61.66666667,34.06366588,1160.333333,0.0,0.0,0.0,0.0,0.0,0.0,0.0,0.0,1.0,92.5,42.0,101.0,32.0,0.0,0.0,0.0,0.0,0.0,0.0,1.0,42.0,1.0,101.0,-1.0,-1.0,0.0,32.0,0.0,0.0,0.0,0.0,0.0,0.0,0.0,0.0,BENIGN
53.0,50248.0,1.0,1.0,60.0,76.0,60.0,60.0,60.0,0.0,76.0,76.0,76.0,0.0,2706.575386,39.80257921,50248.0,0.0,50248.0,50248.0,0.0,0.0,0.0,0.0,0.0,0.0,0.0,0.0,0.0,0.0,0.0,0.0,0.0,0.0,32.0,32.0,19.9012896,19.9012896,60.0,76.0,65.33333333,9.237604307,85.33333333,0.0,0.0,0.0,0.0,0.0,0.0,0.0,0.0,1.0,98.0,60.0,76.0,32.0,0.0,0.0,0.0,0.0,0.0,0.0,1.0,60.0,1.0,76.0,-1.0,-1.0,0.0,32.0,0.0,0.0,0.0,0.0,0.0,0.0,0.0,0.0,BENIGN
53.0,50437.0,1.0,1.0,60.0,88.0,60.0,60.0,60.0,0.0,88.0,88.0,88.0,0.0,2934.353748,39.65342903,50437.0,0.0,50437.0,50437.0,0.0,0.0,0.0,0.0,0.0,0.0,0.0,0.0,0.0,0.0,0.0,0.0,0.0,0.0,32.0,32.0,19.82671452,19.82671452,60.0,88.0,69.33333333,16.16580754,261.3333333,0.0,0.0,0.0,0.0,0.0,0.0,0.0,0.0,1.0,104.0,60.0,88.0,32.0,0.0,0.0,0.0,0.0,0.0,0.0,1.0,60.0,1.0,88.0,-1.0,-1.0,0.0,32.0,0.0,0.0,0.0,0.0,0.0,0.0,0.0,0.0,BENIGN
53.0,23686.0,1.0,1.0,79.0,207.0,79.0,79.0,79.0,0.0,207.0,207.0,207.0,0.0,12074.64325,84.43806468,23686.0,0.0,23686.0,23686.0,0.0,0.0,0.0,0.0,0.0,0.0,0.0,0.0,0.0,0.0,0.0,0.0,0.0,0.0,20.0,32.0,42.21903234,42.21903234,79.0,207.0,121.6666667,73.90083446,5461.333333,0.0,0.0,0.0,0.0,0.0,0.0,0.0,0.0,1.0,182.5,79.0,207.0,20.0,0.0,0.0,0.0,0.0,0.0,0.0,1.0,79.0,1.0,207.0,-1.0,-1.0,0.0,20.0,0.0,0.0,0.0,0.0,0.0,0.0,0.0,0.0,BENIGN
53.0,100601.0,1.0,1.0,48.0,100.0,48.0,48.0,48.0,0.0,100.0,100.0,100.0,0.0,1471.158338,19.88051809,100601.0,0.0,100601.0,100601.0,0.0,0.0,0.0,0.0,0.0,0.0,0.0,0.0,0.0,0.0,0.0,0.0,0.0,0.0,32.0,20.0,9.940259043,9.940259043,48.0,100.0,65.33333333,30.022214,901.3333333,0.0,0.0,0.0,0.0,0.0,0.0,0.0,0.0,1.0,98.0,48.0,100.0,32.0,0.0,0.0,0.0,0.0,0.0,0.0,1.0,48.0,1.0,100.0,-1.0,-1.0,0.0,32.0,0.0,0.0,0.0,0.0,0.0,0.0,0.0,0.0,BENIGN
53.0,50575.0,1.0,1.0,48.0,88.0,48.0,48.0,48.0,0.0,88.0,88.0,88.0,0.0,2689.07563,39.54522986,50575.0,0.0,50575.0,50575.0,0.0,0.0,0.0,0.0,0.0,0.0,0.0,0.0,0.0,0.0,0.0,0.0,0.0,0.0,32.0,32.0,19.77261493,19.77261493,48.0,88.0,61.33333333,23.09401077,533.3333333,0.0,0.0,0.0,0.0,0.0,0.0,0.0,0.0,1.0,92.0,48.0,88.0,32.0,0.0,0.0,0.0,0.0,0.0,0.0,1.0,48.0,1.0,88.0,-1.0,-1.0,0.0,32.0,0.0,0.0,0.0,0.0,0.0,0.0,0.0,0.0,BENIGN
53.0,59933.0,1.0,1.0,52.0,116.0,52.0,52.0,52.0,0.0,116.0,116.0,116.0,0.0,2803.130162,33.37059717,59933.0,0.0,59933.0,59933.0,0.0,0.0,0.0,0.0,0.0,0.0,0.0,0.0,0.0,0.0,0.0,0.0,0.0,0.0,40.0,32.0,16.68529858,16.68529858,52.0,116.0,73.33333333,36.95041723,1365.333333,0.0,0.0,0.0,0.0,0.0,0.0,0.0,0.0,1.0,110.0,52.0,116.0,40.0,0.0,0.0,0.0,0.0,0.0,0.0,1.0,52.0,1.0,116.0,-1.0,-1.0,0.0,40.0,0.0,0.0,0.0,0.0,0.0,0.0,0.0,0.0,BENIGN
53.0,23970.0,1.0,1.0,52.0,113.0,52.0,52.0,52.0,0.0,113.0,113.0,113.0,0.0,6883.604506,83.43763037,23970.0,0.0,23970.0,23970.0,0.0,0.0,0.0,0.0,0.0,0.0,0.0,0.0,0.0,0.0,0.0,0.0,0.0,0.0,40.0,20.0,41.71881519,41.71881519,52.0,113.0,72.33333333,35.21836642,1240.333333,0.0,0.0,0.0,0.0,0.0,0.0,0.0,0.0,1.0,108.5,52.0,113.0,40.0,0.0,0.0,0.0,0.0,0.0,0.0,1.0,52.0,1.0,113.0,-1.0,-1.0,0.0,40.0,0.0,0.0,0.0,0.0,0.0,0.0,0.0,0.0,BENIGN
53.0,83257.0,1.0,1.0,57.0,161.0,57.0,57.0,57.0,0.0,161.0,161.0,161.0,0.0,2618.398453,24.02200416,83257.0,0.0,83257.0,83257.0,0.0,0.0,0.0,0.0,0.0,0.0,0.0,0.0,0.0,0.0,0.0,0.0,0.0,0.0,32.0,32.0,12.01100208,12.01100208,57.0,161.0,91.66666667,60.044428,3605.333333,0.0,0.0,0.0,0.0,0.0,0.0,0.0,0.0,1.0,137.5,57.0,161.0,32.0,0.0,0.0,0.0,0.0,0.0,0.0,1.0,57.0,1.0,161.0,-1.0,-1.0,0.0,32.0,0.0,0.0,0.0,0.0,0.0,0.0,0.0,0.0,BENIGN
53.0,46308.0,1.0,1.0,71.0,120.0,71.0,71.0,71.0,0.0,120.0,120.0,120.0,0.0,4124.557312,43.1890818,46308.0,0.0,46308.0,46308.0,0.0,0.0,0.0,0.0,0.0,0.0,0.0,0.0,0.0,0.0,0.0,0.0,0.0,0.0,32.0,32.0,21.5945409,21.5945409,71.0,120.0,87.33333333,28.29016319,800.3333333,0.0,0.0,0.0,0.0,0.0,0.0,0.0,0.0,1.0,131.0,71.0,120.0,32.0,0.0,0.0,0.0,0.0,0.0,0.0,1.0,71.0,1.0,120.0,-1.0,-1.0,0.0,32.0,0.0,0.0,0.0,0.0,0.0,0.0,0.0,0.0,BENIGN
53.0,559.0,1.0,1.0,47.0,134.0,47.0,47.0,47.0,0.0,134.0,134.0,134.0,0.0,323792.4866,3577.817531,559.0,0.0,559.0,559.0,0.0,0.0,0.0,0.0,0.0,0.0,0.0,0.0,0.0,0.0,0.0,0.0,0.0,0.0,32.0,32.0,1788.908766,1788.908766,47.0,134.0,76.0,50.22947342,2523.0,0.0,0.0,0.0,0.0,0.0,0.0,0.0,0.0,1.0,114.0,47.0,134.0,32.0,0.0,0.0,0.0,0.0,0.0,0.0,1.0,47.0,1.0,134.0,-1.0,-1.0,0.0,32.0,0.0,0.0,0.0,0.0,0.0,0.0,0.0,0.0,BENIGN
53.0,528.0,1.0,1.0,60.0,76.0,60.0,60.0,60.0,0.0,76.0,76.0,76.0,0.0,257575.7576,3787.878788,528.0,0.0,528.0,528.0,0.0,0.0,0.0,0.0,0.0,0.0,0.0,0.0,0.0,0.0,0.0,0.0,0.0,0.0,20.0,20.0,1893.939394,1893.939394,60.0,76.0,65.33333333,9.237604307,85.33333333,0.0,0.0,0.0,0.0,0.0,0.0,0.0,0.0,1.0,98.0,60.0,76.0,20.0,0.0,0.0,0.0,0.0,0.0,0.0,1.0,60.0,1.0,76.0,-1.0,-1.0,0.0,20.0,0.0,0.0,0.0,0.0,0.0,0.0,0.0,0.0,BENIGN
443.0,4070556.0,5.0,2.0,135.0,52.0,46.0,6.0,27.0,20.1246118,46.0,6.0,26.0,28.28427125,45.93967016,1.719666797,678426.0,1514357.369,3767216.0,48.0,4070556.0,1017639.0,1835200.785,3767216.0,48.0,3886803.0,3886803.0,0.0,3886803.0,3886803.0,1.0,0.0,0.0,0.0,100.0,40.0,1.228333427,0.491333371,6.0,46.0,29.125,19.80935926,392.4107143,0.0,1.0,0.0,0.0,1.0,0.0,0.0,0.0,0.0,33.28571429,27.0,26.0,100.0,0.0,0.0,0.0,0.0,0.0,0.0,5.0,135.0,2.0,52.0,253.0,33.0,4.0,20.0,0.0,0.0,0.0,0.0,0.0,0.0,0.0,0.0,BENIGN
443.0,117825607.0,6.0,5.0,873.0,767.0,763.0,6.0,145.5,303.1460044,663.0,6.0,153.4,285.5762595,13.91887589,0.093358314,11800000.0,24800000.0,58800000.0,245.0,118000000.0,23600000.0,32100000.0,58800000.0,64800.0,118000000.0,29400000.0,34000000.0,58900000.0,245.0,1.0,0.0,0.0,0.0,120.0,100.0,0.050922717,0.042435597,6.0,763.0,200.25,320.7023897,102850.0227,0.0,1.0,0.0,0.0,1.0,0.0,0.0,0.0,0.0,218.4545455,145.5,153.4,120.0,0.0,0.0,0.0,0.0,0.0,0.0,6.0,873.0,5.0,767.0,253.0,33.0,5.0,20.0,102912.5,53899.2144,141025.0,64800.0,58800000.0,78196.1105,58800000.0,58700000.0,BENIGN
80.0,6053842.0,3.0,1.0,12.0,0.0,6.0,0.0,4.0,3.464101615,0.0,0.0,0.0,0.0,1.982212288,0.660737429,2017947.333,3482013.72,6038621.0,61.0,6053842.0,3026921.0,4259186.986,6038621.0,15221.0,0.0,0.0,0.0,0.0,0.0,0.0,0.0,0.0,0.0,72.0,32.0,0.495553072,0.165184357,0.0,6.0,2.4,3.286335345,10.8,0.0,0.0,0.0,1.0,0.0,0.0,0.0,0.0,0.0,3.0,4.0,0.0,72.0,0.0,0.0,0.0,0.0,0.0,0.0,3.0,12.0,1.0,0.0,8192.0,29200.0,2.0,20.0,0.0,0.0,0.0,0.0,0.0,0.0,0.0,0.0,BENIGN
80.0,6053454.0,3.0,1.0,12.0,0.0,6.0,0.0,4.0,3.464101615,0.0,0.0,0.0,0.0,1.982339339,0.66077978,2017818.0,3481821.64,6038270.0,94.0,6053454.0,3026727.0,4258964.954,6038270.0,15184.0,0.0,0.0,0.0,0.0,0.0,0.0,0.0,0.0,0.0,72.0,32.0,0.495584835,0.165194945,0.0,6.0,2.4,3.286335345,10.8,0.0,0.0,0.0,1.0,0.0,0.0,0.0,0.0,0.0,3.0,4.0,0.0,72.0,0.0,0.0,0.0,0.0,0.0,0.0,3.0,12.0,1.0,0.0,8192.0,29200.0,2.0,20.0,0.0,0.0,0.0,0.0,0.0,0.0,0.0,0.0,BENIGN
80.0,46408210.0,8.0,9.0,489.0,2114.0,453.0,0.0,61.125,158.3553306,1460.0,0.0,234.8888889,505.8755886,56.08921352,0.366314495,2900513.125,4490922.217,10100000.0,3.0,40700000.0,5810509.429,5307704.633,10100000.0,15229.0,46400000.0,5799123.0,4918572.703,10100000.0,156.0,0.0,0.0,0.0,0.0,172.0,240.0,0.172383292,0.193931203,0.0,1460.0,144.6111111,373.6023584,139578.7222,0.0,0.0,0.0,1.0,0.0,0.0,0.0,0.0,1.0,153.1176471,61.125,234.8888889,172.0,0.0,0.0,0.0,0.0,0.0,0.0,8.0,489.0,9.0,2114.0,8192.0,30.0,7.0,20.0,114259.5,197427.5638,410400.0,15196.0,10100000.0,41095.62265,10100000.0,9997341.0,BENIGN
80.0,67509592.0,17.0,20.0,2314.0,10538.0,453.0,0.0,136.1176471,208.5904727,1460.0,0.0,526.9,614.3869773,190.3729473,0.548070265,1875266.444,3583571.831,10100000.0,3.0,61700000.0,3854413.437,4512069.057,10100000.0,15358.0,67500000.0,3552330.947,4335990.513,10100000.0,3.0,0.0,0.0,0.0,0.0,352.0,472.0,0.251816068,0.296254197,0.0,1460.0,338.2105263,503.7395916,253753.5761,0.0,0.0,0.0,1.0,0.0,0.0,0.0,0.0,1.0,347.3513514,136.1176471,526.9,352.0,0.0,0.0,0.0,0.0,0.0,0.0,17.0,2314.0,20.0,10538.0,8192.0,34.0,16.0,20.0,2312139.0,3278824.15,7068250.0,15106.0,10000000.0,37546.61047,10100000.0,9996420.0,BENIGN
80.0,117.0,2.0,0.0,12.0,0.0,6.0,6.0,6.0,0.0,0.0,0.0,0.0,0.0,102564.1026,17094.01709,117.0,0.0,117.0,117.0,117.0,117.0,0.0,117.0,117.0,0.0,0.0,0.0,0.0,0.0,0.0,0.0,0.0,0.0,40.0,0.0,17094.01709,0.0,6.0,6.0,6.0,0.0,0.0,0.0,0.0,0.0,0.0,1.0,0.0,0.0,0.0,0.0,9.0,6.0,0.0,40.0,0.0,0.0,0.0,0.0,0.0,0.0,2.0,12.0,0.0,0.0,256.0,-1.0,1.0,20.0,0.0,0.0,0.0,0.0,0.0,0.0,0.0,0.0,BENIGN
443.0,5625627.0,5.0,2.0,135.0,52.0,46.0,6.0,27.0,20.1246118,46.0,6.0,26.0,28.28427125,33.24073921,1.244305746,937604.5,2122343.641,5267732.0,48.0,5625627.0,1406406.75,2575770.258,5267732.0,48.0,5440387.0,5440387.0,0.0,5440387.0,5440387.0,1.0,0.0,0.0,0.0,100.0,40.0,0.888789818,0.355515927,6.0,46.0,29.125,19.80935926,392.4107143,0.0,1.0,0.0,0.0,1.0,0.0,0.0,0.0,0.0,33.28571429,27.0,26.0,100.0,0.0,0.0,0.0,0.0,0.0,0.0,5.0,135.0,2.0,52.0,254.0,32.0,4.0,20.0,142390.0,0.0,142390.0,142390.0,5267732.0,0.0,5267732.0,5267732.0,BENIGN
443.0,18087031.0,11.0,10.0,1549.0,3315.0,485.0,0.0,140.8181818,202.4607706,1460.0,0.0,331.5,499.8240246,268.9219696,1.161052911,904351.55,2408177.891,9900530.0,1.0,13100000.0,1312638.7,3074510.659,9900530.0,34991.0,18100000.0,2005791.778,3437714.444,10100000.0,1.0,0.0,0.0,0.0,0.0,232.0,224.0,0.608170573,0.552882339,0.0,1460.0,221.0909091,371.6106397,138094.4675,0.0,0.0,0.0,1.0,0.0,0.0,0.0,0.0,0.0,231.6190476,140.8181818,331.5,232.0,0.0,0.0,0.0,0.0,0.0,0.0,11.0,1549.0,10.0,3315.0,8192.0,31088.0,10.0,20.0,3225857.0,0.0,3225857.0,3225857.0,9900530.0,0.0,9900530.0,9900530.0,BENIGN
443.0,161.0,2.0,0.0,12.0,0.0,6.0,6.0,6.0,0.0,0.0,0.0,0.0,0.0,74534.16149,12422.36025,161.0,0.0,161.0,161.0,161.0,161.0,0.0,161.0,161.0,0.0,0.0,0.0,0.0,0.0,0.0,0.0,0.0,0.0,40.0,0.0,12422.36025,0.0,6.0,6.0,6.0,0.0,0.0,0.0,0.0,0.0,0.0,1.0,0.0,0.0,0.0,0.0,9.0,6.0,0.0,40.0,0.0,0.0,0.0,0.0,0.0,0.0,2.0,12.0,0.0,0.0,253.0,-1.0,1.0,20.0,0.0,0.0,0.0,0.0,0.0,0.0,0.0,0.0,BENIGN
443.0,20130499.0,15.0,14.0,2321.0,7896.0,518.0,0.0,154.7333333,215.7857624,2840.0,0.0,564.0,829.5941547,507.5383377,1.440600156,718946.3929,1989528.41,9950190.0,3.0,10200000.0,727164.7143,1073023.095,3068730.0,425.0,20100000.0,1544218.308,2791957.887,10000000.0,3.0,0.0,0.0,0.0,0.0,312.0,292.0,0.745138012,0.695462144,0.0,2840.0,340.5666667,613.9679697,376956.6678,0.0,0.0,0.0,1.0,0.0,0.0,0.0,0.0,0.0,352.3103448,154.7333333,564.0,312.0,0.0,0.0,0.0,0.0,0.0,0.0,15.0,2321.0,14.0,7896.0,8192.0,264.0,14.0,20.0,10200000.0,0.0,10200000.0,10200000.0,9950190.0,0.0,9950190.0,9950190.0,BENIGN
443.0,186.0,2.0,0.0,12.0,0.0,6.0,6.0,6.0,0.0,0.0,0.0,0.0,0.0,64516.12903,10752.68817,186.0,0.0,186.0,186.0,186.0,186.0,0.0,186.0,186.0,0.0,0.0,0.0,0.0,0.0,0.0,0.0,0.0,0.0,40.0,0.0,10752.68817,0.0,6.0,6.0,6.0,0.0,0.0,0.0,0.0,0.0,0.0,1.0,0.0,0.0,0.0,0.0,9.0,6.0,0.0,40.0,0.0,0.0,0.0,0.0,0.0,0.0,2.0,12.0,0.0,0.0,258.0,-1.0,1.0,20.0,0.0,0.0,0.0,0.0,0.0,0.0,0.0,0.0,BENIGN
443.0,4070940.0,5.0,2.0,135.0,52.0,46.0,6.0,27.0,20.1246118,46.0,6.0,26.0,28.28427125,45.9353368,1.719504586,678490.0,1514146.2,3766765.0,3.0,4070940.0,1017735.0,1834854.686,3766765.0,3.0,3884923.0,3884923.0,0.0,3884923.0,3884923.0,1.0,0.0,0.0,0.0,100.0,40.0,1.228217562,0.491287025,6.0,46.0,29.125,19.80935926,392.4107143,0.0,1.0,0.0,0.0,1.0,0.0,0.0,0.0,0.0,33.28571429,27.0,26.0,100.0,0.0,0.0,0.0,0.0,0.0,0.0,5.0,135.0,2.0,52.0,253.0,32.0,4.0,20.0,0.0,0.0,0.0,0.0,0.0,0.0,0.0,0.0,BENIGN
443.0,4948715.0,5.0,1.0,135.0,46.0,46.0,6.0,27.0,20.1246118,46.0,46.0,46.0,0.0,36.57515133,1.212435956,989743.0,2146279.132,4828848.0,3.0,4948715.0,1237178.75,2394693.419,4828848.0,3.0,0.0,0.0,0.0,0.0,0.0,1.0,0.0,0.0,0.0,100.0,20.0,1.010363296,0.202072659,6.0,46.0,32.42857143,18.86670032,355.952381,0.0,1.0,0.0,0.0,1.0,0.0,0.0,0.0,0.0,37.83333333,27.0,46.0,100.0,0.0,0.0,0.0,0.0,0.0,0.0,5.0,135.0,1.0,46.0,256.0,32.0,4.0,20.0,0.0,0.0,0.0,0.0,0.0,0.0,0.0,0.0,BENIGN
443.0,117909281.0,12.0,12.0,603.0,4308.0,187.0,0.0,50.25,64.48555159,1460.0,0.0,359.0,572.6221982,41.65066531,0.203546318,5126490.478,16900000.0,58800000.0,3.0,118000000.0,10700000.0,23800000.0,58900000.0,561.0,118000000.0,10700000.0,23800000.0,58900000.0,3.0,0.0,0.0,0.0,0.0,252.0,252.0,0.101773159,0.101773159,0.0,1460.0,196.44,421.5426115,177698.1733,0.0,0.0,0.0,1.0,0.0,0.0,0.0,0.0,1.0,204.625,50.25,359.0,252.0,0.0,0.0,0.0,0.0,0.0,0.0,12.0,603.0,12.0,4308.0,8192.0,31.0,11.0,20.0,117330.5,74357.22779,169909.0,64752.0,58800000.0,55501.51836,58800000.0,58800000.0,BENIGN
80.0,109869486.0,5.0,3.0,167.0,1534.0,149.0,0.0,33.4,64.67456996,1528.0,0.0,511.3333333,880.4642715,15.48200562,0.072813665,15700000.0,41500000.0,110000000.0,48.0,110000000.0,27500000.0,54900000.0,110000000.0,57.0,23863.0,11931.5,15954.4503,23213.0,650.0,0.0,0.0,0.0,0.0,112.0,72.0,0.045508541,0.027305125,0.0,1528.0,189.0,504.4353279,254455.0,0.0,0.0,0.0,1.0,0.0,0.0,0.0,0.0,0.0,212.625,33.4,511.3333333,112.0,0.0,0.0,0.0,0.0,0.0,0.0,5.0,167.0,3.0,1534.0,65535.0,946.0,4.0,20.0,0.0,0.0,0.0,0.0,0.0,0.0,0.0,0.0,BENIGN
443.0,117167285.0,21.0,17.0,1380.0,3637.0,928.0,0.0,65.71428571,203.409966,1460.0,0.0,213.9411765,453.625461,42.81911969,0.324322613,3166683.378,4585391.781,10100000.0,4.0,117000000.0,5858364.25,4847121.365,10100000.0,4.0,112000000.0,7015899.5,4649747.144,10100000.0,48.0,0.0,0.0,0.0,0.0,432.0,484.0,0.179230918,0.145091695,0.0,1460.0,128.6410256,338.079988,114298.0783,0.0,0.0,0.0,1.0,0.0,0.0,0.0,0.0,0.0,132.0263158,65.71428571,213.9411765,432.0,0.0,0.0,0.0,0.0,0.0,0.0,21.0,1380.0,17.0,3637.0,8192.0,1004.0,20.0,20.0,198040.6364,580487.7388,1948277.0,22873.0,10000000.0,46017.03193,10100000.0,9901064.0,BENIGN
443.0,117309076.0,38.0,40.0,4001.0,48551.0,922.0,0.0,105.2894737,269.645604,2920.0,0.0,1213.775,1071.77972,447.9789782,0.66491019,1523494.494,3520315.665,10100000.0,8.0,117000000.0,3169606.324,4577449.408,10100000.0,198.0,117000000.0,3007330.026,4514825.795,10100000.0,45.0,0.0,0.0,0.0,0.0,772.0,944.0,0.323930605,0.340979585,0.0,2920.0,665.2151899,959.9869613,921574.9659,0.0,0.0,0.0,1.0,0.0,0.0,0.0,0.0,1.0,673.7435897,105.2894737,1213.775,772.0,0.0,0.0,0.0,0.0,0.0,0.0,38.0,4001.0,40.0,48551.0,8192.0,1165.0,37.0,20.0,645225.8182,2049552.942,6824841.0,22876.0,10000000.0,31109.03496,10100000.0,9994979.0,BENIGN
443.0,115668434.0,20.0,18.0,1011.0,5205.0,560.0,0.0,50.55,130.0783064,1495.0,0.0,289.1666667,560.272439,53.73981289,0.32852524,3126173.892,4618498.989,10100000.0,4.0,116000000.0,6087812.316,4888871.855,10100000.0,4.0,111000000.0,6502498.353,4935697.564,10100000.0,49.0,0.0,0.0,0.0,0.0,412.0,504.0,0.172908021,0.155617219,0.0,1495.0,159.3846154,404.6882891,163772.6113,0.0,0.0,0.0,1.0,0.0,0.0,0.0,0.0,0.0,163.5789474,50.55,289.1666667,412.0,0.0,0.0,0.0,0.0,0.0,0.0,20.0,1011.0,18.0,5205.0,8192.0,981.0,19.0,20.0,32813.25,33243.00773,138372.0,22951.0,9606222.583,1418551.239,10100000.0,5102757.0,BENIGN
443.0,117297975.0,22.0,20.0,824.0,5314.0,373.0,0.0,37.45454545,87.98794683,1460.0,0.0,265.7,500.4619024,52.32826909,0.358062447,2860926.22,4446381.309,10100000.0,3.0,117000000.0,5585617.857,4879912.311,10100000.0,3.0,112000000.0,5920329.842,4966781.597,10100000.0,48.0,0.0,0.0,0.0,0.0,452.0,544.0,0.18755652,0.170505927,0.0,1460.0,142.744186,361.4780566,130666.3854,0.0,0.0,0.0,1.0,0.0,0.0,0.0,0.0,0.0,146.1428571,37.45454545,265.7,452.0,0.0,0.0,0.0,0.0,0.0,0.0,22.0,824.0,20.0,5314.0,8192.0,980.0,21.0,20.0,215855.0909,637474.5042,2137913.0,23512.0,10000000.0,22587.88052,10100000.0,9997830.0,BENIGN
443.0,6236045.0,9.0,6.0,379.0,4801.0,192.0,0.0,42.11111111,68.84846484,2920.0,0.0,800.1666667,1125.630919,830.6546858,2.405370712,445431.7857,1442908.216,5442278.0,4.0,6236045.0,779505.625,1889280.016,5442278.0,4.0,705357.0,141071.4,195282.8667,398046.0,287.0,0.0,0.0,0.0,0.0,192.0,132.0,1.443222427,0.962148285,0.0,2920.0,323.75,755.1459462,570245.4,0.0,0.0,0.0,1.0,0.0,0.0,0.0,0.0,0.0,345.3333333,42.11111111,800.1666667,192.0,0.0,0.0,0.0,0.0,0.0,0.0,9.0,379.0,6.0,4801.0,8192.0,946.0,8.0,20.0,793763.0,0.0,793763.0,793763.0,5442278.0,0.0,5442278.0,5442278.0,BENIGN
443.0,4722112.0,1611.0,1935.0,17848.0,3433707.0,354.0,0.0,11.07883302,34.83734154,4380.0,0.0,1774.525581,668.3528799,730934.5903,750.9351748,1332.048519,27866.68859,1540207.0,0.0,4698484.0,2918.313043,41676.61653,1540207.0,0.0,4698327.0,2429.331437,39211.62757,1573693.0,1.0,0.0,0.0,0.0,0.0,39396.0,38712.0,341.1609043,409.7742705,0.0,4380.0,973.0913448,1007.667103,1015392.991,0.0,0.0,0.0,1.0,0.0,0.0,0.0,0.0,1.0,973.3657642,11.07883302,1774.525581,39396.0,0.0,0.0,0.0,0.0,0.0,0.0,1611.0,17848.0,1935.0,3433707.0,8192.0,2454.0,1013.0,20.0,0.0,0.0,0.0,0.0,0.0,0.0,0.0,0.0,BENIGN
443.0,66591027.0,19.0,19.0,1109.0,7372.0,233.0,0.0,58.36842105,72.88820246,1460.0,0.0,388.0,514.1350882,127.3595015,0.570647454,1799757.486,9691412.879,58900000.0,0.0,66600000.0,3699501.5,13800000.0,58900000.0,48.0,66500000.0,3695525.944,13900000.0,59000000.0,48.0,0.0,0.0,0.0,0.0,392.0,392.0,0.285323727,0.285323727,0.0,1460.0,217.4615385,395.1825592,156169.2551,0.0,0.0,0.0,1.0,0.0,0.0,0.0,0.0,1.0,223.1842105,58.36842105,388.0,392.0,0.0,0.0,0.0,0.0,0.0,0.0,19.0,1109.0,19.0,7372.0,8192.0,1013.0,18.0,20.0,1045150.5,944063.2133,1712704.0,377597.0,32200000.0,37700000.0,58900000.0,5522717.0,BENIGN
443.0,66999539.0,70.0,94.0,2890.0,166965.0,582.0,0.0,41.28571429,120.0965967,4380.0,0.0,1776.223404,977.5990135,2535.166697,2.447778036,411040.1166,4580772.645,58300000.0,0.0,67000000.0,971007.8116,7031305.851,58300000.0,46.0,66900000.0,719703.6559,6064275.946,58300000.0,1.0,0.0,0.0,0.0,0.0,1412.0,1892.0,1.044783308,1.402994728,0.0,4380.0,1029.424242,1136.181255,1290907.843,0.0,0.0,0.0,1.0,0.0,0.0,0.0,0.0,1.0,1035.70122,41.28571429,1776.223404,1412.0,0.0,0.0,0.0,0.0,0.0,0.0,70.0,2890.0,94.0,166965.0,8192.0,1125.0,69.0,20.0,8640180.0,0.0,8640180.0,8640180.0,58300000.0,0.0,58300000.0,58300000.0,BENIGN
443.0,2303909.0,11.0,7.0,561.0,5359.0,188.0,0.0,51.0,74.95732119,2920.0,0.0,765.5714286,1060.742799,2569.545933,7.812808579,135524.0588,304578.9086,1199156.0,1.0,2303909.0,230390.9,376126.2501,1199156.0,1.0,2176136.0,362689.3333,508199.5564,1302280.0,145.0,0.0,0.0,0.0,0.0,232.0,152.0,4.774494131,3.038314447,0.0,2920.0,311.5789474,710.7898045,505222.1462,0.0,0.0,0.0,1.0,0.0,0.0,0.0,0.0,0.0,328.8888889,51.0,765.5714286,232.0,0.0,0.0,0.0,0.0,0.0,0.0,11.0,561.0,7.0,5359.0,8192.0,980.0,10.0,20.0,0.0,0.0,0.0,0.0,0.0,0.0,0.0,0.0,BENIGN
443.0,2303889.0,11.0,8.0,561.0,5359.0,188.0,0.0,51.0,74.95732119,1460.0,0.0,669.875,654.7288288,2569.568239,8.246925091,127993.8333,296521.8886,1197851.0,4.0,2303889.0,230388.9,375174.4459,1197851.0,4.0,2176308.0,310901.1429,484838.3133,1306832.0,156.0,0.0,0.0,0.0,0.0,232.0,172.0,4.774535579,3.472389512,0.0,1460.0,296.0,509.0251777,259106.6316,0.0,0.0,0.0,1.0,0.0,0.0,0.0,0.0,0.0,311.5789474,51.0,669.875,232.0,0.0,0.0,0.0,0.0,0.0,0.0,11.0,561.0,8.0,5359.0,8192.0,980.0,10.0,20.0,0.0,0.0,0.0,0.0,0.0,0.0,0.0,0.0,BENIGN
443.0,2304023.0,11.0,6.0,561.0,5359.0,188.0,0.0,51.0,74.95732119,4096.0,0.0,893.1666667,1608.422136,2569.418795,7.378398566,144001.4375,311000.0238,1196235.0,3.0,2304023.0,230402.3,374156.754,1196235.0,3.0,2173121.0,434624.2,534610.884,1308718.0,986.0,0.0,0.0,0.0,0.0,232.0,132.0,4.774257896,2.60414067,0.0,4096.0,328.8888889,965.8694278,932903.7516,0.0,0.0,0.0,1.0,0.0,0.0,0.0,0.0,0.0,348.2352941,51.0,893.1666667,232.0,0.0,0.0,0.0,0.0,0.0,0.0,11.0,561.0,6.0,5359.0,8192.0,980.0,10.0,20.0,0.0,0.0,0.0,0.0,0.0,0.0,0.0,0.0,BENIGN
443.0,115121789.0,48.0,58.0,1534.0,79254.0,342.0,0.0,31.95833333,82.14516428,4380.0,0.0,1366.448276,1147.771589,701.7611584,0.920764009,1096397.99,3070538.373,10100000.0,3.0,115000000.0,2448896.894,4247300.955,10100000.0,3.0,115000000.0,2019266.228,3967614.123,10100000.0,48.0,0.0,0.0,0.0,0.0,972.0,1304.0,0.41694974,0.503814269,0.0,4380.0,755.0280374,1076.139576,1158076.386,0.0,0.0,0.0,1.0,0.0,0.0,0.0,0.0,1.0,762.1509434,31.95833333,1366.448276,972.0,0.0,0.0,0.0,0.0,0.0,0.0,48.0,1534.0,58.0,79254.0,8192.0,1047.0,47.0,20.0,449078.6364,1410577.897,4702131.0,23551.0,10000000.0,31181.59671,10100000.0,9994590.0,BENIGN
443.0,116519066.0,22.0,19.0,2761.0,9657.0,1166.0,0.0,125.5,340.1327122,2920.0,0.0,508.2631579,949.5151887,106.574833,0.351873744,2912976.65,4481350.01,10100000.0,16.0,116000000.0,5547402.667,4904776.759,10100000.0,23829.0,116000000.0,6471958.5,4698488.009,10100000.0,194.0,0.0,0.0,0.0,0.0,452.0,524.0,0.188810302,0.163063442,0.0,2920.0,295.6666667,702.6280516,493686.1789,0.0,0.0,0.0,1.0,0.0,0.0,0.0,0.0,0.0,302.8780488,125.5,508.2631579,452.0,0.0,0.0,0.0,0.0,0.0,0.0,22.0,2761.0,19.0,9657.0,8192.0,1092.0,21.0,20.0,576554.9091,1833579.16,6105004.0,23495.0,10000000.0,31132.97779,10100000.0,9992177.0,BENIGN
443.0,118879914.0,29.0,25.0,7274.0,12788.0,1568.0,0.0,250.8275862,519.8639979,2176.0,0.0,511.52,721.2379473,168.7585339,0.454239898,2243017.245,4068856.03,10000000.0,3.0,119000000.0,4245711.214,4821924.297,10000000.0,3.0,114000000.0,4751423.25,4970179.278,10100000.0,47.0,0.0,0.0,0.0,0.0,592.0,644.0,0.243943649,0.210296249,0.0,2176.0,364.7636364,625.0868077,390733.5172,0.0,0.0,0.0,1.0,0.0,0.0,0.0,0.0,0.0,371.5185185,250.8275862,511.52,592.0,0.0,0.0,0.0,0.0,0.0,0.0,29.0,7274.0,25.0,12788.0,8192.0,1388.0,28.0,20.0,360565.9091,1117454.179,3729817.0,23461.0,10000000.0,9936.14512,10000000.0,9998495.0,BENIGN
443.0,117750069.0,26.0,22.0,4167.0,8477.0,1248.0,0.0,160.2692308,397.0945034,1521.0,0.0,385.3181818,635.4801999,107.3799795,0.407643073,2505320.617,4269699.638,10100000.0,3.0,118000000.0,4710002.76,4932822.215,10100000.0,3.0,112000000.0,5342910.048,5044623.338,10100000.0,47.0,0.0,0.0,0.0,0.0,532.0,584.0,0.220806665,0.186836409,0.0,1521.0,258.0408163,522.2976865,272794.8733,0.0,0.0,0.0,1.0,0.0,0.0,0.0,0.0,0.0,263.4166667,160.2692308,385.3181818,532.0,0.0,0.0,0.0,0.0,0.0,0.0,26.0,4167.0,22.0,8477.0,8192.0,1178.0,25.0,20.0,175218.8333,525159.1303,1842823.0,23449.0,9637286.667,1295185.3,10100000.0,5525314.0,BENIGN
443.0,117647974.0,26.0,21.0,4176.0,8394.0,1292.0,0.0,160.6153846,398.2626346,2920.0,0.0,399.7142857,787.5887342,106.8441689,0.399496892,2557564.652,4290001.129,10100000.0,3.0,118000000.0,4705918.96,4917824.86,10100000.0,3.0,113000000.0,5625285.4,5001973.436,10100000.0,195.0,0.0,0.0,0.0,0.0,532.0,564.0,0.220998281,0.178498611,0.0,2920.0,261.875,603.2784765,363944.9202,0.0,0.0,0.0,1.0,0.0,0.0,0.0,0.0,0.0,267.4468085,160.6153846,399.7142857,532.0,0.0,0.0,0.0,0.0,0.0,0.0,26.0,4176.0,21.0,8394.0,8192.0,1178.0,25.0,20.0,203493.25,622749.6648,2180989.0,23505.0,9600504.333,1411560.986,10100000.0,5118419.0,BENIGN
443.0,115587117.0,19.0,17.0,1968.0,1613.0,1285.0,0.0,103.5789474,309.0070686,1443.0,0.0,94.88235294,349.3221798,30.98096131,0.311453395,3302489.057,4671424.214,10100000.0,4.0,116000000.0,6421506.5,4767656.229,10100000.0,4.0,111000000.0,6931072.188,4761715.326,10100000.0,205.0,0.0,0.0,0.0,0.0,392.0,484.0,0.164378181,0.147075214,0.0,1443.0,96.78378378,319.7854433,102262.7297,0.0,0.0,0.0,1.0,0.0,0.0,0.0,0.0,0.0,99.47222222,103.5789474,94.88235294,392.0,0.0,0.0,0.0,0.0,0.0,0.0,19.0,1968.0,17.0,1613.0,8192.0,1027.0,18.0,20.0,73317.36364,164532.3854,569401.0,23511.0,10000000.0,22659.81972,10100000.0,9996801.0,BENIGN
443.0,117138689.0,22.0,18.0,3150.0,3185.0,1229.0,0.0,143.1818182,367.3535518,1510.0,0.0,176.9444444,485.3603237,54.08119259,0.341475565,3003556.128,4534551.794,10000000.0,3.0,117000000.0,5578032.81,4923423.01,10000000.0,3.0,112000000.0,6559544.941,4845253.372,10000000.0,324.0,0.0,0.0,0.0,0.0,452.0,504.0,0.187811561,0.153664004,0.0,1510.0,154.5121951,414.5614021,171861.1561,0.0,0.0,0.0,1.0,0.0,0.0,0.0,0.0,0.0,158.375,143.1818182,176.9444444,452.0,0.0,0.0,0.0,0.0,0.0,0.0,22.0,3150.0,18.0,3185.0,8192.0,1100.0,21.0,20.0,122522.0,342378.8981,1209721.0,23569.0,9639035.167,1271197.732,10000000.0,5602485.0,BENIGN
443.0,5939232.0,6.0,4.0,611.0,164.0,517.0,0.0,101.8333333,204.3050823,152.0,0.0,41.0,74.05403433,130.4882517,1.683719377,659914.6667,1829575.595,5535476.0,49.0,5939232.0,1187846.4,2467096.014,5598624.0,49.0,379723.0,126574.3333,118721.3518,236207.0,482.0,0.0,0.0,0.0,0.0,132.0,92.0,1.010231626,0.673487751,0.0,517.0,70.45454545,154.756818,23949.67273,0.0,0.0,0.0,1.0,0.0,0.0,0.0,0.0,0.0,77.5,101.8333333,41.0,132.0,0.0,0.0,0.0,0.0,0.0,0.0,6.0,611.0,4.0,164.0,8192.0,946.0,5.0,20.0,403707.0,0.0,403707.0,403707.0,5535476.0,0.0,5535476.0,5535476.0,BENIGN
443.0,119952278.0,15.0,12.0,939.0,5042.0,279.0,0.0,62.6,84.15529862,2860.0,0.0,420.1666667,841.1916691,49.86149575,0.225089514,4613549.154,15800000.0,58700000.0,3.0,120000000.0,8568019.857,21100000.0,58700000.0,18.0,120000000.0,10900000.0,23500000.0,58800000.0,3.0,0.0,0.0,0.0,0.0,312.0,252.0,0.12504973,0.100039784,0.0,2860.0,213.6071429,570.3301409,325276.4696,0.0,0.0,0.0,1.0,0.0,0.0,0.0,0.0,0.0,221.5185185,62.6,420.1666667,312.0,0.0,0.0,0.0,0.0,0.0,0.0,15.0,939.0,12.0,5042.0,8192.0,360.0,14.0,20.0,1578613.5,2129581.472,3084455.0,72772.0,58400000.0,493573.9683,58700000.0,58000000.0,BENIGN
443.0,65730249.0,12.0,14.0,1286.0,815.0,670.0,0.0,107.1666667,229.8738126,608.0,0.0,58.21428571,163.243178,31.96397446,0.395556086,2629209.96,4314191.189,10000000.0,2.0,61200000.0,5567526.455,5177898.948,10100000.0,87736.0,65600000.0,5049431.385,5000919.437,10200000.0,2.0,0.0,0.0,0.0,0.0,252.0,364.0,0.182564347,0.212991738,0.0,670.0,77.81481481,191.0962377,36517.77208,0.0,0.0,0.0,1.0,0.0,0.0,0.0,0.0,1.0,80.80769231,107.1666667,58.21428571,252.0,0.0,0.0,0.0,0.0,0.0,0.0,12.0,1286.0,14.0,815.0,8192.0,242.0,11.0,20.0,206996.8333,289404.3956,797723.0,87616.0,10000000.0,6196.265327,10000000.0,9990747.0,BENIGN
443.0,67518313.0,17.0,17.0,2728.0,2455.0,598.0,0.0,160.4705882,244.4767672,568.0,0.0,144.4117647,241.5054499,76.76435873,0.503567084,2046009.485,3885081.757,10000000.0,34.0,63100000.0,3941311.438,4915069.346,10100000.0,87851.0,67400000.0,4214410.625,4827681.331,10200000.0,34.0,0.0,0.0,0.0,0.0,352.0,424.0,0.251783542,0.251783542,0.0,598.0,148.0857143,237.2803469,56301.96303,0.0,0.0,0.0,1.0,0.0,0.0,0.0,0.0,1.0,152.4411765,160.4705882,144.4117647,352.0,0.0,0.0,0.0,0.0,0.0,0.0,17.0,2728.0,17.0,2455.0,8192.0,267.0,16.0,20.0,506232.5,1024695.797,2597884.0,87697.0,10000000.0,6126.042398,10000000.0,9995460.0,BENIGN
443.0,1321517.0,7.0,7.0,629.0,4166.0,297.0,0.0,89.85714286,117.6271349,1460.0,0.0,595.1428571,644.0767109,3628.40584,10.59388566,101655.1538,182455.6931,684158.0,2.0,1203875.0,200645.8333,243775.9351,684158.0,41898.0,1205332.0,200888.6667,341622.6094,878937.0,3.0,0.0,0.0,0.0,0.0,152.0,152.0,5.296942832,5.296942832,0.0,1460.0,319.6666667,505.3364744,255364.9524,0.0,0.0,0.0,1.0,0.0,0.0,0.0,0.0,1.0,342.5,89.85714286,595.1428571,152.0,0.0,0.0,0.0,0.0,0.0,0.0,7.0,629.0,7.0,4166.0,8192.0,245.0,6.0,20.0,0.0,0.0,0.0,0.0,0.0,0.0,0.0,0.0,BENIGN
443.0,6531677.0,8.0,5.0,369.0,3942.0,188.0,0.0,46.125,71.01798062,1460.0,0.0,788.4,674.9613322,660.0142659,1.9903005,544306.4167,1717167.296,5994656.0,3.0,6531677.0,933096.7143,2232994.602,5994656.0,3.0,329765.0,82441.25,95050.62607,166096.0,48.0,0.0,0.0,0.0,0.0,172.0,112.0,1.224800308,0.765500192,0.0,1460.0,307.9285714,530.2400711,281154.533,0.0,0.0,0.0,1.0,0.0,0.0,0.0,0.0,0.0,331.6153846,46.125,788.4,172.0,0.0,0.0,0.0,0.0,0.0,0.0,8.0,369.0,5.0,3942.0,8192.0,237.0,7.0,20.0,537018.0,0.0,537018.0,537018.0,5994656.0,0.0,5994656.0,5994656.0,BENIGN
443.0,587955.0,2.0,0.0,12.0,0.0,6.0,6.0,6.0,0.0,0.0,0.0,0.0,0.0,20.40972523,3.401620872,587955.0,0.0,587955.0,587955.0,587955.0,587955.0,0.0,587955.0,587955.0,0.0,0.0,0.0,0.0,0.0,0.0,0.0,0.0,0.0,40.0,0.0,3.401620872,0.0,6.0,6.0,6.0,0.0,0.0,0.0,0.0,0.0,0.0,1.0,0.0,0.0,0.0,0.0,9.0,6.0,0.0,40.0,0.0,0.0,0.0,0.0,0.0,0.0,2.0,12.0,0.0,0.0,254.0,-1.0,1.0,20.0,0.0,0.0,0.0,0.0,0.0,0.0,0.0,0.0,BENIGN
443.0,5945232.0,8.0,5.0,371.0,3928.0,190.0,0.0,46.375,71.58997835,1460.0,0.0,785.6,675.0339251,723.100461,2.186626191,495436.0,1575196.132,5494602.0,14.0,5945232.0,849318.8571,2049749.223,5494602.0,48.0,253496.0,63374.0,73100.65528,130390.0,49.0,0.0,0.0,0.0,0.0,172.0,112.0,1.345616117,0.841010073,0.0,1460.0,307.0714286,529.2593467,280115.456,0.0,0.0,0.0,1.0,0.0,0.0,0.0,0.0,0.0,330.6923077,46.375,785.6,172.0,0.0,0.0,0.0,0.0,0.0,0.0,8.0,371.0,5.0,3928.0,8192.0,123.0,7.0,20.0,450582.0,0.0,450582.0,450582.0,5494602.0,0.0,5494602.0,5494602.0,BENIGN
443.0,5899296.0,9.0,8.0,428.0,4649.0,195.0,0.0,47.55555556,73.4508528,1360.0,2.0,581.125,653.6179394,860.6111645,2.881699782,368706.0,1345726.397,5411940.0,2.0,5899296.0,737412.0,1890421.082,5411940.0,47.0,270819.0,38688.42857,61574.51112,131471.0,2.0,0.0,0.0,0.0,0.0,192.0,164.0,1.525605767,1.356094015,0.0,1360.0,282.0555556,504.3156659,254334.2908,0.0,0.0,0.0,1.0,0.0,0.0,0.0,0.0,0.0,298.6470588,47.55555556,581.125,192.0,0.0,0.0,0.0,0.0,0.0,0.0,9.0,428.0,8.0,4649.0,8192.0,35148.0,8.0,20.0,487309.0,0.0,487309.0,487309.0,5411940.0,0.0,5411940.0,5411940.0,BENIGN
443.0,117996713.0,14.0,12.0,1011.0,4958.0,366.0,0.0,72.21428571,105.7516529,2788.0,0.0,413.1666667,848.2264742,50.58615489,0.220345121,4719868.52,16200000.0,58600000.0,3.0,118000000.0,9076670.231,22000000.0,58600000.0,22.0,118000000.0,10700000.0,23700000.0,58800000.0,3.0,0.0,0.0,0.0,0.0,292.0,252.0,0.118647373,0.101697748,0.0,2788.0,221.0740741,583.8088416,340832.7635,0.0,0.0,0.0,1.0,0.0,0.0,0.0,0.0,0.0,229.5769231,72.21428571,413.1666667,292.0,0.0,0.0,0.0,0.0,0.0,0.0,14.0,1011.0,12.0,4958.0,8192.0,127.0,13.0,20.0,421960.5,336511.4101,659910.0,184011.0,58500000.0,168466.7764,58600000.0,58400000.0,BENIGN
443.0,434298.0,9.0,8.0,549.0,3165.0,190.0,0.0,61.0,76.90578652,1420.0,0.0,395.625,622.0371917,8551.73176,39.14362949,27143.625,40697.7503,115739.0,3.0,409551.0,51193.875,47128.90675,117186.0,3.0,318559.0,45508.42857,66653.41935,152685.0,3.0,0.0,0.0,0.0,0.0,192.0,172.0,20.72309796,18.42053152,0.0,1420.0,206.3333333,438.9256938,192655.7647,0.0,0.0,0.0,1.0,0.0,0.0,0.0,0.0,0.0,218.4705882,61.0,395.625,192.0,0.0,0.0,0.0,0.0,0.0,0.0,9.0,549.0,8.0,3165.0,8192.0,123.0,8.0,20.0,0.0,0.0,0.0,0.0,0.0,0.0,0.0,0.0,BENIGN
443.0,118643745.0,21.0,19.0,1580.0,4014.0,885.0,0.0,75.23809524,203.2626146,1460.0,0.0,211.2631579,467.6539369,47.14955685,0.337143774,3042147.308,4482492.478,10000000.0,2.0,119000000.0,5932187.25,4813084.195,10100000.0,3.0,114000000.0,6349070.333,4869880.566,10100000.0,2.0,0.0,0.0,0.0,0.0,432.0,392.0,0.177000482,0.160143293,0.0,1460.0,136.4390244,352.36927,124164.1024,0.0,0.0,0.0,1.0,0.0,0.0,0.0,0.0,0.0,139.85,75.23809524,211.2631579,432.0,0.0,0.0,0.0,0.0,0.0,0.0,21.0,1580.0,19.0,4014.0,8192.0,5120.0,20.0,20.0,387317.0,974721.4696,3326212.0,93075.0,10000000.0,4758.700596,10000000.0,9997387.0,BENIGN
443.0,119658268.0,22.0,19.0,1586.0,4014.0,885.0,0.0,72.09090909,198.9124979,1460.0,0.0,211.2631579,467.6539369,46.79994198,0.342642432,2991456.7,4454089.288,10000000.0,3.0,120000000.0,5698012.762,4844866.982,10100000.0,3.0,115000000.0,6378533.444,4848175.996,10100000.0,78.0,0.0,0.0,0.0,0.0,452.0,392.0,0.183856915,0.158785517,0.0,1460.0,133.3333333,348.62704,121540.813,0.0,0.0,0.0,1.0,0.0,0.0,0.0,0.0,0.0,136.5853659,72.09090909,211.2631579,452.0,0.0,0.0,0.0,0.0,0.0,0.0,22.0,1586.0,19.0,4014.0,8192.0,5120.0,21.0,20.0,434247.5455,1130509.226,3842861.0,93133.0,10000000.0,5886.165562,10000000.0,9997152.0,BENIGN
443.0,119885930.0,24.0,19.0,3135.0,7295.0,1338.0,0.0,130.625,374.5199609,1706.0,0.0,383.9473684,657.8938173,86.99936681,0.358674283,2854426.905,4408792.648,10100000.0,31.0,120000000.0,5212431.739,4849795.554,10100000.0,48.0,114000000.0,6346898.944,4767359.241,10100000.0,202.0,0.0,0.0,0.0,0.0,492.0,524.0,0.200190298,0.158483986,0.0,1706.0,237.0454545,522.8490357,273371.1142,0.0,0.0,0.0,1.0,0.0,0.0,0.0,0.0,0.0,242.5581395,130.625,383.9473684,492.0,0.0,0.0,0.0,0.0,0.0,0.0,24.0,3135.0,19.0,7295.0,8192.0,70.0,23.0,20.0,343035.4167,1136012.947,3950361.0,15001.0,9647454.75,1266536.162,10100000.0,5626407.0,BENIGN
443.0,5702196.0,9.0,5.0,378.0,4993.0,191.0,0.0,42.0,68.57659951,1815.0,0.0,998.6,812.0928518,941.9178155,2.455194455,438630.4615,1263918.54,4611351.0,4.0,5702196.0,712774.5,1586114.808,4611351.0,4.0,959497.0,239874.25,252522.8443,480983.0,208.0,0.0,0.0,0.0,0.0,192.0,112.0,1.578339292,0.876855162,0.0,1815.0,358.0666667,641.1101384,411022.2095,0.0,0.0,0.0,1.0,0.0,0.0,0.0,0.0,0.0,383.6428571,42.0,998.6,192.0,0.0,0.0,0.0,0.0,0.0,0.0,9.0,378.0,5.0,4993.0,8192.0,60.0,8.0,20.0,0.0,0.0,0.0,0.0,0.0,0.0,0.0,0.0,BENIGN
443.0,6099122.0,10.0,7.0,383.0,6972.0,190.0,0.0,38.3,65.39121586,1460.0,0.0,996.0,634.1303757,1205.911277,2.787286432,381195.125,1293247.367,5206078.0,3.0,6099122.0,677680.2222,1706361.609,5206078.0,3.0,807881.0,134646.8333,210256.1078,548543.0,193.0,0.0,0.0,0.0,0.0,212.0,152.0,1.639580254,1.147706178,0.0,1460.0,408.6111111,613.7952465,376744.6046,0.0,0.0,0.0,1.0,0.0,0.0,0.0,0.0,0.0,432.6470588,38.3,996.0,212.0,0.0,0.0,0.0,0.0,0.0,0.0,10.0,383.0,7.0,6972.0,8192.0,60.0,9.0,20.0,893041.0,0.0,893041.0,893041.0,5206078.0,0.0,5206078.0,5206078.0,BENIGN
443.0,117449279.0,124.0,178.0,8726.0,248183.0,313.0,6.0,70.37096774,125.4800517,2920.0,0.0,1394.286517,526.6949738,2187.403807,2.571322724,390196.9402,1542810.204,10000000.0,0.0,117000000.0,954872.187,2305006.313,10000000.0,1.0,117000000.0,663463.209,1981260.236,10000000.0,1.0,1.0,0.0,0.0,0.0,2480.0,3596.0,1.055774893,1.515547831,0.0,2920.0,848.9174917,770.7994279,594131.7581,0.0,1.0,0.0,0.0,1.0,0.0,0.0,0.0,1.0,851.7284768,70.37096774,1394.286517,2480.0,0.0,0.0,0.0,0.0,0.0,0.0,124.0,8726.0,178.0,248183.0,739.0,348.0,123.0,20.0,2047063.583,3006078.02,9042205.0,15055.0,7402741.167,1911692.09,10000000.0,5204848.0,BENIGN
443.0,1843066.0,12.0,7.0,570.0,7088.0,191.0,0.0,47.5,73.17165373,2920.0,0.0,1012.571429,1043.806313,4155.032972,10.30890918,102392.5556,166152.2653,612813.0,3.0,1843066.0,167551.4545,190528.0881,612813.0,3.0,1558129.0,259688.1667,290350.7923,734724.0,196.0,0.0,0.0,0.0,0.0,252.0,152.0,6.510890006,3.79801917,0.0,2920.0,382.9,756.3074354,572000.9368,0.0,0.0,0.0,1.0,0.0,0.0,0.0,0.0,0.0,403.0526316,47.5,1012.571429,252.0,0.0,0.0,0.0,0.0,0.0,0.0,12.0,570.0,7.0,7088.0,8192.0,62.0,11.0,20.0,0.0,0.0,0.0,0.0,0.0,0.0,0.0,0.0,BENIGN
443.0,4403356.0,10.0,7.0,558.0,7088.0,191.0,0.0,55.8,78.0039885,2920.0,0.0,1012.571429,1043.806313,1736.402871,3.860691709,275209.75,834890.8454,3333903.0,3.0,4403356.0,489261.7778,1091175.097,3333903.0,3.0,4382118.0,730353.0,1335366.074,3396998.0,198.0,0.0,0.0,0.0,0.0,212.0,152.0,2.270995123,1.589696586,0.0,2920.0,424.7777778,787.8617045,620726.0654,0.0,0.0,0.0,1.0,0.0,0.0,0.0,0.0,0.0,449.7647059,55.8,1012.571429,212.0,0.0,0.0,0.0,0.0,0.0,0.0,10.0,558.0,7.0,7088.0,8192.0,62.0,9.0,20.0,0.0,0.0,0.0,0.0,0.0,0.0,0.0,0.0,BENIGN
443.0,923198.0,9.0,4.0,803.0,226.0,517.0,0.0,89.22222222,170.2019226,154.0,0.0,56.5,71.50524456,1114.603801,14.08148631,76933.16667,184851.458,657923.0,4.0,923198.0,115399.75,221877.7824,657923.0,4.0,810202.0,270067.3333,355870.9202,673333.0,48.0,0.0,0.0,0.0,0.0,192.0,92.0,9.748721293,4.332765019,0.0,517.0,73.5,140.2940593,19682.42308,0.0,0.0,0.0,1.0,0.0,0.0,0.0,0.0,0.0,79.15384615,89.22222222,56.5,192.0,0.0,0.0,0.0,0.0,0.0,0.0,9.0,803.0,4.0,226.0,8192.0,62.0,8.0,20.0,0.0,0.0,0.0,0.0,0.0,0.0,0.0,0.0,BENIGN
443.0,115252521.0,18.0,17.0,1670.0,6877.0,790.0,0.0,92.77777778,253.6557546,2788.0,0.0,404.5294118,922.009227,74.15889844,0.303680993,3389780.029,4672492.811,10000000.0,0.0,115000000.0,6778672.882,4559039.913,10000000.0,48644.0,105000000.0,6577248.563,4649894.889,10000000.0,148.0,0.0,0.0,0.0,0.0,372.0,472.0,0.156178796,0.147502197,0.0,2788.0,237.4166667,667.6848005,445802.9929,0.0,0.0,0.0,0.0,1.0,0.0,0.0,0.0,0.0,244.2,92.77777778,404.5294118,372.0,0.0,0.0,0.0,0.0,0.0,0.0,18.0,1670.0,17.0,6877.0,93.0,99.0,17.0,20.0,529726.0,1297579.175,4098218.0,15042.0,9994561.727,26596.37751,10000000.0,9937466.0,BENIGN
443.0,65421743.0,24.0,25.0,1802.0,23045.0,630.0,0.0,75.08333333,138.0947742,2788.0,0.0,921.8,747.6296432,379.7972793,0.748986465,1362952.979,8366933.785,58000000.0,4.0,65400000.0,2844423.609,12000000.0,58000000.0,74.0,65400000.0,2723423.125,11800000.0,58100000.0,4.0,0.0,0.0,0.0,0.0,492.0,512.0,0.366850513,0.382135951,0.0,2788.0,496.94,683.3908378,467023.0371,0.0,0.0,0.0,1.0,0.0,0.0,0.0,0.0,1.0,507.0816327,75.08333333,921.8,492.0,0.0,0.0,0.0,0.0,0.0,0.0,24.0,1802.0,25.0,23045.0,8192.0,72.0,23.0,20.0,7356770.0,0.0,7356770.0,7356770.0,58000000.0,0.0,58000000.0,58000000.0,BENIGN
443.0,2000157.0,8.0,6.0,348.0,7022.0,192.0,0.0,43.5,73.46719384,2920.0,0.0,1170.333333,1048.032379,3684.71075,6.999450543,153858.2308,350070.1936,1253416.0,128.0,2000157.0,285736.7143,450076.8673,1253416.0,15216.0,614604.0,122920.8,183317.9014,446729.0,210.0,0.0,0.0,0.0,0.0,172.0,132.0,3.999686025,2.999764518,0.0,2920.0,491.3333333,851.1225081,724409.5238,0.0,0.0,0.0,1.0,0.0,0.0,0.0,0.0,0.0,526.4285714,43.5,1170.333333,172.0,0.0,0.0,0.0,0.0,0.0,0.0,8.0,348.0,6.0,7022.0,8192.0,60.0,7.0,20.0,0.0,0.0,0.0,0.0,0.0,0.0,0.0,0.0,BENIGN
443.0,3186365.0,12.0,8.0,570.0,7088.0,191.0,0.0,47.5,73.17165373,1460.0,0.0,886.0,673.0663308,2403.365591,6.276744817,167703.4211,535232.9883,2361084.0,3.0,3186365.0,289669.5455,691070.2158,2361084.0,3.0,2981142.0,425877.4286,924749.4693,2507736.0,48.0,0.0,0.0,0.0,0.0,252.0,172.0,3.76604689,2.510697927,0.0,1460.0,364.6666667,580.7085614,337222.4333,0.0,0.0,0.0,1.0,0.0,0.0,0.0,0.0,0.0,382.9,47.5,886.0,252.0,0.0,0.0,0.0,0.0,0.0,0.0,12.0,570.0,8.0,7088.0,8192.0,62.0,11.0,20.0,0.0,0.0,0.0,0.0,0.0,0.0,0.0,0.0,BENIGN
443.0,119377591.0,15.0,12.0,1218.0,5734.0,563.0,0.0,81.2,147.376195,2920.0,0.0,477.8333333,882.7195409,58.23538523,0.226173101,4591445.808,15900000.0,58600000.0,40.0,119000000.0,8526970.786,21200000.0,58600000.0,47.0,119000000.0,10800000.0,23600000.0,58600000.0,191.0,0.0,0.0,0.0,0.0,312.0,252.0,0.125651723,0.100521378,0.0,2920.0,248.2857143,608.2130388,369923.1005,0.0,0.0,0.0,1.0,0.0,0.0,0.0,0.0,0.0,257.4814815,81.2,477.8333333,312.0,0.0,0.0,0.0,0.0,0.0,0.0,15.0,1218.0,12.0,5734.0,8192.0,64.0,14.0,20.0,1102478.0,1442017.001,2122138.0,82818.0,58500000.0,31786.57113,58600000.0,58500000.0,BENIGN
443.0,20660847.0,11.0,9.0,1541.0,3956.0,577.0,0.0,140.0909091,226.3640672,1496.0,2.0,439.5555556,616.7434862,266.0587923,0.968014525,1087413.0,2520431.147,9899526.0,1.0,15700000.0,1566323.3,3132113.61,9899526.0,94561.0,20600000.0,2570794.25,3580055.709,10100000.0,4.0,0.0,0.0,0.0,0.0,232.0,184.0,0.532407989,0.435606536,0.0,1496.0,261.7619048,451.178668,203562.1905,0.0,0.0,0.0,1.0,0.0,0.0,0.0,0.0,0.0,274.85,140.0909091,439.5555556,232.0,0.0,0.0,0.0,0.0,0.0,0.0,11.0,1541.0,9.0,3956.0,8192.0,33466.0,10.0,20.0,5763707.0,0.0,5763707.0,5763707.0,9899526.0,0.0,9899526.0,9899526.0,BENIGN
443.0,158.0,2.0,0.0,12.0,0.0,6.0,6.0,6.0,0.0,0.0,0.0,0.0,0.0,75949.36709,12658.22785,158.0,0.0,158.0,158.0,158.0,158.0,0.0,158.0,158.0,0.0,0.0,0.0,0.0,0.0,0.0,0.0,0.0,0.0,40.0,0.0,12658.22785,0.0,6.0,6.0,6.0,0.0,0.0,0.0,0.0,0.0,0.0,1.0,0.0,0.0,0.0,0.0,9.0,6.0,0.0,40.0,0.0,0.0,0.0,0.0,0.0,0.0,2.0,12.0,0.0,0.0,63254.0,-1.0,1.0,20.0,0.0,0.0,0.0,0.0,0.0,0.0,0.0,0.0,BENIGN
443.0,101523.0,4.0,0.0,89.0,0.0,46.0,6.0,22.25,19.73786547,0.0,0.0,0.0,0.0,876.6486412,39.39993893,33841.0,55572.41824,97978.0,4.0,101523.0,33841.0,55572.41824,97978.0,4.0,0.0,0.0,0.0,0.0,0.0,0.0,0.0,0.0,0.0,80.0,0.0,39.39993893,0.0,6.0,46.0,19.0,18.57417562,345.0,0.0,0.0,0.0,0.0,1.0,0.0,0.0,0.0,0.0,23.75,22.25,0.0,80.0,0.0,0.0,0.0,0.0,0.0,0.0,4.0,89.0,0.0,0.0,258.0,-1.0,3.0,20.0,0.0,0.0,0.0,0.0,0.0,0.0,0.0,0.0,BENIGN
443.0,5625902.0,5.0,2.0,135.0,52.0,46.0,6.0,27.0,20.1246118,46.0,6.0,26.0,28.28427125,33.23911437,1.244244923,937650.3333,2121525.661,5267024.0,3.0,5625902.0,1406475.5,2575265.441,5267024.0,3.0,5449914.0,5449914.0,0.0,5449914.0,5449914.0,1.0,0.0,0.0,0.0,100.0,40.0,0.888746373,0.355498549,6.0,46.0,29.125,19.80935926,392.4107143,0.0,1.0,0.0,0.0,1.0,0.0,0.0,0.0,0.0,33.28571429,27.0,26.0,100.0,0.0,0.0,0.0,0.0,0.0,0.0,5.0,135.0,2.0,52.0,253.0,351.0,4.0,20.0,142477.0,0.0,142477.0,142477.0,5267024.0,0.0,5267024.0,5267024.0,BENIGN
443.0,117674139.0,12.0,12.0,618.0,4086.0,202.0,0.0,51.5,67.45436168,1430.0,0.0,340.5,546.9488093,39.97479854,0.203953054,5116266.913,16900000.0,58700000.0,1.0,118000000.0,10700000.0,23700000.0,58700000.0,380.0,118000000.0,10700000.0,23700000.0,58800000.0,1.0,0.0,0.0,0.0,0.0,252.0,252.0,0.101976527,0.101976527,0.0,1430.0,188.16,402.0126117,161614.14,0.0,0.0,0.0,1.0,0.0,0.0,0.0,0.0,1.0,196.0,51.5,340.5,252.0,0.0,0.0,0.0,0.0,0.0,0.0,12.0,618.0,12.0,4086.0,8192.0,351.0,11.0,20.0,170676.5,108844.2397,247641.0,93712.0,58600000.0,113641.9592,58700000.0,58500000.0,BENIGN
443.0,307845.0,11.0,9.0,558.0,4204.0,195.0,0.0,50.72727273,69.42202951,1430.0,0.0,467.1111111,619.4064587,15468.8236,64.96775975,16202.36842,22974.27225,76373.0,3.0,307845.0,30784.5,34640.8933,113318.0,3.0,194587.0,24323.375,39683.25914,111438.0,3.0,0.0,0.0,0.0,0.0,232.0,192.0,35.73226786,29.23549189,0.0,1430.0,226.7619048,448.8713518,201485.4905,0.0,0.0,0.0,1.0,0.0,0.0,0.0,0.0,0.0,238.1,50.72727273,467.1111111,232.0,0.0,0.0,0.0,0.0,0.0,0.0,11.0,558.0,9.0,4204.0,8192.0,351.0,10.0,20.0,0.0,0.0,0.0,0.0,0.0,0.0,0.0,0.0,BENIGN
443.0,343723.0,13.0,13.0,1040.0,4721.0,444.0,0.0,80.0,126.4515718,1430.0,0.0,363.1538462,538.1587198,16760.5892,75.642305,13748.92,21067.42091,76546.0,1.0,343723.0,28643.58333,33035.95202,113652.0,48.0,230357.0,19196.41667,28265.35543,75056.0,1.0,0.0,0.0,0.0,0.0,272.0,272.0,37.8211525,37.8211525,0.0,1430.0,213.3703704,403.6220765,162910.7806,0.0,0.0,0.0,1.0,0.0,0.0,0.0,0.0,1.0,221.5769231,80.0,363.1538462,272.0,0.0,0.0,0.0,0.0,0.0,0.0,13.0,1040.0,13.0,4721.0,8192.0,360.0,12.0,20.0,0.0,0.0,0.0,0.0,0.0,0.0,0.0,0.0,BENIGN
443.0,117364502.0,15.0,16.0,1107.0,4819.0,444.0,0.0,73.8,118.5298034,1430.0,0.0,301.1875,499.511257,50.49226895,0.26413438,3912150.067,14800000.0,58700000.0,1.0,117000000.0,8383178.714,21200000.0,58700000.0,62.0,117000000.0,7818065.6,20600000.0,58800000.0,1.0,0.0,0.0,0.0,0.0,312.0,332.0,0.127806958,0.136327422,0.0,1430.0,185.1875,375.6740555,141130.996,0.0,0.0,0.0,1.0,0.0,0.0,0.0,0.0,1.0,191.1612903,73.8,301.1875,312.0,0.0,0.0,0.0,0.0,0.0,0.0,15.0,1107.0,16.0,4819.0,8192.0,360.0,14.0,20.0,181146.0,123429.7313,268424.0,93868.0,58500000.0,347234.6844,58700000.0,58200000.0,BENIGN
443.0,119529286.0,11.0,12.0,912.0,507.0,350.0,6.0,82.90909091,132.9040666,96.0,6.0,42.25,30.61528139,11.87156761,0.192421462,5433149.364,17200000.0,58800000.0,1.0,120000000.0,12000000.0,24600000.0,58900000.0,18920.0,119000000.0,10900000.0,23700000.0,58800000.0,1.0,1.0,0.0,0.0,0.0,220.0,240.0,0.092027656,0.100393806,6.0,350.0,73.625,109.3434209,11955.9837,0.0,1.0,0.0,0.0,1.0,0.0,0.0,0.0,1.0,76.82608696,82.90909091,42.25,220.0,0.0,0.0,0.0,0.0,0.0,0.0,11.0,912.0,12.0,507.0,258.0,377.0,10.0,20.0,1072099.0,1387733.828,2053375.0,90823.0,58600000.0,236627.6275,58800000.0,58500000.0,BENIGN
80.0,114168519.0,44.0,60.0,29739.0,10344.0,1495.0,6.0,675.8863636,742.3473523,509.0,6.0,172.4,237.3162947,351.0862745,0.910934125,1108432.223,2294575.997,5955447.0,1.0,114000000.0,2655081.837,2929962.26,5955447.0,3.0,114000000.0,1933541.271,2824688.123,6039267.0,1.0,1.0,0.0,0.0,0.0,880.0,1200.0,0.385395207,0.525538918,6.0,1495.0,395.8666667,577.1900611,333148.3667,0.0,1.0,0.0,0.0,1.0,0.0,0.0,0.0,1.0,399.6730769,675.8863636,172.4,880.0,0.0,0.0,0.0,0.0,0.0,0.0,44.0,29739.0,60.0,10344.0,256.0,32.0,43.0,20.0,94499.31579,6334.858273,108826.0,82864.0,5909405.684,14039.74922,5955447.0,5891011.0,BENIGN
443.0,13742485.0,11.0,10.0,1491.0,7330.0,570.0,0.0,135.5454545,223.4982611,2920.0,0.0,733.0,945.0087595,641.8780883,1.528107908,687124.25,2250912.063,9899319.0,3.0,3843163.0,384316.3,833535.7211,2742350.0,209.0,13700000.0,1524299.667,3313118.494,10000000.0,3.0,0.0,0.0,0.0,0.0,232.0,212.0,0.800437475,0.727670432,0.0,2920.0,400.9545455,709.6295799,503574.1407,0.0,0.0,0.0,1.0,0.0,0.0,0.0,0.0,0.0,420.047619,135.5454545,733.0,232.0,0.0,0.0,0.0,0.0,0.0,0.0,11.0,1491.0,10.0,7330.0,8192.0,255.0,10.0,20.0,3843163.0,0.0,3843163.0,3843163.0,9899319.0,0.0,9899319.0,9899319.0,BENIGN
443.0,144.0,2.0,0.0,12.0,0.0,6.0,6.0,6.0,0.0,0.0,0.0,0.0,0.0,83333.33333,13888.88889,144.0,0.0,144.0,144.0,144.0,144.0,0.0,144.0,144.0,0.0,0.0,0.0,0.0,0.0,0.0,0.0,0.0,0.0,40.0,0.0,13888.88889,0.0,6.0,6.0,6.0,0.0,0.0,0.0,0.0,0.0,0.0,1.0,0.0,0.0,0.0,0.0,9.0,6.0,0.0,40.0,0.0,0.0,0.0,0.0,0.0,0.0,2.0,12.0,0.0,0.0,256.0,-1.0,1.0,20.0,0.0,0.0,0.0,0.0,0.0,0.0,0.0,0.0,BENIGN
443.0,34553867.0,12.0,11.0,2347.0,4413.0,994.0,0.0,195.5833333,377.7501479,1460.0,0.0,401.1818182,562.1417647,195.6365694,0.665627381,1570630.318,3472474.801,10100000.0,1.0,24700000.0,2246577.636,3956626.592,10100000.0,35966.0,34500000.0,3451796.3,4616269.289,10100000.0,4.0,0.0,0.0,0.0,0.0,252.0,256.0,0.347283851,0.31834353,0.0,1460.0,281.6666667,468.8127156,219785.3623,0.0,0.0,0.0,1.0,0.0,0.0,0.0,0.0,0.0,293.9130435,195.5833333,401.1818182,252.0,0.0,0.0,0.0,0.0,0.0,0.0,12.0,2347.0,11.0,4413.0,8192.0,67.0,11.0,20.0,1561276.333,2642519.482,4612595.0,35524.0,9956678.0,134706.6599,10100000.0,9805799.0,BENIGN
443.0,117.0,2.0,0.0,12.0,0.0,6.0,6.0,6.0,0.0,0.0,0.0,0.0,0.0,102564.1026,17094.01709,117.0,0.0,117.0,117.0,117.0,117.0,0.0,117.0,117.0,0.0,0.0,0.0,0.0,0.0,0.0,0.0,0.0,0.0,40.0,0.0,17094.01709,0.0,6.0,6.0,6.0,0.0,0.0,0.0,0.0,0.0,0.0,1.0,0.0,0.0,0.0,0.0,9.0,6.0,0.0,40.0,0.0,0.0,0.0,0.0,0.0,0.0,2.0,12.0,0.0,0.0,252.0,-1.0,1.0,20.0,0.0,0.0,0.0,0.0,0.0,0.0,0.0,0.0,BENIGN
80.0,47374.0,3.0,4.0,442.0,872.0,436.0,0.0,147.3333333,250.0106664,860.0,0.0,218.0,428.0093457,27736.73323,147.7603749,7895.666667,11974.96453,23398.0,3.0,23525.0,11762.5,16439.52556,23387.0,138.0,24064.0,8021.333333,13504.61248,23613.0,3.0,0.0,0.0,0.0,0.0,72.0,92.0,63.32587495,84.43449994,0.0,860.0,164.25,319.3698036,101997.0714,0.0,0.0,0.0,1.0,0.0,0.0,0.0,0.0,1.0,187.7142857,147.3333333,218.0,72.0,0.0,0.0,0.0,0.0,0.0,0.0,3.0,442.0,4.0,872.0,8192.0,31.0,2.0,20.0,0.0,0.0,0.0,0.0,0.0,0.0,0.0,0.0,BENIGN
80.0,32594.0,2.0,0.0,12.0,0.0,6.0,6.0,6.0,0.0,0.0,0.0,0.0,0.0,368.1659201,61.36098668,32594.0,0.0,32594.0,32594.0,32594.0,32594.0,0.0,32594.0,32594.0,0.0,0.0,0.0,0.0,0.0,0.0,0.0,0.0,0.0,40.0,0.0,61.36098668,0.0,6.0,6.0,6.0,0.0,0.0,0.0,0.0,0.0,0.0,1.0,0.0,0.0,0.0,0.0,9.0,6.0,0.0,40.0,0.0,0.0,0.0,0.0,0.0,0.0,2.0,12.0,0.0,0.0,253.0,-1.0,1.0,20.0,0.0,0.0,0.0,0.0,0.0,0.0,0.0,0.0,BENIGN
80.0,619704.0,3.0,4.0,442.0,871.0,436.0,0.0,147.3333333,250.0106664,859.0,0.0,217.75,427.5093566,2118.753469,11.29571537,103284.0,230135.7724,572474.0,3.0,595898.0,297949.0,388236.9782,572474.0,23424.0,596297.0,198765.6667,343841.0408,595799.0,3.0,0.0,0.0,0.0,0.0,72.0,92.0,4.841020874,6.454694499,0.0,859.0,164.125,319.0586321,101798.4107,0.0,0.0,0.0,1.0,0.0,0.0,0.0,0.0,1.0,187.5714286,147.3333333,217.75,72.0,0.0,0.0,0.0,0.0,0.0,0.0,3.0,442.0,4.0,871.0,8192.0,31.0,2.0,20.0,0.0,0.0,0.0,0.0,0.0,0.0,0.0,0.0,BENIGN
80.0,865239.0,2.0,0.0,12.0,0.0,6.0,6.0,6.0,0.0,0.0,0.0,0.0,0.0,13.86900036,2.31150006,865239.0,0.0,865239.0,865239.0,865239.0,865239.0,0.0,865239.0,865239.0,0.0,0.0,0.0,0.0,0.0,0.0,0.0,0.0,0.0,40.0,0.0,2.31150006,0.0,6.0,6.0,6.0,0.0,0.0,0.0,0.0,0.0,0.0,1.0,0.0,0.0,0.0,0.0,9.0,6.0,0.0,40.0,0.0,0.0,0.0,0.0,0.0,0.0,2.0,12.0,0.0,0.0,253.0,-1.0,1.0,20.0,0.0,0.0,0.0,0.0,0.0,0.0,0.0,0.0,BENIGN
80.0,3373903.0,3.0,3.0,6.0,6.0,6.0,0.0,2.0,3.464101615,6.0,0.0,2.0,3.464101615,3.556711619,1.778355809,674780.6,945678.7478,2023965.0,85.0,1349938.0,674969.0,920059.0594,1325549.0,24389.0,3349648.0,1674824.0,493880.1455,2024050.0,1325598.0,0.0,0.0,0.0,0.0,84.0,84.0,0.889177905,0.889177905,0.0,6.0,1.714285714,2.927700219,8.571428571,0.0,0.0,0.0,1.0,0.0,0.0,0.0,0.0,1.0,2.0,2.0,2.0,84.0,0.0,0.0,0.0,0.0,0.0,0.0,3.0,6.0,3.0,6.0,8192.0,29.0,1.0,20.0,0.0,0.0,0.0,0.0,0.0,0.0,0.0,0.0,BENIGN
80.0,306836.0,3.0,4.0,442.0,871.0,436.0,0.0,147.3333333,250.0106664,859.0,0.0,217.75,427.5093566,4279.158899,22.81348994,51139.33333,102733.1694,259567.0,1.0,282916.0,141458.0,167031.3496,259567.0,23349.0,283546.0,94515.33333,163191.2088,282952.0,1.0,0.0,0.0,0.0,0.0,72.0,92.0,9.777209975,13.03627997,0.0,859.0,164.125,319.0586321,101798.4107,0.0,0.0,0.0,1.0,0.0,0.0,0.0,0.0,1.0,187.5714286,147.3333333,217.75,72.0,0.0,0.0,0.0,0.0,0.0,0.0,3.0,442.0,4.0,871.0,8192.0,31.0,2.0,20.0,0.0,0.0,0.0,0.0,0.0,0.0,0.0,0.0,BENIGN
80.0,263099.0,3.0,4.0,442.0,872.0,436.0,0.0,147.3333333,250.0106664,860.0,0.0,218.0,428.0093457,4994.317728,26.60595441,43849.83333,85063.0828,215943.0,1.0,239230.0,119615.0,136228.364,215943.0,23287.0,239891.0,79963.66667,138051.9083,239372.0,1.0,0.0,0.0,0.0,0.0,72.0,92.0,11.40255189,15.20340252,0.0,860.0,164.25,319.3698036,101997.0714,0.0,0.0,0.0,1.0,0.0,0.0,0.0,0.0,1.0,187.7142857,147.3333333,218.0,72.0,0.0,0.0,0.0,0.0,0.0,0.0,3.0,442.0,4.0,872.0,8192.0,31.0,2.0,20.0,0.0,0.0,0.0,0.0,0.0,0.0,0.0,0.0,BENIGN
80.0,454056.0,2.0,0.0,12.0,0.0,6.0,6.0,6.0,0.0,0.0,0.0,0.0,0.0,26.42845816,4.404743027,454056.0,0.0,454056.0,454056.0,454056.0,454056.0,0.0,454056.0,454056.0,0.0,0.0,0.0,0.0,0.0,0.0,0.0,0.0,0.0,40.0,0.0,4.404743027,0.0,6.0,6.0,6.0,0.0,0.0,0.0,0.0,0.0,0.0,1.0,0.0,0.0,0.0,0.0,9.0,6.0,0.0,40.0,0.0,0.0,0.0,0.0,0.0,0.0,2.0,12.0,0.0,0.0,253.0,-1.0,1.0,20.0,0.0,0.0,0.0,0.0,0.0,0.0,0.0,0.0,BENIGN
80.0,468718.0,2.0,0.0,12.0,0.0,6.0,6.0,6.0,0.0,0.0,0.0,0.0,0.0,25.60174775,4.266957958,468718.0,0.0,468718.0,468718.0,468718.0,468718.0,0.0,468718.0,468718.0,0.0,0.0,0.0,0.0,0.0,0.0,0.0,0.0,0.0,40.0,0.0,4.266957958,0.0,6.0,6.0,6.0,0.0,0.0,0.0,0.0,0.0,0.0,1.0,0.0,0.0,0.0,0.0,9.0,6.0,0.0,40.0,0.0,0.0,0.0,0.0,0.0,0.0,2.0,12.0,0.0,0.0,253.0,-1.0,1.0,20.0,0.0,0.0,0.0,0.0,0.0,0.0,0.0,0.0,BENIGN
80.0,327374.0,2.0,0.0,12.0,0.0,6.0,6.0,6.0,0.0,0.0,0.0,0.0,0.0,36.65532388,6.109220647,327374.0,0.0,327374.0,327374.0,327374.0,327374.0,0.0,327374.0,327374.0,0.0,0.0,0.0,0.0,0.0,0.0,0.0,0.0,0.0,40.0,0.0,6.109220647,0.0,6.0,6.0,6.0,0.0,0.0,0.0,0.0,0.0,0.0,1.0,0.0,0.0,0.0,0.0,9.0,6.0,0.0,40.0,0.0,0.0,0.0,0.0,0.0,0.0,2.0,12.0,0.0,0.0,256.0,-1.0,1.0,20.0,0.0,0.0,0.0,0.0,0.0,0.0,0.0,0.0,BENIGN
80.0,752039.0,3.0,4.0,442.0,871.0,436.0,0.0,147.3333333,250.0106664,859.0,0.0,217.75,427.5093566,1745.920092,9.308027908,125339.8333,284166.5076,704932.0,1.0,728301.0,364150.5,481937.8191,704932.0,23369.0,728802.0,242934.0,420419.01,728392.0,1.0,0.0,0.0,0.0,0.0,72.0,92.0,3.989154818,5.31887309,0.0,859.0,164.125,319.0586321,101798.4107,0.0,0.0,0.0,1.0,0.0,0.0,0.0,0.0,1.0,187.5714286,147.3333333,217.75,72.0,0.0,0.0,0.0,0.0,0.0,0.0,3.0,442.0,4.0,871.0,8192.0,31.0,2.0,20.0,0.0,0.0,0.0,0.0,0.0,0.0,0.0,0.0,BENIGN
80.0,1415449.0,2.0,0.0,12.0,0.0,6.0,6.0,6.0,0.0,0.0,0.0,0.0,0.0,8.477875218,1.412979203,1415449.0,0.0,1415449.0,1415449.0,1415449.0,1415449.0,0.0,1415449.0,1415449.0,0.0,0.0,0.0,0.0,0.0,0.0,0.0,0.0,0.0,40.0,0.0,1.412979203,0.0,6.0,6.0,6.0,0.0,0.0,0.0,0.0,0.0,0.0,1.0,0.0,0.0,0.0,0.0,9.0,6.0,0.0,40.0,0.0,0.0,0.0,0.0,0.0,0.0,2.0,12.0,0.0,0.0,253.0,-1.0,1.0,20.0,0.0,0.0,0.0,0.0,0.0,0.0,0.0,0.0,BENIGN
80.0,282078.0,3.0,4.0,442.0,872.0,436.0,0.0,147.3333333,250.0106664,860.0,0.0,218.0,428.0093457,4658.286006,24.81583108,47013.0,92770.78583,234980.0,1.0,258290.0,129145.0,149673.2924,234980.0,23310.0,258840.0,86280.0,148917.7035,258235.0,1.0,0.0,0.0,0.0,0.0,72.0,92.0,10.63535618,14.1804749,0.0,860.0,164.25,319.3698036,101997.0714,0.0,0.0,0.0,1.0,0.0,0.0,0.0,0.0,1.0,187.7142857,147.3333333,218.0,72.0,0.0,0.0,0.0,0.0,0.0,0.0,3.0,442.0,4.0,872.0,8192.0,31.0,2.0,20.0,0.0,0.0,0.0,0.0,0.0,0.0,0.0,0.0,BENIGN
80.0,112543.0,2.0,0.0,12.0,0.0,6.0,6.0,6.0,0.0,0.0,0.0,0.0,0.0,106.6259119,17.77098531,112543.0,0.0,112543.0,112543.0,112543.0,112543.0,0.0,112543.0,112543.0,0.0,0.0,0.0,0.0,0.0,0.0,0.0,0.0,0.0,40.0,0.0,17.77098531,0.0,6.0,6.0,6.0,0.0,0.0,0.0,0.0,0.0,0.0,1.0,0.0,0.0,0.0,0.0,9.0,6.0,0.0,40.0,0.0,0.0,0.0,0.0,0.0,0.0,2.0,12.0,0.0,0.0,253.0,-1.0,1.0,20.0,0.0,0.0,0.0,0.0,0.0,0.0,0.0,0.0,BENIGN
80.0,358901.0,3.0,4.0,442.0,872.0,436.0,0.0,147.3333333,250.0106664,860.0,0.0,218.0,428.0093457,3661.176759,19.50398578,59816.83333,124040.3006,311960.0,4.0,335204.0,167602.0,204153.0414,311960.0,23244.0,335725.0,111908.3333,193469.8946,335308.0,4.0,0.0,0.0,0.0,0.0,72.0,92.0,8.358851048,11.14513473,0.0,860.0,164.25,319.3698036,101997.0714,0.0,0.0,0.0,1.0,0.0,0.0,0.0,0.0,1.0,187.7142857,147.3333333,218.0,72.0,0.0,0.0,0.0,0.0,0.0,0.0,3.0,442.0,4.0,872.0,8192.0,31.0,2.0,20.0,0.0,0.0,0.0,0.0,0.0,0.0,0.0,0.0,BENIGN
80.0,126941.0,2.0,0.0,12.0,0.0,6.0,6.0,6.0,0.0,0.0,0.0,0.0,0.0,94.53210547,15.75535091,126941.0,0.0,126941.0,126941.0,126941.0,126941.0,0.0,126941.0,126941.0,0.0,0.0,0.0,0.0,0.0,0.0,0.0,0.0,0.0,40.0,0.0,15.75535091,0.0,6.0,6.0,6.0,0.0,0.0,0.0,0.0,0.0,0.0,1.0,0.0,0.0,0.0,0.0,9.0,6.0,0.0,40.0,0.0,0.0,0.0,0.0,0.0,0.0,2.0,12.0,0.0,0.0,253.0,-1.0,1.0,20.0,0.0,0.0,0.0,0.0,0.0,0.0,0.0,0.0,BENIGN
80.0,240540.0,3.0,4.0,441.0,871.0,435.0,0.0,147.0,249.4333578,859.0,0.0,217.75,427.5093566,5454.39428,29.10118899,40090.0,76066.49748,193654.0,3.0,216794.0,108397.0,120571.6057,193654.0,23140.0,217421.0,72473.66667,125034.7564,216851.0,3.0,0.0,0.0,0.0,0.0,72.0,92.0,12.47193814,16.62925085,0.0,859.0,164.0,318.937074,101720.8571,0.0,0.0,0.0,1.0,0.0,0.0,0.0,0.0,1.0,187.4285714,147.0,217.75,72.0,0.0,0.0,0.0,0.0,0.0,0.0,3.0,441.0,4.0,871.0,8192.0,31.0,2.0,20.0,0.0,0.0,0.0,0.0,0.0,0.0,0.0,0.0,BENIGN
80.0,327216.0,2.0,0.0,12.0,0.0,6.0,6.0,6.0,0.0,0.0,0.0,0.0,0.0,36.67302332,6.112170554,327216.0,0.0,327216.0,327216.0,327216.0,327216.0,0.0,327216.0,327216.0,0.0,0.0,0.0,0.0,0.0,0.0,0.0,0.0,0.0,40.0,0.0,6.112170554,0.0,6.0,6.0,6.0,0.0,0.0,0.0,0.0,0.0,0.0,1.0,0.0,0.0,0.0,0.0,9.0,6.0,0.0,40.0,0.0,0.0,0.0,0.0,0.0,0.0,2.0,12.0,0.0,0.0,253.0,-1.0,1.0,20.0,0.0,0.0,0.0,0.0,0.0,0.0,0.0,0.0,BENIGN
443.0,2214462.0,11.0,13.0,4013.0,6627.0,2209.0,0.0,364.8181818,745.2253107,1460.0,2.0,509.7692308,665.3119762,4804.778768,10.83784684,96280.95652,230172.8486,992341.0,1.0,1222120.0,122212.0,173874.089,586437.0,193.0,2117427.0,176452.25,350778.6514,1080295.0,1.0,0.0,0.0,0.0,0.0,232.0,264.0,4.967346471,5.870500374,0.0,2209.0,425.6,682.4942002,465798.3333,0.0,0.0,0.0,1.0,0.0,0.0,0.0,0.0,1.0,443.3333333,364.8181818,509.7692308,232.0,0.0,0.0,0.0,0.0,0.0,0.0,11.0,4013.0,13.0,6627.0,8192.0,37960.0,10.0,20.0,0.0,0.0,0.0,0.0,0.0,0.0,0.0,0.0,BENIGN
443.0,206408.0,2.0,0.0,12.0,0.0,6.0,6.0,6.0,0.0,0.0,0.0,0.0,0.0,58.1372815,9.689546917,206408.0,0.0,206408.0,206408.0,206408.0,206408.0,0.0,206408.0,206408.0,0.0,0.0,0.0,0.0,0.0,0.0,0.0,0.0,0.0,40.0,0.0,9.689546917,0.0,6.0,6.0,6.0,0.0,0.0,0.0,0.0,0.0,0.0,1.0,0.0,0.0,0.0,0.0,9.0,6.0,0.0,40.0,0.0,0.0,0.0,0.0,0.0,0.0,2.0,12.0,0.0,0.0,63473.0,-1.0,1.0,20.0,0.0,0.0,0.0,0.0,0.0,0.0,0.0,0.0,BENIGN
443.0,1578813.0,6.0,7.0,1223.0,409.0,643.0,0.0,203.8333333,294.6600867,206.0,2.0,58.42857143,84.37585978,1033.687967,8.23403405,131567.75,343715.1575,1214085.0,3.0,364725.0,72945.0,72654.62537,170383.0,463.0,1482533.0,247088.8333,511580.3984,1286810.0,3.0,0.0,0.0,0.0,0.0,132.0,144.0,3.800323408,4.433710642,0.0,643.0,116.5714286,207.50893,43059.95604,0.0,0.0,0.0,1.0,0.0,0.0,0.0,0.0,1.0,125.5384615,203.8333333,58.42857143,132.0,0.0,0.0,0.0,0.0,0.0,0.0,6.0,1223.0,7.0,409.0,8192.0,31507.0,5.0,20.0,0.0,0.0,0.0,0.0,0.0,0.0,0.0,0.0,BENIGN
443.0,123.0,2.0,0.0,12.0,0.0,6.0,6.0,6.0,0.0,0.0,0.0,0.0,0.0,97560.97561,16260.1626,123.0,0.0,123.0,123.0,123.0,123.0,0.0,123.0,123.0,0.0,0.0,0.0,0.0,0.0,0.0,0.0,0.0,0.0,40.0,0.0,16260.1626,0.0,6.0,6.0,6.0,0.0,0.0,0.0,0.0,0.0,0.0,1.0,0.0,0.0,0.0,0.0,9.0,6.0,0.0,40.0,0.0,0.0,0.0,0.0,0.0,0.0,2.0,12.0,0.0,0.0,63851.0,-1.0,1.0,20.0,0.0,0.0,0.0,0.0,0.0,0.0,0.0,0.0,BENIGN
443.0,116872014.0,20.0,18.0,978.0,5451.0,555.0,0.0,48.9,129.1783345,2920.0,0.0,302.8333333,730.9486383,55.00889203,0.325141997,3158703.081,4587451.54,10000000.0,60.0,117000000.0,6147931.316,4835882.03,10100000.0,841.0,117000000.0,6871205.294,4615323.88,10100000.0,190.0,0.0,0.0,0.0,0.0,412.0,504.0,0.171127367,0.15401463,0.0,2920.0,164.8461538,513.9805207,264175.9757,0.0,0.0,0.0,1.0,0.0,0.0,0.0,0.0,0.0,169.1842105,48.9,302.8333333,412.0,0.0,0.0,0.0,0.0,0.0,0.0,20.0,978.0,18.0,5451.0,8192.0,981.0,19.0,20.0,142624.5,258382.4078,960224.0,61355.0,9591600.083,1425988.872,10000000.0,5063627.0,BENIGN
443.0,2999951.0,7.0,8.0,1029.0,5068.0,685.0,0.0,147.0,249.6484194,1460.0,0.0,633.5,690.9620622,2032.366529,5.000081668,214282.2143,534698.3576,1988226.0,1.0,2950577.0,491762.8333,763665.3255,1988226.0,46609.0,2953392.0,421913.1429,795411.6737,2140479.0,1.0,0.0,0.0,0.0,0.0,152.0,172.0,2.333371445,2.666710223,0.0,1460.0,381.0625,562.9949045,316963.2625,0.0,0.0,0.0,1.0,0.0,0.0,0.0,0.0,1.0,406.4666667,147.0,633.5,152.0,0.0,0.0,0.0,0.0,0.0,0.0,7.0,1029.0,8.0,5068.0,8192.0,40.0,6.0,20.0,0.0,0.0,0.0,0.0,0.0,0.0,0.0,0.0,BENIGN
443.0,1154468.0,2.0,0.0,12.0,0.0,6.0,6.0,6.0,0.0,0.0,0.0,0.0,0.0,10.39439811,1.732399685,1154468.0,0.0,1154468.0,1154468.0,1154468.0,1154468.0,0.0,1154468.0,1154468.0,0.0,0.0,0.0,0.0,0.0,0.0,0.0,0.0,0.0,40.0,0.0,1.732399685,0.0,6.0,6.0,6.0,0.0,0.0,0.0,0.0,0.0,0.0,1.0,0.0,0.0,0.0,0.0,9.0,6.0,0.0,40.0,0.0,0.0,0.0,0.0,0.0,0.0,2.0,12.0,0.0,0.0,253.0,-1.0,1.0,20.0,0.0,0.0,0.0,0.0,0.0,0.0,0.0,0.0,BENIGN
443.0,991465.0,6.0,7.0,1265.0,610.0,685.0,0.0,210.8333333,307.4029386,424.0,0.0,87.14285714,156.2353231,1891.140887,13.11191015,82622.08333,111736.5328,333312.0,1.0,931575.0,186315.0,155514.3476,376655.0,51149.0,940405.0,156734.1667,178550.8417,386952.0,1.0,0.0,0.0,0.0,0.0,132.0,152.0,6.05165084,7.060259313,0.0,685.0,133.9285714,229.9974797,52898.84066,0.0,0.0,0.0,1.0,0.0,0.0,0.0,0.0,1.0,144.2307692,210.8333333,87.14285714,132.0,0.0,0.0,0.0,0.0,0.0,0.0,6.0,1265.0,7.0,610.0,8192.0,40.0,5.0,20.0,0.0,0.0,0.0,0.0,0.0,0.0,0.0,0.0,BENIGN
443.0,506755.0,2.0,0.0,12.0,0.0,6.0,6.0,6.0,0.0,0.0,0.0,0.0,0.0,23.68008209,3.946680348,506755.0,0.0,506755.0,506755.0,506755.0,506755.0,0.0,506755.0,506755.0,0.0,0.0,0.0,0.0,0.0,0.0,0.0,0.0,0.0,40.0,0.0,3.946680348,0.0,6.0,6.0,6.0,0.0,0.0,0.0,0.0,0.0,0.0,1.0,0.0,0.0,0.0,0.0,9.0,6.0,0.0,40.0,0.0,0.0,0.0,0.0,0.0,0.0,2.0,12.0,0.0,0.0,254.0,-1.0,1.0,20.0,0.0,0.0,0.0,0.0,0.0,0.0,0.0,0.0,BENIGN
443.0,715532.0,6.0,7.0,1330.0,600.0,750.0,0.0,221.6666667,327.9162495,414.0,0.0,85.71428571,152.6463388,2697.293762,18.16829995,59627.66667,74797.65621,210919.0,1.0,656825.0,131365.0,116997.4031,295035.0,18800.0,664256.0,110709.3333,126902.578,262345.0,1.0,0.0,0.0,0.0,0.0,132.0,152.0,8.385369208,9.782930742,0.0,750.0,137.8571429,241.41119,58279.36264,0.0,0.0,0.0,1.0,0.0,0.0,0.0,0.0,1.0,148.4615385,221.6666667,85.71428571,132.0,0.0,0.0,0.0,0.0,0.0,0.0,6.0,1330.0,7.0,600.0,8192.0,41.0,5.0,20.0,0.0,0.0,0.0,0.0,0.0,0.0,0.0,0.0,BENIGN
443.0,1082446.0,3.0,0.0,18.0,0.0,6.0,6.0,6.0,0.0,0.0,0.0,0.0,0.0,16.62900505,2.771500842,541223.0,765380.8652,1082429.0,17.0,1082446.0,541223.0,765380.8652,1082429.0,17.0,0.0,0.0,0.0,0.0,0.0,0.0,0.0,0.0,0.0,60.0,0.0,2.771500842,0.0,6.0,6.0,6.0,0.0,0.0,0.0,0.0,0.0,0.0,1.0,0.0,0.0,0.0,0.0,8.0,6.0,0.0,60.0,0.0,0.0,0.0,0.0,0.0,0.0,3.0,18.0,0.0,0.0,254.0,-1.0,2.0,20.0,0.0,0.0,0.0,0.0,0.0,0.0,0.0,0.0,BENIGN
443.0,118069042.0,21.0,18.0,828.0,4881.0,370.0,0.0,39.42857143,90.46854228,1460.0,0.0,271.1666667,512.9132767,48.35306447,0.330315207,3107080.053,4548542.416,10100000.0,3.0,118000000.0,5903452.1,4812615.902,10100000.0,3.0,113000000.0,6618901.412,4771773.965,10100000.0,49.0,0.0,0.0,0.0,0.0,432.0,504.0,0.177862034,0.152453172,0.0,1460.0,142.725,364.3556298,132755.025,0.0,0.0,0.0,1.0,0.0,0.0,0.0,0.0,0.0,146.3846154,39.42857143,271.1666667,432.0,0.0,0.0,0.0,0.0,0.0,0.0,21.0,828.0,18.0,4881.0,8192.0,980.0,20.0,20.0,211714.1667,656044.9451,2294936.0,21910.0,9627372.417,1292343.482,10100000.0,5525495.0,BENIGN
443.0,68173668.0,23.0,17.0,1314.0,5000.0,257.0,0.0,57.13043478,73.39079974,1460.0,0.0,294.1176471,478.9564023,92.61640433,0.586736803,1748042.769,9328332.923,58300000.0,30.0,68200000.0,3098803.091,12400000.0,58300000.0,153.0,68100000.0,4255678.813,14500000.0,58400000.0,48.0,0.0,0.0,0.0,0.0,472.0,348.0,0.337373662,0.249363141,0.0,1460.0,154.0,330.2342351,109054.65,0.0,0.0,0.0,1.0,0.0,0.0,0.0,0.0,0.0,157.85,57.13043478,294.1176471,472.0,0.0,0.0,0.0,0.0,0.0,0.0,23.0,1314.0,17.0,5000.0,8192.0,16384.0,22.0,20.0,9780597.0,0.0,9780597.0,9780597.0,58300000.0,0.0,58300000.0,58300000.0,BENIGN
443.0,302882.0,3.0,1.0,12.0,0.0,6.0,0.0,4.0,3.464101615,0.0,0.0,0.0,0.0,39.61938973,13.20646324,100960.6667,147382.9107,270094.0,49.0,302882.0,151441.0,167800.6818,270094.0,32788.0,0.0,0.0,0.0,0.0,0.0,0.0,0.0,0.0,0.0,72.0,28.0,9.904847432,3.301615811,0.0,6.0,2.4,3.286335345,10.8,0.0,0.0,0.0,1.0,0.0,0.0,0.0,0.0,0.0,3.0,4.0,0.0,72.0,0.0,0.0,0.0,0.0,0.0,0.0,3.0,12.0,1.0,0.0,8192.0,65535.0,2.0,20.0,0.0,0.0,0.0,0.0,0.0,0.0,0.0,0.0,BENIGN
443.0,32292318.0,10.0,12.0,1177.0,4424.0,725.0,0.0,117.7,229.4699448,1460.0,0.0,368.6666667,572.9353975,173.4468241,0.681276581,1537729.429,3505113.734,10100000.0,42.0,22600000.0,2508352.111,4314478.849,10200000.0,114834.0,32200000.0,2925229.636,4565433.317,10200000.0,59.0,0.0,0.0,0.0,0.0,212.0,248.0,0.309671173,0.371605408,0.0,1460.0,243.5217391,451.7773858,204102.8063,0.0,0.0,0.0,1.0,0.0,0.0,0.0,0.0,1.0,254.5909091,117.7,368.6666667,212.0,0.0,0.0,0.0,0.0,0.0,0.0,10.0,1177.0,12.0,4424.0,8192.0,5521.0,9.0,20.0,1245533.0,1597498.468,2375135.0,115931.0,10000000.0,60206.60688,10100000.0,9999479.0,BENIGN
443.0,248.0,3.0,0.0,65.0,0.0,53.0,6.0,21.66666667,27.13546265,0.0,0.0,0.0,0.0,262096.7742,12096.77419,124.0,104.6518036,198.0,50.0,248.0,124.0,104.6518036,198.0,50.0,0.0,0.0,0.0,0.0,0.0,0.0,0.0,0.0,0.0,60.0,0.0,12096.77419,0.0,6.0,53.0,17.75,23.5,552.25,0.0,0.0,0.0,0.0,1.0,0.0,0.0,0.0,0.0,23.66666667,21.66666667,0.0,60.0,0.0,0.0,0.0,0.0,0.0,0.0,3.0,65.0,0.0,0.0,63504.0,-1.0,2.0,20.0,0.0,0.0,0.0,0.0,0.0,0.0,0.0,0.0,BENIGN
443.0,6504592.0,9.0,8.0,387.0,3504.0,200.0,0.0,43.0,71.04224096,1460.0,0.0,438.0,654.8742518,598.1927844,2.613538251,406537.0,1410204.662,5691385.0,3.0,6504592.0,813074.0,1972234.661,5691385.0,3.0,613008.0,87572.57143,108516.6358,209470.0,89.0,0.0,0.0,0.0,0.0,192.0,168.0,1.383637898,1.229900353,0.0,1460.0,216.1666667,469.8364233,220746.2647,0.0,0.0,0.0,1.0,0.0,0.0,0.0,0.0,0.0,228.8823529,43.0,438.0,192.0,0.0,0.0,0.0,0.0,0.0,0.0,9.0,387.0,8.0,3504.0,8192.0,4706.0,8.0,20.0,813204.0,0.0,813204.0,813204.0,5691385.0,0.0,5691385.0,5691385.0,BENIGN
443.0,6504461.0,9.0,8.0,387.0,3504.0,200.0,0.0,43.0,71.04224096,1460.0,0.0,438.0,654.8742518,598.204832,2.613590888,406528.8125,1410295.685,5691736.0,3.0,6504461.0,813057.625,1972343.447,5691736.0,3.0,612661.0,87523.0,108284.1663,209168.0,191.0,0.0,0.0,0.0,0.0,192.0,168.0,1.383665764,1.229925124,0.0,1460.0,216.1666667,469.8364233,220746.2647,0.0,0.0,0.0,1.0,0.0,0.0,0.0,0.0,0.0,228.8823529,43.0,438.0,192.0,0.0,0.0,0.0,0.0,0.0,0.0,9.0,387.0,8.0,3504.0,8192.0,4706.0,8.0,20.0,812722.0,0.0,812722.0,812722.0,5691736.0,0.0,5691736.0,5691736.0,BENIGN
443.0,6505375.0,9.0,7.0,387.0,3504.0,200.0,0.0,43.0,71.04224096,1981.0,0.0,500.5714286,846.9643552,598.1207847,2.45950464,433691.6667,1460521.349,5710141.0,49.0,6505375.0,813171.875,1979696.049,5710141.0,123.0,595073.0,99178.83333,107880.3704,209202.0,49.0,0.0,0.0,0.0,0.0,192.0,148.0,1.38347136,1.07603328,0.0,1981.0,228.8823529,571.4307572,326533.1103,0.0,0.0,0.0,1.0,0.0,0.0,0.0,0.0,0.0,243.1875,43.0,500.5714286,192.0,0.0,0.0,0.0,0.0,0.0,0.0,9.0,387.0,7.0,3504.0,8192.0,4706.0,8.0,20.0,795111.0,0.0,795111.0,795111.0,5710141.0,0.0,5710141.0,5710141.0,BENIGN
443.0,117262713.0,22.0,20.0,1305.0,3975.0,846.0,0.0,59.31818182,182.0197233,1981.0,0.0,198.75,534.4793704,45.02710081,0.35817012,2860066.171,4440354.999,10100000.0,17.0,117000000.0,5583938.714,4959572.042,10200000.0,17.0,113000000.0,5928144.263,5066192.296,10200000.0,196.0,0.0,0.0,0.0,0.0,452.0,408.0,0.18761292,0.1705572,0.0,1981.0,122.7906977,388.604252,151013.2647,0.0,0.0,0.0,1.0,0.0,0.0,0.0,0.0,0.0,125.7142857,59.31818182,198.75,452.0,0.0,0.0,0.0,0.0,0.0,0.0,22.0,1305.0,20.0,3975.0,8192.0,5552.0,21.0,20.0,224955.4545,388075.22,1395046.0,107680.0,10000000.0,57504.70827,10100000.0,9900490.0,BENIGN
443.0,110806680.0,33.0,36.0,9050.0,14420.0,1986.0,0.0,274.2424242,579.2429882,1460.0,0.0,400.5555556,563.6299923,211.8103349,0.62270614,1629510.0,3534107.811,10100000.0,14.0,111000000.0,3459330.594,4593461.641,10200000.0,60015.0,111000000.0,3162817.2,4515954.479,10200000.0,48.0,0.0,0.0,0.0,0.0,672.0,728.0,0.29781598,0.32489016,0.0,1986.0,335.2857143,567.7852253,322380.0621,0.0,0.0,0.0,1.0,0.0,0.0,0.0,0.0,1.0,340.1449275,274.2424242,400.5555556,672.0,0.0,0.0,0.0,0.0,0.0,0.0,33.0,9050.0,36.0,14420.0,8192.0,13286.0,32.0,20.0,1058561.8,3005744.286,9613060.0,107856.0,10000000.0,28731.89728,10100000.0,9994588.0,BENIGN
443.0,110807246.0,24.0,24.0,4793.0,5977.0,1984.0,0.0,199.7083333,514.70764,1981.0,0.0,249.0416667,543.9329785,97.19580974,0.433184667,2357600.979,4131421.665,10100000.0,70.0,111000000.0,4813007.174,4922962.271,10200000.0,64795.0,111000000.0,4813013.478,4954106.409,10200000.0,191.0,0.0,0.0,0.0,0.0,492.0,488.0,0.216592334,0.216592334,0.0,1984.0,219.7959184,519.9483941,270346.3325,0.0,0.0,0.0,1.0,0.0,0.0,0.0,0.0,1.0,224.375,199.7083333,249.0416667,492.0,0.0,0.0,0.0,0.0,0.0,0.0,24.0,4793.0,24.0,5977.0,8192.0,9065.0,23.0,20.0,369185.3636,844118.1803,2913550.0,107825.0,9694375.091,1051856.225,10100000.0,6523971.0,BENIGN
443.0,116862964.0,28.0,29.0,6231.0,6769.0,1319.0,0.0,222.5357143,447.204277,1460.0,0.0,233.4137931,426.9261827,111.2414024,0.487750764,2086838.643,3958682.329,10100000.0,35.0,117000000.0,4324254.407,4893727.355,10200000.0,24888.0,117000000.0,4169815.429,4889379.865,10200000.0,48.0,0.0,0.0,0.0,0.0,572.0,588.0,0.239596867,0.248153898,0.0,1460.0,224.137931,430.3410907,185193.4543,0.0,0.0,0.0,1.0,0.0,0.0,0.0,0.0,1.0,228.0701754,222.5357143,233.4137931,572.0,0.0,0.0,0.0,0.0,0.0,0.0,28.0,6231.0,29.0,6769.0,8192.0,10491.0,27.0,20.0,606148.0909,1652084.763,5587371.0,107781.0,10000000.0,27601.71547,10100000.0,9995496.0,BENIGN
443.0,119073459.0,34.0,35.0,10220.0,9413.0,1414.0,0.0,300.5882353,520.9565862,1460.0,0.0,268.9428571,432.857329,164.8814116,0.579474222,1751080.279,3669479.796,10100000.0,48.0,119000000.0,3604915.242,4689993.928,10200000.0,28447.0,119000000.0,3498879.588,4678307.401,10200000.0,48.0,0.0,0.0,0.0,0.0,692.0,708.0,0.285538022,0.2939362,0.0,1460.0,280.4714286,472.7894626,223529.876,0.0,0.0,0.0,1.0,0.0,0.0,0.0,0.0,1.0,284.5362319,300.5882353,268.9428571,692.0,0.0,0.0,0.0,0.0,0.0,0.0,34.0,10220.0,35.0,9413.0,8192.0,14462.0,33.0,20.0,802825.3636,2300594.5,7739377.0,107740.0,10000000.0,26727.30208,10100000.0,10000000.0,BENIGN
443.0,117629689.0,25.0,23.0,4003.0,2301.0,1293.0,0.0,160.12,392.6960572,939.0,0.0,100.0434783,241.5806807,53.5919125,0.408060247,2502759.34,4232263.99,10100000.0,3.0,118000000.0,4901237.042,4953925.887,10200000.0,3.0,114000000.0,5160666.136,5082545.529,10200000.0,3.0,0.0,0.0,0.0,0.0,512.0,468.0,0.212531379,0.195528869,0.0,1293.0,128.6530612,324.2016831,105106.7313,0.0,0.0,0.0,1.0,0.0,0.0,0.0,0.0,0.0,131.3333333,160.12,100.0434783,512.0,0.0,0.0,0.0,0.0,0.0,0.0,25.0,4003.0,23.0,2301.0,8192.0,8244.0,24.0,20.0,312907.3636,678853.4892,2359727.0,107836.0,10000000.0,27781.11975,10100000.0,9995203.0,BENIGN
443.0,117331277.0,29.0,29.0,7729.0,4461.0,1307.0,0.0,266.5172414,498.6372587,998.0,0.0,153.8275862,292.2720197,103.8938663,0.494326845,2058443.456,3922374.512,10000000.0,3.0,117000000.0,4186557.429,4847049.701,10100000.0,108132.0,117000000.0,4186542.929,4871369.62,10100000.0,3.0,0.0,0.0,0.0,0.0,592.0,588.0,0.247163423,0.247163423,0.0,1307.0,206.6101695,406.4415815,165194.7592,0.0,0.0,0.0,1.0,0.0,0.0,0.0,0.0,1.0,210.1724138,266.5172414,153.8275862,592.0,0.0,0.0,0.0,0.0,0.0,0.0,29.0,7729.0,29.0,4461.0,8192.0,11989.0,28.0,20.0,664043.3636,1840030.562,6211942.0,107652.0,9992648.273,30915.42562,10000000.0,9900122.0,BENIGN
443.0,116910699.0,23.0,21.0,2739.0,1378.0,1216.0,0.0,119.0869565,332.275613,579.0,0.0,65.61904762,168.3684876,35.2149122,0.376355632,2718853.465,4364140.464,10100000.0,3.0,117000000.0,5314122.682,4971736.46,10200000.0,49.0,113000000.0,5630369.15,5091030.289,10200000.0,3.0,0.0,0.0,0.0,0.0,472.0,428.0,0.196731353,0.179624279,0.0,1216.0,91.48888889,262.672335,68996.75556,0.0,0.0,0.0,1.0,0.0,0.0,0.0,0.0,0.0,93.56818182,119.0869565,65.61904762,472.0,0.0,0.0,0.0,0.0,0.0,0.0,23.0,2739.0,21.0,1378.0,8192.0,6986.0,22.0,20.0,238032.0,431835.8357,1540066.0,107654.0,9999434.273,43262.08508,10100000.0,9899509.0,BENIGN
443.0,116910348.0,23.0,21.0,2641.0,1347.0,1119.0,0.0,114.826087,317.8892964,572.0,0.0,64.14285714,163.8310977,34.11160832,0.376356762,2718845.302,4367344.435,10100000.0,3.0,117000000.0,5314106.727,4977917.418,10200000.0,4.0,113000000.0,5637687.8,5089460.895,10200000.0,3.0,0.0,0.0,0.0,0.0,472.0,428.0,0.196731944,0.179624818,0.0,1119.0,88.62222222,252.0922711,63550.51313,0.0,0.0,0.0,1.0,0.0,0.0,0.0,0.0,0.0,90.63636364,114.826087,64.14285714,472.0,0.0,0.0,0.0,0.0,0.0,0.0,23.0,2641.0,21.0,1347.0,8192.0,6888.0,22.0,20.0,240161.8182,436697.9424,1556850.0,107747.0,10000000.0,27098.82201,10100000.0,9998355.0,BENIGN
443.0,116106548.0,20.0,21.0,1435.0,4082.0,1014.0,0.0,71.75,227.2591553,1460.0,0.0,194.3809524,447.2012384,47.51669992,0.353123925,2902663.7,4459354.588,10100000.0,1.0,116000000.0,6105190.526,4865068.868,10200000.0,108241.0,116000000.0,5799919.25,4954235.462,10200000.0,1.0,0.0,0.0,0.0,0.0,412.0,428.0,0.172255573,0.180868352,0.0,1460.0,131.3571429,354.5107808,125677.8937,0.0,0.0,0.0,1.0,0.0,0.0,0.0,0.0,1.0,134.5609756,71.75,194.3809524,412.0,0.0,0.0,0.0,0.0,0.0,0.0,20.0,1435.0,21.0,4082.0,8192.0,5719.0,19.0,20.0,535716.1818,1418450.052,4812504.0,107856.0,10000000.0,28836.64117,10100000.0,9991440.0,BENIGN
53.0,61017.0,4.0,2.0,172.0,198.0,43.0,43.0,43.0,0.0,99.0,99.0,99.0,0.0,6063.883836,98.33325139,12203.4,21224.94332,49048.0,4.0,49099.0,16366.33333,28303.16174,49048.0,4.0,48.0,48.0,0.0,48.0,48.0,0.0,0.0,0.0,0.0,104.0,40.0,65.55550093,32.77775046,43.0,99.0,59.0,27.32520204,746.6666667,0.0,0.0,0.0,0.0,0.0,0.0,0.0,0.0,0.0,68.83333333,43.0,99.0,104.0,0.0,0.0,0.0,0.0,0.0,0.0,4.0,172.0,2.0,198.0,-1.0,-1.0,3.0,20.0,0.0,0.0,0.0,0.0,0.0,0.0,0.0,0.0,BENIGN
53.0,214.0,2.0,2.0,86.0,118.0,43.0,43.0,43.0,0.0,59.0,59.0,59.0,0.0,953271.028,18691.58879,71.33333333,81.98373822,166.0,24.0,190.0,190.0,0.0,190.0,190.0,48.0,48.0,0.0,48.0,48.0,0.0,0.0,0.0,0.0,64.0,64.0,9345.794393,9345.794393,43.0,59.0,49.4,8.76356092,76.8,0.0,0.0,0.0,0.0,0.0,0.0,0.0,0.0,1.0,61.75,43.0,59.0,64.0,0.0,0.0,0.0,0.0,0.0,0.0,2.0,86.0,2.0,118.0,-1.0,-1.0,1.0,32.0,0.0,0.0,0.0,0.0,0.0,0.0,0.0,0.0,BENIGN
53.0,23896.0,2.0,2.0,88.0,200.0,44.0,44.0,44.0,0.0,100.0,100.0,100.0,0.0,12052.22631,167.3920321,7965.333333,13751.34795,23844.0,3.0,3.0,3.0,0.0,3.0,3.0,49.0,49.0,0.0,49.0,49.0,0.0,0.0,0.0,0.0,64.0,64.0,83.69601607,83.69601607,44.0,100.0,66.4,30.67246322,940.8,0.0,0.0,0.0,0.0,0.0,0.0,0.0,0.0,1.0,83.0,44.0,100.0,64.0,0.0,0.0,0.0,0.0,0.0,0.0,2.0,88.0,2.0,200.0,-1.0,-1.0,1.0,32.0,0.0,0.0,0.0,0.0,0.0,0.0,0.0,0.0,BENIGN
53.0,93260.0,4.0,4.0,116.0,360.0,29.0,29.0,29.0,0.0,90.0,90.0,90.0,0.0,5104.010294,85.78168561,13322.85714,25827.27912,67929.0,3.0,93092.0,31030.66667,53740.62908,93085.0,3.0,68149.0,22716.33333,39262.70506,68053.0,48.0,0.0,0.0,0.0,0.0,80.0,104.0,42.89084281,42.89084281,29.0,90.0,56.11111111,32.14982288,1033.611111,0.0,0.0,0.0,0.0,0.0,0.0,0.0,0.0,1.0,63.125,29.0,90.0,80.0,0.0,0.0,0.0,0.0,0.0,0.0,4.0,116.0,4.0,360.0,-1.0,-1.0,3.0,20.0,0.0,0.0,0.0,0.0,0.0,0.0,0.0,0.0,BENIGN
53.0,170.0,2.0,2.0,98.0,130.0,49.0,49.0,49.0,0.0,65.0,65.0,65.0,0.0,1341176.471,23529.41176,56.66666667,58.48361594,119.0,3.0,3.0,3.0,0.0,3.0,3.0,48.0,48.0,0.0,48.0,48.0,0.0,0.0,0.0,0.0,40.0,40.0,11764.70588,11764.70588,49.0,65.0,55.4,8.76356092,76.8,0.0,0.0,0.0,0.0,0.0,0.0,0.0,0.0,1.0,69.25,49.0,65.0,40.0,0.0,0.0,0.0,0.0,0.0,0.0,2.0,98.0,2.0,130.0,-1.0,-1.0,1.0,20.0,0.0,0.0,0.0,0.0,0.0,0.0,0.0,0.0,BENIGN
53.0,121266.0,4.0,2.0,116.0,228.0,29.0,29.0,29.0,0.0,114.0,114.0,114.0,0.0,2836.739069,49.47800703,24253.2,41884.58388,96731.0,3.0,24532.0,8177.333333,14157.49463,24525.0,3.0,3.0,3.0,0.0,3.0,3.0,0.0,0.0,0.0,0.0,128.0,64.0,32.98533802,16.49266901,29.0,114.0,53.28571429,41.4757531,1720.238095,0.0,0.0,0.0,0.0,0.0,0.0,0.0,0.0,0.0,62.16666667,29.0,114.0,128.0,0.0,0.0,0.0,0.0,0.0,0.0,4.0,116.0,2.0,228.0,-1.0,-1.0,3.0,32.0,0.0,0.0,0.0,0.0,0.0,0.0,0.0,0.0,BENIGN
53.0,46741.0,4.0,2.0,120.0,264.0,30.0,30.0,30.0,0.0,132.0,132.0,132.0,0.0,8215.485334,128.3669583,9348.2,12793.1949,24307.0,3.0,24314.0,8104.666667,14031.63228,24307.0,3.0,49.0,49.0,0.0,49.0,49.0,0.0,0.0,0.0,0.0,120.0,64.0,85.57797223,42.78898611,30.0,132.0,59.14285714,49.77090372,2477.142857,0.0,0.0,0.0,0.0,0.0,0.0,0.0,0.0,0.0,69.0,30.0,132.0,120.0,0.0,0.0,0.0,0.0,0.0,0.0,4.0,120.0,2.0,264.0,-1.0,-1.0,3.0,20.0,0.0,0.0,0.0,0.0,0.0,0.0,0.0,0.0,BENIGN
53.0,173.0,2.0,2.0,88.0,120.0,44.0,44.0,44.0,0.0,60.0,60.0,60.0,0.0,1202312.139,23121.38728,57.66666667,59.47548515,121.0,3.0,3.0,3.0,0.0,3.0,3.0,49.0,49.0,0.0,49.0,49.0,0.0,0.0,0.0,0.0,64.0,64.0,11560.69364,11560.69364,44.0,60.0,50.4,8.76356092,76.8,0.0,0.0,0.0,0.0,0.0,0.0,0.0,0.0,1.0,63.0,44.0,60.0,64.0,0.0,0.0,0.0,0.0,0.0,0.0,2.0,88.0,2.0,120.0,-1.0,-1.0,1.0,32.0,0.0,0.0,0.0,0.0,0.0,0.0,0.0,0.0,BENIGN
53.0,66411.0,4.0,4.0,148.0,368.0,37.0,37.0,37.0,0.0,92.0,92.0,92.0,0.0,7769.797172,120.4619717,9487.285714,22492.0632,60258.0,4.0,66407.0,22135.66667,38133.18629,66168.0,48.0,6105.0,2035.0,3440.718966,6008.0,48.0,0.0,0.0,0.0,0.0,104.0,80.0,60.23098583,60.23098583,37.0,92.0,61.44444444,28.98754522,840.2777778,0.0,0.0,0.0,0.0,0.0,0.0,0.0,0.0,1.0,69.125,37.0,92.0,104.0,0.0,0.0,0.0,0.0,0.0,0.0,4.0,148.0,4.0,368.0,-1.0,-1.0,3.0,20.0,0.0,0.0,0.0,0.0,0.0,0.0,0.0,0.0,BENIGN
53.0,171.0,2.0,2.0,90.0,122.0,45.0,45.0,45.0,0.0,61.0,61.0,61.0,0.0,1239766.082,23391.81287,57.0,59.63220606,121.0,3.0,3.0,3.0,0.0,3.0,3.0,47.0,47.0,0.0,47.0,47.0,0.0,0.0,0.0,0.0,40.0,40.0,11695.90643,11695.90643,45.0,61.0,51.4,8.76356092,76.8,0.0,0.0,0.0,0.0,0.0,0.0,0.0,0.0,1.0,64.25,45.0,61.0,40.0,0.0,0.0,0.0,0.0,0.0,0.0,2.0,90.0,2.0,122.0,-1.0,-1.0,1.0,20.0,0.0,0.0,0.0,0.0,0.0,0.0,0.0,0.0,BENIGN
53.0,224.0,2.0,2.0,96.0,226.0,48.0,48.0,48.0,0.0,113.0,113.0,113.0,0.0,1437500.0,17857.14286,74.66666667,46.18802154,128.0,48.0,48.0,48.0,0.0,48.0,48.0,48.0,48.0,0.0,48.0,48.0,0.0,0.0,0.0,0.0,40.0,40.0,8928.571429,8928.571429,48.0,113.0,74.0,35.60196624,1267.5,0.0,0.0,0.0,0.0,0.0,0.0,0.0,0.0,1.0,92.5,48.0,113.0,40.0,0.0,0.0,0.0,0.0,0.0,0.0,2.0,96.0,2.0,226.0,-1.0,-1.0,1.0,20.0,0.0,0.0,0.0,0.0,0.0,0.0,0.0,0.0,BENIGN
53.0,77270.0,4.0,2.0,172.0,198.0,43.0,43.0,43.0,0.0,99.0,99.0,99.0,0.0,4788.404297,77.6497994,15454.0,25662.9448,59191.0,1.0,59196.0,19732.0,34172.49644,59191.0,1.0,49.0,49.0,0.0,49.0,49.0,0.0,0.0,0.0,0.0,80.0,64.0,51.76653294,25.88326647,43.0,99.0,59.0,27.32520204,746.6666667,0.0,0.0,0.0,0.0,0.0,0.0,0.0,0.0,0.0,68.83333333,43.0,99.0,80.0,0.0,0.0,0.0,0.0,0.0,0.0,4.0,172.0,2.0,198.0,-1.0,-1.0,3.0,20.0,0.0,0.0,0.0,0.0,0.0,0.0,0.0,0.0,BENIGN
53.0,176.0,2.0,2.0,96.0,128.0,48.0,48.0,48.0,0.0,64.0,64.0,64.0,0.0,1272727.273,22727.27273,58.66666667,60.70694634,124.0,4.0,4.0,4.0,0.0,4.0,4.0,48.0,48.0,0.0,48.0,48.0,0.0,0.0,0.0,0.0,64.0,64.0,11363.63636,11363.63636,48.0,64.0,54.4,8.76356092,76.8,0.0,0.0,0.0,0.0,0.0,0.0,0.0,0.0,1.0,68.0,48.0,64.0,64.0,0.0,0.0,0.0,0.0,0.0,0.0,2.0,96.0,2.0,128.0,-1.0,-1.0,1.0,32.0,0.0,0.0,0.0,0.0,0.0,0.0,0.0,0.0,BENIGN
53.0,180.0,2.0,2.0,74.0,106.0,37.0,37.0,37.0,0.0,53.0,53.0,53.0,0.0,1000000.0,22222.22222,60.0,62.86493458,128.0,4.0,4.0,4.0,0.0,4.0,4.0,48.0,48.0,0.0,48.0,48.0,0.0,0.0,0.0,0.0,64.0,64.0,11111.11111,11111.11111,37.0,53.0,43.4,8.76356092,76.8,0.0,0.0,0.0,0.0,0.0,0.0,0.0,0.0,1.0,54.25,37.0,53.0,64.0,0.0,0.0,0.0,0.0,0.0,0.0,2.0,74.0,2.0,106.0,-1.0,-1.0,1.0,32.0,0.0,0.0,0.0,0.0,0.0,0.0,0.0,0.0,BENIGN
53.0,225951.0,4.0,2.0,160.0,280.0,40.0,40.0,40.0,0.0,140.0,140.0,140.0,0.0,1947.324862,26.55442994,45190.2,87435.1291,200343.0,1.0,25559.0,8519.666667,14753.03146,25555.0,1.0,49.0,49.0,0.0,49.0,49.0,0.0,0.0,0.0,0.0,104.0,40.0,17.7029533,8.851476648,40.0,140.0,68.57142857,48.79500365,2380.952381,0.0,0.0,0.0,0.0,0.0,0.0,0.0,0.0,0.0,80.0,40.0,140.0,104.0,0.0,0.0,0.0,0.0,0.0,0.0,4.0,160.0,2.0,280.0,-1.0,-1.0,3.0,20.0,0.0,0.0,0.0,0.0,0.0,0.0,0.0,0.0,BENIGN
53.0,72357.0,4.0,2.0,164.0,180.0,41.0,41.0,41.0,0.0,90.0,90.0,90.0,0.0,4754.204845,82.92217754,14471.4,21443.06166,47777.0,3.0,24576.0,8192.0,14183.76406,24570.0,3.0,4.0,4.0,0.0,4.0,4.0,0.0,0.0,0.0,0.0,80.0,64.0,55.28145169,27.64072585,41.0,90.0,55.0,23.90955179,571.6666667,0.0,0.0,0.0,0.0,0.0,0.0,0.0,0.0,0.0,64.16666667,41.0,90.0,80.0,0.0,0.0,0.0,0.0,0.0,0.0,4.0,164.0,2.0,180.0,-1.0,-1.0,3.0,20.0,0.0,0.0,0.0,0.0,0.0,0.0,0.0,0.0,BENIGN
53.0,199.0,2.0,2.0,86.0,118.0,43.0,43.0,43.0,0.0,59.0,59.0,59.0,0.0,1025125.628,20100.50251,66.33333333,18.03699901,85.0,49.0,65.0,65.0,0.0,65.0,65.0,49.0,49.0,0.0,49.0,49.0,0.0,0.0,0.0,0.0,40.0,40.0,10050.25126,10050.25126,43.0,59.0,49.4,8.76356092,76.8,0.0,0.0,0.0,0.0,0.0,0.0,0.0,0.0,1.0,61.75,43.0,59.0,40.0,0.0,0.0,0.0,0.0,0.0,0.0,2.0,86.0,2.0,118.0,-1.0,-1.0,1.0,20.0,0.0,0.0,0.0,0.0,0.0,0.0,0.0,0.0,BENIGN
53.0,82814.0,4.0,2.0,192.0,128.0,48.0,48.0,48.0,0.0,64.0,64.0,64.0,0.0,3864.080952,72.45151786,16562.8,25618.76098,58403.0,1.0,24362.0,8120.666667,13931.38336,24207.0,1.0,49.0,49.0,0.0,49.0,49.0,0.0,0.0,0.0,0.0,128.0,64.0,48.30101191,24.15050595,48.0,64.0,52.57142857,7.807200584,60.95238095,0.0,0.0,0.0,0.0,0.0,0.0,0.0,0.0,0.0,61.33333333,48.0,64.0,128.0,0.0,0.0,0.0,0.0,0.0,0.0,4.0,192.0,2.0,128.0,-1.0,-1.0,3.0,32.0,0.0,0.0,0.0,0.0,0.0,0.0,0.0,0.0,BENIGN
53.0,78141.0,4.0,2.0,160.0,194.0,40.0,40.0,40.0,0.0,97.0,97.0,97.0,0.0,4530.2722,76.78427458,15628.2,26604.44162,61497.0,3.0,61504.0,20501.33333,35503.28878,61497.0,3.0,191.0,191.0,0.0,191.0,191.0,0.0,0.0,0.0,0.0,80.0,64.0,51.18951639,25.59475819,40.0,97.0,56.28571429,27.81315208,773.5714286,0.0,0.0,0.0,0.0,0.0,0.0,0.0,0.0,0.0,65.66666667,40.0,97.0,80.0,0.0,0.0,0.0,0.0,0.0,0.0,4.0,160.0,2.0,194.0,-1.0,-1.0,3.0,20.0,0.0,0.0,0.0,0.0,0.0,0.0,0.0,0.0,BENIGN
53.0,204.0,2.0,2.0,60.0,264.0,30.0,30.0,30.0,0.0,132.0,132.0,132.0,0.0,1588235.294,19607.84314,68.0,76.29547824,152.0,3.0,3.0,3.0,0.0,3.0,3.0,49.0,49.0,0.0,49.0,49.0,0.0,0.0,0.0,0.0,40.0,40.0,9803.921569,9803.921569,30.0,132.0,70.8,55.86770087,3121.2,0.0,0.0,0.0,0.0,0.0,0.0,0.0,0.0,1.0,88.5,30.0,132.0,40.0,0.0,0.0,0.0,0.0,0.0,0.0,2.0,60.0,2.0,264.0,-1.0,-1.0,1.0,20.0,0.0,0.0,0.0,0.0,0.0,0.0,0.0,0.0,BENIGN
53.0,173.0,2.0,2.0,64.0,128.0,32.0,32.0,32.0,0.0,64.0,64.0,64.0,0.0,1109826.59,23121.38728,57.66666667,60.70694634,123.0,3.0,3.0,3.0,0.0,3.0,3.0,47.0,47.0,0.0,47.0,47.0,0.0,0.0,0.0,0.0,64.0,64.0,11560.69364,11560.69364,32.0,64.0,44.8,17.52712184,307.2,0.0,0.0,0.0,0.0,0.0,0.0,0.0,0.0,1.0,56.0,32.0,64.0,64.0,0.0,0.0,0.0,0.0,0.0,0.0,2.0,64.0,2.0,128.0,-1.0,-1.0,1.0,32.0,0.0,0.0,0.0,0.0,0.0,0.0,0.0,0.0,BENIGN
53.0,173.0,2.0,2.0,86.0,118.0,43.0,43.0,43.0,0.0,59.0,59.0,59.0,0.0,1179190.751,23121.38728,57.66666667,60.08604941,122.0,3.0,3.0,3.0,0.0,3.0,3.0,48.0,48.0,0.0,48.0,48.0,0.0,0.0,0.0,0.0,40.0,40.0,11560.69364,11560.69364,43.0,59.0,49.4,8.76356092,76.8,0.0,0.0,0.0,0.0,0.0,0.0,0.0,0.0,1.0,61.75,43.0,59.0,40.0,0.0,0.0,0.0,0.0,0.0,0.0,2.0,86.0,2.0,118.0,-1.0,-1.0,1.0,20.0,0.0,0.0,0.0,0.0,0.0,0.0,0.0,0.0,BENIGN
53.0,60451.0,4.0,2.0,172.0,198.0,43.0,43.0,43.0,0.0,99.0,99.0,99.0,0.0,6120.659708,99.25394121,12090.2,16756.42185,34225.0,3.0,26177.0,8725.666667,15070.01278,26127.0,3.0,49.0,49.0,0.0,49.0,49.0,0.0,0.0,0.0,0.0,80.0,64.0,66.16929414,33.08464707,43.0,99.0,59.0,27.32520204,746.6666667,0.0,0.0,0.0,0.0,0.0,0.0,0.0,0.0,0.0,68.83333333,43.0,99.0,80.0,0.0,0.0,0.0,0.0,0.0,0.0,4.0,172.0,2.0,198.0,-1.0,-1.0,3.0,20.0,0.0,0.0,0.0,0.0,0.0,0.0,0.0,0.0,BENIGN
53.0,24304.0,4.0,4.0,128.0,256.0,32.0,32.0,32.0,0.0,64.0,64.0,64.0,0.0,15799.86833,329.1639236,3472.0,9085.581838,24076.0,3.0,24148.0,8049.333333,13936.65815,24142.0,3.0,225.0,75.0,45.90206967,128.0,48.0,0.0,0.0,0.0,0.0,104.0,128.0,164.5819618,164.5819618,32.0,64.0,46.22222222,16.86548085,284.4444444,0.0,0.0,0.0,0.0,0.0,0.0,0.0,0.0,1.0,52.0,32.0,64.0,104.0,0.0,0.0,0.0,0.0,0.0,0.0,4.0,128.0,4.0,256.0,-1.0,-1.0,3.0,20.0,0.0,0.0,0.0,0.0,0.0,0.0,0.0,0.0,BENIGN
53.0,55936.0,4.0,4.0,128.0,368.0,32.0,32.0,32.0,0.0,92.0,92.0,92.0,0.0,8867.276888,143.020595,7990.857143,19688.45947,52565.0,2.0,55777.0,18592.33333,32158.70726,55726.0,2.0,3322.0,1107.333333,1833.953198,3225.0,48.0,0.0,0.0,0.0,0.0,104.0,104.0,71.51029748,71.51029748,32.0,92.0,58.66666667,31.6227766,1000.0,0.0,0.0,0.0,0.0,0.0,0.0,0.0,0.0,1.0,66.0,32.0,92.0,104.0,0.0,0.0,0.0,0.0,0.0,0.0,4.0,128.0,4.0,368.0,-1.0,-1.0,3.0,20.0,0.0,0.0,0.0,0.0,0.0,0.0,0.0,0.0,BENIGN
53.0,23839.0,2.0,2.0,68.0,178.0,34.0,34.0,34.0,0.0,89.0,89.0,89.0,0.0,10319.2248,167.7922732,7946.333333,13756.52486,23831.0,4.0,4.0,4.0,0.0,4.0,4.0,4.0,4.0,0.0,4.0,4.0,0.0,0.0,0.0,0.0,64.0,40.0,83.89613658,83.89613658,34.0,89.0,56.0,30.12474066,907.5,0.0,0.0,0.0,0.0,0.0,0.0,0.0,0.0,1.0,70.0,34.0,89.0,64.0,0.0,0.0,0.0,0.0,0.0,0.0,2.0,68.0,2.0,178.0,-1.0,-1.0,1.0,32.0,0.0,0.0,0.0,0.0,0.0,0.0,0.0,0.0,BENIGN
53.0,249.0,2.0,2.0,60.0,264.0,30.0,30.0,30.0,0.0,132.0,132.0,132.0,0.0,1301204.819,16064.25703,83.0,136.8320138,241.0,4.0,4.0,4.0,0.0,4.0,4.0,4.0,4.0,0.0,4.0,4.0,0.0,0.0,0.0,0.0,40.0,40.0,8032.128514,8032.128514,30.0,132.0,70.8,55.86770087,3121.2,0.0,0.0,0.0,0.0,0.0,0.0,0.0,0.0,1.0,88.5,30.0,132.0,40.0,0.0,0.0,0.0,0.0,0.0,0.0,2.0,60.0,2.0,264.0,-1.0,-1.0,1.0,20.0,0.0,0.0,0.0,0.0,0.0,0.0,0.0,0.0,BENIGN
53.0,49135.0,2.0,2.0,64.0,238.0,32.0,32.0,32.0,0.0,119.0,119.0,119.0,0.0,6146.331536,81.40836471,16378.33333,28323.94712,49084.0,3.0,48.0,48.0,0.0,48.0,48.0,3.0,3.0,0.0,3.0,3.0,0.0,0.0,0.0,0.0,64.0,40.0,40.70418235,40.70418235,32.0,119.0,66.8,47.6518625,2270.7,0.0,0.0,0.0,0.0,0.0,0.0,0.0,0.0,1.0,83.5,32.0,119.0,64.0,0.0,0.0,0.0,0.0,0.0,0.0,2.0,64.0,2.0,238.0,-1.0,-1.0,1.0,32.0,0.0,0.0,0.0,0.0,0.0,0.0,0.0,0.0,BENIGN
53.0,212.0,2.0,2.0,126.0,382.0,63.0,63.0,63.0,0.0,191.0,191.0,191.0,0.0,2396226.415,18867.92453,70.66666667,116.3371537,205.0,3.0,3.0,3.0,0.0,3.0,3.0,4.0,4.0,0.0,4.0,4.0,0.0,0.0,0.0,0.0,40.0,40.0,9433.962264,9433.962264,63.0,191.0,114.2,70.10848736,4915.2,0.0,0.0,0.0,0.0,0.0,0.0,0.0,0.0,1.0,142.75,63.0,191.0,40.0,0.0,0.0,0.0,0.0,0.0,0.0,2.0,126.0,2.0,382.0,-1.0,-1.0,1.0,20.0,0.0,0.0,0.0,0.0,0.0,0.0,0.0,0.0,BENIGN
53.0,824.0,2.0,2.0,78.0,198.0,39.0,39.0,39.0,0.0,99.0,99.0,99.0,0.0,334951.4563,4854.368932,274.6666667,469.6747101,817.0,3.0,3.0,3.0,0.0,3.0,3.0,4.0,4.0,0.0,4.0,4.0,0.0,0.0,0.0,0.0,64.0,64.0,2427.184466,2427.184466,39.0,99.0,63.0,32.86335345,1080.0,0.0,0.0,0.0,0.0,0.0,0.0,0.0,0.0,1.0,78.75,39.0,99.0,64.0,0.0,0.0,0.0,0.0,0.0,0.0,2.0,78.0,2.0,198.0,-1.0,-1.0,1.0,32.0,0.0,0.0,0.0,0.0,0.0,0.0,0.0,0.0,BENIGN
53.0,23380.0,2.0,2.0,70.0,126.0,35.0,35.0,35.0,0.0,63.0,63.0,63.0,0.0,8383.233533,171.0863986,7793.333333,13491.52109,23372.0,4.0,4.0,4.0,0.0,4.0,4.0,4.0,4.0,0.0,4.0,4.0,0.0,0.0,0.0,0.0,64.0,64.0,85.54319932,85.54319932,35.0,63.0,46.2,15.33623161,235.2,0.0,0.0,0.0,0.0,0.0,0.0,0.0,0.0,1.0,57.75,35.0,63.0,64.0,0.0,0.0,0.0,0.0,0.0,0.0,2.0,70.0,2.0,126.0,-1.0,-1.0,1.0,32.0,0.0,0.0,0.0,0.0,0.0,0.0,0.0,0.0,BENIGN
53.0,23530.0,2.0,2.0,64.0,160.0,32.0,32.0,32.0,0.0,80.0,80.0,80.0,0.0,9519.762006,169.9957501,7843.333333,13579.85568,23524.0,3.0,3.0,3.0,0.0,3.0,3.0,3.0,3.0,0.0,3.0,3.0,0.0,0.0,0.0,0.0,64.0,64.0,84.99787505,84.99787505,32.0,80.0,51.2,26.29068276,691.2,0.0,0.0,0.0,0.0,0.0,0.0,0.0,0.0,1.0,64.0,32.0,80.0,64.0,0.0,0.0,0.0,0.0,0.0,0.0,2.0,64.0,2.0,160.0,-1.0,-1.0,1.0,32.0,0.0,0.0,0.0,0.0,0.0,0.0,0.0,0.0,BENIGN
53.0,48452.0,2.0,2.0,70.0,188.0,35.0,35.0,35.0,0.0,94.0,94.0,94.0,0.0,5324.857591,82.55593164,16150.66667,27967.71307,48445.0,3.0,3.0,3.0,0.0,3.0,3.0,4.0,4.0,0.0,4.0,4.0,0.0,0.0,0.0,0.0,64.0,40.0,41.27796582,41.27796582,35.0,94.0,58.6,32.31563089,1044.3,0.0,0.0,0.0,0.0,0.0,0.0,0.0,0.0,1.0,73.25,35.0,94.0,64.0,0.0,0.0,0.0,0.0,0.0,0.0,2.0,70.0,2.0,188.0,-1.0,-1.0,1.0,32.0,0.0,0.0,0.0,0.0,0.0,0.0,0.0,0.0,BENIGN
53.0,137005.0,4.0,2.0,164.0,392.0,41.0,41.0,41.0,0.0,196.0,196.0,196.0,0.0,4058.246049,43.79402212,27401.0,37596.94864,71989.0,2.0,65012.0,21670.66667,37529.49956,65006.0,2.0,4.0,4.0,0.0,4.0,4.0,0.0,0.0,0.0,0.0,80.0,64.0,29.19601474,14.59800737,41.0,196.0,85.28571429,75.63225565,5720.238095,0.0,0.0,0.0,0.0,0.0,0.0,0.0,0.0,0.0,99.5,41.0,196.0,80.0,0.0,0.0,0.0,0.0,0.0,0.0,4.0,164.0,2.0,392.0,-1.0,-1.0,3.0,20.0,0.0,0.0,0.0,0.0,0.0,0.0,0.0,0.0,BENIGN
53.0,63472.0,4.0,2.0,216.0,226.0,54.0,54.0,54.0,0.0,113.0,113.0,113.0,0.0,6963.700529,94.52987144,12694.4,17967.74539,38188.0,3.0,25280.0,8426.666667,14590.21865,25274.0,3.0,4.0,4.0,0.0,4.0,4.0,0.0,0.0,0.0,0.0,128.0,64.0,63.01991429,31.50995715,54.0,113.0,70.85714286,28.78905215,828.8095238,0.0,0.0,0.0,0.0,0.0,0.0,0.0,0.0,0.0,82.66666667,54.0,113.0,128.0,0.0,0.0,0.0,0.0,0.0,0.0,4.0,216.0,2.0,226.0,-1.0,-1.0,3.0,32.0,0.0,0.0,0.0,0.0,0.0,0.0,0.0,0.0,BENIGN
53.0,204.0,2.0,2.0,76.0,300.0,38.0,38.0,38.0,0.0,150.0,150.0,150.0,0.0,1843137.255,19607.84314,68.0,110.8512517,196.0,4.0,4.0,4.0,0.0,4.0,4.0,4.0,4.0,0.0,4.0,4.0,0.0,0.0,0.0,0.0,40.0,40.0,9803.921569,9803.921569,38.0,150.0,82.8,61.34492644,3763.2,0.0,0.0,0.0,0.0,0.0,0.0,0.0,0.0,1.0,103.5,38.0,150.0,40.0,0.0,0.0,0.0,0.0,0.0,0.0,2.0,76.0,2.0,300.0,-1.0,-1.0,1.0,20.0,0.0,0.0,0.0,0.0,0.0,0.0,0.0,0.0,BENIGN
53.0,315.0,2.0,2.0,64.0,160.0,32.0,32.0,32.0,0.0,80.0,80.0,80.0,0.0,711111.1111,12698.4127,105.0,174.9371316,307.0,4.0,4.0,4.0,0.0,4.0,4.0,4.0,4.0,0.0,4.0,4.0,0.0,0.0,0.0,0.0,64.0,64.0,6349.206349,6349.206349,32.0,80.0,51.2,26.29068276,691.2,0.0,0.0,0.0,0.0,0.0,0.0,0.0,0.0,1.0,64.0,32.0,80.0,64.0,0.0,0.0,0.0,0.0,0.0,0.0,2.0,64.0,2.0,160.0,-1.0,-1.0,1.0,32.0,0.0,0.0,0.0,0.0,0.0,0.0,0.0,0.0,BENIGN
53.0,321.0,2.0,2.0,60.0,264.0,30.0,30.0,30.0,0.0,132.0,132.0,132.0,0.0,1009345.794,12461.05919,107.0,180.1360597,315.0,2.0,4.0,4.0,0.0,4.0,4.0,2.0,2.0,0.0,2.0,2.0,0.0,0.0,0.0,0.0,40.0,40.0,6230.529595,6230.529595,30.0,132.0,70.8,55.86770087,3121.2,0.0,0.0,0.0,0.0,0.0,0.0,0.0,0.0,1.0,88.5,30.0,132.0,40.0,0.0,0.0,0.0,0.0,0.0,0.0,2.0,60.0,2.0,264.0,-1.0,-1.0,1.0,20.0,0.0,0.0,0.0,0.0,0.0,0.0,0.0,0.0,BENIGN
53.0,172.0,2.0,2.0,58.0,122.0,29.0,29.0,29.0,0.0,61.0,61.0,61.0,0.0,1046511.628,23255.81395,57.33333333,93.24340906,165.0,3.0,3.0,3.0,0.0,3.0,3.0,4.0,4.0,0.0,4.0,4.0,0.0,0.0,0.0,0.0,40.0,40.0,11627.90698,11627.90698,29.0,61.0,41.8,17.52712184,307.2,0.0,0.0,0.0,0.0,0.0,0.0,0.0,0.0,1.0,52.25,29.0,61.0,40.0,0.0,0.0,0.0,0.0,0.0,0.0,2.0,58.0,2.0,122.0,-1.0,-1.0,1.0,20.0,0.0,0.0,0.0,0.0,0.0,0.0,0.0,0.0,BENIGN
53.0,158.0,2.0,2.0,70.0,178.0,35.0,35.0,35.0,0.0,89.0,89.0,89.0,0.0,1569620.253,25316.4557,52.66666667,86.02519011,152.0,3.0,3.0,3.0,0.0,3.0,3.0,3.0,3.0,0.0,3.0,3.0,0.0,0.0,0.0,0.0,64.0,64.0,12658.22785,12658.22785,35.0,89.0,56.6,29.57701811,874.8,0.0,0.0,0.0,0.0,0.0,0.0,0.0,0.0,1.0,70.75,35.0,89.0,64.0,0.0,0.0,0.0,0.0,0.0,0.0,2.0,70.0,2.0,178.0,-1.0,-1.0,1.0,32.0,0.0,0.0,0.0,0.0,0.0,0.0,0.0,0.0,BENIGN
53.0,170.0,2.0,2.0,58.0,122.0,29.0,29.0,29.0,0.0,61.0,61.0,61.0,0.0,1058823.529,23529.41176,56.66666667,92.08872533,163.0,3.0,3.0,3.0,0.0,3.0,3.0,4.0,4.0,0.0,4.0,4.0,0.0,0.0,0.0,0.0,64.0,64.0,11764.70588,11764.70588,29.0,61.0,41.8,17.52712184,307.2,0.0,0.0,0.0,0.0,0.0,0.0,0.0,0.0,1.0,52.25,29.0,61.0,64.0,0.0,0.0,0.0,0.0,0.0,0.0,2.0,58.0,2.0,122.0,-1.0,-1.0,1.0,32.0,0.0,0.0,0.0,0.0,0.0,0.0,0.0,0.0,BENIGN
53.0,154.0,2.0,2.0,70.0,102.0,35.0,35.0,35.0,0.0,51.0,51.0,51.0,0.0,1116883.117,25974.02597,51.33333333,81.98373822,146.0,4.0,4.0,4.0,0.0,4.0,4.0,4.0,4.0,0.0,4.0,4.0,0.0,0.0,0.0,0.0,64.0,64.0,12987.01299,12987.01299,35.0,51.0,41.4,8.76356092,76.8,0.0,0.0,0.0,0.0,0.0,0.0,0.0,0.0,1.0,51.75,35.0,51.0,64.0,0.0,0.0,0.0,0.0,0.0,0.0,2.0,70.0,2.0,102.0,-1.0,-1.0,1.0,32.0,0.0,0.0,0.0,0.0,0.0,0.0,0.0,0.0,BENIGN
53.0,157.0,2.0,2.0,70.0,102.0,35.0,35.0,35.0,0.0,51.0,51.0,51.0,0.0,1095541.401,25477.70701,52.33333333,84.58329228,150.0,3.0,3.0,3.0,0.0,3.0,3.0,4.0,4.0,0.0,4.0,4.0,0.0,0.0,0.0,0.0,64.0,64.0,12738.8535,12738.8535,35.0,51.0,41.4,8.76356092,76.8,0.0,0.0,0.0,0.0,0.0,0.0,0.0,0.0,1.0,51.75,35.0,51.0,64.0,0.0,0.0,0.0,0.0,0.0,0.0,2.0,70.0,2.0,102.0,-1.0,-1.0,1.0,32.0,0.0,0.0,0.0,0.0,0.0,0.0,0.0,0.0,BENIGN
53.0,83892.0,4.0,2.0,116.0,90.0,29.0,29.0,29.0,0.0,45.0,45.0,45.0,0.0,2455.538073,71.52052639,16778.4,27104.44461,62289.0,3.0,62296.0,20765.33333,35960.5502,62289.0,3.0,3.0,3.0,0.0,3.0,3.0,0.0,0.0,0.0,0.0,80.0,40.0,47.68035093,23.84017546,29.0,45.0,33.57142857,7.807200584,60.95238095,0.0,0.0,0.0,0.0,0.0,0.0,0.0,0.0,0.0,39.16666667,29.0,45.0,80.0,0.0,0.0,0.0,0.0,0.0,0.0,4.0,116.0,2.0,90.0,-1.0,-1.0,3.0,20.0,0.0,0.0,0.0,0.0,0.0,0.0,0.0,0.0,BENIGN
53.0,159.0,2.0,2.0,58.0,90.0,29.0,29.0,29.0,0.0,45.0,45.0,45.0,0.0,930817.6101,25157.2327,53.0,84.87048957,151.0,4.0,4.0,4.0,0.0,4.0,4.0,4.0,4.0,0.0,4.0,4.0,0.0,0.0,0.0,0.0,80.0,80.0,12578.61635,12578.61635,29.0,45.0,35.4,8.76356092,76.8,0.0,0.0,0.0,0.0,0.0,0.0,0.0,0.0,1.0,44.25,29.0,45.0,80.0,0.0,0.0,0.0,0.0,0.0,0.0,2.0,58.0,2.0,90.0,-1.0,-1.0,1.0,40.0,0.0,0.0,0.0,0.0,0.0,0.0,0.0,0.0,BENIGN
53.0,71918.0,4.0,2.0,172.0,454.0,43.0,43.0,43.0,0.0,227.0,227.0,227.0,0.0,8704.357741,83.42834895,14383.6,19733.87981,38152.0,1.0,33762.0,11254.0,19450.07874,33713.0,1.0,4.0,4.0,0.0,4.0,4.0,0.0,0.0,0.0,0.0,128.0,40.0,55.6188993,27.80944965,43.0,227.0,95.57142857,89.78280671,8060.952381,0.0,0.0,0.0,0.0,0.0,0.0,0.0,0.0,0.0,111.5,43.0,227.0,128.0,0.0,0.0,0.0,0.0,0.0,0.0,4.0,172.0,2.0,454.0,-1.0,-1.0,3.0,32.0,0.0,0.0,0.0,0.0,0.0,0.0,0.0,0.0,BENIGN
53.0,242.0,2.0,2.0,76.0,332.0,38.0,38.0,38.0,0.0,166.0,166.0,166.0,0.0,1685950.413,16528.92562,80.66666667,97.20768145,190.0,4.0,48.0,48.0,0.0,48.0,48.0,4.0,4.0,0.0,4.0,4.0,0.0,0.0,0.0,0.0,64.0,64.0,8264.46281,8264.46281,38.0,166.0,89.2,70.10848736,4915.2,0.0,0.0,0.0,0.0,0.0,0.0,0.0,0.0,1.0,111.5,38.0,166.0,64.0,0.0,0.0,0.0,0.0,0.0,0.0,2.0,76.0,2.0,332.0,-1.0,-1.0,1.0,32.0,0.0,0.0,0.0,0.0,0.0,0.0,0.0,0.0,BENIGN
53.0,157.0,2.0,2.0,70.0,102.0,35.0,35.0,35.0,0.0,51.0,51.0,51.0,0.0,1095541.401,25477.70701,52.33333333,84.58329228,150.0,3.0,3.0,3.0,0.0,3.0,3.0,4.0,4.0,0.0,4.0,4.0,0.0,0.0,0.0,0.0,40.0,40.0,12738.8535,12738.8535,35.0,51.0,41.4,8.76356092,76.8,0.0,0.0,0.0,0.0,0.0,0.0,0.0,0.0,1.0,51.75,35.0,51.0,40.0,0.0,0.0,0.0,0.0,0.0,0.0,2.0,70.0,2.0,102.0,-1.0,-1.0,1.0,20.0,0.0,0.0,0.0,0.0,0.0,0.0,0.0,0.0,BENIGN
53.0,49834.0,2.0,2.0,80.0,202.0,40.0,40.0,40.0,0.0,101.0,101.0,101.0,0.0,5658.787173,80.26648473,16611.33333,28765.61114,49827.0,3.0,3.0,3.0,0.0,3.0,3.0,4.0,4.0,0.0,4.0,4.0,0.0,0.0,0.0,0.0,40.0,64.0,40.13324236,40.13324236,40.0,101.0,64.4,33.41107601,1116.3,0.0,0.0,0.0,0.0,0.0,0.0,0.0,0.0,1.0,80.5,40.0,101.0,40.0,0.0,0.0,0.0,0.0,0.0,0.0,2.0,80.0,2.0,202.0,-1.0,-1.0,1.0,20.0,0.0,0.0,0.0,0.0,0.0,0.0,0.0,0.0,BENIGN
53.0,61843.0,4.0,4.0,252.0,588.0,63.0,63.0,63.0,0.0,147.0,147.0,147.0,0.0,13582.78221,129.3598305,8834.714286,15530.95789,37861.0,1.0,61535.0,20511.66667,35523.78473,61531.0,1.0,38174.0,12724.66667,22035.4391,38169.0,1.0,0.0,0.0,0.0,0.0,104.0,104.0,64.67991527,64.67991527,63.0,147.0,100.3333333,44.27188724,1960.0,0.0,0.0,0.0,0.0,0.0,0.0,0.0,0.0,1.0,112.875,63.0,147.0,104.0,0.0,0.0,0.0,0.0,0.0,0.0,4.0,252.0,4.0,588.0,-1.0,-1.0,3.0,20.0,0.0,0.0,0.0,0.0,0.0,0.0,0.0,0.0,BENIGN
53.0,114237.0,4.0,2.0,116.0,202.0,29.0,29.0,29.0,0.0,101.0,101.0,101.0,0.0,2783.686546,52.52238767,22847.4,38740.55951,89436.0,3.0,24797.0,8265.666667,14310.49246,24790.0,3.0,4.0,4.0,0.0,4.0,4.0,0.0,0.0,0.0,0.0,104.0,40.0,35.01492511,17.50746256,29.0,101.0,49.57142857,35.13240263,1234.285714,0.0,0.0,0.0,0.0,0.0,0.0,0.0,0.0,0.0,57.83333333,29.0,101.0,104.0,0.0,0.0,0.0,0.0,0.0,0.0,4.0,116.0,2.0,202.0,-1.0,-1.0,3.0,20.0,0.0,0.0,0.0,0.0,0.0,0.0,0.0,0.0,BENIGN
53.0,23930.0,2.0,2.0,68.0,422.0,34.0,34.0,34.0,0.0,211.0,211.0,211.0,0.0,20476.38947,167.1541997,7976.666667,13809.92977,23923.0,3.0,4.0,4.0,0.0,4.0,4.0,3.0,3.0,0.0,3.0,3.0,0.0,0.0,0.0,0.0,64.0,64.0,83.57709987,83.57709987,34.0,211.0,104.8,96.94689268,9398.7,0.0,0.0,0.0,0.0,0.0,0.0,0.0,0.0,1.0,131.0,34.0,211.0,64.0,0.0,0.0,0.0,0.0,0.0,0.0,2.0,68.0,2.0,422.0,-1.0,-1.0,1.0,32.0,0.0,0.0,0.0,0.0,0.0,0.0,0.0,0.0,BENIGN
53.0,124128.0,4.0,2.0,160.0,570.0,40.0,40.0,40.0,0.0,285.0,285.0,285.0,0.0,5881.026038,48.33720031,24825.6,42892.99162,99060.0,3.0,25065.0,8355.0,14465.22233,25058.0,3.0,3.0,3.0,0.0,3.0,3.0,0.0,0.0,0.0,0.0,128.0,64.0,32.22480021,16.1124001,40.0,285.0,110.0,119.5477589,14291.66667,0.0,0.0,0.0,0.0,0.0,0.0,0.0,0.0,0.0,128.3333333,40.0,285.0,128.0,0.0,0.0,0.0,0.0,0.0,0.0,4.0,160.0,2.0,570.0,-1.0,-1.0,3.0,32.0,0.0,0.0,0.0,0.0,0.0,0.0,0.0,0.0,BENIGN
53.0,122752.0,4.0,2.0,108.0,216.0,27.0,27.0,27.0,0.0,108.0,108.0,108.0,0.0,2639.468196,48.87904067,24550.4,38782.75204,88759.0,3.0,33990.0,11330.0,19579.98128,33939.0,3.0,3.0,3.0,0.0,3.0,3.0,0.0,0.0,0.0,0.0,128.0,40.0,32.58602711,16.29301356,27.0,108.0,50.14285714,39.52395295,1562.142857,0.0,0.0,0.0,0.0,0.0,0.0,0.0,0.0,0.0,58.5,27.0,108.0,128.0,0.0,0.0,0.0,0.0,0.0,0.0,4.0,108.0,2.0,216.0,-1.0,-1.0,3.0,32.0,0.0,0.0,0.0,0.0,0.0,0.0,0.0,0.0,BENIGN
53.0,176.0,2.0,2.0,80.0,112.0,40.0,40.0,40.0,0.0,56.0,56.0,56.0,0.0,1090909.091,22727.27273,58.66666667,95.55277774,169.0,3.0,4.0,4.0,0.0,4.0,4.0,3.0,3.0,0.0,3.0,3.0,0.0,0.0,0.0,0.0,40.0,40.0,11363.63636,11363.63636,40.0,56.0,46.4,8.76356092,76.8,0.0,0.0,0.0,0.0,0.0,0.0,0.0,0.0,1.0,58.0,40.0,56.0,40.0,0.0,0.0,0.0,0.0,0.0,0.0,2.0,80.0,2.0,112.0,-1.0,-1.0,1.0,20.0,0.0,0.0,0.0,0.0,0.0,0.0,0.0,0.0,BENIGN
53.0,50255.0,2.0,2.0,134.0,302.0,67.0,67.0,67.0,0.0,151.0,151.0,151.0,0.0,8675.753656,79.59407024,16751.66667,29009.54163,50249.0,3.0,3.0,3.0,0.0,3.0,3.0,3.0,3.0,0.0,3.0,3.0,0.0,0.0,0.0,0.0,40.0,64.0,39.79703512,39.79703512,67.0,151.0,100.6,46.00869483,2116.8,0.0,0.0,0.0,0.0,0.0,0.0,0.0,0.0,1.0,125.75,67.0,151.0,40.0,0.0,0.0,0.0,0.0,0.0,0.0,2.0,134.0,2.0,302.0,-1.0,-1.0,1.0,20.0,0.0,0.0,0.0,0.0,0.0,0.0,0.0,0.0,BENIGN
53.0,163.0,2.0,2.0,70.0,102.0,35.0,35.0,35.0,0.0,51.0,51.0,51.0,0.0,1055214.724,24539.8773,54.33333333,88.91194146,157.0,3.0,3.0,3.0,0.0,3.0,3.0,3.0,3.0,0.0,3.0,3.0,0.0,0.0,0.0,0.0,64.0,64.0,12269.93865,12269.93865,35.0,51.0,41.4,8.76356092,76.8,0.0,0.0,0.0,0.0,0.0,0.0,0.0,0.0,1.0,51.75,35.0,51.0,64.0,0.0,0.0,0.0,0.0,0.0,0.0,2.0,70.0,2.0,102.0,-1.0,-1.0,1.0,32.0,0.0,0.0,0.0,0.0,0.0,0.0,0.0,0.0,BENIGN
53.0,173.0,2.0,2.0,78.0,206.0,39.0,39.0,39.0,0.0,103.0,103.0,103.0,0.0,1641618.497,23121.38728,57.66666667,92.95339334,165.0,4.0,4.0,4.0,0.0,4.0,4.0,4.0,4.0,0.0,4.0,4.0,0.0,0.0,0.0,0.0,64.0,64.0,11560.69364,11560.69364,39.0,103.0,64.6,35.05424368,1228.8,0.0,0.0,0.0,0.0,0.0,0.0,0.0,0.0,1.0,80.75,39.0,103.0,64.0,0.0,0.0,0.0,0.0,0.0,0.0,2.0,78.0,2.0,206.0,-1.0,-1.0,1.0,32.0,0.0,0.0,0.0,0.0,0.0,0.0,0.0,0.0,BENIGN
53.0,214.0,2.0,2.0,134.0,198.0,67.0,67.0,67.0,0.0,99.0,99.0,99.0,0.0,1551401.869,18691.58879,71.33333333,40.41451884,118.0,48.0,48.0,48.0,0.0,48.0,48.0,48.0,48.0,0.0,48.0,48.0,0.0,0.0,0.0,0.0,40.0,40.0,9345.794393,9345.794393,67.0,99.0,79.8,17.52712184,307.2,0.0,0.0,0.0,0.0,0.0,0.0,0.0,0.0,1.0,99.75,67.0,99.0,40.0,0.0,0.0,0.0,0.0,0.0,0.0,2.0,134.0,2.0,198.0,-1.0,-1.0,1.0,20.0,0.0,0.0,0.0,0.0,0.0,0.0,0.0,0.0,BENIGN
53.0,60555.0,4.0,4.0,116.0,384.0,29.0,29.0,29.0,0.0,96.0,96.0,96.0,0.0,8256.956486,132.1113038,8650.714286,18230.90194,48861.0,1.0,60296.0,20098.66667,34808.44774,60292.0,1.0,11691.0,3897.0,6742.873794,11683.0,4.0,0.0,0.0,0.0,0.0,104.0,80.0,66.05565189,66.05565189,29.0,96.0,58.77777778,35.31210054,1246.944444,0.0,0.0,0.0,0.0,0.0,0.0,0.0,0.0,1.0,66.125,29.0,96.0,104.0,0.0,0.0,0.0,0.0,0.0,0.0,4.0,116.0,4.0,384.0,-1.0,-1.0,3.0,20.0,0.0,0.0,0.0,0.0,0.0,0.0,0.0,0.0,BENIGN
53.0,166.0,2.0,2.0,70.0,102.0,35.0,35.0,35.0,0.0,51.0,51.0,51.0,0.0,1036144.578,24096.38554,55.33333333,89.77935917,159.0,3.0,3.0,3.0,0.0,3.0,3.0,4.0,4.0,0.0,4.0,4.0,0.0,0.0,0.0,0.0,64.0,64.0,12048.19277,12048.19277,35.0,51.0,41.4,8.76356092,76.8,0.0,0.0,0.0,0.0,0.0,0.0,0.0,0.0,1.0,51.75,35.0,51.0,64.0,0.0,0.0,0.0,0.0,0.0,0.0,2.0,70.0,2.0,102.0,-1.0,-1.0,1.0,32.0,0.0,0.0,0.0,0.0,0.0,0.0,0.0,0.0,BENIGN
53.0,236.0,2.0,2.0,108.0,524.0,54.0,54.0,54.0,0.0,262.0,262.0,262.0,0.0,2677966.102,16949.15254,78.66666667,129.3264603,228.0,4.0,4.0,4.0,0.0,4.0,4.0,4.0,4.0,0.0,4.0,4.0,0.0,0.0,0.0,0.0,64.0,64.0,8474.576271,8474.576271,54.0,262.0,137.2,113.926292,12979.2,0.0,0.0,0.0,0.0,0.0,0.0,0.0,0.0,1.0,171.5,54.0,262.0,64.0,0.0,0.0,0.0,0.0,0.0,0.0,2.0,108.0,2.0,524.0,-1.0,-1.0,1.0,32.0,0.0,0.0,0.0,0.0,0.0,0.0,0.0,0.0,BENIGN
53.0,155.0,2.0,2.0,70.0,102.0,35.0,35.0,35.0,0.0,51.0,51.0,51.0,0.0,1109677.419,25806.45161,51.66666667,84.2931393,149.0,3.0,3.0,3.0,0.0,3.0,3.0,3.0,3.0,0.0,3.0,3.0,0.0,0.0,0.0,0.0,64.0,64.0,12903.22581,12903.22581,35.0,51.0,41.4,8.76356092,76.8,0.0,0.0,0.0,0.0,0.0,0.0,0.0,0.0,1.0,51.75,35.0,51.0,64.0,0.0,0.0,0.0,0.0,0.0,0.0,2.0,70.0,2.0,102.0,-1.0,-1.0,1.0,32.0,0.0,0.0,0.0,0.0,0.0,0.0,0.0,0.0,BENIGN
53.0,111152.0,4.0,2.0,148.0,258.0,37.0,37.0,37.0,0.0,129.0,129.0,129.0,0.0,3652.655823,53.98013531,22230.4,34070.07452,77259.0,1.0,33888.0,11296.0,19522.82482,33839.0,1.0,5.0,5.0,0.0,5.0,5.0,0.0,0.0,0.0,0.0,128.0,40.0,35.98675687,17.99337844,37.0,129.0,63.28571429,44.89140336,2015.238095,0.0,0.0,0.0,0.0,0.0,0.0,0.0,0.0,0.0,73.83333333,37.0,129.0,128.0,0.0,0.0,0.0,0.0,0.0,0.0,4.0,148.0,2.0,258.0,-1.0,-1.0,3.0,32.0,0.0,0.0,0.0,0.0,0.0,0.0,0.0,0.0,BENIGN
53.0,151.0,2.0,2.0,72.0,104.0,36.0,36.0,36.0,0.0,52.0,52.0,52.0,0.0,1165562.914,26490.06623,50.33333333,81.11925378,144.0,3.0,3.0,3.0,0.0,3.0,3.0,4.0,4.0,0.0,4.0,4.0,0.0,0.0,0.0,0.0,40.0,40.0,13245.03311,13245.03311,36.0,52.0,42.4,8.76356092,76.8,0.0,0.0,0.0,0.0,0.0,0.0,0.0,0.0,1.0,53.0,36.0,52.0,40.0,0.0,0.0,0.0,0.0,0.0,0.0,2.0,72.0,2.0,104.0,-1.0,-1.0,1.0,20.0,0.0,0.0,0.0,0.0,0.0,0.0,0.0,0.0,BENIGN
53.0,24671.0,4.0,4.0,188.0,252.0,47.0,47.0,47.0,0.0,63.0,63.0,63.0,0.0,17834.70471,324.2673584,3524.428571,9158.813021,24294.0,1.0,24483.0,8161.0,14091.98581,24433.0,1.0,24486.0,8162.0,14133.53463,24482.0,1.0,0.0,0.0,0.0,0.0,128.0,128.0,162.1336792,162.1336792,47.0,63.0,54.11111111,8.432740427,71.11111111,0.0,0.0,0.0,0.0,0.0,0.0,0.0,0.0,1.0,60.875,47.0,63.0,128.0,0.0,0.0,0.0,0.0,0.0,0.0,4.0,188.0,4.0,252.0,-1.0,-1.0,3.0,32.0,0.0,0.0,0.0,0.0,0.0,0.0,0.0,0.0,BENIGN
53.0,48737.0,2.0,2.0,54.0,190.0,27.0,27.0,27.0,0.0,95.0,95.0,95.0,0.0,5006.463262,82.07316823,16245.66667,28095.02741,48687.0,3.0,47.0,47.0,0.0,47.0,47.0,3.0,3.0,0.0,3.0,3.0,0.0,0.0,0.0,0.0,64.0,40.0,41.03658411,41.03658411,27.0,95.0,54.2,37.24513391,1387.2,0.0,0.0,0.0,0.0,0.0,0.0,0.0,0.0,1.0,67.75,27.0,95.0,64.0,0.0,0.0,0.0,0.0,0.0,0.0,2.0,54.0,2.0,190.0,-1.0,-1.0,1.0,32.0,0.0,0.0,0.0,0.0,0.0,0.0,0.0,0.0,BENIGN
53.0,181.0,2.0,2.0,110.0,174.0,55.0,55.0,55.0,0.0,87.0,87.0,87.0,0.0,1569060.773,22099.44751,60.33333333,99.3042463,175.0,3.0,3.0,3.0,0.0,3.0,3.0,3.0,3.0,0.0,3.0,3.0,0.0,0.0,0.0,0.0,40.0,40.0,11049.72376,11049.72376,55.0,87.0,67.8,17.52712184,307.2,0.0,0.0,0.0,0.0,0.0,0.0,0.0,0.0,1.0,84.75,55.0,87.0,40.0,0.0,0.0,0.0,0.0,0.0,0.0,2.0,110.0,2.0,174.0,-1.0,-1.0,1.0,20.0,0.0,0.0,0.0,0.0,0.0,0.0,0.0,0.0,BENIGN
53.0,189.0,2.0,2.0,74.0,202.0,37.0,37.0,37.0,0.0,101.0,101.0,101.0,0.0,1460317.46,21164.02116,63.0,69.07242576,138.0,2.0,49.0,49.0,0.0,49.0,49.0,2.0,2.0,0.0,2.0,2.0,0.0,0.0,0.0,0.0,40.0,40.0,10582.01058,10582.01058,37.0,101.0,62.6,35.05424368,1228.8,0.0,0.0,0.0,0.0,0.0,0.0,0.0,0.0,1.0,78.25,37.0,101.0,40.0,0.0,0.0,0.0,0.0,0.0,0.0,2.0,74.0,2.0,202.0,-1.0,-1.0,1.0,20.0,0.0,0.0,0.0,0.0,0.0,0.0,0.0,0.0,BENIGN
53.0,164.0,2.0,2.0,80.0,112.0,40.0,40.0,40.0,0.0,56.0,56.0,56.0,0.0,1170731.707,24390.2439,54.66666667,88.62467677,157.0,3.0,3.0,3.0,0.0,3.0,3.0,4.0,4.0,0.0,4.0,4.0,0.0,0.0,0.0,0.0,40.0,40.0,12195.12195,12195.12195,40.0,56.0,46.4,8.76356092,76.8,0.0,0.0,0.0,0.0,0.0,0.0,0.0,0.0,1.0,58.0,40.0,56.0,40.0,0.0,0.0,0.0,0.0,0.0,0.0,2.0,80.0,2.0,112.0,-1.0,-1.0,1.0,20.0,0.0,0.0,0.0,0.0,0.0,0.0,0.0,0.0,BENIGN
53.0,217.0,2.0,2.0,84.0,212.0,42.0,42.0,42.0,0.0,106.0,106.0,106.0,0.0,1364055.3,18433.17972,72.33333333,41.2835722,120.0,48.0,49.0,49.0,0.0,49.0,49.0,48.0,48.0,0.0,48.0,48.0,0.0,0.0,0.0,0.0,40.0,40.0,9216.589862,9216.589862,42.0,106.0,67.6,35.05424368,1228.8,0.0,0.0,0.0,0.0,0.0,0.0,0.0,0.0,1.0,84.5,42.0,106.0,40.0,0.0,0.0,0.0,0.0,0.0,0.0,2.0,84.0,2.0,212.0,-1.0,-1.0,1.0,20.0,0.0,0.0,0.0,0.0,0.0,0.0,0.0,0.0,BENIGN
53.0,216.0,2.0,2.0,78.0,238.0,39.0,39.0,39.0,0.0,119.0,119.0,119.0,0.0,1462962.963,18518.51852,72.0,119.5115057,210.0,3.0,3.0,3.0,0.0,3.0,3.0,3.0,3.0,0.0,3.0,3.0,0.0,0.0,0.0,0.0,64.0,64.0,9259.259259,9259.259259,39.0,119.0,71.0,43.8178046,1920.0,0.0,0.0,0.0,0.0,0.0,0.0,0.0,0.0,1.0,88.75,39.0,119.0,64.0,0.0,0.0,0.0,0.0,0.0,0.0,2.0,78.0,2.0,238.0,-1.0,-1.0,1.0,32.0,0.0,0.0,0.0,0.0,0.0,0.0,0.0,0.0,BENIGN
53.0,23768.0,2.0,2.0,56.0,120.0,28.0,28.0,28.0,0.0,60.0,60.0,60.0,0.0,7404.91417,168.2935039,7922.666667,13716.39903,23761.0,3.0,4.0,4.0,0.0,4.0,4.0,3.0,3.0,0.0,3.0,3.0,0.0,0.0,0.0,0.0,40.0,40.0,84.14675194,84.14675194,28.0,60.0,40.8,17.52712184,307.2,0.0,0.0,0.0,0.0,0.0,0.0,0.0,0.0,1.0,51.0,28.0,60.0,40.0,0.0,0.0,0.0,0.0,0.0,0.0,2.0,56.0,2.0,120.0,-1.0,-1.0,1.0,20.0,0.0,0.0,0.0,0.0,0.0,0.0,0.0,0.0,BENIGN
53.0,96309.0,4.0,4.0,148.0,376.0,37.0,37.0,37.0,0.0,94.0,94.0,94.0,0.0,5440.820692,83.06596476,13758.42857,25375.39732,64966.0,1.0,96084.0,32028.0,55471.52519,96081.0,1.0,65196.0,21732.0,37635.73201,65190.0,2.0,0.0,0.0,0.0,0.0,104.0,80.0,41.53298238,41.53298238,37.0,94.0,62.33333333,30.04163777,902.5,0.0,0.0,0.0,0.0,0.0,0.0,0.0,0.0,1.0,70.125,37.0,94.0,104.0,0.0,0.0,0.0,0.0,0.0,0.0,4.0,148.0,4.0,376.0,-1.0,-1.0,3.0,20.0,0.0,0.0,0.0,0.0,0.0,0.0,0.0,0.0,BENIGN
53.0,148.0,2.0,2.0,62.0,190.0,31.0,31.0,31.0,0.0,95.0,95.0,95.0,0.0,1702702.703,27027.02703,49.33333333,82.85127237,145.0,1.0,1.0,1.0,0.0,1.0,1.0,2.0,2.0,0.0,2.0,2.0,0.0,0.0,0.0,0.0,64.0,40.0,13513.51351,13513.51351,31.0,95.0,56.6,35.05424368,1228.8,0.0,0.0,0.0,0.0,0.0,0.0,0.0,0.0,1.0,70.75,31.0,95.0,64.0,0.0,0.0,0.0,0.0,0.0,0.0,2.0,62.0,2.0,190.0,-1.0,-1.0,1.0,32.0,0.0,0.0,0.0,0.0,0.0,0.0,0.0,0.0,BENIGN
53.0,23833.0,2.0,2.0,70.0,102.0,35.0,35.0,35.0,0.0,51.0,51.0,51.0,0.0,7216.884152,167.8345152,7944.333333,13715.84012,23782.0,3.0,3.0,3.0,0.0,3.0,3.0,48.0,48.0,0.0,48.0,48.0,0.0,0.0,0.0,0.0,40.0,40.0,83.91725758,83.91725758,35.0,51.0,41.4,8.76356092,76.8,0.0,0.0,0.0,0.0,0.0,0.0,0.0,0.0,1.0,51.75,35.0,51.0,40.0,0.0,0.0,0.0,0.0,0.0,0.0,2.0,70.0,2.0,102.0,-1.0,-1.0,1.0,20.0,0.0,0.0,0.0,0.0,0.0,0.0,0.0,0.0,BENIGN
53.0,199.0,2.0,2.0,80.0,112.0,40.0,40.0,40.0,0.0,56.0,56.0,56.0,0.0,964824.1206,20100.50251,66.33333333,31.75426481,103.0,48.0,48.0,48.0,0.0,48.0,48.0,48.0,48.0,0.0,48.0,48.0,0.0,0.0,0.0,0.0,40.0,40.0,10050.25126,10050.25126,40.0,56.0,46.4,8.76356092,76.8,0.0,0.0,0.0,0.0,0.0,0.0,0.0,0.0,1.0,58.0,40.0,56.0,40.0,0.0,0.0,0.0,0.0,0.0,0.0,2.0,80.0,2.0,112.0,-1.0,-1.0,1.0,20.0,0.0,0.0,0.0,0.0,0.0,0.0,0.0,0.0,BENIGN
53.0,53723.0,4.0,2.0,144.0,234.0,36.0,36.0,36.0,0.0,117.0,117.0,117.0,0.0,7036.092549,111.6840087,10744.6,14805.95066,29260.0,2.0,24459.0,8153.0,14116.21412,24453.0,2.0,4.0,4.0,0.0,4.0,4.0,0.0,0.0,0.0,0.0,80.0,64.0,74.45600581,37.2280029,36.0,117.0,59.14285714,39.52395295,1562.142857,0.0,0.0,0.0,0.0,0.0,0.0,0.0,0.0,0.0,69.0,36.0,117.0,80.0,0.0,0.0,0.0,0.0,0.0,0.0,4.0,144.0,2.0,234.0,-1.0,-1.0,3.0,20.0,0.0,0.0,0.0,0.0,0.0,0.0,0.0,0.0,BENIGN
53.0,46794.0,4.0,2.0,144.0,190.0,36.0,36.0,36.0,0.0,95.0,95.0,95.0,0.0,7137.667222,128.2215669,9358.8,18446.47121,42162.0,1.0,42166.0,14055.33333,24341.08737,42162.0,1.0,3.0,3.0,0.0,3.0,3.0,0.0,0.0,0.0,0.0,80.0,40.0,85.48104458,42.74052229,36.0,95.0,52.85714286,28.78905215,828.8095238,0.0,0.0,0.0,0.0,0.0,0.0,0.0,0.0,0.0,61.66666667,36.0,95.0,80.0,0.0,0.0,0.0,0.0,0.0,0.0,4.0,144.0,2.0,190.0,-1.0,-1.0,3.0,20.0,0.0,0.0,0.0,0.0,0.0,0.0,0.0,0.0,BENIGN
53.0,231.0,2.0,2.0,64.0,96.0,32.0,32.0,32.0,0.0,48.0,48.0,48.0,0.0,692640.6926,17316.01732,77.0,92.9569793,181.0,2.0,2.0,2.0,0.0,2.0,2.0,48.0,48.0,0.0,48.0,48.0,0.0,0.0,0.0,0.0,40.0,40.0,8658.008658,8658.008658,32.0,48.0,38.4,8.76356092,76.8,0.0,0.0,0.0,0.0,0.0,0.0,0.0,0.0,1.0,48.0,32.0,48.0,40.0,0.0,0.0,0.0,0.0,0.0,0.0,2.0,64.0,2.0,96.0,-1.0,-1.0,1.0,20.0,0.0,0.0,0.0,0.0,0.0,0.0,0.0,0.0,BENIGN
53.0,24564.0,2.0,2.0,74.0,218.0,37.0,37.0,37.0,0.0,109.0,109.0,109.0,0.0,11887.31477,162.8399284,8188.0,14137.88262,24513.0,3.0,48.0,48.0,0.0,48.0,48.0,3.0,3.0,0.0,3.0,3.0,0.0,0.0,0.0,0.0,40.0,40.0,81.41996418,81.41996418,37.0,109.0,65.8,39.43602414,1555.2,0.0,0.0,0.0,0.0,0.0,0.0,0.0,0.0,1.0,82.25,37.0,109.0,40.0,0.0,0.0,0.0,0.0,0.0,0.0,2.0,74.0,2.0,218.0,-1.0,-1.0,1.0,20.0,0.0,0.0,0.0,0.0,0.0,0.0,0.0,0.0,BENIGN
53.0,24080.0,2.0,2.0,84.0,282.0,42.0,42.0,42.0,0.0,141.0,141.0,141.0,0.0,15199.33555,166.1129568,8026.666667,13817.72399,23982.0,49.0,49.0,49.0,0.0,49.0,49.0,49.0,49.0,0.0,49.0,49.0,0.0,0.0,0.0,0.0,40.0,40.0,83.05647841,83.05647841,42.0,141.0,81.6,54.22453319,2940.3,0.0,0.0,0.0,0.0,0.0,0.0,0.0,0.0,1.0,102.0,42.0,141.0,40.0,0.0,0.0,0.0,0.0,0.0,0.0,2.0,84.0,2.0,282.0,-1.0,-1.0,1.0,20.0,0.0,0.0,0.0,0.0,0.0,0.0,0.0,0.0,BENIGN
53.0,48336.0,2.0,2.0,94.0,126.0,47.0,47.0,47.0,0.0,63.0,63.0,63.0,0.0,4551.473022,82.75405495,16112.0,27861.77798,48284.0,4.0,48.0,48.0,0.0,48.0,48.0,4.0,4.0,0.0,4.0,4.0,0.0,0.0,0.0,0.0,40.0,40.0,41.37702747,41.37702747,47.0,63.0,53.4,8.76356092,76.8,0.0,0.0,0.0,0.0,0.0,0.0,0.0,0.0,1.0,66.75,47.0,63.0,40.0,0.0,0.0,0.0,0.0,0.0,0.0,2.0,94.0,2.0,126.0,-1.0,-1.0,1.0,20.0,0.0,0.0,0.0,0.0,0.0,0.0,0.0,0.0,BENIGN
53.0,227.0,2.0,2.0,60.0,264.0,30.0,30.0,30.0,0.0,132.0,132.0,132.0,0.0,1427312.775,17621.14537,75.66666667,47.05670338,130.0,48.0,49.0,49.0,0.0,49.0,49.0,48.0,48.0,0.0,48.0,48.0,0.0,0.0,0.0,0.0,40.0,40.0,8810.572687,8810.572687,30.0,132.0,70.8,55.86770087,3121.2,0.0,0.0,0.0,0.0,0.0,0.0,0.0,0.0,1.0,88.5,30.0,132.0,40.0,0.0,0.0,0.0,0.0,0.0,0.0,2.0,60.0,2.0,264.0,-1.0,-1.0,1.0,20.0,0.0,0.0,0.0,0.0,0.0,0.0,0.0,0.0,BENIGN
53.0,160.0,2.0,2.0,56.0,120.0,28.0,28.0,28.0,0.0,60.0,60.0,60.0,0.0,1100000.0,25000.0,53.33333333,86.31531343,153.0,3.0,3.0,3.0,0.0,3.0,3.0,4.0,4.0,0.0,4.0,4.0,0.0,0.0,0.0,0.0,40.0,40.0,12500.0,12500.0,28.0,60.0,40.8,17.52712184,307.2,0.0,0.0,0.0,0.0,0.0,0.0,0.0,0.0,1.0,51.0,28.0,60.0,40.0,0.0,0.0,0.0,0.0,0.0,0.0,2.0,56.0,2.0,120.0,-1.0,-1.0,1.0,20.0,0.0,0.0,0.0,0.0,0.0,0.0,0.0,0.0,BENIGN
53.0,24832.0,4.0,4.0,160.0,400.0,40.0,40.0,40.0,0.0,100.0,100.0,100.0,0.0,22551.54639,322.1649485,3547.428571,8969.398695,23876.0,1.0,24730.0,8243.333333,14274.40809,24726.0,1.0,23982.0,7994.0,13839.95199,23975.0,3.0,0.0,0.0,0.0,0.0,80.0,80.0,161.0824742,161.0824742,40.0,100.0,66.66666667,31.6227766,1000.0,0.0,0.0,0.0,0.0,0.0,0.0,0.0,0.0,1.0,75.0,40.0,100.0,80.0,0.0,0.0,0.0,0.0,0.0,0.0,4.0,160.0,4.0,400.0,-1.0,-1.0,3.0,20.0,0.0,0.0,0.0,0.0,0.0,0.0,0.0,0.0,BENIGN
53.0,95623.0,4.0,2.0,160.0,396.0,40.0,40.0,40.0,0.0,198.0,198.0,198.0,0.0,5814.500695,62.74641038,19124.6,30400.27071,69679.0,3.0,25941.0,8647.0,14932.89299,25890.0,3.0,3.0,3.0,0.0,3.0,3.0,0.0,0.0,0.0,0.0,80.0,40.0,41.83094025,20.91547013,40.0,198.0,85.14285714,77.09610576,5943.809524,0.0,0.0,0.0,0.0,0.0,0.0,0.0,0.0,0.0,99.33333333,40.0,198.0,80.0,0.0,0.0,0.0,0.0,0.0,0.0,4.0,160.0,2.0,396.0,-1.0,-1.0,3.0,20.0,0.0,0.0,0.0,0.0,0.0,0.0,0.0,0.0,BENIGN
53.0,140392.0,4.0,2.0,196.0,440.0,49.0,49.0,49.0,0.0,220.0,220.0,220.0,0.0,4530.172659,42.73747792,28078.4,49974.6925,115348.0,3.0,25041.0,8347.0,14451.36592,25034.0,3.0,3.0,3.0,0.0,3.0,3.0,0.0,0.0,0.0,0.0,80.0,40.0,28.49165195,14.24582597,49.0,220.0,97.85714286,83.43945624,6962.142857,0.0,0.0,0.0,0.0,0.0,0.0,0.0,0.0,0.0,114.1666667,49.0,220.0,80.0,0.0,0.0,0.0,0.0,0.0,0.0,4.0,196.0,2.0,440.0,-1.0,-1.0,3.0,20.0,0.0,0.0,0.0,0.0,0.0,0.0,0.0,0.0,BENIGN
53.0,23910.0,2.0,2.0,56.0,176.0,28.0,28.0,28.0,0.0,88.0,88.0,88.0,0.0,9703.053116,167.2940192,7970.0,13758.56399,23857.0,4.0,49.0,49.0,0.0,49.0,49.0,4.0,4.0,0.0,4.0,4.0,0.0,0.0,0.0,0.0,40.0,40.0,83.64700962,83.64700962,28.0,88.0,52.0,32.86335345,1080.0,0.0,0.0,0.0,0.0,0.0,0.0,0.0,0.0,1.0,65.0,28.0,88.0,40.0,0.0,0.0,0.0,0.0,0.0,0.0,2.0,56.0,2.0,176.0,-1.0,-1.0,1.0,20.0,0.0,0.0,0.0,0.0,0.0,0.0,0.0,0.0,BENIGN
53.0,95912.0,4.0,2.0,128.0,272.0,32.0,32.0,32.0,0.0,136.0,136.0,136.0,0.0,4170.489615,62.55734423,19182.4,26244.41757,48335.0,1.0,47574.0,15858.0,27424.43653,47525.0,1.0,3.0,3.0,0.0,3.0,3.0,0.0,0.0,0.0,0.0,80.0,40.0,41.70489615,20.85244808,32.0,136.0,61.71428571,50.74680379,2575.238095,0.0,0.0,0.0,0.0,0.0,0.0,0.0,0.0,0.0,72.0,32.0,136.0,80.0,0.0,0.0,0.0,0.0,0.0,0.0,4.0,128.0,2.0,272.0,-1.0,-1.0,3.0,20.0,0.0,0.0,0.0,0.0,0.0,0.0,0.0,0.0,BENIGN
53.0,198.0,2.0,2.0,68.0,324.0,34.0,34.0,34.0,0.0,162.0,162.0,162.0,0.0,1979797.98,20202.0202,66.0,109.1192009,192.0,3.0,3.0,3.0,0.0,3.0,3.0,3.0,3.0,0.0,3.0,3.0,0.0,0.0,0.0,0.0,40.0,40.0,10101.0101,10101.0101,34.0,162.0,85.2,70.10848736,4915.2,0.0,0.0,0.0,0.0,0.0,0.0,0.0,0.0,1.0,106.5,34.0,162.0,40.0,0.0,0.0,0.0,0.0,0.0,0.0,2.0,68.0,2.0,324.0,-1.0,-1.0,1.0,20.0,0.0,0.0,0.0,0.0,0.0,0.0,0.0,0.0,BENIGN
53.0,206.0,2.0,2.0,64.0,96.0,32.0,32.0,32.0,0.0,48.0,48.0,48.0,0.0,776699.0291,19417.47573,68.66666667,35.80968212,110.0,47.0,49.0,49.0,0.0,49.0,49.0,47.0,47.0,0.0,47.0,47.0,0.0,0.0,0.0,0.0,40.0,40.0,9708.737864,9708.737864,32.0,48.0,38.4,8.76356092,76.8,0.0,0.0,0.0,0.0,0.0,0.0,0.0,0.0,1.0,48.0,32.0,48.0,40.0,0.0,0.0,0.0,0.0,0.0,0.0,2.0,64.0,2.0,96.0,-1.0,-1.0,1.0,20.0,0.0,0.0,0.0,0.0,0.0,0.0,0.0,0.0,BENIGN
53.0,92919.0,4.0,2.0,180.0,386.0,45.0,45.0,45.0,0.0,193.0,193.0,193.0,0.0,6091.326855,64.57236948,18583.8,29707.04936,68143.0,3.0,24772.0,8257.333333,14296.92472,24766.0,3.0,4.0,4.0,0.0,4.0,4.0,0.0,0.0,0.0,0.0,104.0,40.0,43.04824632,21.52412316,45.0,193.0,87.28571429,72.2166054,5215.238095,0.0,0.0,0.0,0.0,0.0,0.0,0.0,0.0,0.0,101.8333333,45.0,193.0,104.0,0.0,0.0,0.0,0.0,0.0,0.0,4.0,180.0,2.0,386.0,-1.0,-1.0,3.0,20.0,0.0,0.0,0.0,0.0,0.0,0.0,0.0,0.0,BENIGN
53.0,245.0,2.0,2.0,94.0,350.0,47.0,47.0,47.0,0.0,175.0,175.0,175.0,0.0,1812244.898,16326.53061,81.66666667,57.44852769,148.0,48.0,49.0,49.0,0.0,49.0,49.0,48.0,48.0,0.0,48.0,48.0,0.0,0.0,0.0,0.0,40.0,40.0,8163.265306,8163.265306,47.0,175.0,98.2,70.10848736,4915.2,0.0,0.0,0.0,0.0,0.0,0.0,0.0,0.0,1.0,122.75,47.0,175.0,40.0,0.0,0.0,0.0,0.0,0.0,0.0,2.0,94.0,2.0,350.0,-1.0,-1.0,1.0,20.0,0.0,0.0,0.0,0.0,0.0,0.0,0.0,0.0,BENIGN
53.0,206.0,2.0,2.0,62.0,190.0,31.0,31.0,31.0,0.0,95.0,95.0,95.0,0.0,1223300.971,19417.47573,68.66666667,77.10598766,154.0,4.0,48.0,48.0,0.0,48.0,48.0,4.0,4.0,0.0,4.0,4.0,0.0,0.0,0.0,0.0,64.0,64.0,9708.737864,9708.737864,31.0,95.0,56.6,35.05424368,1228.8,0.0,0.0,0.0,0.0,0.0,0.0,0.0,0.0,1.0,70.75,31.0,95.0,64.0,0.0,0.0,0.0,0.0,0.0,0.0,2.0,62.0,2.0,190.0,-1.0,-1.0,1.0,32.0,0.0,0.0,0.0,0.0,0.0,0.0,0.0,0.0,BENIGN
53.0,158.0,2.0,2.0,94.0,126.0,47.0,47.0,47.0,0.0,63.0,63.0,63.0,0.0,1392405.063,25316.4557,52.66666667,85.16063253,151.0,3.0,4.0,4.0,0.0,4.0,4.0,3.0,3.0,0.0,3.0,3.0,0.0,0.0,0.0,0.0,64.0,64.0,12658.22785,12658.22785,47.0,63.0,53.4,8.76356092,76.8,0.0,0.0,0.0,0.0,0.0,0.0,0.0,0.0,1.0,66.75,47.0,63.0,64.0,0.0,0.0,0.0,0.0,0.0,0.0,2.0,94.0,2.0,126.0,-1.0,-1.0,1.0,32.0,0.0,0.0,0.0,0.0,0.0,0.0,0.0,0.0,BENIGN
53.0,23752.0,2.0,2.0,62.0,360.0,31.0,31.0,31.0,0.0,180.0,180.0,180.0,0.0,17766.92489,168.406871,7917.333333,13706.29539,23744.0,4.0,4.0,4.0,0.0,4.0,4.0,4.0,4.0,0.0,4.0,4.0,0.0,0.0,0.0,0.0,40.0,40.0,84.2034355,84.2034355,31.0,180.0,90.6,81.61066107,6660.3,0.0,0.0,0.0,0.0,0.0,0.0,0.0,0.0,1.0,113.25,31.0,180.0,40.0,0.0,0.0,0.0,0.0,0.0,0.0,2.0,62.0,2.0,360.0,-1.0,-1.0,1.0,20.0,0.0,0.0,0.0,0.0,0.0,0.0,0.0,0.0,BENIGN
53.0,61423.0,4.0,2.0,188.0,226.0,47.0,47.0,47.0,0.0,113.0,113.0,113.0,0.0,6740.146199,97.68327825,12284.6,17274.97057,36488.0,1.0,24887.0,8295.666667,14325.23498,24837.0,1.0,48.0,48.0,0.0,48.0,48.0,0.0,0.0,0.0,0.0,80.0,40.0,65.1221855,32.56109275,47.0,113.0,65.85714286,32.20470241,1037.142857,0.0,0.0,0.0,0.0,0.0,0.0,0.0,0.0,0.0,76.83333333,47.0,113.0,80.0,0.0,0.0,0.0,0.0,0.0,0.0,4.0,188.0,2.0,226.0,-1.0,-1.0,3.0,20.0,0.0,0.0,0.0,0.0,0.0,0.0,0.0,0.0,BENIGN
53.0,189.0,2.0,2.0,60.0,264.0,30.0,30.0,30.0,0.0,132.0,132.0,132.0,0.0,1714285.714,21164.02116,63.0,103.058236,182.0,3.0,3.0,3.0,0.0,3.0,3.0,4.0,4.0,0.0,4.0,4.0,0.0,0.0,0.0,0.0,40.0,40.0,10582.01058,10582.01058,30.0,132.0,70.8,55.86770087,3121.2,0.0,0.0,0.0,0.0,0.0,0.0,0.0,0.0,1.0,88.5,30.0,132.0,40.0,0.0,0.0,0.0,0.0,0.0,0.0,2.0,60.0,2.0,264.0,-1.0,-1.0,1.0,20.0,0.0,0.0,0.0,0.0,0.0,0.0,0.0,0.0,BENIGN
53.0,278.0,2.0,2.0,90.0,218.0,45.0,45.0,45.0,0.0,109.0,109.0,109.0,0.0,1107913.669,14388.48921,92.66666667,103.9054057,207.0,4.0,67.0,67.0,0.0,67.0,67.0,4.0,4.0,0.0,4.0,4.0,0.0,0.0,0.0,0.0,64.0,64.0,7194.244604,7194.244604,45.0,109.0,70.6,35.05424368,1228.8,0.0,0.0,0.0,0.0,0.0,0.0,0.0,0.0,1.0,88.25,45.0,109.0,64.0,0.0,0.0,0.0,0.0,0.0,0.0,2.0,90.0,2.0,218.0,-1.0,-1.0,1.0,32.0,0.0,0.0,0.0,0.0,0.0,0.0,0.0,0.0,BENIGN
53.0,67118.0,4.0,2.0,188.0,256.0,47.0,47.0,47.0,0.0,128.0,128.0,128.0,0.0,6615.214994,89.39479722,13423.6,20038.984,44898.0,1.0,44948.0,14982.66667,25907.44975,44898.0,1.0,3.0,3.0,0.0,3.0,3.0,0.0,0.0,0.0,0.0,80.0,40.0,59.59653148,29.79826574,47.0,128.0,70.14285714,39.52395295,1562.142857,0.0,0.0,0.0,0.0,0.0,0.0,0.0,0.0,0.0,81.83333333,47.0,128.0,80.0,0.0,0.0,0.0,0.0,0.0,0.0,4.0,188.0,2.0,256.0,-1.0,-1.0,3.0,20.0,0.0,0.0,0.0,0.0,0.0,0.0,0.0,0.0,BENIGN
53.0,48242.0,4.0,4.0,152.0,548.0,38.0,38.0,38.0,0.0,137.0,137.0,137.0,0.0,14510.17785,165.830604,6891.714286,17610.27968,46818.0,3.0,47907.0,15969.0,27653.92319,47901.0,3.0,1421.0,473.6666667,815.2185801,1415.0,3.0,0.0,0.0,0.0,0.0,80.0,80.0,82.91530202,82.91530202,38.0,137.0,82.0,52.17758139,2722.5,0.0,0.0,0.0,0.0,0.0,0.0,0.0,0.0,1.0,92.25,38.0,137.0,80.0,0.0,0.0,0.0,0.0,0.0,0.0,4.0,152.0,4.0,548.0,-1.0,-1.0,3.0,20.0,0.0,0.0,0.0,0.0,0.0,0.0,0.0,0.0,BENIGN
53.0,24204.0,2.0,2.0,54.0,86.0,27.0,27.0,27.0,0.0,43.0,43.0,43.0,0.0,5784.167906,165.2619402,8068.0,13931.77049,24155.0,1.0,1.0,1.0,0.0,1.0,1.0,48.0,48.0,0.0,48.0,48.0,0.0,0.0,0.0,0.0,40.0,64.0,82.63097009,82.63097009,27.0,43.0,33.4,8.76356092,76.8,0.0,0.0,0.0,0.0,0.0,0.0,0.0,0.0,1.0,41.75,27.0,43.0,40.0,0.0,0.0,0.0,0.0,0.0,0.0,2.0,54.0,2.0,86.0,-1.0,-1.0,1.0,20.0,0.0,0.0,0.0,0.0,0.0,0.0,0.0,0.0,BENIGN
53.0,224.0,2.0,2.0,80.0,208.0,40.0,40.0,40.0,0.0,104.0,104.0,104.0,0.0,1285714.286,17857.14286,74.66666667,47.05670338,129.0,47.0,47.0,47.0,0.0,47.0,47.0,48.0,48.0,0.0,48.0,48.0,0.0,0.0,0.0,0.0,40.0,40.0,8928.571429,8928.571429,40.0,104.0,65.6,35.05424368,1228.8,0.0,0.0,0.0,0.0,0.0,0.0,0.0,0.0,1.0,82.0,40.0,104.0,40.0,0.0,0.0,0.0,0.0,0.0,0.0,2.0,80.0,2.0,208.0,-1.0,-1.0,1.0,20.0,0.0,0.0,0.0,0.0,0.0,0.0,0.0,0.0,BENIGN
53.0,31470.0,4.0,2.0,136.0,236.0,34.0,34.0,34.0,0.0,118.0,118.0,118.0,0.0,11820.7817,190.6577693,6294.0,10908.90111,25196.0,1.0,25201.0,8400.333333,14545.47408,25196.0,1.0,4.0,4.0,0.0,4.0,4.0,0.0,0.0,0.0,0.0,80.0,40.0,127.1051795,63.55258977,34.0,118.0,58.0,40.98780306,1680.0,0.0,0.0,0.0,0.0,0.0,0.0,0.0,0.0,0.0,67.66666667,34.0,118.0,80.0,0.0,0.0,0.0,0.0,0.0,0.0,4.0,136.0,2.0,236.0,-1.0,-1.0,3.0,20.0,0.0,0.0,0.0,0.0,0.0,0.0,0.0,0.0,BENIGN
53.0,23832.0,2.0,2.0,68.0,250.0,34.0,34.0,34.0,0.0,125.0,125.0,125.0,0.0,13343.40383,167.8415576,7944.0,13715.26278,23781.0,3.0,3.0,3.0,0.0,3.0,3.0,48.0,48.0,0.0,48.0,48.0,0.0,0.0,0.0,0.0,40.0,40.0,83.92077878,83.92077878,34.0,125.0,70.4,49.84275273,2484.3,0.0,0.0,0.0,0.0,0.0,0.0,0.0,0.0,1.0,88.0,34.0,125.0,40.0,0.0,0.0,0.0,0.0,0.0,0.0,2.0,68.0,2.0,250.0,-1.0,-1.0,1.0,20.0,0.0,0.0,0.0,0.0,0.0,0.0,0.0,0.0,BENIGN
53.0,76685.0,4.0,2.0,148.0,106.0,37.0,37.0,37.0,0.0,53.0,53.0,53.0,0.0,3312.251418,78.24215948,15337.0,22599.26737,50260.0,3.0,26422.0,8807.333333,15169.87832,26324.0,49.0,3.0,3.0,0.0,3.0,3.0,0.0,0.0,0.0,0.0,80.0,40.0,52.16143966,26.08071983,37.0,53.0,41.57142857,7.807200584,60.95238095,0.0,0.0,0.0,0.0,0.0,0.0,0.0,0.0,0.0,48.5,37.0,53.0,80.0,0.0,0.0,0.0,0.0,0.0,0.0,4.0,148.0,2.0,106.0,-1.0,-1.0,3.0,20.0,0.0,0.0,0.0,0.0,0.0,0.0,0.0,0.0,BENIGN
53.0,46475.0,4.0,4.0,200.0,712.0,50.0,50.0,50.0,0.0,178.0,178.0,178.0,0.0,19623.45347,172.1355568,6639.285714,17402.94296,46105.0,2.0,46303.0,15434.33333,26728.71939,46298.0,2.0,46283.0,15427.66667,26715.44034,46276.0,3.0,0.0,0.0,0.0,0.0,80.0,80.0,86.06777838,86.06777838,50.0,178.0,106.8888889,67.46192342,4551.111111,0.0,0.0,0.0,0.0,0.0,0.0,0.0,0.0,1.0,120.25,50.0,178.0,80.0,0.0,0.0,0.0,0.0,0.0,0.0,4.0,200.0,4.0,712.0,-1.0,-1.0,3.0,20.0,0.0,0.0,0.0,0.0,0.0,0.0,0.0,0.0,BENIGN
53.0,70478.0,4.0,2.0,156.0,488.0,39.0,39.0,39.0,0.0,244.0,244.0,244.0,0.0,9137.603224,85.13294929,14095.6,20392.72346,44621.0,1.0,25853.0,8617.666667,14883.81982,25804.0,1.0,4.0,4.0,0.0,4.0,4.0,0.0,0.0,0.0,0.0,80.0,64.0,56.75529953,28.37764976,39.0,244.0,97.57142857,100.0297575,10005.95238,0.0,0.0,0.0,0.0,0.0,0.0,0.0,0.0,0.0,113.8333333,39.0,244.0,80.0,0.0,0.0,0.0,0.0,0.0,0.0,4.0,156.0,2.0,488.0,-1.0,-1.0,3.0,20.0,0.0,0.0,0.0,0.0,0.0,0.0,0.0,0.0,BENIGN
53.0,23830.0,2.0,2.0,64.0,276.0,32.0,32.0,32.0,0.0,138.0,138.0,138.0,0.0,14267.72975,167.8556441,7943.333333,13714.10808,23779.0,3.0,3.0,3.0,0.0,3.0,3.0,48.0,48.0,0.0,48.0,48.0,0.0,0.0,0.0,0.0,40.0,40.0,83.92782207,83.92782207,32.0,138.0,74.4,58.0585911,3370.8,0.0,0.0,0.0,0.0,0.0,0.0,0.0,0.0,1.0,93.0,32.0,138.0,40.0,0.0,0.0,0.0,0.0,0.0,0.0,2.0,64.0,2.0,276.0,-1.0,-1.0,1.0,20.0,0.0,0.0,0.0,0.0,0.0,0.0,0.0,0.0,BENIGN
53.0,343.0,2.0,2.0,62.0,318.0,31.0,31.0,31.0,0.0,159.0,159.0,159.0,0.0,1107871.72,11661.80758,114.3333333,154.5714506,291.0,4.0,48.0,48.0,0.0,48.0,48.0,4.0,4.0,0.0,4.0,4.0,0.0,0.0,0.0,0.0,40.0,40.0,5830.90379,5830.90379,31.0,159.0,82.2,70.10848736,4915.2,0.0,0.0,0.0,0.0,0.0,0.0,0.0,0.0,1.0,102.75,31.0,159.0,40.0,0.0,0.0,0.0,0.0,0.0,0.0,2.0,62.0,2.0,318.0,-1.0,-1.0,1.0,20.0,0.0,0.0,0.0,0.0,0.0,0.0,0.0,0.0,BENIGN
53.0,96724.0,4.0,4.0,136.0,200.0,34.0,34.0,34.0,0.0,50.0,50.0,50.0,0.0,3473.801745,82.70956536,13817.71429,25998.6769,67424.0,0.0,96515.0,32171.66667,55722.09521,96514.0,0.0,67636.0,22545.33333,39044.46665,67630.0,3.0,0.0,0.0,0.0,0.0,104.0,80.0,41.35478268,41.35478268,34.0,50.0,41.11111111,8.432740427,71.11111111,0.0,0.0,0.0,0.0,0.0,0.0,0.0,0.0,1.0,46.25,34.0,50.0,104.0,0.0,0.0,0.0,0.0,0.0,0.0,4.0,136.0,4.0,200.0,-1.0,-1.0,3.0,20.0,0.0,0.0,0.0,0.0,0.0,0.0,0.0,0.0,BENIGN
53.0,23791.0,2.0,2.0,70.0,158.0,35.0,35.0,35.0,0.0,79.0,79.0,79.0,0.0,9583.455929,168.1308058,7930.333333,13730.5441,23785.0,3.0,3.0,3.0,0.0,3.0,3.0,3.0,3.0,0.0,3.0,3.0,0.0,0.0,0.0,0.0,40.0,64.0,84.06540288,84.06540288,35.0,79.0,52.6,24.09979253,580.8,0.0,0.0,0.0,0.0,0.0,0.0,0.0,0.0,1.0,65.75,35.0,79.0,40.0,0.0,0.0,0.0,0.0,0.0,0.0,2.0,70.0,2.0,158.0,-1.0,-1.0,1.0,20.0,0.0,0.0,0.0,0.0,0.0,0.0,0.0,0.0,BENIGN
53.0,181.0,2.0,2.0,62.0,286.0,31.0,31.0,31.0,0.0,143.0,143.0,143.0,0.0,1922651.934,22099.44751,60.33333333,98.43949072,174.0,3.0,3.0,3.0,0.0,3.0,3.0,4.0,4.0,0.0,4.0,4.0,0.0,0.0,0.0,0.0,40.0,40.0,11049.72376,11049.72376,31.0,143.0,75.8,61.34492644,3763.2,0.0,0.0,0.0,0.0,0.0,0.0,0.0,0.0,1.0,94.75,31.0,143.0,40.0,0.0,0.0,0.0,0.0,0.0,0.0,2.0,62.0,2.0,286.0,-1.0,-1.0,1.0,20.0,0.0,0.0,0.0,0.0,0.0,0.0,0.0,0.0,BENIGN
53.0,185.0,2.0,2.0,76.0,154.0,38.0,38.0,38.0,0.0,77.0,77.0,77.0,0.0,1243243.243,21621.62162,61.66666667,101.6136474,179.0,3.0,3.0,3.0,0.0,3.0,3.0,3.0,3.0,0.0,3.0,3.0,0.0,0.0,0.0,0.0,40.0,40.0,10810.81081,10810.81081,38.0,77.0,53.6,21.36117974,456.3,0.0,0.0,0.0,0.0,0.0,0.0,0.0,0.0,1.0,67.0,38.0,77.0,40.0,0.0,0.0,0.0,0.0,0.0,0.0,2.0,76.0,2.0,154.0,-1.0,-1.0,1.0,20.0,0.0,0.0,0.0,0.0,0.0,0.0,0.0,0.0,BENIGN
53.0,298.0,2.0,2.0,54.0,86.0,27.0,27.0,27.0,0.0,43.0,43.0,43.0,0.0,469798.6577,13422.81879,99.33333333,88.91194146,202.0,48.0,48.0,48.0,0.0,48.0,48.0,48.0,48.0,0.0,48.0,48.0,0.0,0.0,0.0,0.0,64.0,64.0,6711.409396,6711.409396,27.0,43.0,33.4,8.76356092,76.8,0.0,0.0,0.0,0.0,0.0,0.0,0.0,0.0,1.0,41.75,27.0,43.0,64.0,0.0,0.0,0.0,0.0,0.0,0.0,2.0,54.0,2.0,86.0,-1.0,-1.0,1.0,32.0,0.0,0.0,0.0,0.0,0.0,0.0,0.0,0.0,BENIGN
53.0,61497.0,4.0,2.0,124.0,318.0,31.0,31.0,31.0,0.0,159.0,159.0,159.0,0.0,7187.342472,97.56573491,12299.4,17305.31824,36398.0,3.0,25096.0,8365.333333,14483.12019,25089.0,3.0,3.0,3.0,0.0,3.0,3.0,0.0,0.0,0.0,0.0,80.0,40.0,65.04382328,32.52191164,31.0,159.0,67.57142857,62.45760467,3900.952381,0.0,0.0,0.0,0.0,0.0,0.0,0.0,0.0,0.0,78.83333333,31.0,159.0,80.0,0.0,0.0,0.0,0.0,0.0,0.0,4.0,124.0,2.0,318.0,-1.0,-1.0,3.0,20.0,0.0,0.0,0.0,0.0,0.0,0.0,0.0,0.0,BENIGN
53.0,60797.0,4.0,2.0,152.0,258.0,38.0,38.0,38.0,0.0,129.0,129.0,129.0,0.0,6743.753804,98.68908005,12159.4,16676.73845,32230.0,3.0,32282.0,10760.66667,18593.00229,32230.0,3.0,3.0,3.0,0.0,3.0,3.0,0.0,0.0,0.0,0.0,104.0,40.0,65.79272004,32.89636002,38.0,129.0,64.0,44.40345332,1971.666667,0.0,0.0,0.0,0.0,0.0,0.0,0.0,0.0,0.0,74.66666667,38.0,129.0,104.0,0.0,0.0,0.0,0.0,0.0,0.0,4.0,152.0,2.0,258.0,-1.0,-1.0,3.0,20.0,0.0,0.0,0.0,0.0,0.0,0.0,0.0,0.0,BENIGN
53.0,198.0,2.0,2.0,78.0,358.0,39.0,39.0,39.0,0.0,179.0,179.0,179.0,0.0,2202020.202,20202.0202,66.0,107.3871501,190.0,4.0,4.0,4.0,0.0,4.0,4.0,4.0,4.0,0.0,4.0,4.0,0.0,0.0,0.0,0.0,64.0,64.0,10101.0101,10101.0101,39.0,179.0,95.0,76.68115805,5880.0,0.0,0.0,0.0,0.0,0.0,0.0,0.0,0.0,1.0,118.75,39.0,179.0,64.0,0.0,0.0,0.0,0.0,0.0,0.0,2.0,78.0,2.0,358.0,-1.0,-1.0,1.0,32.0,0.0,0.0,0.0,0.0,0.0,0.0,0.0,0.0,BENIGN
53.0,24352.0,2.0,2.0,66.0,276.0,33.0,33.0,33.0,0.0,138.0,138.0,138.0,0.0,14044.02102,164.2575558,8117.333333,14014.6177,24300.0,4.0,48.0,48.0,0.0,48.0,48.0,4.0,4.0,0.0,4.0,4.0,0.0,0.0,0.0,0.0,40.0,40.0,82.12877792,82.12877792,33.0,138.0,75.0,57.51086854,3307.5,0.0,0.0,0.0,0.0,0.0,0.0,0.0,0.0,1.0,93.75,33.0,138.0,40.0,0.0,0.0,0.0,0.0,0.0,0.0,2.0,66.0,2.0,276.0,-1.0,-1.0,1.0,20.0,0.0,0.0,0.0,0.0,0.0,0.0,0.0,0.0,BENIGN
53.0,180.0,2.0,2.0,92.0,220.0,46.0,46.0,46.0,0.0,110.0,110.0,110.0,0.0,1733333.333,22222.22222,60.0,97.86214794,173.0,3.0,3.0,3.0,0.0,3.0,3.0,4.0,4.0,0.0,4.0,4.0,0.0,0.0,0.0,0.0,40.0,40.0,11111.11111,11111.11111,46.0,110.0,71.6,35.05424368,1228.8,0.0,0.0,0.0,0.0,0.0,0.0,0.0,0.0,1.0,89.5,46.0,110.0,40.0,0.0,0.0,0.0,0.0,0.0,0.0,2.0,92.0,2.0,220.0,-1.0,-1.0,1.0,20.0,0.0,0.0,0.0,0.0,0.0,0.0,0.0,0.0,BENIGN
53.0,25076.0,4.0,4.0,160.0,404.0,40.0,40.0,40.0,0.0,101.0,101.0,101.0,0.0,22491.62546,319.0301483,3582.285714,9322.410842,24723.0,2.0,24918.0,8306.0,14343.12961,24868.0,3.0,24887.0,8295.666667,14364.18603,24882.0,2.0,0.0,0.0,0.0,0.0,128.0,128.0,159.5150742,159.5150742,40.0,101.0,67.11111111,32.14982288,1033.611111,0.0,0.0,0.0,0.0,0.0,0.0,0.0,0.0,1.0,75.5,40.0,101.0,128.0,0.0,0.0,0.0,0.0,0.0,0.0,4.0,160.0,4.0,404.0,-1.0,-1.0,3.0,32.0,0.0,0.0,0.0,0.0,0.0,0.0,0.0,0.0,BENIGN
53.0,155.0,2.0,2.0,102.0,134.0,51.0,51.0,51.0,0.0,67.0,67.0,67.0,0.0,1522580.645,25806.45161,51.66666667,84.2931393,149.0,3.0,3.0,3.0,0.0,3.0,3.0,3.0,3.0,0.0,3.0,3.0,0.0,0.0,0.0,0.0,64.0,64.0,12903.22581,12903.22581,51.0,67.0,57.4,8.76356092,76.8,0.0,0.0,0.0,0.0,0.0,0.0,0.0,0.0,1.0,71.75,51.0,67.0,64.0,0.0,0.0,0.0,0.0,0.0,0.0,2.0,102.0,2.0,134.0,-1.0,-1.0,1.0,32.0,0.0,0.0,0.0,0.0,0.0,0.0,0.0,0.0,BENIGN
53.0,44984.0,4.0,4.0,144.0,480.0,36.0,36.0,36.0,0.0,120.0,120.0,120.0,0.0,13871.59879,177.8410101,6426.285714,10895.55854,24126.0,1.0,44654.0,14884.66667,25737.70884,44604.0,1.0,20809.0,6936.333333,12009.75172,20804.0,1.0,0.0,0.0,0.0,0.0,80.0,80.0,88.92050507,88.92050507,36.0,120.0,73.33333333,44.27188724,1960.0,0.0,0.0,0.0,0.0,0.0,0.0,0.0,0.0,1.0,82.5,36.0,120.0,80.0,0.0,0.0,0.0,0.0,0.0,0.0,4.0,144.0,4.0,480.0,-1.0,-1.0,3.0,20.0,0.0,0.0,0.0,0.0,0.0,0.0,0.0,0.0,BENIGN
53.0,50736.0,2.0,2.0,102.0,158.0,51.0,51.0,51.0,0.0,79.0,79.0,79.0,0.0,5124.566383,78.83948281,16912.0,29247.41898,50684.0,3.0,49.0,49.0,0.0,49.0,49.0,3.0,3.0,0.0,3.0,3.0,0.0,0.0,0.0,0.0,64.0,40.0,39.41974141,39.41974141,51.0,79.0,62.2,15.33623161,235.2,0.0,0.0,0.0,0.0,0.0,0.0,0.0,0.0,1.0,77.75,51.0,79.0,64.0,0.0,0.0,0.0,0.0,0.0,0.0,2.0,102.0,2.0,158.0,-1.0,-1.0,1.0,32.0,0.0,0.0,0.0,0.0,0.0,0.0,0.0,0.0,BENIGN
53.0,23585.0,2.0,2.0,68.0,144.0,34.0,34.0,34.0,0.0,72.0,72.0,72.0,0.0,8988.764045,169.5993216,7861.666667,13609.8779,23577.0,4.0,4.0,4.0,0.0,4.0,4.0,4.0,4.0,0.0,4.0,4.0,0.0,0.0,0.0,0.0,40.0,40.0,84.7996608,84.7996608,34.0,72.0,49.2,20.81345719,433.2,0.0,0.0,0.0,0.0,0.0,0.0,0.0,0.0,1.0,61.5,34.0,72.0,40.0,0.0,0.0,0.0,0.0,0.0,0.0,2.0,68.0,2.0,144.0,-1.0,-1.0,1.0,20.0,0.0,0.0,0.0,0.0,0.0,0.0,0.0,0.0,BENIGN
53.0,175.0,2.0,2.0,84.0,204.0,42.0,42.0,42.0,0.0,102.0,102.0,102.0,0.0,1645714.286,22857.14286,58.33333333,94.97543542,168.0,3.0,3.0,3.0,0.0,3.0,3.0,4.0,4.0,0.0,4.0,4.0,0.0,0.0,0.0,0.0,40.0,40.0,11428.57143,11428.57143,42.0,102.0,66.0,32.86335345,1080.0,0.0,0.0,0.0,0.0,0.0,0.0,0.0,0.0,1.0,82.5,42.0,102.0,40.0,0.0,0.0,0.0,0.0,0.0,0.0,2.0,84.0,2.0,204.0,-1.0,-1.0,1.0,20.0,0.0,0.0,0.0,0.0,0.0,0.0,0.0,0.0,BENIGN
53.0,210.0,2.0,2.0,90.0,122.0,45.0,45.0,45.0,0.0,61.0,61.0,61.0,0.0,1009523.81,19047.61905,70.0,37.2424489,113.0,48.0,49.0,49.0,0.0,49.0,49.0,48.0,48.0,0.0,48.0,48.0,0.0,0.0,0.0,0.0,40.0,40.0,9523.809524,9523.809524,45.0,61.0,51.4,8.76356092,76.8,0.0,0.0,0.0,0.0,0.0,0.0,0.0,0.0,1.0,64.25,45.0,61.0,40.0,0.0,0.0,0.0,0.0,0.0,0.0,2.0,90.0,2.0,122.0,-1.0,-1.0,1.0,20.0,0.0,0.0,0.0,0.0,0.0,0.0,0.0,0.0,BENIGN
53.0,23880.0,2.0,2.0,62.0,228.0,31.0,31.0,31.0,0.0,114.0,114.0,114.0,0.0,12144.0536,167.5041876,7960.0,13781.92828,23874.0,3.0,3.0,3.0,0.0,3.0,3.0,3.0,3.0,0.0,3.0,3.0,0.0,0.0,0.0,0.0,40.0,40.0,83.7520938,83.7520938,31.0,114.0,64.2,45.46097227,2066.7,0.0,0.0,0.0,0.0,0.0,0.0,0.0,0.0,1.0,80.25,31.0,114.0,40.0,0.0,0.0,0.0,0.0,0.0,0.0,2.0,62.0,2.0,228.0,-1.0,-1.0,1.0,20.0,0.0,0.0,0.0,0.0,0.0,0.0,0.0,0.0,BENIGN
53.0,49490.0,4.0,2.0,180.0,212.0,45.0,45.0,45.0,0.0,106.0,106.0,106.0,0.0,7920.792079,121.2366135,9898.0,17038.23706,39428.0,1.0,39478.0,13159.33333,22749.34532,39428.0,1.0,191.0,191.0,0.0,191.0,191.0,0.0,0.0,0.0,0.0,104.0,64.0,80.82440897,40.41220449,45.0,106.0,62.42857143,29.76495222,885.952381,0.0,0.0,0.0,0.0,0.0,0.0,0.0,0.0,0.0,72.83333333,45.0,106.0,104.0,0.0,0.0,0.0,0.0,0.0,0.0,4.0,180.0,2.0,212.0,-1.0,-1.0,3.0,20.0,0.0,0.0,0.0,0.0,0.0,0.0,0.0,0.0,BENIGN
53.0,25200.0,4.0,4.0,180.0,460.0,45.0,45.0,45.0,0.0,115.0,115.0,115.0,0.0,25396.8254,317.4603175,3600.0,9368.751696,24846.0,3.0,25051.0,8350.333333,14419.05185,25000.0,3.0,25002.0,8334.0,14389.89493,24950.0,4.0,0.0,0.0,0.0,0.0,80.0,80.0,158.7301587,158.7301587,45.0,115.0,76.11111111,36.89323937,1361.111111,0.0,0.0,0.0,0.0,0.0,0.0,0.0,0.0,1.0,85.625,45.0,115.0,80.0,0.0,0.0,0.0,0.0,0.0,0.0,4.0,180.0,4.0,460.0,-1.0,-1.0,3.0,20.0,0.0,0.0,0.0,0.0,0.0,0.0,0.0,0.0,BENIGN
53.0,178.0,2.0,2.0,70.0,102.0,35.0,35.0,35.0,0.0,51.0,51.0,51.0,0.0,966292.1348,22471.91011,59.33333333,62.42061625,127.0,4.0,47.0,47.0,0.0,47.0,47.0,4.0,4.0,0.0,4.0,4.0,0.0,0.0,0.0,0.0,40.0,40.0,11235.95506,11235.95506,35.0,51.0,41.4,8.76356092,76.8,0.0,0.0,0.0,0.0,0.0,0.0,0.0,0.0,1.0,51.75,35.0,51.0,40.0,0.0,0.0,0.0,0.0,0.0,0.0,2.0,70.0,2.0,102.0,-1.0,-1.0,1.0,20.0,0.0,0.0,0.0,0.0,0.0,0.0,0.0,0.0,BENIGN
53.0,282.0,2.0,2.0,128.0,384.0,64.0,64.0,64.0,0.0,192.0,192.0,192.0,0.0,1815602.837,14184.39716,94.0,78.80989786,185.0,48.0,48.0,48.0,0.0,48.0,48.0,49.0,49.0,0.0,49.0,49.0,0.0,0.0,0.0,0.0,40.0,40.0,7092.198582,7092.198582,64.0,192.0,115.2,70.10848736,4915.2,0.0,0.0,0.0,0.0,0.0,0.0,0.0,0.0,1.0,144.0,64.0,192.0,40.0,0.0,0.0,0.0,0.0,0.0,0.0,2.0,128.0,2.0,384.0,-1.0,-1.0,1.0,20.0,0.0,0.0,0.0,0.0,0.0,0.0,0.0,0.0,BENIGN
53.0,26301.0,2.0,2.0,140.0,304.0,70.0,70.0,70.0,0.0,152.0,152.0,152.0,0.0,16881.4874,152.085472,8767.0,15142.47242,26252.0,1.0,1.0,1.0,0.0,1.0,1.0,48.0,48.0,0.0,48.0,48.0,0.0,0.0,0.0,0.0,40.0,64.0,76.04273602,76.04273602,70.0,152.0,102.8,44.91324972,2017.2,0.0,0.0,0.0,0.0,0.0,0.0,0.0,0.0,1.0,128.5,70.0,152.0,40.0,0.0,0.0,0.0,0.0,0.0,0.0,2.0,140.0,2.0,304.0,-1.0,-1.0,1.0,20.0,0.0,0.0,0.0,0.0,0.0,0.0,0.0,0.0,BENIGN
53.0,71279.0,4.0,2.0,132.0,436.0,33.0,33.0,33.0,0.0,218.0,218.0,218.0,0.0,7968.686429,84.1762651,14255.8,21130.0277,47087.0,1.0,24188.0,8062.666667,13961.48425,24184.0,1.0,4.0,4.0,0.0,4.0,4.0,0.0,0.0,0.0,0.0,80.0,64.0,56.11751007,28.05875503,33.0,218.0,85.85714286,90.27075675,8148.809524,0.0,0.0,0.0,0.0,0.0,0.0,0.0,0.0,0.0,100.1666667,33.0,218.0,80.0,0.0,0.0,0.0,0.0,0.0,0.0,4.0,132.0,2.0,436.0,-1.0,-1.0,3.0,20.0,0.0,0.0,0.0,0.0,0.0,0.0,0.0,0.0,BENIGN
53.0,23794.0,2.0,2.0,84.0,234.0,42.0,42.0,42.0,0.0,117.0,117.0,117.0,0.0,13364.71379,168.1096075,7931.333333,13692.45666,23742.0,4.0,48.0,48.0,0.0,48.0,48.0,4.0,4.0,0.0,4.0,4.0,0.0,0.0,0.0,0.0,40.0,64.0,84.05480373,84.05480373,42.0,117.0,72.0,41.07919181,1687.5,0.0,0.0,0.0,0.0,0.0,0.0,0.0,0.0,1.0,90.0,42.0,117.0,40.0,0.0,0.0,0.0,0.0,0.0,0.0,2.0,84.0,2.0,234.0,-1.0,-1.0,1.0,20.0,0.0,0.0,0.0,0.0,0.0,0.0,0.0,0.0,BENIGN
53.0,23729.0,2.0,2.0,110.0,222.0,55.0,55.0,55.0,0.0,111.0,111.0,111.0,0.0,13991.31864,168.5701041,7909.666667,13694.74839,23723.0,3.0,3.0,3.0,0.0,3.0,3.0,3.0,3.0,0.0,3.0,3.0,0.0,0.0,0.0,0.0,40.0,40.0,84.28505205,84.28505205,55.0,111.0,77.4,30.67246322,940.8,0.0,0.0,0.0,0.0,0.0,0.0,0.0,0.0,1.0,96.75,55.0,111.0,40.0,0.0,0.0,0.0,0.0,0.0,0.0,2.0,110.0,2.0,222.0,-1.0,-1.0,1.0,20.0,0.0,0.0,0.0,0.0,0.0,0.0,0.0,0.0,BENIGN
53.0,24057.0,2.0,2.0,92.0,214.0,46.0,46.0,46.0,0.0,107.0,107.0,107.0,0.0,12719.7905,166.2717712,8019.0,13844.30121,24005.0,3.0,49.0,49.0,0.0,49.0,49.0,3.0,3.0,0.0,3.0,3.0,0.0,0.0,0.0,0.0,40.0,40.0,83.13588561,83.13588561,46.0,107.0,70.4,33.41107601,1116.3,0.0,0.0,0.0,0.0,0.0,0.0,0.0,0.0,1.0,88.0,46.0,107.0,40.0,0.0,0.0,0.0,0.0,0.0,0.0,2.0,92.0,2.0,214.0,-1.0,-1.0,1.0,20.0,0.0,0.0,0.0,0.0,0.0,0.0,0.0,0.0,BENIGN
53.0,23939.0,2.0,2.0,72.0,104.0,36.0,36.0,36.0,0.0,52.0,52.0,52.0,0.0,7352.019717,167.0913572,7979.666667,13815.99194,23933.0,3.0,3.0,3.0,0.0,3.0,3.0,3.0,3.0,0.0,3.0,3.0,0.0,0.0,0.0,0.0,40.0,40.0,83.5456786,83.5456786,36.0,52.0,42.4,8.76356092,76.8,0.0,0.0,0.0,0.0,0.0,0.0,0.0,0.0,1.0,53.0,36.0,52.0,40.0,0.0,0.0,0.0,0.0,0.0,0.0,2.0,72.0,2.0,104.0,-1.0,-1.0,1.0,20.0,0.0,0.0,0.0,0.0,0.0,0.0,0.0,0.0,BENIGN
53.0,23899.0,2.0,2.0,68.0,198.0,34.0,34.0,34.0,0.0,99.0,99.0,99.0,0.0,11130.17281,167.3710197,7966.333333,13713.22359,23801.0,49.0,49.0,49.0,0.0,49.0,49.0,49.0,49.0,0.0,49.0,49.0,0.0,0.0,0.0,0.0,40.0,40.0,83.68550985,83.68550985,34.0,99.0,60.0,35.60196624,1267.5,0.0,0.0,0.0,0.0,0.0,0.0,0.0,0.0,1.0,75.0,34.0,99.0,40.0,0.0,0.0,0.0,0.0,0.0,0.0,2.0,68.0,2.0,198.0,-1.0,-1.0,1.0,20.0,0.0,0.0,0.0,0.0,0.0,0.0,0.0,0.0,BENIGN
53.0,199.0,2.0,2.0,140.0,332.0,70.0,70.0,70.0,0.0,166.0,166.0,166.0,0.0,2371859.296,20100.50251,66.33333333,109.6965511,193.0,3.0,3.0,3.0,0.0,3.0,3.0,3.0,3.0,0.0,3.0,3.0,0.0,0.0,0.0,0.0,64.0,64.0,10050.25126,10050.25126,70.0,166.0,108.4,52.58136552,2764.8,0.0,0.0,0.0,0.0,0.0,0.0,0.0,0.0,1.0,135.5,70.0,166.0,64.0,0.0,0.0,0.0,0.0,0.0,0.0,2.0,140.0,2.0,332.0,-1.0,-1.0,1.0,32.0,0.0,0.0,0.0,0.0,0.0,0.0,0.0,0.0,BENIGN
53.0,60609.0,4.0,2.0,160.0,202.0,40.0,40.0,40.0,0.0,101.0,101.0,101.0,0.0,5972.710324,98.99519873,12121.8,19468.83958,44723.0,0.0,44772.0,14924.0,25806.70264,44723.0,0.0,4.0,4.0,0.0,4.0,4.0,0.0,0.0,0.0,0.0,80.0,40.0,65.99679916,32.99839958,40.0,101.0,57.42857143,29.76495222,885.952381,0.0,0.0,0.0,0.0,0.0,0.0,0.0,0.0,0.0,67.0,40.0,101.0,80.0,0.0,0.0,0.0,0.0,0.0,0.0,4.0,160.0,2.0,202.0,-1.0,-1.0,3.0,20.0,0.0,0.0,0.0,0.0,0.0,0.0,0.0,0.0,BENIGN
53.0,48421.0,2.0,2.0,94.0,250.0,47.0,47.0,47.0,0.0,125.0,125.0,125.0,0.0,7104.355548,82.60878544,16140.33333,27910.85354,48369.0,3.0,49.0,49.0,0.0,49.0,49.0,3.0,3.0,0.0,3.0,3.0,0.0,0.0,0.0,0.0,64.0,40.0,41.30439272,41.30439272,47.0,125.0,78.2,42.72235949,1825.2,0.0,0.0,0.0,0.0,0.0,0.0,0.0,0.0,1.0,97.75,47.0,125.0,64.0,0.0,0.0,0.0,0.0,0.0,0.0,2.0,94.0,2.0,250.0,-1.0,-1.0,1.0,32.0,0.0,0.0,0.0,0.0,0.0,0.0,0.0,0.0,BENIGN
53.0,204.0,2.0,2.0,68.0,100.0,34.0,34.0,34.0,0.0,50.0,50.0,50.0,0.0,823529.4118,19607.84314,68.0,34.64101615,108.0,48.0,48.0,48.0,0.0,48.0,48.0,48.0,48.0,0.0,48.0,48.0,0.0,0.0,0.0,0.0,40.0,40.0,9803.921569,9803.921569,34.0,50.0,40.4,8.76356092,76.8,0.0,0.0,0.0,0.0,0.0,0.0,0.0,0.0,1.0,50.5,34.0,50.0,40.0,0.0,0.0,0.0,0.0,0.0,0.0,2.0,68.0,2.0,100.0,-1.0,-1.0,1.0,20.0,0.0,0.0,0.0,0.0,0.0,0.0,0.0,0.0,BENIGN
53.0,7143447.0,6.0,4.0,244.0,414.0,50.0,36.0,40.66666667,7.229568913,129.0,78.0,103.5,29.44486373,92.11239336,1.399884398,793716.3333,2358314.836,7082378.0,1.0,7143290.0,1428658.0,3164357.471,7089077.0,1.0,7082541.0,2360847.0,4089062.786,7082490.0,3.0,0.0,0.0,0.0,0.0,144.0,104.0,0.839930639,0.559953759,36.0,129.0,63.09090909,36.25590861,1314.490909,0.0,0.0,0.0,0.0,0.0,0.0,0.0,0.0,0.0,69.4,40.66666667,103.5,144.0,0.0,0.0,0.0,0.0,0.0,0.0,6.0,244.0,4.0,414.0,-1.0,-1.0,5.0,20.0,60909.0,0.0,60909.0,60909.0,7082378.0,0.0,7082378.0,7082378.0,BENIGN
53.0,23945.0,2.0,2.0,62.0,232.0,31.0,31.0,31.0,0.0,116.0,116.0,116.0,0.0,12278.1374,167.0494884,7981.666667,13779.63644,23893.0,4.0,4.0,4.0,0.0,4.0,4.0,48.0,48.0,0.0,48.0,48.0,0.0,0.0,0.0,0.0,40.0,64.0,83.52474421,83.52474421,31.0,116.0,65.0,46.55641739,2167.5,0.0,0.0,0.0,0.0,0.0,0.0,0.0,0.0,1.0,81.25,31.0,116.0,40.0,0.0,0.0,0.0,0.0,0.0,0.0,2.0,62.0,2.0,232.0,-1.0,-1.0,1.0,20.0,0.0,0.0,0.0,0.0,0.0,0.0,0.0,0.0,BENIGN
53.0,196.0,2.0,2.0,68.0,182.0,34.0,34.0,34.0,0.0,91.0,91.0,91.0,0.0,1275510.204,20408.16327,65.33333333,72.56950691,145.0,3.0,3.0,3.0,0.0,3.0,3.0,48.0,48.0,0.0,48.0,48.0,0.0,0.0,0.0,0.0,40.0,40.0,10204.08163,10204.08163,34.0,91.0,56.8,31.22018578,974.7,0.0,0.0,0.0,0.0,0.0,0.0,0.0,0.0,1.0,71.0,34.0,91.0,40.0,0.0,0.0,0.0,0.0,0.0,0.0,2.0,68.0,2.0,182.0,-1.0,-1.0,1.0,20.0,0.0,0.0,0.0,0.0,0.0,0.0,0.0,0.0,BENIGN
53.0,64780.0,4.0,2.0,184.0,266.0,46.0,46.0,46.0,0.0,133.0,133.0,133.0,0.0,6946.588453,92.62117938,12956.0,18517.22223,39984.0,3.0,24747.0,8249.0,14282.49096,24741.0,3.0,49.0,49.0,0.0,49.0,49.0,0.0,0.0,0.0,0.0,120.0,40.0,61.74745292,30.87372646,46.0,133.0,70.85714286,42.45165317,1802.142857,0.0,0.0,0.0,0.0,0.0,0.0,0.0,0.0,0.0,82.66666667,46.0,133.0,120.0,0.0,0.0,0.0,0.0,0.0,0.0,4.0,184.0,2.0,266.0,-1.0,-1.0,3.0,20.0,0.0,0.0,0.0,0.0,0.0,0.0,0.0,0.0,BENIGN
53.0,165.0,2.0,2.0,74.0,106.0,37.0,37.0,37.0,0.0,53.0,53.0,53.0,0.0,1090909.091,24242.42424,55.0,55.83009941,114.0,3.0,3.0,3.0,0.0,3.0,3.0,48.0,48.0,0.0,48.0,48.0,0.0,0.0,0.0,0.0,40.0,40.0,12121.21212,12121.21212,37.0,53.0,43.4,8.76356092,76.8,0.0,0.0,0.0,0.0,0.0,0.0,0.0,0.0,1.0,54.25,37.0,53.0,40.0,0.0,0.0,0.0,0.0,0.0,0.0,2.0,74.0,2.0,106.0,-1.0,-1.0,1.0,20.0,0.0,0.0,0.0,0.0,0.0,0.0,0.0,0.0,BENIGN
53.0,25271.0,4.0,4.0,164.0,228.0,41.0,41.0,41.0,0.0,57.0,57.0,57.0,0.0,15511.85153,316.5683986,3610.142857,9415.458308,24962.0,1.0,25138.0,8379.333333,14511.69902,25136.0,1.0,25144.0,8381.333333,14474.479,25095.0,1.0,0.0,0.0,0.0,0.0,80.0,80.0,158.2841993,158.2841993,41.0,57.0,48.11111111,8.432740427,71.11111111,0.0,0.0,0.0,0.0,0.0,0.0,0.0,0.0,1.0,54.125,41.0,57.0,80.0,0.0,0.0,0.0,0.0,0.0,0.0,4.0,164.0,4.0,228.0,-1.0,-1.0,3.0,20.0,0.0,0.0,0.0,0.0,0.0,0.0,0.0,0.0,BENIGN
53.0,233.0,2.0,2.0,78.0,206.0,39.0,39.0,39.0,0.0,103.0,103.0,103.0,0.0,1218884.12,17167.38197,77.66666667,92.15385686,181.0,4.0,4.0,4.0,0.0,4.0,4.0,48.0,48.0,0.0,48.0,48.0,0.0,0.0,0.0,0.0,40.0,40.0,8583.690987,8583.690987,39.0,103.0,64.6,35.05424368,1228.8,0.0,0.0,0.0,0.0,0.0,0.0,0.0,0.0,1.0,80.75,39.0,103.0,40.0,0.0,0.0,0.0,0.0,0.0,0.0,2.0,78.0,2.0,206.0,-1.0,-1.0,1.0,20.0,0.0,0.0,0.0,0.0,0.0,0.0,0.0,0.0,BENIGN
53.0,169.0,2.0,2.0,76.0,132.0,38.0,38.0,38.0,0.0,66.0,66.0,66.0,0.0,1230769.231,23668.63905,56.33333333,56.95904962,117.0,4.0,4.0,4.0,0.0,4.0,4.0,48.0,48.0,0.0,48.0,48.0,0.0,0.0,0.0,0.0,40.0,40.0,11834.31953,11834.31953,38.0,66.0,49.2,15.33623161,235.2,0.0,0.0,0.0,0.0,0.0,0.0,0.0,0.0,1.0,61.5,38.0,66.0,40.0,0.0,0.0,0.0,0.0,0.0,0.0,2.0,76.0,2.0,132.0,-1.0,-1.0,1.0,20.0,0.0,0.0,0.0,0.0,0.0,0.0,0.0,0.0,BENIGN
53.0,197.0,2.0,2.0,88.0,216.0,44.0,44.0,44.0,0.0,108.0,108.0,108.0,0.0,1543147.208,20304.56853,65.66666667,73.11862508,146.0,3.0,3.0,3.0,0.0,3.0,3.0,48.0,48.0,0.0,48.0,48.0,0.0,0.0,0.0,0.0,40.0,40.0,10152.28426,10152.28426,44.0,108.0,69.6,35.05424368,1228.8,0.0,0.0,0.0,0.0,0.0,0.0,0.0,0.0,1.0,87.0,44.0,108.0,40.0,0.0,0.0,0.0,0.0,0.0,0.0,2.0,88.0,2.0,216.0,-1.0,-1.0,1.0,20.0,0.0,0.0,0.0,0.0,0.0,0.0,0.0,0.0,BENIGN
53.0,166.0,2.0,2.0,72.0,104.0,36.0,36.0,36.0,0.0,52.0,52.0,52.0,0.0,1060240.964,24096.38554,55.33333333,56.35896853,115.0,3.0,3.0,3.0,0.0,3.0,3.0,48.0,48.0,0.0,48.0,48.0,0.0,0.0,0.0,0.0,40.0,40.0,12048.19277,12048.19277,36.0,52.0,42.4,8.76356092,76.8,0.0,0.0,0.0,0.0,0.0,0.0,0.0,0.0,1.0,53.0,36.0,52.0,40.0,0.0,0.0,0.0,0.0,0.0,0.0,2.0,72.0,2.0,104.0,-1.0,-1.0,1.0,20.0,0.0,0.0,0.0,0.0,0.0,0.0,0.0,0.0,BENIGN
53.0,24054.0,2.0,2.0,94.0,256.0,47.0,47.0,47.0,0.0,128.0,128.0,128.0,0.0,14550.5945,166.2925085,8018.0,13843.43278,24003.0,4.0,4.0,4.0,0.0,4.0,4.0,47.0,47.0,0.0,47.0,47.0,0.0,0.0,0.0,0.0,40.0,40.0,83.14625426,83.14625426,47.0,128.0,79.4,44.36552716,1968.3,0.0,0.0,0.0,0.0,0.0,0.0,0.0,0.0,1.0,99.25,47.0,128.0,40.0,0.0,0.0,0.0,0.0,0.0,0.0,2.0,94.0,2.0,256.0,-1.0,-1.0,1.0,20.0,0.0,0.0,0.0,0.0,0.0,0.0,0.0,0.0,BENIGN
53.0,169336.0,4.0,2.0,132.0,98.0,33.0,33.0,33.0,0.0,49.0,49.0,49.0,0.0,1358.246327,35.43251287,33867.2,51592.27402,116687.0,3.0,52601.0,17533.66667,30363.13934,52594.0,3.0,48.0,48.0,0.0,48.0,48.0,0.0,0.0,0.0,0.0,80.0,64.0,23.62167525,11.81083762,33.0,49.0,37.57142857,7.807200584,60.95238095,0.0,0.0,0.0,0.0,0.0,0.0,0.0,0.0,0.0,43.83333333,33.0,49.0,80.0,0.0,0.0,0.0,0.0,0.0,0.0,4.0,132.0,2.0,98.0,-1.0,-1.0,3.0,20.0,0.0,0.0,0.0,0.0,0.0,0.0,0.0,0.0,BENIGN
53.0,24651.0,4.0,4.0,188.0,252.0,47.0,47.0,47.0,0.0,63.0,63.0,63.0,0.0,17849.17448,324.530445,3521.571429,9101.842357,24162.0,3.0,24356.0,8118.666667,14056.747,24350.0,3.0,24508.0,8169.333333,13942.90366,24269.0,48.0,0.0,0.0,0.0,0.0,80.0,80.0,162.2652225,162.2652225,47.0,63.0,54.11111111,8.432740427,71.11111111,0.0,0.0,0.0,0.0,0.0,0.0,0.0,0.0,1.0,60.875,47.0,63.0,80.0,0.0,0.0,0.0,0.0,0.0,0.0,4.0,188.0,4.0,252.0,-1.0,-1.0,3.0,20.0,0.0,0.0,0.0,0.0,0.0,0.0,0.0,0.0,BENIGN
53.0,25274.0,4.0,4.0,256.0,584.0,64.0,64.0,64.0,0.0,146.0,146.0,146.0,0.0,33235.73633,316.5308222,3610.571429,8921.108878,23819.0,1.0,25140.0,8380.0,14439.3041,25053.0,1.0,1454.0,484.6666667,755.4629927,1357.0,48.0,0.0,0.0,0.0,0.0,80.0,80.0,158.2654111,158.2654111,64.0,146.0,100.4444444,43.21779469,1867.777778,0.0,0.0,0.0,0.0,0.0,0.0,0.0,0.0,1.0,113.0,64.0,146.0,80.0,0.0,0.0,0.0,0.0,0.0,0.0,4.0,256.0,4.0,584.0,-1.0,-1.0,3.0,20.0,0.0,0.0,0.0,0.0,0.0,0.0,0.0,0.0,BENIGN
53.0,48208.0,2.0,2.0,74.0,204.0,37.0,37.0,37.0,0.0,102.0,102.0,102.0,0.0,5766.67773,82.97378029,16069.33333,27749.76334,48112.0,48.0,48.0,48.0,0.0,48.0,48.0,48.0,48.0,0.0,48.0,48.0,0.0,0.0,0.0,0.0,40.0,40.0,41.48689014,41.48689014,37.0,102.0,63.0,35.60196624,1267.5,0.0,0.0,0.0,0.0,0.0,0.0,0.0,0.0,1.0,78.75,37.0,102.0,40.0,0.0,0.0,0.0,0.0,0.0,0.0,2.0,74.0,2.0,204.0,-1.0,-1.0,1.0,20.0,0.0,0.0,0.0,0.0,0.0,0.0,0.0,0.0,BENIGN
53.0,68397.0,4.0,4.0,132.0,364.0,33.0,33.0,33.0,0.0,91.0,91.0,91.0,0.0,7251.780049,116.9641943,9771.0,18625.73441,48672.0,3.0,68242.0,22747.33333,39394.34092,68236.0,3.0,19722.0,6574.0,11302.49756,19625.0,48.0,0.0,0.0,0.0,0.0,104.0,80.0,58.48209717,58.48209717,33.0,91.0,58.77777778,30.56868405,934.4444444,0.0,0.0,0.0,0.0,0.0,0.0,0.0,0.0,1.0,66.125,33.0,91.0,104.0,0.0,0.0,0.0,0.0,0.0,0.0,4.0,132.0,4.0,364.0,-1.0,-1.0,3.0,20.0,0.0,0.0,0.0,0.0,0.0,0.0,0.0,0.0,BENIGN
53.0,170.0,2.0,2.0,76.0,108.0,38.0,38.0,38.0,0.0,54.0,54.0,54.0,0.0,1082352.941,23529.41176,56.66666667,57.49202843,118.0,4.0,4.0,4.0,0.0,4.0,4.0,48.0,48.0,0.0,48.0,48.0,0.0,0.0,0.0,0.0,64.0,52.0,11764.70588,11764.70588,38.0,54.0,44.4,8.76356092,76.8,0.0,0.0,0.0,0.0,0.0,0.0,0.0,0.0,1.0,55.5,38.0,54.0,64.0,0.0,0.0,0.0,0.0,0.0,0.0,2.0,76.0,2.0,108.0,-1.0,-1.0,1.0,32.0,0.0,0.0,0.0,0.0,0.0,0.0,0.0,0.0,BENIGN
53.0,178.0,2.0,2.0,66.0,98.0,33.0,33.0,33.0,0.0,49.0,49.0,49.0,0.0,921348.3146,22471.91011,59.33333333,64.12747721,128.0,1.0,1.0,1.0,0.0,1.0,1.0,49.0,49.0,0.0,49.0,49.0,0.0,0.0,0.0,0.0,64.0,64.0,11235.95506,11235.95506,33.0,49.0,39.4,8.76356092,76.8,0.0,0.0,0.0,0.0,0.0,0.0,0.0,0.0,1.0,49.25,33.0,49.0,64.0,0.0,0.0,0.0,0.0,0.0,0.0,2.0,66.0,2.0,98.0,-1.0,-1.0,1.0,32.0,0.0,0.0,0.0,0.0,0.0,0.0,0.0,0.0,BENIGN
53.0,24027.0,2.0,2.0,100.0,256.0,50.0,50.0,50.0,0.0,128.0,128.0,128.0,0.0,14816.66459,166.4793774,8009.0,13827.84593,23976.0,3.0,3.0,3.0,0.0,3.0,3.0,48.0,48.0,0.0,48.0,48.0,0.0,0.0,0.0,0.0,40.0,40.0,83.23968868,83.23968868,50.0,128.0,81.2,42.72235949,1825.2,0.0,0.0,0.0,0.0,0.0,0.0,0.0,0.0,1.0,101.5,50.0,128.0,40.0,0.0,0.0,0.0,0.0,0.0,0.0,2.0,100.0,2.0,256.0,-1.0,-1.0,1.0,20.0,0.0,0.0,0.0,0.0,0.0,0.0,0.0,0.0,BENIGN
53.0,24233.0,2.0,2.0,88.0,210.0,44.0,44.0,44.0,0.0,105.0,105.0,105.0,0.0,12297.28057,165.0641687,8077.666667,13946.77835,24182.0,4.0,4.0,4.0,0.0,4.0,4.0,47.0,47.0,0.0,47.0,47.0,0.0,0.0,0.0,0.0,40.0,40.0,82.53208435,82.53208435,44.0,105.0,68.4,33.41107601,1116.3,0.0,0.0,0.0,0.0,0.0,0.0,0.0,0.0,1.0,85.5,44.0,105.0,40.0,0.0,0.0,0.0,0.0,0.0,0.0,2.0,88.0,2.0,210.0,-1.0,-1.0,1.0,20.0,0.0,0.0,0.0,0.0,0.0,0.0,0.0,0.0,BENIGN
53.0,47947.0,4.0,2.0,144.0,128.0,36.0,36.0,36.0,0.0,64.0,64.0,64.0,0.0,5672.930527,125.1381734,9589.4,15342.99261,35253.0,3.0,35304.0,11768.0,20338.61905,35253.0,3.0,48.0,48.0,0.0,48.0,48.0,0.0,0.0,0.0,0.0,80.0,40.0,83.42544893,41.71272447,36.0,64.0,44.0,13.66260102,186.6666667,0.0,0.0,0.0,0.0,0.0,0.0,0.0,0.0,0.0,51.33333333,36.0,64.0,80.0,0.0,0.0,0.0,0.0,0.0,0.0,4.0,144.0,2.0,128.0,-1.0,-1.0,3.0,20.0,0.0,0.0,0.0,0.0,0.0,0.0,0.0,0.0,BENIGN
53.0,129508.0,4.0,2.0,140.0,410.0,35.0,35.0,35.0,0.0,205.0,205.0,205.0,0.0,4246.841894,46.3291843,25901.6,45210.4364,104421.0,3.0,25039.0,8346.333333,14451.07724,25033.0,3.0,48.0,48.0,0.0,48.0,48.0,0.0,0.0,0.0,0.0,104.0,40.0,30.88612286,15.44306143,35.0,205.0,83.57142857,82.9515062,6880.952381,0.0,0.0,0.0,0.0,0.0,0.0,0.0,0.0,0.0,97.5,35.0,205.0,104.0,0.0,0.0,0.0,0.0,0.0,0.0,4.0,140.0,2.0,410.0,-1.0,-1.0,3.0,20.0,0.0,0.0,0.0,0.0,0.0,0.0,0.0,0.0,BENIGN
53.0,176.0,2.0,2.0,82.0,208.0,41.0,41.0,41.0,0.0,104.0,104.0,104.0,0.0,1647727.273,22727.27273,58.66666667,61.69548876,125.0,3.0,3.0,3.0,0.0,3.0,3.0,48.0,48.0,0.0,48.0,48.0,0.0,0.0,0.0,0.0,40.0,40.0,11363.63636,11363.63636,41.0,104.0,66.2,34.50652112,1190.7,0.0,0.0,0.0,0.0,0.0,0.0,0.0,0.0,1.0,82.75,41.0,104.0,40.0,0.0,0.0,0.0,0.0,0.0,0.0,2.0,82.0,2.0,208.0,-1.0,-1.0,1.0,20.0,0.0,0.0,0.0,0.0,0.0,0.0,0.0,0.0,BENIGN
