dataset;subtype;filepath;lineno;recno;timestamp_iso;severity;event;source;component;host;pid;tid;session;user;uid;gid;auid;euid;egid;exe;path;path_all;exec_args;exec_args_all;exec_env_all;src_ip;src_port;dst_ip;dst_port;proto;length;flags;http_method;http_url;http_status;bytes_sent;user_agent;referrer;category;subcategory;message
windows_event;win_event;E:\Cours\TFE\experiments\phase_dataset_strengthening\processed\multiformat_balanced_20260910T094422Z\samples\windows_event.xml;;1;2025-08-21T22:42:02.233624+00:00;INFO;34;Oracle.xe;Oracle.xe;andy-aaron;8052;0;;;;;;;;;;;;;;;;;;;;;;;;;;;INFORMATIONAL;generic;"<string>LENGTH: '686' ACTION :[435] 'select /*+ no_parallel(t) no_parallel_index(t) dbms_stats cursor_sharing_exact use_weak_name_resl dynamic_sampling(0) no_monitoring xmlindex_sel_idx_tbl opt_param('optimizer_inmemory_aware' 'false') no_substrb_pad leading(r t) use_nl(t) rowid(t) */ substrb(dump(t.""OBJ#"",16,0,64),1,240) d_3404126564, r.rwid, r.freq from ""SYS"".""WRI$_OPTSTAT_HISTGRM_HISTORY"" t, table(:topntab) r where t.rowid = chartorowid(r.rwid) order by t.""OBJ#""' DATABASE USER:[3] 'SYS' PRIVILEGE :[4] 'NONE' CLIENT USER:[0] '' CLIENT TERMINAL:[10] 'ANDY-AARON' STATUS:[1] '0' DBID:[10] '3074368596' SESSIONID:[6] '400227' USERHOST:[10] 'ANDY-AARON' CLIENT ADDRESS:[0] '' ACTION NUMBER:[1] '3' </string>"
windows_event;win_event;E:\Cours\TFE\experiments\phase_dataset_strengthening\processed\multiformat_balanced_20260910T094422Z\samples\windows_event.xml;;2;2025-08-21T22:42:02.238184+00:00;INFO;34;Oracle.xe;Oracle.xe;andy-aaron;8052;0;;;;;;;;;;;;;;;;;;;;;;;;;;;INFORMATIONAL;generic;"<string>LENGTH: '692' ACTION :[441] 'select /*+ no_parallel(t) no_parallel_index(t) dbms_stats cursor_sharing_exact use_weak_name_resl dynamic_sampling(0) no_monitoring xmlindex_sel_idx_tbl opt_param('optimizer_inmemory_aware' 'false') no_substrb_pad leading(r t) use_nl(t) rowid(t) */ substrb(dump(t.""INTCOL#"",16,0,64),1,240) d_1254105588, r.rwid, r.freq from ""SYS"".""WRI$_OPTSTAT_HISTGRM_HISTORY"" t, table(:topntab) r where t.rowid = chartorowid(r.rwid) order by t.""INTCOL#""' DATABASE USER:[3] 'SYS' PRIVILEGE :[4] 'NONE' CLIENT USER:[0] '' CLIENT TERMINAL:[10] 'ANDY-AARON' STATUS:[1] '0' DBID:[10] '3074368596' SESSIONID:[6] '400227' USERHOST:[10] 'ANDY-AARON' CLIENT ADDRESS:[0] '' ACTION NUMBER:[1] '3' </string>"
windows_event;win_event;E:\Cours\TFE\experiments\phase_dataset_strengthening\processed\multiformat_balanced_20260910T094422Z\samples\windows_event.xml;;3;2025-08-21T22:42:02.249062+00:00;INFO;34;Oracle.xe;Oracle.xe;andy-aaron;8052;0;;;;;;;;;;;;;;;;;;;;;;;;;;;INFORMATIONAL;generic;"<string>LENGTH: '692' ACTION :[441] 'select /*+ no_parallel(t) no_parallel_index(t) dbms_stats cursor_sharing_exact use_weak_name_resl dynamic_sampling(0) no_monitoring xmlindex_sel_idx_tbl opt_param('optimizer_inmemory_aware' 'false') no_substrb_pad leading(r t) use_nl(t) rowid(t) */ substrb(dump(t.""INTCOL#"",16,0,64),1,240) d_1254105588, r.rwid, r.freq from ""SYS"".""WRI$_OPTSTAT_HISTGRM_HISTORY"" t, table(:topntab) r where t.rowid = chartorowid(r.rwid) order by t.""INTCOL#""' DATABASE USER:[3] 'SYS' PRIVILEGE :[4] 'NONE' CLIENT USER:[0] '' CLIENT TERMINAL:[10] 'ANDY-AARON' STATUS:[1] '0' DBID:[10] '3074368596' SESSIONID:[6] '400227' USERHOST:[10] 'ANDY-AARON' CLIENT ADDRESS:[0] '' ACTION NUMBER:[1] '3' </string>"
windows_event;win_event;E:\Cours\TFE\experiments\phase_dataset_strengthening\processed\multiformat_balanced_20260910T094422Z\samples\windows_event.xml;;4;2025-08-21T22:42:02.252434+00:00;INFO;34;Oracle.xe;Oracle.xe;andy-aaron;8052;0;;;;;;;;;;;;;;;;;;;;;;;;;;;INFORMATIONAL;generic;"<string>LENGTH: '702' ACTION :[451] 'select /*+ no_parallel(t) no_parallel_index(t) dbms_stats cursor_sharing_exact use_weak_name_resl dynamic_sampling(0) no_monitoring xmlindex_sel_idx_tbl opt_param('optimizer_inmemory_aware' 'false') no_substrb_pad leading(r t) use_nl(t) rowid(t) */ substrb(dump(t.""SAVTIME_DATE"",16,0,64),1,240) d_1538534408, r.rwid, r.freq from ""SYS"".""WRI$_OPTSTAT_HISTGRM_HISTORY"" t, table(:topntab) r where t.rowid = chartorowid(r.rwid) order by t.""SAVTIME_DATE""' DATABASE USER:[3] 'SYS' PRIVILEGE :[4] 'NONE' CLIENT USER:[0] '' CLIENT TERMINAL:[10] 'ANDY-AARON' STATUS:[1] '0' DBID:[10] '3074368596' SESSIONID:[6] '400227' USERHOST:[10] 'ANDY-AARON' CLIENT ADDRESS:[0] '' ACTION NUMBER:[1] '3' </string>"
windows_event;win_event;E:\Cours\TFE\experiments\phase_dataset_strengthening\processed\multiformat_balanced_20260910T094422Z\samples\windows_event.xml;;5;2025-08-21T22:42:02.260702+00:00;INFO;34;Oracle.xe;Oracle.xe;andy-aaron;8052;0;;;;;;;;;;;;;;;;;;;;;;;;;;;INFORMATIONAL;generic;"<string>LENGTH: '702' ACTION :[451] 'select /*+ no_parallel(t) no_parallel_index(t) dbms_stats cursor_sharing_exact use_weak_name_resl dynamic_sampling(0) no_monitoring xmlindex_sel_idx_tbl opt_param('optimizer_inmemory_aware' 'false') no_substrb_pad leading(r t) use_nl(t) rowid(t) */ substrb(dump(t.""SAVTIME_DATE"",16,0,64),1,240) d_1538534408, r.rwid, r.freq from ""SYS"".""WRI$_OPTSTAT_HISTGRM_HISTORY"" t, table(:topntab) r where t.rowid = chartorowid(r.rwid) order by t.""SAVTIME_DATE""' DATABASE USER:[3] 'SYS' PRIVILEGE :[4] 'NONE' CLIENT USER:[0] '' CLIENT TERMINAL:[10] 'ANDY-AARON' STATUS:[1] '0' DBID:[10] '3074368596' SESSIONID:[6] '400227' USERHOST:[10] 'ANDY-AARON' CLIENT ADDRESS:[0] '' ACTION NUMBER:[1] '3' </string>"
windows_event;win_event;E:\Cours\TFE\experiments\phase_dataset_strengthening\processed\multiformat_balanced_20260910T094422Z\samples\windows_event.xml;;6;2025-08-21T22:42:04.363901+00:00;INFO;34;Oracle.xe;Oracle.xe;andy-aaron;8052;0;;;;;;;;;;;;;;;;;;;;;;;;;;;INFORMATIONAL;generic;"<string>LENGTH: '662' ACTION :[411] 'select /*+ no_parallel(t) no_parallel_index(t) dbms_stats cursor_sharing_exact use_weak_name_resl dynamic_sampling(0) no_monitoring xmlindex_sel_idx_tbl opt_param('optimizer_inmemory_aware' 'false') no_substrb_pad leading(r t) use_nl(t) rowid(t) */ substrb(dump(t.""OBJ#"",16,0,64),1,240) d_3404126564, r.rwid, r.freq from ""SYS"".""CLU$"" t, table(:topntab) r where t.rowid = chartorowid(r.rwid) order by t.""OBJ#""' DATABASE USER:[3] 'SYS' PRIVILEGE :[4] 'NONE' CLIENT USER:[0] '' CLIENT TERMINAL:[10] 'ANDY-AARON' STATUS:[1] '0' DBID:[10] '3074368596' SESSIONID:[6] '400227' USERHOST:[10] 'ANDY-AARON' CLIENT ADDRESS:[0] '' ACTION NUMBER:[1] '3' </string>"
windows_event;win_event;E:\Cours\TFE\experiments\phase_dataset_strengthening\processed\multiformat_balanced_20260910T094422Z\samples\windows_event.xml;;7;2025-08-21T22:42:04.370382+00:00;INFO;34;Oracle.xe;Oracle.xe;andy-aaron;8052;0;;;;;;;;;;;;;;;;;;;;;;;;;;;INFORMATIONAL;generic;"<string>LENGTH: '662' ACTION :[411] 'select /*+ no_parallel(t) no_parallel_index(t) dbms_stats cursor_sharing_exact use_weak_name_resl dynamic_sampling(0) no_monitoring xmlindex_sel_idx_tbl opt_param('optimizer_inmemory_aware' 'false') no_substrb_pad leading(r t) use_nl(t) rowid(t) */ substrb(dump(t.""OBJ#"",16,0,64),1,240) d_3404126564, r.rwid, r.freq from ""SYS"".""CLU$"" t, table(:topntab) r where t.rowid = chartorowid(r.rwid) order by t.""OBJ#""' DATABASE USER:[3] 'SYS' PRIVILEGE :[4] 'NONE' CLIENT USER:[0] '' CLIENT TERMINAL:[10] 'ANDY-AARON' STATUS:[1] '0' DBID:[10] '3074368596' SESSIONID:[6] '400227' USERHOST:[10] 'ANDY-AARON' CLIENT ADDRESS:[0] '' ACTION NUMBER:[1] '3' </string>"
windows_event;win_event;E:\Cours\TFE\experiments\phase_dataset_strengthening\processed\multiformat_balanced_20260910T094422Z\samples\windows_event.xml;;8;2025-08-21T22:42:04.478832+00:00;INFO;34;Oracle.xe;Oracle.xe;andy-aaron;8052;0;;;;;;;;;;;;;;;;;;;;;;;;;;;INFORMATIONAL;generic;"<string>LENGTH: '664' ACTION :[413] 'select /*+ no_parallel(t) no_parallel_index(t) dbms_stats cursor_sharing_exact use_weak_name_resl dynamic_sampling(0) no_monitoring xmlindex_sel_idx_tbl opt_param('optimizer_inmemory_aware' 'false') no_substrb_pad leading(r t) use_nl(t) rowid(t) */ substrb(dump(t.""FLAGS"",16,0,64),1,240) d_2385161744, r.rwid, r.freq from ""SYS"".""SEQ$"" t, table(:topntab) r where t.rowid = chartorowid(r.rwid) order by t.""FLAGS""' DATABASE USER:[3] 'SYS' PRIVILEGE :[4] 'NONE' CLIENT USER:[0] '' CLIENT TERMINAL:[10] 'ANDY-AARON' STATUS:[1] '0' DBID:[10] '3074368596' SESSIONID:[6] '400227' USERHOST:[10] 'ANDY-AARON' CLIENT ADDRESS:[0] '' ACTION NUMBER:[1] '3' </string>"
windows_event;win_event;E:\Cours\TFE\experiments\phase_dataset_strengthening\processed\multiformat_balanced_20260910T094422Z\samples\windows_event.xml;;9;2025-08-21T22:42:04.486715+00:00;INFO;34;Oracle.xe;Oracle.xe;andy-aaron;8052;0;;;;;;;;;;;;;;;;;;;;;;;;;;;INFORMATIONAL;generic;"<string>LENGTH: '664' ACTION :[413] 'select /*+ no_parallel(t) no_parallel_index(t) dbms_stats cursor_sharing_exact use_weak_name_resl dynamic_sampling(0) no_monitoring xmlindex_sel_idx_tbl opt_param('optimizer_inmemory_aware' 'false') no_substrb_pad leading(r t) use_nl(t) rowid(t) */ substrb(dump(t.""FLAGS"",16,0,64),1,240) d_2385161744, r.rwid, r.freq from ""SYS"".""SEQ$"" t, table(:topntab) r where t.rowid = chartorowid(r.rwid) order by t.""FLAGS""' DATABASE USER:[3] 'SYS' PRIVILEGE :[4] 'NONE' CLIENT USER:[0] '' CLIENT TERMINAL:[10] 'ANDY-AARON' STATUS:[1] '0' DBID:[10] '3074368596' SESSIONID:[6] '400227' USERHOST:[10] 'ANDY-AARON' CLIENT ADDRESS:[0] '' ACTION NUMBER:[1] '3' </string>"
windows_event;win_event;E:\Cours\TFE\experiments\phase_dataset_strengthening\processed\multiformat_balanced_20260910T094422Z\samples\windows_event.xml;;10;2025-08-21T22:42:04.707699+00:00;INFO;34;Oracle.xe;Oracle.xe;andy-aaron;8052;0;;;;;;;;;;;;;;;;;;;;;;;;;;;INFORMATIONAL;generic;"<string>LENGTH: '684' ACTION :[433] 'select /*+ no_parallel(t) no_parallel_index(t) dbms_stats cursor_sharing_exact use_weak_name_resl dynamic_sampling(0) no_monitoring xmlindex_sel_idx_tbl opt_param('optimizer_inmemory_aware' 'false') no_substrb_pad leading(r t) use_nl(t) rowid(t) */ substrb(dump(t.""ADVISOR_ID"",16,0,64),1,240) d_2026044459, r.rwid, r.freq from ""SYS"".""WRI$_ADV_USAGE"" t, table(:topntab) r where t.rowid = chartorowid(r.rwid) order by t.""ADVISOR_ID""' DATABASE USER:[3] 'SYS' PRIVILEGE :[4] 'NONE' CLIENT USER:[0] '' CLIENT TERMINAL:[10] 'ANDY-AARON' STATUS:[1] '0' DBID:[10] '3074368596' SESSIONID:[6] '400227' USERHOST:[10] 'ANDY-AARON' CLIENT ADDRESS:[0] '' ACTION NUMBER:[1] '3' </string>"
windows_event;win_event;E:\Cours\TFE\experiments\phase_dataset_strengthening\processed\multiformat_balanced_20260910T094422Z\samples\windows_event.xml;;11;2025-08-21T22:42:04.734270+00:00;INFO;34;Oracle.xe;Oracle.xe;andy-aaron;8052;0;;;;;;;;;;;;;;;;;;;;;;;;;;;INFORMATIONAL;generic;"<string>LENGTH: '684' ACTION :[433] 'select /*+ no_parallel(t) no_parallel_index(t) dbms_stats cursor_sharing_exact use_weak_name_resl dynamic_sampling(0) no_monitoring xmlindex_sel_idx_tbl opt_param('optimizer_inmemory_aware' 'false') no_substrb_pad leading(r t) use_nl(t) rowid(t) */ substrb(dump(t.""ADVISOR_ID"",16,0,64),1,240) d_2026044459, r.rwid, r.freq from ""SYS"".""WRI$_ADV_USAGE"" t, table(:topntab) r where t.rowid = chartorowid(r.rwid) order by t.""ADVISOR_ID""' DATABASE USER:[3] 'SYS' PRIVILEGE :[4] 'NONE' CLIENT USER:[0] '' CLIENT TERMINAL:[10] 'ANDY-AARON' STATUS:[1] '0' DBID:[10] '3074368596' SESSIONID:[6] '400227' USERHOST:[10] 'ANDY-AARON' CLIENT ADDRESS:[0] '' ACTION NUMBER:[1] '3' </string>"
windows_event;win_event;E:\Cours\TFE\experiments\phase_dataset_strengthening\processed\multiformat_balanced_20260910T094422Z\samples\windows_event.xml;;12;2025-08-21T22:42:04.752531+00:00;INFO;34;Oracle.xe;Oracle.xe;andy-aaron;8052;0;;;;;;;;;;;;;;;;;;;;;;;;;;;INFORMATIONAL;generic;"<string>LENGTH: '681' ACTION :[430] 'select /*+ no_parallel(t) no_parallel_index(t) dbms_stats cursor_sharing_exact use_weak_name_resl dynamic_sampling(0) no_monitoring xmlindex_sel_idx_tbl opt_param('optimizer_inmemory_aware' 'false') no_substrb_pad leading(r t) use_nl(t) rowid(t) */ substrb(dump(t.""NUM_EXECS"",16,0,64),1,240) d_616297993, r.rwid, r.freq from ""SYS"".""WRI$_ADV_USAGE"" t, table(:topntab) r where t.rowid = chartorowid(r.rwid) order by t.""NUM_EXECS""' DATABASE USER:[3] 'SYS' PRIVILEGE :[4] 'NONE' CLIENT USER:[0] '' CLIENT TERMINAL:[10] 'ANDY-AARON' STATUS:[1] '0' DBID:[10] '3074368596' SESSIONID:[6] '400227' USERHOST:[10] 'ANDY-AARON' CLIENT ADDRESS:[0] '' ACTION NUMBER:[1] '3' </string>"
windows_event;win_event;E:\Cours\TFE\experiments\phase_dataset_strengthening\processed\multiformat_balanced_20260910T094422Z\samples\windows_event.xml;;13;2025-08-21T22:42:04.765718+00:00;INFO;34;Oracle.xe;Oracle.xe;andy-aaron;8052;0;;;;;;;;;;;;;;;;;;;;;;;;;;;INFORMATIONAL;generic;"<string>LENGTH: '681' ACTION :[430] 'select /*+ no_parallel(t) no_parallel_index(t) dbms_stats cursor_sharing_exact use_weak_name_resl dynamic_sampling(0) no_monitoring xmlindex_sel_idx_tbl opt_param('optimizer_inmemory_aware' 'false') no_substrb_pad leading(r t) use_nl(t) rowid(t) */ substrb(dump(t.""NUM_EXECS"",16,0,64),1,240) d_616297993, r.rwid, r.freq from ""SYS"".""WRI$_ADV_USAGE"" t, table(:topntab) r where t.rowid = chartorowid(r.rwid) order by t.""NUM_EXECS""' DATABASE USER:[3] 'SYS' PRIVILEGE :[4] 'NONE' CLIENT USER:[0] '' CLIENT TERMINAL:[10] 'ANDY-AARON' STATUS:[1] '0' DBID:[10] '3074368596' SESSIONID:[6] '400227' USERHOST:[10] 'ANDY-AARON' CLIENT ADDRESS:[0] '' ACTION NUMBER:[1] '3' </string>"
windows_event;win_event;E:\Cours\TFE\experiments\phase_dataset_strengthening\processed\multiformat_balanced_20260910T094422Z\samples\windows_event.xml;;14;2025-08-21T22:42:04.788170+00:00;INFO;34;Oracle.xe;Oracle.xe;andy-aaron;8052;0;;;;;;;;;;;;;;;;;;;;;;;;;;;INFORMATIONAL;generic;"<string>LENGTH: '692' ACTION :[441] 'select /*+ no_parallel(t) no_parallel_index(t) dbms_stats cursor_sharing_exact use_weak_name_resl dynamic_sampling(0) no_monitoring xmlindex_sel_idx_tbl opt_param('optimizer_inmemory_aware' 'false') no_substrb_pad leading(r t) use_nl(t) rowid(t) */ substrb(dump(t.""NUM_DB_REPORTS"",16,0,64),1,240) d_3099943635, r.rwid, r.freq from ""SYS"".""WRI$_ADV_USAGE"" t, table(:topntab) r where t.rowid = chartorowid(r.rwid) order by t.""NUM_DB_REPORTS""' DATABASE USER:[3] 'SYS' PRIVILEGE :[4] 'NONE' CLIENT USER:[0] '' CLIENT TERMINAL:[10] 'ANDY-AARON' STATUS:[1] '0' DBID:[10] '3074368596' SESSIONID:[6] '400227' USERHOST:[10] 'ANDY-AARON' CLIENT ADDRESS:[0] '' ACTION NUMBER:[1] '3' </string>"
windows_event;win_event;E:\Cours\TFE\experiments\phase_dataset_strengthening\processed\multiformat_balanced_20260910T094422Z\samples\windows_event.xml;;15;2025-08-21T22:42:04.808962+00:00;INFO;34;Oracle.xe;Oracle.xe;andy-aaron;8052;0;;;;;;;;;;;;;;;;;;;;;;;;;;;INFORMATIONAL;generic;"<string>LENGTH: '692' ACTION :[441] 'select /*+ no_parallel(t) no_parallel_index(t) dbms_stats cursor_sharing_exact use_weak_name_resl dynamic_sampling(0) no_monitoring xmlindex_sel_idx_tbl opt_param('optimizer_inmemory_aware' 'false') no_substrb_pad leading(r t) use_nl(t) rowid(t) */ substrb(dump(t.""NUM_DB_REPORTS"",16,0,64),1,240) d_3099943635, r.rwid, r.freq from ""SYS"".""WRI$_ADV_USAGE"" t, table(:topntab) r where t.rowid = chartorowid(r.rwid) order by t.""NUM_DB_REPORTS""' DATABASE USER:[3] 'SYS' PRIVILEGE :[4] 'NONE' CLIENT USER:[0] '' CLIENT TERMINAL:[10] 'ANDY-AARON' STATUS:[1] '0' DBID:[10] '3074368596' SESSIONID:[6] '400227' USERHOST:[10] 'ANDY-AARON' CLIENT ADDRESS:[0] '' ACTION NUMBER:[1] '3' </string>"
windows_event;win_event;E:\Cours\TFE\experiments\phase_dataset_strengthening\processed\multiformat_balanced_20260910T094422Z\samples\windows_event.xml;;16;2025-08-21T22:42:05.323305+00:00;INFO;34;Oracle.xe;Oracle.xe;andy-aaron;8052;0;;;;;;;;;;;;;;;;;;;;;;;;;;;INFORMATIONAL;generic;"<string>LENGTH: '715' ACTION :[464] 'select /*+ no_parallel(t) no_parallel_index(t) dbms_stats cursor_sharing_exact use_weak_name_resl dynamic_sampling(0) no_monitoring xmlindex_sel_idx_tbl opt_param('optimizer_inmemory_aware' 'false') no_substrb_pad leading(r t) use_nl(t) rowid(t) */ substrb(dump(substrb(t.""VALUE"",1,64),16,0,64),1,240) d_2591036617, r.rwid, r.freq from ""SYS"".""SCHEDULER$_GLOBAL_ATTRIBUTE"" t, table(:topntab) r where t.rowid = chartorowid(r.rwid) order by substrb(t.""VALUE"",1,64)' DATABASE USER:[3] 'SYS' PRIVILEGE :[4] 'NONE' CLIENT USER:[0] '' CLIENT TERMINAL:[10] 'ANDY-AARON' STATUS:[1] '0' DBID:[10] '3074368596' SESSIONID:[6] '400227' USERHOST:[10] 'ANDY-AARON' CLIENT ADDRESS:[0] '' ACTION NUMBER:[1] '3' </string>"
windows_event;win_event;E:\Cours\TFE\experiments\phase_dataset_strengthening\processed\multiformat_balanced_20260910T094422Z\samples\windows_event.xml;;17;2025-08-21T22:42:05.341946+00:00;INFO;34;Oracle.xe;Oracle.xe;andy-aaron;8052;0;;;;;;;;;;;;;;;;;;;;;;;;;;;INFORMATIONAL;generic;"<string>LENGTH: '715' ACTION :[464] 'select /*+ no_parallel(t) no_parallel_index(t) dbms_stats cursor_sharing_exact use_weak_name_resl dynamic_sampling(0) no_monitoring xmlindex_sel_idx_tbl opt_param('optimizer_inmemory_aware' 'false') no_substrb_pad leading(r t) use_nl(t) rowid(t) */ substrb(dump(substrb(t.""VALUE"",1,64),16,0,64),1,240) d_2591036617, r.rwid, r.freq from ""SYS"".""SCHEDULER$_GLOBAL_ATTRIBUTE"" t, table(:topntab) r where t.rowid = chartorowid(r.rwid) order by substrb(t.""VALUE"",1,64)' DATABASE USER:[3] 'SYS' PRIVILEGE :[4] 'NONE' CLIENT USER:[0] '' CLIENT TERMINAL:[10] 'ANDY-AARON' STATUS:[1] '0' DBID:[10] '3074368596' SESSIONID:[6] '400227' USERHOST:[10] 'ANDY-AARON' CLIENT ADDRESS:[0] '' ACTION NUMBER:[1] '3' </string>"
windows_event;win_event;E:\Cours\TFE\experiments\phase_dataset_strengthening\processed\multiformat_balanced_20260910T094422Z\samples\windows_event.xml;;18;2025-08-21T22:42:05.357010+00:00;INFO;34;Oracle.xe;Oracle.xe;andy-aaron;8052;0;;;;;;;;;;;;;;;;;;;;;;;;;;;INFORMATIONAL;generic;"<string>LENGTH: '687' ACTION :[436] 'select /*+ no_parallel(t) no_parallel_index(t) dbms_stats cursor_sharing_exact use_weak_name_resl dynamic_sampling(0) no_monitoring xmlindex_sel_idx_tbl opt_param('optimizer_inmemory_aware' 'false') no_substrb_pad leading(r t) use_nl(t) rowid(t) */ substrb(dump(t.""FLAGS"",16,0,64),1,240) d_2385161744, r.rwid, r.freq from ""SYS"".""SCHEDULER$_GLOBAL_ATTRIBUTE"" t, table(:topntab) r where t.rowid = chartorowid(r.rwid) order by t.""FLAGS""' DATABASE USER:[3] 'SYS' PRIVILEGE :[4] 'NONE' CLIENT USER:[0] '' CLIENT TERMINAL:[10] 'ANDY-AARON' STATUS:[1] '0' DBID:[10] '3074368596' SESSIONID:[6] '400227' USERHOST:[10] 'ANDY-AARON' CLIENT ADDRESS:[0] '' ACTION NUMBER:[1] '3' </string>"
windows_event;win_event;E:\Cours\TFE\experiments\phase_dataset_strengthening\processed\multiformat_balanced_20260910T094422Z\samples\windows_event.xml;;19;2025-08-21T22:42:05.367792+00:00;INFO;34;Oracle.xe;Oracle.xe;andy-aaron;8052;0;;;;;;;;;;;;;;;;;;;;;;;;;;;INFORMATIONAL;generic;"<string>LENGTH: '687' ACTION :[436] 'select /*+ no_parallel(t) no_parallel_index(t) dbms_stats cursor_sharing_exact use_weak_name_resl dynamic_sampling(0) no_monitoring xmlindex_sel_idx_tbl opt_param('optimizer_inmemory_aware' 'false') no_substrb_pad leading(r t) use_nl(t) rowid(t) */ substrb(dump(t.""FLAGS"",16,0,64),1,240) d_2385161744, r.rwid, r.freq from ""SYS"".""SCHEDULER$_GLOBAL_ATTRIBUTE"" t, table(:topntab) r where t.rowid = chartorowid(r.rwid) order by t.""FLAGS""' DATABASE USER:[3] 'SYS' PRIVILEGE :[4] 'NONE' CLIENT USER:[0] '' CLIENT TERMINAL:[10] 'ANDY-AARON' STATUS:[1] '0' DBID:[10] '3074368596' SESSIONID:[6] '400227' USERHOST:[10] 'ANDY-AARON' CLIENT ADDRESS:[0] '' ACTION NUMBER:[1] '3' </string>"
windows_event;win_event;E:\Cours\TFE\experiments\phase_dataset_strengthening\processed\multiformat_balanced_20260910T094422Z\samples\windows_event.xml;;20;2025-08-21T22:42:05.785414+00:00;INFO;34;Oracle.xe;Oracle.xe;andy-aaron;8052;0;;;;;;;;;;;;;;;;;;;;;;;;;;;INFORMATIONAL;generic;"<string>LENGTH: '677' ACTION :[426] 'select /*+ no_parallel(t) no_parallel_index(t) dbms_stats cursor_sharing_exact use_weak_name_resl dynamic_sampling(0) no_monitoring xmlindex_sel_idx_tbl opt_param('optimizer_inmemory_aware' 'false') no_substrb_pad leading(r t) use_nl(t) rowid(t) */ substrb(dump(t.""SERIAL#"",16,0,64),1,240) d_2873614528, r.rwid, r.freq from ""SYS"".""STATS_TARGET$"" t, table(:topntab) r where t.rowid = chartorowid(r.rwid) order by t.""SERIAL#""' DATABASE USER:[3] 'SYS' PRIVILEGE :[4] 'NONE' CLIENT USER:[0] '' CLIENT TERMINAL:[10] 'ANDY-AARON' STATUS:[1] '0' DBID:[10] '3074368596' SESSIONID:[6] '400227' USERHOST:[10] 'ANDY-AARON' CLIENT ADDRESS:[0] '' ACTION NUMBER:[1] '3' </string>"
windows_event;win_event;E:\Cours\TFE\experiments\phase_dataset_strengthening\processed\multiformat_balanced_20260910T094422Z\samples\windows_event.xml;;21;2025-08-21T22:42:05.802446+00:00;INFO;34;Oracle.xe;Oracle.xe;andy-aaron;8052;0;;;;;;;;;;;;;;;;;;;;;;;;;;;INFORMATIONAL;generic;"<string>LENGTH: '677' ACTION :[426] 'select /*+ no_parallel(t) no_parallel_index(t) dbms_stats cursor_sharing_exact use_weak_name_resl dynamic_sampling(0) no_monitoring xmlindex_sel_idx_tbl opt_param('optimizer_inmemory_aware' 'false') no_substrb_pad leading(r t) use_nl(t) rowid(t) */ substrb(dump(t.""SERIAL#"",16,0,64),1,240) d_2873614528, r.rwid, r.freq from ""SYS"".""STATS_TARGET$"" t, table(:topntab) r where t.rowid = chartorowid(r.rwid) order by t.""SERIAL#""' DATABASE USER:[3] 'SYS' PRIVILEGE :[4] 'NONE' CLIENT USER:[0] '' CLIENT TERMINAL:[10] 'ANDY-AARON' STATUS:[1] '0' DBID:[10] '3074368596' SESSIONID:[6] '400227' USERHOST:[10] 'ANDY-AARON' CLIENT ADDRESS:[0] '' ACTION NUMBER:[1] '3' </string>"
windows_event;win_event;E:\Cours\TFE\experiments\phase_dataset_strengthening\processed\multiformat_balanced_20260910T094422Z\samples\windows_event.xml;;22;2025-08-21T22:42:05.808043+00:00;INFO;34;Oracle.xe;Oracle.xe;andy-aaron;8052;0;;;;;;;;;;;;;;;;;;;;;;;;;;;INFORMATIONAL;generic;"<string>LENGTH: '669' ACTION :[418] 'select /*+ no_parallel(t) no_parallel_index(t) dbms_stats cursor_sharing_exact use_weak_name_resl dynamic_sampling(0) no_monitoring xmlindex_sel_idx_tbl opt_param('optimizer_inmemory_aware' 'false') no_substrb_pad leading(r t) use_nl(t) rowid(t) */ substrb(dump(t.""SID"",16,0,64),1,240) d_1967766373, r.rwid, r.freq from ""SYS"".""STATS_TARGET$"" t, table(:topntab) r where t.rowid = chartorowid(r.rwid) order by t.""SID""' DATABASE USER:[3] 'SYS' PRIVILEGE :[4] 'NONE' CLIENT USER:[0] '' CLIENT TERMINAL:[10] 'ANDY-AARON' STATUS:[1] '0' DBID:[10] '3074368596' SESSIONID:[6] '400227' USERHOST:[10] 'ANDY-AARON' CLIENT ADDRESS:[0] '' ACTION NUMBER:[1] '3' </string>"
windows_event;win_event;E:\Cours\TFE\experiments\phase_dataset_strengthening\processed\multiformat_balanced_20260910T094422Z\samples\windows_event.xml;;23;2025-08-21T22:42:05.814621+00:00;INFO;34;Oracle.xe;Oracle.xe;andy-aaron;8052;0;;;;;;;;;;;;;;;;;;;;;;;;;;;INFORMATIONAL;generic;"<string>LENGTH: '669' ACTION :[418] 'select /*+ no_parallel(t) no_parallel_index(t) dbms_stats cursor_sharing_exact use_weak_name_resl dynamic_sampling(0) no_monitoring xmlindex_sel_idx_tbl opt_param('optimizer_inmemory_aware' 'false') no_substrb_pad leading(r t) use_nl(t) rowid(t) */ substrb(dump(t.""SID"",16,0,64),1,240) d_1967766373, r.rwid, r.freq from ""SYS"".""STATS_TARGET$"" t, table(:topntab) r where t.rowid = chartorowid(r.rwid) order by t.""SID""' DATABASE USER:[3] 'SYS' PRIVILEGE :[4] 'NONE' CLIENT USER:[0] '' CLIENT TERMINAL:[10] 'ANDY-AARON' STATUS:[1] '0' DBID:[10] '3074368596' SESSIONID:[6] '400227' USERHOST:[10] 'ANDY-AARON' CLIENT ADDRESS:[0] '' ACTION NUMBER:[1] '3' </string>"
windows_event;win_event;E:\Cours\TFE\experiments\phase_dataset_strengthening\processed\multiformat_balanced_20260910T094422Z\samples\windows_event.xml;;24;2025-08-21T22:42:05.828423+00:00;INFO;34;Oracle.xe;Oracle.xe;andy-aaron;8052;0;;;;;;;;;;;;;;;;;;;;;;;;;;;INFORMATIONAL;generic;"<string>LENGTH: '673' ACTION :[422] 'select /*+ no_parallel(t) no_parallel_index(t) dbms_stats cursor_sharing_exact use_weak_name_resl dynamic_sampling(0) no_monitoring xmlindex_sel_idx_tbl opt_param('optimizer_inmemory_aware' 'false') no_substrb_pad leading(r t) use_nl(t) rowid(t) */ substrb(dump(t.""FLAGS"",16,0,64),1,240) d_2385161744, r.rwid, r.freq from ""SYS"".""STATS_TARGET$"" t, table(:topntab) r where t.rowid = chartorowid(r.rwid) order by t.""FLAGS""' DATABASE USER:[3] 'SYS' PRIVILEGE :[4] 'NONE' CLIENT USER:[0] '' CLIENT TERMINAL:[10] 'ANDY-AARON' STATUS:[1] '0' DBID:[10] '3074368596' SESSIONID:[6] '400227' USERHOST:[10] 'ANDY-AARON' CLIENT ADDRESS:[0] '' ACTION NUMBER:[1] '3' </string>"
windows_event;win_event;E:\Cours\TFE\experiments\phase_dataset_strengthening\processed\multiformat_balanced_20260910T094422Z\samples\windows_event.xml;;25;2025-08-21T22:42:05.838520+00:00;INFO;34;Oracle.xe;Oracle.xe;andy-aaron;8052;0;;;;;;;;;;;;;;;;;;;;;;;;;;;INFORMATIONAL;generic;"<string>LENGTH: '673' ACTION :[422] 'select /*+ no_parallel(t) no_parallel_index(t) dbms_stats cursor_sharing_exact use_weak_name_resl dynamic_sampling(0) no_monitoring xmlindex_sel_idx_tbl opt_param('optimizer_inmemory_aware' 'false') no_substrb_pad leading(r t) use_nl(t) rowid(t) */ substrb(dump(t.""FLAGS"",16,0,64),1,240) d_2385161744, r.rwid, r.freq from ""SYS"".""STATS_TARGET$"" t, table(:topntab) r where t.rowid = chartorowid(r.rwid) order by t.""FLAGS""' DATABASE USER:[3] 'SYS' PRIVILEGE :[4] 'NONE' CLIENT USER:[0] '' CLIENT TERMINAL:[10] 'ANDY-AARON' STATUS:[1] '0' DBID:[10] '3074368596' SESSIONID:[6] '400227' USERHOST:[10] 'ANDY-AARON' CLIENT ADDRESS:[0] '' ACTION NUMBER:[1] '3' </string>"
windows_event;win_event;E:\Cours\TFE\experiments\phase_dataset_strengthening\processed\multiformat_balanced_20260910T094422Z\samples\windows_event.xml;;26;2025-08-21T22:42:05.849247+00:00;INFO;34;Oracle.xe;Oracle.xe;andy-aaron;8052;0;;;;;;;;;;;;;;;;;;;;;;;;;;;INFORMATIONAL;generic;"<string>LENGTH: '675' ACTION :[424] 'select /*+ no_parallel(t) no_parallel_index(t) dbms_stats cursor_sharing_exact use_weak_name_resl dynamic_sampling(0) no_monitoring xmlindex_sel_idx_tbl opt_param('optimizer_inmemory_aware' 'false') no_substrb_pad leading(r t) use_nl(t) rowid(t) */ substrb(dump(t.""STATUS"",16,0,64),1,240) d_2980463140, r.rwid, r.freq from ""SYS"".""STATS_TARGET$"" t, table(:topntab) r where t.rowid = chartorowid(r.rwid) order by t.""STATUS""' DATABASE USER:[3] 'SYS' PRIVILEGE :[4] 'NONE' CLIENT USER:[0] '' CLIENT TERMINAL:[10] 'ANDY-AARON' STATUS:[1] '0' DBID:[10] '3074368596' SESSIONID:[6] '400227' USERHOST:[10] 'ANDY-AARON' CLIENT ADDRESS:[0] '' ACTION NUMBER:[1] '3' </string>"
windows_event;win_event;E:\Cours\TFE\experiments\phase_dataset_strengthening\processed\multiformat_balanced_20260910T094422Z\samples\windows_event.xml;;27;2025-08-21T22:42:05.861469+00:00;INFO;34;Oracle.xe;Oracle.xe;andy-aaron;8052;0;;;;;;;;;;;;;;;;;;;;;;;;;;;INFORMATIONAL;generic;"<string>LENGTH: '675' ACTION :[424] 'select /*+ no_parallel(t) no_parallel_index(t) dbms_stats cursor_sharing_exact use_weak_name_resl dynamic_sampling(0) no_monitoring xmlindex_sel_idx_tbl opt_param('optimizer_inmemory_aware' 'false') no_substrb_pad leading(r t) use_nl(t) rowid(t) */ substrb(dump(t.""STATUS"",16,0,64),1,240) d_2980463140, r.rwid, r.freq from ""SYS"".""STATS_TARGET$"" t, table(:topntab) r where t.rowid = chartorowid(r.rwid) order by t.""STATUS""' DATABASE USER:[3] 'SYS' PRIVILEGE :[4] 'NONE' CLIENT USER:[0] '' CLIENT TERMINAL:[10] 'ANDY-AARON' STATUS:[1] '0' DBID:[10] '3074368596' SESSIONID:[6] '400227' USERHOST:[10] 'ANDY-AARON' CLIENT ADDRESS:[0] '' ACTION NUMBER:[1] '3' </string>"
windows_event;win_event;E:\Cours\TFE\experiments\phase_dataset_strengthening\processed\multiformat_balanced_20260910T094422Z\samples\windows_event.xml;;28;2025-08-21T22:42:06.283976+00:00;INFO;34;Oracle.xe;Oracle.xe;andy-aaron;8052;0;;;;;;;;;;;;;;;;;;;;;;;;;;;INFORMATIONAL;generic;"<string>LENGTH: '712' ACTION :[461] 'select /*+ no_parallel(t) no_parallel_index(t) dbms_stats cursor_sharing_exact use_weak_name_resl dynamic_sampling(0) no_monitoring xmlindex_sel_idx_tbl opt_param('optimizer_inmemory_aware' 'false') no_substrb_pad leading(r t) use_nl(t) rowid(t) */ substrb(dump(substrb(t.""TARGET"",1,64),16,0,64),1,240) d_1827374718, r.rwid, r.freq from ""SYS"".""WRI$_OPTSTAT_OPR_TASKS"" t, table(:topntab) r where t.rowid = chartorowid(r.rwid) order by substrb(t.""TARGET"",1,64)' DATABASE USER:[3] 'SYS' PRIVILEGE :[4] 'NONE' CLIENT USER:[0] '' CLIENT TERMINAL:[10] 'ANDY-AARON' STATUS:[1] '0' DBID:[10] '3074368596' SESSIONID:[6] '400227' USERHOST:[10] 'ANDY-AARON' CLIENT ADDRESS:[0] '' ACTION NUMBER:[1] '3' </string>"
windows_event;win_event;E:\Cours\TFE\experiments\phase_dataset_strengthening\processed\multiformat_balanced_20260910T094422Z\samples\windows_event.xml;;29;2025-08-21T22:42:06.289690+00:00;INFO;34;Oracle.xe;Oracle.xe;andy-aaron;8052;0;;;;;;;;;;;;;;;;;;;;;;;;;;;INFORMATIONAL;generic;"<string>LENGTH: '712' ACTION :[461] 'select /*+ no_parallel(t) no_parallel_index(t) dbms_stats cursor_sharing_exact use_weak_name_resl dynamic_sampling(0) no_monitoring xmlindex_sel_idx_tbl opt_param('optimizer_inmemory_aware' 'false') no_substrb_pad leading(r t) use_nl(t) rowid(t) */ substrb(dump(substrb(t.""TARGET"",1,64),16,0,64),1,240) d_1827374718, r.rwid, r.freq from ""SYS"".""WRI$_OPTSTAT_OPR_TASKS"" t, table(:topntab) r where t.rowid = chartorowid(r.rwid) order by substrb(t.""TARGET"",1,64)' DATABASE USER:[3] 'SYS' PRIVILEGE :[4] 'NONE' CLIENT USER:[0] '' CLIENT TERMINAL:[10] 'ANDY-AARON' STATUS:[1] '0' DBID:[10] '3074368596' SESSIONID:[6] '400227' USERHOST:[10] 'ANDY-AARON' CLIENT ADDRESS:[0] '' ACTION NUMBER:[1] '3' </string>"
windows_event;win_event;E:\Cours\TFE\experiments\phase_dataset_strengthening\processed\multiformat_balanced_20260910T094422Z\samples\windows_event.xml;;30;2025-08-21T22:42:06.310822+00:00;INFO;34;Oracle.xe;Oracle.xe;andy-aaron;8052;0;;;;;;;;;;;;;;;;;;;;;;;;;;;INFORMATIONAL;generic;"<string>LENGTH: '694' ACTION :[443] 'select /*+ no_parallel(t) no_parallel_index(t) dbms_stats cursor_sharing_exact use_weak_name_resl dynamic_sampling(0) no_monitoring xmlindex_sel_idx_tbl opt_param('optimizer_inmemory_aware' 'false') no_substrb_pad leading(r t) use_nl(t) rowid(t) */ substrb(dump(t.""TARGET_OBJN"",16,0,64),1,240) d_1164748236, r.rwid, r.freq from ""SYS"".""WRI$_OPTSTAT_OPR_TASKS"" t, table(:topntab) r where t.rowid = chartorowid(r.rwid) order by t.""TARGET_OBJN""' DATABASE USER:[3] 'SYS' PRIVILEGE :[4] 'NONE' CLIENT USER:[0] '' CLIENT TERMINAL:[10] 'ANDY-AARON' STATUS:[1] '0' DBID:[10] '3074368596' SESSIONID:[6] '400227' USERHOST:[10] 'ANDY-AARON' CLIENT ADDRESS:[0] '' ACTION NUMBER:[1] '3' </string>"
windows_event;win_event;E:\Cours\TFE\experiments\phase_dataset_strengthening\processed\multiformat_balanced_20260910T094422Z\samples\windows_event.xml;;31;2025-08-21T22:42:06.315126+00:00;INFO;34;Oracle.xe;Oracle.xe;andy-aaron;8052;0;;;;;;;;;;;;;;;;;;;;;;;;;;;INFORMATIONAL;generic;"<string>LENGTH: '694' ACTION :[443] 'select /*+ no_parallel(t) no_parallel_index(t) dbms_stats cursor_sharing_exact use_weak_name_resl dynamic_sampling(0) no_monitoring xmlindex_sel_idx_tbl opt_param('optimizer_inmemory_aware' 'false') no_substrb_pad leading(r t) use_nl(t) rowid(t) */ substrb(dump(t.""TARGET_OBJN"",16,0,64),1,240) d_1164748236, r.rwid, r.freq from ""SYS"".""WRI$_OPTSTAT_OPR_TASKS"" t, table(:topntab) r where t.rowid = chartorowid(r.rwid) order by t.""TARGET_OBJN""' DATABASE USER:[3] 'SYS' PRIVILEGE :[4] 'NONE' CLIENT USER:[0] '' CLIENT TERMINAL:[10] 'ANDY-AARON' STATUS:[1] '0' DBID:[10] '3074368596' SESSIONID:[6] '400227' USERHOST:[10] 'ANDY-AARON' CLIENT ADDRESS:[0] '' ACTION NUMBER:[1] '3' </string>"
windows_event;win_event;E:\Cours\TFE\experiments\phase_dataset_strengthening\processed\multiformat_balanced_20260910T094422Z\samples\windows_event.xml;;32;2025-08-21T22:42:06.321436+00:00;INFO;34;Oracle.xe;Oracle.xe;andy-aaron;8052;0;;;;;;;;;;;;;;;;;;;;;;;;;;;INFORMATIONAL;generic;"<string>LENGTH: '709' ACTION :[458] 'select /*+ no_parallel(t) no_parallel_index(t) dbms_stats cursor_sharing_exact use_weak_name_resl dynamic_sampling(0) no_monitoring xmlindex_sel_idx_tbl opt_param('optimizer_inmemory_aware' 'false') no_substrb_pad leading(r t) use_nl(t) rowid(t) */ substrb(dump(substrb(t.""NOTES"",1,64),16,0,64),1,240) d_494323660, r.rwid, r.freq from ""SYS"".""WRI$_OPTSTAT_OPR_TASKS"" t, table(:topntab) r where t.rowid = chartorowid(r.rwid) order by substrb(t.""NOTES"",1,64)' DATABASE USER:[3] 'SYS' PRIVILEGE :[4] 'NONE' CLIENT USER:[0] '' CLIENT TERMINAL:[10] 'ANDY-AARON' STATUS:[1] '0' DBID:[10] '3074368596' SESSIONID:[6] '400227' USERHOST:[10] 'ANDY-AARON' CLIENT ADDRESS:[0] '' ACTION NUMBER:[1] '3' </string>"
windows_event;win_event;E:\Cours\TFE\experiments\phase_dataset_strengthening\processed\multiformat_balanced_20260910T094422Z\samples\windows_event.xml;;33;2025-08-21T22:42:06.325727+00:00;INFO;34;Oracle.xe;Oracle.xe;andy-aaron;8052;0;;;;;;;;;;;;;;;;;;;;;;;;;;;INFORMATIONAL;generic;"<string>LENGTH: '709' ACTION :[458] 'select /*+ no_parallel(t) no_parallel_index(t) dbms_stats cursor_sharing_exact use_weak_name_resl dynamic_sampling(0) no_monitoring xmlindex_sel_idx_tbl opt_param('optimizer_inmemory_aware' 'false') no_substrb_pad leading(r t) use_nl(t) rowid(t) */ substrb(dump(substrb(t.""NOTES"",1,64),16,0,64),1,240) d_494323660, r.rwid, r.freq from ""SYS"".""WRI$_OPTSTAT_OPR_TASKS"" t, table(:topntab) r where t.rowid = chartorowid(r.rwid) order by substrb(t.""NOTES"",1,64)' DATABASE USER:[3] 'SYS' PRIVILEGE :[4] 'NONE' CLIENT USER:[0] '' CLIENT TERMINAL:[10] 'ANDY-AARON' STATUS:[1] '0' DBID:[10] '3074368596' SESSIONID:[6] '400227' USERHOST:[10] 'ANDY-AARON' CLIENT ADDRESS:[0] '' ACTION NUMBER:[1] '3' </string>"
windows_event;win_event;E:\Cours\TFE\experiments\phase_dataset_strengthening\processed\multiformat_balanced_20260910T094422Z\samples\windows_event.xml;;34;2025-08-21T22:42:06.329721+00:00;INFO;34;Oracle.xe;Oracle.xe;andy-aaron;8052;0;;;;;;;;;;;;;;;;;;;;;;;;;;;INFORMATIONAL;generic;"<string>LENGTH: '682' ACTION :[431] 'select /*+ no_parallel(t) no_parallel_index(t) dbms_stats cursor_sharing_exact use_weak_name_resl dynamic_sampling(0) no_monitoring xmlindex_sel_idx_tbl opt_param('optimizer_inmemory_aware' 'false') no_substrb_pad leading(r t) use_nl(t) rowid(t) */ substrb(dump(t.""OP_ID"",16,0,64),1,240) d_2588116097, r.rwid, r.freq from ""SYS"".""WRI$_OPTSTAT_OPR_TASKS"" t, table(:topntab) r where t.rowid = chartorowid(r.rwid) order by t.""OP_ID""' DATABASE USER:[3] 'SYS' PRIVILEGE :[4] 'NONE' CLIENT USER:[0] '' CLIENT TERMINAL:[10] 'ANDY-AARON' STATUS:[1] '0' DBID:[10] '3074368596' SESSIONID:[6] '400227' USERHOST:[10] 'ANDY-AARON' CLIENT ADDRESS:[0] '' ACTION NUMBER:[1] '3' </string>"
windows_event;win_event;E:\Cours\TFE\experiments\phase_dataset_strengthening\processed\multiformat_balanced_20260910T094422Z\samples\windows_event.xml;;35;2025-08-21T22:42:06.335436+00:00;INFO;34;Oracle.xe;Oracle.xe;andy-aaron;8052;0;;;;;;;;;;;;;;;;;;;;;;;;;;;INFORMATIONAL;generic;"<string>LENGTH: '682' ACTION :[431] 'select /*+ no_parallel(t) no_parallel_index(t) dbms_stats cursor_sharing_exact use_weak_name_resl dynamic_sampling(0) no_monitoring xmlindex_sel_idx_tbl opt_param('optimizer_inmemory_aware' 'false') no_substrb_pad leading(r t) use_nl(t) rowid(t) */ substrb(dump(t.""OP_ID"",16,0,64),1,240) d_2588116097, r.rwid, r.freq from ""SYS"".""WRI$_OPTSTAT_OPR_TASKS"" t, table(:topntab) r where t.rowid = chartorowid(r.rwid) order by t.""OP_ID""' DATABASE USER:[3] 'SYS' PRIVILEGE :[4] 'NONE' CLIENT USER:[0] '' CLIENT TERMINAL:[10] 'ANDY-AARON' STATUS:[1] '0' DBID:[10] '3074368596' SESSIONID:[6] '400227' USERHOST:[10] 'ANDY-AARON' CLIENT ADDRESS:[0] '' ACTION NUMBER:[1] '3' </string>"
windows_event;win_event;E:\Cours\TFE\experiments\phase_dataset_strengthening\processed\multiformat_balanced_20260910T094422Z\samples\windows_event.xml;;36;2025-08-21T22:42:06.339127+00:00;INFO;34;Oracle.xe;Oracle.xe;andy-aaron;8052;0;;;;;;;;;;;;;;;;;;;;;;;;;;;INFORMATIONAL;generic;"<string>LENGTH: '684' ACTION :[433] 'select /*+ no_parallel(t) no_parallel_index(t) dbms_stats cursor_sharing_exact use_weak_name_resl dynamic_sampling(0) no_monitoring xmlindex_sel_idx_tbl opt_param('optimizer_inmemory_aware' 'false') no_substrb_pad leading(r t) use_nl(t) rowid(t) */ substrb(dump(t.""STATUS"",16,0,64),1,240) d_2980463140, r.rwid, r.freq from ""SYS"".""WRI$_OPTSTAT_OPR_TASKS"" t, table(:topntab) r where t.rowid = chartorowid(r.rwid) order by t.""STATUS""' DATABASE USER:[3] 'SYS' PRIVILEGE :[4] 'NONE' CLIENT USER:[0] '' CLIENT TERMINAL:[10] 'ANDY-AARON' STATUS:[1] '0' DBID:[10] '3074368596' SESSIONID:[6] '400227' USERHOST:[10] 'ANDY-AARON' CLIENT ADDRESS:[0] '' ACTION NUMBER:[1] '3' </string>"
windows_event;win_event;E:\Cours\TFE\experiments\phase_dataset_strengthening\processed\multiformat_balanced_20260910T094422Z\samples\windows_event.xml;;37;2025-08-21T22:42:06.344259+00:00;INFO;34;Oracle.xe;Oracle.xe;andy-aaron;8052;0;;;;;;;;;;;;;;;;;;;;;;;;;;;INFORMATIONAL;generic;"<string>LENGTH: '684' ACTION :[433] 'select /*+ no_parallel(t) no_parallel_index(t) dbms_stats cursor_sharing_exact use_weak_name_resl dynamic_sampling(0) no_monitoring xmlindex_sel_idx_tbl opt_param('optimizer_inmemory_aware' 'false') no_substrb_pad leading(r t) use_nl(t) rowid(t) */ substrb(dump(t.""STATUS"",16,0,64),1,240) d_2980463140, r.rwid, r.freq from ""SYS"".""WRI$_OPTSTAT_OPR_TASKS"" t, table(:topntab) r where t.rowid = chartorowid(r.rwid) order by t.""STATUS""' DATABASE USER:[3] 'SYS' PRIVILEGE :[4] 'NONE' CLIENT USER:[0] '' CLIENT TERMINAL:[10] 'ANDY-AARON' STATUS:[1] '0' DBID:[10] '3074368596' SESSIONID:[6] '400227' USERHOST:[10] 'ANDY-AARON' CLIENT ADDRESS:[0] '' ACTION NUMBER:[1] '3' </string>"
windows_event;win_event;E:\Cours\TFE\experiments\phase_dataset_strengthening\processed\multiformat_balanced_20260910T094422Z\samples\windows_event.xml;;38;2025-08-21T22:42:06.952749+00:00;INFO;34;Oracle.xe;Oracle.xe;andy-aaron;8052;0;;;;;;;;;;;;;;;;;;;;;;;;;;;INFORMATIONAL;generic;"<string>LENGTH: '666' ACTION :[415] 'select /*+ no_parallel(t) no_parallel_index(t) dbms_stats cursor_sharing_exact use_weak_name_resl dynamic_sampling(0) no_monitoring xmlindex_sel_idx_tbl opt_param('optimizer_inmemory_aware' 'false') no_substrb_pad leading(r t) use_nl(t) rowid(t) */ substrb(dump(t.""ROWCNT"",16,0,64),1,240) d_3130682327, r.rwid, r.freq from ""SYS"".""TAB$"" t, table(:topntab) r where t.rowid = chartorowid(r.rwid) order by t.""ROWCNT""' DATABASE USER:[3] 'SYS' PRIVILEGE :[4] 'NONE' CLIENT USER:[0] '' CLIENT TERMINAL:[10] 'ANDY-AARON' STATUS:[1] '0' DBID:[10] '3074368596' SESSIONID:[6] '400227' USERHOST:[10] 'ANDY-AARON' CLIENT ADDRESS:[0] '' ACTION NUMBER:[1] '3' </string>"
windows_event;win_event;E:\Cours\TFE\experiments\phase_dataset_strengthening\processed\multiformat_balanced_20260910T094422Z\samples\windows_event.xml;;39;2025-08-21T22:42:06.957045+00:00;INFO;34;Oracle.xe;Oracle.xe;andy-aaron;8052;0;;;;;;;;;;;;;;;;;;;;;;;;;;;INFORMATIONAL;generic;"<string>LENGTH: '666' ACTION :[415] 'select /*+ no_parallel(t) no_parallel_index(t) dbms_stats cursor_sharing_exact use_weak_name_resl dynamic_sampling(0) no_monitoring xmlindex_sel_idx_tbl opt_param('optimizer_inmemory_aware' 'false') no_substrb_pad leading(r t) use_nl(t) rowid(t) */ substrb(dump(t.""ROWCNT"",16,0,64),1,240) d_3130682327, r.rwid, r.freq from ""SYS"".""TAB$"" t, table(:topntab) r where t.rowid = chartorowid(r.rwid) order by t.""ROWCNT""' DATABASE USER:[3] 'SYS' PRIVILEGE :[4] 'NONE' CLIENT USER:[0] '' CLIENT TERMINAL:[10] 'ANDY-AARON' STATUS:[1] '0' DBID:[10] '3074368596' SESSIONID:[6] '400227' USERHOST:[10] 'ANDY-AARON' CLIENT ADDRESS:[0] '' ACTION NUMBER:[1] '3' </string>"
windows_event;win_event;E:\Cours\TFE\experiments\phase_dataset_strengthening\processed\multiformat_balanced_20260910T094422Z\samples\windows_event.xml;;40;2025-08-21T22:42:06.983906+00:00;INFO;34;Oracle.xe;Oracle.xe;andy-aaron;8052;0;;;;;;;;;;;;;;;;;;;;;;;;;;;INFORMATIONAL;generic;"<string>LENGTH: '674' ACTION :[423] 'select /*+ no_parallel(t) no_parallel_index(t) dbms_stats cursor_sharing_exact use_weak_name_resl dynamic_sampling(0) no_monitoring xmlindex_sel_idx_tbl opt_param('optimizer_inmemory_aware' 'false') no_substrb_pad leading(r t) use_nl(t) rowid(t) */ substrb(dump(t.""SAMPLESIZE"",16,0,64),1,240) d_2178311139, r.rwid, r.freq from ""SYS"".""TAB$"" t, table(:topntab) r where t.rowid = chartorowid(r.rwid) order by t.""SAMPLESIZE""' DATABASE USER:[3] 'SYS' PRIVILEGE :[4] 'NONE' CLIENT USER:[0] '' CLIENT TERMINAL:[10] 'ANDY-AARON' STATUS:[1] '0' DBID:[10] '3074368596' SESSIONID:[6] '400227' USERHOST:[10] 'ANDY-AARON' CLIENT ADDRESS:[0] '' ACTION NUMBER:[1] '3' </string>"
windows_event;win_event;E:\Cours\TFE\experiments\phase_dataset_strengthening\processed\multiformat_balanced_20260910T094422Z\samples\windows_event.xml;;41;2025-08-21T22:42:06.991978+00:00;INFO;34;Oracle.xe;Oracle.xe;andy-aaron;8052;0;;;;;;;;;;;;;;;;;;;;;;;;;;;INFORMATIONAL;generic;"<string>LENGTH: '674' ACTION :[423] 'select /*+ no_parallel(t) no_parallel_index(t) dbms_stats cursor_sharing_exact use_weak_name_resl dynamic_sampling(0) no_monitoring xmlindex_sel_idx_tbl opt_param('optimizer_inmemory_aware' 'false') no_substrb_pad leading(r t) use_nl(t) rowid(t) */ substrb(dump(t.""SAMPLESIZE"",16,0,64),1,240) d_2178311139, r.rwid, r.freq from ""SYS"".""TAB$"" t, table(:topntab) r where t.rowid = chartorowid(r.rwid) order by t.""SAMPLESIZE""' DATABASE USER:[3] 'SYS' PRIVILEGE :[4] 'NONE' CLIENT USER:[0] '' CLIENT TERMINAL:[10] 'ANDY-AARON' STATUS:[1] '0' DBID:[10] '3074368596' SESSIONID:[6] '400227' USERHOST:[10] 'ANDY-AARON' CLIENT ADDRESS:[0] '' ACTION NUMBER:[1] '3' </string>"
windows_event;win_event;E:\Cours\TFE\experiments\phase_dataset_strengthening\processed\multiformat_balanced_20260910T094422Z\samples\windows_event.xml;;42;2025-08-21T22:42:07.006750+00:00;INFO;34;Oracle.xe;Oracle.xe;andy-aaron;8052;0;;;;;;;;;;;;;;;;;;;;;;;;;;;INFORMATIONAL;generic;"<string>LENGTH: '670' ACTION :[419] 'select /*+ no_parallel(t) no_parallel_index(t) dbms_stats cursor_sharing_exact use_weak_name_resl dynamic_sampling(0) no_monitoring xmlindex_sel_idx_tbl opt_param('optimizer_inmemory_aware' 'false') no_substrb_pad leading(r t) use_nl(t) rowid(t) */ substrb(dump(t.""PROPERTY"",16,0,64),1,240) d_1738371530, r.rwid, r.freq from ""SYS"".""TAB$"" t, table(:topntab) r where t.rowid = chartorowid(r.rwid) order by t.""PROPERTY""' DATABASE USER:[3] 'SYS' PRIVILEGE :[4] 'NONE' CLIENT USER:[0] '' CLIENT TERMINAL:[10] 'ANDY-AARON' STATUS:[1] '0' DBID:[10] '3074368596' SESSIONID:[6] '400227' USERHOST:[10] 'ANDY-AARON' CLIENT ADDRESS:[0] '' ACTION NUMBER:[1] '3' </string>"
windows_event;win_event;E:\Cours\TFE\experiments\phase_dataset_strengthening\processed\multiformat_balanced_20260910T094422Z\samples\windows_event.xml;;43;2025-08-21T22:42:07.014112+00:00;INFO;34;Oracle.xe;Oracle.xe;andy-aaron;8052;0;;;;;;;;;;;;;;;;;;;;;;;;;;;INFORMATIONAL;generic;"<string>LENGTH: '670' ACTION :[419] 'select /*+ no_parallel(t) no_parallel_index(t) dbms_stats cursor_sharing_exact use_weak_name_resl dynamic_sampling(0) no_monitoring xmlindex_sel_idx_tbl opt_param('optimizer_inmemory_aware' 'false') no_substrb_pad leading(r t) use_nl(t) rowid(t) */ substrb(dump(t.""PROPERTY"",16,0,64),1,240) d_1738371530, r.rwid, r.freq from ""SYS"".""TAB$"" t, table(:topntab) r where t.rowid = chartorowid(r.rwid) order by t.""PROPERTY""' DATABASE USER:[3] 'SYS' PRIVILEGE :[4] 'NONE' CLIENT USER:[0] '' CLIENT TERMINAL:[10] 'ANDY-AARON' STATUS:[1] '0' DBID:[10] '3074368596' SESSIONID:[6] '400227' USERHOST:[10] 'ANDY-AARON' CLIENT ADDRESS:[0] '' ACTION NUMBER:[1] '3' </string>"
windows_event;win_event;E:\Cours\TFE\experiments\phase_dataset_strengthening\processed\multiformat_balanced_20260910T094422Z\samples\windows_event.xml;;44;2025-08-21T22:42:07.023623+00:00;INFO;34;Oracle.xe;Oracle.xe;andy-aaron;8052;0;;;;;;;;;;;;;;;;;;;;;;;;;;;INFORMATIONAL;generic;"<string>LENGTH: '664' ACTION :[413] 'select /*+ no_parallel(t) no_parallel_index(t) dbms_stats cursor_sharing_exact use_weak_name_resl dynamic_sampling(0) no_monitoring xmlindex_sel_idx_tbl opt_param('optimizer_inmemory_aware' 'false') no_substrb_pad leading(r t) use_nl(t) rowid(t) */ substrb(dump(t.""BOBJ#"",16,0,64),1,240) d_1679120620, r.rwid, r.freq from ""SYS"".""TAB$"" t, table(:topntab) r where t.rowid = chartorowid(r.rwid) order by t.""BOBJ#""' DATABASE USER:[3] 'SYS' PRIVILEGE :[4] 'NONE' CLIENT USER:[0] '' CLIENT TERMINAL:[10] 'ANDY-AARON' STATUS:[1] '0' DBID:[10] '3074368596' SESSIONID:[6] '400227' USERHOST:[10] 'ANDY-AARON' CLIENT ADDRESS:[0] '' ACTION NUMBER:[1] '3' </string>"
windows_event;win_event;E:\Cours\TFE\experiments\phase_dataset_strengthening\processed\multiformat_balanced_20260910T094422Z\samples\windows_event.xml;;45;2025-08-21T22:42:07.029818+00:00;INFO;34;Oracle.xe;Oracle.xe;andy-aaron;8052;0;;;;;;;;;;;;;;;;;;;;;;;;;;;INFORMATIONAL;generic;"<string>LENGTH: '664' ACTION :[413] 'select /*+ no_parallel(t) no_parallel_index(t) dbms_stats cursor_sharing_exact use_weak_name_resl dynamic_sampling(0) no_monitoring xmlindex_sel_idx_tbl opt_param('optimizer_inmemory_aware' 'false') no_substrb_pad leading(r t) use_nl(t) rowid(t) */ substrb(dump(t.""BOBJ#"",16,0,64),1,240) d_1679120620, r.rwid, r.freq from ""SYS"".""TAB$"" t, table(:topntab) r where t.rowid = chartorowid(r.rwid) order by t.""BOBJ#""' DATABASE USER:[3] 'SYS' PRIVILEGE :[4] 'NONE' CLIENT USER:[0] '' CLIENT TERMINAL:[10] 'ANDY-AARON' STATUS:[1] '0' DBID:[10] '3074368596' SESSIONID:[6] '400227' USERHOST:[10] 'ANDY-AARON' CLIENT ADDRESS:[0] '' ACTION NUMBER:[1] '3' </string>"
windows_event;win_event;E:\Cours\TFE\experiments\phase_dataset_strengthening\processed\multiformat_balanced_20260910T094422Z\samples\windows_event.xml;;46;2025-08-21T22:42:07.035547+00:00;INFO;34;Oracle.xe;Oracle.xe;andy-aaron;8052;0;;;;;;;;;;;;;;;;;;;;;;;;;;;INFORMATIONAL;generic;"<string>LENGTH: '664' ACTION :[413] 'select /*+ no_parallel(t) no_parallel_index(t) dbms_stats cursor_sharing_exact use_weak_name_resl dynamic_sampling(0) no_monitoring xmlindex_sel_idx_tbl opt_param('optimizer_inmemory_aware' 'false') no_substrb_pad leading(r t) use_nl(t) rowid(t) */ substrb(dump(t.""FLAGS"",16,0,64),1,240) d_2385161744, r.rwid, r.freq from ""SYS"".""TAB$"" t, table(:topntab) r where t.rowid = chartorowid(r.rwid) order by t.""FLAGS""' DATABASE USER:[3] 'SYS' PRIVILEGE :[4] 'NONE' CLIENT USER:[0] '' CLIENT TERMINAL:[10] 'ANDY-AARON' STATUS:[1] '0' DBID:[10] '3074368596' SESSIONID:[6] '400227' USERHOST:[10] 'ANDY-AARON' CLIENT ADDRESS:[0] '' ACTION NUMBER:[1] '3' </string>"
windows_event;win_event;E:\Cours\TFE\experiments\phase_dataset_strengthening\processed\multiformat_balanced_20260910T094422Z\samples\windows_event.xml;;47;2025-08-21T22:42:07.042892+00:00;INFO;34;Oracle.xe;Oracle.xe;andy-aaron;8052;0;;;;;;;;;;;;;;;;;;;;;;;;;;;INFORMATIONAL;generic;"<string>LENGTH: '664' ACTION :[413] 'select /*+ no_parallel(t) no_parallel_index(t) dbms_stats cursor_sharing_exact use_weak_name_resl dynamic_sampling(0) no_monitoring xmlindex_sel_idx_tbl opt_param('optimizer_inmemory_aware' 'false') no_substrb_pad leading(r t) use_nl(t) rowid(t) */ substrb(dump(t.""FLAGS"",16,0,64),1,240) d_2385161744, r.rwid, r.freq from ""SYS"".""TAB$"" t, table(:topntab) r where t.rowid = chartorowid(r.rwid) order by t.""FLAGS""' DATABASE USER:[3] 'SYS' PRIVILEGE :[4] 'NONE' CLIENT USER:[0] '' CLIENT TERMINAL:[10] 'ANDY-AARON' STATUS:[1] '0' DBID:[10] '3074368596' SESSIONID:[6] '400227' USERHOST:[10] 'ANDY-AARON' CLIENT ADDRESS:[0] '' ACTION NUMBER:[1] '3' </string>"
windows_event;win_event;E:\Cours\TFE\experiments\phase_dataset_strengthening\processed\multiformat_balanced_20260910T094422Z\samples\windows_event.xml;;48;2025-08-21T22:42:07.047750+00:00;INFO;34;Oracle.xe;Oracle.xe;andy-aaron;8052;0;;;;;;;;;;;;;;;;;;;;;;;;;;;INFORMATIONAL;generic;"<string>LENGTH: '664' ACTION :[413] 'select /*+ no_parallel(t) no_parallel_index(t) dbms_stats cursor_sharing_exact use_weak_name_resl dynamic_sampling(0) no_monitoring xmlindex_sel_idx_tbl opt_param('optimizer_inmemory_aware' 'false') no_substrb_pad leading(r t) use_nl(t) rowid(t) */ substrb(dump(t.""FILE#"",16,0,64),1,240) d_1985055719, r.rwid, r.freq from ""SYS"".""TAB$"" t, table(:topntab) r where t.rowid = chartorowid(r.rwid) order by t.""FILE#""' DATABASE USER:[3] 'SYS' PRIVILEGE :[4] 'NONE' CLIENT USER:[0] '' CLIENT TERMINAL:[10] 'ANDY-AARON' STATUS:[1] '0' DBID:[10] '3074368596' SESSIONID:[6] '400227' USERHOST:[10] 'ANDY-AARON' CLIENT ADDRESS:[0] '' ACTION NUMBER:[1] '3' </string>"
windows_event;win_event;E:\Cours\TFE\experiments\phase_dataset_strengthening\processed\multiformat_balanced_20260910T094422Z\samples\windows_event.xml;;49;2025-08-21T22:42:07.055969+00:00;INFO;34;Oracle.xe;Oracle.xe;andy-aaron;8052;0;;;;;;;;;;;;;;;;;;;;;;;;;;;INFORMATIONAL;generic;"<string>LENGTH: '664' ACTION :[413] 'select /*+ no_parallel(t) no_parallel_index(t) dbms_stats cursor_sharing_exact use_weak_name_resl dynamic_sampling(0) no_monitoring xmlindex_sel_idx_tbl opt_param('optimizer_inmemory_aware' 'false') no_substrb_pad leading(r t) use_nl(t) rowid(t) */ substrb(dump(t.""FILE#"",16,0,64),1,240) d_1985055719, r.rwid, r.freq from ""SYS"".""TAB$"" t, table(:topntab) r where t.rowid = chartorowid(r.rwid) order by t.""FILE#""' DATABASE USER:[3] 'SYS' PRIVILEGE :[4] 'NONE' CLIENT USER:[0] '' CLIENT TERMINAL:[10] 'ANDY-AARON' STATUS:[1] '0' DBID:[10] '3074368596' SESSIONID:[6] '400227' USERHOST:[10] 'ANDY-AARON' CLIENT ADDRESS:[0] '' ACTION NUMBER:[1] '3' </string>"
windows_event;win_event;E:\Cours\TFE\experiments\phase_dataset_strengthening\processed\multiformat_balanced_20260910T094422Z\samples\windows_event.xml;;50;2025-08-21T22:42:07.060747+00:00;INFO;34;Oracle.xe;Oracle.xe;andy-aaron;8052;0;;;;;;;;;;;;;;;;;;;;;;;;;;;INFORMATIONAL;generic;"<string>LENGTH: '670' ACTION :[419] 'select /*+ no_parallel(t) no_parallel_index(t) dbms_stats cursor_sharing_exact use_weak_name_resl dynamic_sampling(0) no_monitoring xmlindex_sel_idx_tbl opt_param('optimizer_inmemory_aware' 'false') no_substrb_pad leading(r t) use_nl(t) rowid(t) */ substrb(dump(t.""TRIGFLAG"",16,0,64),1,240) d_3161496354, r.rwid, r.freq from ""SYS"".""TAB$"" t, table(:topntab) r where t.rowid = chartorowid(r.rwid) order by t.""TRIGFLAG""' DATABASE USER:[3] 'SYS' PRIVILEGE :[4] 'NONE' CLIENT USER:[0] '' CLIENT TERMINAL:[10] 'ANDY-AARON' STATUS:[1] '0' DBID:[10] '3074368596' SESSIONID:[6] '400227' USERHOST:[10] 'ANDY-AARON' CLIENT ADDRESS:[0] '' ACTION NUMBER:[1] '3' </string>"
windows_event;win_event;E:\Cours\TFE\experiments\phase_dataset_strengthening\processed\multiformat_balanced_20260910T094422Z\samples\windows_event.xml;;51;2025-08-21T22:42:07.067072+00:00;INFO;34;Oracle.xe;Oracle.xe;andy-aaron;8052;0;;;;;;;;;;;;;;;;;;;;;;;;;;;INFORMATIONAL;generic;"<string>LENGTH: '670' ACTION :[419] 'select /*+ no_parallel(t) no_parallel_index(t) dbms_stats cursor_sharing_exact use_weak_name_resl dynamic_sampling(0) no_monitoring xmlindex_sel_idx_tbl opt_param('optimizer_inmemory_aware' 'false') no_substrb_pad leading(r t) use_nl(t) rowid(t) */ substrb(dump(t.""TRIGFLAG"",16,0,64),1,240) d_3161496354, r.rwid, r.freq from ""SYS"".""TAB$"" t, table(:topntab) r where t.rowid = chartorowid(r.rwid) order by t.""TRIGFLAG""' DATABASE USER:[3] 'SYS' PRIVILEGE :[4] 'NONE' CLIENT USER:[0] '' CLIENT TERMINAL:[10] 'ANDY-AARON' STATUS:[1] '0' DBID:[10] '3074368596' SESSIONID:[6] '400227' USERHOST:[10] 'ANDY-AARON' CLIENT ADDRESS:[0] '' ACTION NUMBER:[1] '3' </string>"
windows_event;win_event;E:\Cours\TFE\experiments\phase_dataset_strengthening\processed\multiformat_balanced_20260910T094422Z\samples\windows_event.xml;;52;2025-08-21T22:42:07.069775+00:00;INFO;34;Oracle.xe;Oracle.xe;andy-aaron;8052;0;;;;;;;;;;;;;;;;;;;;;;;;;;;INFORMATIONAL;generic;"<string>LENGTH: '660' ACTION :[409] 'select /*+ no_parallel(t) no_parallel_index(t) dbms_stats cursor_sharing_exact use_weak_name_resl dynamic_sampling(0) no_monitoring xmlindex_sel_idx_tbl opt_param('optimizer_inmemory_aware' 'false') no_substrb_pad leading(r t) use_nl(t) rowid(t) */ substrb(dump(t.""TS#"",16,0,64),1,240) d_2793702272, r.rwid, r.freq from ""SYS"".""TAB$"" t, table(:topntab) r where t.rowid = chartorowid(r.rwid) order by t.""TS#""' DATABASE USER:[3] 'SYS' PRIVILEGE :[4] 'NONE' CLIENT USER:[0] '' CLIENT TERMINAL:[10] 'ANDY-AARON' STATUS:[1] '0' DBID:[10] '3074368596' SESSIONID:[6] '400227' USERHOST:[10] 'ANDY-AARON' CLIENT ADDRESS:[0] '' ACTION NUMBER:[1] '3' </string>"
windows_event;win_event;E:\Cours\TFE\experiments\phase_dataset_strengthening\processed\multiformat_balanced_20260910T094422Z\samples\windows_event.xml;;53;2025-08-21T22:42:07.075653+00:00;INFO;34;Oracle.xe;Oracle.xe;andy-aaron;8052;0;;;;;;;;;;;;;;;;;;;;;;;;;;;INFORMATIONAL;generic;"<string>LENGTH: '660' ACTION :[409] 'select /*+ no_parallel(t) no_parallel_index(t) dbms_stats cursor_sharing_exact use_weak_name_resl dynamic_sampling(0) no_monitoring xmlindex_sel_idx_tbl opt_param('optimizer_inmemory_aware' 'false') no_substrb_pad leading(r t) use_nl(t) rowid(t) */ substrb(dump(t.""TS#"",16,0,64),1,240) d_2793702272, r.rwid, r.freq from ""SYS"".""TAB$"" t, table(:topntab) r where t.rowid = chartorowid(r.rwid) order by t.""TS#""' DATABASE USER:[3] 'SYS' PRIVILEGE :[4] 'NONE' CLIENT USER:[0] '' CLIENT TERMINAL:[10] 'ANDY-AARON' STATUS:[1] '0' DBID:[10] '3074368596' SESSIONID:[6] '400227' USERHOST:[10] 'ANDY-AARON' CLIENT ADDRESS:[0] '' ACTION NUMBER:[1] '3' </string>"
windows_event;win_event;E:\Cours\TFE\experiments\phase_dataset_strengthening\processed\multiformat_balanced_20260910T094422Z\samples\windows_event.xml;;54;2025-08-21T22:42:07.687576+00:00;INFO;34;Oracle.xe;Oracle.xe;andy-aaron;8052;0;;;;;;;;;;;;;;;;;;;;;;;;;;;INFORMATIONAL;generic;"<string>LENGTH: '668' ACTION :[417] 'select /*+ no_parallel(t) no_parallel_index(t) dbms_stats cursor_sharing_exact use_weak_name_resl dynamic_sampling(0) no_monitoring xmlindex_sel_idx_tbl opt_param('optimizer_inmemory_aware' 'false') no_substrb_pad leading(r t) use_nl(t) rowid(t) */ substrb(dump(t.""FLAGS"",16,0,64),1,240) d_2385161744, r.rwid, r.freq from ""SYS"".""PARTOBJ$"" t, table(:topntab) r where t.rowid = chartorowid(r.rwid) order by t.""FLAGS""' DATABASE USER:[3] 'SYS' PRIVILEGE :[4] 'NONE' CLIENT USER:[0] '' CLIENT TERMINAL:[10] 'ANDY-AARON' STATUS:[1] '0' DBID:[10] '3074368596' SESSIONID:[6] '400227' USERHOST:[10] 'ANDY-AARON' CLIENT ADDRESS:[0] '' ACTION NUMBER:[1] '3' </string>"
windows_event;win_event;E:\Cours\TFE\experiments\phase_dataset_strengthening\processed\multiformat_balanced_20260910T094422Z\samples\windows_event.xml;;55;2025-08-21T22:42:07.692451+00:00;INFO;34;Oracle.xe;Oracle.xe;andy-aaron;8052;0;;;;;;;;;;;;;;;;;;;;;;;;;;;INFORMATIONAL;generic;"<string>LENGTH: '668' ACTION :[417] 'select /*+ no_parallel(t) no_parallel_index(t) dbms_stats cursor_sharing_exact use_weak_name_resl dynamic_sampling(0) no_monitoring xmlindex_sel_idx_tbl opt_param('optimizer_inmemory_aware' 'false') no_substrb_pad leading(r t) use_nl(t) rowid(t) */ substrb(dump(t.""FLAGS"",16,0,64),1,240) d_2385161744, r.rwid, r.freq from ""SYS"".""PARTOBJ$"" t, table(:topntab) r where t.rowid = chartorowid(r.rwid) order by t.""FLAGS""' DATABASE USER:[3] 'SYS' PRIVILEGE :[4] 'NONE' CLIENT USER:[0] '' CLIENT TERMINAL:[10] 'ANDY-AARON' STATUS:[1] '0' DBID:[10] '3074368596' SESSIONID:[6] '400227' USERHOST:[10] 'ANDY-AARON' CLIENT ADDRESS:[0] '' ACTION NUMBER:[1] '3' </string>"
windows_event;win_event;E:\Cours\TFE\experiments\phase_dataset_strengthening\processed\multiformat_balanced_20260910T094422Z\samples\windows_event.xml;;56;2025-08-21T22:42:07.695766+00:00;INFO;34;Oracle.xe;Oracle.xe;andy-aaron;8052;0;;;;;;;;;;;;;;;;;;;;;;;;;;;INFORMATIONAL;generic;"<string>LENGTH: '670' ACTION :[419] 'select /*+ no_parallel(t) no_parallel_index(t) dbms_stats cursor_sharing_exact use_weak_name_resl dynamic_sampling(0) no_monitoring xmlindex_sel_idx_tbl opt_param('optimizer_inmemory_aware' 'false') no_substrb_pad leading(r t) use_nl(t) rowid(t) */ substrb(dump(t.""DEFTS#"",16,0,64),1,240) d_4055258677, r.rwid, r.freq from ""SYS"".""PARTOBJ$"" t, table(:topntab) r where t.rowid = chartorowid(r.rwid) order by t.""DEFTS#""' DATABASE USER:[3] 'SYS' PRIVILEGE :[4] 'NONE' CLIENT USER:[0] '' CLIENT TERMINAL:[10] 'ANDY-AARON' STATUS:[1] '0' DBID:[10] '3074368596' SESSIONID:[6] '400227' USERHOST:[10] 'ANDY-AARON' CLIENT ADDRESS:[0] '' ACTION NUMBER:[1] '3' </string>"
windows_event;win_event;E:\Cours\TFE\experiments\phase_dataset_strengthening\processed\multiformat_balanced_20260910T094422Z\samples\windows_event.xml;;57;2025-08-21T22:42:07.699730+00:00;INFO;34;Oracle.xe;Oracle.xe;andy-aaron;8052;0;;;;;;;;;;;;;;;;;;;;;;;;;;;INFORMATIONAL;generic;"<string>LENGTH: '670' ACTION :[419] 'select /*+ no_parallel(t) no_parallel_index(t) dbms_stats cursor_sharing_exact use_weak_name_resl dynamic_sampling(0) no_monitoring xmlindex_sel_idx_tbl opt_param('optimizer_inmemory_aware' 'false') no_substrb_pad leading(r t) use_nl(t) rowid(t) */ substrb(dump(t.""DEFTS#"",16,0,64),1,240) d_4055258677, r.rwid, r.freq from ""SYS"".""PARTOBJ$"" t, table(:topntab) r where t.rowid = chartorowid(r.rwid) order by t.""DEFTS#""' DATABASE USER:[3] 'SYS' PRIVILEGE :[4] 'NONE' CLIENT USER:[0] '' CLIENT TERMINAL:[10] 'ANDY-AARON' STATUS:[1] '0' DBID:[10] '3074368596' SESSIONID:[6] '400227' USERHOST:[10] 'ANDY-AARON' CLIENT ADDRESS:[0] '' ACTION NUMBER:[1] '3' </string>"
windows_event;win_event;E:\Cours\TFE\experiments\phase_dataset_strengthening\processed\multiformat_balanced_20260910T094422Z\samples\windows_event.xml;;58;2025-08-21T22:42:07.702106+00:00;INFO;34;Oracle.xe;Oracle.xe;andy-aaron;8052;0;;;;;;;;;;;;;;;;;;;;;;;;;;;INFORMATIONAL;generic;"<string>LENGTH: '670' ACTION :[419] 'select /*+ no_parallel(t) no_parallel_index(t) dbms_stats cursor_sharing_exact use_weak_name_resl dynamic_sampling(0) no_monitoring xmlindex_sel_idx_tbl opt_param('optimizer_inmemory_aware' 'false') no_substrb_pad leading(r t) use_nl(t) rowid(t) */ substrb(dump(t.""SPARE2"",16,0,64),1,240) d_1795865358, r.rwid, r.freq from ""SYS"".""PARTOBJ$"" t, table(:topntab) r where t.rowid = chartorowid(r.rwid) order by t.""SPARE2""' DATABASE USER:[3] 'SYS' PRIVILEGE :[4] 'NONE' CLIENT USER:[0] '' CLIENT TERMINAL:[10] 'ANDY-AARON' STATUS:[1] '0' DBID:[10] '3074368596' SESSIONID:[6] '400227' USERHOST:[10] 'ANDY-AARON' CLIENT ADDRESS:[0] '' ACTION NUMBER:[1] '3' </string>"
windows_event;win_event;E:\Cours\TFE\experiments\phase_dataset_strengthening\processed\multiformat_balanced_20260910T094422Z\samples\windows_event.xml;;59;2025-08-21T22:42:07.705883+00:00;INFO;34;Oracle.xe;Oracle.xe;andy-aaron;8052;0;;;;;;;;;;;;;;;;;;;;;;;;;;;INFORMATIONAL;generic;"<string>LENGTH: '670' ACTION :[419] 'select /*+ no_parallel(t) no_parallel_index(t) dbms_stats cursor_sharing_exact use_weak_name_resl dynamic_sampling(0) no_monitoring xmlindex_sel_idx_tbl opt_param('optimizer_inmemory_aware' 'false') no_substrb_pad leading(r t) use_nl(t) rowid(t) */ substrb(dump(t.""SPARE2"",16,0,64),1,240) d_1795865358, r.rwid, r.freq from ""SYS"".""PARTOBJ$"" t, table(:topntab) r where t.rowid = chartorowid(r.rwid) order by t.""SPARE2""' DATABASE USER:[3] 'SYS' PRIVILEGE :[4] 'NONE' CLIENT USER:[0] '' CLIENT TERMINAL:[10] 'ANDY-AARON' STATUS:[1] '0' DBID:[10] '3074368596' SESSIONID:[6] '400227' USERHOST:[10] 'ANDY-AARON' CLIENT ADDRESS:[0] '' ACTION NUMBER:[1] '3' </string>"
windows_event;win_event;E:\Cours\TFE\experiments\phase_dataset_strengthening\processed\multiformat_balanced_20260910T094422Z\samples\windows_event.xml;;60;2025-08-21T22:42:07.912405+00:00;INFO;34;Oracle.xe;Oracle.xe;andy-aaron;8052;0;;;;;;;;;;;;;;;;;;;;;;;;;;;INFORMATIONAL;generic;"<string>LENGTH: '667' ACTION :[416] 'select /*+ no_parallel(t) no_parallel_index(t) dbms_stats cursor_sharing_exact use_weak_name_resl dynamic_sampling(0) no_monitoring xmlindex_sel_idx_tbl opt_param('optimizer_inmemory_aware' 'false') no_substrb_pad leading(r t) use_nl(t) rowid(t) */ substrb(dump(t.""DISTKEY"",16,0,64),1,240) d_589490254, r.rwid, r.freq from ""SYS"".""IND$"" t, table(:topntab) r where t.rowid = chartorowid(r.rwid) order by t.""DISTKEY""' DATABASE USER:[3] 'SYS' PRIVILEGE :[4] 'NONE' CLIENT USER:[0] '' CLIENT TERMINAL:[10] 'ANDY-AARON' STATUS:[1] '0' DBID:[10] '3074368596' SESSIONID:[6] '400227' USERHOST:[10] 'ANDY-AARON' CLIENT ADDRESS:[0] '' ACTION NUMBER:[1] '3' </string>"
windows_event;win_event;E:\Cours\TFE\experiments\phase_dataset_strengthening\processed\multiformat_balanced_20260910T094422Z\samples\windows_event.xml;;61;2025-08-21T22:42:07.917191+00:00;INFO;34;Oracle.xe;Oracle.xe;andy-aaron;8052;0;;;;;;;;;;;;;;;;;;;;;;;;;;;INFORMATIONAL;generic;"<string>LENGTH: '667' ACTION :[416] 'select /*+ no_parallel(t) no_parallel_index(t) dbms_stats cursor_sharing_exact use_weak_name_resl dynamic_sampling(0) no_monitoring xmlindex_sel_idx_tbl opt_param('optimizer_inmemory_aware' 'false') no_substrb_pad leading(r t) use_nl(t) rowid(t) */ substrb(dump(t.""DISTKEY"",16,0,64),1,240) d_589490254, r.rwid, r.freq from ""SYS"".""IND$"" t, table(:topntab) r where t.rowid = chartorowid(r.rwid) order by t.""DISTKEY""' DATABASE USER:[3] 'SYS' PRIVILEGE :[4] 'NONE' CLIENT USER:[0] '' CLIENT TERMINAL:[10] 'ANDY-AARON' STATUS:[1] '0' DBID:[10] '3074368596' SESSIONID:[6] '400227' USERHOST:[10] 'ANDY-AARON' CLIENT ADDRESS:[0] '' ACTION NUMBER:[1] '3' </string>"
windows_event;win_event;E:\Cours\TFE\experiments\phase_dataset_strengthening\processed\multiformat_balanced_20260910T094422Z\samples\windows_event.xml;;62;2025-08-21T22:42:07.924412+00:00;INFO;34;Oracle.xe;Oracle.xe;andy-aaron;8052;0;;;;;;;;;;;;;;;;;;;;;;;;;;;INFORMATIONAL;generic;"<string>LENGTH: '670' ACTION :[419] 'select /*+ no_parallel(t) no_parallel_index(t) dbms_stats cursor_sharing_exact use_weak_name_resl dynamic_sampling(0) no_monitoring xmlindex_sel_idx_tbl opt_param('optimizer_inmemory_aware' 'false') no_substrb_pad leading(r t) use_nl(t) rowid(t) */ substrb(dump(t.""PROPERTY"",16,0,64),1,240) d_1738371530, r.rwid, r.freq from ""SYS"".""IND$"" t, table(:topntab) r where t.rowid = chartorowid(r.rwid) order by t.""PROPERTY""' DATABASE USER:[3] 'SYS' PRIVILEGE :[4] 'NONE' CLIENT USER:[0] '' CLIENT TERMINAL:[10] 'ANDY-AARON' STATUS:[1] '0' DBID:[10] '3074368596' SESSIONID:[6] '400227' USERHOST:[10] 'ANDY-AARON' CLIENT ADDRESS:[0] '' ACTION NUMBER:[1] '3' </string>"
windows_event;win_event;E:\Cours\TFE\experiments\phase_dataset_strengthening\processed\multiformat_balanced_20260910T094422Z\samples\windows_event.xml;;63;2025-08-21T22:42:07.928432+00:00;INFO;34;Oracle.xe;Oracle.xe;andy-aaron;8052;0;;;;;;;;;;;;;;;;;;;;;;;;;;;INFORMATIONAL;generic;"<string>LENGTH: '670' ACTION :[419] 'select /*+ no_parallel(t) no_parallel_index(t) dbms_stats cursor_sharing_exact use_weak_name_resl dynamic_sampling(0) no_monitoring xmlindex_sel_idx_tbl opt_param('optimizer_inmemory_aware' 'false') no_substrb_pad leading(r t) use_nl(t) rowid(t) */ substrb(dump(t.""PROPERTY"",16,0,64),1,240) d_1738371530, r.rwid, r.freq from ""SYS"".""IND$"" t, table(:topntab) r where t.rowid = chartorowid(r.rwid) order by t.""PROPERTY""' DATABASE USER:[3] 'SYS' PRIVILEGE :[4] 'NONE' CLIENT USER:[0] '' CLIENT TERMINAL:[10] 'ANDY-AARON' STATUS:[1] '0' DBID:[10] '3074368596' SESSIONID:[6] '400227' USERHOST:[10] 'ANDY-AARON' CLIENT ADDRESS:[0] '' ACTION NUMBER:[1] '3' </string>"
windows_event;win_event;E:\Cours\TFE\experiments\phase_dataset_strengthening\processed\multiformat_balanced_20260910T094422Z\samples\windows_event.xml;;64;2025-08-21T22:42:07.931273+00:00;INFO;34;Oracle.xe;Oracle.xe;andy-aaron;8052;0;;;;;;;;;;;;;;;;;;;;;;;;;;;INFORMATIONAL;generic;"<string>LENGTH: '667' ACTION :[416] 'select /*+ no_parallel(t) no_parallel_index(t) dbms_stats cursor_sharing_exact use_weak_name_resl dynamic_sampling(0) no_monitoring xmlindex_sel_idx_tbl opt_param('optimizer_inmemory_aware' 'false') no_substrb_pad leading(r t) use_nl(t) rowid(t) */ substrb(dump(t.""INTCOLS"",16,0,64),1,240) d_632140913, r.rwid, r.freq from ""SYS"".""IND$"" t, table(:topntab) r where t.rowid = chartorowid(r.rwid) order by t.""INTCOLS""' DATABASE USER:[3] 'SYS' PRIVILEGE :[4] 'NONE' CLIENT USER:[0] '' CLIENT TERMINAL:[10] 'ANDY-AARON' STATUS:[1] '0' DBID:[10] '3074368596' SESSIONID:[6] '400227' USERHOST:[10] 'ANDY-AARON' CLIENT ADDRESS:[0] '' ACTION NUMBER:[1] '3' </string>"
windows_event;win_event;E:\Cours\TFE\experiments\phase_dataset_strengthening\processed\multiformat_balanced_20260910T094422Z\samples\windows_event.xml;;65;2025-08-21T22:42:07.935316+00:00;INFO;34;Oracle.xe;Oracle.xe;andy-aaron;8052;0;;;;;;;;;;;;;;;;;;;;;;;;;;;INFORMATIONAL;generic;"<string>LENGTH: '667' ACTION :[416] 'select /*+ no_parallel(t) no_parallel_index(t) dbms_stats cursor_sharing_exact use_weak_name_resl dynamic_sampling(0) no_monitoring xmlindex_sel_idx_tbl opt_param('optimizer_inmemory_aware' 'false') no_substrb_pad leading(r t) use_nl(t) rowid(t) */ substrb(dump(t.""INTCOLS"",16,0,64),1,240) d_632140913, r.rwid, r.freq from ""SYS"".""IND$"" t, table(:topntab) r where t.rowid = chartorowid(r.rwid) order by t.""INTCOLS""' DATABASE USER:[3] 'SYS' PRIVILEGE :[4] 'NONE' CLIENT USER:[0] '' CLIENT TERMINAL:[10] 'ANDY-AARON' STATUS:[1] '0' DBID:[10] '3074368596' SESSIONID:[6] '400227' USERHOST:[10] 'ANDY-AARON' CLIENT ADDRESS:[0] '' ACTION NUMBER:[1] '3' </string>"
windows_event;win_event;E:\Cours\TFE\experiments\phase_dataset_strengthening\processed\multiformat_balanced_20260910T094422Z\samples\windows_event.xml;;66;2025-08-21T22:42:07.938589+00:00;INFO;34;Oracle.xe;Oracle.xe;andy-aaron;8052;0;;;;;;;;;;;;;;;;;;;;;;;;;;;INFORMATIONAL;generic;"<string>LENGTH: '664' ACTION :[413] 'select /*+ no_parallel(t) no_parallel_index(t) dbms_stats cursor_sharing_exact use_weak_name_resl dynamic_sampling(0) no_monitoring xmlindex_sel_idx_tbl opt_param('optimizer_inmemory_aware' 'false') no_substrb_pad leading(r t) use_nl(t) rowid(t) */ substrb(dump(t.""FLAGS"",16,0,64),1,240) d_2385161744, r.rwid, r.freq from ""SYS"".""IND$"" t, table(:topntab) r where t.rowid = chartorowid(r.rwid) order by t.""FLAGS""' DATABASE USER:[3] 'SYS' PRIVILEGE :[4] 'NONE' CLIENT USER:[0] '' CLIENT TERMINAL:[10] 'ANDY-AARON' STATUS:[1] '0' DBID:[10] '3074368596' SESSIONID:[6] '400227' USERHOST:[10] 'ANDY-AARON' CLIENT ADDRESS:[0] '' ACTION NUMBER:[1] '3' </string>"
windows_event;win_event;E:\Cours\TFE\experiments\phase_dataset_strengthening\processed\multiformat_balanced_20260910T094422Z\samples\windows_event.xml;;67;2025-08-21T22:42:07.942728+00:00;INFO;34;Oracle.xe;Oracle.xe;andy-aaron;8052;0;;;;;;;;;;;;;;;;;;;;;;;;;;;INFORMATIONAL;generic;"<string>LENGTH: '664' ACTION :[413] 'select /*+ no_parallel(t) no_parallel_index(t) dbms_stats cursor_sharing_exact use_weak_name_resl dynamic_sampling(0) no_monitoring xmlindex_sel_idx_tbl opt_param('optimizer_inmemory_aware' 'false') no_substrb_pad leading(r t) use_nl(t) rowid(t) */ substrb(dump(t.""FLAGS"",16,0,64),1,240) d_2385161744, r.rwid, r.freq from ""SYS"".""IND$"" t, table(:topntab) r where t.rowid = chartorowid(r.rwid) order by t.""FLAGS""' DATABASE USER:[3] 'SYS' PRIVILEGE :[4] 'NONE' CLIENT USER:[0] '' CLIENT TERMINAL:[10] 'ANDY-AARON' STATUS:[1] '0' DBID:[10] '3074368596' SESSIONID:[6] '400227' USERHOST:[10] 'ANDY-AARON' CLIENT ADDRESS:[0] '' ACTION NUMBER:[1] '3' </string>"
windows_event;win_event;E:\Cours\TFE\experiments\phase_dataset_strengthening\processed\multiformat_balanced_20260910T094422Z\samples\windows_event.xml;;68;2025-08-21T22:42:07.946499+00:00;INFO;34;Oracle.xe;Oracle.xe;andy-aaron;8052;0;;;;;;;;;;;;;;;;;;;;;;;;;;;INFORMATIONAL;generic;"<string>LENGTH: '664' ACTION :[413] 'select /*+ no_parallel(t) no_parallel_index(t) dbms_stats cursor_sharing_exact use_weak_name_resl dynamic_sampling(0) no_monitoring xmlindex_sel_idx_tbl opt_param('optimizer_inmemory_aware' 'false') no_substrb_pad leading(r t) use_nl(t) rowid(t) */ substrb(dump(t.""TYPE#"",16,0,64),1,240) d_1893548993, r.rwid, r.freq from ""SYS"".""IND$"" t, table(:topntab) r where t.rowid = chartorowid(r.rwid) order by t.""TYPE#""' DATABASE USER:[3] 'SYS' PRIVILEGE :[4] 'NONE' CLIENT USER:[0] '' CLIENT TERMINAL:[10] 'ANDY-AARON' STATUS:[1] '0' DBID:[10] '3074368596' SESSIONID:[6] '400227' USERHOST:[10] 'ANDY-AARON' CLIENT ADDRESS:[0] '' ACTION NUMBER:[1] '3' </string>"
windows_event;win_event;E:\Cours\TFE\experiments\phase_dataset_strengthening\processed\multiformat_balanced_20260910T094422Z\samples\windows_event.xml;;69;2025-08-21T22:42:07.950855+00:00;INFO;34;Oracle.xe;Oracle.xe;andy-aaron;8052;0;;;;;;;;;;;;;;;;;;;;;;;;;;;INFORMATIONAL;generic;"<string>LENGTH: '664' ACTION :[413] 'select /*+ no_parallel(t) no_parallel_index(t) dbms_stats cursor_sharing_exact use_weak_name_resl dynamic_sampling(0) no_monitoring xmlindex_sel_idx_tbl opt_param('optimizer_inmemory_aware' 'false') no_substrb_pad leading(r t) use_nl(t) rowid(t) */ substrb(dump(t.""TYPE#"",16,0,64),1,240) d_1893548993, r.rwid, r.freq from ""SYS"".""IND$"" t, table(:topntab) r where t.rowid = chartorowid(r.rwid) order by t.""TYPE#""' DATABASE USER:[3] 'SYS' PRIVILEGE :[4] 'NONE' CLIENT USER:[0] '' CLIENT TERMINAL:[10] 'ANDY-AARON' STATUS:[1] '0' DBID:[10] '3074368596' SESSIONID:[6] '400227' USERHOST:[10] 'ANDY-AARON' CLIENT ADDRESS:[0] '' ACTION NUMBER:[1] '3' </string>"
windows_event;win_event;E:\Cours\TFE\experiments\phase_dataset_strengthening\processed\multiformat_balanced_20260910T094422Z\samples\windows_event.xml;;70;2025-08-21T22:42:07.953760+00:00;INFO;34;Oracle.xe;Oracle.xe;andy-aaron;8052;0;;;;;;;;;;;;;;;;;;;;;;;;;;;INFORMATIONAL;generic;"<string>LENGTH: '664' ACTION :[413] 'select /*+ no_parallel(t) no_parallel_index(t) dbms_stats cursor_sharing_exact use_weak_name_resl dynamic_sampling(0) no_monitoring xmlindex_sel_idx_tbl opt_param('optimizer_inmemory_aware' 'false') no_substrb_pad leading(r t) use_nl(t) rowid(t) */ substrb(dump(t.""FILE#"",16,0,64),1,240) d_1985055719, r.rwid, r.freq from ""SYS"".""IND$"" t, table(:topntab) r where t.rowid = chartorowid(r.rwid) order by t.""FILE#""' DATABASE USER:[3] 'SYS' PRIVILEGE :[4] 'NONE' CLIENT USER:[0] '' CLIENT TERMINAL:[10] 'ANDY-AARON' STATUS:[1] '0' DBID:[10] '3074368596' SESSIONID:[6] '400227' USERHOST:[10] 'ANDY-AARON' CLIENT ADDRESS:[0] '' ACTION NUMBER:[1] '3' </string>"
windows_event;win_event;E:\Cours\TFE\experiments\phase_dataset_strengthening\processed\multiformat_balanced_20260910T094422Z\samples\windows_event.xml;;71;2025-08-21T22:42:07.958000+00:00;INFO;34;Oracle.xe;Oracle.xe;andy-aaron;8052;0;;;;;;;;;;;;;;;;;;;;;;;;;;;INFORMATIONAL;generic;"<string>LENGTH: '664' ACTION :[413] 'select /*+ no_parallel(t) no_parallel_index(t) dbms_stats cursor_sharing_exact use_weak_name_resl dynamic_sampling(0) no_monitoring xmlindex_sel_idx_tbl opt_param('optimizer_inmemory_aware' 'false') no_substrb_pad leading(r t) use_nl(t) rowid(t) */ substrb(dump(t.""FILE#"",16,0,64),1,240) d_1985055719, r.rwid, r.freq from ""SYS"".""IND$"" t, table(:topntab) r where t.rowid = chartorowid(r.rwid) order by t.""FILE#""' DATABASE USER:[3] 'SYS' PRIVILEGE :[4] 'NONE' CLIENT USER:[0] '' CLIENT TERMINAL:[10] 'ANDY-AARON' STATUS:[1] '0' DBID:[10] '3074368596' SESSIONID:[6] '400227' USERHOST:[10] 'ANDY-AARON' CLIENT ADDRESS:[0] '' ACTION NUMBER:[1] '3' </string>"
windows_event;win_event;E:\Cours\TFE\experiments\phase_dataset_strengthening\processed\multiformat_balanced_20260910T094422Z\samples\windows_event.xml;;72;2025-08-21T22:42:07.960951+00:00;INFO;34;Oracle.xe;Oracle.xe;andy-aaron;8052;0;;;;;;;;;;;;;;;;;;;;;;;;;;;INFORMATIONAL;generic;"<string>LENGTH: '660' ACTION :[409] 'select /*+ no_parallel(t) no_parallel_index(t) dbms_stats cursor_sharing_exact use_weak_name_resl dynamic_sampling(0) no_monitoring xmlindex_sel_idx_tbl opt_param('optimizer_inmemory_aware' 'false') no_substrb_pad leading(r t) use_nl(t) rowid(t) */ substrb(dump(t.""TS#"",16,0,64),1,240) d_2793702272, r.rwid, r.freq from ""SYS"".""IND$"" t, table(:topntab) r where t.rowid = chartorowid(r.rwid) order by t.""TS#""' DATABASE USER:[3] 'SYS' PRIVILEGE :[4] 'NONE' CLIENT USER:[0] '' CLIENT TERMINAL:[10] 'ANDY-AARON' STATUS:[1] '0' DBID:[10] '3074368596' SESSIONID:[6] '400227' USERHOST:[10] 'ANDY-AARON' CLIENT ADDRESS:[0] '' ACTION NUMBER:[1] '3' </string>"
windows_event;win_event;E:\Cours\TFE\experiments\phase_dataset_strengthening\processed\multiformat_balanced_20260910T094422Z\samples\windows_event.xml;;73;2025-08-21T22:42:07.965483+00:00;INFO;34;Oracle.xe;Oracle.xe;andy-aaron;8052;0;;;;;;;;;;;;;;;;;;;;;;;;;;;INFORMATIONAL;generic;"<string>LENGTH: '660' ACTION :[409] 'select /*+ no_parallel(t) no_parallel_index(t) dbms_stats cursor_sharing_exact use_weak_name_resl dynamic_sampling(0) no_monitoring xmlindex_sel_idx_tbl opt_param('optimizer_inmemory_aware' 'false') no_substrb_pad leading(r t) use_nl(t) rowid(t) */ substrb(dump(t.""TS#"",16,0,64),1,240) d_2793702272, r.rwid, r.freq from ""SYS"".""IND$"" t, table(:topntab) r where t.rowid = chartorowid(r.rwid) order by t.""TS#""' DATABASE USER:[3] 'SYS' PRIVILEGE :[4] 'NONE' CLIENT USER:[0] '' CLIENT TERMINAL:[10] 'ANDY-AARON' STATUS:[1] '0' DBID:[10] '3074368596' SESSIONID:[6] '400227' USERHOST:[10] 'ANDY-AARON' CLIENT ADDRESS:[0] '' ACTION NUMBER:[1] '3' </string>"
windows_event;win_event;E:\Cours\TFE\experiments\phase_dataset_strengthening\processed\multiformat_balanced_20260910T094422Z\samples\windows_event.xml;;74;2025-08-21T22:42:07.968145+00:00;INFO;34;Oracle.xe;Oracle.xe;andy-aaron;8052;0;;;;;;;;;;;;;;;;;;;;;;;;;;;INFORMATIONAL;generic;"<string>LENGTH: '674' ACTION :[423] 'select /*+ no_parallel(t) no_parallel_index(t) dbms_stats cursor_sharing_exact use_weak_name_resl dynamic_sampling(0) no_monitoring xmlindex_sel_idx_tbl opt_param('optimizer_inmemory_aware' 'false') no_substrb_pad leading(r t) use_nl(t) rowid(t) */ substrb(dump(t.""INDMETHOD#"",16,0,64),1,240) d_1317424990, r.rwid, r.freq from ""SYS"".""IND$"" t, table(:topntab) r where t.rowid = chartorowid(r.rwid) order by t.""INDMETHOD#""' DATABASE USER:[3] 'SYS' PRIVILEGE :[4] 'NONE' CLIENT USER:[0] '' CLIENT TERMINAL:[10] 'ANDY-AARON' STATUS:[1] '0' DBID:[10] '3074368596' SESSIONID:[6] '400227' USERHOST:[10] 'ANDY-AARON' CLIENT ADDRESS:[0] '' ACTION NUMBER:[1] '3' </string>"
windows_event;win_event;E:\Cours\TFE\experiments\phase_dataset_strengthening\processed\multiformat_balanced_20260910T094422Z\samples\windows_event.xml;;75;2025-08-21T22:42:07.971960+00:00;INFO;34;Oracle.xe;Oracle.xe;andy-aaron;8052;0;;;;;;;;;;;;;;;;;;;;;;;;;;;INFORMATIONAL;generic;"<string>LENGTH: '674' ACTION :[423] 'select /*+ no_parallel(t) no_parallel_index(t) dbms_stats cursor_sharing_exact use_weak_name_resl dynamic_sampling(0) no_monitoring xmlindex_sel_idx_tbl opt_param('optimizer_inmemory_aware' 'false') no_substrb_pad leading(r t) use_nl(t) rowid(t) */ substrb(dump(t.""INDMETHOD#"",16,0,64),1,240) d_1317424990, r.rwid, r.freq from ""SYS"".""IND$"" t, table(:topntab) r where t.rowid = chartorowid(r.rwid) order by t.""INDMETHOD#""' DATABASE USER:[3] 'SYS' PRIVILEGE :[4] 'NONE' CLIENT USER:[0] '' CLIENT TERMINAL:[10] 'ANDY-AARON' STATUS:[1] '0' DBID:[10] '3074368596' SESSIONID:[6] '400227' USERHOST:[10] 'ANDY-AARON' CLIENT ADDRESS:[0] '' ACTION NUMBER:[1] '3' </string>"
windows_event;win_event;E:\Cours\TFE\experiments\phase_dataset_strengthening\processed\multiformat_balanced_20260910T094422Z\samples\windows_event.xml;;76;2025-08-21T22:42:08.601789+00:00;INFO;34;Oracle.xe;Oracle.xe;andy-aaron;8052;0;;;;;;;;;;;;;;;;;;;;;;;;;;;INFORMATIONAL;generic;"<string>LENGTH: '674' ACTION :[423] 'select /*+ no_parallel(t) no_parallel_index(t) dbms_stats cursor_sharing_exact use_weak_name_resl dynamic_sampling(0) no_monitoring xmlindex_sel_idx_tbl opt_param('optimizer_inmemory_aware' 'false') no_substrb_pad leading(r t) use_nl(t) rowid(t) */ substrb(dump(t.""INTCOL#"",16,0,64),1,240) d_1254105588, r.rwid, r.freq from ""SYS"".""HIST_HEAD$"" t, table(:topntab) r where t.rowid = chartorowid(r.rwid) order by t.""INTCOL#""' DATABASE USER:[3] 'SYS' PRIVILEGE :[4] 'NONE' CLIENT USER:[0] '' CLIENT TERMINAL:[10] 'ANDY-AARON' STATUS:[1] '0' DBID:[10] '3074368596' SESSIONID:[6] '400227' USERHOST:[10] 'ANDY-AARON' CLIENT ADDRESS:[0] '' ACTION NUMBER:[1] '3' </string>"
windows_event;win_event;E:\Cours\TFE\experiments\phase_dataset_strengthening\processed\multiformat_balanced_20260910T094422Z\samples\windows_event.xml;;77;2025-08-21T22:42:08.605421+00:00;INFO;34;Oracle.xe;Oracle.xe;andy-aaron;8052;0;;;;;;;;;;;;;;;;;;;;;;;;;;;INFORMATIONAL;generic;"<string>LENGTH: '674' ACTION :[423] 'select /*+ no_parallel(t) no_parallel_index(t) dbms_stats cursor_sharing_exact use_weak_name_resl dynamic_sampling(0) no_monitoring xmlindex_sel_idx_tbl opt_param('optimizer_inmemory_aware' 'false') no_substrb_pad leading(r t) use_nl(t) rowid(t) */ substrb(dump(t.""INTCOL#"",16,0,64),1,240) d_1254105588, r.rwid, r.freq from ""SYS"".""HIST_HEAD$"" t, table(:topntab) r where t.rowid = chartorowid(r.rwid) order by t.""INTCOL#""' DATABASE USER:[3] 'SYS' PRIVILEGE :[4] 'NONE' CLIENT USER:[0] '' CLIENT TERMINAL:[10] 'ANDY-AARON' STATUS:[1] '0' DBID:[10] '3074368596' SESSIONID:[6] '400227' USERHOST:[10] 'ANDY-AARON' CLIENT ADDRESS:[0] '' ACTION NUMBER:[1] '3' </string>"
windows_event;win_event;E:\Cours\TFE\experiments\phase_dataset_strengthening\processed\multiformat_balanced_20260910T094422Z\samples\windows_event.xml;;78;2025-08-21T22:42:08.613901+00:00;INFO;34;Oracle.xe;Oracle.xe;andy-aaron;8052;0;;;;;;;;;;;;;;;;;;;;;;;;;;;INFORMATIONAL;generic;"<string>LENGTH: '673' ACTION :[422] 'select /*+ no_parallel(t) no_parallel_index(t) dbms_stats cursor_sharing_exact use_weak_name_resl dynamic_sampling(0) no_monitoring xmlindex_sel_idx_tbl opt_param('optimizer_inmemory_aware' 'false') no_substrb_pad leading(r t) use_nl(t) rowid(t) */ substrb(dump(t.""ROW_CNT"",16,0,64),1,240) d_303195119, r.rwid, r.freq from ""SYS"".""HIST_HEAD$"" t, table(:topntab) r where t.rowid = chartorowid(r.rwid) order by t.""ROW_CNT""' DATABASE USER:[3] 'SYS' PRIVILEGE :[4] 'NONE' CLIENT USER:[0] '' CLIENT TERMINAL:[10] 'ANDY-AARON' STATUS:[1] '0' DBID:[10] '3074368596' SESSIONID:[6] '400227' USERHOST:[10] 'ANDY-AARON' CLIENT ADDRESS:[0] '' ACTION NUMBER:[1] '3' </string>"
windows_event;win_event;E:\Cours\TFE\experiments\phase_dataset_strengthening\processed\multiformat_balanced_20260910T094422Z\samples\windows_event.xml;;79;2025-08-21T22:42:08.618101+00:00;INFO;34;Oracle.xe;Oracle.xe;andy-aaron;8052;0;;;;;;;;;;;;;;;;;;;;;;;;;;;INFORMATIONAL;generic;"<string>LENGTH: '673' ACTION :[422] 'select /*+ no_parallel(t) no_parallel_index(t) dbms_stats cursor_sharing_exact use_weak_name_resl dynamic_sampling(0) no_monitoring xmlindex_sel_idx_tbl opt_param('optimizer_inmemory_aware' 'false') no_substrb_pad leading(r t) use_nl(t) rowid(t) */ substrb(dump(t.""ROW_CNT"",16,0,64),1,240) d_303195119, r.rwid, r.freq from ""SYS"".""HIST_HEAD$"" t, table(:topntab) r where t.rowid = chartorowid(r.rwid) order by t.""ROW_CNT""' DATABASE USER:[3] 'SYS' PRIVILEGE :[4] 'NONE' CLIENT USER:[0] '' CLIENT TERMINAL:[10] 'ANDY-AARON' STATUS:[1] '0' DBID:[10] '3074368596' SESSIONID:[6] '400227' USERHOST:[10] 'ANDY-AARON' CLIENT ADDRESS:[0] '' ACTION NUMBER:[1] '3' </string>"
windows_event;win_event;E:\Cours\TFE\experiments\phase_dataset_strengthening\processed\multiformat_balanced_20260910T094422Z\samples\windows_event.xml;;80;2025-08-21T22:42:08.622419+00:00;INFO;34;Oracle.xe;Oracle.xe;andy-aaron;8052;0;;;;;;;;;;;;;;;;;;;;;;;;;;;INFORMATIONAL;generic;"<string>LENGTH: '672' ACTION :[421] 'select /*+ no_parallel(t) no_parallel_index(t) dbms_stats cursor_sharing_exact use_weak_name_resl dynamic_sampling(0) no_monitoring xmlindex_sel_idx_tbl opt_param('optimizer_inmemory_aware' 'false') no_substrb_pad leading(r t) use_nl(t) rowid(t) */ substrb(dump(t.""SPARE2"",16,0,64),1,240) d_1795865358, r.rwid, r.freq from ""SYS"".""HIST_HEAD$"" t, table(:topntab) r where t.rowid = chartorowid(r.rwid) order by t.""SPARE2""' DATABASE USER:[3] 'SYS' PRIVILEGE :[4] 'NONE' CLIENT USER:[0] '' CLIENT TERMINAL:[10] 'ANDY-AARON' STATUS:[1] '0' DBID:[10] '3074368596' SESSIONID:[6] '400227' USERHOST:[10] 'ANDY-AARON' CLIENT ADDRESS:[0] '' ACTION NUMBER:[1] '3' </string>"
windows_event;win_event;E:\Cours\TFE\experiments\phase_dataset_strengthening\processed\multiformat_balanced_20260910T094422Z\samples\windows_event.xml;;81;2025-08-21T22:42:08.626600+00:00;INFO;34;Oracle.xe;Oracle.xe;andy-aaron;8052;0;;;;;;;;;;;;;;;;;;;;;;;;;;;INFORMATIONAL;generic;"<string>LENGTH: '672' ACTION :[421] 'select /*+ no_parallel(t) no_parallel_index(t) dbms_stats cursor_sharing_exact use_weak_name_resl dynamic_sampling(0) no_monitoring xmlindex_sel_idx_tbl opt_param('optimizer_inmemory_aware' 'false') no_substrb_pad leading(r t) use_nl(t) rowid(t) */ substrb(dump(t.""SPARE2"",16,0,64),1,240) d_1795865358, r.rwid, r.freq from ""SYS"".""HIST_HEAD$"" t, table(:topntab) r where t.rowid = chartorowid(r.rwid) order by t.""SPARE2""' DATABASE USER:[3] 'SYS' PRIVILEGE :[4] 'NONE' CLIENT USER:[0] '' CLIENT TERMINAL:[10] 'ANDY-AARON' STATUS:[1] '0' DBID:[10] '3074368596' SESSIONID:[6] '400227' USERHOST:[10] 'ANDY-AARON' CLIENT ADDRESS:[0] '' ACTION NUMBER:[1] '3' </string>"
windows_event;win_event;E:\Cours\TFE\experiments\phase_dataset_strengthening\processed\multiformat_balanced_20260910T094422Z\samples\windows_event.xml;;82;2025-08-21T22:42:10.894857+00:00;INFO;34;Oracle.xe;Oracle.xe;andy-aaron;8052;0;;;;;;;;;;;;;;;;;;;;;;;;;;;INFORMATIONAL;generic;"<string>LENGTH: '668' ACTION :[417] 'select /*+ no_parallel(t) no_parallel_index(t) dbms_stats cursor_sharing_exact use_weak_name_resl dynamic_sampling(0) no_monitoring xmlindex_sel_idx_tbl opt_param('optimizer_inmemory_aware' 'false') no_substrb_pad leading(r t) use_nl(t) rowid(t) */ substrb(dump(t.""INTCOL#"",16,0,64),1,240) d_1254105588, r.rwid, r.freq from ""SYS"".""COL$"" t, table(:topntab) r where t.rowid = chartorowid(r.rwid) order by t.""INTCOL#""' DATABASE USER:[3] 'SYS' PRIVILEGE :[4] 'NONE' CLIENT USER:[0] '' CLIENT TERMINAL:[10] 'ANDY-AARON' STATUS:[1] '0' DBID:[10] '3074368596' SESSIONID:[6] '400227' USERHOST:[10] 'ANDY-AARON' CLIENT ADDRESS:[0] '' ACTION NUMBER:[1] '3' </string>"
windows_event;win_event;E:\Cours\TFE\experiments\phase_dataset_strengthening\processed\multiformat_balanced_20260910T094422Z\samples\windows_event.xml;;83;2025-08-21T22:42:10.901831+00:00;INFO;34;Oracle.xe;Oracle.xe;andy-aaron;8052;0;;;;;;;;;;;;;;;;;;;;;;;;;;;INFORMATIONAL;generic;"<string>LENGTH: '668' ACTION :[417] 'select /*+ no_parallel(t) no_parallel_index(t) dbms_stats cursor_sharing_exact use_weak_name_resl dynamic_sampling(0) no_monitoring xmlindex_sel_idx_tbl opt_param('optimizer_inmemory_aware' 'false') no_substrb_pad leading(r t) use_nl(t) rowid(t) */ substrb(dump(t.""INTCOL#"",16,0,64),1,240) d_1254105588, r.rwid, r.freq from ""SYS"".""COL$"" t, table(:topntab) r where t.rowid = chartorowid(r.rwid) order by t.""INTCOL#""' DATABASE USER:[3] 'SYS' PRIVILEGE :[4] 'NONE' CLIENT USER:[0] '' CLIENT TERMINAL:[10] 'ANDY-AARON' STATUS:[1] '0' DBID:[10] '3074368596' SESSIONID:[6] '400227' USERHOST:[10] 'ANDY-AARON' CLIENT ADDRESS:[0] '' ACTION NUMBER:[1] '3' </string>"
windows_event;win_event;E:\Cours\TFE\experiments\phase_dataset_strengthening\processed\multiformat_balanced_20260910T094422Z\samples\windows_event.xml;;84;2025-08-21T22:42:10.924158+00:00;INFO;34;Oracle.xe;Oracle.xe;andy-aaron;8052;0;;;;;;;;;;;;;;;;;;;;;;;;;;;INFORMATIONAL;generic;"<string>LENGTH: '667' ACTION :[416] 'select /*+ no_parallel(t) no_parallel_index(t) dbms_stats cursor_sharing_exact use_weak_name_resl dynamic_sampling(0) no_monitoring xmlindex_sel_idx_tbl opt_param('optimizer_inmemory_aware' 'false') no_substrb_pad leading(r t) use_nl(t) rowid(t) */ substrb(dump(t.""SEGCOL#"",16,0,64),1,240) d_696058385, r.rwid, r.freq from ""SYS"".""COL$"" t, table(:topntab) r where t.rowid = chartorowid(r.rwid) order by t.""SEGCOL#""' DATABASE USER:[3] 'SYS' PRIVILEGE :[4] 'NONE' CLIENT USER:[0] '' CLIENT TERMINAL:[10] 'ANDY-AARON' STATUS:[1] '0' DBID:[10] '3074368596' SESSIONID:[6] '400227' USERHOST:[10] 'ANDY-AARON' CLIENT ADDRESS:[0] '' ACTION NUMBER:[1] '3' </string>"
windows_event;win_event;E:\Cours\TFE\experiments\phase_dataset_strengthening\processed\multiformat_balanced_20260910T094422Z\samples\windows_event.xml;;85;2025-08-21T22:42:10.930433+00:00;INFO;34;Oracle.xe;Oracle.xe;andy-aaron;8052;0;;;;;;;;;;;;;;;;;;;;;;;;;;;INFORMATIONAL;generic;"<string>LENGTH: '667' ACTION :[416] 'select /*+ no_parallel(t) no_parallel_index(t) dbms_stats cursor_sharing_exact use_weak_name_resl dynamic_sampling(0) no_monitoring xmlindex_sel_idx_tbl opt_param('optimizer_inmemory_aware' 'false') no_substrb_pad leading(r t) use_nl(t) rowid(t) */ substrb(dump(t.""SEGCOL#"",16,0,64),1,240) d_696058385, r.rwid, r.freq from ""SYS"".""COL$"" t, table(:topntab) r where t.rowid = chartorowid(r.rwid) order by t.""SEGCOL#""' DATABASE USER:[3] 'SYS' PRIVILEGE :[4] 'NONE' CLIENT USER:[0] '' CLIENT TERMINAL:[10] 'ANDY-AARON' STATUS:[1] '0' DBID:[10] '3074368596' SESSIONID:[6] '400227' USERHOST:[10] 'ANDY-AARON' CLIENT ADDRESS:[0] '' ACTION NUMBER:[1] '3' </string>"
windows_event;win_event;E:\Cours\TFE\experiments\phase_dataset_strengthening\processed\multiformat_balanced_20260910T094422Z\samples\windows_event.xml;;86;2025-08-21T22:42:10.948160+00:00;INFO;34;Oracle.xe;Oracle.xe;andy-aaron;8052;0;;;;;;;;;;;;;;;;;;;;;;;;;;;INFORMATIONAL;generic;"<string>LENGTH: '662' ACTION :[411] 'select /*+ no_parallel(t) no_parallel_index(t) dbms_stats cursor_sharing_exact use_weak_name_resl dynamic_sampling(0) no_monitoring xmlindex_sel_idx_tbl opt_param('optimizer_inmemory_aware' 'false') no_substrb_pad leading(r t) use_nl(t) rowid(t) */ substrb(dump(t.""COL#"",16,0,64),1,240) d_2382149590, r.rwid, r.freq from ""SYS"".""COL$"" t, table(:topntab) r where t.rowid = chartorowid(r.rwid) order by t.""COL#""' DATABASE USER:[3] 'SYS' PRIVILEGE :[4] 'NONE' CLIENT USER:[0] '' CLIENT TERMINAL:[10] 'ANDY-AARON' STATUS:[1] '0' DBID:[10] '3074368596' SESSIONID:[6] '400227' USERHOST:[10] 'ANDY-AARON' CLIENT ADDRESS:[0] '' ACTION NUMBER:[1] '3' </string>"
windows_event;win_event;E:\Cours\TFE\experiments\phase_dataset_strengthening\processed\multiformat_balanced_20260910T094422Z\samples\windows_event.xml;;87;2025-08-21T22:42:10.954109+00:00;INFO;34;Oracle.xe;Oracle.xe;andy-aaron;8052;0;;;;;;;;;;;;;;;;;;;;;;;;;;;INFORMATIONAL;generic;"<string>LENGTH: '662' ACTION :[411] 'select /*+ no_parallel(t) no_parallel_index(t) dbms_stats cursor_sharing_exact use_weak_name_resl dynamic_sampling(0) no_monitoring xmlindex_sel_idx_tbl opt_param('optimizer_inmemory_aware' 'false') no_substrb_pad leading(r t) use_nl(t) rowid(t) */ substrb(dump(t.""COL#"",16,0,64),1,240) d_2382149590, r.rwid, r.freq from ""SYS"".""COL$"" t, table(:topntab) r where t.rowid = chartorowid(r.rwid) order by t.""COL#""' DATABASE USER:[3] 'SYS' PRIVILEGE :[4] 'NONE' CLIENT USER:[0] '' CLIENT TERMINAL:[10] 'ANDY-AARON' STATUS:[1] '0' DBID:[10] '3074368596' SESSIONID:[6] '400227' USERHOST:[10] 'ANDY-AARON' CLIENT ADDRESS:[0] '' ACTION NUMBER:[1] '3' </string>"
windows_event;win_event;E:\Cours\TFE\experiments\phase_dataset_strengthening\processed\multiformat_balanced_20260910T094422Z\samples\windows_event.xml;;88;2025-08-21T22:42:10.960730+00:00;INFO;34;Oracle.xe;Oracle.xe;andy-aaron;8052;0;;;;;;;;;;;;;;;;;;;;;;;;;;;INFORMATIONAL;generic;"<string>LENGTH: '670' ACTION :[419] 'select /*+ no_parallel(t) no_parallel_index(t) dbms_stats cursor_sharing_exact use_weak_name_resl dynamic_sampling(0) no_monitoring xmlindex_sel_idx_tbl opt_param('optimizer_inmemory_aware' 'false') no_substrb_pad leading(r t) use_nl(t) rowid(t) */ substrb(dump(t.""PROPERTY"",16,0,64),1,240) d_1738371530, r.rwid, r.freq from ""SYS"".""COL$"" t, table(:topntab) r where t.rowid = chartorowid(r.rwid) order by t.""PROPERTY""' DATABASE USER:[3] 'SYS' PRIVILEGE :[4] 'NONE' CLIENT USER:[0] '' CLIENT TERMINAL:[10] 'ANDY-AARON' STATUS:[1] '0' DBID:[10] '3074368596' SESSIONID:[6] '400227' USERHOST:[10] 'ANDY-AARON' CLIENT ADDRESS:[0] '' ACTION NUMBER:[1] '3' </string>"
windows_event;win_event;E:\Cours\TFE\experiments\phase_dataset_strengthening\processed\multiformat_balanced_20260910T094422Z\samples\windows_event.xml;;89;2025-08-21T22:42:10.965754+00:00;INFO;34;Oracle.xe;Oracle.xe;andy-aaron;8052;0;;;;;;;;;;;;;;;;;;;;;;;;;;;INFORMATIONAL;generic;"<string>LENGTH: '670' ACTION :[419] 'select /*+ no_parallel(t) no_parallel_index(t) dbms_stats cursor_sharing_exact use_weak_name_resl dynamic_sampling(0) no_monitoring xmlindex_sel_idx_tbl opt_param('optimizer_inmemory_aware' 'false') no_substrb_pad leading(r t) use_nl(t) rowid(t) */ substrb(dump(t.""PROPERTY"",16,0,64),1,240) d_1738371530, r.rwid, r.freq from ""SYS"".""COL$"" t, table(:topntab) r where t.rowid = chartorowid(r.rwid) order by t.""PROPERTY""' DATABASE USER:[3] 'SYS' PRIVILEGE :[4] 'NONE' CLIENT USER:[0] '' CLIENT TERMINAL:[10] 'ANDY-AARON' STATUS:[1] '0' DBID:[10] '3074368596' SESSIONID:[6] '400227' USERHOST:[10] 'ANDY-AARON' CLIENT ADDRESS:[0] '' ACTION NUMBER:[1] '3' </string>"
windows_event;win_event;E:\Cours\TFE\experiments\phase_dataset_strengthening\processed\multiformat_balanced_20260910T094422Z\samples\windows_event.xml;;90;2025-08-21T22:42:10.969658+00:00;INFO;34;Oracle.xe;Oracle.xe;andy-aaron;8052;0;;;;;;;;;;;;;;;;;;;;;;;;;;;INFORMATIONAL;generic;"<string>LENGTH: '664' ACTION :[413] 'select /*+ no_parallel(t) no_parallel_index(t) dbms_stats cursor_sharing_exact use_weak_name_resl dynamic_sampling(0) no_monitoring xmlindex_sel_idx_tbl opt_param('optimizer_inmemory_aware' 'false') no_substrb_pad leading(r t) use_nl(t) rowid(t) */ substrb(dump(t.""TYPE#"",16,0,64),1,240) d_1893548993, r.rwid, r.freq from ""SYS"".""COL$"" t, table(:topntab) r where t.rowid = chartorowid(r.rwid) order by t.""TYPE#""' DATABASE USER:[3] 'SYS' PRIVILEGE :[4] 'NONE' CLIENT USER:[0] '' CLIENT TERMINAL:[10] 'ANDY-AARON' STATUS:[1] '0' DBID:[10] '3074368596' SESSIONID:[6] '400227' USERHOST:[10] 'ANDY-AARON' CLIENT ADDRESS:[0] '' ACTION NUMBER:[1] '3' </string>"
windows_event;win_event;E:\Cours\TFE\experiments\phase_dataset_strengthening\processed\multiformat_balanced_20260910T094422Z\samples\windows_event.xml;;91;2025-08-21T22:42:10.974613+00:00;INFO;34;Oracle.xe;Oracle.xe;andy-aaron;8052;0;;;;;;;;;;;;;;;;;;;;;;;;;;;INFORMATIONAL;generic;"<string>LENGTH: '664' ACTION :[413] 'select /*+ no_parallel(t) no_parallel_index(t) dbms_stats cursor_sharing_exact use_weak_name_resl dynamic_sampling(0) no_monitoring xmlindex_sel_idx_tbl opt_param('optimizer_inmemory_aware' 'false') no_substrb_pad leading(r t) use_nl(t) rowid(t) */ substrb(dump(t.""TYPE#"",16,0,64),1,240) d_1893548993, r.rwid, r.freq from ""SYS"".""COL$"" t, table(:topntab) r where t.rowid = chartorowid(r.rwid) order by t.""TYPE#""' DATABASE USER:[3] 'SYS' PRIVILEGE :[4] 'NONE' CLIENT USER:[0] '' CLIENT TERMINAL:[10] 'ANDY-AARON' STATUS:[1] '0' DBID:[10] '3074368596' SESSIONID:[6] '400227' USERHOST:[10] 'ANDY-AARON' CLIENT ADDRESS:[0] '' ACTION NUMBER:[1] '3' </string>"
windows_event;win_event;E:\Cours\TFE\experiments\phase_dataset_strengthening\processed\multiformat_balanced_20260910T094422Z\samples\windows_event.xml;;92;2025-08-21T22:42:10.977621+00:00;INFO;34;Oracle.xe;Oracle.xe;andy-aaron;8052;0;;;;;;;;;;;;;;;;;;;;;;;;;;;INFORMATIONAL;generic;"<string>LENGTH: '675' ACTION :[424] 'select /*+ no_parallel(t) no_parallel_index(t) dbms_stats cursor_sharing_exact use_weak_name_resl dynamic_sampling(0) no_monitoring xmlindex_sel_idx_tbl opt_param('optimizer_inmemory_aware' 'false') no_substrb_pad leading(r t) use_nl(t) rowid(t) */ substrb(dump(t.""CHARSETFORM"",16,0,64),1,240) d_210150367, r.rwid, r.freq from ""SYS"".""COL$"" t, table(:topntab) r where t.rowid = chartorowid(r.rwid) order by t.""CHARSETFORM""' DATABASE USER:[3] 'SYS' PRIVILEGE :[4] 'NONE' CLIENT USER:[0] '' CLIENT TERMINAL:[10] 'ANDY-AARON' STATUS:[1] '0' DBID:[10] '3074368596' SESSIONID:[6] '400227' USERHOST:[10] 'ANDY-AARON' CLIENT ADDRESS:[0] '' ACTION NUMBER:[1] '3' </string>"
windows_event;win_event;E:\Cours\TFE\experiments\phase_dataset_strengthening\processed\multiformat_balanced_20260910T094422Z\samples\windows_event.xml;;93;2025-08-21T22:42:10.983212+00:00;INFO;34;Oracle.xe;Oracle.xe;andy-aaron;8052;0;;;;;;;;;;;;;;;;;;;;;;;;;;;INFORMATIONAL;generic;"<string>LENGTH: '675' ACTION :[424] 'select /*+ no_parallel(t) no_parallel_index(t) dbms_stats cursor_sharing_exact use_weak_name_resl dynamic_sampling(0) no_monitoring xmlindex_sel_idx_tbl opt_param('optimizer_inmemory_aware' 'false') no_substrb_pad leading(r t) use_nl(t) rowid(t) */ substrb(dump(t.""CHARSETFORM"",16,0,64),1,240) d_210150367, r.rwid, r.freq from ""SYS"".""COL$"" t, table(:topntab) r where t.rowid = chartorowid(r.rwid) order by t.""CHARSETFORM""' DATABASE USER:[3] 'SYS' PRIVILEGE :[4] 'NONE' CLIENT USER:[0] '' CLIENT TERMINAL:[10] 'ANDY-AARON' STATUS:[1] '0' DBID:[10] '3074368596' SESSIONID:[6] '400227' USERHOST:[10] 'ANDY-AARON' CLIENT ADDRESS:[0] '' ACTION NUMBER:[1] '3' </string>"
windows_event;win_event;E:\Cours\TFE\experiments\phase_dataset_strengthening\processed\multiformat_balanced_20260910T094422Z\samples\windows_event.xml;;94;2025-08-21T22:42:12.190407+00:00;INFO;34;Oracle.xe;Oracle.xe;andy-aaron;8052;0;;;;;;;;;;;;;;;;;;;;;;;;;;;INFORMATIONAL;generic;"<string>LENGTH: '693' ACTION :[442] 'select /*+ no_parallel(t) no_parallel_index(t) dbms_stats cursor_sharing_exact use_weak_name_resl dynamic_sampling(0) no_monitoring xmlindex_sel_idx_tbl opt_param('optimizer_inmemory_aware' 'false') no_substrb_pad leading(r t) use_nl(t) rowid(t) */ substrb(dump(t.""INTCOL#"",16,0,64),1,240) d_1254105588, r.rwid, r.freq from ""SYS"".""WRI$_OPTSTAT_HISTHEAD_HISTORY"" t, table(:topntab) r where t.rowid = chartorowid(r.rwid) order by t.""INTCOL#""' DATABASE USER:[3] 'SYS' PRIVILEGE :[4] 'NONE' CLIENT USER:[0] '' CLIENT TERMINAL:[10] 'ANDY-AARON' STATUS:[1] '0' DBID:[10] '3074368596' SESSIONID:[6] '400227' USERHOST:[10] 'ANDY-AARON' CLIENT ADDRESS:[0] '' ACTION NUMBER:[1] '3' </string>"
windows_event;win_event;E:\Cours\TFE\experiments\phase_dataset_strengthening\processed\multiformat_balanced_20260910T094422Z\samples\windows_event.xml;;95;2025-08-21T22:42:12.203903+00:00;INFO;34;Oracle.xe;Oracle.xe;andy-aaron;8052;0;;;;;;;;;;;;;;;;;;;;;;;;;;;INFORMATIONAL;generic;"<string>LENGTH: '693' ACTION :[442] 'select /*+ no_parallel(t) no_parallel_index(t) dbms_stats cursor_sharing_exact use_weak_name_resl dynamic_sampling(0) no_monitoring xmlindex_sel_idx_tbl opt_param('optimizer_inmemory_aware' 'false') no_substrb_pad leading(r t) use_nl(t) rowid(t) */ substrb(dump(t.""INTCOL#"",16,0,64),1,240) d_1254105588, r.rwid, r.freq from ""SYS"".""WRI$_OPTSTAT_HISTHEAD_HISTORY"" t, table(:topntab) r where t.rowid = chartorowid(r.rwid) order by t.""INTCOL#""' DATABASE USER:[3] 'SYS' PRIVILEGE :[4] 'NONE' CLIENT USER:[0] '' CLIENT TERMINAL:[10] 'ANDY-AARON' STATUS:[1] '0' DBID:[10] '3074368596' SESSIONID:[6] '400227' USERHOST:[10] 'ANDY-AARON' CLIENT ADDRESS:[0] '' ACTION NUMBER:[1] '3' </string>"
windows_event;win_event;E:\Cours\TFE\experiments\phase_dataset_strengthening\processed\multiformat_balanced_20260910T094422Z\samples\windows_event.xml;;96;2025-08-21T22:42:12.210199+00:00;INFO;34;Oracle.xe;Oracle.xe;andy-aaron;8052;0;;;;;;;;;;;;;;;;;;;;;;;;;;;INFORMATIONAL;generic;"<string>LENGTH: '687' ACTION :[436] 'select /*+ no_parallel(t) no_parallel_index(t) dbms_stats cursor_sharing_exact use_weak_name_resl dynamic_sampling(0) no_monitoring xmlindex_sel_idx_tbl opt_param('optimizer_inmemory_aware' 'false') no_substrb_pad leading(r t) use_nl(t) rowid(t) */ substrb(dump(t.""OBJ#"",16,0,64),1,240) d_3404126564, r.rwid, r.freq from ""SYS"".""WRI$_OPTSTAT_HISTHEAD_HISTORY"" t, table(:topntab) r where t.rowid = chartorowid(r.rwid) order by t.""OBJ#""' DATABASE USER:[3] 'SYS' PRIVILEGE :[4] 'NONE' CLIENT USER:[0] '' CLIENT TERMINAL:[10] 'ANDY-AARON' STATUS:[1] '0' DBID:[10] '3074368596' SESSIONID:[6] '400227' USERHOST:[10] 'ANDY-AARON' CLIENT ADDRESS:[0] '' ACTION NUMBER:[1] '3' </string>"
windows_event;win_event;E:\Cours\TFE\experiments\phase_dataset_strengthening\processed\multiformat_balanced_20260910T094422Z\samples\windows_event.xml;;97;2025-08-21T22:42:12.222666+00:00;INFO;34;Oracle.xe;Oracle.xe;andy-aaron;8052;0;;;;;;;;;;;;;;;;;;;;;;;;;;;INFORMATIONAL;generic;"<string>LENGTH: '687' ACTION :[436] 'select /*+ no_parallel(t) no_parallel_index(t) dbms_stats cursor_sharing_exact use_weak_name_resl dynamic_sampling(0) no_monitoring xmlindex_sel_idx_tbl opt_param('optimizer_inmemory_aware' 'false') no_substrb_pad leading(r t) use_nl(t) rowid(t) */ substrb(dump(t.""OBJ#"",16,0,64),1,240) d_3404126564, r.rwid, r.freq from ""SYS"".""WRI$_OPTSTAT_HISTHEAD_HISTORY"" t, table(:topntab) r where t.rowid = chartorowid(r.rwid) order by t.""OBJ#""' DATABASE USER:[3] 'SYS' PRIVILEGE :[4] 'NONE' CLIENT USER:[0] '' CLIENT TERMINAL:[10] 'ANDY-AARON' STATUS:[1] '0' DBID:[10] '3074368596' SESSIONID:[6] '400227' USERHOST:[10] 'ANDY-AARON' CLIENT ADDRESS:[0] '' ACTION NUMBER:[1] '3' </string>"
windows_event;win_event;E:\Cours\TFE\experiments\phase_dataset_strengthening\processed\multiformat_balanced_20260910T094422Z\samples\windows_event.xml;;98;2025-08-21T22:42:12.230150+00:00;INFO;34;Oracle.xe;Oracle.xe;andy-aaron;8052;0;;;;;;;;;;;;;;;;;;;;;;;;;;;INFORMATIONAL;generic;"<string>LENGTH: '703' ACTION :[452] 'select /*+ no_parallel(t) no_parallel_index(t) dbms_stats cursor_sharing_exact use_weak_name_resl dynamic_sampling(0) no_monitoring xmlindex_sel_idx_tbl opt_param('optimizer_inmemory_aware' 'false') no_substrb_pad leading(r t) use_nl(t) rowid(t) */ substrb(dump(t.""SYS_NC00027$"",16,0,64),1,240) d_3013067210, r.rwid, r.freq from ""SYS"".""WRI$_OPTSTAT_HISTHEAD_HISTORY"" t, table(:topntab) r where t.rowid = chartorowid(r.rwid) order by t.""SYS_NC00027$""' DATABASE USER:[3] 'SYS' PRIVILEGE :[4] 'NONE' CLIENT USER:[0] '' CLIENT TERMINAL:[10] 'ANDY-AARON' STATUS:[1] '0' DBID:[10] '3074368596' SESSIONID:[6] '400227' USERHOST:[10] 'ANDY-AARON' CLIENT ADDRESS:[0] '' ACTION NUMBER:[1] '3' </string>"
windows_event;win_event;E:\Cours\TFE\experiments\phase_dataset_strengthening\processed\multiformat_balanced_20260910T094422Z\samples\windows_event.xml;;99;2025-08-21T22:42:12.243479+00:00;INFO;34;Oracle.xe;Oracle.xe;andy-aaron;8052;0;;;;;;;;;;;;;;;;;;;;;;;;;;;INFORMATIONAL;generic;"<string>LENGTH: '703' ACTION :[452] 'select /*+ no_parallel(t) no_parallel_index(t) dbms_stats cursor_sharing_exact use_weak_name_resl dynamic_sampling(0) no_monitoring xmlindex_sel_idx_tbl opt_param('optimizer_inmemory_aware' 'false') no_substrb_pad leading(r t) use_nl(t) rowid(t) */ substrb(dump(t.""SYS_NC00027$"",16,0,64),1,240) d_3013067210, r.rwid, r.freq from ""SYS"".""WRI$_OPTSTAT_HISTHEAD_HISTORY"" t, table(:topntab) r where t.rowid = chartorowid(r.rwid) order by t.""SYS_NC00027$""' DATABASE USER:[3] 'SYS' PRIVILEGE :[4] 'NONE' CLIENT USER:[0] '' CLIENT TERMINAL:[10] 'ANDY-AARON' STATUS:[1] '0' DBID:[10] '3074368596' SESSIONID:[6] '400227' USERHOST:[10] 'ANDY-AARON' CLIENT ADDRESS:[0] '' ACTION NUMBER:[1] '3' </string>"
windows_event;win_event;E:\Cours\TFE\experiments\phase_dataset_strengthening\processed\multiformat_balanced_20260910T094422Z\samples\windows_event.xml;;100;2025-08-21T22:42:12.250143+00:00;INFO;34;Oracle.xe;Oracle.xe;andy-aaron;8052;0;;;;;;;;;;;;;;;;;;;;;;;;;;;INFORMATIONAL;generic;"<string>LENGTH: '692' ACTION :[441] 'select /*+ no_parallel(t) no_parallel_index(t) dbms_stats cursor_sharing_exact use_weak_name_resl dynamic_sampling(0) no_monitoring xmlindex_sel_idx_tbl opt_param('optimizer_inmemory_aware' 'false') no_substrb_pad leading(r t) use_nl(t) rowid(t) */ substrb(dump(t.""SAVTIME"",16,0,64),1,240) d_370848814, r.rwid, r.freq from ""SYS"".""WRI$_OPTSTAT_HISTHEAD_HISTORY"" t, table(:topntab) r where t.rowid = chartorowid(r.rwid) order by t.""SAVTIME""' DATABASE USER:[3] 'SYS' PRIVILEGE :[4] 'NONE' CLIENT USER:[0] '' CLIENT TERMINAL:[10] 'ANDY-AARON' STATUS:[1] '0' DBID:[10] '3074368596' SESSIONID:[6] '400227' USERHOST:[10] 'ANDY-AARON' CLIENT ADDRESS:[0] '' ACTION NUMBER:[1] '3' </string>"
windows_event;win_event;E:\Cours\TFE\experiments\phase_dataset_strengthening\processed\multiformat_balanced_20260910T094422Z\samples\windows_event.xml;;101;2025-08-21T22:42:12.260805+00:00;INFO;34;Oracle.xe;Oracle.xe;andy-aaron;8052;0;;;;;;;;;;;;;;;;;;;;;;;;;;;INFORMATIONAL;generic;"<string>LENGTH: '692' ACTION :[441] 'select /*+ no_parallel(t) no_parallel_index(t) dbms_stats cursor_sharing_exact use_weak_name_resl dynamic_sampling(0) no_monitoring xmlindex_sel_idx_tbl opt_param('optimizer_inmemory_aware' 'false') no_substrb_pad leading(r t) use_nl(t) rowid(t) */ substrb(dump(t.""SAVTIME"",16,0,64),1,240) d_370848814, r.rwid, r.freq from ""SYS"".""WRI$_OPTSTAT_HISTHEAD_HISTORY"" t, table(:topntab) r where t.rowid = chartorowid(r.rwid) order by t.""SAVTIME""' DATABASE USER:[3] 'SYS' PRIVILEGE :[4] 'NONE' CLIENT USER:[0] '' CLIENT TERMINAL:[10] 'ANDY-AARON' STATUS:[1] '0' DBID:[10] '3074368596' SESSIONID:[6] '400227' USERHOST:[10] 'ANDY-AARON' CLIENT ADDRESS:[0] '' ACTION NUMBER:[1] '3' </string>"
windows_event;win_event;E:\Cours\TFE\experiments\phase_dataset_strengthening\processed\multiformat_balanced_20260910T094422Z\samples\windows_event.xml;;102;2025-08-21T22:42:12.264994+00:00;INFO;34;Oracle.xe;Oracle.xe;andy-aaron;8052;0;;;;;;;;;;;;;;;;;;;;;;;;;;;INFORMATIONAL;generic;"<string>LENGTH: '689' ACTION :[438] 'select /*+ no_parallel(t) no_parallel_index(t) dbms_stats cursor_sharing_exact use_weak_name_resl dynamic_sampling(0) no_monitoring xmlindex_sel_idx_tbl opt_param('optimizer_inmemory_aware' 'false') no_substrb_pad leading(r t) use_nl(t) rowid(t) */ substrb(dump(t.""FLAGS"",16,0,64),1,240) d_2385161744, r.rwid, r.freq from ""SYS"".""WRI$_OPTSTAT_HISTHEAD_HISTORY"" t, table(:topntab) r where t.rowid = chartorowid(r.rwid) order by t.""FLAGS""' DATABASE USER:[3] 'SYS' PRIVILEGE :[4] 'NONE' CLIENT USER:[0] '' CLIENT TERMINAL:[10] 'ANDY-AARON' STATUS:[1] '0' DBID:[10] '3074368596' SESSIONID:[6] '400227' USERHOST:[10] 'ANDY-AARON' CLIENT ADDRESS:[0] '' ACTION NUMBER:[1] '3' </string>"
windows_event;win_event;E:\Cours\TFE\experiments\phase_dataset_strengthening\processed\multiformat_balanced_20260910T094422Z\samples\windows_event.xml;;103;2025-08-21T22:42:12.276281+00:00;INFO;34;Oracle.xe;Oracle.xe;andy-aaron;8052;0;;;;;;;;;;;;;;;;;;;;;;;;;;;INFORMATIONAL;generic;"<string>LENGTH: '689' ACTION :[438] 'select /*+ no_parallel(t) no_parallel_index(t) dbms_stats cursor_sharing_exact use_weak_name_resl dynamic_sampling(0) no_monitoring xmlindex_sel_idx_tbl opt_param('optimizer_inmemory_aware' 'false') no_substrb_pad leading(r t) use_nl(t) rowid(t) */ substrb(dump(t.""FLAGS"",16,0,64),1,240) d_2385161744, r.rwid, r.freq from ""SYS"".""WRI$_OPTSTAT_HISTHEAD_HISTORY"" t, table(:topntab) r where t.rowid = chartorowid(r.rwid) order by t.""FLAGS""' DATABASE USER:[3] 'SYS' PRIVILEGE :[4] 'NONE' CLIENT USER:[0] '' CLIENT TERMINAL:[10] 'ANDY-AARON' STATUS:[1] '0' DBID:[10] '3074368596' SESSIONID:[6] '400227' USERHOST:[10] 'ANDY-AARON' CLIENT ADDRESS:[0] '' ACTION NUMBER:[1] '3' </string>"
windows_event;win_event;E:\Cours\TFE\experiments\phase_dataset_strengthening\processed\multiformat_balanced_20260910T094422Z\samples\windows_event.xml;;104;2025-08-21T22:42:12.280497+00:00;INFO;34;Oracle.xe;Oracle.xe;andy-aaron;8052;0;;;;;;;;;;;;;;;;;;;;;;;;;;;INFORMATIONAL;generic;"<string>LENGTH: '703' ACTION :[452] 'select /*+ no_parallel(t) no_parallel_index(t) dbms_stats cursor_sharing_exact use_weak_name_resl dynamic_sampling(0) no_monitoring xmlindex_sel_idx_tbl opt_param('optimizer_inmemory_aware' 'false') no_substrb_pad leading(r t) use_nl(t) rowid(t) */ substrb(dump(t.""SAVTIME_DATE"",16,0,64),1,240) d_1538534408, r.rwid, r.freq from ""SYS"".""WRI$_OPTSTAT_HISTHEAD_HISTORY"" t, table(:topntab) r where t.rowid = chartorowid(r.rwid) order by t.""SAVTIME_DATE""' DATABASE USER:[3] 'SYS' PRIVILEGE :[4] 'NONE' CLIENT USER:[0] '' CLIENT TERMINAL:[10] 'ANDY-AARON' STATUS:[1] '0' DBID:[10] '3074368596' SESSIONID:[6] '400227' USERHOST:[10] 'ANDY-AARON' CLIENT ADDRESS:[0] '' ACTION NUMBER:[1] '3' </string>"
windows_event;win_event;E:\Cours\TFE\experiments\phase_dataset_strengthening\processed\multiformat_balanced_20260910T094422Z\samples\windows_event.xml;;105;2025-08-21T22:42:12.289480+00:00;INFO;34;Oracle.xe;Oracle.xe;andy-aaron;8052;0;;;;;;;;;;;;;;;;;;;;;;;;;;;INFORMATIONAL;generic;"<string>LENGTH: '703' ACTION :[452] 'select /*+ no_parallel(t) no_parallel_index(t) dbms_stats cursor_sharing_exact use_weak_name_resl dynamic_sampling(0) no_monitoring xmlindex_sel_idx_tbl opt_param('optimizer_inmemory_aware' 'false') no_substrb_pad leading(r t) use_nl(t) rowid(t) */ substrb(dump(t.""SAVTIME_DATE"",16,0,64),1,240) d_1538534408, r.rwid, r.freq from ""SYS"".""WRI$_OPTSTAT_HISTHEAD_HISTORY"" t, table(:topntab) r where t.rowid = chartorowid(r.rwid) order by t.""SAVTIME_DATE""' DATABASE USER:[3] 'SYS' PRIVILEGE :[4] 'NONE' CLIENT USER:[0] '' CLIENT TERMINAL:[10] 'ANDY-AARON' STATUS:[1] '0' DBID:[10] '3074368596' SESSIONID:[6] '400227' USERHOST:[10] 'ANDY-AARON' CLIENT ADDRESS:[0] '' ACTION NUMBER:[1] '3' </string>"
windows_event;win_event;E:\Cours\TFE\experiments\phase_dataset_strengthening\processed\multiformat_balanced_20260910T094422Z\samples\windows_event.xml;;106;2025-08-21T22:42:13.251297+00:00;INFO;34;Oracle.xe;Oracle.xe;andy-aaron;8052;0;;;;;;;;;;;;;;;;;;;;;;;;;;;INFORMATIONAL;generic;"<string>LENGTH: '686' ACTION :[435] 'select /*+ no_parallel(t) no_parallel_index(t) dbms_stats cursor_sharing_exact use_weak_name_resl dynamic_sampling(0) no_monitoring xmlindex_sel_idx_tbl opt_param('optimizer_inmemory_aware' 'false') no_substrb_pad leading(r t) use_nl(t) rowid(t) */ substrb(dump(t.""OBJ#"",16,0,64),1,240) d_3404126564, r.rwid, r.freq from ""SYS"".""WRI$_OPTSTAT_HISTGRM_HISTORY"" t, table(:topntab) r where t.rowid = chartorowid(r.rwid) order by t.""OBJ#""' DATABASE USER:[3] 'SYS' PRIVILEGE :[4] 'NONE' CLIENT USER:[0] '' CLIENT TERMINAL:[10] 'ANDY-AARON' STATUS:[1] '0' DBID:[10] '3074368596' SESSIONID:[6] '400227' USERHOST:[10] 'ANDY-AARON' CLIENT ADDRESS:[0] '' ACTION NUMBER:[1] '3' </string>"
windows_event;win_event;E:\Cours\TFE\experiments\phase_dataset_strengthening\processed\multiformat_balanced_20260910T094422Z\samples\windows_event.xml;;107;2025-08-21T22:42:13.252806+00:00;INFO;34;Oracle.xe;Oracle.xe;andy-aaron;8052;0;;;;;;;;;;;;;;;;;;;;;;;;;;;INFORMATIONAL;generic;"<string>LENGTH: '686' ACTION :[435] 'select /*+ no_parallel(t) no_parallel_index(t) dbms_stats cursor_sharing_exact use_weak_name_resl dynamic_sampling(0) no_monitoring xmlindex_sel_idx_tbl opt_param('optimizer_inmemory_aware' 'false') no_substrb_pad leading(r t) use_nl(t) rowid(t) */ substrb(dump(t.""OBJ#"",16,0,64),1,240) d_3404126564, r.rwid, r.freq from ""SYS"".""WRI$_OPTSTAT_HISTGRM_HISTORY"" t, table(:topntab) r where t.rowid = chartorowid(r.rwid) order by t.""OBJ#""' DATABASE USER:[3] 'SYS' PRIVILEGE :[4] 'NONE' CLIENT USER:[0] '' CLIENT TERMINAL:[10] 'ANDY-AARON' STATUS:[1] '0' DBID:[10] '3074368596' SESSIONID:[6] '400227' USERHOST:[10] 'ANDY-AARON' CLIENT ADDRESS:[0] '' ACTION NUMBER:[1] '3' </string>"
windows_event;win_event;E:\Cours\TFE\experiments\phase_dataset_strengthening\processed\multiformat_balanced_20260910T094422Z\samples\windows_event.xml;;108;2025-08-21T22:42:13.256266+00:00;INFO;34;Oracle.xe;Oracle.xe;andy-aaron;8052;0;;;;;;;;;;;;;;;;;;;;;;;;;;;INFORMATIONAL;generic;"<string>LENGTH: '702' ACTION :[451] 'select /*+ no_parallel(t) no_parallel_index(t) dbms_stats cursor_sharing_exact use_weak_name_resl dynamic_sampling(0) no_monitoring xmlindex_sel_idx_tbl opt_param('optimizer_inmemory_aware' 'false') no_substrb_pad leading(r t) use_nl(t) rowid(t) */ substrb(dump(t.""SYS_NC00018$"",16,0,64),1,240) d_2281472867, r.rwid, r.freq from ""SYS"".""WRI$_OPTSTAT_HISTGRM_HISTORY"" t, table(:topntab) r where t.rowid = chartorowid(r.rwid) order by t.""SYS_NC00018$""' DATABASE USER:[3] 'SYS' PRIVILEGE :[4] 'NONE' CLIENT USER:[0] '' CLIENT TERMINAL:[10] 'ANDY-AARON' STATUS:[1] '0' DBID:[10] '3074368596' SESSIONID:[6] '400227' USERHOST:[10] 'ANDY-AARON' CLIENT ADDRESS:[0] '' ACTION NUMBER:[1] '3' </string>"
windows_event;win_event;E:\Cours\TFE\experiments\phase_dataset_strengthening\processed\multiformat_balanced_20260910T094422Z\samples\windows_event.xml;;109;2025-08-21T22:42:13.257757+00:00;INFO;34;Oracle.xe;Oracle.xe;andy-aaron;8052;0;;;;;;;;;;;;;;;;;;;;;;;;;;;INFORMATIONAL;generic;"<string>LENGTH: '702' ACTION :[451] 'select /*+ no_parallel(t) no_parallel_index(t) dbms_stats cursor_sharing_exact use_weak_name_resl dynamic_sampling(0) no_monitoring xmlindex_sel_idx_tbl opt_param('optimizer_inmemory_aware' 'false') no_substrb_pad leading(r t) use_nl(t) rowid(t) */ substrb(dump(t.""SYS_NC00018$"",16,0,64),1,240) d_2281472867, r.rwid, r.freq from ""SYS"".""WRI$_OPTSTAT_HISTGRM_HISTORY"" t, table(:topntab) r where t.rowid = chartorowid(r.rwid) order by t.""SYS_NC00018$""' DATABASE USER:[3] 'SYS' PRIVILEGE :[4] 'NONE' CLIENT USER:[0] '' CLIENT TERMINAL:[10] 'ANDY-AARON' STATUS:[1] '0' DBID:[10] '3074368596' SESSIONID:[6] '400227' USERHOST:[10] 'ANDY-AARON' CLIENT ADDRESS:[0] '' ACTION NUMBER:[1] '3' </string>"
windows_event;win_event;E:\Cours\TFE\experiments\phase_dataset_strengthening\processed\multiformat_balanced_20260910T094422Z\samples\windows_event.xml;;110;2025-08-21T22:42:13.261229+00:00;INFO;34;Oracle.xe;Oracle.xe;andy-aaron;8052;0;;;;;;;;;;;;;;;;;;;;;;;;;;;INFORMATIONAL;generic;"<string>LENGTH: '691' ACTION :[440] 'select /*+ no_parallel(t) no_parallel_index(t) dbms_stats cursor_sharing_exact use_weak_name_resl dynamic_sampling(0) no_monitoring xmlindex_sel_idx_tbl opt_param('optimizer_inmemory_aware' 'false') no_substrb_pad leading(r t) use_nl(t) rowid(t) */ substrb(dump(t.""SAVTIME"",16,0,64),1,240) d_370848814, r.rwid, r.freq from ""SYS"".""WRI$_OPTSTAT_HISTGRM_HISTORY"" t, table(:topntab) r where t.rowid = chartorowid(r.rwid) order by t.""SAVTIME""' DATABASE USER:[3] 'SYS' PRIVILEGE :[4] 'NONE' CLIENT USER:[0] '' CLIENT TERMINAL:[10] 'ANDY-AARON' STATUS:[1] '0' DBID:[10] '3074368596' SESSIONID:[6] '400227' USERHOST:[10] 'ANDY-AARON' CLIENT ADDRESS:[0] '' ACTION NUMBER:[1] '3' </string>"
windows_event;win_event;E:\Cours\TFE\experiments\phase_dataset_strengthening\processed\multiformat_balanced_20260910T094422Z\samples\windows_event.xml;;111;2025-08-21T22:42:13.263121+00:00;INFO;34;Oracle.xe;Oracle.xe;andy-aaron;8052;0;;;;;;;;;;;;;;;;;;;;;;;;;;;INFORMATIONAL;generic;"<string>LENGTH: '691' ACTION :[440] 'select /*+ no_parallel(t) no_parallel_index(t) dbms_stats cursor_sharing_exact use_weak_name_resl dynamic_sampling(0) no_monitoring xmlindex_sel_idx_tbl opt_param('optimizer_inmemory_aware' 'false') no_substrb_pad leading(r t) use_nl(t) rowid(t) */ substrb(dump(t.""SAVTIME"",16,0,64),1,240) d_370848814, r.rwid, r.freq from ""SYS"".""WRI$_OPTSTAT_HISTGRM_HISTORY"" t, table(:topntab) r where t.rowid = chartorowid(r.rwid) order by t.""SAVTIME""' DATABASE USER:[3] 'SYS' PRIVILEGE :[4] 'NONE' CLIENT USER:[0] '' CLIENT TERMINAL:[10] 'ANDY-AARON' STATUS:[1] '0' DBID:[10] '3074368596' SESSIONID:[6] '400227' USERHOST:[10] 'ANDY-AARON' CLIENT ADDRESS:[0] '' ACTION NUMBER:[1] '3' </string>"
windows_event;win_event;E:\Cours\TFE\experiments\phase_dataset_strengthening\processed\multiformat_balanced_20260910T094422Z\samples\windows_event.xml;;112;2025-08-21T22:42:13.265951+00:00;INFO;34;Oracle.xe;Oracle.xe;andy-aaron;8052;0;;;;;;;;;;;;;;;;;;;;;;;;;;;INFORMATIONAL;generic;"<string>LENGTH: '692' ACTION :[441] 'select /*+ no_parallel(t) no_parallel_index(t) dbms_stats cursor_sharing_exact use_weak_name_resl dynamic_sampling(0) no_monitoring xmlindex_sel_idx_tbl opt_param('optimizer_inmemory_aware' 'false') no_substrb_pad leading(r t) use_nl(t) rowid(t) */ substrb(dump(t.""INTCOL#"",16,0,64),1,240) d_1254105588, r.rwid, r.freq from ""SYS"".""WRI$_OPTSTAT_HISTGRM_HISTORY"" t, table(:topntab) r where t.rowid = chartorowid(r.rwid) order by t.""INTCOL#""' DATABASE USER:[3] 'SYS' PRIVILEGE :[4] 'NONE' CLIENT USER:[0] '' CLIENT TERMINAL:[10] 'ANDY-AARON' STATUS:[1] '0' DBID:[10] '3074368596' SESSIONID:[6] '400227' USERHOST:[10] 'ANDY-AARON' CLIENT ADDRESS:[0] '' ACTION NUMBER:[1] '3' </string>"
windows_event;win_event;E:\Cours\TFE\experiments\phase_dataset_strengthening\processed\multiformat_balanced_20260910T094422Z\samples\windows_event.xml;;113;2025-08-21T22:42:13.267765+00:00;INFO;34;Oracle.xe;Oracle.xe;andy-aaron;8052;0;;;;;;;;;;;;;;;;;;;;;;;;;;;INFORMATIONAL;generic;"<string>LENGTH: '692' ACTION :[441] 'select /*+ no_parallel(t) no_parallel_index(t) dbms_stats cursor_sharing_exact use_weak_name_resl dynamic_sampling(0) no_monitoring xmlindex_sel_idx_tbl opt_param('optimizer_inmemory_aware' 'false') no_substrb_pad leading(r t) use_nl(t) rowid(t) */ substrb(dump(t.""INTCOL#"",16,0,64),1,240) d_1254105588, r.rwid, r.freq from ""SYS"".""WRI$_OPTSTAT_HISTGRM_HISTORY"" t, table(:topntab) r where t.rowid = chartorowid(r.rwid) order by t.""INTCOL#""' DATABASE USER:[3] 'SYS' PRIVILEGE :[4] 'NONE' CLIENT USER:[0] '' CLIENT TERMINAL:[10] 'ANDY-AARON' STATUS:[1] '0' DBID:[10] '3074368596' SESSIONID:[6] '400227' USERHOST:[10] 'ANDY-AARON' CLIENT ADDRESS:[0] '' ACTION NUMBER:[1] '3' </string>"
windows_event;win_event;E:\Cours\TFE\experiments\phase_dataset_strengthening\processed\multiformat_balanced_20260910T094422Z\samples\windows_event.xml;;114;2025-08-21T22:42:13.270805+00:00;INFO;34;Oracle.xe;Oracle.xe;andy-aaron;8052;0;;;;;;;;;;;;;;;;;;;;;;;;;;;INFORMATIONAL;generic;"<string>LENGTH: '702' ACTION :[451] 'select /*+ no_parallel(t) no_parallel_index(t) dbms_stats cursor_sharing_exact use_weak_name_resl dynamic_sampling(0) no_monitoring xmlindex_sel_idx_tbl opt_param('optimizer_inmemory_aware' 'false') no_substrb_pad leading(r t) use_nl(t) rowid(t) */ substrb(dump(t.""SAVTIME_DATE"",16,0,64),1,240) d_1538534408, r.rwid, r.freq from ""SYS"".""WRI$_OPTSTAT_HISTGRM_HISTORY"" t, table(:topntab) r where t.rowid = chartorowid(r.rwid) order by t.""SAVTIME_DATE""' DATABASE USER:[3] 'SYS' PRIVILEGE :[4] 'NONE' CLIENT USER:[0] '' CLIENT TERMINAL:[10] 'ANDY-AARON' STATUS:[1] '0' DBID:[10] '3074368596' SESSIONID:[6] '400227' USERHOST:[10] 'ANDY-AARON' CLIENT ADDRESS:[0] '' ACTION NUMBER:[1] '3' </string>"
windows_event;win_event;E:\Cours\TFE\experiments\phase_dataset_strengthening\processed\multiformat_balanced_20260910T094422Z\samples\windows_event.xml;;115;2025-08-21T22:42:13.273010+00:00;INFO;34;Oracle.xe;Oracle.xe;andy-aaron;8052;0;;;;;;;;;;;;;;;;;;;;;;;;;;;INFORMATIONAL;generic;"<string>LENGTH: '702' ACTION :[451] 'select /*+ no_parallel(t) no_parallel_index(t) dbms_stats cursor_sharing_exact use_weak_name_resl dynamic_sampling(0) no_monitoring xmlindex_sel_idx_tbl opt_param('optimizer_inmemory_aware' 'false') no_substrb_pad leading(r t) use_nl(t) rowid(t) */ substrb(dump(t.""SAVTIME_DATE"",16,0,64),1,240) d_1538534408, r.rwid, r.freq from ""SYS"".""WRI$_OPTSTAT_HISTGRM_HISTORY"" t, table(:topntab) r where t.rowid = chartorowid(r.rwid) order by t.""SAVTIME_DATE""' DATABASE USER:[3] 'SYS' PRIVILEGE :[4] 'NONE' CLIENT USER:[0] '' CLIENT TERMINAL:[10] 'ANDY-AARON' STATUS:[1] '0' DBID:[10] '3074368596' SESSIONID:[6] '400227' USERHOST:[10] 'ANDY-AARON' CLIENT ADDRESS:[0] '' ACTION NUMBER:[1] '3' </string>"
windows_event;win_event;E:\Cours\TFE\experiments\phase_dataset_strengthening\processed\multiformat_balanced_20260910T094422Z\samples\windows_event.xml;;116;2025-08-21T22:42:13.388943+00:00;INFO;34;Oracle.xe;Oracle.xe;andy-aaron;8052;0;;;;;;;;;;;;;;;;;;;;;;;;;;;INFORMATIONAL;generic;"<string>LENGTH: '700' ACTION :[449] 'select /*+ no_parallel(t) no_parallel_index(t) dbms_stats cursor_sharing_exact use_weak_name_resl dynamic_sampling(0) no_monitoring xmlindex_sel_idx_tbl opt_param('optimizer_inmemory_aware' 'false') no_substrb_pad leading(r t) use_nl(t) rowid(t) */ substrb(dump(t.""BEGIN_INTERVAL_TIME"",16,0,64),1,240) d_772321422, r.rwid, r.freq from ""SYS"".""WRM$_SNAPSHOT"" t, table(:topntab) r where t.rowid = chartorowid(r.rwid) order by t.""BEGIN_INTERVAL_TIME""' DATABASE USER:[3] 'SYS' PRIVILEGE :[4] 'NONE' CLIENT USER:[0] '' CLIENT TERMINAL:[10] 'ANDY-AARON' STATUS:[1] '0' DBID:[10] '3074368596' SESSIONID:[6] '400227' USERHOST:[10] 'ANDY-AARON' CLIENT ADDRESS:[0] '' ACTION NUMBER:[1] '3' </string>"
windows_event;win_event;E:\Cours\TFE\experiments\phase_dataset_strengthening\processed\multiformat_balanced_20260910T094422Z\samples\windows_event.xml;;117;2025-08-21T22:42:13.391001+00:00;INFO;34;Oracle.xe;Oracle.xe;andy-aaron;8052;0;;;;;;;;;;;;;;;;;;;;;;;;;;;INFORMATIONAL;generic;"<string>LENGTH: '700' ACTION :[449] 'select /*+ no_parallel(t) no_parallel_index(t) dbms_stats cursor_sharing_exact use_weak_name_resl dynamic_sampling(0) no_monitoring xmlindex_sel_idx_tbl opt_param('optimizer_inmemory_aware' 'false') no_substrb_pad leading(r t) use_nl(t) rowid(t) */ substrb(dump(t.""BEGIN_INTERVAL_TIME"",16,0,64),1,240) d_772321422, r.rwid, r.freq from ""SYS"".""WRM$_SNAPSHOT"" t, table(:topntab) r where t.rowid = chartorowid(r.rwid) order by t.""BEGIN_INTERVAL_TIME""' DATABASE USER:[3] 'SYS' PRIVILEGE :[4] 'NONE' CLIENT USER:[0] '' CLIENT TERMINAL:[10] 'ANDY-AARON' STATUS:[1] '0' DBID:[10] '3074368596' SESSIONID:[6] '400227' USERHOST:[10] 'ANDY-AARON' CLIENT ADDRESS:[0] '' ACTION NUMBER:[1] '3' </string>"
windows_event;win_event;E:\Cours\TFE\experiments\phase_dataset_strengthening\processed\multiformat_balanced_20260910T094422Z\samples\windows_event.xml;;118;2025-08-21T22:42:13.394331+00:00;INFO;34;Oracle.xe;Oracle.xe;andy-aaron;8052;0;;;;;;;;;;;;;;;;;;;;;;;;;;;INFORMATIONAL;generic;"<string>LENGTH: '677' ACTION :[426] 'select /*+ no_parallel(t) no_parallel_index(t) dbms_stats cursor_sharing_exact use_weak_name_resl dynamic_sampling(0) no_monitoring xmlindex_sel_idx_tbl opt_param('optimizer_inmemory_aware' 'false') no_substrb_pad leading(r t) use_nl(t) rowid(t) */ substrb(dump(t.""SNAP_ID"",16,0,64),1,240) d_2559714659, r.rwid, r.freq from ""SYS"".""WRM$_SNAPSHOT"" t, table(:topntab) r where t.rowid = chartorowid(r.rwid) order by t.""SNAP_ID""' DATABASE USER:[3] 'SYS' PRIVILEGE :[4] 'NONE' CLIENT USER:[0] '' CLIENT TERMINAL:[10] 'ANDY-AARON' STATUS:[1] '0' DBID:[10] '3074368596' SESSIONID:[6] '400227' USERHOST:[10] 'ANDY-AARON' CLIENT ADDRESS:[0] '' ACTION NUMBER:[1] '3' </string>"
windows_event;win_event;E:\Cours\TFE\experiments\phase_dataset_strengthening\processed\multiformat_balanced_20260910T094422Z\samples\windows_event.xml;;119;2025-08-21T22:42:13.396269+00:00;INFO;34;Oracle.xe;Oracle.xe;andy-aaron;8052;0;;;;;;;;;;;;;;;;;;;;;;;;;;;INFORMATIONAL;generic;"<string>LENGTH: '677' ACTION :[426] 'select /*+ no_parallel(t) no_parallel_index(t) dbms_stats cursor_sharing_exact use_weak_name_resl dynamic_sampling(0) no_monitoring xmlindex_sel_idx_tbl opt_param('optimizer_inmemory_aware' 'false') no_substrb_pad leading(r t) use_nl(t) rowid(t) */ substrb(dump(t.""SNAP_ID"",16,0,64),1,240) d_2559714659, r.rwid, r.freq from ""SYS"".""WRM$_SNAPSHOT"" t, table(:topntab) r where t.rowid = chartorowid(r.rwid) order by t.""SNAP_ID""' DATABASE USER:[3] 'SYS' PRIVILEGE :[4] 'NONE' CLIENT USER:[0] '' CLIENT TERMINAL:[10] 'ANDY-AARON' STATUS:[1] '0' DBID:[10] '3074368596' SESSIONID:[6] '400227' USERHOST:[10] 'ANDY-AARON' CLIENT ADDRESS:[0] '' ACTION NUMBER:[1] '3' </string>"
windows_event;win_event;E:\Cours\TFE\experiments\phase_dataset_strengthening\processed\multiformat_balanced_20260910T094422Z\samples\windows_event.xml;;120;2025-08-21T22:42:13.401318+00:00;INFO;34;Oracle.xe;Oracle.xe;andy-aaron;8052;0;;;;;;;;;;;;;;;;;;;;;;;;;;;INFORMATIONAL;generic;"<string>LENGTH: '697' ACTION :[446] 'select /*+ no_parallel(t) no_parallel_index(t) dbms_stats cursor_sharing_exact use_weak_name_resl dynamic_sampling(0) no_monitoring xmlindex_sel_idx_tbl opt_param('optimizer_inmemory_aware' 'false') no_substrb_pad leading(r t) use_nl(t) rowid(t) */ substrb(dump(t.""END_INTERVAL_TIME"",16,0,64),1,240) d_2948809633, r.rwid, r.freq from ""SYS"".""WRM$_SNAPSHOT"" t, table(:topntab) r where t.rowid = chartorowid(r.rwid) order by t.""END_INTERVAL_TIME""' DATABASE USER:[3] 'SYS' PRIVILEGE :[4] 'NONE' CLIENT USER:[0] '' CLIENT TERMINAL:[10] 'ANDY-AARON' STATUS:[1] '0' DBID:[10] '3074368596' SESSIONID:[6] '400227' USERHOST:[10] 'ANDY-AARON' CLIENT ADDRESS:[0] '' ACTION NUMBER:[1] '3' </string>"
windows_event;win_event;E:\Cours\TFE\experiments\phase_dataset_strengthening\processed\multiformat_balanced_20260910T094422Z\samples\windows_event.xml;;121;2025-08-21T22:42:13.402861+00:00;INFO;34;Oracle.xe;Oracle.xe;andy-aaron;8052;0;;;;;;;;;;;;;;;;;;;;;;;;;;;INFORMATIONAL;generic;"<string>LENGTH: '697' ACTION :[446] 'select /*+ no_parallel(t) no_parallel_index(t) dbms_stats cursor_sharing_exact use_weak_name_resl dynamic_sampling(0) no_monitoring xmlindex_sel_idx_tbl opt_param('optimizer_inmemory_aware' 'false') no_substrb_pad leading(r t) use_nl(t) rowid(t) */ substrb(dump(t.""END_INTERVAL_TIME"",16,0,64),1,240) d_2948809633, r.rwid, r.freq from ""SYS"".""WRM$_SNAPSHOT"" t, table(:topntab) r where t.rowid = chartorowid(r.rwid) order by t.""END_INTERVAL_TIME""' DATABASE USER:[3] 'SYS' PRIVILEGE :[4] 'NONE' CLIENT USER:[0] '' CLIENT TERMINAL:[10] 'ANDY-AARON' STATUS:[1] '0' DBID:[10] '3074368596' SESSIONID:[6] '400227' USERHOST:[10] 'ANDY-AARON' CLIENT ADDRESS:[0] '' ACTION NUMBER:[1] '3' </string>"
windows_event;win_event;E:\Cours\TFE\experiments\phase_dataset_strengthening\processed\multiformat_balanced_20260910T094422Z\samples\windows_event.xml;;122;2025-08-21T22:42:13.405643+00:00;INFO;34;Oracle.xe;Oracle.xe;andy-aaron;8052;0;;;;;;;;;;;;;;;;;;;;;;;;;;;INFORMATIONAL;generic;"<string>LENGTH: '671' ACTION :[420] 'select /*+ no_parallel(t) no_parallel_index(t) dbms_stats cursor_sharing_exact use_weak_name_resl dynamic_sampling(0) no_monitoring xmlindex_sel_idx_tbl opt_param('optimizer_inmemory_aware' 'false') no_substrb_pad leading(r t) use_nl(t) rowid(t) */ substrb(dump(t.""DBID"",16,0,64),1,240) d_3099381843, r.rwid, r.freq from ""SYS"".""WRM$_SNAPSHOT"" t, table(:topntab) r where t.rowid = chartorowid(r.rwid) order by t.""DBID""' DATABASE USER:[3] 'SYS' PRIVILEGE :[4] 'NONE' CLIENT USER:[0] '' CLIENT TERMINAL:[10] 'ANDY-AARON' STATUS:[1] '0' DBID:[10] '3074368596' SESSIONID:[6] '400227' USERHOST:[10] 'ANDY-AARON' CLIENT ADDRESS:[0] '' ACTION NUMBER:[1] '3' </string>"
windows_event;win_event;E:\Cours\TFE\experiments\phase_dataset_strengthening\processed\multiformat_balanced_20260910T094422Z\samples\windows_event.xml;;123;2025-08-21T22:42:13.407291+00:00;INFO;34;Oracle.xe;Oracle.xe;andy-aaron;8052;0;;;;;;;;;;;;;;;;;;;;;;;;;;;INFORMATIONAL;generic;"<string>LENGTH: '671' ACTION :[420] 'select /*+ no_parallel(t) no_parallel_index(t) dbms_stats cursor_sharing_exact use_weak_name_resl dynamic_sampling(0) no_monitoring xmlindex_sel_idx_tbl opt_param('optimizer_inmemory_aware' 'false') no_substrb_pad leading(r t) use_nl(t) rowid(t) */ substrb(dump(t.""DBID"",16,0,64),1,240) d_3099381843, r.rwid, r.freq from ""SYS"".""WRM$_SNAPSHOT"" t, table(:topntab) r where t.rowid = chartorowid(r.rwid) order by t.""DBID""' DATABASE USER:[3] 'SYS' PRIVILEGE :[4] 'NONE' CLIENT USER:[0] '' CLIENT TERMINAL:[10] 'ANDY-AARON' STATUS:[1] '0' DBID:[10] '3074368596' SESSIONID:[6] '400227' USERHOST:[10] 'ANDY-AARON' CLIENT ADDRESS:[0] '' ACTION NUMBER:[1] '3' </string>"
windows_event;win_event;E:\Cours\TFE\experiments\phase_dataset_strengthening\processed\multiformat_balanced_20260910T094422Z\samples\windows_event.xml;;124;2025-08-21T22:42:13.409187+00:00;INFO;34;Oracle.xe;Oracle.xe;andy-aaron;8052;0;;;;;;;;;;;;;;;;;;;;;;;;;;;INFORMATIONAL;generic;"<string>LENGTH: '693' ACTION :[442] 'select /*+ no_parallel(t) no_parallel_index(t) dbms_stats cursor_sharing_exact use_weak_name_resl dynamic_sampling(0) no_monitoring xmlindex_sel_idx_tbl opt_param('optimizer_inmemory_aware' 'false') no_substrb_pad leading(r t) use_nl(t) rowid(t) */ substrb(dump(t.""INSTANCE_NUMBER"",16,0,64),1,240) d_3858454236, r.rwid, r.freq from ""SYS"".""WRM$_SNAPSHOT"" t, table(:topntab) r where t.rowid = chartorowid(r.rwid) order by t.""INSTANCE_NUMBER""' DATABASE USER:[3] 'SYS' PRIVILEGE :[4] 'NONE' CLIENT USER:[0] '' CLIENT TERMINAL:[10] 'ANDY-AARON' STATUS:[1] '0' DBID:[10] '3074368596' SESSIONID:[6] '400227' USERHOST:[10] 'ANDY-AARON' CLIENT ADDRESS:[0] '' ACTION NUMBER:[1] '3' </string>"
windows_event;win_event;E:\Cours\TFE\experiments\phase_dataset_strengthening\processed\multiformat_balanced_20260910T094422Z\samples\windows_event.xml;;125;2025-08-21T22:42:13.411310+00:00;INFO;34;Oracle.xe;Oracle.xe;andy-aaron;8052;0;;;;;;;;;;;;;;;;;;;;;;;;;;;INFORMATIONAL;generic;"<string>LENGTH: '693' ACTION :[442] 'select /*+ no_parallel(t) no_parallel_index(t) dbms_stats cursor_sharing_exact use_weak_name_resl dynamic_sampling(0) no_monitoring xmlindex_sel_idx_tbl opt_param('optimizer_inmemory_aware' 'false') no_substrb_pad leading(r t) use_nl(t) rowid(t) */ substrb(dump(t.""INSTANCE_NUMBER"",16,0,64),1,240) d_3858454236, r.rwid, r.freq from ""SYS"".""WRM$_SNAPSHOT"" t, table(:topntab) r where t.rowid = chartorowid(r.rwid) order by t.""INSTANCE_NUMBER""' DATABASE USER:[3] 'SYS' PRIVILEGE :[4] 'NONE' CLIENT USER:[0] '' CLIENT TERMINAL:[10] 'ANDY-AARON' STATUS:[1] '0' DBID:[10] '3074368596' SESSIONID:[6] '400227' USERHOST:[10] 'ANDY-AARON' CLIENT ADDRESS:[0] '' ACTION NUMBER:[1] '3' </string>"
windows_event;win_event;E:\Cours\TFE\experiments\phase_dataset_strengthening\processed\multiformat_balanced_20260910T094422Z\samples\windows_event.xml;;126;2025-08-21T22:42:13.412994+00:00;INFO;34;Oracle.xe;Oracle.xe;andy-aaron;8052;0;;;;;;;;;;;;;;;;;;;;;;;;;;;INFORMATIONAL;generic;"<string>LENGTH: '680' ACTION :[429] 'select /*+ no_parallel(t) no_parallel_index(t) dbms_stats cursor_sharing_exact use_weak_name_resl dynamic_sampling(0) no_monitoring xmlindex_sel_idx_tbl opt_param('optimizer_inmemory_aware' 'false') no_substrb_pad leading(r t) use_nl(t) rowid(t) */ substrb(dump(t.""SNAP_FLAG"",16,0,64),1,240) d_716143672, r.rwid, r.freq from ""SYS"".""WRM$_SNAPSHOT"" t, table(:topntab) r where t.rowid = chartorowid(r.rwid) order by t.""SNAP_FLAG""' DATABASE USER:[3] 'SYS' PRIVILEGE :[4] 'NONE' CLIENT USER:[0] '' CLIENT TERMINAL:[10] 'ANDY-AARON' STATUS:[1] '0' DBID:[10] '3074368596' SESSIONID:[6] '400227' USERHOST:[10] 'ANDY-AARON' CLIENT ADDRESS:[0] '' ACTION NUMBER:[1] '3' </string>"
windows_event;win_event;E:\Cours\TFE\experiments\phase_dataset_strengthening\processed\multiformat_balanced_20260910T094422Z\samples\windows_event.xml;;127;2025-08-21T22:42:13.414322+00:00;INFO;34;Oracle.xe;Oracle.xe;andy-aaron;8052;0;;;;;;;;;;;;;;;;;;;;;;;;;;;INFORMATIONAL;generic;"<string>LENGTH: '680' ACTION :[429] 'select /*+ no_parallel(t) no_parallel_index(t) dbms_stats cursor_sharing_exact use_weak_name_resl dynamic_sampling(0) no_monitoring xmlindex_sel_idx_tbl opt_param('optimizer_inmemory_aware' 'false') no_substrb_pad leading(r t) use_nl(t) rowid(t) */ substrb(dump(t.""SNAP_FLAG"",16,0,64),1,240) d_716143672, r.rwid, r.freq from ""SYS"".""WRM$_SNAPSHOT"" t, table(:topntab) r where t.rowid = chartorowid(r.rwid) order by t.""SNAP_FLAG""' DATABASE USER:[3] 'SYS' PRIVILEGE :[4] 'NONE' CLIENT USER:[0] '' CLIENT TERMINAL:[10] 'ANDY-AARON' STATUS:[1] '0' DBID:[10] '3074368596' SESSIONID:[6] '400227' USERHOST:[10] 'ANDY-AARON' CLIENT ADDRESS:[0] '' ACTION NUMBER:[1] '3' </string>"
windows_event;win_event;E:\Cours\TFE\experiments\phase_dataset_strengthening\processed\multiformat_balanced_20260910T094422Z\samples\windows_event.xml;;128;2025-08-21T22:42:13.415701+00:00;INFO;34;Oracle.xe;Oracle.xe;andy-aaron;8052;0;;;;;;;;;;;;;;;;;;;;;;;;;;;INFORMATIONAL;generic;"<string>LENGTH: '687' ACTION :[436] 'select /*+ no_parallel(t) no_parallel_index(t) dbms_stats cursor_sharing_exact use_weak_name_resl dynamic_sampling(0) no_monitoring xmlindex_sel_idx_tbl opt_param('optimizer_inmemory_aware' 'false') no_substrb_pad leading(r t) use_nl(t) rowid(t) */ substrb(dump(t.""STARTUP_TIME"",16,0,64),1,240) d_2551369706, r.rwid, r.freq from ""SYS"".""WRM$_SNAPSHOT"" t, table(:topntab) r where t.rowid = chartorowid(r.rwid) order by t.""STARTUP_TIME""' DATABASE USER:[3] 'SYS' PRIVILEGE :[4] 'NONE' CLIENT USER:[0] '' CLIENT TERMINAL:[10] 'ANDY-AARON' STATUS:[1] '0' DBID:[10] '3074368596' SESSIONID:[6] '400227' USERHOST:[10] 'ANDY-AARON' CLIENT ADDRESS:[0] '' ACTION NUMBER:[1] '3' </string>"
windows_event;win_event;E:\Cours\TFE\experiments\phase_dataset_strengthening\processed\multiformat_balanced_20260910T094422Z\samples\windows_event.xml;;129;2025-08-21T22:42:13.417524+00:00;INFO;34;Oracle.xe;Oracle.xe;andy-aaron;8052;0;;;;;;;;;;;;;;;;;;;;;;;;;;;INFORMATIONAL;generic;"<string>LENGTH: '687' ACTION :[436] 'select /*+ no_parallel(t) no_parallel_index(t) dbms_stats cursor_sharing_exact use_weak_name_resl dynamic_sampling(0) no_monitoring xmlindex_sel_idx_tbl opt_param('optimizer_inmemory_aware' 'false') no_substrb_pad leading(r t) use_nl(t) rowid(t) */ substrb(dump(t.""STARTUP_TIME"",16,0,64),1,240) d_2551369706, r.rwid, r.freq from ""SYS"".""WRM$_SNAPSHOT"" t, table(:topntab) r where t.rowid = chartorowid(r.rwid) order by t.""STARTUP_TIME""' DATABASE USER:[3] 'SYS' PRIVILEGE :[4] 'NONE' CLIENT USER:[0] '' CLIENT TERMINAL:[10] 'ANDY-AARON' STATUS:[1] '0' DBID:[10] '3074368596' SESSIONID:[6] '400227' USERHOST:[10] 'ANDY-AARON' CLIENT ADDRESS:[0] '' ACTION NUMBER:[1] '3' </string>"
windows_event;win_event;E:\Cours\TFE\experiments\phase_dataset_strengthening\processed\multiformat_balanced_20260910T094422Z\samples\windows_event.xml;;130;2025-08-21T22:42:13.419121+00:00;INFO;34;Oracle.xe;Oracle.xe;andy-aaron;8052;0;;;;;;;;;;;;;;;;;;;;;;;;;;;INFORMATIONAL;generic;"<string>LENGTH: '675' ACTION :[424] 'select /*+ no_parallel(t) no_parallel_index(t) dbms_stats cursor_sharing_exact use_weak_name_resl dynamic_sampling(0) no_monitoring xmlindex_sel_idx_tbl opt_param('optimizer_inmemory_aware' 'false') no_substrb_pad leading(r t) use_nl(t) rowid(t) */ substrb(dump(t.""STATUS"",16,0,64),1,240) d_2980463140, r.rwid, r.freq from ""SYS"".""WRM$_SNAPSHOT"" t, table(:topntab) r where t.rowid = chartorowid(r.rwid) order by t.""STATUS""' DATABASE USER:[3] 'SYS' PRIVILEGE :[4] 'NONE' CLIENT USER:[0] '' CLIENT TERMINAL:[10] 'ANDY-AARON' STATUS:[1] '0' DBID:[10] '3074368596' SESSIONID:[6] '400227' USERHOST:[10] 'ANDY-AARON' CLIENT ADDRESS:[0] '' ACTION NUMBER:[1] '3' </string>"
windows_event;win_event;E:\Cours\TFE\experiments\phase_dataset_strengthening\processed\multiformat_balanced_20260910T094422Z\samples\windows_event.xml;;131;2025-08-21T22:42:13.420708+00:00;INFO;34;Oracle.xe;Oracle.xe;andy-aaron;8052;0;;;;;;;;;;;;;;;;;;;;;;;;;;;INFORMATIONAL;generic;"<string>LENGTH: '675' ACTION :[424] 'select /*+ no_parallel(t) no_parallel_index(t) dbms_stats cursor_sharing_exact use_weak_name_resl dynamic_sampling(0) no_monitoring xmlindex_sel_idx_tbl opt_param('optimizer_inmemory_aware' 'false') no_substrb_pad leading(r t) use_nl(t) rowid(t) */ substrb(dump(t.""STATUS"",16,0,64),1,240) d_2980463140, r.rwid, r.freq from ""SYS"".""WRM$_SNAPSHOT"" t, table(:topntab) r where t.rowid = chartorowid(r.rwid) order by t.""STATUS""' DATABASE USER:[3] 'SYS' PRIVILEGE :[4] 'NONE' CLIENT USER:[0] '' CLIENT TERMINAL:[10] 'ANDY-AARON' STATUS:[1] '0' DBID:[10] '3074368596' SESSIONID:[6] '400227' USERHOST:[10] 'ANDY-AARON' CLIENT ADDRESS:[0] '' ACTION NUMBER:[1] '3' </string>"
windows_event;win_event;E:\Cours\TFE\experiments\phase_dataset_strengthening\processed\multiformat_balanced_20260910T094422Z\samples\windows_event.xml;;132;2025-08-21T22:42:13.587955+00:00;INFO;34;Oracle.xe;Oracle.xe;andy-aaron;8052;0;;;;;;;;;;;;;;;;;;;;;;;;;;;INFORMATIONAL;generic;"<string>LENGTH: '685' ACTION :[434] 'select /*+ no_parallel(t) no_parallel_index(t) dbms_stats cursor_sharing_exact use_weak_name_resl dynamic_sampling(0) no_monitoring xmlindex_sel_idx_tbl opt_param('optimizer_inmemory_aware' 'false') no_substrb_pad leading(r t) use_nl(t) rowid(t) */ substrb(dump(t.""SNAP_ID"",16,0,64),1,240) d_2559714659, r.rwid, r.freq from ""SYS"".""WRM$_SNAPSHOT_DETAILS"" t, table(:topntab) r where t.rowid = chartorowid(r.rwid) order by t.""SNAP_ID""' DATABASE USER:[3] 'SYS' PRIVILEGE :[4] 'NONE' CLIENT USER:[0] '' CLIENT TERMINAL:[10] 'ANDY-AARON' STATUS:[1] '0' DBID:[10] '3074368596' SESSIONID:[6] '400227' USERHOST:[10] 'ANDY-AARON' CLIENT ADDRESS:[0] '' ACTION NUMBER:[1] '3' </string>"
windows_event;win_event;E:\Cours\TFE\experiments\phase_dataset_strengthening\processed\multiformat_balanced_20260910T094422Z\samples\windows_event.xml;;133;2025-08-21T22:42:13.589298+00:00;INFO;34;Oracle.xe;Oracle.xe;andy-aaron;8052;0;;;;;;;;;;;;;;;;;;;;;;;;;;;INFORMATIONAL;generic;"<string>LENGTH: '685' ACTION :[434] 'select /*+ no_parallel(t) no_parallel_index(t) dbms_stats cursor_sharing_exact use_weak_name_resl dynamic_sampling(0) no_monitoring xmlindex_sel_idx_tbl opt_param('optimizer_inmemory_aware' 'false') no_substrb_pad leading(r t) use_nl(t) rowid(t) */ substrb(dump(t.""SNAP_ID"",16,0,64),1,240) d_2559714659, r.rwid, r.freq from ""SYS"".""WRM$_SNAPSHOT_DETAILS"" t, table(:topntab) r where t.rowid = chartorowid(r.rwid) order by t.""SNAP_ID""' DATABASE USER:[3] 'SYS' PRIVILEGE :[4] 'NONE' CLIENT USER:[0] '' CLIENT TERMINAL:[10] 'ANDY-AARON' STATUS:[1] '0' DBID:[10] '3074368596' SESSIONID:[6] '400227' USERHOST:[10] 'ANDY-AARON' CLIENT ADDRESS:[0] '' ACTION NUMBER:[1] '3' </string>"
windows_event;win_event;E:\Cours\TFE\experiments\phase_dataset_strengthening\processed\multiformat_balanced_20260910T094422Z\samples\windows_event.xml;;134;2025-08-21T22:42:13.591299+00:00;INFO;34;Oracle.xe;Oracle.xe;andy-aaron;8052;0;;;;;;;;;;;;;;;;;;;;;;;;;;;INFORMATIONAL;generic;"<string>LENGTH: '679' ACTION :[428] 'select /*+ no_parallel(t) no_parallel_index(t) dbms_stats cursor_sharing_exact use_weak_name_resl dynamic_sampling(0) no_monitoring xmlindex_sel_idx_tbl opt_param('optimizer_inmemory_aware' 'false') no_substrb_pad leading(r t) use_nl(t) rowid(t) */ substrb(dump(t.""DBID"",16,0,64),1,240) d_3099381843, r.rwid, r.freq from ""SYS"".""WRM$_SNAPSHOT_DETAILS"" t, table(:topntab) r where t.rowid = chartorowid(r.rwid) order by t.""DBID""' DATABASE USER:[3] 'SYS' PRIVILEGE :[4] 'NONE' CLIENT USER:[0] '' CLIENT TERMINAL:[10] 'ANDY-AARON' STATUS:[1] '0' DBID:[10] '3074368596' SESSIONID:[6] '400227' USERHOST:[10] 'ANDY-AARON' CLIENT ADDRESS:[0] '' ACTION NUMBER:[1] '3' </string>"
windows_event;win_event;E:\Cours\TFE\experiments\phase_dataset_strengthening\processed\multiformat_balanced_20260910T094422Z\samples\windows_event.xml;;135;2025-08-21T22:42:13.592596+00:00;INFO;34;Oracle.xe;Oracle.xe;andy-aaron;8052;0;;;;;;;;;;;;;;;;;;;;;;;;;;;INFORMATIONAL;generic;"<string>LENGTH: '679' ACTION :[428] 'select /*+ no_parallel(t) no_parallel_index(t) dbms_stats cursor_sharing_exact use_weak_name_resl dynamic_sampling(0) no_monitoring xmlindex_sel_idx_tbl opt_param('optimizer_inmemory_aware' 'false') no_substrb_pad leading(r t) use_nl(t) rowid(t) */ substrb(dump(t.""DBID"",16,0,64),1,240) d_3099381843, r.rwid, r.freq from ""SYS"".""WRM$_SNAPSHOT_DETAILS"" t, table(:topntab) r where t.rowid = chartorowid(r.rwid) order by t.""DBID""' DATABASE USER:[3] 'SYS' PRIVILEGE :[4] 'NONE' CLIENT USER:[0] '' CLIENT TERMINAL:[10] 'ANDY-AARON' STATUS:[1] '0' DBID:[10] '3074368596' SESSIONID:[6] '400227' USERHOST:[10] 'ANDY-AARON' CLIENT ADDRESS:[0] '' ACTION NUMBER:[1] '3' </string>"
windows_event;win_event;E:\Cours\TFE\experiments\phase_dataset_strengthening\processed\multiformat_balanced_20260910T094422Z\samples\windows_event.xml;;136;2025-08-21T22:42:13.735222+00:00;INFO;34;Oracle.xe;Oracle.xe;andy-aaron;8052;0;;;;;;;;;;;;;;;;;;;;;;;;;;;INFORMATIONAL;generic;"<string>LENGTH: '681' ACTION :[430] 'select /*+ no_parallel(t) no_parallel_index(t) dbms_stats cursor_sharing_exact use_weak_name_resl dynamic_sampling(0) no_monitoring xmlindex_sel_idx_tbl opt_param('optimizer_inmemory_aware' 'false') no_substrb_pad leading(r t) use_nl(t) rowid(t) */ substrb(dump(t.""SNAP_ID"",16,0,64),1,240) d_2559714659, r.rwid, r.freq from ""SYS"".""WRH$_SEG_STAT_OBJ"" t, table(:topntab) r where t.rowid = chartorowid(r.rwid) order by t.""SNAP_ID""' DATABASE USER:[3] 'SYS' PRIVILEGE :[4] 'NONE' CLIENT USER:[0] '' CLIENT TERMINAL:[10] 'ANDY-AARON' STATUS:[1] '0' DBID:[10] '3074368596' SESSIONID:[6] '400227' USERHOST:[10] 'ANDY-AARON' CLIENT ADDRESS:[0] '' ACTION NUMBER:[1] '3' </string>"
windows_event;win_event;E:\Cours\TFE\experiments\phase_dataset_strengthening\processed\multiformat_balanced_20260910T094422Z\samples\windows_event.xml;;137;2025-08-21T22:42:13.736485+00:00;INFO;34;Oracle.xe;Oracle.xe;andy-aaron;8052;0;;;;;;;;;;;;;;;;;;;;;;;;;;;INFORMATIONAL;generic;"<string>LENGTH: '681' ACTION :[430] 'select /*+ no_parallel(t) no_parallel_index(t) dbms_stats cursor_sharing_exact use_weak_name_resl dynamic_sampling(0) no_monitoring xmlindex_sel_idx_tbl opt_param('optimizer_inmemory_aware' 'false') no_substrb_pad leading(r t) use_nl(t) rowid(t) */ substrb(dump(t.""SNAP_ID"",16,0,64),1,240) d_2559714659, r.rwid, r.freq from ""SYS"".""WRH$_SEG_STAT_OBJ"" t, table(:topntab) r where t.rowid = chartorowid(r.rwid) order by t.""SNAP_ID""' DATABASE USER:[3] 'SYS' PRIVILEGE :[4] 'NONE' CLIENT USER:[0] '' CLIENT TERMINAL:[10] 'ANDY-AARON' STATUS:[1] '0' DBID:[10] '3074368596' SESSIONID:[6] '400227' USERHOST:[10] 'ANDY-AARON' CLIENT ADDRESS:[0] '' ACTION NUMBER:[1] '3' </string>"
windows_event;win_event;E:\Cours\TFE\experiments\phase_dataset_strengthening\processed\multiformat_balanced_20260910T094422Z\samples\windows_event.xml;;138;2025-08-21T22:42:13.740955+00:00;INFO;34;Oracle.xe;Oracle.xe;andy-aaron;8052;0;;;;;;;;;;;;;;;;;;;;;;;;;;;INFORMATIONAL;generic;"<string>LENGTH: '689' ACTION :[438] 'select /*+ no_parallel(t) no_parallel_index(t) dbms_stats cursor_sharing_exact use_weak_name_resl dynamic_sampling(0) no_monitoring xmlindex_sel_idx_tbl opt_param('optimizer_inmemory_aware' 'false') no_substrb_pad leading(r t) use_nl(t) rowid(t) */ substrb(dump(t.""OBJECT_TYPE"",16,0,64),1,240) d_1051424749, r.rwid, r.freq from ""SYS"".""WRH$_SEG_STAT_OBJ"" t, table(:topntab) r where t.rowid = chartorowid(r.rwid) order by t.""OBJECT_TYPE""' DATABASE USER:[3] 'SYS' PRIVILEGE :[4] 'NONE' CLIENT USER:[0] '' CLIENT TERMINAL:[10] 'ANDY-AARON' STATUS:[1] '0' DBID:[10] '3074368596' SESSIONID:[6] '400227' USERHOST:[10] 'ANDY-AARON' CLIENT ADDRESS:[0] '' ACTION NUMBER:[1] '3' </string>"
windows_event;win_event;E:\Cours\TFE\experiments\phase_dataset_strengthening\processed\multiformat_balanced_20260910T094422Z\samples\windows_event.xml;;139;2025-08-21T22:42:13.742548+00:00;INFO;34;Oracle.xe;Oracle.xe;andy-aaron;8052;0;;;;;;;;;;;;;;;;;;;;;;;;;;;INFORMATIONAL;generic;"<string>LENGTH: '689' ACTION :[438] 'select /*+ no_parallel(t) no_parallel_index(t) dbms_stats cursor_sharing_exact use_weak_name_resl dynamic_sampling(0) no_monitoring xmlindex_sel_idx_tbl opt_param('optimizer_inmemory_aware' 'false') no_substrb_pad leading(r t) use_nl(t) rowid(t) */ substrb(dump(t.""OBJECT_TYPE"",16,0,64),1,240) d_1051424749, r.rwid, r.freq from ""SYS"".""WRH$_SEG_STAT_OBJ"" t, table(:topntab) r where t.rowid = chartorowid(r.rwid) order by t.""OBJECT_TYPE""' DATABASE USER:[3] 'SYS' PRIVILEGE :[4] 'NONE' CLIENT USER:[0] '' CLIENT TERMINAL:[10] 'ANDY-AARON' STATUS:[1] '0' DBID:[10] '3074368596' SESSIONID:[6] '400227' USERHOST:[10] 'ANDY-AARON' CLIENT ADDRESS:[0] '' ACTION NUMBER:[1] '3' </string>"
windows_event;win_event;E:\Cours\TFE\experiments\phase_dataset_strengthening\processed\multiformat_balanced_20260910T094422Z\samples\windows_event.xml;;140;2025-08-21T22:42:13.744341+00:00;INFO;34;Oracle.xe;Oracle.xe;andy-aaron;8052;0;;;;;;;;;;;;;;;;;;;;;;;;;;;INFORMATIONAL;generic;"<string>LENGTH: '673' ACTION :[422] 'select /*+ no_parallel(t) no_parallel_index(t) dbms_stats cursor_sharing_exact use_weak_name_resl dynamic_sampling(0) no_monitoring xmlindex_sel_idx_tbl opt_param('optimizer_inmemory_aware' 'false') no_substrb_pad leading(r t) use_nl(t) rowid(t) */ substrb(dump(t.""TS#"",16,0,64),1,240) d_2793702272, r.rwid, r.freq from ""SYS"".""WRH$_SEG_STAT_OBJ"" t, table(:topntab) r where t.rowid = chartorowid(r.rwid) order by t.""TS#""' DATABASE USER:[3] 'SYS' PRIVILEGE :[4] 'NONE' CLIENT USER:[0] '' CLIENT TERMINAL:[10] 'ANDY-AARON' STATUS:[1] '0' DBID:[10] '3074368596' SESSIONID:[6] '400227' USERHOST:[10] 'ANDY-AARON' CLIENT ADDRESS:[0] '' ACTION NUMBER:[1] '3' </string>"
windows_event;win_event;E:\Cours\TFE\experiments\phase_dataset_strengthening\processed\multiformat_balanced_20260910T094422Z\samples\windows_event.xml;;141;2025-08-21T22:42:13.745794+00:00;INFO;34;Oracle.xe;Oracle.xe;andy-aaron;8052;0;;;;;;;;;;;;;;;;;;;;;;;;;;;INFORMATIONAL;generic;"<string>LENGTH: '673' ACTION :[422] 'select /*+ no_parallel(t) no_parallel_index(t) dbms_stats cursor_sharing_exact use_weak_name_resl dynamic_sampling(0) no_monitoring xmlindex_sel_idx_tbl opt_param('optimizer_inmemory_aware' 'false') no_substrb_pad leading(r t) use_nl(t) rowid(t) */ substrb(dump(t.""TS#"",16,0,64),1,240) d_2793702272, r.rwid, r.freq from ""SYS"".""WRH$_SEG_STAT_OBJ"" t, table(:topntab) r where t.rowid = chartorowid(r.rwid) order by t.""TS#""' DATABASE USER:[3] 'SYS' PRIVILEGE :[4] 'NONE' CLIENT USER:[0] '' CLIENT TERMINAL:[10] 'ANDY-AARON' STATUS:[1] '0' DBID:[10] '3074368596' SESSIONID:[6] '400227' USERHOST:[10] 'ANDY-AARON' CLIENT ADDRESS:[0] '' ACTION NUMBER:[1] '3' </string>"
windows_event;win_event;E:\Cours\TFE\experiments\phase_dataset_strengthening\processed\multiformat_balanced_20260910T094422Z\samples\windows_event.xml;;142;2025-08-21T22:42:13.747667+00:00;INFO;34;Oracle.xe;Oracle.xe;andy-aaron;8052;0;;;;;;;;;;;;;;;;;;;;;;;;;;;INFORMATIONAL;generic;"<string>LENGTH: '683' ACTION :[432] 'select /*+ no_parallel(t) no_parallel_index(t) dbms_stats cursor_sharing_exact use_weak_name_resl dynamic_sampling(0) no_monitoring xmlindex_sel_idx_tbl opt_param('optimizer_inmemory_aware' 'false') no_substrb_pad leading(r t) use_nl(t) rowid(t) */ substrb(dump(t.""CON_DBID"",16,0,64),1,240) d_2128730651, r.rwid, r.freq from ""SYS"".""WRH$_SEG_STAT_OBJ"" t, table(:topntab) r where t.rowid = chartorowid(r.rwid) order by t.""CON_DBID""' DATABASE USER:[3] 'SYS' PRIVILEGE :[4] 'NONE' CLIENT USER:[0] '' CLIENT TERMINAL:[10] 'ANDY-AARON' STATUS:[1] '0' DBID:[10] '3074368596' SESSIONID:[6] '400227' USERHOST:[10] 'ANDY-AARON' CLIENT ADDRESS:[0] '' ACTION NUMBER:[1] '3' </string>"
windows_event;win_event;E:\Cours\TFE\experiments\phase_dataset_strengthening\processed\multiformat_balanced_20260910T094422Z\samples\windows_event.xml;;143;2025-08-21T22:42:13.748737+00:00;INFO;34;Oracle.xe;Oracle.xe;andy-aaron;8052;0;;;;;;;;;;;;;;;;;;;;;;;;;;;INFORMATIONAL;generic;"<string>LENGTH: '683' ACTION :[432] 'select /*+ no_parallel(t) no_parallel_index(t) dbms_stats cursor_sharing_exact use_weak_name_resl dynamic_sampling(0) no_monitoring xmlindex_sel_idx_tbl opt_param('optimizer_inmemory_aware' 'false') no_substrb_pad leading(r t) use_nl(t) rowid(t) */ substrb(dump(t.""CON_DBID"",16,0,64),1,240) d_2128730651, r.rwid, r.freq from ""SYS"".""WRH$_SEG_STAT_OBJ"" t, table(:topntab) r where t.rowid = chartorowid(r.rwid) order by t.""CON_DBID""' DATABASE USER:[3] 'SYS' PRIVILEGE :[4] 'NONE' CLIENT USER:[0] '' CLIENT TERMINAL:[10] 'ANDY-AARON' STATUS:[1] '0' DBID:[10] '3074368596' SESSIONID:[6] '400227' USERHOST:[10] 'ANDY-AARON' CLIENT ADDRESS:[0] '' ACTION NUMBER:[1] '3' </string>"
windows_event;win_event;E:\Cours\TFE\experiments\phase_dataset_strengthening\processed\multiformat_balanced_20260910T094422Z\samples\windows_event.xml;;144;2025-08-21T22:42:13.750265+00:00;INFO;34;Oracle.xe;Oracle.xe;andy-aaron;8052;0;;;;;;;;;;;;;;;;;;;;;;;;;;;INFORMATIONAL;generic;"<string>LENGTH: '704' ACTION :[453] 'select /*+ no_parallel(t) no_parallel_index(t) dbms_stats cursor_sharing_exact use_weak_name_resl dynamic_sampling(0) no_monitoring xmlindex_sel_idx_tbl opt_param('optimizer_inmemory_aware' 'false') no_substrb_pad leading(r t) use_nl(t) rowid(t) */ substrb(dump(substrb(t.""OWNER"",1,64),16,0,64),1,240) d_655463283, r.rwid, r.freq from ""SYS"".""WRH$_SEG_STAT_OBJ"" t, table(:topntab) r where t.rowid = chartorowid(r.rwid) order by substrb(t.""OWNER"",1,64)' DATABASE USER:[3] 'SYS' PRIVILEGE :[4] 'NONE' CLIENT USER:[0] '' CLIENT TERMINAL:[10] 'ANDY-AARON' STATUS:[1] '0' DBID:[10] '3074368596' SESSIONID:[6] '400227' USERHOST:[10] 'ANDY-AARON' CLIENT ADDRESS:[0] '' ACTION NUMBER:[1] '3' </string>"
windows_event;win_event;E:\Cours\TFE\experiments\phase_dataset_strengthening\processed\multiformat_balanced_20260910T094422Z\samples\windows_event.xml;;145;2025-08-21T22:42:13.751406+00:00;INFO;34;Oracle.xe;Oracle.xe;andy-aaron;8052;0;;;;;;;;;;;;;;;;;;;;;;;;;;;INFORMATIONAL;generic;"<string>LENGTH: '704' ACTION :[453] 'select /*+ no_parallel(t) no_parallel_index(t) dbms_stats cursor_sharing_exact use_weak_name_resl dynamic_sampling(0) no_monitoring xmlindex_sel_idx_tbl opt_param('optimizer_inmemory_aware' 'false') no_substrb_pad leading(r t) use_nl(t) rowid(t) */ substrb(dump(substrb(t.""OWNER"",1,64),16,0,64),1,240) d_655463283, r.rwid, r.freq from ""SYS"".""WRH$_SEG_STAT_OBJ"" t, table(:topntab) r where t.rowid = chartorowid(r.rwid) order by substrb(t.""OWNER"",1,64)' DATABASE USER:[3] 'SYS' PRIVILEGE :[4] 'NONE' CLIENT USER:[0] '' CLIENT TERMINAL:[10] 'ANDY-AARON' STATUS:[1] '0' DBID:[10] '3074368596' SESSIONID:[6] '400227' USERHOST:[10] 'ANDY-AARON' CLIENT ADDRESS:[0] '' ACTION NUMBER:[1] '3' </string>"
windows_event;win_event;E:\Cours\TFE\experiments\phase_dataset_strengthening\processed\multiformat_balanced_20260910T094422Z\samples\windows_event.xml;;146;2025-08-21T22:42:13.752932+00:00;INFO;34;Oracle.xe;Oracle.xe;andy-aaron;8052;0;;;;;;;;;;;;;;;;;;;;;;;;;;;INFORMATIONAL;generic;"<string>LENGTH: '675' ACTION :[424] 'select /*+ no_parallel(t) no_parallel_index(t) dbms_stats cursor_sharing_exact use_weak_name_resl dynamic_sampling(0) no_monitoring xmlindex_sel_idx_tbl opt_param('optimizer_inmemory_aware' 'false') no_substrb_pad leading(r t) use_nl(t) rowid(t) */ substrb(dump(t.""DBID"",16,0,64),1,240) d_3099381843, r.rwid, r.freq from ""SYS"".""WRH$_SEG_STAT_OBJ"" t, table(:topntab) r where t.rowid = chartorowid(r.rwid) order by t.""DBID""' DATABASE USER:[3] 'SYS' PRIVILEGE :[4] 'NONE' CLIENT USER:[0] '' CLIENT TERMINAL:[10] 'ANDY-AARON' STATUS:[1] '0' DBID:[10] '3074368596' SESSIONID:[6] '400227' USERHOST:[10] 'ANDY-AARON' CLIENT ADDRESS:[0] '' ACTION NUMBER:[1] '3' </string>"
windows_event;win_event;E:\Cours\TFE\experiments\phase_dataset_strengthening\processed\multiformat_balanced_20260910T094422Z\samples\windows_event.xml;;147;2025-08-21T22:42:13.754293+00:00;INFO;34;Oracle.xe;Oracle.xe;andy-aaron;8052;0;;;;;;;;;;;;;;;;;;;;;;;;;;;INFORMATIONAL;generic;"<string>LENGTH: '675' ACTION :[424] 'select /*+ no_parallel(t) no_parallel_index(t) dbms_stats cursor_sharing_exact use_weak_name_resl dynamic_sampling(0) no_monitoring xmlindex_sel_idx_tbl opt_param('optimizer_inmemory_aware' 'false') no_substrb_pad leading(r t) use_nl(t) rowid(t) */ substrb(dump(t.""DBID"",16,0,64),1,240) d_3099381843, r.rwid, r.freq from ""SYS"".""WRH$_SEG_STAT_OBJ"" t, table(:topntab) r where t.rowid = chartorowid(r.rwid) order by t.""DBID""' DATABASE USER:[3] 'SYS' PRIVILEGE :[4] 'NONE' CLIENT USER:[0] '' CLIENT TERMINAL:[10] 'ANDY-AARON' STATUS:[1] '0' DBID:[10] '3074368596' SESSIONID:[6] '400227' USERHOST:[10] 'ANDY-AARON' CLIENT ADDRESS:[0] '' ACTION NUMBER:[1] '3' </string>"
windows_event;win_event;E:\Cours\TFE\experiments\phase_dataset_strengthening\processed\multiformat_balanced_20260910T094422Z\samples\windows_event.xml;;148;2025-08-21T22:42:24.977343+00:00;INFO;3;iBtSiva;iBtSiva;andy-aaron;6176;0;;;;;;;;;;;;;;;;;;;;;;;;;;;INFORMATIONAL;generic;<string>iBtSiva</string> <string>Siva worker elapsed</string>
windows_event;win_event;E:\Cours\TFE\experiments\phase_dataset_strengthening\processed\multiformat_balanced_20260910T094422Z\samples\windows_event.xml;;149;2025-08-21T22:42:48.996672+00:00;INFO;256;Chrome;Chrome;andy-aaron;11412;0;;S-1-5-21-3162627772-1273376818-3066158126-1001;;;;;;;;;;;;;;;;;;;;;;;;;INFORMATIONAL;generic;<string>[11412:14064:0821/234248.995:INFO:chrome\browser\extensions\extension_garbage_collector.cc:184] Garbage collection for extensions on file thread is complete.</string>
windows_event;win_event;E:\Cours\TFE\experiments\phase_dataset_strengthening\processed\multiformat_balanced_20260910T094422Z\samples\windows_event.xml;;150;2025-08-21T22:43:33.997301+00:00;INFO;256;Edge;Edge;andy-aaron;7180;0;;S-1-5-21-3162627772-1273376818-3066158126-1001;;;;;;;;;;;;;;;;;;;;;;;;;INFORMATIONAL;generic;<string>[7180:11036:0821/234333.992:INFO:chrome\browser\extensions\extension_garbage_collector.cc:184] Garbage collection for extensions on file thread is complete.</string>
windows_event;win_event;E:\Cours\TFE\experiments\phase_dataset_strengthening\processed\multiformat_balanced_20260910T094422Z\samples\windows_event.xml;;151;2025-08-21T22:43:55.240263+00:00;WARNING;1008;Microsoft-Windows-Perflib;Microsoft-Windows-Perflib;andy-aaron;14388;12092;;S-1-5-21-3162627772-1273376818-3066158126-1001;;;;;;;;;;;;;;;;;;;;;;;;;INFORMATIONAL;generic;Service=BITS | Library=C:\Windows\System32\bitsperf.dll | Win32Error=2
windows_event;win_event;E:\Cours\TFE\experiments\phase_dataset_strengthening\processed\multiformat_balanced_20260910T094422Z\samples\windows_event.xml;;152;2025-08-21T22:43:55.257315+00:00;WARNING;1008;Microsoft-Windows-Perflib;Microsoft-Windows-Perflib;andy-aaron;14388;12092;;S-1-5-21-3162627772-1273376818-3066158126-1001;;;;;;;;;;;;;;;;;;;;;;;;;INFORMATIONAL;generic;Service=ESENT | Library=C:\WINDOWS\system32\esentprf.dll | Win32Error=5
windows_event;win_event;E:\Cours\TFE\experiments\phase_dataset_strengthening\processed\multiformat_balanced_20260910T094422Z\samples\windows_event.xml;;153;2025-08-21T22:43:55.486652+00:00;WARNING;1008;Microsoft-Windows-Perflib;Microsoft-Windows-Perflib;andy-aaron;14388;12092;;S-1-5-21-3162627772-1273376818-3066158126-1001;;;;;;;;;;;;;;;;;;;;;;;;;INFORMATIONAL;generic;Service=MSDTC | Library=C:\WINDOWS\system32\msdtcuiu.DLL | Win32Error=2147942402
windows_event;win_event;E:\Cours\TFE\experiments\phase_dataset_strengthening\processed\multiformat_balanced_20260910T094422Z\samples\windows_event.xml;;154;2025-08-21T22:43:55.709059+00:00;ERROR;1023;Microsoft-Windows-Perflib;Microsoft-Windows-Perflib;andy-aaron;14388;12092;;S-1-5-21-3162627772-1273376818-3066158126-1001;;;;;;;;;;;;;;;;;;;;;;;;;SYSTEM_ERROR;error;Library=C:\WINDOWS\system32\sysmain.dll | Win32Error=126
windows_event;win_event;E:\Cours\TFE\experiments\phase_dataset_strengthening\processed\multiformat_balanced_20260910T094422Z\samples\windows_event.xml;;155;2025-08-21T22:43:56.013308+00:00;ERROR;1022;Microsoft-Windows-Perflib;Microsoft-Windows-Perflib;andy-aaron;14388;12092;;S-1-5-21-3162627772-1273376818-3066158126-1001;;;;;;;;;;;;;;;;;;;;;;;;;SYSTEM_ERROR;error;Library=C:\Program Files (x86)\VMware\VMware Workstation\vmPerfmon.dll | Win32Error=193
windows_event;win_event;E:\Cours\TFE\experiments\phase_dataset_strengthening\processed\multiformat_balanced_20260910T094422Z\samples\windows_event.xml;;156;2025-08-21T22:43:56.013317+00:00;ERROR;1018;Microsoft-Windows-Perflib;Microsoft-Windows-Perflib;andy-aaron;14388;12092;;S-1-5-21-3162627772-1273376818-3066158126-1001;;;;;;;;;;;;;;;;;;;;;;;;;SYSTEM_ERROR;error;Service=VMware
windows_event;win_event;E:\Cours\TFE\experiments\phase_dataset_strengthening\processed\multiformat_balanced_20260910T094422Z\samples\windows_event.xml;;157;2025-08-21T22:43:56.037674+00:00;WARNING;1008;Microsoft-Windows-Perflib;Microsoft-Windows-Perflib;andy-aaron;14388;12092;;S-1-5-21-3162627772-1273376818-3066158126-1001;;;;;;;;;;;;;;;;;;;;;;;;;INFORMATIONAL;generic;Service=WmiApRpl | Library=C:\WINDOWS\system32\wbem\wmiaprpl.dll | Win32Error=21
windows_event;win_event;E:\Cours\TFE\experiments\phase_dataset_strengthening\processed\multiformat_balanced_20260910T094422Z\samples\windows_event.xml;;158;2025-08-21T22:45:36.744301+00:00;INFO;0;HotKeyServiceUWP;HotKeyServiceUWP;andy-aaron;17708;0;;;;;;;;;;;;;;;;;;;;;;;;;;;INFORMATIONAL;generic;<string>OnSessionChange - Type = 0x3</string>
windows_event;win_event;E:\Cours\TFE\experiments\phase_dataset_strengthening\processed\multiformat_balanced_20260910T094422Z\samples\windows_event.xml;;159;2025-08-21T22:45:36.755466+00:00;INFO;0;HotKeyServiceUWP;HotKeyServiceUWP;andy-aaron;17708;0;;;;;;;;;;;;;;;;;;;;;;;;;;;INFORMATIONAL;generic;<string>OnSessionChange-default type - 0x3</string>
windows_event;win_event;E:\Cours\TFE\experiments\phase_dataset_strengthening\processed\multiformat_balanced_20260910T094422Z\samples\windows_event.xml;;160;2025-08-21T22:45:36.925621+00:00;INFO;0;HotKeyServiceUWP;HotKeyServiceUWP;andy-aaron;3992;0;;;;;;;;;;;;;;;;;;;;;;;;;;;INFORMATIONAL;generic;<string>OnSessionChange - Type = 0x3</string>
windows_event;win_event;E:\Cours\TFE\experiments\phase_dataset_strengthening\processed\multiformat_balanced_20260910T094422Z\samples\windows_event.xml;;161;2025-08-21T22:45:36.939407+00:00;INFO;0;HotKeyServiceUWP;HotKeyServiceUWP;andy-aaron;3992;0;;;;;;;;;;;;;;;;;;;;;;;;;;;INFORMATIONAL;generic;<string>OnSessionChange-default type - 0x3</string>
windows_event;win_event;E:\Cours\TFE\experiments\phase_dataset_strengthening\processed\multiformat_balanced_20260910T094422Z\samples\windows_event.xml;;162;2025-08-21T22:45:37.316570+00:00;INFO;0;SynTPEnhService;SynTPEnhService;andy-aaron;2892;0;;;;;;;;;;;;;;;;;;;;;;;;;;;INFORMATIONAL;generic;<string>SynTPEnhService</string> <string>Enh Exit with Exit Code: 0x40010004, ReLanuch Enh for Session:8</string>
windows_event;win_event;E:\Cours\TFE\experiments\phase_dataset_strengthening\processed\multiformat_balanced_20260910T094422Z\samples\windows_event.xml;;163;2025-08-21T22:45:42.403471+00:00;INFO;0;SynTPEnhService;SynTPEnhService;andy-aaron;2892;0;;;;;;;;;;;;;;;;;;;;;;;;;;;INFORMATIONAL;generic;<string>SynTPEnhService</string> <string>Enh Exit with Exit Code: 0xc000026b, ReLanuch Enh for Session:8</string>
windows_event;win_event;E:\Cours\TFE\experiments\phase_dataset_strengthening\processed\multiformat_balanced_20260910T094422Z\samples\windows_event.xml;;164;2025-08-21T22:45:43.353031+00:00;INFO;0;igfxCUIService2.0.0.0;igfxCUIService2.0.0.0;andy-aaron;2636;0;;;;;;;;;;;;;;;;;;;;;;;;;;;INFORMATIONAL;generic;<string> Logoff: Test </string>
windows_event;win_event;E:\Cours\TFE\experiments\phase_dataset_strengthening\processed\multiformat_balanced_20260910T094422Z\samples\windows_event.xml;;165;2025-08-21T22:45:43.361588+00:00;INFO;0;igfxCUIService2.0.0.0;igfxCUIService2.0.0.0;andy-aaron;2636;0;;;;;;;;;;;;;;;;;;;;;;;;;;;INFORMATIONAL;generic;<string> Logoff: 8 </string>
windows_event;win_event;E:\Cours\TFE\experiments\phase_dataset_strengthening\processed\multiformat_balanced_20260910T094422Z\samples\windows_event.xml;;166;2025-08-21T22:45:43.370026+00:00;INFO;6000;Microsoft-Windows-Winlogon;Microsoft-Windows-Winlogon;andy-aaron;11204;0;;;;;;;;;;;;;;;;;;;;;;;;;;;INFORMATIONAL;generic;<string>WSearch</string>
windows_event;win_event;E:\Cours\TFE\experiments\phase_dataset_strengthening\processed\multiformat_balanced_20260910T094422Z\samples\windows_event.xml;;167;2025-08-21T22:45:43.380814+00:00;INFO;0;HotKeyServiceUWP;HotKeyServiceUWP;andy-aaron;3992;0;;;;;;;;;;;;;;;;;;;;;;;;;;;INFORMATIONAL;generic;<string>OnSessionChange - Type = 0x6</string>
windows_event;win_event;E:\Cours\TFE\experiments\phase_dataset_strengthening\processed\multiformat_balanced_20260910T094422Z\samples\windows_event.xml;;168;2025-08-21T22:45:43.382944+00:00;INFO;0;HotKeyServiceUWP;HotKeyServiceUWP;andy-aaron;17708;0;;;;;;;;;;;;;;;;;;;;;;;;;;;INFORMATIONAL;generic;<string>OnSessionChange - Type = 0x6</string>
windows_event;win_event;E:\Cours\TFE\experiments\phase_dataset_strengthening\processed\multiformat_balanced_20260910T094422Z\samples\windows_event.xml;;169;2025-08-21T22:45:43.384403+00:00;INFO;0;SynTPEnhService;SynTPEnhService;andy-aaron;2892;0;;;;;;;;;;;;;;;;;;;;;;;;;;;INFORMATIONAL;generic;<string>SynTPEnhService</string> <string>Session Changed User Log off</string>
windows_event;win_event;E:\Cours\TFE\experiments\phase_dataset_strengthening\processed\multiformat_balanced_20260910T094422Z\samples\windows_event.xml;;170;2025-08-21T22:45:43.459002+00:00;INFO;6000;Microsoft-Windows-Winlogon;Microsoft-Windows-Winlogon;andy-aaron;11204;0;;;;;;;;;;;;;;;;;;;;;;;;;;;INFORMATIONAL;generic;<string>SessionEnv</string>
windows_event;win_event;E:\Cours\TFE\experiments\phase_dataset_strengthening\processed\multiformat_balanced_20260910T094422Z\samples\windows_event.xml;;171;2025-08-21T22:45:43.747561+00:00;INFO;0;HotKeyServiceUWP;HotKeyServiceUWP;andy-aaron;3992;0;;;;;;;;;;;;;;;;;;;;;;;;;;;INFORMATIONAL;generic;<string>OnSessionChange - Type = 0x2</string>
windows_event;win_event;E:\Cours\TFE\experiments\phase_dataset_strengthening\processed\multiformat_balanced_20260910T094422Z\samples\windows_event.xml;;172;2025-08-21T22:45:43.751682+00:00;INFO;0;HotKeyServiceUWP;HotKeyServiceUWP;andy-aaron;17708;0;;;;;;;;;;;;;;;;;;;;;;;;;;;INFORMATIONAL;generic;<string>OnSessionChange - Type = 0x2</string>
windows_event;win_event;E:\Cours\TFE\experiments\phase_dataset_strengthening\processed\multiformat_balanced_20260910T094422Z\samples\windows_event.xml;;173;2025-08-21T22:45:43.805843+00:00;INFO;0;HotKeyServiceUWP;HotKeyServiceUWP;andy-aaron;3992;0;;;;;;;;;;;;;;;;;;;;;;;;;;;INFORMATIONAL;generic;<string>OnSessionChange - Type = 0x4</string>
windows_event;win_event;E:\Cours\TFE\experiments\phase_dataset_strengthening\processed\multiformat_balanced_20260910T094422Z\samples\windows_event.xml;;174;2025-08-21T22:45:43.918917+00:00;INFO;0;HotKeyServiceUWP;HotKeyServiceUWP;andy-aaron;17708;0;;;;;;;;;;;;;;;;;;;;;;;;;;;INFORMATIONAL;generic;<string>OnSessionChange - Type = 0x4</string>
windows_event;win_event;E:\Cours\TFE\experiments\phase_dataset_strengthening\processed\multiformat_balanced_20260910T094422Z\samples\windows_event.xml;;175;2025-08-21T22:45:43.932150+00:00;INFO;0;HotKeyServiceUWP;HotKeyServiceUWP;andy-aaron;3992;0;;;;;;;;;;;;;;;;;;;;;;;;;;;INFORMATIONAL;generic;<string>OnSessionChange - Type = 0x1</string>
windows_event;win_event;E:\Cours\TFE\experiments\phase_dataset_strengthening\processed\multiformat_balanced_20260910T094422Z\samples\windows_event.xml;;176;2025-08-21T22:45:43.962917+00:00;INFO;0;HotKeyServiceUWP;HotKeyServiceUWP;andy-aaron;3992;0;;;;;;;;;;;;;;;;;;;;;;;;;;;INFORMATIONAL;generic;<string>OnSessionChange-default type - 0x1</string>
windows_event;win_event;E:\Cours\TFE\experiments\phase_dataset_strengthening\processed\multiformat_balanced_20260910T094422Z\samples\windows_event.xml;;177;2025-08-21T22:45:43.999741+00:00;INFO;0;igccservice;igccservice;andy-aaron;812;0;;;;;;;;;;;;;;;;;;;;;;;;;;;INFORMATIONAL;generic;<string>Le service a géré avec succès PowerEvent.</string>
windows_event;win_event;E:\Cours\TFE\experiments\phase_dataset_strengthening\processed\multiformat_balanced_20260910T094422Z\samples\windows_event.xml;;178;2025-08-21T22:45:44.000135+00:00;INFO;0;HP Comm Recovery;HP Comm Recovery;andy-aaron;780;0;;;;;;;;;;;;;;;;;;;;;;;;;;;INFORMATIONAL;generic;<string>Le service a géré avec succès PowerEvent.</string>
windows_event;win_event;E:\Cours\TFE\experiments\phase_dataset_strengthening\processed\multiformat_balanced_20260910T094422Z\samples\windows_event.xml;;179;2025-08-21T22:45:44.080523+00:00;INFO;0;HotKeyServiceUWP;HotKeyServiceUWP;andy-aaron;17708;0;;;;;;;;;;;;;;;;;;;;;;;;;;;INFORMATIONAL;generic;<string>OnSessionChange - Type = 0x1</string>
windows_event;win_event;E:\Cours\TFE\experiments\phase_dataset_strengthening\processed\multiformat_balanced_20260910T094422Z\samples\windows_event.xml;;180;2025-08-21T22:45:44.084154+00:00;INFO;0;HotKeyServiceUWP;HotKeyServiceUWP;andy-aaron;17708;0;;;;;;;;;;;;;;;;;;;;;;;;;;;INFORMATIONAL;generic;<string>OnSessionChange-default type - 0x1</string>
windows_event;win_event;E:\Cours\TFE\experiments\phase_dataset_strengthening\processed\multiformat_balanced_20260910T094422Z\samples\windows_event.xml;;181;2025-08-21T22:45:45.115658+00:00;INFO;16394;Microsoft-Windows-Security-SPP;Microsoft-Windows-Security-SPP;andy-aaron;14876;0;;;;;;;;;;;;;;;;;;;;;;;;;;;INFORMATIONAL;generic;
windows_event;win_event;E:\Cours\TFE\experiments\phase_dataset_strengthening\processed\multiformat_balanced_20260910T094422Z\samples\windows_event.xml;;182;2025-08-21T22:45:47.423723+00:00;INFO;0;SynTPEnhService;SynTPEnhService;andy-aaron;2892;0;;;;;;;;;;;;;;;;;;;;;;;;;;;INFORMATIONAL;generic;<string>SynTPEnhService</string> <string>SessionId:8 no longer exist remove it </string>
windows_event;win_event;E:\Cours\TFE\experiments\phase_dataset_strengthening\processed\multiformat_balanced_20260910T094422Z\samples\windows_event.xml;;183;2025-08-22T09:11:40.001291+00:00;INFO;0;HotKeyServiceUWP;HotKeyServiceUWP;andy-aaron;17708;0;;;;;;;;;;;;;;;;;;;;;;;;;;;INFORMATIONAL;generic;<string>PowerEvent-default - 0x7</string>
windows_event;win_event;E:\Cours\TFE\experiments\phase_dataset_strengthening\processed\multiformat_balanced_20260910T094422Z\samples\windows_event.xml;;184;2025-08-22T09:11:41.731115+00:00;INFO;0;HP Comm Recovery;HP Comm Recovery;andy-aaron;780;0;;;;;;;;;;;;;;;;;;;;;;;;;;;INFORMATIONAL;generic;<string>Le service a géré avec succès PowerEvent.</string>
windows_event;win_event;E:\Cours\TFE\experiments\phase_dataset_strengthening\processed\multiformat_balanced_20260910T094422Z\samples\windows_event.xml;;185;2025-08-22T09:11:41.799623+00:00;INFO;0;HotKeyServiceUWP;HotKeyServiceUWP;andy-aaron;3992;0;;;;;;;;;;;;;;;;;;;;;;;;;;;INFORMATIONAL;generic;<string>PowerEvent-default - 0x7</string>
windows_event;win_event;E:\Cours\TFE\experiments\phase_dataset_strengthening\processed\multiformat_balanced_20260910T094422Z\samples\windows_event.xml;;186;2025-08-22T09:11:41.945242+00:00;INFO;0;igccservice;igccservice;andy-aaron;812;0;;;;;;;;;;;;;;;;;;;;;;;;;;;INFORMATIONAL;generic;<string>Le service a géré avec succès PowerEvent.</string>
windows_event;win_event;E:\Cours\TFE\experiments\phase_dataset_strengthening\processed\multiformat_balanced_20260910T094422Z\samples\windows_event.xml;;187;2025-08-22T09:11:43.469755+00:00;INFO;0;HP Comm Recovery;HP Comm Recovery;andy-aaron;780;0;;;;;;;;;;;;;;;;;;;;;;;;;;;INFORMATIONAL;generic;<string>Le service a géré avec succès PowerEvent.</string>
windows_event;win_event;E:\Cours\TFE\experiments\phase_dataset_strengthening\processed\multiformat_balanced_20260910T094422Z\samples\windows_event.xml;;188;2025-08-22T09:11:43.473398+00:00;INFO;0;igccservice;igccservice;andy-aaron;812;0;;;;;;;;;;;;;;;;;;;;;;;;;;;INFORMATIONAL;generic;<string>Le service a géré avec succès PowerEvent.</string>
windows_event;win_event;E:\Cours\TFE\experiments\phase_dataset_strengthening\processed\multiformat_balanced_20260910T094422Z\samples\windows_event.xml;;189;2025-08-22T09:11:43.476154+00:00;INFO;1;iBtSiva;iBtSiva;andy-aaron;6176;0;;;;;;;;;;;;;;;;;;;;;;;;;;;INFORMATIONAL;generic;<string>iBtSiva</string> <string>Siva worker starting</string>
windows_event;win_event;E:\Cours\TFE\experiments\phase_dataset_strengthening\processed\multiformat_balanced_20260910T094422Z\samples\windows_event.xml;;190;2025-08-22T09:11:43.484079+00:00;INFO;34;Oracle.xe;Oracle.xe;andy-aaron;8052;0;;;;;;;;;;;;;;;;;;;;;;;;;;;INFORMATIONAL;generic;<string>LENGTH: '781' ACTION :[528] 'SELECT * FROM (SELECT sql_id, force_matching_signature, sql_text, parsing_schema_name, module, action, elapsed_time, cpu_time, buffer_gets, bind_data, disk_reads, direct_writes, rows_processed, fetches, executions, end_of_fetch_count, optimizer_cost, first_load_time, optimizer_env, priority, command_type, stat_period, active_stat_period, plan_hash_value , sql_seq, con_dbid, last_exec_start_time FROM sys.user_sqlset_statements) WHERE (last_exec_start_time < '2024-08-14/10:11:43')' DATABASE USER:[3] 'SYS' PRIVILEGE :[6] 'SYSDBA' CLIENT USER:[0] '' CLIENT TERMINAL:[10] 'ANDY-AARON' STATUS:[1] '0' DBID:[10] '1689037571' SESSIONID:[6] '400339' USERHOST:[10] 'ANDY-AARON' CLIENT ADDRESS:[0] '' ACTION NUMBER:[1] '3' </string>
windows_event;win_event;E:\Cours\TFE\experiments\phase_dataset_strengthening\processed\multiformat_balanced_20260910T094422Z\samples\windows_event.xml;;191;2025-08-22T09:11:43.952423+00:00;INFO;34;Oracle.xe;Oracle.xe;andy-aaron;8052;0;;;;;;;;;;;;;;;;;;;;;;;;;;;INFORMATIONAL;generic;<string>LENGTH: '2242' ACTION :[1988] 'SELECT * FROM (SELECT sql_id, force_matching_signature, NVL(plan_hash_value, 0) plan_hash_value, sql_fulltext as sql_text, parsing_schema_name, module, action, elapsed_time, cpu_time, buffer_gets, last_active_child_address, TO_CHAR(first_load_time, 'YYYY-MM-DD/HH24:MI:SS') first_load_time, last_load_time, disk_reads, direct_writes, rows_processed, fetches, executions, end_of_fetch_count, optimizer_cost, optimizer_env, command_type, loaded_versions, bind_data, last_active_time, con_dbid, TO_CHAR(last_exec_start_time, 'YYYY-MM-DD/HH24:MI:SS') last_exec_start_time FROM sys.v_$sqlarea_plan_hash s) WHERE ( (module is null or (module != 'SYS_AI_MODULE' and module != 'SYS_AUTO_STS_MODULE')) and sql_text not like 'SELECT /* DS_SVC */%' and sql_text not like 'SELECT /* OPT_DYN_SAMP */%' and sql_text not like '/*AUTO_INDEX:ddl*/%' and sql_text not like '%/*+%dbms_stats%' and sql_text not like '%/* SQL Analyze(%' and command_type not in (9, 10, 11) and plan_hash_value > 0 and (con_dbid, force_matching_signature) not in (select /*+ unnest no_merge */ sss.con_dbid, sss.force_matching_signature from wri$_sqlset_definitions ssf, wri$_sqlset_statements sss where ssf.id = sss.sqlset_id and ssf.con_dbid = sss.con_dbid and ssf.owner = 'SYS' and ssf.name = 'SYS_AUTO_STS' and ssf.con_dbid = sys_context('userenv','con_dbid') and force_matching_signature > 0 group by sss.con_dbid, sss.sqlset_id, sss.force_matching_signature having count(*) > 1000) )' DATABASE USER:[3] 'SYS' PRIVILEGE :[6] 'SYSDBA' CLIENT USER:[0] '' CLIENT TERMINAL:[10] 'ANDY-AARON' STATUS:[1] '0' DBID:[10] '1689037571' SESSIONID:[6] '400339' USERHOST:[10] 'ANDY-AARON' CLIENT ADDRESS:[0] '' ACTION NUMBER:[1] '3' </string>
windows_event;win_event;E:\Cours\TFE\experiments\phase_dataset_strengthening\processed\multiformat_balanced_20260910T094422Z\samples\windows_event.xml;;192;2025-08-22T09:12:04.852268+00:00;INFO;16384;Microsoft-Windows-Security-SPP;Microsoft-Windows-Security-SPP;andy-aaron;14876;0;;;;;;;;;;;;;;;;;;;;;;;;;;;INFORMATIONAL;generic;<string>2125-07-29T09:12:04Z</string> <string>RulesEngine</string>
windows_event;win_event;E:\Cours\TFE\experiments\phase_dataset_strengthening\processed\multiformat_balanced_20260910T094422Z\samples\windows_event.xml;;193;2025-08-22T09:12:45.499846+00:00;INFO;3;iBtSiva;iBtSiva;andy-aaron;6176;0;;;;;;;;;;;;;;;;;;;;;;;;;;;INFORMATIONAL;generic;<string>iBtSiva</string> <string>Siva worker elapsed</string>
windows_event;win_event;E:\Cours\TFE\experiments\phase_dataset_strengthening\processed\multiformat_balanced_20260910T094422Z\samples\windows_event.xml;;194;2025-08-22T09:13:10.529556+00:00;INFO;6003;Microsoft-Windows-Winlogon;Microsoft-Windows-Winlogon;andy-aaron;14208;0;;;;;;;;;;;;;;;;;;;;;;;;;;;INFORMATIONAL;generic;<string>SessionEnv</string>
windows_event;win_event;E:\Cours\TFE\experiments\phase_dataset_strengthening\processed\multiformat_balanced_20260910T094422Z\samples\windows_event.xml;;195;2025-08-22T09:13:10.690891+00:00;INFO;0;HotKeyServiceUWP;HotKeyServiceUWP;andy-aaron;3992;0;;;;;;;;;;;;;;;;;;;;;;;;;;;INFORMATIONAL;generic;<string>OnSessionChange - Type = 0x5</string>
windows_event;win_event;E:\Cours\TFE\experiments\phase_dataset_strengthening\processed\multiformat_balanced_20260910T094422Z\samples\windows_event.xml;;196;2025-08-22T09:13:10.693869+00:00;INFO;0;HotKeyServiceUWP;HotKeyServiceUWP;andy-aaron;17708;0;;;;;;;;;;;;;;;;;;;;;;;;;;;INFORMATIONAL;generic;<string>OnSessionChange - Type = 0x5</string>
windows_event;win_event;E:\Cours\TFE\experiments\phase_dataset_strengthening\processed\multiformat_balanced_20260910T094422Z\samples\windows_event.xml;;197;2025-08-22T09:13:10.704372+00:00;INFO;0;SynTPEnhService;SynTPEnhService;andy-aaron;2892;0;;;;;;;;;;;;;;;;;;;;;;;;;;;INFORMATIONAL;generic;<string>SynTPEnhService</string> <string>Session Changed User Log on</string>
windows_event;win_event;E:\Cours\TFE\experiments\phase_dataset_strengthening\processed\multiformat_balanced_20260910T094422Z\samples\windows_event.xml;;198;2025-08-22T09:13:10.726261+00:00;INFO;0;SynTPEnhService;SynTPEnhService;andy-aaron;2892;0;;;;;;;;;;;;;;;;;;;;;;;;;;;INFORMATIONAL;generic;<string>SynTPEnhService</string> <string>Log on New Session:9 Launch Enh</string>
windows_event;win_event;E:\Cours\TFE\experiments\phase_dataset_strengthening\processed\multiformat_balanced_20260910T094422Z\samples\windows_event.xml;;199;2025-08-22T09:13:10.914068+00:00;INFO;0;igfxCUIService2.0.0.0;igfxCUIService2.0.0.0;andy-aaron;2636;0;;;;;;;;;;;;;;;;;;;;;;;;;;;INFORMATIONAL;generic;<string>Log on event received User1 </string>
windows_event;win_event;E:\Cours\TFE\experiments\phase_dataset_strengthening\processed\multiformat_balanced_20260910T094422Z\samples\windows_event.xml;;200;2025-08-22T09:13:10.945251+00:00;INFO;0;igfxCUIService2.0.0.0;igfxCUIService2.0.0.0;andy-aaron;2636;0;;;;;;;;;;;;;;;;;;;;;;;;;;;INFORMATIONAL;generic;<string>Logon: 9 </string>
windows_event;win_event;E:\Cours\TFE\experiments\phase_dataset_strengthening\processed\multiformat_balanced_20260910T094422Z\samples\windows_event.xml;;201;2025-08-22T09:13:11.107414+00:00;INFO;6000;Microsoft-Windows-Winlogon;Microsoft-Windows-Winlogon;andy-aaron;14208;0;;;;;;;;;;;;;;;;;;;;;;;;;;;INFORMATIONAL;generic;<string>SessionEnv</string>
windows_event;win_event;E:\Cours\TFE\experiments\phase_dataset_strengthening\processed\multiformat_balanced_20260910T094422Z\samples\windows_event.xml;;202;2025-08-22T09:13:11.139933+00:00;INFO;0;HotKeyServiceUWP;HotKeyServiceUWP;andy-aaron;17708;0;;;;;;;;;;;;;;;;;;;;;;;;;;;INFORMATIONAL;generic;<string>HP Audio Analytics Service in OnStop</string>
windows_event;win_event;E:\Cours\TFE\experiments\phase_dataset_strengthening\processed\multiformat_balanced_20260910T094422Z\samples\windows_event.xml;;203;2025-08-22T09:13:11.191736+00:00;INFO;0;igfxCUIService2.0.0.0;igfxCUIService2.0.0.0;andy-aaron;2636;0;;;;;;;;;;;;;;;;;;;;;;;;;;;INFORMATIONAL;generic;<string>Received Post Shell Event 9 </string>
windows_event;win_event;E:\Cours\TFE\experiments\phase_dataset_strengthening\processed\multiformat_balanced_20260910T094422Z\samples\windows_event.xml;;204;2025-08-22T09:13:11.479050+00:00;INFO;0;HotKeyServiceUWP;HotKeyServiceUWP;andy-aaron;14048;0;;;;;;;;;;;;;;;;;;;;;;;;;;;INFORMATIONAL;generic;<string>HP Audio Analytics Service (8.10.46.337) in OnStart</string>
windows_event;win_event;E:\Cours\TFE\experiments\phase_dataset_strengthening\processed\multiformat_balanced_20260910T094422Z\samples\windows_event.xml;;205;2025-08-22T09:13:56.266544+00:00;WARNING;1008;Microsoft-Windows-Perflib;Microsoft-Windows-Perflib;andy-aaron;11924;13980;;S-1-5-21-3162627772-1273376818-3066158126-1001;;;;;;;;;;;;;;;;;;;;;;;;;INFORMATIONAL;generic;Service=BITS | Library=C:\Windows\System32\bitsperf.dll | Win32Error=2
windows_event;win_event;E:\Cours\TFE\experiments\phase_dataset_strengthening\processed\multiformat_balanced_20260910T094422Z\samples\windows_event.xml;;206;2025-08-22T09:13:56.269430+00:00;WARNING;1008;Microsoft-Windows-Perflib;Microsoft-Windows-Perflib;andy-aaron;11924;13980;;S-1-5-21-3162627772-1273376818-3066158126-1001;;;;;;;;;;;;;;;;;;;;;;;;;INFORMATIONAL;generic;Service=ESENT | Library=C:\WINDOWS\system32\esentprf.dll | Win32Error=5
windows_event;win_event;E:\Cours\TFE\experiments\phase_dataset_strengthening\processed\multiformat_balanced_20260910T094422Z\samples\windows_event.xml;;207;2025-08-22T09:13:56.340818+00:00;WARNING;1008;Microsoft-Windows-Perflib;Microsoft-Windows-Perflib;andy-aaron;11924;13980;;S-1-5-21-3162627772-1273376818-3066158126-1001;;;;;;;;;;;;;;;;;;;;;;;;;INFORMATIONAL;generic;Service=MSDTC | Library=C:\WINDOWS\system32\msdtcuiu.DLL | Win32Error=2147942402
windows_event;win_event;E:\Cours\TFE\experiments\phase_dataset_strengthening\processed\multiformat_balanced_20260910T094422Z\samples\windows_event.xml;;208;2025-08-22T09:13:56.455570+00:00;ERROR;1023;Microsoft-Windows-Perflib;Microsoft-Windows-Perflib;andy-aaron;11924;13980;;S-1-5-21-3162627772-1273376818-3066158126-1001;;;;;;;;;;;;;;;;;;;;;;;;;SYSTEM_ERROR;error;Library=C:\WINDOWS\system32\sysmain.dll | Win32Error=126
windows_event;win_event;E:\Cours\TFE\experiments\phase_dataset_strengthening\processed\multiformat_balanced_20260910T094422Z\samples\windows_event.xml;;209;2025-08-22T09:13:56.646368+00:00;ERROR;1022;Microsoft-Windows-Perflib;Microsoft-Windows-Perflib;andy-aaron;11924;13980;;S-1-5-21-3162627772-1273376818-3066158126-1001;;;;;;;;;;;;;;;;;;;;;;;;;SYSTEM_ERROR;error;Library=C:\Program Files (x86)\VMware\VMware Workstation\vmPerfmon.dll | Win32Error=193
windows_event;win_event;E:\Cours\TFE\experiments\phase_dataset_strengthening\processed\multiformat_balanced_20260910T094422Z\samples\windows_event.xml;;210;2025-08-22T09:13:56.646395+00:00;ERROR;1018;Microsoft-Windows-Perflib;Microsoft-Windows-Perflib;andy-aaron;11924;13980;;S-1-5-21-3162627772-1273376818-3066158126-1001;;;;;;;;;;;;;;;;;;;;;;;;;SYSTEM_ERROR;error;Service=VMware
windows_event;win_event;E:\Cours\TFE\experiments\phase_dataset_strengthening\processed\multiformat_balanced_20260910T094422Z\samples\windows_event.xml;;211;2025-08-22T09:13:56.650896+00:00;WARNING;1008;Microsoft-Windows-Perflib;Microsoft-Windows-Perflib;andy-aaron;11924;13980;;S-1-5-21-3162627772-1273376818-3066158126-1001;;;;;;;;;;;;;;;;;;;;;;;;;INFORMATIONAL;generic;Service=WmiApRpl | Library=C:\WINDOWS\system32\wbem\wmiaprpl.dll | Win32Error=21
windows_event;win_event;E:\Cours\TFE\experiments\phase_dataset_strengthening\processed\multiformat_balanced_20260910T094422Z\samples\windows_event.xml;;212;2025-08-22T09:14:04.386356+00:00;INFO;256;Edge;Edge;andy-aaron;18532;0;;S-1-5-21-3162627772-1273376818-3066158126-1001;;;;;;;;;;;;;;;;;;;;;;;;;INFORMATIONAL;generic;<string>[18532:7580:0822/101404.383:INFO:chrome\browser\extensions\extension_garbage_collector.cc:184] Garbage collection for extensions on file thread is complete.</string>
windows_event;win_event;E:\Cours\TFE\experiments\phase_dataset_strengthening\processed\multiformat_balanced_20260910T094422Z\samples\windows_event.xml;;213;2025-08-22T09:15:57.292204+00:00;ERROR;50;Windows App Runtime;Windows App Runtime;andy-aaron;15232;0;;;;;;;;;;;;;;;;;;;;;;;;;;;SYSTEM_ERROR;error;<string>Windows App Runtime</string> <string>ERROR 0x80070032: Bootstrapper initialization failed while looking for version 1.5 (MSIX package version >= 0.0.0.0)</string>
windows_event;win_event;E:\Cours\TFE\experiments\phase_dataset_strengthening\processed\multiformat_balanced_20260910T094422Z\samples\windows_event.xml;;214;2025-08-22T09:16:30.451283+00:00;INFO;15;SecurityCenter;SecurityCenter;andy-aaron;9072;0;;;;;;;;;;;;;;;;;;;;;;;;;;;INFORMATIONAL;generic;<string>Avast Antivirus</string> <string>SECURITY_PRODUCT_STATE_ON</string>
windows_event;win_event;E:\Cours\TFE\experiments\phase_dataset_strengthening\processed\multiformat_balanced_20260910T094422Z\samples\windows_event.xml;;215;2025-08-22T09:16:30.629007+00:00;INFO;15;SecurityCenter;SecurityCenter;andy-aaron;9072;0;;;;;;;;;;;;;;;;;;;;;;;;;;;INFORMATIONAL;generic;<string>Avast Antivirus</string> <string>SECURITY_PRODUCT_STATE_ON</string>
windows_event;win_event;E:\Cours\TFE\experiments\phase_dataset_strengthening\processed\multiformat_balanced_20260910T094422Z\samples\windows_event.xml;;216;2025-08-22T09:16:30.774012+00:00;INFO;15;SecurityCenter;SecurityCenter;andy-aaron;9072;0;;;;;;;;;;;;;;;;;;;;;;;;;;;INFORMATIONAL;generic;<string>Avast Antivirus</string> <string>SECURITY_PRODUCT_STATE_ON</string>
windows_event;win_event;E:\Cours\TFE\experiments\phase_dataset_strengthening\processed\multiformat_balanced_20260910T094422Z\samples\windows_event.xml;;217;2025-08-22T09:16:30.914839+00:00;INFO;15;SecurityCenter;SecurityCenter;andy-aaron;9072;0;;;;;;;;;;;;;;;;;;;;;;;;;;;INFORMATIONAL;generic;<string>Avast Antivirus</string> <string>SECURITY_PRODUCT_STATE_ON</string>
windows_event;win_event;E:\Cours\TFE\experiments\phase_dataset_strengthening\processed\multiformat_balanced_20260910T094422Z\samples\windows_event.xml;;218;2025-08-22T09:17:39.917995+00:00;INFO;1001;Windows Error Reporting;Windows Error Reporting;andy-aaron;18660;19140;;S-1-5-18;;;;;;;;;;;;;;;;;;;;;;;;;INFORMATIONAL;generic;BucketType=0 | EventName=LiveKernelEvent | Response=Non disponible | CabId=0 | P1=1a8 | P2=a | P3=0 | P4=0 | P5=0 | P6=10_0_26100 | P7=0_0 | P8=256_1 | AttachedFiles=\\?\C:\WINDOWS\LiveKernelReports\WATCHDOG\WATCHDOG-20241228-1037.dmp \\?\C:\WINDOWS\SystemTemp\WER-63262875-0.sysdata.xml \\?\C:\ProgramData\Microsoft\Windows\WER\Temp\WER.c623e680-1800-4145-bcf4-a750070a34a7.tmp.WERInternalMetadata.xml \\?\C:\ProgramData\Microsoft\Windows\WER\Temp\WER.dcaa4e06-daf7-482b-bce4-4210df92e794.tmp.csv \\?\C:\ProgramData\Microsoft\Windows\WER\Temp\WER.cc1bb38b-83df-4fef-a156-78b92ffc523e.tmp.txt \\?\C:\ProgramData\Microsoft\Windows\WER\Temp\WER.80694598-3867-4ea3-a2de-15f9e65e84cf.tmp.xml | StorePath=\\?\C:\ProgramData\Microsoft\Windows\WER\ReportQueue\Kernel_1a8_3748bd66a7bb3ae96eac533a61a9ac86d47cc_00000000_c9f1e99d-9878-45e1-b845-42dea592aac2 | Rechecking=0 | ReportId=c9f1e99d-9878-45e1-b845-42dea592aac2 | ReportStatus=2051 | CabGuid=0
windows_event;win_event;E:\Cours\TFE\experiments\phase_dataset_strengthening\processed\multiformat_balanced_20260910T094422Z\samples\windows_event.xml;;219;2025-08-22T09:17:40.088051+00:00;INFO;1001;Windows Error Reporting;Windows Error Reporting;andy-aaron;18660;19140;;S-1-5-18;;;;;;;;;;;;;;;;;;;;;;;;;INFORMATIONAL;generic;BucketType=0 | EventName=LiveKernelEvent | Response=Non disponible | CabId=0 | P1=1d4 | P2=0 | P3=1 | P4=ffffea81deca1f70 | P5=102 | P6=10_0_26100 | P7=0_0 | P8=256_1 | AttachedFiles=\\?\C:\WINDOWS\LiveKernelReports\UcmUcsiCx.sys\UcmUcsiCx.sys-20250103-1355.dmp \\?\C:\WINDOWS\SystemTemp\WER-74992593-0.sysdata.xml \\?\C:\WINDOWS\LiveKernelReports\UcmUcsiCx.sys-20250103-1355.dmp \\?\C:\ProgramData\Microsoft\Windows\WER\Temp\WER.1c94202d-23d4-43bc-b803-51b15164ef24.tmp.WERInternalMetadata.xml \\?\C:\ProgramData\Microsoft\Windows\WER\Temp\WER.6a3e472c-3e58-4a46-b182-4f259af9b46f.tmp.csv \\?\C:\ProgramData\Microsoft\Windows\WER\Temp\WER.4e2c8e78-9965-43b4-991d-99b0a10ba760.tmp.txt \\?\C:\ProgramData\Microsoft\Windows\WER\Temp\WER.8a160590-50c5-4134-9abf-b59138c8446d.tmp.xml | StorePath=\\?\C:\ProgramData\Microsoft\Windows\WER\ReportQueue\Kernel_1d4_8fffa3be2ab8d282f3da8520e76c865c5296d55d_00000000_3ba80cad-33b1-4b02-825d-857ad3f9e072 | Rechecking=0 | ReportId=3ba80cad-33b1-4b02-825d-857ad3f9e072 | ReportStatus=2051 | CabGuid=0
windows_event;win_event;E:\Cours\TFE\experiments\phase_dataset_strengthening\processed\multiformat_balanced_20260910T094422Z\samples\windows_event.xml;;220;2025-08-22T09:17:40.330318+00:00;INFO;1001;Windows Error Reporting;Windows Error Reporting;andy-aaron;18660;19140;;S-1-5-18;;;;;;;;;;;;;;;;;;;;;;;;;INFORMATIONAL;generic;BucketType=0 | EventName=LiveKernelEvent | Response=Non disponible | CabId=0 | P1=141 | P2=ffff80872495b010 | P3=fffff8065fd667b0 | P4=0 | P5=ffff808719b79080 | P6=10_0_26100 | P7=0_0 | P8=256_1 | AttachedFiles=\\?\C:\WINDOWS\LiveKernelReports\WATCHDOG\WATCHDOG-20250312-1514.dmp \\?\C:\WINDOWS\SystemTemp\WER-1144664578-0.sysdata.xml \\?\C:\ProgramData\Microsoft\Windows\WER\Temp\WER.278c009a-7129-40ae-ae3f-6e1613a9bf88.tmp.WERInternalMetadata.xml \\?\C:\ProgramData\Microsoft\Windows\WER\Temp\WER.d37757a5-caeb-4073-a3c6-a9446fb1a4f3.tmp.csv \\?\C:\ProgramData\Microsoft\Windows\WER\Temp\WER.278e6571-9c5b-474e-a49d-d8484c1dbb9b.tmp.txt \\?\C:\ProgramData\Microsoft\Windows\WER\Temp\WER.50f12aa5-a12b-467f-9246-93778e4d79ff.tmp.xml | StorePath=\\?\C:\ProgramData\Microsoft\Windows\WER\ReportQueue\Kernel_141_65692e537b7e985eeb8057e76162e35b95d45_00000000_7b4cd463-539e-4c7b-821d-7bf781c1e17d | Rechecking=0 | ReportId=7b4cd463-539e-4c7b-821d-7bf781c1e17d | ReportStatus=2051 | CabGuid=0
windows_event;win_event;E:\Cours\TFE\experiments\phase_dataset_strengthening\processed\multiformat_balanced_20260910T094422Z\samples\windows_event.xml;;221;2025-08-22T09:17:40.532476+00:00;INFO;1001;Windows Error Reporting;Windows Error Reporting;andy-aaron;18660;19140;;S-1-5-18;;;;;;;;;;;;;;;;;;;;;;;;;INFORMATIONAL;generic;BucketType=0 | EventName=BlueScreen | Response=Non disponible | CabId=0 | P1=a | P2=ffffbd199bfd99b8 | P3=2 | P4=0 | P5=fffff807ef2ce08b | P6=10_0_26100 | P7=0_0 | P8=256_1 | AttachedFiles=\\?\C:\WINDOWS\Minidump\031325-24406-01.dmp \\?\C:\WINDOWS\SystemTemp\WER-24406-0.sysdata.xml \\?\C:\ProgramData\Microsoft\Windows\WER\Temp\WER.c6d483c2-fe72-4d05-963f-14bfdf89f020.tmp.WERInternalMetadata.xml \\?\C:\ProgramData\Microsoft\Windows\WER\Temp\WER.7ba05a37-0b43-4468-b04d-38c80619a3a8.tmp.csv \\?\C:\ProgramData\Microsoft\Windows\WER\Temp\WER.6ebcc7e2-6b4b-4313-b27f-fcfa523812e1.tmp.txt \\?\C:\ProgramData\Microsoft\Windows\WER\Temp\WER.d1a4b16e-e5d5-4a78-92b0-d145c7f9caff.tmp.xml | StorePath=\\?\C:\ProgramData\Microsoft\Windows\WER\ReportQueue\Kernel_a_e5101349288331572445900f746c7702ecc561_00000000_ec9e6671-ddef-49bb-aee8-5636f5e59f1b | Rechecking=0 | ReportId=3c2f588b-5575-47e3-8274-e445076b3ee0 | ReportStatus=2051 | CabGuid=0
windows_event;win_event;E:\Cours\TFE\experiments\phase_dataset_strengthening\processed\multiformat_balanced_20260910T094422Z\samples\windows_event.xml;;222;2025-08-22T09:17:40.720083+00:00;INFO;1001;Windows Error Reporting;Windows Error Reporting;andy-aaron;18660;19140;;S-1-5-18;;;;;;;;;;;;;;;;;;;;;;;;;INFORMATIONAL;generic;BucketType=0 | EventName=AppTermFailureEvent | Response=Non disponible | CabId=0 | AttachedFiles=\\?\C:\Windows\SystemTemp\WER.cf9fcada-0693-4457-8ae4-2753592aa22d.tmpatk.kdmp \\?\C:\Windows\SystemTemp\WER.a7cef2e6-b3cf-49e9-80bf-5a736101022d.tmp.appcompat.txt \\?\C:\ProgramData\Microsoft\Windows\WER\Temp\WER.f958e859-772c-4ab9-8133-3f11a0efa11d.tmp.WERInternalMetadata.xml \\?\C:\ProgramData\Microsoft\Windows\WER\Temp\WER.f9aeb094-6c24-4c18-9f8e-b40d61e328bd.tmp.csv \\?\C:\ProgramData\Microsoft\Windows\WER\Temp\WER.6e2fa4c3-f301-4a9a-b0b6-87ef3c5776e7.tmp.txt \\?\C:\ProgramData\Microsoft\Windows\WER\Temp\WER.245173d9-0e55-4485-a078-4c371d578ee3.tmp.xml | StorePath=\\?\C:\ProgramData\Microsoft\Windows\WER\ReportQueue\Kernel_0_0_00000000_3b556626-1ca4-4a02-8daf-7f25274a7c00 | Rechecking=0 | ReportId=15339037-e9b2-447a-9d4a-563a7af0e50f | ReportStatus=2051 | CabGuid=0
windows_event;win_event;E:\Cours\TFE\experiments\phase_dataset_strengthening\processed\multiformat_balanced_20260910T094422Z\samples\windows_event.xml;;223;2025-08-22T09:17:40.869686+00:00;INFO;1001;Windows Error Reporting;Windows Error Reporting;andy-aaron;18660;19140;;S-1-5-18;;;;;;;;;;;;;;;;;;;;;;;;;INFORMATIONAL;generic;BucketType=0 | EventName=AppTermFailureEvent | Response=Non disponible | CabId=0 | AttachedFiles=\\?\C:\Windows\SystemTemp\WER.0c16d4e2-a72b-431c-b3cd-19e3e1be6953.tmpatk.kdmp \\?\C:\Windows\SystemTemp\WER.b3e48785-8746-4d39-a758-4b8b468b6ac2.tmp.appcompat.txt \\?\C:\ProgramData\Microsoft\Windows\WER\Temp\WER.5487119f-bc7b-4930-9e7e-2cf526470cc4.tmp.WERInternalMetadata.xml \\?\C:\ProgramData\Microsoft\Windows\WER\Temp\WER.f1812ce5-396d-41b7-a771-f6d2a4b32f2d.tmp.csv \\?\C:\ProgramData\Microsoft\Windows\WER\Temp\WER.9cce2d8e-d4ca-4aff-98a9-a8d6c8d1bbe0.tmp.txt \\?\C:\ProgramData\Microsoft\Windows\WER\Temp\WER.01b80f97-fbb3-4751-971f-41e145019250.tmp.xml | StorePath=\\?\C:\ProgramData\Microsoft\Windows\WER\ReportQueue\Kernel_0_0_00000000_6c360615-cec7-4cc7-b883-1ad06cd3e5a8 | Rechecking=0 | ReportId=36277f58-287e-4f94-89b0-44ab31a14743 | ReportStatus=2051 | CabGuid=0
windows_event;win_event;E:\Cours\TFE\experiments\phase_dataset_strengthening\processed\multiformat_balanced_20260910T094422Z\samples\windows_event.xml;;224;2025-08-22T09:17:40.992397+00:00;INFO;1001;Windows Error Reporting;Windows Error Reporting;andy-aaron;18660;19140;;S-1-5-18;;;;;;;;;;;;;;;;;;;;;;;;;INFORMATIONAL;generic;BucketType=0 | EventName=BlueScreen | Response=Non disponible | CabId=0 | P1=50 | P2=ffffa3036b198590 | P3=2 | P4=fffff80124301a61 | P5=2 | P6=10_0_26100 | P7=0_0 | P8=256_1 | AttachedFiles=\\?\C:\WINDOWS\Minidump\070325-23468-01.dmp \\?\C:\WINDOWS\SystemTemp\WER-23484-0.sysdata.xml \\?\C:\ProgramData\Microsoft\Windows\WER\Temp\WER.b603b674-1787-4948-9b01-bdc6f5be76eb.tmp.WERInternalMetadata.xml \\?\C:\ProgramData\Microsoft\Windows\WER\Temp\WER.e7e983b8-58f4-4f47-9381-2ffc586e231b.tmp.csv \\?\C:\ProgramData\Microsoft\Windows\WER\Temp\WER.42990ba5-1374-4312-b954-312a1cccd55a.tmp.txt \\?\C:\ProgramData\Microsoft\Windows\WER\Temp\WER.a5580add-a5cf-4d9e-a1aa-4ac7aefc78f4.tmp.xml | StorePath=\\?\C:\ProgramData\Microsoft\Windows\WER\ReportQueue\Kernel_50_13c767d170406b8b397519cf8e17aeb6c557f457_00000000_a95aa03e-6358-475d-bd7d-a58793a523d2 | Rechecking=0 | ReportId=5115b9f1-f158-47cc-a40c-2adab16904af | ReportStatus=2051 | CabGuid=0
windows_event;win_event;E:\Cours\TFE\experiments\phase_dataset_strengthening\processed\multiformat_balanced_20260910T094422Z\samples\windows_event.xml;;225;2025-08-22T09:17:41.097013+00:00;INFO;1001;Windows Error Reporting;Windows Error Reporting;andy-aaron;18660;19140;;S-1-5-18;;;;;;;;;;;;;;;;;;;;;;;;;INFORMATIONAL;generic;BucketType=0 | EventName=BlueScreen | Response=Non disponible | CabId=0 | P1=50 | P2=ffff978457755610 | P3=2 | P4=fffff80225384cb6 | P5=2 | P6=10_0_26100 | P7=0_0 | P8=256_1 | AttachedFiles=\\?\C:\WINDOWS\Minidump\080925-26250-01.dmp \\?\C:\WINDOWS\SystemTemp\WER-26265-0.sysdata.xml \\?\C:\ProgramData\Microsoft\Windows\WER\Temp\WER.588a643c-6288-4c1d-b386-84bbf85b8e7b.tmp.WERInternalMetadata.xml \\?\C:\ProgramData\Microsoft\Windows\WER\Temp\WER.3d41afc2-b355-45c8-86a3-03a084b40a88.tmp.csv \\?\C:\ProgramData\Microsoft\Windows\WER\Temp\WER.3087efe9-cf71-4cc1-9347-9d9ab4fdcda0.tmp.txt \\?\C:\ProgramData\Microsoft\Windows\WER\Temp\WER.9088dbbb-b8a8-41f0-a31c-2636cde90085.tmp.xml | StorePath=\\?\C:\ProgramData\Microsoft\Windows\WER\ReportQueue\Kernel_50_92a55ed52b52527b6998ab5e7d1f40d37b688472_00000000_c2db0de2-9e3d-440e-99a3-9d1f740c7c16 | Rechecking=0 | ReportId=313362e5-1ed3-476a-86aa-2ed08fd40423 | ReportStatus=2051 | CabGuid=0
windows_event;win_event;E:\Cours\TFE\experiments\phase_dataset_strengthening\processed\multiformat_balanced_20260910T094422Z\samples\windows_event.xml;;226;2025-08-22T09:17:44.899910+00:00;INFO;16394;Microsoft-Windows-Security-SPP;Microsoft-Windows-Security-SPP;andy-aaron;11860;0;;;;;;;;;;;;;;;;;;;;;;;;;;;INFORMATIONAL;generic;
windows_event;win_event;E:\Cours\TFE\experiments\phase_dataset_strengthening\processed\multiformat_balanced_20260910T094422Z\samples\windows_event.xml;;227;2025-08-22T09:17:56.408213+00:00;INFO;15;SecurityCenter;SecurityCenter;andy-aaron;9072;0;;;;;;;;;;;;;;;;;;;;;;;;;;;INFORMATIONAL;generic;<string>Avast Antivirus</string> <string>SECURITY_PRODUCT_STATE_ON</string>
windows_event;win_event;E:\Cours\TFE\experiments\phase_dataset_strengthening\processed\multiformat_balanced_20260910T094422Z\samples\windows_event.xml;;228;2025-08-22T09:17:56.553200+00:00;INFO;15;SecurityCenter;SecurityCenter;andy-aaron;9072;0;;;;;;;;;;;;;;;;;;;;;;;;;;;INFORMATIONAL;generic;<string>Avast Antivirus</string> <string>SECURITY_PRODUCT_STATE_ON</string>
windows_event;win_event;E:\Cours\TFE\experiments\phase_dataset_strengthening\processed\multiformat_balanced_20260910T094422Z\samples\windows_event.xml;;229;2025-08-22T09:18:15.322206+00:00;INFO;16384;Microsoft-Windows-Security-SPP;Microsoft-Windows-Security-SPP;andy-aaron;11860;0;;;;;;;;;;;;;;;;;;;;;;;;;;;INFORMATIONAL;generic;<string>2125-07-29T09:18:15Z</string> <string>RulesEngine</string>
windows_event;win_event;E:\Cours\TFE\experiments\phase_dataset_strengthening\processed\multiformat_balanced_20260910T094422Z\samples\windows_event.xml;;230;2025-08-22T09:18:45.523851+00:00;INFO;16394;Microsoft-Windows-Security-SPP;Microsoft-Windows-Security-SPP;andy-aaron;18796;0;;;;;;;;;;;;;;;;;;;;;;;;;;;INFORMATIONAL;generic;
windows_event;win_event;E:\Cours\TFE\experiments\phase_dataset_strengthening\processed\multiformat_balanced_20260910T094422Z\samples\windows_event.xml;;231;2025-08-22T09:19:29.387796+00:00;INFO;16384;Microsoft-Windows-Security-SPP;Microsoft-Windows-Security-SPP;andy-aaron;18796;0;;;;;;;;;;;;;;;;;;;;;;;;;;;INFORMATIONAL;generic;<string>2125-07-29T09:19:28Z</string> <string>RulesEngine</string>
windows_event;win_event;E:\Cours\TFE\experiments\phase_dataset_strengthening\processed\multiformat_balanced_20260910T094422Z\samples\windows_event.xml;;232;2025-08-22T09:20:39.464579+00:00;INFO;16394;Microsoft-Windows-Security-SPP;Microsoft-Windows-Security-SPP;andy-aaron;4844;0;;;;;;;;;;;;;;;;;;;;;;;;;;;INFORMATIONAL;generic;
windows_event;win_event;E:\Cours\TFE\experiments\phase_dataset_strengthening\processed\multiformat_balanced_20260910T094422Z\samples\windows_event.xml;;233;2025-08-22T09:21:09.976377+00:00;INFO;16384;Microsoft-Windows-Security-SPP;Microsoft-Windows-Security-SPP;andy-aaron;4844;0;;;;;;;;;;;;;;;;;;;;;;;;;;;INFORMATIONAL;generic;<string>2125-07-29T09:21:09Z</string> <string>RulesEngine</string>
windows_event;win_event;E:\Cours\TFE\experiments\phase_dataset_strengthening\processed\multiformat_balanced_20260910T094422Z\samples\windows_event.xml;;234;2025-08-22T09:21:12.116285+00:00;INFO;16394;Microsoft-Windows-Security-SPP;Microsoft-Windows-Security-SPP;andy-aaron;20264;0;;;;;;;;;;;;;;;;;;;;;;;;;;;INFORMATIONAL;generic;
windows_event;win_event;E:\Cours\TFE\experiments\phase_dataset_strengthening\processed\multiformat_balanced_20260910T094422Z\samples\windows_event.xml;;235;2025-08-22T09:21:42.541735+00:00;INFO;16384;Microsoft-Windows-Security-SPP;Microsoft-Windows-Security-SPP;andy-aaron;20264;0;;;;;;;;;;;;;;;;;;;;;;;;;;;INFORMATIONAL;generic;<string>2125-07-29T09:21:42Z</string> <string>RulesEngine</string>
windows_event;win_event;E:\Cours\TFE\experiments\phase_dataset_strengthening\processed\multiformat_balanced_20260910T094422Z\samples\windows_event.xml;;236;2025-08-22T09:22:41.276726+00:00;INFO;16394;Microsoft-Windows-Security-SPP;Microsoft-Windows-Security-SPP;andy-aaron;12264;0;;;;;;;;;;;;;;;;;;;;;;;;;;;INFORMATIONAL;generic;
windows_event;win_event;E:\Cours\TFE\experiments\phase_dataset_strengthening\processed\multiformat_balanced_20260910T094422Z\samples\windows_event.xml;;237;2025-08-22T09:23:24.440405+00:00;INFO;16384;Microsoft-Windows-Security-SPP;Microsoft-Windows-Security-SPP;andy-aaron;12264;0;;;;;;;;;;;;;;;;;;;;;;;;;;;INFORMATIONAL;generic;<string>2125-07-29T09:23:24Z</string> <string>RulesEngine</string>
windows_event;win_event;E:\Cours\TFE\experiments\phase_dataset_strengthening\processed\multiformat_balanced_20260910T094422Z\samples\windows_event.xml;;238;2025-08-22T09:26:42.308855+00:00;INFO;34;Oracle.xe;Oracle.xe;andy-aaron;8052;0;;;;;;;;;;;;;;;;;;;;;;;;;;;INFORMATIONAL;generic;<string>LENGTH: '781' ACTION :[528] 'SELECT * FROM (SELECT sql_id, force_matching_signature, sql_text, parsing_schema_name, module, action, elapsed_time, cpu_time, buffer_gets, bind_data, disk_reads, direct_writes, rows_processed, fetches, executions, end_of_fetch_count, optimizer_cost, first_load_time, optimizer_env, priority, command_type, stat_period, active_stat_period, plan_hash_value , sql_seq, con_dbid, last_exec_start_time FROM sys.user_sqlset_statements) WHERE (last_exec_start_time < '2024-08-14/10:26:42')' DATABASE USER:[3] 'SYS' PRIVILEGE :[6] 'SYSDBA' CLIENT USER:[0] '' CLIENT TERMINAL:[10] 'ANDY-AARON' STATUS:[1] '0' DBID:[10] '1689037571' SESSIONID:[6] '400344' USERHOST:[10] 'ANDY-AARON' CLIENT ADDRESS:[0] '' ACTION NUMBER:[1] '3' </string>
windows_event;win_event;E:\Cours\TFE\experiments\phase_dataset_strengthening\processed\multiformat_balanced_20260910T094422Z\samples\windows_event.xml;;239;2025-08-22T09:26:42.448362+00:00;INFO;34;Oracle.xe;Oracle.xe;andy-aaron;8052;0;;;;;;;;;;;;;;;;;;;;;;;;;;;INFORMATIONAL;generic;<string>LENGTH: '2242' ACTION :[1988] 'SELECT * FROM (SELECT sql_id, force_matching_signature, NVL(plan_hash_value, 0) plan_hash_value, sql_fulltext as sql_text, parsing_schema_name, module, action, elapsed_time, cpu_time, buffer_gets, last_active_child_address, TO_CHAR(first_load_time, 'YYYY-MM-DD/HH24:MI:SS') first_load_time, last_load_time, disk_reads, direct_writes, rows_processed, fetches, executions, end_of_fetch_count, optimizer_cost, optimizer_env, command_type, loaded_versions, bind_data, last_active_time, con_dbid, TO_CHAR(last_exec_start_time, 'YYYY-MM-DD/HH24:MI:SS') last_exec_start_time FROM sys.v_$sqlarea_plan_hash s) WHERE ( (module is null or (module != 'SYS_AI_MODULE' and module != 'SYS_AUTO_STS_MODULE')) and sql_text not like 'SELECT /* DS_SVC */%' and sql_text not like 'SELECT /* OPT_DYN_SAMP */%' and sql_text not like '/*AUTO_INDEX:ddl*/%' and sql_text not like '%/*+%dbms_stats%' and sql_text not like '%/* SQL Analyze(%' and command_type not in (9, 10, 11) and plan_hash_value > 0 and (con_dbid, force_matching_signature) not in (select /*+ unnest no_merge */ sss.con_dbid, sss.force_matching_signature from wri$_sqlset_definitions ssf, wri$_sqlset_statements sss where ssf.id = sss.sqlset_id and ssf.con_dbid = sss.con_dbid and ssf.owner = 'SYS' and ssf.name = 'SYS_AUTO_STS' and ssf.con_dbid = sys_context('userenv','con_dbid') and force_matching_signature > 0 group by sss.con_dbid, sss.sqlset_id, sss.force_matching_signature having count(*) > 1000) )' DATABASE USER:[3] 'SYS' PRIVILEGE :[6] 'SYSDBA' CLIENT USER:[0] '' CLIENT TERMINAL:[10] 'ANDY-AARON' STATUS:[1] '0' DBID:[10] '1689037571' SESSIONID:[6] '400344' USERHOST:[10] 'ANDY-AARON' CLIENT ADDRESS:[0] '' ACTION NUMBER:[1] '3' </string>
windows_event;win_event;E:\Cours\TFE\experiments\phase_dataset_strengthening\processed\multiformat_balanced_20260910T094422Z\samples\windows_event.xml;;240;2025-08-22T09:30:14.926737+00:00;INFO;256;Chrome;Chrome;andy-aaron;19232;0;;S-1-5-21-3162627772-1273376818-3066158126-1001;;;;;;;;;;;;;;;;;;;;;;;;;INFORMATIONAL;generic;<string>[19232:4652:0822/103014.925:INFO:chrome\browser\extensions\extension_garbage_collector.cc:184] Garbage collection for extensions on file thread is complete.</string>
windows_event;win_event;E:\Cours\TFE\experiments\phase_dataset_strengthening\processed\multiformat_balanced_20260910T094422Z\samples\windows_event.xml;;241;2025-08-22T09:30:18.136606+00:00;INFO;256;Chrome;Chrome;andy-aaron;19232;0;;S-1-5-21-3162627772-1273376818-3066158126-1001;;;;;;;;;;;;;;;;;;;;;;;;;INFORMATIONAL;generic;<string>[19232:4652:0822/103018.135:INFO:chrome\browser\extensions\extension_garbage_collector.cc:184] Garbage collection for extensions on file thread is complete.</string>
windows_event;win_event;E:\Cours\TFE\experiments\phase_dataset_strengthening\processed\multiformat_balanced_20260910T094422Z\samples\windows_event.xml;;242;2025-08-22T09:31:14.944510+00:00;INFO;256;Chrome;Chrome;andy-aaron;19232;0;;S-1-5-21-3162627772-1273376818-3066158126-1001;;;;;;;;;;;;;;;;;;;;;;;;;INFORMATIONAL;generic;<string>[19232:1132:0822/103114.943:INFO:rlz\lib\rlz_lib.cc:442] Attempting to send RLZ ping brand=GCEA</string>
windows_event;win_event;E:\Cours\TFE\experiments\phase_dataset_strengthening\processed\multiformat_balanced_20260910T094422Z\samples\windows_event.xml;;243;2025-08-22T09:31:17.532894+00:00;INFO;256;Chrome;Chrome;andy-aaron;19232;0;;S-1-5-21-3162627772-1273376818-3066158126-1001;;;;;;;;;;;;;;;;;;;;;;;;;INFORMATIONAL;generic;<string>[19232:1132:0822/103117.532:INFO:rlz\lib\rlz_lib.cc:451] Succeeded in sending RLZ ping</string>
windows_event;win_event;E:\Cours\TFE\experiments\phase_dataset_strengthening\processed\multiformat_balanced_20260910T094422Z\samples\windows_event.xml;;244;2025-08-22T09:32:41.730562+00:00;INFO;16384;WindowsAppRuntime Installer;WindowsAppRuntime Installer;andy-aaron;20456;0;;;;;;;;;;;;;;;;;;;;;;;;;;;INFORMATIONAL;generic;<string>Windows App Runtime Installer (ActivityId: {00000000-0000-0000-0000-000000000000}) is called with Command Line Args: --quiet </string>
windows_event;win_event;E:\Cours\TFE\experiments\phase_dataset_strengthening\processed\multiformat_balanced_20260910T094422Z\samples\windows_event.xml;;245;2025-08-22T09:32:43.931002+00:00;;0;WindowsAppRuntime Installer;WindowsAppRuntime Installer;andy-aaron;20456;0;;;;;;;;;;;;;;;;;;;;;;;;;;;INFORMATIONAL;generic;
windows_event;win_event;E:\Cours\TFE\experiments\phase_dataset_strengthening\processed\multiformat_balanced_20260910T094422Z\samples\windows_event.xml;;246;2025-08-22T09:32:44.104696+00:00;ERROR;50;Windows App Runtime;Windows App Runtime;andy-aaron;16644;0;;;;;;;;;;;;;;;;;;;;;;;;;;;SYSTEM_ERROR;error;<string>Windows App Runtime</string> <string>ERROR 0x80070032: Bootstrapper initialization failed while looking for version 1.5 (MSIX package version >= 0.0.0.0)</string>
windows_event;win_event;E:\Cours\TFE\experiments\phase_dataset_strengthening\processed\multiformat_balanced_20260910T094422Z\samples\windows_event.xml;;247;2025-08-22T09:41:44.776136+00:00;INFO;34;Oracle.xe;Oracle.xe;andy-aaron;8052;0;;;;;;;;;;;;;;;;;;;;;;;;;;;INFORMATIONAL;generic;<string>LENGTH: '781' ACTION :[528] 'SELECT * FROM (SELECT sql_id, force_matching_signature, sql_text, parsing_schema_name, module, action, elapsed_time, cpu_time, buffer_gets, bind_data, disk_reads, direct_writes, rows_processed, fetches, executions, end_of_fetch_count, optimizer_cost, first_load_time, optimizer_env, priority, command_type, stat_period, active_stat_period, plan_hash_value , sql_seq, con_dbid, last_exec_start_time FROM sys.user_sqlset_statements) WHERE (last_exec_start_time < '2024-08-14/10:41:44')' DATABASE USER:[3] 'SYS' PRIVILEGE :[6] 'SYSDBA' CLIENT USER:[0] '' CLIENT TERMINAL:[10] 'ANDY-AARON' STATUS:[1] '0' DBID:[10] '1689037571' SESSIONID:[6] '400345' USERHOST:[10] 'ANDY-AARON' CLIENT ADDRESS:[0] '' ACTION NUMBER:[1] '3' </string>
windows_event;win_event;E:\Cours\TFE\experiments\phase_dataset_strengthening\processed\multiformat_balanced_20260910T094422Z\samples\windows_event.xml;;248;2025-08-22T09:41:44.958265+00:00;INFO;34;Oracle.xe;Oracle.xe;andy-aaron;8052;0;;;;;;;;;;;;;;;;;;;;;;;;;;;INFORMATIONAL;generic;<string>LENGTH: '2242' ACTION :[1988] 'SELECT * FROM (SELECT sql_id, force_matching_signature, NVL(plan_hash_value, 0) plan_hash_value, sql_fulltext as sql_text, parsing_schema_name, module, action, elapsed_time, cpu_time, buffer_gets, last_active_child_address, TO_CHAR(first_load_time, 'YYYY-MM-DD/HH24:MI:SS') first_load_time, last_load_time, disk_reads, direct_writes, rows_processed, fetches, executions, end_of_fetch_count, optimizer_cost, optimizer_env, command_type, loaded_versions, bind_data, last_active_time, con_dbid, TO_CHAR(last_exec_start_time, 'YYYY-MM-DD/HH24:MI:SS') last_exec_start_time FROM sys.v_$sqlarea_plan_hash s) WHERE ( (module is null or (module != 'SYS_AI_MODULE' and module != 'SYS_AUTO_STS_MODULE')) and sql_text not like 'SELECT /* DS_SVC */%' and sql_text not like 'SELECT /* OPT_DYN_SAMP */%' and sql_text not like '/*AUTO_INDEX:ddl*/%' and sql_text not like '%/*+%dbms_stats%' and sql_text not like '%/* SQL Analyze(%' and command_type not in (9, 10, 11) and plan_hash_value > 0 and (con_dbid, force_matching_signature) not in (select /*+ unnest no_merge */ sss.con_dbid, sss.force_matching_signature from wri$_sqlset_definitions ssf, wri$_sqlset_statements sss where ssf.id = sss.sqlset_id and ssf.con_dbid = sss.con_dbid and ssf.owner = 'SYS' and ssf.name = 'SYS_AUTO_STS' and ssf.con_dbid = sys_context('userenv','con_dbid') and force_matching_signature > 0 group by sss.con_dbid, sss.sqlset_id, sss.force_matching_signature having count(*) > 1000) )' DATABASE USER:[3] 'SYS' PRIVILEGE :[6] 'SYSDBA' CLIENT USER:[0] '' CLIENT TERMINAL:[10] 'ANDY-AARON' STATUS:[1] '0' DBID:[10] '1689037571' SESSIONID:[6] '400345' USERHOST:[10] 'ANDY-AARON' CLIENT ADDRESS:[0] '' ACTION NUMBER:[1] '3' </string>
windows_event;win_event;E:\Cours\TFE\experiments\phase_dataset_strengthening\processed\multiformat_balanced_20260910T094422Z\samples\windows_event.xml;;249;2025-08-22T09:47:12.232407+00:00;INFO;16394;Microsoft-Windows-Security-SPP;Microsoft-Windows-Security-SPP;andy-aaron;2912;0;;;;;;;;;;;;;;;;;;;;;;;;;;;INFORMATIONAL;generic;
windows_event;win_event;E:\Cours\TFE\experiments\phase_dataset_strengthening\processed\multiformat_balanced_20260910T094422Z\samples\windows_event.xml;;250;2025-08-22T09:48:02.235296+00:00;INFO;16384;Microsoft-Windows-Security-SPP;Microsoft-Windows-Security-SPP;andy-aaron;2912;0;;;;;;;;;;;;;;;;;;;;;;;;;;;INFORMATIONAL;generic;<string>2125-07-29T09:48:02Z</string> <string>RulesEngine</string>
windows_event;win_event;E:\Cours\TFE\experiments\phase_dataset_strengthening\processed\multiformat_balanced_20260910T094422Z\samples\windows_event.xml;;251;2025-08-22T09:48:39.957294+00:00;INFO;0;edgeupdate;edgeupdate;andy-aaron;20020;0;;;;;;;;;;;;;;;;;;;;;;;;;;;CONFIGURATION_CHANGE;system_or_policy;<string>Service stopped</string>
windows_event;win_event;E:\Cours\TFE\experiments\phase_dataset_strengthening\processed\multiformat_balanced_20260910T094422Z\samples\windows_event.xml;;252;2025-08-22T09:53:23.744764+00:00;INFO;0;HotKeyServiceUWP;HotKeyServiceUWP;andy-aaron;14048;0;;;;;;;;;;;;;;;;;;;;;;;;;;;INFORMATIONAL;generic;<string>PowerEvent-default - 0xa</string>
windows_event;win_event;E:\Cours\TFE\experiments\phase_dataset_strengthening\processed\multiformat_balanced_20260910T094422Z\samples\windows_event.xml;;253;2025-08-22T09:53:23.845600+00:00;INFO;0;HP Comm Recovery;HP Comm Recovery;andy-aaron;780;0;;;;;;;;;;;;;;;;;;;;;;;;;;;INFORMATIONAL;generic;<string>Le service a géré avec succès PowerEvent.</string>
windows_event;win_event;E:\Cours\TFE\experiments\phase_dataset_strengthening\processed\multiformat_balanced_20260910T094422Z\samples\windows_event.xml;;254;2025-08-22T09:53:23.859709+00:00;INFO;0;igccservice;igccservice;andy-aaron;812;0;;;;;;;;;;;;;;;;;;;;;;;;;;;INFORMATIONAL;generic;<string>Le service a géré avec succès PowerEvent.</string>
windows_event;win_event;E:\Cours\TFE\experiments\phase_dataset_strengthening\processed\multiformat_balanced_20260910T094422Z\samples\windows_event.xml;;255;2025-08-22T09:53:23.888432+00:00;INFO;0;HotKeyServiceUWP;HotKeyServiceUWP;andy-aaron;3992;0;;;;;;;;;;;;;;;;;;;;;;;;;;;INFORMATIONAL;generic;<string>PowerEvent-default - 0xa</string>
windows_event;win_event;E:\Cours\TFE\experiments\phase_dataset_strengthening\processed\multiformat_balanced_20260910T094422Z\samples\windows_event.xml;;256;2025-08-22T09:53:26.233839+00:00;INFO;0;HotKeyServiceUWP;HotKeyServiceUWP;andy-aaron;14048;0;;;;;;;;;;;;;;;;;;;;;;;;;;;INFORMATIONAL;generic;<string>PowerEvent-default - 0xa</string>
windows_event;win_event;E:\Cours\TFE\experiments\phase_dataset_strengthening\processed\multiformat_balanced_20260910T094422Z\samples\windows_event.xml;;257;2025-08-22T09:53:26.245623+00:00;INFO;0;HP Comm Recovery;HP Comm Recovery;andy-aaron;780;0;;;;;;;;;;;;;;;;;;;;;;;;;;;INFORMATIONAL;generic;<string>Le service a géré avec succès PowerEvent.</string>
windows_event;win_event;E:\Cours\TFE\experiments\phase_dataset_strengthening\processed\multiformat_balanced_20260910T094422Z\samples\windows_event.xml;;258;2025-08-22T09:53:26.249996+00:00;INFO;0;igccservice;igccservice;andy-aaron;812;0;;;;;;;;;;;;;;;;;;;;;;;;;;;INFORMATIONAL;generic;<string>Le service a géré avec succès PowerEvent.</string>
windows_event;win_event;E:\Cours\TFE\experiments\phase_dataset_strengthening\processed\multiformat_balanced_20260910T094422Z\samples\windows_event.xml;;259;2025-08-22T09:53:26.257996+00:00;INFO;0;HotKeyServiceUWP;HotKeyServiceUWP;andy-aaron;3992;0;;;;;;;;;;;;;;;;;;;;;;;;;;;INFORMATIONAL;generic;<string>PowerEvent-default - 0xa</string>
windows_event;win_event;E:\Cours\TFE\experiments\phase_dataset_strengthening\processed\multiformat_balanced_20260910T094422Z\samples\windows_event.xml;;260;2025-08-22T09:56:24.993389+00:00;INFO;1001;Windows Error Reporting;Windows Error Reporting;andy-aaron;18160;15040;;S-1-5-18;;;;;;;;;;;;;;;;;;;;;;;;;INFORMATIONAL;generic;BucketType=0 | EventName=LiveKernelEvent | Response=Non disponible | CabId=0 | P1=1a8 | P2=a | P3=0 | P4=0 | P5=0 | P6=10_0_26100 | P7=0_0 | P8=256_1 | AttachedFiles=\\?\C:\WINDOWS\LiveKernelReports\WATCHDOG\WATCHDOG-20241228-1037.dmp \\?\C:\WINDOWS\SystemTemp\WER-63262875-0.sysdata.xml \\?\C:\ProgramData\Microsoft\Windows\WER\Temp\WER.c623e680-1800-4145-bcf4-a750070a34a7.tmp.WERInternalMetadata.xml \\?\C:\ProgramData\Microsoft\Windows\WER\Temp\WER.dcaa4e06-daf7-482b-bce4-4210df92e794.tmp.csv \\?\C:\ProgramData\Microsoft\Windows\WER\Temp\WER.cc1bb38b-83df-4fef-a156-78b92ffc523e.tmp.txt \\?\C:\ProgramData\Microsoft\Windows\WER\Temp\WER.80694598-3867-4ea3-a2de-15f9e65e84cf.tmp.xml | StorePath=\\?\C:\ProgramData\Microsoft\Windows\WER\ReportQueue\Kernel_1a8_3748bd66a7bb3ae96eac533a61a9ac86d47cc_00000000_c9f1e99d-9878-45e1-b845-42dea592aac2 | Rechecking=0 | ReportId=c9f1e99d-9878-45e1-b845-42dea592aac2 | ReportStatus=2051 | CabGuid=0
windows_event;win_event;E:\Cours\TFE\experiments\phase_dataset_strengthening\processed\multiformat_balanced_20260910T094422Z\samples\windows_event.xml;;261;2025-08-22T09:56:25.041447+00:00;INFO;1001;Windows Error Reporting;Windows Error Reporting;andy-aaron;18160;15040;;S-1-5-18;;;;;;;;;;;;;;;;;;;;;;;;;INFORMATIONAL;generic;BucketType=0 | EventName=LiveKernelEvent | Response=Non disponible | CabId=0 | P1=1d4 | P2=0 | P3=1 | P4=ffffea81deca1f70 | P5=102 | P6=10_0_26100 | P7=0_0 | P8=256_1 | AttachedFiles=\\?\C:\WINDOWS\LiveKernelReports\UcmUcsiCx.sys\UcmUcsiCx.sys-20250103-1355.dmp \\?\C:\WINDOWS\SystemTemp\WER-74992593-0.sysdata.xml \\?\C:\WINDOWS\LiveKernelReports\UcmUcsiCx.sys-20250103-1355.dmp \\?\C:\ProgramData\Microsoft\Windows\WER\Temp\WER.1c94202d-23d4-43bc-b803-51b15164ef24.tmp.WERInternalMetadata.xml \\?\C:\ProgramData\Microsoft\Windows\WER\Temp\WER.6a3e472c-3e58-4a46-b182-4f259af9b46f.tmp.csv \\?\C:\ProgramData\Microsoft\Windows\WER\Temp\WER.4e2c8e78-9965-43b4-991d-99b0a10ba760.tmp.txt \\?\C:\ProgramData\Microsoft\Windows\WER\Temp\WER.8a160590-50c5-4134-9abf-b59138c8446d.tmp.xml | StorePath=\\?\C:\ProgramData\Microsoft\Windows\WER\ReportQueue\Kernel_1d4_8fffa3be2ab8d282f3da8520e76c865c5296d55d_00000000_3ba80cad-33b1-4b02-825d-857ad3f9e072 | Rechecking=0 | ReportId=3ba80cad-33b1-4b02-825d-857ad3f9e072 | ReportStatus=2051 | CabGuid=0
windows_event;win_event;E:\Cours\TFE\experiments\phase_dataset_strengthening\processed\multiformat_balanced_20260910T094422Z\samples\windows_event.xml;;262;2025-08-22T09:56:25.090780+00:00;INFO;1001;Windows Error Reporting;Windows Error Reporting;andy-aaron;18160;15040;;S-1-5-18;;;;;;;;;;;;;;;;;;;;;;;;;INFORMATIONAL;generic;BucketType=0 | EventName=LiveKernelEvent | Response=Non disponible | CabId=0 | P1=141 | P2=ffff80872495b010 | P3=fffff8065fd667b0 | P4=0 | P5=ffff808719b79080 | P6=10_0_26100 | P7=0_0 | P8=256_1 | AttachedFiles=\\?\C:\WINDOWS\LiveKernelReports\WATCHDOG\WATCHDOG-20250312-1514.dmp \\?\C:\WINDOWS\SystemTemp\WER-1144664578-0.sysdata.xml \\?\C:\ProgramData\Microsoft\Windows\WER\Temp\WER.278c009a-7129-40ae-ae3f-6e1613a9bf88.tmp.WERInternalMetadata.xml \\?\C:\ProgramData\Microsoft\Windows\WER\Temp\WER.d37757a5-caeb-4073-a3c6-a9446fb1a4f3.tmp.csv \\?\C:\ProgramData\Microsoft\Windows\WER\Temp\WER.278e6571-9c5b-474e-a49d-d8484c1dbb9b.tmp.txt \\?\C:\ProgramData\Microsoft\Windows\WER\Temp\WER.50f12aa5-a12b-467f-9246-93778e4d79ff.tmp.xml | StorePath=\\?\C:\ProgramData\Microsoft\Windows\WER\ReportQueue\Kernel_141_65692e537b7e985eeb8057e76162e35b95d45_00000000_7b4cd463-539e-4c7b-821d-7bf781c1e17d | Rechecking=0 | ReportId=7b4cd463-539e-4c7b-821d-7bf781c1e17d | ReportStatus=2051 | CabGuid=0
windows_event;win_event;E:\Cours\TFE\experiments\phase_dataset_strengthening\processed\multiformat_balanced_20260910T094422Z\samples\windows_event.xml;;263;2025-08-22T09:56:25.141306+00:00;INFO;1001;Windows Error Reporting;Windows Error Reporting;andy-aaron;18160;15040;;S-1-5-18;;;;;;;;;;;;;;;;;;;;;;;;;INFORMATIONAL;generic;BucketType=0 | EventName=BlueScreen | Response=Non disponible | CabId=0 | P1=a | P2=ffffbd199bfd99b8 | P3=2 | P4=0 | P5=fffff807ef2ce08b | P6=10_0_26100 | P7=0_0 | P8=256_1 | AttachedFiles=\\?\C:\WINDOWS\Minidump\031325-24406-01.dmp \\?\C:\WINDOWS\SystemTemp\WER-24406-0.sysdata.xml \\?\C:\ProgramData\Microsoft\Windows\WER\Temp\WER.c6d483c2-fe72-4d05-963f-14bfdf89f020.tmp.WERInternalMetadata.xml \\?\C:\ProgramData\Microsoft\Windows\WER\Temp\WER.7ba05a37-0b43-4468-b04d-38c80619a3a8.tmp.csv \\?\C:\ProgramData\Microsoft\Windows\WER\Temp\WER.6ebcc7e2-6b4b-4313-b27f-fcfa523812e1.tmp.txt \\?\C:\ProgramData\Microsoft\Windows\WER\Temp\WER.d1a4b16e-e5d5-4a78-92b0-d145c7f9caff.tmp.xml | StorePath=\\?\C:\ProgramData\Microsoft\Windows\WER\ReportQueue\Kernel_a_e5101349288331572445900f746c7702ecc561_00000000_ec9e6671-ddef-49bb-aee8-5636f5e59f1b | Rechecking=0 | ReportId=3c2f588b-5575-47e3-8274-e445076b3ee0 | ReportStatus=2051 | CabGuid=0
windows_event;win_event;E:\Cours\TFE\experiments\phase_dataset_strengthening\processed\multiformat_balanced_20260910T094422Z\samples\windows_event.xml;;264;2025-08-22T09:56:25.191700+00:00;INFO;1001;Windows Error Reporting;Windows Error Reporting;andy-aaron;18160;15040;;S-1-5-18;;;;;;;;;;;;;;;;;;;;;;;;;INFORMATIONAL;generic;BucketType=0 | EventName=AppTermFailureEvent | Response=Non disponible | CabId=0 | AttachedFiles=\\?\C:\Windows\SystemTemp\WER.cf9fcada-0693-4457-8ae4-2753592aa22d.tmpatk.kdmp \\?\C:\Windows\SystemTemp\WER.a7cef2e6-b3cf-49e9-80bf-5a736101022d.tmp.appcompat.txt \\?\C:\ProgramData\Microsoft\Windows\WER\Temp\WER.f958e859-772c-4ab9-8133-3f11a0efa11d.tmp.WERInternalMetadata.xml \\?\C:\ProgramData\Microsoft\Windows\WER\Temp\WER.f9aeb094-6c24-4c18-9f8e-b40d61e328bd.tmp.csv \\?\C:\ProgramData\Microsoft\Windows\WER\Temp\WER.6e2fa4c3-f301-4a9a-b0b6-87ef3c5776e7.tmp.txt \\?\C:\ProgramData\Microsoft\Windows\WER\Temp\WER.245173d9-0e55-4485-a078-4c371d578ee3.tmp.xml | StorePath=\\?\C:\ProgramData\Microsoft\Windows\WER\ReportQueue\Kernel_0_0_00000000_3b556626-1ca4-4a02-8daf-7f25274a7c00 | Rechecking=0 | ReportId=15339037-e9b2-447a-9d4a-563a7af0e50f | ReportStatus=2051 | CabGuid=0
windows_event;win_event;E:\Cours\TFE\experiments\phase_dataset_strengthening\processed\multiformat_balanced_20260910T094422Z\samples\windows_event.xml;;265;2025-08-22T09:56:25.257589+00:00;INFO;1001;Windows Error Reporting;Windows Error Reporting;andy-aaron;18160;15040;;S-1-5-18;;;;;;;;;;;;;;;;;;;;;;;;;INFORMATIONAL;generic;BucketType=0 | EventName=AppTermFailureEvent | Response=Non disponible | CabId=0 | AttachedFiles=\\?\C:\Windows\SystemTemp\WER.0c16d4e2-a72b-431c-b3cd-19e3e1be6953.tmpatk.kdmp \\?\C:\Windows\SystemTemp\WER.b3e48785-8746-4d39-a758-4b8b468b6ac2.tmp.appcompat.txt \\?\C:\ProgramData\Microsoft\Windows\WER\Temp\WER.5487119f-bc7b-4930-9e7e-2cf526470cc4.tmp.WERInternalMetadata.xml \\?\C:\ProgramData\Microsoft\Windows\WER\Temp\WER.f1812ce5-396d-41b7-a771-f6d2a4b32f2d.tmp.csv \\?\C:\ProgramData\Microsoft\Windows\WER\Temp\WER.9cce2d8e-d4ca-4aff-98a9-a8d6c8d1bbe0.tmp.txt \\?\C:\ProgramData\Microsoft\Windows\WER\Temp\WER.01b80f97-fbb3-4751-971f-41e145019250.tmp.xml | StorePath=\\?\C:\ProgramData\Microsoft\Windows\WER\ReportQueue\Kernel_0_0_00000000_6c360615-cec7-4cc7-b883-1ad06cd3e5a8 | Rechecking=0 | ReportId=36277f58-287e-4f94-89b0-44ab31a14743 | ReportStatus=2051 | CabGuid=0
windows_event;win_event;E:\Cours\TFE\experiments\phase_dataset_strengthening\processed\multiformat_balanced_20260910T094422Z\samples\windows_event.xml;;266;2025-08-22T09:56:25.301661+00:00;INFO;1001;Windows Error Reporting;Windows Error Reporting;andy-aaron;18160;15040;;S-1-5-18;;;;;;;;;;;;;;;;;;;;;;;;;INFORMATIONAL;generic;BucketType=0 | EventName=BlueScreen | Response=Non disponible | CabId=0 | P1=50 | P2=ffffa3036b198590 | P3=2 | P4=fffff80124301a61 | P5=2 | P6=10_0_26100 | P7=0_0 | P8=256_1 | AttachedFiles=\\?\C:\WINDOWS\Minidump\070325-23468-01.dmp \\?\C:\WINDOWS\SystemTemp\WER-23484-0.sysdata.xml \\?\C:\ProgramData\Microsoft\Windows\WER\Temp\WER.b603b674-1787-4948-9b01-bdc6f5be76eb.tmp.WERInternalMetadata.xml \\?\C:\ProgramData\Microsoft\Windows\WER\Temp\WER.e7e983b8-58f4-4f47-9381-2ffc586e231b.tmp.csv \\?\C:\ProgramData\Microsoft\Windows\WER\Temp\WER.42990ba5-1374-4312-b954-312a1cccd55a.tmp.txt \\?\C:\ProgramData\Microsoft\Windows\WER\Temp\WER.a5580add-a5cf-4d9e-a1aa-4ac7aefc78f4.tmp.xml | StorePath=\\?\C:\ProgramData\Microsoft\Windows\WER\ReportQueue\Kernel_50_13c767d170406b8b397519cf8e17aeb6c557f457_00000000_a95aa03e-6358-475d-bd7d-a58793a523d2 | Rechecking=0 | ReportId=5115b9f1-f158-47cc-a40c-2adab16904af | ReportStatus=2051 | CabGuid=0
windows_event;win_event;E:\Cours\TFE\experiments\phase_dataset_strengthening\processed\multiformat_balanced_20260910T094422Z\samples\windows_event.xml;;267;2025-08-22T09:56:25.355103+00:00;INFO;1001;Windows Error Reporting;Windows Error Reporting;andy-aaron;18160;15040;;S-1-5-18;;;;;;;;;;;;;;;;;;;;;;;;;INFORMATIONAL;generic;BucketType=0 | EventName=BlueScreen | Response=Non disponible | CabId=0 | P1=50 | P2=ffff978457755610 | P3=2 | P4=fffff80225384cb6 | P5=2 | P6=10_0_26100 | P7=0_0 | P8=256_1 | AttachedFiles=\\?\C:\WINDOWS\Minidump\080925-26250-01.dmp \\?\C:\WINDOWS\SystemTemp\WER-26265-0.sysdata.xml \\?\C:\ProgramData\Microsoft\Windows\WER\Temp\WER.588a643c-6288-4c1d-b386-84bbf85b8e7b.tmp.WERInternalMetadata.xml \\?\C:\ProgramData\Microsoft\Windows\WER\Temp\WER.3d41afc2-b355-45c8-86a3-03a084b40a88.tmp.csv \\?\C:\ProgramData\Microsoft\Windows\WER\Temp\WER.3087efe9-cf71-4cc1-9347-9d9ab4fdcda0.tmp.txt \\?\C:\ProgramData\Microsoft\Windows\WER\Temp\WER.9088dbbb-b8a8-41f0-a31c-2636cde90085.tmp.xml | StorePath=\\?\C:\ProgramData\Microsoft\Windows\WER\ReportQueue\Kernel_50_92a55ed52b52527b6998ab5e7d1f40d37b688472_00000000_c2db0de2-9e3d-440e-99a3-9d1f740c7c16 | Rechecking=0 | ReportId=313362e5-1ed3-476a-86aa-2ed08fd40423 | ReportStatus=2051 | CabGuid=0
windows_event;win_event;E:\Cours\TFE\experiments\phase_dataset_strengthening\processed\multiformat_balanced_20260910T094422Z\samples\windows_event.xml;;268;2025-08-22T09:56:47.119871+00:00;INFO;34;Oracle.xe;Oracle.xe;andy-aaron;8052;0;;;;;;;;;;;;;;;;;;;;;;;;;;;INFORMATIONAL;generic;<string>LENGTH: '781' ACTION :[528] 'SELECT * FROM (SELECT sql_id, force_matching_signature, sql_text, parsing_schema_name, module, action, elapsed_time, cpu_time, buffer_gets, bind_data, disk_reads, direct_writes, rows_processed, fetches, executions, end_of_fetch_count, optimizer_cost, first_load_time, optimizer_env, priority, command_type, stat_period, active_stat_period, plan_hash_value , sql_seq, con_dbid, last_exec_start_time FROM sys.user_sqlset_statements) WHERE (last_exec_start_time < '2024-08-14/10:56:47')' DATABASE USER:[3] 'SYS' PRIVILEGE :[6] 'SYSDBA' CLIENT USER:[0] '' CLIENT TERMINAL:[10] 'ANDY-AARON' STATUS:[1] '0' DBID:[10] '1689037571' SESSIONID:[6] '400346' USERHOST:[10] 'ANDY-AARON' CLIENT ADDRESS:[0] '' ACTION NUMBER:[1] '3' </string>
windows_event;win_event;E:\Cours\TFE\experiments\phase_dataset_strengthening\processed\multiformat_balanced_20260910T094422Z\samples\windows_event.xml;;269;2025-08-22T09:56:47.185469+00:00;INFO;34;Oracle.xe;Oracle.xe;andy-aaron;8052;0;;;;;;;;;;;;;;;;;;;;;;;;;;;INFORMATIONAL;generic;<string>LENGTH: '2242' ACTION :[1988] 'SELECT * FROM (SELECT sql_id, force_matching_signature, NVL(plan_hash_value, 0) plan_hash_value, sql_fulltext as sql_text, parsing_schema_name, module, action, elapsed_time, cpu_time, buffer_gets, last_active_child_address, TO_CHAR(first_load_time, 'YYYY-MM-DD/HH24:MI:SS') first_load_time, last_load_time, disk_reads, direct_writes, rows_processed, fetches, executions, end_of_fetch_count, optimizer_cost, optimizer_env, command_type, loaded_versions, bind_data, last_active_time, con_dbid, TO_CHAR(last_exec_start_time, 'YYYY-MM-DD/HH24:MI:SS') last_exec_start_time FROM sys.v_$sqlarea_plan_hash s) WHERE ( (module is null or (module != 'SYS_AI_MODULE' and module != 'SYS_AUTO_STS_MODULE')) and sql_text not like 'SELECT /* DS_SVC */%' and sql_text not like 'SELECT /* OPT_DYN_SAMP */%' and sql_text not like '/*AUTO_INDEX:ddl*/%' and sql_text not like '%/*+%dbms_stats%' and sql_text not like '%/* SQL Analyze(%' and command_type not in (9, 10, 11) and plan_hash_value > 0 and (con_dbid, force_matching_signature) not in (select /*+ unnest no_merge */ sss.con_dbid, sss.force_matching_signature from wri$_sqlset_definitions ssf, wri$_sqlset_statements sss where ssf.id = sss.sqlset_id and ssf.con_dbid = sss.con_dbid and ssf.owner = 'SYS' and ssf.name = 'SYS_AUTO_STS' and ssf.con_dbid = sys_context('userenv','con_dbid') and force_matching_signature > 0 group by sss.con_dbid, sss.sqlset_id, sss.force_matching_signature having count(*) > 1000) )' DATABASE USER:[3] 'SYS' PRIVILEGE :[6] 'SYSDBA' CLIENT USER:[0] '' CLIENT TERMINAL:[10] 'ANDY-AARON' STATUS:[1] '0' DBID:[10] '1689037571' SESSIONID:[6] '400346' USERHOST:[10] 'ANDY-AARON' CLIENT ADDRESS:[0] '' ACTION NUMBER:[1] '3' </string>
windows_event;win_event;E:\Cours\TFE\experiments\phase_dataset_strengthening\processed\multiformat_balanced_20260910T094422Z\samples\windows_event.xml;;270;2025-08-22T09:58:25.376566+00:00;INFO;16394;Microsoft-Windows-Security-SPP;Microsoft-Windows-Security-SPP;andy-aaron;1536;0;;;;;;;;;;;;;;;;;;;;;;;;;;;INFORMATIONAL;generic;
windows_event;win_event;E:\Cours\TFE\experiments\phase_dataset_strengthening\processed\multiformat_balanced_20260910T094422Z\samples\windows_event.xml;;271;2025-08-22T09:58:55.679483+00:00;INFO;16384;Microsoft-Windows-Security-SPP;Microsoft-Windows-Security-SPP;andy-aaron;1536;0;;;;;;;;;;;;;;;;;;;;;;;;;;;INFORMATIONAL;generic;<string>2125-07-29T09:58:55Z</string> <string>RulesEngine</string>
windows_event;win_event;E:\Cours\TFE\experiments\phase_dataset_strengthening\processed\multiformat_balanced_20260910T094422Z\samples\windows_event.xml;;272;2025-08-22T10:01:39.021049+00:00;INFO;16394;Microsoft-Windows-Security-SPP;Microsoft-Windows-Security-SPP;andy-aaron;9840;0;;;;;;;;;;;;;;;;;;;;;;;;;;;INFORMATIONAL;generic;
windows_event;win_event;E:\Cours\TFE\experiments\phase_dataset_strengthening\processed\multiformat_balanced_20260910T094422Z\samples\windows_event.xml;;273;2025-08-22T10:02:09.340963+00:00;INFO;16384;Microsoft-Windows-Security-SPP;Microsoft-Windows-Security-SPP;andy-aaron;9840;0;;;;;;;;;;;;;;;;;;;;;;;;;;;INFORMATIONAL;generic;<string>2125-07-29T10:02:09Z</string> <string>RulesEngine</string>
windows_event;win_event;E:\Cours\TFE\experiments\phase_dataset_strengthening\processed\multiformat_balanced_20260910T094422Z\samples\windows_event.xml;;274;2025-08-22T10:04:43.759960+00:00;INFO;15;SecurityCenter;SecurityCenter;andy-aaron;9072;0;;;;;;;;;;;;;;;;;;;;;;;;;;;INFORMATIONAL;generic;<string>Avast Antivirus</string> <string>SECURITY_PRODUCT_STATE_ON</string>
windows_event;win_event;E:\Cours\TFE\experiments\phase_dataset_strengthening\processed\multiformat_balanced_20260910T094422Z\samples\windows_event.xml;;275;2025-08-22T10:04:43.838884+00:00;INFO;15;SecurityCenter;SecurityCenter;andy-aaron;9072;0;;;;;;;;;;;;;;;;;;;;;;;;;;;INFORMATIONAL;generic;<string>Avast Antivirus</string> <string>SECURITY_PRODUCT_STATE_ON</string>
windows_event;win_event;E:\Cours\TFE\experiments\phase_dataset_strengthening\processed\multiformat_balanced_20260910T094422Z\samples\windows_event.xml;;276;2025-08-22T10:11:49.603279+00:00;INFO;34;Oracle.xe;Oracle.xe;andy-aaron;8052;0;;;;;;;;;;;;;;;;;;;;;;;;;;;INFORMATIONAL;generic;<string>LENGTH: '781' ACTION :[528] 'SELECT * FROM (SELECT sql_id, force_matching_signature, sql_text, parsing_schema_name, module, action, elapsed_time, cpu_time, buffer_gets, bind_data, disk_reads, direct_writes, rows_processed, fetches, executions, end_of_fetch_count, optimizer_cost, first_load_time, optimizer_env, priority, command_type, stat_period, active_stat_period, plan_hash_value , sql_seq, con_dbid, last_exec_start_time FROM sys.user_sqlset_statements) WHERE (last_exec_start_time < '2024-08-14/11:11:49')' DATABASE USER:[3] 'SYS' PRIVILEGE :[6] 'SYSDBA' CLIENT USER:[0] '' CLIENT TERMINAL:[10] 'ANDY-AARON' STATUS:[1] '0' DBID:[10] '1689037571' SESSIONID:[6] '400347' USERHOST:[10] 'ANDY-AARON' CLIENT ADDRESS:[0] '' ACTION NUMBER:[1] '3' </string>
windows_event;win_event;E:\Cours\TFE\experiments\phase_dataset_strengthening\processed\multiformat_balanced_20260910T094422Z\samples\windows_event.xml;;277;2025-08-22T10:11:49.676954+00:00;INFO;34;Oracle.xe;Oracle.xe;andy-aaron;8052;0;;;;;;;;;;;;;;;;;;;;;;;;;;;INFORMATIONAL;generic;<string>LENGTH: '2242' ACTION :[1988] 'SELECT * FROM (SELECT sql_id, force_matching_signature, NVL(plan_hash_value, 0) plan_hash_value, sql_fulltext as sql_text, parsing_schema_name, module, action, elapsed_time, cpu_time, buffer_gets, last_active_child_address, TO_CHAR(first_load_time, 'YYYY-MM-DD/HH24:MI:SS') first_load_time, last_load_time, disk_reads, direct_writes, rows_processed, fetches, executions, end_of_fetch_count, optimizer_cost, optimizer_env, command_type, loaded_versions, bind_data, last_active_time, con_dbid, TO_CHAR(last_exec_start_time, 'YYYY-MM-DD/HH24:MI:SS') last_exec_start_time FROM sys.v_$sqlarea_plan_hash s) WHERE ( (module is null or (module != 'SYS_AI_MODULE' and module != 'SYS_AUTO_STS_MODULE')) and sql_text not like 'SELECT /* DS_SVC */%' and sql_text not like 'SELECT /* OPT_DYN_SAMP */%' and sql_text not like '/*AUTO_INDEX:ddl*/%' and sql_text not like '%/*+%dbms_stats%' and sql_text not like '%/* SQL Analyze(%' and command_type not in (9, 10, 11) and plan_hash_value > 0 and (con_dbid, force_matching_signature) not in (select /*+ unnest no_merge */ sss.con_dbid, sss.force_matching_signature from wri$_sqlset_definitions ssf, wri$_sqlset_statements sss where ssf.id = sss.sqlset_id and ssf.con_dbid = sss.con_dbid and ssf.owner = 'SYS' and ssf.name = 'SYS_AUTO_STS' and ssf.con_dbid = sys_context('userenv','con_dbid') and force_matching_signature > 0 group by sss.con_dbid, sss.sqlset_id, sss.force_matching_signature having count(*) > 1000) )' DATABASE USER:[3] 'SYS' PRIVILEGE :[6] 'SYSDBA' CLIENT USER:[0] '' CLIENT TERMINAL:[10] 'ANDY-AARON' STATUS:[1] '0' DBID:[10] '1689037571' SESSIONID:[6] '400347' USERHOST:[10] 'ANDY-AARON' CLIENT ADDRESS:[0] '' ACTION NUMBER:[1] '3' </string>
windows_event;win_event;E:\Cours\TFE\experiments\phase_dataset_strengthening\processed\multiformat_balanced_20260910T094422Z\samples\windows_event.xml;;278;2025-08-22T10:18:18.854580+00:00;INFO;0;edgeupdate;edgeupdate;andy-aaron;13648;0;;;;;;;;;;;;;;;;;;;;;;;;;;;CONFIGURATION_CHANGE;system_or_policy;<string>Service stopped</string>
windows_event;win_event;E:\Cours\TFE\experiments\phase_dataset_strengthening\processed\multiformat_balanced_20260910T094422Z\samples\windows_event.xml;;279;2025-08-22T10:21:38.194796+00:00;INFO;16394;Microsoft-Windows-Security-SPP;Microsoft-Windows-Security-SPP;andy-aaron;968;0;;;;;;;;;;;;;;;;;;;;;;;;;;;INFORMATIONAL;generic;
windows_event;win_event;E:\Cours\TFE\experiments\phase_dataset_strengthening\processed\multiformat_balanced_20260910T094422Z\samples\windows_event.xml;;280;2025-08-22T10:22:08.507278+00:00;INFO;16384;Microsoft-Windows-Security-SPP;Microsoft-Windows-Security-SPP;andy-aaron;968;0;;;;;;;;;;;;;;;;;;;;;;;;;;;INFORMATIONAL;generic;<string>2125-07-29T10:22:08Z</string> <string>RulesEngine</string>
windows_event;win_event;E:\Cours\TFE\experiments\phase_dataset_strengthening\processed\multiformat_balanced_20260910T094422Z\samples\windows_event.xml;;281;2025-08-22T10:26:14.234066+00:00;INFO;256;Chrome;Chrome;andy-aaron;18688;0;;S-1-5-21-3162627772-1273376818-3066158126-1001;;;;;;;;;;;;;;;;;;;;;;;;;INFORMATIONAL;generic;<string>[18688:16700:0822/112614.232:INFO:chrome\browser\extensions\extension_garbage_collector.cc:184] Garbage collection for extensions on file thread is complete.</string>
windows_event;win_event;E:\Cours\TFE\experiments\phase_dataset_strengthening\processed\multiformat_balanced_20260910T094422Z\samples\windows_event.xml;;282;2025-08-22T10:26:52.009617+00:00;INFO;34;Oracle.xe;Oracle.xe;andy-aaron;8052;0;;;;;;;;;;;;;;;;;;;;;;;;;;;INFORMATIONAL;generic;<string>LENGTH: '781' ACTION :[528] 'SELECT * FROM (SELECT sql_id, force_matching_signature, sql_text, parsing_schema_name, module, action, elapsed_time, cpu_time, buffer_gets, bind_data, disk_reads, direct_writes, rows_processed, fetches, executions, end_of_fetch_count, optimizer_cost, first_load_time, optimizer_env, priority, command_type, stat_period, active_stat_period, plan_hash_value , sql_seq, con_dbid, last_exec_start_time FROM sys.user_sqlset_statements) WHERE (last_exec_start_time < '2024-08-14/11:26:51')' DATABASE USER:[3] 'SYS' PRIVILEGE :[6] 'SYSDBA' CLIENT USER:[0] '' CLIENT TERMINAL:[10] 'ANDY-AARON' STATUS:[1] '0' DBID:[10] '1689037571' SESSIONID:[6] '400352' USERHOST:[10] 'ANDY-AARON' CLIENT ADDRESS:[0] '' ACTION NUMBER:[1] '3' </string>
windows_event;win_event;E:\Cours\TFE\experiments\phase_dataset_strengthening\processed\multiformat_balanced_20260910T094422Z\samples\windows_event.xml;;283;2025-08-22T10:26:52.072275+00:00;INFO;34;Oracle.xe;Oracle.xe;andy-aaron;8052;0;;;;;;;;;;;;;;;;;;;;;;;;;;;INFORMATIONAL;generic;<string>LENGTH: '2242' ACTION :[1988] 'SELECT * FROM (SELECT sql_id, force_matching_signature, NVL(plan_hash_value, 0) plan_hash_value, sql_fulltext as sql_text, parsing_schema_name, module, action, elapsed_time, cpu_time, buffer_gets, last_active_child_address, TO_CHAR(first_load_time, 'YYYY-MM-DD/HH24:MI:SS') first_load_time, last_load_time, disk_reads, direct_writes, rows_processed, fetches, executions, end_of_fetch_count, optimizer_cost, optimizer_env, command_type, loaded_versions, bind_data, last_active_time, con_dbid, TO_CHAR(last_exec_start_time, 'YYYY-MM-DD/HH24:MI:SS') last_exec_start_time FROM sys.v_$sqlarea_plan_hash s) WHERE ( (module is null or (module != 'SYS_AI_MODULE' and module != 'SYS_AUTO_STS_MODULE')) and sql_text not like 'SELECT /* DS_SVC */%' and sql_text not like 'SELECT /* OPT_DYN_SAMP */%' and sql_text not like '/*AUTO_INDEX:ddl*/%' and sql_text not like '%/*+%dbms_stats%' and sql_text not like '%/* SQL Analyze(%' and command_type not in (9, 10, 11) and plan_hash_value > 0 and (con_dbid, force_matching_signature) not in (select /*+ unnest no_merge */ sss.con_dbid, sss.force_matching_signature from wri$_sqlset_definitions ssf, wri$_sqlset_statements sss where ssf.id = sss.sqlset_id and ssf.con_dbid = sss.con_dbid and ssf.owner = 'SYS' and ssf.name = 'SYS_AUTO_STS' and ssf.con_dbid = sys_context('userenv','con_dbid') and force_matching_signature > 0 group by sss.con_dbid, sss.sqlset_id, sss.force_matching_signature having count(*) > 1000) )' DATABASE USER:[3] 'SYS' PRIVILEGE :[6] 'SYSDBA' CLIENT USER:[0] '' CLIENT TERMINAL:[10] 'ANDY-AARON' STATUS:[1] '0' DBID:[10] '1689037571' SESSIONID:[6] '400352' USERHOST:[10] 'ANDY-AARON' CLIENT ADDRESS:[0] '' ACTION NUMBER:[1] '3' </string>
windows_event;win_event;E:\Cours\TFE\experiments\phase_dataset_strengthening\processed\multiformat_balanced_20260910T094422Z\samples\windows_event.xml;;284;2025-08-22T10:32:45.876291+00:00;INFO;0;HotKeyServiceUWP;HotKeyServiceUWP;andy-aaron;14048;0;;;;;;;;;;;;;;;;;;;;;;;;;;;INFORMATIONAL;generic;<string>PowerEvent-default - 0xa</string>
windows_event;win_event;E:\Cours\TFE\experiments\phase_dataset_strengthening\processed\multiformat_balanced_20260910T094422Z\samples\windows_event.xml;;285;2025-08-22T10:32:45.894405+00:00;INFO;0;HP Comm Recovery;HP Comm Recovery;andy-aaron;780;0;;;;;;;;;;;;;;;;;;;;;;;;;;;INFORMATIONAL;generic;<string>Le service a géré avec succès PowerEvent.</string>
windows_event;win_event;E:\Cours\TFE\experiments\phase_dataset_strengthening\processed\multiformat_balanced_20260910T094422Z\samples\windows_event.xml;;286;2025-08-22T10:32:45.898247+00:00;INFO;0;igccservice;igccservice;andy-aaron;812;0;;;;;;;;;;;;;;;;;;;;;;;;;;;INFORMATIONAL;generic;<string>Le service a géré avec succès PowerEvent.</string>
windows_event;win_event;E:\Cours\TFE\experiments\phase_dataset_strengthening\processed\multiformat_balanced_20260910T094422Z\samples\windows_event.xml;;287;2025-08-22T10:32:45.908270+00:00;INFO;0;HotKeyServiceUWP;HotKeyServiceUWP;andy-aaron;3992;0;;;;;;;;;;;;;;;;;;;;;;;;;;;INFORMATIONAL;generic;<string>PowerEvent-default - 0xa</string>
windows_event;win_event;E:\Cours\TFE\experiments\phase_dataset_strengthening\processed\multiformat_balanced_20260910T094422Z\samples\windows_event.xml;;288;2025-08-22T10:41:54.259487+00:00;INFO;34;Oracle.xe;Oracle.xe;andy-aaron;8052;0;;;;;;;;;;;;;;;;;;;;;;;;;;;INFORMATIONAL;generic;<string>LENGTH: '781' ACTION :[528] 'SELECT * FROM (SELECT sql_id, force_matching_signature, sql_text, parsing_schema_name, module, action, elapsed_time, cpu_time, buffer_gets, bind_data, disk_reads, direct_writes, rows_processed, fetches, executions, end_of_fetch_count, optimizer_cost, first_load_time, optimizer_env, priority, command_type, stat_period, active_stat_period, plan_hash_value , sql_seq, con_dbid, last_exec_start_time FROM sys.user_sqlset_statements) WHERE (last_exec_start_time < '2024-08-14/11:41:54')' DATABASE USER:[3] 'SYS' PRIVILEGE :[6] 'SYSDBA' CLIENT USER:[0] '' CLIENT TERMINAL:[10] 'ANDY-AARON' STATUS:[1] '0' DBID:[10] '1689037571' SESSIONID:[6] '400355' USERHOST:[10] 'ANDY-AARON' CLIENT ADDRESS:[0] '' ACTION NUMBER:[1] '3' </string>
windows_event;win_event;E:\Cours\TFE\experiments\phase_dataset_strengthening\processed\multiformat_balanced_20260910T094422Z\samples\windows_event.xml;;289;2025-08-22T10:41:54.335068+00:00;INFO;34;Oracle.xe;Oracle.xe;andy-aaron;8052;0;;;;;;;;;;;;;;;;;;;;;;;;;;;INFORMATIONAL;generic;<string>LENGTH: '2242' ACTION :[1988] 'SELECT * FROM (SELECT sql_id, force_matching_signature, NVL(plan_hash_value, 0) plan_hash_value, sql_fulltext as sql_text, parsing_schema_name, module, action, elapsed_time, cpu_time, buffer_gets, last_active_child_address, TO_CHAR(first_load_time, 'YYYY-MM-DD/HH24:MI:SS') first_load_time, last_load_time, disk_reads, direct_writes, rows_processed, fetches, executions, end_of_fetch_count, optimizer_cost, optimizer_env, command_type, loaded_versions, bind_data, last_active_time, con_dbid, TO_CHAR(last_exec_start_time, 'YYYY-MM-DD/HH24:MI:SS') last_exec_start_time FROM sys.v_$sqlarea_plan_hash s) WHERE ( (module is null or (module != 'SYS_AI_MODULE' and module != 'SYS_AUTO_STS_MODULE')) and sql_text not like 'SELECT /* DS_SVC */%' and sql_text not like 'SELECT /* OPT_DYN_SAMP */%' and sql_text not like '/*AUTO_INDEX:ddl*/%' and sql_text not like '%/*+%dbms_stats%' and sql_text not like '%/* SQL Analyze(%' and command_type not in (9, 10, 11) and plan_hash_value > 0 and (con_dbid, force_matching_signature) not in (select /*+ unnest no_merge */ sss.con_dbid, sss.force_matching_signature from wri$_sqlset_definitions ssf, wri$_sqlset_statements sss where ssf.id = sss.sqlset_id and ssf.con_dbid = sss.con_dbid and ssf.owner = 'SYS' and ssf.name = 'SYS_AUTO_STS' and ssf.con_dbid = sys_context('userenv','con_dbid') and force_matching_signature > 0 group by sss.con_dbid, sss.sqlset_id, sss.force_matching_signature having count(*) > 1000) )' DATABASE USER:[3] 'SYS' PRIVILEGE :[6] 'SYSDBA' CLIENT USER:[0] '' CLIENT TERMINAL:[10] 'ANDY-AARON' STATUS:[1] '0' DBID:[10] '1689037571' SESSIONID:[6] '400355' USERHOST:[10] 'ANDY-AARON' CLIENT ADDRESS:[0] '' ACTION NUMBER:[1] '3' </string>
windows_event;win_event;E:\Cours\TFE\experiments\phase_dataset_strengthening\processed\multiformat_balanced_20260910T094422Z\samples\windows_event.xml;;290;2025-08-22T10:56:56.601873+00:00;INFO;34;Oracle.xe;Oracle.xe;andy-aaron;8052;0;;;;;;;;;;;;;;;;;;;;;;;;;;;INFORMATIONAL;generic;<string>LENGTH: '781' ACTION :[528] 'SELECT * FROM (SELECT sql_id, force_matching_signature, sql_text, parsing_schema_name, module, action, elapsed_time, cpu_time, buffer_gets, bind_data, disk_reads, direct_writes, rows_processed, fetches, executions, end_of_fetch_count, optimizer_cost, first_load_time, optimizer_env, priority, command_type, stat_period, active_stat_period, plan_hash_value , sql_seq, con_dbid, last_exec_start_time FROM sys.user_sqlset_statements) WHERE (last_exec_start_time < '2024-08-14/11:56:56')' DATABASE USER:[3] 'SYS' PRIVILEGE :[6] 'SYSDBA' CLIENT USER:[0] '' CLIENT TERMINAL:[10] 'ANDY-AARON' STATUS:[1] '0' DBID:[10] '1689037571' SESSIONID:[6] '400356' USERHOST:[10] 'ANDY-AARON' CLIENT ADDRESS:[0] '' ACTION NUMBER:[1] '3' </string>
windows_event;win_event;E:\Cours\TFE\experiments\phase_dataset_strengthening\processed\multiformat_balanced_20260910T094422Z\samples\windows_event.xml;;291;2025-08-22T10:56:56.671837+00:00;INFO;34;Oracle.xe;Oracle.xe;andy-aaron;8052;0;;;;;;;;;;;;;;;;;;;;;;;;;;;INFORMATIONAL;generic;<string>LENGTH: '2242' ACTION :[1988] 'SELECT * FROM (SELECT sql_id, force_matching_signature, NVL(plan_hash_value, 0) plan_hash_value, sql_fulltext as sql_text, parsing_schema_name, module, action, elapsed_time, cpu_time, buffer_gets, last_active_child_address, TO_CHAR(first_load_time, 'YYYY-MM-DD/HH24:MI:SS') first_load_time, last_load_time, disk_reads, direct_writes, rows_processed, fetches, executions, end_of_fetch_count, optimizer_cost, optimizer_env, command_type, loaded_versions, bind_data, last_active_time, con_dbid, TO_CHAR(last_exec_start_time, 'YYYY-MM-DD/HH24:MI:SS') last_exec_start_time FROM sys.v_$sqlarea_plan_hash s) WHERE ( (module is null or (module != 'SYS_AI_MODULE' and module != 'SYS_AUTO_STS_MODULE')) and sql_text not like 'SELECT /* DS_SVC */%' and sql_text not like 'SELECT /* OPT_DYN_SAMP */%' and sql_text not like '/*AUTO_INDEX:ddl*/%' and sql_text not like '%/*+%dbms_stats%' and sql_text not like '%/* SQL Analyze(%' and command_type not in (9, 10, 11) and plan_hash_value > 0 and (con_dbid, force_matching_signature) not in (select /*+ unnest no_merge */ sss.con_dbid, sss.force_matching_signature from wri$_sqlset_definitions ssf, wri$_sqlset_statements sss where ssf.id = sss.sqlset_id and ssf.con_dbid = sss.con_dbid and ssf.owner = 'SYS' and ssf.name = 'SYS_AUTO_STS' and ssf.con_dbid = sys_context('userenv','con_dbid') and force_matching_signature > 0 group by sss.con_dbid, sss.sqlset_id, sss.force_matching_signature having count(*) > 1000) )' DATABASE USER:[3] 'SYS' PRIVILEGE :[6] 'SYSDBA' CLIENT USER:[0] '' CLIENT TERMINAL:[10] 'ANDY-AARON' STATUS:[1] '0' DBID:[10] '1689037571' SESSIONID:[6] '400356' USERHOST:[10] 'ANDY-AARON' CLIENT ADDRESS:[0] '' ACTION NUMBER:[1] '3' </string>
windows_event;win_event;E:\Cours\TFE\experiments\phase_dataset_strengthening\processed\multiformat_balanced_20260910T094422Z\samples\windows_event.xml;;292;2025-08-22T11:02:57.252354+00:00;INFO;16394;Microsoft-Windows-Security-SPP;Microsoft-Windows-Security-SPP;andy-aaron;21100;0;;;;;;;;;;;;;;;;;;;;;;;;;;;INFORMATIONAL;generic;
windows_event;win_event;E:\Cours\TFE\experiments\phase_dataset_strengthening\processed\multiformat_balanced_20260910T094422Z\samples\windows_event.xml;;293;2025-08-22T11:03:52.428513+00:00;INFO;16384;Microsoft-Windows-Security-SPP;Microsoft-Windows-Security-SPP;andy-aaron;21100;0;;;;;;;;;;;;;;;;;;;;;;;;;;;INFORMATIONAL;generic;<string>2125-07-29T11:03:52Z</string> <string>RulesEngine</string>
windows_event;win_event;E:\Cours\TFE\experiments\phase_dataset_strengthening\processed\multiformat_balanced_20260910T094422Z\samples\windows_event.xml;;294;2025-08-22T11:11:55.444824+00:00;INFO;16394;Microsoft-Windows-Security-SPP;Microsoft-Windows-Security-SPP;andy-aaron;18304;0;;;;;;;;;;;;;;;;;;;;;;;;;;;INFORMATIONAL;generic;
windows_event;win_event;E:\Cours\TFE\experiments\phase_dataset_strengthening\processed\multiformat_balanced_20260910T094422Z\samples\windows_event.xml;;295;2025-08-22T11:11:59.142496+00:00;INFO;34;Oracle.xe;Oracle.xe;andy-aaron;8052;0;;;;;;;;;;;;;;;;;;;;;;;;;;;INFORMATIONAL;generic;<string>LENGTH: '781' ACTION :[528] 'SELECT * FROM (SELECT sql_id, force_matching_signature, sql_text, parsing_schema_name, module, action, elapsed_time, cpu_time, buffer_gets, bind_data, disk_reads, direct_writes, rows_processed, fetches, executions, end_of_fetch_count, optimizer_cost, first_load_time, optimizer_env, priority, command_type, stat_period, active_stat_period, plan_hash_value , sql_seq, con_dbid, last_exec_start_time FROM sys.user_sqlset_statements) WHERE (last_exec_start_time < '2024-08-14/12:11:59')' DATABASE USER:[3] 'SYS' PRIVILEGE :[6] 'SYSDBA' CLIENT USER:[0] '' CLIENT TERMINAL:[10] 'ANDY-AARON' STATUS:[1] '0' DBID:[10] '1689037571' SESSIONID:[6] '400357' USERHOST:[10] 'ANDY-AARON' CLIENT ADDRESS:[0] '' ACTION NUMBER:[1] '3' </string>
windows_event;win_event;E:\Cours\TFE\experiments\phase_dataset_strengthening\processed\multiformat_balanced_20260910T094422Z\samples\windows_event.xml;;296;2025-08-22T11:11:59.212151+00:00;INFO;34;Oracle.xe;Oracle.xe;andy-aaron;8052;0;;;;;;;;;;;;;;;;;;;;;;;;;;;INFORMATIONAL;generic;<string>LENGTH: '2242' ACTION :[1988] 'SELECT * FROM (SELECT sql_id, force_matching_signature, NVL(plan_hash_value, 0) plan_hash_value, sql_fulltext as sql_text, parsing_schema_name, module, action, elapsed_time, cpu_time, buffer_gets, last_active_child_address, TO_CHAR(first_load_time, 'YYYY-MM-DD/HH24:MI:SS') first_load_time, last_load_time, disk_reads, direct_writes, rows_processed, fetches, executions, end_of_fetch_count, optimizer_cost, optimizer_env, command_type, loaded_versions, bind_data, last_active_time, con_dbid, TO_CHAR(last_exec_start_time, 'YYYY-MM-DD/HH24:MI:SS') last_exec_start_time FROM sys.v_$sqlarea_plan_hash s) WHERE ( (module is null or (module != 'SYS_AI_MODULE' and module != 'SYS_AUTO_STS_MODULE')) and sql_text not like 'SELECT /* DS_SVC */%' and sql_text not like 'SELECT /* OPT_DYN_SAMP */%' and sql_text not like '/*AUTO_INDEX:ddl*/%' and sql_text not like '%/*+%dbms_stats%' and sql_text not like '%/* SQL Analyze(%' and command_type not in (9, 10, 11) and plan_hash_value > 0 and (con_dbid, force_matching_signature) not in (select /*+ unnest no_merge */ sss.con_dbid, sss.force_matching_signature from wri$_sqlset_definitions ssf, wri$_sqlset_statements sss where ssf.id = sss.sqlset_id and ssf.con_dbid = sss.con_dbid and ssf.owner = 'SYS' and ssf.name = 'SYS_AUTO_STS' and ssf.con_dbid = sys_context('userenv','con_dbid') and force_matching_signature > 0 group by sss.con_dbid, sss.sqlset_id, sss.force_matching_signature having count(*) > 1000) )' DATABASE USER:[3] 'SYS' PRIVILEGE :[6] 'SYSDBA' CLIENT USER:[0] '' CLIENT TERMINAL:[10] 'ANDY-AARON' STATUS:[1] '0' DBID:[10] '1689037571' SESSIONID:[6] '400357' USERHOST:[10] 'ANDY-AARON' CLIENT ADDRESS:[0] '' ACTION NUMBER:[1] '3' </string>
windows_event;win_event;E:\Cours\TFE\experiments\phase_dataset_strengthening\processed\multiformat_balanced_20260910T094422Z\samples\windows_event.xml;;297;2025-08-22T11:12:25.761129+00:00;INFO;16384;Microsoft-Windows-Security-SPP;Microsoft-Windows-Security-SPP;andy-aaron;18304;0;;;;;;;;;;;;;;;;;;;;;;;;;;;INFORMATIONAL;generic;<string>2125-07-29T11:12:25Z</string> <string>RulesEngine</string>
windows_event;win_event;E:\Cours\TFE\experiments\phase_dataset_strengthening\processed\multiformat_balanced_20260910T094422Z\samples\windows_event.xml;;298;2025-08-22T11:27:01.613676+00:00;INFO;34;Oracle.xe;Oracle.xe;andy-aaron;8052;0;;;;;;;;;;;;;;;;;;;;;;;;;;;INFORMATIONAL;generic;<string>LENGTH: '781' ACTION :[528] 'SELECT * FROM (SELECT sql_id, force_matching_signature, sql_text, parsing_schema_name, module, action, elapsed_time, cpu_time, buffer_gets, bind_data, disk_reads, direct_writes, rows_processed, fetches, executions, end_of_fetch_count, optimizer_cost, first_load_time, optimizer_env, priority, command_type, stat_period, active_stat_period, plan_hash_value , sql_seq, con_dbid, last_exec_start_time FROM sys.user_sqlset_statements) WHERE (last_exec_start_time < '2024-08-14/12:27:01')' DATABASE USER:[3] 'SYS' PRIVILEGE :[6] 'SYSDBA' CLIENT USER:[0] '' CLIENT TERMINAL:[10] 'ANDY-AARON' STATUS:[1] '0' DBID:[10] '1689037571' SESSIONID:[6] '400361' USERHOST:[10] 'ANDY-AARON' CLIENT ADDRESS:[0] '' ACTION NUMBER:[1] '3' </string>
windows_event;win_event;E:\Cours\TFE\experiments\phase_dataset_strengthening\processed\multiformat_balanced_20260910T094422Z\samples\windows_event.xml;;299;2025-08-22T11:27:01.677414+00:00;INFO;34;Oracle.xe;Oracle.xe;andy-aaron;8052;0;;;;;;;;;;;;;;;;;;;;;;;;;;;INFORMATIONAL;generic;<string>LENGTH: '2242' ACTION :[1988] 'SELECT * FROM (SELECT sql_id, force_matching_signature, NVL(plan_hash_value, 0) plan_hash_value, sql_fulltext as sql_text, parsing_schema_name, module, action, elapsed_time, cpu_time, buffer_gets, last_active_child_address, TO_CHAR(first_load_time, 'YYYY-MM-DD/HH24:MI:SS') first_load_time, last_load_time, disk_reads, direct_writes, rows_processed, fetches, executions, end_of_fetch_count, optimizer_cost, optimizer_env, command_type, loaded_versions, bind_data, last_active_time, con_dbid, TO_CHAR(last_exec_start_time, 'YYYY-MM-DD/HH24:MI:SS') last_exec_start_time FROM sys.v_$sqlarea_plan_hash s) WHERE ( (module is null or (module != 'SYS_AI_MODULE' and module != 'SYS_AUTO_STS_MODULE')) and sql_text not like 'SELECT /* DS_SVC */%' and sql_text not like 'SELECT /* OPT_DYN_SAMP */%' and sql_text not like '/*AUTO_INDEX:ddl*/%' and sql_text not like '%/*+%dbms_stats%' and sql_text not like '%/* SQL Analyze(%' and command_type not in (9, 10, 11) and plan_hash_value > 0 and (con_dbid, force_matching_signature) not in (select /*+ unnest no_merge */ sss.con_dbid, sss.force_matching_signature from wri$_sqlset_definitions ssf, wri$_sqlset_statements sss where ssf.id = sss.sqlset_id and ssf.con_dbid = sss.con_dbid and ssf.owner = 'SYS' and ssf.name = 'SYS_AUTO_STS' and ssf.con_dbid = sys_context('userenv','con_dbid') and force_matching_signature > 0 group by sss.con_dbid, sss.sqlset_id, sss.force_matching_signature having count(*) > 1000) )' DATABASE USER:[3] 'SYS' PRIVILEGE :[6] 'SYSDBA' CLIENT USER:[0] '' CLIENT TERMINAL:[10] 'ANDY-AARON' STATUS:[1] '0' DBID:[10] '1689037571' SESSIONID:[6] '400361' USERHOST:[10] 'ANDY-AARON' CLIENT ADDRESS:[0] '' ACTION NUMBER:[1] '3' </string>
windows_event;win_event;E:\Cours\TFE\experiments\phase_dataset_strengthening\processed\multiformat_balanced_20260910T094422Z\samples\windows_event.xml;;300;2025-08-22T11:32:10.518898+00:00;INFO;16394;Microsoft-Windows-Security-SPP;Microsoft-Windows-Security-SPP;andy-aaron;19504;0;;;;;;;;;;;;;;;;;;;;;;;;;;;INFORMATIONAL;generic;
windows_event;win_event;E:\Cours\TFE\experiments\phase_dataset_strengthening\processed\multiformat_balanced_20260910T094422Z\samples\windows_event.xml;;301;2025-08-22T11:32:40.823574+00:00;INFO;16384;Microsoft-Windows-Security-SPP;Microsoft-Windows-Security-SPP;andy-aaron;19504;0;;;;;;;;;;;;;;;;;;;;;;;;;;;INFORMATIONAL;generic;<string>2125-07-29T11:32:40Z</string> <string>RulesEngine</string>
windows_event;win_event;E:\Cours\TFE\experiments\phase_dataset_strengthening\processed\multiformat_balanced_20260910T094422Z\samples\windows_event.xml;;302;2025-08-22T11:42:04.095139+00:00;INFO;34;Oracle.xe;Oracle.xe;andy-aaron;8052;0;;;;;;;;;;;;;;;;;;;;;;;;;;;INFORMATIONAL;generic;<string>LENGTH: '781' ACTION :[528] 'SELECT * FROM (SELECT sql_id, force_matching_signature, sql_text, parsing_schema_name, module, action, elapsed_time, cpu_time, buffer_gets, bind_data, disk_reads, direct_writes, rows_processed, fetches, executions, end_of_fetch_count, optimizer_cost, first_load_time, optimizer_env, priority, command_type, stat_period, active_stat_period, plan_hash_value , sql_seq, con_dbid, last_exec_start_time FROM sys.user_sqlset_statements) WHERE (last_exec_start_time < '2024-08-14/12:42:04')' DATABASE USER:[3] 'SYS' PRIVILEGE :[6] 'SYSDBA' CLIENT USER:[0] '' CLIENT TERMINAL:[10] 'ANDY-AARON' STATUS:[1] '0' DBID:[10] '1689037571' SESSIONID:[6] '400362' USERHOST:[10] 'ANDY-AARON' CLIENT ADDRESS:[0] '' ACTION NUMBER:[1] '3' </string>
windows_event;win_event;E:\Cours\TFE\experiments\phase_dataset_strengthening\processed\multiformat_balanced_20260910T094422Z\samples\windows_event.xml;;303;2025-08-22T11:42:04.159531+00:00;INFO;34;Oracle.xe;Oracle.xe;andy-aaron;8052;0;;;;;;;;;;;;;;;;;;;;;;;;;;;INFORMATIONAL;generic;<string>LENGTH: '2242' ACTION :[1988] 'SELECT * FROM (SELECT sql_id, force_matching_signature, NVL(plan_hash_value, 0) plan_hash_value, sql_fulltext as sql_text, parsing_schema_name, module, action, elapsed_time, cpu_time, buffer_gets, last_active_child_address, TO_CHAR(first_load_time, 'YYYY-MM-DD/HH24:MI:SS') first_load_time, last_load_time, disk_reads, direct_writes, rows_processed, fetches, executions, end_of_fetch_count, optimizer_cost, optimizer_env, command_type, loaded_versions, bind_data, last_active_time, con_dbid, TO_CHAR(last_exec_start_time, 'YYYY-MM-DD/HH24:MI:SS') last_exec_start_time FROM sys.v_$sqlarea_plan_hash s) WHERE ( (module is null or (module != 'SYS_AI_MODULE' and module != 'SYS_AUTO_STS_MODULE')) and sql_text not like 'SELECT /* DS_SVC */%' and sql_text not like 'SELECT /* OPT_DYN_SAMP */%' and sql_text not like '/*AUTO_INDEX:ddl*/%' and sql_text not like '%/*+%dbms_stats%' and sql_text not like '%/* SQL Analyze(%' and command_type not in (9, 10, 11) and plan_hash_value > 0 and (con_dbid, force_matching_signature) not in (select /*+ unnest no_merge */ sss.con_dbid, sss.force_matching_signature from wri$_sqlset_definitions ssf, wri$_sqlset_statements sss where ssf.id = sss.sqlset_id and ssf.con_dbid = sss.con_dbid and ssf.owner = 'SYS' and ssf.name = 'SYS_AUTO_STS' and ssf.con_dbid = sys_context('userenv','con_dbid') and force_matching_signature > 0 group by sss.con_dbid, sss.sqlset_id, sss.force_matching_signature having count(*) > 1000) )' DATABASE USER:[3] 'SYS' PRIVILEGE :[6] 'SYSDBA' CLIENT USER:[0] '' CLIENT TERMINAL:[10] 'ANDY-AARON' STATUS:[1] '0' DBID:[10] '1689037571' SESSIONID:[6] '400362' USERHOST:[10] 'ANDY-AARON' CLIENT ADDRESS:[0] '' ACTION NUMBER:[1] '3' </string>
windows_event;win_event;E:\Cours\TFE\experiments\phase_dataset_strengthening\processed\multiformat_balanced_20260910T094422Z\samples\windows_event.xml;;304;2025-08-22T11:57:06.684912+00:00;INFO;34;Oracle.xe;Oracle.xe;andy-aaron;8052;0;;;;;;;;;;;;;;;;;;;;;;;;;;;INFORMATIONAL;generic;<string>LENGTH: '781' ACTION :[528] 'SELECT * FROM (SELECT sql_id, force_matching_signature, sql_text, parsing_schema_name, module, action, elapsed_time, cpu_time, buffer_gets, bind_data, disk_reads, direct_writes, rows_processed, fetches, executions, end_of_fetch_count, optimizer_cost, first_load_time, optimizer_env, priority, command_type, stat_period, active_stat_period, plan_hash_value , sql_seq, con_dbid, last_exec_start_time FROM sys.user_sqlset_statements) WHERE (last_exec_start_time < '2024-08-14/12:57:06')' DATABASE USER:[3] 'SYS' PRIVILEGE :[6] 'SYSDBA' CLIENT USER:[0] '' CLIENT TERMINAL:[10] 'ANDY-AARON' STATUS:[1] '0' DBID:[10] '1689037571' SESSIONID:[6] '400363' USERHOST:[10] 'ANDY-AARON' CLIENT ADDRESS:[0] '' ACTION NUMBER:[1] '3' </string>
windows_event;win_event;E:\Cours\TFE\experiments\phase_dataset_strengthening\processed\multiformat_balanced_20260910T094422Z\samples\windows_event.xml;;305;2025-08-22T11:57:06.757818+00:00;INFO;34;Oracle.xe;Oracle.xe;andy-aaron;8052;0;;;;;;;;;;;;;;;;;;;;;;;;;;;INFORMATIONAL;generic;<string>LENGTH: '2242' ACTION :[1988] 'SELECT * FROM (SELECT sql_id, force_matching_signature, NVL(plan_hash_value, 0) plan_hash_value, sql_fulltext as sql_text, parsing_schema_name, module, action, elapsed_time, cpu_time, buffer_gets, last_active_child_address, TO_CHAR(first_load_time, 'YYYY-MM-DD/HH24:MI:SS') first_load_time, last_load_time, disk_reads, direct_writes, rows_processed, fetches, executions, end_of_fetch_count, optimizer_cost, optimizer_env, command_type, loaded_versions, bind_data, last_active_time, con_dbid, TO_CHAR(last_exec_start_time, 'YYYY-MM-DD/HH24:MI:SS') last_exec_start_time FROM sys.v_$sqlarea_plan_hash s) WHERE ( (module is null or (module != 'SYS_AI_MODULE' and module != 'SYS_AUTO_STS_MODULE')) and sql_text not like 'SELECT /* DS_SVC */%' and sql_text not like 'SELECT /* OPT_DYN_SAMP */%' and sql_text not like '/*AUTO_INDEX:ddl*/%' and sql_text not like '%/*+%dbms_stats%' and sql_text not like '%/* SQL Analyze(%' and command_type not in (9, 10, 11) and plan_hash_value > 0 and (con_dbid, force_matching_signature) not in (select /*+ unnest no_merge */ sss.con_dbid, sss.force_matching_signature from wri$_sqlset_definitions ssf, wri$_sqlset_statements sss where ssf.id = sss.sqlset_id and ssf.con_dbid = sss.con_dbid and ssf.owner = 'SYS' and ssf.name = 'SYS_AUTO_STS' and ssf.con_dbid = sys_context('userenv','con_dbid') and force_matching_signature > 0 group by sss.con_dbid, sss.sqlset_id, sss.force_matching_signature having count(*) > 1000) )' DATABASE USER:[3] 'SYS' PRIVILEGE :[6] 'SYSDBA' CLIENT USER:[0] '' CLIENT TERMINAL:[10] 'ANDY-AARON' STATUS:[1] '0' DBID:[10] '1689037571' SESSIONID:[6] '400363' USERHOST:[10] 'ANDY-AARON' CLIENT ADDRESS:[0] '' ACTION NUMBER:[1] '3' </string>
windows_event;win_event;E:\Cours\TFE\experiments\phase_dataset_strengthening\processed\multiformat_balanced_20260910T094422Z\samples\windows_event.xml;;306;2025-08-22T12:12:09.130730+00:00;INFO;34;Oracle.xe;Oracle.xe;andy-aaron;8052;0;;;;;;;;;;;;;;;;;;;;;;;;;;;INFORMATIONAL;generic;<string>LENGTH: '781' ACTION :[528] 'SELECT * FROM (SELECT sql_id, force_matching_signature, sql_text, parsing_schema_name, module, action, elapsed_time, cpu_time, buffer_gets, bind_data, disk_reads, direct_writes, rows_processed, fetches, executions, end_of_fetch_count, optimizer_cost, first_load_time, optimizer_env, priority, command_type, stat_period, active_stat_period, plan_hash_value , sql_seq, con_dbid, last_exec_start_time FROM sys.user_sqlset_statements) WHERE (last_exec_start_time < '2024-08-14/13:12:09')' DATABASE USER:[3] 'SYS' PRIVILEGE :[6] 'SYSDBA' CLIENT USER:[0] '' CLIENT TERMINAL:[10] 'ANDY-AARON' STATUS:[1] '0' DBID:[10] '1689037571' SESSIONID:[6] '400364' USERHOST:[10] 'ANDY-AARON' CLIENT ADDRESS:[0] '' ACTION NUMBER:[1] '3' </string>
windows_event;win_event;E:\Cours\TFE\experiments\phase_dataset_strengthening\processed\multiformat_balanced_20260910T094422Z\samples\windows_event.xml;;307;2025-08-22T12:12:09.200672+00:00;INFO;34;Oracle.xe;Oracle.xe;andy-aaron;8052;0;;;;;;;;;;;;;;;;;;;;;;;;;;;INFORMATIONAL;generic;<string>LENGTH: '2242' ACTION :[1988] 'SELECT * FROM (SELECT sql_id, force_matching_signature, NVL(plan_hash_value, 0) plan_hash_value, sql_fulltext as sql_text, parsing_schema_name, module, action, elapsed_time, cpu_time, buffer_gets, last_active_child_address, TO_CHAR(first_load_time, 'YYYY-MM-DD/HH24:MI:SS') first_load_time, last_load_time, disk_reads, direct_writes, rows_processed, fetches, executions, end_of_fetch_count, optimizer_cost, optimizer_env, command_type, loaded_versions, bind_data, last_active_time, con_dbid, TO_CHAR(last_exec_start_time, 'YYYY-MM-DD/HH24:MI:SS') last_exec_start_time FROM sys.v_$sqlarea_plan_hash s) WHERE ( (module is null or (module != 'SYS_AI_MODULE' and module != 'SYS_AUTO_STS_MODULE')) and sql_text not like 'SELECT /* DS_SVC */%' and sql_text not like 'SELECT /* OPT_DYN_SAMP */%' and sql_text not like '/*AUTO_INDEX:ddl*/%' and sql_text not like '%/*+%dbms_stats%' and sql_text not like '%/* SQL Analyze(%' and command_type not in (9, 10, 11) and plan_hash_value > 0 and (con_dbid, force_matching_signature) not in (select /*+ unnest no_merge */ sss.con_dbid, sss.force_matching_signature from wri$_sqlset_definitions ssf, wri$_sqlset_statements sss where ssf.id = sss.sqlset_id and ssf.con_dbid = sss.con_dbid and ssf.owner = 'SYS' and ssf.name = 'SYS_AUTO_STS' and ssf.con_dbid = sys_context('userenv','con_dbid') and force_matching_signature > 0 group by sss.con_dbid, sss.sqlset_id, sss.force_matching_signature having count(*) > 1000) )' DATABASE USER:[3] 'SYS' PRIVILEGE :[6] 'SYSDBA' CLIENT USER:[0] '' CLIENT TERMINAL:[10] 'ANDY-AARON' STATUS:[1] '0' DBID:[10] '1689037571' SESSIONID:[6] '400364' USERHOST:[10] 'ANDY-AARON' CLIENT ADDRESS:[0] '' ACTION NUMBER:[1] '3' </string>
windows_event;win_event;E:\Cours\TFE\experiments\phase_dataset_strengthening\processed\multiformat_balanced_20260910T094422Z\samples\windows_event.xml;;308;2025-08-22T12:27:11.585094+00:00;INFO;34;Oracle.xe;Oracle.xe;andy-aaron;8052;0;;;;;;;;;;;;;;;;;;;;;;;;;;;INFORMATIONAL;generic;<string>LENGTH: '781' ACTION :[528] 'SELECT * FROM (SELECT sql_id, force_matching_signature, sql_text, parsing_schema_name, module, action, elapsed_time, cpu_time, buffer_gets, bind_data, disk_reads, direct_writes, rows_processed, fetches, executions, end_of_fetch_count, optimizer_cost, first_load_time, optimizer_env, priority, command_type, stat_period, active_stat_period, plan_hash_value , sql_seq, con_dbid, last_exec_start_time FROM sys.user_sqlset_statements) WHERE (last_exec_start_time < '2024-08-14/13:27:11')' DATABASE USER:[3] 'SYS' PRIVILEGE :[6] 'SYSDBA' CLIENT USER:[0] '' CLIENT TERMINAL:[10] 'ANDY-AARON' STATUS:[1] '0' DBID:[10] '1689037571' SESSIONID:[6] '400369' USERHOST:[10] 'ANDY-AARON' CLIENT ADDRESS:[0] '' ACTION NUMBER:[1] '3' </string>
windows_event;win_event;E:\Cours\TFE\experiments\phase_dataset_strengthening\processed\multiformat_balanced_20260910T094422Z\samples\windows_event.xml;;309;2025-08-22T12:27:11.652868+00:00;INFO;34;Oracle.xe;Oracle.xe;andy-aaron;8052;0;;;;;;;;;;;;;;;;;;;;;;;;;;;INFORMATIONAL;generic;<string>LENGTH: '2242' ACTION :[1988] 'SELECT * FROM (SELECT sql_id, force_matching_signature, NVL(plan_hash_value, 0) plan_hash_value, sql_fulltext as sql_text, parsing_schema_name, module, action, elapsed_time, cpu_time, buffer_gets, last_active_child_address, TO_CHAR(first_load_time, 'YYYY-MM-DD/HH24:MI:SS') first_load_time, last_load_time, disk_reads, direct_writes, rows_processed, fetches, executions, end_of_fetch_count, optimizer_cost, optimizer_env, command_type, loaded_versions, bind_data, last_active_time, con_dbid, TO_CHAR(last_exec_start_time, 'YYYY-MM-DD/HH24:MI:SS') last_exec_start_time FROM sys.v_$sqlarea_plan_hash s) WHERE ( (module is null or (module != 'SYS_AI_MODULE' and module != 'SYS_AUTO_STS_MODULE')) and sql_text not like 'SELECT /* DS_SVC */%' and sql_text not like 'SELECT /* OPT_DYN_SAMP */%' and sql_text not like '/*AUTO_INDEX:ddl*/%' and sql_text not like '%/*+%dbms_stats%' and sql_text not like '%/* SQL Analyze(%' and command_type not in (9, 10, 11) and plan_hash_value > 0 and (con_dbid, force_matching_signature) not in (select /*+ unnest no_merge */ sss.con_dbid, sss.force_matching_signature from wri$_sqlset_definitions ssf, wri$_sqlset_statements sss where ssf.id = sss.sqlset_id and ssf.con_dbid = sss.con_dbid and ssf.owner = 'SYS' and ssf.name = 'SYS_AUTO_STS' and ssf.con_dbid = sys_context('userenv','con_dbid') and force_matching_signature > 0 group by sss.con_dbid, sss.sqlset_id, sss.force_matching_signature having count(*) > 1000) )' DATABASE USER:[3] 'SYS' PRIVILEGE :[6] 'SYSDBA' CLIENT USER:[0] '' CLIENT TERMINAL:[10] 'ANDY-AARON' STATUS:[1] '0' DBID:[10] '1689037571' SESSIONID:[6] '400369' USERHOST:[10] 'ANDY-AARON' CLIENT ADDRESS:[0] '' ACTION NUMBER:[1] '3' </string>
windows_event;win_event;E:\Cours\TFE\experiments\phase_dataset_strengthening\processed\multiformat_balanced_20260910T094422Z\samples\windows_event.xml;;310;2025-08-22T12:32:07.289759+00:00;INFO;16394;Microsoft-Windows-Security-SPP;Microsoft-Windows-Security-SPP;andy-aaron;12984;0;;;;;;;;;;;;;;;;;;;;;;;;;;;INFORMATIONAL;generic;
windows_event;win_event;E:\Cours\TFE\experiments\phase_dataset_strengthening\processed\multiformat_balanced_20260910T094422Z\samples\windows_event.xml;;311;2025-08-22T12:32:38.464920+00:00;INFO;16384;Microsoft-Windows-Security-SPP;Microsoft-Windows-Security-SPP;andy-aaron;12984;0;;;;;;;;;;;;;;;;;;;;;;;;;;;INFORMATIONAL;generic;<string>2125-07-29T12:32:38Z</string> <string>RulesEngine</string>
windows_event;win_event;E:\Cours\TFE\experiments\phase_dataset_strengthening\processed\multiformat_balanced_20260910T094422Z\samples\windows_event.xml;;312;2025-08-22T12:36:57.526886+00:00;INFO;8224;VSS;VSS;andy-aaron;20956;0;;;;;;;;;;;;;;;;;;;;;;;;;;;INFORMATIONAL;generic;<string></string>
windows_event;win_event;E:\Cours\TFE\experiments\phase_dataset_strengthening\processed\multiformat_balanced_20260910T094422Z\samples\windows_event.xml;;313;2025-08-22T12:42:14.283321+00:00;INFO;34;Oracle.xe;Oracle.xe;andy-aaron;8052;0;;;;;;;;;;;;;;;;;;;;;;;;;;;INFORMATIONAL;generic;<string>LENGTH: '781' ACTION :[528] 'SELECT * FROM (SELECT sql_id, force_matching_signature, sql_text, parsing_schema_name, module, action, elapsed_time, cpu_time, buffer_gets, bind_data, disk_reads, direct_writes, rows_processed, fetches, executions, end_of_fetch_count, optimizer_cost, first_load_time, optimizer_env, priority, command_type, stat_period, active_stat_period, plan_hash_value , sql_seq, con_dbid, last_exec_start_time FROM sys.user_sqlset_statements) WHERE (last_exec_start_time < '2024-08-14/13:42:14')' DATABASE USER:[3] 'SYS' PRIVILEGE :[6] 'SYSDBA' CLIENT USER:[0] '' CLIENT TERMINAL:[10] 'ANDY-AARON' STATUS:[1] '0' DBID:[10] '1689037571' SESSIONID:[6] '400370' USERHOST:[10] 'ANDY-AARON' CLIENT ADDRESS:[0] '' ACTION NUMBER:[1] '3' </string>
windows_event;win_event;E:\Cours\TFE\experiments\phase_dataset_strengthening\processed\multiformat_balanced_20260910T094422Z\samples\windows_event.xml;;314;2025-08-22T12:42:14.353733+00:00;INFO;34;Oracle.xe;Oracle.xe;andy-aaron;8052;0;;;;;;;;;;;;;;;;;;;;;;;;;;;INFORMATIONAL;generic;<string>LENGTH: '2242' ACTION :[1988] 'SELECT * FROM (SELECT sql_id, force_matching_signature, NVL(plan_hash_value, 0) plan_hash_value, sql_fulltext as sql_text, parsing_schema_name, module, action, elapsed_time, cpu_time, buffer_gets, last_active_child_address, TO_CHAR(first_load_time, 'YYYY-MM-DD/HH24:MI:SS') first_load_time, last_load_time, disk_reads, direct_writes, rows_processed, fetches, executions, end_of_fetch_count, optimizer_cost, optimizer_env, command_type, loaded_versions, bind_data, last_active_time, con_dbid, TO_CHAR(last_exec_start_time, 'YYYY-MM-DD/HH24:MI:SS') last_exec_start_time FROM sys.v_$sqlarea_plan_hash s) WHERE ( (module is null or (module != 'SYS_AI_MODULE' and module != 'SYS_AUTO_STS_MODULE')) and sql_text not like 'SELECT /* DS_SVC */%' and sql_text not like 'SELECT /* OPT_DYN_SAMP */%' and sql_text not like '/*AUTO_INDEX:ddl*/%' and sql_text not like '%/*+%dbms_stats%' and sql_text not like '%/* SQL Analyze(%' and command_type not in (9, 10, 11) and plan_hash_value > 0 and (con_dbid, force_matching_signature) not in (select /*+ unnest no_merge */ sss.con_dbid, sss.force_matching_signature from wri$_sqlset_definitions ssf, wri$_sqlset_statements sss where ssf.id = sss.sqlset_id and ssf.con_dbid = sss.con_dbid and ssf.owner = 'SYS' and ssf.name = 'SYS_AUTO_STS' and ssf.con_dbid = sys_context('userenv','con_dbid') and force_matching_signature > 0 group by sss.con_dbid, sss.sqlset_id, sss.force_matching_signature having count(*) > 1000) )' DATABASE USER:[3] 'SYS' PRIVILEGE :[6] 'SYSDBA' CLIENT USER:[0] '' CLIENT TERMINAL:[10] 'ANDY-AARON' STATUS:[1] '0' DBID:[10] '1689037571' SESSIONID:[6] '400370' USERHOST:[10] 'ANDY-AARON' CLIENT ADDRESS:[0] '' ACTION NUMBER:[1] '3' </string>
windows_event;win_event;E:\Cours\TFE\experiments\phase_dataset_strengthening\processed\multiformat_balanced_20260910T094422Z\samples\windows_event.xml;;315;2025-08-22T12:47:12.587786+00:00;INFO;16394;Microsoft-Windows-Security-SPP;Microsoft-Windows-Security-SPP;andy-aaron;12388;0;;;;;;;;;;;;;;;;;;;;;;;;;;;INFORMATIONAL;generic;
windows_event;win_event;E:\Cours\TFE\experiments\phase_dataset_strengthening\processed\multiformat_balanced_20260910T094422Z\samples\windows_event.xml;;316;2025-08-22T12:47:43.176275+00:00;INFO;16384;Microsoft-Windows-Security-SPP;Microsoft-Windows-Security-SPP;andy-aaron;12388;0;;;;;;;;;;;;;;;;;;;;;;;;;;;INFORMATIONAL;generic;<string>2125-07-29T12:47:43Z</string> <string>RulesEngine</string>
windows_event;win_event;E:\Cours\TFE\experiments\phase_dataset_strengthening\processed\multiformat_balanced_20260910T094422Z\samples\windows_event.xml;;317;2025-08-22T12:52:17.182018+00:00;INFO;16394;Microsoft-Windows-Security-SPP;Microsoft-Windows-Security-SPP;andy-aaron;10708;0;;;;;;;;;;;;;;;;;;;;;;;;;;;INFORMATIONAL;generic;
windows_event;win_event;E:\Cours\TFE\experiments\phase_dataset_strengthening\processed\multiformat_balanced_20260910T094422Z\samples\windows_event.xml;;318;2025-08-22T12:52:47.508480+00:00;INFO;16384;Microsoft-Windows-Security-SPP;Microsoft-Windows-Security-SPP;andy-aaron;10708;0;;;;;;;;;;;;;;;;;;;;;;;;;;;INFORMATIONAL;generic;<string>2125-07-29T12:52:47Z</string> <string>RulesEngine</string>
windows_event;win_event;E:\Cours\TFE\experiments\phase_dataset_strengthening\processed\multiformat_balanced_20260910T094422Z\samples\windows_event.xml;;319;2025-08-22T12:52:56.150232+00:00;INFO;16394;Microsoft-Windows-Security-SPP;Microsoft-Windows-Security-SPP;andy-aaron;14160;0;;;;;;;;;;;;;;;;;;;;;;;;;;;INFORMATIONAL;generic;
windows_event;win_event;E:\Cours\TFE\experiments\phase_dataset_strengthening\processed\multiformat_balanced_20260910T094422Z\samples\windows_event.xml;;320;2025-08-22T12:53:26.464163+00:00;INFO;16384;Microsoft-Windows-Security-SPP;Microsoft-Windows-Security-SPP;andy-aaron;14160;0;;;;;;;;;;;;;;;;;;;;;;;;;;;INFORMATIONAL;generic;<string>2125-07-29T12:53:26Z</string> <string>RulesEngine</string>
windows_event;win_event;E:\Cours\TFE\experiments\phase_dataset_strengthening\processed\multiformat_balanced_20260910T094422Z\samples\windows_event.xml;;321;2025-08-22T12:57:16.676376+00:00;INFO;34;Oracle.xe;Oracle.xe;andy-aaron;8052;0;;;;;;;;;;;;;;;;;;;;;;;;;;;INFORMATIONAL;generic;<string>LENGTH: '781' ACTION :[528] 'SELECT * FROM (SELECT sql_id, force_matching_signature, sql_text, parsing_schema_name, module, action, elapsed_time, cpu_time, buffer_gets, bind_data, disk_reads, direct_writes, rows_processed, fetches, executions, end_of_fetch_count, optimizer_cost, first_load_time, optimizer_env, priority, command_type, stat_period, active_stat_period, plan_hash_value , sql_seq, con_dbid, last_exec_start_time FROM sys.user_sqlset_statements) WHERE (last_exec_start_time < '2024-08-14/13:57:16')' DATABASE USER:[3] 'SYS' PRIVILEGE :[6] 'SYSDBA' CLIENT USER:[0] '' CLIENT TERMINAL:[10] 'ANDY-AARON' STATUS:[1] '0' DBID:[10] '1689037571' SESSIONID:[6] '400371' USERHOST:[10] 'ANDY-AARON' CLIENT ADDRESS:[0] '' ACTION NUMBER:[1] '3' </string>
windows_event;win_event;E:\Cours\TFE\experiments\phase_dataset_strengthening\processed\multiformat_balanced_20260910T094422Z\samples\windows_event.xml;;322;2025-08-22T12:57:16.746847+00:00;INFO;34;Oracle.xe;Oracle.xe;andy-aaron;8052;0;;;;;;;;;;;;;;;;;;;;;;;;;;;INFORMATIONAL;generic;<string>LENGTH: '2242' ACTION :[1988] 'SELECT * FROM (SELECT sql_id, force_matching_signature, NVL(plan_hash_value, 0) plan_hash_value, sql_fulltext as sql_text, parsing_schema_name, module, action, elapsed_time, cpu_time, buffer_gets, last_active_child_address, TO_CHAR(first_load_time, 'YYYY-MM-DD/HH24:MI:SS') first_load_time, last_load_time, disk_reads, direct_writes, rows_processed, fetches, executions, end_of_fetch_count, optimizer_cost, optimizer_env, command_type, loaded_versions, bind_data, last_active_time, con_dbid, TO_CHAR(last_exec_start_time, 'YYYY-MM-DD/HH24:MI:SS') last_exec_start_time FROM sys.v_$sqlarea_plan_hash s) WHERE ( (module is null or (module != 'SYS_AI_MODULE' and module != 'SYS_AUTO_STS_MODULE')) and sql_text not like 'SELECT /* DS_SVC */%' and sql_text not like 'SELECT /* OPT_DYN_SAMP */%' and sql_text not like '/*AUTO_INDEX:ddl*/%' and sql_text not like '%/*+%dbms_stats%' and sql_text not like '%/* SQL Analyze(%' and command_type not in (9, 10, 11) and plan_hash_value > 0 and (con_dbid, force_matching_signature) not in (select /*+ unnest no_merge */ sss.con_dbid, sss.force_matching_signature from wri$_sqlset_definitions ssf, wri$_sqlset_statements sss where ssf.id = sss.sqlset_id and ssf.con_dbid = sss.con_dbid and ssf.owner = 'SYS' and ssf.name = 'SYS_AUTO_STS' and ssf.con_dbid = sys_context('userenv','con_dbid') and force_matching_signature > 0 group by sss.con_dbid, sss.sqlset_id, sss.force_matching_signature having count(*) > 1000) )' DATABASE USER:[3] 'SYS' PRIVILEGE :[6] 'SYSDBA' CLIENT USER:[0] '' CLIENT TERMINAL:[10] 'ANDY-AARON' STATUS:[1] '0' DBID:[10] '1689037571' SESSIONID:[6] '400371' USERHOST:[10] 'ANDY-AARON' CLIENT ADDRESS:[0] '' ACTION NUMBER:[1] '3' </string>
windows_event;win_event;E:\Cours\TFE\experiments\phase_dataset_strengthening\processed\multiformat_balanced_20260910T094422Z\samples\windows_event.xml;;323;2025-08-22T12:58:56.677719+00:00;INFO;1001;Windows Error Reporting;Windows Error Reporting;andy-aaron;22204;22208;;S-1-5-18;;;;;;;;;;;;;;;;;;;;;;;;;INFORMATIONAL;generic;BucketType=0 | EventName=LiveKernelEvent | Response=Non disponible | CabId=0 | P1=1a8 | P2=a | P3=0 | P4=0 | P5=0 | P6=10_0_26100 | P7=0_0 | P8=256_1 | AttachedFiles=\\?\C:\WINDOWS\LiveKernelReports\WATCHDOG\WATCHDOG-20241228-1037.dmp \\?\C:\WINDOWS\SystemTemp\WER-63262875-0.sysdata.xml \\?\C:\ProgramData\Microsoft\Windows\WER\Temp\WER.c623e680-1800-4145-bcf4-a750070a34a7.tmp.WERInternalMetadata.xml \\?\C:\ProgramData\Microsoft\Windows\WER\Temp\WER.dcaa4e06-daf7-482b-bce4-4210df92e794.tmp.csv \\?\C:\ProgramData\Microsoft\Windows\WER\Temp\WER.cc1bb38b-83df-4fef-a156-78b92ffc523e.tmp.txt \\?\C:\ProgramData\Microsoft\Windows\WER\Temp\WER.80694598-3867-4ea3-a2de-15f9e65e84cf.tmp.xml | StorePath=\\?\C:\ProgramData\Microsoft\Windows\WER\ReportQueue\Kernel_1a8_3748bd66a7bb3ae96eac533a61a9ac86d47cc_00000000_c9f1e99d-9878-45e1-b845-42dea592aac2 | Rechecking=0 | ReportId=c9f1e99d-9878-45e1-b845-42dea592aac2 | ReportStatus=2051 | CabGuid=0
windows_event;win_event;E:\Cours\TFE\experiments\phase_dataset_strengthening\processed\multiformat_balanced_20260910T094422Z\samples\windows_event.xml;;324;2025-08-22T12:58:56.722635+00:00;INFO;1001;Windows Error Reporting;Windows Error Reporting;andy-aaron;22204;22208;;S-1-5-18;;;;;;;;;;;;;;;;;;;;;;;;;INFORMATIONAL;generic;BucketType=0 | EventName=LiveKernelEvent | Response=Non disponible | CabId=0 | P1=1d4 | P2=0 | P3=1 | P4=ffffea81deca1f70 | P5=102 | P6=10_0_26100 | P7=0_0 | P8=256_1 | AttachedFiles=\\?\C:\WINDOWS\LiveKernelReports\UcmUcsiCx.sys\UcmUcsiCx.sys-20250103-1355.dmp \\?\C:\WINDOWS\SystemTemp\WER-74992593-0.sysdata.xml \\?\C:\WINDOWS\LiveKernelReports\UcmUcsiCx.sys-20250103-1355.dmp \\?\C:\ProgramData\Microsoft\Windows\WER\Temp\WER.1c94202d-23d4-43bc-b803-51b15164ef24.tmp.WERInternalMetadata.xml \\?\C:\ProgramData\Microsoft\Windows\WER\Temp\WER.6a3e472c-3e58-4a46-b182-4f259af9b46f.tmp.csv \\?\C:\ProgramData\Microsoft\Windows\WER\Temp\WER.4e2c8e78-9965-43b4-991d-99b0a10ba760.tmp.txt \\?\C:\ProgramData\Microsoft\Windows\WER\Temp\WER.8a160590-50c5-4134-9abf-b59138c8446d.tmp.xml | StorePath=\\?\C:\ProgramData\Microsoft\Windows\WER\ReportQueue\Kernel_1d4_8fffa3be2ab8d282f3da8520e76c865c5296d55d_00000000_3ba80cad-33b1-4b02-825d-857ad3f9e072 | Rechecking=0 | ReportId=3ba80cad-33b1-4b02-825d-857ad3f9e072 | ReportStatus=2051 | CabGuid=0
windows_event;win_event;E:\Cours\TFE\experiments\phase_dataset_strengthening\processed\multiformat_balanced_20260910T094422Z\samples\windows_event.xml;;325;2025-08-22T12:58:56.772665+00:00;INFO;1001;Windows Error Reporting;Windows Error Reporting;andy-aaron;22204;22208;;S-1-5-18;;;;;;;;;;;;;;;;;;;;;;;;;INFORMATIONAL;generic;BucketType=0 | EventName=LiveKernelEvent | Response=Non disponible | CabId=0 | P1=141 | P2=ffff80872495b010 | P3=fffff8065fd667b0 | P4=0 | P5=ffff808719b79080 | P6=10_0_26100 | P7=0_0 | P8=256_1 | AttachedFiles=\\?\C:\WINDOWS\LiveKernelReports\WATCHDOG\WATCHDOG-20250312-1514.dmp \\?\C:\WINDOWS\SystemTemp\WER-1144664578-0.sysdata.xml \\?\C:\ProgramData\Microsoft\Windows\WER\Temp\WER.278c009a-7129-40ae-ae3f-6e1613a9bf88.tmp.WERInternalMetadata.xml \\?\C:\ProgramData\Microsoft\Windows\WER\Temp\WER.d37757a5-caeb-4073-a3c6-a9446fb1a4f3.tmp.csv \\?\C:\ProgramData\Microsoft\Windows\WER\Temp\WER.278e6571-9c5b-474e-a49d-d8484c1dbb9b.tmp.txt \\?\C:\ProgramData\Microsoft\Windows\WER\Temp\WER.50f12aa5-a12b-467f-9246-93778e4d79ff.tmp.xml | StorePath=\\?\C:\ProgramData\Microsoft\Windows\WER\ReportQueue\Kernel_141_65692e537b7e985eeb8057e76162e35b95d45_00000000_7b4cd463-539e-4c7b-821d-7bf781c1e17d | Rechecking=0 | ReportId=7b4cd463-539e-4c7b-821d-7bf781c1e17d | ReportStatus=2051 | CabGuid=0
windows_event;win_event;E:\Cours\TFE\experiments\phase_dataset_strengthening\processed\multiformat_balanced_20260910T094422Z\samples\windows_event.xml;;326;2025-08-22T12:58:56.822445+00:00;INFO;1001;Windows Error Reporting;Windows Error Reporting;andy-aaron;22204;22208;;S-1-5-18;;;;;;;;;;;;;;;;;;;;;;;;;INFORMATIONAL;generic;BucketType=0 | EventName=BlueScreen | Response=Non disponible | CabId=0 | P1=a | P2=ffffbd199bfd99b8 | P3=2 | P4=0 | P5=fffff807ef2ce08b | P6=10_0_26100 | P7=0_0 | P8=256_1 | AttachedFiles=\\?\C:\WINDOWS\Minidump\031325-24406-01.dmp \\?\C:\WINDOWS\SystemTemp\WER-24406-0.sysdata.xml \\?\C:\ProgramData\Microsoft\Windows\WER\Temp\WER.c6d483c2-fe72-4d05-963f-14bfdf89f020.tmp.WERInternalMetadata.xml \\?\C:\ProgramData\Microsoft\Windows\WER\Temp\WER.7ba05a37-0b43-4468-b04d-38c80619a3a8.tmp.csv \\?\C:\ProgramData\Microsoft\Windows\WER\Temp\WER.6ebcc7e2-6b4b-4313-b27f-fcfa523812e1.tmp.txt \\?\C:\ProgramData\Microsoft\Windows\WER\Temp\WER.d1a4b16e-e5d5-4a78-92b0-d145c7f9caff.tmp.xml | StorePath=\\?\C:\ProgramData\Microsoft\Windows\WER\ReportQueue\Kernel_a_e5101349288331572445900f746c7702ecc561_00000000_ec9e6671-ddef-49bb-aee8-5636f5e59f1b | Rechecking=0 | ReportId=3c2f588b-5575-47e3-8274-e445076b3ee0 | ReportStatus=2051 | CabGuid=0
windows_event;win_event;E:\Cours\TFE\experiments\phase_dataset_strengthening\processed\multiformat_balanced_20260910T094422Z\samples\windows_event.xml;;327;2025-08-22T12:58:56.869699+00:00;INFO;1001;Windows Error Reporting;Windows Error Reporting;andy-aaron;22204;22208;;S-1-5-18;;;;;;;;;;;;;;;;;;;;;;;;;INFORMATIONAL;generic;BucketType=0 | EventName=AppTermFailureEvent | Response=Non disponible | CabId=0 | AttachedFiles=\\?\C:\Windows\SystemTemp\WER.cf9fcada-0693-4457-8ae4-2753592aa22d.tmpatk.kdmp \\?\C:\Windows\SystemTemp\WER.a7cef2e6-b3cf-49e9-80bf-5a736101022d.tmp.appcompat.txt \\?\C:\ProgramData\Microsoft\Windows\WER\Temp\WER.f958e859-772c-4ab9-8133-3f11a0efa11d.tmp.WERInternalMetadata.xml \\?\C:\ProgramData\Microsoft\Windows\WER\Temp\WER.f9aeb094-6c24-4c18-9f8e-b40d61e328bd.tmp.csv \\?\C:\ProgramData\Microsoft\Windows\WER\Temp\WER.6e2fa4c3-f301-4a9a-b0b6-87ef3c5776e7.tmp.txt \\?\C:\ProgramData\Microsoft\Windows\WER\Temp\WER.245173d9-0e55-4485-a078-4c371d578ee3.tmp.xml | StorePath=\\?\C:\ProgramData\Microsoft\Windows\WER\ReportQueue\Kernel_0_0_00000000_3b556626-1ca4-4a02-8daf-7f25274a7c00 | Rechecking=0 | ReportId=15339037-e9b2-447a-9d4a-563a7af0e50f | ReportStatus=2051 | CabGuid=0
windows_event;win_event;E:\Cours\TFE\experiments\phase_dataset_strengthening\processed\multiformat_balanced_20260910T094422Z\samples\windows_event.xml;;328;2025-08-22T12:58:56.915363+00:00;INFO;1001;Windows Error Reporting;Windows Error Reporting;andy-aaron;22204;22208;;S-1-5-18;;;;;;;;;;;;;;;;;;;;;;;;;INFORMATIONAL;generic;BucketType=0 | EventName=AppTermFailureEvent | Response=Non disponible | CabId=0 | AttachedFiles=\\?\C:\Windows\SystemTemp\WER.0c16d4e2-a72b-431c-b3cd-19e3e1be6953.tmpatk.kdmp \\?\C:\Windows\SystemTemp\WER.b3e48785-8746-4d39-a758-4b8b468b6ac2.tmp.appcompat.txt \\?\C:\ProgramData\Microsoft\Windows\WER\Temp\WER.5487119f-bc7b-4930-9e7e-2cf526470cc4.tmp.WERInternalMetadata.xml \\?\C:\ProgramData\Microsoft\Windows\WER\Temp\WER.f1812ce5-396d-41b7-a771-f6d2a4b32f2d.tmp.csv \\?\C:\ProgramData\Microsoft\Windows\WER\Temp\WER.9cce2d8e-d4ca-4aff-98a9-a8d6c8d1bbe0.tmp.txt \\?\C:\ProgramData\Microsoft\Windows\WER\Temp\WER.01b80f97-fbb3-4751-971f-41e145019250.tmp.xml | StorePath=\\?\C:\ProgramData\Microsoft\Windows\WER\ReportQueue\Kernel_0_0_00000000_6c360615-cec7-4cc7-b883-1ad06cd3e5a8 | Rechecking=0 | ReportId=36277f58-287e-4f94-89b0-44ab31a14743 | ReportStatus=2051 | CabGuid=0
windows_event;win_event;E:\Cours\TFE\experiments\phase_dataset_strengthening\processed\multiformat_balanced_20260910T094422Z\samples\windows_event.xml;;329;2025-08-22T12:58:56.964117+00:00;INFO;1001;Windows Error Reporting;Windows Error Reporting;andy-aaron;22204;22208;;S-1-5-18;;;;;;;;;;;;;;;;;;;;;;;;;INFORMATIONAL;generic;BucketType=0 | EventName=BlueScreen | Response=Non disponible | CabId=0 | P1=50 | P2=ffffa3036b198590 | P3=2 | P4=fffff80124301a61 | P5=2 | P6=10_0_26100 | P7=0_0 | P8=256_1 | AttachedFiles=\\?\C:\WINDOWS\Minidump\070325-23468-01.dmp \\?\C:\WINDOWS\SystemTemp\WER-23484-0.sysdata.xml \\?\C:\ProgramData\Microsoft\Windows\WER\Temp\WER.b603b674-1787-4948-9b01-bdc6f5be76eb.tmp.WERInternalMetadata.xml \\?\C:\ProgramData\Microsoft\Windows\WER\Temp\WER.e7e983b8-58f4-4f47-9381-2ffc586e231b.tmp.csv \\?\C:\ProgramData\Microsoft\Windows\WER\Temp\WER.42990ba5-1374-4312-b954-312a1cccd55a.tmp.txt \\?\C:\ProgramData\Microsoft\Windows\WER\Temp\WER.a5580add-a5cf-4d9e-a1aa-4ac7aefc78f4.tmp.xml | StorePath=\\?\C:\ProgramData\Microsoft\Windows\WER\ReportQueue\Kernel_50_13c767d170406b8b397519cf8e17aeb6c557f457_00000000_a95aa03e-6358-475d-bd7d-a58793a523d2 | Rechecking=0 | ReportId=5115b9f1-f158-47cc-a40c-2adab16904af | ReportStatus=2051 | CabGuid=0
windows_event;win_event;E:\Cours\TFE\experiments\phase_dataset_strengthening\processed\multiformat_balanced_20260910T094422Z\samples\windows_event.xml;;330;2025-08-22T12:58:57.011595+00:00;INFO;1001;Windows Error Reporting;Windows Error Reporting;andy-aaron;22204;22208;;S-1-5-18;;;;;;;;;;;;;;;;;;;;;;;;;INFORMATIONAL;generic;BucketType=0 | EventName=BlueScreen | Response=Non disponible | CabId=0 | P1=50 | P2=ffff978457755610 | P3=2 | P4=fffff80225384cb6 | P5=2 | P6=10_0_26100 | P7=0_0 | P8=256_1 | AttachedFiles=\\?\C:\WINDOWS\Minidump\080925-26250-01.dmp \\?\C:\WINDOWS\SystemTemp\WER-26265-0.sysdata.xml \\?\C:\ProgramData\Microsoft\Windows\WER\Temp\WER.588a643c-6288-4c1d-b386-84bbf85b8e7b.tmp.WERInternalMetadata.xml \\?\C:\ProgramData\Microsoft\Windows\WER\Temp\WER.3d41afc2-b355-45c8-86a3-03a084b40a88.tmp.csv \\?\C:\ProgramData\Microsoft\Windows\WER\Temp\WER.3087efe9-cf71-4cc1-9347-9d9ab4fdcda0.tmp.txt \\?\C:\ProgramData\Microsoft\Windows\WER\Temp\WER.9088dbbb-b8a8-41f0-a31c-2636cde90085.tmp.xml | StorePath=\\?\C:\ProgramData\Microsoft\Windows\WER\ReportQueue\Kernel_50_92a55ed52b52527b6998ab5e7d1f40d37b688472_00000000_c2db0de2-9e3d-440e-99a3-9d1f740c7c16 | Rechecking=0 | ReportId=313362e5-1ed3-476a-86aa-2ed08fd40423 | ReportStatus=2051 | CabGuid=0
windows_event;win_event;E:\Cours\TFE\experiments\phase_dataset_strengthening\processed\multiformat_balanced_20260910T094422Z\samples\windows_event.xml;;331;2025-08-22T13:12:19.178989+00:00;INFO;34;Oracle.xe;Oracle.xe;andy-aaron;8052;0;;;;;;;;;;;;;;;;;;;;;;;;;;;INFORMATIONAL;generic;<string>LENGTH: '781' ACTION :[528] 'SELECT * FROM (SELECT sql_id, force_matching_signature, sql_text, parsing_schema_name, module, action, elapsed_time, cpu_time, buffer_gets, bind_data, disk_reads, direct_writes, rows_processed, fetches, executions, end_of_fetch_count, optimizer_cost, first_load_time, optimizer_env, priority, command_type, stat_period, active_stat_period, plan_hash_value , sql_seq, con_dbid, last_exec_start_time FROM sys.user_sqlset_statements) WHERE (last_exec_start_time < '2024-08-14/14:12:19')' DATABASE USER:[3] 'SYS' PRIVILEGE :[6] 'SYSDBA' CLIENT USER:[0] '' CLIENT TERMINAL:[10] 'ANDY-AARON' STATUS:[1] '0' DBID:[10] '1689037571' SESSIONID:[6] '400372' USERHOST:[10] 'ANDY-AARON' CLIENT ADDRESS:[0] '' ACTION NUMBER:[1] '3' </string>
windows_event;win_event;E:\Cours\TFE\experiments\phase_dataset_strengthening\processed\multiformat_balanced_20260910T094422Z\samples\windows_event.xml;;332;2025-08-22T13:12:19.252441+00:00;INFO;34;Oracle.xe;Oracle.xe;andy-aaron;8052;0;;;;;;;;;;;;;;;;;;;;;;;;;;;INFORMATIONAL;generic;<string>LENGTH: '2242' ACTION :[1988] 'SELECT * FROM (SELECT sql_id, force_matching_signature, NVL(plan_hash_value, 0) plan_hash_value, sql_fulltext as sql_text, parsing_schema_name, module, action, elapsed_time, cpu_time, buffer_gets, last_active_child_address, TO_CHAR(first_load_time, 'YYYY-MM-DD/HH24:MI:SS') first_load_time, last_load_time, disk_reads, direct_writes, rows_processed, fetches, executions, end_of_fetch_count, optimizer_cost, optimizer_env, command_type, loaded_versions, bind_data, last_active_time, con_dbid, TO_CHAR(last_exec_start_time, 'YYYY-MM-DD/HH24:MI:SS') last_exec_start_time FROM sys.v_$sqlarea_plan_hash s) WHERE ( (module is null or (module != 'SYS_AI_MODULE' and module != 'SYS_AUTO_STS_MODULE')) and sql_text not like 'SELECT /* DS_SVC */%' and sql_text not like 'SELECT /* OPT_DYN_SAMP */%' and sql_text not like '/*AUTO_INDEX:ddl*/%' and sql_text not like '%/*+%dbms_stats%' and sql_text not like '%/* SQL Analyze(%' and command_type not in (9, 10, 11) and plan_hash_value > 0 and (con_dbid, force_matching_signature) not in (select /*+ unnest no_merge */ sss.con_dbid, sss.force_matching_signature from wri$_sqlset_definitions ssf, wri$_sqlset_statements sss where ssf.id = sss.sqlset_id and ssf.con_dbid = sss.con_dbid and ssf.owner = 'SYS' and ssf.name = 'SYS_AUTO_STS' and ssf.con_dbid = sys_context('userenv','con_dbid') and force_matching_signature > 0 group by sss.con_dbid, sss.sqlset_id, sss.force_matching_signature having count(*) > 1000) )' DATABASE USER:[3] 'SYS' PRIVILEGE :[6] 'SYSDBA' CLIENT USER:[0] '' CLIENT TERMINAL:[10] 'ANDY-AARON' STATUS:[1] '0' DBID:[10] '1689037571' SESSIONID:[6] '400372' USERHOST:[10] 'ANDY-AARON' CLIENT ADDRESS:[0] '' ACTION NUMBER:[1] '3' </string>
windows_event;win_event;E:\Cours\TFE\experiments\phase_dataset_strengthening\processed\multiformat_balanced_20260910T094422Z\samples\windows_event.xml;;333;2025-08-22T13:20:03.389309+00:00;INFO;15;SecurityCenter;SecurityCenter;andy-aaron;9072;0;;;;;;;;;;;;;;;;;;;;;;;;;;;INFORMATIONAL;generic;<string>Avast Antivirus</string> <string>SECURITY_PRODUCT_STATE_ON</string>
windows_event;win_event;E:\Cours\TFE\experiments\phase_dataset_strengthening\processed\multiformat_balanced_20260910T094422Z\samples\windows_event.xml;;334;2025-08-22T13:20:03.482746+00:00;INFO;15;SecurityCenter;SecurityCenter;andy-aaron;9072;0;;;;;;;;;;;;;;;;;;;;;;;;;;;INFORMATIONAL;generic;<string>Avast Antivirus</string> <string>SECURITY_PRODUCT_STATE_ON</string>
windows_event;win_event;E:\Cours\TFE\experiments\phase_dataset_strengthening\processed\multiformat_balanced_20260910T094422Z\samples\windows_event.xml;;335;2025-08-22T13:20:03.557276+00:00;INFO;15;SecurityCenter;SecurityCenter;andy-aaron;9072;0;;;;;;;;;;;;;;;;;;;;;;;;;;;INFORMATIONAL;generic;<string>Avast Antivirus</string> <string>SECURITY_PRODUCT_STATE_ON</string>
windows_event;win_event;E:\Cours\TFE\experiments\phase_dataset_strengthening\processed\multiformat_balanced_20260910T094422Z\samples\windows_event.xml;;336;2025-08-22T13:20:03.628725+00:00;INFO;15;SecurityCenter;SecurityCenter;andy-aaron;9072;0;;;;;;;;;;;;;;;;;;;;;;;;;;;INFORMATIONAL;generic;<string>Avast Antivirus</string> <string>SECURITY_PRODUCT_STATE_ON</string>
windows_event;win_event;E:\Cours\TFE\experiments\phase_dataset_strengthening\processed\multiformat_balanced_20260910T094422Z\samples\windows_event.xml;;337;2025-08-22T13:27:21.650858+00:00;INFO;34;Oracle.xe;Oracle.xe;andy-aaron;8052;0;;;;;;;;;;;;;;;;;;;;;;;;;;;INFORMATIONAL;generic;<string>LENGTH: '781' ACTION :[528] 'SELECT * FROM (SELECT sql_id, force_matching_signature, sql_text, parsing_schema_name, module, action, elapsed_time, cpu_time, buffer_gets, bind_data, disk_reads, direct_writes, rows_processed, fetches, executions, end_of_fetch_count, optimizer_cost, first_load_time, optimizer_env, priority, command_type, stat_period, active_stat_period, plan_hash_value , sql_seq, con_dbid, last_exec_start_time FROM sys.user_sqlset_statements) WHERE (last_exec_start_time < '2024-08-14/14:27:21')' DATABASE USER:[3] 'SYS' PRIVILEGE :[6] 'SYSDBA' CLIENT USER:[0] '' CLIENT TERMINAL:[10] 'ANDY-AARON' STATUS:[1] '0' DBID:[10] '1689037571' SESSIONID:[6] '400376' USERHOST:[10] 'ANDY-AARON' CLIENT ADDRESS:[0] '' ACTION NUMBER:[1] '3' </string>
windows_event;win_event;E:\Cours\TFE\experiments\phase_dataset_strengthening\processed\multiformat_balanced_20260910T094422Z\samples\windows_event.xml;;338;2025-08-22T13:27:21.712412+00:00;INFO;34;Oracle.xe;Oracle.xe;andy-aaron;8052;0;;;;;;;;;;;;;;;;;;;;;;;;;;;INFORMATIONAL;generic;<string>LENGTH: '2242' ACTION :[1988] 'SELECT * FROM (SELECT sql_id, force_matching_signature, NVL(plan_hash_value, 0) plan_hash_value, sql_fulltext as sql_text, parsing_schema_name, module, action, elapsed_time, cpu_time, buffer_gets, last_active_child_address, TO_CHAR(first_load_time, 'YYYY-MM-DD/HH24:MI:SS') first_load_time, last_load_time, disk_reads, direct_writes, rows_processed, fetches, executions, end_of_fetch_count, optimizer_cost, optimizer_env, command_type, loaded_versions, bind_data, last_active_time, con_dbid, TO_CHAR(last_exec_start_time, 'YYYY-MM-DD/HH24:MI:SS') last_exec_start_time FROM sys.v_$sqlarea_plan_hash s) WHERE ( (module is null or (module != 'SYS_AI_MODULE' and module != 'SYS_AUTO_STS_MODULE')) and sql_text not like 'SELECT /* DS_SVC */%' and sql_text not like 'SELECT /* OPT_DYN_SAMP */%' and sql_text not like '/*AUTO_INDEX:ddl*/%' and sql_text not like '%/*+%dbms_stats%' and sql_text not like '%/* SQL Analyze(%' and command_type not in (9, 10, 11) and plan_hash_value > 0 and (con_dbid, force_matching_signature) not in (select /*+ unnest no_merge */ sss.con_dbid, sss.force_matching_signature from wri$_sqlset_definitions ssf, wri$_sqlset_statements sss where ssf.id = sss.sqlset_id and ssf.con_dbid = sss.con_dbid and ssf.owner = 'SYS' and ssf.name = 'SYS_AUTO_STS' and ssf.con_dbid = sys_context('userenv','con_dbid') and force_matching_signature > 0 group by sss.con_dbid, sss.sqlset_id, sss.force_matching_signature having count(*) > 1000) )' DATABASE USER:[3] 'SYS' PRIVILEGE :[6] 'SYSDBA' CLIENT USER:[0] '' CLIENT TERMINAL:[10] 'ANDY-AARON' STATUS:[1] '0' DBID:[10] '1689037571' SESSIONID:[6] '400376' USERHOST:[10] 'ANDY-AARON' CLIENT ADDRESS:[0] '' ACTION NUMBER:[1] '3' </string>
windows_event;win_event;E:\Cours\TFE\experiments\phase_dataset_strengthening\processed\multiformat_balanced_20260910T094422Z\samples\windows_event.xml;;339;2025-08-22T13:36:36.688086+00:00;INFO;16394;Microsoft-Windows-Security-SPP;Microsoft-Windows-Security-SPP;andy-aaron;22012;0;;;;;;;;;;;;;;;;;;;;;;;;;;;INFORMATIONAL;generic;
windows_event;win_event;E:\Cours\TFE\experiments\phase_dataset_strengthening\processed\multiformat_balanced_20260910T094422Z\samples\windows_event.xml;;340;2025-08-22T13:37:06.995501+00:00;INFO;16384;Microsoft-Windows-Security-SPP;Microsoft-Windows-Security-SPP;andy-aaron;22012;0;;;;;;;;;;;;;;;;;;;;;;;;;;;INFORMATIONAL;generic;<string>2125-07-29T13:37:06Z</string> <string>RulesEngine</string>
windows_event;win_event;E:\Cours\TFE\experiments\phase_dataset_strengthening\processed\multiformat_balanced_20260910T094422Z\samples\windows_event.xml;;341;2025-08-22T13:42:24.219963+00:00;INFO;34;Oracle.xe;Oracle.xe;andy-aaron;8052;0;;;;;;;;;;;;;;;;;;;;;;;;;;;INFORMATIONAL;generic;<string>LENGTH: '781' ACTION :[528] 'SELECT * FROM (SELECT sql_id, force_matching_signature, sql_text, parsing_schema_name, module, action, elapsed_time, cpu_time, buffer_gets, bind_data, disk_reads, direct_writes, rows_processed, fetches, executions, end_of_fetch_count, optimizer_cost, first_load_time, optimizer_env, priority, command_type, stat_period, active_stat_period, plan_hash_value , sql_seq, con_dbid, last_exec_start_time FROM sys.user_sqlset_statements) WHERE (last_exec_start_time < '2024-08-14/14:42:24')' DATABASE USER:[3] 'SYS' PRIVILEGE :[6] 'SYSDBA' CLIENT USER:[0] '' CLIENT TERMINAL:[10] 'ANDY-AARON' STATUS:[1] '0' DBID:[10] '1689037571' SESSIONID:[6] '400377' USERHOST:[10] 'ANDY-AARON' CLIENT ADDRESS:[0] '' ACTION NUMBER:[1] '3' </string>
windows_event;win_event;E:\Cours\TFE\experiments\phase_dataset_strengthening\processed\multiformat_balanced_20260910T094422Z\samples\windows_event.xml;;342;2025-08-22T13:42:24.284586+00:00;INFO;34;Oracle.xe;Oracle.xe;andy-aaron;8052;0;;;;;;;;;;;;;;;;;;;;;;;;;;;INFORMATIONAL;generic;<string>LENGTH: '2242' ACTION :[1988] 'SELECT * FROM (SELECT sql_id, force_matching_signature, NVL(plan_hash_value, 0) plan_hash_value, sql_fulltext as sql_text, parsing_schema_name, module, action, elapsed_time, cpu_time, buffer_gets, last_active_child_address, TO_CHAR(first_load_time, 'YYYY-MM-DD/HH24:MI:SS') first_load_time, last_load_time, disk_reads, direct_writes, rows_processed, fetches, executions, end_of_fetch_count, optimizer_cost, optimizer_env, command_type, loaded_versions, bind_data, last_active_time, con_dbid, TO_CHAR(last_exec_start_time, 'YYYY-MM-DD/HH24:MI:SS') last_exec_start_time FROM sys.v_$sqlarea_plan_hash s) WHERE ( (module is null or (module != 'SYS_AI_MODULE' and module != 'SYS_AUTO_STS_MODULE')) and sql_text not like 'SELECT /* DS_SVC */%' and sql_text not like 'SELECT /* OPT_DYN_SAMP */%' and sql_text not like '/*AUTO_INDEX:ddl*/%' and sql_text not like '%/*+%dbms_stats%' and sql_text not like '%/* SQL Analyze(%' and command_type not in (9, 10, 11) and plan_hash_value > 0 and (con_dbid, force_matching_signature) not in (select /*+ unnest no_merge */ sss.con_dbid, sss.force_matching_signature from wri$_sqlset_definitions ssf, wri$_sqlset_statements sss where ssf.id = sss.sqlset_id and ssf.con_dbid = sss.con_dbid and ssf.owner = 'SYS' and ssf.name = 'SYS_AUTO_STS' and ssf.con_dbid = sys_context('userenv','con_dbid') and force_matching_signature > 0 group by sss.con_dbid, sss.sqlset_id, sss.force_matching_signature having count(*) > 1000) )' DATABASE USER:[3] 'SYS' PRIVILEGE :[6] 'SYSDBA' CLIENT USER:[0] '' CLIENT TERMINAL:[10] 'ANDY-AARON' STATUS:[1] '0' DBID:[10] '1689037571' SESSIONID:[6] '400377' USERHOST:[10] 'ANDY-AARON' CLIENT ADDRESS:[0] '' ACTION NUMBER:[1] '3' </string>
windows_event;win_event;E:\Cours\TFE\experiments\phase_dataset_strengthening\processed\multiformat_balanced_20260910T094422Z\samples\windows_event.xml;;343;2025-08-22T13:57:26.893572+00:00;INFO;34;Oracle.xe;Oracle.xe;andy-aaron;8052;0;;;;;;;;;;;;;;;;;;;;;;;;;;;INFORMATIONAL;generic;<string>LENGTH: '781' ACTION :[528] 'SELECT * FROM (SELECT sql_id, force_matching_signature, sql_text, parsing_schema_name, module, action, elapsed_time, cpu_time, buffer_gets, bind_data, disk_reads, direct_writes, rows_processed, fetches, executions, end_of_fetch_count, optimizer_cost, first_load_time, optimizer_env, priority, command_type, stat_period, active_stat_period, plan_hash_value , sql_seq, con_dbid, last_exec_start_time FROM sys.user_sqlset_statements) WHERE (last_exec_start_time < '2024-08-14/14:57:26')' DATABASE USER:[3] 'SYS' PRIVILEGE :[6] 'SYSDBA' CLIENT USER:[0] '' CLIENT TERMINAL:[10] 'ANDY-AARON' STATUS:[1] '0' DBID:[10] '1689037571' SESSIONID:[6] '400378' USERHOST:[10] 'ANDY-AARON' CLIENT ADDRESS:[0] '' ACTION NUMBER:[1] '3' </string>
windows_event;win_event;E:\Cours\TFE\experiments\phase_dataset_strengthening\processed\multiformat_balanced_20260910T094422Z\samples\windows_event.xml;;344;2025-08-22T13:57:26.985815+00:00;INFO;34;Oracle.xe;Oracle.xe;andy-aaron;8052;0;;;;;;;;;;;;;;;;;;;;;;;;;;;INFORMATIONAL;generic;<string>LENGTH: '2242' ACTION :[1988] 'SELECT * FROM (SELECT sql_id, force_matching_signature, NVL(plan_hash_value, 0) plan_hash_value, sql_fulltext as sql_text, parsing_schema_name, module, action, elapsed_time, cpu_time, buffer_gets, last_active_child_address, TO_CHAR(first_load_time, 'YYYY-MM-DD/HH24:MI:SS') first_load_time, last_load_time, disk_reads, direct_writes, rows_processed, fetches, executions, end_of_fetch_count, optimizer_cost, optimizer_env, command_type, loaded_versions, bind_data, last_active_time, con_dbid, TO_CHAR(last_exec_start_time, 'YYYY-MM-DD/HH24:MI:SS') last_exec_start_time FROM sys.v_$sqlarea_plan_hash s) WHERE ( (module is null or (module != 'SYS_AI_MODULE' and module != 'SYS_AUTO_STS_MODULE')) and sql_text not like 'SELECT /* DS_SVC */%' and sql_text not like 'SELECT /* OPT_DYN_SAMP */%' and sql_text not like '/*AUTO_INDEX:ddl*/%' and sql_text not like '%/*+%dbms_stats%' and sql_text not like '%/* SQL Analyze(%' and command_type not in (9, 10, 11) and plan_hash_value > 0 and (con_dbid, force_matching_signature) not in (select /*+ unnest no_merge */ sss.con_dbid, sss.force_matching_signature from wri$_sqlset_definitions ssf, wri$_sqlset_statements sss where ssf.id = sss.sqlset_id and ssf.con_dbid = sss.con_dbid and ssf.owner = 'SYS' and ssf.name = 'SYS_AUTO_STS' and ssf.con_dbid = sys_context('userenv','con_dbid') and force_matching_signature > 0 group by sss.con_dbid, sss.sqlset_id, sss.force_matching_signature having count(*) > 1000) )' DATABASE USER:[3] 'SYS' PRIVILEGE :[6] 'SYSDBA' CLIENT USER:[0] '' CLIENT TERMINAL:[10] 'ANDY-AARON' STATUS:[1] '0' DBID:[10] '1689037571' SESSIONID:[6] '400378' USERHOST:[10] 'ANDY-AARON' CLIENT ADDRESS:[0] '' ACTION NUMBER:[1] '3' </string>
windows_event;win_event;E:\Cours\TFE\experiments\phase_dataset_strengthening\processed\multiformat_balanced_20260910T094422Z\samples\windows_event.xml;;345;2025-08-22T14:04:43.079304+00:00;INFO;15;SecurityCenter;SecurityCenter;andy-aaron;9072;0;;;;;;;;;;;;;;;;;;;;;;;;;;;INFORMATIONAL;generic;<string>Avast Antivirus</string> <string>SECURITY_PRODUCT_STATE_ON</string>
windows_event;win_event;E:\Cours\TFE\experiments\phase_dataset_strengthening\processed\multiformat_balanced_20260910T094422Z\samples\windows_event.xml;;346;2025-08-22T14:04:43.157026+00:00;INFO;15;SecurityCenter;SecurityCenter;andy-aaron;9072;0;;;;;;;;;;;;;;;;;;;;;;;;;;;INFORMATIONAL;generic;<string>Avast Antivirus</string> <string>SECURITY_PRODUCT_STATE_ON</string>
windows_event;win_event;E:\Cours\TFE\experiments\phase_dataset_strengthening\processed\multiformat_balanced_20260910T094422Z\samples\windows_event.xml;;347;2025-08-22T14:12:29.382376+00:00;INFO;34;Oracle.xe;Oracle.xe;andy-aaron;8052;0;;;;;;;;;;;;;;;;;;;;;;;;;;;INFORMATIONAL;generic;<string>LENGTH: '781' ACTION :[528] 'SELECT * FROM (SELECT sql_id, force_matching_signature, sql_text, parsing_schema_name, module, action, elapsed_time, cpu_time, buffer_gets, bind_data, disk_reads, direct_writes, rows_processed, fetches, executions, end_of_fetch_count, optimizer_cost, first_load_time, optimizer_env, priority, command_type, stat_period, active_stat_period, plan_hash_value , sql_seq, con_dbid, last_exec_start_time FROM sys.user_sqlset_statements) WHERE (last_exec_start_time < '2024-08-14/15:12:29')' DATABASE USER:[3] 'SYS' PRIVILEGE :[6] 'SYSDBA' CLIENT USER:[0] '' CLIENT TERMINAL:[10] 'ANDY-AARON' STATUS:[1] '0' DBID:[10] '1689037571' SESSIONID:[6] '400379' USERHOST:[10] 'ANDY-AARON' CLIENT ADDRESS:[0] '' ACTION NUMBER:[1] '3' </string>
windows_event;win_event;E:\Cours\TFE\experiments\phase_dataset_strengthening\processed\multiformat_balanced_20260910T094422Z\samples\windows_event.xml;;348;2025-08-22T14:12:29.444658+00:00;INFO;34;Oracle.xe;Oracle.xe;andy-aaron;8052;0;;;;;;;;;;;;;;;;;;;;;;;;;;;INFORMATIONAL;generic;<string>LENGTH: '2242' ACTION :[1988] 'SELECT * FROM (SELECT sql_id, force_matching_signature, NVL(plan_hash_value, 0) plan_hash_value, sql_fulltext as sql_text, parsing_schema_name, module, action, elapsed_time, cpu_time, buffer_gets, last_active_child_address, TO_CHAR(first_load_time, 'YYYY-MM-DD/HH24:MI:SS') first_load_time, last_load_time, disk_reads, direct_writes, rows_processed, fetches, executions, end_of_fetch_count, optimizer_cost, optimizer_env, command_type, loaded_versions, bind_data, last_active_time, con_dbid, TO_CHAR(last_exec_start_time, 'YYYY-MM-DD/HH24:MI:SS') last_exec_start_time FROM sys.v_$sqlarea_plan_hash s) WHERE ( (module is null or (module != 'SYS_AI_MODULE' and module != 'SYS_AUTO_STS_MODULE')) and sql_text not like 'SELECT /* DS_SVC */%' and sql_text not like 'SELECT /* OPT_DYN_SAMP */%' and sql_text not like '/*AUTO_INDEX:ddl*/%' and sql_text not like '%/*+%dbms_stats%' and sql_text not like '%/* SQL Analyze(%' and command_type not in (9, 10, 11) and plan_hash_value > 0 and (con_dbid, force_matching_signature) not in (select /*+ unnest no_merge */ sss.con_dbid, sss.force_matching_signature from wri$_sqlset_definitions ssf, wri$_sqlset_statements sss where ssf.id = sss.sqlset_id and ssf.con_dbid = sss.con_dbid and ssf.owner = 'SYS' and ssf.name = 'SYS_AUTO_STS' and ssf.con_dbid = sys_context('userenv','con_dbid') and force_matching_signature > 0 group by sss.con_dbid, sss.sqlset_id, sss.force_matching_signature having count(*) > 1000) )' DATABASE USER:[3] 'SYS' PRIVILEGE :[6] 'SYSDBA' CLIENT USER:[0] '' CLIENT TERMINAL:[10] 'ANDY-AARON' STATUS:[1] '0' DBID:[10] '1689037571' SESSIONID:[6] '400379' USERHOST:[10] 'ANDY-AARON' CLIENT ADDRESS:[0] '' ACTION NUMBER:[1] '3' </string>
windows_event;win_event;E:\Cours\TFE\experiments\phase_dataset_strengthening\processed\multiformat_balanced_20260910T094422Z\samples\windows_event.xml;;349;2025-08-22T14:27:31.887133+00:00;INFO;34;Oracle.xe;Oracle.xe;andy-aaron;8052;0;;;;;;;;;;;;;;;;;;;;;;;;;;;INFORMATIONAL;generic;<string>LENGTH: '781' ACTION :[528] 'SELECT * FROM (SELECT sql_id, force_matching_signature, sql_text, parsing_schema_name, module, action, elapsed_time, cpu_time, buffer_gets, bind_data, disk_reads, direct_writes, rows_processed, fetches, executions, end_of_fetch_count, optimizer_cost, first_load_time, optimizer_env, priority, command_type, stat_period, active_stat_period, plan_hash_value , sql_seq, con_dbid, last_exec_start_time FROM sys.user_sqlset_statements) WHERE (last_exec_start_time < '2024-08-14/15:27:31')' DATABASE USER:[3] 'SYS' PRIVILEGE :[6] 'SYSDBA' CLIENT USER:[0] '' CLIENT TERMINAL:[10] 'ANDY-AARON' STATUS:[1] '0' DBID:[10] '1689037571' SESSIONID:[6] '400384' USERHOST:[10] 'ANDY-AARON' CLIENT ADDRESS:[0] '' ACTION NUMBER:[1] '3' </string>
windows_event;win_event;E:\Cours\TFE\experiments\phase_dataset_strengthening\processed\multiformat_balanced_20260910T094422Z\samples\windows_event.xml;;350;2025-08-22T14:27:31.952948+00:00;INFO;34;Oracle.xe;Oracle.xe;andy-aaron;8052;0;;;;;;;;;;;;;;;;;;;;;;;;;;;INFORMATIONAL;generic;<string>LENGTH: '2242' ACTION :[1988] 'SELECT * FROM (SELECT sql_id, force_matching_signature, NVL(plan_hash_value, 0) plan_hash_value, sql_fulltext as sql_text, parsing_schema_name, module, action, elapsed_time, cpu_time, buffer_gets, last_active_child_address, TO_CHAR(first_load_time, 'YYYY-MM-DD/HH24:MI:SS') first_load_time, last_load_time, disk_reads, direct_writes, rows_processed, fetches, executions, end_of_fetch_count, optimizer_cost, optimizer_env, command_type, loaded_versions, bind_data, last_active_time, con_dbid, TO_CHAR(last_exec_start_time, 'YYYY-MM-DD/HH24:MI:SS') last_exec_start_time FROM sys.v_$sqlarea_plan_hash s) WHERE ( (module is null or (module != 'SYS_AI_MODULE' and module != 'SYS_AUTO_STS_MODULE')) and sql_text not like 'SELECT /* DS_SVC */%' and sql_text not like 'SELECT /* OPT_DYN_SAMP */%' and sql_text not like '/*AUTO_INDEX:ddl*/%' and sql_text not like '%/*+%dbms_stats%' and sql_text not like '%/* SQL Analyze(%' and command_type not in (9, 10, 11) and plan_hash_value > 0 and (con_dbid, force_matching_signature) not in (select /*+ unnest no_merge */ sss.con_dbid, sss.force_matching_signature from wri$_sqlset_definitions ssf, wri$_sqlset_statements sss where ssf.id = sss.sqlset_id and ssf.con_dbid = sss.con_dbid and ssf.owner = 'SYS' and ssf.name = 'SYS_AUTO_STS' and ssf.con_dbid = sys_context('userenv','con_dbid') and force_matching_signature > 0 group by sss.con_dbid, sss.sqlset_id, sss.force_matching_signature having count(*) > 1000) )' DATABASE USER:[3] 'SYS' PRIVILEGE :[6] 'SYSDBA' CLIENT USER:[0] '' CLIENT TERMINAL:[10] 'ANDY-AARON' STATUS:[1] '0' DBID:[10] '1689037571' SESSIONID:[6] '400384' USERHOST:[10] 'ANDY-AARON' CLIENT ADDRESS:[0] '' ACTION NUMBER:[1] '3' </string>
windows_event;win_event;E:\Cours\TFE\experiments\phase_dataset_strengthening\processed\multiformat_balanced_20260910T094422Z\samples\windows_event.xml;;351;2025-08-22T14:32:57.910809+00:00;INFO;16394;Microsoft-Windows-Security-SPP;Microsoft-Windows-Security-SPP;andy-aaron;15088;0;;;;;;;;;;;;;;;;;;;;;;;;;;;INFORMATIONAL;generic;
windows_event;win_event;E:\Cours\TFE\experiments\phase_dataset_strengthening\processed\multiformat_balanced_20260910T094422Z\samples\windows_event.xml;;352;2025-08-22T14:33:28.222776+00:00;INFO;16384;Microsoft-Windows-Security-SPP;Microsoft-Windows-Security-SPP;andy-aaron;15088;0;;;;;;;;;;;;;;;;;;;;;;;;;;;INFORMATIONAL;generic;<string>2125-07-29T14:33:28Z</string> <string>RulesEngine</string>
windows_event;win_event;E:\Cours\TFE\experiments\phase_dataset_strengthening\processed\multiformat_balanced_20260910T094422Z\samples\windows_event.xml;;353;2025-08-22T14:42:34.445450+00:00;INFO;34;Oracle.xe;Oracle.xe;andy-aaron;8052;0;;;;;;;;;;;;;;;;;;;;;;;;;;;INFORMATIONAL;generic;<string>LENGTH: '781' ACTION :[528] 'SELECT * FROM (SELECT sql_id, force_matching_signature, sql_text, parsing_schema_name, module, action, elapsed_time, cpu_time, buffer_gets, bind_data, disk_reads, direct_writes, rows_processed, fetches, executions, end_of_fetch_count, optimizer_cost, first_load_time, optimizer_env, priority, command_type, stat_period, active_stat_period, plan_hash_value , sql_seq, con_dbid, last_exec_start_time FROM sys.user_sqlset_statements) WHERE (last_exec_start_time < '2024-08-14/15:42:34')' DATABASE USER:[3] 'SYS' PRIVILEGE :[6] 'SYSDBA' CLIENT USER:[0] '' CLIENT TERMINAL:[10] 'ANDY-AARON' STATUS:[1] '0' DBID:[10] '1689037571' SESSIONID:[6] '400385' USERHOST:[10] 'ANDY-AARON' CLIENT ADDRESS:[0] '' ACTION NUMBER:[1] '3' </string>
windows_event;win_event;E:\Cours\TFE\experiments\phase_dataset_strengthening\processed\multiformat_balanced_20260910T094422Z\samples\windows_event.xml;;354;2025-08-22T14:42:34.509905+00:00;INFO;34;Oracle.xe;Oracle.xe;andy-aaron;8052;0;;;;;;;;;;;;;;;;;;;;;;;;;;;INFORMATIONAL;generic;<string>LENGTH: '2242' ACTION :[1988] 'SELECT * FROM (SELECT sql_id, force_matching_signature, NVL(plan_hash_value, 0) plan_hash_value, sql_fulltext as sql_text, parsing_schema_name, module, action, elapsed_time, cpu_time, buffer_gets, last_active_child_address, TO_CHAR(first_load_time, 'YYYY-MM-DD/HH24:MI:SS') first_load_time, last_load_time, disk_reads, direct_writes, rows_processed, fetches, executions, end_of_fetch_count, optimizer_cost, optimizer_env, command_type, loaded_versions, bind_data, last_active_time, con_dbid, TO_CHAR(last_exec_start_time, 'YYYY-MM-DD/HH24:MI:SS') last_exec_start_time FROM sys.v_$sqlarea_plan_hash s) WHERE ( (module is null or (module != 'SYS_AI_MODULE' and module != 'SYS_AUTO_STS_MODULE')) and sql_text not like 'SELECT /* DS_SVC */%' and sql_text not like 'SELECT /* OPT_DYN_SAMP */%' and sql_text not like '/*AUTO_INDEX:ddl*/%' and sql_text not like '%/*+%dbms_stats%' and sql_text not like '%/* SQL Analyze(%' and command_type not in (9, 10, 11) and plan_hash_value > 0 and (con_dbid, force_matching_signature) not in (select /*+ unnest no_merge */ sss.con_dbid, sss.force_matching_signature from wri$_sqlset_definitions ssf, wri$_sqlset_statements sss where ssf.id = sss.sqlset_id and ssf.con_dbid = sss.con_dbid and ssf.owner = 'SYS' and ssf.name = 'SYS_AUTO_STS' and ssf.con_dbid = sys_context('userenv','con_dbid') and force_matching_signature > 0 group by sss.con_dbid, sss.sqlset_id, sss.force_matching_signature having count(*) > 1000) )' DATABASE USER:[3] 'SYS' PRIVILEGE :[6] 'SYSDBA' CLIENT USER:[0] '' CLIENT TERMINAL:[10] 'ANDY-AARON' STATUS:[1] '0' DBID:[10] '1689037571' SESSIONID:[6] '400385' USERHOST:[10] 'ANDY-AARON' CLIENT ADDRESS:[0] '' ACTION NUMBER:[1] '3' </string>
windows_event;win_event;E:\Cours\TFE\experiments\phase_dataset_strengthening\processed\multiformat_balanced_20260910T094422Z\samples\windows_event.xml;;355;2025-08-22T14:53:07.531031+00:00;INFO;0;HotKeyServiceUWP;HotKeyServiceUWP;andy-aaron;14048;0;;;;;;;;;;;;;;;;;;;;;;;;;;;INFORMATIONAL;generic;<string>PowerEvent-default - 0xa</string>
windows_event;win_event;E:\Cours\TFE\experiments\phase_dataset_strengthening\processed\multiformat_balanced_20260910T094422Z\samples\windows_event.xml;;356;2025-08-22T14:53:07.653593+00:00;INFO;0;HP Comm Recovery;HP Comm Recovery;andy-aaron;780;0;;;;;;;;;;;;;;;;;;;;;;;;;;;INFORMATIONAL;generic;<string>Le service a géré avec succès PowerEvent.</string>
windows_event;win_event;E:\Cours\TFE\experiments\phase_dataset_strengthening\processed\multiformat_balanced_20260910T094422Z\samples\windows_event.xml;;357;2025-08-22T14:53:07.674847+00:00;INFO;0;igccservice;igccservice;andy-aaron;812;0;;;;;;;;;;;;;;;;;;;;;;;;;;;INFORMATIONAL;generic;<string>Le service a géré avec succès PowerEvent.</string>
windows_event;win_event;E:\Cours\TFE\experiments\phase_dataset_strengthening\processed\multiformat_balanced_20260910T094422Z\samples\windows_event.xml;;358;2025-08-22T14:53:07.705894+00:00;INFO;0;HotKeyServiceUWP;HotKeyServiceUWP;andy-aaron;3992;0;;;;;;;;;;;;;;;;;;;;;;;;;;;INFORMATIONAL;generic;<string>PowerEvent-default - 0xa</string>
windows_event;win_event;E:\Cours\TFE\experiments\phase_dataset_strengthening\processed\multiformat_balanced_20260910T094422Z\samples\windows_event.xml;;359;2025-08-22T14:57:37.002291+00:00;INFO;34;Oracle.xe;Oracle.xe;andy-aaron;8052;0;;;;;;;;;;;;;;;;;;;;;;;;;;;INFORMATIONAL;generic;<string>LENGTH: '781' ACTION :[528] 'SELECT * FROM (SELECT sql_id, force_matching_signature, sql_text, parsing_schema_name, module, action, elapsed_time, cpu_time, buffer_gets, bind_data, disk_reads, direct_writes, rows_processed, fetches, executions, end_of_fetch_count, optimizer_cost, first_load_time, optimizer_env, priority, command_type, stat_period, active_stat_period, plan_hash_value , sql_seq, con_dbid, last_exec_start_time FROM sys.user_sqlset_statements) WHERE (last_exec_start_time < '2024-08-14/15:57:36')' DATABASE USER:[3] 'SYS' PRIVILEGE :[6] 'SYSDBA' CLIENT USER:[0] '' CLIENT TERMINAL:[10] 'ANDY-AARON' STATUS:[1] '0' DBID:[10] '1689037571' SESSIONID:[6] '400386' USERHOST:[10] 'ANDY-AARON' CLIENT ADDRESS:[0] '' ACTION NUMBER:[1] '3' </string>
windows_event;win_event;E:\Cours\TFE\experiments\phase_dataset_strengthening\processed\multiformat_balanced_20260910T094422Z\samples\windows_event.xml;;360;2025-08-22T14:57:37.103233+00:00;INFO;34;Oracle.xe;Oracle.xe;andy-aaron;8052;0;;;;;;;;;;;;;;;;;;;;;;;;;;;INFORMATIONAL;generic;<string>LENGTH: '2242' ACTION :[1988] 'SELECT * FROM (SELECT sql_id, force_matching_signature, NVL(plan_hash_value, 0) plan_hash_value, sql_fulltext as sql_text, parsing_schema_name, module, action, elapsed_time, cpu_time, buffer_gets, last_active_child_address, TO_CHAR(first_load_time, 'YYYY-MM-DD/HH24:MI:SS') first_load_time, last_load_time, disk_reads, direct_writes, rows_processed, fetches, executions, end_of_fetch_count, optimizer_cost, optimizer_env, command_type, loaded_versions, bind_data, last_active_time, con_dbid, TO_CHAR(last_exec_start_time, 'YYYY-MM-DD/HH24:MI:SS') last_exec_start_time FROM sys.v_$sqlarea_plan_hash s) WHERE ( (module is null or (module != 'SYS_AI_MODULE' and module != 'SYS_AUTO_STS_MODULE')) and sql_text not like 'SELECT /* DS_SVC */%' and sql_text not like 'SELECT /* OPT_DYN_SAMP */%' and sql_text not like '/*AUTO_INDEX:ddl*/%' and sql_text not like '%/*+%dbms_stats%' and sql_text not like '%/* SQL Analyze(%' and command_type not in (9, 10, 11) and plan_hash_value > 0 and (con_dbid, force_matching_signature) not in (select /*+ unnest no_merge */ sss.con_dbid, sss.force_matching_signature from wri$_sqlset_definitions ssf, wri$_sqlset_statements sss where ssf.id = sss.sqlset_id and ssf.con_dbid = sss.con_dbid and ssf.owner = 'SYS' and ssf.name = 'SYS_AUTO_STS' and ssf.con_dbid = sys_context('userenv','con_dbid') and force_matching_signature > 0 group by sss.con_dbid, sss.sqlset_id, sss.force_matching_signature having count(*) > 1000) )' DATABASE USER:[3] 'SYS' PRIVILEGE :[6] 'SYSDBA' CLIENT USER:[0] '' CLIENT TERMINAL:[10] 'ANDY-AARON' STATUS:[1] '0' DBID:[10] '1689037571' SESSIONID:[6] '400386' USERHOST:[10] 'ANDY-AARON' CLIENT ADDRESS:[0] '' ACTION NUMBER:[1] '3' </string>
windows_event;win_event;E:\Cours\TFE\experiments\phase_dataset_strengthening\processed\multiformat_balanced_20260910T094422Z\samples\windows_event.xml;;361;2025-08-22T15:03:55.767031+00:00;INFO;0;HotKeyServiceUWP;HotKeyServiceUWP;andy-aaron;14048;0;;;;;;;;;;;;;;;;;;;;;;;;;;;INFORMATIONAL;generic;<string>PowerEvent-default - 0xa</string>
windows_event;win_event;E:\Cours\TFE\experiments\phase_dataset_strengthening\processed\multiformat_balanced_20260910T094422Z\samples\windows_event.xml;;362;2025-08-22T15:03:55.804382+00:00;INFO;0;HP Comm Recovery;HP Comm Recovery;andy-aaron;780;0;;;;;;;;;;;;;;;;;;;;;;;;;;;INFORMATIONAL;generic;<string>Le service a géré avec succès PowerEvent.</string>
windows_event;win_event;E:\Cours\TFE\experiments\phase_dataset_strengthening\processed\multiformat_balanced_20260910T094422Z\samples\windows_event.xml;;363;2025-08-22T15:03:55.815628+00:00;INFO;0;igccservice;igccservice;andy-aaron;812;0;;;;;;;;;;;;;;;;;;;;;;;;;;;INFORMATIONAL;generic;<string>Le service a géré avec succès PowerEvent.</string>
windows_event;win_event;E:\Cours\TFE\experiments\phase_dataset_strengthening\processed\multiformat_balanced_20260910T094422Z\samples\windows_event.xml;;364;2025-08-22T15:03:55.831411+00:00;INFO;0;HotKeyServiceUWP;HotKeyServiceUWP;andy-aaron;3992;0;;;;;;;;;;;;;;;;;;;;;;;;;;;INFORMATIONAL;generic;<string>PowerEvent-default - 0xa</string>
windows_event;win_event;E:\Cours\TFE\experiments\phase_dataset_strengthening\processed\multiformat_balanced_20260910T094422Z\samples\windows_event.xml;;365;2025-08-22T15:03:58.669020+00:00;INFO;0;HotKeyServiceUWP;HotKeyServiceUWP;andy-aaron;14048;0;;;;;;;;;;;;;;;;;;;;;;;;;;;INFORMATIONAL;generic;<string>PowerEvent-default - 0xa</string>
windows_event;win_event;E:\Cours\TFE\experiments\phase_dataset_strengthening\processed\multiformat_balanced_20260910T094422Z\samples\windows_event.xml;;366;2025-08-22T15:03:58.674988+00:00;INFO;0;HP Comm Recovery;HP Comm Recovery;andy-aaron;780;0;;;;;;;;;;;;;;;;;;;;;;;;;;;INFORMATIONAL;generic;<string>Le service a géré avec succès PowerEvent.</string>
windows_event;win_event;E:\Cours\TFE\experiments\phase_dataset_strengthening\processed\multiformat_balanced_20260910T094422Z\samples\windows_event.xml;;367;2025-08-22T15:03:58.680113+00:00;INFO;0;igccservice;igccservice;andy-aaron;812;0;;;;;;;;;;;;;;;;;;;;;;;;;;;INFORMATIONAL;generic;<string>Le service a géré avec succès PowerEvent.</string>
windows_event;win_event;E:\Cours\TFE\experiments\phase_dataset_strengthening\processed\multiformat_balanced_20260910T094422Z\samples\windows_event.xml;;368;2025-08-22T15:03:58.683945+00:00;INFO;0;HotKeyServiceUWP;HotKeyServiceUWP;andy-aaron;3992;0;;;;;;;;;;;;;;;;;;;;;;;;;;;INFORMATIONAL;generic;<string>PowerEvent-default - 0xa</string>
windows_event;win_event;E:\Cours\TFE\experiments\phase_dataset_strengthening\processed\multiformat_balanced_20260910T094422Z\samples\windows_event.xml;;369;2025-08-22T15:06:56.820526+00:00;INFO;1001;Windows Error Reporting;Windows Error Reporting;andy-aaron;12096;1904;;S-1-5-18;;;;;;;;;;;;;;;;;;;;;;;;;INFORMATIONAL;generic;BucketType=0 | EventName=LiveKernelEvent | Response=Non disponible | CabId=0 | P1=1a8 | P2=a | P3=0 | P4=0 | P5=0 | P6=10_0_26100 | P7=0_0 | P8=256_1 | AttachedFiles=\\?\C:\WINDOWS\LiveKernelReports\WATCHDOG\WATCHDOG-20241228-1037.dmp \\?\C:\WINDOWS\SystemTemp\WER-63262875-0.sysdata.xml \\?\C:\ProgramData\Microsoft\Windows\WER\Temp\WER.c623e680-1800-4145-bcf4-a750070a34a7.tmp.WERInternalMetadata.xml \\?\C:\ProgramData\Microsoft\Windows\WER\Temp\WER.dcaa4e06-daf7-482b-bce4-4210df92e794.tmp.csv \\?\C:\ProgramData\Microsoft\Windows\WER\Temp\WER.cc1bb38b-83df-4fef-a156-78b92ffc523e.tmp.txt \\?\C:\ProgramData\Microsoft\Windows\WER\Temp\WER.80694598-3867-4ea3-a2de-15f9e65e84cf.tmp.xml | StorePath=\\?\C:\ProgramData\Microsoft\Windows\WER\ReportQueue\Kernel_1a8_3748bd66a7bb3ae96eac533a61a9ac86d47cc_00000000_c9f1e99d-9878-45e1-b845-42dea592aac2 | Rechecking=0 | ReportId=c9f1e99d-9878-45e1-b845-42dea592aac2 | ReportStatus=2051 | CabGuid=0
windows_event;win_event;E:\Cours\TFE\experiments\phase_dataset_strengthening\processed\multiformat_balanced_20260910T094422Z\samples\windows_event.xml;;370;2025-08-22T15:06:56.870325+00:00;INFO;1001;Windows Error Reporting;Windows Error Reporting;andy-aaron;12096;1904;;S-1-5-18;;;;;;;;;;;;;;;;;;;;;;;;;INFORMATIONAL;generic;BucketType=0 | EventName=LiveKernelEvent | Response=Non disponible | CabId=0 | P1=1d4 | P2=0 | P3=1 | P4=ffffea81deca1f70 | P5=102 | P6=10_0_26100 | P7=0_0 | P8=256_1 | AttachedFiles=\\?\C:\WINDOWS\LiveKernelReports\UcmUcsiCx.sys\UcmUcsiCx.sys-20250103-1355.dmp \\?\C:\WINDOWS\SystemTemp\WER-74992593-0.sysdata.xml \\?\C:\WINDOWS\LiveKernelReports\UcmUcsiCx.sys-20250103-1355.dmp \\?\C:\ProgramData\Microsoft\Windows\WER\Temp\WER.1c94202d-23d4-43bc-b803-51b15164ef24.tmp.WERInternalMetadata.xml \\?\C:\ProgramData\Microsoft\Windows\WER\Temp\WER.6a3e472c-3e58-4a46-b182-4f259af9b46f.tmp.csv \\?\C:\ProgramData\Microsoft\Windows\WER\Temp\WER.4e2c8e78-9965-43b4-991d-99b0a10ba760.tmp.txt \\?\C:\ProgramData\Microsoft\Windows\WER\Temp\WER.8a160590-50c5-4134-9abf-b59138c8446d.tmp.xml | StorePath=\\?\C:\ProgramData\Microsoft\Windows\WER\ReportQueue\Kernel_1d4_8fffa3be2ab8d282f3da8520e76c865c5296d55d_00000000_3ba80cad-33b1-4b02-825d-857ad3f9e072 | Rechecking=0 | ReportId=3ba80cad-33b1-4b02-825d-857ad3f9e072 | ReportStatus=2051 | CabGuid=0
windows_event;win_event;E:\Cours\TFE\experiments\phase_dataset_strengthening\processed\multiformat_balanced_20260910T094422Z\samples\windows_event.xml;;371;2025-08-22T15:06:56.942402+00:00;INFO;1001;Windows Error Reporting;Windows Error Reporting;andy-aaron;12096;1904;;S-1-5-18;;;;;;;;;;;;;;;;;;;;;;;;;INFORMATIONAL;generic;BucketType=0 | EventName=LiveKernelEvent | Response=Non disponible | CabId=0 | P1=141 | P2=ffff80872495b010 | P3=fffff8065fd667b0 | P4=0 | P5=ffff808719b79080 | P6=10_0_26100 | P7=0_0 | P8=256_1 | AttachedFiles=\\?\C:\WINDOWS\LiveKernelReports\WATCHDOG\WATCHDOG-20250312-1514.dmp \\?\C:\WINDOWS\SystemTemp\WER-1144664578-0.sysdata.xml \\?\C:\ProgramData\Microsoft\Windows\WER\Temp\WER.278c009a-7129-40ae-ae3f-6e1613a9bf88.tmp.WERInternalMetadata.xml \\?\C:\ProgramData\Microsoft\Windows\WER\Temp\WER.d37757a5-caeb-4073-a3c6-a9446fb1a4f3.tmp.csv \\?\C:\ProgramData\Microsoft\Windows\WER\Temp\WER.278e6571-9c5b-474e-a49d-d8484c1dbb9b.tmp.txt \\?\C:\ProgramData\Microsoft\Windows\WER\Temp\WER.50f12aa5-a12b-467f-9246-93778e4d79ff.tmp.xml | StorePath=\\?\C:\ProgramData\Microsoft\Windows\WER\ReportQueue\Kernel_141_65692e537b7e985eeb8057e76162e35b95d45_00000000_7b4cd463-539e-4c7b-821d-7bf781c1e17d | Rechecking=0 | ReportId=7b4cd463-539e-4c7b-821d-7bf781c1e17d | ReportStatus=2051 | CabGuid=0
windows_event;win_event;E:\Cours\TFE\experiments\phase_dataset_strengthening\processed\multiformat_balanced_20260910T094422Z\samples\windows_event.xml;;372;2025-08-22T15:06:57.007383+00:00;INFO;1001;Windows Error Reporting;Windows Error Reporting;andy-aaron;12096;1904;;S-1-5-18;;;;;;;;;;;;;;;;;;;;;;;;;INFORMATIONAL;generic;BucketType=0 | EventName=BlueScreen | Response=Non disponible | CabId=0 | P1=a | P2=ffffbd199bfd99b8 | P3=2 | P4=0 | P5=fffff807ef2ce08b | P6=10_0_26100 | P7=0_0 | P8=256_1 | AttachedFiles=\\?\C:\WINDOWS\Minidump\031325-24406-01.dmp \\?\C:\WINDOWS\SystemTemp\WER-24406-0.sysdata.xml \\?\C:\ProgramData\Microsoft\Windows\WER\Temp\WER.c6d483c2-fe72-4d05-963f-14bfdf89f020.tmp.WERInternalMetadata.xml \\?\C:\ProgramData\Microsoft\Windows\WER\Temp\WER.7ba05a37-0b43-4468-b04d-38c80619a3a8.tmp.csv \\?\C:\ProgramData\Microsoft\Windows\WER\Temp\WER.6ebcc7e2-6b4b-4313-b27f-fcfa523812e1.tmp.txt \\?\C:\ProgramData\Microsoft\Windows\WER\Temp\WER.d1a4b16e-e5d5-4a78-92b0-d145c7f9caff.tmp.xml | StorePath=\\?\C:\ProgramData\Microsoft\Windows\WER\ReportQueue\Kernel_a_e5101349288331572445900f746c7702ecc561_00000000_ec9e6671-ddef-49bb-aee8-5636f5e59f1b | Rechecking=0 | ReportId=3c2f588b-5575-47e3-8274-e445076b3ee0 | ReportStatus=2051 | CabGuid=0
windows_event;win_event;E:\Cours\TFE\experiments\phase_dataset_strengthening\processed\multiformat_balanced_20260910T094422Z\samples\windows_event.xml;;373;2025-08-22T15:06:57.080557+00:00;INFO;1001;Windows Error Reporting;Windows Error Reporting;andy-aaron;12096;1904;;S-1-5-18;;;;;;;;;;;;;;;;;;;;;;;;;INFORMATIONAL;generic;BucketType=0 | EventName=AppTermFailureEvent | Response=Non disponible | CabId=0 | AttachedFiles=\\?\C:\Windows\SystemTemp\WER.cf9fcada-0693-4457-8ae4-2753592aa22d.tmpatk.kdmp \\?\C:\Windows\SystemTemp\WER.a7cef2e6-b3cf-49e9-80bf-5a736101022d.tmp.appcompat.txt \\?\C:\ProgramData\Microsoft\Windows\WER\Temp\WER.f958e859-772c-4ab9-8133-3f11a0efa11d.tmp.WERInternalMetadata.xml \\?\C:\ProgramData\Microsoft\Windows\WER\Temp\WER.f9aeb094-6c24-4c18-9f8e-b40d61e328bd.tmp.csv \\?\C:\ProgramData\Microsoft\Windows\WER\Temp\WER.6e2fa4c3-f301-4a9a-b0b6-87ef3c5776e7.tmp.txt \\?\C:\ProgramData\Microsoft\Windows\WER\Temp\WER.245173d9-0e55-4485-a078-4c371d578ee3.tmp.xml | StorePath=\\?\C:\ProgramData\Microsoft\Windows\WER\ReportQueue\Kernel_0_0_00000000_3b556626-1ca4-4a02-8daf-7f25274a7c00 | Rechecking=0 | ReportId=15339037-e9b2-447a-9d4a-563a7af0e50f | ReportStatus=2051 | CabGuid=0
windows_event;win_event;E:\Cours\TFE\experiments\phase_dataset_strengthening\processed\multiformat_balanced_20260910T094422Z\samples\windows_event.xml;;374;2025-08-22T15:06:57.148642+00:00;INFO;1001;Windows Error Reporting;Windows Error Reporting;andy-aaron;12096;1904;;S-1-5-18;;;;;;;;;;;;;;;;;;;;;;;;;INFORMATIONAL;generic;BucketType=0 | EventName=AppTermFailureEvent | Response=Non disponible | CabId=0 | AttachedFiles=\\?\C:\Windows\SystemTemp\WER.0c16d4e2-a72b-431c-b3cd-19e3e1be6953.tmpatk.kdmp \\?\C:\Windows\SystemTemp\WER.b3e48785-8746-4d39-a758-4b8b468b6ac2.tmp.appcompat.txt \\?\C:\ProgramData\Microsoft\Windows\WER\Temp\WER.5487119f-bc7b-4930-9e7e-2cf526470cc4.tmp.WERInternalMetadata.xml \\?\C:\ProgramData\Microsoft\Windows\WER\Temp\WER.f1812ce5-396d-41b7-a771-f6d2a4b32f2d.tmp.csv \\?\C:\ProgramData\Microsoft\Windows\WER\Temp\WER.9cce2d8e-d4ca-4aff-98a9-a8d6c8d1bbe0.tmp.txt \\?\C:\ProgramData\Microsoft\Windows\WER\Temp\WER.01b80f97-fbb3-4751-971f-41e145019250.tmp.xml | StorePath=\\?\C:\ProgramData\Microsoft\Windows\WER\ReportQueue\Kernel_0_0_00000000_6c360615-cec7-4cc7-b883-1ad06cd3e5a8 | Rechecking=0 | ReportId=36277f58-287e-4f94-89b0-44ab31a14743 | ReportStatus=2051 | CabGuid=0
windows_event;win_event;E:\Cours\TFE\experiments\phase_dataset_strengthening\processed\multiformat_balanced_20260910T094422Z\samples\windows_event.xml;;375;2025-08-22T15:06:57.195475+00:00;INFO;1001;Windows Error Reporting;Windows Error Reporting;andy-aaron;12096;1904;;S-1-5-18;;;;;;;;;;;;;;;;;;;;;;;;;INFORMATIONAL;generic;BucketType=0 | EventName=BlueScreen | Response=Non disponible | CabId=0 | P1=50 | P2=ffffa3036b198590 | P3=2 | P4=fffff80124301a61 | P5=2 | P6=10_0_26100 | P7=0_0 | P8=256_1 | AttachedFiles=\\?\C:\WINDOWS\Minidump\070325-23468-01.dmp \\?\C:\WINDOWS\SystemTemp\WER-23484-0.sysdata.xml \\?\C:\ProgramData\Microsoft\Windows\WER\Temp\WER.b603b674-1787-4948-9b01-bdc6f5be76eb.tmp.WERInternalMetadata.xml \\?\C:\ProgramData\Microsoft\Windows\WER\Temp\WER.e7e983b8-58f4-4f47-9381-2ffc586e231b.tmp.csv \\?\C:\ProgramData\Microsoft\Windows\WER\Temp\WER.42990ba5-1374-4312-b954-312a1cccd55a.tmp.txt \\?\C:\ProgramData\Microsoft\Windows\WER\Temp\WER.a5580add-a5cf-4d9e-a1aa-4ac7aefc78f4.tmp.xml | StorePath=\\?\C:\ProgramData\Microsoft\Windows\WER\ReportQueue\Kernel_50_13c767d170406b8b397519cf8e17aeb6c557f457_00000000_a95aa03e-6358-475d-bd7d-a58793a523d2 | Rechecking=0 | ReportId=5115b9f1-f158-47cc-a40c-2adab16904af | ReportStatus=2051 | CabGuid=0
windows_event;win_event;E:\Cours\TFE\experiments\phase_dataset_strengthening\processed\multiformat_balanced_20260910T094422Z\samples\windows_event.xml;;376;2025-08-22T15:06:57.259956+00:00;INFO;1001;Windows Error Reporting;Windows Error Reporting;andy-aaron;12096;1904;;S-1-5-18;;;;;;;;;;;;;;;;;;;;;;;;;INFORMATIONAL;generic;BucketType=0 | EventName=BlueScreen | Response=Non disponible | CabId=0 | P1=50 | P2=ffff978457755610 | P3=2 | P4=fffff80225384cb6 | P5=2 | P6=10_0_26100 | P7=0_0 | P8=256_1 | AttachedFiles=\\?\C:\WINDOWS\Minidump\080925-26250-01.dmp \\?\C:\WINDOWS\SystemTemp\WER-26265-0.sysdata.xml \\?\C:\ProgramData\Microsoft\Windows\WER\Temp\WER.588a643c-6288-4c1d-b386-84bbf85b8e7b.tmp.WERInternalMetadata.xml \\?\C:\ProgramData\Microsoft\Windows\WER\Temp\WER.3d41afc2-b355-45c8-86a3-03a084b40a88.tmp.csv \\?\C:\ProgramData\Microsoft\Windows\WER\Temp\WER.3087efe9-cf71-4cc1-9347-9d9ab4fdcda0.tmp.txt \\?\C:\ProgramData\Microsoft\Windows\WER\Temp\WER.9088dbbb-b8a8-41f0-a31c-2636cde90085.tmp.xml | StorePath=\\?\C:\ProgramData\Microsoft\Windows\WER\ReportQueue\Kernel_50_92a55ed52b52527b6998ab5e7d1f40d37b688472_00000000_c2db0de2-9e3d-440e-99a3-9d1f740c7c16 | Rechecking=0 | ReportId=313362e5-1ed3-476a-86aa-2ed08fd40423 | ReportStatus=2051 | CabGuid=0
windows_event;win_event;E:\Cours\TFE\experiments\phase_dataset_strengthening\processed\multiformat_balanced_20260910T094422Z\samples\windows_event.xml;;377;2025-08-22T15:07:35.643095+00:00;INFO;16394;Microsoft-Windows-Security-SPP;Microsoft-Windows-Security-SPP;andy-aaron;10088;0;;;;;;;;;;;;;;;;;;;;;;;;;;;INFORMATIONAL;generic;
windows_event;win_event;E:\Cours\TFE\experiments\phase_dataset_strengthening\processed\multiformat_balanced_20260910T094422Z\samples\windows_event.xml;;378;2025-08-22T15:08:10.991531+00:00;INFO;16384;Microsoft-Windows-Security-SPP;Microsoft-Windows-Security-SPP;andy-aaron;10088;0;;;;;;;;;;;;;;;;;;;;;;;;;;;INFORMATIONAL;generic;<string>2125-07-29T15:08:10Z</string> <string>RulesEngine</string>
windows_event;win_event;E:\Cours\TFE\experiments\phase_dataset_strengthening\processed\multiformat_balanced_20260910T094422Z\samples\windows_event.xml;;379;2025-08-22T15:10:48.555384+00:00;INFO;0;HotKeyServiceUWP;HotKeyServiceUWP;andy-aaron;14048;0;;;;;;;;;;;;;;;;;;;;;;;;;;;INFORMATIONAL;generic;<string>PowerEvent-default - 0xa</string>
windows_event;win_event;E:\Cours\TFE\experiments\phase_dataset_strengthening\processed\multiformat_balanced_20260910T094422Z\samples\windows_event.xml;;380;2025-08-22T15:10:48.568384+00:00;INFO;0;HP Comm Recovery;HP Comm Recovery;andy-aaron;780;0;;;;;;;;;;;;;;;;;;;;;;;;;;;INFORMATIONAL;generic;<string>Le service a géré avec succès PowerEvent.</string>
windows_event;win_event;E:\Cours\TFE\experiments\phase_dataset_strengthening\processed\multiformat_balanced_20260910T094422Z\samples\windows_event.xml;;381;2025-08-22T15:10:48.570730+00:00;INFO;0;igccservice;igccservice;andy-aaron;812;0;;;;;;;;;;;;;;;;;;;;;;;;;;;INFORMATIONAL;generic;<string>Le service a géré avec succès PowerEvent.</string>
windows_event;win_event;E:\Cours\TFE\experiments\phase_dataset_strengthening\processed\multiformat_balanced_20260910T094422Z\samples\windows_event.xml;;382;2025-08-22T15:10:48.579039+00:00;INFO;0;HotKeyServiceUWP;HotKeyServiceUWP;andy-aaron;3992;0;;;;;;;;;;;;;;;;;;;;;;;;;;;INFORMATIONAL;generic;<string>PowerEvent-default - 0xa</string>
windows_event;win_event;E:\Cours\TFE\experiments\phase_dataset_strengthening\processed\multiformat_balanced_20260910T094422Z\samples\windows_event.xml;;383;2025-08-22T15:12:39.516970+00:00;INFO;34;Oracle.xe;Oracle.xe;andy-aaron;8052;0;;;;;;;;;;;;;;;;;;;;;;;;;;;INFORMATIONAL;generic;<string>LENGTH: '781' ACTION :[528] 'SELECT * FROM (SELECT sql_id, force_matching_signature, sql_text, parsing_schema_name, module, action, elapsed_time, cpu_time, buffer_gets, bind_data, disk_reads, direct_writes, rows_processed, fetches, executions, end_of_fetch_count, optimizer_cost, first_load_time, optimizer_env, priority, command_type, stat_period, active_stat_period, plan_hash_value , sql_seq, con_dbid, last_exec_start_time FROM sys.user_sqlset_statements) WHERE (last_exec_start_time < '2024-08-14/16:12:39')' DATABASE USER:[3] 'SYS' PRIVILEGE :[6] 'SYSDBA' CLIENT USER:[0] '' CLIENT TERMINAL:[10] 'ANDY-AARON' STATUS:[1] '0' DBID:[10] '1689037571' SESSIONID:[6] '400388' USERHOST:[10] 'ANDY-AARON' CLIENT ADDRESS:[0] '' ACTION NUMBER:[1] '3' </string>
windows_event;win_event;E:\Cours\TFE\experiments\phase_dataset_strengthening\processed\multiformat_balanced_20260910T094422Z\samples\windows_event.xml;;384;2025-08-22T15:12:39.579973+00:00;INFO;34;Oracle.xe;Oracle.xe;andy-aaron;8052;0;;;;;;;;;;;;;;;;;;;;;;;;;;;INFORMATIONAL;generic;<string>LENGTH: '2242' ACTION :[1988] 'SELECT * FROM (SELECT sql_id, force_matching_signature, NVL(plan_hash_value, 0) plan_hash_value, sql_fulltext as sql_text, parsing_schema_name, module, action, elapsed_time, cpu_time, buffer_gets, last_active_child_address, TO_CHAR(first_load_time, 'YYYY-MM-DD/HH24:MI:SS') first_load_time, last_load_time, disk_reads, direct_writes, rows_processed, fetches, executions, end_of_fetch_count, optimizer_cost, optimizer_env, command_type, loaded_versions, bind_data, last_active_time, con_dbid, TO_CHAR(last_exec_start_time, 'YYYY-MM-DD/HH24:MI:SS') last_exec_start_time FROM sys.v_$sqlarea_plan_hash s) WHERE ( (module is null or (module != 'SYS_AI_MODULE' and module != 'SYS_AUTO_STS_MODULE')) and sql_text not like 'SELECT /* DS_SVC */%' and sql_text not like 'SELECT /* OPT_DYN_SAMP */%' and sql_text not like '/*AUTO_INDEX:ddl*/%' and sql_text not like '%/*+%dbms_stats%' and sql_text not like '%/* SQL Analyze(%' and command_type not in (9, 10, 11) and plan_hash_value > 0 and (con_dbid, force_matching_signature) not in (select /*+ unnest no_merge */ sss.con_dbid, sss.force_matching_signature from wri$_sqlset_definitions ssf, wri$_sqlset_statements sss where ssf.id = sss.sqlset_id and ssf.con_dbid = sss.con_dbid and ssf.owner = 'SYS' and ssf.name = 'SYS_AUTO_STS' and ssf.con_dbid = sys_context('userenv','con_dbid') and force_matching_signature > 0 group by sss.con_dbid, sss.sqlset_id, sss.force_matching_signature having count(*) > 1000) )' DATABASE USER:[3] 'SYS' PRIVILEGE :[6] 'SYSDBA' CLIENT USER:[0] '' CLIENT TERMINAL:[10] 'ANDY-AARON' STATUS:[1] '0' DBID:[10] '1689037571' SESSIONID:[6] '400388' USERHOST:[10] 'ANDY-AARON' CLIENT ADDRESS:[0] '' ACTION NUMBER:[1] '3' </string>
windows_event;win_event;E:\Cours\TFE\experiments\phase_dataset_strengthening\processed\multiformat_balanced_20260910T094422Z\samples\windows_event.xml;;385;2025-08-22T15:27:43.345894+00:00;INFO;34;Oracle.xe;Oracle.xe;andy-aaron;8052;0;;;;;;;;;;;;;;;;;;;;;;;;;;;INFORMATIONAL;generic;<string>LENGTH: '781' ACTION :[528] 'SELECT * FROM (SELECT sql_id, force_matching_signature, sql_text, parsing_schema_name, module, action, elapsed_time, cpu_time, buffer_gets, bind_data, disk_reads, direct_writes, rows_processed, fetches, executions, end_of_fetch_count, optimizer_cost, first_load_time, optimizer_env, priority, command_type, stat_period, active_stat_period, plan_hash_value , sql_seq, con_dbid, last_exec_start_time FROM sys.user_sqlset_statements) WHERE (last_exec_start_time < '2024-08-14/16:27:43')' DATABASE USER:[3] 'SYS' PRIVILEGE :[6] 'SYSDBA' CLIENT USER:[0] '' CLIENT TERMINAL:[10] 'ANDY-AARON' STATUS:[1] '0' DBID:[10] '1689037571' SESSIONID:[6] '400391' USERHOST:[10] 'ANDY-AARON' CLIENT ADDRESS:[0] '' ACTION NUMBER:[1] '3' </string>
windows_event;win_event;E:\Cours\TFE\experiments\phase_dataset_strengthening\processed\multiformat_balanced_20260910T094422Z\samples\windows_event.xml;;386;2025-08-22T15:27:43.408583+00:00;INFO;34;Oracle.xe;Oracle.xe;andy-aaron;8052;0;;;;;;;;;;;;;;;;;;;;;;;;;;;INFORMATIONAL;generic;<string>LENGTH: '2242' ACTION :[1988] 'SELECT * FROM (SELECT sql_id, force_matching_signature, NVL(plan_hash_value, 0) plan_hash_value, sql_fulltext as sql_text, parsing_schema_name, module, action, elapsed_time, cpu_time, buffer_gets, last_active_child_address, TO_CHAR(first_load_time, 'YYYY-MM-DD/HH24:MI:SS') first_load_time, last_load_time, disk_reads, direct_writes, rows_processed, fetches, executions, end_of_fetch_count, optimizer_cost, optimizer_env, command_type, loaded_versions, bind_data, last_active_time, con_dbid, TO_CHAR(last_exec_start_time, 'YYYY-MM-DD/HH24:MI:SS') last_exec_start_time FROM sys.v_$sqlarea_plan_hash s) WHERE ( (module is null or (module != 'SYS_AI_MODULE' and module != 'SYS_AUTO_STS_MODULE')) and sql_text not like 'SELECT /* DS_SVC */%' and sql_text not like 'SELECT /* OPT_DYN_SAMP */%' and sql_text not like '/*AUTO_INDEX:ddl*/%' and sql_text not like '%/*+%dbms_stats%' and sql_text not like '%/* SQL Analyze(%' and command_type not in (9, 10, 11) and plan_hash_value > 0 and (con_dbid, force_matching_signature) not in (select /*+ unnest no_merge */ sss.con_dbid, sss.force_matching_signature from wri$_sqlset_definitions ssf, wri$_sqlset_statements sss where ssf.id = sss.sqlset_id and ssf.con_dbid = sss.con_dbid and ssf.owner = 'SYS' and ssf.name = 'SYS_AUTO_STS' and ssf.con_dbid = sys_context('userenv','con_dbid') and force_matching_signature > 0 group by sss.con_dbid, sss.sqlset_id, sss.force_matching_signature having count(*) > 1000) )' DATABASE USER:[3] 'SYS' PRIVILEGE :[6] 'SYSDBA' CLIENT USER:[0] '' CLIENT TERMINAL:[10] 'ANDY-AARON' STATUS:[1] '0' DBID:[10] '1689037571' SESSIONID:[6] '400391' USERHOST:[10] 'ANDY-AARON' CLIENT ADDRESS:[0] '' ACTION NUMBER:[1] '3' </string>
windows_event;win_event;E:\Cours\TFE\experiments\phase_dataset_strengthening\processed\multiformat_balanced_20260910T094422Z\samples\windows_event.xml;;387;2025-08-22T15:37:12.998476+00:00;INFO;0;HotKeyServiceUWP;HotKeyServiceUWP;andy-aaron;14048;0;;;;;;;;;;;;;;;;;;;;;;;;;;;INFORMATIONAL;generic;<string>OnSessionChange - Type = 0x3</string>
windows_event;win_event;E:\Cours\TFE\experiments\phase_dataset_strengthening\processed\multiformat_balanced_20260910T094422Z\samples\windows_event.xml;;388;2025-08-22T15:37:13.001013+00:00;INFO;0;HotKeyServiceUWP;HotKeyServiceUWP;andy-aaron;14048;0;;;;;;;;;;;;;;;;;;;;;;;;;;;INFORMATIONAL;generic;<string>OnSessionChange-default type - 0x3</string>
windows_event;win_event;E:\Cours\TFE\experiments\phase_dataset_strengthening\processed\multiformat_balanced_20260910T094422Z\samples\windows_event.xml;;389;2025-08-22T15:37:13.005976+00:00;INFO;0;HotKeyServiceUWP;HotKeyServiceUWP;andy-aaron;3992;0;;;;;;;;;;;;;;;;;;;;;;;;;;;INFORMATIONAL;generic;<string>OnSessionChange - Type = 0x3</string>
windows_event;win_event;E:\Cours\TFE\experiments\phase_dataset_strengthening\processed\multiformat_balanced_20260910T094422Z\samples\windows_event.xml;;390;2025-08-22T15:37:13.007456+00:00;INFO;0;HotKeyServiceUWP;HotKeyServiceUWP;andy-aaron;3992;0;;;;;;;;;;;;;;;;;;;;;;;;;;;INFORMATIONAL;generic;<string>OnSessionChange-default type - 0x3</string>
windows_event;win_event;E:\Cours\TFE\experiments\phase_dataset_strengthening\processed\multiformat_balanced_20260910T094422Z\samples\windows_event.xml;;391;2025-08-22T15:37:13.544403+00:00;INFO;0;SynTPEnhService;SynTPEnhService;andy-aaron;2892;0;;;;;;;;;;;;;;;;;;;;;;;;;;;INFORMATIONAL;generic;<string>SynTPEnhService</string> <string>Enh Exit with Exit Code: 0x40010004, ReLanuch Enh for Session:9</string>
windows_event;win_event;E:\Cours\TFE\experiments\phase_dataset_strengthening\processed\multiformat_balanced_20260910T094422Z\samples\windows_event.xml;;392;2025-08-22T15:37:18.786097+00:00;INFO;0;SynTPEnhService;SynTPEnhService;andy-aaron;2892;0;;;;;;;;;;;;;;;;;;;;;;;;;;;INFORMATIONAL;generic;<string>SynTPEnhService</string> <string>Enh Exit with Exit Code: 0xc000026b, ReLanuch Enh for Session:9</string>
windows_event;win_event;E:\Cours\TFE\experiments\phase_dataset_strengthening\processed\multiformat_balanced_20260910T094422Z\samples\windows_event.xml;;393;2025-08-22T15:37:23.810551+00:00;INFO;0;SynTPEnhService;SynTPEnhService;andy-aaron;2892;0;;;;;;;;;;;;;;;;;;;;;;;;;;;INFORMATIONAL;generic;<string>SynTPEnhService</string> <string>Enh Exit with Exit Code: 0xc000026b, ReLanuch Enh for Session:9</string>
windows_event;win_event;E:\Cours\TFE\experiments\phase_dataset_strengthening\processed\multiformat_balanced_20260910T094422Z\samples\windows_event.xml;;394;2025-08-22T15:37:24.357189+00:00;INFO;0;igfxCUIService2.0.0.0;igfxCUIService2.0.0.0;andy-aaron;2636;0;;;;;;;;;;;;;;;;;;;;;;;;;;;INFORMATIONAL;generic;<string> Logoff: Test </string>
windows_event;win_event;E:\Cours\TFE\experiments\phase_dataset_strengthening\processed\multiformat_balanced_20260910T094422Z\samples\windows_event.xml;;395;2025-08-22T15:37:24.360474+00:00;INFO;0;igfxCUIService2.0.0.0;igfxCUIService2.0.0.0;andy-aaron;2636;0;;;;;;;;;;;;;;;;;;;;;;;;;;;INFORMATIONAL;generic;<string> Logoff: 9 </string>
windows_event;win_event;E:\Cours\TFE\experiments\phase_dataset_strengthening\processed\multiformat_balanced_20260910T094422Z\samples\windows_event.xml;;396;2025-08-22T15:37:24.365967+00:00;INFO;6000;Microsoft-Windows-Winlogon;Microsoft-Windows-Winlogon;andy-aaron;14208;0;;;;;;;;;;;;;;;;;;;;;;;;;;;INFORMATIONAL;generic;<string>WSearch</string>
windows_event;win_event;E:\Cours\TFE\experiments\phase_dataset_strengthening\processed\multiformat_balanced_20260910T094422Z\samples\windows_event.xml;;397;2025-08-22T15:37:24.374287+00:00;INFO;0;HotKeyServiceUWP;HotKeyServiceUWP;andy-aaron;3992;0;;;;;;;;;;;;;;;;;;;;;;;;;;;INFORMATIONAL;generic;<string>OnSessionChange - Type = 0x6</string>
windows_event;win_event;E:\Cours\TFE\experiments\phase_dataset_strengthening\processed\multiformat_balanced_20260910T094422Z\samples\windows_event.xml;;398;2025-08-22T15:37:24.374653+00:00;INFO;0;HotKeyServiceUWP;HotKeyServiceUWP;andy-aaron;14048;0;;;;;;;;;;;;;;;;;;;;;;;;;;;INFORMATIONAL;generic;<string>OnSessionChange - Type = 0x6</string>
windows_event;win_event;E:\Cours\TFE\experiments\phase_dataset_strengthening\processed\multiformat_balanced_20260910T094422Z\samples\windows_event.xml;;399;2025-08-22T15:37:24.374969+00:00;INFO;0;SynTPEnhService;SynTPEnhService;andy-aaron;2892;0;;;;;;;;;;;;;;;;;;;;;;;;;;;INFORMATIONAL;generic;<string>SynTPEnhService</string> <string>Session Changed User Log off</string>
windows_event;win_event;E:\Cours\TFE\experiments\phase_dataset_strengthening\processed\multiformat_balanced_20260910T094422Z\samples\windows_event.xml;;400;2025-08-22T15:37:24.420025+00:00;INFO;6000;Microsoft-Windows-Winlogon;Microsoft-Windows-Winlogon;andy-aaron;14208;0;;;;;;;;;;;;;;;;;;;;;;;;;;;INFORMATIONAL;generic;<string>SessionEnv</string>
windows_event;win_event;E:\Cours\TFE\experiments\phase_dataset_strengthening\processed\multiformat_balanced_20260910T094422Z\samples\windows_event.xml;;401;2025-08-22T15:37:24.527533+00:00;INFO;0;HotKeyServiceUWP;HotKeyServiceUWP;andy-aaron;14048;0;;;;;;;;;;;;;;;;;;;;;;;;;;;INFORMATIONAL;generic;<string>OnSessionChange - Type = 0x2</string>
windows_event;win_event;E:\Cours\TFE\experiments\phase_dataset_strengthening\processed\multiformat_balanced_20260910T094422Z\samples\windows_event.xml;;402;2025-08-22T15:37:24.527590+00:00;INFO;0;HotKeyServiceUWP;HotKeyServiceUWP;andy-aaron;3992;0;;;;;;;;;;;;;;;;;;;;;;;;;;;INFORMATIONAL;generic;<string>OnSessionChange - Type = 0x2</string>
windows_event;win_event;E:\Cours\TFE\experiments\phase_dataset_strengthening\processed\multiformat_balanced_20260910T094422Z\samples\windows_event.xml;;403;2025-08-22T15:37:24.548384+00:00;INFO;0;HotKeyServiceUWP;HotKeyServiceUWP;andy-aaron;3992;0;;;;;;;;;;;;;;;;;;;;;;;;;;;INFORMATIONAL;generic;<string>OnSessionChange - Type = 0x4</string>
windows_event;win_event;E:\Cours\TFE\experiments\phase_dataset_strengthening\processed\multiformat_balanced_20260910T094422Z\samples\windows_event.xml;;404;2025-08-22T15:37:24.577175+00:00;INFO;0;HotKeyServiceUWP;HotKeyServiceUWP;andy-aaron;14048;0;;;;;;;;;;;;;;;;;;;;;;;;;;;INFORMATIONAL;generic;<string>OnSessionChange - Type = 0x4</string>
windows_event;win_event;E:\Cours\TFE\experiments\phase_dataset_strengthening\processed\multiformat_balanced_20260910T094422Z\samples\windows_event.xml;;405;2025-08-22T15:37:24.784582+00:00;INFO;0;HotKeyServiceUWP;HotKeyServiceUWP;andy-aaron;14048;0;;;;;;;;;;;;;;;;;;;;;;;;;;;INFORMATIONAL;generic;<string>OnSessionChange - Type = 0x1</string>
windows_event;win_event;E:\Cours\TFE\experiments\phase_dataset_strengthening\processed\multiformat_balanced_20260910T094422Z\samples\windows_event.xml;;406;2025-08-22T15:37:24.784889+00:00;INFO;0;HotKeyServiceUWP;HotKeyServiceUWP;andy-aaron;3992;0;;;;;;;;;;;;;;;;;;;;;;;;;;;INFORMATIONAL;generic;<string>OnSessionChange - Type = 0x1</string>
windows_event;win_event;E:\Cours\TFE\experiments\phase_dataset_strengthening\processed\multiformat_balanced_20260910T094422Z\samples\windows_event.xml;;407;2025-08-22T15:37:24.788691+00:00;INFO;0;HotKeyServiceUWP;HotKeyServiceUWP;andy-aaron;14048;0;;;;;;;;;;;;;;;;;;;;;;;;;;;INFORMATIONAL;generic;<string>OnSessionChange-default type - 0x1</string>
windows_event;win_event;E:\Cours\TFE\experiments\phase_dataset_strengthening\processed\multiformat_balanced_20260910T094422Z\samples\windows_event.xml;;408;2025-08-22T15:37:24.789152+00:00;INFO;0;HotKeyServiceUWP;HotKeyServiceUWP;andy-aaron;3992;0;;;;;;;;;;;;;;;;;;;;;;;;;;;INFORMATIONAL;generic;<string>OnSessionChange-default type - 0x1</string>
windows_event;win_event;E:\Cours\TFE\experiments\phase_dataset_strengthening\processed\multiformat_balanced_20260910T094422Z\samples\windows_event.xml;;409;2025-08-22T15:37:24.846802+00:00;INFO;0;HP Comm Recovery;HP Comm Recovery;andy-aaron;780;0;;;;;;;;;;;;;;;;;;;;;;;;;;;INFORMATIONAL;generic;<string>Le service a géré avec succès PowerEvent.</string>
windows_event;win_event;E:\Cours\TFE\experiments\phase_dataset_strengthening\processed\multiformat_balanced_20260910T094422Z\samples\windows_event.xml;;410;2025-08-22T15:37:24.847754+00:00;INFO;0;igccservice;igccservice;andy-aaron;812;0;;;;;;;;;;;;;;;;;;;;;;;;;;;INFORMATIONAL;generic;<string>Le service a géré avec succès PowerEvent.</string>
windows_event;win_event;E:\Cours\TFE\experiments\phase_dataset_strengthening\processed\multiformat_balanced_20260910T094422Z\samples\windows_event.xml;;411;2025-08-22T15:37:28.824152+00:00;INFO;0;SynTPEnhService;SynTPEnhService;andy-aaron;2892;0;;;;;;;;;;;;;;;;;;;;;;;;;;;INFORMATIONAL;generic;<string>SynTPEnhService</string> <string>SessionId:9 no longer exist remove it </string>
windows_event;win_event;E:\Cours\TFE\experiments\phase_dataset_strengthening\processed\multiformat_balanced_20260910T094422Z\samples\windows_event.xml;;412;2025-08-23T14:04:32.457897+00:00;INFO;0;HotKeyServiceUWP;HotKeyServiceUWP;andy-aaron;14048;0;;;;;;;;;;;;;;;;;;;;;;;;;;;INFORMATIONAL;generic;<string>PowerEvent-default - 0xa</string>
windows_event;win_event;E:\Cours\TFE\experiments\phase_dataset_strengthening\processed\multiformat_balanced_20260910T094422Z\samples\windows_event.xml;;413;2025-08-23T14:04:32.471006+00:00;INFO;0;HP Comm Recovery;HP Comm Recovery;andy-aaron;780;0;;;;;;;;;;;;;;;;;;;;;;;;;;;INFORMATIONAL;generic;<string>Le service a géré avec succès PowerEvent.</string>
windows_event;win_event;E:\Cours\TFE\experiments\phase_dataset_strengthening\processed\multiformat_balanced_20260910T094422Z\samples\windows_event.xml;;414;2025-08-23T14:04:32.473545+00:00;INFO;0;igccservice;igccservice;andy-aaron;812;0;;;;;;;;;;;;;;;;;;;;;;;;;;;INFORMATIONAL;generic;<string>Le service a géré avec succès PowerEvent.</string>
windows_event;win_event;E:\Cours\TFE\experiments\phase_dataset_strengthening\processed\multiformat_balanced_20260910T094422Z\samples\windows_event.xml;;415;2025-08-23T14:04:32.486267+00:00;INFO;0;HotKeyServiceUWP;HotKeyServiceUWP;andy-aaron;3992;0;;;;;;;;;;;;;;;;;;;;;;;;;;;INFORMATIONAL;generic;<string>PowerEvent-default - 0xa</string>
windows_event;win_event;E:\Cours\TFE\experiments\phase_dataset_strengthening\processed\multiformat_balanced_20260910T094422Z\samples\windows_event.xml;;416;2025-08-23T14:04:33.026800+00:00;INFO;0;HotKeyServiceUWP;HotKeyServiceUWP;andy-aaron;14048;0;;;;;;;;;;;;;;;;;;;;;;;;;;;INFORMATIONAL;generic;<string>PowerEvent-default - 0x7</string>
windows_event;win_event;E:\Cours\TFE\experiments\phase_dataset_strengthening\processed\multiformat_balanced_20260910T094422Z\samples\windows_event.xml;;417;2025-08-23T14:04:33.721874+00:00;INFO;0;HP Comm Recovery;HP Comm Recovery;andy-aaron;780;0;;;;;;;;;;;;;;;;;;;;;;;;;;;INFORMATIONAL;generic;<string>Le service a géré avec succès PowerEvent.</string>
windows_event;win_event;E:\Cours\TFE\experiments\phase_dataset_strengthening\processed\multiformat_balanced_20260910T094422Z\samples\windows_event.xml;;418;2025-08-23T14:04:33.906651+00:00;INFO;0;HotKeyServiceUWP;HotKeyServiceUWP;andy-aaron;3992;0;;;;;;;;;;;;;;;;;;;;;;;;;;;INFORMATIONAL;generic;<string>PowerEvent-default - 0x7</string>
windows_event;win_event;E:\Cours\TFE\experiments\phase_dataset_strengthening\processed\multiformat_balanced_20260910T094422Z\samples\windows_event.xml;;419;2025-08-23T14:04:34.477934+00:00;INFO;0;igccservice;igccservice;andy-aaron;812;0;;;;;;;;;;;;;;;;;;;;;;;;;;;INFORMATIONAL;generic;<string>Le service a géré avec succès PowerEvent.</string>
windows_event;win_event;E:\Cours\TFE\experiments\phase_dataset_strengthening\processed\multiformat_balanced_20260910T094422Z\samples\windows_event.xml;;420;2025-08-23T14:04:36.065372+00:00;INFO;34;Oracle.xe;Oracle.xe;andy-aaron;8052;0;;;;;;;;;;;;;;;;;;;;;;;;;;;INFORMATIONAL;generic;<string>LENGTH: '781' ACTION :[528] 'SELECT * FROM (SELECT sql_id, force_matching_signature, sql_text, parsing_schema_name, module, action, elapsed_time, cpu_time, buffer_gets, bind_data, disk_reads, direct_writes, rows_processed, fetches, executions, end_of_fetch_count, optimizer_cost, first_load_time, optimizer_env, priority, command_type, stat_period, active_stat_period, plan_hash_value , sql_seq, con_dbid, last_exec_start_time FROM sys.user_sqlset_statements) WHERE (last_exec_start_time < '2024-08-15/15:04:35')' DATABASE USER:[3] 'SYS' PRIVILEGE :[6] 'SYSDBA' CLIENT USER:[0] '' CLIENT TERMINAL:[10] 'ANDY-AARON' STATUS:[1] '0' DBID:[10] '1689037571' SESSIONID:[6] '400400' USERHOST:[10] 'ANDY-AARON' CLIENT ADDRESS:[0] '' ACTION NUMBER:[1] '3' </string>
windows_event;win_event;E:\Cours\TFE\experiments\phase_dataset_strengthening\processed\multiformat_balanced_20260910T094422Z\samples\windows_event.xml;;421;2025-08-23T14:04:37.111965+00:00;INFO;0;HP Comm Recovery;HP Comm Recovery;andy-aaron;780;0;;;;;;;;;;;;;;;;;;;;;;;;;;;INFORMATIONAL;generic;<string>Le service a géré avec succès PowerEvent.</string>
windows_event;win_event;E:\Cours\TFE\experiments\phase_dataset_strengthening\processed\multiformat_balanced_20260910T094422Z\samples\windows_event.xml;;422;2025-08-23T14:04:37.117796+00:00;INFO;0;igccservice;igccservice;andy-aaron;812;0;;;;;;;;;;;;;;;;;;;;;;;;;;;INFORMATIONAL;generic;<string>Le service a géré avec succès PowerEvent.</string>
windows_event;win_event;E:\Cours\TFE\experiments\phase_dataset_strengthening\processed\multiformat_balanced_20260910T094422Z\samples\windows_event.xml;;423;2025-08-23T14:04:37.124077+00:00;INFO;1;iBtSiva;iBtSiva;andy-aaron;6176;0;;;;;;;;;;;;;;;;;;;;;;;;;;;INFORMATIONAL;generic;<string>iBtSiva</string> <string>Siva worker starting</string>
windows_event;win_event;E:\Cours\TFE\experiments\phase_dataset_strengthening\processed\multiformat_balanced_20260910T094422Z\samples\windows_event.xml;;424;2025-08-23T14:04:37.177914+00:00;INFO;34;Oracle.xe;Oracle.xe;andy-aaron;8052;0;;;;;;;;;;;;;;;;;;;;;;;;;;;INFORMATIONAL;generic;<string>LENGTH: '2242' ACTION :[1988] 'SELECT * FROM (SELECT sql_id, force_matching_signature, NVL(plan_hash_value, 0) plan_hash_value, sql_fulltext as sql_text, parsing_schema_name, module, action, elapsed_time, cpu_time, buffer_gets, last_active_child_address, TO_CHAR(first_load_time, 'YYYY-MM-DD/HH24:MI:SS') first_load_time, last_load_time, disk_reads, direct_writes, rows_processed, fetches, executions, end_of_fetch_count, optimizer_cost, optimizer_env, command_type, loaded_versions, bind_data, last_active_time, con_dbid, TO_CHAR(last_exec_start_time, 'YYYY-MM-DD/HH24:MI:SS') last_exec_start_time FROM sys.v_$sqlarea_plan_hash s) WHERE ( (module is null or (module != 'SYS_AI_MODULE' and module != 'SYS_AUTO_STS_MODULE')) and sql_text not like 'SELECT /* DS_SVC */%' and sql_text not like 'SELECT /* OPT_DYN_SAMP */%' and sql_text not like '/*AUTO_INDEX:ddl*/%' and sql_text not like '%/*+%dbms_stats%' and sql_text not like '%/* SQL Analyze(%' and command_type not in (9, 10, 11) and plan_hash_value > 0 and (con_dbid, force_matching_signature) not in (select /*+ unnest no_merge */ sss.con_dbid, sss.force_matching_signature from wri$_sqlset_definitions ssf, wri$_sqlset_statements sss where ssf.id = sss.sqlset_id and ssf.con_dbid = sss.con_dbid and ssf.owner = 'SYS' and ssf.name = 'SYS_AUTO_STS' and ssf.con_dbid = sys_context('userenv','con_dbid') and force_matching_signature > 0 group by sss.con_dbid, sss.sqlset_id, sss.force_matching_signature having count(*) > 1000) )' DATABASE USER:[3] 'SYS' PRIVILEGE :[6] 'SYSDBA' CLIENT USER:[0] '' CLIENT TERMINAL:[10] 'ANDY-AARON' STATUS:[1] '0' DBID:[10] '1689037571' SESSIONID:[6] '400400' USERHOST:[10] 'ANDY-AARON' CLIENT ADDRESS:[0] '' ACTION NUMBER:[1] '3' </string>
windows_event;win_event;E:\Cours\TFE\experiments\phase_dataset_strengthening\processed\multiformat_balanced_20260910T094422Z\samples\windows_event.xml;;425;2025-08-23T14:04:37.318466+00:00;INFO;34;Oracle.xe;Oracle.xe;andy-aaron;8052;0;;;;;;;;;;;;;;;;;;;;;;;;;;;INFORMATIONAL;generic;<string>LENGTH: '349' ACTION :[105] 'select count(*), NULL, NULL from x$kccbp where bitand(bpext, 256) = 256 and bitand(bpflg,1+4096+8192) = 0' DATABASE USER:[1] '/' PRIVILEGE :[4] 'NONE' CLIENT USER:[0] '' CLIENT TERMINAL:[10] 'ANDY-AARON' STATUS:[1] '0' DBID:[10] '1689037571' SESSIONID:[1] '0' USERHOST:[10] 'ANDY-AARON' CLIENT ADDRESS:[0] '' ACTION NUMBER:[1] '3' </string>
windows_event;win_event;E:\Cours\TFE\experiments\phase_dataset_strengthening\processed\multiformat_balanced_20260910T094422Z\samples\windows_event.xml;;426;2025-08-23T14:04:37.322060+00:00;INFO;34;Oracle.xe;Oracle.xe;andy-aaron;8052;0;;;;;;;;;;;;;;;;;;;;;;;;;;;INFORMATIONAL;generic;<string>LENGTH: '349' ACTION :[105] 'select count(*), NULL, NULL from x$kccbp where bitand(bpext, 256) = 256 and bitand(bpflg,1+4096+8192) = 0' DATABASE USER:[1] '/' PRIVILEGE :[4] 'NONE' CLIENT USER:[0] '' CLIENT TERMINAL:[10] 'ANDY-AARON' STATUS:[1] '0' DBID:[10] '1689037571' SESSIONID:[1] '0' USERHOST:[10] 'ANDY-AARON' CLIENT ADDRESS:[0] '' ACTION NUMBER:[1] '3' </string>
windows_event;win_event;E:\Cours\TFE\experiments\phase_dataset_strengthening\processed\multiformat_balanced_20260910T094422Z\samples\windows_event.xml;;427;2025-08-23T14:04:37.388887+00:00;INFO;34;Oracle.xe;Oracle.xe;andy-aaron;8052;0;;;;;;;;;;;;;;;;;;;;;;;;;;;INFORMATIONAL;generic;<string>LENGTH: '330' ACTION :[87] 'select value, NULL, NULL from v$pq_sysstat where rtrim(statistic,' ') = 'DDL Initiated'' DATABASE USER:[1] '/' PRIVILEGE :[4] 'NONE' CLIENT USER:[0] '' CLIENT TERMINAL:[10] 'ANDY-AARON' STATUS:[1] '0' DBID:[10] '1689037571' SESSIONID:[1] '0' USERHOST:[10] 'ANDY-AARON' CLIENT ADDRESS:[0] '' ACTION NUMBER:[1] '3' </string>
windows_event;win_event;E:\Cours\TFE\experiments\phase_dataset_strengthening\processed\multiformat_balanced_20260910T094422Z\samples\windows_event.xml;;428;2025-08-23T14:04:37.389687+00:00;INFO;34;Oracle.xe;Oracle.xe;andy-aaron;8052;0;;;;;;;;;;;;;;;;;;;;;;;;;;;INFORMATIONAL;generic;<string>LENGTH: '330' ACTION :[87] 'select value, NULL, NULL from v$pq_sysstat where rtrim(statistic,' ') = 'DDL Initiated'' DATABASE USER:[1] '/' PRIVILEGE :[4] 'NONE' CLIENT USER:[0] '' CLIENT TERMINAL:[10] 'ANDY-AARON' STATUS:[1] '0' DBID:[10] '1689037571' SESSIONID:[1] '0' USERHOST:[10] 'ANDY-AARON' CLIENT ADDRESS:[0] '' ACTION NUMBER:[1] '3' </string>
windows_event;win_event;E:\Cours\TFE\experiments\phase_dataset_strengthening\processed\multiformat_balanced_20260910T094422Z\samples\windows_event.xml;;429;2025-08-23T14:04:37.408588+00:00;INFO;34;Oracle.xe;Oracle.xe;andy-aaron;8052;0;;;;;;;;;;;;;;;;;;;;;;;;;;;INFORMATIONAL;generic;<string>LENGTH: '330' ACTION :[87] 'select value, NULL, NULL from v$pq_sysstat where rtrim(statistic,' ') = 'DML Initiated'' DATABASE USER:[1] '/' PRIVILEGE :[4] 'NONE' CLIENT USER:[0] '' CLIENT TERMINAL:[10] 'ANDY-AARON' STATUS:[1] '0' DBID:[10] '1689037571' SESSIONID:[1] '0' USERHOST:[10] 'ANDY-AARON' CLIENT ADDRESS:[0] '' ACTION NUMBER:[1] '3' </string>
windows_event;win_event;E:\Cours\TFE\experiments\phase_dataset_strengthening\processed\multiformat_balanced_20260910T094422Z\samples\windows_event.xml;;430;2025-08-23T14:04:37.409967+00:00;INFO;34;Oracle.xe;Oracle.xe;andy-aaron;8052;0;;;;;;;;;;;;;;;;;;;;;;;;;;;INFORMATIONAL;generic;<string>LENGTH: '330' ACTION :[87] 'select value, NULL, NULL from v$pq_sysstat where rtrim(statistic,' ') = 'DML Initiated'' DATABASE USER:[1] '/' PRIVILEGE :[4] 'NONE' CLIENT USER:[0] '' CLIENT TERMINAL:[10] 'ANDY-AARON' STATUS:[1] '0' DBID:[10] '1689037571' SESSIONID:[1] '0' USERHOST:[10] 'ANDY-AARON' CLIENT ADDRESS:[0] '' ACTION NUMBER:[1] '3' </string>
windows_event;win_event;E:\Cours\TFE\experiments\phase_dataset_strengthening\processed\multiformat_balanced_20260910T094422Z\samples\windows_event.xml;;431;2025-08-23T14:04:37.429865+00:00;INFO;34;Oracle.xe;Oracle.xe;andy-aaron;8052;0;;;;;;;;;;;;;;;;;;;;;;;;;;;INFORMATIONAL;generic;"<string>LENGTH: '312' ACTION :[68] 'BEGIN DBMS_PDB_NUM(:feature_boolean, :aux_cnt, :feature_info); END;' DATABASE USER:[1] '/' PRIVILEGE :[4] 'NONE' CLIENT USER:[0] '' CLIENT TERMINAL:[10] 'ANDY-AARON' STATUS:[1] '0' DBID:[10] '1689037571' SESSIONID:[1] '0' USERHOST:[10] 'ANDY-AARON' CLIENT ADDRESS:[0] '' ACTION NUMBER:[2] '47' </string>"
windows_event;win_event;E:\Cours\TFE\experiments\phase_dataset_strengthening\processed\multiformat_balanced_20260910T094422Z\samples\windows_event.xml;;432;2025-08-23T14:04:38.287977+00:00;INFO;34;Oracle.xe;Oracle.xe;andy-aaron;8052;0;;;;;;;;;;;;;;;;;;;;;;;;;;;INFORMATIONAL;generic;"<string>LENGTH: '312' ACTION :[68] 'BEGIN DBMS_PDB_NUM(:feature_boolean, :aux_cnt, :feature_info); END;' DATABASE USER:[1] '/' PRIVILEGE :[4] 'NONE' CLIENT USER:[0] '' CLIENT TERMINAL:[10] 'ANDY-AARON' STATUS:[1] '0' DBID:[10] '1689037571' SESSIONID:[1] '0' USERHOST:[10] 'ANDY-AARON' CLIENT ADDRESS:[0] '' ACTION NUMBER:[2] '47' </string>"
windows_event;win_event;E:\Cours\TFE\experiments\phase_dataset_strengthening\processed\multiformat_balanced_20260910T094422Z\samples\windows_event.xml;;433;2025-08-23T14:04:38.312349+00:00;INFO;34;Oracle.xe;Oracle.xe;andy-aaron;8052;0;;;;;;;;;;;;;;;;;;;;;;;;;;;INFORMATIONAL;generic;<string>LENGTH: '334' ACTION :[91] 'select value, NULL, NULL from v$pq_sysstat where rtrim(statistic,' ') = 'Queries Initiated'' DATABASE USER:[1] '/' PRIVILEGE :[4] 'NONE' CLIENT USER:[0] '' CLIENT TERMINAL:[10] 'ANDY-AARON' STATUS:[1] '0' DBID:[10] '1689037571' SESSIONID:[1] '0' USERHOST:[10] 'ANDY-AARON' CLIENT ADDRESS:[0] '' ACTION NUMBER:[1] '3' </string>
windows_event;win_event;E:\Cours\TFE\experiments\phase_dataset_strengthening\processed\multiformat_balanced_20260910T094422Z\samples\windows_event.xml;;434;2025-08-23T14:04:38.313122+00:00;INFO;34;Oracle.xe;Oracle.xe;andy-aaron;8052;0;;;;;;;;;;;;;;;;;;;;;;;;;;;INFORMATIONAL;generic;<string>LENGTH: '334' ACTION :[91] 'select value, NULL, NULL from v$pq_sysstat where rtrim(statistic,' ') = 'Queries Initiated'' DATABASE USER:[1] '/' PRIVILEGE :[4] 'NONE' CLIENT USER:[0] '' CLIENT TERMINAL:[10] 'ANDY-AARON' STATUS:[1] '0' DBID:[10] '1689037571' SESSIONID:[1] '0' USERHOST:[10] 'ANDY-AARON' CLIENT ADDRESS:[0] '' ACTION NUMBER:[1] '3' </string>
windows_event;win_event;E:\Cours\TFE\experiments\phase_dataset_strengthening\processed\multiformat_balanced_20260910T094422Z\samples\windows_event.xml;;435;2025-08-23T14:04:38.316036+00:00;INFO;34;Oracle.xe;Oracle.xe;andy-aaron;8052;0;;;;;;;;;;;;;;;;;;;;;;;;;;;INFORMATIONAL;generic;"<string>LENGTH: '329' ACTION :[85] 'BEGIN DBMS_FEATURE_PARTITION_SYSTEM(:feature_boolean, :aux_cnt, :feature_info); END;' DATABASE USER:[1] '/' PRIVILEGE :[4] 'NONE' CLIENT USER:[0] '' CLIENT TERMINAL:[10] 'ANDY-AARON' STATUS:[1] '0' DBID:[10] '1689037571' SESSIONID:[1] '0' USERHOST:[10] 'ANDY-AARON' CLIENT ADDRESS:[0] '' ACTION NUMBER:[2] '47' </string>"
windows_event;win_event;E:\Cours\TFE\experiments\phase_dataset_strengthening\processed\multiformat_balanced_20260910T094422Z\samples\windows_event.xml;;436;2025-08-23T14:04:43.809849+00:00;INFO;34;Oracle.xe;Oracle.xe;andy-aaron;8052;0;;;;;;;;;;;;;;;;;;;;;;;;;;;INFORMATIONAL;generic;"<string>LENGTH: '329' ACTION :[85] 'BEGIN DBMS_FEATURE_PARTITION_SYSTEM(:feature_boolean, :aux_cnt, :feature_info); END;' DATABASE USER:[1] '/' PRIVILEGE :[4] 'NONE' CLIENT USER:[0] '' CLIENT TERMINAL:[10] 'ANDY-AARON' STATUS:[1] '0' DBID:[10] '1689037571' SESSIONID:[1] '0' USERHOST:[10] 'ANDY-AARON' CLIENT ADDRESS:[0] '' ACTION NUMBER:[2] '47' </string>"
windows_event;win_event;E:\Cours\TFE\experiments\phase_dataset_strengthening\processed\multiformat_balanced_20260910T094422Z\samples\windows_event.xml;;437;2025-08-23T14:04:43.817650+00:00;INFO;34;Oracle.xe;Oracle.xe;andy-aaron;8052;0;;;;;;;;;;;;;;;;;;;;;;;;;;;INFORMATIONAL;generic;"<string>LENGTH: '327' ACTION :[83] 'BEGIN DBMS_FEATURE_PARTITION_USER(:feature_boolean, :aux_cnt, :feature_info); END;' DATABASE USER:[1] '/' PRIVILEGE :[4] 'NONE' CLIENT USER:[0] '' CLIENT TERMINAL:[10] 'ANDY-AARON' STATUS:[1] '0' DBID:[10] '1689037571' SESSIONID:[1] '0' USERHOST:[10] 'ANDY-AARON' CLIENT ADDRESS:[0] '' ACTION NUMBER:[2] '47' </string>"
windows_event;win_event;E:\Cours\TFE\experiments\phase_dataset_strengthening\processed\multiformat_balanced_20260910T094422Z\samples\windows_event.xml;;438;2025-08-23T14:04:46.379122+00:00;INFO;34;Oracle.xe;Oracle.xe;andy-aaron;8052;0;;;;;;;;;;;;;;;;;;;;;;;;;;;INFORMATIONAL;generic;"<string>LENGTH: '700' ACTION :[449] 'select /*+ no_parallel(t) no_parallel_index(t) dbms_stats cursor_sharing_exact use_weak_name_resl dynamic_sampling(0) no_monitoring xmlindex_sel_idx_tbl opt_param('optimizer_inmemory_aware' 'false') no_substrb_pad leading(r t) use_nl(t) rowid(t) */ substrb(dump(t.""BEGIN_INTERVAL_TIME"",16,0,64),1,240) d_772321422, r.rwid, r.freq from ""SYS"".""WRM$_SNAPSHOT"" t, table(:topntab) r where t.rowid = chartorowid(r.rwid) order by t.""BEGIN_INTERVAL_TIME""' DATABASE USER:[3] 'SYS' PRIVILEGE :[4] 'NONE' CLIENT USER:[0] '' CLIENT TERMINAL:[10] 'ANDY-AARON' STATUS:[1] '0' DBID:[10] '3074368596' SESSIONID:[6] '400276' USERHOST:[10] 'ANDY-AARON' CLIENT ADDRESS:[0] '' ACTION NUMBER:[1] '3' </string>"
windows_event;win_event;E:\Cours\TFE\experiments\phase_dataset_strengthening\processed\multiformat_balanced_20260910T094422Z\samples\windows_event.xml;;439;2025-08-23T14:04:46.388596+00:00;INFO;34;Oracle.xe;Oracle.xe;andy-aaron;8052;0;;;;;;;;;;;;;;;;;;;;;;;;;;;INFORMATIONAL;generic;"<string>LENGTH: '700' ACTION :[449] 'select /*+ no_parallel(t) no_parallel_index(t) dbms_stats cursor_sharing_exact use_weak_name_resl dynamic_sampling(0) no_monitoring xmlindex_sel_idx_tbl opt_param('optimizer_inmemory_aware' 'false') no_substrb_pad leading(r t) use_nl(t) rowid(t) */ substrb(dump(t.""BEGIN_INTERVAL_TIME"",16,0,64),1,240) d_772321422, r.rwid, r.freq from ""SYS"".""WRM$_SNAPSHOT"" t, table(:topntab) r where t.rowid = chartorowid(r.rwid) order by t.""BEGIN_INTERVAL_TIME""' DATABASE USER:[3] 'SYS' PRIVILEGE :[4] 'NONE' CLIENT USER:[0] '' CLIENT TERMINAL:[10] 'ANDY-AARON' STATUS:[1] '0' DBID:[10] '3074368596' SESSIONID:[6] '400276' USERHOST:[10] 'ANDY-AARON' CLIENT ADDRESS:[0] '' ACTION NUMBER:[1] '3' </string>"
windows_event;win_event;E:\Cours\TFE\experiments\phase_dataset_strengthening\processed\multiformat_balanced_20260910T094422Z\samples\windows_event.xml;;440;2025-08-23T14:04:46.395655+00:00;INFO;34;Oracle.xe;Oracle.xe;andy-aaron;8052;0;;;;;;;;;;;;;;;;;;;;;;;;;;;INFORMATIONAL;generic;"<string>LENGTH: '677' ACTION :[426] 'select /*+ no_parallel(t) no_parallel_index(t) dbms_stats cursor_sharing_exact use_weak_name_resl dynamic_sampling(0) no_monitoring xmlindex_sel_idx_tbl opt_param('optimizer_inmemory_aware' 'false') no_substrb_pad leading(r t) use_nl(t) rowid(t) */ substrb(dump(t.""SNAP_ID"",16,0,64),1,240) d_2559714659, r.rwid, r.freq from ""SYS"".""WRM$_SNAPSHOT"" t, table(:topntab) r where t.rowid = chartorowid(r.rwid) order by t.""SNAP_ID""' DATABASE USER:[3] 'SYS' PRIVILEGE :[4] 'NONE' CLIENT USER:[0] '' CLIENT TERMINAL:[10] 'ANDY-AARON' STATUS:[1] '0' DBID:[10] '3074368596' SESSIONID:[6] '400276' USERHOST:[10] 'ANDY-AARON' CLIENT ADDRESS:[0] '' ACTION NUMBER:[1] '3' </string>"
windows_event;win_event;E:\Cours\TFE\experiments\phase_dataset_strengthening\processed\multiformat_balanced_20260910T094422Z\samples\windows_event.xml;;441;2025-08-23T14:04:46.396612+00:00;INFO;34;Oracle.xe;Oracle.xe;andy-aaron;8052;0;;;;;;;;;;;;;;;;;;;;;;;;;;;INFORMATIONAL;generic;"<string>LENGTH: '677' ACTION :[426] 'select /*+ no_parallel(t) no_parallel_index(t) dbms_stats cursor_sharing_exact use_weak_name_resl dynamic_sampling(0) no_monitoring xmlindex_sel_idx_tbl opt_param('optimizer_inmemory_aware' 'false') no_substrb_pad leading(r t) use_nl(t) rowid(t) */ substrb(dump(t.""SNAP_ID"",16,0,64),1,240) d_2559714659, r.rwid, r.freq from ""SYS"".""WRM$_SNAPSHOT"" t, table(:topntab) r where t.rowid = chartorowid(r.rwid) order by t.""SNAP_ID""' DATABASE USER:[3] 'SYS' PRIVILEGE :[4] 'NONE' CLIENT USER:[0] '' CLIENT TERMINAL:[10] 'ANDY-AARON' STATUS:[1] '0' DBID:[10] '3074368596' SESSIONID:[6] '400276' USERHOST:[10] 'ANDY-AARON' CLIENT ADDRESS:[0] '' ACTION NUMBER:[1] '3' </string>"
windows_event;win_event;E:\Cours\TFE\experiments\phase_dataset_strengthening\processed\multiformat_balanced_20260910T094422Z\samples\windows_event.xml;;442;2025-08-23T14:04:46.400084+00:00;INFO;34;Oracle.xe;Oracle.xe;andy-aaron;8052;0;;;;;;;;;;;;;;;;;;;;;;;;;;;INFORMATIONAL;generic;"<string>LENGTH: '697' ACTION :[446] 'select /*+ no_parallel(t) no_parallel_index(t) dbms_stats cursor_sharing_exact use_weak_name_resl dynamic_sampling(0) no_monitoring xmlindex_sel_idx_tbl opt_param('optimizer_inmemory_aware' 'false') no_substrb_pad leading(r t) use_nl(t) rowid(t) */ substrb(dump(t.""END_INTERVAL_TIME"",16,0,64),1,240) d_2948809633, r.rwid, r.freq from ""SYS"".""WRM$_SNAPSHOT"" t, table(:topntab) r where t.rowid = chartorowid(r.rwid) order by t.""END_INTERVAL_TIME""' DATABASE USER:[3] 'SYS' PRIVILEGE :[4] 'NONE' CLIENT USER:[0] '' CLIENT TERMINAL:[10] 'ANDY-AARON' STATUS:[1] '0' DBID:[10] '3074368596' SESSIONID:[6] '400276' USERHOST:[10] 'ANDY-AARON' CLIENT ADDRESS:[0] '' ACTION NUMBER:[1] '3' </string>"
windows_event;win_event;E:\Cours\TFE\experiments\phase_dataset_strengthening\processed\multiformat_balanced_20260910T094422Z\samples\windows_event.xml;;443;2025-08-23T14:04:46.404856+00:00;INFO;34;Oracle.xe;Oracle.xe;andy-aaron;8052;0;;;;;;;;;;;;;;;;;;;;;;;;;;;INFORMATIONAL;generic;"<string>LENGTH: '697' ACTION :[446] 'select /*+ no_parallel(t) no_parallel_index(t) dbms_stats cursor_sharing_exact use_weak_name_resl dynamic_sampling(0) no_monitoring xmlindex_sel_idx_tbl opt_param('optimizer_inmemory_aware' 'false') no_substrb_pad leading(r t) use_nl(t) rowid(t) */ substrb(dump(t.""END_INTERVAL_TIME"",16,0,64),1,240) d_2948809633, r.rwid, r.freq from ""SYS"".""WRM$_SNAPSHOT"" t, table(:topntab) r where t.rowid = chartorowid(r.rwid) order by t.""END_INTERVAL_TIME""' DATABASE USER:[3] 'SYS' PRIVILEGE :[4] 'NONE' CLIENT USER:[0] '' CLIENT TERMINAL:[10] 'ANDY-AARON' STATUS:[1] '0' DBID:[10] '3074368596' SESSIONID:[6] '400276' USERHOST:[10] 'ANDY-AARON' CLIENT ADDRESS:[0] '' ACTION NUMBER:[1] '3' </string>"
windows_event;win_event;E:\Cours\TFE\experiments\phase_dataset_strengthening\processed\multiformat_balanced_20260910T094422Z\samples\windows_event.xml;;444;2025-08-23T14:04:46.407307+00:00;INFO;34;Oracle.xe;Oracle.xe;andy-aaron;8052;0;;;;;;;;;;;;;;;;;;;;;;;;;;;INFORMATIONAL;generic;"<string>LENGTH: '671' ACTION :[420] 'select /*+ no_parallel(t) no_parallel_index(t) dbms_stats cursor_sharing_exact use_weak_name_resl dynamic_sampling(0) no_monitoring xmlindex_sel_idx_tbl opt_param('optimizer_inmemory_aware' 'false') no_substrb_pad leading(r t) use_nl(t) rowid(t) */ substrb(dump(t.""DBID"",16,0,64),1,240) d_3099381843, r.rwid, r.freq from ""SYS"".""WRM$_SNAPSHOT"" t, table(:topntab) r where t.rowid = chartorowid(r.rwid) order by t.""DBID""' DATABASE USER:[3] 'SYS' PRIVILEGE :[4] 'NONE' CLIENT USER:[0] '' CLIENT TERMINAL:[10] 'ANDY-AARON' STATUS:[1] '0' DBID:[10] '3074368596' SESSIONID:[6] '400276' USERHOST:[10] 'ANDY-AARON' CLIENT ADDRESS:[0] '' ACTION NUMBER:[1] '3' </string>"
windows_event;win_event;E:\Cours\TFE\experiments\phase_dataset_strengthening\processed\multiformat_balanced_20260910T094422Z\samples\windows_event.xml;;445;2025-08-23T14:04:46.408047+00:00;INFO;34;Oracle.xe;Oracle.xe;andy-aaron;8052;0;;;;;;;;;;;;;;;;;;;;;;;;;;;INFORMATIONAL;generic;"<string>LENGTH: '671' ACTION :[420] 'select /*+ no_parallel(t) no_parallel_index(t) dbms_stats cursor_sharing_exact use_weak_name_resl dynamic_sampling(0) no_monitoring xmlindex_sel_idx_tbl opt_param('optimizer_inmemory_aware' 'false') no_substrb_pad leading(r t) use_nl(t) rowid(t) */ substrb(dump(t.""DBID"",16,0,64),1,240) d_3099381843, r.rwid, r.freq from ""SYS"".""WRM$_SNAPSHOT"" t, table(:topntab) r where t.rowid = chartorowid(r.rwid) order by t.""DBID""' DATABASE USER:[3] 'SYS' PRIVILEGE :[4] 'NONE' CLIENT USER:[0] '' CLIENT TERMINAL:[10] 'ANDY-AARON' STATUS:[1] '0' DBID:[10] '3074368596' SESSIONID:[6] '400276' USERHOST:[10] 'ANDY-AARON' CLIENT ADDRESS:[0] '' ACTION NUMBER:[1] '3' </string>"
windows_event;win_event;E:\Cours\TFE\experiments\phase_dataset_strengthening\processed\multiformat_balanced_20260910T094422Z\samples\windows_event.xml;;446;2025-08-23T14:04:46.409611+00:00;INFO;34;Oracle.xe;Oracle.xe;andy-aaron;8052;0;;;;;;;;;;;;;;;;;;;;;;;;;;;INFORMATIONAL;generic;"<string>LENGTH: '693' ACTION :[442] 'select /*+ no_parallel(t) no_parallel_index(t) dbms_stats cursor_sharing_exact use_weak_name_resl dynamic_sampling(0) no_monitoring xmlindex_sel_idx_tbl opt_param('optimizer_inmemory_aware' 'false') no_substrb_pad leading(r t) use_nl(t) rowid(t) */ substrb(dump(t.""INSTANCE_NUMBER"",16,0,64),1,240) d_3858454236, r.rwid, r.freq from ""SYS"".""WRM$_SNAPSHOT"" t, table(:topntab) r where t.rowid = chartorowid(r.rwid) order by t.""INSTANCE_NUMBER""' DATABASE USER:[3] 'SYS' PRIVILEGE :[4] 'NONE' CLIENT USER:[0] '' CLIENT TERMINAL:[10] 'ANDY-AARON' STATUS:[1] '0' DBID:[10] '3074368596' SESSIONID:[6] '400276' USERHOST:[10] 'ANDY-AARON' CLIENT ADDRESS:[0] '' ACTION NUMBER:[1] '3' </string>"
windows_event;win_event;E:\Cours\TFE\experiments\phase_dataset_strengthening\processed\multiformat_balanced_20260910T094422Z\samples\windows_event.xml;;447;2025-08-23T14:04:46.411051+00:00;INFO;34;Oracle.xe;Oracle.xe;andy-aaron;8052;0;;;;;;;;;;;;;;;;;;;;;;;;;;;INFORMATIONAL;generic;"<string>LENGTH: '693' ACTION :[442] 'select /*+ no_parallel(t) no_parallel_index(t) dbms_stats cursor_sharing_exact use_weak_name_resl dynamic_sampling(0) no_monitoring xmlindex_sel_idx_tbl opt_param('optimizer_inmemory_aware' 'false') no_substrb_pad leading(r t) use_nl(t) rowid(t) */ substrb(dump(t.""INSTANCE_NUMBER"",16,0,64),1,240) d_3858454236, r.rwid, r.freq from ""SYS"".""WRM$_SNAPSHOT"" t, table(:topntab) r where t.rowid = chartorowid(r.rwid) order by t.""INSTANCE_NUMBER""' DATABASE USER:[3] 'SYS' PRIVILEGE :[4] 'NONE' CLIENT USER:[0] '' CLIENT TERMINAL:[10] 'ANDY-AARON' STATUS:[1] '0' DBID:[10] '3074368596' SESSIONID:[6] '400276' USERHOST:[10] 'ANDY-AARON' CLIENT ADDRESS:[0] '' ACTION NUMBER:[1] '3' </string>"
windows_event;win_event;E:\Cours\TFE\experiments\phase_dataset_strengthening\processed\multiformat_balanced_20260910T094422Z\samples\windows_event.xml;;448;2025-08-23T14:04:46.413725+00:00;INFO;34;Oracle.xe;Oracle.xe;andy-aaron;8052;0;;;;;;;;;;;;;;;;;;;;;;;;;;;INFORMATIONAL;generic;"<string>LENGTH: '680' ACTION :[429] 'select /*+ no_parallel(t) no_parallel_index(t) dbms_stats cursor_sharing_exact use_weak_name_resl dynamic_sampling(0) no_monitoring xmlindex_sel_idx_tbl opt_param('optimizer_inmemory_aware' 'false') no_substrb_pad leading(r t) use_nl(t) rowid(t) */ substrb(dump(t.""SNAP_FLAG"",16,0,64),1,240) d_716143672, r.rwid, r.freq from ""SYS"".""WRM$_SNAPSHOT"" t, table(:topntab) r where t.rowid = chartorowid(r.rwid) order by t.""SNAP_FLAG""' DATABASE USER:[3] 'SYS' PRIVILEGE :[4] 'NONE' CLIENT USER:[0] '' CLIENT TERMINAL:[10] 'ANDY-AARON' STATUS:[1] '0' DBID:[10] '3074368596' SESSIONID:[6] '400276' USERHOST:[10] 'ANDY-AARON' CLIENT ADDRESS:[0] '' ACTION NUMBER:[1] '3' </string>"
windows_event;win_event;E:\Cours\TFE\experiments\phase_dataset_strengthening\processed\multiformat_balanced_20260910T094422Z\samples\windows_event.xml;;449;2025-08-23T14:04:46.415438+00:00;INFO;34;Oracle.xe;Oracle.xe;andy-aaron;8052;0;;;;;;;;;;;;;;;;;;;;;;;;;;;INFORMATIONAL;generic;"<string>LENGTH: '680' ACTION :[429] 'select /*+ no_parallel(t) no_parallel_index(t) dbms_stats cursor_sharing_exact use_weak_name_resl dynamic_sampling(0) no_monitoring xmlindex_sel_idx_tbl opt_param('optimizer_inmemory_aware' 'false') no_substrb_pad leading(r t) use_nl(t) rowid(t) */ substrb(dump(t.""SNAP_FLAG"",16,0,64),1,240) d_716143672, r.rwid, r.freq from ""SYS"".""WRM$_SNAPSHOT"" t, table(:topntab) r where t.rowid = chartorowid(r.rwid) order by t.""SNAP_FLAG""' DATABASE USER:[3] 'SYS' PRIVILEGE :[4] 'NONE' CLIENT USER:[0] '' CLIENT TERMINAL:[10] 'ANDY-AARON' STATUS:[1] '0' DBID:[10] '3074368596' SESSIONID:[6] '400276' USERHOST:[10] 'ANDY-AARON' CLIENT ADDRESS:[0] '' ACTION NUMBER:[1] '3' </string>"
windows_event;win_event;E:\Cours\TFE\experiments\phase_dataset_strengthening\processed\multiformat_balanced_20260910T094422Z\samples\windows_event.xml;;450;2025-08-23T14:04:46.417824+00:00;INFO;34;Oracle.xe;Oracle.xe;andy-aaron;8052;0;;;;;;;;;;;;;;;;;;;;;;;;;;;INFORMATIONAL;generic;"<string>LENGTH: '687' ACTION :[436] 'select /*+ no_parallel(t) no_parallel_index(t) dbms_stats cursor_sharing_exact use_weak_name_resl dynamic_sampling(0) no_monitoring xmlindex_sel_idx_tbl opt_param('optimizer_inmemory_aware' 'false') no_substrb_pad leading(r t) use_nl(t) rowid(t) */ substrb(dump(t.""STARTUP_TIME"",16,0,64),1,240) d_2551369706, r.rwid, r.freq from ""SYS"".""WRM$_SNAPSHOT"" t, table(:topntab) r where t.rowid = chartorowid(r.rwid) order by t.""STARTUP_TIME""' DATABASE USER:[3] 'SYS' PRIVILEGE :[4] 'NONE' CLIENT USER:[0] '' CLIENT TERMINAL:[10] 'ANDY-AARON' STATUS:[1] '0' DBID:[10] '3074368596' SESSIONID:[6] '400276' USERHOST:[10] 'ANDY-AARON' CLIENT ADDRESS:[0] '' ACTION NUMBER:[1] '3' </string>"
windows_event;win_event;E:\Cours\TFE\experiments\phase_dataset_strengthening\processed\multiformat_balanced_20260910T094422Z\samples\windows_event.xml;;451;2025-08-23T14:04:46.418709+00:00;INFO;34;Oracle.xe;Oracle.xe;andy-aaron;8052;0;;;;;;;;;;;;;;;;;;;;;;;;;;;INFORMATIONAL;generic;"<string>LENGTH: '687' ACTION :[436] 'select /*+ no_parallel(t) no_parallel_index(t) dbms_stats cursor_sharing_exact use_weak_name_resl dynamic_sampling(0) no_monitoring xmlindex_sel_idx_tbl opt_param('optimizer_inmemory_aware' 'false') no_substrb_pad leading(r t) use_nl(t) rowid(t) */ substrb(dump(t.""STARTUP_TIME"",16,0,64),1,240) d_2551369706, r.rwid, r.freq from ""SYS"".""WRM$_SNAPSHOT"" t, table(:topntab) r where t.rowid = chartorowid(r.rwid) order by t.""STARTUP_TIME""' DATABASE USER:[3] 'SYS' PRIVILEGE :[4] 'NONE' CLIENT USER:[0] '' CLIENT TERMINAL:[10] 'ANDY-AARON' STATUS:[1] '0' DBID:[10] '3074368596' SESSIONID:[6] '400276' USERHOST:[10] 'ANDY-AARON' CLIENT ADDRESS:[0] '' ACTION NUMBER:[1] '3' </string>"
windows_event;win_event;E:\Cours\TFE\experiments\phase_dataset_strengthening\processed\multiformat_balanced_20260910T094422Z\samples\windows_event.xml;;452;2025-08-23T14:04:46.421528+00:00;INFO;34;Oracle.xe;Oracle.xe;andy-aaron;8052;0;;;;;;;;;;;;;;;;;;;;;;;;;;;INFORMATIONAL;generic;"<string>LENGTH: '675' ACTION :[424] 'select /*+ no_parallel(t) no_parallel_index(t) dbms_stats cursor_sharing_exact use_weak_name_resl dynamic_sampling(0) no_monitoring xmlindex_sel_idx_tbl opt_param('optimizer_inmemory_aware' 'false') no_substrb_pad leading(r t) use_nl(t) rowid(t) */ substrb(dump(t.""STATUS"",16,0,64),1,240) d_2980463140, r.rwid, r.freq from ""SYS"".""WRM$_SNAPSHOT"" t, table(:topntab) r where t.rowid = chartorowid(r.rwid) order by t.""STATUS""' DATABASE USER:[3] 'SYS' PRIVILEGE :[4] 'NONE' CLIENT USER:[0] '' CLIENT TERMINAL:[10] 'ANDY-AARON' STATUS:[1] '0' DBID:[10] '3074368596' SESSIONID:[6] '400276' USERHOST:[10] 'ANDY-AARON' CLIENT ADDRESS:[0] '' ACTION NUMBER:[1] '3' </string>"
windows_event;win_event;E:\Cours\TFE\experiments\phase_dataset_strengthening\processed\multiformat_balanced_20260910T094422Z\samples\windows_event.xml;;453;2025-08-23T14:04:46.423008+00:00;INFO;34;Oracle.xe;Oracle.xe;andy-aaron;8052;0;;;;;;;;;;;;;;;;;;;;;;;;;;;INFORMATIONAL;generic;"<string>LENGTH: '675' ACTION :[424] 'select /*+ no_parallel(t) no_parallel_index(t) dbms_stats cursor_sharing_exact use_weak_name_resl dynamic_sampling(0) no_monitoring xmlindex_sel_idx_tbl opt_param('optimizer_inmemory_aware' 'false') no_substrb_pad leading(r t) use_nl(t) rowid(t) */ substrb(dump(t.""STATUS"",16,0,64),1,240) d_2980463140, r.rwid, r.freq from ""SYS"".""WRM$_SNAPSHOT"" t, table(:topntab) r where t.rowid = chartorowid(r.rwid) order by t.""STATUS""' DATABASE USER:[3] 'SYS' PRIVILEGE :[4] 'NONE' CLIENT USER:[0] '' CLIENT TERMINAL:[10] 'ANDY-AARON' STATUS:[1] '0' DBID:[10] '3074368596' SESSIONID:[6] '400276' USERHOST:[10] 'ANDY-AARON' CLIENT ADDRESS:[0] '' ACTION NUMBER:[1] '3' </string>"
windows_event;win_event;E:\Cours\TFE\experiments\phase_dataset_strengthening\processed\multiformat_balanced_20260910T094422Z\samples\windows_event.xml;;454;2025-08-23T14:04:47.470783+00:00;INFO;34;Oracle.xe;Oracle.xe;andy-aaron;8052;0;;;;;;;;;;;;;;;;;;;;;;;;;;;INFORMATIONAL;generic;"<string>LENGTH: '681' ACTION :[430] 'select /*+ no_parallel(t) no_parallel_index(t) dbms_stats cursor_sharing_exact use_weak_name_resl dynamic_sampling(0) no_monitoring xmlindex_sel_idx_tbl opt_param('optimizer_inmemory_aware' 'false') no_substrb_pad leading(r t) use_nl(t) rowid(t) */ substrb(dump(t.""SNAME"",16,0,64),1,240) d_2808890216, r.rwid, r.freq from ""SYS"".""OPTSTAT_HIST_CONTROL$"" t, table(:topntab) r where t.rowid = chartorowid(r.rwid) order by t.""SNAME""' DATABASE USER:[3] 'SYS' PRIVILEGE :[4] 'NONE' CLIENT USER:[0] '' CLIENT TERMINAL:[10] 'ANDY-AARON' STATUS:[1] '0' DBID:[10] '3074368596' SESSIONID:[6] '400276' USERHOST:[10] 'ANDY-AARON' CLIENT ADDRESS:[0] '' ACTION NUMBER:[1] '3' </string>"
windows_event;win_event;E:\Cours\TFE\experiments\phase_dataset_strengthening\processed\multiformat_balanced_20260910T094422Z\samples\windows_event.xml;;455;2025-08-23T14:04:47.472391+00:00;INFO;34;Oracle.xe;Oracle.xe;andy-aaron;8052;0;;;;;;;;;;;;;;;;;;;;;;;;;;;INFORMATIONAL;generic;"<string>LENGTH: '681' ACTION :[430] 'select /*+ no_parallel(t) no_parallel_index(t) dbms_stats cursor_sharing_exact use_weak_name_resl dynamic_sampling(0) no_monitoring xmlindex_sel_idx_tbl opt_param('optimizer_inmemory_aware' 'false') no_substrb_pad leading(r t) use_nl(t) rowid(t) */ substrb(dump(t.""SNAME"",16,0,64),1,240) d_2808890216, r.rwid, r.freq from ""SYS"".""OPTSTAT_HIST_CONTROL$"" t, table(:topntab) r where t.rowid = chartorowid(r.rwid) order by t.""SNAME""' DATABASE USER:[3] 'SYS' PRIVILEGE :[4] 'NONE' CLIENT USER:[0] '' CLIENT TERMINAL:[10] 'ANDY-AARON' STATUS:[1] '0' DBID:[10] '3074368596' SESSIONID:[6] '400276' USERHOST:[10] 'ANDY-AARON' CLIENT ADDRESS:[0] '' ACTION NUMBER:[1] '3' </string>"
windows_event;win_event;E:\Cours\TFE\experiments\phase_dataset_strengthening\processed\multiformat_balanced_20260910T094422Z\samples\windows_event.xml;;456;2025-08-23T14:04:47.476791+00:00;INFO;34;Oracle.xe;Oracle.xe;andy-aaron;8052;0;;;;;;;;;;;;;;;;;;;;;;;;;;;INFORMATIONAL;generic;"<string>LENGTH: '711' ACTION :[460] 'select /*+ no_parallel(t) no_parallel_index(t) dbms_stats cursor_sharing_exact use_weak_name_resl dynamic_sampling(0) no_monitoring xmlindex_sel_idx_tbl opt_param('optimizer_inmemory_aware' 'false') no_substrb_pad leading(r t) use_nl(t) rowid(t) */ substrb(dump(substrb(t.""SPARE4"",1,64),16,0,64),1,240) d_4291451366, r.rwid, r.freq from ""SYS"".""OPTSTAT_HIST_CONTROL$"" t, table(:topntab) r where t.rowid = chartorowid(r.rwid) order by substrb(t.""SPARE4"",1,64)' DATABASE USER:[3] 'SYS' PRIVILEGE :[4] 'NONE' CLIENT USER:[0] '' CLIENT TERMINAL:[10] 'ANDY-AARON' STATUS:[1] '0' DBID:[10] '3074368596' SESSIONID:[6] '400276' USERHOST:[10] 'ANDY-AARON' CLIENT ADDRESS:[0] '' ACTION NUMBER:[1] '3' </string>"
windows_event;win_event;E:\Cours\TFE\experiments\phase_dataset_strengthening\processed\multiformat_balanced_20260910T094422Z\samples\windows_event.xml;;457;2025-08-23T14:04:47.478844+00:00;INFO;34;Oracle.xe;Oracle.xe;andy-aaron;8052;0;;;;;;;;;;;;;;;;;;;;;;;;;;;INFORMATIONAL;generic;"<string>LENGTH: '711' ACTION :[460] 'select /*+ no_parallel(t) no_parallel_index(t) dbms_stats cursor_sharing_exact use_weak_name_resl dynamic_sampling(0) no_monitoring xmlindex_sel_idx_tbl opt_param('optimizer_inmemory_aware' 'false') no_substrb_pad leading(r t) use_nl(t) rowid(t) */ substrb(dump(substrb(t.""SPARE4"",1,64),16,0,64),1,240) d_4291451366, r.rwid, r.freq from ""SYS"".""OPTSTAT_HIST_CONTROL$"" t, table(:topntab) r where t.rowid = chartorowid(r.rwid) order by substrb(t.""SPARE4"",1,64)' DATABASE USER:[3] 'SYS' PRIVILEGE :[4] 'NONE' CLIENT USER:[0] '' CLIENT TERMINAL:[10] 'ANDY-AARON' STATUS:[1] '0' DBID:[10] '3074368596' SESSIONID:[6] '400276' USERHOST:[10] 'ANDY-AARON' CLIENT ADDRESS:[0] '' ACTION NUMBER:[1] '3' </string>"
windows_event;win_event;E:\Cours\TFE\experiments\phase_dataset_strengthening\processed\multiformat_balanced_20260910T094422Z\samples\windows_event.xml;;458;2025-08-23T14:04:47.616140+00:00;INFO;34;Oracle.xe;Oracle.xe;andy-aaron;8052;0;;;;;;;;;;;;;;;;;;;;;;;;;;;INFORMATIONAL;generic;"<string>LENGTH: '666' ACTION :[415] 'select /*+ no_parallel(t) no_parallel_index(t) dbms_stats cursor_sharing_exact use_weak_name_resl dynamic_sampling(0) no_monitoring xmlindex_sel_idx_tbl opt_param('optimizer_inmemory_aware' 'false') no_substrb_pad leading(r t) use_nl(t) rowid(t) */ substrb(dump(t.""OBJN"",16,0,64),1,240) d_3045965405, r.rwid, r.freq from ""SYS"".""EXP_OBJ$"" t, table(:topntab) r where t.rowid = chartorowid(r.rwid) order by t.""OBJN""' DATABASE USER:[3] 'SYS' PRIVILEGE :[4] 'NONE' CLIENT USER:[0] '' CLIENT TERMINAL:[10] 'ANDY-AARON' STATUS:[1] '0' DBID:[10] '3074368596' SESSIONID:[6] '400276' USERHOST:[10] 'ANDY-AARON' CLIENT ADDRESS:[0] '' ACTION NUMBER:[1] '3' </string>"
windows_event;win_event;E:\Cours\TFE\experiments\phase_dataset_strengthening\processed\multiformat_balanced_20260910T094422Z\samples\windows_event.xml;;459;2025-08-23T14:04:47.617626+00:00;INFO;34;Oracle.xe;Oracle.xe;andy-aaron;8052;0;;;;;;;;;;;;;;;;;;;;;;;;;;;INFORMATIONAL;generic;"<string>LENGTH: '666' ACTION :[415] 'select /*+ no_parallel(t) no_parallel_index(t) dbms_stats cursor_sharing_exact use_weak_name_resl dynamic_sampling(0) no_monitoring xmlindex_sel_idx_tbl opt_param('optimizer_inmemory_aware' 'false') no_substrb_pad leading(r t) use_nl(t) rowid(t) */ substrb(dump(t.""OBJN"",16,0,64),1,240) d_3045965405, r.rwid, r.freq from ""SYS"".""EXP_OBJ$"" t, table(:topntab) r where t.rowid = chartorowid(r.rwid) order by t.""OBJN""' DATABASE USER:[3] 'SYS' PRIVILEGE :[4] 'NONE' CLIENT USER:[0] '' CLIENT TERMINAL:[10] 'ANDY-AARON' STATUS:[1] '0' DBID:[10] '3074368596' SESSIONID:[6] '400276' USERHOST:[10] 'ANDY-AARON' CLIENT ADDRESS:[0] '' ACTION NUMBER:[1] '3' </string>"
windows_event;win_event;E:\Cours\TFE\experiments\phase_dataset_strengthening\processed\multiformat_balanced_20260910T094422Z\samples\windows_event.xml;;460;2025-08-23T14:04:47.621008+00:00;INFO;34;Oracle.xe;Oracle.xe;andy-aaron;8052;0;;;;;;;;;;;;;;;;;;;;;;;;;;;INFORMATIONAL;generic;"<string>LENGTH: '680' ACTION :[429] 'select /*+ no_parallel(t) no_parallel_index(t) dbms_stats cursor_sharing_exact use_weak_name_resl dynamic_sampling(0) no_monitoring xmlindex_sel_idx_tbl opt_param('optimizer_inmemory_aware' 'false') no_substrb_pad leading(r t) use_nl(t) rowid(t) */ substrb(dump(t.""SNAPSHOT_ID"",16,0,64),1,240) d_3776494566, r.rwid, r.freq from ""SYS"".""EXP_OBJ$"" t, table(:topntab) r where t.rowid = chartorowid(r.rwid) order by t.""SNAPSHOT_ID""' DATABASE USER:[3] 'SYS' PRIVILEGE :[4] 'NONE' CLIENT USER:[0] '' CLIENT TERMINAL:[10] 'ANDY-AARON' STATUS:[1] '0' DBID:[10] '3074368596' SESSIONID:[6] '400276' USERHOST:[10] 'ANDY-AARON' CLIENT ADDRESS:[0] '' ACTION NUMBER:[1] '3' </string>"
windows_event;win_event;E:\Cours\TFE\experiments\phase_dataset_strengthening\processed\multiformat_balanced_20260910T094422Z\samples\windows_event.xml;;461;2025-08-23T14:04:47.622782+00:00;INFO;34;Oracle.xe;Oracle.xe;andy-aaron;8052;0;;;;;;;;;;;;;;;;;;;;;;;;;;;INFORMATIONAL;generic;"<string>LENGTH: '680' ACTION :[429] 'select /*+ no_parallel(t) no_parallel_index(t) dbms_stats cursor_sharing_exact use_weak_name_resl dynamic_sampling(0) no_monitoring xmlindex_sel_idx_tbl opt_param('optimizer_inmemory_aware' 'false') no_substrb_pad leading(r t) use_nl(t) rowid(t) */ substrb(dump(t.""SNAPSHOT_ID"",16,0,64),1,240) d_3776494566, r.rwid, r.freq from ""SYS"".""EXP_OBJ$"" t, table(:topntab) r where t.rowid = chartorowid(r.rwid) order by t.""SNAPSHOT_ID""' DATABASE USER:[3] 'SYS' PRIVILEGE :[4] 'NONE' CLIENT USER:[0] '' CLIENT TERMINAL:[10] 'ANDY-AARON' STATUS:[1] '0' DBID:[10] '3074368596' SESSIONID:[6] '400276' USERHOST:[10] 'ANDY-AARON' CLIENT ADDRESS:[0] '' ACTION NUMBER:[1] '3' </string>"
windows_event;win_event;E:\Cours\TFE\experiments\phase_dataset_strengthening\processed\multiformat_balanced_20260910T094422Z\samples\windows_event.xml;;462;2025-08-23T14:04:47.776022+00:00;INFO;34;Oracle.xe;Oracle.xe;andy-aaron;8052;0;;;;;;;;;;;;;;;;;;;;;;;;;;;INFORMATIONAL;generic;"<string>LENGTH: '689' ACTION :[438] 'select /*+ no_parallel(t) no_parallel_index(t) dbms_stats cursor_sharing_exact use_weak_name_resl dynamic_sampling(0) no_monitoring xmlindex_sel_idx_tbl opt_param('optimizer_inmemory_aware' 'false') no_substrb_pad leading(r t) use_nl(t) rowid(t) */ substrb(dump(t.""EXEC_MTIME"",16,0,64),1,240) d_3513433270, r.rwid, r.freq from ""SYS"".""WRI$_ADV_EXECUTIONS"" t, table(:topntab) r where t.rowid = chartorowid(r.rwid) order by t.""EXEC_MTIME""' DATABASE USER:[3] 'SYS' PRIVILEGE :[4] 'NONE' CLIENT USER:[0] '' CLIENT TERMINAL:[10] 'ANDY-AARON' STATUS:[1] '0' DBID:[10] '3074368596' SESSIONID:[6] '400276' USERHOST:[10] 'ANDY-AARON' CLIENT ADDRESS:[0] '' ACTION NUMBER:[1] '3' </string>"
windows_event;win_event;E:\Cours\TFE\experiments\phase_dataset_strengthening\processed\multiformat_balanced_20260910T094422Z\samples\windows_event.xml;;463;2025-08-23T14:04:47.777920+00:00;INFO;34;Oracle.xe;Oracle.xe;andy-aaron;8052;0;;;;;;;;;;;;;;;;;;;;;;;;;;;INFORMATIONAL;generic;"<string>LENGTH: '689' ACTION :[438] 'select /*+ no_parallel(t) no_parallel_index(t) dbms_stats cursor_sharing_exact use_weak_name_resl dynamic_sampling(0) no_monitoring xmlindex_sel_idx_tbl opt_param('optimizer_inmemory_aware' 'false') no_substrb_pad leading(r t) use_nl(t) rowid(t) */ substrb(dump(t.""EXEC_MTIME"",16,0,64),1,240) d_3513433270, r.rwid, r.freq from ""SYS"".""WRI$_ADV_EXECUTIONS"" t, table(:topntab) r where t.rowid = chartorowid(r.rwid) order by t.""EXEC_MTIME""' DATABASE USER:[3] 'SYS' PRIVILEGE :[4] 'NONE' CLIENT USER:[0] '' CLIENT TERMINAL:[10] 'ANDY-AARON' STATUS:[1] '0' DBID:[10] '3074368596' SESSIONID:[6] '400276' USERHOST:[10] 'ANDY-AARON' CLIENT ADDRESS:[0] '' ACTION NUMBER:[1] '3' </string>"
windows_event;win_event;E:\Cours\TFE\experiments\phase_dataset_strengthening\processed\multiformat_balanced_20260910T094422Z\samples\windows_event.xml;;464;2025-08-23T14:04:47.782043+00:00;INFO;34;Oracle.xe;Oracle.xe;andy-aaron;8052;0;;;;;;;;;;;;;;;;;;;;;;;;;;;INFORMATIONAL;generic;"<string>LENGTH: '705' ACTION :[454] 'select /*+ no_parallel(t) no_parallel_index(t) dbms_stats cursor_sharing_exact use_weak_name_resl dynamic_sampling(0) no_monitoring xmlindex_sel_idx_tbl opt_param('optimizer_inmemory_aware' 'false') no_substrb_pad leading(r t) use_nl(t) rowid(t) */ substrb(dump(substrb(t.""NAME"",1,64),16,0,64),1,240) d_2614638557, r.rwid, r.freq from ""SYS"".""WRI$_ADV_EXECUTIONS"" t, table(:topntab) r where t.rowid = chartorowid(r.rwid) order by substrb(t.""NAME"",1,64)' DATABASE USER:[3] 'SYS' PRIVILEGE :[4] 'NONE' CLIENT USER:[0] '' CLIENT TERMINAL:[10] 'ANDY-AARON' STATUS:[1] '0' DBID:[10] '3074368596' SESSIONID:[6] '400276' USERHOST:[10] 'ANDY-AARON' CLIENT ADDRESS:[0] '' ACTION NUMBER:[1] '3' </string>"
windows_event;win_event;E:\Cours\TFE\experiments\phase_dataset_strengthening\processed\multiformat_balanced_20260910T094422Z\samples\windows_event.xml;;465;2025-08-23T14:04:47.785620+00:00;INFO;34;Oracle.xe;Oracle.xe;andy-aaron;8052;0;;;;;;;;;;;;;;;;;;;;;;;;;;;INFORMATIONAL;generic;"<string>LENGTH: '705' ACTION :[454] 'select /*+ no_parallel(t) no_parallel_index(t) dbms_stats cursor_sharing_exact use_weak_name_resl dynamic_sampling(0) no_monitoring xmlindex_sel_idx_tbl opt_param('optimizer_inmemory_aware' 'false') no_substrb_pad leading(r t) use_nl(t) rowid(t) */ substrb(dump(substrb(t.""NAME"",1,64),16,0,64),1,240) d_2614638557, r.rwid, r.freq from ""SYS"".""WRI$_ADV_EXECUTIONS"" t, table(:topntab) r where t.rowid = chartorowid(r.rwid) order by substrb(t.""NAME"",1,64)' DATABASE USER:[3] 'SYS' PRIVILEGE :[4] 'NONE' CLIENT USER:[0] '' CLIENT TERMINAL:[10] 'ANDY-AARON' STATUS:[1] '0' DBID:[10] '3074368596' SESSIONID:[6] '400276' USERHOST:[10] 'ANDY-AARON' CLIENT ADDRESS:[0] '' ACTION NUMBER:[1] '3' </string>"
windows_event;win_event;E:\Cours\TFE\experiments\phase_dataset_strengthening\processed\multiformat_balanced_20260910T094422Z\samples\windows_event.xml;;466;2025-08-23T14:04:47.789461+00:00;INFO;34;Oracle.xe;Oracle.xe;andy-aaron;8052;0;;;;;;;;;;;;;;;;;;;;;;;;;;;INFORMATIONAL;generic;"<string>LENGTH: '688' ACTION :[437] 'select /*+ no_parallel(t) no_parallel_index(t) dbms_stats cursor_sharing_exact use_weak_name_resl dynamic_sampling(0) no_monitoring xmlindex_sel_idx_tbl opt_param('optimizer_inmemory_aware' 'false') no_substrb_pad leading(r t) use_nl(t) rowid(t) */ substrb(dump(t.""EXEC_START"",16,0,64),1,240) d_188967089, r.rwid, r.freq from ""SYS"".""WRI$_ADV_EXECUTIONS"" t, table(:topntab) r where t.rowid = chartorowid(r.rwid) order by t.""EXEC_START""' DATABASE USER:[3] 'SYS' PRIVILEGE :[4] 'NONE' CLIENT USER:[0] '' CLIENT TERMINAL:[10] 'ANDY-AARON' STATUS:[1] '0' DBID:[10] '3074368596' SESSIONID:[6] '400276' USERHOST:[10] 'ANDY-AARON' CLIENT ADDRESS:[0] '' ACTION NUMBER:[1] '3' </string>"
windows_event;win_event;E:\Cours\TFE\experiments\phase_dataset_strengthening\processed\multiformat_balanced_20260910T094422Z\samples\windows_event.xml;;467;2025-08-23T14:04:47.791468+00:00;INFO;34;Oracle.xe;Oracle.xe;andy-aaron;8052;0;;;;;;;;;;;;;;;;;;;;;;;;;;;INFORMATIONAL;generic;"<string>LENGTH: '688' ACTION :[437] 'select /*+ no_parallel(t) no_parallel_index(t) dbms_stats cursor_sharing_exact use_weak_name_resl dynamic_sampling(0) no_monitoring xmlindex_sel_idx_tbl opt_param('optimizer_inmemory_aware' 'false') no_substrb_pad leading(r t) use_nl(t) rowid(t) */ substrb(dump(t.""EXEC_START"",16,0,64),1,240) d_188967089, r.rwid, r.freq from ""SYS"".""WRI$_ADV_EXECUTIONS"" t, table(:topntab) r where t.rowid = chartorowid(r.rwid) order by t.""EXEC_START""' DATABASE USER:[3] 'SYS' PRIVILEGE :[4] 'NONE' CLIENT USER:[0] '' CLIENT TERMINAL:[10] 'ANDY-AARON' STATUS:[1] '0' DBID:[10] '3074368596' SESSIONID:[6] '400276' USERHOST:[10] 'ANDY-AARON' CLIENT ADDRESS:[0] '' ACTION NUMBER:[1] '3' </string>"
windows_event;win_event;E:\Cours\TFE\experiments\phase_dataset_strengthening\processed\multiformat_balanced_20260910T094422Z\samples\windows_event.xml;;468;2025-08-23T14:04:47.795004+00:00;INFO;34;Oracle.xe;Oracle.xe;andy-aaron;8052;0;;;;;;;;;;;;;;;;;;;;;;;;;;;INFORMATIONAL;generic;"<string>LENGTH: '689' ACTION :[438] 'select /*+ no_parallel(t) no_parallel_index(t) dbms_stats cursor_sharing_exact use_weak_name_resl dynamic_sampling(0) no_monitoring xmlindex_sel_idx_tbl opt_param('optimizer_inmemory_aware' 'false') no_substrb_pad leading(r t) use_nl(t) rowid(t) */ substrb(dump(t.""ADVISOR_ID"",16,0,64),1,240) d_2026044459, r.rwid, r.freq from ""SYS"".""WRI$_ADV_EXECUTIONS"" t, table(:topntab) r where t.rowid = chartorowid(r.rwid) order by t.""ADVISOR_ID""' DATABASE USER:[3] 'SYS' PRIVILEGE :[4] 'NONE' CLIENT USER:[0] '' CLIENT TERMINAL:[10] 'ANDY-AARON' STATUS:[1] '0' DBID:[10] '3074368596' SESSIONID:[6] '400276' USERHOST:[10] 'ANDY-AARON' CLIENT ADDRESS:[0] '' ACTION NUMBER:[1] '3' </string>"
windows_event;win_event;E:\Cours\TFE\experiments\phase_dataset_strengthening\processed\multiformat_balanced_20260910T094422Z\samples\windows_event.xml;;469;2025-08-23T14:04:47.799204+00:00;INFO;34;Oracle.xe;Oracle.xe;andy-aaron;8052;0;;;;;;;;;;;;;;;;;;;;;;;;;;;INFORMATIONAL;generic;"<string>LENGTH: '689' ACTION :[438] 'select /*+ no_parallel(t) no_parallel_index(t) dbms_stats cursor_sharing_exact use_weak_name_resl dynamic_sampling(0) no_monitoring xmlindex_sel_idx_tbl opt_param('optimizer_inmemory_aware' 'false') no_substrb_pad leading(r t) use_nl(t) rowid(t) */ substrb(dump(t.""ADVISOR_ID"",16,0,64),1,240) d_2026044459, r.rwid, r.freq from ""SYS"".""WRI$_ADV_EXECUTIONS"" t, table(:topntab) r where t.rowid = chartorowid(r.rwid) order by t.""ADVISOR_ID""' DATABASE USER:[3] 'SYS' PRIVILEGE :[4] 'NONE' CLIENT USER:[0] '' CLIENT TERMINAL:[10] 'ANDY-AARON' STATUS:[1] '0' DBID:[10] '3074368596' SESSIONID:[6] '400276' USERHOST:[10] 'ANDY-AARON' CLIENT ADDRESS:[0] '' ACTION NUMBER:[1] '3' </string>"
windows_event;win_event;E:\Cours\TFE\experiments\phase_dataset_strengthening\processed\multiformat_balanced_20260910T094422Z\samples\windows_event.xml;;470;2025-08-23T14:04:47.802031+00:00;INFO;34;Oracle.xe;Oracle.xe;andy-aaron;8052;0;;;;;;;;;;;;;;;;;;;;;;;;;;;INFORMATIONAL;generic;"<string>LENGTH: '683' ACTION :[432] 'select /*+ no_parallel(t) no_parallel_index(t) dbms_stats cursor_sharing_exact use_weak_name_resl dynamic_sampling(0) no_monitoring xmlindex_sel_idx_tbl opt_param('optimizer_inmemory_aware' 'false') no_substrb_pad leading(r t) use_nl(t) rowid(t) */ substrb(dump(t.""TASK_ID"",16,0,64),1,240) d_3704798582, r.rwid, r.freq from ""SYS"".""WRI$_ADV_EXECUTIONS"" t, table(:topntab) r where t.rowid = chartorowid(r.rwid) order by t.""TASK_ID""' DATABASE USER:[3] 'SYS' PRIVILEGE :[4] 'NONE' CLIENT USER:[0] '' CLIENT TERMINAL:[10] 'ANDY-AARON' STATUS:[1] '0' DBID:[10] '3074368596' SESSIONID:[6] '400276' USERHOST:[10] 'ANDY-AARON' CLIENT ADDRESS:[0] '' ACTION NUMBER:[1] '3' </string>"
windows_event;win_event;E:\Cours\TFE\experiments\phase_dataset_strengthening\processed\multiformat_balanced_20260910T094422Z\samples\windows_event.xml;;471;2025-08-23T14:04:47.805054+00:00;INFO;34;Oracle.xe;Oracle.xe;andy-aaron;8052;0;;;;;;;;;;;;;;;;;;;;;;;;;;;INFORMATIONAL;generic;"<string>LENGTH: '683' ACTION :[432] 'select /*+ no_parallel(t) no_parallel_index(t) dbms_stats cursor_sharing_exact use_weak_name_resl dynamic_sampling(0) no_monitoring xmlindex_sel_idx_tbl opt_param('optimizer_inmemory_aware' 'false') no_substrb_pad leading(r t) use_nl(t) rowid(t) */ substrb(dump(t.""TASK_ID"",16,0,64),1,240) d_3704798582, r.rwid, r.freq from ""SYS"".""WRI$_ADV_EXECUTIONS"" t, table(:topntab) r where t.rowid = chartorowid(r.rwid) order by t.""TASK_ID""' DATABASE USER:[3] 'SYS' PRIVILEGE :[4] 'NONE' CLIENT USER:[0] '' CLIENT TERMINAL:[10] 'ANDY-AARON' STATUS:[1] '0' DBID:[10] '3074368596' SESSIONID:[6] '400276' USERHOST:[10] 'ANDY-AARON' CLIENT ADDRESS:[0] '' ACTION NUMBER:[1] '3' </string>"
windows_event;win_event;E:\Cours\TFE\experiments\phase_dataset_strengthening\processed\multiformat_balanced_20260910T094422Z\samples\windows_event.xml;;472;2025-08-23T14:04:48.597677+00:00;INFO;34;Oracle.xe;Oracle.xe;andy-aaron;8052;0;;;;;;;;;;;;;;;;;;;;;;;;;;;INFORMATIONAL;generic;"<string>LENGTH: '687' ACTION :[436] 'select /*+ no_parallel(t) no_parallel_index(t) dbms_stats cursor_sharing_exact use_weak_name_resl dynamic_sampling(0) no_monitoring xmlindex_sel_idx_tbl opt_param('optimizer_inmemory_aware' 'false') no_substrb_pad leading(r t) use_nl(t) rowid(t) */ substrb(dump(t.""SYS_NC00059$"",16,0,64),1,240) d_776703314, r.rwid, r.freq from ""SYS"".""SCHEDULER$_JOB"" t, table(:topntab) r where t.rowid = chartorowid(r.rwid) order by t.""SYS_NC00059$""' DATABASE USER:[3] 'SYS' PRIVILEGE :[4] 'NONE' CLIENT USER:[0] '' CLIENT TERMINAL:[10] 'ANDY-AARON' STATUS:[1] '0' DBID:[10] '3074368596' SESSIONID:[6] '400276' USERHOST:[10] 'ANDY-AARON' CLIENT ADDRESS:[0] '' ACTION NUMBER:[1] '3' </string>"
windows_event;win_event;E:\Cours\TFE\experiments\phase_dataset_strengthening\processed\multiformat_balanced_20260910T094422Z\samples\windows_event.xml;;473;2025-08-23T14:04:48.604879+00:00;INFO;34;Oracle.xe;Oracle.xe;andy-aaron;8052;0;;;;;;;;;;;;;;;;;;;;;;;;;;;INFORMATIONAL;generic;"<string>LENGTH: '687' ACTION :[436] 'select /*+ no_parallel(t) no_parallel_index(t) dbms_stats cursor_sharing_exact use_weak_name_resl dynamic_sampling(0) no_monitoring xmlindex_sel_idx_tbl opt_param('optimizer_inmemory_aware' 'false') no_substrb_pad leading(r t) use_nl(t) rowid(t) */ substrb(dump(t.""SYS_NC00059$"",16,0,64),1,240) d_776703314, r.rwid, r.freq from ""SYS"".""SCHEDULER$_JOB"" t, table(:topntab) r where t.rowid = chartorowid(r.rwid) order by t.""SYS_NC00059$""' DATABASE USER:[3] 'SYS' PRIVILEGE :[4] 'NONE' CLIENT USER:[0] '' CLIENT TERMINAL:[10] 'ANDY-AARON' STATUS:[1] '0' DBID:[10] '3074368596' SESSIONID:[6] '400276' USERHOST:[10] 'ANDY-AARON' CLIENT ADDRESS:[0] '' ACTION NUMBER:[1] '3' </string>"
windows_event;win_event;E:\Cours\TFE\experiments\phase_dataset_strengthening\processed\multiformat_balanced_20260910T094422Z\samples\windows_event.xml;;474;2025-08-23T14:04:48.607037+00:00;INFO;34;Oracle.xe;Oracle.xe;andy-aaron;8052;0;;;;;;;;;;;;;;;;;;;;;;;;;;;INFORMATIONAL;generic;"<string>LENGTH: '674' ACTION :[423] 'select /*+ no_parallel(t) no_parallel_index(t) dbms_stats cursor_sharing_exact use_weak_name_resl dynamic_sampling(0) no_monitoring xmlindex_sel_idx_tbl opt_param('optimizer_inmemory_aware' 'false') no_substrb_pad leading(r t) use_nl(t) rowid(t) */ substrb(dump(t.""FLAGS"",16,0,64),1,240) d_2385161744, r.rwid, r.freq from ""SYS"".""SCHEDULER$_JOB"" t, table(:topntab) r where t.rowid = chartorowid(r.rwid) order by t.""FLAGS""' DATABASE USER:[3] 'SYS' PRIVILEGE :[4] 'NONE' CLIENT USER:[0] '' CLIENT TERMINAL:[10] 'ANDY-AARON' STATUS:[1] '0' DBID:[10] '3074368596' SESSIONID:[6] '400276' USERHOST:[10] 'ANDY-AARON' CLIENT ADDRESS:[0] '' ACTION NUMBER:[1] '3' </string>"
windows_event;win_event;E:\Cours\TFE\experiments\phase_dataset_strengthening\processed\multiformat_balanced_20260910T094422Z\samples\windows_event.xml;;475;2025-08-23T14:04:48.608379+00:00;INFO;34;Oracle.xe;Oracle.xe;andy-aaron;8052;0;;;;;;;;;;;;;;;;;;;;;;;;;;;INFORMATIONAL;generic;"<string>LENGTH: '674' ACTION :[423] 'select /*+ no_parallel(t) no_parallel_index(t) dbms_stats cursor_sharing_exact use_weak_name_resl dynamic_sampling(0) no_monitoring xmlindex_sel_idx_tbl opt_param('optimizer_inmemory_aware' 'false') no_substrb_pad leading(r t) use_nl(t) rowid(t) */ substrb(dump(t.""FLAGS"",16,0,64),1,240) d_2385161744, r.rwid, r.freq from ""SYS"".""SCHEDULER$_JOB"" t, table(:topntab) r where t.rowid = chartorowid(r.rwid) order by t.""FLAGS""' DATABASE USER:[3] 'SYS' PRIVILEGE :[4] 'NONE' CLIENT USER:[0] '' CLIENT TERMINAL:[10] 'ANDY-AARON' STATUS:[1] '0' DBID:[10] '3074368596' SESSIONID:[6] '400276' USERHOST:[10] 'ANDY-AARON' CLIENT ADDRESS:[0] '' ACTION NUMBER:[1] '3' </string>"
windows_event;win_event;E:\Cours\TFE\experiments\phase_dataset_strengthening\processed\multiformat_balanced_20260910T094422Z\samples\windows_event.xml;;476;2025-08-23T14:04:48.610325+00:00;INFO;34;Oracle.xe;Oracle.xe;andy-aaron;8052;0;;;;;;;;;;;;;;;;;;;;;;;;;;;INFORMATIONAL;generic;"<string>LENGTH: '686' ACTION :[435] 'select /*+ no_parallel(t) no_parallel_index(t) dbms_stats cursor_sharing_exact use_weak_name_resl dynamic_sampling(0) no_monitoring xmlindex_sel_idx_tbl opt_param('optimizer_inmemory_aware' 'false') no_substrb_pad leading(r t) use_nl(t) rowid(t) */ substrb(dump(t.""PROGRAM_OID"",16,0,64),1,240) d_1702322705, r.rwid, r.freq from ""SYS"".""SCHEDULER$_JOB"" t, table(:topntab) r where t.rowid = chartorowid(r.rwid) order by t.""PROGRAM_OID""' DATABASE USER:[3] 'SYS' PRIVILEGE :[4] 'NONE' CLIENT USER:[0] '' CLIENT TERMINAL:[10] 'ANDY-AARON' STATUS:[1] '0' DBID:[10] '3074368596' SESSIONID:[6] '400276' USERHOST:[10] 'ANDY-AARON' CLIENT ADDRESS:[0] '' ACTION NUMBER:[1] '3' </string>"
windows_event;win_event;E:\Cours\TFE\experiments\phase_dataset_strengthening\processed\multiformat_balanced_20260910T094422Z\samples\windows_event.xml;;477;2025-08-23T14:04:48.612305+00:00;INFO;34;Oracle.xe;Oracle.xe;andy-aaron;8052;0;;;;;;;;;;;;;;;;;;;;;;;;;;;INFORMATIONAL;generic;"<string>LENGTH: '686' ACTION :[435] 'select /*+ no_parallel(t) no_parallel_index(t) dbms_stats cursor_sharing_exact use_weak_name_resl dynamic_sampling(0) no_monitoring xmlindex_sel_idx_tbl opt_param('optimizer_inmemory_aware' 'false') no_substrb_pad leading(r t) use_nl(t) rowid(t) */ substrb(dump(t.""PROGRAM_OID"",16,0,64),1,240) d_1702322705, r.rwid, r.freq from ""SYS"".""SCHEDULER$_JOB"" t, table(:topntab) r where t.rowid = chartorowid(r.rwid) order by t.""PROGRAM_OID""' DATABASE USER:[3] 'SYS' PRIVILEGE :[4] 'NONE' CLIENT USER:[0] '' CLIENT TERMINAL:[10] 'ANDY-AARON' STATUS:[1] '0' DBID:[10] '3074368596' SESSIONID:[6] '400276' USERHOST:[10] 'ANDY-AARON' CLIENT ADDRESS:[0] '' ACTION NUMBER:[1] '3' </string>"
windows_event;win_event;E:\Cours\TFE\experiments\phase_dataset_strengthening\processed\multiformat_balanced_20260910T094422Z\samples\windows_event.xml;;478;2025-08-23T14:04:48.614080+00:00;INFO;34;Oracle.xe;Oracle.xe;andy-aaron;8052;0;;;;;;;;;;;;;;;;;;;;;;;;;;;INFORMATIONAL;generic;"<string>LENGTH: '686' ACTION :[435] 'select /*+ no_parallel(t) no_parallel_index(t) dbms_stats cursor_sharing_exact use_weak_name_resl dynamic_sampling(0) no_monitoring xmlindex_sel_idx_tbl opt_param('optimizer_inmemory_aware' 'false') no_substrb_pad leading(r t) use_nl(t) rowid(t) */ substrb(dump(t.""SCHEDULE_ID"",16,0,64),1,240) d_4134814722, r.rwid, r.freq from ""SYS"".""SCHEDULER$_JOB"" t, table(:topntab) r where t.rowid = chartorowid(r.rwid) order by t.""SCHEDULE_ID""' DATABASE USER:[3] 'SYS' PRIVILEGE :[4] 'NONE' CLIENT USER:[0] '' CLIENT TERMINAL:[10] 'ANDY-AARON' STATUS:[1] '0' DBID:[10] '3074368596' SESSIONID:[6] '400276' USERHOST:[10] 'ANDY-AARON' CLIENT ADDRESS:[0] '' ACTION NUMBER:[1] '3' </string>"
windows_event;win_event;E:\Cours\TFE\experiments\phase_dataset_strengthening\processed\multiformat_balanced_20260910T094422Z\samples\windows_event.xml;;479;2025-08-23T14:04:48.617590+00:00;INFO;34;Oracle.xe;Oracle.xe;andy-aaron;8052;0;;;;;;;;;;;;;;;;;;;;;;;;;;;INFORMATIONAL;generic;"<string>LENGTH: '686' ACTION :[435] 'select /*+ no_parallel(t) no_parallel_index(t) dbms_stats cursor_sharing_exact use_weak_name_resl dynamic_sampling(0) no_monitoring xmlindex_sel_idx_tbl opt_param('optimizer_inmemory_aware' 'false') no_substrb_pad leading(r t) use_nl(t) rowid(t) */ substrb(dump(t.""SCHEDULE_ID"",16,0,64),1,240) d_4134814722, r.rwid, r.freq from ""SYS"".""SCHEDULER$_JOB"" t, table(:topntab) r where t.rowid = chartorowid(r.rwid) order by t.""SCHEDULE_ID""' DATABASE USER:[3] 'SYS' PRIVILEGE :[4] 'NONE' CLIENT USER:[0] '' CLIENT TERMINAL:[10] 'ANDY-AARON' STATUS:[1] '0' DBID:[10] '3074368596' SESSIONID:[6] '400276' USERHOST:[10] 'ANDY-AARON' CLIENT ADDRESS:[0] '' ACTION NUMBER:[1] '3' </string>"
windows_event;win_event;E:\Cours\TFE\experiments\phase_dataset_strengthening\processed\multiformat_balanced_20260910T094422Z\samples\windows_event.xml;;480;2025-08-23T14:04:48.619381+00:00;INFO;34;Oracle.xe;Oracle.xe;andy-aaron;8052;0;;;;;;;;;;;;;;;;;;;;;;;;;;;INFORMATIONAL;generic;"<string>LENGTH: '681' ACTION :[430] 'select /*+ no_parallel(t) no_parallel_index(t) dbms_stats cursor_sharing_exact use_weak_name_resl dynamic_sampling(0) no_monitoring xmlindex_sel_idx_tbl opt_param('optimizer_inmemory_aware' 'false') no_substrb_pad leading(r t) use_nl(t) rowid(t) */ substrb(dump(t.""CLASS_OID"",16,0,64),1,240) d_619723507, r.rwid, r.freq from ""SYS"".""SCHEDULER$_JOB"" t, table(:topntab) r where t.rowid = chartorowid(r.rwid) order by t.""CLASS_OID""' DATABASE USER:[3] 'SYS' PRIVILEGE :[4] 'NONE' CLIENT USER:[0] '' CLIENT TERMINAL:[10] 'ANDY-AARON' STATUS:[1] '0' DBID:[10] '3074368596' SESSIONID:[6] '400276' USERHOST:[10] 'ANDY-AARON' CLIENT ADDRESS:[0] '' ACTION NUMBER:[1] '3' </string>"
windows_event;win_event;E:\Cours\TFE\experiments\phase_dataset_strengthening\processed\multiformat_balanced_20260910T094422Z\samples\windows_event.xml;;481;2025-08-23T14:04:48.622993+00:00;INFO;34;Oracle.xe;Oracle.xe;andy-aaron;8052;0;;;;;;;;;;;;;;;;;;;;;;;;;;;INFORMATIONAL;generic;"<string>LENGTH: '681' ACTION :[430] 'select /*+ no_parallel(t) no_parallel_index(t) dbms_stats cursor_sharing_exact use_weak_name_resl dynamic_sampling(0) no_monitoring xmlindex_sel_idx_tbl opt_param('optimizer_inmemory_aware' 'false') no_substrb_pad leading(r t) use_nl(t) rowid(t) */ substrb(dump(t.""CLASS_OID"",16,0,64),1,240) d_619723507, r.rwid, r.freq from ""SYS"".""SCHEDULER$_JOB"" t, table(:topntab) r where t.rowid = chartorowid(r.rwid) order by t.""CLASS_OID""' DATABASE USER:[3] 'SYS' PRIVILEGE :[4] 'NONE' CLIENT USER:[0] '' CLIENT TERMINAL:[10] 'ANDY-AARON' STATUS:[1] '0' DBID:[10] '3074368596' SESSIONID:[6] '400276' USERHOST:[10] 'ANDY-AARON' CLIENT ADDRESS:[0] '' ACTION NUMBER:[1] '3' </string>"
windows_event;win_event;E:\Cours\TFE\experiments\phase_dataset_strengthening\processed\multiformat_balanced_20260910T094422Z\samples\windows_event.xml;;482;2025-08-23T14:04:48.624880+00:00;INFO;34;Oracle.xe;Oracle.xe;andy-aaron;8052;0;;;;;;;;;;;;;;;;;;;;;;;;;;;INFORMATIONAL;generic;"<string>LENGTH: '682' ACTION :[431] 'select /*+ no_parallel(t) no_parallel_index(t) dbms_stats cursor_sharing_exact use_weak_name_resl dynamic_sampling(0) no_monitoring xmlindex_sel_idx_tbl opt_param('optimizer_inmemory_aware' 'false') no_substrb_pad leading(r t) use_nl(t) rowid(t) */ substrb(dump(t.""JOB_STATUS"",16,0,64),1,240) d_11037382, r.rwid, r.freq from ""SYS"".""SCHEDULER$_JOB"" t, table(:topntab) r where t.rowid = chartorowid(r.rwid) order by t.""JOB_STATUS""' DATABASE USER:[3] 'SYS' PRIVILEGE :[4] 'NONE' CLIENT USER:[0] '' CLIENT TERMINAL:[10] 'ANDY-AARON' STATUS:[1] '0' DBID:[10] '3074368596' SESSIONID:[6] '400276' USERHOST:[10] 'ANDY-AARON' CLIENT ADDRESS:[0] '' ACTION NUMBER:[1] '3' </string>"
windows_event;win_event;E:\Cours\TFE\experiments\phase_dataset_strengthening\processed\multiformat_balanced_20260910T094422Z\samples\windows_event.xml;;483;2025-08-23T14:04:48.626326+00:00;INFO;34;Oracle.xe;Oracle.xe;andy-aaron;8052;0;;;;;;;;;;;;;;;;;;;;;;;;;;;INFORMATIONAL;generic;"<string>LENGTH: '682' ACTION :[431] 'select /*+ no_parallel(t) no_parallel_index(t) dbms_stats cursor_sharing_exact use_weak_name_resl dynamic_sampling(0) no_monitoring xmlindex_sel_idx_tbl opt_param('optimizer_inmemory_aware' 'false') no_substrb_pad leading(r t) use_nl(t) rowid(t) */ substrb(dump(t.""JOB_STATUS"",16,0,64),1,240) d_11037382, r.rwid, r.freq from ""SYS"".""SCHEDULER$_JOB"" t, table(:topntab) r where t.rowid = chartorowid(r.rwid) order by t.""JOB_STATUS""' DATABASE USER:[3] 'SYS' PRIVILEGE :[4] 'NONE' CLIENT USER:[0] '' CLIENT TERMINAL:[10] 'ANDY-AARON' STATUS:[1] '0' DBID:[10] '3074368596' SESSIONID:[6] '400276' USERHOST:[10] 'ANDY-AARON' CLIENT ADDRESS:[0] '' ACTION NUMBER:[1] '3' </string>"
windows_event;win_event;E:\Cours\TFE\experiments\phase_dataset_strengthening\processed\multiformat_balanced_20260910T094422Z\samples\windows_event.xml;;484;2025-08-23T14:04:48.628178+00:00;INFO;34;Oracle.xe;Oracle.xe;andy-aaron;8052;0;;;;;;;;;;;;;;;;;;;;;;;;;;;INFORMATIONAL;generic;"<string>LENGTH: '687' ACTION :[436] 'select /*+ no_parallel(t) no_parallel_index(t) dbms_stats cursor_sharing_exact use_weak_name_resl dynamic_sampling(0) no_monitoring xmlindex_sel_idx_tbl opt_param('optimizer_inmemory_aware' 'false') no_substrb_pad leading(r t) use_nl(t) rowid(t) */ substrb(dump(t.""SYS_NC00060$"",16,0,64),1,240) d_337702282, r.rwid, r.freq from ""SYS"".""SCHEDULER$_JOB"" t, table(:topntab) r where t.rowid = chartorowid(r.rwid) order by t.""SYS_NC00060$""' DATABASE USER:[3] 'SYS' PRIVILEGE :[4] 'NONE' CLIENT USER:[0] '' CLIENT TERMINAL:[10] 'ANDY-AARON' STATUS:[1] '0' DBID:[10] '3074368596' SESSIONID:[6] '400276' USERHOST:[10] 'ANDY-AARON' CLIENT ADDRESS:[0] '' ACTION NUMBER:[1] '3' </string>"
windows_event;win_event;E:\Cours\TFE\experiments\phase_dataset_strengthening\processed\multiformat_balanced_20260910T094422Z\samples\windows_event.xml;;485;2025-08-23T14:04:48.630747+00:00;INFO;34;Oracle.xe;Oracle.xe;andy-aaron;8052;0;;;;;;;;;;;;;;;;;;;;;;;;;;;INFORMATIONAL;generic;"<string>LENGTH: '687' ACTION :[436] 'select /*+ no_parallel(t) no_parallel_index(t) dbms_stats cursor_sharing_exact use_weak_name_resl dynamic_sampling(0) no_monitoring xmlindex_sel_idx_tbl opt_param('optimizer_inmemory_aware' 'false') no_substrb_pad leading(r t) use_nl(t) rowid(t) */ substrb(dump(t.""SYS_NC00060$"",16,0,64),1,240) d_337702282, r.rwid, r.freq from ""SYS"".""SCHEDULER$_JOB"" t, table(:topntab) r where t.rowid = chartorowid(r.rwid) order by t.""SYS_NC00060$""' DATABASE USER:[3] 'SYS' PRIVILEGE :[4] 'NONE' CLIENT USER:[0] '' CLIENT TERMINAL:[10] 'ANDY-AARON' STATUS:[1] '0' DBID:[10] '3074368596' SESSIONID:[6] '400276' USERHOST:[10] 'ANDY-AARON' CLIENT ADDRESS:[0] '' ACTION NUMBER:[1] '3' </string>"
windows_event;win_event;E:\Cours\TFE\experiments\phase_dataset_strengthening\processed\multiformat_balanced_20260910T094422Z\samples\windows_event.xml;;486;2025-08-23T14:04:48.632437+00:00;INFO;34;Oracle.xe;Oracle.xe;andy-aaron;8052;0;;;;;;;;;;;;;;;;;;;;;;;;;;;INFORMATIONAL;generic;"<string>LENGTH: '690' ACTION :[439] 'select /*+ no_parallel(t) no_parallel_index(t) dbms_stats cursor_sharing_exact use_weak_name_resl dynamic_sampling(0) no_monitoring xmlindex_sel_idx_tbl opt_param('optimizer_inmemory_aware' 'false') no_substrb_pad leading(r t) use_nl(t) rowid(t) */ substrb(dump(t.""DATABASE_ROLE"",16,0,64),1,240) d_2247232578, r.rwid, r.freq from ""SYS"".""SCHEDULER$_JOB"" t, table(:topntab) r where t.rowid = chartorowid(r.rwid) order by t.""DATABASE_ROLE""' DATABASE USER:[3] 'SYS' PRIVILEGE :[4] 'NONE' CLIENT USER:[0] '' CLIENT TERMINAL:[10] 'ANDY-AARON' STATUS:[1] '0' DBID:[10] '3074368596' SESSIONID:[6] '400276' USERHOST:[10] 'ANDY-AARON' CLIENT ADDRESS:[0] '' ACTION NUMBER:[1] '3' </string>"
windows_event;win_event;E:\Cours\TFE\experiments\phase_dataset_strengthening\processed\multiformat_balanced_20260910T094422Z\samples\windows_event.xml;;487;2025-08-23T14:04:48.637587+00:00;INFO;34;Oracle.xe;Oracle.xe;andy-aaron;8052;0;;;;;;;;;;;;;;;;;;;;;;;;;;;INFORMATIONAL;generic;"<string>LENGTH: '690' ACTION :[439] 'select /*+ no_parallel(t) no_parallel_index(t) dbms_stats cursor_sharing_exact use_weak_name_resl dynamic_sampling(0) no_monitoring xmlindex_sel_idx_tbl opt_param('optimizer_inmemory_aware' 'false') no_substrb_pad leading(r t) use_nl(t) rowid(t) */ substrb(dump(t.""DATABASE_ROLE"",16,0,64),1,240) d_2247232578, r.rwid, r.freq from ""SYS"".""SCHEDULER$_JOB"" t, table(:topntab) r where t.rowid = chartorowid(r.rwid) order by t.""DATABASE_ROLE""' DATABASE USER:[3] 'SYS' PRIVILEGE :[4] 'NONE' CLIENT USER:[0] '' CLIENT TERMINAL:[10] 'ANDY-AARON' STATUS:[1] '0' DBID:[10] '3074368596' SESSIONID:[6] '400276' USERHOST:[10] 'ANDY-AARON' CLIENT ADDRESS:[0] '' ACTION NUMBER:[1] '3' </string>"
windows_event;win_event;E:\Cours\TFE\experiments\phase_dataset_strengthening\processed\multiformat_balanced_20260910T094422Z\samples\windows_event.xml;;488;2025-08-23T14:04:48.639614+00:00;INFO;34;Oracle.xe;Oracle.xe;andy-aaron;8052;0;;;;;;;;;;;;;;;;;;;;;;;;;;;INFORMATIONAL;generic;"<string>LENGTH: '680' ACTION :[429] 'select /*+ no_parallel(t) no_parallel_index(t) dbms_stats cursor_sharing_exact use_weak_name_resl dynamic_sampling(0) no_monitoring xmlindex_sel_idx_tbl opt_param('optimizer_inmemory_aware' 'false') no_substrb_pad leading(r t) use_nl(t) rowid(t) */ substrb(dump(t.""DEST_OID"",16,0,64),1,240) d_2741052870, r.rwid, r.freq from ""SYS"".""SCHEDULER$_JOB"" t, table(:topntab) r where t.rowid = chartorowid(r.rwid) order by t.""DEST_OID""' DATABASE USER:[3] 'SYS' PRIVILEGE :[4] 'NONE' CLIENT USER:[0] '' CLIENT TERMINAL:[10] 'ANDY-AARON' STATUS:[1] '0' DBID:[10] '3074368596' SESSIONID:[6] '400276' USERHOST:[10] 'ANDY-AARON' CLIENT ADDRESS:[0] '' ACTION NUMBER:[1] '3' </string>"
windows_event;win_event;E:\Cours\TFE\experiments\phase_dataset_strengthening\processed\multiformat_balanced_20260910T094422Z\samples\windows_event.xml;;489;2025-08-23T14:04:48.640989+00:00;INFO;34;Oracle.xe;Oracle.xe;andy-aaron;8052;0;;;;;;;;;;;;;;;;;;;;;;;;;;;INFORMATIONAL;generic;"<string>LENGTH: '680' ACTION :[429] 'select /*+ no_parallel(t) no_parallel_index(t) dbms_stats cursor_sharing_exact use_weak_name_resl dynamic_sampling(0) no_monitoring xmlindex_sel_idx_tbl opt_param('optimizer_inmemory_aware' 'false') no_substrb_pad leading(r t) use_nl(t) rowid(t) */ substrb(dump(t.""DEST_OID"",16,0,64),1,240) d_2741052870, r.rwid, r.freq from ""SYS"".""SCHEDULER$_JOB"" t, table(:topntab) r where t.rowid = chartorowid(r.rwid) order by t.""DEST_OID""' DATABASE USER:[3] 'SYS' PRIVILEGE :[4] 'NONE' CLIENT USER:[0] '' CLIENT TERMINAL:[10] 'ANDY-AARON' STATUS:[1] '0' DBID:[10] '3074368596' SESSIONID:[6] '400276' USERHOST:[10] 'ANDY-AARON' CLIENT ADDRESS:[0] '' ACTION NUMBER:[1] '3' </string>"
windows_event;win_event;E:\Cours\TFE\experiments\phase_dataset_strengthening\processed\multiformat_balanced_20260910T094422Z\samples\windows_event.xml;;490;2025-08-23T14:04:48.642769+00:00;INFO;34;Oracle.xe;Oracle.xe;andy-aaron;8052;0;;;;;;;;;;;;;;;;;;;;;;;;;;;INFORMATIONAL;generic;"<string>LENGTH: '686' ACTION :[435] 'select /*+ no_parallel(t) no_parallel_index(t) dbms_stats cursor_sharing_exact use_weak_name_resl dynamic_sampling(0) no_monitoring xmlindex_sel_idx_tbl opt_param('optimizer_inmemory_aware' 'false') no_substrb_pad leading(r t) use_nl(t) rowid(t) */ substrb(dump(t.""INSTANCE_ID"",16,0,64),1,240) d_4161555161, r.rwid, r.freq from ""SYS"".""SCHEDULER$_JOB"" t, table(:topntab) r where t.rowid = chartorowid(r.rwid) order by t.""INSTANCE_ID""' DATABASE USER:[3] 'SYS' PRIVILEGE :[4] 'NONE' CLIENT USER:[0] '' CLIENT TERMINAL:[10] 'ANDY-AARON' STATUS:[1] '0' DBID:[10] '3074368596' SESSIONID:[6] '400276' USERHOST:[10] 'ANDY-AARON' CLIENT ADDRESS:[0] '' ACTION NUMBER:[1] '3' </string>"
windows_event;win_event;E:\Cours\TFE\experiments\phase_dataset_strengthening\processed\multiformat_balanced_20260910T094422Z\samples\windows_event.xml;;491;2025-08-23T14:04:48.643942+00:00;INFO;34;Oracle.xe;Oracle.xe;andy-aaron;8052;0;;;;;;;;;;;;;;;;;;;;;;;;;;;INFORMATIONAL;generic;"<string>LENGTH: '686' ACTION :[435] 'select /*+ no_parallel(t) no_parallel_index(t) dbms_stats cursor_sharing_exact use_weak_name_resl dynamic_sampling(0) no_monitoring xmlindex_sel_idx_tbl opt_param('optimizer_inmemory_aware' 'false') no_substrb_pad leading(r t) use_nl(t) rowid(t) */ substrb(dump(t.""INSTANCE_ID"",16,0,64),1,240) d_4161555161, r.rwid, r.freq from ""SYS"".""SCHEDULER$_JOB"" t, table(:topntab) r where t.rowid = chartorowid(r.rwid) order by t.""INSTANCE_ID""' DATABASE USER:[3] 'SYS' PRIVILEGE :[4] 'NONE' CLIENT USER:[0] '' CLIENT TERMINAL:[10] 'ANDY-AARON' STATUS:[1] '0' DBID:[10] '3074368596' SESSIONID:[6] '400276' USERHOST:[10] 'ANDY-AARON' CLIENT ADDRESS:[0] '' ACTION NUMBER:[1] '3' </string>"
windows_event;win_event;E:\Cours\TFE\experiments\phase_dataset_strengthening\processed\multiformat_balanced_20260910T094422Z\samples\windows_event.xml;;492;2025-08-23T14:04:48.645559+00:00;INFO;34;Oracle.xe;Oracle.xe;andy-aaron;8052;0;;;;;;;;;;;;;;;;;;;;;;;;;;;INFORMATIONAL;generic;"<string>LENGTH: '686' ACTION :[435] 'select /*+ no_parallel(t) no_parallel_index(t) dbms_stats cursor_sharing_exact use_weak_name_resl dynamic_sampling(0) no_monitoring xmlindex_sel_idx_tbl opt_param('optimizer_inmemory_aware' 'false') no_substrb_pad leading(r t) use_nl(t) rowid(t) */ substrb(dump(t.""JOB_DEST_ID"",16,0,64),1,240) d_1518786546, r.rwid, r.freq from ""SYS"".""SCHEDULER$_JOB"" t, table(:topntab) r where t.rowid = chartorowid(r.rwid) order by t.""JOB_DEST_ID""' DATABASE USER:[3] 'SYS' PRIVILEGE :[4] 'NONE' CLIENT USER:[0] '' CLIENT TERMINAL:[10] 'ANDY-AARON' STATUS:[1] '0' DBID:[10] '3074368596' SESSIONID:[6] '400276' USERHOST:[10] 'ANDY-AARON' CLIENT ADDRESS:[0] '' ACTION NUMBER:[1] '3' </string>"
windows_event;win_event;E:\Cours\TFE\experiments\phase_dataset_strengthening\processed\multiformat_balanced_20260910T094422Z\samples\windows_event.xml;;493;2025-08-23T14:04:48.646616+00:00;INFO;34;Oracle.xe;Oracle.xe;andy-aaron;8052;0;;;;;;;;;;;;;;;;;;;;;;;;;;;INFORMATIONAL;generic;"<string>LENGTH: '686' ACTION :[435] 'select /*+ no_parallel(t) no_parallel_index(t) dbms_stats cursor_sharing_exact use_weak_name_resl dynamic_sampling(0) no_monitoring xmlindex_sel_idx_tbl opt_param('optimizer_inmemory_aware' 'false') no_substrb_pad leading(r t) use_nl(t) rowid(t) */ substrb(dump(t.""JOB_DEST_ID"",16,0,64),1,240) d_1518786546, r.rwid, r.freq from ""SYS"".""SCHEDULER$_JOB"" t, table(:topntab) r where t.rowid = chartorowid(r.rwid) order by t.""JOB_DEST_ID""' DATABASE USER:[3] 'SYS' PRIVILEGE :[4] 'NONE' CLIENT USER:[0] '' CLIENT TERMINAL:[10] 'ANDY-AARON' STATUS:[1] '0' DBID:[10] '3074368596' SESSIONID:[6] '400276' USERHOST:[10] 'ANDY-AARON' CLIENT ADDRESS:[0] '' ACTION NUMBER:[1] '3' </string>"
windows_event;win_event;E:\Cours\TFE\experiments\phase_dataset_strengthening\processed\multiformat_balanced_20260910T094422Z\samples\windows_event.xml;;494;2025-08-23T14:04:48.656128+00:00;INFO;34;Oracle.xe;Oracle.xe;andy-aaron;8052;0;;;;;;;;;;;;;;;;;;;;;;;;;;;INFORMATIONAL;generic;"<string>LENGTH: '327' ACTION :[83] 'BEGIN DBMS_FEATURE_PARTITION_USER(:feature_boolean, :aux_cnt, :feature_info); END;' DATABASE USER:[1] '/' PRIVILEGE :[4] 'NONE' CLIENT USER:[0] '' CLIENT TERMINAL:[10] 'ANDY-AARON' STATUS:[1] '0' DBID:[10] '1689037571' SESSIONID:[1] '0' USERHOST:[10] 'ANDY-AARON' CLIENT ADDRESS:[0] '' ACTION NUMBER:[2] '47' </string>"
windows_event;win_event;E:\Cours\TFE\experiments\phase_dataset_strengthening\processed\multiformat_balanced_20260910T094422Z\samples\windows_event.xml;;495;2025-08-23T14:04:48.657993+00:00;INFO;34;Oracle.xe;Oracle.xe;andy-aaron;8052;0;;;;;;;;;;;;;;;;;;;;;;;;;;;INFORMATIONAL;generic;"<string>LENGTH: '317' ACTION :[73] 'BEGIN DBMS_FEATURE_ZMAP(:feature_boolean, :aux_cnt, :feature_info); END;' DATABASE USER:[1] '/' PRIVILEGE :[4] 'NONE' CLIENT USER:[0] '' CLIENT TERMINAL:[10] 'ANDY-AARON' STATUS:[1] '0' DBID:[10] '1689037571' SESSIONID:[1] '0' USERHOST:[10] 'ANDY-AARON' CLIENT ADDRESS:[0] '' ACTION NUMBER:[2] '47' </string>"
windows_event;win_event;E:\Cours\TFE\experiments\phase_dataset_strengthening\processed\multiformat_balanced_20260910T094422Z\samples\windows_event.xml;;496;2025-08-23T14:04:48.687538+00:00;INFO;34;Oracle.xe;Oracle.xe;andy-aaron;8052;0;;;;;;;;;;;;;;;;;;;;;;;;;;;INFORMATIONAL;generic;"<string>LENGTH: '317' ACTION :[73] 'BEGIN DBMS_FEATURE_ZMAP(:feature_boolean, :aux_cnt, :feature_info); END;' DATABASE USER:[1] '/' PRIVILEGE :[4] 'NONE' CLIENT USER:[0] '' CLIENT TERMINAL:[10] 'ANDY-AARON' STATUS:[1] '0' DBID:[10] '1689037571' SESSIONID:[1] '0' USERHOST:[10] 'ANDY-AARON' CLIENT ADDRESS:[0] '' ACTION NUMBER:[2] '47' </string>"
windows_event;win_event;E:\Cours\TFE\experiments\phase_dataset_strengthening\processed\multiformat_balanced_20260910T094422Z\samples\windows_event.xml;;497;2025-08-23T14:04:48.693277+00:00;INFO;34;Oracle.xe;Oracle.xe;andy-aaron;8052;0;;;;;;;;;;;;;;;;;;;;;;;;;;;INFORMATIONAL;generic;"<string>LENGTH: '331' ACTION :[87] 'BEGIN ctxsys.drifeat.dr$feature_track(:feature_boolean, :aux_cnt, :feature_info); END;' DATABASE USER:[1] '/' PRIVILEGE :[4] 'NONE' CLIENT USER:[0] '' CLIENT TERMINAL:[10] 'ANDY-AARON' STATUS:[1] '0' DBID:[10] '1689037571' SESSIONID:[1] '0' USERHOST:[10] 'ANDY-AARON' CLIENT ADDRESS:[0] '' ACTION NUMBER:[2] '47' </string>"
windows_event;win_event;E:\Cours\TFE\experiments\phase_dataset_strengthening\processed\multiformat_balanced_20260910T094422Z\samples\windows_event.xml;;498;2025-08-23T14:04:49.126064+00:00;INFO;34;Oracle.xe;Oracle.xe;andy-aaron;8052;0;;;;;;;;;;;;;;;;;;;;;;;;;;;INFORMATIONAL;generic;"<string>LENGTH: '685' ACTION :[434] 'select /*+ no_parallel(t) no_parallel_index(t) dbms_stats cursor_sharing_exact use_weak_name_resl dynamic_sampling(0) no_monitoring xmlindex_sel_idx_tbl opt_param('optimizer_inmemory_aware' 'false') no_substrb_pad leading(r t) use_nl(t) rowid(t) */ substrb(dump(t.""CLIENT_ID"",16,0,64),1,240) d_2916467659, r.rwid, r.freq from ""SYS"".""KET$_CLIENT_TASKS"" t, table(:topntab) r where t.rowid = chartorowid(r.rwid) order by t.""CLIENT_ID""' DATABASE USER:[3] 'SYS' PRIVILEGE :[4] 'NONE' CLIENT USER:[0] '' CLIENT TERMINAL:[10] 'ANDY-AARON' STATUS:[1] '0' DBID:[10] '3074368596' SESSIONID:[6] '400276' USERHOST:[10] 'ANDY-AARON' CLIENT ADDRESS:[0] '' ACTION NUMBER:[1] '3' </string>"
windows_event;win_event;E:\Cours\TFE\experiments\phase_dataset_strengthening\processed\multiformat_balanced_20260910T094422Z\samples\windows_event.xml;;499;2025-08-23T14:04:49.128262+00:00;INFO;34;Oracle.xe;Oracle.xe;andy-aaron;8052;0;;;;;;;;;;;;;;;;;;;;;;;;;;;INFORMATIONAL;generic;"<string>LENGTH: '685' ACTION :[434] 'select /*+ no_parallel(t) no_parallel_index(t) dbms_stats cursor_sharing_exact use_weak_name_resl dynamic_sampling(0) no_monitoring xmlindex_sel_idx_tbl opt_param('optimizer_inmemory_aware' 'false') no_substrb_pad leading(r t) use_nl(t) rowid(t) */ substrb(dump(t.""CLIENT_ID"",16,0,64),1,240) d_2916467659, r.rwid, r.freq from ""SYS"".""KET$_CLIENT_TASKS"" t, table(:topntab) r where t.rowid = chartorowid(r.rwid) order by t.""CLIENT_ID""' DATABASE USER:[3] 'SYS' PRIVILEGE :[4] 'NONE' CLIENT USER:[0] '' CLIENT TERMINAL:[10] 'ANDY-AARON' STATUS:[1] '0' DBID:[10] '3074368596' SESSIONID:[6] '400276' USERHOST:[10] 'ANDY-AARON' CLIENT ADDRESS:[0] '' ACTION NUMBER:[1] '3' </string>"
windows_event;win_event;E:\Cours\TFE\experiments\phase_dataset_strengthening\processed\multiformat_balanced_20260910T094422Z\samples\windows_event.xml;;500;2025-08-23T14:04:49.130180+00:00;INFO;34;Oracle.xe;Oracle.xe;andy-aaron;8052;0;;;;;;;;;;;;;;;;;;;;;;;;;;;INFORMATIONAL;generic;"<string>LENGTH: '721' ACTION :[470] 'select /*+ no_parallel(t) no_parallel_index(t) dbms_stats cursor_sharing_exact use_weak_name_resl dynamic_sampling(0) no_monitoring xmlindex_sel_idx_tbl opt_param('optimizer_inmemory_aware' 'false') no_substrb_pad leading(r t) use_nl(t) rowid(t) */ substrb(dump(substrb(t.""CURR_JOB_NAME"",1,64),16,0,64),1,240) d_3611566683, r.rwid, r.freq from ""SYS"".""KET$_CLIENT_TASKS"" t, table(:topntab) r where t.rowid = chartorowid(r.rwid) order by substrb(t.""CURR_JOB_NAME"",1,64)' DATABASE USER:[3] 'SYS' PRIVILEGE :[4] 'NONE' CLIENT USER:[0] '' CLIENT TERMINAL:[10] 'ANDY-AARON' STATUS:[1] '0' DBID:[10] '3074368596' SESSIONID:[6] '400276' USERHOST:[10] 'ANDY-AARON' CLIENT ADDRESS:[0] '' ACTION NUMBER:[1] '3' </string>"
windows_event;win_event;E:\Cours\TFE\experiments\phase_dataset_strengthening\processed\multiformat_balanced_20260910T094422Z\samples\windows_event.xml;;501;2025-08-23T14:04:49.131662+00:00;INFO;34;Oracle.xe;Oracle.xe;andy-aaron;8052;0;;;;;;;;;;;;;;;;;;;;;;;;;;;INFORMATIONAL;generic;"<string>LENGTH: '721' ACTION :[470] 'select /*+ no_parallel(t) no_parallel_index(t) dbms_stats cursor_sharing_exact use_weak_name_resl dynamic_sampling(0) no_monitoring xmlindex_sel_idx_tbl opt_param('optimizer_inmemory_aware' 'false') no_substrb_pad leading(r t) use_nl(t) rowid(t) */ substrb(dump(substrb(t.""CURR_JOB_NAME"",1,64),16,0,64),1,240) d_3611566683, r.rwid, r.freq from ""SYS"".""KET$_CLIENT_TASKS"" t, table(:topntab) r where t.rowid = chartorowid(r.rwid) order by substrb(t.""CURR_JOB_NAME"",1,64)' DATABASE USER:[3] 'SYS' PRIVILEGE :[4] 'NONE' CLIENT USER:[0] '' CLIENT TERMINAL:[10] 'ANDY-AARON' STATUS:[1] '0' DBID:[10] '3074368596' SESSIONID:[6] '400276' USERHOST:[10] 'ANDY-AARON' CLIENT ADDRESS:[0] '' ACTION NUMBER:[1] '3' </string>"
windows_event;win_event;E:\Cours\TFE\experiments\phase_dataset_strengthening\processed\multiformat_balanced_20260910T094422Z\samples\windows_event.xml;;502;2025-08-23T14:04:49.133381+00:00;INFO;34;Oracle.xe;Oracle.xe;andy-aaron;8052;0;;;;;;;;;;;;;;;;;;;;;;;;;;;INFORMATIONAL;generic;"<string>LENGTH: '717' ACTION :[466] 'select /*+ no_parallel(t) no_parallel_index(t) dbms_stats cursor_sharing_exact use_weak_name_resl dynamic_sampling(0) no_monitoring xmlindex_sel_idx_tbl opt_param('optimizer_inmemory_aware' 'false') no_substrb_pad leading(r t) use_nl(t) rowid(t) */ substrb(dump(substrb(t.""TARGET_NAME"",1,64),16,0,64),1,240) d_2528797074, r.rwid, r.freq from ""SYS"".""KET$_CLIENT_TASKS"" t, table(:topntab) r where t.rowid = chartorowid(r.rwid) order by substrb(t.""TARGET_NAME"",1,64)' DATABASE USER:[3] 'SYS' PRIVILEGE :[4] 'NONE' CLIENT USER:[0] '' CLIENT TERMINAL:[10] 'ANDY-AARON' STATUS:[1] '0' DBID:[10] '3074368596' SESSIONID:[6] '400276' USERHOST:[10] 'ANDY-AARON' CLIENT ADDRESS:[0] '' ACTION NUMBER:[1] '3' </string>"
windows_event;win_event;E:\Cours\TFE\experiments\phase_dataset_strengthening\processed\multiformat_balanced_20260910T094422Z\samples\windows_event.xml;;503;2025-08-23T14:04:49.134653+00:00;INFO;34;Oracle.xe;Oracle.xe;andy-aaron;8052;0;;;;;;;;;;;;;;;;;;;;;;;;;;;INFORMATIONAL;generic;"<string>LENGTH: '717' ACTION :[466] 'select /*+ no_parallel(t) no_parallel_index(t) dbms_stats cursor_sharing_exact use_weak_name_resl dynamic_sampling(0) no_monitoring xmlindex_sel_idx_tbl opt_param('optimizer_inmemory_aware' 'false') no_substrb_pad leading(r t) use_nl(t) rowid(t) */ substrb(dump(substrb(t.""TARGET_NAME"",1,64),16,0,64),1,240) d_2528797074, r.rwid, r.freq from ""SYS"".""KET$_CLIENT_TASKS"" t, table(:topntab) r where t.rowid = chartorowid(r.rwid) order by substrb(t.""TARGET_NAME"",1,64)' DATABASE USER:[3] 'SYS' PRIVILEGE :[4] 'NONE' CLIENT USER:[0] '' CLIENT TERMINAL:[10] 'ANDY-AARON' STATUS:[1] '0' DBID:[10] '3074368596' SESSIONID:[6] '400276' USERHOST:[10] 'ANDY-AARON' CLIENT ADDRESS:[0] '' ACTION NUMBER:[1] '3' </string>"
windows_event;win_event;E:\Cours\TFE\experiments\phase_dataset_strengthening\processed\multiformat_balanced_20260910T094422Z\samples\windows_event.xml;;504;2025-08-23T14:04:49.136486+00:00;INFO;34;Oracle.xe;Oracle.xe;andy-aaron;8052;0;;;;;;;;;;;;;;;;;;;;;;;;;;;INFORMATIONAL;generic;"<string>LENGTH: '689' ACTION :[438] 'select /*+ no_parallel(t) no_parallel_index(t) dbms_stats cursor_sharing_exact use_weak_name_resl dynamic_sampling(0) no_monitoring xmlindex_sel_idx_tbl opt_param('optimizer_inmemory_aware' 'false') no_substrb_pad leading(r t) use_nl(t) rowid(t) */ substrb(dump(t.""TARGET_TYPE"",16,0,64),1,240) d_1850980517, r.rwid, r.freq from ""SYS"".""KET$_CLIENT_TASKS"" t, table(:topntab) r where t.rowid = chartorowid(r.rwid) order by t.""TARGET_TYPE""' DATABASE USER:[3] 'SYS' PRIVILEGE :[4] 'NONE' CLIENT USER:[0] '' CLIENT TERMINAL:[10] 'ANDY-AARON' STATUS:[1] '0' DBID:[10] '3074368596' SESSIONID:[6] '400276' USERHOST:[10] 'ANDY-AARON' CLIENT ADDRESS:[0] '' ACTION NUMBER:[1] '3' </string>"
windows_event;win_event;E:\Cours\TFE\experiments\phase_dataset_strengthening\processed\multiformat_balanced_20260910T094422Z\samples\windows_event.xml;;505;2025-08-23T14:04:49.138042+00:00;INFO;34;Oracle.xe;Oracle.xe;andy-aaron;8052;0;;;;;;;;;;;;;;;;;;;;;;;;;;;INFORMATIONAL;generic;"<string>LENGTH: '689' ACTION :[438] 'select /*+ no_parallel(t) no_parallel_index(t) dbms_stats cursor_sharing_exact use_weak_name_resl dynamic_sampling(0) no_monitoring xmlindex_sel_idx_tbl opt_param('optimizer_inmemory_aware' 'false') no_substrb_pad leading(r t) use_nl(t) rowid(t) */ substrb(dump(t.""TARGET_TYPE"",16,0,64),1,240) d_1850980517, r.rwid, r.freq from ""SYS"".""KET$_CLIENT_TASKS"" t, table(:topntab) r where t.rowid = chartorowid(r.rwid) order by t.""TARGET_TYPE""' DATABASE USER:[3] 'SYS' PRIVILEGE :[4] 'NONE' CLIENT USER:[0] '' CLIENT TERMINAL:[10] 'ANDY-AARON' STATUS:[1] '0' DBID:[10] '3074368596' SESSIONID:[6] '400276' USERHOST:[10] 'ANDY-AARON' CLIENT ADDRESS:[0] '' ACTION NUMBER:[1] '3' </string>"
windows_event;win_event;E:\Cours\TFE\experiments\phase_dataset_strengthening\processed\multiformat_balanced_20260910T094422Z\samples\windows_event.xml;;506;2025-08-23T14:04:49.139841+00:00;INFO;34;Oracle.xe;Oracle.xe;andy-aaron;8052;0;;;;;;;;;;;;;;;;;;;;;;;;;;;INFORMATIONAL;generic;"<string>LENGTH: '691' ACTION :[440] 'select /*+ no_parallel(t) no_parallel_index(t) dbms_stats cursor_sharing_exact use_weak_name_resl dynamic_sampling(0) no_monitoring xmlindex_sel_idx_tbl opt_param('optimizer_inmemory_aware' 'false') no_substrb_pad leading(r t) use_nl(t) rowid(t) */ substrb(dump(t.""OPERATION_ID"",16,0,64),1,240) d_3434013054, r.rwid, r.freq from ""SYS"".""KET$_CLIENT_TASKS"" t, table(:topntab) r where t.rowid = chartorowid(r.rwid) order by t.""OPERATION_ID""' DATABASE USER:[3] 'SYS' PRIVILEGE :[4] 'NONE' CLIENT USER:[0] '' CLIENT TERMINAL:[10] 'ANDY-AARON' STATUS:[1] '0' DBID:[10] '3074368596' SESSIONID:[6] '400276' USERHOST:[10] 'ANDY-AARON' CLIENT ADDRESS:[0] '' ACTION NUMBER:[1] '3' </string>"
windows_event;win_event;E:\Cours\TFE\experiments\phase_dataset_strengthening\processed\multiformat_balanced_20260910T094422Z\samples\windows_event.xml;;507;2025-08-23T14:04:49.141541+00:00;INFO;34;Oracle.xe;Oracle.xe;andy-aaron;8052;0;;;;;;;;;;;;;;;;;;;;;;;;;;;INFORMATIONAL;generic;"<string>LENGTH: '691' ACTION :[440] 'select /*+ no_parallel(t) no_parallel_index(t) dbms_stats cursor_sharing_exact use_weak_name_resl dynamic_sampling(0) no_monitoring xmlindex_sel_idx_tbl opt_param('optimizer_inmemory_aware' 'false') no_substrb_pad leading(r t) use_nl(t) rowid(t) */ substrb(dump(t.""OPERATION_ID"",16,0,64),1,240) d_3434013054, r.rwid, r.freq from ""SYS"".""KET$_CLIENT_TASKS"" t, table(:topntab) r where t.rowid = chartorowid(r.rwid) order by t.""OPERATION_ID""' DATABASE USER:[3] 'SYS' PRIVILEGE :[4] 'NONE' CLIENT USER:[0] '' CLIENT TERMINAL:[10] 'ANDY-AARON' STATUS:[1] '0' DBID:[10] '3074368596' SESSIONID:[6] '400276' USERHOST:[10] 'ANDY-AARON' CLIENT ADDRESS:[0] '' ACTION NUMBER:[1] '3' </string>"
windows_event;win_event;E:\Cours\TFE\experiments\phase_dataset_strengthening\processed\multiformat_balanced_20260910T094422Z\samples\windows_event.xml;;508;2025-08-23T14:04:49.633524+00:00;INFO;34;Oracle.xe;Oracle.xe;andy-aaron;8052;0;;;;;;;;;;;;;;;;;;;;;;;;;;;INFORMATIONAL;generic;"<string>LENGTH: '683' ACTION :[432] 'select /*+ no_parallel(t) no_parallel_index(t) dbms_stats cursor_sharing_exact use_weak_name_resl dynamic_sampling(0) no_monitoring xmlindex_sel_idx_tbl opt_param('optimizer_inmemory_aware' 'false') no_substrb_pad leading(r t) use_nl(t) rowid(t) */ substrb(dump(t.""DBID"",16,0,64),1,240) d_3099381843, r.rwid, r.freq from ""SYS"".""WRI$_DBU_CPU_USAGE_SAMPLE"" t, table(:topntab) r where t.rowid = chartorowid(r.rwid) order by t.""DBID""' DATABASE USER:[3] 'SYS' PRIVILEGE :[4] 'NONE' CLIENT USER:[0] '' CLIENT TERMINAL:[10] 'ANDY-AARON' STATUS:[1] '0' DBID:[10] '3074368596' SESSIONID:[6] '400276' USERHOST:[10] 'ANDY-AARON' CLIENT ADDRESS:[0] '' ACTION NUMBER:[1] '3' </string>"
windows_event;win_event;E:\Cours\TFE\experiments\phase_dataset_strengthening\processed\multiformat_balanced_20260910T094422Z\samples\windows_event.xml;;509;2025-08-23T14:04:49.642380+00:00;INFO;34;Oracle.xe;Oracle.xe;andy-aaron;8052;0;;;;;;;;;;;;;;;;;;;;;;;;;;;INFORMATIONAL;generic;"<string>LENGTH: '683' ACTION :[432] 'select /*+ no_parallel(t) no_parallel_index(t) dbms_stats cursor_sharing_exact use_weak_name_resl dynamic_sampling(0) no_monitoring xmlindex_sel_idx_tbl opt_param('optimizer_inmemory_aware' 'false') no_substrb_pad leading(r t) use_nl(t) rowid(t) */ substrb(dump(t.""DBID"",16,0,64),1,240) d_3099381843, r.rwid, r.freq from ""SYS"".""WRI$_DBU_CPU_USAGE_SAMPLE"" t, table(:topntab) r where t.rowid = chartorowid(r.rwid) order by t.""DBID""' DATABASE USER:[3] 'SYS' PRIVILEGE :[4] 'NONE' CLIENT USER:[0] '' CLIENT TERMINAL:[10] 'ANDY-AARON' STATUS:[1] '0' DBID:[10] '3074368596' SESSIONID:[6] '400276' USERHOST:[10] 'ANDY-AARON' CLIENT ADDRESS:[0] '' ACTION NUMBER:[1] '3' </string>"
windows_event;win_event;E:\Cours\TFE\experiments\phase_dataset_strengthening\processed\multiformat_balanced_20260910T094422Z\samples\windows_event.xml;;510;2025-08-23T14:04:49.645363+00:00;INFO;34;Oracle.xe;Oracle.xe;andy-aaron;8052;0;;;;;;;;;;;;;;;;;;;;;;;;;;;INFORMATIONAL;generic;"<string>LENGTH: '689' ACTION :[438] 'select /*+ no_parallel(t) no_parallel_index(t) dbms_stats cursor_sharing_exact use_weak_name_resl dynamic_sampling(0) no_monitoring xmlindex_sel_idx_tbl opt_param('optimizer_inmemory_aware' 'false') no_substrb_pad leading(r t) use_nl(t) rowid(t) */ substrb(dump(t.""VERSION"",16,0,64),1,240) d_4244441997, r.rwid, r.freq from ""SYS"".""WRI$_DBU_CPU_USAGE_SAMPLE"" t, table(:topntab) r where t.rowid = chartorowid(r.rwid) order by t.""VERSION""' DATABASE USER:[3] 'SYS' PRIVILEGE :[4] 'NONE' CLIENT USER:[0] '' CLIENT TERMINAL:[10] 'ANDY-AARON' STATUS:[1] '0' DBID:[10] '3074368596' SESSIONID:[6] '400276' USERHOST:[10] 'ANDY-AARON' CLIENT ADDRESS:[0] '' ACTION NUMBER:[1] '3' </string>"
windows_event;win_event;E:\Cours\TFE\experiments\phase_dataset_strengthening\processed\multiformat_balanced_20260910T094422Z\samples\windows_event.xml;;511;2025-08-23T14:04:49.649529+00:00;INFO;34;Oracle.xe;Oracle.xe;andy-aaron;8052;0;;;;;;;;;;;;;;;;;;;;;;;;;;;INFORMATIONAL;generic;"<string>LENGTH: '689' ACTION :[438] 'select /*+ no_parallel(t) no_parallel_index(t) dbms_stats cursor_sharing_exact use_weak_name_resl dynamic_sampling(0) no_monitoring xmlindex_sel_idx_tbl opt_param('optimizer_inmemory_aware' 'false') no_substrb_pad leading(r t) use_nl(t) rowid(t) */ substrb(dump(t.""VERSION"",16,0,64),1,240) d_4244441997, r.rwid, r.freq from ""SYS"".""WRI$_DBU_CPU_USAGE_SAMPLE"" t, table(:topntab) r where t.rowid = chartorowid(r.rwid) order by t.""VERSION""' DATABASE USER:[3] 'SYS' PRIVILEGE :[4] 'NONE' CLIENT USER:[0] '' CLIENT TERMINAL:[10] 'ANDY-AARON' STATUS:[1] '0' DBID:[10] '3074368596' SESSIONID:[6] '400276' USERHOST:[10] 'ANDY-AARON' CLIENT ADDRESS:[0] '' ACTION NUMBER:[1] '3' </string>"
windows_event;win_event;E:\Cours\TFE\experiments\phase_dataset_strengthening\processed\multiformat_balanced_20260910T094422Z\samples\windows_event.xml;;512;2025-08-23T14:04:49.767044+00:00;INFO;34;Oracle.xe;Oracle.xe;andy-aaron;8052;0;;;;;;;;;;;;;;;;;;;;;;;;;;;INFORMATIONAL;generic;"<string>LENGTH: '331' ACTION :[87] 'BEGIN ctxsys.drifeat.dr$feature_track(:feature_boolean, :aux_cnt, :feature_info); END;' DATABASE USER:[1] '/' PRIVILEGE :[4] 'NONE' CLIENT USER:[0] '' CLIENT TERMINAL:[10] 'ANDY-AARON' STATUS:[1] '0' DBID:[10] '1689037571' SESSIONID:[1] '0' USERHOST:[10] 'ANDY-AARON' CLIENT ADDRESS:[0] '' ACTION NUMBER:[2] '47' </string>"
windows_event;win_event;E:\Cours\TFE\experiments\phase_dataset_strengthening\processed\multiformat_balanced_20260910T094422Z\samples\windows_event.xml;;513;2025-08-23T14:04:49.768829+00:00;INFO;34;Oracle.xe;Oracle.xe;andy-aaron;8052;0;;;;;;;;;;;;;;;;;;;;;;;;;;;INFORMATIONAL;generic;"<string>LENGTH: '325' ACTION :[81] 'BEGIN DBMS_FEATURE_PLSQL_NATIVE(:feature_boolean, :aux_cnt, :feature_info); END;' DATABASE USER:[1] '/' PRIVILEGE :[4] 'NONE' CLIENT USER:[0] '' CLIENT TERMINAL:[10] 'ANDY-AARON' STATUS:[1] '0' DBID:[10] '1689037571' SESSIONID:[1] '0' USERHOST:[10] 'ANDY-AARON' CLIENT ADDRESS:[0] '' ACTION NUMBER:[2] '47' </string>"
windows_event;win_event;E:\Cours\TFE\experiments\phase_dataset_strengthening\processed\multiformat_balanced_20260910T094422Z\samples\windows_event.xml;;514;2025-08-23T14:04:49.802975+00:00;INFO;34;Oracle.xe;Oracle.xe;andy-aaron;8052;0;;;;;;;;;;;;;;;;;;;;;;;;;;;INFORMATIONAL;generic;"<string>LENGTH: '325' ACTION :[81] 'BEGIN DBMS_FEATURE_PLSQL_NATIVE(:feature_boolean, :aux_cnt, :feature_info); END;' DATABASE USER:[1] '/' PRIVILEGE :[4] 'NONE' CLIENT USER:[0] '' CLIENT TERMINAL:[10] 'ANDY-AARON' STATUS:[1] '0' DBID:[10] '1689037571' SESSIONID:[1] '0' USERHOST:[10] 'ANDY-AARON' CLIENT ADDRESS:[0] '' ACTION NUMBER:[2] '47' </string>"
windows_event;win_event;E:\Cours\TFE\experiments\phase_dataset_strengthening\processed\multiformat_balanced_20260910T094422Z\samples\windows_event.xml;;515;2025-08-23T14:04:49.805094+00:00;INFO;34;Oracle.xe;Oracle.xe;andy-aaron;8052;0;;;;;;;;;;;;;;;;;;;;;;;;;;;INFORMATIONAL;generic;"<string>LENGTH: '317' ACTION :[73] 'BEGIN DBMS_FEATURE_QOSM(:feature_boolean, :aux_cnt, :feature_info); END;' DATABASE USER:[1] '/' PRIVILEGE :[4] 'NONE' CLIENT USER:[0] '' CLIENT TERMINAL:[10] 'ANDY-AARON' STATUS:[1] '0' DBID:[10] '1689037571' SESSIONID:[1] '0' USERHOST:[10] 'ANDY-AARON' CLIENT ADDRESS:[0] '' ACTION NUMBER:[2] '47' </string>"
windows_event;win_event;E:\Cours\TFE\experiments\phase_dataset_strengthening\processed\multiformat_balanced_20260910T094422Z\samples\windows_event.xml;;516;2025-08-23T14:04:49.811199+00:00;INFO;34;Oracle.xe;Oracle.xe;andy-aaron;8052;0;;;;;;;;;;;;;;;;;;;;;;;;;;;INFORMATIONAL;generic;"<string>LENGTH: '687' ACTION :[436] 'select /*+ no_parallel(t) no_parallel_index(t) dbms_stats cursor_sharing_exact use_weak_name_resl dynamic_sampling(0) no_monitoring xmlindex_sel_idx_tbl opt_param('optimizer_inmemory_aware' 'false') no_substrb_pad leading(r t) use_nl(t) rowid(t) */ substrb(dump(t.""STATUS_FLAG"",16,0,64),1,240) d_3001590056, r.rwid, r.freq from ""SYS"".""WRM$_WR_CONTROL"" t, table(:topntab) r where t.rowid = chartorowid(r.rwid) order by t.""STATUS_FLAG""' DATABASE USER:[3] 'SYS' PRIVILEGE :[4] 'NONE' CLIENT USER:[0] '' CLIENT TERMINAL:[10] 'ANDY-AARON' STATUS:[1] '0' DBID:[10] '3074368596' SESSIONID:[6] '400276' USERHOST:[10] 'ANDY-AARON' CLIENT ADDRESS:[0] '' ACTION NUMBER:[1] '3' </string>"
windows_event;win_event;E:\Cours\TFE\experiments\phase_dataset_strengthening\processed\multiformat_balanced_20260910T094422Z\samples\windows_event.xml;;517;2025-08-23T14:04:49.813646+00:00;INFO;34;Oracle.xe;Oracle.xe;andy-aaron;8052;0;;;;;;;;;;;;;;;;;;;;;;;;;;;INFORMATIONAL;generic;"<string>LENGTH: '687' ACTION :[436] 'select /*+ no_parallel(t) no_parallel_index(t) dbms_stats cursor_sharing_exact use_weak_name_resl dynamic_sampling(0) no_monitoring xmlindex_sel_idx_tbl opt_param('optimizer_inmemory_aware' 'false') no_substrb_pad leading(r t) use_nl(t) rowid(t) */ substrb(dump(t.""STATUS_FLAG"",16,0,64),1,240) d_3001590056, r.rwid, r.freq from ""SYS"".""WRM$_WR_CONTROL"" t, table(:topntab) r where t.rowid = chartorowid(r.rwid) order by t.""STATUS_FLAG""' DATABASE USER:[3] 'SYS' PRIVILEGE :[4] 'NONE' CLIENT USER:[0] '' CLIENT TERMINAL:[10] 'ANDY-AARON' STATUS:[1] '0' DBID:[10] '3074368596' SESSIONID:[6] '400276' USERHOST:[10] 'ANDY-AARON' CLIENT ADDRESS:[0] '' ACTION NUMBER:[1] '3' </string>"
windows_event;win_event;E:\Cours\TFE\experiments\phase_dataset_strengthening\processed\multiformat_balanced_20260910T094422Z\samples\windows_event.xml;;518;2025-08-23T14:04:49.832706+00:00;INFO;34;Oracle.xe;Oracle.xe;andy-aaron;8052;0;;;;;;;;;;;;;;;;;;;;;;;;;;;INFORMATIONAL;generic;"<string>LENGTH: '320' ACTION :[73] 'BEGIN DBMS_FEATURE_QOSM(:feature_boolean, :aux_cnt, :feature_info); END;' DATABASE USER:[1] '/' PRIVILEGE :[4] 'NONE' CLIENT USER:[0] '' CLIENT TERMINAL:[10] 'ANDY-AARON' STATUS:[4] '1403' DBID:[10] '1689037571' SESSIONID:[1] '0' USERHOST:[10] 'ANDY-AARON' CLIENT ADDRESS:[0] '' ACTION NUMBER:[2] '47' </string>"
windows_event;win_event;E:\Cours\TFE\experiments\phase_dataset_strengthening\processed\multiformat_balanced_20260910T094422Z\samples\windows_event.xml;;519;2025-08-23T14:04:49.838528+00:00;INFO;34;Oracle.xe;Oracle.xe;andy-aaron;8052;0;;;;;;;;;;;;;;;;;;;;;;;;;;;INFORMATIONAL;generic;"<string>LENGTH: '317' ACTION :[73] 'BEGIN DBMS_FEATURE_ROND(:feature_boolean, :aux_cnt, :feature_info); END;' DATABASE USER:[1] '/' PRIVILEGE :[4] 'NONE' CLIENT USER:[0] '' CLIENT TERMINAL:[10] 'ANDY-AARON' STATUS:[1] '0' DBID:[10] '1689037571' SESSIONID:[1] '0' USERHOST:[10] 'ANDY-AARON' CLIENT ADDRESS:[0] '' ACTION NUMBER:[2] '47' </string>"
windows_event;win_event;E:\Cours\TFE\experiments\phase_dataset_strengthening\processed\multiformat_balanced_20260910T094422Z\samples\windows_event.xml;;520;2025-08-23T14:04:49.854006+00:00;INFO;34;Oracle.xe;Oracle.xe;andy-aaron;8052;0;;;;;;;;;;;;;;;;;;;;;;;;;;;INFORMATIONAL;generic;"<string>LENGTH: '317' ACTION :[73] 'BEGIN DBMS_FEATURE_ROND(:feature_boolean, :aux_cnt, :feature_info); END;' DATABASE USER:[1] '/' PRIVILEGE :[4] 'NONE' CLIENT USER:[0] '' CLIENT TERMINAL:[10] 'ANDY-AARON' STATUS:[1] '0' DBID:[10] '1689037571' SESSIONID:[1] '0' USERHOST:[10] 'ANDY-AARON' CLIENT ADDRESS:[0] '' ACTION NUMBER:[2] '47' </string>"
windows_event;win_event;E:\Cours\TFE\experiments\phase_dataset_strengthening\processed\multiformat_balanced_20260910T094422Z\samples\windows_event.xml;;521;2025-08-23T14:04:49.856186+00:00;INFO;34;Oracle.xe;Oracle.xe;andy-aaron;8052;0;;;;;;;;;;;;;;;;;;;;;;;;;;;INFORMATIONAL;generic;"<string>LENGTH: '316' ACTION :[72] 'BEGIN DBMS_FEATURE_RAC(:feature_boolean, :aux_cnt, :feature_info); END;' DATABASE USER:[1] '/' PRIVILEGE :[4] 'NONE' CLIENT USER:[0] '' CLIENT TERMINAL:[10] 'ANDY-AARON' STATUS:[1] '0' DBID:[10] '1689037571' SESSIONID:[1] '0' USERHOST:[10] 'ANDY-AARON' CLIENT ADDRESS:[0] '' ACTION NUMBER:[2] '47' </string>"
windows_event;win_event;E:\Cours\TFE\experiments\phase_dataset_strengthening\processed\multiformat_balanced_20260910T094422Z\samples\windows_event.xml;;522;2025-08-23T14:04:49.887011+00:00;INFO;34;Oracle.xe;Oracle.xe;andy-aaron;8052;0;;;;;;;;;;;;;;;;;;;;;;;;;;;INFORMATIONAL;generic;"<string>LENGTH: '316' ACTION :[72] 'BEGIN DBMS_FEATURE_RAC(:feature_boolean, :aux_cnt, :feature_info); END;' DATABASE USER:[1] '/' PRIVILEGE :[4] 'NONE' CLIENT USER:[0] '' CLIENT TERMINAL:[10] 'ANDY-AARON' STATUS:[1] '0' DBID:[10] '1689037571' SESSIONID:[1] '0' USERHOST:[10] 'ANDY-AARON' CLIENT ADDRESS:[0] '' ACTION NUMBER:[2] '47' </string>"
windows_event;win_event;E:\Cours\TFE\experiments\phase_dataset_strengthening\processed\multiformat_balanced_20260910T094422Z\samples\windows_event.xml;;523;2025-08-23T14:04:49.905424+00:00;INFO;34;Oracle.xe;Oracle.xe;andy-aaron;8052;0;;;;;;;;;;;;;;;;;;;;;;;;;;;INFORMATIONAL;generic;<string>LENGTH: '450' ACTION :[206] 'select p, s, NULL from (select count(*) p from v$parameter where name = 'db_recovery_file_dest' and value is not null), (select to_number(value) s from v$parameter where name = 'db_recovery_file_dest_size')' DATABASE USER:[1] '/' PRIVILEGE :[4] 'NONE' CLIENT USER:[0] '' CLIENT TERMINAL:[10] 'ANDY-AARON' STATUS:[1] '0' DBID:[10] '1689037571' SESSIONID:[1] '0' USERHOST:[10] 'ANDY-AARON' CLIENT ADDRESS:[0] '' ACTION NUMBER:[1] '3' </string>
windows_event;win_event;E:\Cours\TFE\experiments\phase_dataset_strengthening\processed\multiformat_balanced_20260910T094422Z\samples\windows_event.xml;;524;2025-08-23T14:04:49.906050+00:00;INFO;34;Oracle.xe;Oracle.xe;andy-aaron;8052;0;;;;;;;;;;;;;;;;;;;;;;;;;;;INFORMATIONAL;generic;<string>LENGTH: '450' ACTION :[206] 'select p, s, NULL from (select count(*) p from v$parameter where name = 'db_recovery_file_dest' and value is not null), (select to_number(value) s from v$parameter where name = 'db_recovery_file_dest_size')' DATABASE USER:[1] '/' PRIVILEGE :[4] 'NONE' CLIENT USER:[0] '' CLIENT TERMINAL:[10] 'ANDY-AARON' STATUS:[1] '0' DBID:[10] '1689037571' SESSIONID:[1] '0' USERHOST:[10] 'ANDY-AARON' CLIENT ADDRESS:[0] '' ACTION NUMBER:[1] '3' </string>
windows_event;win_event;E:\Cours\TFE\experiments\phase_dataset_strengthening\processed\multiformat_balanced_20260910T094422Z\samples\windows_event.xml;;525;2025-08-23T14:04:49.929819+00:00;INFO;34;Oracle.xe;Oracle.xe;andy-aaron;8052;0;;;;;;;;;;;;;;;;;;;;;;;;;;;INFORMATIONAL;generic;"<string>LENGTH: '329' ACTION :[85] 'BEGIN DBMS_FEATURE_RMAN_DISK_BACKUP(:feature_boolean, :aux_cnt, :feature_info); END;' DATABASE USER:[1] '/' PRIVILEGE :[4] 'NONE' CLIENT USER:[0] '' CLIENT TERMINAL:[10] 'ANDY-AARON' STATUS:[1] '0' DBID:[10] '1689037571' SESSIONID:[1] '0' USERHOST:[10] 'ANDY-AARON' CLIENT ADDRESS:[0] '' ACTION NUMBER:[2] '47' </string>"
windows_event;win_event;E:\Cours\TFE\experiments\phase_dataset_strengthening\processed\multiformat_balanced_20260910T094422Z\samples\windows_event.xml;;526;2025-08-23T14:04:49.941599+00:00;INFO;34;Oracle.xe;Oracle.xe;andy-aaron;8052;0;;;;;;;;;;;;;;;;;;;;;;;;;;;INFORMATIONAL;generic;"<string>LENGTH: '329' ACTION :[85] 'BEGIN DBMS_FEATURE_RMAN_DISK_BACKUP(:feature_boolean, :aux_cnt, :feature_info); END;' DATABASE USER:[1] '/' PRIVILEGE :[4] 'NONE' CLIENT USER:[0] '' CLIENT TERMINAL:[10] 'ANDY-AARON' STATUS:[1] '0' DBID:[10] '1689037571' SESSIONID:[1] '0' USERHOST:[10] 'ANDY-AARON' CLIENT ADDRESS:[0] '' ACTION NUMBER:[2] '47' </string>"
windows_event;win_event;E:\Cours\TFE\experiments\phase_dataset_strengthening\processed\multiformat_balanced_20260910T094422Z\samples\windows_event.xml;;527;2025-08-23T14:04:49.943316+00:00;INFO;34;Oracle.xe;Oracle.xe;andy-aaron;8052;0;;;;;;;;;;;;;;;;;;;;;;;;;;;INFORMATIONAL;generic;"<string>LENGTH: '329' ACTION :[85] 'BEGIN DBMS_FEATURE_RMAN_TAPE_BACKUP(:feature_boolean, :aux_cnt, :feature_info); END;' DATABASE USER:[1] '/' PRIVILEGE :[4] 'NONE' CLIENT USER:[0] '' CLIENT TERMINAL:[10] 'ANDY-AARON' STATUS:[1] '0' DBID:[10] '1689037571' SESSIONID:[1] '0' USERHOST:[10] 'ANDY-AARON' CLIENT ADDRESS:[0] '' ACTION NUMBER:[2] '47' </string>"
windows_event;win_event;E:\Cours\TFE\experiments\phase_dataset_strengthening\processed\multiformat_balanced_20260910T094422Z\samples\windows_event.xml;;528;2025-08-23T14:04:49.951506+00:00;INFO;34;Oracle.xe;Oracle.xe;andy-aaron;8052;0;;;;;;;;;;;;;;;;;;;;;;;;;;;INFORMATIONAL;generic;"<string>LENGTH: '329' ACTION :[85] 'BEGIN DBMS_FEATURE_RMAN_TAPE_BACKUP(:feature_boolean, :aux_cnt, :feature_info); END;' DATABASE USER:[1] '/' PRIVILEGE :[4] 'NONE' CLIENT USER:[0] '' CLIENT TERMINAL:[10] 'ANDY-AARON' STATUS:[1] '0' DBID:[10] '1689037571' SESSIONID:[1] '0' USERHOST:[10] 'ANDY-AARON' CLIENT ADDRESS:[0] '' ACTION NUMBER:[2] '47' </string>"
windows_event;win_event;E:\Cours\TFE\experiments\phase_dataset_strengthening\processed\multiformat_balanced_20260910T094422Z\samples\windows_event.xml;;529;2025-08-23T14:04:49.953951+00:00;INFO;34;Oracle.xe;Oracle.xe;andy-aaron;8052;0;;;;;;;;;;;;;;;;;;;;;;;;;;;INFORMATIONAL;generic;"<string>LENGTH: '322' ACTION :[78] 'BEGIN DBMS_FEATURE_RMAN_ZLIB(:feature_boolean, :aux_cnt, :feature_info); END;' DATABASE USER:[1] '/' PRIVILEGE :[4] 'NONE' CLIENT USER:[0] '' CLIENT TERMINAL:[10] 'ANDY-AARON' STATUS:[1] '0' DBID:[10] '1689037571' SESSIONID:[1] '0' USERHOST:[10] 'ANDY-AARON' CLIENT ADDRESS:[0] '' ACTION NUMBER:[2] '47' </string>"
windows_event;win_event;E:\Cours\TFE\experiments\phase_dataset_strengthening\processed\multiformat_balanced_20260910T094422Z\samples\windows_event.xml;;530;2025-08-23T14:04:49.957504+00:00;INFO;34;Oracle.xe;Oracle.xe;andy-aaron;8052;0;;;;;;;;;;;;;;;;;;;;;;;;;;;INFORMATIONAL;generic;"<string>LENGTH: '689' ACTION :[438] 'select /*+ no_parallel(t) no_parallel_index(t) dbms_stats cursor_sharing_exact use_weak_name_resl dynamic_sampling(0) no_monitoring xmlindex_sel_idx_tbl opt_param('optimizer_inmemory_aware' 'false') no_substrb_pad leading(r t) use_nl(t) rowid(t) */ substrb(dump(t.""DROP_SEGMENTS"",16,0,64),1,240) d_2503730669, r.rwid, r.freq from ""SYS"".""MON_MODS_ALL$"" t, table(:topntab) r where t.rowid = chartorowid(r.rwid) order by t.""DROP_SEGMENTS""' DATABASE USER:[3] 'SYS' PRIVILEGE :[4] 'NONE' CLIENT USER:[0] '' CLIENT TERMINAL:[10] 'ANDY-AARON' STATUS:[1] '0' DBID:[10] '3074368596' SESSIONID:[6] '400276' USERHOST:[10] 'ANDY-AARON' CLIENT ADDRESS:[0] '' ACTION NUMBER:[1] '3' </string>"
windows_event;win_event;E:\Cours\TFE\experiments\phase_dataset_strengthening\processed\multiformat_balanced_20260910T094422Z\samples\windows_event.xml;;531;2025-08-23T14:04:49.960859+00:00;INFO;34;Oracle.xe;Oracle.xe;andy-aaron;8052;0;;;;;;;;;;;;;;;;;;;;;;;;;;;INFORMATIONAL;generic;"<string>LENGTH: '689' ACTION :[438] 'select /*+ no_parallel(t) no_parallel_index(t) dbms_stats cursor_sharing_exact use_weak_name_resl dynamic_sampling(0) no_monitoring xmlindex_sel_idx_tbl opt_param('optimizer_inmemory_aware' 'false') no_substrb_pad leading(r t) use_nl(t) rowid(t) */ substrb(dump(t.""DROP_SEGMENTS"",16,0,64),1,240) d_2503730669, r.rwid, r.freq from ""SYS"".""MON_MODS_ALL$"" t, table(:topntab) r where t.rowid = chartorowid(r.rwid) order by t.""DROP_SEGMENTS""' DATABASE USER:[3] 'SYS' PRIVILEGE :[4] 'NONE' CLIENT USER:[0] '' CLIENT TERMINAL:[10] 'ANDY-AARON' STATUS:[1] '0' DBID:[10] '3074368596' SESSIONID:[6] '400276' USERHOST:[10] 'ANDY-AARON' CLIENT ADDRESS:[0] '' ACTION NUMBER:[1] '3' </string>"
windows_event;win_event;E:\Cours\TFE\experiments\phase_dataset_strengthening\processed\multiformat_balanced_20260910T094422Z\samples\windows_event.xml;;532;2025-08-23T14:04:49.963514+00:00;INFO;34;Oracle.xe;Oracle.xe;andy-aaron;8052;0;;;;;;;;;;;;;;;;;;;;;;;;;;;INFORMATIONAL;generic;"<string>LENGTH: '673' ACTION :[422] 'select /*+ no_parallel(t) no_parallel_index(t) dbms_stats cursor_sharing_exact use_weak_name_resl dynamic_sampling(0) no_monitoring xmlindex_sel_idx_tbl opt_param('optimizer_inmemory_aware' 'false') no_substrb_pad leading(r t) use_nl(t) rowid(t) */ substrb(dump(t.""FLAGS"",16,0,64),1,240) d_2385161744, r.rwid, r.freq from ""SYS"".""MON_MODS_ALL$"" t, table(:topntab) r where t.rowid = chartorowid(r.rwid) order by t.""FLAGS""' DATABASE USER:[3] 'SYS' PRIVILEGE :[4] 'NONE' CLIENT USER:[0] '' CLIENT TERMINAL:[10] 'ANDY-AARON' STATUS:[1] '0' DBID:[10] '3074368596' SESSIONID:[6] '400276' USERHOST:[10] 'ANDY-AARON' CLIENT ADDRESS:[0] '' ACTION NUMBER:[1] '3' </string>"
windows_event;win_event;E:\Cours\TFE\experiments\phase_dataset_strengthening\processed\multiformat_balanced_20260910T094422Z\samples\windows_event.xml;;533;2025-08-23T14:04:49.965179+00:00;INFO;34;Oracle.xe;Oracle.xe;andy-aaron;8052;0;;;;;;;;;;;;;;;;;;;;;;;;;;;INFORMATIONAL;generic;"<string>LENGTH: '673' ACTION :[422] 'select /*+ no_parallel(t) no_parallel_index(t) dbms_stats cursor_sharing_exact use_weak_name_resl dynamic_sampling(0) no_monitoring xmlindex_sel_idx_tbl opt_param('optimizer_inmemory_aware' 'false') no_substrb_pad leading(r t) use_nl(t) rowid(t) */ substrb(dump(t.""FLAGS"",16,0,64),1,240) d_2385161744, r.rwid, r.freq from ""SYS"".""MON_MODS_ALL$"" t, table(:topntab) r where t.rowid = chartorowid(r.rwid) order by t.""FLAGS""' DATABASE USER:[3] 'SYS' PRIVILEGE :[4] 'NONE' CLIENT USER:[0] '' CLIENT TERMINAL:[10] 'ANDY-AARON' STATUS:[1] '0' DBID:[10] '3074368596' SESSIONID:[6] '400276' USERHOST:[10] 'ANDY-AARON' CLIENT ADDRESS:[0] '' ACTION NUMBER:[1] '3' </string>"
windows_event;win_event;E:\Cours\TFE\experiments\phase_dataset_strengthening\processed\multiformat_balanced_20260910T094422Z\samples\windows_event.xml;;534;2025-08-23T14:04:49.965796+00:00;INFO;34;Oracle.xe;Oracle.xe;andy-aaron;8052;0;;;;;;;;;;;;;;;;;;;;;;;;;;;INFORMATIONAL;generic;"<string>LENGTH: '322' ACTION :[78] 'BEGIN DBMS_FEATURE_RMAN_ZLIB(:feature_boolean, :aux_cnt, :feature_info); END;' DATABASE USER:[1] '/' PRIVILEGE :[4] 'NONE' CLIENT USER:[0] '' CLIENT TERMINAL:[10] 'ANDY-AARON' STATUS:[1] '0' DBID:[10] '1689037571' SESSIONID:[1] '0' USERHOST:[10] 'ANDY-AARON' CLIENT ADDRESS:[0] '' ACTION NUMBER:[2] '47' </string>"
windows_event;win_event;E:\Cours\TFE\experiments\phase_dataset_strengthening\processed\multiformat_balanced_20260910T094422Z\samples\windows_event.xml;;535;2025-08-23T14:04:49.967850+00:00;INFO;34;Oracle.xe;Oracle.xe;andy-aaron;8052;0;;;;;;;;;;;;;;;;;;;;;;;;;;;INFORMATIONAL;generic;"<string>LENGTH: '323' ACTION :[79] 'BEGIN DBMS_FEATURE_RMAN_BZIP2(:feature_boolean, :aux_cnt, :feature_info); END;' DATABASE USER:[1] '/' PRIVILEGE :[4] 'NONE' CLIENT USER:[0] '' CLIENT TERMINAL:[10] 'ANDY-AARON' STATUS:[1] '0' DBID:[10] '1689037571' SESSIONID:[1] '0' USERHOST:[10] 'ANDY-AARON' CLIENT ADDRESS:[0] '' ACTION NUMBER:[2] '47' </string>"
windows_event;win_event;E:\Cours\TFE\experiments\phase_dataset_strengthening\processed\multiformat_balanced_20260910T094422Z\samples\windows_event.xml;;536;2025-08-23T14:04:49.975788+00:00;INFO;34;Oracle.xe;Oracle.xe;andy-aaron;8052;0;;;;;;;;;;;;;;;;;;;;;;;;;;;INFORMATIONAL;generic;"<string>LENGTH: '323' ACTION :[79] 'BEGIN DBMS_FEATURE_RMAN_BZIP2(:feature_boolean, :aux_cnt, :feature_info); END;' DATABASE USER:[1] '/' PRIVILEGE :[4] 'NONE' CLIENT USER:[0] '' CLIENT TERMINAL:[10] 'ANDY-AARON' STATUS:[1] '0' DBID:[10] '1689037571' SESSIONID:[1] '0' USERHOST:[10] 'ANDY-AARON' CLIENT ADDRESS:[0] '' ACTION NUMBER:[2] '47' </string>"
windows_event;win_event;E:\Cours\TFE\experiments\phase_dataset_strengthening\processed\multiformat_balanced_20260910T094422Z\samples\windows_event.xml;;537;2025-08-23T14:04:49.977854+00:00;INFO;34;Oracle.xe;Oracle.xe;andy-aaron;8052;0;;;;;;;;;;;;;;;;;;;;;;;;;;;INFORMATIONAL;generic;"<string>LENGTH: '323' ACTION :[79] 'BEGIN DBMS_FEATURE_RMAN_BASIC(:feature_boolean, :aux_cnt, :feature_info); END;' DATABASE USER:[1] '/' PRIVILEGE :[4] 'NONE' CLIENT USER:[0] '' CLIENT TERMINAL:[10] 'ANDY-AARON' STATUS:[1] '0' DBID:[10] '1689037571' SESSIONID:[1] '0' USERHOST:[10] 'ANDY-AARON' CLIENT ADDRESS:[0] '' ACTION NUMBER:[2] '47' </string>"
windows_event;win_event;E:\Cours\TFE\experiments\phase_dataset_strengthening\processed\multiformat_balanced_20260910T094422Z\samples\windows_event.xml;;538;2025-08-23T14:04:49.986425+00:00;INFO;34;Oracle.xe;Oracle.xe;andy-aaron;8052;0;;;;;;;;;;;;;;;;;;;;;;;;;;;INFORMATIONAL;generic;"<string>LENGTH: '323' ACTION :[79] 'BEGIN DBMS_FEATURE_RMAN_BASIC(:feature_boolean, :aux_cnt, :feature_info); END;' DATABASE USER:[1] '/' PRIVILEGE :[4] 'NONE' CLIENT USER:[0] '' CLIENT TERMINAL:[10] 'ANDY-AARON' STATUS:[1] '0' DBID:[10] '1689037571' SESSIONID:[1] '0' USERHOST:[10] 'ANDY-AARON' CLIENT ADDRESS:[0] '' ACTION NUMBER:[2] '47' </string>"
windows_event;win_event;E:\Cours\TFE\experiments\phase_dataset_strengthening\processed\multiformat_balanced_20260910T094422Z\samples\windows_event.xml;;539;2025-08-23T14:04:49.988531+00:00;INFO;34;Oracle.xe;Oracle.xe;andy-aaron;8052;0;;;;;;;;;;;;;;;;;;;;;;;;;;;INFORMATIONAL;generic;"<string>LENGTH: '321' ACTION :[77] 'BEGIN DBMS_FEATURE_RMAN_LOW(:feature_boolean, :aux_cnt, :feature_info); END;' DATABASE USER:[1] '/' PRIVILEGE :[4] 'NONE' CLIENT USER:[0] '' CLIENT TERMINAL:[10] 'ANDY-AARON' STATUS:[1] '0' DBID:[10] '1689037571' SESSIONID:[1] '0' USERHOST:[10] 'ANDY-AARON' CLIENT ADDRESS:[0] '' ACTION NUMBER:[2] '47' </string>"
windows_event;win_event;E:\Cours\TFE\experiments\phase_dataset_strengthening\processed\multiformat_balanced_20260910T094422Z\samples\windows_event.xml;;540;2025-08-23T14:04:49.996115+00:00;INFO;34;Oracle.xe;Oracle.xe;andy-aaron;8052;0;;;;;;;;;;;;;;;;;;;;;;;;;;;INFORMATIONAL;generic;"<string>LENGTH: '321' ACTION :[77] 'BEGIN DBMS_FEATURE_RMAN_LOW(:feature_boolean, :aux_cnt, :feature_info); END;' DATABASE USER:[1] '/' PRIVILEGE :[4] 'NONE' CLIENT USER:[0] '' CLIENT TERMINAL:[10] 'ANDY-AARON' STATUS:[1] '0' DBID:[10] '1689037571' SESSIONID:[1] '0' USERHOST:[10] 'ANDY-AARON' CLIENT ADDRESS:[0] '' ACTION NUMBER:[2] '47' </string>"
windows_event;win_event;E:\Cours\TFE\experiments\phase_dataset_strengthening\processed\multiformat_balanced_20260910T094422Z\samples\windows_event.xml;;541;2025-08-23T14:04:49.997547+00:00;INFO;34;Oracle.xe;Oracle.xe;andy-aaron;8052;0;;;;;;;;;;;;;;;;;;;;;;;;;;;INFORMATIONAL;generic;"<string>LENGTH: '322' ACTION :[78] 'BEGIN DBMS_FEATURE_RMAN_HIGH(:feature_boolean, :aux_cnt, :feature_info); END;' DATABASE USER:[1] '/' PRIVILEGE :[4] 'NONE' CLIENT USER:[0] '' CLIENT TERMINAL:[10] 'ANDY-AARON' STATUS:[1] '0' DBID:[10] '1689037571' SESSIONID:[1] '0' USERHOST:[10] 'ANDY-AARON' CLIENT ADDRESS:[0] '' ACTION NUMBER:[2] '47' </string>"
windows_event;win_event;E:\Cours\TFE\experiments\phase_dataset_strengthening\processed\multiformat_balanced_20260910T094422Z\samples\windows_event.xml;;542;2025-08-23T14:04:50.003773+00:00;INFO;34;Oracle.xe;Oracle.xe;andy-aaron;8052;0;;;;;;;;;;;;;;;;;;;;;;;;;;;INFORMATIONAL;generic;"<string>LENGTH: '322' ACTION :[78] 'BEGIN DBMS_FEATURE_RMAN_HIGH(:feature_boolean, :aux_cnt, :feature_info); END;' DATABASE USER:[1] '/' PRIVILEGE :[4] 'NONE' CLIENT USER:[0] '' CLIENT TERMINAL:[10] 'ANDY-AARON' STATUS:[1] '0' DBID:[10] '1689037571' SESSIONID:[1] '0' USERHOST:[10] 'ANDY-AARON' CLIENT ADDRESS:[0] '' ACTION NUMBER:[2] '47' </string>"
windows_event;win_event;E:\Cours\TFE\experiments\phase_dataset_strengthening\processed\multiformat_balanced_20260910T094422Z\samples\windows_event.xml;;543;2025-08-23T14:04:50.020178+00:00;INFO;34;Oracle.xe;Oracle.xe;andy-aaron;8052;0;;;;;;;;;;;;;;;;;;;;;;;;;;;INFORMATIONAL;generic;<string>LENGTH: '316' ACTION :[73] 'select count(*), NULL, NULL from v$backup_set where multi_section = 'YES'' DATABASE USER:[1] '/' PRIVILEGE :[4] 'NONE' CLIENT USER:[0] '' CLIENT TERMINAL:[10] 'ANDY-AARON' STATUS:[1] '0' DBID:[10] '1689037571' SESSIONID:[1] '0' USERHOST:[10] 'ANDY-AARON' CLIENT ADDRESS:[0] '' ACTION NUMBER:[1] '3' </string>
windows_event;win_event;E:\Cours\TFE\experiments\phase_dataset_strengthening\processed\multiformat_balanced_20260910T094422Z\samples\windows_event.xml;;544;2025-08-23T14:04:50.020693+00:00;INFO;34;Oracle.xe;Oracle.xe;andy-aaron;8052;0;;;;;;;;;;;;;;;;;;;;;;;;;;;INFORMATIONAL;generic;<string>LENGTH: '316' ACTION :[73] 'select count(*), NULL, NULL from v$backup_set where multi_section = 'YES'' DATABASE USER:[1] '/' PRIVILEGE :[4] 'NONE' CLIENT USER:[0] '' CLIENT TERMINAL:[10] 'ANDY-AARON' STATUS:[1] '0' DBID:[10] '1689037571' SESSIONID:[1] '0' USERHOST:[10] 'ANDY-AARON' CLIENT ADDRESS:[0] '' ACTION NUMBER:[1] '3' </string>
windows_event;win_event;E:\Cours\TFE\experiments\phase_dataset_strengthening\processed\multiformat_balanced_20260910T094422Z\samples\windows_event.xml;;545;2025-08-23T14:04:50.075972+00:00;INFO;34;Oracle.xe;Oracle.xe;andy-aaron;8052;0;;;;;;;;;;;;;;;;;;;;;;;;;;;INFORMATIONAL;generic;<string>LENGTH: '354' ACTION :[110] 'select p, NULL, NULL from (select count(*) p from v$rman_status where operation like 'BLOCK MEDIA RECOVERY%')' DATABASE USER:[1] '/' PRIVILEGE :[4] 'NONE' CLIENT USER:[0] '' CLIENT TERMINAL:[10] 'ANDY-AARON' STATUS:[1] '0' DBID:[10] '1689037571' SESSIONID:[1] '0' USERHOST:[10] 'ANDY-AARON' CLIENT ADDRESS:[0] '' ACTION NUMBER:[1] '3' </string>
windows_event;win_event;E:\Cours\TFE\experiments\phase_dataset_strengthening\processed\multiformat_balanced_20260910T094422Z\samples\windows_event.xml;;546;2025-08-23T14:04:50.076668+00:00;INFO;34;Oracle.xe;Oracle.xe;andy-aaron;8052;0;;;;;;;;;;;;;;;;;;;;;;;;;;;INFORMATIONAL;generic;<string>LENGTH: '354' ACTION :[110] 'select p, NULL, NULL from (select count(*) p from v$rman_status where operation like 'BLOCK MEDIA RECOVERY%')' DATABASE USER:[1] '/' PRIVILEGE :[4] 'NONE' CLIENT USER:[0] '' CLIENT TERMINAL:[10] 'ANDY-AARON' STATUS:[1] '0' DBID:[10] '1689037571' SESSIONID:[1] '0' USERHOST:[10] 'ANDY-AARON' CLIENT ADDRESS:[0] '' ACTION NUMBER:[1] '3' </string>
windows_event;win_event;E:\Cours\TFE\experiments\phase_dataset_strengthening\processed\multiformat_balanced_20260910T094422Z\samples\windows_event.xml;;547;2025-08-23T14:04:50.102795+00:00;INFO;34;Oracle.xe;Oracle.xe;andy-aaron;8052;0;;;;;;;;;;;;;;;;;;;;;;;;;;;INFORMATIONAL;generic;"<string>LENGTH: '700' ACTION :[449] 'select /*+ no_parallel(t) no_parallel_index(t) dbms_stats cursor_sharing_exact use_weak_name_resl dynamic_sampling(0) no_monitoring xmlindex_sel_idx_tbl opt_param('optimizer_inmemory_aware' 'false') no_substrb_pad leading(r t) use_nl(t) rowid(t) */ substrb(dump(substrb(t.""NAME"",1,64),16,0,64),1,240) d_2614638557, r.rwid, r.freq from ""SYS"".""WRI$_ADV_TASKS"" t, table(:topntab) r where t.rowid = chartorowid(r.rwid) order by substrb(t.""NAME"",1,64)' DATABASE USER:[3] 'SYS' PRIVILEGE :[4] 'NONE' CLIENT USER:[0] '' CLIENT TERMINAL:[10] 'ANDY-AARON' STATUS:[1] '0' DBID:[10] '3074368596' SESSIONID:[6] '400276' USERHOST:[10] 'ANDY-AARON' CLIENT ADDRESS:[0] '' ACTION NUMBER:[1] '3' </string>"
windows_event;win_event;E:\Cours\TFE\experiments\phase_dataset_strengthening\processed\multiformat_balanced_20260910T094422Z\samples\windows_event.xml;;548;2025-08-23T14:04:50.104836+00:00;INFO;34;Oracle.xe;Oracle.xe;andy-aaron;8052;0;;;;;;;;;;;;;;;;;;;;;;;;;;;INFORMATIONAL;generic;"<string>LENGTH: '700' ACTION :[449] 'select /*+ no_parallel(t) no_parallel_index(t) dbms_stats cursor_sharing_exact use_weak_name_resl dynamic_sampling(0) no_monitoring xmlindex_sel_idx_tbl opt_param('optimizer_inmemory_aware' 'false') no_substrb_pad leading(r t) use_nl(t) rowid(t) */ substrb(dump(substrb(t.""NAME"",1,64),16,0,64),1,240) d_2614638557, r.rwid, r.freq from ""SYS"".""WRI$_ADV_TASKS"" t, table(:topntab) r where t.rowid = chartorowid(r.rwid) order by substrb(t.""NAME"",1,64)' DATABASE USER:[3] 'SYS' PRIVILEGE :[4] 'NONE' CLIENT USER:[0] '' CLIENT TERMINAL:[10] 'ANDY-AARON' STATUS:[1] '0' DBID:[10] '3074368596' SESSIONID:[6] '400276' USERHOST:[10] 'ANDY-AARON' CLIENT ADDRESS:[0] '' ACTION NUMBER:[1] '3' </string>"
windows_event;win_event;E:\Cours\TFE\experiments\phase_dataset_strengthening\processed\multiformat_balanced_20260910T094422Z\samples\windows_event.xml;;549;2025-08-23T14:04:50.108587+00:00;INFO;34;Oracle.xe;Oracle.xe;andy-aaron;8052;0;;;;;;;;;;;;;;;;;;;;;;;;;;;INFORMATIONAL;generic;"<string>LENGTH: '684' ACTION :[433] 'select /*+ no_parallel(t) no_parallel_index(t) dbms_stats cursor_sharing_exact use_weak_name_resl dynamic_sampling(0) no_monitoring xmlindex_sel_idx_tbl opt_param('optimizer_inmemory_aware' 'false') no_substrb_pad leading(r t) use_nl(t) rowid(t) */ substrb(dump(t.""ADVISOR_ID"",16,0,64),1,240) d_2026044459, r.rwid, r.freq from ""SYS"".""WRI$_ADV_TASKS"" t, table(:topntab) r where t.rowid = chartorowid(r.rwid) order by t.""ADVISOR_ID""' DATABASE USER:[3] 'SYS' PRIVILEGE :[4] 'NONE' CLIENT USER:[0] '' CLIENT TERMINAL:[10] 'ANDY-AARON' STATUS:[1] '0' DBID:[10] '3074368596' SESSIONID:[6] '400276' USERHOST:[10] 'ANDY-AARON' CLIENT ADDRESS:[0] '' ACTION NUMBER:[1] '3' </string>"
windows_event;win_event;E:\Cours\TFE\experiments\phase_dataset_strengthening\processed\multiformat_balanced_20260910T094422Z\samples\windows_event.xml;;550;2025-08-23T14:04:50.110889+00:00;INFO;34;Oracle.xe;Oracle.xe;andy-aaron;8052;0;;;;;;;;;;;;;;;;;;;;;;;;;;;INFORMATIONAL;generic;"<string>LENGTH: '684' ACTION :[433] 'select /*+ no_parallel(t) no_parallel_index(t) dbms_stats cursor_sharing_exact use_weak_name_resl dynamic_sampling(0) no_monitoring xmlindex_sel_idx_tbl opt_param('optimizer_inmemory_aware' 'false') no_substrb_pad leading(r t) use_nl(t) rowid(t) */ substrb(dump(t.""ADVISOR_ID"",16,0,64),1,240) d_2026044459, r.rwid, r.freq from ""SYS"".""WRI$_ADV_TASKS"" t, table(:topntab) r where t.rowid = chartorowid(r.rwid) order by t.""ADVISOR_ID""' DATABASE USER:[3] 'SYS' PRIVILEGE :[4] 'NONE' CLIENT USER:[0] '' CLIENT TERMINAL:[10] 'ANDY-AARON' STATUS:[1] '0' DBID:[10] '3074368596' SESSIONID:[6] '400276' USERHOST:[10] 'ANDY-AARON' CLIENT ADDRESS:[0] '' ACTION NUMBER:[1] '3' </string>"
windows_event;win_event;E:\Cours\TFE\experiments\phase_dataset_strengthening\processed\multiformat_balanced_20260910T094422Z\samples\windows_event.xml;;551;2025-08-23T14:04:50.111700+00:00;INFO;34;Oracle.xe;Oracle.xe;andy-aaron;8052;0;;;;;;;;;;;;;;;;;;;;;;;;;;;INFORMATIONAL;generic;<string>LENGTH: '309' ACTION :[66] 'select p, NULL, NULL from (select count(*) p from v$restore_point)' DATABASE USER:[1] '/' PRIVILEGE :[4] 'NONE' CLIENT USER:[0] '' CLIENT TERMINAL:[10] 'ANDY-AARON' STATUS:[1] '0' DBID:[10] '1689037571' SESSIONID:[1] '0' USERHOST:[10] 'ANDY-AARON' CLIENT ADDRESS:[0] '' ACTION NUMBER:[1] '3' </string>
windows_event;win_event;E:\Cours\TFE\experiments\phase_dataset_strengthening\processed\multiformat_balanced_20260910T094422Z\samples\windows_event.xml;;552;2025-08-23T14:04:50.112213+00:00;INFO;34;Oracle.xe;Oracle.xe;andy-aaron;8052;0;;;;;;;;;;;;;;;;;;;;;;;;;;;INFORMATIONAL;generic;<string>LENGTH: '309' ACTION :[66] 'select p, NULL, NULL from (select count(*) p from v$restore_point)' DATABASE USER:[1] '/' PRIVILEGE :[4] 'NONE' CLIENT USER:[0] '' CLIENT TERMINAL:[10] 'ANDY-AARON' STATUS:[1] '0' DBID:[10] '1689037571' SESSIONID:[1] '0' USERHOST:[10] 'ANDY-AARON' CLIENT ADDRESS:[0] '' ACTION NUMBER:[1] '3' </string>
windows_event;win_event;E:\Cours\TFE\experiments\phase_dataset_strengthening\processed\multiformat_balanced_20260910T094422Z\samples\windows_event.xml;;553;2025-08-23T14:04:50.113890+00:00;INFO;34;Oracle.xe;Oracle.xe;andy-aaron;8052;0;;;;;;;;;;;;;;;;;;;;;;;;;;;INFORMATIONAL;generic;"<string>LENGTH: '716' ACTION :[465] 'select /*+ no_parallel(t) no_parallel_index(t) dbms_stats cursor_sharing_exact use_weak_name_resl dynamic_sampling(0) no_monitoring xmlindex_sel_idx_tbl opt_param('optimizer_inmemory_aware' 'false') no_substrb_pad leading(r t) use_nl(t) rowid(t) */ substrb(dump(substrb(t.""ADVISOR_NAME"",1,64),16,0,64),1,240) d_2897005349, r.rwid, r.freq from ""SYS"".""WRI$_ADV_TASKS"" t, table(:topntab) r where t.rowid = chartorowid(r.rwid) order by substrb(t.""ADVISOR_NAME"",1,64)' DATABASE USER:[3] 'SYS' PRIVILEGE :[4] 'NONE' CLIENT USER:[0] '' CLIENT TERMINAL:[10] 'ANDY-AARON' STATUS:[1] '0' DBID:[10] '3074368596' SESSIONID:[6] '400276' USERHOST:[10] 'ANDY-AARON' CLIENT ADDRESS:[0] '' ACTION NUMBER:[1] '3' </string>"
windows_event;win_event;E:\Cours\TFE\experiments\phase_dataset_strengthening\processed\multiformat_balanced_20260910T094422Z\samples\windows_event.xml;;554;2025-08-23T14:04:50.115814+00:00;INFO;34;Oracle.xe;Oracle.xe;andy-aaron;8052;0;;;;;;;;;;;;;;;;;;;;;;;;;;;INFORMATIONAL;generic;"<string>LENGTH: '716' ACTION :[465] 'select /*+ no_parallel(t) no_parallel_index(t) dbms_stats cursor_sharing_exact use_weak_name_resl dynamic_sampling(0) no_monitoring xmlindex_sel_idx_tbl opt_param('optimizer_inmemory_aware' 'false') no_substrb_pad leading(r t) use_nl(t) rowid(t) */ substrb(dump(substrb(t.""ADVISOR_NAME"",1,64),16,0,64),1,240) d_2897005349, r.rwid, r.freq from ""SYS"".""WRI$_ADV_TASKS"" t, table(:topntab) r where t.rowid = chartorowid(r.rwid) order by substrb(t.""ADVISOR_NAME"",1,64)' DATABASE USER:[3] 'SYS' PRIVILEGE :[4] 'NONE' CLIENT USER:[0] '' CLIENT TERMINAL:[10] 'ANDY-AARON' STATUS:[1] '0' DBID:[10] '3074368596' SESSIONID:[6] '400276' USERHOST:[10] 'ANDY-AARON' CLIENT ADDRESS:[0] '' ACTION NUMBER:[1] '3' </string>"
windows_event;win_event;E:\Cours\TFE\experiments\phase_dataset_strengthening\processed\multiformat_balanced_20260910T094422Z\samples\windows_event.xml;;555;2025-08-23T14:04:50.118517+00:00;INFO;34;Oracle.xe;Oracle.xe;andy-aaron;8052;0;;;;;;;;;;;;;;;;;;;;;;;;;;;INFORMATIONAL;generic;"<string>LENGTH: '680' ACTION :[429] 'select /*+ no_parallel(t) no_parallel_index(t) dbms_stats cursor_sharing_exact use_weak_name_resl dynamic_sampling(0) no_monitoring xmlindex_sel_idx_tbl opt_param('optimizer_inmemory_aware' 'false') no_substrb_pad leading(r t) use_nl(t) rowid(t) */ substrb(dump(t.""PROPERTY"",16,0,64),1,240) d_1738371530, r.rwid, r.freq from ""SYS"".""WRI$_ADV_TASKS"" t, table(:topntab) r where t.rowid = chartorowid(r.rwid) order by t.""PROPERTY""' DATABASE USER:[3] 'SYS' PRIVILEGE :[4] 'NONE' CLIENT USER:[0] '' CLIENT TERMINAL:[10] 'ANDY-AARON' STATUS:[1] '0' DBID:[10] '3074368596' SESSIONID:[6] '400276' USERHOST:[10] 'ANDY-AARON' CLIENT ADDRESS:[0] '' ACTION NUMBER:[1] '3' </string>"
windows_event;win_event;E:\Cours\TFE\experiments\phase_dataset_strengthening\processed\multiformat_balanced_20260910T094422Z\samples\windows_event.xml;;556;2025-08-23T14:04:50.120770+00:00;INFO;34;Oracle.xe;Oracle.xe;andy-aaron;8052;0;;;;;;;;;;;;;;;;;;;;;;;;;;;INFORMATIONAL;generic;"<string>LENGTH: '680' ACTION :[429] 'select /*+ no_parallel(t) no_parallel_index(t) dbms_stats cursor_sharing_exact use_weak_name_resl dynamic_sampling(0) no_monitoring xmlindex_sel_idx_tbl opt_param('optimizer_inmemory_aware' 'false') no_substrb_pad leading(r t) use_nl(t) rowid(t) */ substrb(dump(t.""PROPERTY"",16,0,64),1,240) d_1738371530, r.rwid, r.freq from ""SYS"".""WRI$_ADV_TASKS"" t, table(:topntab) r where t.rowid = chartorowid(r.rwid) order by t.""PROPERTY""' DATABASE USER:[3] 'SYS' PRIVILEGE :[4] 'NONE' CLIENT USER:[0] '' CLIENT TERMINAL:[10] 'ANDY-AARON' STATUS:[1] '0' DBID:[10] '3074368596' SESSIONID:[6] '400276' USERHOST:[10] 'ANDY-AARON' CLIENT ADDRESS:[0] '' ACTION NUMBER:[1] '3' </string>"
windows_event;win_event;E:\Cours\TFE\experiments\phase_dataset_strengthening\processed\multiformat_balanced_20260910T094422Z\samples\windows_event.xml;;557;2025-08-23T14:04:50.123112+00:00;INFO;34;Oracle.xe;Oracle.xe;andy-aaron;8052;0;;;;;;;;;;;;;;;;;;;;;;;;;;;INFORMATIONAL;generic;"<string>LENGTH: '686' ACTION :[435] 'select /*+ no_parallel(t) no_parallel_index(t) dbms_stats cursor_sharing_exact use_weak_name_resl dynamic_sampling(0) no_monitoring xmlindex_sel_idx_tbl opt_param('optimizer_inmemory_aware' 'false') no_substrb_pad leading(r t) use_nl(t) rowid(t) */ substrb(dump(t.""HOW_CREATED"",16,0,64),1,240) d_4264415911, r.rwid, r.freq from ""SYS"".""WRI$_ADV_TASKS"" t, table(:topntab) r where t.rowid = chartorowid(r.rwid) order by t.""HOW_CREATED""' DATABASE USER:[3] 'SYS' PRIVILEGE :[4] 'NONE' CLIENT USER:[0] '' CLIENT TERMINAL:[10] 'ANDY-AARON' STATUS:[1] '0' DBID:[10] '3074368596' SESSIONID:[6] '400276' USERHOST:[10] 'ANDY-AARON' CLIENT ADDRESS:[0] '' ACTION NUMBER:[1] '3' </string>"
windows_event;win_event;E:\Cours\TFE\experiments\phase_dataset_strengthening\processed\multiformat_balanced_20260910T094422Z\samples\windows_event.xml;;558;2025-08-23T14:04:50.124386+00:00;INFO;34;Oracle.xe;Oracle.xe;andy-aaron;8052;0;;;;;;;;;;;;;;;;;;;;;;;;;;;INFORMATIONAL;generic;"<string>LENGTH: '686' ACTION :[435] 'select /*+ no_parallel(t) no_parallel_index(t) dbms_stats cursor_sharing_exact use_weak_name_resl dynamic_sampling(0) no_monitoring xmlindex_sel_idx_tbl opt_param('optimizer_inmemory_aware' 'false') no_substrb_pad leading(r t) use_nl(t) rowid(t) */ substrb(dump(t.""HOW_CREATED"",16,0,64),1,240) d_4264415911, r.rwid, r.freq from ""SYS"".""WRI$_ADV_TASKS"" t, table(:topntab) r where t.rowid = chartorowid(r.rwid) order by t.""HOW_CREATED""' DATABASE USER:[3] 'SYS' PRIVILEGE :[4] 'NONE' CLIENT USER:[0] '' CLIENT TERMINAL:[10] 'ANDY-AARON' STATUS:[1] '0' DBID:[10] '3074368596' SESSIONID:[6] '400276' USERHOST:[10] 'ANDY-AARON' CLIENT ADDRESS:[0] '' ACTION NUMBER:[1] '3' </string>"
windows_event;win_event;E:\Cours\TFE\experiments\phase_dataset_strengthening\processed\multiformat_balanced_20260910T094422Z\samples\windows_event.xml;;559;2025-08-23T14:04:50.126242+00:00;INFO;34;Oracle.xe;Oracle.xe;andy-aaron;8052;0;;;;;;;;;;;;;;;;;;;;;;;;;;;INFORMATIONAL;generic;"<string>LENGTH: '720' ACTION :[469] 'select /*+ no_parallel(t) no_parallel_index(t) dbms_stats cursor_sharing_exact use_weak_name_resl dynamic_sampling(0) no_monitoring xmlindex_sel_idx_tbl opt_param('optimizer_inmemory_aware' 'false') no_substrb_pad leading(r t) use_nl(t) rowid(t) */ substrb(dump(substrb(t.""LAST_EXEC_NAME"",1,64),16,0,64),1,240) d_2986789370, r.rwid, r.freq from ""SYS"".""WRI$_ADV_TASKS"" t, table(:topntab) r where t.rowid = chartorowid(r.rwid) order by substrb(t.""LAST_EXEC_NAME"",1,64)' DATABASE USER:[3] 'SYS' PRIVILEGE :[4] 'NONE' CLIENT USER:[0] '' CLIENT TERMINAL:[10] 'ANDY-AARON' STATUS:[1] '0' DBID:[10] '3074368596' SESSIONID:[6] '400276' USERHOST:[10] 'ANDY-AARON' CLIENT ADDRESS:[0] '' ACTION NUMBER:[1] '3' </string>"
windows_event;win_event;E:\Cours\TFE\experiments\phase_dataset_strengthening\processed\multiformat_balanced_20260910T094422Z\samples\windows_event.xml;;560;2025-08-23T14:04:50.128050+00:00;INFO;34;Oracle.xe;Oracle.xe;andy-aaron;8052;0;;;;;;;;;;;;;;;;;;;;;;;;;;;INFORMATIONAL;generic;"<string>LENGTH: '720' ACTION :[469] 'select /*+ no_parallel(t) no_parallel_index(t) dbms_stats cursor_sharing_exact use_weak_name_resl dynamic_sampling(0) no_monitoring xmlindex_sel_idx_tbl opt_param('optimizer_inmemory_aware' 'false') no_substrb_pad leading(r t) use_nl(t) rowid(t) */ substrb(dump(substrb(t.""LAST_EXEC_NAME"",1,64),16,0,64),1,240) d_2986789370, r.rwid, r.freq from ""SYS"".""WRI$_ADV_TASKS"" t, table(:topntab) r where t.rowid = chartorowid(r.rwid) order by substrb(t.""LAST_EXEC_NAME"",1,64)' DATABASE USER:[3] 'SYS' PRIVILEGE :[4] 'NONE' CLIENT USER:[0] '' CLIENT TERMINAL:[10] 'ANDY-AARON' STATUS:[1] '0' DBID:[10] '3074368596' SESSIONID:[6] '400276' USERHOST:[10] 'ANDY-AARON' CLIENT ADDRESS:[0] '' ACTION NUMBER:[1] '3' </string>"
windows_event;win_event;E:\Cours\TFE\experiments\phase_dataset_strengthening\processed\multiformat_balanced_20260910T094422Z\samples\windows_event.xml;;561;2025-08-23T14:04:50.129965+00:00;INFO;34;Oracle.xe;Oracle.xe;andy-aaron;8052;0;;;;;;;;;;;;;;;;;;;;;;;;;;;INFORMATIONAL;generic;"<string>LENGTH: '676' ACTION :[425] 'select /*+ no_parallel(t) no_parallel_index(t) dbms_stats cursor_sharing_exact use_weak_name_resl dynamic_sampling(0) no_monitoring xmlindex_sel_idx_tbl opt_param('optimizer_inmemory_aware' 'false') no_substrb_pad leading(r t) use_nl(t) rowid(t) */ substrb(dump(t.""OWNER#"",16,0,64),1,240) d_1210682704, r.rwid, r.freq from ""SYS"".""WRI$_ADV_TASKS"" t, table(:topntab) r where t.rowid = chartorowid(r.rwid) order by t.""OWNER#""' DATABASE USER:[3] 'SYS' PRIVILEGE :[4] 'NONE' CLIENT USER:[0] '' CLIENT TERMINAL:[10] 'ANDY-AARON' STATUS:[1] '0' DBID:[10] '3074368596' SESSIONID:[6] '400276' USERHOST:[10] 'ANDY-AARON' CLIENT ADDRESS:[0] '' ACTION NUMBER:[1] '3' </string>"
windows_event;win_event;E:\Cours\TFE\experiments\phase_dataset_strengthening\processed\multiformat_balanced_20260910T094422Z\samples\windows_event.xml;;562;2025-08-23T14:04:50.131157+00:00;INFO;34;Oracle.xe;Oracle.xe;andy-aaron;8052;0;;;;;;;;;;;;;;;;;;;;;;;;;;;INFORMATIONAL;generic;"<string>LENGTH: '676' ACTION :[425] 'select /*+ no_parallel(t) no_parallel_index(t) dbms_stats cursor_sharing_exact use_weak_name_resl dynamic_sampling(0) no_monitoring xmlindex_sel_idx_tbl opt_param('optimizer_inmemory_aware' 'false') no_substrb_pad leading(r t) use_nl(t) rowid(t) */ substrb(dump(t.""OWNER#"",16,0,64),1,240) d_1210682704, r.rwid, r.freq from ""SYS"".""WRI$_ADV_TASKS"" t, table(:topntab) r where t.rowid = chartorowid(r.rwid) order by t.""OWNER#""' DATABASE USER:[3] 'SYS' PRIVILEGE :[4] 'NONE' CLIENT USER:[0] '' CLIENT TERMINAL:[10] 'ANDY-AARON' STATUS:[1] '0' DBID:[10] '3074368596' SESSIONID:[6] '400276' USERHOST:[10] 'ANDY-AARON' CLIENT ADDRESS:[0] '' ACTION NUMBER:[1] '3' </string>"
windows_event;win_event;E:\Cours\TFE\experiments\phase_dataset_strengthening\processed\multiformat_balanced_20260910T094422Z\samples\windows_event.xml;;563;2025-08-23T14:04:50.131634+00:00;INFO;34;Oracle.xe;Oracle.xe;andy-aaron;8052;0;;;;;;;;;;;;;;;;;;;;;;;;;;;INFORMATIONAL;generic;<string>LENGTH: '329' ACTION :[86] 'select p, NULL, NULL from (select count(*) p from v$tablespace where bigfile = 'YES')' DATABASE USER:[1] '/' PRIVILEGE :[4] 'NONE' CLIENT USER:[0] '' CLIENT TERMINAL:[10] 'ANDY-AARON' STATUS:[1] '0' DBID:[10] '1689037571' SESSIONID:[1] '0' USERHOST:[10] 'ANDY-AARON' CLIENT ADDRESS:[0] '' ACTION NUMBER:[1] '3' </string>
windows_event;win_event;E:\Cours\TFE\experiments\phase_dataset_strengthening\processed\multiformat_balanced_20260910T094422Z\samples\windows_event.xml;;564;2025-08-23T14:04:50.132177+00:00;INFO;34;Oracle.xe;Oracle.xe;andy-aaron;8052;0;;;;;;;;;;;;;;;;;;;;;;;;;;;INFORMATIONAL;generic;<string>LENGTH: '329' ACTION :[86] 'select p, NULL, NULL from (select count(*) p from v$tablespace where bigfile = 'YES')' DATABASE USER:[1] '/' PRIVILEGE :[4] 'NONE' CLIENT USER:[0] '' CLIENT TERMINAL:[10] 'ANDY-AARON' STATUS:[1] '0' DBID:[10] '1689037571' SESSIONID:[1] '0' USERHOST:[10] 'ANDY-AARON' CLIENT ADDRESS:[0] '' ACTION NUMBER:[1] '3' </string>
windows_event;win_event;E:\Cours\TFE\experiments\phase_dataset_strengthening\processed\multiformat_balanced_20260910T094422Z\samples\windows_event.xml;;565;2025-08-23T14:04:50.132870+00:00;INFO;34;Oracle.xe;Oracle.xe;andy-aaron;8052;0;;;;;;;;;;;;;;;;;;;;;;;;;;;INFORMATIONAL;generic;"<string>LENGTH: '712' ACTION :[461] 'select /*+ no_parallel(t) no_parallel_index(t) dbms_stats cursor_sharing_exact use_weak_name_resl dynamic_sampling(0) no_monitoring xmlindex_sel_idx_tbl opt_param('optimizer_inmemory_aware' 'false') no_substrb_pad leading(r t) use_nl(t) rowid(t) */ substrb(dump(substrb(t.""OWNER_NAME"",1,64),16,0,64),1,240) d_2880690580, r.rwid, r.freq from ""SYS"".""WRI$_ADV_TASKS"" t, table(:topntab) r where t.rowid = chartorowid(r.rwid) order by substrb(t.""OWNER_NAME"",1,64)' DATABASE USER:[3] 'SYS' PRIVILEGE :[4] 'NONE' CLIENT USER:[0] '' CLIENT TERMINAL:[10] 'ANDY-AARON' STATUS:[1] '0' DBID:[10] '3074368596' SESSIONID:[6] '400276' USERHOST:[10] 'ANDY-AARON' CLIENT ADDRESS:[0] '' ACTION NUMBER:[1] '3' </string>"
windows_event;win_event;E:\Cours\TFE\experiments\phase_dataset_strengthening\processed\multiformat_balanced_20260910T094422Z\samples\windows_event.xml;;566;2025-08-23T14:04:50.134224+00:00;INFO;34;Oracle.xe;Oracle.xe;andy-aaron;8052;0;;;;;;;;;;;;;;;;;;;;;;;;;;;INFORMATIONAL;generic;"<string>LENGTH: '712' ACTION :[461] 'select /*+ no_parallel(t) no_parallel_index(t) dbms_stats cursor_sharing_exact use_weak_name_resl dynamic_sampling(0) no_monitoring xmlindex_sel_idx_tbl opt_param('optimizer_inmemory_aware' 'false') no_substrb_pad leading(r t) use_nl(t) rowid(t) */ substrb(dump(substrb(t.""OWNER_NAME"",1,64),16,0,64),1,240) d_2880690580, r.rwid, r.freq from ""SYS"".""WRI$_ADV_TASKS"" t, table(:topntab) r where t.rowid = chartorowid(r.rwid) order by substrb(t.""OWNER_NAME"",1,64)' DATABASE USER:[3] 'SYS' PRIVILEGE :[4] 'NONE' CLIENT USER:[0] '' CLIENT TERMINAL:[10] 'ANDY-AARON' STATUS:[1] '0' DBID:[10] '3074368596' SESSIONID:[6] '400276' USERHOST:[10] 'ANDY-AARON' CLIENT ADDRESS:[0] '' ACTION NUMBER:[1] '3' </string>"
windows_event;win_event;E:\Cours\TFE\experiments\phase_dataset_strengthening\processed\multiformat_balanced_20260910T094422Z\samples\windows_event.xml;;567;2025-08-23T14:04:50.157948+00:00;INFO;34;Oracle.xe;Oracle.xe;andy-aaron;8052;0;;;;;;;;;;;;;;;;;;;;;;;;;;;INFORMATIONAL;generic;<string>LENGTH: '326' ACTION :[83] 'select p, NULL, NULL from (select count(*) p from v$datafile where plugged_in = 1)' DATABASE USER:[1] '/' PRIVILEGE :[4] 'NONE' CLIENT USER:[0] '' CLIENT TERMINAL:[10] 'ANDY-AARON' STATUS:[1] '0' DBID:[10] '1689037571' SESSIONID:[1] '0' USERHOST:[10] 'ANDY-AARON' CLIENT ADDRESS:[0] '' ACTION NUMBER:[1] '3' </string>
windows_event;win_event;E:\Cours\TFE\experiments\phase_dataset_strengthening\processed\multiformat_balanced_20260910T094422Z\samples\windows_event.xml;;568;2025-08-23T14:04:50.158623+00:00;INFO;34;Oracle.xe;Oracle.xe;andy-aaron;8052;0;;;;;;;;;;;;;;;;;;;;;;;;;;;INFORMATIONAL;generic;<string>LENGTH: '326' ACTION :[83] 'select p, NULL, NULL from (select count(*) p from v$datafile where plugged_in = 1)' DATABASE USER:[1] '/' PRIVILEGE :[4] 'NONE' CLIENT USER:[0] '' CLIENT TERMINAL:[10] 'ANDY-AARON' STATUS:[1] '0' DBID:[10] '1689037571' SESSIONID:[1] '0' USERHOST:[10] 'ANDY-AARON' CLIENT ADDRESS:[0] '' ACTION NUMBER:[1] '3' </string>
windows_event;win_event;E:\Cours\TFE\experiments\phase_dataset_strengthening\processed\multiformat_balanced_20260910T094422Z\samples\windows_event.xml;;569;2025-08-23T14:04:50.167017+00:00;INFO;34;Oracle.xe;Oracle.xe;andy-aaron;8052;0;;;;;;;;;;;;;;;;;;;;;;;;;;;INFORMATIONAL;generic;<string>LENGTH: '333' ACTION :[90] 'select p, NULL, NULL from (select count(*) p from v$datafile where enabled = 'READ ONLY')' DATABASE USER:[1] '/' PRIVILEGE :[4] 'NONE' CLIENT USER:[0] '' CLIENT TERMINAL:[10] 'ANDY-AARON' STATUS:[1] '0' DBID:[10] '1689037571' SESSIONID:[1] '0' USERHOST:[10] 'ANDY-AARON' CLIENT ADDRESS:[0] '' ACTION NUMBER:[1] '3' </string>
windows_event;win_event;E:\Cours\TFE\experiments\phase_dataset_strengthening\processed\multiformat_balanced_20260910T094422Z\samples\windows_event.xml;;570;2025-08-23T14:04:50.167555+00:00;INFO;34;Oracle.xe;Oracle.xe;andy-aaron;8052;0;;;;;;;;;;;;;;;;;;;;;;;;;;;INFORMATIONAL;generic;<string>LENGTH: '333' ACTION :[90] 'select p, NULL, NULL from (select count(*) p from v$datafile where enabled = 'READ ONLY')' DATABASE USER:[1] '/' PRIVILEGE :[4] 'NONE' CLIENT USER:[0] '' CLIENT TERMINAL:[10] 'ANDY-AARON' STATUS:[1] '0' DBID:[10] '1689037571' SESSIONID:[1] '0' USERHOST:[10] 'ANDY-AARON' CLIENT ADDRESS:[0] '' ACTION NUMBER:[1] '3' </string>
windows_event;win_event;E:\Cours\TFE\experiments\phase_dataset_strengthening\processed\multiformat_balanced_20260910T094422Z\samples\windows_event.xml;;571;2025-08-23T14:04:50.170446+00:00;INFO;34;Oracle.xe;Oracle.xe;andy-aaron;8052;0;;;;;;;;;;;;;;;;;;;;;;;;;;;INFORMATIONAL;generic;"<string>LENGTH: '330' ACTION :[86] 'BEGIN DBMS_FEATURE_ACTIVE_DATA_GUARD(:feature_boolean, :aux_cnt, :feature_info); END;' DATABASE USER:[1] '/' PRIVILEGE :[4] 'NONE' CLIENT USER:[0] '' CLIENT TERMINAL:[10] 'ANDY-AARON' STATUS:[1] '0' DBID:[10] '1689037571' SESSIONID:[1] '0' USERHOST:[10] 'ANDY-AARON' CLIENT ADDRESS:[0] '' ACTION NUMBER:[2] '47' </string>"
windows_event;win_event;E:\Cours\TFE\experiments\phase_dataset_strengthening\processed\multiformat_balanced_20260910T094422Z\samples\windows_event.xml;;572;2025-08-23T14:04:50.235008+00:00;INFO;34;Oracle.xe;Oracle.xe;andy-aaron;8052;0;;;;;;;;;;;;;;;;;;;;;;;;;;;INFORMATIONAL;generic;"<string>LENGTH: '330' ACTION :[86] 'BEGIN DBMS_FEATURE_ACTIVE_DATA_GUARD(:feature_boolean, :aux_cnt, :feature_info); END;' DATABASE USER:[1] '/' PRIVILEGE :[4] 'NONE' CLIENT USER:[0] '' CLIENT TERMINAL:[10] 'ANDY-AARON' STATUS:[1] '0' DBID:[10] '1689037571' SESSIONID:[1] '0' USERHOST:[10] 'ANDY-AARON' CLIENT ADDRESS:[0] '' ACTION NUMBER:[2] '47' </string>"
windows_event;win_event;E:\Cours\TFE\experiments\phase_dataset_strengthening\processed\multiformat_balanced_20260910T094422Z\samples\windows_event.xml;;573;2025-08-23T14:04:50.236546+00:00;INFO;34;Oracle.xe;Oracle.xe;andy-aaron;8052;0;;;;;;;;;;;;;;;;;;;;;;;;;;;INFORMATIONAL;generic;"<string>LENGTH: '326' ACTION :[82] 'BEGIN DBMS_FEATURE_MOVE_DATAFILE(:feature_boolean, :aux_cnt, :feature_info); END;' DATABASE USER:[1] '/' PRIVILEGE :[4] 'NONE' CLIENT USER:[0] '' CLIENT TERMINAL:[10] 'ANDY-AARON' STATUS:[1] '0' DBID:[10] '1689037571' SESSIONID:[1] '0' USERHOST:[10] 'ANDY-AARON' CLIENT ADDRESS:[0] '' ACTION NUMBER:[2] '47' </string>"
windows_event;win_event;E:\Cours\TFE\experiments\phase_dataset_strengthening\processed\multiformat_balanced_20260910T094422Z\samples\windows_event.xml;;574;2025-08-23T14:04:50.245691+00:00;INFO;34;Oracle.xe;Oracle.xe;andy-aaron;8052;0;;;;;;;;;;;;;;;;;;;;;;;;;;;INFORMATIONAL;generic;"<string>LENGTH: '326' ACTION :[82] 'BEGIN DBMS_FEATURE_MOVE_DATAFILE(:feature_boolean, :aux_cnt, :feature_info); END;' DATABASE USER:[1] '/' PRIVILEGE :[4] 'NONE' CLIENT USER:[0] '' CLIENT TERMINAL:[10] 'ANDY-AARON' STATUS:[1] '0' DBID:[10] '1689037571' SESSIONID:[1] '0' USERHOST:[10] 'ANDY-AARON' CLIENT ADDRESS:[0] '' ACTION NUMBER:[2] '47' </string>"
windows_event;win_event;E:\Cours\TFE\experiments\phase_dataset_strengthening\processed\multiformat_balanced_20260910T094422Z\samples\windows_event.xml;;575;2025-08-23T14:04:50.255894+00:00;INFO;34;Oracle.xe;Oracle.xe;andy-aaron;8052;0;;;;;;;;;;;;;;;;;;;;;;;;;;;INFORMATIONAL;generic;<string>LENGTH: '356' ACTION :[112] 'select p, NULL, NULL from (select count(*) p from v$rman_status where operation like 'BACKUP COPYROLLFORWARD%')' DATABASE USER:[1] '/' PRIVILEGE :[4] 'NONE' CLIENT USER:[0] '' CLIENT TERMINAL:[10] 'ANDY-AARON' STATUS:[1] '0' DBID:[10] '1689037571' SESSIONID:[1] '0' USERHOST:[10] 'ANDY-AARON' CLIENT ADDRESS:[0] '' ACTION NUMBER:[1] '3' </string>
windows_event;win_event;E:\Cours\TFE\experiments\phase_dataset_strengthening\processed\multiformat_balanced_20260910T094422Z\samples\windows_event.xml;;576;2025-08-23T14:04:50.256393+00:00;INFO;34;Oracle.xe;Oracle.xe;andy-aaron;8052;0;;;;;;;;;;;;;;;;;;;;;;;;;;;INFORMATIONAL;generic;<string>LENGTH: '356' ACTION :[112] 'select p, NULL, NULL from (select count(*) p from v$rman_status where operation like 'BACKUP COPYROLLFORWARD%')' DATABASE USER:[1] '/' PRIVILEGE :[4] 'NONE' CLIENT USER:[0] '' CLIENT TERMINAL:[10] 'ANDY-AARON' STATUS:[1] '0' DBID:[10] '1689037571' SESSIONID:[1] '0' USERHOST:[10] 'ANDY-AARON' CLIENT ADDRESS:[0] '' ACTION NUMBER:[1] '3' </string>
windows_event;win_event;E:\Cours\TFE\experiments\phase_dataset_strengthening\processed\multiformat_balanced_20260910T094422Z\samples\windows_event.xml;;577;2025-08-23T14:04:50.269423+00:00;INFO;34;Oracle.xe;Oracle.xe;andy-aaron;8052;0;;;;;;;;;;;;;;;;;;;;;;;;;;;INFORMATIONAL;generic;<string>LENGTH: '323' ACTION :[80] 'select p, NULL, NULL from (select count(*) p from v$ir_repair where rownum = 1)' DATABASE USER:[1] '/' PRIVILEGE :[4] 'NONE' CLIENT USER:[0] '' CLIENT TERMINAL:[10] 'ANDY-AARON' STATUS:[1] '0' DBID:[10] '1689037571' SESSIONID:[1] '0' USERHOST:[10] 'ANDY-AARON' CLIENT ADDRESS:[0] '' ACTION NUMBER:[1] '3' </string>
windows_event;win_event;E:\Cours\TFE\experiments\phase_dataset_strengthening\processed\multiformat_balanced_20260910T094422Z\samples\windows_event.xml;;578;2025-08-23T14:04:50.270355+00:00;INFO;34;Oracle.xe;Oracle.xe;andy-aaron;8052;0;;;;;;;;;;;;;;;;;;;;;;;;;;;INFORMATIONAL;generic;<string>LENGTH: '323' ACTION :[80] 'select p, NULL, NULL from (select count(*) p from v$ir_repair where rownum = 1)' DATABASE USER:[1] '/' PRIVILEGE :[4] 'NONE' CLIENT USER:[0] '' CLIENT TERMINAL:[10] 'ANDY-AARON' STATUS:[1] '0' DBID:[10] '1689037571' SESSIONID:[1] '0' USERHOST:[10] 'ANDY-AARON' CLIENT ADDRESS:[0] '' ACTION NUMBER:[1] '3' </string>
windows_event;win_event;E:\Cours\TFE\experiments\phase_dataset_strengthening\processed\multiformat_balanced_20260910T094422Z\samples\windows_event.xml;;579;2025-08-23T14:04:50.294764+00:00;INFO;34;Oracle.xe;Oracle.xe;andy-aaron;8052;0;;;;;;;;;;;;;;;;;;;;;;;;;;;INFORMATIONAL;generic;<string>LENGTH: '348' ACTION :[104] 'select p, NULL, NULL from (select count(*) p from v$rman_status where operation like 'RECOVER TABLE %')' DATABASE USER:[1] '/' PRIVILEGE :[4] 'NONE' CLIENT USER:[0] '' CLIENT TERMINAL:[10] 'ANDY-AARON' STATUS:[1] '0' DBID:[10] '1689037571' SESSIONID:[1] '0' USERHOST:[10] 'ANDY-AARON' CLIENT ADDRESS:[0] '' ACTION NUMBER:[1] '3' </string>
windows_event;win_event;E:\Cours\TFE\experiments\phase_dataset_strengthening\processed\multiformat_balanced_20260910T094422Z\samples\windows_event.xml;;580;2025-08-23T14:04:50.295424+00:00;INFO;34;Oracle.xe;Oracle.xe;andy-aaron;8052;0;;;;;;;;;;;;;;;;;;;;;;;;;;;INFORMATIONAL;generic;<string>LENGTH: '348' ACTION :[104] 'select p, NULL, NULL from (select count(*) p from v$rman_status where operation like 'RECOVER TABLE %')' DATABASE USER:[1] '/' PRIVILEGE :[4] 'NONE' CLIENT USER:[0] '' CLIENT TERMINAL:[10] 'ANDY-AARON' STATUS:[1] '0' DBID:[10] '1689037571' SESSIONID:[1] '0' USERHOST:[10] 'ANDY-AARON' CLIENT ADDRESS:[0] '' ACTION NUMBER:[1] '3' </string>
windows_event;win_event;E:\Cours\TFE\experiments\phase_dataset_strengthening\processed\multiformat_balanced_20260910T094422Z\samples\windows_event.xml;;581;2025-08-23T14:04:50.306540+00:00;INFO;34;Oracle.xe;Oracle.xe;andy-aaron;8052;0;;;;;;;;;;;;;;;;;;;;;;;;;;;INFORMATIONAL;generic;<string>LENGTH: '356' ACTION :[112] 'select p, NULL, NULL from (select count(*) p from v$rman_status where operation like 'RECOVER UNTIL SNAPSHOT%')' DATABASE USER:[1] '/' PRIVILEGE :[4] 'NONE' CLIENT USER:[0] '' CLIENT TERMINAL:[10] 'ANDY-AARON' STATUS:[1] '0' DBID:[10] '1689037571' SESSIONID:[1] '0' USERHOST:[10] 'ANDY-AARON' CLIENT ADDRESS:[0] '' ACTION NUMBER:[1] '3' </string>
windows_event;win_event;E:\Cours\TFE\experiments\phase_dataset_strengthening\processed\multiformat_balanced_20260910T094422Z\samples\windows_event.xml;;582;2025-08-23T14:04:50.307053+00:00;INFO;34;Oracle.xe;Oracle.xe;andy-aaron;8052;0;;;;;;;;;;;;;;;;;;;;;;;;;;;INFORMATIONAL;generic;<string>LENGTH: '356' ACTION :[112] 'select p, NULL, NULL from (select count(*) p from v$rman_status where operation like 'RECOVER UNTIL SNAPSHOT%')' DATABASE USER:[1] '/' PRIVILEGE :[4] 'NONE' CLIENT USER:[0] '' CLIENT TERMINAL:[10] 'ANDY-AARON' STATUS:[1] '0' DBID:[10] '1689037571' SESSIONID:[1] '0' USERHOST:[10] 'ANDY-AARON' CLIENT ADDRESS:[0] '' ACTION NUMBER:[1] '3' </string>
windows_event;win_event;E:\Cours\TFE\experiments\phase_dataset_strengthening\processed\multiformat_balanced_20260910T094422Z\samples\windows_event.xml;;583;2025-08-23T14:04:50.317770+00:00;INFO;34;Oracle.xe;Oracle.xe;andy-aaron;8052;0;;;;;;;;;;;;;;;;;;;;;;;;;;;INFORMATIONAL;generic;<string>LENGTH: '354' ACTION :[110] 'select p, NULL, NULL from (select count(*) p from v$rman_status where operation like 'TRANSPORT TABLESPACE%')' DATABASE USER:[1] '/' PRIVILEGE :[4] 'NONE' CLIENT USER:[0] '' CLIENT TERMINAL:[10] 'ANDY-AARON' STATUS:[1] '0' DBID:[10] '1689037571' SESSIONID:[1] '0' USERHOST:[10] 'ANDY-AARON' CLIENT ADDRESS:[0] '' ACTION NUMBER:[1] '3' </string>
windows_event;win_event;E:\Cours\TFE\experiments\phase_dataset_strengthening\processed\multiformat_balanced_20260910T094422Z\samples\windows_event.xml;;584;2025-08-23T14:04:50.318384+00:00;INFO;34;Oracle.xe;Oracle.xe;andy-aaron;8052;0;;;;;;;;;;;;;;;;;;;;;;;;;;;INFORMATIONAL;generic;<string>LENGTH: '354' ACTION :[110] 'select p, NULL, NULL from (select count(*) p from v$rman_status where operation like 'TRANSPORT TABLESPACE%')' DATABASE USER:[1] '/' PRIVILEGE :[4] 'NONE' CLIENT USER:[0] '' CLIENT TERMINAL:[10] 'ANDY-AARON' STATUS:[1] '0' DBID:[10] '1689037571' SESSIONID:[1] '0' USERHOST:[10] 'ANDY-AARON' CLIENT ADDRESS:[0] '' ACTION NUMBER:[1] '3' </string>
windows_event;win_event;E:\Cours\TFE\experiments\phase_dataset_strengthening\processed\multiformat_balanced_20260910T094422Z\samples\windows_event.xml;;585;2025-08-23T14:04:50.329788+00:00;INFO;34;Oracle.xe;Oracle.xe;andy-aaron;8052;0;;;;;;;;;;;;;;;;;;;;;;;;;;;INFORMATIONAL;generic;<string>LENGTH: '340' ACTION :[97] 'select p, NULL, NULL from (select count(*) p from v$rman_status where operation like 'CONVERT%')' DATABASE USER:[1] '/' PRIVILEGE :[4] 'NONE' CLIENT USER:[0] '' CLIENT TERMINAL:[10] 'ANDY-AARON' STATUS:[1] '0' DBID:[10] '1689037571' SESSIONID:[1] '0' USERHOST:[10] 'ANDY-AARON' CLIENT ADDRESS:[0] '' ACTION NUMBER:[1] '3' </string>
windows_event;win_event;E:\Cours\TFE\experiments\phase_dataset_strengthening\processed\multiformat_balanced_20260910T094422Z\samples\windows_event.xml;;586;2025-08-23T14:04:50.330280+00:00;INFO;34;Oracle.xe;Oracle.xe;andy-aaron;8052;0;;;;;;;;;;;;;;;;;;;;;;;;;;;INFORMATIONAL;generic;<string>LENGTH: '340' ACTION :[97] 'select p, NULL, NULL from (select count(*) p from v$rman_status where operation like 'CONVERT%')' DATABASE USER:[1] '/' PRIVILEGE :[4] 'NONE' CLIENT USER:[0] '' CLIENT TERMINAL:[10] 'ANDY-AARON' STATUS:[1] '0' DBID:[10] '1689037571' SESSIONID:[1] '0' USERHOST:[10] 'ANDY-AARON' CLIENT ADDRESS:[0] '' ACTION NUMBER:[1] '3' </string>
windows_event;win_event;E:\Cours\TFE\experiments\phase_dataset_strengthening\processed\multiformat_balanced_20260910T094422Z\samples\windows_event.xml;;587;2025-08-23T14:04:50.352476+00:00;INFO;34;Oracle.xe;Oracle.xe;andy-aaron;8052;0;;;;;;;;;;;;;;;;;;;;;;;;;;;INFORMATIONAL;generic;<string>LENGTH: '438' ACTION :[194] 'select p, NULL, NULL from (select count(*) p from v$rman_status where operation in ('RECOVER FROM PLATFORM', 'BACKUP FOR TRANSPORT', 'BACKUP FROM PLATFORM', 'RESTORE FROM PLATFORM'))' DATABASE USER:[1] '/' PRIVILEGE :[4] 'NONE' CLIENT USER:[0] '' CLIENT TERMINAL:[10] 'ANDY-AARON' STATUS:[1] '0' DBID:[10] '1689037571' SESSIONID:[1] '0' USERHOST:[10] 'ANDY-AARON' CLIENT ADDRESS:[0] '' ACTION NUMBER:[1] '3' </string>
windows_event;win_event;E:\Cours\TFE\experiments\phase_dataset_strengthening\processed\multiformat_balanced_20260910T094422Z\samples\windows_event.xml;;588;2025-08-23T14:04:50.353146+00:00;INFO;34;Oracle.xe;Oracle.xe;andy-aaron;8052;0;;;;;;;;;;;;;;;;;;;;;;;;;;;INFORMATIONAL;generic;<string>LENGTH: '438' ACTION :[194] 'select p, NULL, NULL from (select count(*) p from v$rman_status where operation in ('RECOVER FROM PLATFORM', 'BACKUP FOR TRANSPORT', 'BACKUP FROM PLATFORM', 'RESTORE FROM PLATFORM'))' DATABASE USER:[1] '/' PRIVILEGE :[4] 'NONE' CLIENT USER:[0] '' CLIENT TERMINAL:[10] 'ANDY-AARON' STATUS:[1] '0' DBID:[10] '1689037571' SESSIONID:[1] '0' USERHOST:[10] 'ANDY-AARON' CLIENT ADDRESS:[0] '' ACTION NUMBER:[1] '3' </string>
windows_event;win_event;E:\Cours\TFE\experiments\phase_dataset_strengthening\processed\multiformat_balanced_20260910T094422Z\samples\windows_event.xml;;589;2025-08-23T14:04:50.367983+00:00;INFO;34;Oracle.xe;Oracle.xe;andy-aaron;8052;0;;;;;;;;;;;;;;;;;;;;;;;;;;;INFORMATIONAL;generic;<string>LENGTH: '366' ACTION :[122] 'select p, NULL, NULL from (select count(*) p from v$rman_status where operation like 'DUPLICATE DB FROM ACTIVE USING B%')' DATABASE USER:[1] '/' PRIVILEGE :[4] 'NONE' CLIENT USER:[0] '' CLIENT TERMINAL:[10] 'ANDY-AARON' STATUS:[1] '0' DBID:[10] '1689037571' SESSIONID:[1] '0' USERHOST:[10] 'ANDY-AARON' CLIENT ADDRESS:[0] '' ACTION NUMBER:[1] '3' </string>
windows_event;win_event;E:\Cours\TFE\experiments\phase_dataset_strengthening\processed\multiformat_balanced_20260910T094422Z\samples\windows_event.xml;;590;2025-08-23T14:04:50.368538+00:00;INFO;34;Oracle.xe;Oracle.xe;andy-aaron;8052;0;;;;;;;;;;;;;;;;;;;;;;;;;;;INFORMATIONAL;generic;<string>LENGTH: '366' ACTION :[122] 'select p, NULL, NULL from (select count(*) p from v$rman_status where operation like 'DUPLICATE DB FROM ACTIVE USING B%')' DATABASE USER:[1] '/' PRIVILEGE :[4] 'NONE' CLIENT USER:[0] '' CLIENT TERMINAL:[10] 'ANDY-AARON' STATUS:[1] '0' DBID:[10] '1689037571' SESSIONID:[1] '0' USERHOST:[10] 'ANDY-AARON' CLIENT ADDRESS:[0] '' ACTION NUMBER:[1] '3' </string>
windows_event;win_event;E:\Cours\TFE\experiments\phase_dataset_strengthening\processed\multiformat_balanced_20260910T094422Z\samples\windows_event.xml;;591;2025-08-23T14:04:50.372112+00:00;INFO;34;Oracle.xe;Oracle.xe;andy-aaron;8052;0;;;;;;;;;;;;;;;;;;;;;;;;;;;INFORMATIONAL;generic;"<string>LENGTH: '329' ACTION :[85] 'BEGIN DBMS_FEATURE_RESOURCE_MANAGER(:feature_boolean, :aux_cnt, :feature_info); END;' DATABASE USER:[1] '/' PRIVILEGE :[4] 'NONE' CLIENT USER:[0] '' CLIENT TERMINAL:[10] 'ANDY-AARON' STATUS:[1] '0' DBID:[10] '1689037571' SESSIONID:[1] '0' USERHOST:[10] 'ANDY-AARON' CLIENT ADDRESS:[0] '' ACTION NUMBER:[2] '47' </string>"
windows_event;win_event;E:\Cours\TFE\experiments\phase_dataset_strengthening\processed\multiformat_balanced_20260910T094422Z\samples\windows_event.xml;;592;2025-08-23T14:04:50.419355+00:00;INFO;34;Oracle.xe;Oracle.xe;andy-aaron;8052;0;;;;;;;;;;;;;;;;;;;;;;;;;;;INFORMATIONAL;generic;"<string>LENGTH: '669' ACTION :[418] 'select /*+ no_parallel(t) no_parallel_index(t) dbms_stats cursor_sharing_exact use_weak_name_resl dynamic_sampling(0) no_monitoring xmlindex_sel_idx_tbl opt_param('optimizer_inmemory_aware' 'false') no_substrb_pad leading(r t) use_nl(t) rowid(t) */ substrb(dump(t.""ID"",16,0,64),1,240) d_631915705, r.rwid, r.freq from ""SYS"".""WRI$_ADV_OBJECTS"" t, table(:topntab) r where t.rowid = chartorowid(r.rwid) order by t.""ID""' DATABASE USER:[3] 'SYS' PRIVILEGE :[4] 'NONE' CLIENT USER:[0] '' CLIENT TERMINAL:[10] 'ANDY-AARON' STATUS:[1] '0' DBID:[10] '3074368596' SESSIONID:[6] '400276' USERHOST:[10] 'ANDY-AARON' CLIENT ADDRESS:[0] '' ACTION NUMBER:[1] '3' </string>"
windows_event;win_event;E:\Cours\TFE\experiments\phase_dataset_strengthening\processed\multiformat_balanced_20260910T094422Z\samples\windows_event.xml;;593;2025-08-23T14:04:50.910049+00:00;INFO;34;Oracle.xe;Oracle.xe;andy-aaron;8052;0;;;;;;;;;;;;;;;;;;;;;;;;;;;INFORMATIONAL;generic;"<string>LENGTH: '669' ACTION :[418] 'select /*+ no_parallel(t) no_parallel_index(t) dbms_stats cursor_sharing_exact use_weak_name_resl dynamic_sampling(0) no_monitoring xmlindex_sel_idx_tbl opt_param('optimizer_inmemory_aware' 'false') no_substrb_pad leading(r t) use_nl(t) rowid(t) */ substrb(dump(t.""ID"",16,0,64),1,240) d_631915705, r.rwid, r.freq from ""SYS"".""WRI$_ADV_OBJECTS"" t, table(:topntab) r where t.rowid = chartorowid(r.rwid) order by t.""ID""' DATABASE USER:[3] 'SYS' PRIVILEGE :[4] 'NONE' CLIENT USER:[0] '' CLIENT TERMINAL:[10] 'ANDY-AARON' STATUS:[1] '0' DBID:[10] '3074368596' SESSIONID:[6] '400276' USERHOST:[10] 'ANDY-AARON' CLIENT ADDRESS:[0] '' ACTION NUMBER:[1] '3' </string>"
windows_event;win_event;E:\Cours\TFE\experiments\phase_dataset_strengthening\processed\multiformat_balanced_20260910T094422Z\samples\windows_event.xml;;594;2025-08-23T14:04:50.917088+00:00;INFO;34;Oracle.xe;Oracle.xe;andy-aaron;8052;0;;;;;;;;;;;;;;;;;;;;;;;;;;;INFORMATIONAL;generic;"<string>LENGTH: '676' ACTION :[425] 'select /*+ no_parallel(t) no_parallel_index(t) dbms_stats cursor_sharing_exact use_weak_name_resl dynamic_sampling(0) no_monitoring xmlindex_sel_idx_tbl opt_param('optimizer_inmemory_aware' 'false') no_substrb_pad leading(r t) use_nl(t) rowid(t) */ substrb(dump(t.""ATTR9"",16,0,64),1,240) d_3345938527, r.rwid, r.freq from ""SYS"".""WRI$_ADV_OBJECTS"" t, table(:topntab) r where t.rowid = chartorowid(r.rwid) order by t.""ATTR9""' DATABASE USER:[3] 'SYS' PRIVILEGE :[4] 'NONE' CLIENT USER:[0] '' CLIENT TERMINAL:[10] 'ANDY-AARON' STATUS:[1] '0' DBID:[10] '3074368596' SESSIONID:[6] '400276' USERHOST:[10] 'ANDY-AARON' CLIENT ADDRESS:[0] '' ACTION NUMBER:[1] '3' </string>"
windows_event;win_event;E:\Cours\TFE\experiments\phase_dataset_strengthening\processed\multiformat_balanced_20260910T094422Z\samples\windows_event.xml;;595;2025-08-23T14:04:50.919476+00:00;INFO;34;Oracle.xe;Oracle.xe;andy-aaron;8052;0;;;;;;;;;;;;;;;;;;;;;;;;;;;INFORMATIONAL;generic;"<string>LENGTH: '676' ACTION :[425] 'select /*+ no_parallel(t) no_parallel_index(t) dbms_stats cursor_sharing_exact use_weak_name_resl dynamic_sampling(0) no_monitoring xmlindex_sel_idx_tbl opt_param('optimizer_inmemory_aware' 'false') no_substrb_pad leading(r t) use_nl(t) rowid(t) */ substrb(dump(t.""ATTR9"",16,0,64),1,240) d_3345938527, r.rwid, r.freq from ""SYS"".""WRI$_ADV_OBJECTS"" t, table(:topntab) r where t.rowid = chartorowid(r.rwid) order by t.""ATTR9""' DATABASE USER:[3] 'SYS' PRIVILEGE :[4] 'NONE' CLIENT USER:[0] '' CLIENT TERMINAL:[10] 'ANDY-AARON' STATUS:[1] '0' DBID:[10] '3074368596' SESSIONID:[6] '400276' USERHOST:[10] 'ANDY-AARON' CLIENT ADDRESS:[0] '' ACTION NUMBER:[1] '3' </string>"
windows_event;win_event;E:\Cours\TFE\experiments\phase_dataset_strengthening\processed\multiformat_balanced_20260910T094422Z\samples\windows_event.xml;;596;2025-08-23T14:04:50.922688+00:00;INFO;34;Oracle.xe;Oracle.xe;andy-aaron;8052;0;;;;;;;;;;;;;;;;;;;;;;;;;;;INFORMATIONAL;generic;"<string>LENGTH: '712' ACTION :[461] 'select /*+ no_parallel(t) no_parallel_index(t) dbms_stats cursor_sharing_exact use_weak_name_resl dynamic_sampling(0) no_monitoring xmlindex_sel_idx_tbl opt_param('optimizer_inmemory_aware' 'false') no_substrb_pad leading(r t) use_nl(t) rowid(t) */ substrb(dump(substrb(t.""EXEC_NAME"",1,64),16,0,64),1,240) d_2664901495, r.rwid, r.freq from ""SYS"".""WRI$_ADV_OBJECTS"" t, table(:topntab) r where t.rowid = chartorowid(r.rwid) order by substrb(t.""EXEC_NAME"",1,64)' DATABASE USER:[3] 'SYS' PRIVILEGE :[4] 'NONE' CLIENT USER:[0] '' CLIENT TERMINAL:[10] 'ANDY-AARON' STATUS:[1] '0' DBID:[10] '3074368596' SESSIONID:[6] '400276' USERHOST:[10] 'ANDY-AARON' CLIENT ADDRESS:[0] '' ACTION NUMBER:[1] '3' </string>"
windows_event;win_event;E:\Cours\TFE\experiments\phase_dataset_strengthening\processed\multiformat_balanced_20260910T094422Z\samples\windows_event.xml;;597;2025-08-23T14:04:50.924414+00:00;INFO;34;Oracle.xe;Oracle.xe;andy-aaron;8052;0;;;;;;;;;;;;;;;;;;;;;;;;;;;INFORMATIONAL;generic;"<string>LENGTH: '329' ACTION :[85] 'BEGIN DBMS_FEATURE_RESOURCE_MANAGER(:feature_boolean, :aux_cnt, :feature_info); END;' DATABASE USER:[1] '/' PRIVILEGE :[4] 'NONE' CLIENT USER:[0] '' CLIENT TERMINAL:[10] 'ANDY-AARON' STATUS:[1] '0' DBID:[10] '1689037571' SESSIONID:[1] '0' USERHOST:[10] 'ANDY-AARON' CLIENT ADDRESS:[0] '' ACTION NUMBER:[2] '47' </string>"
windows_event;win_event;E:\Cours\TFE\experiments\phase_dataset_strengthening\processed\multiformat_balanced_20260910T094422Z\samples\windows_event.xml;;598;2025-08-23T14:04:50.925779+00:00;INFO;34;Oracle.xe;Oracle.xe;andy-aaron;8052;0;;;;;;;;;;;;;;;;;;;;;;;;;;;INFORMATIONAL;generic;"<string>LENGTH: '712' ACTION :[461] 'select /*+ no_parallel(t) no_parallel_index(t) dbms_stats cursor_sharing_exact use_weak_name_resl dynamic_sampling(0) no_monitoring xmlindex_sel_idx_tbl opt_param('optimizer_inmemory_aware' 'false') no_substrb_pad leading(r t) use_nl(t) rowid(t) */ substrb(dump(substrb(t.""EXEC_NAME"",1,64),16,0,64),1,240) d_2664901495, r.rwid, r.freq from ""SYS"".""WRI$_ADV_OBJECTS"" t, table(:topntab) r where t.rowid = chartorowid(r.rwid) order by substrb(t.""EXEC_NAME"",1,64)' DATABASE USER:[3] 'SYS' PRIVILEGE :[4] 'NONE' CLIENT USER:[0] '' CLIENT TERMINAL:[10] 'ANDY-AARON' STATUS:[1] '0' DBID:[10] '3074368596' SESSIONID:[6] '400276' USERHOST:[10] 'ANDY-AARON' CLIENT ADDRESS:[0] '' ACTION NUMBER:[1] '3' </string>"
windows_event;win_event;E:\Cours\TFE\experiments\phase_dataset_strengthening\processed\multiformat_balanced_20260910T094422Z\samples\windows_event.xml;;599;2025-08-23T14:04:50.928921+00:00;INFO;34;Oracle.xe;Oracle.xe;andy-aaron;8052;0;;;;;;;;;;;;;;;;;;;;;;;;;;;INFORMATIONAL;generic;"<string>LENGTH: '674' ACTION :[423] 'select /*+ no_parallel(t) no_parallel_index(t) dbms_stats cursor_sharing_exact use_weak_name_resl dynamic_sampling(0) no_monitoring xmlindex_sel_idx_tbl opt_param('optimizer_inmemory_aware' 'false') no_substrb_pad leading(r t) use_nl(t) rowid(t) */ substrb(dump(t.""TYPE"",16,0,64),1,240) d_1044299751, r.rwid, r.freq from ""SYS"".""WRI$_ADV_OBJECTS"" t, table(:topntab) r where t.rowid = chartorowid(r.rwid) order by t.""TYPE""' DATABASE USER:[3] 'SYS' PRIVILEGE :[4] 'NONE' CLIENT USER:[0] '' CLIENT TERMINAL:[10] 'ANDY-AARON' STATUS:[1] '0' DBID:[10] '3074368596' SESSIONID:[6] '400276' USERHOST:[10] 'ANDY-AARON' CLIENT ADDRESS:[0] '' ACTION NUMBER:[1] '3' </string>"
windows_event;win_event;E:\Cours\TFE\experiments\phase_dataset_strengthening\processed\multiformat_balanced_20260910T094422Z\samples\windows_event.xml;;600;2025-08-23T14:04:50.930285+00:00;INFO;34;Oracle.xe;Oracle.xe;andy-aaron;8052;0;;;;;;;;;;;;;;;;;;;;;;;;;;;INFORMATIONAL;generic;<string>LENGTH: '325' ACTION :[82] 'select count(*), NULL, NULL from v$rsrc_plan_history where instance_caging = 'ON' ' DATABASE USER:[1] '/' PRIVILEGE :[4] 'NONE' CLIENT USER:[0] '' CLIENT TERMINAL:[10] 'ANDY-AARON' STATUS:[1] '0' DBID:[10] '1689037571' SESSIONID:[1] '0' USERHOST:[10] 'ANDY-AARON' CLIENT ADDRESS:[0] '' ACTION NUMBER:[1] '3' </string>
windows_event;win_event;E:\Cours\TFE\experiments\phase_dataset_strengthening\processed\multiformat_balanced_20260910T094422Z\samples\windows_event.xml;;601;2025-08-23T14:04:50.930704+00:00;INFO;34;Oracle.xe;Oracle.xe;andy-aaron;8052;0;;;;;;;;;;;;;;;;;;;;;;;;;;;INFORMATIONAL;generic;"<string>LENGTH: '674' ACTION :[423] 'select /*+ no_parallel(t) no_parallel_index(t) dbms_stats cursor_sharing_exact use_weak_name_resl dynamic_sampling(0) no_monitoring xmlindex_sel_idx_tbl opt_param('optimizer_inmemory_aware' 'false') no_substrb_pad leading(r t) use_nl(t) rowid(t) */ substrb(dump(t.""TYPE"",16,0,64),1,240) d_1044299751, r.rwid, r.freq from ""SYS"".""WRI$_ADV_OBJECTS"" t, table(:topntab) r where t.rowid = chartorowid(r.rwid) order by t.""TYPE""' DATABASE USER:[3] 'SYS' PRIVILEGE :[4] 'NONE' CLIENT USER:[0] '' CLIENT TERMINAL:[10] 'ANDY-AARON' STATUS:[1] '0' DBID:[10] '3074368596' SESSIONID:[6] '400276' USERHOST:[10] 'ANDY-AARON' CLIENT ADDRESS:[0] '' ACTION NUMBER:[1] '3' </string>"
windows_event;win_event;E:\Cours\TFE\experiments\phase_dataset_strengthening\processed\multiformat_balanced_20260910T094422Z\samples\windows_event.xml;;602;2025-08-23T14:04:50.931046+00:00;INFO;34;Oracle.xe;Oracle.xe;andy-aaron;8052;0;;;;;;;;;;;;;;;;;;;;;;;;;;;INFORMATIONAL;generic;<string>LENGTH: '325' ACTION :[82] 'select count(*), NULL, NULL from v$rsrc_plan_history where instance_caging = 'ON' ' DATABASE USER:[1] '/' PRIVILEGE :[4] 'NONE' CLIENT USER:[0] '' CLIENT TERMINAL:[10] 'ANDY-AARON' STATUS:[1] '0' DBID:[10] '1689037571' SESSIONID:[1] '0' USERHOST:[10] 'ANDY-AARON' CLIENT ADDRESS:[0] '' ACTION NUMBER:[1] '3' </string>
windows_event;win_event;E:\Cours\TFE\experiments\phase_dataset_strengthening\processed\multiformat_balanced_20260910T094422Z\samples\windows_event.xml;;603;2025-08-23T14:04:50.932741+00:00;INFO;34;Oracle.xe;Oracle.xe;andy-aaron;8052;0;;;;;;;;;;;;;;;;;;;;;;;;;;;INFORMATIONAL;generic;"<string>LENGTH: '680' ACTION :[429] 'select /*+ no_parallel(t) no_parallel_index(t) dbms_stats cursor_sharing_exact use_weak_name_resl dynamic_sampling(0) no_monitoring xmlindex_sel_idx_tbl opt_param('optimizer_inmemory_aware' 'false') no_substrb_pad leading(r t) use_nl(t) rowid(t) */ substrb(dump(t.""TASK_ID"",16,0,64),1,240) d_3704798582, r.rwid, r.freq from ""SYS"".""WRI$_ADV_OBJECTS"" t, table(:topntab) r where t.rowid = chartorowid(r.rwid) order by t.""TASK_ID""' DATABASE USER:[3] 'SYS' PRIVILEGE :[4] 'NONE' CLIENT USER:[0] '' CLIENT TERMINAL:[10] 'ANDY-AARON' STATUS:[1] '0' DBID:[10] '3074368596' SESSIONID:[6] '400276' USERHOST:[10] 'ANDY-AARON' CLIENT ADDRESS:[0] '' ACTION NUMBER:[1] '3' </string>"
windows_event;win_event;E:\Cours\TFE\experiments\phase_dataset_strengthening\processed\multiformat_balanced_20260910T094422Z\samples\windows_event.xml;;604;2025-08-23T14:04:50.934532+00:00;INFO;34;Oracle.xe;Oracle.xe;andy-aaron;8052;0;;;;;;;;;;;;;;;;;;;;;;;;;;;INFORMATIONAL;generic;"<string>LENGTH: '680' ACTION :[429] 'select /*+ no_parallel(t) no_parallel_index(t) dbms_stats cursor_sharing_exact use_weak_name_resl dynamic_sampling(0) no_monitoring xmlindex_sel_idx_tbl opt_param('optimizer_inmemory_aware' 'false') no_substrb_pad leading(r t) use_nl(t) rowid(t) */ substrb(dump(t.""TASK_ID"",16,0,64),1,240) d_3704798582, r.rwid, r.freq from ""SYS"".""WRI$_ADV_OBJECTS"" t, table(:topntab) r where t.rowid = chartorowid(r.rwid) order by t.""TASK_ID""' DATABASE USER:[3] 'SYS' PRIVILEGE :[4] 'NONE' CLIENT USER:[0] '' CLIENT TERMINAL:[10] 'ANDY-AARON' STATUS:[1] '0' DBID:[10] '3074368596' SESSIONID:[6] '400276' USERHOST:[10] 'ANDY-AARON' CLIENT ADDRESS:[0] '' ACTION NUMBER:[1] '3' </string>"
windows_event;win_event;E:\Cours\TFE\experiments\phase_dataset_strengthening\processed\multiformat_balanced_20260910T094422Z\samples\windows_event.xml;;605;2025-08-23T14:04:50.938391+00:00;INFO;34;Oracle.xe;Oracle.xe;andy-aaron;8052;0;;;;;;;;;;;;;;;;;;;;;;;;;;;INFORMATIONAL;generic;"<string>LENGTH: '678' ACTION :[427] 'select /*+ no_parallel(t) no_parallel_index(t) dbms_stats cursor_sharing_exact use_weak_name_resl dynamic_sampling(0) no_monitoring xmlindex_sel_idx_tbl opt_param('optimizer_inmemory_aware' 'false') no_substrb_pad leading(r t) use_nl(t) rowid(t) */ substrb(dump(t.""ATTR10"",16,0,64),1,240) d_1230483056, r.rwid, r.freq from ""SYS"".""WRI$_ADV_OBJECTS"" t, table(:topntab) r where t.rowid = chartorowid(r.rwid) order by t.""ATTR10""' DATABASE USER:[3] 'SYS' PRIVILEGE :[4] 'NONE' CLIENT USER:[0] '' CLIENT TERMINAL:[10] 'ANDY-AARON' STATUS:[1] '0' DBID:[10] '3074368596' SESSIONID:[6] '400276' USERHOST:[10] 'ANDY-AARON' CLIENT ADDRESS:[0] '' ACTION NUMBER:[1] '3' </string>"
windows_event;win_event;E:\Cours\TFE\experiments\phase_dataset_strengthening\processed\multiformat_balanced_20260910T094422Z\samples\windows_event.xml;;606;2025-08-23T14:04:50.941042+00:00;INFO;34;Oracle.xe;Oracle.xe;andy-aaron;8052;0;;;;;;;;;;;;;;;;;;;;;;;;;;;INFORMATIONAL;generic;"<string>LENGTH: '678' ACTION :[427] 'select /*+ no_parallel(t) no_parallel_index(t) dbms_stats cursor_sharing_exact use_weak_name_resl dynamic_sampling(0) no_monitoring xmlindex_sel_idx_tbl opt_param('optimizer_inmemory_aware' 'false') no_substrb_pad leading(r t) use_nl(t) rowid(t) */ substrb(dump(t.""ATTR10"",16,0,64),1,240) d_1230483056, r.rwid, r.freq from ""SYS"".""WRI$_ADV_OBJECTS"" t, table(:topntab) r where t.rowid = chartorowid(r.rwid) order by t.""ATTR10""' DATABASE USER:[3] 'SYS' PRIVILEGE :[4] 'NONE' CLIENT USER:[0] '' CLIENT TERMINAL:[10] 'ANDY-AARON' STATUS:[1] '0' DBID:[10] '3074368596' SESSIONID:[6] '400276' USERHOST:[10] 'ANDY-AARON' CLIENT ADDRESS:[0] '' ACTION NUMBER:[1] '3' </string>"
windows_event;win_event;E:\Cours\TFE\experiments\phase_dataset_strengthening\processed\multiformat_balanced_20260910T094422Z\samples\windows_event.xml;;607;2025-08-23T14:04:50.943720+00:00;INFO;34;Oracle.xe;Oracle.xe;andy-aaron;8052;0;;;;;;;;;;;;;;;;;;;;;;;;;;;INFORMATIONAL;generic;"<string>LENGTH: '676' ACTION :[425] 'select /*+ no_parallel(t) no_parallel_index(t) dbms_stats cursor_sharing_exact use_weak_name_resl dynamic_sampling(0) no_monitoring xmlindex_sel_idx_tbl opt_param('optimizer_inmemory_aware' 'false') no_substrb_pad leading(r t) use_nl(t) rowid(t) */ substrb(dump(t.""ATTR7"",16,0,64),1,240) d_3761533824, r.rwid, r.freq from ""SYS"".""WRI$_ADV_OBJECTS"" t, table(:topntab) r where t.rowid = chartorowid(r.rwid) order by t.""ATTR7""' DATABASE USER:[3] 'SYS' PRIVILEGE :[4] 'NONE' CLIENT USER:[0] '' CLIENT TERMINAL:[10] 'ANDY-AARON' STATUS:[1] '0' DBID:[10] '3074368596' SESSIONID:[6] '400276' USERHOST:[10] 'ANDY-AARON' CLIENT ADDRESS:[0] '' ACTION NUMBER:[1] '3' </string>"
windows_event;win_event;E:\Cours\TFE\experiments\phase_dataset_strengthening\processed\multiformat_balanced_20260910T094422Z\samples\windows_event.xml;;608;2025-08-23T14:04:50.945698+00:00;INFO;34;Oracle.xe;Oracle.xe;andy-aaron;8052;0;;;;;;;;;;;;;;;;;;;;;;;;;;;INFORMATIONAL;generic;"<string>LENGTH: '676' ACTION :[425] 'select /*+ no_parallel(t) no_parallel_index(t) dbms_stats cursor_sharing_exact use_weak_name_resl dynamic_sampling(0) no_monitoring xmlindex_sel_idx_tbl opt_param('optimizer_inmemory_aware' 'false') no_substrb_pad leading(r t) use_nl(t) rowid(t) */ substrb(dump(t.""ATTR7"",16,0,64),1,240) d_3761533824, r.rwid, r.freq from ""SYS"".""WRI$_ADV_OBJECTS"" t, table(:topntab) r where t.rowid = chartorowid(r.rwid) order by t.""ATTR7""' DATABASE USER:[3] 'SYS' PRIVILEGE :[4] 'NONE' CLIENT USER:[0] '' CLIENT TERMINAL:[10] 'ANDY-AARON' STATUS:[1] '0' DBID:[10] '3074368596' SESSIONID:[6] '400276' USERHOST:[10] 'ANDY-AARON' CLIENT ADDRESS:[0] '' ACTION NUMBER:[1] '3' </string>"
windows_event;win_event;E:\Cours\TFE\experiments\phase_dataset_strengthening\processed\multiformat_balanced_20260910T094422Z\samples\windows_event.xml;;609;2025-08-23T14:04:50.948917+00:00;INFO;34;Oracle.xe;Oracle.xe;andy-aaron;8052;0;;;;;;;;;;;;;;;;;;;;;;;;;;;INFORMATIONAL;generic;"<string>LENGTH: '704' ACTION :[453] 'select /*+ no_parallel(t) no_parallel_index(t) dbms_stats cursor_sharing_exact use_weak_name_resl dynamic_sampling(0) no_monitoring xmlindex_sel_idx_tbl opt_param('optimizer_inmemory_aware' 'false') no_substrb_pad leading(r t) use_nl(t) rowid(t) */ substrb(dump(substrb(t.""ATTR1"",1,64),16,0,64),1,240) d_2146750833, r.rwid, r.freq from ""SYS"".""WRI$_ADV_OBJECTS"" t, table(:topntab) r where t.rowid = chartorowid(r.rwid) order by substrb(t.""ATTR1"",1,64)' DATABASE USER:[3] 'SYS' PRIVILEGE :[4] 'NONE' CLIENT USER:[0] '' CLIENT TERMINAL:[10] 'ANDY-AARON' STATUS:[1] '0' DBID:[10] '3074368596' SESSIONID:[6] '400276' USERHOST:[10] 'ANDY-AARON' CLIENT ADDRESS:[0] '' ACTION NUMBER:[1] '3' </string>"
windows_event;win_event;E:\Cours\TFE\experiments\phase_dataset_strengthening\processed\multiformat_balanced_20260910T094422Z\samples\windows_event.xml;;610;2025-08-23T14:04:50.951576+00:00;INFO;34;Oracle.xe;Oracle.xe;andy-aaron;8052;0;;;;;;;;;;;;;;;;;;;;;;;;;;;INFORMATIONAL;generic;"<string>LENGTH: '704' ACTION :[453] 'select /*+ no_parallel(t) no_parallel_index(t) dbms_stats cursor_sharing_exact use_weak_name_resl dynamic_sampling(0) no_monitoring xmlindex_sel_idx_tbl opt_param('optimizer_inmemory_aware' 'false') no_substrb_pad leading(r t) use_nl(t) rowid(t) */ substrb(dump(substrb(t.""ATTR1"",1,64),16,0,64),1,240) d_2146750833, r.rwid, r.freq from ""SYS"".""WRI$_ADV_OBJECTS"" t, table(:topntab) r where t.rowid = chartorowid(r.rwid) order by substrb(t.""ATTR1"",1,64)' DATABASE USER:[3] 'SYS' PRIVILEGE :[4] 'NONE' CLIENT USER:[0] '' CLIENT TERMINAL:[10] 'ANDY-AARON' STATUS:[1] '0' DBID:[10] '3074368596' SESSIONID:[6] '400276' USERHOST:[10] 'ANDY-AARON' CLIENT ADDRESS:[0] '' ACTION NUMBER:[1] '3' </string>"
windows_event;win_event;E:\Cours\TFE\experiments\phase_dataset_strengthening\processed\multiformat_balanced_20260910T094422Z\samples\windows_event.xml;;611;2025-08-23T14:04:50.952034+00:00;INFO;34;Oracle.xe;Oracle.xe;andy-aaron;8052;0;;;;;;;;;;;;;;;;;;;;;;;;;;;INFORMATIONAL;generic;<string>LENGTH: '290' ACTION :[47] 'select count(*), NULL, NULL from v$dnfs_servers' DATABASE USER:[1] '/' PRIVILEGE :[4] 'NONE' CLIENT USER:[0] '' CLIENT TERMINAL:[10] 'ANDY-AARON' STATUS:[1] '0' DBID:[10] '1689037571' SESSIONID:[1] '0' USERHOST:[10] 'ANDY-AARON' CLIENT ADDRESS:[0] '' ACTION NUMBER:[1] '3' </string>
windows_event;win_event;E:\Cours\TFE\experiments\phase_dataset_strengthening\processed\multiformat_balanced_20260910T094422Z\samples\windows_event.xml;;612;2025-08-23T14:04:50.953142+00:00;INFO;34;Oracle.xe;Oracle.xe;andy-aaron;8052;0;;;;;;;;;;;;;;;;;;;;;;;;;;;INFORMATIONAL;generic;<string>LENGTH: '290' ACTION :[47] 'select count(*), NULL, NULL from v$dnfs_servers' DATABASE USER:[1] '/' PRIVILEGE :[4] 'NONE' CLIENT USER:[0] '' CLIENT TERMINAL:[10] 'ANDY-AARON' STATUS:[1] '0' DBID:[10] '1689037571' SESSIONID:[1] '0' USERHOST:[10] 'ANDY-AARON' CLIENT ADDRESS:[0] '' ACTION NUMBER:[1] '3' </string>
windows_event;win_event;E:\Cours\TFE\experiments\phase_dataset_strengthening\processed\multiformat_balanced_20260910T094422Z\samples\windows_event.xml;;613;2025-08-23T14:04:50.962469+00:00;INFO;34;Oracle.xe;Oracle.xe;andy-aaron;8052;0;;;;;;;;;;;;;;;;;;;;;;;;;;;INFORMATIONAL;generic;<string>LENGTH: '350' ACTION :[106] 'select count(*), NULL, NULL from pdb_spfile$ where (name = 'max_iops' or name = 'max_mbps') and spare2 = 0' DATABASE USER:[1] '/' PRIVILEGE :[4] 'NONE' CLIENT USER:[0] '' CLIENT TERMINAL:[10] 'ANDY-AARON' STATUS:[1] '0' DBID:[10] '1689037571' SESSIONID:[1] '0' USERHOST:[10] 'ANDY-AARON' CLIENT ADDRESS:[0] '' ACTION NUMBER:[1] '3' </string>
windows_event;win_event;E:\Cours\TFE\experiments\phase_dataset_strengthening\processed\multiformat_balanced_20260910T094422Z\samples\windows_event.xml;;614;2025-08-23T14:04:50.963163+00:00;INFO;34;Oracle.xe;Oracle.xe;andy-aaron;8052;0;;;;;;;;;;;;;;;;;;;;;;;;;;;INFORMATIONAL;generic;<string>LENGTH: '350' ACTION :[106] 'select count(*), NULL, NULL from pdb_spfile$ where (name = 'max_iops' or name = 'max_mbps') and spare2 = 0' DATABASE USER:[1] '/' PRIVILEGE :[4] 'NONE' CLIENT USER:[0] '' CLIENT TERMINAL:[10] 'ANDY-AARON' STATUS:[1] '0' DBID:[10] '1689037571' SESSIONID:[1] '0' USERHOST:[10] 'ANDY-AARON' CLIENT ADDRESS:[0] '' ACTION NUMBER:[1] '3' </string>
windows_event;win_event;E:\Cours\TFE\experiments\phase_dataset_strengthening\processed\multiformat_balanced_20260910T094422Z\samples\windows_event.xml;;615;2025-08-23T14:04:50.976265+00:00;INFO;34;Oracle.xe;Oracle.xe;andy-aaron;8052;0;;;;;;;;;;;;;;;;;;;;;;;;;;;INFORMATIONAL;generic;<string>LENGTH: '348' ACTION :[104] 'select count(*), NULL, NULL from v$system_parameter where name like '%flash_cache_size' and value != '0'' DATABASE USER:[1] '/' PRIVILEGE :[4] 'NONE' CLIENT USER:[0] '' CLIENT TERMINAL:[10] 'ANDY-AARON' STATUS:[1] '0' DBID:[10] '1689037571' SESSIONID:[1] '0' USERHOST:[10] 'ANDY-AARON' CLIENT ADDRESS:[0] '' ACTION NUMBER:[1] '3' </string>
windows_event;win_event;E:\Cours\TFE\experiments\phase_dataset_strengthening\processed\multiformat_balanced_20260910T094422Z\samples\windows_event.xml;;616;2025-08-23T14:04:50.976946+00:00;INFO;34;Oracle.xe;Oracle.xe;andy-aaron;8052;0;;;;;;;;;;;;;;;;;;;;;;;;;;;INFORMATIONAL;generic;<string>LENGTH: '348' ACTION :[104] 'select count(*), NULL, NULL from v$system_parameter where name like '%flash_cache_size' and value != '0'' DATABASE USER:[1] '/' PRIVILEGE :[4] 'NONE' CLIENT USER:[0] '' CLIENT TERMINAL:[10] 'ANDY-AARON' STATUS:[1] '0' DBID:[10] '1689037571' SESSIONID:[1] '0' USERHOST:[10] 'ANDY-AARON' CLIENT ADDRESS:[0] '' ACTION NUMBER:[1] '3' </string>
windows_event;win_event;E:\Cours\TFE\experiments\phase_dataset_strengthening\processed\multiformat_balanced_20260910T094422Z\samples\windows_event.xml;;617;2025-08-23T14:04:51.009583+00:00;INFO;34;Oracle.xe;Oracle.xe;andy-aaron;8052;0;;;;;;;;;;;;;;;;;;;;;;;;;;;INFORMATIONAL;generic;<string>LENGTH: '338' ACTION :[95] 'select count(*), NULL, NULL from v$system_parameter where name = 'spfile' and value is not null' DATABASE USER:[1] '/' PRIVILEGE :[4] 'NONE' CLIENT USER:[0] '' CLIENT TERMINAL:[10] 'ANDY-AARON' STATUS:[1] '0' DBID:[10] '1689037571' SESSIONID:[1] '0' USERHOST:[10] 'ANDY-AARON' CLIENT ADDRESS:[0] '' ACTION NUMBER:[1] '3' </string>
windows_event;win_event;E:\Cours\TFE\experiments\phase_dataset_strengthening\processed\multiformat_balanced_20260910T094422Z\samples\windows_event.xml;;618;2025-08-23T14:04:51.010178+00:00;INFO;34;Oracle.xe;Oracle.xe;andy-aaron;8052;0;;;;;;;;;;;;;;;;;;;;;;;;;;;INFORMATIONAL;generic;<string>LENGTH: '338' ACTION :[95] 'select count(*), NULL, NULL from v$system_parameter where name = 'spfile' and value is not null' DATABASE USER:[1] '/' PRIVILEGE :[4] 'NONE' CLIENT USER:[0] '' CLIENT TERMINAL:[10] 'ANDY-AARON' STATUS:[1] '0' DBID:[10] '1689037571' SESSIONID:[1] '0' USERHOST:[10] 'ANDY-AARON' CLIENT ADDRESS:[0] '' ACTION NUMBER:[1] '3' </string>
windows_event;win_event;E:\Cours\TFE\experiments\phase_dataset_strengthening\processed\multiformat_balanced_20260910T094422Z\samples\windows_event.xml;;619;2025-08-23T14:04:51.038101+00:00;INFO;34;Oracle.xe;Oracle.xe;andy-aaron;8052;0;;;;;;;;;;;;;;;;;;;;;;;;;;;INFORMATIONAL;generic;<string>LENGTH: '333' ACTION :[90] 'select count(maxsize), nvl(sum(maxsize),0), NULL from dba_cpool_info where status='ACTIVE'' DATABASE USER:[1] '/' PRIVILEGE :[4] 'NONE' CLIENT USER:[0] '' CLIENT TERMINAL:[10] 'ANDY-AARON' STATUS:[1] '0' DBID:[10] '1689037571' SESSIONID:[1] '0' USERHOST:[10] 'ANDY-AARON' CLIENT ADDRESS:[0] '' ACTION NUMBER:[1] '3' </string>
windows_event;win_event;E:\Cours\TFE\experiments\phase_dataset_strengthening\processed\multiformat_balanced_20260910T094422Z\samples\windows_event.xml;;620;2025-08-23T14:04:51.038929+00:00;INFO;34;Oracle.xe;Oracle.xe;andy-aaron;8052;0;;;;;;;;;;;;;;;;;;;;;;;;;;;INFORMATIONAL;generic;<string>LENGTH: '333' ACTION :[90] 'select count(maxsize), nvl(sum(maxsize),0), NULL from dba_cpool_info where status='ACTIVE'' DATABASE USER:[1] '/' PRIVILEGE :[4] 'NONE' CLIENT USER:[0] '' CLIENT TERMINAL:[10] 'ANDY-AARON' STATUS:[1] '0' DBID:[10] '1689037571' SESSIONID:[1] '0' USERHOST:[10] 'ANDY-AARON' CLIENT ADDRESS:[0] '' ACTION NUMBER:[1] '3' </string>
windows_event;win_event;E:\Cours\TFE\experiments\phase_dataset_strengthening\processed\multiformat_balanced_20260910T094422Z\samples\windows_event.xml;;621;2025-08-23T14:04:51.067114+00:00;INFO;34;Oracle.xe;Oracle.xe;andy-aaron;8052;0;;;;;;;;;;;;;;;;;;;;;;;;;;;INFORMATIONAL;generic;<string>LENGTH: '335' ACTION :[92] 'select count(*), 0, NULL from mdsys.sdo_feature_usage where used = 'Y' and is_spatial = 'Y' ' DATABASE USER:[1] '/' PRIVILEGE :[4] 'NONE' CLIENT USER:[0] '' CLIENT TERMINAL:[10] 'ANDY-AARON' STATUS:[1] '0' DBID:[10] '1689037571' SESSIONID:[1] '0' USERHOST:[10] 'ANDY-AARON' CLIENT ADDRESS:[0] '' ACTION NUMBER:[1] '3' </string>
windows_event;win_event;E:\Cours\TFE\experiments\phase_dataset_strengthening\processed\multiformat_balanced_20260910T094422Z\samples\windows_event.xml;;622;2025-08-23T14:04:51.068045+00:00;INFO;34;Oracle.xe;Oracle.xe;andy-aaron;8052;0;;;;;;;;;;;;;;;;;;;;;;;;;;;INFORMATIONAL;generic;<string>LENGTH: '335' ACTION :[92] 'select count(*), 0, NULL from mdsys.sdo_feature_usage where used = 'Y' and is_spatial = 'Y' ' DATABASE USER:[1] '/' PRIVILEGE :[4] 'NONE' CLIENT USER:[0] '' CLIENT TERMINAL:[10] 'ANDY-AARON' STATUS:[1] '0' DBID:[10] '1689037571' SESSIONID:[1] '0' USERHOST:[10] 'ANDY-AARON' CLIENT ADDRESS:[0] '' ACTION NUMBER:[1] '3' </string>
windows_event;win_event;E:\Cours\TFE\experiments\phase_dataset_strengthening\processed\multiformat_balanced_20260910T094422Z\samples\windows_event.xml;;623;2025-08-23T14:04:51.078936+00:00;INFO;34;Oracle.xe;Oracle.xe;andy-aaron;8052;0;;;;;;;;;;;;;;;;;;;;;;;;;;;INFORMATIONAL;generic;<string>LENGTH: '335' ACTION :[92] 'select count(*), 0, NULL from mdsys.sdo_feature_usage where used = 'Y' and is_spatial = 'N' ' DATABASE USER:[1] '/' PRIVILEGE :[4] 'NONE' CLIENT USER:[0] '' CLIENT TERMINAL:[10] 'ANDY-AARON' STATUS:[1] '0' DBID:[10] '1689037571' SESSIONID:[1] '0' USERHOST:[10] 'ANDY-AARON' CLIENT ADDRESS:[0] '' ACTION NUMBER:[1] '3' </string>
windows_event;win_event;E:\Cours\TFE\experiments\phase_dataset_strengthening\processed\multiformat_balanced_20260910T094422Z\samples\windows_event.xml;;624;2025-08-23T14:04:51.079601+00:00;INFO;34;Oracle.xe;Oracle.xe;andy-aaron;8052;0;;;;;;;;;;;;;;;;;;;;;;;;;;;INFORMATIONAL;generic;<string>LENGTH: '335' ACTION :[92] 'select count(*), 0, NULL from mdsys.sdo_feature_usage where used = 'Y' and is_spatial = 'N' ' DATABASE USER:[1] '/' PRIVILEGE :[4] 'NONE' CLIENT USER:[0] '' CLIENT TERMINAL:[10] 'ANDY-AARON' STATUS:[1] '0' DBID:[10] '1689037571' SESSIONID:[1] '0' USERHOST:[10] 'ANDY-AARON' CLIENT ADDRESS:[0] '' ACTION NUMBER:[1] '3' </string>
windows_event;win_event;E:\Cours\TFE\experiments\phase_dataset_strengthening\processed\multiformat_balanced_20260910T094422Z\samples\windows_event.xml;;625;2025-08-23T14:04:51.079187+00:00;INFO;6003;Microsoft-Windows-Winlogon;Microsoft-Windows-Winlogon;andy-aaron;18156;0;;;;;;;;;;;;;;;;;;;;;;;;;;;INFORMATIONAL;generic;<string>SessionEnv</string>
windows_event;win_event;E:\Cours\TFE\experiments\phase_dataset_strengthening\processed\multiformat_balanced_20260910T094422Z\samples\windows_event.xml;;626;2025-08-23T14:04:51.108330+00:00;INFO;34;Oracle.xe;Oracle.xe;andy-aaron;8052;0;;;;;;;;;;;;;;;;;;;;;;;;;;;INFORMATIONAL;generic;"<string>LENGTH: '1379' ACTION :[1134] 'SELECT used, sofar_exec, dbf_clob FROM (SELECT num_execs sofar_exec, xmlelement(""advisor_usage"", xmlelement(""reports"", xmlelement(""first_report_time"", to_char(first_report_time, 'dd-mon-yyyy hh24:mi:ss')), xmlelement(""last_report_time"", to_char(last_report_time, 'dd-mon-yyyy hh24:mi:ss')), xmlelement(""num_db_reports"", num_db_reports)) ).getClobVal(2,2) dbf_clob FROM dba_advisor_usage u WHERE u.advisor_name = 'SQL Access Advisor'), (SELECT count(*) used FROM dba_advisor_usage u WHERE u.advisor_name = 'SQL Access Advisor' AND (u.num_execs > 0 or u.num_db_reports > 0) and greatest(nvl(u.last_exec_time, sysdate - 1000), nvl(u.last_report_time, sysdate - 1000)) >= (select nvl(max(last_sample_date), sysdate-7) from wri$_dbu_usage_sample) )' DATABASE USER:[1] '/' PRIVILEGE :[4] 'NONE' CLIENT USER:[0] '' CLIENT TERMINAL:[10] 'ANDY-AARON' STATUS:[1] '0' DBID:[10] '1689037571' SESSIONID:[1] '0' USERHOST:[10] 'ANDY-AARON' CLIENT ADDRESS:[0] '' ACTION NUMBER:[1] '3' </string>"
windows_event;win_event;E:\Cours\TFE\experiments\phase_dataset_strengthening\processed\multiformat_balanced_20260910T094422Z\samples\windows_event.xml;;627;2025-08-23T14:04:51.109085+00:00;INFO;34;Oracle.xe;Oracle.xe;andy-aaron;8052;0;;;;;;;;;;;;;;;;;;;;;;;;;;;INFORMATIONAL;generic;"<string>LENGTH: '1379' ACTION :[1134] 'SELECT used, sofar_exec, dbf_clob FROM (SELECT num_execs sofar_exec, xmlelement(""advisor_usage"", xmlelement(""reports"", xmlelement(""first_report_time"", to_char(first_report_time, 'dd-mon-yyyy hh24:mi:ss')), xmlelement(""last_report_time"", to_char(last_report_time, 'dd-mon-yyyy hh24:mi:ss')), xmlelement(""num_db_reports"", num_db_reports)) ).getClobVal(2,2) dbf_clob FROM dba_advisor_usage u WHERE u.advisor_name = 'SQL Access Advisor'), (SELECT count(*) used FROM dba_advisor_usage u WHERE u.advisor_name = 'SQL Access Advisor' AND (u.num_execs > 0 or u.num_db_reports > 0) and greatest(nvl(u.last_exec_time, sysdate - 1000), nvl(u.last_report_time, sysdate - 1000)) >= (select nvl(max(last_sample_date), sysdate-7) from wri$_dbu_usage_sample) )' DATABASE USER:[1] '/' PRIVILEGE :[4] 'NONE' CLIENT USER:[0] '' CLIENT TERMINAL:[10] 'ANDY-AARON' STATUS:[1] '0' DBID:[10] '1689037571' SESSIONID:[1] '0' USERHOST:[10] 'ANDY-AARON' CLIENT ADDRESS:[0] '' ACTION NUMBER:[1] '3' </string>"
windows_event;win_event;E:\Cours\TFE\experiments\phase_dataset_strengthening\processed\multiformat_balanced_20260910T094422Z\samples\windows_event.xml;;628;2025-08-23T14:04:51.141356+00:00;INFO;34;Oracle.xe;Oracle.xe;andy-aaron;8052;0;;;;;;;;;;;;;;;;;;;;;;;;;;;INFORMATIONAL;generic;"<string>LENGTH: '1379' ACTION :[1134] 'SELECT used, sofar_exec, dbf_clob FROM (SELECT num_execs sofar_exec, xmlelement(""advisor_usage"", xmlelement(""reports"", xmlelement(""first_report_time"", to_char(first_report_time, 'dd-mon-yyyy hh24:mi:ss')), xmlelement(""last_report_time"", to_char(last_report_time, 'dd-mon-yyyy hh24:mi:ss')), xmlelement(""num_db_reports"", num_db_reports)) ).getClobVal(2,2) dbf_clob FROM dba_advisor_usage u WHERE u.advisor_name = 'SQL Tuning Advisor'), (SELECT count(*) used FROM dba_advisor_usage u WHERE u.advisor_name = 'SQL Tuning Advisor' AND (u.num_execs > 0 or u.num_db_reports > 0) and greatest(nvl(u.last_exec_time, sysdate - 1000), nvl(u.last_report_time, sysdate - 1000)) >= (select nvl(max(last_sample_date), sysdate-7) from wri$_dbu_usage_sample) )' DATABASE USER:[1] '/' PRIVILEGE :[4] 'NONE' CLIENT USER:[0] '' CLIENT TERMINAL:[10] 'ANDY-AARON' STATUS:[1] '0' DBID:[10] '1689037571' SESSIONID:[1] '0' USERHOST:[10] 'ANDY-AARON' CLIENT ADDRESS:[0] '' ACTION NUMBER:[1] '3' </string>"
windows_event;win_event;E:\Cours\TFE\experiments\phase_dataset_strengthening\processed\multiformat_balanced_20260910T094422Z\samples\windows_event.xml;;629;2025-08-23T14:04:51.142151+00:00;INFO;34;Oracle.xe;Oracle.xe;andy-aaron;8052;0;;;;;;;;;;;;;;;;;;;;;;;;;;;INFORMATIONAL;generic;"<string>LENGTH: '1379' ACTION :[1134] 'SELECT used, sofar_exec, dbf_clob FROM (SELECT num_execs sofar_exec, xmlelement(""advisor_usage"", xmlelement(""reports"", xmlelement(""first_report_time"", to_char(first_report_time, 'dd-mon-yyyy hh24:mi:ss')), xmlelement(""last_report_time"", to_char(last_report_time, 'dd-mon-yyyy hh24:mi:ss')), xmlelement(""num_db_reports"", num_db_reports)) ).getClobVal(2,2) dbf_clob FROM dba_advisor_usage u WHERE u.advisor_name = 'SQL Tuning Advisor'), (SELECT count(*) used FROM dba_advisor_usage u WHERE u.advisor_name = 'SQL Tuning Advisor' AND (u.num_execs > 0 or u.num_db_reports > 0) and greatest(nvl(u.last_exec_time, sysdate - 1000), nvl(u.last_report_time, sysdate - 1000)) >= (select nvl(max(last_sample_date), sysdate-7) from wri$_dbu_usage_sample) )' DATABASE USER:[1] '/' PRIVILEGE :[4] 'NONE' CLIENT USER:[0] '' CLIENT TERMINAL:[10] 'ANDY-AARON' STATUS:[1] '0' DBID:[10] '1689037571' SESSIONID:[1] '0' USERHOST:[10] 'ANDY-AARON' CLIENT ADDRESS:[0] '' ACTION NUMBER:[1] '3' </string>"
windows_event;win_event;E:\Cours\TFE\experiments\phase_dataset_strengthening\processed\multiformat_balanced_20260910T094422Z\samples\windows_event.xml;;630;2025-08-23T14:04:51.161270+00:00;INFO;34;Oracle.xe;Oracle.xe;andy-aaron;8052;0;;;;;;;;;;;;;;;;;;;;;;;;;;;INFORMATIONAL;generic;"<string>LENGTH: '1363' ACTION :[1118] 'SELECT used, sofar_exec, dbf_clob FROM (SELECT num_execs sofar_exec, xmlelement(""advisor_usage"", xmlelement(""reports"", xmlelement(""first_report_time"", to_char(first_report_time, 'dd-mon-yyyy hh24:mi:ss')), xmlelement(""last_report_time"", to_char(last_report_time, 'dd-mon-yyyy hh24:mi:ss')), xmlelement(""num_db_reports"", num_db_reports)) ).getClobVal(2,2) dbf_clob FROM dba_advisor_usage u WHERE u.advisor_name = 'Tune MView'), (SELECT count(*) used FROM dba_advisor_usage u WHERE u.advisor_name = 'Tune MView' AND (u.num_execs > 0 or u.num_db_reports > 0) and greatest(nvl(u.last_exec_time, sysdate - 1000), nvl(u.last_report_time, sysdate - 1000)) >= (select nvl(max(last_sample_date), sysdate-7) from wri$_dbu_usage_sample) )' DATABASE USER:[1] '/' PRIVILEGE :[4] 'NONE' CLIENT USER:[0] '' CLIENT TERMINAL:[10] 'ANDY-AARON' STATUS:[1] '0' DBID:[10] '1689037571' SESSIONID:[1] '0' USERHOST:[10] 'ANDY-AARON' CLIENT ADDRESS:[0] '' ACTION NUMBER:[1] '3' </string>"
windows_event;win_event;E:\Cours\TFE\experiments\phase_dataset_strengthening\processed\multiformat_balanced_20260910T094422Z\samples\windows_event.xml;;631;2025-08-23T14:04:51.162037+00:00;INFO;34;Oracle.xe;Oracle.xe;andy-aaron;8052;0;;;;;;;;;;;;;;;;;;;;;;;;;;;INFORMATIONAL;generic;"<string>LENGTH: '1363' ACTION :[1118] 'SELECT used, sofar_exec, dbf_clob FROM (SELECT num_execs sofar_exec, xmlelement(""advisor_usage"", xmlelement(""reports"", xmlelement(""first_report_time"", to_char(first_report_time, 'dd-mon-yyyy hh24:mi:ss')), xmlelement(""last_report_time"", to_char(last_report_time, 'dd-mon-yyyy hh24:mi:ss')), xmlelement(""num_db_reports"", num_db_reports)) ).getClobVal(2,2) dbf_clob FROM dba_advisor_usage u WHERE u.advisor_name = 'Tune MView'), (SELECT count(*) used FROM dba_advisor_usage u WHERE u.advisor_name = 'Tune MView' AND (u.num_execs > 0 or u.num_db_reports > 0) and greatest(nvl(u.last_exec_time, sysdate - 1000), nvl(u.last_report_time, sysdate - 1000)) >= (select nvl(max(last_sample_date), sysdate-7) from wri$_dbu_usage_sample) )' DATABASE USER:[1] '/' PRIVILEGE :[4] 'NONE' CLIENT USER:[0] '' CLIENT TERMINAL:[10] 'ANDY-AARON' STATUS:[1] '0' DBID:[10] '1689037571' SESSIONID:[1] '0' USERHOST:[10] 'ANDY-AARON' CLIENT ADDRESS:[0] '' ACTION NUMBER:[1] '3' </string>"
windows_event;win_event;E:\Cours\TFE\experiments\phase_dataset_strengthening\processed\multiformat_balanced_20260910T094422Z\samples\windows_event.xml;;632;2025-08-23T14:04:51.176523+00:00;INFO;34;Oracle.xe;Oracle.xe;andy-aaron;8052;0;;;;;;;;;;;;;;;;;;;;;;;;;;;INFORMATIONAL;generic;"<string>LENGTH: '1379' ACTION :[1134] 'SELECT used, sofar_exec, dbf_clob FROM (SELECT num_execs sofar_exec, xmlelement(""advisor_usage"", xmlelement(""reports"", xmlelement(""first_report_time"", to_char(first_report_time, 'dd-mon-yyyy hh24:mi:ss')), xmlelement(""last_report_time"", to_char(last_report_time, 'dd-mon-yyyy hh24:mi:ss')), xmlelement(""num_db_reports"", num_db_reports)) ).getClobVal(2,2) dbf_clob FROM dba_advisor_usage u WHERE u.advisor_name = 'SQL Repair Advisor'), (SELECT count(*) used FROM dba_advisor_usage u WHERE u.advisor_name = 'SQL Repair Advisor' AND (u.num_execs > 0 or u.num_db_reports > 0) and greatest(nvl(u.last_exec_time, sysdate - 1000), nvl(u.last_report_time, sysdate - 1000)) >= (select nvl(max(last_sample_date), sysdate-7) from wri$_dbu_usage_sample) )' DATABASE USER:[1] '/' PRIVILEGE :[4] 'NONE' CLIENT USER:[0] '' CLIENT TERMINAL:[10] 'ANDY-AARON' STATUS:[1] '0' DBID:[10] '1689037571' SESSIONID:[1] '0' USERHOST:[10] 'ANDY-AARON' CLIENT ADDRESS:[0] '' ACTION NUMBER:[1] '3' </string>"
windows_event;win_event;E:\Cours\TFE\experiments\phase_dataset_strengthening\processed\multiformat_balanced_20260910T094422Z\samples\windows_event.xml;;633;2025-08-23T14:04:51.177080+00:00;INFO;34;Oracle.xe;Oracle.xe;andy-aaron;8052;0;;;;;;;;;;;;;;;;;;;;;;;;;;;INFORMATIONAL;generic;"<string>LENGTH: '1379' ACTION :[1134] 'SELECT used, sofar_exec, dbf_clob FROM (SELECT num_execs sofar_exec, xmlelement(""advisor_usage"", xmlelement(""reports"", xmlelement(""first_report_time"", to_char(first_report_time, 'dd-mon-yyyy hh24:mi:ss')), xmlelement(""last_report_time"", to_char(last_report_time, 'dd-mon-yyyy hh24:mi:ss')), xmlelement(""num_db_reports"", num_db_reports)) ).getClobVal(2,2) dbf_clob FROM dba_advisor_usage u WHERE u.advisor_name = 'SQL Repair Advisor'), (SELECT count(*) used FROM dba_advisor_usage u WHERE u.advisor_name = 'SQL Repair Advisor' AND (u.num_execs > 0 or u.num_db_reports > 0) and greatest(nvl(u.last_exec_time, sysdate - 1000), nvl(u.last_report_time, sysdate - 1000)) >= (select nvl(max(last_sample_date), sysdate-7) from wri$_dbu_usage_sample) )' DATABASE USER:[1] '/' PRIVILEGE :[4] 'NONE' CLIENT USER:[0] '' CLIENT TERMINAL:[10] 'ANDY-AARON' STATUS:[1] '0' DBID:[10] '1689037571' SESSIONID:[1] '0' USERHOST:[10] 'ANDY-AARON' CLIENT ADDRESS:[0] '' ACTION NUMBER:[1] '3' </string>"
windows_event;win_event;E:\Cours\TFE\experiments\phase_dataset_strengthening\processed\multiformat_balanced_20260910T094422Z\samples\windows_event.xml;;634;2025-08-23T14:04:51.182028+00:00;INFO;34;Oracle.xe;Oracle.xe;andy-aaron;8052;0;;;;;;;;;;;;;;;;;;;;;;;;;;;INFORMATIONAL;generic;<string>LENGTH: '288' ACTION :[43] 'select count(*), NULL, NULL from dba_repcat' DATABASE USER:[1] '/' PRIVILEGE :[4] 'NONE' CLIENT USER:[0] '' CLIENT TERMINAL:[10] 'ANDY-AARON' STATUS:[3] '942' DBID:[10] '1689037571' SESSIONID:[1] '0' USERHOST:[10] 'ANDY-AARON' CLIENT ADDRESS:[0] '' ACTION NUMBER:[1] '3' </string>
windows_event;win_event;E:\Cours\TFE\experiments\phase_dataset_strengthening\processed\multiformat_balanced_20260910T094422Z\samples\windows_event.xml;;635;2025-08-23T14:04:51.210590+00:00;INFO;34;Oracle.xe;Oracle.xe;andy-aaron;8052;0;;;;;;;;;;;;;;;;;;;;;;;;;;;INFORMATIONAL;generic;<string>LENGTH: '1005' ACTION :[761] 'select count (*), NULL, NULL from v$session_connect_info where network_service_banner like '%AES256 encryption%' or network_service_banner like '%AES192 encryption%' or network_service_banner like '%AES128 encryption%' or network_service_banner like '%RC4_256 encryption%' or network_service_banner like '%RC4_128 encryption%' or network_service_banner like '%3DES168 encryption%' or network_service_banner like '%3DES112 encryption%' or network_service_banner like '%RC4_56 encryption%' or network_service_banner like '%RC4_40 encryption%' or network_service_banner like '%DES encryption%' or network_service_banner like '%DES40 encryption%' or network_service_banner like '%SHA1 crypto-checksumming%' or network_service_banner like '%MD5 crypto-checksumming%'' DATABASE USER:[1] '/' PRIVILEGE :[4] 'NONE' CLIENT USER:[0] '' CLIENT TERMINAL:[10] 'ANDY-AARON' STATUS:[1] '0' DBID:[10] '1689037571' SESSIONID:[1] '0' USERHOST:[10] 'ANDY-AARON' CLIENT ADDRESS:[0] '' ACTION NUMBER:[1] '3' </string>
windows_event;win_event;E:\Cours\TFE\experiments\phase_dataset_strengthening\processed\multiformat_balanced_20260910T094422Z\samples\windows_event.xml;;636;2025-08-23T14:04:51.211187+00:00;INFO;34;Oracle.xe;Oracle.xe;andy-aaron;8052;0;;;;;;;;;;;;;;;;;;;;;;;;;;;INFORMATIONAL;generic;<string>LENGTH: '1005' ACTION :[761] 'select count (*), NULL, NULL from v$session_connect_info where network_service_banner like '%AES256 encryption%' or network_service_banner like '%AES192 encryption%' or network_service_banner like '%AES128 encryption%' or network_service_banner like '%RC4_256 encryption%' or network_service_banner like '%RC4_128 encryption%' or network_service_banner like '%3DES168 encryption%' or network_service_banner like '%3DES112 encryption%' or network_service_banner like '%RC4_56 encryption%' or network_service_banner like '%RC4_40 encryption%' or network_service_banner like '%DES encryption%' or network_service_banner like '%DES40 encryption%' or network_service_banner like '%SHA1 crypto-checksumming%' or network_service_banner like '%MD5 crypto-checksumming%'' DATABASE USER:[1] '/' PRIVILEGE :[4] 'NONE' CLIENT USER:[0] '' CLIENT TERMINAL:[10] 'ANDY-AARON' STATUS:[1] '0' DBID:[10] '1689037571' SESSIONID:[1] '0' USERHOST:[10] 'ANDY-AARON' CLIENT ADDRESS:[0] '' ACTION NUMBER:[1] '3' </string>
windows_event;win_event;E:\Cours\TFE\experiments\phase_dataset_strengthening\processed\multiformat_balanced_20260910T094422Z\samples\windows_event.xml;;637;2025-08-23T14:04:51.217327+00:00;INFO;34;Oracle.xe;Oracle.xe;andy-aaron;8052;0;;;;;;;;;;;;;;;;;;;;;;;;;;;INFORMATIONAL;generic;"<string>LENGTH: '316' ACTION :[72] 'BEGIN DBMS_FEATURE_THP(:feature_boolean, :aux_cnt, :feature_info); END;' DATABASE USER:[1] '/' PRIVILEGE :[4] 'NONE' CLIENT USER:[0] '' CLIENT TERMINAL:[10] 'ANDY-AARON' STATUS:[1] '0' DBID:[10] '1689037571' SESSIONID:[1] '0' USERHOST:[10] 'ANDY-AARON' CLIENT ADDRESS:[0] '' ACTION NUMBER:[2] '47' </string>"
windows_event;win_event;E:\Cours\TFE\experiments\phase_dataset_strengthening\processed\multiformat_balanced_20260910T094422Z\samples\windows_event.xml;;638;2025-08-23T14:04:51.279968+00:00;INFO;0;HotKeyServiceUWP;HotKeyServiceUWP;andy-aaron;3992;0;;;;;;;;;;;;;;;;;;;;;;;;;;;INFORMATIONAL;generic;<string>OnSessionChange - Type = 0x5</string>
windows_event;win_event;E:\Cours\TFE\experiments\phase_dataset_strengthening\processed\multiformat_balanced_20260910T094422Z\samples\windows_event.xml;;639;2025-08-23T14:04:51.283609+00:00;INFO;0;HotKeyServiceUWP;HotKeyServiceUWP;andy-aaron;14048;0;;;;;;;;;;;;;;;;;;;;;;;;;;;INFORMATIONAL;generic;<string>OnSessionChange - Type = 0x5</string>
windows_event;win_event;E:\Cours\TFE\experiments\phase_dataset_strengthening\processed\multiformat_balanced_20260910T094422Z\samples\windows_event.xml;;640;2025-08-23T14:04:51.300720+00:00;INFO;0;SynTPEnhService;SynTPEnhService;andy-aaron;2892;0;;;;;;;;;;;;;;;;;;;;;;;;;;;INFORMATIONAL;generic;<string>SynTPEnhService</string> <string>Session Changed User Log on</string>
windows_event;win_event;E:\Cours\TFE\experiments\phase_dataset_strengthening\processed\multiformat_balanced_20260910T094422Z\samples\windows_event.xml;;641;2025-08-23T14:04:51.327364+00:00;INFO;0;SynTPEnhService;SynTPEnhService;andy-aaron;2892;0;;;;;;;;;;;;;;;;;;;;;;;;;;;INFORMATIONAL;generic;<string>SynTPEnhService</string> <string>Log on New Session:10 Launch Enh</string>
windows_event;win_event;E:\Cours\TFE\experiments\phase_dataset_strengthening\processed\multiformat_balanced_20260910T094422Z\samples\windows_event.xml;;642;2025-08-23T14:04:51.518713+00:00;INFO;34;Oracle.xe;Oracle.xe;andy-aaron;8052;0;;;;;;;;;;;;;;;;;;;;;;;;;;;INFORMATIONAL;generic;"<string>LENGTH: '690' ACTION :[439] 'select /*+ no_parallel(t) no_parallel_index(t) dbms_stats cursor_sharing_exact use_weak_name_resl dynamic_sampling(0) no_monitoring xmlindex_sel_idx_tbl opt_param('optimizer_inmemory_aware' 'false') no_substrb_pad leading(r t) use_nl(t) rowid(t) */ substrb(dump(t.""SYS_NC00022$"",16,0,64),1,240) d_832412856, r.rwid, r.freq from ""SYS"".""SCHEDULER$_WINDOW"" t, table(:topntab) r where t.rowid = chartorowid(r.rwid) order by t.""SYS_NC00022$""' DATABASE USER:[3] 'SYS' PRIVILEGE :[4] 'NONE' CLIENT USER:[0] '' CLIENT TERMINAL:[10] 'ANDY-AARON' STATUS:[1] '0' DBID:[10] '3074368596' SESSIONID:[6] '400276' USERHOST:[10] 'ANDY-AARON' CLIENT ADDRESS:[0] '' ACTION NUMBER:[1] '3' </string>"
windows_event;win_event;E:\Cours\TFE\experiments\phase_dataset_strengthening\processed\multiformat_balanced_20260910T094422Z\samples\windows_event.xml;;643;2025-08-23T14:04:51.544662+00:00;INFO;34;Oracle.xe;Oracle.xe;andy-aaron;8052;0;;;;;;;;;;;;;;;;;;;;;;;;;;;INFORMATIONAL;generic;"<string>LENGTH: '690' ACTION :[439] 'select /*+ no_parallel(t) no_parallel_index(t) dbms_stats cursor_sharing_exact use_weak_name_resl dynamic_sampling(0) no_monitoring xmlindex_sel_idx_tbl opt_param('optimizer_inmemory_aware' 'false') no_substrb_pad leading(r t) use_nl(t) rowid(t) */ substrb(dump(t.""SYS_NC00022$"",16,0,64),1,240) d_832412856, r.rwid, r.freq from ""SYS"".""SCHEDULER$_WINDOW"" t, table(:topntab) r where t.rowid = chartorowid(r.rwid) order by t.""SYS_NC00022$""' DATABASE USER:[3] 'SYS' PRIVILEGE :[4] 'NONE' CLIENT USER:[0] '' CLIENT TERMINAL:[10] 'ANDY-AARON' STATUS:[1] '0' DBID:[10] '3074368596' SESSIONID:[6] '400276' USERHOST:[10] 'ANDY-AARON' CLIENT ADDRESS:[0] '' ACTION NUMBER:[1] '3' </string>"
windows_event;win_event;E:\Cours\TFE\experiments\phase_dataset_strengthening\processed\multiformat_balanced_20260910T094422Z\samples\windows_event.xml;;644;2025-08-23T14:04:51.555347+00:00;INFO;34;Oracle.xe;Oracle.xe;andy-aaron;8052;0;;;;;;;;;;;;;;;;;;;;;;;;;;;INFORMATIONAL;generic;"<string>LENGTH: '677' ACTION :[426] 'select /*+ no_parallel(t) no_parallel_index(t) dbms_stats cursor_sharing_exact use_weak_name_resl dynamic_sampling(0) no_monitoring xmlindex_sel_idx_tbl opt_param('optimizer_inmemory_aware' 'false') no_substrb_pad leading(r t) use_nl(t) rowid(t) */ substrb(dump(t.""FLAGS"",16,0,64),1,240) d_2385161744, r.rwid, r.freq from ""SYS"".""SCHEDULER$_WINDOW"" t, table(:topntab) r where t.rowid = chartorowid(r.rwid) order by t.""FLAGS""' DATABASE USER:[3] 'SYS' PRIVILEGE :[4] 'NONE' CLIENT USER:[0] '' CLIENT TERMINAL:[10] 'ANDY-AARON' STATUS:[1] '0' DBID:[10] '3074368596' SESSIONID:[6] '400276' USERHOST:[10] 'ANDY-AARON' CLIENT ADDRESS:[0] '' ACTION NUMBER:[1] '3' </string>"
windows_event;win_event;E:\Cours\TFE\experiments\phase_dataset_strengthening\processed\multiformat_balanced_20260910T094422Z\samples\windows_event.xml;;645;2025-08-23T14:04:51.566246+00:00;INFO;34;Oracle.xe;Oracle.xe;andy-aaron;8052;0;;;;;;;;;;;;;;;;;;;;;;;;;;;INFORMATIONAL;generic;"<string>LENGTH: '677' ACTION :[426] 'select /*+ no_parallel(t) no_parallel_index(t) dbms_stats cursor_sharing_exact use_weak_name_resl dynamic_sampling(0) no_monitoring xmlindex_sel_idx_tbl opt_param('optimizer_inmemory_aware' 'false') no_substrb_pad leading(r t) use_nl(t) rowid(t) */ substrb(dump(t.""FLAGS"",16,0,64),1,240) d_2385161744, r.rwid, r.freq from ""SYS"".""SCHEDULER$_WINDOW"" t, table(:topntab) r where t.rowid = chartorowid(r.rwid) order by t.""FLAGS""' DATABASE USER:[3] 'SYS' PRIVILEGE :[4] 'NONE' CLIENT USER:[0] '' CLIENT TERMINAL:[10] 'ANDY-AARON' STATUS:[1] '0' DBID:[10] '3074368596' SESSIONID:[6] '400276' USERHOST:[10] 'ANDY-AARON' CLIENT ADDRESS:[0] '' ACTION NUMBER:[1] '3' </string>"
windows_event;win_event;E:\Cours\TFE\experiments\phase_dataset_strengthening\processed\multiformat_balanced_20260910T094422Z\samples\windows_event.xml;;646;2025-08-23T14:04:51.582031+00:00;INFO;0;igfxCUIService2.0.0.0;igfxCUIService2.0.0.0;andy-aaron;2636;0;;;;;;;;;;;;;;;;;;;;;;;;;;;INFORMATIONAL;generic;<string>Log on event received User1 </string>
windows_event;win_event;E:\Cours\TFE\experiments\phase_dataset_strengthening\processed\multiformat_balanced_20260910T094422Z\samples\windows_event.xml;;647;2025-08-23T14:04:51.619764+00:00;INFO;0;igfxCUIService2.0.0.0;igfxCUIService2.0.0.0;andy-aaron;2636;0;;;;;;;;;;;;;;;;;;;;;;;;;;;INFORMATIONAL;generic;<string>Logon: 10 </string>
windows_event;win_event;E:\Cours\TFE\experiments\phase_dataset_strengthening\processed\multiformat_balanced_20260910T094422Z\samples\windows_event.xml;;648;2025-08-23T14:04:51.671518+00:00;INFO;6000;Microsoft-Windows-Winlogon;Microsoft-Windows-Winlogon;andy-aaron;18156;0;;;;;;;;;;;;;;;;;;;;;;;;;;;INFORMATIONAL;generic;<string>SessionEnv</string>
windows_event;win_event;E:\Cours\TFE\experiments\phase_dataset_strengthening\processed\multiformat_balanced_20260910T094422Z\samples\windows_event.xml;;649;2025-08-23T14:04:51.769459+00:00;INFO;0;igfxCUIService2.0.0.0;igfxCUIService2.0.0.0;andy-aaron;2636;0;;;;;;;;;;;;;;;;;;;;;;;;;;;INFORMATIONAL;generic;<string>Received Post Shell Event 10 </string>
windows_event;win_event;E:\Cours\TFE\experiments\phase_dataset_strengthening\processed\multiformat_balanced_20260910T094422Z\samples\windows_event.xml;;650;2025-08-23T14:04:51.778009+00:00;INFO;0;HotKeyServiceUWP;HotKeyServiceUWP;andy-aaron;14048;0;;;;;;;;;;;;;;;;;;;;;;;;;;;INFORMATIONAL;generic;<string>HP Audio Analytics Service in OnStop</string>
windows_event;win_event;E:\Cours\TFE\experiments\phase_dataset_strengthening\processed\multiformat_balanced_20260910T094422Z\samples\windows_event.xml;;651;2025-08-23T14:04:51.975613+00:00;INFO;34;Oracle.xe;Oracle.xe;andy-aaron;8052;0;;;;;;;;;;;;;;;;;;;;;;;;;;;INFORMATIONAL;generic;"<string>LENGTH: '680' ACTION :[429] 'select /*+ no_parallel(t) no_parallel_index(t) dbms_stats cursor_sharing_exact use_weak_name_resl dynamic_sampling(0) no_monitoring xmlindex_sel_idx_tbl opt_param('optimizer_inmemory_aware' 'false') no_substrb_pad leading(r t) use_nl(t) rowid(t) */ substrb(dump(t.""DBID"",16,0,64),1,240) d_3099381843, r.rwid, r.freq from ""SYS"".""WRM$_DATABASE_INSTANCE"" t, table(:topntab) r where t.rowid = chartorowid(r.rwid) order by t.""DBID""' DATABASE USER:[3] 'SYS' PRIVILEGE :[4] 'NONE' CLIENT USER:[0] '' CLIENT TERMINAL:[10] 'ANDY-AARON' STATUS:[1] '0' DBID:[10] '3074368596' SESSIONID:[6] '400276' USERHOST:[10] 'ANDY-AARON' CLIENT ADDRESS:[0] '' ACTION NUMBER:[1] '3' </string>"
windows_event;win_event;E:\Cours\TFE\experiments\phase_dataset_strengthening\processed\multiformat_balanced_20260910T094422Z\samples\windows_event.xml;;652;2025-08-23T14:04:51.986746+00:00;INFO;34;Oracle.xe;Oracle.xe;andy-aaron;8052;0;;;;;;;;;;;;;;;;;;;;;;;;;;;INFORMATIONAL;generic;"<string>LENGTH: '680' ACTION :[429] 'select /*+ no_parallel(t) no_parallel_index(t) dbms_stats cursor_sharing_exact use_weak_name_resl dynamic_sampling(0) no_monitoring xmlindex_sel_idx_tbl opt_param('optimizer_inmemory_aware' 'false') no_substrb_pad leading(r t) use_nl(t) rowid(t) */ substrb(dump(t.""DBID"",16,0,64),1,240) d_3099381843, r.rwid, r.freq from ""SYS"".""WRM$_DATABASE_INSTANCE"" t, table(:topntab) r where t.rowid = chartorowid(r.rwid) order by t.""DBID""' DATABASE USER:[3] 'SYS' PRIVILEGE :[4] 'NONE' CLIENT USER:[0] '' CLIENT TERMINAL:[10] 'ANDY-AARON' STATUS:[1] '0' DBID:[10] '3074368596' SESSIONID:[6] '400276' USERHOST:[10] 'ANDY-AARON' CLIENT ADDRESS:[0] '' ACTION NUMBER:[1] '3' </string>"
windows_event;win_event;E:\Cours\TFE\experiments\phase_dataset_strengthening\processed\multiformat_balanced_20260910T094422Z\samples\windows_event.xml;;653;2025-08-23T14:04:51.990398+00:00;INFO;34;Oracle.xe;Oracle.xe;andy-aaron;8052;0;;;;;;;;;;;;;;;;;;;;;;;;;;;INFORMATIONAL;generic;"<string>LENGTH: '702' ACTION :[451] 'select /*+ no_parallel(t) no_parallel_index(t) dbms_stats cursor_sharing_exact use_weak_name_resl dynamic_sampling(0) no_monitoring xmlindex_sel_idx_tbl opt_param('optimizer_inmemory_aware' 'false') no_substrb_pad leading(r t) use_nl(t) rowid(t) */ substrb(dump(t.""INSTANCE_NUMBER"",16,0,64),1,240) d_3858454236, r.rwid, r.freq from ""SYS"".""WRM$_DATABASE_INSTANCE"" t, table(:topntab) r where t.rowid = chartorowid(r.rwid) order by t.""INSTANCE_NUMBER""' DATABASE USER:[3] 'SYS' PRIVILEGE :[4] 'NONE' CLIENT USER:[0] '' CLIENT TERMINAL:[10] 'ANDY-AARON' STATUS:[1] '0' DBID:[10] '3074368596' SESSIONID:[6] '400276' USERHOST:[10] 'ANDY-AARON' CLIENT ADDRESS:[0] '' ACTION NUMBER:[1] '3' </string>"
windows_event;win_event;E:\Cours\TFE\experiments\phase_dataset_strengthening\processed\multiformat_balanced_20260910T094422Z\samples\windows_event.xml;;654;2025-08-23T14:04:51.996962+00:00;INFO;34;Oracle.xe;Oracle.xe;andy-aaron;8052;0;;;;;;;;;;;;;;;;;;;;;;;;;;;INFORMATIONAL;generic;"<string>LENGTH: '702' ACTION :[451] 'select /*+ no_parallel(t) no_parallel_index(t) dbms_stats cursor_sharing_exact use_weak_name_resl dynamic_sampling(0) no_monitoring xmlindex_sel_idx_tbl opt_param('optimizer_inmemory_aware' 'false') no_substrb_pad leading(r t) use_nl(t) rowid(t) */ substrb(dump(t.""INSTANCE_NUMBER"",16,0,64),1,240) d_3858454236, r.rwid, r.freq from ""SYS"".""WRM$_DATABASE_INSTANCE"" t, table(:topntab) r where t.rowid = chartorowid(r.rwid) order by t.""INSTANCE_NUMBER""' DATABASE USER:[3] 'SYS' PRIVILEGE :[4] 'NONE' CLIENT USER:[0] '' CLIENT TERMINAL:[10] 'ANDY-AARON' STATUS:[1] '0' DBID:[10] '3074368596' SESSIONID:[6] '400276' USERHOST:[10] 'ANDY-AARON' CLIENT ADDRESS:[0] '' ACTION NUMBER:[1] '3' </string>"
windows_event;win_event;E:\Cours\TFE\experiments\phase_dataset_strengthening\processed\multiformat_balanced_20260910T094422Z\samples\windows_event.xml;;655;2025-08-23T14:04:52.000828+00:00;INFO;34;Oracle.xe;Oracle.xe;andy-aaron;8052;0;;;;;;;;;;;;;;;;;;;;;;;;;;;INFORMATIONAL;generic;"<string>LENGTH: '708' ACTION :[457] 'select /*+ no_parallel(t) no_parallel_index(t) dbms_stats cursor_sharing_exact use_weak_name_resl dynamic_sampling(0) no_monitoring xmlindex_sel_idx_tbl opt_param('optimizer_inmemory_aware' 'false') no_substrb_pad leading(r t) use_nl(t) rowid(t) */ substrb(dump(t.""LAST_ASH_SAMPLE_ID"",16,0,64),1,240) d_1072092465, r.rwid, r.freq from ""SYS"".""WRM$_DATABASE_INSTANCE"" t, table(:topntab) r where t.rowid = chartorowid(r.rwid) order by t.""LAST_ASH_SAMPLE_ID""' DATABASE USER:[3] 'SYS' PRIVILEGE :[4] 'NONE' CLIENT USER:[0] '' CLIENT TERMINAL:[10] 'ANDY-AARON' STATUS:[1] '0' DBID:[10] '3074368596' SESSIONID:[6] '400276' USERHOST:[10] 'ANDY-AARON' CLIENT ADDRESS:[0] '' ACTION NUMBER:[1] '3' </string>"
windows_event;win_event;E:\Cours\TFE\experiments\phase_dataset_strengthening\processed\multiformat_balanced_20260910T094422Z\samples\windows_event.xml;;656;2025-08-23T14:04:52.008461+00:00;INFO;34;Oracle.xe;Oracle.xe;andy-aaron;8052;0;;;;;;;;;;;;;;;;;;;;;;;;;;;INFORMATIONAL;generic;"<string>LENGTH: '708' ACTION :[457] 'select /*+ no_parallel(t) no_parallel_index(t) dbms_stats cursor_sharing_exact use_weak_name_resl dynamic_sampling(0) no_monitoring xmlindex_sel_idx_tbl opt_param('optimizer_inmemory_aware' 'false') no_substrb_pad leading(r t) use_nl(t) rowid(t) */ substrb(dump(t.""LAST_ASH_SAMPLE_ID"",16,0,64),1,240) d_1072092465, r.rwid, r.freq from ""SYS"".""WRM$_DATABASE_INSTANCE"" t, table(:topntab) r where t.rowid = chartorowid(r.rwid) order by t.""LAST_ASH_SAMPLE_ID""' DATABASE USER:[3] 'SYS' PRIVILEGE :[4] 'NONE' CLIENT USER:[0] '' CLIENT TERMINAL:[10] 'ANDY-AARON' STATUS:[1] '0' DBID:[10] '3074368596' SESSIONID:[6] '400276' USERHOST:[10] 'ANDY-AARON' CLIENT ADDRESS:[0] '' ACTION NUMBER:[1] '3' </string>"
windows_event;win_event;E:\Cours\TFE\experiments\phase_dataset_strengthening\processed\multiformat_balanced_20260910T094422Z\samples\windows_event.xml;;657;2025-08-23T14:04:52.012346+00:00;INFO;34;Oracle.xe;Oracle.xe;andy-aaron;8052;0;;;;;;;;;;;;;;;;;;;;;;;;;;;INFORMATIONAL;generic;"<string>LENGTH: '696' ACTION :[445] 'select /*+ no_parallel(t) no_parallel_index(t) dbms_stats cursor_sharing_exact use_weak_name_resl dynamic_sampling(0) no_monitoring xmlindex_sel_idx_tbl opt_param('optimizer_inmemory_aware' 'false') no_substrb_pad leading(r t) use_nl(t) rowid(t) */ substrb(dump(t.""STARTUP_TIME"",16,0,64),1,240) d_2551369706, r.rwid, r.freq from ""SYS"".""WRM$_DATABASE_INSTANCE"" t, table(:topntab) r where t.rowid = chartorowid(r.rwid) order by t.""STARTUP_TIME""' DATABASE USER:[3] 'SYS' PRIVILEGE :[4] 'NONE' CLIENT USER:[0] '' CLIENT TERMINAL:[10] 'ANDY-AARON' STATUS:[1] '0' DBID:[10] '3074368596' SESSIONID:[6] '400276' USERHOST:[10] 'ANDY-AARON' CLIENT ADDRESS:[0] '' ACTION NUMBER:[1] '3' </string>"
windows_event;win_event;E:\Cours\TFE\experiments\phase_dataset_strengthening\processed\multiformat_balanced_20260910T094422Z\samples\windows_event.xml;;658;2025-08-23T14:04:52.026396+00:00;INFO;34;Oracle.xe;Oracle.xe;andy-aaron;8052;0;;;;;;;;;;;;;;;;;;;;;;;;;;;INFORMATIONAL;generic;"<string>LENGTH: '696' ACTION :[445] 'select /*+ no_parallel(t) no_parallel_index(t) dbms_stats cursor_sharing_exact use_weak_name_resl dynamic_sampling(0) no_monitoring xmlindex_sel_idx_tbl opt_param('optimizer_inmemory_aware' 'false') no_substrb_pad leading(r t) use_nl(t) rowid(t) */ substrb(dump(t.""STARTUP_TIME"",16,0,64),1,240) d_2551369706, r.rwid, r.freq from ""SYS"".""WRM$_DATABASE_INSTANCE"" t, table(:topntab) r where t.rowid = chartorowid(r.rwid) order by t.""STARTUP_TIME""' DATABASE USER:[3] 'SYS' PRIVILEGE :[4] 'NONE' CLIENT USER:[0] '' CLIENT TERMINAL:[10] 'ANDY-AARON' STATUS:[1] '0' DBID:[10] '3074368596' SESSIONID:[6] '400276' USERHOST:[10] 'ANDY-AARON' CLIENT ADDRESS:[0] '' ACTION NUMBER:[1] '3' </string>"
windows_event;win_event;E:\Cours\TFE\experiments\phase_dataset_strengthening\processed\multiformat_balanced_20260910T094422Z\samples\windows_event.xml;;659;2025-08-23T14:04:52.473598+00:00;INFO;0;HotKeyServiceUWP;HotKeyServiceUWP;andy-aaron;16892;0;;;;;;;;;;;;;;;;;;;;;;;;;;;INFORMATIONAL;generic;<string>HP Audio Analytics Service (8.10.46.337) in OnStart</string>
windows_event;win_event;E:\Cours\TFE\experiments\phase_dataset_strengthening\processed\multiformat_balanced_20260910T094422Z\samples\windows_event.xml;;660;2025-08-23T14:04:52.499653+00:00;INFO;34;Oracle.xe;Oracle.xe;andy-aaron;8052;0;;;;;;;;;;;;;;;;;;;;;;;;;;;INFORMATIONAL;generic;"<string>LENGTH: '685' ACTION :[434] 'select /*+ no_parallel(t) no_parallel_index(t) dbms_stats cursor_sharing_exact use_weak_name_resl dynamic_sampling(0) no_monitoring xmlindex_sel_idx_tbl opt_param('optimizer_inmemory_aware' 'false') no_substrb_pad leading(r t) use_nl(t) rowid(t) */ substrb(dump(t.""SNAP_ID"",16,0,64),1,240) d_2559714659, r.rwid, r.freq from ""SYS"".""WRM$_SNAPSHOT_DETAILS"" t, table(:topntab) r where t.rowid = chartorowid(r.rwid) order by t.""SNAP_ID""' DATABASE USER:[3] 'SYS' PRIVILEGE :[4] 'NONE' CLIENT USER:[0] '' CLIENT TERMINAL:[10] 'ANDY-AARON' STATUS:[1] '0' DBID:[10] '3074368596' SESSIONID:[6] '400276' USERHOST:[10] 'ANDY-AARON' CLIENT ADDRESS:[0] '' ACTION NUMBER:[1] '3' </string>"
windows_event;win_event;E:\Cours\TFE\experiments\phase_dataset_strengthening\processed\multiformat_balanced_20260910T094422Z\samples\windows_event.xml;;661;2025-08-23T14:04:52.502436+00:00;INFO;34;Oracle.xe;Oracle.xe;andy-aaron;8052;0;;;;;;;;;;;;;;;;;;;;;;;;;;;INFORMATIONAL;generic;"<string>LENGTH: '685' ACTION :[434] 'select /*+ no_parallel(t) no_parallel_index(t) dbms_stats cursor_sharing_exact use_weak_name_resl dynamic_sampling(0) no_monitoring xmlindex_sel_idx_tbl opt_param('optimizer_inmemory_aware' 'false') no_substrb_pad leading(r t) use_nl(t) rowid(t) */ substrb(dump(t.""SNAP_ID"",16,0,64),1,240) d_2559714659, r.rwid, r.freq from ""SYS"".""WRM$_SNAPSHOT_DETAILS"" t, table(:topntab) r where t.rowid = chartorowid(r.rwid) order by t.""SNAP_ID""' DATABASE USER:[3] 'SYS' PRIVILEGE :[4] 'NONE' CLIENT USER:[0] '' CLIENT TERMINAL:[10] 'ANDY-AARON' STATUS:[1] '0' DBID:[10] '3074368596' SESSIONID:[6] '400276' USERHOST:[10] 'ANDY-AARON' CLIENT ADDRESS:[0] '' ACTION NUMBER:[1] '3' </string>"
windows_event;win_event;E:\Cours\TFE\experiments\phase_dataset_strengthening\processed\multiformat_balanced_20260910T094422Z\samples\windows_event.xml;;662;2025-08-23T14:04:52.562412+00:00;INFO;34;Oracle.xe;Oracle.xe;andy-aaron;8052;0;;;;;;;;;;;;;;;;;;;;;;;;;;;INFORMATIONAL;generic;"<string>LENGTH: '679' ACTION :[428] 'select /*+ no_parallel(t) no_parallel_index(t) dbms_stats cursor_sharing_exact use_weak_name_resl dynamic_sampling(0) no_monitoring xmlindex_sel_idx_tbl opt_param('optimizer_inmemory_aware' 'false') no_substrb_pad leading(r t) use_nl(t) rowid(t) */ substrb(dump(t.""DBID"",16,0,64),1,240) d_3099381843, r.rwid, r.freq from ""SYS"".""WRM$_SNAPSHOT_DETAILS"" t, table(:topntab) r where t.rowid = chartorowid(r.rwid) order by t.""DBID""' DATABASE USER:[3] 'SYS' PRIVILEGE :[4] 'NONE' CLIENT USER:[0] '' CLIENT TERMINAL:[10] 'ANDY-AARON' STATUS:[1] '0' DBID:[10] '3074368596' SESSIONID:[6] '400276' USERHOST:[10] 'ANDY-AARON' CLIENT ADDRESS:[0] '' ACTION NUMBER:[1] '3' </string>"
windows_event;win_event;E:\Cours\TFE\experiments\phase_dataset_strengthening\processed\multiformat_balanced_20260910T094422Z\samples\windows_event.xml;;663;2025-08-23T14:04:52.571621+00:00;INFO;34;Oracle.xe;Oracle.xe;andy-aaron;8052;0;;;;;;;;;;;;;;;;;;;;;;;;;;;INFORMATIONAL;generic;"<string>LENGTH: '679' ACTION :[428] 'select /*+ no_parallel(t) no_parallel_index(t) dbms_stats cursor_sharing_exact use_weak_name_resl dynamic_sampling(0) no_monitoring xmlindex_sel_idx_tbl opt_param('optimizer_inmemory_aware' 'false') no_substrb_pad leading(r t) use_nl(t) rowid(t) */ substrb(dump(t.""DBID"",16,0,64),1,240) d_3099381843, r.rwid, r.freq from ""SYS"".""WRM$_SNAPSHOT_DETAILS"" t, table(:topntab) r where t.rowid = chartorowid(r.rwid) order by t.""DBID""' DATABASE USER:[3] 'SYS' PRIVILEGE :[4] 'NONE' CLIENT USER:[0] '' CLIENT TERMINAL:[10] 'ANDY-AARON' STATUS:[1] '0' DBID:[10] '3074368596' SESSIONID:[6] '400276' USERHOST:[10] 'ANDY-AARON' CLIENT ADDRESS:[0] '' ACTION NUMBER:[1] '3' </string>"
windows_event;win_event;E:\Cours\TFE\experiments\phase_dataset_strengthening\processed\multiformat_balanced_20260910T094422Z\samples\windows_event.xml;;664;2025-08-23T14:04:53.146326+00:00;INFO;34;Oracle.xe;Oracle.xe;andy-aaron;8052;0;;;;;;;;;;;;;;;;;;;;;;;;;;;INFORMATIONAL;generic;"<string>LENGTH: '681' ACTION :[430] 'select /*+ no_parallel(t) no_parallel_index(t) dbms_stats cursor_sharing_exact use_weak_name_resl dynamic_sampling(0) no_monitoring xmlindex_sel_idx_tbl opt_param('optimizer_inmemory_aware' 'false') no_substrb_pad leading(r t) use_nl(t) rowid(t) */ substrb(dump(t.""SNAP_ID"",16,0,64),1,240) d_2559714659, r.rwid, r.freq from ""SYS"".""WRH$_SEG_STAT_OBJ"" t, table(:topntab) r where t.rowid = chartorowid(r.rwid) order by t.""SNAP_ID""' DATABASE USER:[3] 'SYS' PRIVILEGE :[4] 'NONE' CLIENT USER:[0] '' CLIENT TERMINAL:[10] 'ANDY-AARON' STATUS:[1] '0' DBID:[10] '3074368596' SESSIONID:[6] '400276' USERHOST:[10] 'ANDY-AARON' CLIENT ADDRESS:[0] '' ACTION NUMBER:[1] '3' </string>"
windows_event;win_event;E:\Cours\TFE\experiments\phase_dataset_strengthening\processed\multiformat_balanced_20260910T094422Z\samples\windows_event.xml;;665;2025-08-23T14:04:53.150579+00:00;INFO;34;Oracle.xe;Oracle.xe;andy-aaron;8052;0;;;;;;;;;;;;;;;;;;;;;;;;;;;INFORMATIONAL;generic;"<string>LENGTH: '681' ACTION :[430] 'select /*+ no_parallel(t) no_parallel_index(t) dbms_stats cursor_sharing_exact use_weak_name_resl dynamic_sampling(0) no_monitoring xmlindex_sel_idx_tbl opt_param('optimizer_inmemory_aware' 'false') no_substrb_pad leading(r t) use_nl(t) rowid(t) */ substrb(dump(t.""SNAP_ID"",16,0,64),1,240) d_2559714659, r.rwid, r.freq from ""SYS"".""WRH$_SEG_STAT_OBJ"" t, table(:topntab) r where t.rowid = chartorowid(r.rwid) order by t.""SNAP_ID""' DATABASE USER:[3] 'SYS' PRIVILEGE :[4] 'NONE' CLIENT USER:[0] '' CLIENT TERMINAL:[10] 'ANDY-AARON' STATUS:[1] '0' DBID:[10] '3074368596' SESSIONID:[6] '400276' USERHOST:[10] 'ANDY-AARON' CLIENT ADDRESS:[0] '' ACTION NUMBER:[1] '3' </string>"
windows_event;win_event;E:\Cours\TFE\experiments\phase_dataset_strengthening\processed\multiformat_balanced_20260910T094422Z\samples\windows_event.xml;;666;2025-08-23T14:04:53.175455+00:00;INFO;34;Oracle.xe;Oracle.xe;andy-aaron;8052;0;;;;;;;;;;;;;;;;;;;;;;;;;;;INFORMATIONAL;generic;"<string>LENGTH: '689' ACTION :[438] 'select /*+ no_parallel(t) no_parallel_index(t) dbms_stats cursor_sharing_exact use_weak_name_resl dynamic_sampling(0) no_monitoring xmlindex_sel_idx_tbl opt_param('optimizer_inmemory_aware' 'false') no_substrb_pad leading(r t) use_nl(t) rowid(t) */ substrb(dump(t.""OBJECT_TYPE"",16,0,64),1,240) d_1051424749, r.rwid, r.freq from ""SYS"".""WRH$_SEG_STAT_OBJ"" t, table(:topntab) r where t.rowid = chartorowid(r.rwid) order by t.""OBJECT_TYPE""' DATABASE USER:[3] 'SYS' PRIVILEGE :[4] 'NONE' CLIENT USER:[0] '' CLIENT TERMINAL:[10] 'ANDY-AARON' STATUS:[1] '0' DBID:[10] '3074368596' SESSIONID:[6] '400276' USERHOST:[10] 'ANDY-AARON' CLIENT ADDRESS:[0] '' ACTION NUMBER:[1] '3' </string>"
windows_event;win_event;E:\Cours\TFE\experiments\phase_dataset_strengthening\processed\multiformat_balanced_20260910T094422Z\samples\windows_event.xml;;667;2025-08-23T14:04:53.180454+00:00;INFO;34;Oracle.xe;Oracle.xe;andy-aaron;8052;0;;;;;;;;;;;;;;;;;;;;;;;;;;;INFORMATIONAL;generic;"<string>LENGTH: '689' ACTION :[438] 'select /*+ no_parallel(t) no_parallel_index(t) dbms_stats cursor_sharing_exact use_weak_name_resl dynamic_sampling(0) no_monitoring xmlindex_sel_idx_tbl opt_param('optimizer_inmemory_aware' 'false') no_substrb_pad leading(r t) use_nl(t) rowid(t) */ substrb(dump(t.""OBJECT_TYPE"",16,0,64),1,240) d_1051424749, r.rwid, r.freq from ""SYS"".""WRH$_SEG_STAT_OBJ"" t, table(:topntab) r where t.rowid = chartorowid(r.rwid) order by t.""OBJECT_TYPE""' DATABASE USER:[3] 'SYS' PRIVILEGE :[4] 'NONE' CLIENT USER:[0] '' CLIENT TERMINAL:[10] 'ANDY-AARON' STATUS:[1] '0' DBID:[10] '3074368596' SESSIONID:[6] '400276' USERHOST:[10] 'ANDY-AARON' CLIENT ADDRESS:[0] '' ACTION NUMBER:[1] '3' </string>"
windows_event;win_event;E:\Cours\TFE\experiments\phase_dataset_strengthening\processed\multiformat_balanced_20260910T094422Z\samples\windows_event.xml;;668;2025-08-23T14:04:53.184151+00:00;INFO;34;Oracle.xe;Oracle.xe;andy-aaron;8052;0;;;;;;;;;;;;;;;;;;;;;;;;;;;INFORMATIONAL;generic;"<string>LENGTH: '683' ACTION :[432] 'select /*+ no_parallel(t) no_parallel_index(t) dbms_stats cursor_sharing_exact use_weak_name_resl dynamic_sampling(0) no_monitoring xmlindex_sel_idx_tbl opt_param('optimizer_inmemory_aware' 'false') no_substrb_pad leading(r t) use_nl(t) rowid(t) */ substrb(dump(t.""CON_DBID"",16,0,64),1,240) d_2128730651, r.rwid, r.freq from ""SYS"".""WRH$_SEG_STAT_OBJ"" t, table(:topntab) r where t.rowid = chartorowid(r.rwid) order by t.""CON_DBID""' DATABASE USER:[3] 'SYS' PRIVILEGE :[4] 'NONE' CLIENT USER:[0] '' CLIENT TERMINAL:[10] 'ANDY-AARON' STATUS:[1] '0' DBID:[10] '3074368596' SESSIONID:[6] '400276' USERHOST:[10] 'ANDY-AARON' CLIENT ADDRESS:[0] '' ACTION NUMBER:[1] '3' </string>"
windows_event;win_event;E:\Cours\TFE\experiments\phase_dataset_strengthening\processed\multiformat_balanced_20260910T094422Z\samples\windows_event.xml;;669;2025-08-23T14:04:53.205496+00:00;INFO;34;Oracle.xe;Oracle.xe;andy-aaron;8052;0;;;;;;;;;;;;;;;;;;;;;;;;;;;INFORMATIONAL;generic;"<string>LENGTH: '683' ACTION :[432] 'select /*+ no_parallel(t) no_parallel_index(t) dbms_stats cursor_sharing_exact use_weak_name_resl dynamic_sampling(0) no_monitoring xmlindex_sel_idx_tbl opt_param('optimizer_inmemory_aware' 'false') no_substrb_pad leading(r t) use_nl(t) rowid(t) */ substrb(dump(t.""CON_DBID"",16,0,64),1,240) d_2128730651, r.rwid, r.freq from ""SYS"".""WRH$_SEG_STAT_OBJ"" t, table(:topntab) r where t.rowid = chartorowid(r.rwid) order by t.""CON_DBID""' DATABASE USER:[3] 'SYS' PRIVILEGE :[4] 'NONE' CLIENT USER:[0] '' CLIENT TERMINAL:[10] 'ANDY-AARON' STATUS:[1] '0' DBID:[10] '3074368596' SESSIONID:[6] '400276' USERHOST:[10] 'ANDY-AARON' CLIENT ADDRESS:[0] '' ACTION NUMBER:[1] '3' </string>"
windows_event;win_event;E:\Cours\TFE\experiments\phase_dataset_strengthening\processed\multiformat_balanced_20260910T094422Z\samples\windows_event.xml;;670;2025-08-23T14:04:53.213877+00:00;INFO;34;Oracle.xe;Oracle.xe;andy-aaron;8052;0;;;;;;;;;;;;;;;;;;;;;;;;;;;INFORMATIONAL;generic;"<string>LENGTH: '673' ACTION :[422] 'select /*+ no_parallel(t) no_parallel_index(t) dbms_stats cursor_sharing_exact use_weak_name_resl dynamic_sampling(0) no_monitoring xmlindex_sel_idx_tbl opt_param('optimizer_inmemory_aware' 'false') no_substrb_pad leading(r t) use_nl(t) rowid(t) */ substrb(dump(t.""TS#"",16,0,64),1,240) d_2793702272, r.rwid, r.freq from ""SYS"".""WRH$_SEG_STAT_OBJ"" t, table(:topntab) r where t.rowid = chartorowid(r.rwid) order by t.""TS#""' DATABASE USER:[3] 'SYS' PRIVILEGE :[4] 'NONE' CLIENT USER:[0] '' CLIENT TERMINAL:[10] 'ANDY-AARON' STATUS:[1] '0' DBID:[10] '3074368596' SESSIONID:[6] '400276' USERHOST:[10] 'ANDY-AARON' CLIENT ADDRESS:[0] '' ACTION NUMBER:[1] '3' </string>"
windows_event;win_event;E:\Cours\TFE\experiments\phase_dataset_strengthening\processed\multiformat_balanced_20260910T094422Z\samples\windows_event.xml;;671;2025-08-23T14:04:53.217554+00:00;INFO;34;Oracle.xe;Oracle.xe;andy-aaron;8052;0;;;;;;;;;;;;;;;;;;;;;;;;;;;INFORMATIONAL;generic;"<string>LENGTH: '673' ACTION :[422] 'select /*+ no_parallel(t) no_parallel_index(t) dbms_stats cursor_sharing_exact use_weak_name_resl dynamic_sampling(0) no_monitoring xmlindex_sel_idx_tbl opt_param('optimizer_inmemory_aware' 'false') no_substrb_pad leading(r t) use_nl(t) rowid(t) */ substrb(dump(t.""TS#"",16,0,64),1,240) d_2793702272, r.rwid, r.freq from ""SYS"".""WRH$_SEG_STAT_OBJ"" t, table(:topntab) r where t.rowid = chartorowid(r.rwid) order by t.""TS#""' DATABASE USER:[3] 'SYS' PRIVILEGE :[4] 'NONE' CLIENT USER:[0] '' CLIENT TERMINAL:[10] 'ANDY-AARON' STATUS:[1] '0' DBID:[10] '3074368596' SESSIONID:[6] '400276' USERHOST:[10] 'ANDY-AARON' CLIENT ADDRESS:[0] '' ACTION NUMBER:[1] '3' </string>"
windows_event;win_event;E:\Cours\TFE\experiments\phase_dataset_strengthening\processed\multiformat_balanced_20260910T094422Z\samples\windows_event.xml;;672;2025-08-23T14:04:53.224331+00:00;INFO;34;Oracle.xe;Oracle.xe;andy-aaron;8052;0;;;;;;;;;;;;;;;;;;;;;;;;;;;INFORMATIONAL;generic;"<string>LENGTH: '704' ACTION :[453] 'select /*+ no_parallel(t) no_parallel_index(t) dbms_stats cursor_sharing_exact use_weak_name_resl dynamic_sampling(0) no_monitoring xmlindex_sel_idx_tbl opt_param('optimizer_inmemory_aware' 'false') no_substrb_pad leading(r t) use_nl(t) rowid(t) */ substrb(dump(substrb(t.""OWNER"",1,64),16,0,64),1,240) d_655463283, r.rwid, r.freq from ""SYS"".""WRH$_SEG_STAT_OBJ"" t, table(:topntab) r where t.rowid = chartorowid(r.rwid) order by substrb(t.""OWNER"",1,64)' DATABASE USER:[3] 'SYS' PRIVILEGE :[4] 'NONE' CLIENT USER:[0] '' CLIENT TERMINAL:[10] 'ANDY-AARON' STATUS:[1] '0' DBID:[10] '3074368596' SESSIONID:[6] '400276' USERHOST:[10] 'ANDY-AARON' CLIENT ADDRESS:[0] '' ACTION NUMBER:[1] '3' </string>"
windows_event;win_event;E:\Cours\TFE\experiments\phase_dataset_strengthening\processed\multiformat_balanced_20260910T094422Z\samples\windows_event.xml;;673;2025-08-23T14:04:53.227898+00:00;INFO;34;Oracle.xe;Oracle.xe;andy-aaron;8052;0;;;;;;;;;;;;;;;;;;;;;;;;;;;INFORMATIONAL;generic;"<string>LENGTH: '704' ACTION :[453] 'select /*+ no_parallel(t) no_parallel_index(t) dbms_stats cursor_sharing_exact use_weak_name_resl dynamic_sampling(0) no_monitoring xmlindex_sel_idx_tbl opt_param('optimizer_inmemory_aware' 'false') no_substrb_pad leading(r t) use_nl(t) rowid(t) */ substrb(dump(substrb(t.""OWNER"",1,64),16,0,64),1,240) d_655463283, r.rwid, r.freq from ""SYS"".""WRH$_SEG_STAT_OBJ"" t, table(:topntab) r where t.rowid = chartorowid(r.rwid) order by substrb(t.""OWNER"",1,64)' DATABASE USER:[3] 'SYS' PRIVILEGE :[4] 'NONE' CLIENT USER:[0] '' CLIENT TERMINAL:[10] 'ANDY-AARON' STATUS:[1] '0' DBID:[10] '3074368596' SESSIONID:[6] '400276' USERHOST:[10] 'ANDY-AARON' CLIENT ADDRESS:[0] '' ACTION NUMBER:[1] '3' </string>"
windows_event;win_event;E:\Cours\TFE\experiments\phase_dataset_strengthening\processed\multiformat_balanced_20260910T094422Z\samples\windows_event.xml;;674;2025-08-23T14:04:53.241661+00:00;INFO;34;Oracle.xe;Oracle.xe;andy-aaron;8052;0;;;;;;;;;;;;;;;;;;;;;;;;;;;INFORMATIONAL;generic;"<string>LENGTH: '675' ACTION :[424] 'select /*+ no_parallel(t) no_parallel_index(t) dbms_stats cursor_sharing_exact use_weak_name_resl dynamic_sampling(0) no_monitoring xmlindex_sel_idx_tbl opt_param('optimizer_inmemory_aware' 'false') no_substrb_pad leading(r t) use_nl(t) rowid(t) */ substrb(dump(t.""DBID"",16,0,64),1,240) d_3099381843, r.rwid, r.freq from ""SYS"".""WRH$_SEG_STAT_OBJ"" t, table(:topntab) r where t.rowid = chartorowid(r.rwid) order by t.""DBID""' DATABASE USER:[3] 'SYS' PRIVILEGE :[4] 'NONE' CLIENT USER:[0] '' CLIENT TERMINAL:[10] 'ANDY-AARON' STATUS:[1] '0' DBID:[10] '3074368596' SESSIONID:[6] '400276' USERHOST:[10] 'ANDY-AARON' CLIENT ADDRESS:[0] '' ACTION NUMBER:[1] '3' </string>"
windows_event;win_event;E:\Cours\TFE\experiments\phase_dataset_strengthening\processed\multiformat_balanced_20260910T094422Z\samples\windows_event.xml;;675;2025-08-23T14:04:53.244583+00:00;INFO;34;Oracle.xe;Oracle.xe;andy-aaron;8052;0;;;;;;;;;;;;;;;;;;;;;;;;;;;INFORMATIONAL;generic;"<string>LENGTH: '675' ACTION :[424] 'select /*+ no_parallel(t) no_parallel_index(t) dbms_stats cursor_sharing_exact use_weak_name_resl dynamic_sampling(0) no_monitoring xmlindex_sel_idx_tbl opt_param('optimizer_inmemory_aware' 'false') no_substrb_pad leading(r t) use_nl(t) rowid(t) */ substrb(dump(t.""DBID"",16,0,64),1,240) d_3099381843, r.rwid, r.freq from ""SYS"".""WRH$_SEG_STAT_OBJ"" t, table(:topntab) r where t.rowid = chartorowid(r.rwid) order by t.""DBID""' DATABASE USER:[3] 'SYS' PRIVILEGE :[4] 'NONE' CLIENT USER:[0] '' CLIENT TERMINAL:[10] 'ANDY-AARON' STATUS:[1] '0' DBID:[10] '3074368596' SESSIONID:[6] '400276' USERHOST:[10] 'ANDY-AARON' CLIENT ADDRESS:[0] '' ACTION NUMBER:[1] '3' </string>"
windows_event;win_event;E:\Cours\TFE\experiments\phase_dataset_strengthening\processed\multiformat_balanced_20260910T094422Z\samples\windows_event.xml;;676;2025-08-23T14:04:53.377375+00:00;INFO;34;Oracle.xe;Oracle.xe;andy-aaron;8052;0;;;;;;;;;;;;;;;;;;;;;;;;;;;INFORMATIONAL;generic;"<string>LENGTH: '316' ACTION :[72] 'BEGIN DBMS_FEATURE_THP(:feature_boolean, :aux_cnt, :feature_info); END;' DATABASE USER:[1] '/' PRIVILEGE :[4] 'NONE' CLIENT USER:[0] '' CLIENT TERMINAL:[10] 'ANDY-AARON' STATUS:[1] '0' DBID:[10] '1689037571' SESSIONID:[1] '0' USERHOST:[10] 'ANDY-AARON' CLIENT ADDRESS:[0] '' ACTION NUMBER:[2] '47' </string>"
windows_event;win_event;E:\Cours\TFE\experiments\phase_dataset_strengthening\processed\multiformat_balanced_20260910T094422Z\samples\windows_event.xml;;677;2025-08-23T14:04:53.379444+00:00;INFO;34;Oracle.xe;Oracle.xe;andy-aaron;8052;0;;;;;;;;;;;;;;;;;;;;;;;;;;;INFORMATIONAL;generic;"<string>LENGTH: '321' ACTION :[77] 'BEGIN DBMS_FEATURE_FLEX_ASM(:feature_boolean, :aux_cnt, :feature_info); END;' DATABASE USER:[1] '/' PRIVILEGE :[4] 'NONE' CLIENT USER:[0] '' CLIENT TERMINAL:[10] 'ANDY-AARON' STATUS:[1] '0' DBID:[10] '1689037571' SESSIONID:[1] '0' USERHOST:[10] 'ANDY-AARON' CLIENT ADDRESS:[0] '' ACTION NUMBER:[2] '47' </string>"
windows_event;win_event;E:\Cours\TFE\experiments\phase_dataset_strengthening\processed\multiformat_balanced_20260910T094422Z\samples\windows_event.xml;;678;2025-08-23T14:04:53.389505+00:00;INFO;34;Oracle.xe;Oracle.xe;andy-aaron;8052;0;;;;;;;;;;;;;;;;;;;;;;;;;;;INFORMATIONAL;generic;"<string>LENGTH: '321' ACTION :[77] 'BEGIN DBMS_FEATURE_FLEX_ASM(:feature_boolean, :aux_cnt, :feature_info); END;' DATABASE USER:[1] '/' PRIVILEGE :[4] 'NONE' CLIENT USER:[0] '' CLIENT TERMINAL:[10] 'ANDY-AARON' STATUS:[1] '0' DBID:[10] '1689037571' SESSIONID:[1] '0' USERHOST:[10] 'ANDY-AARON' CLIENT ADDRESS:[0] '' ACTION NUMBER:[2] '47' </string>"
windows_event;win_event;E:\Cours\TFE\experiments\phase_dataset_strengthening\processed\multiformat_balanced_20260910T094422Z\samples\windows_event.xml;;679;2025-08-23T14:04:53.391533+00:00;INFO;34;Oracle.xe;Oracle.xe;andy-aaron;8052;0;;;;;;;;;;;;;;;;;;;;;;;;;;;INFORMATIONAL;generic;"<string>LENGTH: '316' ACTION :[72] 'BEGIN DBMS_FEATURE_AFD(:feature_boolean, :aux_cnt, :feature_info); END;' DATABASE USER:[1] '/' PRIVILEGE :[4] 'NONE' CLIENT USER:[0] '' CLIENT TERMINAL:[10] 'ANDY-AARON' STATUS:[1] '0' DBID:[10] '1689037571' SESSIONID:[1] '0' USERHOST:[10] 'ANDY-AARON' CLIENT ADDRESS:[0] '' ACTION NUMBER:[2] '47' </string>"
windows_event;win_event;E:\Cours\TFE\experiments\phase_dataset_strengthening\processed\multiformat_balanced_20260910T094422Z\samples\windows_event.xml;;680;2025-08-23T14:04:54.270655+00:00;INFO;34;Oracle.xe;Oracle.xe;andy-aaron;8052;0;;;;;;;;;;;;;;;;;;;;;;;;;;;INFORMATIONAL;generic;"<string>LENGTH: '678' ACTION :[427] 'select /*+ no_parallel(t) no_parallel_index(t) dbms_stats cursor_sharing_exact use_weak_name_resl dynamic_sampling(0) no_monitoring xmlindex_sel_idx_tbl opt_param('optimizer_inmemory_aware' 'false') no_substrb_pad leading(r t) use_nl(t) rowid(t) */ substrb(dump(t.""TIMESTAMP"",16,0,64),1,240) d_3043994140, r.rwid, r.freq from ""SYS"".""COL_USAGE$"" t, table(:topntab) r where t.rowid = chartorowid(r.rwid) order by t.""TIMESTAMP""' DATABASE USER:[3] 'SYS' PRIVILEGE :[4] 'NONE' CLIENT USER:[0] '' CLIENT TERMINAL:[10] 'ANDY-AARON' STATUS:[1] '0' DBID:[10] '3074368596' SESSIONID:[6] '400276' USERHOST:[10] 'ANDY-AARON' CLIENT ADDRESS:[0] '' ACTION NUMBER:[1] '3' </string>"
windows_event;win_event;E:\Cours\TFE\experiments\phase_dataset_strengthening\processed\multiformat_balanced_20260910T094422Z\samples\windows_event.xml;;681;2025-08-23T14:04:54.272758+00:00;INFO;34;Oracle.xe;Oracle.xe;andy-aaron;8052;0;;;;;;;;;;;;;;;;;;;;;;;;;;;INFORMATIONAL;generic;"<string>LENGTH: '678' ACTION :[427] 'select /*+ no_parallel(t) no_parallel_index(t) dbms_stats cursor_sharing_exact use_weak_name_resl dynamic_sampling(0) no_monitoring xmlindex_sel_idx_tbl opt_param('optimizer_inmemory_aware' 'false') no_substrb_pad leading(r t) use_nl(t) rowid(t) */ substrb(dump(t.""TIMESTAMP"",16,0,64),1,240) d_3043994140, r.rwid, r.freq from ""SYS"".""COL_USAGE$"" t, table(:topntab) r where t.rowid = chartorowid(r.rwid) order by t.""TIMESTAMP""' DATABASE USER:[3] 'SYS' PRIVILEGE :[4] 'NONE' CLIENT USER:[0] '' CLIENT TERMINAL:[10] 'ANDY-AARON' STATUS:[1] '0' DBID:[10] '3074368596' SESSIONID:[6] '400276' USERHOST:[10] 'ANDY-AARON' CLIENT ADDRESS:[0] '' ACTION NUMBER:[1] '3' </string>"
windows_event;win_event;E:\Cours\TFE\experiments\phase_dataset_strengthening\processed\multiformat_balanced_20260910T094422Z\samples\windows_event.xml;;682;2025-08-23T14:04:54.280872+00:00;INFO;34;Oracle.xe;Oracle.xe;andy-aaron;8052;0;;;;;;;;;;;;;;;;;;;;;;;;;;;INFORMATIONAL;generic;"<string>LENGTH: '670' ACTION :[419] 'select /*+ no_parallel(t) no_parallel_index(t) dbms_stats cursor_sharing_exact use_weak_name_resl dynamic_sampling(0) no_monitoring xmlindex_sel_idx_tbl opt_param('optimizer_inmemory_aware' 'false') no_substrb_pad leading(r t) use_nl(t) rowid(t) */ substrb(dump(t.""FLAGS"",16,0,64),1,240) d_2385161744, r.rwid, r.freq from ""SYS"".""COL_USAGE$"" t, table(:topntab) r where t.rowid = chartorowid(r.rwid) order by t.""FLAGS""' DATABASE USER:[3] 'SYS' PRIVILEGE :[4] 'NONE' CLIENT USER:[0] '' CLIENT TERMINAL:[10] 'ANDY-AARON' STATUS:[1] '0' DBID:[10] '3074368596' SESSIONID:[6] '400276' USERHOST:[10] 'ANDY-AARON' CLIENT ADDRESS:[0] '' ACTION NUMBER:[1] '3' </string>"
windows_event;win_event;E:\Cours\TFE\experiments\phase_dataset_strengthening\processed\multiformat_balanced_20260910T094422Z\samples\windows_event.xml;;683;2025-08-23T14:04:54.283092+00:00;INFO;34;Oracle.xe;Oracle.xe;andy-aaron;8052;0;;;;;;;;;;;;;;;;;;;;;;;;;;;INFORMATIONAL;generic;"<string>LENGTH: '670' ACTION :[419] 'select /*+ no_parallel(t) no_parallel_index(t) dbms_stats cursor_sharing_exact use_weak_name_resl dynamic_sampling(0) no_monitoring xmlindex_sel_idx_tbl opt_param('optimizer_inmemory_aware' 'false') no_substrb_pad leading(r t) use_nl(t) rowid(t) */ substrb(dump(t.""FLAGS"",16,0,64),1,240) d_2385161744, r.rwid, r.freq from ""SYS"".""COL_USAGE$"" t, table(:topntab) r where t.rowid = chartorowid(r.rwid) order by t.""FLAGS""' DATABASE USER:[3] 'SYS' PRIVILEGE :[4] 'NONE' CLIENT USER:[0] '' CLIENT TERMINAL:[10] 'ANDY-AARON' STATUS:[1] '0' DBID:[10] '3074368596' SESSIONID:[6] '400276' USERHOST:[10] 'ANDY-AARON' CLIENT ADDRESS:[0] '' ACTION NUMBER:[1] '3' </string>"
windows_event;win_event;E:\Cours\TFE\experiments\phase_dataset_strengthening\processed\multiformat_balanced_20260910T094422Z\samples\windows_event.xml;;684;2025-08-23T14:04:54.289921+00:00;INFO;34;Oracle.xe;Oracle.xe;andy-aaron;8052;0;;;;;;;;;;;;;;;;;;;;;;;;;;;INFORMATIONAL;generic;"<string>LENGTH: '674' ACTION :[423] 'select /*+ no_parallel(t) no_parallel_index(t) dbms_stats cursor_sharing_exact use_weak_name_resl dynamic_sampling(0) no_monitoring xmlindex_sel_idx_tbl opt_param('optimizer_inmemory_aware' 'false') no_substrb_pad leading(r t) use_nl(t) rowid(t) */ substrb(dump(t.""INTCOL#"",16,0,64),1,240) d_1254105588, r.rwid, r.freq from ""SYS"".""COL_USAGE$"" t, table(:topntab) r where t.rowid = chartorowid(r.rwid) order by t.""INTCOL#""' DATABASE USER:[3] 'SYS' PRIVILEGE :[4] 'NONE' CLIENT USER:[0] '' CLIENT TERMINAL:[10] 'ANDY-AARON' STATUS:[1] '0' DBID:[10] '3074368596' SESSIONID:[6] '400276' USERHOST:[10] 'ANDY-AARON' CLIENT ADDRESS:[0] '' ACTION NUMBER:[1] '3' </string>"
windows_event;win_event;E:\Cours\TFE\experiments\phase_dataset_strengthening\processed\multiformat_balanced_20260910T094422Z\samples\windows_event.xml;;685;2025-08-23T14:04:54.292171+00:00;INFO;34;Oracle.xe;Oracle.xe;andy-aaron;8052;0;;;;;;;;;;;;;;;;;;;;;;;;;;;INFORMATIONAL;generic;"<string>LENGTH: '674' ACTION :[423] 'select /*+ no_parallel(t) no_parallel_index(t) dbms_stats cursor_sharing_exact use_weak_name_resl dynamic_sampling(0) no_monitoring xmlindex_sel_idx_tbl opt_param('optimizer_inmemory_aware' 'false') no_substrb_pad leading(r t) use_nl(t) rowid(t) */ substrb(dump(t.""INTCOL#"",16,0,64),1,240) d_1254105588, r.rwid, r.freq from ""SYS"".""COL_USAGE$"" t, table(:topntab) r where t.rowid = chartorowid(r.rwid) order by t.""INTCOL#""' DATABASE USER:[3] 'SYS' PRIVILEGE :[4] 'NONE' CLIENT USER:[0] '' CLIENT TERMINAL:[10] 'ANDY-AARON' STATUS:[1] '0' DBID:[10] '3074368596' SESSIONID:[6] '400276' USERHOST:[10] 'ANDY-AARON' CLIENT ADDRESS:[0] '' ACTION NUMBER:[1] '3' </string>"
windows_event;win_event;E:\Cours\TFE\experiments\phase_dataset_strengthening\processed\multiformat_balanced_20260910T094422Z\samples\windows_event.xml;;686;2025-08-23T14:04:54.728987+00:00;INFO;34;Oracle.xe;Oracle.xe;andy-aaron;8052;0;;;;;;;;;;;;;;;;;;;;;;;;;;;INFORMATIONAL;generic;"<string>LENGTH: '666' ACTION :[415] 'select /*+ no_parallel(t) no_parallel_index(t) dbms_stats cursor_sharing_exact use_weak_name_resl dynamic_sampling(0) no_monitoring xmlindex_sel_idx_tbl opt_param('optimizer_inmemory_aware' 'false') no_substrb_pad leading(r t) use_nl(t) rowid(t) */ substrb(dump(t.""OBJ#"",16,0,64),1,240) d_3404126564, r.rwid, r.freq from ""SYS"".""HISTGRM$"" t, table(:topntab) r where t.rowid = chartorowid(r.rwid) order by t.""OBJ#""' DATABASE USER:[3] 'SYS' PRIVILEGE :[4] 'NONE' CLIENT USER:[0] '' CLIENT TERMINAL:[10] 'ANDY-AARON' STATUS:[1] '0' DBID:[10] '3074368596' SESSIONID:[6] '400276' USERHOST:[10] 'ANDY-AARON' CLIENT ADDRESS:[0] '' ACTION NUMBER:[1] '3' </string>"
windows_event;win_event;E:\Cours\TFE\experiments\phase_dataset_strengthening\processed\multiformat_balanced_20260910T094422Z\samples\windows_event.xml;;687;2025-08-23T14:04:54.730516+00:00;INFO;34;Oracle.xe;Oracle.xe;andy-aaron;8052;0;;;;;;;;;;;;;;;;;;;;;;;;;;;INFORMATIONAL;generic;"<string>LENGTH: '666' ACTION :[415] 'select /*+ no_parallel(t) no_parallel_index(t) dbms_stats cursor_sharing_exact use_weak_name_resl dynamic_sampling(0) no_monitoring xmlindex_sel_idx_tbl opt_param('optimizer_inmemory_aware' 'false') no_substrb_pad leading(r t) use_nl(t) rowid(t) */ substrb(dump(t.""OBJ#"",16,0,64),1,240) d_3404126564, r.rwid, r.freq from ""SYS"".""HISTGRM$"" t, table(:topntab) r where t.rowid = chartorowid(r.rwid) order by t.""OBJ#""' DATABASE USER:[3] 'SYS' PRIVILEGE :[4] 'NONE' CLIENT USER:[0] '' CLIENT TERMINAL:[10] 'ANDY-AARON' STATUS:[1] '0' DBID:[10] '3074368596' SESSIONID:[6] '400276' USERHOST:[10] 'ANDY-AARON' CLIENT ADDRESS:[0] '' ACTION NUMBER:[1] '3' </string>"
windows_event;win_event;E:\Cours\TFE\experiments\phase_dataset_strengthening\processed\multiformat_balanced_20260910T094422Z\samples\windows_event.xml;;688;2025-08-23T14:04:54.758062+00:00;INFO;34;Oracle.xe;Oracle.xe;andy-aaron;8052;0;;;;;;;;;;;;;;;;;;;;;;;;;;;INFORMATIONAL;generic;"<string>LENGTH: '687' ACTION :[436] 'select /*+ no_parallel(t) no_parallel_index(t) dbms_stats cursor_sharing_exact use_weak_name_resl dynamic_sampling(0) no_monitoring xmlindex_sel_idx_tbl opt_param('optimizer_inmemory_aware' 'false') no_substrb_pad leading(r t) use_nl(t) rowid(t) */ substrb(dump(t.""EP_REPEAT_COUNT"",16,0,64),1,240) d_209335283, r.rwid, r.freq from ""SYS"".""HISTGRM$"" t, table(:topntab) r where t.rowid = chartorowid(r.rwid) order by t.""EP_REPEAT_COUNT""' DATABASE USER:[3] 'SYS' PRIVILEGE :[4] 'NONE' CLIENT USER:[0] '' CLIENT TERMINAL:[10] 'ANDY-AARON' STATUS:[1] '0' DBID:[10] '3074368596' SESSIONID:[6] '400276' USERHOST:[10] 'ANDY-AARON' CLIENT ADDRESS:[0] '' ACTION NUMBER:[1] '3' </string>"
windows_event;win_event;E:\Cours\TFE\experiments\phase_dataset_strengthening\processed\multiformat_balanced_20260910T094422Z\samples\windows_event.xml;;689;2025-08-23T14:04:54.759985+00:00;INFO;34;Oracle.xe;Oracle.xe;andy-aaron;8052;0;;;;;;;;;;;;;;;;;;;;;;;;;;;INFORMATIONAL;generic;"<string>LENGTH: '687' ACTION :[436] 'select /*+ no_parallel(t) no_parallel_index(t) dbms_stats cursor_sharing_exact use_weak_name_resl dynamic_sampling(0) no_monitoring xmlindex_sel_idx_tbl opt_param('optimizer_inmemory_aware' 'false') no_substrb_pad leading(r t) use_nl(t) rowid(t) */ substrb(dump(t.""EP_REPEAT_COUNT"",16,0,64),1,240) d_209335283, r.rwid, r.freq from ""SYS"".""HISTGRM$"" t, table(:topntab) r where t.rowid = chartorowid(r.rwid) order by t.""EP_REPEAT_COUNT""' DATABASE USER:[3] 'SYS' PRIVILEGE :[4] 'NONE' CLIENT USER:[0] '' CLIENT TERMINAL:[10] 'ANDY-AARON' STATUS:[1] '0' DBID:[10] '3074368596' SESSIONID:[6] '400276' USERHOST:[10] 'ANDY-AARON' CLIENT ADDRESS:[0] '' ACTION NUMBER:[1] '3' </string>"
windows_event;win_event;E:\Cours\TFE\experiments\phase_dataset_strengthening\processed\multiformat_balanced_20260910T094422Z\samples\windows_event.xml;;690;2025-08-23T14:04:54.766953+00:00;INFO;34;Oracle.xe;Oracle.xe;andy-aaron;8052;0;;;;;;;;;;;;;;;;;;;;;;;;;;;INFORMATIONAL;generic;"<string>LENGTH: '672' ACTION :[421] 'select /*+ no_parallel(t) no_parallel_index(t) dbms_stats cursor_sharing_exact use_weak_name_resl dynamic_sampling(0) no_monitoring xmlindex_sel_idx_tbl opt_param('optimizer_inmemory_aware' 'false') no_substrb_pad leading(r t) use_nl(t) rowid(t) */ substrb(dump(t.""INTCOL#"",16,0,64),1,240) d_1254105588, r.rwid, r.freq from ""SYS"".""HISTGRM$"" t, table(:topntab) r where t.rowid = chartorowid(r.rwid) order by t.""INTCOL#""' DATABASE USER:[3] 'SYS' PRIVILEGE :[4] 'NONE' CLIENT USER:[0] '' CLIENT TERMINAL:[10] 'ANDY-AARON' STATUS:[1] '0' DBID:[10] '3074368596' SESSIONID:[6] '400276' USERHOST:[10] 'ANDY-AARON' CLIENT ADDRESS:[0] '' ACTION NUMBER:[1] '3' </string>"
windows_event;win_event;E:\Cours\TFE\experiments\phase_dataset_strengthening\processed\multiformat_balanced_20260910T094422Z\samples\windows_event.xml;;691;2025-08-23T14:04:54.768639+00:00;INFO;34;Oracle.xe;Oracle.xe;andy-aaron;8052;0;;;;;;;;;;;;;;;;;;;;;;;;;;;INFORMATIONAL;generic;"<string>LENGTH: '672' ACTION :[421] 'select /*+ no_parallel(t) no_parallel_index(t) dbms_stats cursor_sharing_exact use_weak_name_resl dynamic_sampling(0) no_monitoring xmlindex_sel_idx_tbl opt_param('optimizer_inmemory_aware' 'false') no_substrb_pad leading(r t) use_nl(t) rowid(t) */ substrb(dump(t.""INTCOL#"",16,0,64),1,240) d_1254105588, r.rwid, r.freq from ""SYS"".""HISTGRM$"" t, table(:topntab) r where t.rowid = chartorowid(r.rwid) order by t.""INTCOL#""' DATABASE USER:[3] 'SYS' PRIVILEGE :[4] 'NONE' CLIENT USER:[0] '' CLIENT TERMINAL:[10] 'ANDY-AARON' STATUS:[1] '0' DBID:[10] '3074368596' SESSIONID:[6] '400276' USERHOST:[10] 'ANDY-AARON' CLIENT ADDRESS:[0] '' ACTION NUMBER:[1] '3' </string>"
windows_event;win_event;E:\Cours\TFE\experiments\phase_dataset_strengthening\processed\multiformat_balanced_20260910T094422Z\samples\windows_event.xml;;692;2025-08-23T14:04:54.771858+00:00;INFO;34;Oracle.xe;Oracle.xe;andy-aaron;8052;0;;;;;;;;;;;;;;;;;;;;;;;;;;;INFORMATIONAL;generic;"<string>LENGTH: '666' ACTION :[415] 'select /*+ no_parallel(t) no_parallel_index(t) dbms_stats cursor_sharing_exact use_weak_name_resl dynamic_sampling(0) no_monitoring xmlindex_sel_idx_tbl opt_param('optimizer_inmemory_aware' 'false') no_substrb_pad leading(r t) use_nl(t) rowid(t) */ substrb(dump(t.""ROW#"",16,0,64),1,240) d_4166783563, r.rwid, r.freq from ""SYS"".""HISTGRM$"" t, table(:topntab) r where t.rowid = chartorowid(r.rwid) order by t.""ROW#""' DATABASE USER:[3] 'SYS' PRIVILEGE :[4] 'NONE' CLIENT USER:[0] '' CLIENT TERMINAL:[10] 'ANDY-AARON' STATUS:[1] '0' DBID:[10] '3074368596' SESSIONID:[6] '400276' USERHOST:[10] 'ANDY-AARON' CLIENT ADDRESS:[0] '' ACTION NUMBER:[1] '3' </string>"
windows_event;win_event;E:\Cours\TFE\experiments\phase_dataset_strengthening\processed\multiformat_balanced_20260910T094422Z\samples\windows_event.xml;;693;2025-08-23T14:04:54.773809+00:00;INFO;34;Oracle.xe;Oracle.xe;andy-aaron;8052;0;;;;;;;;;;;;;;;;;;;;;;;;;;;INFORMATIONAL;generic;"<string>LENGTH: '666' ACTION :[415] 'select /*+ no_parallel(t) no_parallel_index(t) dbms_stats cursor_sharing_exact use_weak_name_resl dynamic_sampling(0) no_monitoring xmlindex_sel_idx_tbl opt_param('optimizer_inmemory_aware' 'false') no_substrb_pad leading(r t) use_nl(t) rowid(t) */ substrb(dump(t.""ROW#"",16,0,64),1,240) d_4166783563, r.rwid, r.freq from ""SYS"".""HISTGRM$"" t, table(:topntab) r where t.rowid = chartorowid(r.rwid) order by t.""ROW#""' DATABASE USER:[3] 'SYS' PRIVILEGE :[4] 'NONE' CLIENT USER:[0] '' CLIENT TERMINAL:[10] 'ANDY-AARON' STATUS:[1] '0' DBID:[10] '3074368596' SESSIONID:[6] '400276' USERHOST:[10] 'ANDY-AARON' CLIENT ADDRESS:[0] '' ACTION NUMBER:[1] '3' </string>"
windows_event;win_event;E:\Cours\TFE\experiments\phase_dataset_strengthening\processed\multiformat_balanced_20260910T094422Z\samples\windows_event.xml;;694;2025-08-23T14:04:55.064850+00:00;INFO;34;Oracle.xe;Oracle.xe;andy-aaron;8052;0;;;;;;;;;;;;;;;;;;;;;;;;;;;INFORMATIONAL;generic;"<string>LENGTH: '720' ACTION :[469] 'select /*+ no_parallel(t) no_parallel_index(t) dbms_stats cursor_sharing_exact use_weak_name_resl dynamic_sampling(0) no_monitoring xmlindex_sel_idx_tbl opt_param('optimizer_inmemory_aware' 'false') no_substrb_pad leading(r t) use_nl(t) rowid(t) */ substrb(dump(substrb(t.""EXEC_NAME"",1,64),16,0,64),1,240) d_2664901495, r.rwid, r.freq from ""SYS"".""WRI$_ADV_EXEC_PARAMETERS"" t, table(:topntab) r where t.rowid = chartorowid(r.rwid) order by substrb(t.""EXEC_NAME"",1,64)' DATABASE USER:[3] 'SYS' PRIVILEGE :[4] 'NONE' CLIENT USER:[0] '' CLIENT TERMINAL:[10] 'ANDY-AARON' STATUS:[1] '0' DBID:[10] '3074368596' SESSIONID:[6] '400276' USERHOST:[10] 'ANDY-AARON' CLIENT ADDRESS:[0] '' ACTION NUMBER:[1] '3' </string>"
windows_event;win_event;E:\Cours\TFE\experiments\phase_dataset_strengthening\processed\multiformat_balanced_20260910T094422Z\samples\windows_event.xml;;695;2025-08-23T14:04:55.066582+00:00;INFO;34;Oracle.xe;Oracle.xe;andy-aaron;8052;0;;;;;;;;;;;;;;;;;;;;;;;;;;;INFORMATIONAL;generic;"<string>LENGTH: '720' ACTION :[469] 'select /*+ no_parallel(t) no_parallel_index(t) dbms_stats cursor_sharing_exact use_weak_name_resl dynamic_sampling(0) no_monitoring xmlindex_sel_idx_tbl opt_param('optimizer_inmemory_aware' 'false') no_substrb_pad leading(r t) use_nl(t) rowid(t) */ substrb(dump(substrb(t.""EXEC_NAME"",1,64),16,0,64),1,240) d_2664901495, r.rwid, r.freq from ""SYS"".""WRI$_ADV_EXEC_PARAMETERS"" t, table(:topntab) r where t.rowid = chartorowid(r.rwid) order by substrb(t.""EXEC_NAME"",1,64)' DATABASE USER:[3] 'SYS' PRIVILEGE :[4] 'NONE' CLIENT USER:[0] '' CLIENT TERMINAL:[10] 'ANDY-AARON' STATUS:[1] '0' DBID:[10] '3074368596' SESSIONID:[6] '400276' USERHOST:[10] 'ANDY-AARON' CLIENT ADDRESS:[0] '' ACTION NUMBER:[1] '3' </string>"
windows_event;win_event;E:\Cours\TFE\experiments\phase_dataset_strengthening\processed\multiformat_balanced_20260910T094422Z\samples\windows_event.xml;;696;2025-08-23T14:04:55.068489+00:00;INFO;34;Oracle.xe;Oracle.xe;andy-aaron;8052;0;;;;;;;;;;;;;;;;;;;;;;;;;;;INFORMATIONAL;generic;"<string>LENGTH: '710' ACTION :[459] 'select /*+ no_parallel(t) no_parallel_index(t) dbms_stats cursor_sharing_exact use_weak_name_resl dynamic_sampling(0) no_monitoring xmlindex_sel_idx_tbl opt_param('optimizer_inmemory_aware' 'false') no_substrb_pad leading(r t) use_nl(t) rowid(t) */ substrb(dump(substrb(t.""NAME"",1,64),16,0,64),1,240) d_2614638557, r.rwid, r.freq from ""SYS"".""WRI$_ADV_EXEC_PARAMETERS"" t, table(:topntab) r where t.rowid = chartorowid(r.rwid) order by substrb(t.""NAME"",1,64)' DATABASE USER:[3] 'SYS' PRIVILEGE :[4] 'NONE' CLIENT USER:[0] '' CLIENT TERMINAL:[10] 'ANDY-AARON' STATUS:[1] '0' DBID:[10] '3074368596' SESSIONID:[6] '400276' USERHOST:[10] 'ANDY-AARON' CLIENT ADDRESS:[0] '' ACTION NUMBER:[1] '3' </string>"
windows_event;win_event;E:\Cours\TFE\experiments\phase_dataset_strengthening\processed\multiformat_balanced_20260910T094422Z\samples\windows_event.xml;;697;2025-08-23T14:04:55.070303+00:00;INFO;34;Oracle.xe;Oracle.xe;andy-aaron;8052;0;;;;;;;;;;;;;;;;;;;;;;;;;;;INFORMATIONAL;generic;"<string>LENGTH: '710' ACTION :[459] 'select /*+ no_parallel(t) no_parallel_index(t) dbms_stats cursor_sharing_exact use_weak_name_resl dynamic_sampling(0) no_monitoring xmlindex_sel_idx_tbl opt_param('optimizer_inmemory_aware' 'false') no_substrb_pad leading(r t) use_nl(t) rowid(t) */ substrb(dump(substrb(t.""NAME"",1,64),16,0,64),1,240) d_2614638557, r.rwid, r.freq from ""SYS"".""WRI$_ADV_EXEC_PARAMETERS"" t, table(:topntab) r where t.rowid = chartorowid(r.rwid) order by substrb(t.""NAME"",1,64)' DATABASE USER:[3] 'SYS' PRIVILEGE :[4] 'NONE' CLIENT USER:[0] '' CLIENT TERMINAL:[10] 'ANDY-AARON' STATUS:[1] '0' DBID:[10] '3074368596' SESSIONID:[6] '400276' USERHOST:[10] 'ANDY-AARON' CLIENT ADDRESS:[0] '' ACTION NUMBER:[1] '3' </string>"
windows_event;win_event;E:\Cours\TFE\experiments\phase_dataset_strengthening\processed\multiformat_balanced_20260910T094422Z\samples\windows_event.xml;;698;2025-08-23T14:04:55.072746+00:00;INFO;34;Oracle.xe;Oracle.xe;andy-aaron;8052;0;;;;;;;;;;;;;;;;;;;;;;;;;;;INFORMATIONAL;generic;"<string>LENGTH: '688' ACTION :[437] 'select /*+ no_parallel(t) no_parallel_index(t) dbms_stats cursor_sharing_exact use_weak_name_resl dynamic_sampling(0) no_monitoring xmlindex_sel_idx_tbl opt_param('optimizer_inmemory_aware' 'false') no_substrb_pad leading(r t) use_nl(t) rowid(t) */ substrb(dump(t.""TASK_ID"",16,0,64),1,240) d_3704798582, r.rwid, r.freq from ""SYS"".""WRI$_ADV_EXEC_PARAMETERS"" t, table(:topntab) r where t.rowid = chartorowid(r.rwid) order by t.""TASK_ID""' DATABASE USER:[3] 'SYS' PRIVILEGE :[4] 'NONE' CLIENT USER:[0] '' CLIENT TERMINAL:[10] 'ANDY-AARON' STATUS:[1] '0' DBID:[10] '3074368596' SESSIONID:[6] '400276' USERHOST:[10] 'ANDY-AARON' CLIENT ADDRESS:[0] '' ACTION NUMBER:[1] '3' </string>"
windows_event;win_event;E:\Cours\TFE\experiments\phase_dataset_strengthening\processed\multiformat_balanced_20260910T094422Z\samples\windows_event.xml;;699;2025-08-23T14:04:55.074520+00:00;INFO;34;Oracle.xe;Oracle.xe;andy-aaron;8052;0;;;;;;;;;;;;;;;;;;;;;;;;;;;INFORMATIONAL;generic;"<string>LENGTH: '688' ACTION :[437] 'select /*+ no_parallel(t) no_parallel_index(t) dbms_stats cursor_sharing_exact use_weak_name_resl dynamic_sampling(0) no_monitoring xmlindex_sel_idx_tbl opt_param('optimizer_inmemory_aware' 'false') no_substrb_pad leading(r t) use_nl(t) rowid(t) */ substrb(dump(t.""TASK_ID"",16,0,64),1,240) d_3704798582, r.rwid, r.freq from ""SYS"".""WRI$_ADV_EXEC_PARAMETERS"" t, table(:topntab) r where t.rowid = chartorowid(r.rwid) order by t.""TASK_ID""' DATABASE USER:[3] 'SYS' PRIVILEGE :[4] 'NONE' CLIENT USER:[0] '' CLIENT TERMINAL:[10] 'ANDY-AARON' STATUS:[1] '0' DBID:[10] '3074368596' SESSIONID:[6] '400276' USERHOST:[10] 'ANDY-AARON' CLIENT ADDRESS:[0] '' ACTION NUMBER:[1] '3' </string>"
windows_event;win_event;E:\Cours\TFE\experiments\phase_dataset_strengthening\processed\multiformat_balanced_20260910T094422Z\samples\windows_event.xml;;700;2025-08-23T14:04:55.165598+00:00;INFO;34;Oracle.xe;Oracle.xe;andy-aaron;8052;0;;;;;;;;;;;;;;;;;;;;;;;;;;;INFORMATIONAL;generic;"<string>LENGTH: '670' ACTION :[419] 'select /*+ no_parallel(t) no_parallel_index(t) dbms_stats cursor_sharing_exact use_weak_name_resl dynamic_sampling(0) no_monitoring xmlindex_sel_idx_tbl opt_param('optimizer_inmemory_aware' 'false') no_substrb_pad leading(r t) use_nl(t) rowid(t) */ substrb(dump(t.""ID"",16,0,64),1,240) d_631915705, r.rwid, r.freq from ""SYS"".""WRI$_ADV_FINDINGS"" t, table(:topntab) r where t.rowid = chartorowid(r.rwid) order by t.""ID""' DATABASE USER:[3] 'SYS' PRIVILEGE :[4] 'NONE' CLIENT USER:[0] '' CLIENT TERMINAL:[10] 'ANDY-AARON' STATUS:[1] '0' DBID:[10] '3074368596' SESSIONID:[6] '400276' USERHOST:[10] 'ANDY-AARON' CLIENT ADDRESS:[0] '' ACTION NUMBER:[1] '3' </string>"
windows_event;win_event;E:\Cours\TFE\experiments\phase_dataset_strengthening\processed\multiformat_balanced_20260910T094422Z\samples\windows_event.xml;;701;2025-08-23T14:04:55.167017+00:00;INFO;34;Oracle.xe;Oracle.xe;andy-aaron;8052;0;;;;;;;;;;;;;;;;;;;;;;;;;;;INFORMATIONAL;generic;"<string>LENGTH: '670' ACTION :[419] 'select /*+ no_parallel(t) no_parallel_index(t) dbms_stats cursor_sharing_exact use_weak_name_resl dynamic_sampling(0) no_monitoring xmlindex_sel_idx_tbl opt_param('optimizer_inmemory_aware' 'false') no_substrb_pad leading(r t) use_nl(t) rowid(t) */ substrb(dump(t.""ID"",16,0,64),1,240) d_631915705, r.rwid, r.freq from ""SYS"".""WRI$_ADV_FINDINGS"" t, table(:topntab) r where t.rowid = chartorowid(r.rwid) order by t.""ID""' DATABASE USER:[3] 'SYS' PRIVILEGE :[4] 'NONE' CLIENT USER:[0] '' CLIENT TERMINAL:[10] 'ANDY-AARON' STATUS:[1] '0' DBID:[10] '3074368596' SESSIONID:[6] '400276' USERHOST:[10] 'ANDY-AARON' CLIENT ADDRESS:[0] '' ACTION NUMBER:[1] '3' </string>"
windows_event;win_event;E:\Cours\TFE\experiments\phase_dataset_strengthening\processed\multiformat_balanced_20260910T094422Z\samples\windows_event.xml;;702;2025-08-23T14:04:55.169319+00:00;INFO;34;Oracle.xe;Oracle.xe;andy-aaron;8052;0;;;;;;;;;;;;;;;;;;;;;;;;;;;INFORMATIONAL;generic;"<string>LENGTH: '679' ACTION :[428] 'select /*+ no_parallel(t) no_parallel_index(t) dbms_stats cursor_sharing_exact use_weak_name_resl dynamic_sampling(0) no_monitoring xmlindex_sel_idx_tbl opt_param('optimizer_inmemory_aware' 'false') no_substrb_pad leading(r t) use_nl(t) rowid(t) */ substrb(dump(t.""OBJ_ID"",16,0,64),1,240) d_3449807563, r.rwid, r.freq from ""SYS"".""WRI$_ADV_FINDINGS"" t, table(:topntab) r where t.rowid = chartorowid(r.rwid) order by t.""OBJ_ID""' DATABASE USER:[3] 'SYS' PRIVILEGE :[4] 'NONE' CLIENT USER:[0] '' CLIENT TERMINAL:[10] 'ANDY-AARON' STATUS:[1] '0' DBID:[10] '3074368596' SESSIONID:[6] '400276' USERHOST:[10] 'ANDY-AARON' CLIENT ADDRESS:[0] '' ACTION NUMBER:[1] '3' </string>"
windows_event;win_event;E:\Cours\TFE\experiments\phase_dataset_strengthening\processed\multiformat_balanced_20260910T094422Z\samples\windows_event.xml;;703;2025-08-23T14:04:55.171251+00:00;INFO;34;Oracle.xe;Oracle.xe;andy-aaron;8052;0;;;;;;;;;;;;;;;;;;;;;;;;;;;INFORMATIONAL;generic;"<string>LENGTH: '679' ACTION :[428] 'select /*+ no_parallel(t) no_parallel_index(t) dbms_stats cursor_sharing_exact use_weak_name_resl dynamic_sampling(0) no_monitoring xmlindex_sel_idx_tbl opt_param('optimizer_inmemory_aware' 'false') no_substrb_pad leading(r t) use_nl(t) rowid(t) */ substrb(dump(t.""OBJ_ID"",16,0,64),1,240) d_3449807563, r.rwid, r.freq from ""SYS"".""WRI$_ADV_FINDINGS"" t, table(:topntab) r where t.rowid = chartorowid(r.rwid) order by t.""OBJ_ID""' DATABASE USER:[3] 'SYS' PRIVILEGE :[4] 'NONE' CLIENT USER:[0] '' CLIENT TERMINAL:[10] 'ANDY-AARON' STATUS:[1] '0' DBID:[10] '3074368596' SESSIONID:[6] '400276' USERHOST:[10] 'ANDY-AARON' CLIENT ADDRESS:[0] '' ACTION NUMBER:[1] '3' </string>"
windows_event;win_event;E:\Cours\TFE\experiments\phase_dataset_strengthening\processed\multiformat_balanced_20260910T094422Z\samples\windows_event.xml;;704;2025-08-23T14:04:55.173252+00:00;INFO;34;Oracle.xe;Oracle.xe;andy-aaron;8052;0;;;;;;;;;;;;;;;;;;;;;;;;;;;INFORMATIONAL;generic;"<string>LENGTH: '713' ACTION :[462] 'select /*+ no_parallel(t) no_parallel_index(t) dbms_stats cursor_sharing_exact use_weak_name_resl dynamic_sampling(0) no_monitoring xmlindex_sel_idx_tbl opt_param('optimizer_inmemory_aware' 'false') no_substrb_pad leading(r t) use_nl(t) rowid(t) */ substrb(dump(substrb(t.""EXEC_NAME"",1,64),16,0,64),1,240) d_2664901495, r.rwid, r.freq from ""SYS"".""WRI$_ADV_FINDINGS"" t, table(:topntab) r where t.rowid = chartorowid(r.rwid) order by substrb(t.""EXEC_NAME"",1,64)' DATABASE USER:[3] 'SYS' PRIVILEGE :[4] 'NONE' CLIENT USER:[0] '' CLIENT TERMINAL:[10] 'ANDY-AARON' STATUS:[1] '0' DBID:[10] '3074368596' SESSIONID:[6] '400276' USERHOST:[10] 'ANDY-AARON' CLIENT ADDRESS:[0] '' ACTION NUMBER:[1] '3' </string>"
windows_event;win_event;E:\Cours\TFE\experiments\phase_dataset_strengthening\processed\multiformat_balanced_20260910T094422Z\samples\windows_event.xml;;705;2025-08-23T14:04:55.175035+00:00;INFO;34;Oracle.xe;Oracle.xe;andy-aaron;8052;0;;;;;;;;;;;;;;;;;;;;;;;;;;;INFORMATIONAL;generic;"<string>LENGTH: '713' ACTION :[462] 'select /*+ no_parallel(t) no_parallel_index(t) dbms_stats cursor_sharing_exact use_weak_name_resl dynamic_sampling(0) no_monitoring xmlindex_sel_idx_tbl opt_param('optimizer_inmemory_aware' 'false') no_substrb_pad leading(r t) use_nl(t) rowid(t) */ substrb(dump(substrb(t.""EXEC_NAME"",1,64),16,0,64),1,240) d_2664901495, r.rwid, r.freq from ""SYS"".""WRI$_ADV_FINDINGS"" t, table(:topntab) r where t.rowid = chartorowid(r.rwid) order by substrb(t.""EXEC_NAME"",1,64)' DATABASE USER:[3] 'SYS' PRIVILEGE :[4] 'NONE' CLIENT USER:[0] '' CLIENT TERMINAL:[10] 'ANDY-AARON' STATUS:[1] '0' DBID:[10] '3074368596' SESSIONID:[6] '400276' USERHOST:[10] 'ANDY-AARON' CLIENT ADDRESS:[0] '' ACTION NUMBER:[1] '3' </string>"
windows_event;win_event;E:\Cours\TFE\experiments\phase_dataset_strengthening\processed\multiformat_balanced_20260910T094422Z\samples\windows_event.xml;;706;2025-08-23T14:04:55.176826+00:00;INFO;34;Oracle.xe;Oracle.xe;andy-aaron;8052;0;;;;;;;;;;;;;;;;;;;;;;;;;;;INFORMATIONAL;generic;"<string>LENGTH: '691' ACTION :[440] 'select /*+ no_parallel(t) no_parallel_index(t) dbms_stats cursor_sharing_exact use_weak_name_resl dynamic_sampling(0) no_monitoring xmlindex_sel_idx_tbl opt_param('optimizer_inmemory_aware' 'false') no_substrb_pad leading(r t) use_nl(t) rowid(t) */ substrb(dump(t.""MORE_INFO_ID"",16,0,64),1,240) d_2123589056, r.rwid, r.freq from ""SYS"".""WRI$_ADV_FINDINGS"" t, table(:topntab) r where t.rowid = chartorowid(r.rwid) order by t.""MORE_INFO_ID""' DATABASE USER:[3] 'SYS' PRIVILEGE :[4] 'NONE' CLIENT USER:[0] '' CLIENT TERMINAL:[10] 'ANDY-AARON' STATUS:[1] '0' DBID:[10] '3074368596' SESSIONID:[6] '400276' USERHOST:[10] 'ANDY-AARON' CLIENT ADDRESS:[0] '' ACTION NUMBER:[1] '3' </string>"
windows_event;win_event;E:\Cours\TFE\experiments\phase_dataset_strengthening\processed\multiformat_balanced_20260910T094422Z\samples\windows_event.xml;;707;2025-08-23T14:04:55.178547+00:00;INFO;34;Oracle.xe;Oracle.xe;andy-aaron;8052;0;;;;;;;;;;;;;;;;;;;;;;;;;;;INFORMATIONAL;generic;"<string>LENGTH: '691' ACTION :[440] 'select /*+ no_parallel(t) no_parallel_index(t) dbms_stats cursor_sharing_exact use_weak_name_resl dynamic_sampling(0) no_monitoring xmlindex_sel_idx_tbl opt_param('optimizer_inmemory_aware' 'false') no_substrb_pad leading(r t) use_nl(t) rowid(t) */ substrb(dump(t.""MORE_INFO_ID"",16,0,64),1,240) d_2123589056, r.rwid, r.freq from ""SYS"".""WRI$_ADV_FINDINGS"" t, table(:topntab) r where t.rowid = chartorowid(r.rwid) order by t.""MORE_INFO_ID""' DATABASE USER:[3] 'SYS' PRIVILEGE :[4] 'NONE' CLIENT USER:[0] '' CLIENT TERMINAL:[10] 'ANDY-AARON' STATUS:[1] '0' DBID:[10] '3074368596' SESSIONID:[6] '400276' USERHOST:[10] 'ANDY-AARON' CLIENT ADDRESS:[0] '' ACTION NUMBER:[1] '3' </string>"
windows_event;win_event;E:\Cours\TFE\experiments\phase_dataset_strengthening\processed\multiformat_balanced_20260910T094422Z\samples\windows_event.xml;;708;2025-08-23T14:04:55.180223+00:00;INFO;34;Oracle.xe;Oracle.xe;andy-aaron;8052;0;;;;;;;;;;;;;;;;;;;;;;;;;;;INFORMATIONAL;generic;"<string>LENGTH: '681' ACTION :[430] 'select /*+ no_parallel(t) no_parallel_index(t) dbms_stats cursor_sharing_exact use_weak_name_resl dynamic_sampling(0) no_monitoring xmlindex_sel_idx_tbl opt_param('optimizer_inmemory_aware' 'false') no_substrb_pad leading(r t) use_nl(t) rowid(t) */ substrb(dump(t.""TASK_ID"",16,0,64),1,240) d_3704798582, r.rwid, r.freq from ""SYS"".""WRI$_ADV_FINDINGS"" t, table(:topntab) r where t.rowid = chartorowid(r.rwid) order by t.""TASK_ID""' DATABASE USER:[3] 'SYS' PRIVILEGE :[4] 'NONE' CLIENT USER:[0] '' CLIENT TERMINAL:[10] 'ANDY-AARON' STATUS:[1] '0' DBID:[10] '3074368596' SESSIONID:[6] '400276' USERHOST:[10] 'ANDY-AARON' CLIENT ADDRESS:[0] '' ACTION NUMBER:[1] '3' </string>"
windows_event;win_event;E:\Cours\TFE\experiments\phase_dataset_strengthening\processed\multiformat_balanced_20260910T094422Z\samples\windows_event.xml;;709;2025-08-23T14:04:55.181728+00:00;INFO;34;Oracle.xe;Oracle.xe;andy-aaron;8052;0;;;;;;;;;;;;;;;;;;;;;;;;;;;INFORMATIONAL;generic;"<string>LENGTH: '681' ACTION :[430] 'select /*+ no_parallel(t) no_parallel_index(t) dbms_stats cursor_sharing_exact use_weak_name_resl dynamic_sampling(0) no_monitoring xmlindex_sel_idx_tbl opt_param('optimizer_inmemory_aware' 'false') no_substrb_pad leading(r t) use_nl(t) rowid(t) */ substrb(dump(t.""TASK_ID"",16,0,64),1,240) d_3704798582, r.rwid, r.freq from ""SYS"".""WRI$_ADV_FINDINGS"" t, table(:topntab) r where t.rowid = chartorowid(r.rwid) order by t.""TASK_ID""' DATABASE USER:[3] 'SYS' PRIVILEGE :[4] 'NONE' CLIENT USER:[0] '' CLIENT TERMINAL:[10] 'ANDY-AARON' STATUS:[1] '0' DBID:[10] '3074368596' SESSIONID:[6] '400276' USERHOST:[10] 'ANDY-AARON' CLIENT ADDRESS:[0] '' ACTION NUMBER:[1] '3' </string>"
windows_event;win_event;E:\Cours\TFE\experiments\phase_dataset_strengthening\processed\multiformat_balanced_20260910T094422Z\samples\windows_event.xml;;710;2025-08-23T14:04:55.183319+00:00;INFO;34;Oracle.xe;Oracle.xe;andy-aaron;8052;0;;;;;;;;;;;;;;;;;;;;;;;;;;;INFORMATIONAL;generic;"<string>LENGTH: '675' ACTION :[424] 'select /*+ no_parallel(t) no_parallel_index(t) dbms_stats cursor_sharing_exact use_weak_name_resl dynamic_sampling(0) no_monitoring xmlindex_sel_idx_tbl opt_param('optimizer_inmemory_aware' 'false') no_substrb_pad leading(r t) use_nl(t) rowid(t) */ substrb(dump(t.""TYPE"",16,0,64),1,240) d_1044299751, r.rwid, r.freq from ""SYS"".""WRI$_ADV_FINDINGS"" t, table(:topntab) r where t.rowid = chartorowid(r.rwid) order by t.""TYPE""' DATABASE USER:[3] 'SYS' PRIVILEGE :[4] 'NONE' CLIENT USER:[0] '' CLIENT TERMINAL:[10] 'ANDY-AARON' STATUS:[1] '0' DBID:[10] '3074368596' SESSIONID:[6] '400276' USERHOST:[10] 'ANDY-AARON' CLIENT ADDRESS:[0] '' ACTION NUMBER:[1] '3' </string>"
windows_event;win_event;E:\Cours\TFE\experiments\phase_dataset_strengthening\processed\multiformat_balanced_20260910T094422Z\samples\windows_event.xml;;711;2025-08-23T14:04:55.186117+00:00;INFO;34;Oracle.xe;Oracle.xe;andy-aaron;8052;0;;;;;;;;;;;;;;;;;;;;;;;;;;;INFORMATIONAL;generic;"<string>LENGTH: '675' ACTION :[424] 'select /*+ no_parallel(t) no_parallel_index(t) dbms_stats cursor_sharing_exact use_weak_name_resl dynamic_sampling(0) no_monitoring xmlindex_sel_idx_tbl opt_param('optimizer_inmemory_aware' 'false') no_substrb_pad leading(r t) use_nl(t) rowid(t) */ substrb(dump(t.""TYPE"",16,0,64),1,240) d_1044299751, r.rwid, r.freq from ""SYS"".""WRI$_ADV_FINDINGS"" t, table(:topntab) r where t.rowid = chartorowid(r.rwid) order by t.""TYPE""' DATABASE USER:[3] 'SYS' PRIVILEGE :[4] 'NONE' CLIENT USER:[0] '' CLIENT TERMINAL:[10] 'ANDY-AARON' STATUS:[1] '0' DBID:[10] '3074368596' SESSIONID:[6] '400276' USERHOST:[10] 'ANDY-AARON' CLIENT ADDRESS:[0] '' ACTION NUMBER:[1] '3' </string>"
windows_event;win_event;E:\Cours\TFE\experiments\phase_dataset_strengthening\processed\multiformat_balanced_20260910T094422Z\samples\windows_event.xml;;712;2025-08-23T14:04:55.321815+00:00;INFO;34;Oracle.xe;Oracle.xe;andy-aaron;8052;0;;;;;;;;;;;;;;;;;;;;;;;;;;;INFORMATIONAL;generic;"<string>LENGTH: '694' ACTION :[443] 'select /*+ no_parallel(t) no_parallel_index(t) dbms_stats cursor_sharing_exact use_weak_name_resl dynamic_sampling(0) no_monitoring xmlindex_sel_idx_tbl opt_param('optimizer_inmemory_aware' 'false') no_substrb_pad leading(r t) use_nl(t) rowid(t) */ substrb(dump(t.""FINDING_ID"",16,0,64),1,240) d_4235261003, r.rwid, r.freq from ""SYS"".""WRI$_ADV_RECOMMENDATIONS"" t, table(:topntab) r where t.rowid = chartorowid(r.rwid) order by t.""FINDING_ID""' DATABASE USER:[3] 'SYS' PRIVILEGE :[4] 'NONE' CLIENT USER:[0] '' CLIENT TERMINAL:[10] 'ANDY-AARON' STATUS:[1] '0' DBID:[10] '3074368596' SESSIONID:[6] '400276' USERHOST:[10] 'ANDY-AARON' CLIENT ADDRESS:[0] '' ACTION NUMBER:[1] '3' </string>"
windows_event;win_event;E:\Cours\TFE\experiments\phase_dataset_strengthening\processed\multiformat_balanced_20260910T094422Z\samples\windows_event.xml;;713;2025-08-23T14:04:55.323334+00:00;INFO;34;Oracle.xe;Oracle.xe;andy-aaron;8052;0;;;;;;;;;;;;;;;;;;;;;;;;;;;INFORMATIONAL;generic;"<string>LENGTH: '694' ACTION :[443] 'select /*+ no_parallel(t) no_parallel_index(t) dbms_stats cursor_sharing_exact use_weak_name_resl dynamic_sampling(0) no_monitoring xmlindex_sel_idx_tbl opt_param('optimizer_inmemory_aware' 'false') no_substrb_pad leading(r t) use_nl(t) rowid(t) */ substrb(dump(t.""FINDING_ID"",16,0,64),1,240) d_4235261003, r.rwid, r.freq from ""SYS"".""WRI$_ADV_RECOMMENDATIONS"" t, table(:topntab) r where t.rowid = chartorowid(r.rwid) order by t.""FINDING_ID""' DATABASE USER:[3] 'SYS' PRIVILEGE :[4] 'NONE' CLIENT USER:[0] '' CLIENT TERMINAL:[10] 'ANDY-AARON' STATUS:[1] '0' DBID:[10] '3074368596' SESSIONID:[6] '400276' USERHOST:[10] 'ANDY-AARON' CLIENT ADDRESS:[0] '' ACTION NUMBER:[1] '3' </string>"
windows_event;win_event;E:\Cours\TFE\experiments\phase_dataset_strengthening\processed\multiformat_balanced_20260910T094422Z\samples\windows_event.xml;;714;2025-08-23T14:04:55.325256+00:00;INFO;34;Oracle.xe;Oracle.xe;andy-aaron;8052;0;;;;;;;;;;;;;;;;;;;;;;;;;;;INFORMATIONAL;generic;"<string>LENGTH: '677' ACTION :[426] 'select /*+ no_parallel(t) no_parallel_index(t) dbms_stats cursor_sharing_exact use_weak_name_resl dynamic_sampling(0) no_monitoring xmlindex_sel_idx_tbl opt_param('optimizer_inmemory_aware' 'false') no_substrb_pad leading(r t) use_nl(t) rowid(t) */ substrb(dump(t.""ID"",16,0,64),1,240) d_631915705, r.rwid, r.freq from ""SYS"".""WRI$_ADV_RECOMMENDATIONS"" t, table(:topntab) r where t.rowid = chartorowid(r.rwid) order by t.""ID""' DATABASE USER:[3] 'SYS' PRIVILEGE :[4] 'NONE' CLIENT USER:[0] '' CLIENT TERMINAL:[10] 'ANDY-AARON' STATUS:[1] '0' DBID:[10] '3074368596' SESSIONID:[6] '400276' USERHOST:[10] 'ANDY-AARON' CLIENT ADDRESS:[0] '' ACTION NUMBER:[1] '3' </string>"
windows_event;win_event;E:\Cours\TFE\experiments\phase_dataset_strengthening\processed\multiformat_balanced_20260910T094422Z\samples\windows_event.xml;;715;2025-08-23T14:04:55.326727+00:00;INFO;34;Oracle.xe;Oracle.xe;andy-aaron;8052;0;;;;;;;;;;;;;;;;;;;;;;;;;;;INFORMATIONAL;generic;"<string>LENGTH: '677' ACTION :[426] 'select /*+ no_parallel(t) no_parallel_index(t) dbms_stats cursor_sharing_exact use_weak_name_resl dynamic_sampling(0) no_monitoring xmlindex_sel_idx_tbl opt_param('optimizer_inmemory_aware' 'false') no_substrb_pad leading(r t) use_nl(t) rowid(t) */ substrb(dump(t.""ID"",16,0,64),1,240) d_631915705, r.rwid, r.freq from ""SYS"".""WRI$_ADV_RECOMMENDATIONS"" t, table(:topntab) r where t.rowid = chartorowid(r.rwid) order by t.""ID""' DATABASE USER:[3] 'SYS' PRIVILEGE :[4] 'NONE' CLIENT USER:[0] '' CLIENT TERMINAL:[10] 'ANDY-AARON' STATUS:[1] '0' DBID:[10] '3074368596' SESSIONID:[6] '400276' USERHOST:[10] 'ANDY-AARON' CLIENT ADDRESS:[0] '' ACTION NUMBER:[1] '3' </string>"
windows_event;win_event;E:\Cours\TFE\experiments\phase_dataset_strengthening\processed\multiformat_balanced_20260910T094422Z\samples\windows_event.xml;;716;2025-08-23T14:04:55.328850+00:00;INFO;34;Oracle.xe;Oracle.xe;andy-aaron;8052;0;;;;;;;;;;;;;;;;;;;;;;;;;;;INFORMATIONAL;generic;"<string>LENGTH: '720' ACTION :[469] 'select /*+ no_parallel(t) no_parallel_index(t) dbms_stats cursor_sharing_exact use_weak_name_resl dynamic_sampling(0) no_monitoring xmlindex_sel_idx_tbl opt_param('optimizer_inmemory_aware' 'false') no_substrb_pad leading(r t) use_nl(t) rowid(t) */ substrb(dump(substrb(t.""EXEC_NAME"",1,64),16,0,64),1,240) d_2664901495, r.rwid, r.freq from ""SYS"".""WRI$_ADV_RECOMMENDATIONS"" t, table(:topntab) r where t.rowid = chartorowid(r.rwid) order by substrb(t.""EXEC_NAME"",1,64)' DATABASE USER:[3] 'SYS' PRIVILEGE :[4] 'NONE' CLIENT USER:[0] '' CLIENT TERMINAL:[10] 'ANDY-AARON' STATUS:[1] '0' DBID:[10] '3074368596' SESSIONID:[6] '400276' USERHOST:[10] 'ANDY-AARON' CLIENT ADDRESS:[0] '' ACTION NUMBER:[1] '3' </string>"
windows_event;win_event;E:\Cours\TFE\experiments\phase_dataset_strengthening\processed\multiformat_balanced_20260910T094422Z\samples\windows_event.xml;;717;2025-08-23T14:04:55.330910+00:00;INFO;34;Oracle.xe;Oracle.xe;andy-aaron;8052;0;;;;;;;;;;;;;;;;;;;;;;;;;;;INFORMATIONAL;generic;"<string>LENGTH: '720' ACTION :[469] 'select /*+ no_parallel(t) no_parallel_index(t) dbms_stats cursor_sharing_exact use_weak_name_resl dynamic_sampling(0) no_monitoring xmlindex_sel_idx_tbl opt_param('optimizer_inmemory_aware' 'false') no_substrb_pad leading(r t) use_nl(t) rowid(t) */ substrb(dump(substrb(t.""EXEC_NAME"",1,64),16,0,64),1,240) d_2664901495, r.rwid, r.freq from ""SYS"".""WRI$_ADV_RECOMMENDATIONS"" t, table(:topntab) r where t.rowid = chartorowid(r.rwid) order by substrb(t.""EXEC_NAME"",1,64)' DATABASE USER:[3] 'SYS' PRIVILEGE :[4] 'NONE' CLIENT USER:[0] '' CLIENT TERMINAL:[10] 'ANDY-AARON' STATUS:[1] '0' DBID:[10] '3074368596' SESSIONID:[6] '400276' USERHOST:[10] 'ANDY-AARON' CLIENT ADDRESS:[0] '' ACTION NUMBER:[1] '3' </string>"
windows_event;win_event;E:\Cours\TFE\experiments\phase_dataset_strengthening\processed\multiformat_balanced_20260910T094422Z\samples\windows_event.xml;;718;2025-08-23T14:04:55.332920+00:00;INFO;34;Oracle.xe;Oracle.xe;andy-aaron;8052;0;;;;;;;;;;;;;;;;;;;;;;;;;;;INFORMATIONAL;generic;"<string>LENGTH: '688' ACTION :[437] 'select /*+ no_parallel(t) no_parallel_index(t) dbms_stats cursor_sharing_exact use_weak_name_resl dynamic_sampling(0) no_monitoring xmlindex_sel_idx_tbl opt_param('optimizer_inmemory_aware' 'false') no_substrb_pad leading(r t) use_nl(t) rowid(t) */ substrb(dump(t.""TASK_ID"",16,0,64),1,240) d_3704798582, r.rwid, r.freq from ""SYS"".""WRI$_ADV_RECOMMENDATIONS"" t, table(:topntab) r where t.rowid = chartorowid(r.rwid) order by t.""TASK_ID""' DATABASE USER:[3] 'SYS' PRIVILEGE :[4] 'NONE' CLIENT USER:[0] '' CLIENT TERMINAL:[10] 'ANDY-AARON' STATUS:[1] '0' DBID:[10] '3074368596' SESSIONID:[6] '400276' USERHOST:[10] 'ANDY-AARON' CLIENT ADDRESS:[0] '' ACTION NUMBER:[1] '3' </string>"
windows_event;win_event;E:\Cours\TFE\experiments\phase_dataset_strengthening\processed\multiformat_balanced_20260910T094422Z\samples\windows_event.xml;;719;2025-08-23T14:04:55.334278+00:00;INFO;34;Oracle.xe;Oracle.xe;andy-aaron;8052;0;;;;;;;;;;;;;;;;;;;;;;;;;;;INFORMATIONAL;generic;"<string>LENGTH: '688' ACTION :[437] 'select /*+ no_parallel(t) no_parallel_index(t) dbms_stats cursor_sharing_exact use_weak_name_resl dynamic_sampling(0) no_monitoring xmlindex_sel_idx_tbl opt_param('optimizer_inmemory_aware' 'false') no_substrb_pad leading(r t) use_nl(t) rowid(t) */ substrb(dump(t.""TASK_ID"",16,0,64),1,240) d_3704798582, r.rwid, r.freq from ""SYS"".""WRI$_ADV_RECOMMENDATIONS"" t, table(:topntab) r where t.rowid = chartorowid(r.rwid) order by t.""TASK_ID""' DATABASE USER:[3] 'SYS' PRIVILEGE :[4] 'NONE' CLIENT USER:[0] '' CLIENT TERMINAL:[10] 'ANDY-AARON' STATUS:[1] '0' DBID:[10] '3074368596' SESSIONID:[6] '400276' USERHOST:[10] 'ANDY-AARON' CLIENT ADDRESS:[0] '' ACTION NUMBER:[1] '3' </string>"
windows_event;win_event;E:\Cours\TFE\experiments\phase_dataset_strengthening\processed\multiformat_balanced_20260910T094422Z\samples\windows_event.xml;;720;2025-08-23T14:04:55.478619+00:00;INFO;34;Oracle.xe;Oracle.xe;andy-aaron;8052;0;;;;;;;;;;;;;;;;;;;;;;;;;;;INFORMATIONAL;generic;"<string>LENGTH: '714' ACTION :[463] 'select /*+ no_parallel(t) no_parallel_index(t) dbms_stats cursor_sharing_exact use_weak_name_resl dynamic_sampling(0) no_monitoring xmlindex_sel_idx_tbl opt_param('optimizer_inmemory_aware' 'false') no_substrb_pad leading(r t) use_nl(t) rowid(t) */ substrb(dump(substrb(t.""EXEC_NAME"",1,64),16,0,64),1,240) d_2664901495, r.rwid, r.freq from ""SYS"".""WRI$_ADV_RATIONALE"" t, table(:topntab) r where t.rowid = chartorowid(r.rwid) order by substrb(t.""EXEC_NAME"",1,64)' DATABASE USER:[3] 'SYS' PRIVILEGE :[4] 'NONE' CLIENT USER:[0] '' CLIENT TERMINAL:[10] 'ANDY-AARON' STATUS:[1] '0' DBID:[10] '3074368596' SESSIONID:[6] '400276' USERHOST:[10] 'ANDY-AARON' CLIENT ADDRESS:[0] '' ACTION NUMBER:[1] '3' </string>"
windows_event;win_event;E:\Cours\TFE\experiments\phase_dataset_strengthening\processed\multiformat_balanced_20260910T094422Z\samples\windows_event.xml;;721;2025-08-23T14:04:55.480501+00:00;INFO;34;Oracle.xe;Oracle.xe;andy-aaron;8052;0;;;;;;;;;;;;;;;;;;;;;;;;;;;INFORMATIONAL;generic;"<string>LENGTH: '714' ACTION :[463] 'select /*+ no_parallel(t) no_parallel_index(t) dbms_stats cursor_sharing_exact use_weak_name_resl dynamic_sampling(0) no_monitoring xmlindex_sel_idx_tbl opt_param('optimizer_inmemory_aware' 'false') no_substrb_pad leading(r t) use_nl(t) rowid(t) */ substrb(dump(substrb(t.""EXEC_NAME"",1,64),16,0,64),1,240) d_2664901495, r.rwid, r.freq from ""SYS"".""WRI$_ADV_RATIONALE"" t, table(:topntab) r where t.rowid = chartorowid(r.rwid) order by substrb(t.""EXEC_NAME"",1,64)' DATABASE USER:[3] 'SYS' PRIVILEGE :[4] 'NONE' CLIENT USER:[0] '' CLIENT TERMINAL:[10] 'ANDY-AARON' STATUS:[1] '0' DBID:[10] '3074368596' SESSIONID:[6] '400276' USERHOST:[10] 'ANDY-AARON' CLIENT ADDRESS:[0] '' ACTION NUMBER:[1] '3' </string>"
windows_event;win_event;E:\Cours\TFE\experiments\phase_dataset_strengthening\processed\multiformat_balanced_20260910T094422Z\samples\windows_event.xml;;722;2025-08-23T14:04:55.482594+00:00;INFO;34;Oracle.xe;Oracle.xe;andy-aaron;8052;0;;;;;;;;;;;;;;;;;;;;;;;;;;;INFORMATIONAL;generic;"<string>LENGTH: '682' ACTION :[431] 'select /*+ no_parallel(t) no_parallel_index(t) dbms_stats cursor_sharing_exact use_weak_name_resl dynamic_sampling(0) no_monitoring xmlindex_sel_idx_tbl opt_param('optimizer_inmemory_aware' 'false') no_substrb_pad leading(r t) use_nl(t) rowid(t) */ substrb(dump(t.""TASK_ID"",16,0,64),1,240) d_3704798582, r.rwid, r.freq from ""SYS"".""WRI$_ADV_RATIONALE"" t, table(:topntab) r where t.rowid = chartorowid(r.rwid) order by t.""TASK_ID""' DATABASE USER:[3] 'SYS' PRIVILEGE :[4] 'NONE' CLIENT USER:[0] '' CLIENT TERMINAL:[10] 'ANDY-AARON' STATUS:[1] '0' DBID:[10] '3074368596' SESSIONID:[6] '400276' USERHOST:[10] 'ANDY-AARON' CLIENT ADDRESS:[0] '' ACTION NUMBER:[1] '3' </string>"
windows_event;win_event;E:\Cours\TFE\experiments\phase_dataset_strengthening\processed\multiformat_balanced_20260910T094422Z\samples\windows_event.xml;;723;2025-08-23T14:04:55.484697+00:00;INFO;34;Oracle.xe;Oracle.xe;andy-aaron;8052;0;;;;;;;;;;;;;;;;;;;;;;;;;;;INFORMATIONAL;generic;"<string>LENGTH: '682' ACTION :[431] 'select /*+ no_parallel(t) no_parallel_index(t) dbms_stats cursor_sharing_exact use_weak_name_resl dynamic_sampling(0) no_monitoring xmlindex_sel_idx_tbl opt_param('optimizer_inmemory_aware' 'false') no_substrb_pad leading(r t) use_nl(t) rowid(t) */ substrb(dump(t.""TASK_ID"",16,0,64),1,240) d_3704798582, r.rwid, r.freq from ""SYS"".""WRI$_ADV_RATIONALE"" t, table(:topntab) r where t.rowid = chartorowid(r.rwid) order by t.""TASK_ID""' DATABASE USER:[3] 'SYS' PRIVILEGE :[4] 'NONE' CLIENT USER:[0] '' CLIENT TERMINAL:[10] 'ANDY-AARON' STATUS:[1] '0' DBID:[10] '3074368596' SESSIONID:[6] '400276' USERHOST:[10] 'ANDY-AARON' CLIENT ADDRESS:[0] '' ACTION NUMBER:[1] '3' </string>"
windows_event;win_event;E:\Cours\TFE\experiments\phase_dataset_strengthening\processed\multiformat_balanced_20260910T094422Z\samples\windows_event.xml;;724;2025-08-23T14:04:55.532639+00:00;INFO;34;Oracle.xe;Oracle.xe;andy-aaron;8052;0;;;;;;;;;;;;;;;;;;;;;;;;;;;INFORMATIONAL;generic;"<string>LENGTH: '316' ACTION :[72] 'BEGIN DBMS_FEATURE_AFD(:feature_boolean, :aux_cnt, :feature_info); END;' DATABASE USER:[1] '/' PRIVILEGE :[4] 'NONE' CLIENT USER:[0] '' CLIENT TERMINAL:[10] 'ANDY-AARON' STATUS:[1] '0' DBID:[10] '1689037571' SESSIONID:[1] '0' USERHOST:[10] 'ANDY-AARON' CLIENT ADDRESS:[0] '' ACTION NUMBER:[2] '47' </string>"
windows_event;win_event;E:\Cours\TFE\experiments\phase_dataset_strengthening\processed\multiformat_balanced_20260910T094422Z\samples\windows_event.xml;;725;2025-08-23T14:04:55.534407+00:00;INFO;34;Oracle.xe;Oracle.xe;andy-aaron;8052;0;;;;;;;;;;;;;;;;;;;;;;;;;;;INFORMATIONAL;generic;"<string>LENGTH: '317' ACTION :[73] 'BEGIN DBMS_FEATURE_ACFS(:feature_boolean, :aux_cnt, :feature_info); END;' DATABASE USER:[1] '/' PRIVILEGE :[4] 'NONE' CLIENT USER:[0] '' CLIENT TERMINAL:[10] 'ANDY-AARON' STATUS:[1] '0' DBID:[10] '1689037571' SESSIONID:[1] '0' USERHOST:[10] 'ANDY-AARON' CLIENT ADDRESS:[0] '' ACTION NUMBER:[2] '47' </string>"
windows_event;win_event;E:\Cours\TFE\experiments\phase_dataset_strengthening\processed\multiformat_balanced_20260910T094422Z\samples\windows_event.xml;;726;2025-08-23T14:04:55.581915+00:00;INFO;34;Oracle.xe;Oracle.xe;andy-aaron;8052;0;;;;;;;;;;;;;;;;;;;;;;;;;;;INFORMATIONAL;generic;"<string>LENGTH: '686' ACTION :[435] 'select /*+ no_parallel(t) no_parallel_index(t) dbms_stats cursor_sharing_exact use_weak_name_resl dynamic_sampling(0) no_monitoring xmlindex_sel_idx_tbl opt_param('optimizer_inmemory_aware' 'false') no_substrb_pad leading(r t) use_nl(t) rowid(t) */ substrb(dump(t.""LOG_ID"",16,0,64),1,240) d_712308018, r.rwid, r.freq from ""SYS"".""SCHEDULER$_WINDOW_DETAILS"" t, table(:topntab) r where t.rowid = chartorowid(r.rwid) order by t.""LOG_ID""' DATABASE USER:[3] 'SYS' PRIVILEGE :[4] 'NONE' CLIENT USER:[0] '' CLIENT TERMINAL:[10] 'ANDY-AARON' STATUS:[1] '0' DBID:[10] '3074368596' SESSIONID:[6] '400276' USERHOST:[10] 'ANDY-AARON' CLIENT ADDRESS:[0] '' ACTION NUMBER:[1] '3' </string>"
windows_event;win_event;E:\Cours\TFE\experiments\phase_dataset_strengthening\processed\multiformat_balanced_20260910T094422Z\samples\windows_event.xml;;727;2025-08-23T14:04:55.584101+00:00;INFO;34;Oracle.xe;Oracle.xe;andy-aaron;8052;0;;;;;;;;;;;;;;;;;;;;;;;;;;;INFORMATIONAL;generic;"<string>LENGTH: '686' ACTION :[435] 'select /*+ no_parallel(t) no_parallel_index(t) dbms_stats cursor_sharing_exact use_weak_name_resl dynamic_sampling(0) no_monitoring xmlindex_sel_idx_tbl opt_param('optimizer_inmemory_aware' 'false') no_substrb_pad leading(r t) use_nl(t) rowid(t) */ substrb(dump(t.""LOG_ID"",16,0,64),1,240) d_712308018, r.rwid, r.freq from ""SYS"".""SCHEDULER$_WINDOW_DETAILS"" t, table(:topntab) r where t.rowid = chartorowid(r.rwid) order by t.""LOG_ID""' DATABASE USER:[3] 'SYS' PRIVILEGE :[4] 'NONE' CLIENT USER:[0] '' CLIENT TERMINAL:[10] 'ANDY-AARON' STATUS:[1] '0' DBID:[10] '3074368596' SESSIONID:[6] '400276' USERHOST:[10] 'ANDY-AARON' CLIENT ADDRESS:[0] '' ACTION NUMBER:[1] '3' </string>"
windows_event;win_event;E:\Cours\TFE\experiments\phase_dataset_strengthening\processed\multiformat_balanced_20260910T094422Z\samples\windows_event.xml;;728;2025-08-23T14:04:55.665009+00:00;INFO;34;Oracle.xe;Oracle.xe;andy-aaron;8052;0;;;;;;;;;;;;;;;;;;;;;;;;;;;INFORMATIONAL;generic;"<string>LENGTH: '688' ACTION :[437] 'select /*+ no_parallel(t) no_parallel_index(t) dbms_stats cursor_sharing_exact use_weak_name_resl dynamic_sampling(0) no_monitoring xmlindex_sel_idx_tbl opt_param('optimizer_inmemory_aware' 'false') no_substrb_pad leading(r t) use_nl(t) rowid(t) */ substrb(dump(t.""VECTOR_INDEX"",16,0,64),1,240) d_4261549625, r.rwid, r.freq from ""SYS"".""WRI$_SCH_VOTES"" t, table(:topntab) r where t.rowid = chartorowid(r.rwid) order by t.""VECTOR_INDEX""' DATABASE USER:[3] 'SYS' PRIVILEGE :[4] 'NONE' CLIENT USER:[0] '' CLIENT TERMINAL:[10] 'ANDY-AARON' STATUS:[1] '0' DBID:[10] '3074368596' SESSIONID:[6] '400276' USERHOST:[10] 'ANDY-AARON' CLIENT ADDRESS:[0] '' ACTION NUMBER:[1] '3' </string>"
windows_event;win_event;E:\Cours\TFE\experiments\phase_dataset_strengthening\processed\multiformat_balanced_20260910T094422Z\samples\windows_event.xml;;729;2025-08-23T14:04:55.667084+00:00;INFO;34;Oracle.xe;Oracle.xe;andy-aaron;8052;0;;;;;;;;;;;;;;;;;;;;;;;;;;;INFORMATIONAL;generic;"<string>LENGTH: '688' ACTION :[437] 'select /*+ no_parallel(t) no_parallel_index(t) dbms_stats cursor_sharing_exact use_weak_name_resl dynamic_sampling(0) no_monitoring xmlindex_sel_idx_tbl opt_param('optimizer_inmemory_aware' 'false') no_substrb_pad leading(r t) use_nl(t) rowid(t) */ substrb(dump(t.""VECTOR_INDEX"",16,0,64),1,240) d_4261549625, r.rwid, r.freq from ""SYS"".""WRI$_SCH_VOTES"" t, table(:topntab) r where t.rowid = chartorowid(r.rwid) order by t.""VECTOR_INDEX""' DATABASE USER:[3] 'SYS' PRIVILEGE :[4] 'NONE' CLIENT USER:[0] '' CLIENT TERMINAL:[10] 'ANDY-AARON' STATUS:[1] '0' DBID:[10] '3074368596' SESSIONID:[6] '400276' USERHOST:[10] 'ANDY-AARON' CLIENT ADDRESS:[0] '' ACTION NUMBER:[1] '3' </string>"
windows_event;win_event;E:\Cours\TFE\experiments\phase_dataset_strengthening\processed\multiformat_balanced_20260910T094422Z\samples\windows_event.xml;;730;2025-08-23T14:04:55.669226+00:00;INFO;34;Oracle.xe;Oracle.xe;andy-aaron;8052;0;;;;;;;;;;;;;;;;;;;;;;;;;;;INFORMATIONAL;generic;"<string>LENGTH: '686' ACTION :[435] 'select /*+ no_parallel(t) no_parallel_index(t) dbms_stats cursor_sharing_exact use_weak_name_resl dynamic_sampling(0) no_monitoring xmlindex_sel_idx_tbl opt_param('optimizer_inmemory_aware' 'false') no_substrb_pad leading(r t) use_nl(t) rowid(t) */ substrb(dump(t.""SCHEDULE_ID"",16,0,64),1,240) d_4134814722, r.rwid, r.freq from ""SYS"".""WRI$_SCH_VOTES"" t, table(:topntab) r where t.rowid = chartorowid(r.rwid) order by t.""SCHEDULE_ID""' DATABASE USER:[3] 'SYS' PRIVILEGE :[4] 'NONE' CLIENT USER:[0] '' CLIENT TERMINAL:[10] 'ANDY-AARON' STATUS:[1] '0' DBID:[10] '3074368596' SESSIONID:[6] '400276' USERHOST:[10] 'ANDY-AARON' CLIENT ADDRESS:[0] '' ACTION NUMBER:[1] '3' </string>"
windows_event;win_event;E:\Cours\TFE\experiments\phase_dataset_strengthening\processed\multiformat_balanced_20260910T094422Z\samples\windows_event.xml;;731;2025-08-23T14:04:55.670729+00:00;INFO;34;Oracle.xe;Oracle.xe;andy-aaron;8052;0;;;;;;;;;;;;;;;;;;;;;;;;;;;INFORMATIONAL;generic;"<string>LENGTH: '686' ACTION :[435] 'select /*+ no_parallel(t) no_parallel_index(t) dbms_stats cursor_sharing_exact use_weak_name_resl dynamic_sampling(0) no_monitoring xmlindex_sel_idx_tbl opt_param('optimizer_inmemory_aware' 'false') no_substrb_pad leading(r t) use_nl(t) rowid(t) */ substrb(dump(t.""SCHEDULE_ID"",16,0,64),1,240) d_4134814722, r.rwid, r.freq from ""SYS"".""WRI$_SCH_VOTES"" t, table(:topntab) r where t.rowid = chartorowid(r.rwid) order by t.""SCHEDULE_ID""' DATABASE USER:[3] 'SYS' PRIVILEGE :[4] 'NONE' CLIENT USER:[0] '' CLIENT TERMINAL:[10] 'ANDY-AARON' STATUS:[1] '0' DBID:[10] '3074368596' SESSIONID:[6] '400276' USERHOST:[10] 'ANDY-AARON' CLIENT ADDRESS:[0] '' ACTION NUMBER:[1] '3' </string>"
windows_event;win_event;E:\Cours\TFE\experiments\phase_dataset_strengthening\processed\multiformat_balanced_20260910T094422Z\samples\windows_event.xml;;732;2025-08-23T14:04:55.785063+00:00;INFO;34;Oracle.xe;Oracle.xe;andy-aaron;8052;0;;;;;;;;;;;;;;;;;;;;;;;;;;;INFORMATIONAL;generic;"<string>LENGTH: '696' ACTION :[445] 'select /*+ no_parallel(t) no_parallel_index(t) dbms_stats cursor_sharing_exact use_weak_name_resl dynamic_sampling(0) no_monitoring xmlindex_sel_idx_tbl opt_param('optimizer_inmemory_aware' 'false') no_substrb_pad leading(r t) use_nl(t) rowid(t) */ substrb(dump(t.""ANALYZETIME"",16,0,64),1,240) d_3224848024, r.rwid, r.freq from ""SYS"".""WRI$_OPTSTAT_TAB_HISTORY"" t, table(:topntab) r where t.rowid = chartorowid(r.rwid) order by t.""ANALYZETIME""' DATABASE USER:[3] 'SYS' PRIVILEGE :[4] 'NONE' CLIENT USER:[0] '' CLIENT TERMINAL:[10] 'ANDY-AARON' STATUS:[1] '0' DBID:[10] '3074368596' SESSIONID:[6] '400276' USERHOST:[10] 'ANDY-AARON' CLIENT ADDRESS:[0] '' ACTION NUMBER:[1] '3' </string>"
windows_event;win_event;E:\Cours\TFE\experiments\phase_dataset_strengthening\processed\multiformat_balanced_20260910T094422Z\samples\windows_event.xml;;733;2025-08-23T14:04:55.790510+00:00;INFO;34;Oracle.xe;Oracle.xe;andy-aaron;8052;0;;;;;;;;;;;;;;;;;;;;;;;;;;;INFORMATIONAL;generic;"<string>LENGTH: '696' ACTION :[445] 'select /*+ no_parallel(t) no_parallel_index(t) dbms_stats cursor_sharing_exact use_weak_name_resl dynamic_sampling(0) no_monitoring xmlindex_sel_idx_tbl opt_param('optimizer_inmemory_aware' 'false') no_substrb_pad leading(r t) use_nl(t) rowid(t) */ substrb(dump(t.""ANALYZETIME"",16,0,64),1,240) d_3224848024, r.rwid, r.freq from ""SYS"".""WRI$_OPTSTAT_TAB_HISTORY"" t, table(:topntab) r where t.rowid = chartorowid(r.rwid) order by t.""ANALYZETIME""' DATABASE USER:[3] 'SYS' PRIVILEGE :[4] 'NONE' CLIENT USER:[0] '' CLIENT TERMINAL:[10] 'ANDY-AARON' STATUS:[1] '0' DBID:[10] '3074368596' SESSIONID:[6] '400276' USERHOST:[10] 'ANDY-AARON' CLIENT ADDRESS:[0] '' ACTION NUMBER:[1] '3' </string>"
windows_event;win_event;E:\Cours\TFE\experiments\phase_dataset_strengthening\processed\multiformat_balanced_20260910T094422Z\samples\windows_event.xml;;734;2025-08-23T14:04:55.800259+00:00;INFO;34;Oracle.xe;Oracle.xe;andy-aaron;8052;0;;;;;;;;;;;;;;;;;;;;;;;;;;;INFORMATIONAL;generic;"<string>LENGTH: '682' ACTION :[431] 'select /*+ no_parallel(t) no_parallel_index(t) dbms_stats cursor_sharing_exact use_weak_name_resl dynamic_sampling(0) no_monitoring xmlindex_sel_idx_tbl opt_param('optimizer_inmemory_aware' 'false') no_substrb_pad leading(r t) use_nl(t) rowid(t) */ substrb(dump(t.""OBJ#"",16,0,64),1,240) d_3404126564, r.rwid, r.freq from ""SYS"".""WRI$_OPTSTAT_TAB_HISTORY"" t, table(:topntab) r where t.rowid = chartorowid(r.rwid) order by t.""OBJ#""' DATABASE USER:[3] 'SYS' PRIVILEGE :[4] 'NONE' CLIENT USER:[0] '' CLIENT TERMINAL:[10] 'ANDY-AARON' STATUS:[1] '0' DBID:[10] '3074368596' SESSIONID:[6] '400276' USERHOST:[10] 'ANDY-AARON' CLIENT ADDRESS:[0] '' ACTION NUMBER:[1] '3' </string>"
windows_event;win_event;E:\Cours\TFE\experiments\phase_dataset_strengthening\processed\multiformat_balanced_20260910T094422Z\samples\windows_event.xml;;735;2025-08-23T14:04:55.805843+00:00;INFO;34;Oracle.xe;Oracle.xe;andy-aaron;8052;0;;;;;;;;;;;;;;;;;;;;;;;;;;;INFORMATIONAL;generic;"<string>LENGTH: '682' ACTION :[431] 'select /*+ no_parallel(t) no_parallel_index(t) dbms_stats cursor_sharing_exact use_weak_name_resl dynamic_sampling(0) no_monitoring xmlindex_sel_idx_tbl opt_param('optimizer_inmemory_aware' 'false') no_substrb_pad leading(r t) use_nl(t) rowid(t) */ substrb(dump(t.""OBJ#"",16,0,64),1,240) d_3404126564, r.rwid, r.freq from ""SYS"".""WRI$_OPTSTAT_TAB_HISTORY"" t, table(:topntab) r where t.rowid = chartorowid(r.rwid) order by t.""OBJ#""' DATABASE USER:[3] 'SYS' PRIVILEGE :[4] 'NONE' CLIENT USER:[0] '' CLIENT TERMINAL:[10] 'ANDY-AARON' STATUS:[1] '0' DBID:[10] '3074368596' SESSIONID:[6] '400276' USERHOST:[10] 'ANDY-AARON' CLIENT ADDRESS:[0] '' ACTION NUMBER:[1] '3' </string>"
windows_event;win_event;E:\Cours\TFE\experiments\phase_dataset_strengthening\processed\multiformat_balanced_20260910T094422Z\samples\windows_event.xml;;736;2025-08-23T14:04:56.307167+00:00;INFO;34;Oracle.xe;Oracle.xe;andy-aaron;8052;0;;;;;;;;;;;;;;;;;;;;;;;;;;;INFORMATIONAL;generic;"<string>LENGTH: '682' ACTION :[431] 'select /*+ no_parallel(t) no_parallel_index(t) dbms_stats cursor_sharing_exact use_weak_name_resl dynamic_sampling(0) no_monitoring xmlindex_sel_idx_tbl opt_param('optimizer_inmemory_aware' 'false') no_substrb_pad leading(r t) use_nl(t) rowid(t) */ substrb(dump(t.""OBJ#"",16,0,64),1,240) d_3404126564, r.rwid, r.freq from ""SYS"".""WRI$_OPTSTAT_IND_HISTORY"" t, table(:topntab) r where t.rowid = chartorowid(r.rwid) order by t.""OBJ#""' DATABASE USER:[3] 'SYS' PRIVILEGE :[4] 'NONE' CLIENT USER:[0] '' CLIENT TERMINAL:[10] 'ANDY-AARON' STATUS:[1] '0' DBID:[10] '3074368596' SESSIONID:[6] '400276' USERHOST:[10] 'ANDY-AARON' CLIENT ADDRESS:[0] '' ACTION NUMBER:[1] '3' </string>"
windows_event;win_event;E:\Cours\TFE\experiments\phase_dataset_strengthening\processed\multiformat_balanced_20260910T094422Z\samples\windows_event.xml;;737;2025-08-23T14:04:56.321516+00:00;INFO;34;Oracle.xe;Oracle.xe;andy-aaron;8052;0;;;;;;;;;;;;;;;;;;;;;;;;;;;INFORMATIONAL;generic;"<string>LENGTH: '682' ACTION :[431] 'select /*+ no_parallel(t) no_parallel_index(t) dbms_stats cursor_sharing_exact use_weak_name_resl dynamic_sampling(0) no_monitoring xmlindex_sel_idx_tbl opt_param('optimizer_inmemory_aware' 'false') no_substrb_pad leading(r t) use_nl(t) rowid(t) */ substrb(dump(t.""OBJ#"",16,0,64),1,240) d_3404126564, r.rwid, r.freq from ""SYS"".""WRI$_OPTSTAT_IND_HISTORY"" t, table(:topntab) r where t.rowid = chartorowid(r.rwid) order by t.""OBJ#""' DATABASE USER:[3] 'SYS' PRIVILEGE :[4] 'NONE' CLIENT USER:[0] '' CLIENT TERMINAL:[10] 'ANDY-AARON' STATUS:[1] '0' DBID:[10] '3074368596' SESSIONID:[6] '400276' USERHOST:[10] 'ANDY-AARON' CLIENT ADDRESS:[0] '' ACTION NUMBER:[1] '3' </string>"
windows_event;win_event;E:\Cours\TFE\experiments\phase_dataset_strengthening\processed\multiformat_balanced_20260910T094422Z\samples\windows_event.xml;;738;2025-08-23T14:04:57.136887+00:00;INFO;34;Oracle.xe;Oracle.xe;andy-aaron;8052;0;;;;;;;;;;;;;;;;;;;;;;;;;;;INFORMATIONAL;generic;"<string>LENGTH: '669' ACTION :[418] 'select /*+ no_parallel(t) no_parallel_index(t) dbms_stats cursor_sharing_exact use_weak_name_resl dynamic_sampling(0) no_monitoring xmlindex_sel_idx_tbl opt_param('optimizer_inmemory_aware' 'false') no_substrb_pad leading(r t) use_nl(t) rowid(t) */ substrb(dump(t.""ID"",16,0,64),1,240) d_631915705, r.rwid, r.freq from ""SYS"".""WRI$_OPTSTAT_OPR"" t, table(:topntab) r where t.rowid = chartorowid(r.rwid) order by t.""ID""' DATABASE USER:[3] 'SYS' PRIVILEGE :[4] 'NONE' CLIENT USER:[0] '' CLIENT TERMINAL:[10] 'ANDY-AARON' STATUS:[1] '0' DBID:[10] '3074368596' SESSIONID:[6] '400276' USERHOST:[10] 'ANDY-AARON' CLIENT ADDRESS:[0] '' ACTION NUMBER:[1] '3' </string>"
windows_event;win_event;E:\Cours\TFE\experiments\phase_dataset_strengthening\processed\multiformat_balanced_20260910T094422Z\samples\windows_event.xml;;739;2025-08-23T14:04:57.140129+00:00;INFO;34;Oracle.xe;Oracle.xe;andy-aaron;8052;0;;;;;;;;;;;;;;;;;;;;;;;;;;;INFORMATIONAL;generic;"<string>LENGTH: '669' ACTION :[418] 'select /*+ no_parallel(t) no_parallel_index(t) dbms_stats cursor_sharing_exact use_weak_name_resl dynamic_sampling(0) no_monitoring xmlindex_sel_idx_tbl opt_param('optimizer_inmemory_aware' 'false') no_substrb_pad leading(r t) use_nl(t) rowid(t) */ substrb(dump(t.""ID"",16,0,64),1,240) d_631915705, r.rwid, r.freq from ""SYS"".""WRI$_OPTSTAT_OPR"" t, table(:topntab) r where t.rowid = chartorowid(r.rwid) order by t.""ID""' DATABASE USER:[3] 'SYS' PRIVILEGE :[4] 'NONE' CLIENT USER:[0] '' CLIENT TERMINAL:[10] 'ANDY-AARON' STATUS:[1] '0' DBID:[10] '3074368596' SESSIONID:[6] '400276' USERHOST:[10] 'ANDY-AARON' CLIENT ADDRESS:[0] '' ACTION NUMBER:[1] '3' </string>"
windows_event;win_event;E:\Cours\TFE\experiments\phase_dataset_strengthening\processed\multiformat_balanced_20260910T094422Z\samples\windows_event.xml;;740;2025-08-23T14:04:57.144381+00:00;INFO;34;Oracle.xe;Oracle.xe;andy-aaron;8052;0;;;;;;;;;;;;;;;;;;;;;;;;;;;INFORMATIONAL;generic;"<string>LENGTH: '690' ACTION :[439] 'select /*+ no_parallel(t) no_parallel_index(t) dbms_stats cursor_sharing_exact use_weak_name_resl dynamic_sampling(0) no_monitoring xmlindex_sel_idx_tbl opt_param('optimizer_inmemory_aware' 'false') no_substrb_pad leading(r t) use_nl(t) rowid(t) */ substrb(dump(t.""SYS_NC00017$"",16,0,64),1,240) d_1853515335, r.rwid, r.freq from ""SYS"".""WRI$_OPTSTAT_OPR"" t, table(:topntab) r where t.rowid = chartorowid(r.rwid) order by t.""SYS_NC00017$""' DATABASE USER:[3] 'SYS' PRIVILEGE :[4] 'NONE' CLIENT USER:[0] '' CLIENT TERMINAL:[10] 'ANDY-AARON' STATUS:[1] '0' DBID:[10] '3074368596' SESSIONID:[6] '400276' USERHOST:[10] 'ANDY-AARON' CLIENT ADDRESS:[0] '' ACTION NUMBER:[1] '3' </string>"
windows_event;win_event;E:\Cours\TFE\experiments\phase_dataset_strengthening\processed\multiformat_balanced_20260910T094422Z\samples\windows_event.xml;;741;2025-08-23T14:04:57.147789+00:00;INFO;34;Oracle.xe;Oracle.xe;andy-aaron;8052;0;;;;;;;;;;;;;;;;;;;;;;;;;;;INFORMATIONAL;generic;"<string>LENGTH: '690' ACTION :[439] 'select /*+ no_parallel(t) no_parallel_index(t) dbms_stats cursor_sharing_exact use_weak_name_resl dynamic_sampling(0) no_monitoring xmlindex_sel_idx_tbl opt_param('optimizer_inmemory_aware' 'false') no_substrb_pad leading(r t) use_nl(t) rowid(t) */ substrb(dump(t.""SYS_NC00017$"",16,0,64),1,240) d_1853515335, r.rwid, r.freq from ""SYS"".""WRI$_OPTSTAT_OPR"" t, table(:topntab) r where t.rowid = chartorowid(r.rwid) order by t.""SYS_NC00017$""' DATABASE USER:[3] 'SYS' PRIVILEGE :[4] 'NONE' CLIENT USER:[0] '' CLIENT TERMINAL:[10] 'ANDY-AARON' STATUS:[1] '0' DBID:[10] '3074368596' SESSIONID:[6] '400276' USERHOST:[10] 'ANDY-AARON' CLIENT ADDRESS:[0] '' ACTION NUMBER:[1] '3' </string>"
windows_event;win_event;E:\Cours\TFE\experiments\phase_dataset_strengthening\processed\multiformat_balanced_20260910T094422Z\samples\windows_event.xml;;742;2025-08-23T14:04:57.151648+00:00;INFO;34;Oracle.xe;Oracle.xe;andy-aaron;8052;0;;;;;;;;;;;;;;;;;;;;;;;;;;;INFORMATIONAL;generic;"<string>LENGTH: '703' ACTION :[452] 'select /*+ no_parallel(t) no_parallel_index(t) dbms_stats cursor_sharing_exact use_weak_name_resl dynamic_sampling(0) no_monitoring xmlindex_sel_idx_tbl opt_param('optimizer_inmemory_aware' 'false') no_substrb_pad leading(r t) use_nl(t) rowid(t) */ substrb(dump(substrb(t.""NOTES"",1,64),16,0,64),1,240) d_494323660, r.rwid, r.freq from ""SYS"".""WRI$_OPTSTAT_OPR"" t, table(:topntab) r where t.rowid = chartorowid(r.rwid) order by substrb(t.""NOTES"",1,64)' DATABASE USER:[3] 'SYS' PRIVILEGE :[4] 'NONE' CLIENT USER:[0] '' CLIENT TERMINAL:[10] 'ANDY-AARON' STATUS:[1] '0' DBID:[10] '3074368596' SESSIONID:[6] '400276' USERHOST:[10] 'ANDY-AARON' CLIENT ADDRESS:[0] '' ACTION NUMBER:[1] '3' </string>"
windows_event;win_event;E:\Cours\TFE\experiments\phase_dataset_strengthening\processed\multiformat_balanced_20260910T094422Z\samples\windows_event.xml;;743;2025-08-23T14:04:57.156128+00:00;INFO;34;Oracle.xe;Oracle.xe;andy-aaron;8052;0;;;;;;;;;;;;;;;;;;;;;;;;;;;INFORMATIONAL;generic;"<string>LENGTH: '703' ACTION :[452] 'select /*+ no_parallel(t) no_parallel_index(t) dbms_stats cursor_sharing_exact use_weak_name_resl dynamic_sampling(0) no_monitoring xmlindex_sel_idx_tbl opt_param('optimizer_inmemory_aware' 'false') no_substrb_pad leading(r t) use_nl(t) rowid(t) */ substrb(dump(substrb(t.""NOTES"",1,64),16,0,64),1,240) d_494323660, r.rwid, r.freq from ""SYS"".""WRI$_OPTSTAT_OPR"" t, table(:topntab) r where t.rowid = chartorowid(r.rwid) order by substrb(t.""NOTES"",1,64)' DATABASE USER:[3] 'SYS' PRIVILEGE :[4] 'NONE' CLIENT USER:[0] '' CLIENT TERMINAL:[10] 'ANDY-AARON' STATUS:[1] '0' DBID:[10] '3074368596' SESSIONID:[6] '400276' USERHOST:[10] 'ANDY-AARON' CLIENT ADDRESS:[0] '' ACTION NUMBER:[1] '3' </string>"
windows_event;win_event;E:\Cours\TFE\experiments\phase_dataset_strengthening\processed\multiformat_balanced_20260910T094422Z\samples\windows_event.xml;;744;2025-08-23T14:04:57.159439+00:00;INFO;34;Oracle.xe;Oracle.xe;andy-aaron;8052;0;;;;;;;;;;;;;;;;;;;;;;;;;;;INFORMATIONAL;generic;"<string>LENGTH: '684' ACTION :[433] 'select /*+ no_parallel(t) no_parallel_index(t) dbms_stats cursor_sharing_exact use_weak_name_resl dynamic_sampling(0) no_monitoring xmlindex_sel_idx_tbl opt_param('optimizer_inmemory_aware' 'false') no_substrb_pad leading(r t) use_nl(t) rowid(t) */ substrb(dump(t.""OPERATION"",16,0,64),1,240) d_3230324687, r.rwid, r.freq from ""SYS"".""WRI$_OPTSTAT_OPR"" t, table(:topntab) r where t.rowid = chartorowid(r.rwid) order by t.""OPERATION""' DATABASE USER:[3] 'SYS' PRIVILEGE :[4] 'NONE' CLIENT USER:[0] '' CLIENT TERMINAL:[10] 'ANDY-AARON' STATUS:[1] '0' DBID:[10] '3074368596' SESSIONID:[6] '400276' USERHOST:[10] 'ANDY-AARON' CLIENT ADDRESS:[0] '' ACTION NUMBER:[1] '3' </string>"
windows_event;win_event;E:\Cours\TFE\experiments\phase_dataset_strengthening\processed\multiformat_balanced_20260910T094422Z\samples\windows_event.xml;;745;2025-08-23T14:04:57.161758+00:00;INFO;34;Oracle.xe;Oracle.xe;andy-aaron;8052;0;;;;;;;;;;;;;;;;;;;;;;;;;;;INFORMATIONAL;generic;"<string>LENGTH: '684' ACTION :[433] 'select /*+ no_parallel(t) no_parallel_index(t) dbms_stats cursor_sharing_exact use_weak_name_resl dynamic_sampling(0) no_monitoring xmlindex_sel_idx_tbl opt_param('optimizer_inmemory_aware' 'false') no_substrb_pad leading(r t) use_nl(t) rowid(t) */ substrb(dump(t.""OPERATION"",16,0,64),1,240) d_3230324687, r.rwid, r.freq from ""SYS"".""WRI$_OPTSTAT_OPR"" t, table(:topntab) r where t.rowid = chartorowid(r.rwid) order by t.""OPERATION""' DATABASE USER:[3] 'SYS' PRIVILEGE :[4] 'NONE' CLIENT USER:[0] '' CLIENT TERMINAL:[10] 'ANDY-AARON' STATUS:[1] '0' DBID:[10] '3074368596' SESSIONID:[6] '400276' USERHOST:[10] 'ANDY-AARON' CLIENT ADDRESS:[0] '' ACTION NUMBER:[1] '3' </string>"
windows_event;win_event;E:\Cours\TFE\experiments\phase_dataset_strengthening\processed\multiformat_balanced_20260910T094422Z\samples\windows_event.xml;;746;2025-08-23T14:04:57.167372+00:00;INFO;34;Oracle.xe;Oracle.xe;andy-aaron;8052;0;;;;;;;;;;;;;;;;;;;;;;;;;;;INFORMATIONAL;generic;"<string>LENGTH: '678' ACTION :[427] 'select /*+ no_parallel(t) no_parallel_index(t) dbms_stats cursor_sharing_exact use_weak_name_resl dynamic_sampling(0) no_monitoring xmlindex_sel_idx_tbl opt_param('optimizer_inmemory_aware' 'false') no_substrb_pad leading(r t) use_nl(t) rowid(t) */ substrb(dump(t.""STATUS"",16,0,64),1,240) d_2980463140, r.rwid, r.freq from ""SYS"".""WRI$_OPTSTAT_OPR"" t, table(:topntab) r where t.rowid = chartorowid(r.rwid) order by t.""STATUS""' DATABASE USER:[3] 'SYS' PRIVILEGE :[4] 'NONE' CLIENT USER:[0] '' CLIENT TERMINAL:[10] 'ANDY-AARON' STATUS:[1] '0' DBID:[10] '3074368596' SESSIONID:[6] '400276' USERHOST:[10] 'ANDY-AARON' CLIENT ADDRESS:[0] '' ACTION NUMBER:[1] '3' </string>"
windows_event;win_event;E:\Cours\TFE\experiments\phase_dataset_strengthening\processed\multiformat_balanced_20260910T094422Z\samples\windows_event.xml;;747;2025-08-23T14:04:57.172016+00:00;INFO;34;Oracle.xe;Oracle.xe;andy-aaron;8052;0;;;;;;;;;;;;;;;;;;;;;;;;;;;INFORMATIONAL;generic;"<string>LENGTH: '678' ACTION :[427] 'select /*+ no_parallel(t) no_parallel_index(t) dbms_stats cursor_sharing_exact use_weak_name_resl dynamic_sampling(0) no_monitoring xmlindex_sel_idx_tbl opt_param('optimizer_inmemory_aware' 'false') no_substrb_pad leading(r t) use_nl(t) rowid(t) */ substrb(dump(t.""STATUS"",16,0,64),1,240) d_2980463140, r.rwid, r.freq from ""SYS"".""WRI$_OPTSTAT_OPR"" t, table(:topntab) r where t.rowid = chartorowid(r.rwid) order by t.""STATUS""' DATABASE USER:[3] 'SYS' PRIVILEGE :[4] 'NONE' CLIENT USER:[0] '' CLIENT TERMINAL:[10] 'ANDY-AARON' STATUS:[1] '0' DBID:[10] '3074368596' SESSIONID:[6] '400276' USERHOST:[10] 'ANDY-AARON' CLIENT ADDRESS:[0] '' ACTION NUMBER:[1] '3' </string>"
windows_event;win_event;E:\Cours\TFE\experiments\phase_dataset_strengthening\processed\multiformat_balanced_20260910T094422Z\samples\windows_event.xml;;748;2025-08-23T14:04:57.175621+00:00;INFO;34;Oracle.xe;Oracle.xe;andy-aaron;8052;0;;;;;;;;;;;;;;;;;;;;;;;;;;;INFORMATIONAL;generic;"<string>LENGTH: '706' ACTION :[455] 'select /*+ no_parallel(t) no_parallel_index(t) dbms_stats cursor_sharing_exact use_weak_name_resl dynamic_sampling(0) no_monitoring xmlindex_sel_idx_tbl opt_param('optimizer_inmemory_aware' 'false') no_substrb_pad leading(r t) use_nl(t) rowid(t) */ substrb(dump(substrb(t.""TARGET"",1,64),16,0,64),1,240) d_1827374718, r.rwid, r.freq from ""SYS"".""WRI$_OPTSTAT_OPR"" t, table(:topntab) r where t.rowid = chartorowid(r.rwid) order by substrb(t.""TARGET"",1,64)' DATABASE USER:[3] 'SYS' PRIVILEGE :[4] 'NONE' CLIENT USER:[0] '' CLIENT TERMINAL:[10] 'ANDY-AARON' STATUS:[1] '0' DBID:[10] '3074368596' SESSIONID:[6] '400276' USERHOST:[10] 'ANDY-AARON' CLIENT ADDRESS:[0] '' ACTION NUMBER:[1] '3' </string>"
windows_event;win_event;E:\Cours\TFE\experiments\phase_dataset_strengthening\processed\multiformat_balanced_20260910T094422Z\samples\windows_event.xml;;749;2025-08-23T14:04:57.179173+00:00;INFO;34;Oracle.xe;Oracle.xe;andy-aaron;8052;0;;;;;;;;;;;;;;;;;;;;;;;;;;;INFORMATIONAL;generic;"<string>LENGTH: '706' ACTION :[455] 'select /*+ no_parallel(t) no_parallel_index(t) dbms_stats cursor_sharing_exact use_weak_name_resl dynamic_sampling(0) no_monitoring xmlindex_sel_idx_tbl opt_param('optimizer_inmemory_aware' 'false') no_substrb_pad leading(r t) use_nl(t) rowid(t) */ substrb(dump(substrb(t.""TARGET"",1,64),16,0,64),1,240) d_1827374718, r.rwid, r.freq from ""SYS"".""WRI$_OPTSTAT_OPR"" t, table(:topntab) r where t.rowid = chartorowid(r.rwid) order by substrb(t.""TARGET"",1,64)' DATABASE USER:[3] 'SYS' PRIVILEGE :[4] 'NONE' CLIENT USER:[0] '' CLIENT TERMINAL:[10] 'ANDY-AARON' STATUS:[1] '0' DBID:[10] '3074368596' SESSIONID:[6] '400276' USERHOST:[10] 'ANDY-AARON' CLIENT ADDRESS:[0] '' ACTION NUMBER:[1] '3' </string>"
windows_event;win_event;E:\Cours\TFE\experiments\phase_dataset_strengthening\processed\multiformat_balanced_20260910T094422Z\samples\windows_event.xml;;750;2025-08-23T14:04:57.616766+00:00;INFO;34;Oracle.xe;Oracle.xe;andy-aaron;8052;0;;;;;;;;;;;;;;;;;;;;;;;;;;;INFORMATIONAL;generic;"<string>LENGTH: '317' ACTION :[73] 'BEGIN DBMS_FEATURE_ACFS(:feature_boolean, :aux_cnt, :feature_info); END;' DATABASE USER:[1] '/' PRIVILEGE :[4] 'NONE' CLIENT USER:[0] '' CLIENT TERMINAL:[10] 'ANDY-AARON' STATUS:[1] '0' DBID:[10] '1689037571' SESSIONID:[1] '0' USERHOST:[10] 'ANDY-AARON' CLIENT ADDRESS:[0] '' ACTION NUMBER:[2] '47' </string>"
windows_event;win_event;E:\Cours\TFE\experiments\phase_dataset_strengthening\processed\multiformat_balanced_20260910T094422Z\samples\windows_event.xml;;751;2025-08-23T14:04:57.626440+00:00;INFO;34;Oracle.xe;Oracle.xe;andy-aaron;8052;0;;;;;;;;;;;;;;;;;;;;;;;;;;;INFORMATIONAL;generic;"<string>LENGTH: '326' ACTION :[82] 'BEGIN DBMS_FEATURE_ACFS_SNAPSHOT(:feature_boolean, :aux_cnt, :feature_info); END;' DATABASE USER:[1] '/' PRIVILEGE :[4] 'NONE' CLIENT USER:[0] '' CLIENT TERMINAL:[10] 'ANDY-AARON' STATUS:[1] '0' DBID:[10] '1689037571' SESSIONID:[1] '0' USERHOST:[10] 'ANDY-AARON' CLIENT ADDRESS:[0] '' ACTION NUMBER:[2] '47' </string>"
windows_event;win_event;E:\Cours\TFE\experiments\phase_dataset_strengthening\processed\multiformat_balanced_20260910T094422Z\samples\windows_event.xml;;752;2025-08-23T14:04:58.401787+00:00;INFO;34;Oracle.xe;Oracle.xe;andy-aaron;8052;0;;;;;;;;;;;;;;;;;;;;;;;;;;;INFORMATIONAL;generic;"<string>LENGTH: '687' ACTION :[436] 'select /*+ no_parallel(t) no_parallel_index(t) dbms_stats cursor_sharing_exact use_weak_name_resl dynamic_sampling(0) no_monitoring xmlindex_sel_idx_tbl opt_param('optimizer_inmemory_aware' 'false') no_substrb_pad leading(r t) use_nl(t) rowid(t) */ substrb(dump(t.""OBJ#"",16,0,64),1,240) d_3404126564, r.rwid, r.freq from ""SYS"".""WRI$_OPTSTAT_HISTHEAD_HISTORY"" t, table(:topntab) r where t.rowid = chartorowid(r.rwid) order by t.""OBJ#""' DATABASE USER:[3] 'SYS' PRIVILEGE :[4] 'NONE' CLIENT USER:[0] '' CLIENT TERMINAL:[10] 'ANDY-AARON' STATUS:[1] '0' DBID:[10] '3074368596' SESSIONID:[6] '400276' USERHOST:[10] 'ANDY-AARON' CLIENT ADDRESS:[0] '' ACTION NUMBER:[1] '3' </string>"
windows_event;win_event;E:\Cours\TFE\experiments\phase_dataset_strengthening\processed\multiformat_balanced_20260910T094422Z\samples\windows_event.xml;;753;2025-08-23T14:04:58.404741+00:00;INFO;34;Oracle.xe;Oracle.xe;andy-aaron;8052;0;;;;;;;;;;;;;;;;;;;;;;;;;;;INFORMATIONAL;generic;"<string>LENGTH: '687' ACTION :[436] 'select /*+ no_parallel(t) no_parallel_index(t) dbms_stats cursor_sharing_exact use_weak_name_resl dynamic_sampling(0) no_monitoring xmlindex_sel_idx_tbl opt_param('optimizer_inmemory_aware' 'false') no_substrb_pad leading(r t) use_nl(t) rowid(t) */ substrb(dump(t.""OBJ#"",16,0,64),1,240) d_3404126564, r.rwid, r.freq from ""SYS"".""WRI$_OPTSTAT_HISTHEAD_HISTORY"" t, table(:topntab) r where t.rowid = chartorowid(r.rwid) order by t.""OBJ#""' DATABASE USER:[3] 'SYS' PRIVILEGE :[4] 'NONE' CLIENT USER:[0] '' CLIENT TERMINAL:[10] 'ANDY-AARON' STATUS:[1] '0' DBID:[10] '3074368596' SESSIONID:[6] '400276' USERHOST:[10] 'ANDY-AARON' CLIENT ADDRESS:[0] '' ACTION NUMBER:[1] '3' </string>"
windows_event;win_event;E:\Cours\TFE\experiments\phase_dataset_strengthening\processed\multiformat_balanced_20260910T094422Z\samples\windows_event.xml;;754;2025-08-23T14:04:58.414595+00:00;INFO;34;Oracle.xe;Oracle.xe;andy-aaron;8052;0;;;;;;;;;;;;;;;;;;;;;;;;;;;INFORMATIONAL;generic;"<string>LENGTH: '693' ACTION :[442] 'select /*+ no_parallel(t) no_parallel_index(t) dbms_stats cursor_sharing_exact use_weak_name_resl dynamic_sampling(0) no_monitoring xmlindex_sel_idx_tbl opt_param('optimizer_inmemory_aware' 'false') no_substrb_pad leading(r t) use_nl(t) rowid(t) */ substrb(dump(t.""INTCOL#"",16,0,64),1,240) d_1254105588, r.rwid, r.freq from ""SYS"".""WRI$_OPTSTAT_HISTHEAD_HISTORY"" t, table(:topntab) r where t.rowid = chartorowid(r.rwid) order by t.""INTCOL#""' DATABASE USER:[3] 'SYS' PRIVILEGE :[4] 'NONE' CLIENT USER:[0] '' CLIENT TERMINAL:[10] 'ANDY-AARON' STATUS:[1] '0' DBID:[10] '3074368596' SESSIONID:[6] '400276' USERHOST:[10] 'ANDY-AARON' CLIENT ADDRESS:[0] '' ACTION NUMBER:[1] '3' </string>"
windows_event;win_event;E:\Cours\TFE\experiments\phase_dataset_strengthening\processed\multiformat_balanced_20260910T094422Z\samples\windows_event.xml;;755;2025-08-23T14:04:58.416723+00:00;INFO;34;Oracle.xe;Oracle.xe;andy-aaron;8052;0;;;;;;;;;;;;;;;;;;;;;;;;;;;INFORMATIONAL;generic;"<string>LENGTH: '693' ACTION :[442] 'select /*+ no_parallel(t) no_parallel_index(t) dbms_stats cursor_sharing_exact use_weak_name_resl dynamic_sampling(0) no_monitoring xmlindex_sel_idx_tbl opt_param('optimizer_inmemory_aware' 'false') no_substrb_pad leading(r t) use_nl(t) rowid(t) */ substrb(dump(t.""INTCOL#"",16,0,64),1,240) d_1254105588, r.rwid, r.freq from ""SYS"".""WRI$_OPTSTAT_HISTHEAD_HISTORY"" t, table(:topntab) r where t.rowid = chartorowid(r.rwid) order by t.""INTCOL#""' DATABASE USER:[3] 'SYS' PRIVILEGE :[4] 'NONE' CLIENT USER:[0] '' CLIENT TERMINAL:[10] 'ANDY-AARON' STATUS:[1] '0' DBID:[10] '3074368596' SESSIONID:[6] '400276' USERHOST:[10] 'ANDY-AARON' CLIENT ADDRESS:[0] '' ACTION NUMBER:[1] '3' </string>"
windows_event;win_event;E:\Cours\TFE\experiments\phase_dataset_strengthening\processed\multiformat_balanced_20260910T094422Z\samples\windows_event.xml;;756;2025-08-23T14:04:58.421772+00:00;INFO;34;Oracle.xe;Oracle.xe;andy-aaron;8052;0;;;;;;;;;;;;;;;;;;;;;;;;;;;INFORMATIONAL;generic;"<string>LENGTH: '689' ACTION :[438] 'select /*+ no_parallel(t) no_parallel_index(t) dbms_stats cursor_sharing_exact use_weak_name_resl dynamic_sampling(0) no_monitoring xmlindex_sel_idx_tbl opt_param('optimizer_inmemory_aware' 'false') no_substrb_pad leading(r t) use_nl(t) rowid(t) */ substrb(dump(t.""FLAGS"",16,0,64),1,240) d_2385161744, r.rwid, r.freq from ""SYS"".""WRI$_OPTSTAT_HISTHEAD_HISTORY"" t, table(:topntab) r where t.rowid = chartorowid(r.rwid) order by t.""FLAGS""' DATABASE USER:[3] 'SYS' PRIVILEGE :[4] 'NONE' CLIENT USER:[0] '' CLIENT TERMINAL:[10] 'ANDY-AARON' STATUS:[1] '0' DBID:[10] '3074368596' SESSIONID:[6] '400276' USERHOST:[10] 'ANDY-AARON' CLIENT ADDRESS:[0] '' ACTION NUMBER:[1] '3' </string>"
windows_event;win_event;E:\Cours\TFE\experiments\phase_dataset_strengthening\processed\multiformat_balanced_20260910T094422Z\samples\windows_event.xml;;757;2025-08-23T14:04:58.423923+00:00;INFO;34;Oracle.xe;Oracle.xe;andy-aaron;8052;0;;;;;;;;;;;;;;;;;;;;;;;;;;;INFORMATIONAL;generic;"<string>LENGTH: '689' ACTION :[438] 'select /*+ no_parallel(t) no_parallel_index(t) dbms_stats cursor_sharing_exact use_weak_name_resl dynamic_sampling(0) no_monitoring xmlindex_sel_idx_tbl opt_param('optimizer_inmemory_aware' 'false') no_substrb_pad leading(r t) use_nl(t) rowid(t) */ substrb(dump(t.""FLAGS"",16,0,64),1,240) d_2385161744, r.rwid, r.freq from ""SYS"".""WRI$_OPTSTAT_HISTHEAD_HISTORY"" t, table(:topntab) r where t.rowid = chartorowid(r.rwid) order by t.""FLAGS""' DATABASE USER:[3] 'SYS' PRIVILEGE :[4] 'NONE' CLIENT USER:[0] '' CLIENT TERMINAL:[10] 'ANDY-AARON' STATUS:[1] '0' DBID:[10] '3074368596' SESSIONID:[6] '400276' USERHOST:[10] 'ANDY-AARON' CLIENT ADDRESS:[0] '' ACTION NUMBER:[1] '3' </string>"
windows_event;win_event;E:\Cours\TFE\experiments\phase_dataset_strengthening\processed\multiformat_balanced_20260910T094422Z\samples\windows_event.xml;;758;2025-08-23T14:04:58.428003+00:00;INFO;34;Oracle.xe;Oracle.xe;andy-aaron;8052;0;;;;;;;;;;;;;;;;;;;;;;;;;;;INFORMATIONAL;generic;"<string>LENGTH: '703' ACTION :[452] 'select /*+ no_parallel(t) no_parallel_index(t) dbms_stats cursor_sharing_exact use_weak_name_resl dynamic_sampling(0) no_monitoring xmlindex_sel_idx_tbl opt_param('optimizer_inmemory_aware' 'false') no_substrb_pad leading(r t) use_nl(t) rowid(t) */ substrb(dump(t.""SAVTIME_DATE"",16,0,64),1,240) d_1538534408, r.rwid, r.freq from ""SYS"".""WRI$_OPTSTAT_HISTHEAD_HISTORY"" t, table(:topntab) r where t.rowid = chartorowid(r.rwid) order by t.""SAVTIME_DATE""' DATABASE USER:[3] 'SYS' PRIVILEGE :[4] 'NONE' CLIENT USER:[0] '' CLIENT TERMINAL:[10] 'ANDY-AARON' STATUS:[1] '0' DBID:[10] '3074368596' SESSIONID:[6] '400276' USERHOST:[10] 'ANDY-AARON' CLIENT ADDRESS:[0] '' ACTION NUMBER:[1] '3' </string>"
windows_event;win_event;E:\Cours\TFE\experiments\phase_dataset_strengthening\processed\multiformat_balanced_20260910T094422Z\samples\windows_event.xml;;759;2025-08-23T14:04:58.433393+00:00;INFO;34;Oracle.xe;Oracle.xe;andy-aaron;8052;0;;;;;;;;;;;;;;;;;;;;;;;;;;;INFORMATIONAL;generic;"<string>LENGTH: '703' ACTION :[452] 'select /*+ no_parallel(t) no_parallel_index(t) dbms_stats cursor_sharing_exact use_weak_name_resl dynamic_sampling(0) no_monitoring xmlindex_sel_idx_tbl opt_param('optimizer_inmemory_aware' 'false') no_substrb_pad leading(r t) use_nl(t) rowid(t) */ substrb(dump(t.""SAVTIME_DATE"",16,0,64),1,240) d_1538534408, r.rwid, r.freq from ""SYS"".""WRI$_OPTSTAT_HISTHEAD_HISTORY"" t, table(:topntab) r where t.rowid = chartorowid(r.rwid) order by t.""SAVTIME_DATE""' DATABASE USER:[3] 'SYS' PRIVILEGE :[4] 'NONE' CLIENT USER:[0] '' CLIENT TERMINAL:[10] 'ANDY-AARON' STATUS:[1] '0' DBID:[10] '3074368596' SESSIONID:[6] '400276' USERHOST:[10] 'ANDY-AARON' CLIENT ADDRESS:[0] '' ACTION NUMBER:[1] '3' </string>"
windows_event;win_event;E:\Cours\TFE\experiments\phase_dataset_strengthening\processed\multiformat_balanced_20260910T094422Z\samples\windows_event.xml;;760;2025-08-23T14:04:59.793873+00:00;INFO;34;Oracle.xe;Oracle.xe;andy-aaron;8052;0;;;;;;;;;;;;;;;;;;;;;;;;;;;INFORMATIONAL;generic;"<string>LENGTH: '326' ACTION :[82] 'BEGIN DBMS_FEATURE_ACFS_SNAPSHOT(:feature_boolean, :aux_cnt, :feature_info); END;' DATABASE USER:[1] '/' PRIVILEGE :[4] 'NONE' CLIENT USER:[0] '' CLIENT TERMINAL:[10] 'ANDY-AARON' STATUS:[1] '0' DBID:[10] '1689037571' SESSIONID:[1] '0' USERHOST:[10] 'ANDY-AARON' CLIENT ADDRESS:[0] '' ACTION NUMBER:[2] '47' </string>"
windows_event;win_event;E:\Cours\TFE\experiments\phase_dataset_strengthening\processed\multiformat_balanced_20260910T094422Z\samples\windows_event.xml;;761;2025-08-23T14:04:59.800001+00:00;INFO;34;Oracle.xe;Oracle.xe;andy-aaron;8052;0;;;;;;;;;;;;;;;;;;;;;;;;;;;INFORMATIONAL;generic;"<string>LENGTH: '322' ACTION :[78] 'BEGIN DBMS_FEATURE_ACFS_ENCR(:feature_boolean, :aux_cnt, :feature_info); END;' DATABASE USER:[1] '/' PRIVILEGE :[4] 'NONE' CLIENT USER:[0] '' CLIENT TERMINAL:[10] 'ANDY-AARON' STATUS:[1] '0' DBID:[10] '1689037571' SESSIONID:[1] '0' USERHOST:[10] 'ANDY-AARON' CLIENT ADDRESS:[0] '' ACTION NUMBER:[2] '47' </string>"
windows_event;win_event;E:\Cours\TFE\experiments\phase_dataset_strengthening\processed\multiformat_balanced_20260910T094422Z\samples\windows_event.xml;;762;2025-08-23T14:05:01.481129+00:00;INFO;34;Oracle.xe;Oracle.xe;andy-aaron;8052;0;;;;;;;;;;;;;;;;;;;;;;;;;;;INFORMATIONAL;generic;"<string>LENGTH: '662' ACTION :[411] 'select /*+ no_parallel(t) no_parallel_index(t) dbms_stats cursor_sharing_exact use_weak_name_resl dynamic_sampling(0) no_monitoring xmlindex_sel_idx_tbl opt_param('optimizer_inmemory_aware' 'false') no_substrb_pad leading(r t) use_nl(t) rowid(t) */ substrb(dump(t.""OBJ#"",16,0,64),1,240) d_3404126564, r.rwid, r.freq from ""SYS"".""CLU$"" t, table(:topntab) r where t.rowid = chartorowid(r.rwid) order by t.""OBJ#""' DATABASE USER:[3] 'SYS' PRIVILEGE :[4] 'NONE' CLIENT USER:[0] '' CLIENT TERMINAL:[10] 'ANDY-AARON' STATUS:[1] '0' DBID:[10] '3074368596' SESSIONID:[6] '400276' USERHOST:[10] 'ANDY-AARON' CLIENT ADDRESS:[0] '' ACTION NUMBER:[1] '3' </string>"
windows_event;win_event;E:\Cours\TFE\experiments\phase_dataset_strengthening\processed\multiformat_balanced_20260910T094422Z\samples\windows_event.xml;;763;2025-08-23T14:05:01.484352+00:00;INFO;34;Oracle.xe;Oracle.xe;andy-aaron;8052;0;;;;;;;;;;;;;;;;;;;;;;;;;;;INFORMATIONAL;generic;"<string>LENGTH: '662' ACTION :[411] 'select /*+ no_parallel(t) no_parallel_index(t) dbms_stats cursor_sharing_exact use_weak_name_resl dynamic_sampling(0) no_monitoring xmlindex_sel_idx_tbl opt_param('optimizer_inmemory_aware' 'false') no_substrb_pad leading(r t) use_nl(t) rowid(t) */ substrb(dump(t.""OBJ#"",16,0,64),1,240) d_3404126564, r.rwid, r.freq from ""SYS"".""CLU$"" t, table(:topntab) r where t.rowid = chartorowid(r.rwid) order by t.""OBJ#""' DATABASE USER:[3] 'SYS' PRIVILEGE :[4] 'NONE' CLIENT USER:[0] '' CLIENT TERMINAL:[10] 'ANDY-AARON' STATUS:[1] '0' DBID:[10] '3074368596' SESSIONID:[6] '400276' USERHOST:[10] 'ANDY-AARON' CLIENT ADDRESS:[0] '' ACTION NUMBER:[1] '3' </string>"
windows_event;win_event;E:\Cours\TFE\experiments\phase_dataset_strengthening\processed\multiformat_balanced_20260910T094422Z\samples\windows_event.xml;;764;2025-08-23T14:05:01.682186+00:00;INFO;34;Oracle.xe;Oracle.xe;andy-aaron;8052;0;;;;;;;;;;;;;;;;;;;;;;;;;;;INFORMATIONAL;generic;"<string>LENGTH: '671' ACTION :[420] 'select /*+ no_parallel(t) no_parallel_index(t) dbms_stats cursor_sharing_exact use_weak_name_resl dynamic_sampling(0) no_monitoring xmlindex_sel_idx_tbl opt_param('optimizer_inmemory_aware' 'false') no_substrb_pad leading(r t) use_nl(t) rowid(t) */ substrb(dump(t.""EXP_ID"",16,0,64),1,240) d_3172430567, r.rwid, r.freq from ""SYS"".""EXP_STAT$"" t, table(:topntab) r where t.rowid = chartorowid(r.rwid) order by t.""EXP_ID""' DATABASE USER:[3] 'SYS' PRIVILEGE :[4] 'NONE' CLIENT USER:[0] '' CLIENT TERMINAL:[10] 'ANDY-AARON' STATUS:[1] '0' DBID:[10] '3074368596' SESSIONID:[6] '400276' USERHOST:[10] 'ANDY-AARON' CLIENT ADDRESS:[0] '' ACTION NUMBER:[1] '3' </string>"
windows_event;win_event;E:\Cours\TFE\experiments\phase_dataset_strengthening\processed\multiformat_balanced_20260910T094422Z\samples\windows_event.xml;;765;2025-08-23T14:05:01.687056+00:00;INFO;34;Oracle.xe;Oracle.xe;andy-aaron;8052;0;;;;;;;;;;;;;;;;;;;;;;;;;;;INFORMATIONAL;generic;"<string>LENGTH: '671' ACTION :[420] 'select /*+ no_parallel(t) no_parallel_index(t) dbms_stats cursor_sharing_exact use_weak_name_resl dynamic_sampling(0) no_monitoring xmlindex_sel_idx_tbl opt_param('optimizer_inmemory_aware' 'false') no_substrb_pad leading(r t) use_nl(t) rowid(t) */ substrb(dump(t.""EXP_ID"",16,0,64),1,240) d_3172430567, r.rwid, r.freq from ""SYS"".""EXP_STAT$"" t, table(:topntab) r where t.rowid = chartorowid(r.rwid) order by t.""EXP_ID""' DATABASE USER:[3] 'SYS' PRIVILEGE :[4] 'NONE' CLIENT USER:[0] '' CLIENT TERMINAL:[10] 'ANDY-AARON' STATUS:[1] '0' DBID:[10] '3074368596' SESSIONID:[6] '400276' USERHOST:[10] 'ANDY-AARON' CLIENT ADDRESS:[0] '' ACTION NUMBER:[1] '3' </string>"
windows_event;win_event;E:\Cours\TFE\experiments\phase_dataset_strengthening\processed\multiformat_balanced_20260910T094422Z\samples\windows_event.xml;;766;2025-08-23T14:05:01.694067+00:00;INFO;34;Oracle.xe;Oracle.xe;andy-aaron;8052;0;;;;;;;;;;;;;;;;;;;;;;;;;;;INFORMATIONAL;generic;"<string>LENGTH: '667' ACTION :[416] 'select /*+ no_parallel(t) no_parallel_index(t) dbms_stats cursor_sharing_exact use_weak_name_resl dynamic_sampling(0) no_monitoring xmlindex_sel_idx_tbl opt_param('optimizer_inmemory_aware' 'false') no_substrb_pad leading(r t) use_nl(t) rowid(t) */ substrb(dump(t.""OBJN"",16,0,64),1,240) d_3045965405, r.rwid, r.freq from ""SYS"".""EXP_STAT$"" t, table(:topntab) r where t.rowid = chartorowid(r.rwid) order by t.""OBJN""' DATABASE USER:[3] 'SYS' PRIVILEGE :[4] 'NONE' CLIENT USER:[0] '' CLIENT TERMINAL:[10] 'ANDY-AARON' STATUS:[1] '0' DBID:[10] '3074368596' SESSIONID:[6] '400276' USERHOST:[10] 'ANDY-AARON' CLIENT ADDRESS:[0] '' ACTION NUMBER:[1] '3' </string>"
windows_event;win_event;E:\Cours\TFE\experiments\phase_dataset_strengthening\processed\multiformat_balanced_20260910T094422Z\samples\windows_event.xml;;767;2025-08-23T14:05:01.696257+00:00;INFO;34;Oracle.xe;Oracle.xe;andy-aaron;8052;0;;;;;;;;;;;;;;;;;;;;;;;;;;;INFORMATIONAL;generic;"<string>LENGTH: '667' ACTION :[416] 'select /*+ no_parallel(t) no_parallel_index(t) dbms_stats cursor_sharing_exact use_weak_name_resl dynamic_sampling(0) no_monitoring xmlindex_sel_idx_tbl opt_param('optimizer_inmemory_aware' 'false') no_substrb_pad leading(r t) use_nl(t) rowid(t) */ substrb(dump(t.""OBJN"",16,0,64),1,240) d_3045965405, r.rwid, r.freq from ""SYS"".""EXP_STAT$"" t, table(:topntab) r where t.rowid = chartorowid(r.rwid) order by t.""OBJN""' DATABASE USER:[3] 'SYS' PRIVILEGE :[4] 'NONE' CLIENT USER:[0] '' CLIENT TERMINAL:[10] 'ANDY-AARON' STATUS:[1] '0' DBID:[10] '3074368596' SESSIONID:[6] '400276' USERHOST:[10] 'ANDY-AARON' CLIENT ADDRESS:[0] '' ACTION NUMBER:[1] '3' </string>"
windows_event;win_event;E:\Cours\TFE\experiments\phase_dataset_strengthening\processed\multiformat_balanced_20260910T094422Z\samples\windows_event.xml;;768;2025-08-23T14:05:01.699535+00:00;INFO;34;Oracle.xe;Oracle.xe;andy-aaron;8052;0;;;;;;;;;;;;;;;;;;;;;;;;;;;INFORMATIONAL;generic;"<string>LENGTH: '681' ACTION :[430] 'select /*+ no_parallel(t) no_parallel_index(t) dbms_stats cursor_sharing_exact use_weak_name_resl dynamic_sampling(0) no_monitoring xmlindex_sel_idx_tbl opt_param('optimizer_inmemory_aware' 'false') no_substrb_pad leading(r t) use_nl(t) rowid(t) */ substrb(dump(t.""SNAPSHOT_ID"",16,0,64),1,240) d_3776494566, r.rwid, r.freq from ""SYS"".""EXP_STAT$"" t, table(:topntab) r where t.rowid = chartorowid(r.rwid) order by t.""SNAPSHOT_ID""' DATABASE USER:[3] 'SYS' PRIVILEGE :[4] 'NONE' CLIENT USER:[0] '' CLIENT TERMINAL:[10] 'ANDY-AARON' STATUS:[1] '0' DBID:[10] '3074368596' SESSIONID:[6] '400276' USERHOST:[10] 'ANDY-AARON' CLIENT ADDRESS:[0] '' ACTION NUMBER:[1] '3' </string>"
windows_event;win_event;E:\Cours\TFE\experiments\phase_dataset_strengthening\processed\multiformat_balanced_20260910T094422Z\samples\windows_event.xml;;769;2025-08-23T14:05:01.701939+00:00;INFO;34;Oracle.xe;Oracle.xe;andy-aaron;8052;0;;;;;;;;;;;;;;;;;;;;;;;;;;;INFORMATIONAL;generic;"<string>LENGTH: '681' ACTION :[430] 'select /*+ no_parallel(t) no_parallel_index(t) dbms_stats cursor_sharing_exact use_weak_name_resl dynamic_sampling(0) no_monitoring xmlindex_sel_idx_tbl opt_param('optimizer_inmemory_aware' 'false') no_substrb_pad leading(r t) use_nl(t) rowid(t) */ substrb(dump(t.""SNAPSHOT_ID"",16,0,64),1,240) d_3776494566, r.rwid, r.freq from ""SYS"".""EXP_STAT$"" t, table(:topntab) r where t.rowid = chartorowid(r.rwid) order by t.""SNAPSHOT_ID""' DATABASE USER:[3] 'SYS' PRIVILEGE :[4] 'NONE' CLIENT USER:[0] '' CLIENT TERMINAL:[10] 'ANDY-AARON' STATUS:[1] '0' DBID:[10] '3074368596' SESSIONID:[6] '400276' USERHOST:[10] 'ANDY-AARON' CLIENT ADDRESS:[0] '' ACTION NUMBER:[1] '3' </string>"
windows_event;win_event;E:\Cours\TFE\experiments\phase_dataset_strengthening\processed\multiformat_balanced_20260910T094422Z\samples\windows_event.xml;;770;2025-08-23T14:05:02.185560+00:00;INFO;34;Oracle.xe;Oracle.xe;andy-aaron;8052;0;;;;;;;;;;;;;;;;;;;;;;;;;;;INFORMATIONAL;generic;"<string>LENGTH: '322' ACTION :[78] 'BEGIN DBMS_FEATURE_ACFS_ENCR(:feature_boolean, :aux_cnt, :feature_info); END;' DATABASE USER:[1] '/' PRIVILEGE :[4] 'NONE' CLIENT USER:[0] '' CLIENT TERMINAL:[10] 'ANDY-AARON' STATUS:[1] '0' DBID:[10] '1689037571' SESSIONID:[1] '0' USERHOST:[10] 'ANDY-AARON' CLIENT ADDRESS:[0] '' ACTION NUMBER:[2] '47' </string>"
windows_event;win_event;E:\Cours\TFE\experiments\phase_dataset_strengthening\processed\multiformat_balanced_20260910T094422Z\samples\windows_event.xml;;771;2025-08-23T14:05:02.190067+00:00;INFO;34;Oracle.xe;Oracle.xe;andy-aaron;8052;0;;;;;;;;;;;;;;;;;;;;;;;;;;;INFORMATIONAL;generic;"<string>LENGTH: '326' ACTION :[82] 'BEGIN dbms_feature_audit_options(:feature_boolean, :aux_cnt, :feature_info); END;' DATABASE USER:[1] '/' PRIVILEGE :[4] 'NONE' CLIENT USER:[0] '' CLIENT TERMINAL:[10] 'ANDY-AARON' STATUS:[1] '0' DBID:[10] '1689037571' SESSIONID:[1] '0' USERHOST:[10] 'ANDY-AARON' CLIENT ADDRESS:[0] '' ACTION NUMBER:[2] '47' </string>"
windows_event;win_event;E:\Cours\TFE\experiments\phase_dataset_strengthening\processed\multiformat_balanced_20260910T094422Z\samples\windows_event.xml;;772;2025-08-23T14:05:02.637531+00:00;INFO;34;Oracle.xe;Oracle.xe;andy-aaron;8052;0;;;;;;;;;;;;;;;;;;;;;;;;;;;INFORMATIONAL;generic;"<string>LENGTH: '715' ACTION :[464] 'select /*+ no_parallel(t) no_parallel_index(t) dbms_stats cursor_sharing_exact use_weak_name_resl dynamic_sampling(0) no_monitoring xmlindex_sel_idx_tbl opt_param('optimizer_inmemory_aware' 'false') no_substrb_pad leading(r t) use_nl(t) rowid(t) */ substrb(dump(substrb(t.""VALUE"",1,64),16,0,64),1,240) d_2591036617, r.rwid, r.freq from ""SYS"".""SCHEDULER$_GLOBAL_ATTRIBUTE"" t, table(:topntab) r where t.rowid = chartorowid(r.rwid) order by substrb(t.""VALUE"",1,64)' DATABASE USER:[3] 'SYS' PRIVILEGE :[4] 'NONE' CLIENT USER:[0] '' CLIENT TERMINAL:[10] 'ANDY-AARON' STATUS:[1] '0' DBID:[10] '3074368596' SESSIONID:[6] '400276' USERHOST:[10] 'ANDY-AARON' CLIENT ADDRESS:[0] '' ACTION NUMBER:[1] '3' </string>"
windows_event;win_event;E:\Cours\TFE\experiments\phase_dataset_strengthening\processed\multiformat_balanced_20260910T094422Z\samples\windows_event.xml;;773;2025-08-23T14:05:02.642546+00:00;INFO;34;Oracle.xe;Oracle.xe;andy-aaron;8052;0;;;;;;;;;;;;;;;;;;;;;;;;;;;INFORMATIONAL;generic;"<string>LENGTH: '715' ACTION :[464] 'select /*+ no_parallel(t) no_parallel_index(t) dbms_stats cursor_sharing_exact use_weak_name_resl dynamic_sampling(0) no_monitoring xmlindex_sel_idx_tbl opt_param('optimizer_inmemory_aware' 'false') no_substrb_pad leading(r t) use_nl(t) rowid(t) */ substrb(dump(substrb(t.""VALUE"",1,64),16,0,64),1,240) d_2591036617, r.rwid, r.freq from ""SYS"".""SCHEDULER$_GLOBAL_ATTRIBUTE"" t, table(:topntab) r where t.rowid = chartorowid(r.rwid) order by substrb(t.""VALUE"",1,64)' DATABASE USER:[3] 'SYS' PRIVILEGE :[4] 'NONE' CLIENT USER:[0] '' CLIENT TERMINAL:[10] 'ANDY-AARON' STATUS:[1] '0' DBID:[10] '3074368596' SESSIONID:[6] '400276' USERHOST:[10] 'ANDY-AARON' CLIENT ADDRESS:[0] '' ACTION NUMBER:[1] '3' </string>"
windows_event;win_event;E:\Cours\TFE\experiments\phase_dataset_strengthening\processed\multiformat_balanced_20260910T094422Z\samples\windows_event.xml;;774;2025-08-23T14:05:02.647020+00:00;INFO;34;Oracle.xe;Oracle.xe;andy-aaron;8052;0;;;;;;;;;;;;;;;;;;;;;;;;;;;INFORMATIONAL;generic;"<string>LENGTH: '687' ACTION :[436] 'select /*+ no_parallel(t) no_parallel_index(t) dbms_stats cursor_sharing_exact use_weak_name_resl dynamic_sampling(0) no_monitoring xmlindex_sel_idx_tbl opt_param('optimizer_inmemory_aware' 'false') no_substrb_pad leading(r t) use_nl(t) rowid(t) */ substrb(dump(t.""FLAGS"",16,0,64),1,240) d_2385161744, r.rwid, r.freq from ""SYS"".""SCHEDULER$_GLOBAL_ATTRIBUTE"" t, table(:topntab) r where t.rowid = chartorowid(r.rwid) order by t.""FLAGS""' DATABASE USER:[3] 'SYS' PRIVILEGE :[4] 'NONE' CLIENT USER:[0] '' CLIENT TERMINAL:[10] 'ANDY-AARON' STATUS:[1] '0' DBID:[10] '3074368596' SESSIONID:[6] '400276' USERHOST:[10] 'ANDY-AARON' CLIENT ADDRESS:[0] '' ACTION NUMBER:[1] '3' </string>"
windows_event;win_event;E:\Cours\TFE\experiments\phase_dataset_strengthening\processed\multiformat_balanced_20260910T094422Z\samples\windows_event.xml;;775;2025-08-23T14:05:02.649466+00:00;INFO;34;Oracle.xe;Oracle.xe;andy-aaron;8052;0;;;;;;;;;;;;;;;;;;;;;;;;;;;INFORMATIONAL;generic;"<string>LENGTH: '687' ACTION :[436] 'select /*+ no_parallel(t) no_parallel_index(t) dbms_stats cursor_sharing_exact use_weak_name_resl dynamic_sampling(0) no_monitoring xmlindex_sel_idx_tbl opt_param('optimizer_inmemory_aware' 'false') no_substrb_pad leading(r t) use_nl(t) rowid(t) */ substrb(dump(t.""FLAGS"",16,0,64),1,240) d_2385161744, r.rwid, r.freq from ""SYS"".""SCHEDULER$_GLOBAL_ATTRIBUTE"" t, table(:topntab) r where t.rowid = chartorowid(r.rwid) order by t.""FLAGS""' DATABASE USER:[3] 'SYS' PRIVILEGE :[4] 'NONE' CLIENT USER:[0] '' CLIENT TERMINAL:[10] 'ANDY-AARON' STATUS:[1] '0' DBID:[10] '3074368596' SESSIONID:[6] '400276' USERHOST:[10] 'ANDY-AARON' CLIENT ADDRESS:[0] '' ACTION NUMBER:[1] '3' </string>"
windows_event;win_event;E:\Cours\TFE\experiments\phase_dataset_strengthening\processed\multiformat_balanced_20260910T094422Z\samples\windows_event.xml;;776;2025-08-23T14:05:03.963333+00:00;INFO;34;Oracle.xe;Oracle.xe;andy-aaron;8052;0;;;;;;;;;;;;;;;;;;;;;;;;;;;INFORMATIONAL;generic;"<string>LENGTH: '326' ACTION :[82] 'BEGIN dbms_feature_audit_options(:feature_boolean, :aux_cnt, :feature_info); END;' DATABASE USER:[1] '/' PRIVILEGE :[4] 'NONE' CLIENT USER:[0] '' CLIENT TERMINAL:[10] 'ANDY-AARON' STATUS:[1] '0' DBID:[10] '1689037571' SESSIONID:[1] '0' USERHOST:[10] 'ANDY-AARON' CLIENT ADDRESS:[0] '' ACTION NUMBER:[2] '47' </string>"
windows_event;win_event;E:\Cours\TFE\experiments\phase_dataset_strengthening\processed\multiformat_balanced_20260910T094422Z\samples\windows_event.xml;;777;2025-08-23T14:05:03.979912+00:00;INFO;34;Oracle.xe;Oracle.xe;andy-aaron;8052;0;;;;;;;;;;;;;;;;;;;;;;;;;;;INFORMATIONAL;generic;"<string>LENGTH: '322' ACTION :[78] 'BEGIN dbms_feature_fga_audit(:feature_boolean, :aux_cnt, :feature_info); END;' DATABASE USER:[1] '/' PRIVILEGE :[4] 'NONE' CLIENT USER:[0] '' CLIENT TERMINAL:[10] 'ANDY-AARON' STATUS:[1] '0' DBID:[10] '1689037571' SESSIONID:[1] '0' USERHOST:[10] 'ANDY-AARON' CLIENT ADDRESS:[0] '' ACTION NUMBER:[2] '47' </string>"
windows_event;win_event;E:\Cours\TFE\experiments\phase_dataset_strengthening\processed\multiformat_balanced_20260910T094422Z\samples\windows_event.xml;;778;2025-08-23T14:05:04.600325+00:00;INFO;34;Oracle.xe;Oracle.xe;andy-aaron;8052;0;;;;;;;;;;;;;;;;;;;;;;;;;;;INFORMATIONAL;generic;"<string>LENGTH: '322' ACTION :[78] 'BEGIN dbms_feature_fga_audit(:feature_boolean, :aux_cnt, :feature_info); END;' DATABASE USER:[1] '/' PRIVILEGE :[4] 'NONE' CLIENT USER:[0] '' CLIENT TERMINAL:[10] 'ANDY-AARON' STATUS:[1] '0' DBID:[10] '1689037571' SESSIONID:[1] '0' USERHOST:[10] 'ANDY-AARON' CLIENT ADDRESS:[0] '' ACTION NUMBER:[2] '47' </string>"
windows_event;win_event;E:\Cours\TFE\experiments\phase_dataset_strengthening\processed\multiformat_balanced_20260910T094422Z\samples\windows_event.xml;;779;2025-08-23T14:05:05.035225+00:00;INFO;34;Oracle.xe;Oracle.xe;andy-aaron;8052;0;;;;;;;;;;;;;;;;;;;;;;;;;;;INFORMATIONAL;generic;"<string>LENGTH: '326' ACTION :[82] 'BEGIN dbms_feature_unified_audit(:feature_boolean, :aux_cnt, :feature_info); END;' DATABASE USER:[1] '/' PRIVILEGE :[4] 'NONE' CLIENT USER:[0] '' CLIENT TERMINAL:[10] 'ANDY-AARON' STATUS:[1] '0' DBID:[10] '1689037571' SESSIONID:[1] '0' USERHOST:[10] 'ANDY-AARON' CLIENT ADDRESS:[0] '' ACTION NUMBER:[2] '47' </string>"
windows_event;win_event;E:\Cours\TFE\experiments\phase_dataset_strengthening\processed\multiformat_balanced_20260910T094422Z\samples\windows_event.xml;;780;2025-08-23T14:05:05.679674+00:00;INFO;34;Oracle.xe;Oracle.xe;andy-aaron;8052;0;;;;;;;;;;;;;;;;;;;;;;;;;;;INFORMATIONAL;generic;"<string>LENGTH: '705' ACTION :[454] 'select /*+ no_parallel(t) no_parallel_index(t) dbms_stats cursor_sharing_exact use_weak_name_resl dynamic_sampling(0) no_monitoring xmlindex_sel_idx_tbl opt_param('optimizer_inmemory_aware' 'false') no_substrb_pad leading(r t) use_nl(t) rowid(t) */ substrb(dump(t.""SPACE_ALLOCATED_DELTA"",16,0,64),1,240) d_2526941885, r.rwid, r.freq from ""SYS"".""WRH$_SEG_STAT"" t, table(:topntab) r where t.rowid = chartorowid(r.rwid) order by t.""SPACE_ALLOCATED_DELTA""' DATABASE USER:[3] 'SYS' PRIVILEGE :[4] 'NONE' CLIENT USER:[0] '' CLIENT TERMINAL:[10] 'ANDY-AARON' STATUS:[1] '0' DBID:[10] '3074368596' SESSIONID:[6] '400276' USERHOST:[10] 'ANDY-AARON' CLIENT ADDRESS:[0] '' ACTION NUMBER:[1] '3' </string>"
windows_event;win_event;E:\Cours\TFE\experiments\phase_dataset_strengthening\processed\multiformat_balanced_20260910T094422Z\samples\windows_event.xml;;781;2025-08-23T14:05:05.695646+00:00;INFO;34;Oracle.xe;Oracle.xe;andy-aaron;8052;0;;;;;;;;;;;;;;;;;;;;;;;;;;;INFORMATIONAL;generic;"<string>LENGTH: '705' ACTION :[454] 'select /*+ no_parallel(t) no_parallel_index(t) dbms_stats cursor_sharing_exact use_weak_name_resl dynamic_sampling(0) no_monitoring xmlindex_sel_idx_tbl opt_param('optimizer_inmemory_aware' 'false') no_substrb_pad leading(r t) use_nl(t) rowid(t) */ substrb(dump(t.""SPACE_ALLOCATED_DELTA"",16,0,64),1,240) d_2526941885, r.rwid, r.freq from ""SYS"".""WRH$_SEG_STAT"" t, table(:topntab) r where t.rowid = chartorowid(r.rwid) order by t.""SPACE_ALLOCATED_DELTA""' DATABASE USER:[3] 'SYS' PRIVILEGE :[4] 'NONE' CLIENT USER:[0] '' CLIENT TERMINAL:[10] 'ANDY-AARON' STATUS:[1] '0' DBID:[10] '3074368596' SESSIONID:[6] '400276' USERHOST:[10] 'ANDY-AARON' CLIENT ADDRESS:[0] '' ACTION NUMBER:[1] '3' </string>"
windows_event;win_event;E:\Cours\TFE\experiments\phase_dataset_strengthening\processed\multiformat_balanced_20260910T094422Z\samples\windows_event.xml;;782;2025-08-23T14:05:05.703220+00:00;INFO;34;Oracle.xe;Oracle.xe;andy-aaron;8052;0;;;;;;;;;;;;;;;;;;;;;;;;;;;INFORMATIONAL;generic;"<string>LENGTH: '697' ACTION :[446] 'select /*+ no_parallel(t) no_parallel_index(t) dbms_stats cursor_sharing_exact use_weak_name_resl dynamic_sampling(0) no_monitoring xmlindex_sel_idx_tbl opt_param('optimizer_inmemory_aware' 'false') no_substrb_pad leading(r t) use_nl(t) rowid(t) */ substrb(dump(t.""TABLE_SCANS_DELTA"",16,0,64),1,240) d_1428482212, r.rwid, r.freq from ""SYS"".""WRH$_SEG_STAT"" t, table(:topntab) r where t.rowid = chartorowid(r.rwid) order by t.""TABLE_SCANS_DELTA""' DATABASE USER:[3] 'SYS' PRIVILEGE :[4] 'NONE' CLIENT USER:[0] '' CLIENT TERMINAL:[10] 'ANDY-AARON' STATUS:[1] '0' DBID:[10] '3074368596' SESSIONID:[6] '400276' USERHOST:[10] 'ANDY-AARON' CLIENT ADDRESS:[0] '' ACTION NUMBER:[1] '3' </string>"
windows_event;win_event;E:\Cours\TFE\experiments\phase_dataset_strengthening\processed\multiformat_balanced_20260910T094422Z\samples\windows_event.xml;;783;2025-08-23T14:05:05.720154+00:00;INFO;34;Oracle.xe;Oracle.xe;andy-aaron;8052;0;;;;;;;;;;;;;;;;;;;;;;;;;;;INFORMATIONAL;generic;"<string>LENGTH: '697' ACTION :[446] 'select /*+ no_parallel(t) no_parallel_index(t) dbms_stats cursor_sharing_exact use_weak_name_resl dynamic_sampling(0) no_monitoring xmlindex_sel_idx_tbl opt_param('optimizer_inmemory_aware' 'false') no_substrb_pad leading(r t) use_nl(t) rowid(t) */ substrb(dump(t.""TABLE_SCANS_DELTA"",16,0,64),1,240) d_1428482212, r.rwid, r.freq from ""SYS"".""WRH$_SEG_STAT"" t, table(:topntab) r where t.rowid = chartorowid(r.rwid) order by t.""TABLE_SCANS_DELTA""' DATABASE USER:[3] 'SYS' PRIVILEGE :[4] 'NONE' CLIENT USER:[0] '' CLIENT TERMINAL:[10] 'ANDY-AARON' STATUS:[1] '0' DBID:[10] '3074368596' SESSIONID:[6] '400276' USERHOST:[10] 'ANDY-AARON' CLIENT ADDRESS:[0] '' ACTION NUMBER:[1] '3' </string>"
windows_event;win_event;E:\Cours\TFE\experiments\phase_dataset_strengthening\processed\multiformat_balanced_20260910T094422Z\samples\windows_event.xml;;784;2025-08-23T14:05:05.727655+00:00;INFO;34;Oracle.xe;Oracle.xe;andy-aaron;8052;0;;;;;;;;;;;;;;;;;;;;;;;;;;;INFORMATIONAL;generic;"<string>LENGTH: '707' ACTION :[456] 'select /*+ no_parallel(t) no_parallel_index(t) dbms_stats cursor_sharing_exact use_weak_name_resl dynamic_sampling(0) no_monitoring xmlindex_sel_idx_tbl opt_param('optimizer_inmemory_aware' 'false') no_substrb_pad leading(r t) use_nl(t) rowid(t) */ substrb(dump(t.""CHAIN_ROW_EXCESS_DELTA"",16,0,64),1,240) d_1458977610, r.rwid, r.freq from ""SYS"".""WRH$_SEG_STAT"" t, table(:topntab) r where t.rowid = chartorowid(r.rwid) order by t.""CHAIN_ROW_EXCESS_DELTA""' DATABASE USER:[3] 'SYS' PRIVILEGE :[4] 'NONE' CLIENT USER:[0] '' CLIENT TERMINAL:[10] 'ANDY-AARON' STATUS:[1] '0' DBID:[10] '3074368596' SESSIONID:[6] '400276' USERHOST:[10] 'ANDY-AARON' CLIENT ADDRESS:[0] '' ACTION NUMBER:[1] '3' </string>"
windows_event;win_event;E:\Cours\TFE\experiments\phase_dataset_strengthening\processed\multiformat_balanced_20260910T094422Z\samples\windows_event.xml;;785;2025-08-23T14:05:05.735392+00:00;INFO;34;Oracle.xe;Oracle.xe;andy-aaron;8052;0;;;;;;;;;;;;;;;;;;;;;;;;;;;INFORMATIONAL;generic;"<string>LENGTH: '707' ACTION :[456] 'select /*+ no_parallel(t) no_parallel_index(t) dbms_stats cursor_sharing_exact use_weak_name_resl dynamic_sampling(0) no_monitoring xmlindex_sel_idx_tbl opt_param('optimizer_inmemory_aware' 'false') no_substrb_pad leading(r t) use_nl(t) rowid(t) */ substrb(dump(t.""CHAIN_ROW_EXCESS_DELTA"",16,0,64),1,240) d_1458977610, r.rwid, r.freq from ""SYS"".""WRH$_SEG_STAT"" t, table(:topntab) r where t.rowid = chartorowid(r.rwid) order by t.""CHAIN_ROW_EXCESS_DELTA""' DATABASE USER:[3] 'SYS' PRIVILEGE :[4] 'NONE' CLIENT USER:[0] '' CLIENT TERMINAL:[10] 'ANDY-AARON' STATUS:[1] '0' DBID:[10] '3074368596' SESSIONID:[6] '400276' USERHOST:[10] 'ANDY-AARON' CLIENT ADDRESS:[0] '' ACTION NUMBER:[1] '3' </string>"
windows_event;win_event;E:\Cours\TFE\experiments\phase_dataset_strengthening\processed\multiformat_balanced_20260910T094422Z\samples\windows_event.xml;;786;2025-08-23T14:05:05.740330+00:00;INFO;34;Oracle.xe;Oracle.xe;andy-aaron;8052;0;;;;;;;;;;;;;;;;;;;;;;;;;;;INFORMATIONAL;generic;"<string>LENGTH: '669' ACTION :[418] 'select /*+ no_parallel(t) no_parallel_index(t) dbms_stats cursor_sharing_exact use_weak_name_resl dynamic_sampling(0) no_monitoring xmlindex_sel_idx_tbl opt_param('optimizer_inmemory_aware' 'false') no_substrb_pad leading(r t) use_nl(t) rowid(t) */ substrb(dump(t.""TS#"",16,0,64),1,240) d_2793702272, r.rwid, r.freq from ""SYS"".""WRH$_SEG_STAT"" t, table(:topntab) r where t.rowid = chartorowid(r.rwid) order by t.""TS#""' DATABASE USER:[3] 'SYS' PRIVILEGE :[4] 'NONE' CLIENT USER:[0] '' CLIENT TERMINAL:[10] 'ANDY-AARON' STATUS:[1] '0' DBID:[10] '3074368596' SESSIONID:[6] '400276' USERHOST:[10] 'ANDY-AARON' CLIENT ADDRESS:[0] '' ACTION NUMBER:[1] '3' </string>"
windows_event;win_event;E:\Cours\TFE\experiments\phase_dataset_strengthening\processed\multiformat_balanced_20260910T094422Z\samples\windows_event.xml;;787;2025-08-23T14:05:05.750601+00:00;INFO;34;Oracle.xe;Oracle.xe;andy-aaron;8052;0;;;;;;;;;;;;;;;;;;;;;;;;;;;INFORMATIONAL;generic;"<string>LENGTH: '669' ACTION :[418] 'select /*+ no_parallel(t) no_parallel_index(t) dbms_stats cursor_sharing_exact use_weak_name_resl dynamic_sampling(0) no_monitoring xmlindex_sel_idx_tbl opt_param('optimizer_inmemory_aware' 'false') no_substrb_pad leading(r t) use_nl(t) rowid(t) */ substrb(dump(t.""TS#"",16,0,64),1,240) d_2793702272, r.rwid, r.freq from ""SYS"".""WRH$_SEG_STAT"" t, table(:topntab) r where t.rowid = chartorowid(r.rwid) order by t.""TS#""' DATABASE USER:[3] 'SYS' PRIVILEGE :[4] 'NONE' CLIENT USER:[0] '' CLIENT TERMINAL:[10] 'ANDY-AARON' STATUS:[1] '0' DBID:[10] '3074368596' SESSIONID:[6] '400276' USERHOST:[10] 'ANDY-AARON' CLIENT ADDRESS:[0] '' ACTION NUMBER:[1] '3' </string>"
windows_event;win_event;E:\Cours\TFE\experiments\phase_dataset_strengthening\processed\multiformat_balanced_20260910T094422Z\samples\windows_event.xml;;788;2025-08-23T14:05:05.755806+00:00;INFO;34;Oracle.xe;Oracle.xe;andy-aaron;8052;0;;;;;;;;;;;;;;;;;;;;;;;;;;;INFORMATIONAL;generic;"<string>LENGTH: '671' ACTION :[420] 'select /*+ no_parallel(t) no_parallel_index(t) dbms_stats cursor_sharing_exact use_weak_name_resl dynamic_sampling(0) no_monitoring xmlindex_sel_idx_tbl opt_param('optimizer_inmemory_aware' 'false') no_substrb_pad leading(r t) use_nl(t) rowid(t) */ substrb(dump(t.""DBID"",16,0,64),1,240) d_3099381843, r.rwid, r.freq from ""SYS"".""WRH$_SEG_STAT"" t, table(:topntab) r where t.rowid = chartorowid(r.rwid) order by t.""DBID""' DATABASE USER:[3] 'SYS' PRIVILEGE :[4] 'NONE' CLIENT USER:[0] '' CLIENT TERMINAL:[10] 'ANDY-AARON' STATUS:[1] '0' DBID:[10] '3074368596' SESSIONID:[6] '400276' USERHOST:[10] 'ANDY-AARON' CLIENT ADDRESS:[0] '' ACTION NUMBER:[1] '3' </string>"
windows_event;win_event;E:\Cours\TFE\experiments\phase_dataset_strengthening\processed\multiformat_balanced_20260910T094422Z\samples\windows_event.xml;;789;2025-08-23T14:05:05.765425+00:00;INFO;34;Oracle.xe;Oracle.xe;andy-aaron;8052;0;;;;;;;;;;;;;;;;;;;;;;;;;;;INFORMATIONAL;generic;"<string>LENGTH: '671' ACTION :[420] 'select /*+ no_parallel(t) no_parallel_index(t) dbms_stats cursor_sharing_exact use_weak_name_resl dynamic_sampling(0) no_monitoring xmlindex_sel_idx_tbl opt_param('optimizer_inmemory_aware' 'false') no_substrb_pad leading(r t) use_nl(t) rowid(t) */ substrb(dump(t.""DBID"",16,0,64),1,240) d_3099381843, r.rwid, r.freq from ""SYS"".""WRH$_SEG_STAT"" t, table(:topntab) r where t.rowid = chartorowid(r.rwid) order by t.""DBID""' DATABASE USER:[3] 'SYS' PRIVILEGE :[4] 'NONE' CLIENT USER:[0] '' CLIENT TERMINAL:[10] 'ANDY-AARON' STATUS:[1] '0' DBID:[10] '3074368596' SESSIONID:[6] '400276' USERHOST:[10] 'ANDY-AARON' CLIENT ADDRESS:[0] '' ACTION NUMBER:[1] '3' </string>"
windows_event;win_event;E:\Cours\TFE\experiments\phase_dataset_strengthening\processed\multiformat_balanced_20260910T094422Z\samples\windows_event.xml;;790;2025-08-23T14:05:05.769625+00:00;INFO;34;Oracle.xe;Oracle.xe;andy-aaron;8052;0;;;;;;;;;;;;;;;;;;;;;;;;;;;INFORMATIONAL;generic;"<string>LENGTH: '693' ACTION :[442] 'select /*+ no_parallel(t) no_parallel_index(t) dbms_stats cursor_sharing_exact use_weak_name_resl dynamic_sampling(0) no_monitoring xmlindex_sel_idx_tbl opt_param('optimizer_inmemory_aware' 'false') no_substrb_pad leading(r t) use_nl(t) rowid(t) */ substrb(dump(t.""INSTANCE_NUMBER"",16,0,64),1,240) d_3858454236, r.rwid, r.freq from ""SYS"".""WRH$_SEG_STAT"" t, table(:topntab) r where t.rowid = chartorowid(r.rwid) order by t.""INSTANCE_NUMBER""' DATABASE USER:[3] 'SYS' PRIVILEGE :[4] 'NONE' CLIENT USER:[0] '' CLIENT TERMINAL:[10] 'ANDY-AARON' STATUS:[1] '0' DBID:[10] '3074368596' SESSIONID:[6] '400276' USERHOST:[10] 'ANDY-AARON' CLIENT ADDRESS:[0] '' ACTION NUMBER:[1] '3' </string>"
windows_event;win_event;E:\Cours\TFE\experiments\phase_dataset_strengthening\processed\multiformat_balanced_20260910T094422Z\samples\windows_event.xml;;791;2025-08-23T14:05:05.776339+00:00;INFO;34;Oracle.xe;Oracle.xe;andy-aaron;8052;0;;;;;;;;;;;;;;;;;;;;;;;;;;;INFORMATIONAL;generic;"<string>LENGTH: '693' ACTION :[442] 'select /*+ no_parallel(t) no_parallel_index(t) dbms_stats cursor_sharing_exact use_weak_name_resl dynamic_sampling(0) no_monitoring xmlindex_sel_idx_tbl opt_param('optimizer_inmemory_aware' 'false') no_substrb_pad leading(r t) use_nl(t) rowid(t) */ substrb(dump(t.""INSTANCE_NUMBER"",16,0,64),1,240) d_3858454236, r.rwid, r.freq from ""SYS"".""WRH$_SEG_STAT"" t, table(:topntab) r where t.rowid = chartorowid(r.rwid) order by t.""INSTANCE_NUMBER""' DATABASE USER:[3] 'SYS' PRIVILEGE :[4] 'NONE' CLIENT USER:[0] '' CLIENT TERMINAL:[10] 'ANDY-AARON' STATUS:[1] '0' DBID:[10] '3074368596' SESSIONID:[6] '400276' USERHOST:[10] 'ANDY-AARON' CLIENT ADDRESS:[0] '' ACTION NUMBER:[1] '3' </string>"
windows_event;win_event;E:\Cours\TFE\experiments\phase_dataset_strengthening\processed\multiformat_balanced_20260910T094422Z\samples\windows_event.xml;;792;2025-08-23T14:05:07.145302+00:00;INFO;34;Oracle.xe;Oracle.xe;andy-aaron;8052;0;;;;;;;;;;;;;;;;;;;;;;;;;;;INFORMATIONAL;generic;"<string>LENGTH: '679' ACTION :[428] 'select /*+ no_parallel(t) no_parallel_index(t) dbms_stats cursor_sharing_exact use_weak_name_resl dynamic_sampling(0) no_monitoring xmlindex_sel_idx_tbl opt_param('optimizer_inmemory_aware' 'false') no_substrb_pad leading(r t) use_nl(t) rowid(t) */ substrb(dump(t.""TABFRAGOBJ#"",16,0,64),1,240) d_147644651, r.rwid, r.freq from ""SYS"".""LOBFRAG$"" t, table(:topntab) r where t.rowid = chartorowid(r.rwid) order by t.""TABFRAGOBJ#""' DATABASE USER:[3] 'SYS' PRIVILEGE :[4] 'NONE' CLIENT USER:[0] '' CLIENT TERMINAL:[10] 'ANDY-AARON' STATUS:[1] '0' DBID:[10] '3074368596' SESSIONID:[6] '400276' USERHOST:[10] 'ANDY-AARON' CLIENT ADDRESS:[0] '' ACTION NUMBER:[1] '3' </string>"
windows_event;win_event;E:\Cours\TFE\experiments\phase_dataset_strengthening\processed\multiformat_balanced_20260910T094422Z\samples\windows_event.xml;;793;2025-08-23T14:05:07.151903+00:00;INFO;34;Oracle.xe;Oracle.xe;andy-aaron;8052;0;;;;;;;;;;;;;;;;;;;;;;;;;;;INFORMATIONAL;generic;"<string>LENGTH: '679' ACTION :[428] 'select /*+ no_parallel(t) no_parallel_index(t) dbms_stats cursor_sharing_exact use_weak_name_resl dynamic_sampling(0) no_monitoring xmlindex_sel_idx_tbl opt_param('optimizer_inmemory_aware' 'false') no_substrb_pad leading(r t) use_nl(t) rowid(t) */ substrb(dump(t.""TABFRAGOBJ#"",16,0,64),1,240) d_147644651, r.rwid, r.freq from ""SYS"".""LOBFRAG$"" t, table(:topntab) r where t.rowid = chartorowid(r.rwid) order by t.""TABFRAGOBJ#""' DATABASE USER:[3] 'SYS' PRIVILEGE :[4] 'NONE' CLIENT USER:[0] '' CLIENT TERMINAL:[10] 'ANDY-AARON' STATUS:[1] '0' DBID:[10] '3074368596' SESSIONID:[6] '400276' USERHOST:[10] 'ANDY-AARON' CLIENT ADDRESS:[0] '' ACTION NUMBER:[1] '3' </string>"
windows_event;win_event;E:\Cours\TFE\experiments\phase_dataset_strengthening\processed\multiformat_balanced_20260910T094422Z\samples\windows_event.xml;;794;2025-08-23T14:05:07.156282+00:00;INFO;34;Oracle.xe;Oracle.xe;andy-aaron;8052;0;;;;;;;;;;;;;;;;;;;;;;;;;;;INFORMATIONAL;generic;"<string>LENGTH: '678' ACTION :[427] 'select /*+ no_parallel(t) no_parallel_index(t) dbms_stats cursor_sharing_exact use_weak_name_resl dynamic_sampling(0) no_monitoring xmlindex_sel_idx_tbl opt_param('optimizer_inmemory_aware' 'false') no_substrb_pad leading(r t) use_nl(t) rowid(t) */ substrb(dump(t.""PARENTOBJ#"",16,0,64),1,240) d_3606346552, r.rwid, r.freq from ""SYS"".""LOBFRAG$"" t, table(:topntab) r where t.rowid = chartorowid(r.rwid) order by t.""PARENTOBJ#""' DATABASE USER:[3] 'SYS' PRIVILEGE :[4] 'NONE' CLIENT USER:[0] '' CLIENT TERMINAL:[10] 'ANDY-AARON' STATUS:[1] '0' DBID:[10] '3074368596' SESSIONID:[6] '400276' USERHOST:[10] 'ANDY-AARON' CLIENT ADDRESS:[0] '' ACTION NUMBER:[1] '3' </string>"
windows_event;win_event;E:\Cours\TFE\experiments\phase_dataset_strengthening\processed\multiformat_balanced_20260910T094422Z\samples\windows_event.xml;;795;2025-08-23T14:05:07.165041+00:00;INFO;34;Oracle.xe;Oracle.xe;andy-aaron;8052;0;;;;;;;;;;;;;;;;;;;;;;;;;;;INFORMATIONAL;generic;"<string>LENGTH: '678' ACTION :[427] 'select /*+ no_parallel(t) no_parallel_index(t) dbms_stats cursor_sharing_exact use_weak_name_resl dynamic_sampling(0) no_monitoring xmlindex_sel_idx_tbl opt_param('optimizer_inmemory_aware' 'false') no_substrb_pad leading(r t) use_nl(t) rowid(t) */ substrb(dump(t.""PARENTOBJ#"",16,0,64),1,240) d_3606346552, r.rwid, r.freq from ""SYS"".""LOBFRAG$"" t, table(:topntab) r where t.rowid = chartorowid(r.rwid) order by t.""PARENTOBJ#""' DATABASE USER:[3] 'SYS' PRIVILEGE :[4] 'NONE' CLIENT USER:[0] '' CLIENT TERMINAL:[10] 'ANDY-AARON' STATUS:[1] '0' DBID:[10] '3074368596' SESSIONID:[6] '400276' USERHOST:[10] 'ANDY-AARON' CLIENT ADDRESS:[0] '' ACTION NUMBER:[1] '3' </string>"
windows_event;win_event;E:\Cours\TFE\experiments\phase_dataset_strengthening\processed\multiformat_balanced_20260910T094422Z\samples\windows_event.xml;;796;2025-08-23T14:05:07.168943+00:00;INFO;34;Oracle.xe;Oracle.xe;andy-aaron;8052;0;;;;;;;;;;;;;;;;;;;;;;;;;;;INFORMATIONAL;generic;"<string>LENGTH: '676' ACTION :[425] 'select /*+ no_parallel(t) no_parallel_index(t) dbms_stats cursor_sharing_exact use_weak_name_resl dynamic_sampling(0) no_monitoring xmlindex_sel_idx_tbl opt_param('optimizer_inmemory_aware' 'false') no_substrb_pad leading(r t) use_nl(t) rowid(t) */ substrb(dump(t.""FRAGTYPE$"",16,0,64),1,240) d_2480157226, r.rwid, r.freq from ""SYS"".""LOBFRAG$"" t, table(:topntab) r where t.rowid = chartorowid(r.rwid) order by t.""FRAGTYPE$""' DATABASE USER:[3] 'SYS' PRIVILEGE :[4] 'NONE' CLIENT USER:[0] '' CLIENT TERMINAL:[10] 'ANDY-AARON' STATUS:[1] '0' DBID:[10] '3074368596' SESSIONID:[6] '400276' USERHOST:[10] 'ANDY-AARON' CLIENT ADDRESS:[0] '' ACTION NUMBER:[1] '3' </string>"
windows_event;win_event;E:\Cours\TFE\experiments\phase_dataset_strengthening\processed\multiformat_balanced_20260910T094422Z\samples\windows_event.xml;;797;2025-08-23T14:05:07.176514+00:00;INFO;34;Oracle.xe;Oracle.xe;andy-aaron;8052;0;;;;;;;;;;;;;;;;;;;;;;;;;;;INFORMATIONAL;generic;"<string>LENGTH: '676' ACTION :[425] 'select /*+ no_parallel(t) no_parallel_index(t) dbms_stats cursor_sharing_exact use_weak_name_resl dynamic_sampling(0) no_monitoring xmlindex_sel_idx_tbl opt_param('optimizer_inmemory_aware' 'false') no_substrb_pad leading(r t) use_nl(t) rowid(t) */ substrb(dump(t.""FRAGTYPE$"",16,0,64),1,240) d_2480157226, r.rwid, r.freq from ""SYS"".""LOBFRAG$"" t, table(:topntab) r where t.rowid = chartorowid(r.rwid) order by t.""FRAGTYPE$""' DATABASE USER:[3] 'SYS' PRIVILEGE :[4] 'NONE' CLIENT USER:[0] '' CLIENT TERMINAL:[10] 'ANDY-AARON' STATUS:[1] '0' DBID:[10] '3074368596' SESSIONID:[6] '400276' USERHOST:[10] 'ANDY-AARON' CLIENT ADDRESS:[0] '' ACTION NUMBER:[1] '3' </string>"
windows_event;win_event;E:\Cours\TFE\experiments\phase_dataset_strengthening\processed\multiformat_balanced_20260910T094422Z\samples\windows_event.xml;;798;2025-08-23T14:05:07.643862+00:00;INFO;34;Oracle.xe;Oracle.xe;andy-aaron;8052;0;;;;;;;;;;;;;;;;;;;;;;;;;;;INFORMATIONAL;generic;"<string>LENGTH: '676' ACTION :[425] 'select /*+ no_parallel(t) no_parallel_index(t) dbms_stats cursor_sharing_exact use_weak_name_resl dynamic_sampling(0) no_monitoring xmlindex_sel_idx_tbl opt_param('optimizer_inmemory_aware' 'false') no_substrb_pad leading(r t) use_nl(t) rowid(t) */ substrb(dump(t.""ID"",16,0,64),1,240) d_631915705, r.rwid, r.freq from ""SYS"".""WRI$_ADV_MESSAGE_GROUPS"" t, table(:topntab) r where t.rowid = chartorowid(r.rwid) order by t.""ID""' DATABASE USER:[3] 'SYS' PRIVILEGE :[4] 'NONE' CLIENT USER:[0] '' CLIENT TERMINAL:[10] 'ANDY-AARON' STATUS:[1] '0' DBID:[10] '3074368596' SESSIONID:[6] '400276' USERHOST:[10] 'ANDY-AARON' CLIENT ADDRESS:[0] '' ACTION NUMBER:[1] '3' </string>"
windows_event;win_event;E:\Cours\TFE\experiments\phase_dataset_strengthening\processed\multiformat_balanced_20260910T094422Z\samples\windows_event.xml;;799;2025-08-23T14:05:07.650526+00:00;INFO;34;Oracle.xe;Oracle.xe;andy-aaron;8052;0;;;;;;;;;;;;;;;;;;;;;;;;;;;INFORMATIONAL;generic;"<string>LENGTH: '676' ACTION :[425] 'select /*+ no_parallel(t) no_parallel_index(t) dbms_stats cursor_sharing_exact use_weak_name_resl dynamic_sampling(0) no_monitoring xmlindex_sel_idx_tbl opt_param('optimizer_inmemory_aware' 'false') no_substrb_pad leading(r t) use_nl(t) rowid(t) */ substrb(dump(t.""ID"",16,0,64),1,240) d_631915705, r.rwid, r.freq from ""SYS"".""WRI$_ADV_MESSAGE_GROUPS"" t, table(:topntab) r where t.rowid = chartorowid(r.rwid) order by t.""ID""' DATABASE USER:[3] 'SYS' PRIVILEGE :[4] 'NONE' CLIENT USER:[0] '' CLIENT TERMINAL:[10] 'ANDY-AARON' STATUS:[1] '0' DBID:[10] '3074368596' SESSIONID:[6] '400276' USERHOST:[10] 'ANDY-AARON' CLIENT ADDRESS:[0] '' ACTION NUMBER:[1] '3' </string>"
windows_event;win_event;E:\Cours\TFE\experiments\phase_dataset_strengthening\processed\multiformat_balanced_20260910T094422Z\samples\windows_event.xml;;800;2025-08-23T14:05:07.658915+00:00;INFO;34;Oracle.xe;Oracle.xe;andy-aaron;8052;0;;;;;;;;;;;;;;;;;;;;;;;;;;;INFORMATIONAL;generic;"<string>LENGTH: '687' ACTION :[436] 'select /*+ no_parallel(t) no_parallel_index(t) dbms_stats cursor_sharing_exact use_weak_name_resl dynamic_sampling(0) no_monitoring xmlindex_sel_idx_tbl opt_param('optimizer_inmemory_aware' 'false') no_substrb_pad leading(r t) use_nl(t) rowid(t) */ substrb(dump(t.""TASK_ID"",16,0,64),1,240) d_3704798582, r.rwid, r.freq from ""SYS"".""WRI$_ADV_MESSAGE_GROUPS"" t, table(:topntab) r where t.rowid = chartorowid(r.rwid) order by t.""TASK_ID""' DATABASE USER:[3] 'SYS' PRIVILEGE :[4] 'NONE' CLIENT USER:[0] '' CLIENT TERMINAL:[10] 'ANDY-AARON' STATUS:[1] '0' DBID:[10] '3074368596' SESSIONID:[6] '400276' USERHOST:[10] 'ANDY-AARON' CLIENT ADDRESS:[0] '' ACTION NUMBER:[1] '3' </string>"
windows_event;win_event;E:\Cours\TFE\experiments\phase_dataset_strengthening\processed\multiformat_balanced_20260910T094422Z\samples\windows_event.xml;;801;2025-08-23T14:05:07.664886+00:00;INFO;34;Oracle.xe;Oracle.xe;andy-aaron;8052;0;;;;;;;;;;;;;;;;;;;;;;;;;;;INFORMATIONAL;generic;"<string>LENGTH: '687' ACTION :[436] 'select /*+ no_parallel(t) no_parallel_index(t) dbms_stats cursor_sharing_exact use_weak_name_resl dynamic_sampling(0) no_monitoring xmlindex_sel_idx_tbl opt_param('optimizer_inmemory_aware' 'false') no_substrb_pad leading(r t) use_nl(t) rowid(t) */ substrb(dump(t.""TASK_ID"",16,0,64),1,240) d_3704798582, r.rwid, r.freq from ""SYS"".""WRI$_ADV_MESSAGE_GROUPS"" t, table(:topntab) r where t.rowid = chartorowid(r.rwid) order by t.""TASK_ID""' DATABASE USER:[3] 'SYS' PRIVILEGE :[4] 'NONE' CLIENT USER:[0] '' CLIENT TERMINAL:[10] 'ANDY-AARON' STATUS:[1] '0' DBID:[10] '3074368596' SESSIONID:[6] '400276' USERHOST:[10] 'ANDY-AARON' CLIENT ADDRESS:[0] '' ACTION NUMBER:[1] '3' </string>"
windows_event;win_event;E:\Cours\TFE\experiments\phase_dataset_strengthening\processed\multiformat_balanced_20260910T094422Z\samples\windows_event.xml;;802;2025-08-23T14:05:07.958775+00:00;INFO;34;Oracle.xe;Oracle.xe;andy-aaron;8052;0;;;;;;;;;;;;;;;;;;;;;;;;;;;INFORMATIONAL;generic;"<string>LENGTH: '671' ACTION :[420] 'select /*+ no_parallel(t) no_parallel_index(t) dbms_stats cursor_sharing_exact use_weak_name_resl dynamic_sampling(0) no_monitoring xmlindex_sel_idx_tbl opt_param('optimizer_inmemory_aware' 'false') no_substrb_pad leading(r t) use_nl(t) rowid(t) */ substrb(dump(t.""DBID"",16,0,64),1,240) d_3099381843, r.rwid, r.freq from ""SYS"".""WRH$_UNDOSTAT"" t, table(:topntab) r where t.rowid = chartorowid(r.rwid) order by t.""DBID""' DATABASE USER:[3] 'SYS' PRIVILEGE :[4] 'NONE' CLIENT USER:[0] '' CLIENT TERMINAL:[10] 'ANDY-AARON' STATUS:[1] '0' DBID:[10] '3074368596' SESSIONID:[6] '400276' USERHOST:[10] 'ANDY-AARON' CLIENT ADDRESS:[0] '' ACTION NUMBER:[1] '3' </string>"
windows_event;win_event;E:\Cours\TFE\experiments\phase_dataset_strengthening\processed\multiformat_balanced_20260910T094422Z\samples\windows_event.xml;;803;2025-08-23T14:05:07.965343+00:00;INFO;34;Oracle.xe;Oracle.xe;andy-aaron;8052;0;;;;;;;;;;;;;;;;;;;;;;;;;;;INFORMATIONAL;generic;"<string>LENGTH: '671' ACTION :[420] 'select /*+ no_parallel(t) no_parallel_index(t) dbms_stats cursor_sharing_exact use_weak_name_resl dynamic_sampling(0) no_monitoring xmlindex_sel_idx_tbl opt_param('optimizer_inmemory_aware' 'false') no_substrb_pad leading(r t) use_nl(t) rowid(t) */ substrb(dump(t.""DBID"",16,0,64),1,240) d_3099381843, r.rwid, r.freq from ""SYS"".""WRH$_UNDOSTAT"" t, table(:topntab) r where t.rowid = chartorowid(r.rwid) order by t.""DBID""' DATABASE USER:[3] 'SYS' PRIVILEGE :[4] 'NONE' CLIENT USER:[0] '' CLIENT TERMINAL:[10] 'ANDY-AARON' STATUS:[1] '0' DBID:[10] '3074368596' SESSIONID:[6] '400276' USERHOST:[10] 'ANDY-AARON' CLIENT ADDRESS:[0] '' ACTION NUMBER:[1] '3' </string>"
windows_event;win_event;E:\Cours\TFE\experiments\phase_dataset_strengthening\processed\multiformat_balanced_20260910T094422Z\samples\windows_event.xml;;804;2025-08-23T14:05:07.968706+00:00;INFO;34;Oracle.xe;Oracle.xe;andy-aaron;8052;0;;;;;;;;;;;;;;;;;;;;;;;;;;;INFORMATIONAL;generic;"<string>LENGTH: '693' ACTION :[442] 'select /*+ no_parallel(t) no_parallel_index(t) dbms_stats cursor_sharing_exact use_weak_name_resl dynamic_sampling(0) no_monitoring xmlindex_sel_idx_tbl opt_param('optimizer_inmemory_aware' 'false') no_substrb_pad leading(r t) use_nl(t) rowid(t) */ substrb(dump(t.""INSTANCE_NUMBER"",16,0,64),1,240) d_3858454236, r.rwid, r.freq from ""SYS"".""WRH$_UNDOSTAT"" t, table(:topntab) r where t.rowid = chartorowid(r.rwid) order by t.""INSTANCE_NUMBER""' DATABASE USER:[3] 'SYS' PRIVILEGE :[4] 'NONE' CLIENT USER:[0] '' CLIENT TERMINAL:[10] 'ANDY-AARON' STATUS:[1] '0' DBID:[10] '3074368596' SESSIONID:[6] '400276' USERHOST:[10] 'ANDY-AARON' CLIENT ADDRESS:[0] '' ACTION NUMBER:[1] '3' </string>"
windows_event;win_event;E:\Cours\TFE\experiments\phase_dataset_strengthening\processed\multiformat_balanced_20260910T094422Z\samples\windows_event.xml;;805;2025-08-23T14:05:07.975891+00:00;INFO;34;Oracle.xe;Oracle.xe;andy-aaron;8052;0;;;;;;;;;;;;;;;;;;;;;;;;;;;INFORMATIONAL;generic;"<string>LENGTH: '693' ACTION :[442] 'select /*+ no_parallel(t) no_parallel_index(t) dbms_stats cursor_sharing_exact use_weak_name_resl dynamic_sampling(0) no_monitoring xmlindex_sel_idx_tbl opt_param('optimizer_inmemory_aware' 'false') no_substrb_pad leading(r t) use_nl(t) rowid(t) */ substrb(dump(t.""INSTANCE_NUMBER"",16,0,64),1,240) d_3858454236, r.rwid, r.freq from ""SYS"".""WRH$_UNDOSTAT"" t, table(:topntab) r where t.rowid = chartorowid(r.rwid) order by t.""INSTANCE_NUMBER""' DATABASE USER:[3] 'SYS' PRIVILEGE :[4] 'NONE' CLIENT USER:[0] '' CLIENT TERMINAL:[10] 'ANDY-AARON' STATUS:[1] '0' DBID:[10] '3074368596' SESSIONID:[6] '400276' USERHOST:[10] 'ANDY-AARON' CLIENT ADDRESS:[0] '' ACTION NUMBER:[1] '3' </string>"
windows_event;win_event;E:\Cours\TFE\experiments\phase_dataset_strengthening\processed\multiformat_balanced_20260910T094422Z\samples\windows_event.xml;;806;2025-08-23T14:05:08.348421+00:00;INFO;34;Oracle.xe;Oracle.xe;andy-aaron;8052;0;;;;;;;;;;;;;;;;;;;;;;;;;;;INFORMATIONAL;generic;"<string>LENGTH: '675' ACTION :[424] 'select /*+ no_parallel(t) no_parallel_index(t) dbms_stats cursor_sharing_exact use_weak_name_resl dynamic_sampling(0) no_monitoring xmlindex_sel_idx_tbl opt_param('optimizer_inmemory_aware' 'false') no_substrb_pad leading(r t) use_nl(t) rowid(t) */ substrb(dump(t.""OBJ#"",16,0,64),1,240) d_3404126564, r.rwid, r.freq from ""SYS"".""OPTSTAT_SNAPSHOT$"" t, table(:topntab) r where t.rowid = chartorowid(r.rwid) order by t.""OBJ#""' DATABASE USER:[3] 'SYS' PRIVILEGE :[4] 'NONE' CLIENT USER:[0] '' CLIENT TERMINAL:[10] 'ANDY-AARON' STATUS:[1] '0' DBID:[10] '3074368596' SESSIONID:[6] '400276' USERHOST:[10] 'ANDY-AARON' CLIENT ADDRESS:[0] '' ACTION NUMBER:[1] '3' </string>"
windows_event;win_event;E:\Cours\TFE\experiments\phase_dataset_strengthening\processed\multiformat_balanced_20260910T094422Z\samples\windows_event.xml;;807;2025-08-23T14:05:08.350199+00:00;INFO;34;Oracle.xe;Oracle.xe;andy-aaron;8052;0;;;;;;;;;;;;;;;;;;;;;;;;;;;INFORMATIONAL;generic;"<string>LENGTH: '675' ACTION :[424] 'select /*+ no_parallel(t) no_parallel_index(t) dbms_stats cursor_sharing_exact use_weak_name_resl dynamic_sampling(0) no_monitoring xmlindex_sel_idx_tbl opt_param('optimizer_inmemory_aware' 'false') no_substrb_pad leading(r t) use_nl(t) rowid(t) */ substrb(dump(t.""OBJ#"",16,0,64),1,240) d_3404126564, r.rwid, r.freq from ""SYS"".""OPTSTAT_SNAPSHOT$"" t, table(:topntab) r where t.rowid = chartorowid(r.rwid) order by t.""OBJ#""' DATABASE USER:[3] 'SYS' PRIVILEGE :[4] 'NONE' CLIENT USER:[0] '' CLIENT TERMINAL:[10] 'ANDY-AARON' STATUS:[1] '0' DBID:[10] '3074368596' SESSIONID:[6] '400276' USERHOST:[10] 'ANDY-AARON' CLIENT ADDRESS:[0] '' ACTION NUMBER:[1] '3' </string>"
windows_event;win_event;E:\Cours\TFE\experiments\phase_dataset_strengthening\processed\multiformat_balanced_20260910T094422Z\samples\windows_event.xml;;808;2025-08-23T14:05:08.358995+00:00;INFO;34;Oracle.xe;Oracle.xe;andy-aaron;8052;0;;;;;;;;;;;;;;;;;;;;;;;;;;;INFORMATIONAL;generic;"<string>LENGTH: '677' ACTION :[426] 'select /*+ no_parallel(t) no_parallel_index(t) dbms_stats cursor_sharing_exact use_weak_name_resl dynamic_sampling(0) no_monitoring xmlindex_sel_idx_tbl opt_param('optimizer_inmemory_aware' 'false') no_substrb_pad leading(r t) use_nl(t) rowid(t) */ substrb(dump(t.""FLAGS"",16,0,64),1,240) d_2385161744, r.rwid, r.freq from ""SYS"".""OPTSTAT_SNAPSHOT$"" t, table(:topntab) r where t.rowid = chartorowid(r.rwid) order by t.""FLAGS""' DATABASE USER:[3] 'SYS' PRIVILEGE :[4] 'NONE' CLIENT USER:[0] '' CLIENT TERMINAL:[10] 'ANDY-AARON' STATUS:[1] '0' DBID:[10] '3074368596' SESSIONID:[6] '400276' USERHOST:[10] 'ANDY-AARON' CLIENT ADDRESS:[0] '' ACTION NUMBER:[1] '3' </string>"
windows_event;win_event;E:\Cours\TFE\experiments\phase_dataset_strengthening\processed\multiformat_balanced_20260910T094422Z\samples\windows_event.xml;;809;2025-08-23T14:05:08.361118+00:00;INFO;34;Oracle.xe;Oracle.xe;andy-aaron;8052;0;;;;;;;;;;;;;;;;;;;;;;;;;;;INFORMATIONAL;generic;"<string>LENGTH: '677' ACTION :[426] 'select /*+ no_parallel(t) no_parallel_index(t) dbms_stats cursor_sharing_exact use_weak_name_resl dynamic_sampling(0) no_monitoring xmlindex_sel_idx_tbl opt_param('optimizer_inmemory_aware' 'false') no_substrb_pad leading(r t) use_nl(t) rowid(t) */ substrb(dump(t.""FLAGS"",16,0,64),1,240) d_2385161744, r.rwid, r.freq from ""SYS"".""OPTSTAT_SNAPSHOT$"" t, table(:topntab) r where t.rowid = chartorowid(r.rwid) order by t.""FLAGS""' DATABASE USER:[3] 'SYS' PRIVILEGE :[4] 'NONE' CLIENT USER:[0] '' CLIENT TERMINAL:[10] 'ANDY-AARON' STATUS:[1] '0' DBID:[10] '3074368596' SESSIONID:[6] '400276' USERHOST:[10] 'ANDY-AARON' CLIENT ADDRESS:[0] '' ACTION NUMBER:[1] '3' </string>"
windows_event;win_event;E:\Cours\TFE\experiments\phase_dataset_strengthening\processed\multiformat_balanced_20260910T094422Z\samples\windows_event.xml;;810;2025-08-23T14:05:09.337276+00:00;INFO;34;Oracle.xe;Oracle.xe;andy-aaron;8052;0;;;;;;;;;;;;;;;;;;;;;;;;;;;INFORMATIONAL;generic;"<string>LENGTH: '684' ACTION :[433] 'select /*+ no_parallel(t) no_parallel_index(t) dbms_stats cursor_sharing_exact use_weak_name_resl dynamic_sampling(0) no_monitoring xmlindex_sel_idx_tbl opt_param('optimizer_inmemory_aware' 'false') no_substrb_pad leading(r t) use_nl(t) rowid(t) */ substrb(dump(t.""DBID"",16,0,64),1,240) d_3099381843, r.rwid, r.freq from ""SYS"".""WRH$_CON_SYSMETRIC_SUMMARY"" t, table(:topntab) r where t.rowid = chartorowid(r.rwid) order by t.""DBID""' DATABASE USER:[3] 'SYS' PRIVILEGE :[4] 'NONE' CLIENT USER:[0] '' CLIENT TERMINAL:[10] 'ANDY-AARON' STATUS:[1] '0' DBID:[10] '3074368596' SESSIONID:[6] '400276' USERHOST:[10] 'ANDY-AARON' CLIENT ADDRESS:[0] '' ACTION NUMBER:[1] '3' </string>"
windows_event;win_event;E:\Cours\TFE\experiments\phase_dataset_strengthening\processed\multiformat_balanced_20260910T094422Z\samples\windows_event.xml;;811;2025-08-23T14:05:09.344597+00:00;INFO;34;Oracle.xe;Oracle.xe;andy-aaron;8052;0;;;;;;;;;;;;;;;;;;;;;;;;;;;INFORMATIONAL;generic;"<string>LENGTH: '684' ACTION :[433] 'select /*+ no_parallel(t) no_parallel_index(t) dbms_stats cursor_sharing_exact use_weak_name_resl dynamic_sampling(0) no_monitoring xmlindex_sel_idx_tbl opt_param('optimizer_inmemory_aware' 'false') no_substrb_pad leading(r t) use_nl(t) rowid(t) */ substrb(dump(t.""DBID"",16,0,64),1,240) d_3099381843, r.rwid, r.freq from ""SYS"".""WRH$_CON_SYSMETRIC_SUMMARY"" t, table(:topntab) r where t.rowid = chartorowid(r.rwid) order by t.""DBID""' DATABASE USER:[3] 'SYS' PRIVILEGE :[4] 'NONE' CLIENT USER:[0] '' CLIENT TERMINAL:[10] 'ANDY-AARON' STATUS:[1] '0' DBID:[10] '3074368596' SESSIONID:[6] '400276' USERHOST:[10] 'ANDY-AARON' CLIENT ADDRESS:[0] '' ACTION NUMBER:[1] '3' </string>"
windows_event;win_event;E:\Cours\TFE\experiments\phase_dataset_strengthening\processed\multiformat_balanced_20260910T094422Z\samples\windows_event.xml;;812;2025-08-23T14:05:10.086735+00:00;INFO;34;Oracle.xe;Oracle.xe;andy-aaron;8052;0;;;;;;;;;;;;;;;;;;;;;;;;;;;INFORMATIONAL;generic;"<string>LENGTH: '689' ACTION :[438] 'select /*+ no_parallel(t) no_parallel_index(t) dbms_stats cursor_sharing_exact use_weak_name_resl dynamic_sampling(0) no_monitoring xmlindex_sel_idx_tbl opt_param('optimizer_inmemory_aware' 'false') no_substrb_pad leading(r t) use_nl(t) rowid(t) */ substrb(dump(t.""METRIC_ID"",16,0,64),1,240) d_604289245, r.rwid, r.freq from ""SYS"".""WRH$_SYSMETRIC_SUMMARY"" t, table(:topntab) r where t.rowid = chartorowid(r.rwid) order by t.""METRIC_ID""' DATABASE USER:[3] 'SYS' PRIVILEGE :[4] 'NONE' CLIENT USER:[0] '' CLIENT TERMINAL:[10] 'ANDY-AARON' STATUS:[1] '0' DBID:[10] '3074368596' SESSIONID:[6] '400276' USERHOST:[10] 'ANDY-AARON' CLIENT ADDRESS:[0] '' ACTION NUMBER:[1] '3' </string>"
windows_event;win_event;E:\Cours\TFE\experiments\phase_dataset_strengthening\processed\multiformat_balanced_20260910T094422Z\samples\windows_event.xml;;813;2025-08-23T14:05:10.091209+00:00;INFO;34;Oracle.xe;Oracle.xe;andy-aaron;8052;0;;;;;;;;;;;;;;;;;;;;;;;;;;;INFORMATIONAL;generic;"<string>LENGTH: '689' ACTION :[438] 'select /*+ no_parallel(t) no_parallel_index(t) dbms_stats cursor_sharing_exact use_weak_name_resl dynamic_sampling(0) no_monitoring xmlindex_sel_idx_tbl opt_param('optimizer_inmemory_aware' 'false') no_substrb_pad leading(r t) use_nl(t) rowid(t) */ substrb(dump(t.""METRIC_ID"",16,0,64),1,240) d_604289245, r.rwid, r.freq from ""SYS"".""WRH$_SYSMETRIC_SUMMARY"" t, table(:topntab) r where t.rowid = chartorowid(r.rwid) order by t.""METRIC_ID""' DATABASE USER:[3] 'SYS' PRIVILEGE :[4] 'NONE' CLIENT USER:[0] '' CLIENT TERMINAL:[10] 'ANDY-AARON' STATUS:[1] '0' DBID:[10] '3074368596' SESSIONID:[6] '400276' USERHOST:[10] 'ANDY-AARON' CLIENT ADDRESS:[0] '' ACTION NUMBER:[1] '3' </string>"
windows_event;win_event;E:\Cours\TFE\experiments\phase_dataset_strengthening\processed\multiformat_balanced_20260910T094422Z\samples\windows_event.xml;;814;2025-08-23T14:05:10.096674+00:00;INFO;34;Oracle.xe;Oracle.xe;andy-aaron;8052;0;;;;;;;;;;;;;;;;;;;;;;;;;;;INFORMATIONAL;generic;"<string>LENGTH: '680' ACTION :[429] 'select /*+ no_parallel(t) no_parallel_index(t) dbms_stats cursor_sharing_exact use_weak_name_resl dynamic_sampling(0) no_monitoring xmlindex_sel_idx_tbl opt_param('optimizer_inmemory_aware' 'false') no_substrb_pad leading(r t) use_nl(t) rowid(t) */ substrb(dump(t.""DBID"",16,0,64),1,240) d_3099381843, r.rwid, r.freq from ""SYS"".""WRH$_SYSMETRIC_SUMMARY"" t, table(:topntab) r where t.rowid = chartorowid(r.rwid) order by t.""DBID""' DATABASE USER:[3] 'SYS' PRIVILEGE :[4] 'NONE' CLIENT USER:[0] '' CLIENT TERMINAL:[10] 'ANDY-AARON' STATUS:[1] '0' DBID:[10] '3074368596' SESSIONID:[6] '400276' USERHOST:[10] 'ANDY-AARON' CLIENT ADDRESS:[0] '' ACTION NUMBER:[1] '3' </string>"
windows_event;win_event;E:\Cours\TFE\experiments\phase_dataset_strengthening\processed\multiformat_balanced_20260910T094422Z\samples\windows_event.xml;;815;2025-08-23T14:05:10.103634+00:00;INFO;34;Oracle.xe;Oracle.xe;andy-aaron;8052;0;;;;;;;;;;;;;;;;;;;;;;;;;;;INFORMATIONAL;generic;"<string>LENGTH: '680' ACTION :[429] 'select /*+ no_parallel(t) no_parallel_index(t) dbms_stats cursor_sharing_exact use_weak_name_resl dynamic_sampling(0) no_monitoring xmlindex_sel_idx_tbl opt_param('optimizer_inmemory_aware' 'false') no_substrb_pad leading(r t) use_nl(t) rowid(t) */ substrb(dump(t.""DBID"",16,0,64),1,240) d_3099381843, r.rwid, r.freq from ""SYS"".""WRH$_SYSMETRIC_SUMMARY"" t, table(:topntab) r where t.rowid = chartorowid(r.rwid) order by t.""DBID""' DATABASE USER:[3] 'SYS' PRIVILEGE :[4] 'NONE' CLIENT USER:[0] '' CLIENT TERMINAL:[10] 'ANDY-AARON' STATUS:[1] '0' DBID:[10] '3074368596' SESSIONID:[6] '400276' USERHOST:[10] 'ANDY-AARON' CLIENT ADDRESS:[0] '' ACTION NUMBER:[1] '3' </string>"
windows_event;win_event;E:\Cours\TFE\experiments\phase_dataset_strengthening\processed\multiformat_balanced_20260910T094422Z\samples\windows_event.xml;;816;2025-08-23T14:05:10.107054+00:00;INFO;34;Oracle.xe;Oracle.xe;andy-aaron;8052;0;;;;;;;;;;;;;;;;;;;;;;;;;;;INFORMATIONAL;generic;"<string>LENGTH: '688' ACTION :[437] 'select /*+ no_parallel(t) no_parallel_index(t) dbms_stats cursor_sharing_exact use_weak_name_resl dynamic_sampling(0) no_monitoring xmlindex_sel_idx_tbl opt_param('optimizer_inmemory_aware' 'false') no_substrb_pad leading(r t) use_nl(t) rowid(t) */ substrb(dump(t.""GROUP_ID"",16,0,64),1,240) d_1065374894, r.rwid, r.freq from ""SYS"".""WRH$_SYSMETRIC_SUMMARY"" t, table(:topntab) r where t.rowid = chartorowid(r.rwid) order by t.""GROUP_ID""' DATABASE USER:[3] 'SYS' PRIVILEGE :[4] 'NONE' CLIENT USER:[0] '' CLIENT TERMINAL:[10] 'ANDY-AARON' STATUS:[1] '0' DBID:[10] '3074368596' SESSIONID:[6] '400276' USERHOST:[10] 'ANDY-AARON' CLIENT ADDRESS:[0] '' ACTION NUMBER:[1] '3' </string>"
windows_event;win_event;E:\Cours\TFE\experiments\phase_dataset_strengthening\processed\multiformat_balanced_20260910T094422Z\samples\windows_event.xml;;817;2025-08-23T14:05:10.114832+00:00;INFO;34;Oracle.xe;Oracle.xe;andy-aaron;8052;0;;;;;;;;;;;;;;;;;;;;;;;;;;;INFORMATIONAL;generic;"<string>LENGTH: '688' ACTION :[437] 'select /*+ no_parallel(t) no_parallel_index(t) dbms_stats cursor_sharing_exact use_weak_name_resl dynamic_sampling(0) no_monitoring xmlindex_sel_idx_tbl opt_param('optimizer_inmemory_aware' 'false') no_substrb_pad leading(r t) use_nl(t) rowid(t) */ substrb(dump(t.""GROUP_ID"",16,0,64),1,240) d_1065374894, r.rwid, r.freq from ""SYS"".""WRH$_SYSMETRIC_SUMMARY"" t, table(:topntab) r where t.rowid = chartorowid(r.rwid) order by t.""GROUP_ID""' DATABASE USER:[3] 'SYS' PRIVILEGE :[4] 'NONE' CLIENT USER:[0] '' CLIENT TERMINAL:[10] 'ANDY-AARON' STATUS:[1] '0' DBID:[10] '3074368596' SESSIONID:[6] '400276' USERHOST:[10] 'ANDY-AARON' CLIENT ADDRESS:[0] '' ACTION NUMBER:[1] '3' </string>"
windows_event;win_event;E:\Cours\TFE\experiments\phase_dataset_strengthening\processed\multiformat_balanced_20260910T094422Z\samples\windows_event.xml;;818;2025-08-23T14:05:10.118151+00:00;INFO;34;Oracle.xe;Oracle.xe;andy-aaron;8052;0;;;;;;;;;;;;;;;;;;;;;;;;;;;INFORMATIONAL;generic;"<string>LENGTH: '702' ACTION :[451] 'select /*+ no_parallel(t) no_parallel_index(t) dbms_stats cursor_sharing_exact use_weak_name_resl dynamic_sampling(0) no_monitoring xmlindex_sel_idx_tbl opt_param('optimizer_inmemory_aware' 'false') no_substrb_pad leading(r t) use_nl(t) rowid(t) */ substrb(dump(t.""INSTANCE_NUMBER"",16,0,64),1,240) d_3858454236, r.rwid, r.freq from ""SYS"".""WRH$_SYSMETRIC_SUMMARY"" t, table(:topntab) r where t.rowid = chartorowid(r.rwid) order by t.""INSTANCE_NUMBER""' DATABASE USER:[3] 'SYS' PRIVILEGE :[4] 'NONE' CLIENT USER:[0] '' CLIENT TERMINAL:[10] 'ANDY-AARON' STATUS:[1] '0' DBID:[10] '3074368596' SESSIONID:[6] '400276' USERHOST:[10] 'ANDY-AARON' CLIENT ADDRESS:[0] '' ACTION NUMBER:[1] '3' </string>"
windows_event;win_event;E:\Cours\TFE\experiments\phase_dataset_strengthening\processed\multiformat_balanced_20260910T094422Z\samples\windows_event.xml;;819;2025-08-23T14:05:10.124603+00:00;INFO;34;Oracle.xe;Oracle.xe;andy-aaron;8052;0;;;;;;;;;;;;;;;;;;;;;;;;;;;INFORMATIONAL;generic;"<string>LENGTH: '702' ACTION :[451] 'select /*+ no_parallel(t) no_parallel_index(t) dbms_stats cursor_sharing_exact use_weak_name_resl dynamic_sampling(0) no_monitoring xmlindex_sel_idx_tbl opt_param('optimizer_inmemory_aware' 'false') no_substrb_pad leading(r t) use_nl(t) rowid(t) */ substrb(dump(t.""INSTANCE_NUMBER"",16,0,64),1,240) d_3858454236, r.rwid, r.freq from ""SYS"".""WRH$_SYSMETRIC_SUMMARY"" t, table(:topntab) r where t.rowid = chartorowid(r.rwid) order by t.""INSTANCE_NUMBER""' DATABASE USER:[3] 'SYS' PRIVILEGE :[4] 'NONE' CLIENT USER:[0] '' CLIENT TERMINAL:[10] 'ANDY-AARON' STATUS:[1] '0' DBID:[10] '3074368596' SESSIONID:[6] '400276' USERHOST:[10] 'ANDY-AARON' CLIENT ADDRESS:[0] '' ACTION NUMBER:[1] '3' </string>"
windows_event;win_event;E:\Cours\TFE\experiments\phase_dataset_strengthening\processed\multiformat_balanced_20260910T094422Z\samples\windows_event.xml;;820;2025-08-23T14:05:10.549911+00:00;INFO;34;Oracle.xe;Oracle.xe;andy-aaron;8052;0;;;;;;;;;;;;;;;;;;;;;;;;;;;INFORMATIONAL;generic;"<string>LENGTH: '681' ACTION :[430] 'select /*+ no_parallel(t) no_parallel_index(t) dbms_stats cursor_sharing_exact use_weak_name_resl dynamic_sampling(0) no_monitoring xmlindex_sel_idx_tbl opt_param('optimizer_inmemory_aware' 'false') no_substrb_pad leading(r t) use_nl(t) rowid(t) */ substrb(dump(t.""SNAME"",16,0,64),1,240) d_2808890216, r.rwid, r.freq from ""SYS"".""OPTSTAT_HIST_CONTROL$"" t, table(:topntab) r where t.rowid = chartorowid(r.rwid) order by t.""SNAME""' DATABASE USER:[3] 'SYS' PRIVILEGE :[4] 'NONE' CLIENT USER:[0] '' CLIENT TERMINAL:[10] 'ANDY-AARON' STATUS:[1] '0' DBID:[10] '1689037571' SESSIONID:[6] '400403' USERHOST:[10] 'ANDY-AARON' CLIENT ADDRESS:[0] '' ACTION NUMBER:[1] '3' </string>"
windows_event;win_event;E:\Cours\TFE\experiments\phase_dataset_strengthening\processed\multiformat_balanced_20260910T094422Z\samples\windows_event.xml;;821;2025-08-23T14:05:10.556063+00:00;INFO;34;Oracle.xe;Oracle.xe;andy-aaron;8052;0;;;;;;;;;;;;;;;;;;;;;;;;;;;INFORMATIONAL;generic;"<string>LENGTH: '681' ACTION :[430] 'select /*+ no_parallel(t) no_parallel_index(t) dbms_stats cursor_sharing_exact use_weak_name_resl dynamic_sampling(0) no_monitoring xmlindex_sel_idx_tbl opt_param('optimizer_inmemory_aware' 'false') no_substrb_pad leading(r t) use_nl(t) rowid(t) */ substrb(dump(t.""SNAME"",16,0,64),1,240) d_2808890216, r.rwid, r.freq from ""SYS"".""OPTSTAT_HIST_CONTROL$"" t, table(:topntab) r where t.rowid = chartorowid(r.rwid) order by t.""SNAME""' DATABASE USER:[3] 'SYS' PRIVILEGE :[4] 'NONE' CLIENT USER:[0] '' CLIENT TERMINAL:[10] 'ANDY-AARON' STATUS:[1] '0' DBID:[10] '1689037571' SESSIONID:[6] '400403' USERHOST:[10] 'ANDY-AARON' CLIENT ADDRESS:[0] '' ACTION NUMBER:[1] '3' </string>"
windows_event;win_event;E:\Cours\TFE\experiments\phase_dataset_strengthening\processed\multiformat_balanced_20260910T094422Z\samples\windows_event.xml;;822;2025-08-23T14:05:10.559111+00:00;INFO;34;Oracle.xe;Oracle.xe;andy-aaron;8052;0;;;;;;;;;;;;;;;;;;;;;;;;;;;INFORMATIONAL;generic;"<string>LENGTH: '711' ACTION :[460] 'select /*+ no_parallel(t) no_parallel_index(t) dbms_stats cursor_sharing_exact use_weak_name_resl dynamic_sampling(0) no_monitoring xmlindex_sel_idx_tbl opt_param('optimizer_inmemory_aware' 'false') no_substrb_pad leading(r t) use_nl(t) rowid(t) */ substrb(dump(substrb(t.""SPARE4"",1,64),16,0,64),1,240) d_4291451366, r.rwid, r.freq from ""SYS"".""OPTSTAT_HIST_CONTROL$"" t, table(:topntab) r where t.rowid = chartorowid(r.rwid) order by substrb(t.""SPARE4"",1,64)' DATABASE USER:[3] 'SYS' PRIVILEGE :[4] 'NONE' CLIENT USER:[0] '' CLIENT TERMINAL:[10] 'ANDY-AARON' STATUS:[1] '0' DBID:[10] '1689037571' SESSIONID:[6] '400403' USERHOST:[10] 'ANDY-AARON' CLIENT ADDRESS:[0] '' ACTION NUMBER:[1] '3' </string>"
windows_event;win_event;E:\Cours\TFE\experiments\phase_dataset_strengthening\processed\multiformat_balanced_20260910T094422Z\samples\windows_event.xml;;823;2025-08-23T14:05:10.564323+00:00;INFO;34;Oracle.xe;Oracle.xe;andy-aaron;8052;0;;;;;;;;;;;;;;;;;;;;;;;;;;;INFORMATIONAL;generic;"<string>LENGTH: '711' ACTION :[460] 'select /*+ no_parallel(t) no_parallel_index(t) dbms_stats cursor_sharing_exact use_weak_name_resl dynamic_sampling(0) no_monitoring xmlindex_sel_idx_tbl opt_param('optimizer_inmemory_aware' 'false') no_substrb_pad leading(r t) use_nl(t) rowid(t) */ substrb(dump(substrb(t.""SPARE4"",1,64),16,0,64),1,240) d_4291451366, r.rwid, r.freq from ""SYS"".""OPTSTAT_HIST_CONTROL$"" t, table(:topntab) r where t.rowid = chartorowid(r.rwid) order by substrb(t.""SPARE4"",1,64)' DATABASE USER:[3] 'SYS' PRIVILEGE :[4] 'NONE' CLIENT USER:[0] '' CLIENT TERMINAL:[10] 'ANDY-AARON' STATUS:[1] '0' DBID:[10] '1689037571' SESSIONID:[6] '400403' USERHOST:[10] 'ANDY-AARON' CLIENT ADDRESS:[0] '' ACTION NUMBER:[1] '3' </string>"
windows_event;win_event;E:\Cours\TFE\experiments\phase_dataset_strengthening\processed\multiformat_balanced_20260910T094422Z\samples\windows_event.xml;;824;2025-08-23T14:05:10.685013+00:00;INFO;34;Oracle.xe;Oracle.xe;andy-aaron;8052;0;;;;;;;;;;;;;;;;;;;;;;;;;;;INFORMATIONAL;generic;"<string>LENGTH: '666' ACTION :[415] 'select /*+ no_parallel(t) no_parallel_index(t) dbms_stats cursor_sharing_exact use_weak_name_resl dynamic_sampling(0) no_monitoring xmlindex_sel_idx_tbl opt_param('optimizer_inmemory_aware' 'false') no_substrb_pad leading(r t) use_nl(t) rowid(t) */ substrb(dump(t.""OBJN"",16,0,64),1,240) d_3045965405, r.rwid, r.freq from ""SYS"".""EXP_OBJ$"" t, table(:topntab) r where t.rowid = chartorowid(r.rwid) order by t.""OBJN""' DATABASE USER:[3] 'SYS' PRIVILEGE :[4] 'NONE' CLIENT USER:[0] '' CLIENT TERMINAL:[10] 'ANDY-AARON' STATUS:[1] '0' DBID:[10] '1689037571' SESSIONID:[6] '400403' USERHOST:[10] 'ANDY-AARON' CLIENT ADDRESS:[0] '' ACTION NUMBER:[1] '3' </string>"
windows_event;win_event;E:\Cours\TFE\experiments\phase_dataset_strengthening\processed\multiformat_balanced_20260910T094422Z\samples\windows_event.xml;;825;2025-08-23T14:05:10.690594+00:00;INFO;34;Oracle.xe;Oracle.xe;andy-aaron;8052;0;;;;;;;;;;;;;;;;;;;;;;;;;;;INFORMATIONAL;generic;"<string>LENGTH: '666' ACTION :[415] 'select /*+ no_parallel(t) no_parallel_index(t) dbms_stats cursor_sharing_exact use_weak_name_resl dynamic_sampling(0) no_monitoring xmlindex_sel_idx_tbl opt_param('optimizer_inmemory_aware' 'false') no_substrb_pad leading(r t) use_nl(t) rowid(t) */ substrb(dump(t.""OBJN"",16,0,64),1,240) d_3045965405, r.rwid, r.freq from ""SYS"".""EXP_OBJ$"" t, table(:topntab) r where t.rowid = chartorowid(r.rwid) order by t.""OBJN""' DATABASE USER:[3] 'SYS' PRIVILEGE :[4] 'NONE' CLIENT USER:[0] '' CLIENT TERMINAL:[10] 'ANDY-AARON' STATUS:[1] '0' DBID:[10] '1689037571' SESSIONID:[6] '400403' USERHOST:[10] 'ANDY-AARON' CLIENT ADDRESS:[0] '' ACTION NUMBER:[1] '3' </string>"
windows_event;win_event;E:\Cours\TFE\experiments\phase_dataset_strengthening\processed\multiformat_balanced_20260910T094422Z\samples\windows_event.xml;;826;2025-08-23T14:05:10.692957+00:00;INFO;34;Oracle.xe;Oracle.xe;andy-aaron;8052;0;;;;;;;;;;;;;;;;;;;;;;;;;;;INFORMATIONAL;generic;"<string>LENGTH: '680' ACTION :[429] 'select /*+ no_parallel(t) no_parallel_index(t) dbms_stats cursor_sharing_exact use_weak_name_resl dynamic_sampling(0) no_monitoring xmlindex_sel_idx_tbl opt_param('optimizer_inmemory_aware' 'false') no_substrb_pad leading(r t) use_nl(t) rowid(t) */ substrb(dump(t.""SNAPSHOT_ID"",16,0,64),1,240) d_3776494566, r.rwid, r.freq from ""SYS"".""EXP_OBJ$"" t, table(:topntab) r where t.rowid = chartorowid(r.rwid) order by t.""SNAPSHOT_ID""' DATABASE USER:[3] 'SYS' PRIVILEGE :[4] 'NONE' CLIENT USER:[0] '' CLIENT TERMINAL:[10] 'ANDY-AARON' STATUS:[1] '0' DBID:[10] '1689037571' SESSIONID:[6] '400403' USERHOST:[10] 'ANDY-AARON' CLIENT ADDRESS:[0] '' ACTION NUMBER:[1] '3' </string>"
windows_event;win_event;E:\Cours\TFE\experiments\phase_dataset_strengthening\processed\multiformat_balanced_20260910T094422Z\samples\windows_event.xml;;827;2025-08-23T14:05:10.697340+00:00;INFO;34;Oracle.xe;Oracle.xe;andy-aaron;8052;0;;;;;;;;;;;;;;;;;;;;;;;;;;;INFORMATIONAL;generic;"<string>LENGTH: '680' ACTION :[429] 'select /*+ no_parallel(t) no_parallel_index(t) dbms_stats cursor_sharing_exact use_weak_name_resl dynamic_sampling(0) no_monitoring xmlindex_sel_idx_tbl opt_param('optimizer_inmemory_aware' 'false') no_substrb_pad leading(r t) use_nl(t) rowid(t) */ substrb(dump(t.""SNAPSHOT_ID"",16,0,64),1,240) d_3776494566, r.rwid, r.freq from ""SYS"".""EXP_OBJ$"" t, table(:topntab) r where t.rowid = chartorowid(r.rwid) order by t.""SNAPSHOT_ID""' DATABASE USER:[3] 'SYS' PRIVILEGE :[4] 'NONE' CLIENT USER:[0] '' CLIENT TERMINAL:[10] 'ANDY-AARON' STATUS:[1] '0' DBID:[10] '1689037571' SESSIONID:[6] '400403' USERHOST:[10] 'ANDY-AARON' CLIENT ADDRESS:[0] '' ACTION NUMBER:[1] '3' </string>"
windows_event;win_event;E:\Cours\TFE\experiments\phase_dataset_strengthening\processed\multiformat_balanced_20260910T094422Z\samples\windows_event.xml;;828;2025-08-23T14:05:10.816031+00:00;INFO;34;Oracle.xe;Oracle.xe;andy-aaron;8052;0;;;;;;;;;;;;;;;;;;;;;;;;;;;INFORMATIONAL;generic;"<string>LENGTH: '671' ACTION :[420] 'select /*+ no_parallel(t) no_parallel_index(t) dbms_stats cursor_sharing_exact use_weak_name_resl dynamic_sampling(0) no_monitoring xmlindex_sel_idx_tbl opt_param('optimizer_inmemory_aware' 'false') no_substrb_pad leading(r t) use_nl(t) rowid(t) */ substrb(dump(t.""EXP_ID"",16,0,64),1,240) d_3172430567, r.rwid, r.freq from ""SYS"".""EXP_STAT$"" t, table(:topntab) r where t.rowid = chartorowid(r.rwid) order by t.""EXP_ID""' DATABASE USER:[3] 'SYS' PRIVILEGE :[4] 'NONE' CLIENT USER:[0] '' CLIENT TERMINAL:[10] 'ANDY-AARON' STATUS:[1] '0' DBID:[10] '1689037571' SESSIONID:[6] '400403' USERHOST:[10] 'ANDY-AARON' CLIENT ADDRESS:[0] '' ACTION NUMBER:[1] '3' </string>"
windows_event;win_event;E:\Cours\TFE\experiments\phase_dataset_strengthening\processed\multiformat_balanced_20260910T094422Z\samples\windows_event.xml;;829;2025-08-23T14:05:10.821379+00:00;INFO;34;Oracle.xe;Oracle.xe;andy-aaron;8052;0;;;;;;;;;;;;;;;;;;;;;;;;;;;INFORMATIONAL;generic;"<string>LENGTH: '671' ACTION :[420] 'select /*+ no_parallel(t) no_parallel_index(t) dbms_stats cursor_sharing_exact use_weak_name_resl dynamic_sampling(0) no_monitoring xmlindex_sel_idx_tbl opt_param('optimizer_inmemory_aware' 'false') no_substrb_pad leading(r t) use_nl(t) rowid(t) */ substrb(dump(t.""EXP_ID"",16,0,64),1,240) d_3172430567, r.rwid, r.freq from ""SYS"".""EXP_STAT$"" t, table(:topntab) r where t.rowid = chartorowid(r.rwid) order by t.""EXP_ID""' DATABASE USER:[3] 'SYS' PRIVILEGE :[4] 'NONE' CLIENT USER:[0] '' CLIENT TERMINAL:[10] 'ANDY-AARON' STATUS:[1] '0' DBID:[10] '1689037571' SESSIONID:[6] '400403' USERHOST:[10] 'ANDY-AARON' CLIENT ADDRESS:[0] '' ACTION NUMBER:[1] '3' </string>"
windows_event;win_event;E:\Cours\TFE\experiments\phase_dataset_strengthening\processed\multiformat_balanced_20260910T094422Z\samples\windows_event.xml;;830;2025-08-23T14:05:10.823587+00:00;INFO;34;Oracle.xe;Oracle.xe;andy-aaron;8052;0;;;;;;;;;;;;;;;;;;;;;;;;;;;INFORMATIONAL;generic;"<string>LENGTH: '667' ACTION :[416] 'select /*+ no_parallel(t) no_parallel_index(t) dbms_stats cursor_sharing_exact use_weak_name_resl dynamic_sampling(0) no_monitoring xmlindex_sel_idx_tbl opt_param('optimizer_inmemory_aware' 'false') no_substrb_pad leading(r t) use_nl(t) rowid(t) */ substrb(dump(t.""OBJN"",16,0,64),1,240) d_3045965405, r.rwid, r.freq from ""SYS"".""EXP_STAT$"" t, table(:topntab) r where t.rowid = chartorowid(r.rwid) order by t.""OBJN""' DATABASE USER:[3] 'SYS' PRIVILEGE :[4] 'NONE' CLIENT USER:[0] '' CLIENT TERMINAL:[10] 'ANDY-AARON' STATUS:[1] '0' DBID:[10] '1689037571' SESSIONID:[6] '400403' USERHOST:[10] 'ANDY-AARON' CLIENT ADDRESS:[0] '' ACTION NUMBER:[1] '3' </string>"
windows_event;win_event;E:\Cours\TFE\experiments\phase_dataset_strengthening\processed\multiformat_balanced_20260910T094422Z\samples\windows_event.xml;;831;2025-08-23T14:05:10.827986+00:00;INFO;34;Oracle.xe;Oracle.xe;andy-aaron;8052;0;;;;;;;;;;;;;;;;;;;;;;;;;;;INFORMATIONAL;generic;"<string>LENGTH: '667' ACTION :[416] 'select /*+ no_parallel(t) no_parallel_index(t) dbms_stats cursor_sharing_exact use_weak_name_resl dynamic_sampling(0) no_monitoring xmlindex_sel_idx_tbl opt_param('optimizer_inmemory_aware' 'false') no_substrb_pad leading(r t) use_nl(t) rowid(t) */ substrb(dump(t.""OBJN"",16,0,64),1,240) d_3045965405, r.rwid, r.freq from ""SYS"".""EXP_STAT$"" t, table(:topntab) r where t.rowid = chartorowid(r.rwid) order by t.""OBJN""' DATABASE USER:[3] 'SYS' PRIVILEGE :[4] 'NONE' CLIENT USER:[0] '' CLIENT TERMINAL:[10] 'ANDY-AARON' STATUS:[1] '0' DBID:[10] '1689037571' SESSIONID:[6] '400403' USERHOST:[10] 'ANDY-AARON' CLIENT ADDRESS:[0] '' ACTION NUMBER:[1] '3' </string>"
windows_event;win_event;E:\Cours\TFE\experiments\phase_dataset_strengthening\processed\multiformat_balanced_20260910T094422Z\samples\windows_event.xml;;832;2025-08-23T14:05:10.830141+00:00;INFO;34;Oracle.xe;Oracle.xe;andy-aaron;8052;0;;;;;;;;;;;;;;;;;;;;;;;;;;;INFORMATIONAL;generic;"<string>LENGTH: '681' ACTION :[430] 'select /*+ no_parallel(t) no_parallel_index(t) dbms_stats cursor_sharing_exact use_weak_name_resl dynamic_sampling(0) no_monitoring xmlindex_sel_idx_tbl opt_param('optimizer_inmemory_aware' 'false') no_substrb_pad leading(r t) use_nl(t) rowid(t) */ substrb(dump(t.""SNAPSHOT_ID"",16,0,64),1,240) d_3776494566, r.rwid, r.freq from ""SYS"".""EXP_STAT$"" t, table(:topntab) r where t.rowid = chartorowid(r.rwid) order by t.""SNAPSHOT_ID""' DATABASE USER:[3] 'SYS' PRIVILEGE :[4] 'NONE' CLIENT USER:[0] '' CLIENT TERMINAL:[10] 'ANDY-AARON' STATUS:[1] '0' DBID:[10] '1689037571' SESSIONID:[6] '400403' USERHOST:[10] 'ANDY-AARON' CLIENT ADDRESS:[0] '' ACTION NUMBER:[1] '3' </string>"
windows_event;win_event;E:\Cours\TFE\experiments\phase_dataset_strengthening\processed\multiformat_balanced_20260910T094422Z\samples\windows_event.xml;;833;2025-08-23T14:05:10.834431+00:00;INFO;34;Oracle.xe;Oracle.xe;andy-aaron;8052;0;;;;;;;;;;;;;;;;;;;;;;;;;;;INFORMATIONAL;generic;"<string>LENGTH: '681' ACTION :[430] 'select /*+ no_parallel(t) no_parallel_index(t) dbms_stats cursor_sharing_exact use_weak_name_resl dynamic_sampling(0) no_monitoring xmlindex_sel_idx_tbl opt_param('optimizer_inmemory_aware' 'false') no_substrb_pad leading(r t) use_nl(t) rowid(t) */ substrb(dump(t.""SNAPSHOT_ID"",16,0,64),1,240) d_3776494566, r.rwid, r.freq from ""SYS"".""EXP_STAT$"" t, table(:topntab) r where t.rowid = chartorowid(r.rwid) order by t.""SNAPSHOT_ID""' DATABASE USER:[3] 'SYS' PRIVILEGE :[4] 'NONE' CLIENT USER:[0] '' CLIENT TERMINAL:[10] 'ANDY-AARON' STATUS:[1] '0' DBID:[10] '1689037571' SESSIONID:[6] '400403' USERHOST:[10] 'ANDY-AARON' CLIENT ADDRESS:[0] '' ACTION NUMBER:[1] '3' </string>"
windows_event;win_event;E:\Cours\TFE\experiments\phase_dataset_strengthening\processed\multiformat_balanced_20260910T094422Z\samples\windows_event.xml;;834;2025-08-23T14:05:11.433739+00:00;INFO;34;Oracle.xe;Oracle.xe;andy-aaron;8052;0;;;;;;;;;;;;;;;;;;;;;;;;;;;INFORMATIONAL;generic;"<string>LENGTH: '679' ACTION :[428] 'select /*+ no_parallel(t) no_parallel_index(t) dbms_stats cursor_sharing_exact use_weak_name_resl dynamic_sampling(0) no_monitoring xmlindex_sel_idx_tbl opt_param('optimizer_inmemory_aware' 'false') no_substrb_pad leading(r t) use_nl(t) rowid(t) */ substrb(dump(t.""TABFRAGOBJ#"",16,0,64),1,240) d_147644651, r.rwid, r.freq from ""SYS"".""LOBFRAG$"" t, table(:topntab) r where t.rowid = chartorowid(r.rwid) order by t.""TABFRAGOBJ#""' DATABASE USER:[3] 'SYS' PRIVILEGE :[4] 'NONE' CLIENT USER:[0] '' CLIENT TERMINAL:[10] 'ANDY-AARON' STATUS:[1] '0' DBID:[10] '1689037571' SESSIONID:[6] '400403' USERHOST:[10] 'ANDY-AARON' CLIENT ADDRESS:[0] '' ACTION NUMBER:[1] '3' </string>"
windows_event;win_event;E:\Cours\TFE\experiments\phase_dataset_strengthening\processed\multiformat_balanced_20260910T094422Z\samples\windows_event.xml;;835;2025-08-23T14:05:11.439600+00:00;INFO;34;Oracle.xe;Oracle.xe;andy-aaron;8052;0;;;;;;;;;;;;;;;;;;;;;;;;;;;INFORMATIONAL;generic;"<string>LENGTH: '679' ACTION :[428] 'select /*+ no_parallel(t) no_parallel_index(t) dbms_stats cursor_sharing_exact use_weak_name_resl dynamic_sampling(0) no_monitoring xmlindex_sel_idx_tbl opt_param('optimizer_inmemory_aware' 'false') no_substrb_pad leading(r t) use_nl(t) rowid(t) */ substrb(dump(t.""TABFRAGOBJ#"",16,0,64),1,240) d_147644651, r.rwid, r.freq from ""SYS"".""LOBFRAG$"" t, table(:topntab) r where t.rowid = chartorowid(r.rwid) order by t.""TABFRAGOBJ#""' DATABASE USER:[3] 'SYS' PRIVILEGE :[4] 'NONE' CLIENT USER:[0] '' CLIENT TERMINAL:[10] 'ANDY-AARON' STATUS:[1] '0' DBID:[10] '1689037571' SESSIONID:[6] '400403' USERHOST:[10] 'ANDY-AARON' CLIENT ADDRESS:[0] '' ACTION NUMBER:[1] '3' </string>"
windows_event;win_event;E:\Cours\TFE\experiments\phase_dataset_strengthening\processed\multiformat_balanced_20260910T094422Z\samples\windows_event.xml;;836;2025-08-23T14:05:11.441961+00:00;INFO;34;Oracle.xe;Oracle.xe;andy-aaron;8052;0;;;;;;;;;;;;;;;;;;;;;;;;;;;INFORMATIONAL;generic;"<string>LENGTH: '678' ACTION :[427] 'select /*+ no_parallel(t) no_parallel_index(t) dbms_stats cursor_sharing_exact use_weak_name_resl dynamic_sampling(0) no_monitoring xmlindex_sel_idx_tbl opt_param('optimizer_inmemory_aware' 'false') no_substrb_pad leading(r t) use_nl(t) rowid(t) */ substrb(dump(t.""PARENTOBJ#"",16,0,64),1,240) d_3606346552, r.rwid, r.freq from ""SYS"".""LOBFRAG$"" t, table(:topntab) r where t.rowid = chartorowid(r.rwid) order by t.""PARENTOBJ#""' DATABASE USER:[3] 'SYS' PRIVILEGE :[4] 'NONE' CLIENT USER:[0] '' CLIENT TERMINAL:[10] 'ANDY-AARON' STATUS:[1] '0' DBID:[10] '1689037571' SESSIONID:[6] '400403' USERHOST:[10] 'ANDY-AARON' CLIENT ADDRESS:[0] '' ACTION NUMBER:[1] '3' </string>"
windows_event;win_event;E:\Cours\TFE\experiments\phase_dataset_strengthening\processed\multiformat_balanced_20260910T094422Z\samples\windows_event.xml;;837;2025-08-23T14:05:11.446383+00:00;INFO;34;Oracle.xe;Oracle.xe;andy-aaron;8052;0;;;;;;;;;;;;;;;;;;;;;;;;;;;INFORMATIONAL;generic;"<string>LENGTH: '678' ACTION :[427] 'select /*+ no_parallel(t) no_parallel_index(t) dbms_stats cursor_sharing_exact use_weak_name_resl dynamic_sampling(0) no_monitoring xmlindex_sel_idx_tbl opt_param('optimizer_inmemory_aware' 'false') no_substrb_pad leading(r t) use_nl(t) rowid(t) */ substrb(dump(t.""PARENTOBJ#"",16,0,64),1,240) d_3606346552, r.rwid, r.freq from ""SYS"".""LOBFRAG$"" t, table(:topntab) r where t.rowid = chartorowid(r.rwid) order by t.""PARENTOBJ#""' DATABASE USER:[3] 'SYS' PRIVILEGE :[4] 'NONE' CLIENT USER:[0] '' CLIENT TERMINAL:[10] 'ANDY-AARON' STATUS:[1] '0' DBID:[10] '1689037571' SESSIONID:[6] '400403' USERHOST:[10] 'ANDY-AARON' CLIENT ADDRESS:[0] '' ACTION NUMBER:[1] '3' </string>"
windows_event;win_event;E:\Cours\TFE\experiments\phase_dataset_strengthening\processed\multiformat_balanced_20260910T094422Z\samples\windows_event.xml;;838;2025-08-23T14:05:11.448486+00:00;INFO;34;Oracle.xe;Oracle.xe;andy-aaron;8052;0;;;;;;;;;;;;;;;;;;;;;;;;;;;INFORMATIONAL;generic;"<string>LENGTH: '676' ACTION :[425] 'select /*+ no_parallel(t) no_parallel_index(t) dbms_stats cursor_sharing_exact use_weak_name_resl dynamic_sampling(0) no_monitoring xmlindex_sel_idx_tbl opt_param('optimizer_inmemory_aware' 'false') no_substrb_pad leading(r t) use_nl(t) rowid(t) */ substrb(dump(t.""FRAGTYPE$"",16,0,64),1,240) d_2480157226, r.rwid, r.freq from ""SYS"".""LOBFRAG$"" t, table(:topntab) r where t.rowid = chartorowid(r.rwid) order by t.""FRAGTYPE$""' DATABASE USER:[3] 'SYS' PRIVILEGE :[4] 'NONE' CLIENT USER:[0] '' CLIENT TERMINAL:[10] 'ANDY-AARON' STATUS:[1] '0' DBID:[10] '1689037571' SESSIONID:[6] '400403' USERHOST:[10] 'ANDY-AARON' CLIENT ADDRESS:[0] '' ACTION NUMBER:[1] '3' </string>"
windows_event;win_event;E:\Cours\TFE\experiments\phase_dataset_strengthening\processed\multiformat_balanced_20260910T094422Z\samples\windows_event.xml;;839;2025-08-23T14:05:11.452528+00:00;INFO;34;Oracle.xe;Oracle.xe;andy-aaron;8052;0;;;;;;;;;;;;;;;;;;;;;;;;;;;INFORMATIONAL;generic;"<string>LENGTH: '676' ACTION :[425] 'select /*+ no_parallel(t) no_parallel_index(t) dbms_stats cursor_sharing_exact use_weak_name_resl dynamic_sampling(0) no_monitoring xmlindex_sel_idx_tbl opt_param('optimizer_inmemory_aware' 'false') no_substrb_pad leading(r t) use_nl(t) rowid(t) */ substrb(dump(t.""FRAGTYPE$"",16,0,64),1,240) d_2480157226, r.rwid, r.freq from ""SYS"".""LOBFRAG$"" t, table(:topntab) r where t.rowid = chartorowid(r.rwid) order by t.""FRAGTYPE$""' DATABASE USER:[3] 'SYS' PRIVILEGE :[4] 'NONE' CLIENT USER:[0] '' CLIENT TERMINAL:[10] 'ANDY-AARON' STATUS:[1] '0' DBID:[10] '1689037571' SESSIONID:[6] '400403' USERHOST:[10] 'ANDY-AARON' CLIENT ADDRESS:[0] '' ACTION NUMBER:[1] '3' </string>"
windows_event;win_event;E:\Cours\TFE\experiments\phase_dataset_strengthening\processed\multiformat_balanced_20260910T094422Z\samples\windows_event.xml;;840;2025-08-23T14:05:11.690454+00:00;INFO;34;Oracle.xe;Oracle.xe;andy-aaron;8052;0;;;;;;;;;;;;;;;;;;;;;;;;;;;INFORMATIONAL;generic;"<string>LENGTH: '700' ACTION :[449] 'select /*+ no_parallel(t) no_parallel_index(t) dbms_stats cursor_sharing_exact use_weak_name_resl dynamic_sampling(0) no_monitoring xmlindex_sel_idx_tbl opt_param('optimizer_inmemory_aware' 'false') no_substrb_pad leading(r t) use_nl(t) rowid(t) */ substrb(dump(substrb(t.""NAME"",1,64),16,0,64),1,240) d_2614638557, r.rwid, r.freq from ""SYS"".""WRI$_ADV_TASKS"" t, table(:topntab) r where t.rowid = chartorowid(r.rwid) order by substrb(t.""NAME"",1,64)' DATABASE USER:[3] 'SYS' PRIVILEGE :[4] 'NONE' CLIENT USER:[0] '' CLIENT TERMINAL:[10] 'ANDY-AARON' STATUS:[1] '0' DBID:[10] '1689037571' SESSIONID:[6] '400403' USERHOST:[10] 'ANDY-AARON' CLIENT ADDRESS:[0] '' ACTION NUMBER:[1] '3' </string>"
windows_event;win_event;E:\Cours\TFE\experiments\phase_dataset_strengthening\processed\multiformat_balanced_20260910T094422Z\samples\windows_event.xml;;841;2025-08-23T14:05:11.695990+00:00;INFO;34;Oracle.xe;Oracle.xe;andy-aaron;8052;0;;;;;;;;;;;;;;;;;;;;;;;;;;;INFORMATIONAL;generic;"<string>LENGTH: '700' ACTION :[449] 'select /*+ no_parallel(t) no_parallel_index(t) dbms_stats cursor_sharing_exact use_weak_name_resl dynamic_sampling(0) no_monitoring xmlindex_sel_idx_tbl opt_param('optimizer_inmemory_aware' 'false') no_substrb_pad leading(r t) use_nl(t) rowid(t) */ substrb(dump(substrb(t.""NAME"",1,64),16,0,64),1,240) d_2614638557, r.rwid, r.freq from ""SYS"".""WRI$_ADV_TASKS"" t, table(:topntab) r where t.rowid = chartorowid(r.rwid) order by substrb(t.""NAME"",1,64)' DATABASE USER:[3] 'SYS' PRIVILEGE :[4] 'NONE' CLIENT USER:[0] '' CLIENT TERMINAL:[10] 'ANDY-AARON' STATUS:[1] '0' DBID:[10] '1689037571' SESSIONID:[6] '400403' USERHOST:[10] 'ANDY-AARON' CLIENT ADDRESS:[0] '' ACTION NUMBER:[1] '3' </string>"
windows_event;win_event;E:\Cours\TFE\experiments\phase_dataset_strengthening\processed\multiformat_balanced_20260910T094422Z\samples\windows_event.xml;;842;2025-08-23T14:05:11.698339+00:00;INFO;34;Oracle.xe;Oracle.xe;andy-aaron;8052;0;;;;;;;;;;;;;;;;;;;;;;;;;;;INFORMATIONAL;generic;"<string>LENGTH: '684' ACTION :[433] 'select /*+ no_parallel(t) no_parallel_index(t) dbms_stats cursor_sharing_exact use_weak_name_resl dynamic_sampling(0) no_monitoring xmlindex_sel_idx_tbl opt_param('optimizer_inmemory_aware' 'false') no_substrb_pad leading(r t) use_nl(t) rowid(t) */ substrb(dump(t.""ADVISOR_ID"",16,0,64),1,240) d_2026044459, r.rwid, r.freq from ""SYS"".""WRI$_ADV_TASKS"" t, table(:topntab) r where t.rowid = chartorowid(r.rwid) order by t.""ADVISOR_ID""' DATABASE USER:[3] 'SYS' PRIVILEGE :[4] 'NONE' CLIENT USER:[0] '' CLIENT TERMINAL:[10] 'ANDY-AARON' STATUS:[1] '0' DBID:[10] '1689037571' SESSIONID:[6] '400403' USERHOST:[10] 'ANDY-AARON' CLIENT ADDRESS:[0] '' ACTION NUMBER:[1] '3' </string>"
windows_event;win_event;E:\Cours\TFE\experiments\phase_dataset_strengthening\processed\multiformat_balanced_20260910T094422Z\samples\windows_event.xml;;843;2025-08-23T14:05:11.702299+00:00;INFO;34;Oracle.xe;Oracle.xe;andy-aaron;8052;0;;;;;;;;;;;;;;;;;;;;;;;;;;;INFORMATIONAL;generic;"<string>LENGTH: '684' ACTION :[433] 'select /*+ no_parallel(t) no_parallel_index(t) dbms_stats cursor_sharing_exact use_weak_name_resl dynamic_sampling(0) no_monitoring xmlindex_sel_idx_tbl opt_param('optimizer_inmemory_aware' 'false') no_substrb_pad leading(r t) use_nl(t) rowid(t) */ substrb(dump(t.""ADVISOR_ID"",16,0,64),1,240) d_2026044459, r.rwid, r.freq from ""SYS"".""WRI$_ADV_TASKS"" t, table(:topntab) r where t.rowid = chartorowid(r.rwid) order by t.""ADVISOR_ID""' DATABASE USER:[3] 'SYS' PRIVILEGE :[4] 'NONE' CLIENT USER:[0] '' CLIENT TERMINAL:[10] 'ANDY-AARON' STATUS:[1] '0' DBID:[10] '1689037571' SESSIONID:[6] '400403' USERHOST:[10] 'ANDY-AARON' CLIENT ADDRESS:[0] '' ACTION NUMBER:[1] '3' </string>"
windows_event;win_event;E:\Cours\TFE\experiments\phase_dataset_strengthening\processed\multiformat_balanced_20260910T094422Z\samples\windows_event.xml;;844;2025-08-23T14:05:11.705200+00:00;INFO;34;Oracle.xe;Oracle.xe;andy-aaron;8052;0;;;;;;;;;;;;;;;;;;;;;;;;;;;INFORMATIONAL;generic;"<string>LENGTH: '716' ACTION :[465] 'select /*+ no_parallel(t) no_parallel_index(t) dbms_stats cursor_sharing_exact use_weak_name_resl dynamic_sampling(0) no_monitoring xmlindex_sel_idx_tbl opt_param('optimizer_inmemory_aware' 'false') no_substrb_pad leading(r t) use_nl(t) rowid(t) */ substrb(dump(substrb(t.""ADVISOR_NAME"",1,64),16,0,64),1,240) d_2897005349, r.rwid, r.freq from ""SYS"".""WRI$_ADV_TASKS"" t, table(:topntab) r where t.rowid = chartorowid(r.rwid) order by substrb(t.""ADVISOR_NAME"",1,64)' DATABASE USER:[3] 'SYS' PRIVILEGE :[4] 'NONE' CLIENT USER:[0] '' CLIENT TERMINAL:[10] 'ANDY-AARON' STATUS:[1] '0' DBID:[10] '1689037571' SESSIONID:[6] '400403' USERHOST:[10] 'ANDY-AARON' CLIENT ADDRESS:[0] '' ACTION NUMBER:[1] '3' </string>"
windows_event;win_event;E:\Cours\TFE\experiments\phase_dataset_strengthening\processed\multiformat_balanced_20260910T094422Z\samples\windows_event.xml;;845;2025-08-23T14:05:11.711458+00:00;INFO;34;Oracle.xe;Oracle.xe;andy-aaron;8052;0;;;;;;;;;;;;;;;;;;;;;;;;;;;INFORMATIONAL;generic;"<string>LENGTH: '716' ACTION :[465] 'select /*+ no_parallel(t) no_parallel_index(t) dbms_stats cursor_sharing_exact use_weak_name_resl dynamic_sampling(0) no_monitoring xmlindex_sel_idx_tbl opt_param('optimizer_inmemory_aware' 'false') no_substrb_pad leading(r t) use_nl(t) rowid(t) */ substrb(dump(substrb(t.""ADVISOR_NAME"",1,64),16,0,64),1,240) d_2897005349, r.rwid, r.freq from ""SYS"".""WRI$_ADV_TASKS"" t, table(:topntab) r where t.rowid = chartorowid(r.rwid) order by substrb(t.""ADVISOR_NAME"",1,64)' DATABASE USER:[3] 'SYS' PRIVILEGE :[4] 'NONE' CLIENT USER:[0] '' CLIENT TERMINAL:[10] 'ANDY-AARON' STATUS:[1] '0' DBID:[10] '1689037571' SESSIONID:[6] '400403' USERHOST:[10] 'ANDY-AARON' CLIENT ADDRESS:[0] '' ACTION NUMBER:[1] '3' </string>"
windows_event;win_event;E:\Cours\TFE\experiments\phase_dataset_strengthening\processed\multiformat_balanced_20260910T094422Z\samples\windows_event.xml;;846;2025-08-23T14:05:11.714716+00:00;INFO;34;Oracle.xe;Oracle.xe;andy-aaron;8052;0;;;;;;;;;;;;;;;;;;;;;;;;;;;INFORMATIONAL;generic;"<string>LENGTH: '680' ACTION :[429] 'select /*+ no_parallel(t) no_parallel_index(t) dbms_stats cursor_sharing_exact use_weak_name_resl dynamic_sampling(0) no_monitoring xmlindex_sel_idx_tbl opt_param('optimizer_inmemory_aware' 'false') no_substrb_pad leading(r t) use_nl(t) rowid(t) */ substrb(dump(t.""PROPERTY"",16,0,64),1,240) d_1738371530, r.rwid, r.freq from ""SYS"".""WRI$_ADV_TASKS"" t, table(:topntab) r where t.rowid = chartorowid(r.rwid) order by t.""PROPERTY""' DATABASE USER:[3] 'SYS' PRIVILEGE :[4] 'NONE' CLIENT USER:[0] '' CLIENT TERMINAL:[10] 'ANDY-AARON' STATUS:[1] '0' DBID:[10] '1689037571' SESSIONID:[6] '400403' USERHOST:[10] 'ANDY-AARON' CLIENT ADDRESS:[0] '' ACTION NUMBER:[1] '3' </string>"
windows_event;win_event;E:\Cours\TFE\experiments\phase_dataset_strengthening\processed\multiformat_balanced_20260910T094422Z\samples\windows_event.xml;;847;2025-08-23T14:05:11.721054+00:00;INFO;34;Oracle.xe;Oracle.xe;andy-aaron;8052;0;;;;;;;;;;;;;;;;;;;;;;;;;;;INFORMATIONAL;generic;"<string>LENGTH: '680' ACTION :[429] 'select /*+ no_parallel(t) no_parallel_index(t) dbms_stats cursor_sharing_exact use_weak_name_resl dynamic_sampling(0) no_monitoring xmlindex_sel_idx_tbl opt_param('optimizer_inmemory_aware' 'false') no_substrb_pad leading(r t) use_nl(t) rowid(t) */ substrb(dump(t.""PROPERTY"",16,0,64),1,240) d_1738371530, r.rwid, r.freq from ""SYS"".""WRI$_ADV_TASKS"" t, table(:topntab) r where t.rowid = chartorowid(r.rwid) order by t.""PROPERTY""' DATABASE USER:[3] 'SYS' PRIVILEGE :[4] 'NONE' CLIENT USER:[0] '' CLIENT TERMINAL:[10] 'ANDY-AARON' STATUS:[1] '0' DBID:[10] '1689037571' SESSIONID:[6] '400403' USERHOST:[10] 'ANDY-AARON' CLIENT ADDRESS:[0] '' ACTION NUMBER:[1] '3' </string>"
windows_event;win_event;E:\Cours\TFE\experiments\phase_dataset_strengthening\processed\multiformat_balanced_20260910T094422Z\samples\windows_event.xml;;848;2025-08-23T14:05:11.724009+00:00;INFO;34;Oracle.xe;Oracle.xe;andy-aaron;8052;0;;;;;;;;;;;;;;;;;;;;;;;;;;;INFORMATIONAL;generic;"<string>LENGTH: '686' ACTION :[435] 'select /*+ no_parallel(t) no_parallel_index(t) dbms_stats cursor_sharing_exact use_weak_name_resl dynamic_sampling(0) no_monitoring xmlindex_sel_idx_tbl opt_param('optimizer_inmemory_aware' 'false') no_substrb_pad leading(r t) use_nl(t) rowid(t) */ substrb(dump(t.""HOW_CREATED"",16,0,64),1,240) d_4264415911, r.rwid, r.freq from ""SYS"".""WRI$_ADV_TASKS"" t, table(:topntab) r where t.rowid = chartorowid(r.rwid) order by t.""HOW_CREATED""' DATABASE USER:[3] 'SYS' PRIVILEGE :[4] 'NONE' CLIENT USER:[0] '' CLIENT TERMINAL:[10] 'ANDY-AARON' STATUS:[1] '0' DBID:[10] '1689037571' SESSIONID:[6] '400403' USERHOST:[10] 'ANDY-AARON' CLIENT ADDRESS:[0] '' ACTION NUMBER:[1] '3' </string>"
windows_event;win_event;E:\Cours\TFE\experiments\phase_dataset_strengthening\processed\multiformat_balanced_20260910T094422Z\samples\windows_event.xml;;849;2025-08-23T14:05:11.729132+00:00;INFO;34;Oracle.xe;Oracle.xe;andy-aaron;8052;0;;;;;;;;;;;;;;;;;;;;;;;;;;;INFORMATIONAL;generic;"<string>LENGTH: '686' ACTION :[435] 'select /*+ no_parallel(t) no_parallel_index(t) dbms_stats cursor_sharing_exact use_weak_name_resl dynamic_sampling(0) no_monitoring xmlindex_sel_idx_tbl opt_param('optimizer_inmemory_aware' 'false') no_substrb_pad leading(r t) use_nl(t) rowid(t) */ substrb(dump(t.""HOW_CREATED"",16,0,64),1,240) d_4264415911, r.rwid, r.freq from ""SYS"".""WRI$_ADV_TASKS"" t, table(:topntab) r where t.rowid = chartorowid(r.rwid) order by t.""HOW_CREATED""' DATABASE USER:[3] 'SYS' PRIVILEGE :[4] 'NONE' CLIENT USER:[0] '' CLIENT TERMINAL:[10] 'ANDY-AARON' STATUS:[1] '0' DBID:[10] '1689037571' SESSIONID:[6] '400403' USERHOST:[10] 'ANDY-AARON' CLIENT ADDRESS:[0] '' ACTION NUMBER:[1] '3' </string>"
windows_event;win_event;E:\Cours\TFE\experiments\phase_dataset_strengthening\processed\multiformat_balanced_20260910T094422Z\samples\windows_event.xml;;850;2025-08-23T14:05:11.731195+00:00;INFO;34;Oracle.xe;Oracle.xe;andy-aaron;8052;0;;;;;;;;;;;;;;;;;;;;;;;;;;;INFORMATIONAL;generic;"<string>LENGTH: '720' ACTION :[469] 'select /*+ no_parallel(t) no_parallel_index(t) dbms_stats cursor_sharing_exact use_weak_name_resl dynamic_sampling(0) no_monitoring xmlindex_sel_idx_tbl opt_param('optimizer_inmemory_aware' 'false') no_substrb_pad leading(r t) use_nl(t) rowid(t) */ substrb(dump(substrb(t.""LAST_EXEC_NAME"",1,64),16,0,64),1,240) d_2986789370, r.rwid, r.freq from ""SYS"".""WRI$_ADV_TASKS"" t, table(:topntab) r where t.rowid = chartorowid(r.rwid) order by substrb(t.""LAST_EXEC_NAME"",1,64)' DATABASE USER:[3] 'SYS' PRIVILEGE :[4] 'NONE' CLIENT USER:[0] '' CLIENT TERMINAL:[10] 'ANDY-AARON' STATUS:[1] '0' DBID:[10] '1689037571' SESSIONID:[6] '400403' USERHOST:[10] 'ANDY-AARON' CLIENT ADDRESS:[0] '' ACTION NUMBER:[1] '3' </string>"
windows_event;win_event;E:\Cours\TFE\experiments\phase_dataset_strengthening\processed\multiformat_balanced_20260910T094422Z\samples\windows_event.xml;;851;2025-08-23T14:05:11.735504+00:00;INFO;34;Oracle.xe;Oracle.xe;andy-aaron;8052;0;;;;;;;;;;;;;;;;;;;;;;;;;;;INFORMATIONAL;generic;"<string>LENGTH: '720' ACTION :[469] 'select /*+ no_parallel(t) no_parallel_index(t) dbms_stats cursor_sharing_exact use_weak_name_resl dynamic_sampling(0) no_monitoring xmlindex_sel_idx_tbl opt_param('optimizer_inmemory_aware' 'false') no_substrb_pad leading(r t) use_nl(t) rowid(t) */ substrb(dump(substrb(t.""LAST_EXEC_NAME"",1,64),16,0,64),1,240) d_2986789370, r.rwid, r.freq from ""SYS"".""WRI$_ADV_TASKS"" t, table(:topntab) r where t.rowid = chartorowid(r.rwid) order by substrb(t.""LAST_EXEC_NAME"",1,64)' DATABASE USER:[3] 'SYS' PRIVILEGE :[4] 'NONE' CLIENT USER:[0] '' CLIENT TERMINAL:[10] 'ANDY-AARON' STATUS:[1] '0' DBID:[10] '1689037571' SESSIONID:[6] '400403' USERHOST:[10] 'ANDY-AARON' CLIENT ADDRESS:[0] '' ACTION NUMBER:[1] '3' </string>"
windows_event;win_event;E:\Cours\TFE\experiments\phase_dataset_strengthening\processed\multiformat_balanced_20260910T094422Z\samples\windows_event.xml;;852;2025-08-23T14:05:11.738440+00:00;INFO;34;Oracle.xe;Oracle.xe;andy-aaron;8052;0;;;;;;;;;;;;;;;;;;;;;;;;;;;INFORMATIONAL;generic;"<string>LENGTH: '676' ACTION :[425] 'select /*+ no_parallel(t) no_parallel_index(t) dbms_stats cursor_sharing_exact use_weak_name_resl dynamic_sampling(0) no_monitoring xmlindex_sel_idx_tbl opt_param('optimizer_inmemory_aware' 'false') no_substrb_pad leading(r t) use_nl(t) rowid(t) */ substrb(dump(t.""OWNER#"",16,0,64),1,240) d_1210682704, r.rwid, r.freq from ""SYS"".""WRI$_ADV_TASKS"" t, table(:topntab) r where t.rowid = chartorowid(r.rwid) order by t.""OWNER#""' DATABASE USER:[3] 'SYS' PRIVILEGE :[4] 'NONE' CLIENT USER:[0] '' CLIENT TERMINAL:[10] 'ANDY-AARON' STATUS:[1] '0' DBID:[10] '1689037571' SESSIONID:[6] '400403' USERHOST:[10] 'ANDY-AARON' CLIENT ADDRESS:[0] '' ACTION NUMBER:[1] '3' </string>"
windows_event;win_event;E:\Cours\TFE\experiments\phase_dataset_strengthening\processed\multiformat_balanced_20260910T094422Z\samples\windows_event.xml;;853;2025-08-23T14:05:11.743843+00:00;INFO;34;Oracle.xe;Oracle.xe;andy-aaron;8052;0;;;;;;;;;;;;;;;;;;;;;;;;;;;INFORMATIONAL;generic;"<string>LENGTH: '676' ACTION :[425] 'select /*+ no_parallel(t) no_parallel_index(t) dbms_stats cursor_sharing_exact use_weak_name_resl dynamic_sampling(0) no_monitoring xmlindex_sel_idx_tbl opt_param('optimizer_inmemory_aware' 'false') no_substrb_pad leading(r t) use_nl(t) rowid(t) */ substrb(dump(t.""OWNER#"",16,0,64),1,240) d_1210682704, r.rwid, r.freq from ""SYS"".""WRI$_ADV_TASKS"" t, table(:topntab) r where t.rowid = chartorowid(r.rwid) order by t.""OWNER#""' DATABASE USER:[3] 'SYS' PRIVILEGE :[4] 'NONE' CLIENT USER:[0] '' CLIENT TERMINAL:[10] 'ANDY-AARON' STATUS:[1] '0' DBID:[10] '1689037571' SESSIONID:[6] '400403' USERHOST:[10] 'ANDY-AARON' CLIENT ADDRESS:[0] '' ACTION NUMBER:[1] '3' </string>"
windows_event;win_event;E:\Cours\TFE\experiments\phase_dataset_strengthening\processed\multiformat_balanced_20260910T094422Z\samples\windows_event.xml;;854;2025-08-23T14:05:11.745775+00:00;INFO;34;Oracle.xe;Oracle.xe;andy-aaron;8052;0;;;;;;;;;;;;;;;;;;;;;;;;;;;INFORMATIONAL;generic;"<string>LENGTH: '712' ACTION :[461] 'select /*+ no_parallel(t) no_parallel_index(t) dbms_stats cursor_sharing_exact use_weak_name_resl dynamic_sampling(0) no_monitoring xmlindex_sel_idx_tbl opt_param('optimizer_inmemory_aware' 'false') no_substrb_pad leading(r t) use_nl(t) rowid(t) */ substrb(dump(substrb(t.""OWNER_NAME"",1,64),16,0,64),1,240) d_2880690580, r.rwid, r.freq from ""SYS"".""WRI$_ADV_TASKS"" t, table(:topntab) r where t.rowid = chartorowid(r.rwid) order by substrb(t.""OWNER_NAME"",1,64)' DATABASE USER:[3] 'SYS' PRIVILEGE :[4] 'NONE' CLIENT USER:[0] '' CLIENT TERMINAL:[10] 'ANDY-AARON' STATUS:[1] '0' DBID:[10] '1689037571' SESSIONID:[6] '400403' USERHOST:[10] 'ANDY-AARON' CLIENT ADDRESS:[0] '' ACTION NUMBER:[1] '3' </string>"
windows_event;win_event;E:\Cours\TFE\experiments\phase_dataset_strengthening\processed\multiformat_balanced_20260910T094422Z\samples\windows_event.xml;;855;2025-08-23T14:05:11.749931+00:00;INFO;34;Oracle.xe;Oracle.xe;andy-aaron;8052;0;;;;;;;;;;;;;;;;;;;;;;;;;;;INFORMATIONAL;generic;"<string>LENGTH: '712' ACTION :[461] 'select /*+ no_parallel(t) no_parallel_index(t) dbms_stats cursor_sharing_exact use_weak_name_resl dynamic_sampling(0) no_monitoring xmlindex_sel_idx_tbl opt_param('optimizer_inmemory_aware' 'false') no_substrb_pad leading(r t) use_nl(t) rowid(t) */ substrb(dump(substrb(t.""OWNER_NAME"",1,64),16,0,64),1,240) d_2880690580, r.rwid, r.freq from ""SYS"".""WRI$_ADV_TASKS"" t, table(:topntab) r where t.rowid = chartorowid(r.rwid) order by substrb(t.""OWNER_NAME"",1,64)' DATABASE USER:[3] 'SYS' PRIVILEGE :[4] 'NONE' CLIENT USER:[0] '' CLIENT TERMINAL:[10] 'ANDY-AARON' STATUS:[1] '0' DBID:[10] '1689037571' SESSIONID:[6] '400403' USERHOST:[10] 'ANDY-AARON' CLIENT ADDRESS:[0] '' ACTION NUMBER:[1] '3' </string>"
windows_event;win_event;E:\Cours\TFE\experiments\phase_dataset_strengthening\processed\multiformat_balanced_20260910T094422Z\samples\windows_event.xml;;856;2025-08-23T14:05:12.052990+00:00;INFO;34;Oracle.xe;Oracle.xe;andy-aaron;8052;0;;;;;;;;;;;;;;;;;;;;;;;;;;;INFORMATIONAL;generic;"<string>LENGTH: '680' ACTION :[429] 'select /*+ no_parallel(t) no_parallel_index(t) dbms_stats cursor_sharing_exact use_weak_name_resl dynamic_sampling(0) no_monitoring xmlindex_sel_idx_tbl opt_param('optimizer_inmemory_aware' 'false') no_substrb_pad leading(r t) use_nl(t) rowid(t) */ substrb(dump(t.""DBID"",16,0,64),1,240) d_3099381843, r.rwid, r.freq from ""SYS"".""WRH$_SYSMETRIC_HISTORY"" t, table(:topntab) r where t.rowid = chartorowid(r.rwid) order by t.""DBID""' DATABASE USER:[3] 'SYS' PRIVILEGE :[4] 'NONE' CLIENT USER:[0] '' CLIENT TERMINAL:[10] 'ANDY-AARON' STATUS:[1] '0' DBID:[10] '3074368596' SESSIONID:[6] '400276' USERHOST:[10] 'ANDY-AARON' CLIENT ADDRESS:[0] '' ACTION NUMBER:[1] '3' </string>"
windows_event;win_event;E:\Cours\TFE\experiments\phase_dataset_strengthening\processed\multiformat_balanced_20260910T094422Z\samples\windows_event.xml;;857;2025-08-23T14:05:12.057186+00:00;INFO;34;Oracle.xe;Oracle.xe;andy-aaron;8052;0;;;;;;;;;;;;;;;;;;;;;;;;;;;INFORMATIONAL;generic;"<string>LENGTH: '680' ACTION :[429] 'select /*+ no_parallel(t) no_parallel_index(t) dbms_stats cursor_sharing_exact use_weak_name_resl dynamic_sampling(0) no_monitoring xmlindex_sel_idx_tbl opt_param('optimizer_inmemory_aware' 'false') no_substrb_pad leading(r t) use_nl(t) rowid(t) */ substrb(dump(t.""DBID"",16,0,64),1,240) d_3099381843, r.rwid, r.freq from ""SYS"".""WRH$_SYSMETRIC_HISTORY"" t, table(:topntab) r where t.rowid = chartorowid(r.rwid) order by t.""DBID""' DATABASE USER:[3] 'SYS' PRIVILEGE :[4] 'NONE' CLIENT USER:[0] '' CLIENT TERMINAL:[10] 'ANDY-AARON' STATUS:[1] '0' DBID:[10] '3074368596' SESSIONID:[6] '400276' USERHOST:[10] 'ANDY-AARON' CLIENT ADDRESS:[0] '' ACTION NUMBER:[1] '3' </string>"
windows_event;win_event;E:\Cours\TFE\experiments\phase_dataset_strengthening\processed\multiformat_balanced_20260910T094422Z\samples\windows_event.xml;;858;2025-08-23T14:05:12.063419+00:00;INFO;34;Oracle.xe;Oracle.xe;andy-aaron;8052;0;;;;;;;;;;;;;;;;;;;;;;;;;;;INFORMATIONAL;generic;"<string>LENGTH: '674' ACTION :[423] 'select /*+ no_parallel(t) no_parallel_index(t) dbms_stats cursor_sharing_exact use_weak_name_resl dynamic_sampling(0) no_monitoring xmlindex_sel_idx_tbl opt_param('optimizer_inmemory_aware' 'false') no_substrb_pad leading(r t) use_nl(t) rowid(t) */ substrb(dump(t.""FLAGS"",16,0,64),1,240) d_2385161744, r.rwid, r.freq from ""SYS"".""SCHEDULER$_JOB"" t, table(:topntab) r where t.rowid = chartorowid(r.rwid) order by t.""FLAGS""' DATABASE USER:[3] 'SYS' PRIVILEGE :[4] 'NONE' CLIENT USER:[0] '' CLIENT TERMINAL:[10] 'ANDY-AARON' STATUS:[1] '0' DBID:[10] '1689037571' SESSIONID:[6] '400403' USERHOST:[10] 'ANDY-AARON' CLIENT ADDRESS:[0] '' ACTION NUMBER:[1] '3' </string>"
windows_event;win_event;E:\Cours\TFE\experiments\phase_dataset_strengthening\processed\multiformat_balanced_20260910T094422Z\samples\windows_event.xml;;859;2025-08-23T14:05:12.078362+00:00;INFO;34;Oracle.xe;Oracle.xe;andy-aaron;8052;0;;;;;;;;;;;;;;;;;;;;;;;;;;;INFORMATIONAL;generic;"<string>LENGTH: '674' ACTION :[423] 'select /*+ no_parallel(t) no_parallel_index(t) dbms_stats cursor_sharing_exact use_weak_name_resl dynamic_sampling(0) no_monitoring xmlindex_sel_idx_tbl opt_param('optimizer_inmemory_aware' 'false') no_substrb_pad leading(r t) use_nl(t) rowid(t) */ substrb(dump(t.""FLAGS"",16,0,64),1,240) d_2385161744, r.rwid, r.freq from ""SYS"".""SCHEDULER$_JOB"" t, table(:topntab) r where t.rowid = chartorowid(r.rwid) order by t.""FLAGS""' DATABASE USER:[3] 'SYS' PRIVILEGE :[4] 'NONE' CLIENT USER:[0] '' CLIENT TERMINAL:[10] 'ANDY-AARON' STATUS:[1] '0' DBID:[10] '1689037571' SESSIONID:[6] '400403' USERHOST:[10] 'ANDY-AARON' CLIENT ADDRESS:[0] '' ACTION NUMBER:[1] '3' </string>"
windows_event;win_event;E:\Cours\TFE\experiments\phase_dataset_strengthening\processed\multiformat_balanced_20260910T094422Z\samples\windows_event.xml;;860;2025-08-23T14:05:12.081884+00:00;INFO;34;Oracle.xe;Oracle.xe;andy-aaron;8052;0;;;;;;;;;;;;;;;;;;;;;;;;;;;INFORMATIONAL;generic;"<string>LENGTH: '687' ACTION :[436] 'select /*+ no_parallel(t) no_parallel_index(t) dbms_stats cursor_sharing_exact use_weak_name_resl dynamic_sampling(0) no_monitoring xmlindex_sel_idx_tbl opt_param('optimizer_inmemory_aware' 'false') no_substrb_pad leading(r t) use_nl(t) rowid(t) */ substrb(dump(t.""SYS_NC00059$"",16,0,64),1,240) d_776703314, r.rwid, r.freq from ""SYS"".""SCHEDULER$_JOB"" t, table(:topntab) r where t.rowid = chartorowid(r.rwid) order by t.""SYS_NC00059$""' DATABASE USER:[3] 'SYS' PRIVILEGE :[4] 'NONE' CLIENT USER:[0] '' CLIENT TERMINAL:[10] 'ANDY-AARON' STATUS:[1] '0' DBID:[10] '1689037571' SESSIONID:[6] '400403' USERHOST:[10] 'ANDY-AARON' CLIENT ADDRESS:[0] '' ACTION NUMBER:[1] '3' </string>"
windows_event;win_event;E:\Cours\TFE\experiments\phase_dataset_strengthening\processed\multiformat_balanced_20260910T094422Z\samples\windows_event.xml;;861;2025-08-23T14:05:12.088341+00:00;INFO;34;Oracle.xe;Oracle.xe;andy-aaron;8052;0;;;;;;;;;;;;;;;;;;;;;;;;;;;INFORMATIONAL;generic;"<string>LENGTH: '687' ACTION :[436] 'select /*+ no_parallel(t) no_parallel_index(t) dbms_stats cursor_sharing_exact use_weak_name_resl dynamic_sampling(0) no_monitoring xmlindex_sel_idx_tbl opt_param('optimizer_inmemory_aware' 'false') no_substrb_pad leading(r t) use_nl(t) rowid(t) */ substrb(dump(t.""SYS_NC00059$"",16,0,64),1,240) d_776703314, r.rwid, r.freq from ""SYS"".""SCHEDULER$_JOB"" t, table(:topntab) r where t.rowid = chartorowid(r.rwid) order by t.""SYS_NC00059$""' DATABASE USER:[3] 'SYS' PRIVILEGE :[4] 'NONE' CLIENT USER:[0] '' CLIENT TERMINAL:[10] 'ANDY-AARON' STATUS:[1] '0' DBID:[10] '1689037571' SESSIONID:[6] '400403' USERHOST:[10] 'ANDY-AARON' CLIENT ADDRESS:[0] '' ACTION NUMBER:[1] '3' </string>"
windows_event;win_event;E:\Cours\TFE\experiments\phase_dataset_strengthening\processed\multiformat_balanced_20260910T094422Z\samples\windows_event.xml;;862;2025-08-23T14:05:12.092081+00:00;INFO;34;Oracle.xe;Oracle.xe;andy-aaron;8052;0;;;;;;;;;;;;;;;;;;;;;;;;;;;INFORMATIONAL;generic;"<string>LENGTH: '686' ACTION :[435] 'select /*+ no_parallel(t) no_parallel_index(t) dbms_stats cursor_sharing_exact use_weak_name_resl dynamic_sampling(0) no_monitoring xmlindex_sel_idx_tbl opt_param('optimizer_inmemory_aware' 'false') no_substrb_pad leading(r t) use_nl(t) rowid(t) */ substrb(dump(t.""PROGRAM_OID"",16,0,64),1,240) d_1702322705, r.rwid, r.freq from ""SYS"".""SCHEDULER$_JOB"" t, table(:topntab) r where t.rowid = chartorowid(r.rwid) order by t.""PROGRAM_OID""' DATABASE USER:[3] 'SYS' PRIVILEGE :[4] 'NONE' CLIENT USER:[0] '' CLIENT TERMINAL:[10] 'ANDY-AARON' STATUS:[1] '0' DBID:[10] '1689037571' SESSIONID:[6] '400403' USERHOST:[10] 'ANDY-AARON' CLIENT ADDRESS:[0] '' ACTION NUMBER:[1] '3' </string>"
windows_event;win_event;E:\Cours\TFE\experiments\phase_dataset_strengthening\processed\multiformat_balanced_20260910T094422Z\samples\windows_event.xml;;863;2025-08-23T14:05:12.099121+00:00;INFO;34;Oracle.xe;Oracle.xe;andy-aaron;8052;0;;;;;;;;;;;;;;;;;;;;;;;;;;;INFORMATIONAL;generic;"<string>LENGTH: '686' ACTION :[435] 'select /*+ no_parallel(t) no_parallel_index(t) dbms_stats cursor_sharing_exact use_weak_name_resl dynamic_sampling(0) no_monitoring xmlindex_sel_idx_tbl opt_param('optimizer_inmemory_aware' 'false') no_substrb_pad leading(r t) use_nl(t) rowid(t) */ substrb(dump(t.""PROGRAM_OID"",16,0,64),1,240) d_1702322705, r.rwid, r.freq from ""SYS"".""SCHEDULER$_JOB"" t, table(:topntab) r where t.rowid = chartorowid(r.rwid) order by t.""PROGRAM_OID""' DATABASE USER:[3] 'SYS' PRIVILEGE :[4] 'NONE' CLIENT USER:[0] '' CLIENT TERMINAL:[10] 'ANDY-AARON' STATUS:[1] '0' DBID:[10] '1689037571' SESSIONID:[6] '400403' USERHOST:[10] 'ANDY-AARON' CLIENT ADDRESS:[0] '' ACTION NUMBER:[1] '3' </string>"
windows_event;win_event;E:\Cours\TFE\experiments\phase_dataset_strengthening\processed\multiformat_balanced_20260910T094422Z\samples\windows_event.xml;;864;2025-08-23T14:05:12.102552+00:00;INFO;34;Oracle.xe;Oracle.xe;andy-aaron;8052;0;;;;;;;;;;;;;;;;;;;;;;;;;;;INFORMATIONAL;generic;"<string>LENGTH: '686' ACTION :[435] 'select /*+ no_parallel(t) no_parallel_index(t) dbms_stats cursor_sharing_exact use_weak_name_resl dynamic_sampling(0) no_monitoring xmlindex_sel_idx_tbl opt_param('optimizer_inmemory_aware' 'false') no_substrb_pad leading(r t) use_nl(t) rowid(t) */ substrb(dump(t.""SCHEDULE_ID"",16,0,64),1,240) d_4134814722, r.rwid, r.freq from ""SYS"".""SCHEDULER$_JOB"" t, table(:topntab) r where t.rowid = chartorowid(r.rwid) order by t.""SCHEDULE_ID""' DATABASE USER:[3] 'SYS' PRIVILEGE :[4] 'NONE' CLIENT USER:[0] '' CLIENT TERMINAL:[10] 'ANDY-AARON' STATUS:[1] '0' DBID:[10] '1689037571' SESSIONID:[6] '400403' USERHOST:[10] 'ANDY-AARON' CLIENT ADDRESS:[0] '' ACTION NUMBER:[1] '3' </string>"
windows_event;win_event;E:\Cours\TFE\experiments\phase_dataset_strengthening\processed\multiformat_balanced_20260910T094422Z\samples\windows_event.xml;;865;2025-08-23T14:05:12.109314+00:00;INFO;34;Oracle.xe;Oracle.xe;andy-aaron;8052;0;;;;;;;;;;;;;;;;;;;;;;;;;;;INFORMATIONAL;generic;"<string>LENGTH: '686' ACTION :[435] 'select /*+ no_parallel(t) no_parallel_index(t) dbms_stats cursor_sharing_exact use_weak_name_resl dynamic_sampling(0) no_monitoring xmlindex_sel_idx_tbl opt_param('optimizer_inmemory_aware' 'false') no_substrb_pad leading(r t) use_nl(t) rowid(t) */ substrb(dump(t.""SCHEDULE_ID"",16,0,64),1,240) d_4134814722, r.rwid, r.freq from ""SYS"".""SCHEDULER$_JOB"" t, table(:topntab) r where t.rowid = chartorowid(r.rwid) order by t.""SCHEDULE_ID""' DATABASE USER:[3] 'SYS' PRIVILEGE :[4] 'NONE' CLIENT USER:[0] '' CLIENT TERMINAL:[10] 'ANDY-AARON' STATUS:[1] '0' DBID:[10] '1689037571' SESSIONID:[6] '400403' USERHOST:[10] 'ANDY-AARON' CLIENT ADDRESS:[0] '' ACTION NUMBER:[1] '3' </string>"
windows_event;win_event;E:\Cours\TFE\experiments\phase_dataset_strengthening\processed\multiformat_balanced_20260910T094422Z\samples\windows_event.xml;;866;2025-08-23T14:05:12.112661+00:00;INFO;34;Oracle.xe;Oracle.xe;andy-aaron;8052;0;;;;;;;;;;;;;;;;;;;;;;;;;;;INFORMATIONAL;generic;"<string>LENGTH: '681' ACTION :[430] 'select /*+ no_parallel(t) no_parallel_index(t) dbms_stats cursor_sharing_exact use_weak_name_resl dynamic_sampling(0) no_monitoring xmlindex_sel_idx_tbl opt_param('optimizer_inmemory_aware' 'false') no_substrb_pad leading(r t) use_nl(t) rowid(t) */ substrb(dump(t.""CLASS_OID"",16,0,64),1,240) d_619723507, r.rwid, r.freq from ""SYS"".""SCHEDULER$_JOB"" t, table(:topntab) r where t.rowid = chartorowid(r.rwid) order by t.""CLASS_OID""' DATABASE USER:[3] 'SYS' PRIVILEGE :[4] 'NONE' CLIENT USER:[0] '' CLIENT TERMINAL:[10] 'ANDY-AARON' STATUS:[1] '0' DBID:[10] '1689037571' SESSIONID:[6] '400403' USERHOST:[10] 'ANDY-AARON' CLIENT ADDRESS:[0] '' ACTION NUMBER:[1] '3' </string>"
windows_event;win_event;E:\Cours\TFE\experiments\phase_dataset_strengthening\processed\multiformat_balanced_20260910T094422Z\samples\windows_event.xml;;867;2025-08-23T14:05:12.118265+00:00;INFO;34;Oracle.xe;Oracle.xe;andy-aaron;8052;0;;;;;;;;;;;;;;;;;;;;;;;;;;;INFORMATIONAL;generic;"<string>LENGTH: '681' ACTION :[430] 'select /*+ no_parallel(t) no_parallel_index(t) dbms_stats cursor_sharing_exact use_weak_name_resl dynamic_sampling(0) no_monitoring xmlindex_sel_idx_tbl opt_param('optimizer_inmemory_aware' 'false') no_substrb_pad leading(r t) use_nl(t) rowid(t) */ substrb(dump(t.""CLASS_OID"",16,0,64),1,240) d_619723507, r.rwid, r.freq from ""SYS"".""SCHEDULER$_JOB"" t, table(:topntab) r where t.rowid = chartorowid(r.rwid) order by t.""CLASS_OID""' DATABASE USER:[3] 'SYS' PRIVILEGE :[4] 'NONE' CLIENT USER:[0] '' CLIENT TERMINAL:[10] 'ANDY-AARON' STATUS:[1] '0' DBID:[10] '1689037571' SESSIONID:[6] '400403' USERHOST:[10] 'ANDY-AARON' CLIENT ADDRESS:[0] '' ACTION NUMBER:[1] '3' </string>"
windows_event;win_event;E:\Cours\TFE\experiments\phase_dataset_strengthening\processed\multiformat_balanced_20260910T094422Z\samples\windows_event.xml;;868;2025-08-23T14:05:12.120415+00:00;INFO;34;Oracle.xe;Oracle.xe;andy-aaron;8052;0;;;;;;;;;;;;;;;;;;;;;;;;;;;INFORMATIONAL;generic;"<string>LENGTH: '682' ACTION :[431] 'select /*+ no_parallel(t) no_parallel_index(t) dbms_stats cursor_sharing_exact use_weak_name_resl dynamic_sampling(0) no_monitoring xmlindex_sel_idx_tbl opt_param('optimizer_inmemory_aware' 'false') no_substrb_pad leading(r t) use_nl(t) rowid(t) */ substrb(dump(t.""JOB_STATUS"",16,0,64),1,240) d_11037382, r.rwid, r.freq from ""SYS"".""SCHEDULER$_JOB"" t, table(:topntab) r where t.rowid = chartorowid(r.rwid) order by t.""JOB_STATUS""' DATABASE USER:[3] 'SYS' PRIVILEGE :[4] 'NONE' CLIENT USER:[0] '' CLIENT TERMINAL:[10] 'ANDY-AARON' STATUS:[1] '0' DBID:[10] '1689037571' SESSIONID:[6] '400403' USERHOST:[10] 'ANDY-AARON' CLIENT ADDRESS:[0] '' ACTION NUMBER:[1] '3' </string>"
windows_event;win_event;E:\Cours\TFE\experiments\phase_dataset_strengthening\processed\multiformat_balanced_20260910T094422Z\samples\windows_event.xml;;869;2025-08-23T14:05:12.138878+00:00;INFO;34;Oracle.xe;Oracle.xe;andy-aaron;8052;0;;;;;;;;;;;;;;;;;;;;;;;;;;;INFORMATIONAL;generic;"<string>LENGTH: '682' ACTION :[431] 'select /*+ no_parallel(t) no_parallel_index(t) dbms_stats cursor_sharing_exact use_weak_name_resl dynamic_sampling(0) no_monitoring xmlindex_sel_idx_tbl opt_param('optimizer_inmemory_aware' 'false') no_substrb_pad leading(r t) use_nl(t) rowid(t) */ substrb(dump(t.""JOB_STATUS"",16,0,64),1,240) d_11037382, r.rwid, r.freq from ""SYS"".""SCHEDULER$_JOB"" t, table(:topntab) r where t.rowid = chartorowid(r.rwid) order by t.""JOB_STATUS""' DATABASE USER:[3] 'SYS' PRIVILEGE :[4] 'NONE' CLIENT USER:[0] '' CLIENT TERMINAL:[10] 'ANDY-AARON' STATUS:[1] '0' DBID:[10] '1689037571' SESSIONID:[6] '400403' USERHOST:[10] 'ANDY-AARON' CLIENT ADDRESS:[0] '' ACTION NUMBER:[1] '3' </string>"
windows_event;win_event;E:\Cours\TFE\experiments\phase_dataset_strengthening\processed\multiformat_balanced_20260910T094422Z\samples\windows_event.xml;;870;2025-08-23T14:05:12.142220+00:00;INFO;34;Oracle.xe;Oracle.xe;andy-aaron;8052;0;;;;;;;;;;;;;;;;;;;;;;;;;;;INFORMATIONAL;generic;"<string>LENGTH: '687' ACTION :[436] 'select /*+ no_parallel(t) no_parallel_index(t) dbms_stats cursor_sharing_exact use_weak_name_resl dynamic_sampling(0) no_monitoring xmlindex_sel_idx_tbl opt_param('optimizer_inmemory_aware' 'false') no_substrb_pad leading(r t) use_nl(t) rowid(t) */ substrb(dump(t.""SYS_NC00060$"",16,0,64),1,240) d_337702282, r.rwid, r.freq from ""SYS"".""SCHEDULER$_JOB"" t, table(:topntab) r where t.rowid = chartorowid(r.rwid) order by t.""SYS_NC00060$""' DATABASE USER:[3] 'SYS' PRIVILEGE :[4] 'NONE' CLIENT USER:[0] '' CLIENT TERMINAL:[10] 'ANDY-AARON' STATUS:[1] '0' DBID:[10] '1689037571' SESSIONID:[6] '400403' USERHOST:[10] 'ANDY-AARON' CLIENT ADDRESS:[0] '' ACTION NUMBER:[1] '3' </string>"
windows_event;win_event;E:\Cours\TFE\experiments\phase_dataset_strengthening\processed\multiformat_balanced_20260910T094422Z\samples\windows_event.xml;;871;2025-08-23T14:05:12.147558+00:00;INFO;34;Oracle.xe;Oracle.xe;andy-aaron;8052;0;;;;;;;;;;;;;;;;;;;;;;;;;;;INFORMATIONAL;generic;"<string>LENGTH: '687' ACTION :[436] 'select /*+ no_parallel(t) no_parallel_index(t) dbms_stats cursor_sharing_exact use_weak_name_resl dynamic_sampling(0) no_monitoring xmlindex_sel_idx_tbl opt_param('optimizer_inmemory_aware' 'false') no_substrb_pad leading(r t) use_nl(t) rowid(t) */ substrb(dump(t.""SYS_NC00060$"",16,0,64),1,240) d_337702282, r.rwid, r.freq from ""SYS"".""SCHEDULER$_JOB"" t, table(:topntab) r where t.rowid = chartorowid(r.rwid) order by t.""SYS_NC00060$""' DATABASE USER:[3] 'SYS' PRIVILEGE :[4] 'NONE' CLIENT USER:[0] '' CLIENT TERMINAL:[10] 'ANDY-AARON' STATUS:[1] '0' DBID:[10] '1689037571' SESSIONID:[6] '400403' USERHOST:[10] 'ANDY-AARON' CLIENT ADDRESS:[0] '' ACTION NUMBER:[1] '3' </string>"
windows_event;win_event;E:\Cours\TFE\experiments\phase_dataset_strengthening\processed\multiformat_balanced_20260910T094422Z\samples\windows_event.xml;;872;2025-08-23T14:05:12.510258+00:00;INFO;34;Oracle.xe;Oracle.xe;andy-aaron;8052;0;;;;;;;;;;;;;;;;;;;;;;;;;;;INFORMATIONAL;generic;"<string>LENGTH: '690' ACTION :[439] 'select /*+ no_parallel(t) no_parallel_index(t) dbms_stats cursor_sharing_exact use_weak_name_resl dynamic_sampling(0) no_monitoring xmlindex_sel_idx_tbl opt_param('optimizer_inmemory_aware' 'false') no_substrb_pad leading(r t) use_nl(t) rowid(t) */ substrb(dump(t.""DATABASE_ROLE"",16,0,64),1,240) d_2247232578, r.rwid, r.freq from ""SYS"".""SCHEDULER$_JOB"" t, table(:topntab) r where t.rowid = chartorowid(r.rwid) order by t.""DATABASE_ROLE""' DATABASE USER:[3] 'SYS' PRIVILEGE :[4] 'NONE' CLIENT USER:[0] '' CLIENT TERMINAL:[10] 'ANDY-AARON' STATUS:[1] '0' DBID:[10] '1689037571' SESSIONID:[6] '400403' USERHOST:[10] 'ANDY-AARON' CLIENT ADDRESS:[0] '' ACTION NUMBER:[1] '3' </string>"
windows_event;win_event;E:\Cours\TFE\experiments\phase_dataset_strengthening\processed\multiformat_balanced_20260910T094422Z\samples\windows_event.xml;;873;2025-08-23T14:05:12.517244+00:00;INFO;34;Oracle.xe;Oracle.xe;andy-aaron;8052;0;;;;;;;;;;;;;;;;;;;;;;;;;;;INFORMATIONAL;generic;"<string>LENGTH: '690' ACTION :[439] 'select /*+ no_parallel(t) no_parallel_index(t) dbms_stats cursor_sharing_exact use_weak_name_resl dynamic_sampling(0) no_monitoring xmlindex_sel_idx_tbl opt_param('optimizer_inmemory_aware' 'false') no_substrb_pad leading(r t) use_nl(t) rowid(t) */ substrb(dump(t.""DATABASE_ROLE"",16,0,64),1,240) d_2247232578, r.rwid, r.freq from ""SYS"".""SCHEDULER$_JOB"" t, table(:topntab) r where t.rowid = chartorowid(r.rwid) order by t.""DATABASE_ROLE""' DATABASE USER:[3] 'SYS' PRIVILEGE :[4] 'NONE' CLIENT USER:[0] '' CLIENT TERMINAL:[10] 'ANDY-AARON' STATUS:[1] '0' DBID:[10] '1689037571' SESSIONID:[6] '400403' USERHOST:[10] 'ANDY-AARON' CLIENT ADDRESS:[0] '' ACTION NUMBER:[1] '3' </string>"
windows_event;win_event;E:\Cours\TFE\experiments\phase_dataset_strengthening\processed\multiformat_balanced_20260910T094422Z\samples\windows_event.xml;;874;2025-08-23T14:05:12.520107+00:00;INFO;34;Oracle.xe;Oracle.xe;andy-aaron;8052;0;;;;;;;;;;;;;;;;;;;;;;;;;;;INFORMATIONAL;generic;"<string>LENGTH: '680' ACTION :[429] 'select /*+ no_parallel(t) no_parallel_index(t) dbms_stats cursor_sharing_exact use_weak_name_resl dynamic_sampling(0) no_monitoring xmlindex_sel_idx_tbl opt_param('optimizer_inmemory_aware' 'false') no_substrb_pad leading(r t) use_nl(t) rowid(t) */ substrb(dump(t.""DEST_OID"",16,0,64),1,240) d_2741052870, r.rwid, r.freq from ""SYS"".""SCHEDULER$_JOB"" t, table(:topntab) r where t.rowid = chartorowid(r.rwid) order by t.""DEST_OID""' DATABASE USER:[3] 'SYS' PRIVILEGE :[4] 'NONE' CLIENT USER:[0] '' CLIENT TERMINAL:[10] 'ANDY-AARON' STATUS:[1] '0' DBID:[10] '1689037571' SESSIONID:[6] '400403' USERHOST:[10] 'ANDY-AARON' CLIENT ADDRESS:[0] '' ACTION NUMBER:[1] '3' </string>"
windows_event;win_event;E:\Cours\TFE\experiments\phase_dataset_strengthening\processed\multiformat_balanced_20260910T094422Z\samples\windows_event.xml;;875;2025-08-23T14:05:12.526632+00:00;INFO;34;Oracle.xe;Oracle.xe;andy-aaron;8052;0;;;;;;;;;;;;;;;;;;;;;;;;;;;INFORMATIONAL;generic;"<string>LENGTH: '680' ACTION :[429] 'select /*+ no_parallel(t) no_parallel_index(t) dbms_stats cursor_sharing_exact use_weak_name_resl dynamic_sampling(0) no_monitoring xmlindex_sel_idx_tbl opt_param('optimizer_inmemory_aware' 'false') no_substrb_pad leading(r t) use_nl(t) rowid(t) */ substrb(dump(t.""DEST_OID"",16,0,64),1,240) d_2741052870, r.rwid, r.freq from ""SYS"".""SCHEDULER$_JOB"" t, table(:topntab) r where t.rowid = chartorowid(r.rwid) order by t.""DEST_OID""' DATABASE USER:[3] 'SYS' PRIVILEGE :[4] 'NONE' CLIENT USER:[0] '' CLIENT TERMINAL:[10] 'ANDY-AARON' STATUS:[1] '0' DBID:[10] '1689037571' SESSIONID:[6] '400403' USERHOST:[10] 'ANDY-AARON' CLIENT ADDRESS:[0] '' ACTION NUMBER:[1] '3' </string>"
windows_event;win_event;E:\Cours\TFE\experiments\phase_dataset_strengthening\processed\multiformat_balanced_20260910T094422Z\samples\windows_event.xml;;876;2025-08-23T14:05:12.529282+00:00;INFO;34;Oracle.xe;Oracle.xe;andy-aaron;8052;0;;;;;;;;;;;;;;;;;;;;;;;;;;;INFORMATIONAL;generic;"<string>LENGTH: '686' ACTION :[435] 'select /*+ no_parallel(t) no_parallel_index(t) dbms_stats cursor_sharing_exact use_weak_name_resl dynamic_sampling(0) no_monitoring xmlindex_sel_idx_tbl opt_param('optimizer_inmemory_aware' 'false') no_substrb_pad leading(r t) use_nl(t) rowid(t) */ substrb(dump(t.""INSTANCE_ID"",16,0,64),1,240) d_4161555161, r.rwid, r.freq from ""SYS"".""SCHEDULER$_JOB"" t, table(:topntab) r where t.rowid = chartorowid(r.rwid) order by t.""INSTANCE_ID""' DATABASE USER:[3] 'SYS' PRIVILEGE :[4] 'NONE' CLIENT USER:[0] '' CLIENT TERMINAL:[10] 'ANDY-AARON' STATUS:[1] '0' DBID:[10] '1689037571' SESSIONID:[6] '400403' USERHOST:[10] 'ANDY-AARON' CLIENT ADDRESS:[0] '' ACTION NUMBER:[1] '3' </string>"
windows_event;win_event;E:\Cours\TFE\experiments\phase_dataset_strengthening\processed\multiformat_balanced_20260910T094422Z\samples\windows_event.xml;;877;2025-08-23T14:05:12.535896+00:00;INFO;34;Oracle.xe;Oracle.xe;andy-aaron;8052;0;;;;;;;;;;;;;;;;;;;;;;;;;;;INFORMATIONAL;generic;"<string>LENGTH: '686' ACTION :[435] 'select /*+ no_parallel(t) no_parallel_index(t) dbms_stats cursor_sharing_exact use_weak_name_resl dynamic_sampling(0) no_monitoring xmlindex_sel_idx_tbl opt_param('optimizer_inmemory_aware' 'false') no_substrb_pad leading(r t) use_nl(t) rowid(t) */ substrb(dump(t.""INSTANCE_ID"",16,0,64),1,240) d_4161555161, r.rwid, r.freq from ""SYS"".""SCHEDULER$_JOB"" t, table(:topntab) r where t.rowid = chartorowid(r.rwid) order by t.""INSTANCE_ID""' DATABASE USER:[3] 'SYS' PRIVILEGE :[4] 'NONE' CLIENT USER:[0] '' CLIENT TERMINAL:[10] 'ANDY-AARON' STATUS:[1] '0' DBID:[10] '1689037571' SESSIONID:[6] '400403' USERHOST:[10] 'ANDY-AARON' CLIENT ADDRESS:[0] '' ACTION NUMBER:[1] '3' </string>"
windows_event;win_event;E:\Cours\TFE\experiments\phase_dataset_strengthening\processed\multiformat_balanced_20260910T094422Z\samples\windows_event.xml;;878;2025-08-23T14:05:12.538330+00:00;INFO;34;Oracle.xe;Oracle.xe;andy-aaron;8052;0;;;;;;;;;;;;;;;;;;;;;;;;;;;INFORMATIONAL;generic;"<string>LENGTH: '686' ACTION :[435] 'select /*+ no_parallel(t) no_parallel_index(t) dbms_stats cursor_sharing_exact use_weak_name_resl dynamic_sampling(0) no_monitoring xmlindex_sel_idx_tbl opt_param('optimizer_inmemory_aware' 'false') no_substrb_pad leading(r t) use_nl(t) rowid(t) */ substrb(dump(t.""JOB_DEST_ID"",16,0,64),1,240) d_1518786546, r.rwid, r.freq from ""SYS"".""SCHEDULER$_JOB"" t, table(:topntab) r where t.rowid = chartorowid(r.rwid) order by t.""JOB_DEST_ID""' DATABASE USER:[3] 'SYS' PRIVILEGE :[4] 'NONE' CLIENT USER:[0] '' CLIENT TERMINAL:[10] 'ANDY-AARON' STATUS:[1] '0' DBID:[10] '1689037571' SESSIONID:[6] '400403' USERHOST:[10] 'ANDY-AARON' CLIENT ADDRESS:[0] '' ACTION NUMBER:[1] '3' </string>"
windows_event;win_event;E:\Cours\TFE\experiments\phase_dataset_strengthening\processed\multiformat_balanced_20260910T094422Z\samples\windows_event.xml;;879;2025-08-23T14:05:12.543972+00:00;INFO;34;Oracle.xe;Oracle.xe;andy-aaron;8052;0;;;;;;;;;;;;;;;;;;;;;;;;;;;INFORMATIONAL;generic;"<string>LENGTH: '686' ACTION :[435] 'select /*+ no_parallel(t) no_parallel_index(t) dbms_stats cursor_sharing_exact use_weak_name_resl dynamic_sampling(0) no_monitoring xmlindex_sel_idx_tbl opt_param('optimizer_inmemory_aware' 'false') no_substrb_pad leading(r t) use_nl(t) rowid(t) */ substrb(dump(t.""JOB_DEST_ID"",16,0,64),1,240) d_1518786546, r.rwid, r.freq from ""SYS"".""SCHEDULER$_JOB"" t, table(:topntab) r where t.rowid = chartorowid(r.rwid) order by t.""JOB_DEST_ID""' DATABASE USER:[3] 'SYS' PRIVILEGE :[4] 'NONE' CLIENT USER:[0] '' CLIENT TERMINAL:[10] 'ANDY-AARON' STATUS:[1] '0' DBID:[10] '1689037571' SESSIONID:[6] '400403' USERHOST:[10] 'ANDY-AARON' CLIENT ADDRESS:[0] '' ACTION NUMBER:[1] '3' </string>"
windows_event;win_event;E:\Cours\TFE\experiments\phase_dataset_strengthening\processed\multiformat_balanced_20260910T094422Z\samples\windows_event.xml;;880;2025-08-23T14:05:12.852757+00:00;INFO;34;Oracle.xe;Oracle.xe;andy-aaron;8052;0;;;;;;;;;;;;;;;;;;;;;;;;;;;INFORMATIONAL;generic;"<string>LENGTH: '688' ACTION :[437] 'select /*+ no_parallel(t) no_parallel_index(t) dbms_stats cursor_sharing_exact use_weak_name_resl dynamic_sampling(0) no_monitoring xmlindex_sel_idx_tbl opt_param('optimizer_inmemory_aware' 'false') no_substrb_pad leading(r t) use_nl(t) rowid(t) */ substrb(dump(t.""POSITION"",16,0,64),1,240) d_826254590, r.rwid, r.freq from ""SYS"".""SCHEDULER$_JOB_ARGUMENT"" t, table(:topntab) r where t.rowid = chartorowid(r.rwid) order by t.""POSITION""' DATABASE USER:[3] 'SYS' PRIVILEGE :[4] 'NONE' CLIENT USER:[0] '' CLIENT TERMINAL:[10] 'ANDY-AARON' STATUS:[1] '0' DBID:[10] '1689037571' SESSIONID:[6] '400403' USERHOST:[10] 'ANDY-AARON' CLIENT ADDRESS:[0] '' ACTION NUMBER:[1] '3' </string>"
windows_event;win_event;E:\Cours\TFE\experiments\phase_dataset_strengthening\processed\multiformat_balanced_20260910T094422Z\samples\windows_event.xml;;881;2025-08-23T14:05:12.859207+00:00;INFO;34;Oracle.xe;Oracle.xe;andy-aaron;8052;0;;;;;;;;;;;;;;;;;;;;;;;;;;;INFORMATIONAL;generic;"<string>LENGTH: '688' ACTION :[437] 'select /*+ no_parallel(t) no_parallel_index(t) dbms_stats cursor_sharing_exact use_weak_name_resl dynamic_sampling(0) no_monitoring xmlindex_sel_idx_tbl opt_param('optimizer_inmemory_aware' 'false') no_substrb_pad leading(r t) use_nl(t) rowid(t) */ substrb(dump(t.""POSITION"",16,0,64),1,240) d_826254590, r.rwid, r.freq from ""SYS"".""SCHEDULER$_JOB_ARGUMENT"" t, table(:topntab) r where t.rowid = chartorowid(r.rwid) order by t.""POSITION""' DATABASE USER:[3] 'SYS' PRIVILEGE :[4] 'NONE' CLIENT USER:[0] '' CLIENT TERMINAL:[10] 'ANDY-AARON' STATUS:[1] '0' DBID:[10] '1689037571' SESSIONID:[6] '400403' USERHOST:[10] 'ANDY-AARON' CLIENT ADDRESS:[0] '' ACTION NUMBER:[1] '3' </string>"
windows_event;win_event;E:\Cours\TFE\experiments\phase_dataset_strengthening\processed\multiformat_balanced_20260910T094422Z\samples\windows_event.xml;;882;2025-08-23T14:05:12.862349+00:00;INFO;34;Oracle.xe;Oracle.xe;andy-aaron;8052;0;;;;;;;;;;;;;;;;;;;;;;;;;;;INFORMATIONAL;generic;"<string>LENGTH: '679' ACTION :[428] 'select /*+ no_parallel(t) no_parallel_index(t) dbms_stats cursor_sharing_exact use_weak_name_resl dynamic_sampling(0) no_monitoring xmlindex_sel_idx_tbl opt_param('optimizer_inmemory_aware' 'false') no_substrb_pad leading(r t) use_nl(t) rowid(t) */ substrb(dump(t.""OID"",16,0,64),1,240) d_4058434651, r.rwid, r.freq from ""SYS"".""SCHEDULER$_JOB_ARGUMENT"" t, table(:topntab) r where t.rowid = chartorowid(r.rwid) order by t.""OID""' DATABASE USER:[3] 'SYS' PRIVILEGE :[4] 'NONE' CLIENT USER:[0] '' CLIENT TERMINAL:[10] 'ANDY-AARON' STATUS:[1] '0' DBID:[10] '1689037571' SESSIONID:[6] '400403' USERHOST:[10] 'ANDY-AARON' CLIENT ADDRESS:[0] '' ACTION NUMBER:[1] '3' </string>"
windows_event;win_event;E:\Cours\TFE\experiments\phase_dataset_strengthening\processed\multiformat_balanced_20260910T094422Z\samples\windows_event.xml;;883;2025-08-23T14:05:12.868805+00:00;INFO;34;Oracle.xe;Oracle.xe;andy-aaron;8052;0;;;;;;;;;;;;;;;;;;;;;;;;;;;INFORMATIONAL;generic;"<string>LENGTH: '679' ACTION :[428] 'select /*+ no_parallel(t) no_parallel_index(t) dbms_stats cursor_sharing_exact use_weak_name_resl dynamic_sampling(0) no_monitoring xmlindex_sel_idx_tbl opt_param('optimizer_inmemory_aware' 'false') no_substrb_pad leading(r t) use_nl(t) rowid(t) */ substrb(dump(t.""OID"",16,0,64),1,240) d_4058434651, r.rwid, r.freq from ""SYS"".""SCHEDULER$_JOB_ARGUMENT"" t, table(:topntab) r where t.rowid = chartorowid(r.rwid) order by t.""OID""' DATABASE USER:[3] 'SYS' PRIVILEGE :[4] 'NONE' CLIENT USER:[0] '' CLIENT TERMINAL:[10] 'ANDY-AARON' STATUS:[1] '0' DBID:[10] '1689037571' SESSIONID:[6] '400403' USERHOST:[10] 'ANDY-AARON' CLIENT ADDRESS:[0] '' ACTION NUMBER:[1] '3' </string>"
windows_event;win_event;E:\Cours\TFE\experiments\phase_dataset_strengthening\processed\multiformat_balanced_20260910T094422Z\samples\windows_event.xml;;884;2025-08-23T14:05:13.181019+00:00;INFO;34;Oracle.xe;Oracle.xe;andy-aaron;8052;0;;;;;;;;;;;;;;;;;;;;;;;;;;;INFORMATIONAL;generic;"<string>LENGTH: '685' ACTION :[434] 'select /*+ no_parallel(t) no_parallel_index(t) dbms_stats cursor_sharing_exact use_weak_name_resl dynamic_sampling(0) no_monitoring xmlindex_sel_idx_tbl opt_param('optimizer_inmemory_aware' 'false') no_substrb_pad leading(r t) use_nl(t) rowid(t) */ substrb(dump(t.""CLIENT_ID"",16,0,64),1,240) d_2916467659, r.rwid, r.freq from ""SYS"".""KET$_CLIENT_TASKS"" t, table(:topntab) r where t.rowid = chartorowid(r.rwid) order by t.""CLIENT_ID""' DATABASE USER:[3] 'SYS' PRIVILEGE :[4] 'NONE' CLIENT USER:[0] '' CLIENT TERMINAL:[10] 'ANDY-AARON' STATUS:[1] '0' DBID:[10] '1689037571' SESSIONID:[6] '400403' USERHOST:[10] 'ANDY-AARON' CLIENT ADDRESS:[0] '' ACTION NUMBER:[1] '3' </string>"
windows_event;win_event;E:\Cours\TFE\experiments\phase_dataset_strengthening\processed\multiformat_balanced_20260910T094422Z\samples\windows_event.xml;;885;2025-08-23T14:05:13.186829+00:00;INFO;34;Oracle.xe;Oracle.xe;andy-aaron;8052;0;;;;;;;;;;;;;;;;;;;;;;;;;;;INFORMATIONAL;generic;"<string>LENGTH: '685' ACTION :[434] 'select /*+ no_parallel(t) no_parallel_index(t) dbms_stats cursor_sharing_exact use_weak_name_resl dynamic_sampling(0) no_monitoring xmlindex_sel_idx_tbl opt_param('optimizer_inmemory_aware' 'false') no_substrb_pad leading(r t) use_nl(t) rowid(t) */ substrb(dump(t.""CLIENT_ID"",16,0,64),1,240) d_2916467659, r.rwid, r.freq from ""SYS"".""KET$_CLIENT_TASKS"" t, table(:topntab) r where t.rowid = chartorowid(r.rwid) order by t.""CLIENT_ID""' DATABASE USER:[3] 'SYS' PRIVILEGE :[4] 'NONE' CLIENT USER:[0] '' CLIENT TERMINAL:[10] 'ANDY-AARON' STATUS:[1] '0' DBID:[10] '1689037571' SESSIONID:[6] '400403' USERHOST:[10] 'ANDY-AARON' CLIENT ADDRESS:[0] '' ACTION NUMBER:[1] '3' </string>"
windows_event;win_event;E:\Cours\TFE\experiments\phase_dataset_strengthening\processed\multiformat_balanced_20260910T094422Z\samples\windows_event.xml;;886;2025-08-23T14:05:13.190659+00:00;INFO;34;Oracle.xe;Oracle.xe;andy-aaron;8052;0;;;;;;;;;;;;;;;;;;;;;;;;;;;INFORMATIONAL;generic;"<string>LENGTH: '721' ACTION :[470] 'select /*+ no_parallel(t) no_parallel_index(t) dbms_stats cursor_sharing_exact use_weak_name_resl dynamic_sampling(0) no_monitoring xmlindex_sel_idx_tbl opt_param('optimizer_inmemory_aware' 'false') no_substrb_pad leading(r t) use_nl(t) rowid(t) */ substrb(dump(substrb(t.""CURR_JOB_NAME"",1,64),16,0,64),1,240) d_3611566683, r.rwid, r.freq from ""SYS"".""KET$_CLIENT_TASKS"" t, table(:topntab) r where t.rowid = chartorowid(r.rwid) order by substrb(t.""CURR_JOB_NAME"",1,64)' DATABASE USER:[3] 'SYS' PRIVILEGE :[4] 'NONE' CLIENT USER:[0] '' CLIENT TERMINAL:[10] 'ANDY-AARON' STATUS:[1] '0' DBID:[10] '1689037571' SESSIONID:[6] '400403' USERHOST:[10] 'ANDY-AARON' CLIENT ADDRESS:[0] '' ACTION NUMBER:[1] '3' </string>"
windows_event;win_event;E:\Cours\TFE\experiments\phase_dataset_strengthening\processed\multiformat_balanced_20260910T094422Z\samples\windows_event.xml;;887;2025-08-23T14:05:13.198498+00:00;INFO;34;Oracle.xe;Oracle.xe;andy-aaron;8052;0;;;;;;;;;;;;;;;;;;;;;;;;;;;INFORMATIONAL;generic;"<string>LENGTH: '721' ACTION :[470] 'select /*+ no_parallel(t) no_parallel_index(t) dbms_stats cursor_sharing_exact use_weak_name_resl dynamic_sampling(0) no_monitoring xmlindex_sel_idx_tbl opt_param('optimizer_inmemory_aware' 'false') no_substrb_pad leading(r t) use_nl(t) rowid(t) */ substrb(dump(substrb(t.""CURR_JOB_NAME"",1,64),16,0,64),1,240) d_3611566683, r.rwid, r.freq from ""SYS"".""KET$_CLIENT_TASKS"" t, table(:topntab) r where t.rowid = chartorowid(r.rwid) order by substrb(t.""CURR_JOB_NAME"",1,64)' DATABASE USER:[3] 'SYS' PRIVILEGE :[4] 'NONE' CLIENT USER:[0] '' CLIENT TERMINAL:[10] 'ANDY-AARON' STATUS:[1] '0' DBID:[10] '1689037571' SESSIONID:[6] '400403' USERHOST:[10] 'ANDY-AARON' CLIENT ADDRESS:[0] '' ACTION NUMBER:[1] '3' </string>"
windows_event;win_event;E:\Cours\TFE\experiments\phase_dataset_strengthening\processed\multiformat_balanced_20260910T094422Z\samples\windows_event.xml;;888;2025-08-23T14:05:13.201862+00:00;INFO;34;Oracle.xe;Oracle.xe;andy-aaron;8052;0;;;;;;;;;;;;;;;;;;;;;;;;;;;INFORMATIONAL;generic;"<string>LENGTH: '717' ACTION :[466] 'select /*+ no_parallel(t) no_parallel_index(t) dbms_stats cursor_sharing_exact use_weak_name_resl dynamic_sampling(0) no_monitoring xmlindex_sel_idx_tbl opt_param('optimizer_inmemory_aware' 'false') no_substrb_pad leading(r t) use_nl(t) rowid(t) */ substrb(dump(substrb(t.""TARGET_NAME"",1,64),16,0,64),1,240) d_2528797074, r.rwid, r.freq from ""SYS"".""KET$_CLIENT_TASKS"" t, table(:topntab) r where t.rowid = chartorowid(r.rwid) order by substrb(t.""TARGET_NAME"",1,64)' DATABASE USER:[3] 'SYS' PRIVILEGE :[4] 'NONE' CLIENT USER:[0] '' CLIENT TERMINAL:[10] 'ANDY-AARON' STATUS:[1] '0' DBID:[10] '1689037571' SESSIONID:[6] '400403' USERHOST:[10] 'ANDY-AARON' CLIENT ADDRESS:[0] '' ACTION NUMBER:[1] '3' </string>"
windows_event;win_event;E:\Cours\TFE\experiments\phase_dataset_strengthening\processed\multiformat_balanced_20260910T094422Z\samples\windows_event.xml;;889;2025-08-23T14:05:13.207325+00:00;INFO;34;Oracle.xe;Oracle.xe;andy-aaron;8052;0;;;;;;;;;;;;;;;;;;;;;;;;;;;INFORMATIONAL;generic;"<string>LENGTH: '717' ACTION :[466] 'select /*+ no_parallel(t) no_parallel_index(t) dbms_stats cursor_sharing_exact use_weak_name_resl dynamic_sampling(0) no_monitoring xmlindex_sel_idx_tbl opt_param('optimizer_inmemory_aware' 'false') no_substrb_pad leading(r t) use_nl(t) rowid(t) */ substrb(dump(substrb(t.""TARGET_NAME"",1,64),16,0,64),1,240) d_2528797074, r.rwid, r.freq from ""SYS"".""KET$_CLIENT_TASKS"" t, table(:topntab) r where t.rowid = chartorowid(r.rwid) order by substrb(t.""TARGET_NAME"",1,64)' DATABASE USER:[3] 'SYS' PRIVILEGE :[4] 'NONE' CLIENT USER:[0] '' CLIENT TERMINAL:[10] 'ANDY-AARON' STATUS:[1] '0' DBID:[10] '1689037571' SESSIONID:[6] '400403' USERHOST:[10] 'ANDY-AARON' CLIENT ADDRESS:[0] '' ACTION NUMBER:[1] '3' </string>"
windows_event;win_event;E:\Cours\TFE\experiments\phase_dataset_strengthening\processed\multiformat_balanced_20260910T094422Z\samples\windows_event.xml;;890;2025-08-23T14:05:13.209557+00:00;INFO;34;Oracle.xe;Oracle.xe;andy-aaron;8052;0;;;;;;;;;;;;;;;;;;;;;;;;;;;INFORMATIONAL;generic;"<string>LENGTH: '689' ACTION :[438] 'select /*+ no_parallel(t) no_parallel_index(t) dbms_stats cursor_sharing_exact use_weak_name_resl dynamic_sampling(0) no_monitoring xmlindex_sel_idx_tbl opt_param('optimizer_inmemory_aware' 'false') no_substrb_pad leading(r t) use_nl(t) rowid(t) */ substrb(dump(t.""TARGET_TYPE"",16,0,64),1,240) d_1850980517, r.rwid, r.freq from ""SYS"".""KET$_CLIENT_TASKS"" t, table(:topntab) r where t.rowid = chartorowid(r.rwid) order by t.""TARGET_TYPE""' DATABASE USER:[3] 'SYS' PRIVILEGE :[4] 'NONE' CLIENT USER:[0] '' CLIENT TERMINAL:[10] 'ANDY-AARON' STATUS:[1] '0' DBID:[10] '1689037571' SESSIONID:[6] '400403' USERHOST:[10] 'ANDY-AARON' CLIENT ADDRESS:[0] '' ACTION NUMBER:[1] '3' </string>"
windows_event;win_event;E:\Cours\TFE\experiments\phase_dataset_strengthening\processed\multiformat_balanced_20260910T094422Z\samples\windows_event.xml;;891;2025-08-23T14:05:13.213730+00:00;INFO;34;Oracle.xe;Oracle.xe;andy-aaron;8052;0;;;;;;;;;;;;;;;;;;;;;;;;;;;INFORMATIONAL;generic;"<string>LENGTH: '689' ACTION :[438] 'select /*+ no_parallel(t) no_parallel_index(t) dbms_stats cursor_sharing_exact use_weak_name_resl dynamic_sampling(0) no_monitoring xmlindex_sel_idx_tbl opt_param('optimizer_inmemory_aware' 'false') no_substrb_pad leading(r t) use_nl(t) rowid(t) */ substrb(dump(t.""TARGET_TYPE"",16,0,64),1,240) d_1850980517, r.rwid, r.freq from ""SYS"".""KET$_CLIENT_TASKS"" t, table(:topntab) r where t.rowid = chartorowid(r.rwid) order by t.""TARGET_TYPE""' DATABASE USER:[3] 'SYS' PRIVILEGE :[4] 'NONE' CLIENT USER:[0] '' CLIENT TERMINAL:[10] 'ANDY-AARON' STATUS:[1] '0' DBID:[10] '1689037571' SESSIONID:[6] '400403' USERHOST:[10] 'ANDY-AARON' CLIENT ADDRESS:[0] '' ACTION NUMBER:[1] '3' </string>"
windows_event;win_event;E:\Cours\TFE\experiments\phase_dataset_strengthening\processed\multiformat_balanced_20260910T094422Z\samples\windows_event.xml;;892;2025-08-23T14:05:13.215607+00:00;INFO;34;Oracle.xe;Oracle.xe;andy-aaron;8052;0;;;;;;;;;;;;;;;;;;;;;;;;;;;INFORMATIONAL;generic;"<string>LENGTH: '691' ACTION :[440] 'select /*+ no_parallel(t) no_parallel_index(t) dbms_stats cursor_sharing_exact use_weak_name_resl dynamic_sampling(0) no_monitoring xmlindex_sel_idx_tbl opt_param('optimizer_inmemory_aware' 'false') no_substrb_pad leading(r t) use_nl(t) rowid(t) */ substrb(dump(t.""OPERATION_ID"",16,0,64),1,240) d_3434013054, r.rwid, r.freq from ""SYS"".""KET$_CLIENT_TASKS"" t, table(:topntab) r where t.rowid = chartorowid(r.rwid) order by t.""OPERATION_ID""' DATABASE USER:[3] 'SYS' PRIVILEGE :[4] 'NONE' CLIENT USER:[0] '' CLIENT TERMINAL:[10] 'ANDY-AARON' STATUS:[1] '0' DBID:[10] '1689037571' SESSIONID:[6] '400403' USERHOST:[10] 'ANDY-AARON' CLIENT ADDRESS:[0] '' ACTION NUMBER:[1] '3' </string>"
windows_event;win_event;E:\Cours\TFE\experiments\phase_dataset_strengthening\processed\multiformat_balanced_20260910T094422Z\samples\windows_event.xml;;893;2025-08-23T14:05:13.219330+00:00;INFO;34;Oracle.xe;Oracle.xe;andy-aaron;8052;0;;;;;;;;;;;;;;;;;;;;;;;;;;;INFORMATIONAL;generic;"<string>LENGTH: '691' ACTION :[440] 'select /*+ no_parallel(t) no_parallel_index(t) dbms_stats cursor_sharing_exact use_weak_name_resl dynamic_sampling(0) no_monitoring xmlindex_sel_idx_tbl opt_param('optimizer_inmemory_aware' 'false') no_substrb_pad leading(r t) use_nl(t) rowid(t) */ substrb(dump(t.""OPERATION_ID"",16,0,64),1,240) d_3434013054, r.rwid, r.freq from ""SYS"".""KET$_CLIENT_TASKS"" t, table(:topntab) r where t.rowid = chartorowid(r.rwid) order by t.""OPERATION_ID""' DATABASE USER:[3] 'SYS' PRIVILEGE :[4] 'NONE' CLIENT USER:[0] '' CLIENT TERMINAL:[10] 'ANDY-AARON' STATUS:[1] '0' DBID:[10] '1689037571' SESSIONID:[6] '400403' USERHOST:[10] 'ANDY-AARON' CLIENT ADDRESS:[0] '' ACTION NUMBER:[1] '3' </string>"
windows_event;win_event;E:\Cours\TFE\experiments\phase_dataset_strengthening\processed\multiformat_balanced_20260910T094422Z\samples\windows_event.xml;;894;2025-08-23T14:05:13.841009+00:00;INFO;34;Oracle.xe;Oracle.xe;andy-aaron;8052;0;;;;;;;;;;;;;;;;;;;;;;;;;;;INFORMATIONAL;generic;"<string>LENGTH: '683' ACTION :[432] 'select /*+ no_parallel(t) no_parallel_index(t) dbms_stats cursor_sharing_exact use_weak_name_resl dynamic_sampling(0) no_monitoring xmlindex_sel_idx_tbl opt_param('optimizer_inmemory_aware' 'false') no_substrb_pad leading(r t) use_nl(t) rowid(t) */ substrb(dump(t.""ATSKID"",16,0,64),1,240) d_158157838, r.rwid, r.freq from ""SYS"".""ATSK$_SCHEDULE_CONTROL"" t, table(:topntab) r where t.rowid = chartorowid(r.rwid) order by t.""ATSKID""' DATABASE USER:[3] 'SYS' PRIVILEGE :[4] 'NONE' CLIENT USER:[0] '' CLIENT TERMINAL:[10] 'ANDY-AARON' STATUS:[1] '0' DBID:[10] '1689037571' SESSIONID:[6] '400403' USERHOST:[10] 'ANDY-AARON' CLIENT ADDRESS:[0] '' ACTION NUMBER:[1] '3' </string>"
windows_event;win_event;E:\Cours\TFE\experiments\phase_dataset_strengthening\processed\multiformat_balanced_20260910T094422Z\samples\windows_event.xml;;895;2025-08-23T14:05:13.845522+00:00;INFO;34;Oracle.xe;Oracle.xe;andy-aaron;8052;0;;;;;;;;;;;;;;;;;;;;;;;;;;;INFORMATIONAL;generic;"<string>LENGTH: '683' ACTION :[432] 'select /*+ no_parallel(t) no_parallel_index(t) dbms_stats cursor_sharing_exact use_weak_name_resl dynamic_sampling(0) no_monitoring xmlindex_sel_idx_tbl opt_param('optimizer_inmemory_aware' 'false') no_substrb_pad leading(r t) use_nl(t) rowid(t) */ substrb(dump(t.""ATSKID"",16,0,64),1,240) d_158157838, r.rwid, r.freq from ""SYS"".""ATSK$_SCHEDULE_CONTROL"" t, table(:topntab) r where t.rowid = chartorowid(r.rwid) order by t.""ATSKID""' DATABASE USER:[3] 'SYS' PRIVILEGE :[4] 'NONE' CLIENT USER:[0] '' CLIENT TERMINAL:[10] 'ANDY-AARON' STATUS:[1] '0' DBID:[10] '1689037571' SESSIONID:[6] '400403' USERHOST:[10] 'ANDY-AARON' CLIENT ADDRESS:[0] '' ACTION NUMBER:[1] '3' </string>"
windows_event;win_event;E:\Cours\TFE\experiments\phase_dataset_strengthening\processed\multiformat_balanced_20260910T094422Z\samples\windows_event.xml;;896;2025-08-23T14:05:13.847580+00:00;INFO;34;Oracle.xe;Oracle.xe;andy-aaron;8052;0;;;;;;;;;;;;;;;;;;;;;;;;;;;INFORMATIONAL;generic;"<string>LENGTH: '702' ACTION :[451] 'select /*+ no_parallel(t) no_parallel_index(t) dbms_stats cursor_sharing_exact use_weak_name_resl dynamic_sampling(0) no_monitoring xmlindex_sel_idx_tbl opt_param('optimizer_inmemory_aware' 'false') no_substrb_pad leading(r t) use_nl(t) rowid(t) */ substrb(dump(t.""INSTANCE_NUMBER"",16,0,64),1,240) d_3858454236, r.rwid, r.freq from ""SYS"".""ATSK$_SCHEDULE_CONTROL"" t, table(:topntab) r where t.rowid = chartorowid(r.rwid) order by t.""INSTANCE_NUMBER""' DATABASE USER:[3] 'SYS' PRIVILEGE :[4] 'NONE' CLIENT USER:[0] '' CLIENT TERMINAL:[10] 'ANDY-AARON' STATUS:[1] '0' DBID:[10] '1689037571' SESSIONID:[6] '400403' USERHOST:[10] 'ANDY-AARON' CLIENT ADDRESS:[0] '' ACTION NUMBER:[1] '3' </string>"
windows_event;win_event;E:\Cours\TFE\experiments\phase_dataset_strengthening\processed\multiformat_balanced_20260910T094422Z\samples\windows_event.xml;;897;2025-08-23T14:05:13.851532+00:00;INFO;34;Oracle.xe;Oracle.xe;andy-aaron;8052;0;;;;;;;;;;;;;;;;;;;;;;;;;;;INFORMATIONAL;generic;"<string>LENGTH: '702' ACTION :[451] 'select /*+ no_parallel(t) no_parallel_index(t) dbms_stats cursor_sharing_exact use_weak_name_resl dynamic_sampling(0) no_monitoring xmlindex_sel_idx_tbl opt_param('optimizer_inmemory_aware' 'false') no_substrb_pad leading(r t) use_nl(t) rowid(t) */ substrb(dump(t.""INSTANCE_NUMBER"",16,0,64),1,240) d_3858454236, r.rwid, r.freq from ""SYS"".""ATSK$_SCHEDULE_CONTROL"" t, table(:topntab) r where t.rowid = chartorowid(r.rwid) order by t.""INSTANCE_NUMBER""' DATABASE USER:[3] 'SYS' PRIVILEGE :[4] 'NONE' CLIENT USER:[0] '' CLIENT TERMINAL:[10] 'ANDY-AARON' STATUS:[1] '0' DBID:[10] '1689037571' SESSIONID:[6] '400403' USERHOST:[10] 'ANDY-AARON' CLIENT ADDRESS:[0] '' ACTION NUMBER:[1] '3' </string>"
windows_event;win_event;E:\Cours\TFE\experiments\phase_dataset_strengthening\processed\multiformat_balanced_20260910T094422Z\samples\windows_event.xml;;898;2025-08-23T14:05:13.853359+00:00;INFO;34;Oracle.xe;Oracle.xe;andy-aaron;8052;0;;;;;;;;;;;;;;;;;;;;;;;;;;;INFORMATIONAL;generic;"<string>LENGTH: '680' ACTION :[429] 'select /*+ no_parallel(t) no_parallel_index(t) dbms_stats cursor_sharing_exact use_weak_name_resl dynamic_sampling(0) no_monitoring xmlindex_sel_idx_tbl opt_param('optimizer_inmemory_aware' 'false') no_substrb_pad leading(r t) use_nl(t) rowid(t) */ substrb(dump(t.""DBID"",16,0,64),1,240) d_3099381843, r.rwid, r.freq from ""SYS"".""ATSK$_SCHEDULE_CONTROL"" t, table(:topntab) r where t.rowid = chartorowid(r.rwid) order by t.""DBID""' DATABASE USER:[3] 'SYS' PRIVILEGE :[4] 'NONE' CLIENT USER:[0] '' CLIENT TERMINAL:[10] 'ANDY-AARON' STATUS:[1] '0' DBID:[10] '1689037571' SESSIONID:[6] '400403' USERHOST:[10] 'ANDY-AARON' CLIENT ADDRESS:[0] '' ACTION NUMBER:[1] '3' </string>"
windows_event;win_event;E:\Cours\TFE\experiments\phase_dataset_strengthening\processed\multiformat_balanced_20260910T094422Z\samples\windows_event.xml;;899;2025-08-23T14:05:13.857361+00:00;INFO;34;Oracle.xe;Oracle.xe;andy-aaron;8052;0;;;;;;;;;;;;;;;;;;;;;;;;;;;INFORMATIONAL;generic;"<string>LENGTH: '680' ACTION :[429] 'select /*+ no_parallel(t) no_parallel_index(t) dbms_stats cursor_sharing_exact use_weak_name_resl dynamic_sampling(0) no_monitoring xmlindex_sel_idx_tbl opt_param('optimizer_inmemory_aware' 'false') no_substrb_pad leading(r t) use_nl(t) rowid(t) */ substrb(dump(t.""DBID"",16,0,64),1,240) d_3099381843, r.rwid, r.freq from ""SYS"".""ATSK$_SCHEDULE_CONTROL"" t, table(:topntab) r where t.rowid = chartorowid(r.rwid) order by t.""DBID""' DATABASE USER:[3] 'SYS' PRIVILEGE :[4] 'NONE' CLIENT USER:[0] '' CLIENT TERMINAL:[10] 'ANDY-AARON' STATUS:[1] '0' DBID:[10] '1689037571' SESSIONID:[6] '400403' USERHOST:[10] 'ANDY-AARON' CLIENT ADDRESS:[0] '' ACTION NUMBER:[1] '3' </string>"
windows_event;win_event;E:\Cours\TFE\experiments\phase_dataset_strengthening\processed\multiformat_balanced_20260910T094422Z\samples\windows_event.xml;;900;2025-08-23T14:05:13.937807+00:00;INFO;34;Oracle.xe;Oracle.xe;andy-aaron;8052;0;;;;;;;;;;;;;;;;;;;;;;;;;;;INFORMATIONAL;generic;"<string>LENGTH: '709' ACTION :[458] 'select /*+ no_parallel(t) no_parallel_index(t) dbms_stats cursor_sharing_exact use_weak_name_resl dynamic_sampling(0) no_monitoring xmlindex_sel_idx_tbl opt_param('optimizer_inmemory_aware' 'false') no_substrb_pad leading(r t) use_nl(t) rowid(t) */ substrb(dump(substrb(t.""NAME"",1,64),16,0,64),1,240) d_2614638557, r.rwid, r.freq from ""SYS"".""WRI$_SQLSET_DEFINITIONS"" t, table(:topntab) r where t.rowid = chartorowid(r.rwid) order by substrb(t.""NAME"",1,64)' DATABASE USER:[3] 'SYS' PRIVILEGE :[4] 'NONE' CLIENT USER:[0] '' CLIENT TERMINAL:[10] 'ANDY-AARON' STATUS:[1] '0' DBID:[10] '1689037571' SESSIONID:[6] '400403' USERHOST:[10] 'ANDY-AARON' CLIENT ADDRESS:[0] '' ACTION NUMBER:[1] '3' </string>"
windows_event;win_event;E:\Cours\TFE\experiments\phase_dataset_strengthening\processed\multiformat_balanced_20260910T094422Z\samples\windows_event.xml;;901;2025-08-23T14:05:13.941736+00:00;INFO;34;Oracle.xe;Oracle.xe;andy-aaron;8052;0;;;;;;;;;;;;;;;;;;;;;;;;;;;INFORMATIONAL;generic;"<string>LENGTH: '709' ACTION :[458] 'select /*+ no_parallel(t) no_parallel_index(t) dbms_stats cursor_sharing_exact use_weak_name_resl dynamic_sampling(0) no_monitoring xmlindex_sel_idx_tbl opt_param('optimizer_inmemory_aware' 'false') no_substrb_pad leading(r t) use_nl(t) rowid(t) */ substrb(dump(substrb(t.""NAME"",1,64),16,0,64),1,240) d_2614638557, r.rwid, r.freq from ""SYS"".""WRI$_SQLSET_DEFINITIONS"" t, table(:topntab) r where t.rowid = chartorowid(r.rwid) order by substrb(t.""NAME"",1,64)' DATABASE USER:[3] 'SYS' PRIVILEGE :[4] 'NONE' CLIENT USER:[0] '' CLIENT TERMINAL:[10] 'ANDY-AARON' STATUS:[1] '0' DBID:[10] '1689037571' SESSIONID:[6] '400403' USERHOST:[10] 'ANDY-AARON' CLIENT ADDRESS:[0] '' ACTION NUMBER:[1] '3' </string>"
windows_event;win_event;E:\Cours\TFE\experiments\phase_dataset_strengthening\processed\multiformat_balanced_20260910T094422Z\samples\windows_event.xml;;902;2025-08-23T14:05:13.943567+00:00;INFO;34;Oracle.xe;Oracle.xe;andy-aaron;8052;0;;;;;;;;;;;;;;;;;;;;;;;;;;;INFORMATIONAL;generic;"<string>LENGTH: '689' ACTION :[438] 'select /*+ no_parallel(t) no_parallel_index(t) dbms_stats cursor_sharing_exact use_weak_name_resl dynamic_sampling(0) no_monitoring xmlindex_sel_idx_tbl opt_param('optimizer_inmemory_aware' 'false') no_substrb_pad leading(r t) use_nl(t) rowid(t) */ substrb(dump(t.""CON_DBID"",16,0,64),1,240) d_2128730651, r.rwid, r.freq from ""SYS"".""WRI$_SQLSET_DEFINITIONS"" t, table(:topntab) r where t.rowid = chartorowid(r.rwid) order by t.""CON_DBID""' DATABASE USER:[3] 'SYS' PRIVILEGE :[4] 'NONE' CLIENT USER:[0] '' CLIENT TERMINAL:[10] 'ANDY-AARON' STATUS:[1] '0' DBID:[10] '1689037571' SESSIONID:[6] '400403' USERHOST:[10] 'ANDY-AARON' CLIENT ADDRESS:[0] '' ACTION NUMBER:[1] '3' </string>"
windows_event;win_event;E:\Cours\TFE\experiments\phase_dataset_strengthening\processed\multiformat_balanced_20260910T094422Z\samples\windows_event.xml;;903;2025-08-23T14:05:13.948664+00:00;INFO;34;Oracle.xe;Oracle.xe;andy-aaron;8052;0;;;;;;;;;;;;;;;;;;;;;;;;;;;INFORMATIONAL;generic;"<string>LENGTH: '689' ACTION :[438] 'select /*+ no_parallel(t) no_parallel_index(t) dbms_stats cursor_sharing_exact use_weak_name_resl dynamic_sampling(0) no_monitoring xmlindex_sel_idx_tbl opt_param('optimizer_inmemory_aware' 'false') no_substrb_pad leading(r t) use_nl(t) rowid(t) */ substrb(dump(t.""CON_DBID"",16,0,64),1,240) d_2128730651, r.rwid, r.freq from ""SYS"".""WRI$_SQLSET_DEFINITIONS"" t, table(:topntab) r where t.rowid = chartorowid(r.rwid) order by t.""CON_DBID""' DATABASE USER:[3] 'SYS' PRIVILEGE :[4] 'NONE' CLIENT USER:[0] '' CLIENT TERMINAL:[10] 'ANDY-AARON' STATUS:[1] '0' DBID:[10] '1689037571' SESSIONID:[6] '400403' USERHOST:[10] 'ANDY-AARON' CLIENT ADDRESS:[0] '' ACTION NUMBER:[1] '3' </string>"
windows_event;win_event;E:\Cours\TFE\experiments\phase_dataset_strengthening\processed\multiformat_balanced_20260910T094422Z\samples\windows_event.xml;;904;2025-08-23T14:05:13.950405+00:00;INFO;34;Oracle.xe;Oracle.xe;andy-aaron;8052;0;;;;;;;;;;;;;;;;;;;;;;;;;;;INFORMATIONAL;generic;"<string>LENGTH: '710' ACTION :[459] 'select /*+ no_parallel(t) no_parallel_index(t) dbms_stats cursor_sharing_exact use_weak_name_resl dynamic_sampling(0) no_monitoring xmlindex_sel_idx_tbl opt_param('optimizer_inmemory_aware' 'false') no_substrb_pad leading(r t) use_nl(t) rowid(t) */ substrb(dump(substrb(t.""OWNER"",1,64),16,0,64),1,240) d_655463283, r.rwid, r.freq from ""SYS"".""WRI$_SQLSET_DEFINITIONS"" t, table(:topntab) r where t.rowid = chartorowid(r.rwid) order by substrb(t.""OWNER"",1,64)' DATABASE USER:[3] 'SYS' PRIVILEGE :[4] 'NONE' CLIENT USER:[0] '' CLIENT TERMINAL:[10] 'ANDY-AARON' STATUS:[1] '0' DBID:[10] '1689037571' SESSIONID:[6] '400403' USERHOST:[10] 'ANDY-AARON' CLIENT ADDRESS:[0] '' ACTION NUMBER:[1] '3' </string>"
windows_event;win_event;E:\Cours\TFE\experiments\phase_dataset_strengthening\processed\multiformat_balanced_20260910T094422Z\samples\windows_event.xml;;905;2025-08-23T14:05:13.954409+00:00;INFO;34;Oracle.xe;Oracle.xe;andy-aaron;8052;0;;;;;;;;;;;;;;;;;;;;;;;;;;;INFORMATIONAL;generic;"<string>LENGTH: '710' ACTION :[459] 'select /*+ no_parallel(t) no_parallel_index(t) dbms_stats cursor_sharing_exact use_weak_name_resl dynamic_sampling(0) no_monitoring xmlindex_sel_idx_tbl opt_param('optimizer_inmemory_aware' 'false') no_substrb_pad leading(r t) use_nl(t) rowid(t) */ substrb(dump(substrb(t.""OWNER"",1,64),16,0,64),1,240) d_655463283, r.rwid, r.freq from ""SYS"".""WRI$_SQLSET_DEFINITIONS"" t, table(:topntab) r where t.rowid = chartorowid(r.rwid) order by substrb(t.""OWNER"",1,64)' DATABASE USER:[3] 'SYS' PRIVILEGE :[4] 'NONE' CLIENT USER:[0] '' CLIENT TERMINAL:[10] 'ANDY-AARON' STATUS:[1] '0' DBID:[10] '1689037571' SESSIONID:[6] '400403' USERHOST:[10] 'ANDY-AARON' CLIENT ADDRESS:[0] '' ACTION NUMBER:[1] '3' </string>"
windows_event;win_event;E:\Cours\TFE\experiments\phase_dataset_strengthening\processed\multiformat_balanced_20260910T094422Z\samples\windows_event.xml;;906;2025-08-23T14:05:13.956560+00:00;INFO;34;Oracle.xe;Oracle.xe;andy-aaron;8052;0;;;;;;;;;;;;;;;;;;;;;;;;;;;INFORMATIONAL;generic;"<string>LENGTH: '689' ACTION :[438] 'select /*+ no_parallel(t) no_parallel_index(t) dbms_stats cursor_sharing_exact use_weak_name_resl dynamic_sampling(0) no_monitoring xmlindex_sel_idx_tbl opt_param('optimizer_inmemory_aware' 'false') no_substrb_pad leading(r t) use_nl(t) rowid(t) */ substrb(dump(t.""PROPERTY"",16,0,64),1,240) d_1738371530, r.rwid, r.freq from ""SYS"".""WRI$_SQLSET_DEFINITIONS"" t, table(:topntab) r where t.rowid = chartorowid(r.rwid) order by t.""PROPERTY""' DATABASE USER:[3] 'SYS' PRIVILEGE :[4] 'NONE' CLIENT USER:[0] '' CLIENT TERMINAL:[10] 'ANDY-AARON' STATUS:[1] '0' DBID:[10] '1689037571' SESSIONID:[6] '400403' USERHOST:[10] 'ANDY-AARON' CLIENT ADDRESS:[0] '' ACTION NUMBER:[1] '3' </string>"
windows_event;win_event;E:\Cours\TFE\experiments\phase_dataset_strengthening\processed\multiformat_balanced_20260910T094422Z\samples\windows_event.xml;;907;2025-08-23T14:05:13.960529+00:00;INFO;34;Oracle.xe;Oracle.xe;andy-aaron;8052;0;;;;;;;;;;;;;;;;;;;;;;;;;;;INFORMATIONAL;generic;"<string>LENGTH: '689' ACTION :[438] 'select /*+ no_parallel(t) no_parallel_index(t) dbms_stats cursor_sharing_exact use_weak_name_resl dynamic_sampling(0) no_monitoring xmlindex_sel_idx_tbl opt_param('optimizer_inmemory_aware' 'false') no_substrb_pad leading(r t) use_nl(t) rowid(t) */ substrb(dump(t.""PROPERTY"",16,0,64),1,240) d_1738371530, r.rwid, r.freq from ""SYS"".""WRI$_SQLSET_DEFINITIONS"" t, table(:topntab) r where t.rowid = chartorowid(r.rwid) order by t.""PROPERTY""' DATABASE USER:[3] 'SYS' PRIVILEGE :[4] 'NONE' CLIENT USER:[0] '' CLIENT TERMINAL:[10] 'ANDY-AARON' STATUS:[1] '0' DBID:[10] '1689037571' SESSIONID:[6] '400403' USERHOST:[10] 'ANDY-AARON' CLIENT ADDRESS:[0] '' ACTION NUMBER:[1] '3' </string>"
windows_event;win_event;E:\Cours\TFE\experiments\phase_dataset_strengthening\processed\multiformat_balanced_20260910T094422Z\samples\windows_event.xml;;908;2025-08-23T14:05:14.074596+00:00;INFO;34;Oracle.xe;Oracle.xe;andy-aaron;8052;0;;;;;;;;;;;;;;;;;;;;;;;;;;;INFORMATIONAL;generic;"<string>LENGTH: '687' ACTION :[436] 'select /*+ no_parallel(t) no_parallel_index(t) dbms_stats cursor_sharing_exact use_weak_name_resl dynamic_sampling(0) no_monitoring xmlindex_sel_idx_tbl opt_param('optimizer_inmemory_aware' 'false') no_substrb_pad leading(r t) use_nl(t) rowid(t) */ substrb(dump(t.""STATUS_FLAG"",16,0,64),1,240) d_3001590056, r.rwid, r.freq from ""SYS"".""WRM$_WR_CONTROL"" t, table(:topntab) r where t.rowid = chartorowid(r.rwid) order by t.""STATUS_FLAG""' DATABASE USER:[3] 'SYS' PRIVILEGE :[4] 'NONE' CLIENT USER:[0] '' CLIENT TERMINAL:[10] 'ANDY-AARON' STATUS:[1] '0' DBID:[10] '1689037571' SESSIONID:[6] '400403' USERHOST:[10] 'ANDY-AARON' CLIENT ADDRESS:[0] '' ACTION NUMBER:[1] '3' </string>"
windows_event;win_event;E:\Cours\TFE\experiments\phase_dataset_strengthening\processed\multiformat_balanced_20260910T094422Z\samples\windows_event.xml;;909;2025-08-23T14:05:14.079586+00:00;INFO;34;Oracle.xe;Oracle.xe;andy-aaron;8052;0;;;;;;;;;;;;;;;;;;;;;;;;;;;INFORMATIONAL;generic;"<string>LENGTH: '687' ACTION :[436] 'select /*+ no_parallel(t) no_parallel_index(t) dbms_stats cursor_sharing_exact use_weak_name_resl dynamic_sampling(0) no_monitoring xmlindex_sel_idx_tbl opt_param('optimizer_inmemory_aware' 'false') no_substrb_pad leading(r t) use_nl(t) rowid(t) */ substrb(dump(t.""STATUS_FLAG"",16,0,64),1,240) d_3001590056, r.rwid, r.freq from ""SYS"".""WRM$_WR_CONTROL"" t, table(:topntab) r where t.rowid = chartorowid(r.rwid) order by t.""STATUS_FLAG""' DATABASE USER:[3] 'SYS' PRIVILEGE :[4] 'NONE' CLIENT USER:[0] '' CLIENT TERMINAL:[10] 'ANDY-AARON' STATUS:[1] '0' DBID:[10] '1689037571' SESSIONID:[6] '400403' USERHOST:[10] 'ANDY-AARON' CLIENT ADDRESS:[0] '' ACTION NUMBER:[1] '3' </string>"
windows_event;win_event;E:\Cours\TFE\experiments\phase_dataset_strengthening\processed\multiformat_balanced_20260910T094422Z\samples\windows_event.xml;;910;2025-08-23T14:05:14.185274+00:00;INFO;34;Oracle.xe;Oracle.xe;andy-aaron;8052;0;;;;;;;;;;;;;;;;;;;;;;;;;;;INFORMATIONAL;generic;"<string>LENGTH: '670' ACTION :[419] 'select /*+ no_parallel(t) no_parallel_index(t) dbms_stats cursor_sharing_exact use_weak_name_resl dynamic_sampling(0) no_monitoring xmlindex_sel_idx_tbl opt_param('optimizer_inmemory_aware' 'false') no_substrb_pad leading(r t) use_nl(t) rowid(t) */ substrb(dump(t.""FLAGS"",16,0,64),1,240) d_2385161744, r.rwid, r.freq from ""SYS"".""COL_USAGE$"" t, table(:topntab) r where t.rowid = chartorowid(r.rwid) order by t.""FLAGS""' DATABASE USER:[3] 'SYS' PRIVILEGE :[4] 'NONE' CLIENT USER:[0] '' CLIENT TERMINAL:[10] 'ANDY-AARON' STATUS:[1] '0' DBID:[10] '1689037571' SESSIONID:[6] '400403' USERHOST:[10] 'ANDY-AARON' CLIENT ADDRESS:[0] '' ACTION NUMBER:[1] '3' </string>"
windows_event;win_event;E:\Cours\TFE\experiments\phase_dataset_strengthening\processed\multiformat_balanced_20260910T094422Z\samples\windows_event.xml;;911;2025-08-23T14:05:14.189140+00:00;INFO;34;Oracle.xe;Oracle.xe;andy-aaron;8052;0;;;;;;;;;;;;;;;;;;;;;;;;;;;INFORMATIONAL;generic;"<string>LENGTH: '670' ACTION :[419] 'select /*+ no_parallel(t) no_parallel_index(t) dbms_stats cursor_sharing_exact use_weak_name_resl dynamic_sampling(0) no_monitoring xmlindex_sel_idx_tbl opt_param('optimizer_inmemory_aware' 'false') no_substrb_pad leading(r t) use_nl(t) rowid(t) */ substrb(dump(t.""FLAGS"",16,0,64),1,240) d_2385161744, r.rwid, r.freq from ""SYS"".""COL_USAGE$"" t, table(:topntab) r where t.rowid = chartorowid(r.rwid) order by t.""FLAGS""' DATABASE USER:[3] 'SYS' PRIVILEGE :[4] 'NONE' CLIENT USER:[0] '' CLIENT TERMINAL:[10] 'ANDY-AARON' STATUS:[1] '0' DBID:[10] '1689037571' SESSIONID:[6] '400403' USERHOST:[10] 'ANDY-AARON' CLIENT ADDRESS:[0] '' ACTION NUMBER:[1] '3' </string>"
windows_event;win_event;E:\Cours\TFE\experiments\phase_dataset_strengthening\processed\multiformat_balanced_20260910T094422Z\samples\windows_event.xml;;912;2025-08-23T14:05:14.192856+00:00;INFO;34;Oracle.xe;Oracle.xe;andy-aaron;8052;0;;;;;;;;;;;;;;;;;;;;;;;;;;;INFORMATIONAL;generic;"<string>LENGTH: '674' ACTION :[423] 'select /*+ no_parallel(t) no_parallel_index(t) dbms_stats cursor_sharing_exact use_weak_name_resl dynamic_sampling(0) no_monitoring xmlindex_sel_idx_tbl opt_param('optimizer_inmemory_aware' 'false') no_substrb_pad leading(r t) use_nl(t) rowid(t) */ substrb(dump(t.""INTCOL#"",16,0,64),1,240) d_1254105588, r.rwid, r.freq from ""SYS"".""COL_USAGE$"" t, table(:topntab) r where t.rowid = chartorowid(r.rwid) order by t.""INTCOL#""' DATABASE USER:[3] 'SYS' PRIVILEGE :[4] 'NONE' CLIENT USER:[0] '' CLIENT TERMINAL:[10] 'ANDY-AARON' STATUS:[1] '0' DBID:[10] '1689037571' SESSIONID:[6] '400403' USERHOST:[10] 'ANDY-AARON' CLIENT ADDRESS:[0] '' ACTION NUMBER:[1] '3' </string>"
windows_event;win_event;E:\Cours\TFE\experiments\phase_dataset_strengthening\processed\multiformat_balanced_20260910T094422Z\samples\windows_event.xml;;913;2025-08-23T14:05:14.197227+00:00;INFO;34;Oracle.xe;Oracle.xe;andy-aaron;8052;0;;;;;;;;;;;;;;;;;;;;;;;;;;;INFORMATIONAL;generic;"<string>LENGTH: '674' ACTION :[423] 'select /*+ no_parallel(t) no_parallel_index(t) dbms_stats cursor_sharing_exact use_weak_name_resl dynamic_sampling(0) no_monitoring xmlindex_sel_idx_tbl opt_param('optimizer_inmemory_aware' 'false') no_substrb_pad leading(r t) use_nl(t) rowid(t) */ substrb(dump(t.""INTCOL#"",16,0,64),1,240) d_1254105588, r.rwid, r.freq from ""SYS"".""COL_USAGE$"" t, table(:topntab) r where t.rowid = chartorowid(r.rwid) order by t.""INTCOL#""' DATABASE USER:[3] 'SYS' PRIVILEGE :[4] 'NONE' CLIENT USER:[0] '' CLIENT TERMINAL:[10] 'ANDY-AARON' STATUS:[1] '0' DBID:[10] '1689037571' SESSIONID:[6] '400403' USERHOST:[10] 'ANDY-AARON' CLIENT ADDRESS:[0] '' ACTION NUMBER:[1] '3' </string>"
windows_event;win_event;E:\Cours\TFE\experiments\phase_dataset_strengthening\processed\multiformat_balanced_20260910T094422Z\samples\windows_event.xml;;914;2025-08-23T14:05:14.200359+00:00;INFO;34;Oracle.xe;Oracle.xe;andy-aaron;8052;0;;;;;;;;;;;;;;;;;;;;;;;;;;;INFORMATIONAL;generic;"<string>LENGTH: '678' ACTION :[427] 'select /*+ no_parallel(t) no_parallel_index(t) dbms_stats cursor_sharing_exact use_weak_name_resl dynamic_sampling(0) no_monitoring xmlindex_sel_idx_tbl opt_param('optimizer_inmemory_aware' 'false') no_substrb_pad leading(r t) use_nl(t) rowid(t) */ substrb(dump(t.""TIMESTAMP"",16,0,64),1,240) d_3043994140, r.rwid, r.freq from ""SYS"".""COL_USAGE$"" t, table(:topntab) r where t.rowid = chartorowid(r.rwid) order by t.""TIMESTAMP""' DATABASE USER:[3] 'SYS' PRIVILEGE :[4] 'NONE' CLIENT USER:[0] '' CLIENT TERMINAL:[10] 'ANDY-AARON' STATUS:[1] '0' DBID:[10] '1689037571' SESSIONID:[6] '400403' USERHOST:[10] 'ANDY-AARON' CLIENT ADDRESS:[0] '' ACTION NUMBER:[1] '3' </string>"
windows_event;win_event;E:\Cours\TFE\experiments\phase_dataset_strengthening\processed\multiformat_balanced_20260910T094422Z\samples\windows_event.xml;;915;2025-08-23T14:05:14.203974+00:00;INFO;34;Oracle.xe;Oracle.xe;andy-aaron;8052;0;;;;;;;;;;;;;;;;;;;;;;;;;;;INFORMATIONAL;generic;"<string>LENGTH: '678' ACTION :[427] 'select /*+ no_parallel(t) no_parallel_index(t) dbms_stats cursor_sharing_exact use_weak_name_resl dynamic_sampling(0) no_monitoring xmlindex_sel_idx_tbl opt_param('optimizer_inmemory_aware' 'false') no_substrb_pad leading(r t) use_nl(t) rowid(t) */ substrb(dump(t.""TIMESTAMP"",16,0,64),1,240) d_3043994140, r.rwid, r.freq from ""SYS"".""COL_USAGE$"" t, table(:topntab) r where t.rowid = chartorowid(r.rwid) order by t.""TIMESTAMP""' DATABASE USER:[3] 'SYS' PRIVILEGE :[4] 'NONE' CLIENT USER:[0] '' CLIENT TERMINAL:[10] 'ANDY-AARON' STATUS:[1] '0' DBID:[10] '1689037571' SESSIONID:[6] '400403' USERHOST:[10] 'ANDY-AARON' CLIENT ADDRESS:[0] '' ACTION NUMBER:[1] '3' </string>"
windows_event;win_event;E:\Cours\TFE\experiments\phase_dataset_strengthening\processed\multiformat_balanced_20260910T094422Z\samples\windows_event.xml;;916;2025-08-23T14:05:14.410589+00:00;INFO;34;Oracle.xe;Oracle.xe;andy-aaron;8052;0;;;;;;;;;;;;;;;;;;;;;;;;;;;INFORMATIONAL;generic;"<string>LENGTH: '689' ACTION :[438] 'select /*+ no_parallel(t) no_parallel_index(t) dbms_stats cursor_sharing_exact use_weak_name_resl dynamic_sampling(0) no_monitoring xmlindex_sel_idx_tbl opt_param('optimizer_inmemory_aware' 'false') no_substrb_pad leading(r t) use_nl(t) rowid(t) */ substrb(dump(t.""DROP_SEGMENTS"",16,0,64),1,240) d_2503730669, r.rwid, r.freq from ""SYS"".""MON_MODS_ALL$"" t, table(:topntab) r where t.rowid = chartorowid(r.rwid) order by t.""DROP_SEGMENTS""' DATABASE USER:[3] 'SYS' PRIVILEGE :[4] 'NONE' CLIENT USER:[0] '' CLIENT TERMINAL:[10] 'ANDY-AARON' STATUS:[1] '0' DBID:[10] '1689037571' SESSIONID:[6] '400403' USERHOST:[10] 'ANDY-AARON' CLIENT ADDRESS:[0] '' ACTION NUMBER:[1] '3' </string>"
windows_event;win_event;E:\Cours\TFE\experiments\phase_dataset_strengthening\processed\multiformat_balanced_20260910T094422Z\samples\windows_event.xml;;917;2025-08-23T14:05:14.414278+00:00;INFO;34;Oracle.xe;Oracle.xe;andy-aaron;8052;0;;;;;;;;;;;;;;;;;;;;;;;;;;;INFORMATIONAL;generic;"<string>LENGTH: '689' ACTION :[438] 'select /*+ no_parallel(t) no_parallel_index(t) dbms_stats cursor_sharing_exact use_weak_name_resl dynamic_sampling(0) no_monitoring xmlindex_sel_idx_tbl opt_param('optimizer_inmemory_aware' 'false') no_substrb_pad leading(r t) use_nl(t) rowid(t) */ substrb(dump(t.""DROP_SEGMENTS"",16,0,64),1,240) d_2503730669, r.rwid, r.freq from ""SYS"".""MON_MODS_ALL$"" t, table(:topntab) r where t.rowid = chartorowid(r.rwid) order by t.""DROP_SEGMENTS""' DATABASE USER:[3] 'SYS' PRIVILEGE :[4] 'NONE' CLIENT USER:[0] '' CLIENT TERMINAL:[10] 'ANDY-AARON' STATUS:[1] '0' DBID:[10] '1689037571' SESSIONID:[6] '400403' USERHOST:[10] 'ANDY-AARON' CLIENT ADDRESS:[0] '' ACTION NUMBER:[1] '3' </string>"
windows_event;win_event;E:\Cours\TFE\experiments\phase_dataset_strengthening\processed\multiformat_balanced_20260910T094422Z\samples\windows_event.xml;;918;2025-08-23T14:05:14.416506+00:00;INFO;34;Oracle.xe;Oracle.xe;andy-aaron;8052;0;;;;;;;;;;;;;;;;;;;;;;;;;;;INFORMATIONAL;generic;"<string>LENGTH: '673' ACTION :[422] 'select /*+ no_parallel(t) no_parallel_index(t) dbms_stats cursor_sharing_exact use_weak_name_resl dynamic_sampling(0) no_monitoring xmlindex_sel_idx_tbl opt_param('optimizer_inmemory_aware' 'false') no_substrb_pad leading(r t) use_nl(t) rowid(t) */ substrb(dump(t.""FLAGS"",16,0,64),1,240) d_2385161744, r.rwid, r.freq from ""SYS"".""MON_MODS_ALL$"" t, table(:topntab) r where t.rowid = chartorowid(r.rwid) order by t.""FLAGS""' DATABASE USER:[3] 'SYS' PRIVILEGE :[4] 'NONE' CLIENT USER:[0] '' CLIENT TERMINAL:[10] 'ANDY-AARON' STATUS:[1] '0' DBID:[10] '1689037571' SESSIONID:[6] '400403' USERHOST:[10] 'ANDY-AARON' CLIENT ADDRESS:[0] '' ACTION NUMBER:[1] '3' </string>"
windows_event;win_event;E:\Cours\TFE\experiments\phase_dataset_strengthening\processed\multiformat_balanced_20260910T094422Z\samples\windows_event.xml;;919;2025-08-23T14:05:14.420296+00:00;INFO;34;Oracle.xe;Oracle.xe;andy-aaron;8052;0;;;;;;;;;;;;;;;;;;;;;;;;;;;INFORMATIONAL;generic;"<string>LENGTH: '673' ACTION :[422] 'select /*+ no_parallel(t) no_parallel_index(t) dbms_stats cursor_sharing_exact use_weak_name_resl dynamic_sampling(0) no_monitoring xmlindex_sel_idx_tbl opt_param('optimizer_inmemory_aware' 'false') no_substrb_pad leading(r t) use_nl(t) rowid(t) */ substrb(dump(t.""FLAGS"",16,0,64),1,240) d_2385161744, r.rwid, r.freq from ""SYS"".""MON_MODS_ALL$"" t, table(:topntab) r where t.rowid = chartorowid(r.rwid) order by t.""FLAGS""' DATABASE USER:[3] 'SYS' PRIVILEGE :[4] 'NONE' CLIENT USER:[0] '' CLIENT TERMINAL:[10] 'ANDY-AARON' STATUS:[1] '0' DBID:[10] '1689037571' SESSIONID:[6] '400403' USERHOST:[10] 'ANDY-AARON' CLIENT ADDRESS:[0] '' ACTION NUMBER:[1] '3' </string>"
windows_event;win_event;E:\Cours\TFE\experiments\phase_dataset_strengthening\processed\multiformat_balanced_20260910T094422Z\samples\windows_event.xml;;920;2025-08-23T14:05:14.537329+00:00;INFO;34;Oracle.xe;Oracle.xe;andy-aaron;8052;0;;;;;;;;;;;;;;;;;;;;;;;;;;;INFORMATIONAL;generic;"<string>LENGTH: '692' ACTION :[441] 'select /*+ no_parallel(t) no_parallel_index(t) dbms_stats cursor_sharing_exact use_weak_name_resl dynamic_sampling(0) no_monitoring xmlindex_sel_idx_tbl opt_param('optimizer_inmemory_aware' 'false') no_substrb_pad leading(r t) use_nl(t) rowid(t) */ substrb(dump(t.""EXECUTIONS"",16,0,64),1,240) d_1621331625, r.rwid, r.freq from ""SYS"".""WRI$_SQLSET_STATISTICS"" t, table(:topntab) r where t.rowid = chartorowid(r.rwid) order by t.""EXECUTIONS""' DATABASE USER:[3] 'SYS' PRIVILEGE :[4] 'NONE' CLIENT USER:[0] '' CLIENT TERMINAL:[10] 'ANDY-AARON' STATUS:[1] '0' DBID:[10] '1689037571' SESSIONID:[6] '400403' USERHOST:[10] 'ANDY-AARON' CLIENT ADDRESS:[0] '' ACTION NUMBER:[1] '3' </string>"
windows_event;win_event;E:\Cours\TFE\experiments\phase_dataset_strengthening\processed\multiformat_balanced_20260910T094422Z\samples\windows_event.xml;;921;2025-08-23T14:05:14.541107+00:00;INFO;34;Oracle.xe;Oracle.xe;andy-aaron;8052;0;;;;;;;;;;;;;;;;;;;;;;;;;;;INFORMATIONAL;generic;"<string>LENGTH: '692' ACTION :[441] 'select /*+ no_parallel(t) no_parallel_index(t) dbms_stats cursor_sharing_exact use_weak_name_resl dynamic_sampling(0) no_monitoring xmlindex_sel_idx_tbl opt_param('optimizer_inmemory_aware' 'false') no_substrb_pad leading(r t) use_nl(t) rowid(t) */ substrb(dump(t.""EXECUTIONS"",16,0,64),1,240) d_1621331625, r.rwid, r.freq from ""SYS"".""WRI$_SQLSET_STATISTICS"" t, table(:topntab) r where t.rowid = chartorowid(r.rwid) order by t.""EXECUTIONS""' DATABASE USER:[3] 'SYS' PRIVILEGE :[4] 'NONE' CLIENT USER:[0] '' CLIENT TERMINAL:[10] 'ANDY-AARON' STATUS:[1] '0' DBID:[10] '1689037571' SESSIONID:[6] '400403' USERHOST:[10] 'ANDY-AARON' CLIENT ADDRESS:[0] '' ACTION NUMBER:[1] '3' </string>"
windows_event;win_event;E:\Cours\TFE\experiments\phase_dataset_strengthening\processed\multiformat_balanced_20260910T094422Z\samples\windows_event.xml;;922;2025-08-23T14:05:14.545160+00:00;INFO;34;Oracle.xe;Oracle.xe;andy-aaron;8052;0;;;;;;;;;;;;;;;;;;;;;;;;;;;INFORMATIONAL;generic;"<string>LENGTH: '688' ACTION :[437] 'select /*+ no_parallel(t) no_parallel_index(t) dbms_stats cursor_sharing_exact use_weak_name_resl dynamic_sampling(0) no_monitoring xmlindex_sel_idx_tbl opt_param('optimizer_inmemory_aware' 'false') no_substrb_pad leading(r t) use_nl(t) rowid(t) */ substrb(dump(t.""CON_DBID"",16,0,64),1,240) d_2128730651, r.rwid, r.freq from ""SYS"".""WRI$_SQLSET_STATISTICS"" t, table(:topntab) r where t.rowid = chartorowid(r.rwid) order by t.""CON_DBID""' DATABASE USER:[3] 'SYS' PRIVILEGE :[4] 'NONE' CLIENT USER:[0] '' CLIENT TERMINAL:[10] 'ANDY-AARON' STATUS:[1] '0' DBID:[10] '1689037571' SESSIONID:[6] '400403' USERHOST:[10] 'ANDY-AARON' CLIENT ADDRESS:[0] '' ACTION NUMBER:[1] '3' </string>"
windows_event;win_event;E:\Cours\TFE\experiments\phase_dataset_strengthening\processed\multiformat_balanced_20260910T094422Z\samples\windows_event.xml;;923;2025-08-23T14:05:14.549017+00:00;INFO;34;Oracle.xe;Oracle.xe;andy-aaron;8052;0;;;;;;;;;;;;;;;;;;;;;;;;;;;INFORMATIONAL;generic;"<string>LENGTH: '688' ACTION :[437] 'select /*+ no_parallel(t) no_parallel_index(t) dbms_stats cursor_sharing_exact use_weak_name_resl dynamic_sampling(0) no_monitoring xmlindex_sel_idx_tbl opt_param('optimizer_inmemory_aware' 'false') no_substrb_pad leading(r t) use_nl(t) rowid(t) */ substrb(dump(t.""CON_DBID"",16,0,64),1,240) d_2128730651, r.rwid, r.freq from ""SYS"".""WRI$_SQLSET_STATISTICS"" t, table(:topntab) r where t.rowid = chartorowid(r.rwid) order by t.""CON_DBID""' DATABASE USER:[3] 'SYS' PRIVILEGE :[4] 'NONE' CLIENT USER:[0] '' CLIENT TERMINAL:[10] 'ANDY-AARON' STATUS:[1] '0' DBID:[10] '1689037571' SESSIONID:[6] '400403' USERHOST:[10] 'ANDY-AARON' CLIENT ADDRESS:[0] '' ACTION NUMBER:[1] '3' </string>"
windows_event;win_event;E:\Cours\TFE\experiments\phase_dataset_strengthening\processed\multiformat_balanced_20260910T094422Z\samples\windows_event.xml;;924;2025-08-23T14:05:14.550974+00:00;INFO;34;Oracle.xe;Oracle.xe;andy-aaron;8052;0;;;;;;;;;;;;;;;;;;;;;;;;;;;INFORMATIONAL;generic;"<string>LENGTH: '700' ACTION :[449] 'select /*+ no_parallel(t) no_parallel_index(t) dbms_stats cursor_sharing_exact use_weak_name_resl dynamic_sampling(0) no_monitoring xmlindex_sel_idx_tbl opt_param('optimizer_inmemory_aware' 'false') no_substrb_pad leading(r t) use_nl(t) rowid(t) */ substrb(dump(t.""CPU_TIME_DELTA"",16,0,64),1,240) d_2507461994, r.rwid, r.freq from ""SYS"".""WRI$_SQLSET_STATISTICS"" t, table(:topntab) r where t.rowid = chartorowid(r.rwid) order by t.""CPU_TIME_DELTA""' DATABASE USER:[3] 'SYS' PRIVILEGE :[4] 'NONE' CLIENT USER:[0] '' CLIENT TERMINAL:[10] 'ANDY-AARON' STATUS:[1] '0' DBID:[10] '1689037571' SESSIONID:[6] '400403' USERHOST:[10] 'ANDY-AARON' CLIENT ADDRESS:[0] '' ACTION NUMBER:[1] '3' </string>"
windows_event;win_event;E:\Cours\TFE\experiments\phase_dataset_strengthening\processed\multiformat_balanced_20260910T094422Z\samples\windows_event.xml;;925;2025-08-23T14:05:14.554771+00:00;INFO;34;Oracle.xe;Oracle.xe;andy-aaron;8052;0;;;;;;;;;;;;;;;;;;;;;;;;;;;INFORMATIONAL;generic;"<string>LENGTH: '700' ACTION :[449] 'select /*+ no_parallel(t) no_parallel_index(t) dbms_stats cursor_sharing_exact use_weak_name_resl dynamic_sampling(0) no_monitoring xmlindex_sel_idx_tbl opt_param('optimizer_inmemory_aware' 'false') no_substrb_pad leading(r t) use_nl(t) rowid(t) */ substrb(dump(t.""CPU_TIME_DELTA"",16,0,64),1,240) d_2507461994, r.rwid, r.freq from ""SYS"".""WRI$_SQLSET_STATISTICS"" t, table(:topntab) r where t.rowid = chartorowid(r.rwid) order by t.""CPU_TIME_DELTA""' DATABASE USER:[3] 'SYS' PRIVILEGE :[4] 'NONE' CLIENT USER:[0] '' CLIENT TERMINAL:[10] 'ANDY-AARON' STATUS:[1] '0' DBID:[10] '1689037571' SESSIONID:[6] '400403' USERHOST:[10] 'ANDY-AARON' CLIENT ADDRESS:[0] '' ACTION NUMBER:[1] '3' </string>"
windows_event;win_event;E:\Cours\TFE\experiments\phase_dataset_strengthening\processed\multiformat_balanced_20260910T094422Z\samples\windows_event.xml;;926;2025-08-23T14:05:15.293884+00:00;INFO;34;Oracle.xe;Oracle.xe;andy-aaron;8052;0;;;;;;;;;;;;;;;;;;;;;;;;;;;INFORMATIONAL;generic;"<string>LENGTH: '683' ACTION :[432] 'select /*+ no_parallel(t) no_parallel_index(t) dbms_stats cursor_sharing_exact use_weak_name_resl dynamic_sampling(0) no_monitoring xmlindex_sel_idx_tbl opt_param('optimizer_inmemory_aware' 'false') no_substrb_pad leading(r t) use_nl(t) rowid(t) */ substrb(dump(t.""CON_DBID"",16,0,64),1,240) d_2128730651, r.rwid, r.freq from ""SYS"".""WRI$_SQLSET_PLANS"" t, table(:topntab) r where t.rowid = chartorowid(r.rwid) order by t.""CON_DBID""' DATABASE USER:[3] 'SYS' PRIVILEGE :[4] 'NONE' CLIENT USER:[0] '' CLIENT TERMINAL:[10] 'ANDY-AARON' STATUS:[1] '0' DBID:[10] '1689037571' SESSIONID:[6] '400403' USERHOST:[10] 'ANDY-AARON' CLIENT ADDRESS:[0] '' ACTION NUMBER:[1] '3' </string>"
windows_event;win_event;E:\Cours\TFE\experiments\phase_dataset_strengthening\processed\multiformat_balanced_20260910T094422Z\samples\windows_event.xml;;927;2025-08-23T14:05:15.297581+00:00;INFO;34;Oracle.xe;Oracle.xe;andy-aaron;8052;0;;;;;;;;;;;;;;;;;;;;;;;;;;;INFORMATIONAL;generic;"<string>LENGTH: '683' ACTION :[432] 'select /*+ no_parallel(t) no_parallel_index(t) dbms_stats cursor_sharing_exact use_weak_name_resl dynamic_sampling(0) no_monitoring xmlindex_sel_idx_tbl opt_param('optimizer_inmemory_aware' 'false') no_substrb_pad leading(r t) use_nl(t) rowid(t) */ substrb(dump(t.""CON_DBID"",16,0,64),1,240) d_2128730651, r.rwid, r.freq from ""SYS"".""WRI$_SQLSET_PLANS"" t, table(:topntab) r where t.rowid = chartorowid(r.rwid) order by t.""CON_DBID""' DATABASE USER:[3] 'SYS' PRIVILEGE :[4] 'NONE' CLIENT USER:[0] '' CLIENT TERMINAL:[10] 'ANDY-AARON' STATUS:[1] '0' DBID:[10] '1689037571' SESSIONID:[6] '400403' USERHOST:[10] 'ANDY-AARON' CLIENT ADDRESS:[0] '' ACTION NUMBER:[1] '3' </string>"
windows_event;win_event;E:\Cours\TFE\experiments\phase_dataset_strengthening\processed\multiformat_balanced_20260910T094422Z\samples\windows_event.xml;;928;2025-08-23T14:05:15.470522+00:00;INFO;34;Oracle.xe;Oracle.xe;andy-aaron;8052;0;;;;;;;;;;;;;;;;;;;;;;;;;;;INFORMATIONAL;generic;"<string>LENGTH: '712' ACTION :[461] 'select /*+ no_parallel(t) no_parallel_index(t) dbms_stats cursor_sharing_exact use_weak_name_resl dynamic_sampling(0) no_monitoring xmlindex_sel_idx_tbl opt_param('optimizer_inmemory_aware' 'false') no_substrb_pad leading(r t) use_nl(t) rowid(t) */ substrb(dump(substrb(t.""TARGET"",1,64),16,0,64),1,240) d_1827374718, r.rwid, r.freq from ""SYS"".""WRI$_OPTSTAT_OPR_TASKS"" t, table(:topntab) r where t.rowid = chartorowid(r.rwid) order by substrb(t.""TARGET"",1,64)' DATABASE USER:[3] 'SYS' PRIVILEGE :[4] 'NONE' CLIENT USER:[0] '' CLIENT TERMINAL:[10] 'ANDY-AARON' STATUS:[1] '0' DBID:[10] '3074368596' SESSIONID:[6] '400276' USERHOST:[10] 'ANDY-AARON' CLIENT ADDRESS:[0] '' ACTION NUMBER:[1] '3' </string>"
windows_event;win_event;E:\Cours\TFE\experiments\phase_dataset_strengthening\processed\multiformat_balanced_20260910T094422Z\samples\windows_event.xml;;929;2025-08-23T14:05:15.472244+00:00;INFO;34;Oracle.xe;Oracle.xe;andy-aaron;8052;0;;;;;;;;;;;;;;;;;;;;;;;;;;;INFORMATIONAL;generic;"<string>LENGTH: '712' ACTION :[461] 'select /*+ no_parallel(t) no_parallel_index(t) dbms_stats cursor_sharing_exact use_weak_name_resl dynamic_sampling(0) no_monitoring xmlindex_sel_idx_tbl opt_param('optimizer_inmemory_aware' 'false') no_substrb_pad leading(r t) use_nl(t) rowid(t) */ substrb(dump(substrb(t.""TARGET"",1,64),16,0,64),1,240) d_1827374718, r.rwid, r.freq from ""SYS"".""WRI$_OPTSTAT_OPR_TASKS"" t, table(:topntab) r where t.rowid = chartorowid(r.rwid) order by substrb(t.""TARGET"",1,64)' DATABASE USER:[3] 'SYS' PRIVILEGE :[4] 'NONE' CLIENT USER:[0] '' CLIENT TERMINAL:[10] 'ANDY-AARON' STATUS:[1] '0' DBID:[10] '3074368596' SESSIONID:[6] '400276' USERHOST:[10] 'ANDY-AARON' CLIENT ADDRESS:[0] '' ACTION NUMBER:[1] '3' </string>"
windows_event;win_event;E:\Cours\TFE\experiments\phase_dataset_strengthening\processed\multiformat_balanced_20260910T094422Z\samples\windows_event.xml;;930;2025-08-23T14:05:15.492615+00:00;INFO;34;Oracle.xe;Oracle.xe;andy-aaron;8052;0;;;;;;;;;;;;;;;;;;;;;;;;;;;INFORMATIONAL;generic;"<string>LENGTH: '694' ACTION :[443] 'select /*+ no_parallel(t) no_parallel_index(t) dbms_stats cursor_sharing_exact use_weak_name_resl dynamic_sampling(0) no_monitoring xmlindex_sel_idx_tbl opt_param('optimizer_inmemory_aware' 'false') no_substrb_pad leading(r t) use_nl(t) rowid(t) */ substrb(dump(t.""TARGET_OBJN"",16,0,64),1,240) d_1164748236, r.rwid, r.freq from ""SYS"".""WRI$_OPTSTAT_OPR_TASKS"" t, table(:topntab) r where t.rowid = chartorowid(r.rwid) order by t.""TARGET_OBJN""' DATABASE USER:[3] 'SYS' PRIVILEGE :[4] 'NONE' CLIENT USER:[0] '' CLIENT TERMINAL:[10] 'ANDY-AARON' STATUS:[1] '0' DBID:[10] '3074368596' SESSIONID:[6] '400276' USERHOST:[10] 'ANDY-AARON' CLIENT ADDRESS:[0] '' ACTION NUMBER:[1] '3' </string>"
windows_event;win_event;E:\Cours\TFE\experiments\phase_dataset_strengthening\processed\multiformat_balanced_20260910T094422Z\samples\windows_event.xml;;931;2025-08-23T14:05:15.494492+00:00;INFO;34;Oracle.xe;Oracle.xe;andy-aaron;8052;0;;;;;;;;;;;;;;;;;;;;;;;;;;;INFORMATIONAL;generic;"<string>LENGTH: '694' ACTION :[443] 'select /*+ no_parallel(t) no_parallel_index(t) dbms_stats cursor_sharing_exact use_weak_name_resl dynamic_sampling(0) no_monitoring xmlindex_sel_idx_tbl opt_param('optimizer_inmemory_aware' 'false') no_substrb_pad leading(r t) use_nl(t) rowid(t) */ substrb(dump(t.""TARGET_OBJN"",16,0,64),1,240) d_1164748236, r.rwid, r.freq from ""SYS"".""WRI$_OPTSTAT_OPR_TASKS"" t, table(:topntab) r where t.rowid = chartorowid(r.rwid) order by t.""TARGET_OBJN""' DATABASE USER:[3] 'SYS' PRIVILEGE :[4] 'NONE' CLIENT USER:[0] '' CLIENT TERMINAL:[10] 'ANDY-AARON' STATUS:[1] '0' DBID:[10] '3074368596' SESSIONID:[6] '400276' USERHOST:[10] 'ANDY-AARON' CLIENT ADDRESS:[0] '' ACTION NUMBER:[1] '3' </string>"
windows_event;win_event;E:\Cours\TFE\experiments\phase_dataset_strengthening\processed\multiformat_balanced_20260910T094422Z\samples\windows_event.xml;;932;2025-08-23T14:05:15.500244+00:00;INFO;34;Oracle.xe;Oracle.xe;andy-aaron;8052;0;;;;;;;;;;;;;;;;;;;;;;;;;;;INFORMATIONAL;generic;"<string>LENGTH: '709' ACTION :[458] 'select /*+ no_parallel(t) no_parallel_index(t) dbms_stats cursor_sharing_exact use_weak_name_resl dynamic_sampling(0) no_monitoring xmlindex_sel_idx_tbl opt_param('optimizer_inmemory_aware' 'false') no_substrb_pad leading(r t) use_nl(t) rowid(t) */ substrb(dump(substrb(t.""NOTES"",1,64),16,0,64),1,240) d_494323660, r.rwid, r.freq from ""SYS"".""WRI$_OPTSTAT_OPR_TASKS"" t, table(:topntab) r where t.rowid = chartorowid(r.rwid) order by substrb(t.""NOTES"",1,64)' DATABASE USER:[3] 'SYS' PRIVILEGE :[4] 'NONE' CLIENT USER:[0] '' CLIENT TERMINAL:[10] 'ANDY-AARON' STATUS:[1] '0' DBID:[10] '3074368596' SESSIONID:[6] '400276' USERHOST:[10] 'ANDY-AARON' CLIENT ADDRESS:[0] '' ACTION NUMBER:[1] '3' </string>"
windows_event;win_event;E:\Cours\TFE\experiments\phase_dataset_strengthening\processed\multiformat_balanced_20260910T094422Z\samples\windows_event.xml;;933;2025-08-23T14:05:15.502113+00:00;INFO;34;Oracle.xe;Oracle.xe;andy-aaron;8052;0;;;;;;;;;;;;;;;;;;;;;;;;;;;INFORMATIONAL;generic;"<string>LENGTH: '709' ACTION :[458] 'select /*+ no_parallel(t) no_parallel_index(t) dbms_stats cursor_sharing_exact use_weak_name_resl dynamic_sampling(0) no_monitoring xmlindex_sel_idx_tbl opt_param('optimizer_inmemory_aware' 'false') no_substrb_pad leading(r t) use_nl(t) rowid(t) */ substrb(dump(substrb(t.""NOTES"",1,64),16,0,64),1,240) d_494323660, r.rwid, r.freq from ""SYS"".""WRI$_OPTSTAT_OPR_TASKS"" t, table(:topntab) r where t.rowid = chartorowid(r.rwid) order by substrb(t.""NOTES"",1,64)' DATABASE USER:[3] 'SYS' PRIVILEGE :[4] 'NONE' CLIENT USER:[0] '' CLIENT TERMINAL:[10] 'ANDY-AARON' STATUS:[1] '0' DBID:[10] '3074368596' SESSIONID:[6] '400276' USERHOST:[10] 'ANDY-AARON' CLIENT ADDRESS:[0] '' ACTION NUMBER:[1] '3' </string>"
windows_event;win_event;E:\Cours\TFE\experiments\phase_dataset_strengthening\processed\multiformat_balanced_20260910T094422Z\samples\windows_event.xml;;934;2025-08-23T14:05:15.505753+00:00;INFO;34;Oracle.xe;Oracle.xe;andy-aaron;8052;0;;;;;;;;;;;;;;;;;;;;;;;;;;;INFORMATIONAL;generic;"<string>LENGTH: '682' ACTION :[431] 'select /*+ no_parallel(t) no_parallel_index(t) dbms_stats cursor_sharing_exact use_weak_name_resl dynamic_sampling(0) no_monitoring xmlindex_sel_idx_tbl opt_param('optimizer_inmemory_aware' 'false') no_substrb_pad leading(r t) use_nl(t) rowid(t) */ substrb(dump(t.""OP_ID"",16,0,64),1,240) d_2588116097, r.rwid, r.freq from ""SYS"".""WRI$_OPTSTAT_OPR_TASKS"" t, table(:topntab) r where t.rowid = chartorowid(r.rwid) order by t.""OP_ID""' DATABASE USER:[3] 'SYS' PRIVILEGE :[4] 'NONE' CLIENT USER:[0] '' CLIENT TERMINAL:[10] 'ANDY-AARON' STATUS:[1] '0' DBID:[10] '3074368596' SESSIONID:[6] '400276' USERHOST:[10] 'ANDY-AARON' CLIENT ADDRESS:[0] '' ACTION NUMBER:[1] '3' </string>"
windows_event;win_event;E:\Cours\TFE\experiments\phase_dataset_strengthening\processed\multiformat_balanced_20260910T094422Z\samples\windows_event.xml;;935;2025-08-23T14:05:15.507092+00:00;INFO;34;Oracle.xe;Oracle.xe;andy-aaron;8052;0;;;;;;;;;;;;;;;;;;;;;;;;;;;INFORMATIONAL;generic;"<string>LENGTH: '682' ACTION :[431] 'select /*+ no_parallel(t) no_parallel_index(t) dbms_stats cursor_sharing_exact use_weak_name_resl dynamic_sampling(0) no_monitoring xmlindex_sel_idx_tbl opt_param('optimizer_inmemory_aware' 'false') no_substrb_pad leading(r t) use_nl(t) rowid(t) */ substrb(dump(t.""OP_ID"",16,0,64),1,240) d_2588116097, r.rwid, r.freq from ""SYS"".""WRI$_OPTSTAT_OPR_TASKS"" t, table(:topntab) r where t.rowid = chartorowid(r.rwid) order by t.""OP_ID""' DATABASE USER:[3] 'SYS' PRIVILEGE :[4] 'NONE' CLIENT USER:[0] '' CLIENT TERMINAL:[10] 'ANDY-AARON' STATUS:[1] '0' DBID:[10] '3074368596' SESSIONID:[6] '400276' USERHOST:[10] 'ANDY-AARON' CLIENT ADDRESS:[0] '' ACTION NUMBER:[1] '3' </string>"
windows_event;win_event;E:\Cours\TFE\experiments\phase_dataset_strengthening\processed\multiformat_balanced_20260910T094422Z\samples\windows_event.xml;;936;2025-08-23T14:05:15.508812+00:00;INFO;34;Oracle.xe;Oracle.xe;andy-aaron;8052;0;;;;;;;;;;;;;;;;;;;;;;;;;;;INFORMATIONAL;generic;"<string>LENGTH: '684' ACTION :[433] 'select /*+ no_parallel(t) no_parallel_index(t) dbms_stats cursor_sharing_exact use_weak_name_resl dynamic_sampling(0) no_monitoring xmlindex_sel_idx_tbl opt_param('optimizer_inmemory_aware' 'false') no_substrb_pad leading(r t) use_nl(t) rowid(t) */ substrb(dump(t.""STATUS"",16,0,64),1,240) d_2980463140, r.rwid, r.freq from ""SYS"".""WRI$_OPTSTAT_OPR_TASKS"" t, table(:topntab) r where t.rowid = chartorowid(r.rwid) order by t.""STATUS""' DATABASE USER:[3] 'SYS' PRIVILEGE :[4] 'NONE' CLIENT USER:[0] '' CLIENT TERMINAL:[10] 'ANDY-AARON' STATUS:[1] '0' DBID:[10] '3074368596' SESSIONID:[6] '400276' USERHOST:[10] 'ANDY-AARON' CLIENT ADDRESS:[0] '' ACTION NUMBER:[1] '3' </string>"
windows_event;win_event;E:\Cours\TFE\experiments\phase_dataset_strengthening\processed\multiformat_balanced_20260910T094422Z\samples\windows_event.xml;;937;2025-08-23T14:05:15.510090+00:00;INFO;34;Oracle.xe;Oracle.xe;andy-aaron;8052;0;;;;;;;;;;;;;;;;;;;;;;;;;;;INFORMATIONAL;generic;"<string>LENGTH: '684' ACTION :[433] 'select /*+ no_parallel(t) no_parallel_index(t) dbms_stats cursor_sharing_exact use_weak_name_resl dynamic_sampling(0) no_monitoring xmlindex_sel_idx_tbl opt_param('optimizer_inmemory_aware' 'false') no_substrb_pad leading(r t) use_nl(t) rowid(t) */ substrb(dump(t.""STATUS"",16,0,64),1,240) d_2980463140, r.rwid, r.freq from ""SYS"".""WRI$_OPTSTAT_OPR_TASKS"" t, table(:topntab) r where t.rowid = chartorowid(r.rwid) order by t.""STATUS""' DATABASE USER:[3] 'SYS' PRIVILEGE :[4] 'NONE' CLIENT USER:[0] '' CLIENT TERMINAL:[10] 'ANDY-AARON' STATUS:[1] '0' DBID:[10] '3074368596' SESSIONID:[6] '400276' USERHOST:[10] 'ANDY-AARON' CLIENT ADDRESS:[0] '' ACTION NUMBER:[1] '3' </string>"
windows_event;win_event;E:\Cours\TFE\experiments\phase_dataset_strengthening\processed\multiformat_balanced_20260910T094422Z\samples\windows_event.xml;;938;2025-08-23T14:05:15.516472+00:00;INFO;34;Oracle.xe;Oracle.xe;andy-aaron;8052;0;;;;;;;;;;;;;;;;;;;;;;;;;;;INFORMATIONAL;generic;"<string>LENGTH: '678' ACTION :[427] 'select /*+ no_parallel(t) no_parallel_index(t) dbms_stats cursor_sharing_exact use_weak_name_resl dynamic_sampling(0) no_monitoring xmlindex_sel_idx_tbl opt_param('optimizer_inmemory_aware' 'false') no_substrb_pad leading(r t) use_nl(t) rowid(t) */ substrb(dump(t.""CON_DBID"",16,0,64),1,240) d_2128730651, r.rwid, r.freq from ""SYS"".""WRH$_SQLTEXT"" t, table(:topntab) r where t.rowid = chartorowid(r.rwid) order by t.""CON_DBID""' DATABASE USER:[3] 'SYS' PRIVILEGE :[4] 'NONE' CLIENT USER:[0] '' CLIENT TERMINAL:[10] 'ANDY-AARON' STATUS:[1] '0' DBID:[10] '1689037571' SESSIONID:[6] '400403' USERHOST:[10] 'ANDY-AARON' CLIENT ADDRESS:[0] '' ACTION NUMBER:[1] '3' </string>"
windows_event;win_event;E:\Cours\TFE\experiments\phase_dataset_strengthening\processed\multiformat_balanced_20260910T094422Z\samples\windows_event.xml;;939;2025-08-23T14:05:15.521439+00:00;INFO;34;Oracle.xe;Oracle.xe;andy-aaron;8052;0;;;;;;;;;;;;;;;;;;;;;;;;;;;INFORMATIONAL;generic;"<string>LENGTH: '678' ACTION :[427] 'select /*+ no_parallel(t) no_parallel_index(t) dbms_stats cursor_sharing_exact use_weak_name_resl dynamic_sampling(0) no_monitoring xmlindex_sel_idx_tbl opt_param('optimizer_inmemory_aware' 'false') no_substrb_pad leading(r t) use_nl(t) rowid(t) */ substrb(dump(t.""CON_DBID"",16,0,64),1,240) d_2128730651, r.rwid, r.freq from ""SYS"".""WRH$_SQLTEXT"" t, table(:topntab) r where t.rowid = chartorowid(r.rwid) order by t.""CON_DBID""' DATABASE USER:[3] 'SYS' PRIVILEGE :[4] 'NONE' CLIENT USER:[0] '' CLIENT TERMINAL:[10] 'ANDY-AARON' STATUS:[1] '0' DBID:[10] '1689037571' SESSIONID:[6] '400403' USERHOST:[10] 'ANDY-AARON' CLIENT ADDRESS:[0] '' ACTION NUMBER:[1] '3' </string>"
windows_event;win_event;E:\Cours\TFE\experiments\phase_dataset_strengthening\processed\multiformat_balanced_20260910T094422Z\samples\windows_event.xml;;940;2025-08-23T14:05:15.523106+00:00;INFO;34;Oracle.xe;Oracle.xe;andy-aaron;8052;0;;;;;;;;;;;;;;;;;;;;;;;;;;;INFORMATIONAL;generic;"<string>LENGTH: '670' ACTION :[419] 'select /*+ no_parallel(t) no_parallel_index(t) dbms_stats cursor_sharing_exact use_weak_name_resl dynamic_sampling(0) no_monitoring xmlindex_sel_idx_tbl opt_param('optimizer_inmemory_aware' 'false') no_substrb_pad leading(r t) use_nl(t) rowid(t) */ substrb(dump(t.""DBID"",16,0,64),1,240) d_3099381843, r.rwid, r.freq from ""SYS"".""WRH$_SQLTEXT"" t, table(:topntab) r where t.rowid = chartorowid(r.rwid) order by t.""DBID""' DATABASE USER:[3] 'SYS' PRIVILEGE :[4] 'NONE' CLIENT USER:[0] '' CLIENT TERMINAL:[10] 'ANDY-AARON' STATUS:[1] '0' DBID:[10] '1689037571' SESSIONID:[6] '400403' USERHOST:[10] 'ANDY-AARON' CLIENT ADDRESS:[0] '' ACTION NUMBER:[1] '3' </string>"
windows_event;win_event;E:\Cours\TFE\experiments\phase_dataset_strengthening\processed\multiformat_balanced_20260910T094422Z\samples\windows_event.xml;;941;2025-08-23T14:05:15.526953+00:00;INFO;34;Oracle.xe;Oracle.xe;andy-aaron;8052;0;;;;;;;;;;;;;;;;;;;;;;;;;;;INFORMATIONAL;generic;"<string>LENGTH: '670' ACTION :[419] 'select /*+ no_parallel(t) no_parallel_index(t) dbms_stats cursor_sharing_exact use_weak_name_resl dynamic_sampling(0) no_monitoring xmlindex_sel_idx_tbl opt_param('optimizer_inmemory_aware' 'false') no_substrb_pad leading(r t) use_nl(t) rowid(t) */ substrb(dump(t.""DBID"",16,0,64),1,240) d_3099381843, r.rwid, r.freq from ""SYS"".""WRH$_SQLTEXT"" t, table(:topntab) r where t.rowid = chartorowid(r.rwid) order by t.""DBID""' DATABASE USER:[3] 'SYS' PRIVILEGE :[4] 'NONE' CLIENT USER:[0] '' CLIENT TERMINAL:[10] 'ANDY-AARON' STATUS:[1] '0' DBID:[10] '1689037571' SESSIONID:[6] '400403' USERHOST:[10] 'ANDY-AARON' CLIENT ADDRESS:[0] '' ACTION NUMBER:[1] '3' </string>"
windows_event;win_event;E:\Cours\TFE\experiments\phase_dataset_strengthening\processed\multiformat_balanced_20260910T094422Z\samples\windows_event.xml;;942;2025-08-23T14:05:15.528826+00:00;INFO;34;Oracle.xe;Oracle.xe;andy-aaron;8052;0;;;;;;;;;;;;;;;;;;;;;;;;;;;INFORMATIONAL;generic;"<string>LENGTH: '676' ACTION :[425] 'select /*+ no_parallel(t) no_parallel_index(t) dbms_stats cursor_sharing_exact use_weak_name_resl dynamic_sampling(0) no_monitoring xmlindex_sel_idx_tbl opt_param('optimizer_inmemory_aware' 'false') no_substrb_pad leading(r t) use_nl(t) rowid(t) */ substrb(dump(t.""SNAP_ID"",16,0,64),1,240) d_2559714659, r.rwid, r.freq from ""SYS"".""WRH$_SQLTEXT"" t, table(:topntab) r where t.rowid = chartorowid(r.rwid) order by t.""SNAP_ID""' DATABASE USER:[3] 'SYS' PRIVILEGE :[4] 'NONE' CLIENT USER:[0] '' CLIENT TERMINAL:[10] 'ANDY-AARON' STATUS:[1] '0' DBID:[10] '1689037571' SESSIONID:[6] '400403' USERHOST:[10] 'ANDY-AARON' CLIENT ADDRESS:[0] '' ACTION NUMBER:[1] '3' </string>"
windows_event;win_event;E:\Cours\TFE\experiments\phase_dataset_strengthening\processed\multiformat_balanced_20260910T094422Z\samples\windows_event.xml;;943;2025-08-23T14:05:15.533207+00:00;INFO;34;Oracle.xe;Oracle.xe;andy-aaron;8052;0;;;;;;;;;;;;;;;;;;;;;;;;;;;INFORMATIONAL;generic;"<string>LENGTH: '676' ACTION :[425] 'select /*+ no_parallel(t) no_parallel_index(t) dbms_stats cursor_sharing_exact use_weak_name_resl dynamic_sampling(0) no_monitoring xmlindex_sel_idx_tbl opt_param('optimizer_inmemory_aware' 'false') no_substrb_pad leading(r t) use_nl(t) rowid(t) */ substrb(dump(t.""SNAP_ID"",16,0,64),1,240) d_2559714659, r.rwid, r.freq from ""SYS"".""WRH$_SQLTEXT"" t, table(:topntab) r where t.rowid = chartorowid(r.rwid) order by t.""SNAP_ID""' DATABASE USER:[3] 'SYS' PRIVILEGE :[4] 'NONE' CLIENT USER:[0] '' CLIENT TERMINAL:[10] 'ANDY-AARON' STATUS:[1] '0' DBID:[10] '1689037571' SESSIONID:[6] '400403' USERHOST:[10] 'ANDY-AARON' CLIENT ADDRESS:[0] '' ACTION NUMBER:[1] '3' </string>"
windows_event;win_event;E:\Cours\TFE\experiments\phase_dataset_strengthening\processed\multiformat_balanced_20260910T094422Z\samples\windows_event.xml;;944;2025-08-23T14:05:15.752045+00:00;INFO;34;Oracle.xe;Oracle.xe;andy-aaron;8052;0;;;;;;;;;;;;;;;;;;;;;;;;;;;INFORMATIONAL;generic;"<string>LENGTH: '690' ACTION :[439] 'select /*+ no_parallel(t) no_parallel_index(t) dbms_stats cursor_sharing_exact use_weak_name_resl dynamic_sampling(0) no_monitoring xmlindex_sel_idx_tbl opt_param('optimizer_inmemory_aware' 'false') no_substrb_pad leading(r t) use_nl(t) rowid(t) */ substrb(dump(t.""SYS_NC00022$"",16,0,64),1,240) d_832412856, r.rwid, r.freq from ""SYS"".""SCHEDULER$_WINDOW"" t, table(:topntab) r where t.rowid = chartorowid(r.rwid) order by t.""SYS_NC00022$""' DATABASE USER:[3] 'SYS' PRIVILEGE :[4] 'NONE' CLIENT USER:[0] '' CLIENT TERMINAL:[10] 'ANDY-AARON' STATUS:[1] '0' DBID:[10] '1689037571' SESSIONID:[6] '400403' USERHOST:[10] 'ANDY-AARON' CLIENT ADDRESS:[0] '' ACTION NUMBER:[1] '3' </string>"
windows_event;win_event;E:\Cours\TFE\experiments\phase_dataset_strengthening\processed\multiformat_balanced_20260910T094422Z\samples\windows_event.xml;;945;2025-08-23T14:05:15.755911+00:00;INFO;34;Oracle.xe;Oracle.xe;andy-aaron;8052;0;;;;;;;;;;;;;;;;;;;;;;;;;;;INFORMATIONAL;generic;"<string>LENGTH: '690' ACTION :[439] 'select /*+ no_parallel(t) no_parallel_index(t) dbms_stats cursor_sharing_exact use_weak_name_resl dynamic_sampling(0) no_monitoring xmlindex_sel_idx_tbl opt_param('optimizer_inmemory_aware' 'false') no_substrb_pad leading(r t) use_nl(t) rowid(t) */ substrb(dump(t.""SYS_NC00022$"",16,0,64),1,240) d_832412856, r.rwid, r.freq from ""SYS"".""SCHEDULER$_WINDOW"" t, table(:topntab) r where t.rowid = chartorowid(r.rwid) order by t.""SYS_NC00022$""' DATABASE USER:[3] 'SYS' PRIVILEGE :[4] 'NONE' CLIENT USER:[0] '' CLIENT TERMINAL:[10] 'ANDY-AARON' STATUS:[1] '0' DBID:[10] '1689037571' SESSIONID:[6] '400403' USERHOST:[10] 'ANDY-AARON' CLIENT ADDRESS:[0] '' ACTION NUMBER:[1] '3' </string>"
windows_event;win_event;E:\Cours\TFE\experiments\phase_dataset_strengthening\processed\multiformat_balanced_20260910T094422Z\samples\windows_event.xml;;946;2025-08-23T14:05:15.757753+00:00;INFO;34;Oracle.xe;Oracle.xe;andy-aaron;8052;0;;;;;;;;;;;;;;;;;;;;;;;;;;;INFORMATIONAL;generic;"<string>LENGTH: '677' ACTION :[426] 'select /*+ no_parallel(t) no_parallel_index(t) dbms_stats cursor_sharing_exact use_weak_name_resl dynamic_sampling(0) no_monitoring xmlindex_sel_idx_tbl opt_param('optimizer_inmemory_aware' 'false') no_substrb_pad leading(r t) use_nl(t) rowid(t) */ substrb(dump(t.""FLAGS"",16,0,64),1,240) d_2385161744, r.rwid, r.freq from ""SYS"".""SCHEDULER$_WINDOW"" t, table(:topntab) r where t.rowid = chartorowid(r.rwid) order by t.""FLAGS""' DATABASE USER:[3] 'SYS' PRIVILEGE :[4] 'NONE' CLIENT USER:[0] '' CLIENT TERMINAL:[10] 'ANDY-AARON' STATUS:[1] '0' DBID:[10] '1689037571' SESSIONID:[6] '400403' USERHOST:[10] 'ANDY-AARON' CLIENT ADDRESS:[0] '' ACTION NUMBER:[1] '3' </string>"
windows_event;win_event;E:\Cours\TFE\experiments\phase_dataset_strengthening\processed\multiformat_balanced_20260910T094422Z\samples\windows_event.xml;;947;2025-08-23T14:05:15.761353+00:00;INFO;34;Oracle.xe;Oracle.xe;andy-aaron;8052;0;;;;;;;;;;;;;;;;;;;;;;;;;;;INFORMATIONAL;generic;"<string>LENGTH: '677' ACTION :[426] 'select /*+ no_parallel(t) no_parallel_index(t) dbms_stats cursor_sharing_exact use_weak_name_resl dynamic_sampling(0) no_monitoring xmlindex_sel_idx_tbl opt_param('optimizer_inmemory_aware' 'false') no_substrb_pad leading(r t) use_nl(t) rowid(t) */ substrb(dump(t.""FLAGS"",16,0,64),1,240) d_2385161744, r.rwid, r.freq from ""SYS"".""SCHEDULER$_WINDOW"" t, table(:topntab) r where t.rowid = chartorowid(r.rwid) order by t.""FLAGS""' DATABASE USER:[3] 'SYS' PRIVILEGE :[4] 'NONE' CLIENT USER:[0] '' CLIENT TERMINAL:[10] 'ANDY-AARON' STATUS:[1] '0' DBID:[10] '1689037571' SESSIONID:[6] '400403' USERHOST:[10] 'ANDY-AARON' CLIENT ADDRESS:[0] '' ACTION NUMBER:[1] '3' </string>"
windows_event;win_event;E:\Cours\TFE\experiments\phase_dataset_strengthening\processed\multiformat_balanced_20260910T094422Z\samples\windows_event.xml;;948;2025-08-23T14:05:15.854950+00:00;INFO;34;Oracle.xe;Oracle.xe;andy-aaron;8052;0;;;;;;;;;;;;;;;;;;;;;;;;;;;INFORMATIONAL;generic;"<string>LENGTH: '676' ACTION :[425] 'select /*+ no_parallel(t) no_parallel_index(t) dbms_stats cursor_sharing_exact use_weak_name_resl dynamic_sampling(0) no_monitoring xmlindex_sel_idx_tbl opt_param('optimizer_inmemory_aware' 'false') no_substrb_pad leading(r t) use_nl(t) rowid(t) */ substrb(dump(t.""FLAGS"",16,0,64),1,240) d_2385161744, r.rwid, r.freq from ""SYS"".""SCHEDULER$_CLASS"" t, table(:topntab) r where t.rowid = chartorowid(r.rwid) order by t.""FLAGS""' DATABASE USER:[3] 'SYS' PRIVILEGE :[4] 'NONE' CLIENT USER:[0] '' CLIENT TERMINAL:[10] 'ANDY-AARON' STATUS:[1] '0' DBID:[10] '1689037571' SESSIONID:[6] '400403' USERHOST:[10] 'ANDY-AARON' CLIENT ADDRESS:[0] '' ACTION NUMBER:[1] '3' </string>"
windows_event;win_event;E:\Cours\TFE\experiments\phase_dataset_strengthening\processed\multiformat_balanced_20260910T094422Z\samples\windows_event.xml;;949;2025-08-23T14:05:15.859213+00:00;INFO;34;Oracle.xe;Oracle.xe;andy-aaron;8052;0;;;;;;;;;;;;;;;;;;;;;;;;;;;INFORMATIONAL;generic;"<string>LENGTH: '676' ACTION :[425] 'select /*+ no_parallel(t) no_parallel_index(t) dbms_stats cursor_sharing_exact use_weak_name_resl dynamic_sampling(0) no_monitoring xmlindex_sel_idx_tbl opt_param('optimizer_inmemory_aware' 'false') no_substrb_pad leading(r t) use_nl(t) rowid(t) */ substrb(dump(t.""FLAGS"",16,0,64),1,240) d_2385161744, r.rwid, r.freq from ""SYS"".""SCHEDULER$_CLASS"" t, table(:topntab) r where t.rowid = chartorowid(r.rwid) order by t.""FLAGS""' DATABASE USER:[3] 'SYS' PRIVILEGE :[4] 'NONE' CLIENT USER:[0] '' CLIENT TERMINAL:[10] 'ANDY-AARON' STATUS:[1] '0' DBID:[10] '1689037571' SESSIONID:[6] '400403' USERHOST:[10] 'ANDY-AARON' CLIENT ADDRESS:[0] '' ACTION NUMBER:[1] '3' </string>"
windows_event;win_event;E:\Cours\TFE\experiments\phase_dataset_strengthening\processed\multiformat_balanced_20260910T094422Z\samples\windows_event.xml;;950;2025-08-23T14:05:15.951540+00:00;INFO;34;Oracle.xe;Oracle.xe;andy-aaron;8052;0;;;;;;;;;;;;;;;;;;;;;;;;;;;INFORMATIONAL;generic;"<string>LENGTH: '674' ACTION :[423] 'select /*+ no_parallel(t) no_parallel_index(t) dbms_stats cursor_sharing_exact use_weak_name_resl dynamic_sampling(0) no_monitoring xmlindex_sel_idx_tbl opt_param('optimizer_inmemory_aware' 'false') no_substrb_pad leading(r t) use_nl(t) rowid(t) */ substrb(dump(t.""INTCOL#"",16,0,64),1,240) d_1254105588, r.rwid, r.freq from ""SYS"".""HIST_HEAD$"" t, table(:topntab) r where t.rowid = chartorowid(r.rwid) order by t.""INTCOL#""' DATABASE USER:[3] 'SYS' PRIVILEGE :[4] 'NONE' CLIENT USER:[0] '' CLIENT TERMINAL:[10] 'ANDY-AARON' STATUS:[1] '0' DBID:[10] '3074368596' SESSIONID:[6] '400276' USERHOST:[10] 'ANDY-AARON' CLIENT ADDRESS:[0] '' ACTION NUMBER:[1] '3' </string>"
windows_event;win_event;E:\Cours\TFE\experiments\phase_dataset_strengthening\processed\multiformat_balanced_20260910T094422Z\samples\windows_event.xml;;951;2025-08-23T14:05:16.343119+00:00;INFO;34;Oracle.xe;Oracle.xe;andy-aaron;8052;0;;;;;;;;;;;;;;;;;;;;;;;;;;;INFORMATIONAL;generic;"<string>LENGTH: '674' ACTION :[423] 'select /*+ no_parallel(t) no_parallel_index(t) dbms_stats cursor_sharing_exact use_weak_name_resl dynamic_sampling(0) no_monitoring xmlindex_sel_idx_tbl opt_param('optimizer_inmemory_aware' 'false') no_substrb_pad leading(r t) use_nl(t) rowid(t) */ substrb(dump(t.""INTCOL#"",16,0,64),1,240) d_1254105588, r.rwid, r.freq from ""SYS"".""HIST_HEAD$"" t, table(:topntab) r where t.rowid = chartorowid(r.rwid) order by t.""INTCOL#""' DATABASE USER:[3] 'SYS' PRIVILEGE :[4] 'NONE' CLIENT USER:[0] '' CLIENT TERMINAL:[10] 'ANDY-AARON' STATUS:[1] '0' DBID:[10] '3074368596' SESSIONID:[6] '400276' USERHOST:[10] 'ANDY-AARON' CLIENT ADDRESS:[0] '' ACTION NUMBER:[1] '3' </string>"
windows_event;win_event;E:\Cours\TFE\experiments\phase_dataset_strengthening\processed\multiformat_balanced_20260910T094422Z\samples\windows_event.xml;;952;2025-08-23T14:05:16.358152+00:00;INFO;34;Oracle.xe;Oracle.xe;andy-aaron;8052;0;;;;;;;;;;;;;;;;;;;;;;;;;;;INFORMATIONAL;generic;"<string>LENGTH: '673' ACTION :[422] 'select /*+ no_parallel(t) no_parallel_index(t) dbms_stats cursor_sharing_exact use_weak_name_resl dynamic_sampling(0) no_monitoring xmlindex_sel_idx_tbl opt_param('optimizer_inmemory_aware' 'false') no_substrb_pad leading(r t) use_nl(t) rowid(t) */ substrb(dump(t.""ROW_CNT"",16,0,64),1,240) d_303195119, r.rwid, r.freq from ""SYS"".""HIST_HEAD$"" t, table(:topntab) r where t.rowid = chartorowid(r.rwid) order by t.""ROW_CNT""' DATABASE USER:[3] 'SYS' PRIVILEGE :[4] 'NONE' CLIENT USER:[0] '' CLIENT TERMINAL:[10] 'ANDY-AARON' STATUS:[1] '0' DBID:[10] '3074368596' SESSIONID:[6] '400276' USERHOST:[10] 'ANDY-AARON' CLIENT ADDRESS:[0] '' ACTION NUMBER:[1] '3' </string>"
windows_event;win_event;E:\Cours\TFE\experiments\phase_dataset_strengthening\processed\multiformat_balanced_20260910T094422Z\samples\windows_event.xml;;953;2025-08-23T14:05:16.366364+00:00;INFO;34;Oracle.xe;Oracle.xe;andy-aaron;8052;0;;;;;;;;;;;;;;;;;;;;;;;;;;;INFORMATIONAL;generic;"<string>LENGTH: '673' ACTION :[422] 'select /*+ no_parallel(t) no_parallel_index(t) dbms_stats cursor_sharing_exact use_weak_name_resl dynamic_sampling(0) no_monitoring xmlindex_sel_idx_tbl opt_param('optimizer_inmemory_aware' 'false') no_substrb_pad leading(r t) use_nl(t) rowid(t) */ substrb(dump(t.""ROW_CNT"",16,0,64),1,240) d_303195119, r.rwid, r.freq from ""SYS"".""HIST_HEAD$"" t, table(:topntab) r where t.rowid = chartorowid(r.rwid) order by t.""ROW_CNT""' DATABASE USER:[3] 'SYS' PRIVILEGE :[4] 'NONE' CLIENT USER:[0] '' CLIENT TERMINAL:[10] 'ANDY-AARON' STATUS:[1] '0' DBID:[10] '3074368596' SESSIONID:[6] '400276' USERHOST:[10] 'ANDY-AARON' CLIENT ADDRESS:[0] '' ACTION NUMBER:[1] '3' </string>"
windows_event;win_event;E:\Cours\TFE\experiments\phase_dataset_strengthening\processed\multiformat_balanced_20260910T094422Z\samples\windows_event.xml;;954;2025-08-23T14:05:16.366684+00:00;INFO;34;Oracle.xe;Oracle.xe;andy-aaron;8052;0;;;;;;;;;;;;;;;;;;;;;;;;;;;INFORMATIONAL;generic;"<string>LENGTH: '669' ACTION :[418] 'select /*+ no_parallel(t) no_parallel_index(t) dbms_stats cursor_sharing_exact use_weak_name_resl dynamic_sampling(0) no_monitoring xmlindex_sel_idx_tbl opt_param('optimizer_inmemory_aware' 'false') no_substrb_pad leading(r t) use_nl(t) rowid(t) */ substrb(dump(t.""ID"",16,0,64),1,240) d_631915705, r.rwid, r.freq from ""SYS"".""WRI$_OPTSTAT_OPR"" t, table(:topntab) r where t.rowid = chartorowid(r.rwid) order by t.""ID""' DATABASE USER:[3] 'SYS' PRIVILEGE :[4] 'NONE' CLIENT USER:[0] '' CLIENT TERMINAL:[10] 'ANDY-AARON' STATUS:[1] '0' DBID:[10] '1689037571' SESSIONID:[6] '400403' USERHOST:[10] 'ANDY-AARON' CLIENT ADDRESS:[0] '' ACTION NUMBER:[1] '3' </string>"
windows_event;win_event;E:\Cours\TFE\experiments\phase_dataset_strengthening\processed\multiformat_balanced_20260910T094422Z\samples\windows_event.xml;;955;2025-08-23T14:05:16.370285+00:00;INFO;34;Oracle.xe;Oracle.xe;andy-aaron;8052;0;;;;;;;;;;;;;;;;;;;;;;;;;;;INFORMATIONAL;generic;"<string>LENGTH: '672' ACTION :[421] 'select /*+ no_parallel(t) no_parallel_index(t) dbms_stats cursor_sharing_exact use_weak_name_resl dynamic_sampling(0) no_monitoring xmlindex_sel_idx_tbl opt_param('optimizer_inmemory_aware' 'false') no_substrb_pad leading(r t) use_nl(t) rowid(t) */ substrb(dump(t.""SPARE2"",16,0,64),1,240) d_1795865358, r.rwid, r.freq from ""SYS"".""HIST_HEAD$"" t, table(:topntab) r where t.rowid = chartorowid(r.rwid) order by t.""SPARE2""' DATABASE USER:[3] 'SYS' PRIVILEGE :[4] 'NONE' CLIENT USER:[0] '' CLIENT TERMINAL:[10] 'ANDY-AARON' STATUS:[1] '0' DBID:[10] '3074368596' SESSIONID:[6] '400276' USERHOST:[10] 'ANDY-AARON' CLIENT ADDRESS:[0] '' ACTION NUMBER:[1] '3' </string>"
windows_event;win_event;E:\Cours\TFE\experiments\phase_dataset_strengthening\processed\multiformat_balanced_20260910T094422Z\samples\windows_event.xml;;956;2025-08-23T14:05:16.372213+00:00;INFO;34;Oracle.xe;Oracle.xe;andy-aaron;8052;0;;;;;;;;;;;;;;;;;;;;;;;;;;;INFORMATIONAL;generic;"<string>LENGTH: '669' ACTION :[418] 'select /*+ no_parallel(t) no_parallel_index(t) dbms_stats cursor_sharing_exact use_weak_name_resl dynamic_sampling(0) no_monitoring xmlindex_sel_idx_tbl opt_param('optimizer_inmemory_aware' 'false') no_substrb_pad leading(r t) use_nl(t) rowid(t) */ substrb(dump(t.""ID"",16,0,64),1,240) d_631915705, r.rwid, r.freq from ""SYS"".""WRI$_OPTSTAT_OPR"" t, table(:topntab) r where t.rowid = chartorowid(r.rwid) order by t.""ID""' DATABASE USER:[3] 'SYS' PRIVILEGE :[4] 'NONE' CLIENT USER:[0] '' CLIENT TERMINAL:[10] 'ANDY-AARON' STATUS:[1] '0' DBID:[10] '1689037571' SESSIONID:[6] '400403' USERHOST:[10] 'ANDY-AARON' CLIENT ADDRESS:[0] '' ACTION NUMBER:[1] '3' </string>"
windows_event;win_event;E:\Cours\TFE\experiments\phase_dataset_strengthening\processed\multiformat_balanced_20260910T094422Z\samples\windows_event.xml;;957;2025-08-23T14:05:16.372738+00:00;INFO;34;Oracle.xe;Oracle.xe;andy-aaron;8052;0;;;;;;;;;;;;;;;;;;;;;;;;;;;INFORMATIONAL;generic;"<string>LENGTH: '672' ACTION :[421] 'select /*+ no_parallel(t) no_parallel_index(t) dbms_stats cursor_sharing_exact use_weak_name_resl dynamic_sampling(0) no_monitoring xmlindex_sel_idx_tbl opt_param('optimizer_inmemory_aware' 'false') no_substrb_pad leading(r t) use_nl(t) rowid(t) */ substrb(dump(t.""SPARE2"",16,0,64),1,240) d_1795865358, r.rwid, r.freq from ""SYS"".""HIST_HEAD$"" t, table(:topntab) r where t.rowid = chartorowid(r.rwid) order by t.""SPARE2""' DATABASE USER:[3] 'SYS' PRIVILEGE :[4] 'NONE' CLIENT USER:[0] '' CLIENT TERMINAL:[10] 'ANDY-AARON' STATUS:[1] '0' DBID:[10] '3074368596' SESSIONID:[6] '400276' USERHOST:[10] 'ANDY-AARON' CLIENT ADDRESS:[0] '' ACTION NUMBER:[1] '3' </string>"
windows_event;win_event;E:\Cours\TFE\experiments\phase_dataset_strengthening\processed\multiformat_balanced_20260910T094422Z\samples\windows_event.xml;;958;2025-08-23T14:05:16.375061+00:00;INFO;34;Oracle.xe;Oracle.xe;andy-aaron;8052;0;;;;;;;;;;;;;;;;;;;;;;;;;;;INFORMATIONAL;generic;"<string>LENGTH: '690' ACTION :[439] 'select /*+ no_parallel(t) no_parallel_index(t) dbms_stats cursor_sharing_exact use_weak_name_resl dynamic_sampling(0) no_monitoring xmlindex_sel_idx_tbl opt_param('optimizer_inmemory_aware' 'false') no_substrb_pad leading(r t) use_nl(t) rowid(t) */ substrb(dump(t.""SYS_NC00017$"",16,0,64),1,240) d_1853515335, r.rwid, r.freq from ""SYS"".""WRI$_OPTSTAT_OPR"" t, table(:topntab) r where t.rowid = chartorowid(r.rwid) order by t.""SYS_NC00017$""' DATABASE USER:[3] 'SYS' PRIVILEGE :[4] 'NONE' CLIENT USER:[0] '' CLIENT TERMINAL:[10] 'ANDY-AARON' STATUS:[1] '0' DBID:[10] '1689037571' SESSIONID:[6] '400403' USERHOST:[10] 'ANDY-AARON' CLIENT ADDRESS:[0] '' ACTION NUMBER:[1] '3' </string>"
windows_event;win_event;E:\Cours\TFE\experiments\phase_dataset_strengthening\processed\multiformat_balanced_20260910T094422Z\samples\windows_event.xml;;959;2025-08-23T14:05:16.381964+00:00;INFO;34;Oracle.xe;Oracle.xe;andy-aaron;8052;0;;;;;;;;;;;;;;;;;;;;;;;;;;;INFORMATIONAL;generic;"<string>LENGTH: '690' ACTION :[439] 'select /*+ no_parallel(t) no_parallel_index(t) dbms_stats cursor_sharing_exact use_weak_name_resl dynamic_sampling(0) no_monitoring xmlindex_sel_idx_tbl opt_param('optimizer_inmemory_aware' 'false') no_substrb_pad leading(r t) use_nl(t) rowid(t) */ substrb(dump(t.""SYS_NC00017$"",16,0,64),1,240) d_1853515335, r.rwid, r.freq from ""SYS"".""WRI$_OPTSTAT_OPR"" t, table(:topntab) r where t.rowid = chartorowid(r.rwid) order by t.""SYS_NC00017$""' DATABASE USER:[3] 'SYS' PRIVILEGE :[4] 'NONE' CLIENT USER:[0] '' CLIENT TERMINAL:[10] 'ANDY-AARON' STATUS:[1] '0' DBID:[10] '1689037571' SESSIONID:[6] '400403' USERHOST:[10] 'ANDY-AARON' CLIENT ADDRESS:[0] '' ACTION NUMBER:[1] '3' </string>"
windows_event;win_event;E:\Cours\TFE\experiments\phase_dataset_strengthening\processed\multiformat_balanced_20260910T094422Z\samples\windows_event.xml;;960;2025-08-23T14:05:16.384863+00:00;INFO;34;Oracle.xe;Oracle.xe;andy-aaron;8052;0;;;;;;;;;;;;;;;;;;;;;;;;;;;INFORMATIONAL;generic;"<string>LENGTH: '703' ACTION :[452] 'select /*+ no_parallel(t) no_parallel_index(t) dbms_stats cursor_sharing_exact use_weak_name_resl dynamic_sampling(0) no_monitoring xmlindex_sel_idx_tbl opt_param('optimizer_inmemory_aware' 'false') no_substrb_pad leading(r t) use_nl(t) rowid(t) */ substrb(dump(substrb(t.""NOTES"",1,64),16,0,64),1,240) d_494323660, r.rwid, r.freq from ""SYS"".""WRI$_OPTSTAT_OPR"" t, table(:topntab) r where t.rowid = chartorowid(r.rwid) order by substrb(t.""NOTES"",1,64)' DATABASE USER:[3] 'SYS' PRIVILEGE :[4] 'NONE' CLIENT USER:[0] '' CLIENT TERMINAL:[10] 'ANDY-AARON' STATUS:[1] '0' DBID:[10] '1689037571' SESSIONID:[6] '400403' USERHOST:[10] 'ANDY-AARON' CLIENT ADDRESS:[0] '' ACTION NUMBER:[1] '3' </string>"
windows_event;win_event;E:\Cours\TFE\experiments\phase_dataset_strengthening\processed\multiformat_balanced_20260910T094422Z\samples\windows_event.xml;;961;2025-08-23T14:05:16.390301+00:00;INFO;34;Oracle.xe;Oracle.xe;andy-aaron;8052;0;;;;;;;;;;;;;;;;;;;;;;;;;;;INFORMATIONAL;generic;"<string>LENGTH: '703' ACTION :[452] 'select /*+ no_parallel(t) no_parallel_index(t) dbms_stats cursor_sharing_exact use_weak_name_resl dynamic_sampling(0) no_monitoring xmlindex_sel_idx_tbl opt_param('optimizer_inmemory_aware' 'false') no_substrb_pad leading(r t) use_nl(t) rowid(t) */ substrb(dump(substrb(t.""NOTES"",1,64),16,0,64),1,240) d_494323660, r.rwid, r.freq from ""SYS"".""WRI$_OPTSTAT_OPR"" t, table(:topntab) r where t.rowid = chartorowid(r.rwid) order by substrb(t.""NOTES"",1,64)' DATABASE USER:[3] 'SYS' PRIVILEGE :[4] 'NONE' CLIENT USER:[0] '' CLIENT TERMINAL:[10] 'ANDY-AARON' STATUS:[1] '0' DBID:[10] '1689037571' SESSIONID:[6] '400403' USERHOST:[10] 'ANDY-AARON' CLIENT ADDRESS:[0] '' ACTION NUMBER:[1] '3' </string>"
windows_event;win_event;E:\Cours\TFE\experiments\phase_dataset_strengthening\processed\multiformat_balanced_20260910T094422Z\samples\windows_event.xml;;962;2025-08-23T14:05:16.393475+00:00;INFO;34;Oracle.xe;Oracle.xe;andy-aaron;8052;0;;;;;;;;;;;;;;;;;;;;;;;;;;;INFORMATIONAL;generic;"<string>LENGTH: '684' ACTION :[433] 'select /*+ no_parallel(t) no_parallel_index(t) dbms_stats cursor_sharing_exact use_weak_name_resl dynamic_sampling(0) no_monitoring xmlindex_sel_idx_tbl opt_param('optimizer_inmemory_aware' 'false') no_substrb_pad leading(r t) use_nl(t) rowid(t) */ substrb(dump(t.""OPERATION"",16,0,64),1,240) d_3230324687, r.rwid, r.freq from ""SYS"".""WRI$_OPTSTAT_OPR"" t, table(:topntab) r where t.rowid = chartorowid(r.rwid) order by t.""OPERATION""' DATABASE USER:[3] 'SYS' PRIVILEGE :[4] 'NONE' CLIENT USER:[0] '' CLIENT TERMINAL:[10] 'ANDY-AARON' STATUS:[1] '0' DBID:[10] '1689037571' SESSIONID:[6] '400403' USERHOST:[10] 'ANDY-AARON' CLIENT ADDRESS:[0] '' ACTION NUMBER:[1] '3' </string>"
windows_event;win_event;E:\Cours\TFE\experiments\phase_dataset_strengthening\processed\multiformat_balanced_20260910T094422Z\samples\windows_event.xml;;963;2025-08-23T14:05:16.398319+00:00;INFO;34;Oracle.xe;Oracle.xe;andy-aaron;8052;0;;;;;;;;;;;;;;;;;;;;;;;;;;;INFORMATIONAL;generic;"<string>LENGTH: '684' ACTION :[433] 'select /*+ no_parallel(t) no_parallel_index(t) dbms_stats cursor_sharing_exact use_weak_name_resl dynamic_sampling(0) no_monitoring xmlindex_sel_idx_tbl opt_param('optimizer_inmemory_aware' 'false') no_substrb_pad leading(r t) use_nl(t) rowid(t) */ substrb(dump(t.""OPERATION"",16,0,64),1,240) d_3230324687, r.rwid, r.freq from ""SYS"".""WRI$_OPTSTAT_OPR"" t, table(:topntab) r where t.rowid = chartorowid(r.rwid) order by t.""OPERATION""' DATABASE USER:[3] 'SYS' PRIVILEGE :[4] 'NONE' CLIENT USER:[0] '' CLIENT TERMINAL:[10] 'ANDY-AARON' STATUS:[1] '0' DBID:[10] '1689037571' SESSIONID:[6] '400403' USERHOST:[10] 'ANDY-AARON' CLIENT ADDRESS:[0] '' ACTION NUMBER:[1] '3' </string>"
windows_event;win_event;E:\Cours\TFE\experiments\phase_dataset_strengthening\processed\multiformat_balanced_20260910T094422Z\samples\windows_event.xml;;964;2025-08-23T14:05:16.400448+00:00;INFO;34;Oracle.xe;Oracle.xe;andy-aaron;8052;0;;;;;;;;;;;;;;;;;;;;;;;;;;;INFORMATIONAL;generic;"<string>LENGTH: '678' ACTION :[427] 'select /*+ no_parallel(t) no_parallel_index(t) dbms_stats cursor_sharing_exact use_weak_name_resl dynamic_sampling(0) no_monitoring xmlindex_sel_idx_tbl opt_param('optimizer_inmemory_aware' 'false') no_substrb_pad leading(r t) use_nl(t) rowid(t) */ substrb(dump(t.""STATUS"",16,0,64),1,240) d_2980463140, r.rwid, r.freq from ""SYS"".""WRI$_OPTSTAT_OPR"" t, table(:topntab) r where t.rowid = chartorowid(r.rwid) order by t.""STATUS""' DATABASE USER:[3] 'SYS' PRIVILEGE :[4] 'NONE' CLIENT USER:[0] '' CLIENT TERMINAL:[10] 'ANDY-AARON' STATUS:[1] '0' DBID:[10] '1689037571' SESSIONID:[6] '400403' USERHOST:[10] 'ANDY-AARON' CLIENT ADDRESS:[0] '' ACTION NUMBER:[1] '3' </string>"
windows_event;win_event;E:\Cours\TFE\experiments\phase_dataset_strengthening\processed\multiformat_balanced_20260910T094422Z\samples\windows_event.xml;;965;2025-08-23T14:05:16.406855+00:00;INFO;34;Oracle.xe;Oracle.xe;andy-aaron;8052;0;;;;;;;;;;;;;;;;;;;;;;;;;;;INFORMATIONAL;generic;"<string>LENGTH: '678' ACTION :[427] 'select /*+ no_parallel(t) no_parallel_index(t) dbms_stats cursor_sharing_exact use_weak_name_resl dynamic_sampling(0) no_monitoring xmlindex_sel_idx_tbl opt_param('optimizer_inmemory_aware' 'false') no_substrb_pad leading(r t) use_nl(t) rowid(t) */ substrb(dump(t.""STATUS"",16,0,64),1,240) d_2980463140, r.rwid, r.freq from ""SYS"".""WRI$_OPTSTAT_OPR"" t, table(:topntab) r where t.rowid = chartorowid(r.rwid) order by t.""STATUS""' DATABASE USER:[3] 'SYS' PRIVILEGE :[4] 'NONE' CLIENT USER:[0] '' CLIENT TERMINAL:[10] 'ANDY-AARON' STATUS:[1] '0' DBID:[10] '1689037571' SESSIONID:[6] '400403' USERHOST:[10] 'ANDY-AARON' CLIENT ADDRESS:[0] '' ACTION NUMBER:[1] '3' </string>"
windows_event;win_event;E:\Cours\TFE\experiments\phase_dataset_strengthening\processed\multiformat_balanced_20260910T094422Z\samples\windows_event.xml;;966;2025-08-23T14:05:16.410030+00:00;INFO;34;Oracle.xe;Oracle.xe;andy-aaron;8052;0;;;;;;;;;;;;;;;;;;;;;;;;;;;INFORMATIONAL;generic;"<string>LENGTH: '706' ACTION :[455] 'select /*+ no_parallel(t) no_parallel_index(t) dbms_stats cursor_sharing_exact use_weak_name_resl dynamic_sampling(0) no_monitoring xmlindex_sel_idx_tbl opt_param('optimizer_inmemory_aware' 'false') no_substrb_pad leading(r t) use_nl(t) rowid(t) */ substrb(dump(substrb(t.""TARGET"",1,64),16,0,64),1,240) d_1827374718, r.rwid, r.freq from ""SYS"".""WRI$_OPTSTAT_OPR"" t, table(:topntab) r where t.rowid = chartorowid(r.rwid) order by substrb(t.""TARGET"",1,64)' DATABASE USER:[3] 'SYS' PRIVILEGE :[4] 'NONE' CLIENT USER:[0] '' CLIENT TERMINAL:[10] 'ANDY-AARON' STATUS:[1] '0' DBID:[10] '1689037571' SESSIONID:[6] '400403' USERHOST:[10] 'ANDY-AARON' CLIENT ADDRESS:[0] '' ACTION NUMBER:[1] '3' </string>"
windows_event;win_event;E:\Cours\TFE\experiments\phase_dataset_strengthening\processed\multiformat_balanced_20260910T094422Z\samples\windows_event.xml;;967;2025-08-23T14:05:16.415899+00:00;INFO;34;Oracle.xe;Oracle.xe;andy-aaron;8052;0;;;;;;;;;;;;;;;;;;;;;;;;;;;INFORMATIONAL;generic;"<string>LENGTH: '706' ACTION :[455] 'select /*+ no_parallel(t) no_parallel_index(t) dbms_stats cursor_sharing_exact use_weak_name_resl dynamic_sampling(0) no_monitoring xmlindex_sel_idx_tbl opt_param('optimizer_inmemory_aware' 'false') no_substrb_pad leading(r t) use_nl(t) rowid(t) */ substrb(dump(substrb(t.""TARGET"",1,64),16,0,64),1,240) d_1827374718, r.rwid, r.freq from ""SYS"".""WRI$_OPTSTAT_OPR"" t, table(:topntab) r where t.rowid = chartorowid(r.rwid) order by substrb(t.""TARGET"",1,64)' DATABASE USER:[3] 'SYS' PRIVILEGE :[4] 'NONE' CLIENT USER:[0] '' CLIENT TERMINAL:[10] 'ANDY-AARON' STATUS:[1] '0' DBID:[10] '1689037571' SESSIONID:[6] '400403' USERHOST:[10] 'ANDY-AARON' CLIENT ADDRESS:[0] '' ACTION NUMBER:[1] '3' </string>"
windows_event;win_event;E:\Cours\TFE\experiments\phase_dataset_strengthening\processed\multiformat_balanced_20260910T094422Z\samples\windows_event.xml;;968;2025-08-23T14:05:16.574518+00:00;INFO;34;Oracle.xe;Oracle.xe;andy-aaron;8052;0;;;;;;;;;;;;;;;;;;;;;;;;;;;INFORMATIONAL;generic;"<string>LENGTH: '664' ACTION :[413] 'select /*+ no_parallel(t) no_parallel_index(t) dbms_stats cursor_sharing_exact use_weak_name_resl dynamic_sampling(0) no_monitoring xmlindex_sel_idx_tbl opt_param('optimizer_inmemory_aware' 'false') no_substrb_pad leading(r t) use_nl(t) rowid(t) */ substrb(dump(t.""BO#"",16,0,64),1,240) d_3258529640, r.rwid, r.freq from ""SYS"".""TABPART$"" t, table(:topntab) r where t.rowid = chartorowid(r.rwid) order by t.""BO#""' DATABASE USER:[3] 'SYS' PRIVILEGE :[4] 'NONE' CLIENT USER:[0] '' CLIENT TERMINAL:[10] 'ANDY-AARON' STATUS:[1] '0' DBID:[10] '1689037571' SESSIONID:[6] '400403' USERHOST:[10] 'ANDY-AARON' CLIENT ADDRESS:[0] '' ACTION NUMBER:[1] '3' </string>"
windows_event;win_event;E:\Cours\TFE\experiments\phase_dataset_strengthening\processed\multiformat_balanced_20260910T094422Z\samples\windows_event.xml;;969;2025-08-23T14:05:16.578279+00:00;INFO;34;Oracle.xe;Oracle.xe;andy-aaron;8052;0;;;;;;;;;;;;;;;;;;;;;;;;;;;INFORMATIONAL;generic;"<string>LENGTH: '664' ACTION :[413] 'select /*+ no_parallel(t) no_parallel_index(t) dbms_stats cursor_sharing_exact use_weak_name_resl dynamic_sampling(0) no_monitoring xmlindex_sel_idx_tbl opt_param('optimizer_inmemory_aware' 'false') no_substrb_pad leading(r t) use_nl(t) rowid(t) */ substrb(dump(t.""BO#"",16,0,64),1,240) d_3258529640, r.rwid, r.freq from ""SYS"".""TABPART$"" t, table(:topntab) r where t.rowid = chartorowid(r.rwid) order by t.""BO#""' DATABASE USER:[3] 'SYS' PRIVILEGE :[4] 'NONE' CLIENT USER:[0] '' CLIENT TERMINAL:[10] 'ANDY-AARON' STATUS:[1] '0' DBID:[10] '1689037571' SESSIONID:[6] '400403' USERHOST:[10] 'ANDY-AARON' CLIENT ADDRESS:[0] '' ACTION NUMBER:[1] '3' </string>"
windows_event;win_event;E:\Cours\TFE\experiments\phase_dataset_strengthening\processed\multiformat_balanced_20260910T094422Z\samples\windows_event.xml;;970;2025-08-23T14:05:16.587736+00:00;INFO;34;Oracle.xe;Oracle.xe;andy-aaron;8052;0;;;;;;;;;;;;;;;;;;;;;;;;;;;INFORMATIONAL;generic;"<string>LENGTH: '667' ACTION :[416] 'select /*+ no_parallel(t) no_parallel_index(t) dbms_stats cursor_sharing_exact use_weak_name_resl dynamic_sampling(0) no_monitoring xmlindex_sel_idx_tbl opt_param('optimizer_inmemory_aware' 'false') no_substrb_pad leading(r t) use_nl(t) rowid(t) */ substrb(dump(t.""PART#"",16,0,64),1,240) d_313988010, r.rwid, r.freq from ""SYS"".""TABPART$"" t, table(:topntab) r where t.rowid = chartorowid(r.rwid) order by t.""PART#""' DATABASE USER:[3] 'SYS' PRIVILEGE :[4] 'NONE' CLIENT USER:[0] '' CLIENT TERMINAL:[10] 'ANDY-AARON' STATUS:[1] '0' DBID:[10] '1689037571' SESSIONID:[6] '400403' USERHOST:[10] 'ANDY-AARON' CLIENT ADDRESS:[0] '' ACTION NUMBER:[1] '3' </string>"
windows_event;win_event;E:\Cours\TFE\experiments\phase_dataset_strengthening\processed\multiformat_balanced_20260910T094422Z\samples\windows_event.xml;;971;2025-08-23T14:05:16.591793+00:00;INFO;34;Oracle.xe;Oracle.xe;andy-aaron;8052;0;;;;;;;;;;;;;;;;;;;;;;;;;;;INFORMATIONAL;generic;"<string>LENGTH: '667' ACTION :[416] 'select /*+ no_parallel(t) no_parallel_index(t) dbms_stats cursor_sharing_exact use_weak_name_resl dynamic_sampling(0) no_monitoring xmlindex_sel_idx_tbl opt_param('optimizer_inmemory_aware' 'false') no_substrb_pad leading(r t) use_nl(t) rowid(t) */ substrb(dump(t.""PART#"",16,0,64),1,240) d_313988010, r.rwid, r.freq from ""SYS"".""TABPART$"" t, table(:topntab) r where t.rowid = chartorowid(r.rwid) order by t.""PART#""' DATABASE USER:[3] 'SYS' PRIVILEGE :[4] 'NONE' CLIENT USER:[0] '' CLIENT TERMINAL:[10] 'ANDY-AARON' STATUS:[1] '0' DBID:[10] '1689037571' SESSIONID:[6] '400403' USERHOST:[10] 'ANDY-AARON' CLIENT ADDRESS:[0] '' ACTION NUMBER:[1] '3' </string>"
windows_event;win_event;E:\Cours\TFE\experiments\phase_dataset_strengthening\processed\multiformat_balanced_20260910T094422Z\samples\windows_event.xml;;972;2025-08-23T14:05:16.594816+00:00;INFO;34;Oracle.xe;Oracle.xe;andy-aaron;8052;0;;;;;;;;;;;;;;;;;;;;;;;;;;;INFORMATIONAL;generic;"<string>LENGTH: '670' ACTION :[419] 'select /*+ no_parallel(t) no_parallel_index(t) dbms_stats cursor_sharing_exact use_weak_name_resl dynamic_sampling(0) no_monitoring xmlindex_sel_idx_tbl opt_param('optimizer_inmemory_aware' 'false') no_substrb_pad leading(r t) use_nl(t) rowid(t) */ substrb(dump(t.""BLOCK#"",16,0,64),1,240) d_1712031901, r.rwid, r.freq from ""SYS"".""TABPART$"" t, table(:topntab) r where t.rowid = chartorowid(r.rwid) order by t.""BLOCK#""' DATABASE USER:[3] 'SYS' PRIVILEGE :[4] 'NONE' CLIENT USER:[0] '' CLIENT TERMINAL:[10] 'ANDY-AARON' STATUS:[1] '0' DBID:[10] '1689037571' SESSIONID:[6] '400403' USERHOST:[10] 'ANDY-AARON' CLIENT ADDRESS:[0] '' ACTION NUMBER:[1] '3' </string>"
windows_event;win_event;E:\Cours\TFE\experiments\phase_dataset_strengthening\processed\multiformat_balanced_20260910T094422Z\samples\windows_event.xml;;973;2025-08-23T14:05:16.598375+00:00;INFO;34;Oracle.xe;Oracle.xe;andy-aaron;8052;0;;;;;;;;;;;;;;;;;;;;;;;;;;;INFORMATIONAL;generic;"<string>LENGTH: '670' ACTION :[419] 'select /*+ no_parallel(t) no_parallel_index(t) dbms_stats cursor_sharing_exact use_weak_name_resl dynamic_sampling(0) no_monitoring xmlindex_sel_idx_tbl opt_param('optimizer_inmemory_aware' 'false') no_substrb_pad leading(r t) use_nl(t) rowid(t) */ substrb(dump(t.""BLOCK#"",16,0,64),1,240) d_1712031901, r.rwid, r.freq from ""SYS"".""TABPART$"" t, table(:topntab) r where t.rowid = chartorowid(r.rwid) order by t.""BLOCK#""' DATABASE USER:[3] 'SYS' PRIVILEGE :[4] 'NONE' CLIENT USER:[0] '' CLIENT TERMINAL:[10] 'ANDY-AARON' STATUS:[1] '0' DBID:[10] '1689037571' SESSIONID:[6] '400403' USERHOST:[10] 'ANDY-AARON' CLIENT ADDRESS:[0] '' ACTION NUMBER:[1] '3' </string>"
windows_event;win_event;E:\Cours\TFE\experiments\phase_dataset_strengthening\processed\multiformat_balanced_20260910T094422Z\samples\windows_event.xml;;974;2025-08-23T14:05:16.600353+00:00;INFO;34;Oracle.xe;Oracle.xe;andy-aaron;8052;0;;;;;;;;;;;;;;;;;;;;;;;;;;;INFORMATIONAL;generic;"<string>LENGTH: '670' ACTION :[419] 'select /*+ no_parallel(t) no_parallel_index(t) dbms_stats cursor_sharing_exact use_weak_name_resl dynamic_sampling(0) no_monitoring xmlindex_sel_idx_tbl opt_param('optimizer_inmemory_aware' 'false') no_substrb_pad leading(r t) use_nl(t) rowid(t) */ substrb(dump(t.""ROWCNT"",16,0,64),1,240) d_3130682327, r.rwid, r.freq from ""SYS"".""TABPART$"" t, table(:topntab) r where t.rowid = chartorowid(r.rwid) order by t.""ROWCNT""' DATABASE USER:[3] 'SYS' PRIVILEGE :[4] 'NONE' CLIENT USER:[0] '' CLIENT TERMINAL:[10] 'ANDY-AARON' STATUS:[1] '0' DBID:[10] '1689037571' SESSIONID:[6] '400403' USERHOST:[10] 'ANDY-AARON' CLIENT ADDRESS:[0] '' ACTION NUMBER:[1] '3' </string>"
windows_event;win_event;E:\Cours\TFE\experiments\phase_dataset_strengthening\processed\multiformat_balanced_20260910T094422Z\samples\windows_event.xml;;975;2025-08-23T14:05:16.604055+00:00;INFO;34;Oracle.xe;Oracle.xe;andy-aaron;8052;0;;;;;;;;;;;;;;;;;;;;;;;;;;;INFORMATIONAL;generic;"<string>LENGTH: '670' ACTION :[419] 'select /*+ no_parallel(t) no_parallel_index(t) dbms_stats cursor_sharing_exact use_weak_name_resl dynamic_sampling(0) no_monitoring xmlindex_sel_idx_tbl opt_param('optimizer_inmemory_aware' 'false') no_substrb_pad leading(r t) use_nl(t) rowid(t) */ substrb(dump(t.""ROWCNT"",16,0,64),1,240) d_3130682327, r.rwid, r.freq from ""SYS"".""TABPART$"" t, table(:topntab) r where t.rowid = chartorowid(r.rwid) order by t.""ROWCNT""' DATABASE USER:[3] 'SYS' PRIVILEGE :[4] 'NONE' CLIENT USER:[0] '' CLIENT TERMINAL:[10] 'ANDY-AARON' STATUS:[1] '0' DBID:[10] '1689037571' SESSIONID:[6] '400403' USERHOST:[10] 'ANDY-AARON' CLIENT ADDRESS:[0] '' ACTION NUMBER:[1] '3' </string>"
windows_event;win_event;E:\Cours\TFE\experiments\phase_dataset_strengthening\processed\multiformat_balanced_20260910T094422Z\samples\windows_event.xml;;976;2025-08-23T14:05:16.610336+00:00;INFO;34;Oracle.xe;Oracle.xe;andy-aaron;8052;0;;;;;;;;;;;;;;;;;;;;;;;;;;;INFORMATIONAL;generic;"<string>LENGTH: '678' ACTION :[427] 'select /*+ no_parallel(t) no_parallel_index(t) dbms_stats cursor_sharing_exact use_weak_name_resl dynamic_sampling(0) no_monitoring xmlindex_sel_idx_tbl opt_param('optimizer_inmemory_aware' 'false') no_substrb_pad leading(r t) use_nl(t) rowid(t) */ substrb(dump(t.""SAMPLESIZE"",16,0,64),1,240) d_2178311139, r.rwid, r.freq from ""SYS"".""TABPART$"" t, table(:topntab) r where t.rowid = chartorowid(r.rwid) order by t.""SAMPLESIZE""' DATABASE USER:[3] 'SYS' PRIVILEGE :[4] 'NONE' CLIENT USER:[0] '' CLIENT TERMINAL:[10] 'ANDY-AARON' STATUS:[1] '0' DBID:[10] '1689037571' SESSIONID:[6] '400403' USERHOST:[10] 'ANDY-AARON' CLIENT ADDRESS:[0] '' ACTION NUMBER:[1] '3' </string>"
windows_event;win_event;E:\Cours\TFE\experiments\phase_dataset_strengthening\processed\multiformat_balanced_20260910T094422Z\samples\windows_event.xml;;977;2025-08-23T14:05:16.615311+00:00;INFO;34;Oracle.xe;Oracle.xe;andy-aaron;8052;0;;;;;;;;;;;;;;;;;;;;;;;;;;;INFORMATIONAL;generic;"<string>LENGTH: '678' ACTION :[427] 'select /*+ no_parallel(t) no_parallel_index(t) dbms_stats cursor_sharing_exact use_weak_name_resl dynamic_sampling(0) no_monitoring xmlindex_sel_idx_tbl opt_param('optimizer_inmemory_aware' 'false') no_substrb_pad leading(r t) use_nl(t) rowid(t) */ substrb(dump(t.""SAMPLESIZE"",16,0,64),1,240) d_2178311139, r.rwid, r.freq from ""SYS"".""TABPART$"" t, table(:topntab) r where t.rowid = chartorowid(r.rwid) order by t.""SAMPLESIZE""' DATABASE USER:[3] 'SYS' PRIVILEGE :[4] 'NONE' CLIENT USER:[0] '' CLIENT TERMINAL:[10] 'ANDY-AARON' STATUS:[1] '0' DBID:[10] '1689037571' SESSIONID:[6] '400403' USERHOST:[10] 'ANDY-AARON' CLIENT ADDRESS:[0] '' ACTION NUMBER:[1] '3' </string>"
windows_event;win_event;E:\Cours\TFE\experiments\phase_dataset_strengthening\processed\multiformat_balanced_20260910T094422Z\samples\windows_event.xml;;978;2025-08-23T14:05:16.617752+00:00;INFO;34;Oracle.xe;Oracle.xe;andy-aaron;8052;0;;;;;;;;;;;;;;;;;;;;;;;;;;;INFORMATIONAL;generic;"<string>LENGTH: '668' ACTION :[417] 'select /*+ no_parallel(t) no_parallel_index(t) dbms_stats cursor_sharing_exact use_weak_name_resl dynamic_sampling(0) no_monitoring xmlindex_sel_idx_tbl opt_param('optimizer_inmemory_aware' 'false') no_substrb_pad leading(r t) use_nl(t) rowid(t) */ substrb(dump(t.""FLAGS"",16,0,64),1,240) d_2385161744, r.rwid, r.freq from ""SYS"".""TABPART$"" t, table(:topntab) r where t.rowid = chartorowid(r.rwid) order by t.""FLAGS""' DATABASE USER:[3] 'SYS' PRIVILEGE :[4] 'NONE' CLIENT USER:[0] '' CLIENT TERMINAL:[10] 'ANDY-AARON' STATUS:[1] '0' DBID:[10] '1689037571' SESSIONID:[6] '400403' USERHOST:[10] 'ANDY-AARON' CLIENT ADDRESS:[0] '' ACTION NUMBER:[1] '3' </string>"
windows_event;win_event;E:\Cours\TFE\experiments\phase_dataset_strengthening\processed\multiformat_balanced_20260910T094422Z\samples\windows_event.xml;;979;2025-08-23T14:05:16.621178+00:00;INFO;34;Oracle.xe;Oracle.xe;andy-aaron;8052;0;;;;;;;;;;;;;;;;;;;;;;;;;;;INFORMATIONAL;generic;"<string>LENGTH: '668' ACTION :[417] 'select /*+ no_parallel(t) no_parallel_index(t) dbms_stats cursor_sharing_exact use_weak_name_resl dynamic_sampling(0) no_monitoring xmlindex_sel_idx_tbl opt_param('optimizer_inmemory_aware' 'false') no_substrb_pad leading(r t) use_nl(t) rowid(t) */ substrb(dump(t.""FLAGS"",16,0,64),1,240) d_2385161744, r.rwid, r.freq from ""SYS"".""TABPART$"" t, table(:topntab) r where t.rowid = chartorowid(r.rwid) order by t.""FLAGS""' DATABASE USER:[3] 'SYS' PRIVILEGE :[4] 'NONE' CLIENT USER:[0] '' CLIENT TERMINAL:[10] 'ANDY-AARON' STATUS:[1] '0' DBID:[10] '1689037571' SESSIONID:[6] '400403' USERHOST:[10] 'ANDY-AARON' CLIENT ADDRESS:[0] '' ACTION NUMBER:[1] '3' </string>"
windows_event;win_event;E:\Cours\TFE\experiments\phase_dataset_strengthening\processed\multiformat_balanced_20260910T094422Z\samples\windows_event.xml;;980;2025-08-23T14:05:16.623581+00:00;INFO;34;Oracle.xe;Oracle.xe;andy-aaron;8052;0;;;;;;;;;;;;;;;;;;;;;;;;;;;INFORMATIONAL;generic;"<string>LENGTH: '668' ACTION :[417] 'select /*+ no_parallel(t) no_parallel_index(t) dbms_stats cursor_sharing_exact use_weak_name_resl dynamic_sampling(0) no_monitoring xmlindex_sel_idx_tbl opt_param('optimizer_inmemory_aware' 'false') no_substrb_pad leading(r t) use_nl(t) rowid(t) */ substrb(dump(t.""FILE#"",16,0,64),1,240) d_1985055719, r.rwid, r.freq from ""SYS"".""TABPART$"" t, table(:topntab) r where t.rowid = chartorowid(r.rwid) order by t.""FILE#""' DATABASE USER:[3] 'SYS' PRIVILEGE :[4] 'NONE' CLIENT USER:[0] '' CLIENT TERMINAL:[10] 'ANDY-AARON' STATUS:[1] '0' DBID:[10] '1689037571' SESSIONID:[6] '400403' USERHOST:[10] 'ANDY-AARON' CLIENT ADDRESS:[0] '' ACTION NUMBER:[1] '3' </string>"
windows_event;win_event;E:\Cours\TFE\experiments\phase_dataset_strengthening\processed\multiformat_balanced_20260910T094422Z\samples\windows_event.xml;;981;2025-08-23T14:05:16.626944+00:00;INFO;34;Oracle.xe;Oracle.xe;andy-aaron;8052;0;;;;;;;;;;;;;;;;;;;;;;;;;;;INFORMATIONAL;generic;"<string>LENGTH: '668' ACTION :[417] 'select /*+ no_parallel(t) no_parallel_index(t) dbms_stats cursor_sharing_exact use_weak_name_resl dynamic_sampling(0) no_monitoring xmlindex_sel_idx_tbl opt_param('optimizer_inmemory_aware' 'false') no_substrb_pad leading(r t) use_nl(t) rowid(t) */ substrb(dump(t.""FILE#"",16,0,64),1,240) d_1985055719, r.rwid, r.freq from ""SYS"".""TABPART$"" t, table(:topntab) r where t.rowid = chartorowid(r.rwid) order by t.""FILE#""' DATABASE USER:[3] 'SYS' PRIVILEGE :[4] 'NONE' CLIENT USER:[0] '' CLIENT TERMINAL:[10] 'ANDY-AARON' STATUS:[1] '0' DBID:[10] '1689037571' SESSIONID:[6] '400403' USERHOST:[10] 'ANDY-AARON' CLIENT ADDRESS:[0] '' ACTION NUMBER:[1] '3' </string>"
windows_event;win_event;E:\Cours\TFE\experiments\phase_dataset_strengthening\processed\multiformat_balanced_20260910T094422Z\samples\windows_event.xml;;982;2025-08-23T14:05:16.629250+00:00;INFO;34;Oracle.xe;Oracle.xe;andy-aaron;8052;0;;;;;;;;;;;;;;;;;;;;;;;;;;;INFORMATIONAL;generic;"<string>LENGTH: '664' ACTION :[413] 'select /*+ no_parallel(t) no_parallel_index(t) dbms_stats cursor_sharing_exact use_weak_name_resl dynamic_sampling(0) no_monitoring xmlindex_sel_idx_tbl opt_param('optimizer_inmemory_aware' 'false') no_substrb_pad leading(r t) use_nl(t) rowid(t) */ substrb(dump(t.""TS#"",16,0,64),1,240) d_2793702272, r.rwid, r.freq from ""SYS"".""TABPART$"" t, table(:topntab) r where t.rowid = chartorowid(r.rwid) order by t.""TS#""' DATABASE USER:[3] 'SYS' PRIVILEGE :[4] 'NONE' CLIENT USER:[0] '' CLIENT TERMINAL:[10] 'ANDY-AARON' STATUS:[1] '0' DBID:[10] '1689037571' SESSIONID:[6] '400403' USERHOST:[10] 'ANDY-AARON' CLIENT ADDRESS:[0] '' ACTION NUMBER:[1] '3' </string>"
windows_event;win_event;E:\Cours\TFE\experiments\phase_dataset_strengthening\processed\multiformat_balanced_20260910T094422Z\samples\windows_event.xml;;983;2025-08-23T14:05:16.632540+00:00;INFO;34;Oracle.xe;Oracle.xe;andy-aaron;8052;0;;;;;;;;;;;;;;;;;;;;;;;;;;;INFORMATIONAL;generic;"<string>LENGTH: '664' ACTION :[413] 'select /*+ no_parallel(t) no_parallel_index(t) dbms_stats cursor_sharing_exact use_weak_name_resl dynamic_sampling(0) no_monitoring xmlindex_sel_idx_tbl opt_param('optimizer_inmemory_aware' 'false') no_substrb_pad leading(r t) use_nl(t) rowid(t) */ substrb(dump(t.""TS#"",16,0,64),1,240) d_2793702272, r.rwid, r.freq from ""SYS"".""TABPART$"" t, table(:topntab) r where t.rowid = chartorowid(r.rwid) order by t.""TS#""' DATABASE USER:[3] 'SYS' PRIVILEGE :[4] 'NONE' CLIENT USER:[0] '' CLIENT TERMINAL:[10] 'ANDY-AARON' STATUS:[1] '0' DBID:[10] '1689037571' SESSIONID:[6] '400403' USERHOST:[10] 'ANDY-AARON' CLIENT ADDRESS:[0] '' ACTION NUMBER:[1] '3' </string>"
windows_event;win_event;E:\Cours\TFE\experiments\phase_dataset_strengthening\processed\multiformat_balanced_20260910T094422Z\samples\windows_event.xml;;984;2025-08-23T14:05:16.866924+00:00;INFO;34;Oracle.xe;Oracle.xe;andy-aaron;8052;0;;;;;;;;;;;;;;;;;;;;;;;;;;;INFORMATIONAL;generic;"<string>LENGTH: '664' ACTION :[413] 'select /*+ no_parallel(t) no_parallel_index(t) dbms_stats cursor_sharing_exact use_weak_name_resl dynamic_sampling(0) no_monitoring xmlindex_sel_idx_tbl opt_param('optimizer_inmemory_aware' 'false') no_substrb_pad leading(r t) use_nl(t) rowid(t) */ substrb(dump(t.""BO#"",16,0,64),1,240) d_3258529640, r.rwid, r.freq from ""SYS"".""INDPART$"" t, table(:topntab) r where t.rowid = chartorowid(r.rwid) order by t.""BO#""' DATABASE USER:[3] 'SYS' PRIVILEGE :[4] 'NONE' CLIENT USER:[0] '' CLIENT TERMINAL:[10] 'ANDY-AARON' STATUS:[1] '0' DBID:[10] '1689037571' SESSIONID:[6] '400403' USERHOST:[10] 'ANDY-AARON' CLIENT ADDRESS:[0] '' ACTION NUMBER:[1] '3' </string>"
windows_event;win_event;E:\Cours\TFE\experiments\phase_dataset_strengthening\processed\multiformat_balanced_20260910T094422Z\samples\windows_event.xml;;985;2025-08-23T14:05:16.870871+00:00;INFO;34;Oracle.xe;Oracle.xe;andy-aaron;8052;0;;;;;;;;;;;;;;;;;;;;;;;;;;;INFORMATIONAL;generic;"<string>LENGTH: '664' ACTION :[413] 'select /*+ no_parallel(t) no_parallel_index(t) dbms_stats cursor_sharing_exact use_weak_name_resl dynamic_sampling(0) no_monitoring xmlindex_sel_idx_tbl opt_param('optimizer_inmemory_aware' 'false') no_substrb_pad leading(r t) use_nl(t) rowid(t) */ substrb(dump(t.""BO#"",16,0,64),1,240) d_3258529640, r.rwid, r.freq from ""SYS"".""INDPART$"" t, table(:topntab) r where t.rowid = chartorowid(r.rwid) order by t.""BO#""' DATABASE USER:[3] 'SYS' PRIVILEGE :[4] 'NONE' CLIENT USER:[0] '' CLIENT TERMINAL:[10] 'ANDY-AARON' STATUS:[1] '0' DBID:[10] '1689037571' SESSIONID:[6] '400403' USERHOST:[10] 'ANDY-AARON' CLIENT ADDRESS:[0] '' ACTION NUMBER:[1] '3' </string>"
windows_event;win_event;E:\Cours\TFE\experiments\phase_dataset_strengthening\processed\multiformat_balanced_20260910T094422Z\samples\windows_event.xml;;986;2025-08-23T14:05:16.874790+00:00;INFO;34;Oracle.xe;Oracle.xe;andy-aaron;8052;0;;;;;;;;;;;;;;;;;;;;;;;;;;;INFORMATIONAL;generic;"<string>LENGTH: '670' ACTION :[419] 'select /*+ no_parallel(t) no_parallel_index(t) dbms_stats cursor_sharing_exact use_weak_name_resl dynamic_sampling(0) no_monitoring xmlindex_sel_idx_tbl opt_param('optimizer_inmemory_aware' 'false') no_substrb_pad leading(r t) use_nl(t) rowid(t) */ substrb(dump(t.""BLOCK#"",16,0,64),1,240) d_1712031901, r.rwid, r.freq from ""SYS"".""INDPART$"" t, table(:topntab) r where t.rowid = chartorowid(r.rwid) order by t.""BLOCK#""' DATABASE USER:[3] 'SYS' PRIVILEGE :[4] 'NONE' CLIENT USER:[0] '' CLIENT TERMINAL:[10] 'ANDY-AARON' STATUS:[1] '0' DBID:[10] '1689037571' SESSIONID:[6] '400403' USERHOST:[10] 'ANDY-AARON' CLIENT ADDRESS:[0] '' ACTION NUMBER:[1] '3' </string>"
windows_event;win_event;E:\Cours\TFE\experiments\phase_dataset_strengthening\processed\multiformat_balanced_20260910T094422Z\samples\windows_event.xml;;987;2025-08-23T14:05:16.878586+00:00;INFO;34;Oracle.xe;Oracle.xe;andy-aaron;8052;0;;;;;;;;;;;;;;;;;;;;;;;;;;;INFORMATIONAL;generic;"<string>LENGTH: '670' ACTION :[419] 'select /*+ no_parallel(t) no_parallel_index(t) dbms_stats cursor_sharing_exact use_weak_name_resl dynamic_sampling(0) no_monitoring xmlindex_sel_idx_tbl opt_param('optimizer_inmemory_aware' 'false') no_substrb_pad leading(r t) use_nl(t) rowid(t) */ substrb(dump(t.""BLOCK#"",16,0,64),1,240) d_1712031901, r.rwid, r.freq from ""SYS"".""INDPART$"" t, table(:topntab) r where t.rowid = chartorowid(r.rwid) order by t.""BLOCK#""' DATABASE USER:[3] 'SYS' PRIVILEGE :[4] 'NONE' CLIENT USER:[0] '' CLIENT TERMINAL:[10] 'ANDY-AARON' STATUS:[1] '0' DBID:[10] '1689037571' SESSIONID:[6] '400403' USERHOST:[10] 'ANDY-AARON' CLIENT ADDRESS:[0] '' ACTION NUMBER:[1] '3' </string>"
windows_event;win_event;E:\Cours\TFE\experiments\phase_dataset_strengthening\processed\multiformat_balanced_20260910T094422Z\samples\windows_event.xml;;988;2025-08-23T14:05:16.880838+00:00;INFO;34;Oracle.xe;Oracle.xe;andy-aaron;8052;0;;;;;;;;;;;;;;;;;;;;;;;;;;;INFORMATIONAL;generic;"<string>LENGTH: '667' ACTION :[416] 'select /*+ no_parallel(t) no_parallel_index(t) dbms_stats cursor_sharing_exact use_weak_name_resl dynamic_sampling(0) no_monitoring xmlindex_sel_idx_tbl opt_param('optimizer_inmemory_aware' 'false') no_substrb_pad leading(r t) use_nl(t) rowid(t) */ substrb(dump(t.""PART#"",16,0,64),1,240) d_313988010, r.rwid, r.freq from ""SYS"".""INDPART$"" t, table(:topntab) r where t.rowid = chartorowid(r.rwid) order by t.""PART#""' DATABASE USER:[3] 'SYS' PRIVILEGE :[4] 'NONE' CLIENT USER:[0] '' CLIENT TERMINAL:[10] 'ANDY-AARON' STATUS:[1] '0' DBID:[10] '1689037571' SESSIONID:[6] '400403' USERHOST:[10] 'ANDY-AARON' CLIENT ADDRESS:[0] '' ACTION NUMBER:[1] '3' </string>"
windows_event;win_event;E:\Cours\TFE\experiments\phase_dataset_strengthening\processed\multiformat_balanced_20260910T094422Z\samples\windows_event.xml;;989;2025-08-23T14:05:16.884409+00:00;INFO;34;Oracle.xe;Oracle.xe;andy-aaron;8052;0;;;;;;;;;;;;;;;;;;;;;;;;;;;INFORMATIONAL;generic;"<string>LENGTH: '667' ACTION :[416] 'select /*+ no_parallel(t) no_parallel_index(t) dbms_stats cursor_sharing_exact use_weak_name_resl dynamic_sampling(0) no_monitoring xmlindex_sel_idx_tbl opt_param('optimizer_inmemory_aware' 'false') no_substrb_pad leading(r t) use_nl(t) rowid(t) */ substrb(dump(t.""PART#"",16,0,64),1,240) d_313988010, r.rwid, r.freq from ""SYS"".""INDPART$"" t, table(:topntab) r where t.rowid = chartorowid(r.rwid) order by t.""PART#""' DATABASE USER:[3] 'SYS' PRIVILEGE :[4] 'NONE' CLIENT USER:[0] '' CLIENT TERMINAL:[10] 'ANDY-AARON' STATUS:[1] '0' DBID:[10] '1689037571' SESSIONID:[6] '400403' USERHOST:[10] 'ANDY-AARON' CLIENT ADDRESS:[0] '' ACTION NUMBER:[1] '3' </string>"
windows_event;win_event;E:\Cours\TFE\experiments\phase_dataset_strengthening\processed\multiformat_balanced_20260910T094422Z\samples\windows_event.xml;;990;2025-08-23T14:05:16.886465+00:00;INFO;34;Oracle.xe;Oracle.xe;andy-aaron;8052;0;;;;;;;;;;;;;;;;;;;;;;;;;;;INFORMATIONAL;generic;"<string>LENGTH: '668' ACTION :[417] 'select /*+ no_parallel(t) no_parallel_index(t) dbms_stats cursor_sharing_exact use_weak_name_resl dynamic_sampling(0) no_monitoring xmlindex_sel_idx_tbl opt_param('optimizer_inmemory_aware' 'false') no_substrb_pad leading(r t) use_nl(t) rowid(t) */ substrb(dump(t.""FLAGS"",16,0,64),1,240) d_2385161744, r.rwid, r.freq from ""SYS"".""INDPART$"" t, table(:topntab) r where t.rowid = chartorowid(r.rwid) order by t.""FLAGS""' DATABASE USER:[3] 'SYS' PRIVILEGE :[4] 'NONE' CLIENT USER:[0] '' CLIENT TERMINAL:[10] 'ANDY-AARON' STATUS:[1] '0' DBID:[10] '1689037571' SESSIONID:[6] '400403' USERHOST:[10] 'ANDY-AARON' CLIENT ADDRESS:[0] '' ACTION NUMBER:[1] '3' </string>"
windows_event;win_event;E:\Cours\TFE\experiments\phase_dataset_strengthening\processed\multiformat_balanced_20260910T094422Z\samples\windows_event.xml;;991;2025-08-23T14:05:16.889906+00:00;INFO;34;Oracle.xe;Oracle.xe;andy-aaron;8052;0;;;;;;;;;;;;;;;;;;;;;;;;;;;INFORMATIONAL;generic;"<string>LENGTH: '668' ACTION :[417] 'select /*+ no_parallel(t) no_parallel_index(t) dbms_stats cursor_sharing_exact use_weak_name_resl dynamic_sampling(0) no_monitoring xmlindex_sel_idx_tbl opt_param('optimizer_inmemory_aware' 'false') no_substrb_pad leading(r t) use_nl(t) rowid(t) */ substrb(dump(t.""FLAGS"",16,0,64),1,240) d_2385161744, r.rwid, r.freq from ""SYS"".""INDPART$"" t, table(:topntab) r where t.rowid = chartorowid(r.rwid) order by t.""FLAGS""' DATABASE USER:[3] 'SYS' PRIVILEGE :[4] 'NONE' CLIENT USER:[0] '' CLIENT TERMINAL:[10] 'ANDY-AARON' STATUS:[1] '0' DBID:[10] '1689037571' SESSIONID:[6] '400403' USERHOST:[10] 'ANDY-AARON' CLIENT ADDRESS:[0] '' ACTION NUMBER:[1] '3' </string>"
windows_event;win_event;E:\Cours\TFE\experiments\phase_dataset_strengthening\processed\multiformat_balanced_20260910T094422Z\samples\windows_event.xml;;992;2025-08-23T14:05:16.891520+00:00;INFO;34;Oracle.xe;Oracle.xe;andy-aaron;8052;0;;;;;;;;;;;;;;;;;;;;;;;;;;;INFORMATIONAL;generic;"<string>LENGTH: '668' ACTION :[417] 'select /*+ no_parallel(t) no_parallel_index(t) dbms_stats cursor_sharing_exact use_weak_name_resl dynamic_sampling(0) no_monitoring xmlindex_sel_idx_tbl opt_param('optimizer_inmemory_aware' 'false') no_substrb_pad leading(r t) use_nl(t) rowid(t) */ substrb(dump(t.""FILE#"",16,0,64),1,240) d_1985055719, r.rwid, r.freq from ""SYS"".""INDPART$"" t, table(:topntab) r where t.rowid = chartorowid(r.rwid) order by t.""FILE#""' DATABASE USER:[3] 'SYS' PRIVILEGE :[4] 'NONE' CLIENT USER:[0] '' CLIENT TERMINAL:[10] 'ANDY-AARON' STATUS:[1] '0' DBID:[10] '1689037571' SESSIONID:[6] '400403' USERHOST:[10] 'ANDY-AARON' CLIENT ADDRESS:[0] '' ACTION NUMBER:[1] '3' </string>"
windows_event;win_event;E:\Cours\TFE\experiments\phase_dataset_strengthening\processed\multiformat_balanced_20260910T094422Z\samples\windows_event.xml;;993;2025-08-23T14:05:16.894800+00:00;INFO;34;Oracle.xe;Oracle.xe;andy-aaron;8052;0;;;;;;;;;;;;;;;;;;;;;;;;;;;INFORMATIONAL;generic;"<string>LENGTH: '668' ACTION :[417] 'select /*+ no_parallel(t) no_parallel_index(t) dbms_stats cursor_sharing_exact use_weak_name_resl dynamic_sampling(0) no_monitoring xmlindex_sel_idx_tbl opt_param('optimizer_inmemory_aware' 'false') no_substrb_pad leading(r t) use_nl(t) rowid(t) */ substrb(dump(t.""FILE#"",16,0,64),1,240) d_1985055719, r.rwid, r.freq from ""SYS"".""INDPART$"" t, table(:topntab) r where t.rowid = chartorowid(r.rwid) order by t.""FILE#""' DATABASE USER:[3] 'SYS' PRIVILEGE :[4] 'NONE' CLIENT USER:[0] '' CLIENT TERMINAL:[10] 'ANDY-AARON' STATUS:[1] '0' DBID:[10] '1689037571' SESSIONID:[6] '400403' USERHOST:[10] 'ANDY-AARON' CLIENT ADDRESS:[0] '' ACTION NUMBER:[1] '3' </string>"
windows_event;win_event;E:\Cours\TFE\experiments\phase_dataset_strengthening\processed\multiformat_balanced_20260910T094422Z\samples\windows_event.xml;;994;2025-08-23T14:05:16.896372+00:00;INFO;34;Oracle.xe;Oracle.xe;andy-aaron;8052;0;;;;;;;;;;;;;;;;;;;;;;;;;;;INFORMATIONAL;generic;"<string>LENGTH: '664' ACTION :[413] 'select /*+ no_parallel(t) no_parallel_index(t) dbms_stats cursor_sharing_exact use_weak_name_resl dynamic_sampling(0) no_monitoring xmlindex_sel_idx_tbl opt_param('optimizer_inmemory_aware' 'false') no_substrb_pad leading(r t) use_nl(t) rowid(t) */ substrb(dump(t.""TS#"",16,0,64),1,240) d_2793702272, r.rwid, r.freq from ""SYS"".""INDPART$"" t, table(:topntab) r where t.rowid = chartorowid(r.rwid) order by t.""TS#""' DATABASE USER:[3] 'SYS' PRIVILEGE :[4] 'NONE' CLIENT USER:[0] '' CLIENT TERMINAL:[10] 'ANDY-AARON' STATUS:[1] '0' DBID:[10] '1689037571' SESSIONID:[6] '400403' USERHOST:[10] 'ANDY-AARON' CLIENT ADDRESS:[0] '' ACTION NUMBER:[1] '3' </string>"
windows_event;win_event;E:\Cours\TFE\experiments\phase_dataset_strengthening\processed\multiformat_balanced_20260910T094422Z\samples\windows_event.xml;;995;2025-08-23T14:05:16.899595+00:00;INFO;34;Oracle.xe;Oracle.xe;andy-aaron;8052;0;;;;;;;;;;;;;;;;;;;;;;;;;;;INFORMATIONAL;generic;"<string>LENGTH: '664' ACTION :[413] 'select /*+ no_parallel(t) no_parallel_index(t) dbms_stats cursor_sharing_exact use_weak_name_resl dynamic_sampling(0) no_monitoring xmlindex_sel_idx_tbl opt_param('optimizer_inmemory_aware' 'false') no_substrb_pad leading(r t) use_nl(t) rowid(t) */ substrb(dump(t.""TS#"",16,0,64),1,240) d_2793702272, r.rwid, r.freq from ""SYS"".""INDPART$"" t, table(:topntab) r where t.rowid = chartorowid(r.rwid) order by t.""TS#""' DATABASE USER:[3] 'SYS' PRIVILEGE :[4] 'NONE' CLIENT USER:[0] '' CLIENT TERMINAL:[10] 'ANDY-AARON' STATUS:[1] '0' DBID:[10] '1689037571' SESSIONID:[6] '400403' USERHOST:[10] 'ANDY-AARON' CLIENT ADDRESS:[0] '' ACTION NUMBER:[1] '3' </string>"
windows_event;win_event;E:\Cours\TFE\experiments\phase_dataset_strengthening\processed\multiformat_balanced_20260910T094422Z\samples\windows_event.xml;;996;2025-08-23T14:05:17.788061+00:00;INFO;34;Oracle.xe;Oracle.xe;andy-aaron;8052;0;;;;;;;;;;;;;;;;;;;;;;;;;;;INFORMATIONAL;generic;"<string>LENGTH: '675' ACTION :[424] 'select /*+ no_parallel(t) no_parallel_index(t) dbms_stats cursor_sharing_exact use_weak_name_resl dynamic_sampling(0) no_monitoring xmlindex_sel_idx_tbl opt_param('optimizer_inmemory_aware' 'false') no_substrb_pad leading(r t) use_nl(t) rowid(t) */ substrb(dump(t.""OBJ#"",16,0,64),1,240) d_3404126564, r.rwid, r.freq from ""SYS"".""OPTSTAT_SNAPSHOT$"" t, table(:topntab) r where t.rowid = chartorowid(r.rwid) order by t.""OBJ#""' DATABASE USER:[3] 'SYS' PRIVILEGE :[4] 'NONE' CLIENT USER:[0] '' CLIENT TERMINAL:[10] 'ANDY-AARON' STATUS:[1] '0' DBID:[10] '1689037571' SESSIONID:[6] '400403' USERHOST:[10] 'ANDY-AARON' CLIENT ADDRESS:[0] '' ACTION NUMBER:[1] '3' </string>"
windows_event;win_event;E:\Cours\TFE\experiments\phase_dataset_strengthening\processed\multiformat_balanced_20260910T094422Z\samples\windows_event.xml;;997;2025-08-23T14:05:17.791544+00:00;INFO;34;Oracle.xe;Oracle.xe;andy-aaron;8052;0;;;;;;;;;;;;;;;;;;;;;;;;;;;INFORMATIONAL;generic;"<string>LENGTH: '675' ACTION :[424] 'select /*+ no_parallel(t) no_parallel_index(t) dbms_stats cursor_sharing_exact use_weak_name_resl dynamic_sampling(0) no_monitoring xmlindex_sel_idx_tbl opt_param('optimizer_inmemory_aware' 'false') no_substrb_pad leading(r t) use_nl(t) rowid(t) */ substrb(dump(t.""OBJ#"",16,0,64),1,240) d_3404126564, r.rwid, r.freq from ""SYS"".""OPTSTAT_SNAPSHOT$"" t, table(:topntab) r where t.rowid = chartorowid(r.rwid) order by t.""OBJ#""' DATABASE USER:[3] 'SYS' PRIVILEGE :[4] 'NONE' CLIENT USER:[0] '' CLIENT TERMINAL:[10] 'ANDY-AARON' STATUS:[1] '0' DBID:[10] '1689037571' SESSIONID:[6] '400403' USERHOST:[10] 'ANDY-AARON' CLIENT ADDRESS:[0] '' ACTION NUMBER:[1] '3' </string>"
windows_event;win_event;E:\Cours\TFE\experiments\phase_dataset_strengthening\processed\multiformat_balanced_20260910T094422Z\samples\windows_event.xml;;998;2025-08-23T14:05:18.029005+00:00;INFO;34;Oracle.xe;Oracle.xe;andy-aaron;8052;0;;;;;;;;;;;;;;;;;;;;;;;;;;;INFORMATIONAL;generic;"<string>LENGTH: '668' ACTION :[417] 'select /*+ no_parallel(t) no_parallel_index(t) dbms_stats cursor_sharing_exact use_weak_name_resl dynamic_sampling(0) no_monitoring xmlindex_sel_idx_tbl opt_param('optimizer_inmemory_aware' 'false') no_substrb_pad leading(r t) use_nl(t) rowid(t) */ substrb(dump(t.""INTCOL#"",16,0,64),1,240) d_1254105588, r.rwid, r.freq from ""SYS"".""COL$"" t, table(:topntab) r where t.rowid = chartorowid(r.rwid) order by t.""INTCOL#""' DATABASE USER:[3] 'SYS' PRIVILEGE :[4] 'NONE' CLIENT USER:[0] '' CLIENT TERMINAL:[10] 'ANDY-AARON' STATUS:[1] '0' DBID:[10] '3074368596' SESSIONID:[6] '400276' USERHOST:[10] 'ANDY-AARON' CLIENT ADDRESS:[0] '' ACTION NUMBER:[1] '3' </string>"
windows_event;win_event;E:\Cours\TFE\experiments\phase_dataset_strengthening\processed\multiformat_balanced_20260910T094422Z\samples\windows_event.xml;;999;2025-08-23T14:05:18.030317+00:00;INFO;34;Oracle.xe;Oracle.xe;andy-aaron;8052;0;;;;;;;;;;;;;;;;;;;;;;;;;;;INFORMATIONAL;generic;"<string>LENGTH: '668' ACTION :[417] 'select /*+ no_parallel(t) no_parallel_index(t) dbms_stats cursor_sharing_exact use_weak_name_resl dynamic_sampling(0) no_monitoring xmlindex_sel_idx_tbl opt_param('optimizer_inmemory_aware' 'false') no_substrb_pad leading(r t) use_nl(t) rowid(t) */ substrb(dump(t.""INTCOL#"",16,0,64),1,240) d_1254105588, r.rwid, r.freq from ""SYS"".""COL$"" t, table(:topntab) r where t.rowid = chartorowid(r.rwid) order by t.""INTCOL#""' DATABASE USER:[3] 'SYS' PRIVILEGE :[4] 'NONE' CLIENT USER:[0] '' CLIENT TERMINAL:[10] 'ANDY-AARON' STATUS:[1] '0' DBID:[10] '3074368596' SESSIONID:[6] '400276' USERHOST:[10] 'ANDY-AARON' CLIENT ADDRESS:[0] '' ACTION NUMBER:[1] '3' </string>"
windows_event;win_event;E:\Cours\TFE\experiments\phase_dataset_strengthening\processed\multiformat_balanced_20260910T094422Z\samples\windows_event.xml;;1000;2025-08-23T14:05:18.053286+00:00;INFO;34;Oracle.xe;Oracle.xe;andy-aaron;8052;0;;;;;;;;;;;;;;;;;;;;;;;;;;;INFORMATIONAL;generic;"<string>LENGTH: '667' ACTION :[416] 'select /*+ no_parallel(t) no_parallel_index(t) dbms_stats cursor_sharing_exact use_weak_name_resl dynamic_sampling(0) no_monitoring xmlindex_sel_idx_tbl opt_param('optimizer_inmemory_aware' 'false') no_substrb_pad leading(r t) use_nl(t) rowid(t) */ substrb(dump(t.""SEGCOL#"",16,0,64),1,240) d_696058385, r.rwid, r.freq from ""SYS"".""COL$"" t, table(:topntab) r where t.rowid = chartorowid(r.rwid) order by t.""SEGCOL#""' DATABASE USER:[3] 'SYS' PRIVILEGE :[4] 'NONE' CLIENT USER:[0] '' CLIENT TERMINAL:[10] 'ANDY-AARON' STATUS:[1] '0' DBID:[10] '3074368596' SESSIONID:[6] '400276' USERHOST:[10] 'ANDY-AARON' CLIENT ADDRESS:[0] '' ACTION NUMBER:[1] '3' </string>"
