task_index,task_id,task_type,submitted_at,completed_at,campaign_elapsed_sec,winner,status,latency_ms,reassignments,proposals_json,refusals_json,result_pid,result_host,idempotency_replayed
0,cnp_endurance_multivm_20260918T130822Z-task-0000000,parse.synthetic,2026-09-18T13:13:37.819752+00:00,2026-09-18T13:13:38.996438+00:00,1.188,debian-alpha,ok,1176.322,0,"{""debian-alpha"": 0.86, ""ubuntu-beta"": 0.809}",{},2875,andy,False
1,cnp_endurance_multivm_20260918T130822Z-task-0000001,route.synthetic,2026-09-18T13:13:39.809114+00:00,2026-09-18T13:13:39.898337+00:00,2.094,ubuntu-beta,ok,89.443,0,"{""debian-alpha"": 0.821, ""ubuntu-beta"": 0.863}",{},2874,andy-VirtualBox,False
2,cnp_endurance_multivm_20260918T130822Z-task-0000002,detect.synthetic,2026-09-18T13:13:41.800419+00:00,2026-09-18T13:13:41.886840+00:00,4.079,ubuntu-beta,ok,86.642,0,"{""debian-alpha"": 0.785, ""ubuntu-beta"": 0.839}",{},2874,andy-VirtualBox,False
3,cnp_endurance_multivm_20260918T130822Z-task-0000003,correlate.synthetic,2026-09-18T13:13:43.795990+00:00,2026-09-18T13:13:43.880615+00:00,6.079,ubuntu-beta,ok,85.02,0,"{""debian-alpha"": 0.791, ""ubuntu-beta"": 0.821}",{},2874,andy-VirtualBox,False
4,cnp_endurance_multivm_20260918T130822Z-task-0000004,parse.synthetic,2026-09-18T13:13:45.805451+00:00,2026-09-18T13:13:45.949443+00:00,8.141,debian-alpha,ok,144.381,0,"{""debian-alpha"": 0.907389, ""ubuntu-beta"": 0.809}",{},2875,andy,False
5,cnp_endurance_multivm_20260918T130822Z-task-0000005,route.synthetic,2026-09-18T13:13:47.796449+00:00,2026-09-18T13:13:47.889813+00:00,10.094,ubuntu-beta,ok,92.847,0,"{""debian-alpha"": 0.821, ""ubuntu-beta"": 0.919965}",{},2874,andy-VirtualBox,False
6,cnp_endurance_multivm_20260918T130822Z-task-0000006,detect.synthetic,2026-09-18T13:13:49.798624+00:00,2026-09-18T13:13:49.894013+00:00,12.094,ubuntu-beta,ok,95.228,0,"{""debian-alpha"": 0.785, ""ubuntu-beta"": 0.895824}",{},2874,andy-VirtualBox,False
7,cnp_endurance_multivm_20260918T130822Z-task-0000007,correlate.synthetic,2026-09-18T13:13:51.804102+00:00,2026-09-18T13:13:51.875661+00:00,14.079,ubuntu-beta,ok,71.779,0,"{""debian-alpha"": 0.791, ""ubuntu-beta"": 0.878222}",{},2874,andy-VirtualBox,False
8,cnp_endurance_multivm_20260918T130822Z-task-0000008,parse.synthetic,2026-09-18T13:13:53.801439+00:00,2026-09-18T13:13:53.867964+00:00,16.063,debian-alpha,ok,66.673,0,"{""debian-alpha"": 0.928281, ""ubuntu-beta"": 0.809}",{},2875,andy,False
9,cnp_endurance_multivm_20260918T130822Z-task-0000009,route.synthetic,2026-09-18T13:13:55.807888+00:00,2026-09-18T13:13:55.899741+00:00,18.094,ubuntu-beta,ok,92.249,0,"{""debian-alpha"": 0.821, ""ubuntu-beta"": 0.936841}",{},2874,andy-VirtualBox,False
10,cnp_endurance_multivm_20260918T130822Z-task-0000010,detect.synthetic,2026-09-18T13:13:57.809646+00:00,2026-09-18T13:13:57.907703+00:00,20.11,ubuntu-beta,ok,98.539,0,"{""debian-alpha"": 0.785, ""ubuntu-beta"": 0.912661}",{},2874,andy-VirtualBox,False
11,cnp_endurance_multivm_20260918T130822Z-task-0000011,correlate.synthetic,2026-09-18T13:13:59.800799+00:00,2026-09-18T13:13:59.862022+00:00,22.063,ubuntu-beta,ok,61.198,0,"{""debian-alpha"": 0.791, ""ubuntu-beta"": 0.894919}",{},2874,andy-VirtualBox,False
12,cnp_endurance_multivm_20260918T130822Z-task-0000012,parse.synthetic,2026-09-18T13:14:01.802796+00:00,2026-09-18T13:14:01.877629+00:00,24.079,debian-alpha,ok,74.703,0,"{""debian-alpha"": 0.940095, ""ubuntu-beta"": 0.809}",{},2875,andy,False
13,cnp_endurance_multivm_20260918T130822Z-task-0000013,route.synthetic,2026-09-18T13:14:03.802829+00:00,2026-09-18T13:14:03.862825+00:00,26.063,ubuntu-beta,ok,59.881,0,"{""debian-alpha"": 0.821, ""ubuntu-beta"": 0.946852}",{},2874,andy-VirtualBox,False
14,cnp_endurance_multivm_20260918T130822Z-task-0000014,detect.synthetic,2026-09-18T13:14:05.803772+00:00,2026-09-18T13:14:05.878613+00:00,28.079,ubuntu-beta,ok,75.726,0,"{""debian-alpha"": 0.785, ""ubuntu-beta"": 0.922673}",{},2874,andy-VirtualBox,False
15,cnp_endurance_multivm_20260918T130822Z-task-0000015,correlate.synthetic,2026-09-18T13:14:07.804062+00:00,2026-09-18T13:14:07.931547+00:00,30.125,ubuntu-beta,ok,128.033,0,"{""debian-alpha"": 0.791, ""ubuntu-beta"": 0.905005}",{},2874,andy-VirtualBox,False
16,cnp_endurance_multivm_20260918T130822Z-task-0000016,parse.synthetic,2026-09-18T13:14:09.794536+00:00,2026-09-18T13:14:09.854919+00:00,32.047,debian-alpha,ok,60.223,0,"{""debian-alpha"": 0.94775, ""ubuntu-beta"": 0.809}",{},2875,andy,False
17,cnp_endurance_multivm_20260918T130822Z-task-0000017,route.synthetic,2026-09-18T13:14:11.794452+00:00,2026-09-18T13:14:11.861860+00:00,34.063,ubuntu-beta,ok,67.581,0,"{""debian-alpha"": 0.821, ""ubuntu-beta"": 0.953532}",{},2874,andy-VirtualBox,False
18,cnp_endurance_multivm_20260918T130822Z-task-0000018,detect.synthetic,2026-09-18T13:14:13.802334+00:00,2026-09-18T13:14:13.879070+00:00,36.079,ubuntu-beta,ok,76.562,0,"{""debian-alpha"": 0.785, ""ubuntu-beta"": 0.9294}",{},2874,andy-VirtualBox,False
19,cnp_endurance_multivm_20260918T130822Z-task-0000019,correlate.synthetic,2026-09-18T13:14:15.808973+00:00,2026-09-18T13:14:15.875390+00:00,38.079,ubuntu-beta,ok,66.606,0,"{""debian-alpha"": 0.791, ""ubuntu-beta"": 0.911382}",{},2874,andy-VirtualBox,False
20,cnp_endurance_multivm_20260918T130822Z-task-0000020,parse.synthetic,2026-09-18T13:14:17.807690+00:00,2026-09-18T13:14:17.914015+00:00,40.11,debian-alpha,ok,106.43,0,"{""debian-alpha"": 0.953084, ""ubuntu-beta"": 0.809}",{},2875,andy,False
21,cnp_endurance_multivm_20260918T130822Z-task-0000021,route.synthetic,2026-09-18T13:14:19.797321+00:00,2026-09-18T13:14:19.930304+00:00,42.125,ubuntu-beta,ok,132.448,0,"{""debian-alpha"": 0.821, ""ubuntu-beta"": 0.958328}",{},2874,andy-VirtualBox,False
22,cnp_endurance_multivm_20260918T130822Z-task-0000022,detect.synthetic,2026-09-18T13:14:21.810007+00:00,2026-09-18T13:14:21.875758+00:00,44.079,ubuntu-beta,ok,65.557,0,"{""debian-alpha"": 0.785, ""ubuntu-beta"": 0.934173}",{},2874,andy-VirtualBox,False
23,cnp_endurance_multivm_20260918T130822Z-task-0000023,correlate.synthetic,2026-09-18T13:14:23.800650+00:00,2026-09-18T13:14:23.900834+00:00,46.094,ubuntu-beta,ok,100.174,0,"{""debian-alpha"": 0.791, ""ubuntu-beta"": 0.916211}",{},2874,andy-VirtualBox,False
24,cnp_endurance_multivm_20260918T130822Z-task-0000024,parse.synthetic,2026-09-18T13:14:25.809565+00:00,2026-09-18T13:14:25.874961+00:00,48.079,debian-alpha,ok,66.126,0,"{""debian-alpha"": 0.956996, ""ubuntu-beta"": 0.809}",{},2875,andy,False
25,cnp_endurance_multivm_20260918T130822Z-task-0000025,route.synthetic,2026-09-18T13:14:27.801187+00:00,2026-09-18T13:14:27.874207+00:00,50.079,ubuntu-beta,ok,73.129,0,"{""debian-alpha"": 0.821, ""ubuntu-beta"": 0.961698}",{},2874,andy-VirtualBox,False
26,cnp_endurance_multivm_20260918T130822Z-task-0000026,detect.synthetic,2026-09-18T13:14:29.816658+00:00,2026-09-18T13:14:30.079987+00:00,52.282,ubuntu-beta,ok,263.541,0,"{""debian-alpha"": 0.785, ""ubuntu-beta"": 0.937798}",{},2874,andy-VirtualBox,False
27,cnp_endurance_multivm_20260918T130822Z-task-0000027,correlate.synthetic,2026-09-18T13:14:31.807100+00:00,2026-09-18T13:14:31.909838+00:00,54.11,ubuntu-beta,ok,102.499,0,"{""debian-alpha"": 0.791, ""ubuntu-beta"": 0.91978}",{},2874,andy-VirtualBox,False
28,cnp_endurance_multivm_20260918T130822Z-task-0000028,parse.synthetic,2026-09-18T13:14:33.798789+00:00,2026-09-18T13:14:34.029126+00:00,56.235,debian-alpha,ok,230.607,0,"{""debian-alpha"": 0.960081, ""ubuntu-beta"": 0.809}",{},2875,andy,False
29,cnp_endurance_multivm_20260918T130822Z-task-0000029,route.synthetic,2026-09-18T13:14:35.805074+00:00,2026-09-18T13:14:36.247502+00:00,58.454,ubuntu-beta,ok,442.188,0,"{""debian-alpha"": 0.821, ""ubuntu-beta"": 0.9645}",{},2874,andy-VirtualBox,False
30,cnp_endurance_multivm_20260918T130822Z-task-0000030,detect.synthetic,2026-09-18T13:14:37.808981+00:00,2026-09-18T13:14:37.963654+00:00,60.157,ubuntu-beta,ok,154.458,0,"{""debian-alpha"": 0.785, ""ubuntu-beta"": 0.940288}",{},2874,andy-VirtualBox,False
31,cnp_endurance_multivm_20260918T130822Z-task-0000031,correlate.synthetic,2026-09-18T13:14:39.796691+00:00,2026-09-18T13:14:39.894220+00:00,62.094,ubuntu-beta,ok,96.836,0,"{""debian-alpha"": 0.791, ""ubuntu-beta"": 0.922452}",{},2874,andy-VirtualBox,False
32,cnp_endurance_multivm_20260918T130822Z-task-0000032,parse.synthetic,2026-09-18T13:14:41.807521+00:00,2026-09-18T13:14:41.870328+00:00,64.063,debian-alpha,ok,62.699,0,"{""debian-alpha"": 0.962443, ""ubuntu-beta"": 0.809}",{},2875,andy,False
33,cnp_endurance_multivm_20260918T130822Z-task-0000033,route.synthetic,2026-09-18T13:14:43.809346+00:00,2026-09-18T13:14:43.876553+00:00,66.079,ubuntu-beta,ok,67.23,0,"{""debian-alpha"": 0.821, ""ubuntu-beta"": 0.966151}",{},2874,andy-VirtualBox,False
34,cnp_endurance_multivm_20260918T130822Z-task-0000034,detect.synthetic,2026-09-18T13:14:45.803027+00:00,2026-09-18T13:14:45.892867+00:00,68.094,ubuntu-beta,ok,89.738,0,"{""debian-alpha"": 0.785, ""ubuntu-beta"": 0.942374}",{},2874,andy-VirtualBox,False
35,cnp_endurance_multivm_20260918T130822Z-task-0000035,correlate.synthetic,2026-09-18T13:14:47.801757+00:00,2026-09-18T13:14:47.864010+00:00,70.063,ubuntu-beta,ok,62.642,0,"{""debian-alpha"": 0.791, ""ubuntu-beta"": 0.924639}",{},2874,andy-VirtualBox,False
36,cnp_endurance_multivm_20260918T130822Z-task-0000036,parse.synthetic,2026-09-18T13:14:49.805579+00:00,2026-09-18T13:14:49.859981+00:00,72.063,debian-alpha,ok,54.546,0,"{""debian-alpha"": 0.964456, ""ubuntu-beta"": 0.809}",{},2875,andy,False
37,cnp_endurance_multivm_20260918T130822Z-task-0000037,route.synthetic,2026-09-18T13:14:51.800671+00:00,2026-09-18T13:14:51.863689+00:00,74.063,ubuntu-beta,ok,63.426,0,"{""debian-alpha"": 0.821, ""ubuntu-beta"": 0.968075}",{},2874,andy-VirtualBox,False
38,cnp_endurance_multivm_20260918T130822Z-task-0000038,detect.synthetic,2026-09-18T13:14:53.804971+00:00,2026-09-18T13:14:53.860801+00:00,76.063,ubuntu-beta,ok,56.175,0,"{""debian-alpha"": 0.785, ""ubuntu-beta"": 0.944214}",{},2874,andy-VirtualBox,False
39,cnp_endurance_multivm_20260918T130822Z-task-0000039,correlate.synthetic,2026-09-18T13:14:55.802821+00:00,2026-09-18T13:14:55.857164+00:00,78.063,ubuntu-beta,ok,54.755,0,"{""debian-alpha"": 0.791, ""ubuntu-beta"": 0.926488}",{},2874,andy-VirtualBox,False
40,cnp_endurance_multivm_20260918T130822Z-task-0000040,parse.synthetic,2026-09-18T13:14:57.798067+00:00,2026-09-18T13:14:57.855580+00:00,80.047,debian-alpha,ok,57.63,0,"{""debian-alpha"": 0.966128, ""ubuntu-beta"": 0.809}",{},2875,andy,False
41,cnp_endurance_multivm_20260918T130822Z-task-0000041,route.synthetic,2026-09-18T13:14:59.796069+00:00,2026-09-18T13:14:59.862128+00:00,82.063,ubuntu-beta,ok,66.249,0,"{""debian-alpha"": 0.821, ""ubuntu-beta"": 0.969641}",{},2874,andy-VirtualBox,False
42,cnp_endurance_multivm_20260918T130822Z-task-0000042,detect.synthetic,2026-09-18T13:15:01.802313+00:00,2026-09-18T13:15:01.858667+00:00,84.063,ubuntu-beta,ok,56.866,0,"{""debian-alpha"": 0.785, ""ubuntu-beta"": 0.945799}",{},2874,andy-VirtualBox,False
43,cnp_endurance_multivm_20260918T130822Z-task-0000043,correlate.synthetic,2026-09-18T13:15:03.807957+00:00,2026-09-18T13:15:03.870444+00:00,86.063,ubuntu-beta,ok,62.377,0,"{""debian-alpha"": 0.791, ""ubuntu-beta"": 0.928055}",{},2874,andy-VirtualBox,False
44,cnp_endurance_multivm_20260918T130822Z-task-0000044,parse.synthetic,2026-09-18T13:15:05.812176+00:00,2026-09-18T13:15:05.898747+00:00,88.094,debian-alpha,ok,86.209,0,"{""debian-alpha"": 0.967537, ""ubuntu-beta"": 0.809}",{},2875,andy,False
45,cnp_endurance_multivm_20260918T130822Z-task-0000045,route.synthetic,2026-09-18T13:15:07.808192+00:00,2026-09-18T13:15:07.894800+00:00,90.094,ubuntu-beta,ok,86.909,0,"{""debian-alpha"": 0.821, ""ubuntu-beta"": 0.970966}",{},2874,andy-VirtualBox,False
46,cnp_endurance_multivm_20260918T130822Z-task-0000046,detect.synthetic,2026-09-18T13:15:09.805321+00:00,2026-09-18T13:15:09.867931+00:00,92.063,ubuntu-beta,ok,63.012,0,"{""debian-alpha"": 0.785, ""ubuntu-beta"": 0.947134}",{},2874,andy-VirtualBox,False
47,cnp_endurance_multivm_20260918T130822Z-task-0000047,correlate.synthetic,2026-09-18T13:15:11.808345+00:00,2026-09-18T13:15:11.870491+00:00,94.063,ubuntu-beta,ok,62.348,0,"{""debian-alpha"": 0.791, ""ubuntu-beta"": 0.929374}",{},2874,andy-VirtualBox,False
48,cnp_endurance_multivm_20260918T130822Z-task-0000048,parse.synthetic,2026-09-18T13:15:13.801327+00:00,2026-09-18T13:15:13.862980+00:00,96.063,debian-alpha,ok,61.571,0,"{""debian-alpha"": 0.968704, ""ubuntu-beta"": 0.809}",{},2875,andy,False
49,cnp_endurance_multivm_20260918T130822Z-task-0000049,route.synthetic,2026-09-18T13:15:15.841530+00:00,2026-09-18T13:15:17.810287+00:00,100.016,ubuntu-beta,ok,1968.597,0,"{""debian-alpha"": 0.821, ""ubuntu-beta"": 0.972091}",{},2874,andy-VirtualBox,False
50,cnp_endurance_multivm_20260918T130822Z-task-0000050,detect.synthetic,2026-09-18T13:15:17.811264+00:00,2026-09-18T13:15:19.707946+00:00,101.907,ubuntu-beta,ok,1897.391,0,"{""debian-alpha"": 0.785, ""ubuntu-beta"": 0.948273}",{},2874,andy-VirtualBox,False
51,cnp_endurance_multivm_20260918T130822Z-task-0000051,correlate.synthetic,2026-09-18T13:15:19.802245+00:00,2026-09-18T13:15:20.874028+00:00,103.079,ubuntu-beta,ok,1071.723,0,"{""debian-alpha"": 0.791, ""ubuntu-beta"": 0.930489}",{},2874,andy-VirtualBox,False
52,cnp_endurance_multivm_20260918T130822Z-task-0000052,parse.synthetic,2026-09-18T13:15:21.798377+00:00,2026-09-18T13:15:21.987429+00:00,104.188,debian-alpha,ok,189.487,0,"{""debian-alpha"": 0.969736, ""ubuntu-beta"": 0.809}",{},2875,andy,False
53,cnp_endurance_multivm_20260918T130822Z-task-0000053,route.synthetic,2026-09-18T13:15:23.803961+00:00,2026-09-18T13:15:24.012697+00:00,106.204,ubuntu-beta,ok,208.665,0,"{""debian-alpha"": 0.821, ""ubuntu-beta"": 0.972704}",{},2874,andy-VirtualBox,False
54,cnp_endurance_multivm_20260918T130822Z-task-0000054,detect.synthetic,2026-09-18T13:15:25.804883+00:00,2026-09-18T13:15:25.888388+00:00,108.094,ubuntu-beta,ok,83.653,0,"{""debian-alpha"": 0.785, ""ubuntu-beta"": 0.94745}",{},2874,andy-VirtualBox,False
55,cnp_endurance_multivm_20260918T130822Z-task-0000055,correlate.synthetic,2026-09-18T13:15:27.798730+00:00,2026-09-18T13:15:27.870454+00:00,110.063,ubuntu-beta,ok,71.297,0,"{""debian-alpha"": 0.791, ""ubuntu-beta"": 0.930206}",{},2874,andy-VirtualBox,False
56,cnp_endurance_multivm_20260918T130822Z-task-0000056,parse.synthetic,2026-09-18T13:15:29.796156+00:00,2026-09-18T13:15:29.939450+00:00,112.141,debian-alpha,ok,143.268,0,"{""debian-alpha"": 0.970459, ""ubuntu-beta"": 0.809}",{},2875,andy,False
57,cnp_endurance_multivm_20260918T130822Z-task-0000057,route.synthetic,2026-09-18T13:15:31.801599+00:00,2026-09-18T13:15:31.858686+00:00,114.063,ubuntu-beta,ok,57.226,0,"{""debian-alpha"": 0.821, ""ubuntu-beta"": 0.973458}",{},2874,andy-VirtualBox,False
58,cnp_endurance_multivm_20260918T130822Z-task-0000058,detect.synthetic,2026-09-18T13:15:33.799034+00:00,2026-09-18T13:15:33.858249+00:00,116.063,ubuntu-beta,ok,59.666,0,"{""debian-alpha"": 0.785, ""ubuntu-beta"": 0.948414}",{},2874,andy-VirtualBox,False
59,cnp_endurance_multivm_20260918T130822Z-task-0000059,correlate.synthetic,2026-09-18T13:15:35.799977+00:00,2026-09-18T13:15:35.849357+00:00,118.047,ubuntu-beta,ok,49.608,0,"{""debian-alpha"": 0.791, ""ubuntu-beta"": 0.93114}",{},2874,andy-VirtualBox,False
60,cnp_endurance_multivm_20260918T130822Z-task-0000060,parse.synthetic,2026-09-18T13:15:37.805715+00:00,2026-09-18T13:15:37.868789+00:00,120.063,debian-alpha,ok,63.02,0,"{""debian-alpha"": 0.971287, ""ubuntu-beta"": 0.809}",{},2875,andy,False
61,cnp_endurance_multivm_20260918T130822Z-task-0000061,route.synthetic,2026-09-18T13:15:39.808800+00:00,2026-09-18T13:15:39.859540+00:00,122.063,ubuntu-beta,ok,50.73,0,"{""debian-alpha"": 0.821, ""ubuntu-beta"": 0.974283}",{},2874,andy-VirtualBox,False
62,cnp_endurance_multivm_20260918T130822Z-task-0000062,detect.synthetic,2026-09-18T13:15:41.799105+00:00,2026-09-18T13:15:41.847340+00:00,124.047,ubuntu-beta,ok,48.54,0,"{""debian-alpha"": 0.785, ""ubuntu-beta"": 0.949301}",{},2874,andy-VirtualBox,False
63,cnp_endurance_multivm_20260918T130822Z-task-0000063,correlate.synthetic,2026-09-18T13:15:43.804580+00:00,2026-09-18T13:15:43.855834+00:00,126.047,ubuntu-beta,ok,51.505,0,"{""debian-alpha"": 0.791, ""ubuntu-beta"": 0.931987}",{},2874,andy-VirtualBox,False
64,cnp_endurance_multivm_20260918T130822Z-task-0000064,parse.synthetic,2026-09-18T13:15:45.796478+00:00,2026-09-18T13:15:45.845474+00:00,128.047,debian-alpha,ok,48.938,0,"{""debian-alpha"": 0.972023, ""ubuntu-beta"": 0.809}",{},2875,andy,False
65,cnp_endurance_multivm_20260918T130822Z-task-0000065,route.synthetic,2026-09-18T13:15:47.802106+00:00,2026-09-18T13:15:47.855724+00:00,130.047,ubuntu-beta,ok,53.634,0,"{""debian-alpha"": 0.821, ""ubuntu-beta"": 0.975011}",{},2874,andy-VirtualBox,False
66,cnp_endurance_multivm_20260918T130822Z-task-0000066,detect.synthetic,2026-09-18T13:15:49.795381+00:00,2026-09-18T13:15:49.854764+00:00,132.047,ubuntu-beta,ok,59.428,0,"{""debian-alpha"": 0.785, ""ubuntu-beta"": 0.950091}",{},2874,andy-VirtualBox,False
67,cnp_endurance_multivm_20260918T130822Z-task-0000067,correlate.synthetic,2026-09-18T13:15:51.795289+00:00,2026-09-18T13:15:51.845208+00:00,134.047,ubuntu-beta,ok,50.205,0,"{""debian-alpha"": 0.791, ""ubuntu-beta"": 0.932735}",{},2874,andy-VirtualBox,False
68,cnp_endurance_multivm_20260918T130822Z-task-0000068,parse.synthetic,2026-09-18T13:15:53.801290+00:00,2026-09-18T13:15:53.860768+00:00,136.063,debian-alpha,ok,59.227,0,"{""debian-alpha"": 0.972682, ""ubuntu-beta"": 0.809}",{},2875,andy,False
69,cnp_endurance_multivm_20260918T130822Z-task-0000069,route.synthetic,2026-09-18T13:15:55.801398+00:00,2026-09-18T13:15:55.865023+00:00,138.063,ubuntu-beta,ok,63.956,0,"{""debian-alpha"": 0.821, ""ubuntu-beta"": 0.975663}",{},2874,andy-VirtualBox,False
70,cnp_endurance_multivm_20260918T130822Z-task-0000070,detect.synthetic,2026-09-18T13:15:57.796664+00:00,2026-09-18T13:15:57.863785+00:00,140.063,ubuntu-beta,ok,67.178,0,"{""debian-alpha"": 0.785, ""ubuntu-beta"": 0.950793}",{},2874,andy-VirtualBox,False
71,cnp_endurance_multivm_20260918T130822Z-task-0000071,correlate.synthetic,2026-09-18T13:15:59.805577+00:00,2026-09-18T13:15:59.880909+00:00,142.079,ubuntu-beta,ok,74.711,0,"{""debian-alpha"": 0.791, ""ubuntu-beta"": 0.933406}",{},2874,andy-VirtualBox,False
72,cnp_endurance_multivm_20260918T130822Z-task-0000072,parse.synthetic,2026-09-18T13:16:01.804719+00:00,2026-09-18T13:16:01.850328+00:00,144.047,debian-alpha,ok,45.709,0,"{""debian-alpha"": 0.973262, ""ubuntu-beta"": 0.809}",{},2875,andy,False
73,cnp_endurance_multivm_20260918T130822Z-task-0000073,route.synthetic,2026-09-18T13:16:03.806837+00:00,2026-09-18T13:16:03.869763+00:00,146.063,ubuntu-beta,ok,63.162,0,"{""debian-alpha"": 0.821, ""ubuntu-beta"": 0.976244}",{},2874,andy-VirtualBox,False
74,cnp_endurance_multivm_20260918T130822Z-task-0000074,detect.synthetic,2026-09-18T13:16:05.794450+00:00,2026-09-18T13:16:05.839935+00:00,148.032,ubuntu-beta,ok,45.765,0,"{""debian-alpha"": 0.785, ""ubuntu-beta"": 0.951426}",{},2874,andy-VirtualBox,False
75,cnp_endurance_multivm_20260918T130822Z-task-0000075,correlate.synthetic,2026-09-18T13:16:07.796306+00:00,2026-09-18T13:16:07.845973+00:00,150.047,ubuntu-beta,ok,49.569,0,"{""debian-alpha"": 0.791, ""ubuntu-beta"": 0.933984}",{},2874,andy-VirtualBox,False
76,cnp_endurance_multivm_20260918T130822Z-task-0000076,parse.synthetic,2026-09-18T13:16:09.802214+00:00,2026-09-18T13:16:09.853702+00:00,152.047,debian-alpha,ok,51.717,0,"{""debian-alpha"": 0.973791, ""ubuntu-beta"": 0.809}",{},2875,andy,False
77,cnp_endurance_multivm_20260918T130822Z-task-0000077,route.synthetic,2026-09-18T13:16:11.794521+00:00,2026-09-18T13:16:11.850341+00:00,154.047,ubuntu-beta,ok,56.077,0,"{""debian-alpha"": 0.821, ""ubuntu-beta"": 0.976778}",{},2874,andy-VirtualBox,False
78,cnp_endurance_multivm_20260918T130822Z-task-0000078,detect.synthetic,2026-09-18T13:16:13.807257+00:00,2026-09-18T13:16:13.858185+00:00,156.063,ubuntu-beta,ok,51.133,0,"{""debian-alpha"": 0.785, ""ubuntu-beta"": 0.952003}",{},2874,andy-VirtualBox,False
79,cnp_endurance_multivm_20260918T130822Z-task-0000079,correlate.synthetic,2026-09-18T13:16:15.799076+00:00,2026-09-18T13:16:15.845897+00:00,158.047,ubuntu-beta,ok,47.08,0,"{""debian-alpha"": 0.791, ""ubuntu-beta"": 0.934532}",{},2874,andy-VirtualBox,False
80,cnp_endurance_multivm_20260918T130822Z-task-0000080,parse.synthetic,2026-09-18T13:16:17.802961+00:00,2026-09-18T13:16:17.858252+00:00,160.063,debian-alpha,ok,55.083,0,"{""debian-alpha"": 0.974272, ""ubuntu-beta"": 0.809}",{},2875,andy,False
81,cnp_endurance_multivm_20260918T130822Z-task-0000081,route.synthetic,2026-09-18T13:16:19.797936+00:00,2026-09-18T13:16:19.844091+00:00,162.047,ubuntu-beta,ok,46.496,0,"{""debian-alpha"": 0.821, ""ubuntu-beta"": 0.97726}",{},2874,andy-VirtualBox,False
82,cnp_endurance_multivm_20260918T130822Z-task-0000082,detect.synthetic,2026-09-18T13:16:21.799882+00:00,2026-09-18T13:16:21.844347+00:00,164.047,ubuntu-beta,ok,44.784,0,"{""debian-alpha"": 0.785, ""ubuntu-beta"": 0.952523}",{},2874,andy-VirtualBox,False
83,cnp_endurance_multivm_20260918T130822Z-task-0000083,correlate.synthetic,2026-09-18T13:16:23.800374+00:00,2026-09-18T13:16:24.044253+00:00,166.25,ubuntu-beta,ok,244.081,0,"{""debian-alpha"": 0.791, ""ubuntu-beta"": 0.935032}",{},2874,andy-VirtualBox,False
84,cnp_endurance_multivm_20260918T130822Z-task-0000084,parse.synthetic,2026-09-18T13:16:25.798273+00:00,2026-09-18T13:16:25.839660+00:00,168.032,debian-alpha,ok,41.438,0,"{""debian-alpha"": 0.974713, ""ubuntu-beta"": 0.809}",{},2875,andy,False
85,cnp_endurance_multivm_20260918T130822Z-task-0000085,route.synthetic,2026-09-18T13:16:27.795520+00:00,2026-09-18T13:16:27.843929+00:00,170.047,ubuntu-beta,ok,48.4,0,"{""debian-alpha"": 0.821, ""ubuntu-beta"": 0.977705}",{},2874,andy-VirtualBox,False
86,cnp_endurance_multivm_20260918T130822Z-task-0000086,detect.synthetic,2026-09-18T13:16:29.800032+00:00,2026-09-18T13:16:29.844778+00:00,172.047,ubuntu-beta,ok,45.129,0,"{""debian-alpha"": 0.785, ""ubuntu-beta"": 0.953002}",{},2874,andy-VirtualBox,False
87,cnp_endurance_multivm_20260918T130822Z-task-0000087,correlate.synthetic,2026-09-18T13:16:31.801177+00:00,2026-09-18T13:16:31.848679+00:00,174.047,ubuntu-beta,ok,47.668,0,"{""debian-alpha"": 0.791, ""ubuntu-beta"": 0.935447}",{},2874,andy-VirtualBox,False
88,cnp_endurance_multivm_20260918T130822Z-task-0000088,parse.synthetic,2026-09-18T13:16:33.804968+00:00,2026-09-18T13:16:33.844980+00:00,176.047,debian-alpha,ok,40.399,0,"{""debian-alpha"": 0.975121, ""ubuntu-beta"": 0.809}",{},2875,andy,False
89,cnp_endurance_multivm_20260918T130822Z-task-0000089,route.synthetic,2026-09-18T13:16:35.802005+00:00,2026-09-18T13:16:35.848613+00:00,178.047,ubuntu-beta,ok,46.929,0,"{""debian-alpha"": 0.821, ""ubuntu-beta"": 0.978114}",{},2874,andy-VirtualBox,False
90,cnp_endurance_multivm_20260918T130822Z-task-0000090,detect.synthetic,2026-09-18T13:16:37.805133+00:00,2026-09-18T13:16:37.850376+00:00,180.047,ubuntu-beta,ok,45.416,0,"{""debian-alpha"": 0.785, ""ubuntu-beta"": 0.953442}",{},2874,andy-VirtualBox,False
91,cnp_endurance_multivm_20260918T130822Z-task-0000091,correlate.synthetic,2026-09-18T13:16:39.807006+00:00,2026-09-18T13:16:39.857948+00:00,182.063,ubuntu-beta,ok,51.051,0,"{""debian-alpha"": 0.791, ""ubuntu-beta"": 0.935861}",{},2874,andy-VirtualBox,False
92,cnp_endurance_multivm_20260918T130822Z-task-0000092,parse.synthetic,2026-09-18T13:16:41.798021+00:00,2026-09-18T13:16:41.848979+00:00,184.047,debian-alpha,ok,50.834,0,"{""debian-alpha"": 0.975499, ""ubuntu-beta"": 0.809}",{},2875,andy,False
93,cnp_endurance_multivm_20260918T130822Z-task-0000093,route.synthetic,2026-09-18T13:16:43.805300+00:00,2026-09-18T13:16:43.857124+00:00,186.063,ubuntu-beta,ok,52.182,0,"{""debian-alpha"": 0.821, ""ubuntu-beta"": 0.978489}",{},2874,andy-VirtualBox,False
94,cnp_endurance_multivm_20260918T130822Z-task-0000094,detect.synthetic,2026-09-18T13:16:45.797970+00:00,2026-09-18T13:16:45.846588+00:00,188.047,ubuntu-beta,ok,48.623,0,"{""debian-alpha"": 0.785, ""ubuntu-beta"": 0.953842}",{},2874,andy-VirtualBox,False
95,cnp_endurance_multivm_20260918T130822Z-task-0000095,correlate.synthetic,2026-09-18T13:16:47.802762+00:00,2026-09-18T13:16:47.862174+00:00,190.063,ubuntu-beta,ok,59.585,0,"{""debian-alpha"": 0.791, ""ubuntu-beta"": 0.936245}",{},2874,andy-VirtualBox,False
96,cnp_endurance_multivm_20260918T130822Z-task-0000096,parse.synthetic,2026-09-18T13:16:49.801387+00:00,2026-09-18T13:16:49.861321+00:00,192.063,debian-alpha,ok,60.255,0,"{""debian-alpha"": 0.975843, ""ubuntu-beta"": 0.809}",{},2875,andy,False
97,cnp_endurance_multivm_20260918T130822Z-task-0000097,route.synthetic,2026-09-18T13:16:51.802127+00:00,2026-09-18T13:16:51.849834+00:00,194.047,ubuntu-beta,ok,48.001,0,"{""debian-alpha"": 0.821, ""ubuntu-beta"": 0.978831}",{},2874,andy-VirtualBox,False
98,cnp_endurance_multivm_20260918T130822Z-task-0000098,detect.synthetic,2026-09-18T13:16:53.805639+00:00,2026-09-18T13:16:53.854724+00:00,196.047,ubuntu-beta,ok,49.411,0,"{""debian-alpha"": 0.785, ""ubuntu-beta"": 0.954215}",{},2874,andy-VirtualBox,False
99,cnp_endurance_multivm_20260918T130822Z-task-0000099,correlate.synthetic,2026-09-18T13:16:55.795831+00:00,2026-09-18T13:16:55.844670+00:00,198.047,ubuntu-beta,ok,49.052,0,"{""debian-alpha"": 0.791, ""ubuntu-beta"": 0.936596}",{},2874,andy-VirtualBox,False
100,cnp_endurance_multivm_20260918T130822Z-task-0000100,parse.synthetic,2026-09-18T13:16:57.801239+00:00,2026-09-18T13:16:57.849897+00:00,200.047,debian-alpha,ok,49.135,0,"{""debian-alpha"": 0.976158, ""ubuntu-beta"": 0.809}",{},2875,andy,False
101,cnp_endurance_multivm_20260918T130822Z-task-0000101,route.synthetic,2026-09-18T13:16:59.807278+00:00,2026-09-18T13:16:59.857043+00:00,202.063,ubuntu-beta,ok,49.916,0,"{""debian-alpha"": 0.821, ""ubuntu-beta"": 0.97915}",{},2874,andy-VirtualBox,False
102,cnp_endurance_multivm_20260918T130822Z-task-0000102,detect.synthetic,2026-09-18T13:17:01.797535+00:00,2026-09-18T13:17:01.843633+00:00,204.047,ubuntu-beta,ok,46.404,0,"{""debian-alpha"": 0.785, ""ubuntu-beta"": 0.954556}",{},2874,andy-VirtualBox,False
103,cnp_endurance_multivm_20260918T130822Z-task-0000103,correlate.synthetic,2026-09-18T13:17:03.799819+00:00,2026-09-18T13:17:03.846781+00:00,206.047,ubuntu-beta,ok,47.044,0,"{""debian-alpha"": 0.791, ""ubuntu-beta"": 0.936924}",{},2874,andy-VirtualBox,False
104,cnp_endurance_multivm_20260918T130822Z-task-0000104,parse.synthetic,2026-09-18T13:17:05.803165+00:00,2026-09-18T13:17:05.851357+00:00,208.047,debian-alpha,ok,47.954,0,"{""debian-alpha"": 0.976453, ""ubuntu-beta"": 0.809}",{},2875,andy,False
105,cnp_endurance_multivm_20260918T130822Z-task-0000105,route.synthetic,2026-09-18T13:17:07.808587+00:00,2026-09-18T13:17:07.857710+00:00,210.063,ubuntu-beta,ok,49.318,0,"{""debian-alpha"": 0.821, ""ubuntu-beta"": 0.979446}",{},2874,andy-VirtualBox,False
106,cnp_endurance_multivm_20260918T130822Z-task-0000106,detect.synthetic,2026-09-18T13:17:09.798433+00:00,2026-09-18T13:17:09.847933+00:00,212.047,ubuntu-beta,ok,49.77,0,"{""debian-alpha"": 0.785, ""ubuntu-beta"": 0.954873}",{},2874,andy-VirtualBox,False
107,cnp_endurance_multivm_20260918T130822Z-task-0000107,correlate.synthetic,2026-09-18T13:17:11.804462+00:00,2026-09-18T13:17:11.856892+00:00,214.063,ubuntu-beta,ok,52.449,0,"{""debian-alpha"": 0.791, ""ubuntu-beta"": 0.937229}",{},2874,andy-VirtualBox,False
108,cnp_endurance_multivm_20260918T130822Z-task-0000108,parse.synthetic,2026-09-18T13:17:13.797125+00:00,2026-09-18T13:17:13.842382+00:00,216.047,debian-alpha,ok,46.677,0,"{""debian-alpha"": 0.976728, ""ubuntu-beta"": 0.809}",{},2875,andy,False
109,cnp_endurance_multivm_20260918T130822Z-task-0000109,route.synthetic,2026-09-18T13:17:15.800012+00:00,2026-09-18T13:17:15.849918+00:00,218.047,ubuntu-beta,ok,49.816,0,"{""debian-alpha"": 0.821, ""ubuntu-beta"": 0.979722}",{},2874,andy-VirtualBox,False
110,cnp_endurance_multivm_20260918T130822Z-task-0000110,detect.synthetic,2026-09-18T13:17:17.806760+00:00,2026-09-18T13:17:17.852433+00:00,220.047,ubuntu-beta,ok,45.627,0,"{""debian-alpha"": 0.785, ""ubuntu-beta"": 0.95517}",{},2874,andy-VirtualBox,False
111,cnp_endurance_multivm_20260918T130822Z-task-0000111,correlate.synthetic,2026-09-18T13:17:19.808893+00:00,2026-09-18T13:17:19.858242+00:00,222.063,ubuntu-beta,ok,49.417,0,"{""debian-alpha"": 0.791, ""ubuntu-beta"": 0.937511}",{},2874,andy-VirtualBox,False
112,cnp_endurance_multivm_20260918T130822Z-task-0000112,parse.synthetic,2026-09-18T13:17:21.798322+00:00,2026-09-18T13:17:21.856445+00:00,224.047,debian-alpha,ok,58.089,0,"{""debian-alpha"": 0.976984, ""ubuntu-beta"": 0.809}",{},2875,andy,False
113,cnp_endurance_multivm_20260918T130822Z-task-0000113,route.synthetic,2026-09-18T13:17:23.796721+00:00,2026-09-18T13:17:23.846304+00:00,226.047,ubuntu-beta,ok,49.632,0,"{""debian-alpha"": 0.821, ""ubuntu-beta"": 0.979981}",{},2874,andy-VirtualBox,False
114,cnp_endurance_multivm_20260918T130822Z-task-0000114,detect.synthetic,2026-09-18T13:17:25.803165+00:00,2026-09-18T13:17:25.856792+00:00,228.063,ubuntu-beta,ok,53.395,0,"{""debian-alpha"": 0.785, ""ubuntu-beta"": 0.955445}",{},2874,andy-VirtualBox,False
115,cnp_endurance_multivm_20260918T130822Z-task-0000115,correlate.synthetic,2026-09-18T13:17:27.797034+00:00,2026-09-18T13:17:27.847073+00:00,230.047,ubuntu-beta,ok,50.406,0,"{""debian-alpha"": 0.791, ""ubuntu-beta"": 0.937775}",{},2874,andy-VirtualBox,False
116,cnp_endurance_multivm_20260918T130822Z-task-0000116,parse.synthetic,2026-09-18T13:17:29.803592+00:00,2026-09-18T13:17:29.845946+00:00,232.047,debian-alpha,ok,42.345,0,"{""debian-alpha"": 0.977222, ""ubuntu-beta"": 0.809}",{},2875,andy,False
117,cnp_endurance_multivm_20260918T130822Z-task-0000117,route.synthetic,2026-09-18T13:17:31.801902+00:00,2026-09-18T13:17:31.850473+00:00,234.047,ubuntu-beta,ok,49.001,0,"{""debian-alpha"": 0.821, ""ubuntu-beta"": 0.980222}",{},2874,andy-VirtualBox,False
118,cnp_endurance_multivm_20260918T130822Z-task-0000118,detect.synthetic,2026-09-18T13:17:33.807248+00:00,2026-09-18T13:17:33.857083+00:00,236.063,ubuntu-beta,ok,50.061,0,"{""debian-alpha"": 0.785, ""ubuntu-beta"": 0.955701}",{},2874,andy-VirtualBox,False
119,cnp_endurance_multivm_20260918T130822Z-task-0000119,correlate.synthetic,2026-09-18T13:17:35.797875+00:00,2026-09-18T13:17:35.847285+00:00,238.047,ubuntu-beta,ok,49.527,0,"{""debian-alpha"": 0.791, ""ubuntu-beta"": 0.938023}",{},2874,andy-VirtualBox,False
120,cnp_endurance_multivm_20260918T130822Z-task-0000120,parse.synthetic,2026-09-18T13:17:37.806529+00:00,2026-09-18T13:17:37.861207+00:00,240.063,debian-alpha,ok,54.558,0,"{""debian-alpha"": 0.97745, ""ubuntu-beta"": 0.809}",{},2875,andy,False
121,cnp_endurance_multivm_20260918T130822Z-task-0000121,route.synthetic,2026-09-18T13:17:39.800238+00:00,2026-09-18T13:17:39.857888+00:00,242.063,ubuntu-beta,ok,57.608,0,"{""debian-alpha"": 0.821, ""ubuntu-beta"": 0.980449}",{},2874,andy-VirtualBox,False
122,cnp_endurance_multivm_20260918T130822Z-task-0000122,detect.synthetic,2026-09-18T13:17:41.798114+00:00,2026-09-18T13:17:41.848116+00:00,244.047,ubuntu-beta,ok,50.347,0,"{""debian-alpha"": 0.785, ""ubuntu-beta"": 0.955943}",{},2874,andy-VirtualBox,False
123,cnp_endurance_multivm_20260918T130822Z-task-0000123,correlate.synthetic,2026-09-18T13:17:43.804278+00:00,2026-09-18T13:17:43.854376+00:00,246.047,ubuntu-beta,ok,50.494,0,"{""debian-alpha"": 0.791, ""ubuntu-beta"": 0.938255}",{},2874,andy-VirtualBox,False
124,cnp_endurance_multivm_20260918T130822Z-task-0000124,parse.synthetic,2026-09-18T13:17:45.796043+00:00,2026-09-18T13:17:45.843091+00:00,248.047,debian-alpha,ok,47.068,0,"{""debian-alpha"": 0.977661, ""ubuntu-beta"": 0.809}",{},2875,andy,False
125,cnp_endurance_multivm_20260918T130822Z-task-0000125,route.synthetic,2026-09-18T13:17:47.799076+00:00,2026-09-18T13:17:47.846258+00:00,250.047,ubuntu-beta,ok,47.019,0,"{""debian-alpha"": 0.821, ""ubuntu-beta"": 0.98065}",{},2874,andy-VirtualBox,False
126,cnp_endurance_multivm_20260918T130822Z-task-0000126,detect.synthetic,2026-09-18T13:17:49.802801+00:00,2026-09-18T13:17:49.859382+00:00,252.063,ubuntu-beta,ok,57.023,0,"{""debian-alpha"": 0.785, ""ubuntu-beta"": 0.956169}",{},2874,andy-VirtualBox,False
127,cnp_endurance_multivm_20260918T130822Z-task-0000127,correlate.synthetic,2026-09-18T13:17:51.800015+00:00,2026-09-18T13:17:51.862982+00:00,254.063,ubuntu-beta,ok,62.797,0,"{""debian-alpha"": 0.791, ""ubuntu-beta"": 0.938471}",{},2874,andy-VirtualBox,False
128,cnp_endurance_multivm_20260918T130822Z-task-0000128,parse.synthetic,2026-09-18T13:17:53.803180+00:00,2026-09-18T13:17:53.855010+00:00,256.047,debian-alpha,ok,52.166,0,"{""debian-alpha"": 0.977861, ""ubuntu-beta"": 0.809}",{},2875,andy,False
129,cnp_endurance_multivm_20260918T130822Z-task-0000129,route.synthetic,2026-09-18T13:17:55.796141+00:00,2026-09-18T13:17:55.845507+00:00,258.047,ubuntu-beta,ok,49.779,0,"{""debian-alpha"": 0.821, ""ubuntu-beta"": 0.980849}",{},2874,andy-VirtualBox,False
130,cnp_endurance_multivm_20260918T130822Z-task-0000130,detect.synthetic,2026-09-18T13:17:57.802500+00:00,2026-09-18T13:17:57.853521+00:00,260.047,ubuntu-beta,ok,51.395,0,"{""debian-alpha"": 0.785, ""ubuntu-beta"": 0.956383}",{},2874,andy-VirtualBox,False
131,cnp_endurance_multivm_20260918T130822Z-task-0000131,correlate.synthetic,2026-09-18T13:17:59.809731+00:00,2026-09-18T13:17:59.859206+00:00,262.063,ubuntu-beta,ok,49.375,0,"{""debian-alpha"": 0.791, ""ubuntu-beta"": 0.938672}",{},2874,andy-VirtualBox,False
132,cnp_endurance_multivm_20260918T130822Z-task-0000132,parse.synthetic,2026-09-18T13:18:01.799143+00:00,2026-09-18T13:18:01.844709+00:00,264.047,debian-alpha,ok,45.683,0,"{""debian-alpha"": 0.978048, ""ubuntu-beta"": 0.809}",{},2875,andy,False
133,cnp_endurance_multivm_20260918T130822Z-task-0000133,route.synthetic,2026-09-18T13:18:03.800565+00:00,2026-09-18T13:18:03.848825+00:00,266.047,ubuntu-beta,ok,48.559,0,"{""debian-alpha"": 0.821, ""ubuntu-beta"": 0.981035}",{},2874,andy-VirtualBox,False
134,cnp_endurance_multivm_20260918T130822Z-task-0000134,detect.synthetic,2026-09-18T13:18:05.804691+00:00,2026-09-18T13:18:05.857754+00:00,268.063,ubuntu-beta,ok,53.254,0,"{""debian-alpha"": 0.785, ""ubuntu-beta"": 0.956585}",{},2874,andy-VirtualBox,False
135,cnp_endurance_multivm_20260918T130822Z-task-0000135,correlate.synthetic,2026-09-18T13:18:07.798413+00:00,2026-09-18T13:18:07.853770+00:00,270.047,ubuntu-beta,ok,55.428,0,"{""debian-alpha"": 0.791, ""ubuntu-beta"": 0.938866}",{},2874,andy-VirtualBox,False
136,cnp_endurance_multivm_20260918T130822Z-task-0000136,parse.synthetic,2026-09-18T13:18:09.809479+00:00,2026-09-18T13:18:09.853273+00:00,272.047,debian-alpha,ok,43.745,0,"{""debian-alpha"": 0.978225, ""ubuntu-beta"": 0.809}",{},2875,andy,False
137,cnp_endurance_multivm_20260918T130822Z-task-0000137,route.synthetic,2026-09-18T13:18:11.809181+00:00,2026-09-18T13:18:11.854964+00:00,274.047,ubuntu-beta,ok,45.642,0,"{""debian-alpha"": 0.821, ""ubuntu-beta"": 0.981213}",{},2874,andy-VirtualBox,False
138,cnp_endurance_multivm_20260918T130822Z-task-0000138,detect.synthetic,2026-09-18T13:18:13.796354+00:00,2026-09-18T13:18:13.838372+00:00,276.032,ubuntu-beta,ok,42.22,0,"{""debian-alpha"": 0.785, ""ubuntu-beta"": 0.956775}",{},2874,andy-VirtualBox,False
139,cnp_endurance_multivm_20260918T130822Z-task-0000139,correlate.synthetic,2026-09-18T13:18:15.795748+00:00,2026-09-18T13:18:15.845280+00:00,278.047,ubuntu-beta,ok,49.603,0,"{""debian-alpha"": 0.791, ""ubuntu-beta"": 0.939045}",{},2874,andy-VirtualBox,False
140,cnp_endurance_multivm_20260918T130822Z-task-0000140,parse.synthetic,2026-09-18T13:18:17.802230+00:00,2026-09-18T13:18:17.847571+00:00,280.047,debian-alpha,ok,45.503,0,"{""debian-alpha"": 0.978393, ""ubuntu-beta"": 0.809}",{},2875,andy,False
141,cnp_endurance_multivm_20260918T130822Z-task-0000141,route.synthetic,2026-09-18T13:18:19.803029+00:00,2026-09-18T13:18:19.848264+00:00,282.047,ubuntu-beta,ok,45.649,0,"{""debian-alpha"": 0.821, ""ubuntu-beta"": 0.981382}",{},2874,andy-VirtualBox,False
142,cnp_endurance_multivm_20260918T130822Z-task-0000142,detect.synthetic,2026-09-18T13:18:21.804501+00:00,2026-09-18T13:18:21.848112+00:00,284.047,ubuntu-beta,ok,43.906,0,"{""debian-alpha"": 0.785, ""ubuntu-beta"": 0.956955}",{},2874,andy-VirtualBox,False
143,cnp_endurance_multivm_20260918T130822Z-task-0000143,correlate.synthetic,2026-09-18T13:18:24.947670+00:00,2026-09-18T13:18:24.998097+00:00,287.204,ubuntu-beta,ok,49.736,0,"{""debian-alpha"": 0.791, ""ubuntu-beta"": 0.939218}",{},2874,andy-VirtualBox,False
144,cnp_endurance_multivm_20260918T130822Z-task-0000144,parse.synthetic,2026-09-18T13:18:25.795814+00:00,2026-09-18T13:18:25.836581+00:00,288.032,debian-alpha,ok,40.772,0,"{""debian-alpha"": 0.978553, ""ubuntu-beta"": 0.809}",{},2875,andy,False
145,cnp_endurance_multivm_20260918T130822Z-task-0000145,route.synthetic,2026-09-18T13:18:27.807294+00:00,2026-09-18T13:18:27.855324+00:00,290.047,ubuntu-beta,ok,48.077,0,"{""debian-alpha"": 0.821, ""ubuntu-beta"": 0.981544}",{},2874,andy-VirtualBox,False
146,cnp_endurance_multivm_20260918T130822Z-task-0000146,detect.synthetic,2026-09-18T13:18:29.795272+00:00,2026-09-18T13:18:29.837269+00:00,292.032,ubuntu-beta,ok,42.505,0,"{""debian-alpha"": 0.785, ""ubuntu-beta"": 0.957128}",{},2874,andy-VirtualBox,False
147,cnp_endurance_multivm_20260918T130822Z-task-0000147,correlate.synthetic,2026-09-18T13:18:31.794736+00:00,2026-09-18T13:18:31.841407+00:00,294.047,ubuntu-beta,ok,46.878,0,"{""debian-alpha"": 0.791, ""ubuntu-beta"": 0.93938}",{},2874,andy-VirtualBox,False
148,cnp_endurance_multivm_20260918T130822Z-task-0000148,parse.synthetic,2026-09-18T13:18:33.798510+00:00,2026-09-18T13:18:33.845602+00:00,296.047,debian-alpha,ok,47.384,0,"{""debian-alpha"": 0.978705, ""ubuntu-beta"": 0.809}",{},2875,andy,False
149,cnp_endurance_multivm_20260918T130822Z-task-0000149,route.synthetic,2026-09-18T13:18:35.802302+00:00,2026-09-18T13:18:35.851594+00:00,298.047,ubuntu-beta,ok,49.397,0,"{""debian-alpha"": 0.821, ""ubuntu-beta"": 0.981695}",{},2874,andy-VirtualBox,False
150,cnp_endurance_multivm_20260918T130822Z-task-0000150,detect.synthetic,2026-09-18T13:18:37.807696+00:00,2026-09-18T13:18:37.854915+00:00,300.047,ubuntu-beta,ok,47.231,0,"{""debian-alpha"": 0.785, ""ubuntu-beta"": 0.957291}",{},2874,andy-VirtualBox,False
151,cnp_endurance_multivm_20260918T130822Z-task-0000151,correlate.synthetic,2026-09-18T13:18:43.534753+00:00,2026-09-18T13:18:43.580000+00:00,305.782,ubuntu-beta,ok,45.015,0,"{""debian-alpha"": 0.791, ""ubuntu-beta"": 0.939537}",{},2874,andy-VirtualBox,False
152,cnp_endurance_multivm_20260918T130822Z-task-0000152,parse.synthetic,2026-09-18T13:18:43.580000+00:00,2026-09-18T13:18:43.623589+00:00,305.829,debian-alpha,ok,43.395,0,"{""debian-alpha"": 0.978848, ""ubuntu-beta"": 0.809}",{},2875,andy,False
153,cnp_endurance_multivm_20260918T130822Z-task-0000153,route.synthetic,2026-09-18T13:18:43.795209+00:00,2026-09-18T13:18:43.835199+00:00,306.032,ubuntu-beta,ok,40.245,0,"{""debian-alpha"": 0.821, ""ubuntu-beta"": 0.98184}",{},2874,andy-VirtualBox,False
154,cnp_endurance_multivm_20260918T130822Z-task-0000154,detect.synthetic,2026-09-18T13:18:45.809456+00:00,2026-09-18T13:18:45.912699+00:00,308.11,ubuntu-beta,ok,102.173,0,"{""debian-alpha"": 0.785, ""ubuntu-beta"": 0.957445}",{},2874,andy-VirtualBox,False
155,cnp_endurance_multivm_20260918T130822Z-task-0000155,correlate.synthetic,2026-09-18T13:18:47.806086+00:00,2026-09-18T13:18:47.852328+00:00,310.047,ubuntu-beta,ok,46.373,0,"{""debian-alpha"": 0.791, ""ubuntu-beta"": 0.939684}",{},2874,andy-VirtualBox,False
156,cnp_endurance_multivm_20260918T130822Z-task-0000156,parse.synthetic,2026-09-18T13:18:49.808958+00:00,2026-09-18T13:18:49.860998+00:00,312.063,debian-alpha,ok,51.554,0,"{""debian-alpha"": 0.978982, ""ubuntu-beta"": 0.809}",{},2875,andy,False
157,cnp_endurance_multivm_20260918T130822Z-task-0000157,route.synthetic,2026-09-18T13:18:51.799920+00:00,2026-09-18T13:18:51.843047+00:00,314.047,ubuntu-beta,ok,43.472,0,"{""debian-alpha"": 0.821, ""ubuntu-beta"": 0.981979}",{},2874,andy-VirtualBox,False
158,cnp_endurance_multivm_20260918T130822Z-task-0000158,detect.synthetic,2026-09-18T13:18:53.797826+00:00,2026-09-18T13:18:53.857293+00:00,316.063,ubuntu-beta,ok,60.107,0,"{""debian-alpha"": 0.785, ""ubuntu-beta"": 0.957563}",{},2874,andy-VirtualBox,False
159,cnp_endurance_multivm_20260918T130822Z-task-0000159,correlate.synthetic,2026-09-18T13:18:55.809971+00:00,2026-09-18T13:18:55.858106+00:00,318.063,ubuntu-beta,ok,48.439,0,"{""debian-alpha"": 0.791, ""ubuntu-beta"": 0.939826}",{},2874,andy-VirtualBox,False
160,cnp_endurance_multivm_20260918T130822Z-task-0000160,parse.synthetic,2026-09-18T13:18:57.804610+00:00,2026-09-18T13:18:57.850100+00:00,320.047,debian-alpha,ok,45.525,0,"{""debian-alpha"": 0.979111, ""ubuntu-beta"": 0.809}",{},2875,andy,False
161,cnp_endurance_multivm_20260918T130822Z-task-0000161,route.synthetic,2026-09-18T13:18:59.807082+00:00,2026-09-18T13:18:59.860475+00:00,322.063,ubuntu-beta,ok,53.232,0,"{""debian-alpha"": 0.821, ""ubuntu-beta"": 0.982109}",{},2874,andy-VirtualBox,False
162,cnp_endurance_multivm_20260918T130822Z-task-0000162,detect.synthetic,2026-09-18T13:19:02.059680+00:00,2026-09-18T13:19:02.115334+00:00,324.313,ubuntu-beta,ok,55.125,0,"{""debian-alpha"": 0.785, ""ubuntu-beta"": 0.957701}",{},2874,andy-VirtualBox,False
163,cnp_endurance_multivm_20260918T130822Z-task-0000163,correlate.synthetic,2026-09-18T13:19:03.805762+00:00,2026-09-18T13:19:03.854591+00:00,326.047,ubuntu-beta,ok,49.021,0,"{""debian-alpha"": 0.791, ""ubuntu-beta"": 0.939957}",{},2874,andy-VirtualBox,False
164,cnp_endurance_multivm_20260918T130822Z-task-0000164,parse.synthetic,2026-09-18T13:19:05.794956+00:00,2026-09-18T13:19:05.840383+00:00,328.032,debian-alpha,ok,45.776,0,"{""debian-alpha"": 0.979236, ""ubuntu-beta"": 0.809}",{},2875,andy,False
165,cnp_endurance_multivm_20260918T130822Z-task-0000165,route.synthetic,2026-09-18T13:19:07.797485+00:00,2026-09-18T13:19:07.851164+00:00,330.047,ubuntu-beta,ok,54.082,0,"{""debian-alpha"": 0.821, ""ubuntu-beta"": 0.982232}",{},2874,andy-VirtualBox,False
166,cnp_endurance_multivm_20260918T130822Z-task-0000166,detect.synthetic,2026-09-18T13:19:09.807165+00:00,2026-09-18T13:19:09.855458+00:00,332.047,ubuntu-beta,ok,48.527,0,"{""debian-alpha"": 0.785, ""ubuntu-beta"": 0.957831}",{},2874,andy-VirtualBox,False
167,cnp_endurance_multivm_20260918T130822Z-task-0000167,correlate.synthetic,2026-09-18T13:19:11.796205+00:00,2026-09-18T13:19:11.844494+00:00,334.047,ubuntu-beta,ok,48.581,0,"{""debian-alpha"": 0.791, ""ubuntu-beta"": 0.940086}",{},2874,andy-VirtualBox,False
168,cnp_endurance_multivm_20260918T130822Z-task-0000168,parse.synthetic,2026-09-18T13:19:13.798139+00:00,2026-09-18T13:19:13.868584+00:00,336.063,debian-alpha,ok,70.416,0,"{""debian-alpha"": 0.979355, ""ubuntu-beta"": 0.809}",{},2875,andy,False
169,cnp_endurance_multivm_20260918T130822Z-task-0000169,route.synthetic,2026-09-18T13:19:15.812977+00:00,2026-09-18T13:19:15.994338+00:00,338.188,ubuntu-beta,ok,181.129,0,"{""debian-alpha"": 0.821, ""ubuntu-beta"": 0.98235}",{},2874,andy-VirtualBox,False
170,cnp_endurance_multivm_20260918T130822Z-task-0000170,detect.synthetic,2026-09-18T13:19:17.795172+00:00,2026-09-18T13:19:17.852203+00:00,340.047,ubuntu-beta,ok,56.936,0,"{""debian-alpha"": 0.785, ""ubuntu-beta"": 0.95796}",{},2874,andy-VirtualBox,False
171,cnp_endurance_multivm_20260918T130822Z-task-0000171,correlate.synthetic,2026-09-18T13:19:19.807920+00:00,2026-09-18T13:19:19.859227+00:00,342.063,ubuntu-beta,ok,51.061,0,"{""debian-alpha"": 0.791, ""ubuntu-beta"": 0.940206}",{},2874,andy-VirtualBox,False
172,cnp_endurance_multivm_20260918T130822Z-task-0000172,parse.synthetic,2026-09-18T13:19:21.800248+00:00,2026-09-18T13:19:21.924326+00:00,344.125,debian-alpha,ok,124.238,0,"{""debian-alpha"": 0.979463, ""ubuntu-beta"": 0.809}",{},2875,andy,False
173,cnp_endurance_multivm_20260918T130822Z-task-0000173,route.synthetic,2026-09-18T13:19:23.797058+00:00,2026-09-18T13:19:23.958623+00:00,346.157,ubuntu-beta,ok,161.791,0,"{""debian-alpha"": 0.821, ""ubuntu-beta"": 0.98244}",{},2874,andy-VirtualBox,False
174,cnp_endurance_multivm_20260918T130822Z-task-0000174,detect.synthetic,2026-09-18T13:19:25.808092+00:00,2026-09-18T13:19:25.853100+00:00,348.047,ubuntu-beta,ok,45.157,0,"{""debian-alpha"": 0.785, ""ubuntu-beta"": 0.958078}",{},2874,andy-VirtualBox,False
175,cnp_endurance_multivm_20260918T130822Z-task-0000175,correlate.synthetic,2026-09-18T13:19:29.260589+00:00,2026-09-18T13:19:29.323835+00:00,351.516,ubuntu-beta,ok,62.538,0,"{""debian-alpha"": 0.791, ""ubuntu-beta"": 0.940322}",{},2874,andy-VirtualBox,False
176,cnp_endurance_multivm_20260918T130822Z-task-0000176,parse.synthetic,2026-09-18T13:19:29.809212+00:00,2026-09-18T13:19:29.863170+00:00,352.063,debian-alpha,ok,53.915,0,"{""debian-alpha"": 0.97955, ""ubuntu-beta"": 0.809}",{},2875,andy,False
177,cnp_endurance_multivm_20260918T130822Z-task-0000177,route.synthetic,2026-09-18T13:19:31.803545+00:00,2026-09-18T13:19:31.856316+00:00,354.047,ubuntu-beta,ok,52.948,0,"{""debian-alpha"": 0.821, ""ubuntu-beta"": 0.982509}",{},2874,andy-VirtualBox,False
178,cnp_endurance_multivm_20260918T130822Z-task-0000178,detect.synthetic,2026-09-18T13:19:33.797353+00:00,2026-09-18T13:19:33.844774+00:00,356.047,ubuntu-beta,ok,47.532,0,"{""debian-alpha"": 0.785, ""ubuntu-beta"": 0.958196}",{},2874,andy-VirtualBox,False
179,cnp_endurance_multivm_20260918T130822Z-task-0000179,correlate.synthetic,2026-09-18T13:19:35.801397+00:00,2026-09-18T13:19:35.852359+00:00,358.047,ubuntu-beta,ok,51.03,0,"{""debian-alpha"": 0.791, ""ubuntu-beta"": 0.940432}",{},2874,andy-VirtualBox,False
180,cnp_endurance_multivm_20260918T130822Z-task-0000180,parse.synthetic,2026-09-18T13:19:37.806884+00:00,2026-09-18T13:19:37.948769+00:00,360.141,debian-alpha,ok,141.388,0,"{""debian-alpha"": 0.97965, ""ubuntu-beta"": 0.809}",{},2875,andy,False
181,cnp_endurance_multivm_20260918T130822Z-task-0000181,route.synthetic,2026-09-18T13:19:39.794302+00:00,2026-09-18T13:19:39.854027+00:00,362.047,ubuntu-beta,ok,59.94,0,"{""debian-alpha"": 0.821, ""ubuntu-beta"": 0.982613}",{},2874,andy-VirtualBox,False
182,cnp_endurance_multivm_20260918T130822Z-task-0000182,detect.synthetic,2026-09-18T13:19:41.809633+00:00,2026-09-18T13:19:41.864569+00:00,364.063,ubuntu-beta,ok,54.97,0,"{""debian-alpha"": 0.785, ""ubuntu-beta"": 0.958308}",{},2874,andy-VirtualBox,False
183,cnp_endurance_multivm_20260918T130822Z-task-0000183,correlate.synthetic,2026-09-18T13:19:43.805540+00:00,2026-09-18T13:19:43.858460+00:00,366.063,ubuntu-beta,ok,52.954,0,"{""debian-alpha"": 0.791, ""ubuntu-beta"": 0.940537}",{},2874,andy-VirtualBox,False
184,cnp_endurance_multivm_20260918T130822Z-task-0000184,parse.synthetic,2026-09-18T13:19:45.799573+00:00,2026-09-18T13:19:45.852366+00:00,368.047,debian-alpha,ok,53.218,0,"{""debian-alpha"": 0.979744, ""ubuntu-beta"": 0.809}",{},2875,andy,False
185,cnp_endurance_multivm_20260918T130822Z-task-0000185,route.synthetic,2026-09-18T13:19:47.808984+00:00,2026-09-18T13:19:47.861966+00:00,370.063,ubuntu-beta,ok,53.057,0,"{""debian-alpha"": 0.821, ""ubuntu-beta"": 0.982707}",{},2874,andy-VirtualBox,False
186,cnp_endurance_multivm_20260918T130822Z-task-0000186,detect.synthetic,2026-09-18T13:19:49.802149+00:00,2026-09-18T13:19:49.865593+00:00,372.063,ubuntu-beta,ok,63.535,0,"{""debian-alpha"": 0.785, ""ubuntu-beta"": 0.958413}",{},2874,andy-VirtualBox,False
187,cnp_endurance_multivm_20260918T130822Z-task-0000187,correlate.synthetic,2026-09-18T13:19:51.805626+00:00,2026-09-18T13:19:51.859937+00:00,374.063,ubuntu-beta,ok,54.561,0,"{""debian-alpha"": 0.791, ""ubuntu-beta"": 0.94064}",{},2874,andy-VirtualBox,False
188,cnp_endurance_multivm_20260918T130822Z-task-0000188,parse.synthetic,2026-09-18T13:19:53.800406+00:00,2026-09-18T13:19:53.852968+00:00,376.047,debian-alpha,ok,52.588,0,"{""debian-alpha"": 0.97984, ""ubuntu-beta"": 0.809}",{},2875,andy,False
189,cnp_endurance_multivm_20260918T130822Z-task-0000189,route.synthetic,2026-09-18T13:19:55.809344+00:00,2026-09-18T13:19:55.878683+00:00,378.079,ubuntu-beta,ok,69.438,0,"{""debian-alpha"": 0.821, ""ubuntu-beta"": 0.982803}",{},2874,andy-VirtualBox,False
190,cnp_endurance_multivm_20260918T130822Z-task-0000190,detect.synthetic,2026-09-18T13:19:57.802836+00:00,2026-09-18T13:19:57.865568+00:00,380.063,ubuntu-beta,ok,62.904,0,"{""debian-alpha"": 0.785, ""ubuntu-beta"": 0.958503}",{},2874,andy-VirtualBox,False
191,cnp_endurance_multivm_20260918T130822Z-task-0000191,correlate.synthetic,2026-09-18T13:19:59.805531+00:00,2026-09-18T13:19:59.871539+00:00,382.063,ubuntu-beta,ok,65.884,0,"{""debian-alpha"": 0.791, ""ubuntu-beta"": 0.94073}",{},2874,andy-VirtualBox,False
192,cnp_endurance_multivm_20260918T130822Z-task-0000192,parse.synthetic,2026-09-18T13:20:01.795665+00:00,2026-09-18T13:20:01.839492+00:00,384.032,debian-alpha,ok,43.947,0,"{""debian-alpha"": 0.979931, ""ubuntu-beta"": 0.809}",{},2875,andy,False
193,cnp_endurance_multivm_20260918T130822Z-task-0000193,route.synthetic,2026-09-18T13:20:03.795273+00:00,2026-09-18T13:20:03.845180+00:00,386.047,ubuntu-beta,ok,49.66,0,"{""debian-alpha"": 0.821, ""ubuntu-beta"": 0.982892}",{},2874,andy-VirtualBox,False
194,cnp_endurance_multivm_20260918T130822Z-task-0000194,detect.synthetic,2026-09-18T13:20:05.801860+00:00,2026-09-18T13:20:05.853314+00:00,388.047,ubuntu-beta,ok,51.567,0,"{""debian-alpha"": 0.785, ""ubuntu-beta"": 0.958603}",{},2874,andy-VirtualBox,False
195,cnp_endurance_multivm_20260918T130822Z-task-0000195,correlate.synthetic,2026-09-18T13:20:07.809582+00:00,2026-09-18T13:20:07.860583+00:00,390.063,ubuntu-beta,ok,50.911,0,"{""debian-alpha"": 0.791, ""ubuntu-beta"": 0.940821}",{},2874,andy-VirtualBox,False
196,cnp_endurance_multivm_20260918T130822Z-task-0000196,parse.synthetic,2026-09-18T13:20:09.801499+00:00,2026-09-18T13:20:09.867200+00:00,392.063,debian-alpha,ok,65.685,0,"{""debian-alpha"": 0.980021, ""ubuntu-beta"": 0.809}",{},2875,andy,False
197,cnp_endurance_multivm_20260918T130822Z-task-0000197,route.synthetic,2026-09-18T13:20:11.807620+00:00,2026-09-18T13:20:11.857010+00:00,394.063,ubuntu-beta,ok,49.579,0,"{""debian-alpha"": 0.821, ""ubuntu-beta"": 0.98298}",{},2874,andy-VirtualBox,False
198,cnp_endurance_multivm_20260918T130822Z-task-0000198,detect.synthetic,2026-09-18T13:20:13.797899+00:00,2026-09-18T13:20:13.860632+00:00,396.063,ubuntu-beta,ok,62.682,0,"{""debian-alpha"": 0.785, ""ubuntu-beta"": 0.958697}",{},2874,andy-VirtualBox,False
199,cnp_endurance_multivm_20260918T130822Z-task-0000199,correlate.synthetic,2026-09-18T13:20:15.806988+00:00,2026-09-18T13:20:15.860702+00:00,398.063,ubuntu-beta,ok,53.627,0,"{""debian-alpha"": 0.791, ""ubuntu-beta"": 0.940911}",{},2874,andy-VirtualBox,False
200,cnp_endurance_multivm_20260918T130822Z-task-0000200,parse.synthetic,2026-09-18T13:20:17.801086+00:00,2026-09-18T13:20:17.854449+00:00,400.047,debian-alpha,ok,53.47,0,"{""debian-alpha"": 0.980101, ""ubuntu-beta"": 0.809}",{},2875,andy,False
201,cnp_endurance_multivm_20260918T130822Z-task-0000201,route.synthetic,2026-09-18T13:20:19.809996+00:00,2026-09-18T13:20:20.243633+00:00,402.438,ubuntu-beta,ok,433.523,0,"{""debian-alpha"": 0.821, ""ubuntu-beta"": 0.983067}",{},2874,andy-VirtualBox,False
202,cnp_endurance_multivm_20260918T130822Z-task-0000202,detect.synthetic,2026-09-18T13:20:21.808929+00:00,2026-09-18T13:20:21.857004+00:00,404.063,ubuntu-beta,ok,48.302,0,"{""debian-alpha"": 0.785, ""ubuntu-beta"": 0.958781}",{},2874,andy-VirtualBox,False
203,cnp_endurance_multivm_20260918T130822Z-task-0000203,correlate.synthetic,2026-09-18T13:20:23.797816+00:00,2026-09-18T13:20:23.843314+00:00,406.047,ubuntu-beta,ok,45.369,0,"{""debian-alpha"": 0.791, ""ubuntu-beta"": 0.940995}",{},2874,andy-VirtualBox,False
204,cnp_endurance_multivm_20260918T130822Z-task-0000204,parse.synthetic,2026-09-18T13:20:25.802457+00:00,2026-09-18T13:20:25.861901+00:00,408.063,debian-alpha,ok,59.748,0,"{""debian-alpha"": 0.980431, ""ubuntu-beta"": 0.809}",{},2875,andy,False
205,cnp_endurance_multivm_20260918T130822Z-task-0000205,route.synthetic,2026-09-18T13:20:27.803546+00:00,2026-09-18T13:20:27.862929+00:00,410.063,ubuntu-beta,ok,60.057,0,"{""debian-alpha"": 0.821, ""ubuntu-beta"": 0.983149}",{},2874,andy-VirtualBox,False
206,cnp_endurance_multivm_20260918T130822Z-task-0000206,detect.synthetic,2026-09-18T13:20:29.804965+00:00,2026-09-18T13:20:29.858550+00:00,412.063,ubuntu-beta,ok,53.692,0,"{""debian-alpha"": 0.785, ""ubuntu-beta"": 0.958872}",{},2874,andy-VirtualBox,False
207,cnp_endurance_multivm_20260918T130822Z-task-0000207,correlate.synthetic,2026-09-18T13:20:31.799544+00:00,2026-09-18T13:20:31.851177+00:00,414.047,ubuntu-beta,ok,51.623,0,"{""debian-alpha"": 0.791, ""ubuntu-beta"": 0.941079}",{},2874,andy-VirtualBox,False
208,cnp_endurance_multivm_20260918T130822Z-task-0000208,parse.synthetic,2026-09-18T13:20:33.807298+00:00,2026-09-18T13:20:33.859039+00:00,416.063,debian-alpha,ok,51.624,0,"{""debian-alpha"": 0.980514, ""ubuntu-beta"": 0.809}",{},2875,andy,False
209,cnp_endurance_multivm_20260918T130822Z-task-0000209,route.synthetic,2026-09-18T13:20:35.798934+00:00,2026-09-18T13:20:35.850343+00:00,418.047,ubuntu-beta,ok,51.581,0,"{""debian-alpha"": 0.821, ""ubuntu-beta"": 0.983223}",{},2874,andy-VirtualBox,False
210,cnp_endurance_multivm_20260918T130822Z-task-0000210,detect.synthetic,2026-09-18T13:20:37.807037+00:00,2026-09-18T13:20:37.880027+00:00,420.079,ubuntu-beta,ok,73.074,0,"{""debian-alpha"": 0.785, ""ubuntu-beta"": 0.958954}",{},2874,andy-VirtualBox,False
211,cnp_endurance_multivm_20260918T130822Z-task-0000211,correlate.synthetic,2026-09-18T13:20:39.805852+00:00,2026-09-18T13:20:39.875990+00:00,422.079,ubuntu-beta,ok,70.124,0,"{""debian-alpha"": 0.791, ""ubuntu-beta"": 0.941157}",{},2874,andy-VirtualBox,False
212,cnp_endurance_multivm_20260918T130822Z-task-0000212,parse.synthetic,2026-09-18T13:20:41.800202+00:00,2026-09-18T13:20:41.851193+00:00,424.047,debian-alpha,ok,51.354,0,"{""debian-alpha"": 0.980585, ""ubuntu-beta"": 0.809}",{},2875,andy,False
213,cnp_endurance_multivm_20260918T130822Z-task-0000213,route.synthetic,2026-09-18T13:20:43.807000+00:00,2026-09-18T13:20:43.861660+00:00,426.063,ubuntu-beta,ok,54.93,0,"{""debian-alpha"": 0.821, ""ubuntu-beta"": 0.9833}",{},2874,andy-VirtualBox,False
214,cnp_endurance_multivm_20260918T130822Z-task-0000214,detect.synthetic,2026-09-18T13:20:45.804866+00:00,2026-09-18T13:20:45.860091+00:00,428.063,ubuntu-beta,ok,55.304,0,"{""debian-alpha"": 0.785, ""ubuntu-beta"": 0.959029}",{},2874,andy-VirtualBox,False
215,cnp_endurance_multivm_20260918T130822Z-task-0000215,correlate.synthetic,2026-09-18T13:20:47.808240+00:00,2026-09-18T13:20:47.857038+00:00,430.063,ubuntu-beta,ok,48.929,0,"{""debian-alpha"": 0.791, ""ubuntu-beta"": 0.941224}",{},2874,andy-VirtualBox,False
216,cnp_endurance_multivm_20260918T130822Z-task-0000216,parse.synthetic,2026-09-18T13:20:49.797436+00:00,2026-09-18T13:20:49.852731+00:00,432.047,debian-alpha,ok,55.285,0,"{""debian-alpha"": 0.980651, ""ubuntu-beta"": 0.809}",{},2875,andy,False
217,cnp_endurance_multivm_20260918T130822Z-task-0000217,route.synthetic,2026-09-18T13:20:51.808386+00:00,2026-09-18T13:20:51.880388+00:00,434.079,ubuntu-beta,ok,71.906,0,"{""debian-alpha"": 0.821, ""ubuntu-beta"": 0.983374}",{},2874,andy-VirtualBox,False
218,cnp_endurance_multivm_20260918T130822Z-task-0000218,detect.synthetic,2026-09-18T13:20:53.805623+00:00,2026-09-18T13:20:53.877436+00:00,436.079,ubuntu-beta,ok,72.05,0,"{""debian-alpha"": 0.785, ""ubuntu-beta"": 0.959102}",{},2874,andy-VirtualBox,False
219,cnp_endurance_multivm_20260918T130822Z-task-0000219,correlate.synthetic,2026-09-18T13:20:55.804296+00:00,2026-09-18T13:20:55.852321+00:00,438.047,ubuntu-beta,ok,48.507,0,"{""debian-alpha"": 0.791, ""ubuntu-beta"": 0.94132}",{},2874,andy-VirtualBox,False
220,cnp_endurance_multivm_20260918T130822Z-task-0000220,parse.synthetic,2026-09-18T13:20:57.809173+00:00,2026-09-18T13:20:57.881096+00:00,440.079,debian-alpha,ok,71.796,0,"{""debian-alpha"": 0.980718, ""ubuntu-beta"": 0.809}",{},2875,andy,False
221,cnp_endurance_multivm_20260918T130822Z-task-0000221,route.synthetic,2026-09-18T13:20:59.810457+00:00,2026-09-18T13:20:59.907872+00:00,442.11,ubuntu-beta,ok,96.423,0,"{""debian-alpha"": 0.821, ""ubuntu-beta"": 0.983444}",{},2874,andy-VirtualBox,False
222,cnp_endurance_multivm_20260918T130822Z-task-0000222,detect.synthetic,2026-09-18T13:21:01.801408+00:00,2026-09-18T13:21:01.846767+00:00,444.047,ubuntu-beta,ok,45.543,0,"{""debian-alpha"": 0.785, ""ubuntu-beta"": 0.959172}",{},2874,andy-VirtualBox,False
223,cnp_endurance_multivm_20260918T130822Z-task-0000223,correlate.synthetic,2026-09-18T13:21:03.803039+00:00,2026-09-18T13:21:03.851067+00:00,446.047,ubuntu-beta,ok,48.199,0,"{""debian-alpha"": 0.791, ""ubuntu-beta"": 0.941389}",{},2874,andy-VirtualBox,False
224,cnp_endurance_multivm_20260918T130822Z-task-0000224,parse.synthetic,2026-09-18T13:21:05.810073+00:00,2026-09-18T13:21:05.857976+00:00,448.063,debian-alpha,ok,48.237,0,"{""debian-alpha"": 0.980784, ""ubuntu-beta"": 0.809}",{},2875,andy,False
225,cnp_endurance_multivm_20260918T130822Z-task-0000225,route.synthetic,2026-09-18T13:21:07.798336+00:00,2026-09-18T13:21:07.859114+00:00,450.063,ubuntu-beta,ok,61.037,0,"{""debian-alpha"": 0.821, ""ubuntu-beta"": 0.983523}",{},2874,andy-VirtualBox,False
226,cnp_endurance_multivm_20260918T130822Z-task-0000226,detect.synthetic,2026-09-18T13:21:09.799246+00:00,2026-09-18T13:21:09.851506+00:00,452.047,ubuntu-beta,ok,51.961,0,"{""debian-alpha"": 0.785, ""ubuntu-beta"": 0.959238}",{},2874,andy-VirtualBox,False
227,cnp_endurance_multivm_20260918T130822Z-task-0000227,correlate.synthetic,2026-09-18T13:21:11.808105+00:00,2026-09-18T13:21:11.859325+00:00,454.063,ubuntu-beta,ok,51.714,0,"{""debian-alpha"": 0.791, ""ubuntu-beta"": 0.941462}",{},2874,andy-VirtualBox,False
228,cnp_endurance_multivm_20260918T130822Z-task-0000228,parse.synthetic,2026-09-18T13:21:13.800294+00:00,2026-09-18T13:21:13.851789+00:00,456.047,debian-alpha,ok,51.217,0,"{""debian-alpha"": 0.980847, ""ubuntu-beta"": 0.809}",{},2875,andy,False
229,cnp_endurance_multivm_20260918T130822Z-task-0000229,route.synthetic,2026-09-18T13:21:15.807395+00:00,2026-09-18T13:21:15.861450+00:00,458.063,ubuntu-beta,ok,54.214,0,"{""debian-alpha"": 0.821, ""ubuntu-beta"": 0.983589}",{},2874,andy-VirtualBox,False
230,cnp_endurance_multivm_20260918T130822Z-task-0000230,detect.synthetic,2026-09-18T13:21:17.801993+00:00,2026-09-18T13:21:17.912685+00:00,460.11,ubuntu-beta,ok,110.598,0,"{""debian-alpha"": 0.785, ""ubuntu-beta"": 0.959347}",{},2874,andy-VirtualBox,False
231,cnp_endurance_multivm_20260918T130822Z-task-0000231,correlate.synthetic,2026-09-18T13:21:19.807130+00:00,2026-09-18T13:21:19.855456+00:00,462.047,ubuntu-beta,ok,48.484,0,"{""debian-alpha"": 0.791, ""ubuntu-beta"": 0.941548}",{},2874,andy-VirtualBox,False
232,cnp_endurance_multivm_20260918T130822Z-task-0000232,parse.synthetic,2026-09-18T13:21:21.796081+00:00,2026-09-18T13:21:21.843722+00:00,464.047,debian-alpha,ok,47.928,0,"{""debian-alpha"": 0.98092, ""ubuntu-beta"": 0.809}",{},2875,andy,False
233,cnp_endurance_multivm_20260918T130822Z-task-0000233,route.synthetic,2026-09-18T13:21:23.800317+00:00,2026-09-18T13:21:23.855790+00:00,466.047,ubuntu-beta,ok,55.573,0,"{""debian-alpha"": 0.821, ""ubuntu-beta"": 0.983753}",{},2874,andy-VirtualBox,False
234,cnp_endurance_multivm_20260918T130822Z-task-0000234,detect.synthetic,2026-09-18T13:21:25.795989+00:00,2026-09-18T13:21:25.844814+00:00,468.047,ubuntu-beta,ok,48.802,0,"{""debian-alpha"": 0.785, ""ubuntu-beta"": 0.959403}",{},2874,andy-VirtualBox,False
235,cnp_endurance_multivm_20260918T130822Z-task-0000235,correlate.synthetic,2026-09-18T13:21:27.800554+00:00,2026-09-18T13:21:27.854933+00:00,470.047,ubuntu-beta,ok,54.041,0,"{""debian-alpha"": 0.791, ""ubuntu-beta"": 0.941624}",{},2874,andy-VirtualBox,False
236,cnp_endurance_multivm_20260918T130822Z-task-0000236,parse.synthetic,2026-09-18T13:21:29.794859+00:00,2026-09-18T13:21:29.841099+00:00,472.047,debian-alpha,ok,46.5,0,"{""debian-alpha"": 0.980977, ""ubuntu-beta"": 0.809}",{},2875,andy,False
237,cnp_endurance_multivm_20260918T130822Z-task-0000237,route.synthetic,2026-09-18T13:21:31.797425+00:00,2026-09-18T13:21:31.844859+00:00,474.047,ubuntu-beta,ok,47.423,0,"{""debian-alpha"": 0.821, ""ubuntu-beta"": 0.983811}",{},2874,andy-VirtualBox,False
238,cnp_endurance_multivm_20260918T130822Z-task-0000238,detect.synthetic,2026-09-18T13:21:33.801284+00:00,2026-09-18T13:21:33.852483+00:00,476.047,ubuntu-beta,ok,51.307,0,"{""debian-alpha"": 0.785, ""ubuntu-beta"": 0.959474}",{},2874,andy-VirtualBox,False
239,cnp_endurance_multivm_20260918T130822Z-task-0000239,correlate.synthetic,2026-09-18T13:21:35.809477+00:00,2026-09-18T13:21:35.862897+00:00,478.063,ubuntu-beta,ok,53.438,0,"{""debian-alpha"": 0.791, ""ubuntu-beta"": 0.941687}",{},2874,andy-VirtualBox,False
240,cnp_endurance_multivm_20260918T130822Z-task-0000240,parse.synthetic,2026-09-18T13:21:37.803949+00:00,2026-09-18T13:21:37.852984+00:00,480.047,debian-alpha,ok,48.956,0,"{""debian-alpha"": 0.981033, ""ubuntu-beta"": 0.809}",{},2875,andy,False
241,cnp_endurance_multivm_20260918T130822Z-task-0000241,route.synthetic,2026-09-18T13:21:39.808797+00:00,2026-09-18T13:21:39.860571+00:00,482.063,ubuntu-beta,ok,51.853,0,"{""debian-alpha"": 0.821, ""ubuntu-beta"": 0.983877}",{},2874,andy-VirtualBox,False
242,cnp_endurance_multivm_20260918T130822Z-task-0000242,detect.synthetic,2026-09-18T13:21:41.800726+00:00,2026-09-18T13:21:41.849472+00:00,484.047,ubuntu-beta,ok,48.862,0,"{""debian-alpha"": 0.785, ""ubuntu-beta"": 0.959531}",{},2874,andy-VirtualBox,False
243,cnp_endurance_multivm_20260918T130822Z-task-0000243,correlate.synthetic,2026-09-18T13:21:43.806374+00:00,2026-09-18T13:21:43.858385+00:00,486.063,ubuntu-beta,ok,52.302,0,"{""debian-alpha"": 0.791, ""ubuntu-beta"": 0.941745}",{},2874,andy-VirtualBox,False
244,cnp_endurance_multivm_20260918T130822Z-task-0000244,parse.synthetic,2026-09-18T13:21:45.798995+00:00,2026-09-18T13:21:45.848045+00:00,488.047,debian-alpha,ok,49.14,0,"{""debian-alpha"": 0.981087, ""ubuntu-beta"": 0.809}",{},2875,andy,False
245,cnp_endurance_multivm_20260918T130822Z-task-0000245,route.synthetic,2026-09-18T13:21:47.804968+00:00,2026-09-18T13:21:47.853643+00:00,490.047,ubuntu-beta,ok,48.612,0,"{""debian-alpha"": 0.821, ""ubuntu-beta"": 0.983942}",{},2874,andy-VirtualBox,False
246,cnp_endurance_multivm_20260918T130822Z-task-0000246,detect.synthetic,2026-09-18T13:21:49.809387+00:00,2026-09-18T13:21:49.861798+00:00,492.063,ubuntu-beta,ok,52.369,0,"{""debian-alpha"": 0.785, ""ubuntu-beta"": 0.959589}",{},2874,andy-VirtualBox,False
247,cnp_endurance_multivm_20260918T130822Z-task-0000247,correlate.synthetic,2026-09-18T13:21:51.801440+00:00,2026-09-18T13:21:51.846645+00:00,494.047,ubuntu-beta,ok,45.453,0,"{""debian-alpha"": 0.791, ""ubuntu-beta"": 0.941801}",{},2874,andy-VirtualBox,False
248,cnp_endurance_multivm_20260918T130822Z-task-0000248,parse.synthetic,2026-09-18T13:21:53.803704+00:00,2026-09-18T13:21:53.872193+00:00,496.063,debian-alpha,ok,68.367,0,"{""debian-alpha"": 0.981148, ""ubuntu-beta"": 0.809}",{},2875,andy,False
249,cnp_endurance_multivm_20260918T130822Z-task-0000249,route.synthetic,2026-09-18T13:21:55.796853+00:00,2026-09-18T13:21:55.843206+00:00,498.047,ubuntu-beta,ok,46.567,0,"{""debian-alpha"": 0.821, ""ubuntu-beta"": 0.984005}",{},2874,andy-VirtualBox,False
250,cnp_endurance_multivm_20260918T130822Z-task-0000250,detect.synthetic,2026-09-18T13:21:57.798759+00:00,2026-09-18T13:21:57.855312+00:00,500.047,ubuntu-beta,ok,56.475,0,"{""debian-alpha"": 0.785, ""ubuntu-beta"": 0.959646}",{},2874,andy-VirtualBox,False
251,cnp_endurance_multivm_20260918T130822Z-task-0000251,correlate.synthetic,2026-09-18T13:21:59.795269+00:00,2026-09-18T13:21:59.848361+00:00,502.047,ubuntu-beta,ok,53.04,0,"{""debian-alpha"": 0.791, ""ubuntu-beta"": 0.94186}",{},2874,andy-VirtualBox,False
252,cnp_endurance_multivm_20260918T130822Z-task-0000252,parse.synthetic,2026-09-18T13:22:01.805830+00:00,2026-09-18T13:22:01.855089+00:00,504.047,debian-alpha,ok,49.221,0,"{""debian-alpha"": 0.981192, ""ubuntu-beta"": 0.809}",{},2875,andy,False
253,cnp_endurance_multivm_20260918T130822Z-task-0000253,route.synthetic,2026-09-18T13:22:03.795350+00:00,2026-09-18T13:22:03.845748+00:00,506.047,ubuntu-beta,ok,50.391,0,"{""debian-alpha"": 0.821, ""ubuntu-beta"": 0.984168}",{},2874,andy-VirtualBox,False
254,cnp_endurance_multivm_20260918T130822Z-task-0000254,detect.synthetic,2026-09-18T13:22:05.801511+00:00,2026-09-18T13:22:05.855717+00:00,508.047,ubuntu-beta,ok,53.585,0,"{""debian-alpha"": 0.785, ""ubuntu-beta"": 0.960199}",{},2874,andy-VirtualBox,False
255,cnp_endurance_multivm_20260918T130822Z-task-0000255,correlate.synthetic,2026-09-18T13:22:07.795089+00:00,2026-09-18T13:22:07.847878+00:00,510.047,ubuntu-beta,ok,53.037,0,"{""debian-alpha"": 0.791, ""ubuntu-beta"": 0.942255}",{},2874,andy-VirtualBox,False
256,cnp_endurance_multivm_20260918T130822Z-task-0000256,parse.synthetic,2026-09-18T13:22:09.805659+00:00,2026-09-18T13:22:09.856164+00:00,512.047,debian-alpha,ok,50.814,0,"{""debian-alpha"": 0.981299, ""ubuntu-beta"": 0.809}",{},2875,andy,False
257,cnp_endurance_multivm_20260918T130822Z-task-0000257,route.synthetic,2026-09-18T13:22:11.796301+00:00,2026-09-18T13:22:11.866766+00:00,514.063,ubuntu-beta,ok,70.438,0,"{""debian-alpha"": 0.821, ""ubuntu-beta"": 0.984266}",{},2874,andy-VirtualBox,False
258,cnp_endurance_multivm_20260918T130822Z-task-0000258,detect.synthetic,2026-09-18T13:22:13.808112+00:00,2026-09-18T13:22:13.857348+00:00,516.063,ubuntu-beta,ok,49.423,0,"{""debian-alpha"": 0.785, ""ubuntu-beta"": 0.960258}",{},2874,andy-VirtualBox,False
259,cnp_endurance_multivm_20260918T130822Z-task-0000259,correlate.synthetic,2026-09-18T13:22:15.797402+00:00,2026-09-18T13:22:15.844356+00:00,518.047,ubuntu-beta,ok,47.309,0,"{""debian-alpha"": 0.791, ""ubuntu-beta"": 0.942308}",{},2874,andy-VirtualBox,False
260,cnp_endurance_multivm_20260918T130822Z-task-0000260,parse.synthetic,2026-09-18T13:22:17.800153+00:00,2026-09-18T13:22:17.857852+00:00,520.063,debian-alpha,ok,57.529,0,"{""debian-alpha"": 0.981342, ""ubuntu-beta"": 0.809}",{},2875,andy,False
261,cnp_endurance_multivm_20260918T130822Z-task-0000261,route.synthetic,2026-09-18T13:22:19.798106+00:00,2026-09-18T13:22:19.846611+00:00,522.047,ubuntu-beta,ok,49.748,0,"{""debian-alpha"": 0.821, ""ubuntu-beta"": 0.984309}",{},2874,andy-VirtualBox,False
262,cnp_endurance_multivm_20260918T130822Z-task-0000262,detect.synthetic,2026-09-18T13:22:21.804309+00:00,2026-09-18T13:22:21.865255+00:00,524.063,ubuntu-beta,ok,60.769,0,"{""debian-alpha"": 0.785, ""ubuntu-beta"": 0.960303}",{},2874,andy-VirtualBox,False
263,cnp_endurance_multivm_20260918T130822Z-task-0000263,correlate.synthetic,2026-09-18T13:22:23.805659+00:00,2026-09-18T13:22:23.857463+00:00,526.063,ubuntu-beta,ok,51.926,0,"{""debian-alpha"": 0.791, ""ubuntu-beta"": 0.942355}",{},2874,andy-VirtualBox,False
264,cnp_endurance_multivm_20260918T130822Z-task-0000264,parse.synthetic,2026-09-18T13:22:25.798495+00:00,2026-09-18T13:22:25.846476+00:00,528.047,debian-alpha,ok,48.659,0,"{""debian-alpha"": 0.981382, ""ubuntu-beta"": 0.809}",{},2875,andy,False
265,cnp_endurance_multivm_20260918T130822Z-task-0000265,route.synthetic,2026-09-18T13:22:27.803557+00:00,2026-09-18T13:22:27.855617+00:00,530.047,ubuntu-beta,ok,52.25,0,"{""debian-alpha"": 0.821, ""ubuntu-beta"": 0.984355}",{},2874,andy-VirtualBox,False
266,cnp_endurance_multivm_20260918T130822Z-task-0000266,detect.synthetic,2026-09-18T13:22:29.796193+00:00,2026-09-18T13:22:29.847841+00:00,532.047,ubuntu-beta,ok,51.547,0,"{""debian-alpha"": 0.785, ""ubuntu-beta"": 0.960339}",{},2874,andy-VirtualBox,False
267,cnp_endurance_multivm_20260918T130822Z-task-0000267,correlate.synthetic,2026-09-18T13:22:31.803248+00:00,2026-09-18T13:22:31.852175+00:00,534.047,ubuntu-beta,ok,48.914,0,"{""debian-alpha"": 0.791, ""ubuntu-beta"": 0.942401}",{},2874,andy-VirtualBox,False
268,cnp_endurance_multivm_20260918T130822Z-task-0000268,parse.synthetic,2026-09-18T13:22:33.808797+00:00,2026-09-18T13:22:33.859038+00:00,536.063,debian-alpha,ok,50.235,0,"{""debian-alpha"": 0.981425, ""ubuntu-beta"": 0.809}",{},2875,andy,False
269,cnp_endurance_multivm_20260918T130822Z-task-0000269,route.synthetic,2026-09-18T13:22:35.799212+00:00,2026-09-18T13:22:35.847668+00:00,538.047,ubuntu-beta,ok,48.887,0,"{""debian-alpha"": 0.821, ""ubuntu-beta"": 0.984398}",{},2874,andy-VirtualBox,False
270,cnp_endurance_multivm_20260918T130822Z-task-0000270,detect.synthetic,2026-09-18T13:22:37.804903+00:00,2026-09-18T13:22:37.859052+00:00,540.063,ubuntu-beta,ok,55.188,0,"{""debian-alpha"": 0.785, ""ubuntu-beta"": 0.960385}",{},2874,andy-VirtualBox,False
271,cnp_endurance_multivm_20260918T130822Z-task-0000271,correlate.synthetic,2026-09-18T13:22:39.800215+00:00,2026-09-18T13:22:39.851292+00:00,542.047,ubuntu-beta,ok,51.298,0,"{""debian-alpha"": 0.791, ""ubuntu-beta"": 0.942444}",{},2874,andy-VirtualBox,False
272,cnp_endurance_multivm_20260918T130822Z-task-0000272,parse.synthetic,2026-09-18T13:22:41.808458+00:00,2026-09-18T13:22:41.862107+00:00,544.063,debian-alpha,ok,53.636,0,"{""debian-alpha"": 0.981469, ""ubuntu-beta"": 0.809}",{},2875,andy,False
273,cnp_endurance_multivm_20260918T130822Z-task-0000273,route.synthetic,2026-09-18T13:22:43.802144+00:00,2026-09-18T13:22:43.854712+00:00,546.047,ubuntu-beta,ok,52.41,0,"{""debian-alpha"": 0.821, ""ubuntu-beta"": 0.984444}",{},2874,andy-VirtualBox,False
274,cnp_endurance_multivm_20260918T130822Z-task-0000274,detect.synthetic,2026-09-18T13:22:45.794598+00:00,2026-09-18T13:22:45.848696+00:00,548.047,ubuntu-beta,ok,54.484,0,"{""debian-alpha"": 0.785, ""ubuntu-beta"": 0.960427}",{},2874,andy-VirtualBox,False
275,cnp_endurance_multivm_20260918T130822Z-task-0000275,correlate.synthetic,2026-09-18T13:22:47.805425+00:00,2026-09-18T13:22:47.859884+00:00,550.063,ubuntu-beta,ok,54.252,0,"{""debian-alpha"": 0.791, ""ubuntu-beta"": 0.942495}",{},2874,andy-VirtualBox,False
276,cnp_endurance_multivm_20260918T130822Z-task-0000276,parse.synthetic,2026-09-18T13:22:49.799357+00:00,2026-09-18T13:22:49.863574+00:00,552.063,debian-alpha,ok,64.332,0,"{""debian-alpha"": 0.981507, ""ubuntu-beta"": 0.809}",{},2875,andy,False
277,cnp_endurance_multivm_20260918T130822Z-task-0000277,route.synthetic,2026-09-18T13:22:51.803348+00:00,2026-09-18T13:22:51.851807+00:00,554.047,ubuntu-beta,ok,48.412,0,"{""debian-alpha"": 0.821, ""ubuntu-beta"": 0.984484}",{},2874,andy-VirtualBox,False
278,cnp_endurance_multivm_20260918T130822Z-task-0000278,detect.synthetic,2026-09-18T13:22:53.808448+00:00,2026-09-18T13:22:53.859704+00:00,556.063,ubuntu-beta,ok,51.227,0,"{""debian-alpha"": 0.785, ""ubuntu-beta"": 0.960467}",{},2874,andy-VirtualBox,False
279,cnp_endurance_multivm_20260918T130822Z-task-0000279,correlate.synthetic,2026-09-18T13:22:55.799972+00:00,2026-09-18T13:22:55.860463+00:00,558.063,ubuntu-beta,ok,60.591,0,"{""debian-alpha"": 0.791, ""ubuntu-beta"": 0.942532}",{},2874,andy-VirtualBox,False
280,cnp_endurance_multivm_20260918T130822Z-task-0000280,parse.synthetic,2026-09-18T13:22:57.800898+00:00,2026-09-18T13:22:57.851278+00:00,560.047,debian-alpha,ok,50.449,0,"{""debian-alpha"": 0.981541, ""ubuntu-beta"": 0.809}",{},2875,andy,False
281,cnp_endurance_multivm_20260918T130822Z-task-0000281,route.synthetic,2026-09-18T13:22:59.808302+00:00,2026-09-18T13:22:59.855042+00:00,562.047,ubuntu-beta,ok,46.89,0,"{""debian-alpha"": 0.821, ""ubuntu-beta"": 0.984524}",{},2874,andy-VirtualBox,False
282,cnp_endurance_multivm_20260918T130822Z-task-0000282,detect.synthetic,2026-09-18T13:23:01.795911+00:00,2026-09-18T13:23:01.846905+00:00,564.047,ubuntu-beta,ok,51.074,0,"{""debian-alpha"": 0.785, ""ubuntu-beta"": 0.960506}",{},2874,andy-VirtualBox,False
283,cnp_endurance_multivm_20260918T130822Z-task-0000283,correlate.synthetic,2026-09-18T13:23:03.803285+00:00,2026-09-18T13:23:03.853798+00:00,566.047,ubuntu-beta,ok,50.505,0,"{""debian-alpha"": 0.791, ""ubuntu-beta"": 0.942566}",{},2874,andy-VirtualBox,False
284,cnp_endurance_multivm_20260918T130822Z-task-0000284,parse.synthetic,2026-09-18T13:23:05.794610+00:00,2026-09-18T13:23:05.843106+00:00,568.047,debian-alpha,ok,48.743,0,"{""debian-alpha"": 0.981579, ""ubuntu-beta"": 0.809}",{},2875,andy,False
285,cnp_endurance_multivm_20260918T130822Z-task-0000285,route.synthetic,2026-09-18T13:23:07.799597+00:00,2026-09-18T13:23:07.847204+00:00,570.047,ubuntu-beta,ok,47.743,0,"{""debian-alpha"": 0.821, ""ubuntu-beta"": 0.98456}",{},2874,andy-VirtualBox,False
286,cnp_endurance_multivm_20260918T130822Z-task-0000286,detect.synthetic,2026-09-18T13:23:09.803827+00:00,2026-09-18T13:23:09.855874+00:00,572.047,ubuntu-beta,ok,52.286,0,"{""debian-alpha"": 0.785, ""ubuntu-beta"": 0.960542}",{},2874,andy-VirtualBox,False
287,cnp_endurance_multivm_20260918T130822Z-task-0000287,correlate.synthetic,2026-09-18T13:23:11.796988+00:00,2026-09-18T13:23:11.842349+00:00,574.047,ubuntu-beta,ok,45.313,0,"{""debian-alpha"": 0.791, ""ubuntu-beta"": 0.942621}",{},2874,andy-VirtualBox,False
288,cnp_endurance_multivm_20260918T130822Z-task-0000288,parse.synthetic,2026-09-18T13:23:13.798187+00:00,2026-09-18T13:23:13.848161+00:00,576.047,debian-alpha,ok,49.819,0,"{""debian-alpha"": 0.981615, ""ubuntu-beta"": 0.809}",{},2875,andy,False
289,cnp_endurance_multivm_20260918T130822Z-task-0000289,route.synthetic,2026-09-18T13:23:15.804663+00:00,2026-09-18T13:23:15.857530+00:00,578.063,ubuntu-beta,ok,52.858,0,"{""debian-alpha"": 0.821, ""ubuntu-beta"": 0.984598}",{},2874,andy-VirtualBox,False
290,cnp_endurance_multivm_20260918T130822Z-task-0000290,detect.synthetic,2026-09-18T13:23:17.797962+00:00,2026-09-18T13:23:17.852126+00:00,580.047,ubuntu-beta,ok,54.47,0,"{""debian-alpha"": 0.785, ""ubuntu-beta"": 0.960576}",{},2874,andy-VirtualBox,False
291,cnp_endurance_multivm_20260918T130822Z-task-0000291,correlate.synthetic,2026-09-18T13:23:19.809062+00:00,2026-09-18T13:23:19.858894+00:00,582.063,ubuntu-beta,ok,49.946,0,"{""debian-alpha"": 0.791, ""ubuntu-beta"": 0.94266}",{},2874,andy-VirtualBox,False
292,cnp_endurance_multivm_20260918T130822Z-task-0000292,parse.synthetic,2026-09-18T13:23:21.804833+00:00,2026-09-18T13:23:21.852844+00:00,584.047,debian-alpha,ok,48.194,0,"{""debian-alpha"": 0.981647, ""ubuntu-beta"": 0.809}",{},2875,andy,False
293,cnp_endurance_multivm_20260918T130822Z-task-0000293,route.synthetic,2026-09-18T13:23:23.795488+00:00,2026-09-18T13:23:23.843406+00:00,586.047,ubuntu-beta,ok,47.916,0,"{""debian-alpha"": 0.821, ""ubuntu-beta"": 0.984632}",{},2874,andy-VirtualBox,False
294,cnp_endurance_multivm_20260918T130822Z-task-0000294,detect.synthetic,2026-09-18T13:23:25.799673+00:00,2026-09-18T13:23:25.850657+00:00,588.047,ubuntu-beta,ok,50.792,0,"{""debian-alpha"": 0.785, ""ubuntu-beta"": 0.960612}",{},2874,andy-VirtualBox,False
295,cnp_endurance_multivm_20260918T130822Z-task-0000295,correlate.synthetic,2026-09-18T13:23:27.806776+00:00,2026-09-18T13:23:27.864599+00:00,590.063,ubuntu-beta,ok,57.885,0,"{""debian-alpha"": 0.791, ""ubuntu-beta"": 0.942696}",{},2874,andy-VirtualBox,False
296,cnp_endurance_multivm_20260918T130822Z-task-0000296,parse.synthetic,2026-09-18T13:23:29.804500+00:00,2026-09-18T13:23:29.870997+00:00,592.063,debian-alpha,ok,66.376,0,"{""debian-alpha"": 0.981682, ""ubuntu-beta"": 0.809}",{},2875,andy,False
297,cnp_endurance_multivm_20260918T130822Z-task-0000297,route.synthetic,2026-09-18T13:23:31.795471+00:00,2026-09-18T13:23:31.842078+00:00,594.047,ubuntu-beta,ok,47.089,0,"{""debian-alpha"": 0.821, ""ubuntu-beta"": 0.984668}",{},2874,andy-VirtualBox,False
298,cnp_endurance_multivm_20260918T130822Z-task-0000298,detect.synthetic,2026-09-18T13:23:33.798775+00:00,2026-09-18T13:23:33.850095+00:00,596.047,ubuntu-beta,ok,51.292,0,"{""debian-alpha"": 0.785, ""ubuntu-beta"": 0.960646}",{},2874,andy-VirtualBox,False
299,cnp_endurance_multivm_20260918T130822Z-task-0000299,correlate.synthetic,2026-09-18T13:23:35.806100+00:00,2026-09-18T13:23:35.872903+00:00,598.079,ubuntu-beta,ok,66.591,0,"{""debian-alpha"": 0.791, ""ubuntu-beta"": 0.94273}",{},2874,andy-VirtualBox,False
300,cnp_endurance_multivm_20260918T130822Z-task-0000300,parse.synthetic,2026-09-18T13:23:37.797196+00:00,2026-09-18T13:23:37.850190+00:00,600.047,debian-alpha,ok,53.335,0,"{""debian-alpha"": 0.981718, ""ubuntu-beta"": 0.809}",{},2875,andy,False
301,cnp_endurance_multivm_20260918T130822Z-task-0000301,route.synthetic,2026-09-18T13:23:39.806252+00:00,2026-09-18T13:23:39.858309+00:00,602.063,ubuntu-beta,ok,51.718,0,"{""debian-alpha"": 0.821, ""ubuntu-beta"": 0.984703}",{},2874,andy-VirtualBox,False
302,cnp_endurance_multivm_20260918T130822Z-task-0000302,detect.synthetic,2026-09-18T13:23:41.798733+00:00,2026-09-18T13:23:41.848933+00:00,604.047,ubuntu-beta,ok,50.706,0,"{""debian-alpha"": 0.785, ""ubuntu-beta"": 0.960682}",{},2874,andy-VirtualBox,False
303,cnp_endurance_multivm_20260918T130822Z-task-0000303,correlate.synthetic,2026-09-18T13:23:43.805190+00:00,2026-09-18T13:23:43.850069+00:00,606.047,ubuntu-beta,ok,44.868,0,"{""debian-alpha"": 0.791, ""ubuntu-beta"": 0.942758}",{},2874,andy-VirtualBox,False
304,cnp_endurance_multivm_20260918T130822Z-task-0000304,parse.synthetic,2026-09-18T13:23:45.799869+00:00,2026-09-18T13:23:45.848907+00:00,608.047,debian-alpha,ok,49.068,0,"{""debian-alpha"": 0.981752, ""ubuntu-beta"": 0.809}",{},2875,andy,False
305,cnp_endurance_multivm_20260918T130822Z-task-0000305,route.synthetic,2026-09-18T13:23:47.805789+00:00,2026-09-18T13:23:47.850964+00:00,610.047,ubuntu-beta,ok,45.184,0,"{""debian-alpha"": 0.821, ""ubuntu-beta"": 0.984734}",{},2874,andy-VirtualBox,False
306,cnp_endurance_multivm_20260918T130822Z-task-0000306,detect.synthetic,2026-09-18T13:23:49.806924+00:00,2026-09-18T13:23:49.860505+00:00,612.063,ubuntu-beta,ok,53.348,0,"{""debian-alpha"": 0.785, ""ubuntu-beta"": 0.960717}",{},2874,andy-VirtualBox,False
307,cnp_endurance_multivm_20260918T130822Z-task-0000307,correlate.synthetic,2026-09-18T13:23:51.800538+00:00,2026-09-18T13:23:51.896921+00:00,614.094,ubuntu-beta,ok,96.253,0,"{""debian-alpha"": 0.791, ""ubuntu-beta"": 0.942793}",{},2874,andy-VirtualBox,False
308,cnp_endurance_multivm_20260918T130822Z-task-0000308,parse.synthetic,2026-09-18T13:23:53.806005+00:00,2026-09-18T13:23:53.854546+00:00,616.047,debian-alpha,ok,48.362,0,"{""debian-alpha"": 0.981785, ""ubuntu-beta"": 0.809}",{},2875,andy,False
309,cnp_endurance_multivm_20260918T130822Z-task-0000309,route.synthetic,2026-09-18T13:23:55.796111+00:00,2026-09-18T13:23:55.858054+00:00,618.063,ubuntu-beta,ok,62.533,0,"{""debian-alpha"": 0.821, ""ubuntu-beta"": 0.984768}",{},2874,andy-VirtualBox,False
310,cnp_endurance_multivm_20260918T130822Z-task-0000310,detect.synthetic,2026-09-18T13:23:57.798734+00:00,2026-09-18T13:23:57.853387+00:00,620.047,ubuntu-beta,ok,55.085,0,"{""debian-alpha"": 0.785, ""ubuntu-beta"": 0.960748}",{},2874,andy-VirtualBox,False
311,cnp_endurance_multivm_20260918T130822Z-task-0000311,correlate.synthetic,2026-09-18T13:23:59.794995+00:00,2026-09-18T13:23:59.844762+00:00,622.047,ubuntu-beta,ok,49.782,0,"{""debian-alpha"": 0.791, ""ubuntu-beta"": 0.942823}",{},2874,andy-VirtualBox,False
312,cnp_endurance_multivm_20260918T130822Z-task-0000312,parse.synthetic,2026-09-18T13:24:01.800464+00:00,2026-09-18T13:24:01.846497+00:00,624.047,debian-alpha,ok,46.618,0,"{""debian-alpha"": 0.981816, ""ubuntu-beta"": 0.809}",{},2875,andy,False
313,cnp_endurance_multivm_20260918T130822Z-task-0000313,route.synthetic,2026-09-18T13:24:03.804239+00:00,2026-09-18T13:24:03.854057+00:00,626.047,ubuntu-beta,ok,50.026,0,"{""debian-alpha"": 0.821, ""ubuntu-beta"": 0.984795}",{},2874,andy-VirtualBox,False
314,cnp_endurance_multivm_20260918T130822Z-task-0000314,detect.synthetic,2026-09-18T13:24:05.796287+00:00,2026-09-18T13:24:05.848322+00:00,628.047,ubuntu-beta,ok,52.387,0,"{""debian-alpha"": 0.785, ""ubuntu-beta"": 0.960779}",{},2874,andy-VirtualBox,False
315,cnp_endurance_multivm_20260918T130822Z-task-0000315,correlate.synthetic,2026-09-18T13:24:07.804769+00:00,2026-09-18T13:24:07.854488+00:00,630.047,ubuntu-beta,ok,49.536,0,"{""debian-alpha"": 0.791, ""ubuntu-beta"": 0.942854}",{},2874,andy-VirtualBox,False
316,cnp_endurance_multivm_20260918T130822Z-task-0000316,parse.synthetic,2026-09-18T13:24:09.795594+00:00,2026-09-18T13:24:09.843734+00:00,632.047,debian-alpha,ok,48.353,0,"{""debian-alpha"": 0.981848, ""ubuntu-beta"": 0.809}",{},2875,andy,False
317,cnp_endurance_multivm_20260918T130822Z-task-0000317,route.synthetic,2026-09-18T13:24:11.800796+00:00,2026-09-18T13:24:11.851314+00:00,634.047,ubuntu-beta,ok,50.694,0,"{""debian-alpha"": 0.821, ""ubuntu-beta"": 0.984825}",{},2874,andy-VirtualBox,False
318,cnp_endurance_multivm_20260918T130822Z-task-0000318,detect.synthetic,2026-09-18T13:24:13.807843+00:00,2026-09-18T13:24:13.858907+00:00,636.063,ubuntu-beta,ok,51.079,0,"{""debian-alpha"": 0.785, ""ubuntu-beta"": 0.960812}",{},2874,andy-VirtualBox,False
319,cnp_endurance_multivm_20260918T130822Z-task-0000319,correlate.synthetic,2026-09-18T13:24:15.799619+00:00,2026-09-18T13:24:15.851390+00:00,638.047,ubuntu-beta,ok,52.016,0,"{""debian-alpha"": 0.791, ""ubuntu-beta"": 0.942884}",{},2874,andy-VirtualBox,False
320,cnp_endurance_multivm_20260918T130822Z-task-0000320,parse.synthetic,2026-09-18T13:24:17.807977+00:00,2026-09-18T13:24:17.853585+00:00,640.047,debian-alpha,ok,45.904,0,"{""debian-alpha"": 0.981875, ""ubuntu-beta"": 0.809}",{},2875,andy,False
321,cnp_endurance_multivm_20260918T130822Z-task-0000321,route.synthetic,2026-09-18T13:24:19.809533+00:00,2026-09-18T13:24:19.862369+00:00,642.063,ubuntu-beta,ok,53.181,0,"{""debian-alpha"": 0.821, ""ubuntu-beta"": 0.984855}",{},2874,andy-VirtualBox,False
322,cnp_endurance_multivm_20260918T130822Z-task-0000322,detect.synthetic,2026-09-18T13:24:21.803611+00:00,2026-09-18T13:24:21.853300+00:00,644.047,ubuntu-beta,ok,50.082,0,"{""debian-alpha"": 0.785, ""ubuntu-beta"": 0.960841}",{},2874,andy-VirtualBox,False
323,cnp_endurance_multivm_20260918T130822Z-task-0000323,correlate.synthetic,2026-09-18T13:24:23.809978+00:00,2026-09-18T13:24:23.858798+00:00,646.063,ubuntu-beta,ok,49.062,0,"{""debian-alpha"": 0.791, ""ubuntu-beta"": 0.942915}",{},2874,andy-VirtualBox,False
324,cnp_endurance_multivm_20260918T130822Z-task-0000324,parse.synthetic,2026-09-18T13:24:25.798876+00:00,2026-09-18T13:24:25.869756+00:00,648.063,debian-alpha,ok,70.811,0,"{""debian-alpha"": 0.981904, ""ubuntu-beta"": 0.809}",{},2875,andy,False
325,cnp_endurance_multivm_20260918T130822Z-task-0000325,route.synthetic,2026-09-18T13:24:27.794289+00:00,2026-09-18T13:24:27.847824+00:00,650.047,ubuntu-beta,ok,53.444,0,"{""debian-alpha"": 0.821, ""ubuntu-beta"": 0.984891}",{},2874,andy-VirtualBox,False
326,cnp_endurance_multivm_20260918T130822Z-task-0000326,detect.synthetic,2026-09-18T13:24:29.804048+00:00,2026-09-18T13:24:29.853591+00:00,652.047,ubuntu-beta,ok,49.46,0,"{""debian-alpha"": 0.785, ""ubuntu-beta"": 0.96087}",{},2874,andy-VirtualBox,False
327,cnp_endurance_multivm_20260918T130822Z-task-0000327,correlate.synthetic,2026-09-18T13:24:31.809394+00:00,2026-09-18T13:24:31.858528+00:00,654.063,ubuntu-beta,ok,49.433,0,"{""debian-alpha"": 0.791, ""ubuntu-beta"": 0.942945}",{},2874,andy-VirtualBox,False
328,cnp_endurance_multivm_20260918T130822Z-task-0000328,parse.synthetic,2026-09-18T13:24:33.798190+00:00,2026-09-18T13:24:33.846796+00:00,656.047,debian-alpha,ok,48.588,0,"{""debian-alpha"": 0.981929, ""ubuntu-beta"": 0.809}",{},2875,andy,False
329,cnp_endurance_multivm_20260918T130822Z-task-0000329,route.synthetic,2026-09-18T13:24:35.802692+00:00,2026-09-18T13:24:35.851716+00:00,658.047,ubuntu-beta,ok,49.5,0,"{""debian-alpha"": 0.821, ""ubuntu-beta"": 0.984919}",{},2874,andy-VirtualBox,False
330,cnp_endurance_multivm_20260918T130822Z-task-0000330,detect.synthetic,2026-09-18T13:24:37.798229+00:00,2026-09-18T13:24:37.854969+00:00,660.047,ubuntu-beta,ok,56.768,0,"{""debian-alpha"": 0.785, ""ubuntu-beta"": 0.960899}",{},2874,andy-VirtualBox,False
331,cnp_endurance_multivm_20260918T130822Z-task-0000331,correlate.synthetic,2026-09-18T13:24:39.795434+00:00,2026-09-18T13:24:39.845265+00:00,662.047,ubuntu-beta,ok,49.935,0,"{""debian-alpha"": 0.791, ""ubuntu-beta"": 0.942976}",{},2874,andy-VirtualBox,False
332,cnp_endurance_multivm_20260918T130822Z-task-0000332,parse.synthetic,2026-09-18T13:24:41.801604+00:00,2026-09-18T13:24:41.848417+00:00,664.047,debian-alpha,ok,46.865,0,"{""debian-alpha"": 0.981956, ""ubuntu-beta"": 0.809}",{},2875,andy,False
333,cnp_endurance_multivm_20260918T130822Z-task-0000333,route.synthetic,2026-09-18T13:24:43.798166+00:00,2026-09-18T13:24:43.847501+00:00,666.047,ubuntu-beta,ok,49.431,0,"{""debian-alpha"": 0.821, ""ubuntu-beta"": 0.984949}",{},2874,andy-VirtualBox,False
334,cnp_endurance_multivm_20260918T130822Z-task-0000334,detect.synthetic,2026-09-18T13:24:45.804254+00:00,2026-09-18T13:24:45.853267+00:00,668.047,ubuntu-beta,ok,48.96,0,"{""debian-alpha"": 0.785, ""ubuntu-beta"": 0.960926}",{},2874,andy-VirtualBox,False
335,cnp_endurance_multivm_20260918T130822Z-task-0000335,correlate.synthetic,2026-09-18T13:24:47.809665+00:00,2026-09-18T13:24:47.862338+00:00,670.063,ubuntu-beta,ok,52.751,0,"{""debian-alpha"": 0.791, ""ubuntu-beta"": 0.943004}",{},2874,andy-VirtualBox,False
336,cnp_endurance_multivm_20260918T130822Z-task-0000336,parse.synthetic,2026-09-18T13:24:49.802942+00:00,2026-09-18T13:24:49.858784+00:00,672.063,debian-alpha,ok,55.961,0,"{""debian-alpha"": 0.981984, ""ubuntu-beta"": 0.809}",{},2875,andy,False
337,cnp_endurance_multivm_20260918T130822Z-task-0000337,route.synthetic,2026-09-18T13:24:51.800412+00:00,2026-09-18T13:24:51.851309+00:00,674.047,ubuntu-beta,ok,50.81,0,"{""debian-alpha"": 0.821, ""ubuntu-beta"": 0.984976}",{},2874,andy-VirtualBox,False
338,cnp_endurance_multivm_20260918T130822Z-task-0000338,detect.synthetic,2026-09-18T13:24:53.807974+00:00,2026-09-18T13:24:53.865867+00:00,676.063,ubuntu-beta,ok,57.317,0,"{""debian-alpha"": 0.785, ""ubuntu-beta"": 0.960956}",{},2874,andy-VirtualBox,False
339,cnp_endurance_multivm_20260918T130822Z-task-0000339,correlate.synthetic,2026-09-18T13:24:55.805928+00:00,2026-09-18T13:24:55.988821+00:00,678.188,ubuntu-beta,ok,183.194,0,"{""debian-alpha"": 0.791, ""ubuntu-beta"": 0.943031}",{},2874,andy-VirtualBox,False
340,cnp_endurance_multivm_20260918T130822Z-task-0000340,parse.synthetic,2026-09-18T13:24:57.805578+00:00,2026-09-18T13:24:57.854134+00:00,680.047,debian-alpha,ok,48.932,0,"{""debian-alpha"": 0.982004, ""ubuntu-beta"": 0.809}",{},2875,andy,False
341,cnp_endurance_multivm_20260918T130822Z-task-0000341,route.synthetic,2026-09-18T13:24:59.794993+00:00,2026-09-18T13:24:59.838417+00:00,682.032,ubuntu-beta,ok,43.72,0,"{""debian-alpha"": 0.821, ""ubuntu-beta"": 0.985002}",{},2874,andy-VirtualBox,False
342,cnp_endurance_multivm_20260918T130822Z-task-0000342,detect.synthetic,2026-09-18T13:25:01.794894+00:00,2026-09-18T13:25:01.838378+00:00,684.032,ubuntu-beta,ok,43.445,0,"{""debian-alpha"": 0.785, ""ubuntu-beta"": 0.960979}",{},2874,andy-VirtualBox,False
343,cnp_endurance_multivm_20260918T130822Z-task-0000343,correlate.synthetic,2026-09-18T13:25:03.809376+00:00,2026-09-18T13:25:03.864190+00:00,686.063,ubuntu-beta,ok,55.048,0,"{""debian-alpha"": 0.791, ""ubuntu-beta"": 0.942953}",{},2874,andy-VirtualBox,False
344,cnp_endurance_multivm_20260918T130822Z-task-0000344,parse.synthetic,2026-09-18T13:25:05.804237+00:00,2026-09-18T13:25:05.852890+00:00,688.047,debian-alpha,ok,48.584,0,"{""debian-alpha"": 0.98203, ""ubuntu-beta"": 0.809}",{},2875,andy,False
345,cnp_endurance_multivm_20260918T130822Z-task-0000345,route.synthetic,2026-09-18T13:25:07.808775+00:00,2026-09-18T13:25:07.857729+00:00,690.063,ubuntu-beta,ok,48.749,0,"{""debian-alpha"": 0.821, ""ubuntu-beta"": 0.985027}",{},2874,andy-VirtualBox,False
346,cnp_endurance_multivm_20260918T130822Z-task-0000346,detect.synthetic,2026-09-18T13:25:09.798503+00:00,2026-09-18T13:25:09.853861+00:00,692.047,ubuntu-beta,ok,55.7,0,"{""debian-alpha"": 0.785, ""ubuntu-beta"": 0.961004}",{},2874,andy-VirtualBox,False
347,cnp_endurance_multivm_20260918T130822Z-task-0000347,correlate.synthetic,2026-09-18T13:25:11.794947+00:00,2026-09-18T13:25:11.851955+00:00,694.047,ubuntu-beta,ok,57.345,0,"{""debian-alpha"": 0.791, ""ubuntu-beta"": 0.942979}",{},2874,andy-VirtualBox,False
348,cnp_endurance_multivm_20260918T130822Z-task-0000348,parse.synthetic,2026-09-18T13:25:13.808663+00:00,2026-09-18T13:25:13.852760+00:00,696.047,debian-alpha,ok,43.847,0,"{""debian-alpha"": 0.982056, ""ubuntu-beta"": 0.809}",{},2875,andy,False
349,cnp_endurance_multivm_20260918T130822Z-task-0000349,route.synthetic,2026-09-18T13:25:15.808827+00:00,2026-09-18T13:25:15.864027+00:00,698.063,ubuntu-beta,ok,55.051,0,"{""debian-alpha"": 0.821, ""ubuntu-beta"": 0.985052}",{},2874,andy-VirtualBox,False
350,cnp_endurance_multivm_20260918T130822Z-task-0000350,detect.synthetic,2026-09-18T13:25:17.804558+00:00,2026-09-18T13:25:17.858058+00:00,700.063,ubuntu-beta,ok,53.995,0,"{""debian-alpha"": 0.785, ""ubuntu-beta"": 0.961027}",{},2874,andy-VirtualBox,False
351,cnp_endurance_multivm_20260918T130822Z-task-0000351,correlate.synthetic,2026-09-18T13:25:19.799584+00:00,2026-09-18T13:25:19.846307+00:00,702.047,ubuntu-beta,ok,46.735,0,"{""debian-alpha"": 0.791, ""ubuntu-beta"": 0.943001}",{},2874,andy-VirtualBox,False
352,cnp_endurance_multivm_20260918T130822Z-task-0000352,parse.synthetic,2026-09-18T13:25:21.803163+00:00,2026-09-18T13:25:21.865732+00:00,704.063,debian-alpha,ok,61.173,0,"{""debian-alpha"": 0.982082, ""ubuntu-beta"": 0.809}",{},2875,andy,False
353,cnp_endurance_multivm_20260918T130822Z-task-0000353,route.synthetic,2026-09-18T13:25:23.806305+00:00,2026-09-18T13:25:23.854646+00:00,706.047,ubuntu-beta,ok,48.399,0,"{""debian-alpha"": 0.821, ""ubuntu-beta"": 0.985075}",{},2874,andy-VirtualBox,False
354,cnp_endurance_multivm_20260918T130822Z-task-0000354,detect.synthetic,2026-09-18T13:25:25.795271+00:00,2026-09-18T13:25:25.853245+00:00,708.047,ubuntu-beta,ok,58.337,0,"{""debian-alpha"": 0.785, ""ubuntu-beta"": 0.96105}",{},2874,andy-VirtualBox,False
355,cnp_endurance_multivm_20260918T130822Z-task-0000355,correlate.synthetic,2026-09-18T13:25:27.794369+00:00,2026-09-18T13:25:27.851718+00:00,710.047,ubuntu-beta,ok,56.872,0,"{""debian-alpha"": 0.791, ""ubuntu-beta"": 0.943025}",{},2874,andy-VirtualBox,False
356,cnp_endurance_multivm_20260918T130822Z-task-0000356,parse.synthetic,2026-09-18T13:25:29.807153+00:00,2026-09-18T13:25:29.856166+00:00,712.047,debian-alpha,ok,49.337,0,"{""debian-alpha"": 0.982105, ""ubuntu-beta"": 0.809}",{},2875,andy,False
357,cnp_endurance_multivm_20260918T130822Z-task-0000357,route.synthetic,2026-09-18T13:25:31.797197+00:00,2026-09-18T13:25:31.854838+00:00,714.047,ubuntu-beta,ok,57.633,0,"{""debian-alpha"": 0.821, ""ubuntu-beta"": 0.985098}",{},2874,andy-VirtualBox,False
358,cnp_endurance_multivm_20260918T130822Z-task-0000358,detect.synthetic,2026-09-18T13:25:33.794890+00:00,2026-09-18T13:25:33.851975+00:00,716.047,ubuntu-beta,ok,56.984,0,"{""debian-alpha"": 0.785, ""ubuntu-beta"": 0.961094}",{},2874,andy-VirtualBox,False
359,cnp_endurance_multivm_20260918T130822Z-task-0000359,correlate.synthetic,2026-09-18T13:25:35.808659+00:00,2026-09-18T13:25:35.859580+00:00,718.063,ubuntu-beta,ok,50.58,0,"{""debian-alpha"": 0.791, ""ubuntu-beta"": 0.943046}",{},2874,andy-VirtualBox,False
360,cnp_endurance_multivm_20260918T130822Z-task-0000360,parse.synthetic,2026-09-18T13:25:37.800604+00:00,2026-09-18T13:25:37.853091+00:00,720.047,debian-alpha,ok,52.81,0,"{""debian-alpha"": 0.98213, ""ubuntu-beta"": 0.809}",{},2875,andy,False
361,cnp_endurance_multivm_20260918T130822Z-task-0000361,route.synthetic,2026-09-18T13:25:39.809162+00:00,2026-09-18T13:25:39.862652+00:00,722.063,ubuntu-beta,ok,53.725,0,"{""debian-alpha"": 0.821, ""ubuntu-beta"": 0.985119}",{},2874,andy-VirtualBox,False
362,cnp_endurance_multivm_20260918T130822Z-task-0000362,detect.synthetic,2026-09-18T13:25:41.803859+00:00,2026-09-18T13:25:41.851849+00:00,724.047,ubuntu-beta,ok,48.157,0,"{""debian-alpha"": 0.785, ""ubuntu-beta"": 0.961116}",{},2874,andy-VirtualBox,False
363,cnp_endurance_multivm_20260918T130822Z-task-0000363,correlate.synthetic,2026-09-18T13:25:43.807725+00:00,2026-09-18T13:25:43.855446+00:00,726.047,ubuntu-beta,ok,48.006,0,"{""debian-alpha"": 0.791, ""ubuntu-beta"": 0.943071}",{},2874,andy-VirtualBox,False
364,cnp_endurance_multivm_20260918T130822Z-task-0000364,parse.synthetic,2026-09-18T13:25:45.796065+00:00,2026-09-18T13:25:45.841788+00:00,728.047,debian-alpha,ok,45.953,0,"{""debian-alpha"": 0.982153, ""ubuntu-beta"": 0.809}",{},2875,andy,False
365,cnp_endurance_multivm_20260918T130822Z-task-0000365,route.synthetic,2026-09-18T13:25:47.807235+00:00,2026-09-18T13:25:47.856188+00:00,730.047,ubuntu-beta,ok,49.142,0,"{""debian-alpha"": 0.821, ""ubuntu-beta"": 0.985141}",{},2874,andy-VirtualBox,False
366,cnp_endurance_multivm_20260918T130822Z-task-0000366,detect.synthetic,2026-09-18T13:25:49.800585+00:00,2026-09-18T13:25:49.849373+00:00,732.047,ubuntu-beta,ok,49.155,0,"{""debian-alpha"": 0.785, ""ubuntu-beta"": 0.961142}",{},2874,andy-VirtualBox,False
367,cnp_endurance_multivm_20260918T130822Z-task-0000367,correlate.synthetic,2026-09-18T13:25:51.806722+00:00,2026-09-18T13:25:51.892136+00:00,734.094,ubuntu-beta,ok,85.732,0,"{""debian-alpha"": 0.791, ""ubuntu-beta"": 0.943095}",{},2874,andy-VirtualBox,False
368,cnp_endurance_multivm_20260918T130822Z-task-0000368,parse.synthetic,2026-09-18T13:25:53.798451+00:00,2026-09-18T13:25:53.845693+00:00,736.047,debian-alpha,ok,47.619,0,"{""debian-alpha"": 0.982176, ""ubuntu-beta"": 0.809}",{},2875,andy,False
369,cnp_endurance_multivm_20260918T130822Z-task-0000369,route.synthetic,2026-09-18T13:25:55.803016+00:00,2026-09-18T13:25:55.851919+00:00,738.047,ubuntu-beta,ok,49.361,0,"{""debian-alpha"": 0.821, ""ubuntu-beta"": 0.985166}",{},2874,andy-VirtualBox,False
370,cnp_endurance_multivm_20260918T130822Z-task-0000370,detect.synthetic,2026-09-18T13:25:57.799898+00:00,2026-09-18T13:25:57.847879+00:00,740.047,ubuntu-beta,ok,48.216,0,"{""debian-alpha"": 0.785, ""ubuntu-beta"": 0.961164}",{},2874,andy-VirtualBox,False
371,cnp_endurance_multivm_20260918T130822Z-task-0000371,correlate.synthetic,2026-09-18T13:25:59.804001+00:00,2026-09-18T13:25:59.855583+00:00,742.047,ubuntu-beta,ok,51.437,0,"{""debian-alpha"": 0.791, ""ubuntu-beta"": 0.943096}",{},2874,andy-VirtualBox,False
372,cnp_endurance_multivm_20260918T130822Z-task-0000372,parse.synthetic,2026-09-18T13:26:01.795351+00:00,2026-09-18T13:26:01.836843+00:00,744.032,debian-alpha,ok,41.517,0,"{""debian-alpha"": 0.982202, ""ubuntu-beta"": 0.809}",{},2875,andy,False
373,cnp_endurance_multivm_20260918T130822Z-task-0000373,route.synthetic,2026-09-18T13:26:03.804287+00:00,2026-09-18T13:26:03.919817+00:00,746.125,ubuntu-beta,ok,115.943,0,"{""debian-alpha"": 0.821, ""ubuntu-beta"": 0.985208}",{},2874,andy-VirtualBox,False
374,cnp_endurance_multivm_20260918T130822Z-task-0000374,detect.synthetic,2026-09-18T13:26:05.801078+00:00,2026-09-18T13:26:05.905225+00:00,748.11,ubuntu-beta,ok,104.128,0,"{""debian-alpha"": 0.785, ""ubuntu-beta"": 0.96119}",{},2874,andy-VirtualBox,False
375,cnp_endurance_multivm_20260918T130822Z-task-0000375,correlate.synthetic,2026-09-18T13:26:07.799530+00:00,2026-09-18T13:26:07.940167+00:00,750.141,ubuntu-beta,ok,140.404,0,"{""debian-alpha"": 0.791, ""ubuntu-beta"": 0.943117}",{},2874,andy-VirtualBox,False
376,cnp_endurance_multivm_20260918T130822Z-task-0000376,parse.synthetic,2026-09-18T13:26:09.805409+00:00,2026-09-18T13:26:09.899260+00:00,752.094,debian-alpha,ok,93.978,0,"{""debian-alpha"": 0.982244, ""ubuntu-beta"": 0.809}",{},2875,andy,False
377,cnp_endurance_multivm_20260918T130822Z-task-0000377,route.synthetic,2026-09-18T13:26:11.809000+00:00,2026-09-18T13:26:11.862280+00:00,754.063,ubuntu-beta,ok,53.213,0,"{""debian-alpha"": 0.821, ""ubuntu-beta"": 0.985252}",{},2874,andy-VirtualBox,False
378,cnp_endurance_multivm_20260918T130822Z-task-0000378,detect.synthetic,2026-09-18T13:26:13.796249+00:00,2026-09-18T13:26:13.849622+00:00,756.047,ubuntu-beta,ok,53.307,0,"{""debian-alpha"": 0.785, ""ubuntu-beta"": 0.961196}",{},2874,andy-VirtualBox,False
379,cnp_endurance_multivm_20260918T130822Z-task-0000379,correlate.synthetic,2026-09-18T13:26:15.794985+00:00,2026-09-18T13:26:15.841207+00:00,758.047,ubuntu-beta,ok,46.662,0,"{""debian-alpha"": 0.791, ""ubuntu-beta"": 0.943112}",{},2874,andy-VirtualBox,False
380,cnp_endurance_multivm_20260918T130822Z-task-0000380,parse.synthetic,2026-09-18T13:26:17.798037+00:00,2026-09-18T13:26:17.859647+00:00,760.063,debian-alpha,ok,61.555,0,"{""debian-alpha"": 0.982255, ""ubuntu-beta"": 0.809}",{},2875,andy,False
381,cnp_endurance_multivm_20260918T130822Z-task-0000381,route.synthetic,2026-09-18T13:26:19.808864+00:00,2026-09-18T13:26:19.858503+00:00,762.063,ubuntu-beta,ok,49.578,0,"{""debian-alpha"": 0.821, ""ubuntu-beta"": 0.985275}",{},2874,andy-VirtualBox,False
382,cnp_endurance_multivm_20260918T130822Z-task-0000382,detect.synthetic,2026-09-18T13:26:21.806862+00:00,2026-09-18T13:26:21.871944+00:00,764.063,ubuntu-beta,ok,65.066,0,"{""debian-alpha"": 0.785, ""ubuntu-beta"": 0.961216}",{},2874,andy-VirtualBox,False
383,cnp_endurance_multivm_20260918T130822Z-task-0000383,correlate.synthetic,2026-09-18T13:26:23.800502+00:00,2026-09-18T13:26:23.861777+00:00,766.063,ubuntu-beta,ok,61.274,0,"{""debian-alpha"": 0.791, ""ubuntu-beta"": 0.943136}",{},2874,andy-VirtualBox,False
384,cnp_endurance_multivm_20260918T130822Z-task-0000384,parse.synthetic,2026-09-18T13:26:25.801910+00:00,2026-09-18T13:26:25.859837+00:00,768.063,debian-alpha,ok,58.3,0,"{""debian-alpha"": 0.982282, ""ubuntu-beta"": 0.809}",{},2875,andy,False
385,cnp_endurance_multivm_20260918T130822Z-task-0000385,route.synthetic,2026-09-18T13:26:27.805320+00:00,2026-09-18T13:26:27.876464+00:00,770.079,ubuntu-beta,ok,71.588,0,"{""debian-alpha"": 0.821, ""ubuntu-beta"": 0.985302}",{},2874,andy-VirtualBox,False
386,cnp_endurance_multivm_20260918T130822Z-task-0000386,detect.synthetic,2026-09-18T13:26:29.802993+00:00,2026-09-18T13:26:29.868616+00:00,772.063,ubuntu-beta,ok,65.654,0,"{""debian-alpha"": 0.785, ""ubuntu-beta"": 0.961235}",{},2874,andy-VirtualBox,False
387,cnp_endurance_multivm_20260918T130822Z-task-0000387,correlate.synthetic,2026-09-18T13:26:31.806431+00:00,2026-09-18T13:26:31.884733+00:00,774.079,ubuntu-beta,ok,78.55,0,"{""debian-alpha"": 0.791, ""ubuntu-beta"": 0.943155}",{},2874,andy-VirtualBox,False
388,cnp_endurance_multivm_20260918T130822Z-task-0000388,parse.synthetic,2026-09-18T13:26:33.809335+00:00,2026-09-18T13:26:33.863312+00:00,776.063,debian-alpha,ok,53.875,0,"{""debian-alpha"": 0.982296, ""ubuntu-beta"": 0.809}",{},2875,andy,False
389,cnp_endurance_multivm_20260918T130822Z-task-0000389,route.synthetic,2026-09-18T13:26:35.805251+00:00,2026-09-18T13:26:35.866485+00:00,778.063,ubuntu-beta,ok,61.406,0,"{""debian-alpha"": 0.821, ""ubuntu-beta"": 0.985318}",{},2874,andy-VirtualBox,False
390,cnp_endurance_multivm_20260918T130822Z-task-0000390,detect.synthetic,2026-09-18T13:26:37.797523+00:00,2026-09-18T13:26:37.894045+00:00,780.094,ubuntu-beta,ok,96.89,0,"{""debian-alpha"": 0.785, ""ubuntu-beta"": 0.961264}",{},2874,andy-VirtualBox,False
391,cnp_endurance_multivm_20260918T130822Z-task-0000391,correlate.synthetic,2026-09-18T13:26:39.805782+00:00,2026-09-18T13:26:39.853862+00:00,782.047,ubuntu-beta,ok,48.114,0,"{""debian-alpha"": 0.791, ""ubuntu-beta"": 0.943177}",{},2874,andy-VirtualBox,False
392,cnp_endurance_multivm_20260918T130822Z-task-0000392,parse.synthetic,2026-09-18T13:26:41.797847+00:00,2026-09-18T13:26:41.842532+00:00,784.047,debian-alpha,ok,44.982,0,"{""debian-alpha"": 0.982312, ""ubuntu-beta"": 0.809}",{},2875,andy,False
393,cnp_endurance_multivm_20260918T130822Z-task-0000393,route.synthetic,2026-09-18T13:26:43.798320+00:00,2026-09-18T13:26:43.852857+00:00,786.047,ubuntu-beta,ok,54.639,0,"{""debian-alpha"": 0.821, ""ubuntu-beta"": 0.98534}",{},2874,andy-VirtualBox,False
394,cnp_endurance_multivm_20260918T130822Z-task-0000394,detect.synthetic,2026-09-18T13:26:45.795819+00:00,2026-09-18T13:26:45.850284+00:00,788.047,ubuntu-beta,ok,54.28,0,"{""debian-alpha"": 0.785, ""ubuntu-beta"": 0.961273}",{},2874,andy-VirtualBox,False
395,cnp_endurance_multivm_20260918T130822Z-task-0000395,correlate.synthetic,2026-09-18T13:26:47.805219+00:00,2026-09-18T13:26:47.926047+00:00,790.125,ubuntu-beta,ok,120.472,0,"{""debian-alpha"": 0.791, ""ubuntu-beta"": 0.9432}",{},2874,andy-VirtualBox,False
396,cnp_endurance_multivm_20260918T130822Z-task-0000396,parse.synthetic,2026-09-18T13:26:49.796861+00:00,2026-09-18T13:26:49.845802+00:00,792.047,debian-alpha,ok,48.984,0,"{""debian-alpha"": 0.982331, ""ubuntu-beta"": 0.809}",{},2875,andy,False
397,cnp_endurance_multivm_20260918T130822Z-task-0000397,route.synthetic,2026-09-18T13:26:51.802513+00:00,2026-09-18T13:26:51.851759+00:00,794.047,ubuntu-beta,ok,49.532,0,"{""debian-alpha"": 0.821, ""ubuntu-beta"": 0.985356}",{},2874,andy-VirtualBox,False
398,cnp_endurance_multivm_20260918T130822Z-task-0000398,detect.synthetic,2026-09-18T13:26:53.808419+00:00,2026-09-18T13:26:53.857557+00:00,796.063,ubuntu-beta,ok,49.222,0,"{""debian-alpha"": 0.785, ""ubuntu-beta"": 0.961293}",{},2874,andy-VirtualBox,False
399,cnp_endurance_multivm_20260918T130822Z-task-0000399,correlate.synthetic,2026-09-18T13:26:55.798442+00:00,2026-09-18T13:26:55.850623+00:00,798.047,ubuntu-beta,ok,52.004,0,"{""debian-alpha"": 0.791, ""ubuntu-beta"": 0.943219}",{},2874,andy-VirtualBox,False
400,cnp_endurance_multivm_20260918T130822Z-task-0000400,parse.synthetic,2026-09-18T13:26:57.798009+00:00,2026-09-18T13:26:57.853002+00:00,800.047,debian-alpha,ok,54.842,0,"{""debian-alpha"": 0.982352, ""ubuntu-beta"": 0.809}",{},2875,andy,False
401,cnp_endurance_multivm_20260918T130822Z-task-0000401,route.synthetic,2026-09-18T13:26:59.806890+00:00,2026-09-18T13:26:59.859000+00:00,802.063,ubuntu-beta,ok,52.316,0,"{""debian-alpha"": 0.821, ""ubuntu-beta"": 0.985374}",{},2874,andy-VirtualBox,False
402,cnp_endurance_multivm_20260918T130822Z-task-0000402,detect.synthetic,2026-09-18T13:27:01.803805+00:00,2026-09-18T13:27:01.862803+00:00,804.063,ubuntu-beta,ok,58.885,0,"{""debian-alpha"": 0.785, ""ubuntu-beta"": 0.961319}",{},2874,andy-VirtualBox,False
403,cnp_endurance_multivm_20260918T130822Z-task-0000403,correlate.synthetic,2026-09-18T13:27:03.803683+00:00,2026-09-18T13:27:03.855593+00:00,806.047,ubuntu-beta,ok,51.994,0,"{""debian-alpha"": 0.791, ""ubuntu-beta"": 0.94324}",{},2874,andy-VirtualBox,False
404,cnp_endurance_multivm_20260918T130822Z-task-0000404,parse.synthetic,2026-09-18T13:27:05.796054+00:00,2026-09-18T13:27:05.841119+00:00,808.047,debian-alpha,ok,44.893,0,"{""debian-alpha"": 0.982372, ""ubuntu-beta"": 0.809}",{},2875,andy,False
405,cnp_endurance_multivm_20260918T130822Z-task-0000405,route.synthetic,2026-09-18T13:27:07.799864+00:00,2026-09-18T13:27:07.851892+00:00,810.047,ubuntu-beta,ok,52.256,0,"{""debian-alpha"": 0.821, ""ubuntu-beta"": 0.9854}",{},2874,andy-VirtualBox,False
406,cnp_endurance_multivm_20260918T130822Z-task-0000406,detect.synthetic,2026-09-18T13:27:09.796784+00:00,2026-09-18T13:27:09.840898+00:00,812.032,ubuntu-beta,ok,43.999,0,"{""debian-alpha"": 0.785, ""ubuntu-beta"": 0.961329}",{},2874,andy-VirtualBox,False
407,cnp_endurance_multivm_20260918T130822Z-task-0000407,correlate.synthetic,2026-09-18T13:27:11.803481+00:00,2026-09-18T13:27:11.857190+00:00,814.063,ubuntu-beta,ok,53.997,0,"{""debian-alpha"": 0.791, ""ubuntu-beta"": 0.943252}",{},2874,andy-VirtualBox,False
408,cnp_endurance_multivm_20260918T130822Z-task-0000408,parse.synthetic,2026-09-18T13:27:13.804811+00:00,2026-09-18T13:27:13.851219+00:00,816.047,debian-alpha,ok,46.995,0,"{""debian-alpha"": 0.982397, ""ubuntu-beta"": 0.809}",{},2875,andy,False
409,cnp_endurance_multivm_20260918T130822Z-task-0000409,route.synthetic,2026-09-18T13:27:15.807468+00:00,2026-09-18T13:27:15.859959+00:00,818.063,ubuntu-beta,ok,52.584,0,"{""debian-alpha"": 0.821, ""ubuntu-beta"": 0.98542}",{},2874,andy-VirtualBox,False
410,cnp_endurance_multivm_20260918T130822Z-task-0000410,detect.synthetic,2026-09-18T13:27:17.799567+00:00,2026-09-18T13:27:17.849632+00:00,820.047,ubuntu-beta,ok,50.177,0,"{""debian-alpha"": 0.785, ""ubuntu-beta"": 0.961349}",{},2874,andy-VirtualBox,False
411,cnp_endurance_multivm_20260918T130822Z-task-0000411,correlate.synthetic,2026-09-18T13:27:19.806001+00:00,2026-09-18T13:27:19.858707+00:00,822.063,ubuntu-beta,ok,52.889,0,"{""debian-alpha"": 0.791, ""ubuntu-beta"": 0.943274}",{},2874,andy-VirtualBox,False
412,cnp_endurance_multivm_20260918T130822Z-task-0000412,parse.synthetic,2026-09-18T13:27:22.822799+00:00,2026-09-18T13:27:22.871729+00:00,825.063,debian-alpha,ok,48.645,0,"{""debian-alpha"": 0.982414, ""ubuntu-beta"": 0.809}",{},2875,andy,False
413,cnp_endurance_multivm_20260918T130822Z-task-0000413,route.synthetic,2026-09-18T13:27:23.794695+00:00,2026-09-18T13:27:23.845637+00:00,826.047,ubuntu-beta,ok,50.978,0,"{""debian-alpha"": 0.821, ""ubuntu-beta"": 0.98544}",{},2874,andy-VirtualBox,False
414,cnp_endurance_multivm_20260918T130822Z-task-0000414,detect.synthetic,2026-09-18T13:27:25.803003+00:00,2026-09-18T13:27:25.854013+00:00,828.047,ubuntu-beta,ok,50.964,0,"{""debian-alpha"": 0.785, ""ubuntu-beta"": 0.961373}",{},2874,andy-VirtualBox,False
415,cnp_endurance_multivm_20260918T130822Z-task-0000415,correlate.synthetic,2026-09-18T13:27:27.794257+00:00,2026-09-18T13:27:27.844867+00:00,830.047,ubuntu-beta,ok,50.582,0,"{""debian-alpha"": 0.791, ""ubuntu-beta"": 0.943294}",{},2874,andy-VirtualBox,False
416,cnp_endurance_multivm_20260918T130822Z-task-0000416,parse.synthetic,2026-09-18T13:27:29.801450+00:00,2026-09-18T13:27:29.842880+00:00,832.047,debian-alpha,ok,41.335,0,"{""debian-alpha"": 0.982432, ""ubuntu-beta"": 0.809}",{},2875,andy,False
417,cnp_endurance_multivm_20260918T130822Z-task-0000417,route.synthetic,2026-09-18T13:27:31.798916+00:00,2026-09-18T13:27:31.853882+00:00,834.047,ubuntu-beta,ok,54.939,0,"{""debian-alpha"": 0.821, ""ubuntu-beta"": 0.985459}",{},2874,andy-VirtualBox,False
418,cnp_endurance_multivm_20260918T130822Z-task-0000418,detect.synthetic,2026-09-18T13:27:33.795853+00:00,2026-09-18T13:27:33.886949+00:00,836.079,ubuntu-beta,ok,91.027,0,"{""debian-alpha"": 0.785, ""ubuntu-beta"": 0.961392}",{},2874,andy-VirtualBox,False
419,cnp_endurance_multivm_20260918T130822Z-task-0000419,correlate.synthetic,2026-09-18T13:27:35.801194+00:00,2026-09-18T13:27:35.845431+00:00,838.047,ubuntu-beta,ok,44.138,0,"{""debian-alpha"": 0.791, ""ubuntu-beta"": 0.943313}",{},2874,andy-VirtualBox,False
420,cnp_endurance_multivm_20260918T130822Z-task-0000420,parse.synthetic,2026-09-18T13:27:37.801099+00:00,2026-09-18T13:27:37.850440+00:00,840.047,debian-alpha,ok,49.318,0,"{""debian-alpha"": 0.982453, ""ubuntu-beta"": 0.809}",{},2875,andy,False
421,cnp_endurance_multivm_20260918T130822Z-task-0000421,route.synthetic,2026-09-18T13:27:39.804181+00:00,2026-09-18T13:27:39.853157+00:00,842.047,ubuntu-beta,ok,48.906,0,"{""debian-alpha"": 0.821, ""ubuntu-beta"": 0.985476}",{},2874,andy-VirtualBox,False
422,cnp_endurance_multivm_20260918T130822Z-task-0000422,detect.synthetic,2026-09-18T13:27:41.805797+00:00,2026-09-18T13:27:41.867286+00:00,844.063,ubuntu-beta,ok,61.766,0,"{""debian-alpha"": 0.785, ""ubuntu-beta"": 0.961412}",{},2874,andy-VirtualBox,False
423,cnp_endurance_multivm_20260918T130822Z-task-0000423,correlate.synthetic,2026-09-18T13:27:43.805416+00:00,2026-09-18T13:27:43.871236+00:00,846.063,ubuntu-beta,ok,66.16,0,"{""debian-alpha"": 0.791, ""ubuntu-beta"": 0.943331}",{},2874,andy-VirtualBox,False
424,cnp_endurance_multivm_20260918T130822Z-task-0000424,parse.synthetic,2026-09-18T13:27:45.801393+00:00,2026-09-18T13:27:45.854924+00:00,848.047,debian-alpha,ok,53.94,0,"{""debian-alpha"": 0.982477, ""ubuntu-beta"": 0.809}",{},2875,andy,False
425,cnp_endurance_multivm_20260918T130822Z-task-0000425,route.synthetic,2026-09-18T13:27:47.796208+00:00,2026-09-18T13:27:47.846364+00:00,850.047,ubuntu-beta,ok,50.329,0,"{""debian-alpha"": 0.821, ""ubuntu-beta"": 0.985509}",{},2874,andy-VirtualBox,False
426,cnp_endurance_multivm_20260918T130822Z-task-0000426,detect.synthetic,2026-09-18T13:27:49.803444+00:00,2026-09-18T13:27:49.848305+00:00,852.047,ubuntu-beta,ok,45.24,0,"{""debian-alpha"": 0.785, ""ubuntu-beta"": 0.961425}",{},2874,andy-VirtualBox,False
427,cnp_endurance_multivm_20260918T130822Z-task-0000427,correlate.synthetic,2026-09-18T13:27:51.796367+00:00,2026-09-18T13:27:51.896873+00:00,854.094,ubuntu-beta,ok,100.237,0,"{""debian-alpha"": 0.791, ""ubuntu-beta"": 0.943339}",{},2874,andy-VirtualBox,False
428,cnp_endurance_multivm_20260918T130822Z-task-0000428,parse.synthetic,2026-09-18T13:27:53.809830+00:00,2026-09-18T13:27:53.886932+00:00,856.079,debian-alpha,ok,77.225,0,"{""debian-alpha"": 0.982496, ""ubuntu-beta"": 0.809}",{},2875,andy,False
429,cnp_endurance_multivm_20260918T130822Z-task-0000429,route.synthetic,2026-09-18T13:27:55.797971+00:00,2026-09-18T13:27:55.846190+00:00,858.047,ubuntu-beta,ok,48.364,0,"{""debian-alpha"": 0.821, ""ubuntu-beta"": 0.985529}",{},2874,andy-VirtualBox,False
430,cnp_endurance_multivm_20260918T130822Z-task-0000430,detect.synthetic,2026-09-18T13:27:57.803383+00:00,2026-09-18T13:27:57.847450+00:00,860.047,ubuntu-beta,ok,44.538,0,"{""debian-alpha"": 0.785, ""ubuntu-beta"": 0.961443}",{},2874,andy-VirtualBox,False
431,cnp_endurance_multivm_20260918T130822Z-task-0000431,correlate.synthetic,2026-09-18T13:27:59.804671+00:00,2026-09-18T13:27:59.851632+00:00,862.047,ubuntu-beta,ok,47.003,0,"{""debian-alpha"": 0.791, ""ubuntu-beta"": 0.943337}",{},2874,andy-VirtualBox,False
432,cnp_endurance_multivm_20260918T130822Z-task-0000432,parse.synthetic,2026-09-18T13:28:01.808439+00:00,2026-09-18T13:28:01.945458+00:00,864.141,debian-alpha,ok,137.317,0,"{""debian-alpha"": 0.982511, ""ubuntu-beta"": 0.809}",{},2875,andy,False
433,cnp_endurance_multivm_20260918T130822Z-task-0000433,route.synthetic,2026-09-18T13:28:03.796397+00:00,2026-09-18T13:28:03.895717+00:00,866.094,ubuntu-beta,ok,99.084,0,"{""debian-alpha"": 0.821, ""ubuntu-beta"": 0.985546}",{},2874,andy-VirtualBox,False
434,cnp_endurance_multivm_20260918T130822Z-task-0000434,detect.synthetic,2026-09-18T13:28:05.804097+00:00,2026-09-18T13:28:06.707783+00:00,868.907,ubuntu-beta,ok,903.119,0,"{""debian-alpha"": 0.785, ""ubuntu-beta"": 0.961502}",{},2874,andy-VirtualBox,False
435,cnp_endurance_multivm_20260918T130822Z-task-0000435,correlate.synthetic,2026-09-18T13:28:08.375948+00:00,2026-09-18T13:28:09.044309+00:00,871.25,ubuntu-beta,ok,667.789,0,"{""debian-alpha"": 0.791, ""ubuntu-beta"": 0.943355}",{},2874,andy-VirtualBox,False
436,cnp_endurance_multivm_20260918T130822Z-task-0000436,parse.synthetic,2026-09-18T13:28:09.796414+00:00,2026-09-18T13:28:09.931494+00:00,872.125,debian-alpha,ok,135.426,0,"{""debian-alpha"": 0.982498, ""ubuntu-beta"": 0.809}",{},2875,andy,False
437,cnp_endurance_multivm_20260918T130822Z-task-0000437,route.synthetic,2026-09-18T13:28:11.796672+00:00,2026-09-18T13:28:11.855652+00:00,874.047,ubuntu-beta,ok,59.524,0,"{""debian-alpha"": 0.821, ""ubuntu-beta"": 0.98555}",{},2874,andy-VirtualBox,False
438,cnp_endurance_multivm_20260918T130822Z-task-0000438,detect.synthetic,2026-09-18T13:28:13.796091+00:00,2026-09-18T13:28:13.852956+00:00,876.047,ubuntu-beta,ok,56.872,0,"{""debian-alpha"": 0.785, ""ubuntu-beta"": 0.961291}",{},2874,andy-VirtualBox,False
439,cnp_endurance_multivm_20260918T130822Z-task-0000439,correlate.synthetic,2026-09-18T13:28:15.809168+00:00,2026-09-18T13:28:15.904468+00:00,878.11,ubuntu-beta,ok,95.311,0,"{""debian-alpha"": 0.791, ""ubuntu-beta"": 0.943313}",{},2874,andy-VirtualBox,False
440,cnp_endurance_multivm_20260918T130822Z-task-0000440,parse.synthetic,2026-09-18T13:28:17.797142+00:00,2026-09-18T13:28:17.848048+00:00,880.047,debian-alpha,ok,50.82,0,"{""debian-alpha"": 0.982495, ""ubuntu-beta"": 0.809}",{},2875,andy,False
441,cnp_endurance_multivm_20260918T130822Z-task-0000441,route.synthetic,2026-09-18T13:28:19.809438+00:00,2026-09-18T13:28:19.964066+00:00,882.157,ubuntu-beta,ok,155.05,0,"{""debian-alpha"": 0.821, ""ubuntu-beta"": 0.985561}",{},2874,andy-VirtualBox,False
442,cnp_endurance_multivm_20260918T130822Z-task-0000442,detect.synthetic,2026-09-18T13:28:21.795650+00:00,2026-09-18T13:28:21.849134+00:00,884.047,ubuntu-beta,ok,53.636,0,"{""debian-alpha"": 0.785, ""ubuntu-beta"": 0.961306}",{},2874,andy-VirtualBox,False
443,cnp_endurance_multivm_20260918T130822Z-task-0000443,correlate.synthetic,2026-09-18T13:28:23.806539+00:00,2026-09-18T13:28:23.855436+00:00,886.047,ubuntu-beta,ok,49.124,0,"{""debian-alpha"": 0.791, ""ubuntu-beta"": 0.943307}",{},2874,andy-VirtualBox,False
444,cnp_endurance_multivm_20260918T130822Z-task-0000444,parse.synthetic,2026-09-18T13:28:25.809699+00:00,2026-09-18T13:28:25.857129+00:00,888.063,debian-alpha,ok,47.705,0,"{""debian-alpha"": 0.982513, ""ubuntu-beta"": 0.809}",{},2875,andy,False
445,cnp_endurance_multivm_20260918T130822Z-task-0000445,route.synthetic,2026-09-18T13:28:27.797068+00:00,2026-09-18T13:28:27.860982+00:00,890.063,ubuntu-beta,ok,63.782,0,"{""debian-alpha"": 0.821, ""ubuntu-beta"": 0.985551}",{},2874,andy-VirtualBox,False
446,cnp_endurance_multivm_20260918T130822Z-task-0000446,detect.synthetic,2026-09-18T13:28:29.800295+00:00,2026-09-18T13:28:29.847553+00:00,892.047,ubuntu-beta,ok,47.399,0,"{""debian-alpha"": 0.785, ""ubuntu-beta"": 0.961319}",{},2874,andy-VirtualBox,False
447,cnp_endurance_multivm_20260918T130822Z-task-0000447,correlate.synthetic,2026-09-18T13:28:31.804480+00:00,2026-09-18T13:28:31.862010+00:00,894.063,ubuntu-beta,ok,57.777,0,"{""debian-alpha"": 0.791, ""ubuntu-beta"": 0.943323}",{},2874,andy-VirtualBox,False
448,cnp_endurance_multivm_20260918T130822Z-task-0000448,parse.synthetic,2026-09-18T13:28:33.801506+00:00,2026-09-18T13:28:33.846602+00:00,896.047,debian-alpha,ok,45.266,0,"{""debian-alpha"": 0.982529, ""ubuntu-beta"": 0.809}",{},2875,andy,False
449,cnp_endurance_multivm_20260918T130822Z-task-0000449,route.synthetic,2026-09-18T13:28:35.803142+00:00,2026-09-18T13:28:35.854764+00:00,898.047,ubuntu-beta,ok,51.46,0,"{""debian-alpha"": 0.821, ""ubuntu-beta"": 0.985563}",{},2874,andy-VirtualBox,False
450,cnp_endurance_multivm_20260918T130822Z-task-0000450,detect.synthetic,2026-09-18T13:28:37.794618+00:00,2026-09-18T13:28:37.857826+00:00,900.063,ubuntu-beta,ok,63.406,0,"{""debian-alpha"": 0.785, ""ubuntu-beta"": 0.961334}",{},2874,andy-VirtualBox,False
451,cnp_endurance_multivm_20260918T130822Z-task-0000451,correlate.synthetic,2026-09-18T13:28:39.798809+00:00,2026-09-18T13:28:39.851588+00:00,902.047,ubuntu-beta,ok,52.896,0,"{""debian-alpha"": 0.791, ""ubuntu-beta"": 0.943335}",{},2874,andy-VirtualBox,False
452,cnp_endurance_multivm_20260918T130822Z-task-0000452,parse.synthetic,2026-09-18T13:28:41.808708+00:00,2026-09-18T13:28:41.855241+00:00,904.047,debian-alpha,ok,46.503,0,"{""debian-alpha"": 0.982557, ""ubuntu-beta"": 0.809}",{},2875,andy,False
453,cnp_endurance_multivm_20260918T130822Z-task-0000453,route.synthetic,2026-09-18T13:28:43.795427+00:00,2026-09-18T13:28:43.852337+00:00,906.047,ubuntu-beta,ok,56.97,0,"{""debian-alpha"": 0.821, ""ubuntu-beta"": 0.985575}",{},2874,andy-VirtualBox,False
454,cnp_endurance_multivm_20260918T130822Z-task-0000454,detect.synthetic,2026-09-18T13:28:45.809743+00:00,2026-09-18T13:28:45.863799+00:00,908.063,ubuntu-beta,ok,54.409,0,"{""debian-alpha"": 0.785, ""ubuntu-beta"": 0.961348}",{},2874,andy-VirtualBox,False
455,cnp_endurance_multivm_20260918T130822Z-task-0000455,correlate.synthetic,2026-09-18T13:28:47.801629+00:00,2026-09-18T13:28:47.850311+00:00,910.047,ubuntu-beta,ok,48.724,0,"{""debian-alpha"": 0.791, ""ubuntu-beta"": 0.943348}",{},2874,andy-VirtualBox,False
456,cnp_endurance_multivm_20260918T130822Z-task-0000456,parse.synthetic,2026-09-18T13:28:49.807594+00:00,2026-09-18T13:28:49.857228+00:00,912.063,debian-alpha,ok,48.598,0,"{""debian-alpha"": 0.982572, ""ubuntu-beta"": 0.809}",{},2875,andy,False
457,cnp_endurance_multivm_20260918T130822Z-task-0000457,route.synthetic,2026-09-18T13:28:51.798071+00:00,2026-09-18T13:28:51.856501+00:00,914.047,ubuntu-beta,ok,58.778,0,"{""debian-alpha"": 0.821, ""ubuntu-beta"": 0.985585}",{},2874,andy-VirtualBox,False
458,cnp_endurance_multivm_20260918T130822Z-task-0000458,detect.synthetic,2026-09-18T13:28:53.797100+00:00,2026-09-18T13:28:53.844819+00:00,916.047,ubuntu-beta,ok,47.928,0,"{""debian-alpha"": 0.785, ""ubuntu-beta"": 0.961364}",{},2874,andy-VirtualBox,False
459,cnp_endurance_multivm_20260918T130822Z-task-0000459,correlate.synthetic,2026-09-18T13:28:55.801199+00:00,2026-09-18T13:28:55.863013+00:00,918.063,ubuntu-beta,ok,61.622,0,"{""debian-alpha"": 0.791, ""ubuntu-beta"": 0.943364}",{},2874,andy-VirtualBox,False
460,cnp_endurance_multivm_20260918T130822Z-task-0000460,parse.synthetic,2026-09-18T13:28:57.803487+00:00,2026-09-18T13:28:57.850017+00:00,920.047,debian-alpha,ok,46.105,0,"{""debian-alpha"": 0.98259, ""ubuntu-beta"": 0.809}",{},2875,andy,False
461,cnp_endurance_multivm_20260918T130822Z-task-0000461,route.synthetic,2026-09-18T13:28:59.806470+00:00,2026-09-18T13:28:59.860211+00:00,922.063,ubuntu-beta,ok,53.845,0,"{""debian-alpha"": 0.821, ""ubuntu-beta"": 0.985596}",{},2874,andy-VirtualBox,False
462,cnp_endurance_multivm_20260918T130822Z-task-0000462,detect.synthetic,2026-09-18T13:29:01.800254+00:00,2026-09-18T13:29:01.875468+00:00,924.079,ubuntu-beta,ok,75.025,0,"{""debian-alpha"": 0.785, ""ubuntu-beta"": 0.961381}",{},2874,andy-VirtualBox,False
463,cnp_endurance_multivm_20260918T130822Z-task-0000463,correlate.synthetic,2026-09-18T13:29:03.796917+00:00,2026-09-18T13:29:04.041103+00:00,926.235,ubuntu-beta,ok,244.347,0,"{""debian-alpha"": 0.791, ""ubuntu-beta"": 0.943374}",{},2874,andy-VirtualBox,False
464,cnp_endurance_multivm_20260918T130822Z-task-0000464,parse.synthetic,2026-09-18T13:29:05.795755+00:00,2026-09-18T13:29:05.856364+00:00,928.047,debian-alpha,ok,60.39,0,"{""debian-alpha"": 0.982609, ""ubuntu-beta"": 0.809}",{},2875,andy,False
465,cnp_endurance_multivm_20260918T130822Z-task-0000465,route.synthetic,2026-09-18T13:29:07.798186+00:00,2026-09-18T13:29:07.856787+00:00,930.063,ubuntu-beta,ok,58.571,0,"{""debian-alpha"": 0.821, ""ubuntu-beta"": 0.98561}",{},2874,andy-VirtualBox,False
466,cnp_endurance_multivm_20260918T130822Z-task-0000466,detect.synthetic,2026-09-18T13:29:09.797592+00:00,2026-09-18T13:29:09.846997+00:00,932.047,ubuntu-beta,ok,49.768,0,"{""debian-alpha"": 0.785, ""ubuntu-beta"": 0.961398}",{},2874,andy-VirtualBox,False
467,cnp_endurance_multivm_20260918T130822Z-task-0000467,correlate.synthetic,2026-09-18T13:29:11.803834+00:00,2026-09-18T13:29:11.855985+00:00,934.047,ubuntu-beta,ok,51.859,0,"{""debian-alpha"": 0.791, ""ubuntu-beta"": 0.94334}",{},2874,andy-VirtualBox,False
468,cnp_endurance_multivm_20260918T130822Z-task-0000468,parse.synthetic,2026-09-18T13:29:13.795833+00:00,2026-09-18T13:29:13.845937+00:00,936.047,debian-alpha,ok,50.211,0,"{""debian-alpha"": 0.982619, ""ubuntu-beta"": 0.809}",{},2875,andy,False
469,cnp_endurance_multivm_20260918T130822Z-task-0000469,route.synthetic,2026-09-18T13:29:15.802548+00:00,2026-09-18T13:29:15.850135+00:00,938.047,ubuntu-beta,ok,47.58,0,"{""debian-alpha"": 0.821, ""ubuntu-beta"": 0.985622}",{},2874,andy-VirtualBox,False
470,cnp_endurance_multivm_20260918T130822Z-task-0000470,detect.synthetic,2026-09-18T13:29:17.806714+00:00,2026-09-18T13:29:17.873184+00:00,940.079,ubuntu-beta,ok,66.716,0,"{""debian-alpha"": 0.785, ""ubuntu-beta"": 0.961412}",{},2874,andy-VirtualBox,False
471,cnp_endurance_multivm_20260918T130822Z-task-0000471,correlate.synthetic,2026-09-18T13:29:19.797770+00:00,2026-09-18T13:29:19.851778+00:00,942.047,ubuntu-beta,ok,53.9,0,"{""debian-alpha"": 0.791, ""ubuntu-beta"": 0.943352}",{},2874,andy-VirtualBox,False
472,cnp_endurance_multivm_20260918T130822Z-task-0000472,parse.synthetic,2026-09-18T13:29:21.809221+00:00,2026-09-18T13:29:21.864784+00:00,944.063,debian-alpha,ok,55.631,0,"{""debian-alpha"": 0.982634, ""ubuntu-beta"": 0.809}",{},2875,andy,False
473,cnp_endurance_multivm_20260918T130822Z-task-0000473,route.synthetic,2026-09-18T13:29:23.805357+00:00,2026-09-18T13:29:23.986508+00:00,946.188,ubuntu-beta,ok,180.993,0,"{""debian-alpha"": 0.821, ""ubuntu-beta"": 0.985635}",{},2874,andy-VirtualBox,False
474,cnp_endurance_multivm_20260918T130822Z-task-0000474,detect.synthetic,2026-09-18T13:29:25.805863+00:00,2026-09-18T13:29:25.859847+00:00,948.063,ubuntu-beta,ok,54.151,0,"{""debian-alpha"": 0.785, ""ubuntu-beta"": 0.961418}",{},2874,andy-VirtualBox,False
475,cnp_endurance_multivm_20260918T130822Z-task-0000475,correlate.synthetic,2026-09-18T13:29:27.800338+00:00,2026-09-18T13:29:27.873653+00:00,950.079,ubuntu-beta,ok,73.471,0,"{""debian-alpha"": 0.791, ""ubuntu-beta"": 0.943366}",{},2874,andy-VirtualBox,False
476,cnp_endurance_multivm_20260918T130822Z-task-0000476,parse.synthetic,2026-09-18T13:29:30.337678+00:00,2026-09-18T13:29:30.383925+00:00,952.579,debian-alpha,ok,46.27,0,"{""debian-alpha"": 0.982648, ""ubuntu-beta"": 0.809}",{},2875,andy,False
477,cnp_endurance_multivm_20260918T130822Z-task-0000477,route.synthetic,2026-09-18T13:29:31.807474+00:00,2026-09-18T13:29:31.863925+00:00,954.063,ubuntu-beta,ok,56.362,0,"{""debian-alpha"": 0.821, ""ubuntu-beta"": 0.985598}",{},2874,andy-VirtualBox,False
478,cnp_endurance_multivm_20260918T130822Z-task-0000478,detect.synthetic,2026-09-18T13:29:33.803468+00:00,2026-09-18T13:29:33.859492+00:00,956.063,ubuntu-beta,ok,56.294,0,"{""debian-alpha"": 0.785, ""ubuntu-beta"": 0.96143}",{},2874,andy-VirtualBox,False
479,cnp_endurance_multivm_20260918T130822Z-task-0000479,correlate.synthetic,2026-09-18T13:29:35.800397+00:00,2026-09-18T13:29:35.854173+00:00,958.047,ubuntu-beta,ok,53.968,0,"{""debian-alpha"": 0.791, ""ubuntu-beta"": 0.943377}",{},2874,andy-VirtualBox,False
480,cnp_endurance_multivm_20260918T130822Z-task-0000480,parse.synthetic,2026-09-18T13:29:37.795717+00:00,2026-09-18T13:29:37.849421+00:00,960.047,debian-alpha,ok,53.753,0,"{""debian-alpha"": 0.98267, ""ubuntu-beta"": 0.809}",{},2875,andy,False
481,cnp_endurance_multivm_20260918T130822Z-task-0000481,route.synthetic,2026-09-18T13:29:40.860693+00:00,2026-09-18T13:29:40.913350+00:00,963.11,ubuntu-beta,ok,51.805,0,"{""debian-alpha"": 0.821, ""ubuntu-beta"": 0.985611}",{},2874,andy-VirtualBox,False
482,cnp_endurance_multivm_20260918T130822Z-task-0000482,detect.synthetic,2026-09-18T13:29:41.805144+00:00,2026-09-18T13:29:41.858230+00:00,964.063,ubuntu-beta,ok,53.34,0,"{""debian-alpha"": 0.785, ""ubuntu-beta"": 0.961437}",{},2874,andy-VirtualBox,False
483,cnp_endurance_multivm_20260918T130822Z-task-0000483,correlate.synthetic,2026-09-18T13:29:43.799023+00:00,2026-09-18T13:29:43.862990+00:00,966.063,ubuntu-beta,ok,63.974,0,"{""debian-alpha"": 0.791, ""ubuntu-beta"": 0.943393}",{},2874,andy-VirtualBox,False
484,cnp_endurance_multivm_20260918T130822Z-task-0000484,parse.synthetic,2026-09-18T13:29:47.138083+00:00,2026-09-18T13:29:47.222027+00:00,969.422,debian-alpha,ok,83.901,0,"{""debian-alpha"": 0.982682, ""ubuntu-beta"": 0.809}",{},2875,andy,False
485,cnp_endurance_multivm_20260918T130822Z-task-0000485,route.synthetic,2026-09-18T13:29:47.802170+00:00,2026-09-18T13:29:47.921855+00:00,970.125,ubuntu-beta,ok,119.304,0,"{""debian-alpha"": 0.821, ""ubuntu-beta"": 0.985627}",{},2874,andy-VirtualBox,False
486,cnp_endurance_multivm_20260918T130822Z-task-0000486,detect.synthetic,2026-09-18T13:29:49.800117+00:00,2026-09-18T13:29:49.851063+00:00,972.047,ubuntu-beta,ok,50.806,0,"{""debian-alpha"": 0.785, ""ubuntu-beta"": 0.961453}",{},2874,andy-VirtualBox,False
487,cnp_endurance_multivm_20260918T130822Z-task-0000487,correlate.synthetic,2026-09-18T13:29:51.801470+00:00,2026-09-18T13:29:51.867325+00:00,974.063,ubuntu-beta,ok,66.04,0,"{""debian-alpha"": 0.791, ""ubuntu-beta"": 0.943404}",{},2874,andy-VirtualBox,False
488,cnp_endurance_multivm_20260918T130822Z-task-0000488,parse.synthetic,2026-09-18T13:29:53.807332+00:00,2026-09-18T13:29:53.847312+00:00,976.047,debian-alpha,ok,40.278,0,"{""debian-alpha"": 0.982684, ""ubuntu-beta"": 0.809}",{},2875,andy,False
489,cnp_endurance_multivm_20260918T130822Z-task-0000489,route.synthetic,2026-09-18T13:29:55.803024+00:00,2026-09-18T13:29:55.852430+00:00,978.047,ubuntu-beta,ok,49.566,0,"{""debian-alpha"": 0.821, ""ubuntu-beta"": 0.985628}",{},2874,andy-VirtualBox,False
490,cnp_endurance_multivm_20260918T130822Z-task-0000490,detect.synthetic,2026-09-18T13:29:57.801148+00:00,2026-09-18T13:29:57.857974+00:00,980.063,ubuntu-beta,ok,56.68,0,"{""debian-alpha"": 0.785, ""ubuntu-beta"": 0.961467}",{},2874,andy-VirtualBox,False
491,cnp_endurance_multivm_20260918T130822Z-task-0000491,correlate.synthetic,2026-09-18T13:30:02.050417+00:00,2026-09-18T13:30:02.191113+00:00,984.391,ubuntu-beta,ok,140.647,0,"{""debian-alpha"": 0.791, ""ubuntu-beta"": 0.943414}",{},2874,andy-VirtualBox,False
492,cnp_endurance_multivm_20260918T130822Z-task-0000492,parse.synthetic,2026-09-18T13:30:02.191681+00:00,2026-09-18T13:30:02.299640+00:00,984.5,debian-alpha,ok,107.906,0,"{""debian-alpha"": 0.982701, ""ubuntu-beta"": 0.809}",{},2875,andy,False
493,cnp_endurance_multivm_20260918T130822Z-task-0000493,route.synthetic,2026-09-18T13:30:03.802777+00:00,2026-09-18T13:30:03.917512+00:00,986.11,ubuntu-beta,ok,114.603,0,"{""debian-alpha"": 0.821, ""ubuntu-beta"": 0.985641}",{},2874,andy-VirtualBox,False
494,cnp_endurance_multivm_20260918T130822Z-task-0000494,detect.synthetic,2026-09-18T13:30:05.801956+00:00,2026-09-18T13:30:05.868124+00:00,988.063,ubuntu-beta,ok,66.203,0,"{""debian-alpha"": 0.785, ""ubuntu-beta"": 0.961479}",{},2874,andy-VirtualBox,False
495,cnp_endurance_multivm_20260918T130822Z-task-0000495,correlate.synthetic,2026-09-18T13:30:07.808415+00:00,2026-09-18T13:30:07.877954+00:00,990.079,ubuntu-beta,ok,69.401,0,"{""debian-alpha"": 0.791, ""ubuntu-beta"": 0.943421}",{},2874,andy-VirtualBox,False
496,cnp_endurance_multivm_20260918T130822Z-task-0000496,parse.synthetic,2026-09-18T13:30:09.802991+00:00,2026-09-18T13:30:09.862909+00:00,992.063,debian-alpha,ok,59.901,0,"{""debian-alpha"": 0.982711, ""ubuntu-beta"": 0.809}",{},2875,andy,False
497,cnp_endurance_multivm_20260918T130822Z-task-0000497,route.synthetic,2026-09-18T13:30:11.803796+00:00,2026-09-18T13:30:11.888954+00:00,994.094,ubuntu-beta,ok,84.955,0,"{""debian-alpha"": 0.821, ""ubuntu-beta"": 0.985637}",{},2874,andy-VirtualBox,False
498,cnp_endurance_multivm_20260918T130822Z-task-0000498,detect.synthetic,2026-09-18T13:30:13.798239+00:00,2026-09-18T13:30:13.865241+00:00,996.063,ubuntu-beta,ok,67.158,0,"{""debian-alpha"": 0.785, ""ubuntu-beta"": 0.961486}",{},2874,andy-VirtualBox,False
499,cnp_endurance_multivm_20260918T130822Z-task-0000499,correlate.synthetic,2026-09-18T13:30:15.806354+00:00,2026-09-18T13:30:15.868515+00:00,998.063,ubuntu-beta,ok,62.467,0,"{""debian-alpha"": 0.791, ""ubuntu-beta"": 0.943434}",{},2874,andy-VirtualBox,False
500,cnp_endurance_multivm_20260918T130822Z-task-0000500,parse.synthetic,2026-09-18T13:30:18.295780+00:00,2026-09-18T13:30:18.569637+00:00,1000.766,debian-alpha,ok,273.777,0,"{""debian-alpha"": 0.98272, ""ubuntu-beta"": 0.809}",{},2875,andy,False
501,cnp_endurance_multivm_20260918T130822Z-task-0000501,route.synthetic,2026-09-18T13:30:19.810387+00:00,2026-09-18T13:30:26.331221+00:00,1008.532,debian-alpha,ok,6520.331,1,"{""debian-alpha"": 0.821, ""ubuntu-beta"": 0.985637}",{},2874,andy-VirtualBox,True
502,cnp_endurance_multivm_20260918T130822Z-task-0000502,detect.synthetic,2026-09-18T13:30:26.331902+00:00,2026-09-18T13:30:31.549191+00:00,1013.75,ubuntu-beta,ok,5217.863,0,"{""debian-alpha"": 0.785, ""ubuntu-beta"": 0.961494}",{},2874,andy-VirtualBox,False
503,cnp_endurance_multivm_20260918T130822Z-task-0000503,correlate.synthetic,2026-09-18T13:30:31.550169+00:00,2026-09-18T13:30:32.427350+00:00,1014.625,ubuntu-beta,ok,877.754,0,"{""debian-alpha"": 0.791, ""ubuntu-beta"": 0.943448}",{},2874,andy-VirtualBox,False
504,cnp_endurance_multivm_20260918T130822Z-task-0000504,parse.synthetic,2026-09-18T13:30:32.427350+00:00,2026-09-18T13:30:32.722107+00:00,1014.922,debian-alpha,ok,293.868,0,"{""debian-alpha"": 0.982699, ""ubuntu-beta"": 0.809}",{},2875,andy,False
505,cnp_endurance_multivm_20260918T130822Z-task-0000505,route.synthetic,2026-09-18T13:30:32.722107+00:00,2026-09-18T13:30:33.578025+00:00,1015.782,ubuntu-beta,ok,855.86,0,"{""debian-alpha"": 0.863827, ""ubuntu-beta"": 0.978913}",{},2874,andy-VirtualBox,False
506,cnp_endurance_multivm_20260918T130822Z-task-0000506,detect.synthetic,2026-09-18T13:30:33.578025+00:00,2026-09-18T13:30:34.298762+00:00,1016.5,ubuntu-beta,ok,720.842,0,"{""debian-alpha"": 0.785, ""ubuntu-beta"": 0.961096}",{},2874,andy-VirtualBox,False
507,cnp_endurance_multivm_20260918T130822Z-task-0000507,correlate.synthetic,2026-09-18T13:30:34.299760+00:00,2026-09-18T13:30:34.597605+00:00,1016.797,ubuntu-beta,ok,297.66,0,"{""debian-alpha"": 0.791, ""ubuntu-beta"": 0.943369}",{},2874,andy-VirtualBox,False
508,cnp_endurance_multivm_20260918T130822Z-task-0000508,parse.synthetic,2026-09-18T13:30:34.597605+00:00,2026-09-18T13:30:34.771952+00:00,1016.969,debian-alpha,ok,174.194,0,"{""debian-alpha"": 0.982634, ""ubuntu-beta"": 0.809}",{},2875,andy,False
509,cnp_endurance_multivm_20260918T130822Z-task-0000509,route.synthetic,2026-09-18T13:30:35.795423+00:00,2026-09-18T13:30:36.313682+00:00,1018.516,ubuntu-beta,ok,518.315,0,"{""debian-alpha"": 0.863827, ""ubuntu-beta"": 0.978683}",{},2874,andy-VirtualBox,False
510,cnp_endurance_multivm_20260918T130822Z-task-0000510,detect.synthetic,2026-09-18T13:30:37.802867+00:00,2026-09-18T13:30:38.179826+00:00,1020.375,ubuntu-beta,ok,376.029,0,"{""debian-alpha"": 0.785, ""ubuntu-beta"": 0.960847}",{},2874,andy-VirtualBox,False
511,cnp_endurance_multivm_20260918T130822Z-task-0000511,correlate.synthetic,2026-09-18T13:30:39.807758+00:00,2026-09-18T13:30:40.234282+00:00,1022.438,ubuntu-beta,ok,426.809,0,"{""debian-alpha"": 0.791, ""ubuntu-beta"": 0.94331}",{},2874,andy-VirtualBox,False
512,cnp_endurance_multivm_20260918T130822Z-task-0000512,parse.synthetic,2026-09-18T13:30:41.808110+00:00,2026-09-18T13:30:42.061622+00:00,1024.266,debian-alpha,ok,253.539,0,"{""debian-alpha"": 0.982622, ""ubuntu-beta"": 0.809}",{},2875,andy,False
513,cnp_endurance_multivm_20260918T130822Z-task-0000513,route.synthetic,2026-09-18T13:30:43.810036+00:00,2026-09-18T13:30:44.000486+00:00,1026.204,ubuntu-beta,ok,190.217,0,"{""debian-alpha"": 0.863827, ""ubuntu-beta"": 0.978619}",{},2874,andy-VirtualBox,False
514,cnp_endurance_multivm_20260918T130822Z-task-0000514,detect.synthetic,2026-09-18T13:30:45.853582+00:00,2026-09-18T13:30:46.063277+00:00,1028.266,ubuntu-beta,ok,210.051,0,"{""debian-alpha"": 0.785, ""ubuntu-beta"": 0.960718}",{},2874,andy-VirtualBox,False
515,cnp_endurance_multivm_20260918T130822Z-task-0000515,correlate.synthetic,2026-09-18T13:30:47.798400+00:00,2026-09-18T13:30:48.022059+00:00,1030.219,ubuntu-beta,ok,224.43,0,"{""debian-alpha"": 0.791, ""ubuntu-beta"": 0.94325}",{},2874,andy-VirtualBox,False
516,cnp_endurance_multivm_20260918T130822Z-task-0000516,parse.synthetic,2026-09-18T13:30:49.803509+00:00,2026-09-18T13:30:49.929443+00:00,1032.125,debian-alpha,ok,124.968,0,"{""debian-alpha"": 0.9826, ""ubuntu-beta"": 0.809}",{},2875,andy,False
517,cnp_endurance_multivm_20260918T130822Z-task-0000517,route.synthetic,2026-09-18T13:30:51.800850+00:00,2026-09-18T13:30:51.883171+00:00,1034.079,ubuntu-beta,ok,82.475,0,"{""debian-alpha"": 0.863827, ""ubuntu-beta"": 0.978593}",{},2874,andy-VirtualBox,False
518,cnp_endurance_multivm_20260918T130822Z-task-0000518,detect.synthetic,2026-09-18T13:30:53.807751+00:00,2026-09-18T13:30:53.858299+00:00,1036.063,ubuntu-beta,ok,50.737,0,"{""debian-alpha"": 0.785, ""ubuntu-beta"": 0.960711}",{},2874,andy-VirtualBox,False
519,cnp_endurance_multivm_20260918T130822Z-task-0000519,correlate.synthetic,2026-09-18T13:30:55.798546+00:00,2026-09-18T13:30:55.852885+00:00,1038.047,ubuntu-beta,ok,54.428,0,"{""debian-alpha"": 0.791, ""ubuntu-beta"": 0.943232}",{},2874,andy-VirtualBox,False
520,cnp_endurance_multivm_20260918T130822Z-task-0000520,parse.synthetic,2026-09-18T13:30:57.798149+00:00,2026-09-18T13:30:57.880640+00:00,1040.079,debian-alpha,ok,80.395,0,"{""debian-alpha"": 0.982597, ""ubuntu-beta"": 0.809}",{},2875,andy,False
521,cnp_endurance_multivm_20260918T130822Z-task-0000521,route.synthetic,2026-09-18T13:30:59.805828+00:00,2026-09-18T13:30:59.891042+00:00,1042.094,ubuntu-beta,ok,85.099,0,"{""debian-alpha"": 0.863827, ""ubuntu-beta"": 0.978598}",{},2874,andy-VirtualBox,False
522,cnp_endurance_multivm_20260918T130822Z-task-0000522,detect.synthetic,2026-09-18T13:31:01.800648+00:00,2026-09-18T13:31:01.864174+00:00,1044.063,ubuntu-beta,ok,63.919,0,"{""debian-alpha"": 0.785, ""ubuntu-beta"": 0.960722}",{},2874,andy-VirtualBox,False
523,cnp_endurance_multivm_20260918T130822Z-task-0000523,correlate.synthetic,2026-09-18T13:31:03.804909+00:00,2026-09-18T13:31:03.874493+00:00,1046.079,ubuntu-beta,ok,69.596,0,"{""debian-alpha"": 0.791, ""ubuntu-beta"": 0.943241}",{},2874,andy-VirtualBox,False
524,cnp_endurance_multivm_20260918T130822Z-task-0000524,parse.synthetic,2026-09-18T13:31:05.799157+00:00,2026-09-18T13:31:05.858990+00:00,1048.063,debian-alpha,ok,59.671,0,"{""debian-alpha"": 0.982602, ""ubuntu-beta"": 0.809}",{},2875,andy,False
525,cnp_endurance_multivm_20260918T130822Z-task-0000525,route.synthetic,2026-09-18T13:31:07.799294+00:00,2026-09-18T13:31:07.900946+00:00,1050.094,ubuntu-beta,ok,101.807,0,"{""debian-alpha"": 0.863827, ""ubuntu-beta"": 0.9786}",{},2874,andy-VirtualBox,False
526,cnp_endurance_multivm_20260918T130822Z-task-0000526,detect.synthetic,2026-09-18T13:31:09.796298+00:00,2026-09-18T13:31:10.015397+00:00,1052.219,ubuntu-beta,ok,219.193,0,"{""debian-alpha"": 0.785, ""ubuntu-beta"": 0.96073}",{},2874,andy-VirtualBox,False
527,cnp_endurance_multivm_20260918T130822Z-task-0000527,correlate.synthetic,2026-09-18T13:31:11.799583+00:00,2026-09-18T13:31:11.866506+00:00,1054.063,ubuntu-beta,ok,66.385,0,"{""debian-alpha"": 0.791, ""ubuntu-beta"": 0.943247}",{},2874,andy-VirtualBox,False
528,cnp_endurance_multivm_20260918T130822Z-task-0000528,parse.synthetic,2026-09-18T13:31:13.807347+00:00,2026-09-18T13:31:13.905913+00:00,1056.11,debian-alpha,ok,98.779,0,"{""debian-alpha"": 0.982614, ""ubuntu-beta"": 0.809}",{},2875,andy,False
529,cnp_endurance_multivm_20260918T130822Z-task-0000529,route.synthetic,2026-09-18T13:31:15.802521+00:00,2026-09-18T13:31:15.872008+00:00,1058.063,ubuntu-beta,ok,69.567,0,"{""debian-alpha"": 0.863827, ""ubuntu-beta"": 0.9786}",{},2874,andy-VirtualBox,False
530,cnp_endurance_multivm_20260918T130822Z-task-0000530,detect.synthetic,2026-09-18T13:31:17.798623+00:00,2026-09-18T13:31:17.851747+00:00,1060.047,ubuntu-beta,ok,53.513,0,"{""debian-alpha"": 0.785, ""ubuntu-beta"": 0.960719}",{},2874,andy-VirtualBox,False
531,cnp_endurance_multivm_20260918T130822Z-task-0000531,correlate.synthetic,2026-09-18T13:31:19.808555+00:00,2026-09-18T13:31:19.890027+00:00,1062.094,ubuntu-beta,ok,81.628,0,"{""debian-alpha"": 0.791, ""ubuntu-beta"": 0.943253}",{},2874,andy-VirtualBox,False
532,cnp_endurance_multivm_20260918T130822Z-task-0000532,parse.synthetic,2026-09-18T13:31:21.800526+00:00,2026-09-18T13:31:21.867176+00:00,1064.063,debian-alpha,ok,66.834,0,"{""debian-alpha"": 0.982618, ""ubuntu-beta"": 0.809}",{},2875,andy,False
533,cnp_endurance_multivm_20260918T130822Z-task-0000533,route.synthetic,2026-09-18T13:31:23.807118+00:00,2026-09-18T13:31:23.863491+00:00,1066.063,ubuntu-beta,ok,57.037,0,"{""debian-alpha"": 0.863827, ""ubuntu-beta"": 0.978604}",{},2874,andy-VirtualBox,False
534,cnp_endurance_multivm_20260918T130822Z-task-0000534,detect.synthetic,2026-09-18T13:31:25.804304+00:00,2026-09-18T13:31:25.869794+00:00,1068.063,ubuntu-beta,ok,65.324,0,"{""debian-alpha"": 0.785, ""ubuntu-beta"": 0.960729}",{},2874,andy-VirtualBox,False
535,cnp_endurance_multivm_20260918T130822Z-task-0000535,correlate.synthetic,2026-09-18T13:31:27.809423+00:00,2026-09-18T13:31:27.886611+00:00,1070.079,ubuntu-beta,ok,76.968,0,"{""debian-alpha"": 0.791, ""ubuntu-beta"": 0.943252}",{},2874,andy-VirtualBox,False
536,cnp_endurance_multivm_20260918T130822Z-task-0000536,parse.synthetic,2026-09-18T13:31:29.795838+00:00,2026-09-18T13:31:29.914375+00:00,1072.11,debian-alpha,ok,118.689,0,"{""debian-alpha"": 0.982622, ""ubuntu-beta"": 0.809}",{},2875,andy,False
537,cnp_endurance_multivm_20260918T130822Z-task-0000537,route.synthetic,2026-09-18T13:31:31.807678+00:00,2026-09-18T13:31:31.932104+00:00,1074.125,ubuntu-beta,ok,124.127,0,"{""debian-alpha"": 0.863827, ""ubuntu-beta"": 0.978613}",{},2874,andy-VirtualBox,False
538,cnp_endurance_multivm_20260918T130822Z-task-0000538,detect.synthetic,2026-09-18T13:31:33.794211+00:00,2026-09-18T13:31:33.854872+00:00,1076.047,ubuntu-beta,ok,60.587,0,"{""debian-alpha"": 0.785, ""ubuntu-beta"": 0.960732}",{},2874,andy-VirtualBox,False
539,cnp_endurance_multivm_20260918T130822Z-task-0000539,correlate.synthetic,2026-09-18T13:31:35.798333+00:00,2026-09-18T13:31:35.865640+00:00,1078.063,ubuntu-beta,ok,67.723,0,"{""debian-alpha"": 0.791, ""ubuntu-beta"": 0.943257}",{},2874,andy-VirtualBox,False
540,cnp_endurance_multivm_20260918T130822Z-task-0000540,parse.synthetic,2026-09-18T13:31:37.806040+00:00,2026-09-18T13:31:37.861093+00:00,1080.063,debian-alpha,ok,55.434,0,"{""debian-alpha"": 0.982625, ""ubuntu-beta"": 0.809}",{},2875,andy,False
541,cnp_endurance_multivm_20260918T130822Z-task-0000541,route.synthetic,2026-09-18T13:31:39.802191+00:00,2026-09-18T13:31:39.867036+00:00,1082.063,ubuntu-beta,ok,65.407,0,"{""debian-alpha"": 0.863827, ""ubuntu-beta"": 0.978595}",{},2874,andy-VirtualBox,False
542,cnp_endurance_multivm_20260918T130822Z-task-0000542,detect.synthetic,2026-09-18T13:31:41.807299+00:00,2026-09-18T13:31:41.884412+00:00,1084.079,ubuntu-beta,ok,77.321,0,"{""debian-alpha"": 0.785, ""ubuntu-beta"": 0.960743}",{},2874,andy-VirtualBox,False
543,cnp_endurance_multivm_20260918T130822Z-task-0000543,correlate.synthetic,2026-09-18T13:31:43.808210+00:00,2026-09-18T13:31:43.866394+00:00,1086.063,ubuntu-beta,ok,58.012,0,"{""debian-alpha"": 0.791, ""ubuntu-beta"": 0.943366}",{},2874,andy-VirtualBox,False
544,cnp_endurance_multivm_20260918T130822Z-task-0000544,parse.synthetic,2026-09-18T13:31:45.805675+00:00,2026-09-18T13:31:45.856858+00:00,1088.063,debian-alpha,ok,51.507,0,"{""debian-alpha"": 0.982634, ""ubuntu-beta"": 0.809}",{},2875,andy,False
545,cnp_endurance_multivm_20260918T130822Z-task-0000545,route.synthetic,2026-09-18T13:31:47.796815+00:00,2026-09-18T13:31:47.851768+00:00,1090.047,ubuntu-beta,ok,54.909,0,"{""debian-alpha"": 0.863827, ""ubuntu-beta"": 0.978604}",{},2874,andy-VirtualBox,False
546,cnp_endurance_multivm_20260918T130822Z-task-0000546,detect.synthetic,2026-09-18T13:31:49.807515+00:00,2026-09-18T13:31:49.887258+00:00,1092.079,ubuntu-beta,ok,79.881,0,"{""debian-alpha"": 0.785, ""ubuntu-beta"": 0.960751}",{},2874,andy-VirtualBox,False
547,cnp_endurance_multivm_20260918T130822Z-task-0000547,correlate.synthetic,2026-09-18T13:31:51.797129+00:00,2026-09-18T13:31:51.851389+00:00,1094.047,ubuntu-beta,ok,54.487,0,"{""debian-alpha"": 0.791, ""ubuntu-beta"": 0.943375}",{},2874,andy-VirtualBox,False
548,cnp_endurance_multivm_20260918T130822Z-task-0000548,parse.synthetic,2026-09-18T13:31:53.808615+00:00,2026-09-18T13:31:53.859223+00:00,1096.063,debian-alpha,ok,50.594,0,"{""debian-alpha"": 0.982641, ""ubuntu-beta"": 0.809}",{},2875,andy,False
549,cnp_endurance_multivm_20260918T130822Z-task-0000549,route.synthetic,2026-09-18T13:31:55.799668+00:00,2026-09-18T13:31:55.872527+00:00,1098.079,ubuntu-beta,ok,72.778,0,"{""debian-alpha"": 0.863827, ""ubuntu-beta"": 0.978614}",{},2874,andy-VirtualBox,False
550,cnp_endurance_multivm_20260918T130822Z-task-0000550,detect.synthetic,2026-09-18T13:31:57.796947+00:00,2026-09-18T13:31:57.866856+00:00,1100.063,ubuntu-beta,ok,69.148,0,"{""debian-alpha"": 0.785, ""ubuntu-beta"": 0.960747}",{},2874,andy-VirtualBox,False
551,cnp_endurance_multivm_20260918T130822Z-task-0000551,correlate.synthetic,2026-09-18T13:31:59.806979+00:00,2026-09-18T13:31:59.866431+00:00,1102.063,ubuntu-beta,ok,59.39,0,"{""debian-alpha"": 0.791, ""ubuntu-beta"": 0.943385}",{},2874,andy-VirtualBox,False
552,cnp_endurance_multivm_20260918T130822Z-task-0000552,parse.synthetic,2026-09-18T13:32:01.806349+00:00,2026-09-18T13:32:01.859508+00:00,1104.063,debian-alpha,ok,53.275,0,"{""debian-alpha"": 0.982648, ""ubuntu-beta"": 0.809}",{},2875,andy,False
553,cnp_endurance_multivm_20260918T130822Z-task-0000553,route.synthetic,2026-09-18T13:32:03.800487+00:00,2026-09-18T13:32:03.869726+00:00,1106.063,ubuntu-beta,ok,69.139,0,"{""debian-alpha"": 0.863827, ""ubuntu-beta"": 0.978624}",{},2874,andy-VirtualBox,False
554,cnp_endurance_multivm_20260918T130822Z-task-0000554,detect.synthetic,2026-09-18T13:32:05.809378+00:00,2026-09-18T13:32:05.866254+00:00,1108.063,ubuntu-beta,ok,56.639,0,"{""debian-alpha"": 0.785, ""ubuntu-beta"": 0.960752}",{},2874,andy-VirtualBox,False
555,cnp_endurance_multivm_20260918T130822Z-task-0000555,correlate.synthetic,2026-09-18T13:32:07.806606+00:00,2026-09-18T13:32:07.858669+00:00,1110.063,ubuntu-beta,ok,52.393,0,"{""debian-alpha"": 0.791, ""ubuntu-beta"": 0.943396}",{},2874,andy-VirtualBox,False
556,cnp_endurance_multivm_20260918T130822Z-task-0000556,parse.synthetic,2026-09-18T13:32:09.800594+00:00,2026-09-18T13:32:09.871895+00:00,1112.063,debian-alpha,ok,71.23,0,"{""debian-alpha"": 0.982659, ""ubuntu-beta"": 0.809}",{},2875,andy,False
557,cnp_endurance_multivm_20260918T130822Z-task-0000557,route.synthetic,2026-09-18T13:32:11.796073+00:00,2026-09-18T13:32:11.854402+00:00,1114.047,ubuntu-beta,ok,58.574,0,"{""debian-alpha"": 0.863827, ""ubuntu-beta"": 0.978624}",{},2874,andy-VirtualBox,False
558,cnp_endurance_multivm_20260918T130822Z-task-0000558,detect.synthetic,2026-09-18T13:32:13.794793+00:00,2026-09-18T13:32:13.849206+00:00,1116.047,ubuntu-beta,ok,54.547,0,"{""debian-alpha"": 0.785, ""ubuntu-beta"": 0.960762}",{},2874,andy-VirtualBox,False
559,cnp_endurance_multivm_20260918T130822Z-task-0000559,correlate.synthetic,2026-09-18T13:32:15.806074+00:00,2026-09-18T13:32:15.860402+00:00,1118.063,ubuntu-beta,ok,54.2,0,"{""debian-alpha"": 0.791, ""ubuntu-beta"": 0.943406}",{},2874,andy-VirtualBox,False
560,cnp_endurance_multivm_20260918T130822Z-task-0000560,parse.synthetic,2026-09-18T13:32:17.801014+00:00,2026-09-18T13:32:17.867675+00:00,1120.063,debian-alpha,ok,67.081,0,"{""debian-alpha"": 0.982668, ""ubuntu-beta"": 0.809}",{},2875,andy,False
561,cnp_endurance_multivm_20260918T130822Z-task-0000561,route.synthetic,2026-09-18T13:32:19.808138+00:00,2026-09-18T13:32:19.863598+00:00,1122.063,ubuntu-beta,ok,55.516,0,"{""debian-alpha"": 0.863827, ""ubuntu-beta"": 0.978633}",{},2874,andy-VirtualBox,False
562,cnp_endurance_multivm_20260918T130822Z-task-0000562,detect.synthetic,2026-09-18T13:32:21.804203+00:00,2026-09-18T13:32:21.858956+00:00,1124.063,ubuntu-beta,ok,54.718,0,"{""debian-alpha"": 0.785, ""ubuntu-beta"": 0.960773}",{},2874,andy-VirtualBox,False
563,cnp_endurance_multivm_20260918T130822Z-task-0000563,correlate.synthetic,2026-09-18T13:32:23.801000+00:00,2026-09-18T13:32:23.854238+00:00,1126.047,ubuntu-beta,ok,53.553,0,"{""debian-alpha"": 0.791, ""ubuntu-beta"": 0.943414}",{},2874,andy-VirtualBox,False
564,cnp_endurance_multivm_20260918T130822Z-task-0000564,parse.synthetic,2026-09-18T13:32:25.794564+00:00,2026-09-18T13:32:25.864057+00:00,1128.063,debian-alpha,ok,69.389,0,"{""debian-alpha"": 0.982675, ""ubuntu-beta"": 0.809}",{},2875,andy,False
565,cnp_endurance_multivm_20260918T130822Z-task-0000565,route.synthetic,2026-09-18T13:32:27.803921+00:00,2026-09-18T13:32:27.861249+00:00,1130.063,ubuntu-beta,ok,57.572,0,"{""debian-alpha"": 0.863827, ""ubuntu-beta"": 0.978643}",{},2874,andy-VirtualBox,False
566,cnp_endurance_multivm_20260918T130822Z-task-0000566,detect.synthetic,2026-09-18T13:32:29.803632+00:00,2026-09-18T13:32:29.854782+00:00,1132.047,ubuntu-beta,ok,51.372,0,"{""debian-alpha"": 0.785, ""ubuntu-beta"": 0.960781}",{},2874,andy-VirtualBox,False
567,cnp_endurance_multivm_20260918T130822Z-task-0000567,correlate.synthetic,2026-09-18T13:32:31.795614+00:00,2026-09-18T13:32:31.842798+00:00,1134.047,ubuntu-beta,ok,47.304,0,"{""debian-alpha"": 0.791, ""ubuntu-beta"": 0.943419}",{},2874,andy-VirtualBox,False
568,cnp_endurance_multivm_20260918T130822Z-task-0000568,parse.synthetic,2026-09-18T13:32:33.799827+00:00,2026-09-18T13:32:33.850021+00:00,1136.047,debian-alpha,ok,50.508,0,"{""debian-alpha"": 0.982679, ""ubuntu-beta"": 0.809}",{},2875,andy,False
569,cnp_endurance_multivm_20260918T130822Z-task-0000569,route.synthetic,2026-09-18T13:32:35.807122+00:00,2026-09-18T13:32:35.852294+00:00,1138.047,ubuntu-beta,ok,45.315,0,"{""debian-alpha"": 0.863827, ""ubuntu-beta"": 0.978649}",{},2874,andy-VirtualBox,False
570,cnp_endurance_multivm_20260918T130822Z-task-0000570,detect.synthetic,2026-09-18T13:32:37.808620+00:00,2026-09-18T13:32:37.857070+00:00,1140.063,ubuntu-beta,ok,48.883,0,"{""debian-alpha"": 0.785, ""ubuntu-beta"": 0.96079}",{},2874,andy-VirtualBox,False
571,cnp_endurance_multivm_20260918T130822Z-task-0000571,correlate.synthetic,2026-09-18T13:32:39.796731+00:00,2026-09-18T13:32:39.853372+00:00,1142.047,ubuntu-beta,ok,56.265,0,"{""debian-alpha"": 0.791, ""ubuntu-beta"": 0.943453}",{},2874,andy-VirtualBox,False
572,cnp_endurance_multivm_20260918T130822Z-task-0000572,parse.synthetic,2026-09-18T13:32:41.809494+00:00,2026-09-18T13:32:41.860975+00:00,1144.063,debian-alpha,ok,51.551,0,"{""debian-alpha"": 0.982688, ""ubuntu-beta"": 0.809}",{},2875,andy,False
573,cnp_endurance_multivm_20260918T130822Z-task-0000573,route.synthetic,2026-09-18T13:32:43.801515+00:00,2026-09-18T13:32:43.851901+00:00,1146.047,ubuntu-beta,ok,50.544,0,"{""debian-alpha"": 0.863827, ""ubuntu-beta"": 0.978659}",{},2874,andy-VirtualBox,False
574,cnp_endurance_multivm_20260918T130822Z-task-0000574,detect.synthetic,2026-09-18T13:32:45.808449+00:00,2026-09-18T13:32:45.859171+00:00,1148.063,ubuntu-beta,ok,51.087,0,"{""debian-alpha"": 0.785, ""ubuntu-beta"": 0.9608}",{},2874,andy-VirtualBox,False
575,cnp_endurance_multivm_20260918T130822Z-task-0000575,correlate.synthetic,2026-09-18T13:32:47.800916+00:00,2026-09-18T13:32:47.852039+00:00,1150.047,ubuntu-beta,ok,51.529,0,"{""debian-alpha"": 0.791, ""ubuntu-beta"": 0.943463}",{},2874,andy-VirtualBox,False
576,cnp_endurance_multivm_20260918T130822Z-task-0000576,parse.synthetic,2026-09-18T13:32:49.808544+00:00,2026-09-18T13:32:49.862454+00:00,1152.063,debian-alpha,ok,53.936,0,"{""debian-alpha"": 0.982693, ""ubuntu-beta"": 0.809}",{},2875,andy,False
577,cnp_endurance_multivm_20260918T130822Z-task-0000577,route.synthetic,2026-09-18T13:32:51.803614+00:00,2026-09-18T13:32:51.854199+00:00,1154.047,ubuntu-beta,ok,50.75,0,"{""debian-alpha"": 0.863827, ""ubuntu-beta"": 0.978677}",{},2874,andy-VirtualBox,False
578,cnp_endurance_multivm_20260918T130822Z-task-0000578,detect.synthetic,2026-09-18T13:32:53.795129+00:00,2026-09-18T13:32:53.849103+00:00,1156.047,ubuntu-beta,ok,53.782,0,"{""debian-alpha"": 0.785, ""ubuntu-beta"": 0.960822}",{},2874,andy-VirtualBox,False
579,cnp_endurance_multivm_20260918T130822Z-task-0000579,correlate.synthetic,2026-09-18T13:32:55.805331+00:00,2026-09-18T13:32:55.873595+00:00,1158.079,ubuntu-beta,ok,68.409,0,"{""debian-alpha"": 0.791, ""ubuntu-beta"": 0.943498}",{},2874,andy-VirtualBox,False
580,cnp_endurance_multivm_20260918T130822Z-task-0000580,parse.synthetic,2026-09-18T13:32:57.798218+00:00,2026-09-18T13:32:57.858072+00:00,1160.063,debian-alpha,ok,59.774,0,"{""debian-alpha"": 0.982714, ""ubuntu-beta"": 0.809}",{},2875,andy,False
581,cnp_endurance_multivm_20260918T130822Z-task-0000581,route.synthetic,2026-09-18T13:32:59.798260+00:00,2026-09-18T13:32:59.852355+00:00,1162.047,ubuntu-beta,ok,54.229,0,"{""debian-alpha"": 0.863827, ""ubuntu-beta"": 0.978684}",{},2874,andy-VirtualBox,False
582,cnp_endurance_multivm_20260918T130822Z-task-0000582,detect.synthetic,2026-09-18T13:33:01.808548+00:00,2026-09-18T13:33:01.856947+00:00,1164.063,ubuntu-beta,ok,48.775,0,"{""debian-alpha"": 0.785, ""ubuntu-beta"": 0.960831}",{},2874,andy-VirtualBox,False
583,cnp_endurance_multivm_20260918T130822Z-task-0000583,correlate.synthetic,2026-09-18T13:33:03.797869+00:00,2026-09-18T13:33:03.852007+00:00,1166.047,ubuntu-beta,ok,53.618,0,"{""debian-alpha"": 0.791, ""ubuntu-beta"": 0.943499}",{},2874,andy-VirtualBox,False
584,cnp_endurance_multivm_20260918T130822Z-task-0000584,parse.synthetic,2026-09-18T13:33:05.807699+00:00,2026-09-18T13:33:05.856385+00:00,1168.047,debian-alpha,ok,48.932,0,"{""debian-alpha"": 0.982723, ""ubuntu-beta"": 0.809}",{},2875,andy,False
585,cnp_endurance_multivm_20260918T130822Z-task-0000585,route.synthetic,2026-09-18T13:33:07.796721+00:00,2026-09-18T13:33:07.857054+00:00,1170.063,ubuntu-beta,ok,59.906,0,"{""debian-alpha"": 0.863827, ""ubuntu-beta"": 0.978693}",{},2874,andy-VirtualBox,False
586,cnp_endurance_multivm_20260918T130822Z-task-0000586,detect.synthetic,2026-09-18T13:33:09.798061+00:00,2026-09-18T13:33:09.864320+00:00,1172.063,ubuntu-beta,ok,66.206,0,"{""debian-alpha"": 0.785, ""ubuntu-beta"": 0.96084}",{},2874,andy-VirtualBox,False
587,cnp_endurance_multivm_20260918T130822Z-task-0000587,correlate.synthetic,2026-09-18T13:33:11.805705+00:00,2026-09-18T13:33:11.855655+00:00,1174.047,ubuntu-beta,ok,50.05,0,"{""debian-alpha"": 0.791, ""ubuntu-beta"": 0.943508}",{},2874,andy-VirtualBox,False
588,cnp_endurance_multivm_20260918T130822Z-task-0000588,parse.synthetic,2026-09-18T13:33:13.795609+00:00,2026-09-18T13:33:13.843128+00:00,1176.047,debian-alpha,ok,47.51,0,"{""debian-alpha"": 0.982739, ""ubuntu-beta"": 0.809}",{},2875,andy,False
589,cnp_endurance_multivm_20260918T130822Z-task-0000589,route.synthetic,2026-09-18T13:33:15.798855+00:00,2026-09-18T13:33:15.853862+00:00,1178.047,ubuntu-beta,ok,55.187,0,"{""debian-alpha"": 0.863827, ""ubuntu-beta"": 0.978703}",{},2874,andy-VirtualBox,False
590,cnp_endurance_multivm_20260918T130822Z-task-0000590,detect.synthetic,2026-09-18T13:33:17.794697+00:00,2026-09-18T13:33:17.850431+00:00,1180.047,ubuntu-beta,ok,56.032,0,"{""debian-alpha"": 0.785, ""ubuntu-beta"": 0.960846}",{},2874,andy-VirtualBox,False
591,cnp_endurance_multivm_20260918T130822Z-task-0000591,correlate.synthetic,2026-09-18T13:33:19.807940+00:00,2026-09-18T13:33:19.852809+00:00,1182.047,ubuntu-beta,ok,45.091,0,"{""debian-alpha"": 0.791, ""ubuntu-beta"": 0.943522}",{},2874,andy-VirtualBox,False
592,cnp_endurance_multivm_20260918T130822Z-task-0000592,parse.synthetic,2026-09-18T13:33:21.809813+00:00,2026-09-18T13:33:21.857827+00:00,1184.063,debian-alpha,ok,48.53,0,"{""debian-alpha"": 0.982753, ""ubuntu-beta"": 0.809}",{},2875,andy,False
593,cnp_endurance_multivm_20260918T130822Z-task-0000593,route.synthetic,2026-09-18T13:33:23.798876+00:00,2026-09-18T13:33:23.852992+00:00,1186.047,ubuntu-beta,ok,53.928,0,"{""debian-alpha"": 0.863827, ""ubuntu-beta"": 0.978712}",{},2874,andy-VirtualBox,False
594,cnp_endurance_multivm_20260918T130822Z-task-0000594,detect.synthetic,2026-09-18T13:33:25.795603+00:00,2026-09-18T13:33:25.949527+00:00,1188.141,ubuntu-beta,ok,154.202,0,"{""debian-alpha"": 0.785, ""ubuntu-beta"": 0.960864}",{},2874,andy-VirtualBox,False
595,cnp_endurance_multivm_20260918T130822Z-task-0000595,correlate.synthetic,2026-09-18T13:33:27.797988+00:00,2026-09-18T13:33:27.862000+00:00,1190.063,ubuntu-beta,ok,64.15,0,"{""debian-alpha"": 0.791, ""ubuntu-beta"": 0.943532}",{},2874,andy-VirtualBox,False
596,cnp_endurance_multivm_20260918T130822Z-task-0000596,parse.synthetic,2026-09-18T13:33:29.804369+00:00,2026-09-18T13:33:29.870393+00:00,1192.063,debian-alpha,ok,66.069,0,"{""debian-alpha"": 0.982762, ""ubuntu-beta"": 0.809}",{},2875,andy,False
597,cnp_endurance_multivm_20260918T130822Z-task-0000597,route.synthetic,2026-09-18T13:33:31.794298+00:00,2026-09-18T13:33:31.845637+00:00,1194.047,ubuntu-beta,ok,51.392,0,"{""debian-alpha"": 0.863827, ""ubuntu-beta"": 0.978723}",{},2874,andy-VirtualBox,False
598,cnp_endurance_multivm_20260918T130822Z-task-0000598,detect.synthetic,2026-09-18T13:33:33.802119+00:00,2026-09-18T13:33:33.852516+00:00,1196.047,ubuntu-beta,ok,50.702,0,"{""debian-alpha"": 0.785, ""ubuntu-beta"": 0.960838}",{},2874,andy-VirtualBox,False
599,cnp_endurance_multivm_20260918T130822Z-task-0000599,correlate.synthetic,2026-09-18T13:33:35.808159+00:00,2026-09-18T13:33:35.864935+00:00,1198.063,ubuntu-beta,ok,57.329,0,"{""debian-alpha"": 0.791, ""ubuntu-beta"": 0.943537}",{},2874,andy-VirtualBox,False
600,cnp_endurance_multivm_20260918T130822Z-task-0000600,parse.synthetic,2026-09-18T13:33:37.806465+00:00,2026-09-18T13:33:37.856020+00:00,1200.047,debian-alpha,ok,49.888,0,"{""debian-alpha"": 0.982766, ""ubuntu-beta"": 0.809}",{},2875,andy,False
601,cnp_endurance_multivm_20260918T130822Z-task-0000601,route.synthetic,2026-09-18T13:33:39.796673+00:00,2026-09-18T13:33:39.856434+00:00,1202.047,ubuntu-beta,ok,58.822,0,"{""debian-alpha"": 0.863827, ""ubuntu-beta"": 0.978732}",{},2874,andy-VirtualBox,False
602,cnp_endurance_multivm_20260918T130822Z-task-0000602,detect.synthetic,2026-09-18T13:33:41.796542+00:00,2026-09-18T13:33:41.851502+00:00,1204.047,ubuntu-beta,ok,54.975,0,"{""debian-alpha"": 0.785, ""ubuntu-beta"": 0.960846}",{},2874,andy-VirtualBox,False
603,cnp_endurance_multivm_20260918T130822Z-task-0000603,correlate.synthetic,2026-09-18T13:33:43.807826+00:00,2026-09-18T13:33:43.860588+00:00,1206.063,ubuntu-beta,ok,52.844,0,"{""debian-alpha"": 0.791, ""ubuntu-beta"": 0.943543}",{},2874,andy-VirtualBox,False
604,cnp_endurance_multivm_20260918T130822Z-task-0000604,parse.synthetic,2026-09-18T13:33:45.800924+00:00,2026-09-18T13:33:45.856942+00:00,1208.063,debian-alpha,ok,55.991,0,"{""debian-alpha"": 0.982774, ""ubuntu-beta"": 0.809}",{},2875,andy,False
605,cnp_endurance_multivm_20260918T130822Z-task-0000605,route.synthetic,2026-09-18T13:33:47.796208+00:00,2026-09-18T13:33:47.847835+00:00,1210.047,ubuntu-beta,ok,51.642,0,"{""debian-alpha"": 0.863827, ""ubuntu-beta"": 0.978738}",{},2874,andy-VirtualBox,False
606,cnp_endurance_multivm_20260918T130822Z-task-0000606,detect.synthetic,2026-09-18T13:33:49.807913+00:00,2026-09-18T13:33:49.988597+00:00,1212.188,ubuntu-beta,ok,180.203,0,"{""debian-alpha"": 0.785, ""ubuntu-beta"": 0.960862}",{},2874,andy-VirtualBox,False
607,cnp_endurance_multivm_20260918T130822Z-task-0000607,correlate.synthetic,2026-09-18T13:33:51.804145+00:00,2026-09-18T13:33:51.856279+00:00,1214.047,ubuntu-beta,ok,52.352,0,"{""debian-alpha"": 0.791, ""ubuntu-beta"": 0.943559}",{},2874,andy-VirtualBox,False
608,cnp_endurance_multivm_20260918T130822Z-task-0000608,parse.synthetic,2026-09-18T13:33:53.797177+00:00,2026-09-18T13:33:53.852692+00:00,1216.047,debian-alpha,ok,55.328,0,"{""debian-alpha"": 0.982777, ""ubuntu-beta"": 0.809}",{},2875,andy,False
609,cnp_endurance_multivm_20260918T130822Z-task-0000609,route.synthetic,2026-09-18T13:33:55.808802+00:00,2026-09-18T13:33:55.872753+00:00,1218.079,ubuntu-beta,ok,63.822,0,"{""debian-alpha"": 0.863827, ""ubuntu-beta"": 0.978747}",{},2874,andy-VirtualBox,False
610,cnp_endurance_multivm_20260918T130822Z-task-0000610,detect.synthetic,2026-09-18T13:33:57.796773+00:00,2026-09-18T13:33:57.852782+00:00,1220.047,ubuntu-beta,ok,56.457,0,"{""debian-alpha"": 0.785, ""ubuntu-beta"": 0.960835}",{},2874,andy-VirtualBox,False
611,cnp_endurance_multivm_20260918T130822Z-task-0000611,correlate.synthetic,2026-09-18T13:33:59.809327+00:00,2026-09-18T13:33:59.861886+00:00,1222.063,ubuntu-beta,ok,52.683,0,"{""debian-alpha"": 0.791, ""ubuntu-beta"": 0.943565}",{},2874,andy-VirtualBox,False
612,cnp_endurance_multivm_20260918T130822Z-task-0000612,parse.synthetic,2026-09-18T13:34:01.802236+00:00,2026-09-18T13:34:01.858126+00:00,1224.063,debian-alpha,ok,56.632,0,"{""debian-alpha"": 0.982786, ""ubuntu-beta"": 0.809}",{},2875,andy,False
613,cnp_endurance_multivm_20260918T130822Z-task-0000613,route.synthetic,2026-09-18T13:34:03.799882+00:00,2026-09-18T13:34:03.853899+00:00,1226.047,ubuntu-beta,ok,53.807,0,"{""debian-alpha"": 0.863827, ""ubuntu-beta"": 0.978753}",{},2874,andy-VirtualBox,False
614,cnp_endurance_multivm_20260918T130822Z-task-0000614,detect.synthetic,2026-09-18T13:34:05.794413+00:00,2026-09-18T13:34:05.858672+00:00,1228.063,ubuntu-beta,ok,64.199,0,"{""debian-alpha"": 0.785, ""ubuntu-beta"": 0.960843}",{},2874,andy-VirtualBox,False
615,cnp_endurance_multivm_20260918T130822Z-task-0000615,correlate.synthetic,2026-09-18T13:34:07.797971+00:00,2026-09-18T13:34:07.857485+00:00,1230.063,ubuntu-beta,ok,59.681,0,"{""debian-alpha"": 0.791, ""ubuntu-beta"": 0.943575}",{},2874,andy-VirtualBox,False
616,cnp_endurance_multivm_20260918T130822Z-task-0000616,parse.synthetic,2026-09-18T13:34:09.799476+00:00,2026-09-18T13:34:09.857027+00:00,1232.063,debian-alpha,ok,57.259,0,"{""debian-alpha"": 0.982791, ""ubuntu-beta"": 0.809}",{},2875,andy,False
617,cnp_endurance_multivm_20260918T130822Z-task-0000617,route.synthetic,2026-09-18T13:34:11.797904+00:00,2026-09-18T13:34:11.859752+00:00,1234.063,ubuntu-beta,ok,62.056,0,"{""debian-alpha"": 0.863827, ""ubuntu-beta"": 0.978761}",{},2874,andy-VirtualBox,False
618,cnp_endurance_multivm_20260918T130822Z-task-0000618,detect.synthetic,2026-09-18T13:34:13.800165+00:00,2026-09-18T13:34:13.862743+00:00,1236.063,ubuntu-beta,ok,62.634,0,"{""debian-alpha"": 0.785, ""ubuntu-beta"": 0.960846}",{},2874,andy-VirtualBox,False
619,cnp_endurance_multivm_20260918T130822Z-task-0000619,correlate.synthetic,2026-09-18T13:34:15.803081+00:00,2026-09-18T13:34:15.865412+00:00,1238.063,ubuntu-beta,ok,62.801,0,"{""debian-alpha"": 0.791, ""ubuntu-beta"": 0.943582}",{},2874,andy-VirtualBox,False
620,cnp_endurance_multivm_20260918T130822Z-task-0000620,parse.synthetic,2026-09-18T13:34:17.806697+00:00,2026-09-18T13:34:17.856576+00:00,1240.047,debian-alpha,ok,50.045,0,"{""debian-alpha"": 0.982796, ""ubuntu-beta"": 0.809}",{},2875,andy,False
621,cnp_endurance_multivm_20260918T130822Z-task-0000621,route.synthetic,2026-09-18T13:34:19.797342+00:00,2026-09-18T13:34:19.863266+00:00,1242.063,ubuntu-beta,ok,66.143,0,"{""debian-alpha"": 0.863827, ""ubuntu-beta"": 0.978764}",{},2874,andy-VirtualBox,False
622,cnp_endurance_multivm_20260918T130822Z-task-0000622,detect.synthetic,2026-09-18T13:34:21.803222+00:00,2026-09-18T13:34:21.882290+00:00,1244.079,ubuntu-beta,ok,79.35,0,"{""debian-alpha"": 0.785, ""ubuntu-beta"": 0.960845}",{},2874,andy-VirtualBox,False
623,cnp_endurance_multivm_20260918T130822Z-task-0000623,correlate.synthetic,2026-09-18T13:34:23.810908+00:00,2026-09-18T13:34:23.978704+00:00,1246.172,ubuntu-beta,ok,167.492,0,"{""debian-alpha"": 0.791, ""ubuntu-beta"": 0.94358}",{},2874,andy-VirtualBox,False
624,cnp_endurance_multivm_20260918T130822Z-task-0000624,parse.synthetic,2026-09-18T13:34:25.810012+00:00,2026-09-18T13:34:25.861126+00:00,1248.063,debian-alpha,ok,51.153,0,"{""debian-alpha"": 0.982803, ""ubuntu-beta"": 0.809}",{},2875,andy,False
625,cnp_endurance_multivm_20260918T130822Z-task-0000625,route.synthetic,2026-09-18T13:34:27.801559+00:00,2026-09-18T13:34:27.878203+00:00,1250.079,ubuntu-beta,ok,76.42,0,"{""debian-alpha"": 0.863827, ""ubuntu-beta"": 0.978772}",{},2874,andy-VirtualBox,False
626,cnp_endurance_multivm_20260918T130822Z-task-0000626,detect.synthetic,2026-09-18T13:34:29.803370+00:00,2026-09-18T13:34:29.904265+00:00,1252.11,ubuntu-beta,ok,100.423,0,"{""debian-alpha"": 0.785, ""ubuntu-beta"": 0.96085}",{},2874,andy-VirtualBox,False
627,cnp_endurance_multivm_20260918T130822Z-task-0000627,correlate.synthetic,2026-09-18T13:34:31.796882+00:00,2026-09-18T13:34:31.846477+00:00,1254.047,ubuntu-beta,ok,49.787,0,"{""debian-alpha"": 0.791, ""ubuntu-beta"": 0.943589}",{},2874,andy-VirtualBox,False
628,cnp_endurance_multivm_20260918T130822Z-task-0000628,parse.synthetic,2026-09-18T13:34:33.809716+00:00,2026-09-18T13:34:33.864409+00:00,1256.063,debian-alpha,ok,54.835,0,"{""debian-alpha"": 0.982809, ""ubuntu-beta"": 0.809}",{},2875,andy,False
629,cnp_endurance_multivm_20260918T130822Z-task-0000629,route.synthetic,2026-09-18T13:34:35.805520+00:00,2026-09-18T13:34:35.860052+00:00,1258.063,ubuntu-beta,ok,54.638,0,"{""debian-alpha"": 0.863827, ""ubuntu-beta"": 0.978776}",{},2874,andy-VirtualBox,False
630,cnp_endurance_multivm_20260918T130822Z-task-0000630,detect.synthetic,2026-09-18T13:34:37.799758+00:00,2026-09-18T13:34:37.855204+00:00,1260.047,ubuntu-beta,ok,55.404,0,"{""debian-alpha"": 0.785, ""ubuntu-beta"": 0.960849}",{},2874,andy-VirtualBox,False
631,cnp_endurance_multivm_20260918T130822Z-task-0000631,correlate.synthetic,2026-09-18T13:34:39.795824+00:00,2026-09-18T13:34:39.863165+00:00,1262.063,ubuntu-beta,ok,67.168,0,"{""debian-alpha"": 0.791, ""ubuntu-beta"": 0.943617}",{},2874,andy-VirtualBox,False
632,cnp_endurance_multivm_20260918T130822Z-task-0000632,parse.synthetic,2026-09-18T13:34:41.809486+00:00,2026-09-18T13:34:41.862418+00:00,1264.063,debian-alpha,ok,52.955,0,"{""debian-alpha"": 0.982821, ""ubuntu-beta"": 0.809}",{},2875,andy,False
633,cnp_endurance_multivm_20260918T130822Z-task-0000633,route.synthetic,2026-09-18T13:34:43.802992+00:00,2026-09-18T13:34:43.856006+00:00,1266.047,ubuntu-beta,ok,53.023,0,"{""debian-alpha"": 0.863827, ""ubuntu-beta"": 0.978781}",{},2874,andy-VirtualBox,False
634,cnp_endurance_multivm_20260918T130822Z-task-0000634,detect.synthetic,2026-09-18T13:34:45.794869+00:00,2026-09-18T13:34:45.846607+00:00,1268.047,ubuntu-beta,ok,51.605,0,"{""debian-alpha"": 0.785, ""ubuntu-beta"": 0.960854}",{},2874,andy-VirtualBox,False
635,cnp_endurance_multivm_20260918T130822Z-task-0000635,correlate.synthetic,2026-09-18T13:34:47.802515+00:00,2026-09-18T13:34:47.866846+00:00,1270.063,ubuntu-beta,ok,64.148,0,"{""debian-alpha"": 0.791, ""ubuntu-beta"": 0.943618}",{},2874,andy-VirtualBox,False
636,cnp_endurance_multivm_20260918T130822Z-task-0000636,parse.synthetic,2026-09-18T13:34:49.809542+00:00,2026-09-18T13:34:49.866906+00:00,1272.063,debian-alpha,ok,57.573,0,"{""debian-alpha"": 0.982856, ""ubuntu-beta"": 0.809}",{},2875,andy,False
637,cnp_endurance_multivm_20260918T130822Z-task-0000637,route.synthetic,2026-09-18T13:34:51.807912+00:00,2026-09-18T13:34:51.859376+00:00,1274.063,ubuntu-beta,ok,51.812,0,"{""debian-alpha"": 0.863827, ""ubuntu-beta"": 0.978799}",{},2874,andy-VirtualBox,False
638,cnp_endurance_multivm_20260918T130822Z-task-0000638,detect.synthetic,2026-09-18T13:34:53.799563+00:00,2026-09-18T13:34:53.853896+00:00,1276.047,ubuntu-beta,ok,54.113,0,"{""debian-alpha"": 0.785, ""ubuntu-beta"": 0.961081}",{},2874,andy-VirtualBox,False
639,cnp_endurance_multivm_20260918T130822Z-task-0000639,correlate.synthetic,2026-09-18T13:34:55.794579+00:00,2026-09-18T13:34:55.844543+00:00,1278.047,ubuntu-beta,ok,50.257,0,"{""debian-alpha"": 0.791, ""ubuntu-beta"": 0.94368}",{},2874,andy-VirtualBox,False
640,cnp_endurance_multivm_20260918T130822Z-task-0000640,parse.synthetic,2026-09-18T13:34:57.801419+00:00,2026-09-18T13:34:57.849832+00:00,1280.047,debian-alpha,ok,48.409,0,"{""debian-alpha"": 0.982881, ""ubuntu-beta"": 0.809}",{},2875,andy,False
641,cnp_endurance_multivm_20260918T130822Z-task-0000641,route.synthetic,2026-09-18T13:34:59.806550+00:00,2026-09-18T13:34:59.859999+00:00,1282.063,ubuntu-beta,ok,53.823,0,"{""debian-alpha"": 0.863827, ""ubuntu-beta"": 0.978808}",{},2874,andy-VirtualBox,False
642,cnp_endurance_multivm_20260918T130822Z-task-0000642,detect.synthetic,2026-09-18T13:35:01.800256+00:00,2026-09-18T13:35:01.856000+00:00,1284.047,ubuntu-beta,ok,56.004,0,"{""debian-alpha"": 0.785, ""ubuntu-beta"": 0.96109}",{},2874,andy-VirtualBox,False
643,cnp_endurance_multivm_20260918T130822Z-task-0000643,correlate.synthetic,2026-09-18T13:35:03.796540+00:00,2026-09-18T13:35:03.855319+00:00,1286.047,ubuntu-beta,ok,58.743,0,"{""debian-alpha"": 0.791, ""ubuntu-beta"": 0.943709}",{},2874,andy-VirtualBox,False
644,cnp_endurance_multivm_20260918T130822Z-task-0000644,parse.synthetic,2026-09-18T13:35:05.795122+00:00,2026-09-18T13:35:05.842061+00:00,1288.047,debian-alpha,ok,46.891,0,"{""debian-alpha"": 0.982888, ""ubuntu-beta"": 0.809}",{},2875,andy,False
645,cnp_endurance_multivm_20260918T130822Z-task-0000645,route.synthetic,2026-09-18T13:35:07.797821+00:00,2026-09-18T13:35:07.852705+00:00,1290.047,ubuntu-beta,ok,54.785,0,"{""debian-alpha"": 0.863827, ""ubuntu-beta"": 0.978833}",{},2874,andy-VirtualBox,False
646,cnp_endurance_multivm_20260918T130822Z-task-0000646,detect.synthetic,2026-09-18T13:35:09.809705+00:00,2026-09-18T13:35:09.865196+00:00,1292.063,ubuntu-beta,ok,54.648,0,"{""debian-alpha"": 0.785, ""ubuntu-beta"": 0.961098}",{},2874,andy-VirtualBox,False
647,cnp_endurance_multivm_20260918T130822Z-task-0000647,correlate.synthetic,2026-09-18T13:35:11.805147+00:00,2026-09-18T13:35:11.851276+00:00,1294.047,ubuntu-beta,ok,46.313,0,"{""debian-alpha"": 0.791, ""ubuntu-beta"": 0.943715}",{},2874,andy-VirtualBox,False
648,cnp_endurance_multivm_20260918T130822Z-task-0000648,parse.synthetic,2026-09-18T13:35:13.808292+00:00,2026-09-18T13:35:13.854982+00:00,1296.047,debian-alpha,ok,47.027,0,"{""debian-alpha"": 0.982895, ""ubuntu-beta"": 0.809}",{},2875,andy,False
649,cnp_endurance_multivm_20260918T130822Z-task-0000649,route.synthetic,2026-09-18T13:35:15.795604+00:00,2026-09-18T13:35:15.847241+00:00,1298.047,ubuntu-beta,ok,51.679,0,"{""debian-alpha"": 0.863827, ""ubuntu-beta"": 0.978842}",{},2874,andy-VirtualBox,False
650,cnp_endurance_multivm_20260918T130822Z-task-0000650,detect.synthetic,2026-09-18T13:35:17.803643+00:00,2026-09-18T13:35:17.850269+00:00,1300.047,ubuntu-beta,ok,46.419,0,"{""debian-alpha"": 0.785, ""ubuntu-beta"": 0.961106}",{},2874,andy-VirtualBox,False
651,cnp_endurance_multivm_20260918T130822Z-task-0000651,correlate.synthetic,2026-09-18T13:35:19.806610+00:00,2026-09-18T13:35:19.852834+00:00,1302.047,ubuntu-beta,ok,46.686,0,"{""debian-alpha"": 0.791, ""ubuntu-beta"": 0.943725}",{},2874,andy-VirtualBox,False
652,cnp_endurance_multivm_20260918T130822Z-task-0000652,parse.synthetic,2026-09-18T13:35:21.794256+00:00,2026-09-18T13:35:21.834837+00:00,1304.032,debian-alpha,ok,40.865,0,"{""debian-alpha"": 0.982901, ""ubuntu-beta"": 0.809}",{},2875,andy,False
653,cnp_endurance_multivm_20260918T130822Z-task-0000653,route.synthetic,2026-09-18T13:35:23.807202+00:00,2026-09-18T13:35:23.859562+00:00,1306.063,ubuntu-beta,ok,52.681,0,"{""debian-alpha"": 0.863827, ""ubuntu-beta"": 0.978851}",{},2874,andy-VirtualBox,False
654,cnp_endurance_multivm_20260918T130822Z-task-0000654,detect.synthetic,2026-09-18T13:35:25.799852+00:00,2026-09-18T13:35:25.848647+00:00,1308.047,ubuntu-beta,ok,48.903,0,"{""debian-alpha"": 0.785, ""ubuntu-beta"": 0.961118}",{},2874,andy-VirtualBox,False
655,cnp_endurance_multivm_20260918T130822Z-task-0000655,correlate.synthetic,2026-09-18T13:35:27.805412+00:00,2026-09-18T13:35:27.851953+00:00,1310.047,ubuntu-beta,ok,46.941,0,"{""debian-alpha"": 0.791, ""ubuntu-beta"": 0.943735}",{},2874,andy-VirtualBox,False
656,cnp_endurance_multivm_20260918T130822Z-task-0000656,parse.synthetic,2026-09-18T13:35:29.805292+00:00,2026-09-18T13:35:29.912508+00:00,1312.11,debian-alpha,ok,107.24,0,"{""debian-alpha"": 0.982907, ""ubuntu-beta"": 0.809}",{},2875,andy,False
657,cnp_endurance_multivm_20260918T130822Z-task-0000657,route.synthetic,2026-09-18T13:35:31.807294+00:00,2026-09-18T13:35:31.871840+00:00,1314.063,ubuntu-beta,ok,64.405,0,"{""debian-alpha"": 0.863827, ""ubuntu-beta"": 0.978861}",{},2874,andy-VirtualBox,False
658,cnp_endurance_multivm_20260918T130822Z-task-0000658,detect.synthetic,2026-09-18T13:35:33.797798+00:00,2026-09-18T13:35:33.848943+00:00,1316.047,ubuntu-beta,ok,51.584,0,"{""debian-alpha"": 0.785, ""ubuntu-beta"": 0.961126}",{},2874,andy-VirtualBox,False
659,cnp_endurance_multivm_20260918T130822Z-task-0000659,correlate.synthetic,2026-09-18T13:35:35.805199+00:00,2026-09-18T13:35:35.856974+00:00,1318.063,ubuntu-beta,ok,51.688,0,"{""debian-alpha"": 0.791, ""ubuntu-beta"": 0.943742}",{},2874,andy-VirtualBox,False
660,cnp_endurance_multivm_20260918T130822Z-task-0000660,parse.synthetic,2026-09-18T13:35:37.796937+00:00,2026-09-18T13:35:37.852239+00:00,1320.047,debian-alpha,ok,55.151,0,"{""debian-alpha"": 0.982904, ""ubuntu-beta"": 0.809}",{},2875,andy,False
661,cnp_endurance_multivm_20260918T130822Z-task-0000661,route.synthetic,2026-09-18T13:35:39.809612+00:00,2026-09-18T13:35:39.885407+00:00,1322.079,ubuntu-beta,ok,74.327,0,"{""debian-alpha"": 0.863827, ""ubuntu-beta"": 0.978871}",{},2874,andy-VirtualBox,False
662,cnp_endurance_multivm_20260918T130822Z-task-0000662,detect.synthetic,2026-09-18T13:35:41.796658+00:00,2026-09-18T13:35:41.859122+00:00,1324.063,ubuntu-beta,ok,62.47,0,"{""debian-alpha"": 0.785, ""ubuntu-beta"": 0.961133}",{},2874,andy-VirtualBox,False
663,cnp_endurance_multivm_20260918T130822Z-task-0000663,correlate.synthetic,2026-09-18T13:35:43.797482+00:00,2026-09-18T13:35:43.866971+00:00,1326.063,ubuntu-beta,ok,70.228,0,"{""debian-alpha"": 0.791, ""ubuntu-beta"": 0.943751}",{},2874,andy-VirtualBox,False
664,cnp_endurance_multivm_20260918T130822Z-task-0000664,parse.synthetic,2026-09-18T13:35:45.809287+00:00,2026-09-18T13:35:45.869889+00:00,1328.063,debian-alpha,ok,60.824,0,"{""debian-alpha"": 0.98291, ""ubuntu-beta"": 0.809}",{},2875,andy,False
665,cnp_endurance_multivm_20260918T130822Z-task-0000665,route.synthetic,2026-09-18T13:35:47.794837+00:00,2026-09-18T13:35:47.867852+00:00,1330.063,ubuntu-beta,ok,72.92,0,"{""debian-alpha"": 0.863827, ""ubuntu-beta"": 0.978871}",{},2874,andy-VirtualBox,False
666,cnp_endurance_multivm_20260918T130822Z-task-0000666,detect.synthetic,2026-09-18T13:35:49.808848+00:00,2026-09-18T13:35:49.899648+00:00,1332.094,ubuntu-beta,ok,91.029,0,"{""debian-alpha"": 0.785, ""ubuntu-beta"": 0.961143}",{},2874,andy-VirtualBox,False
667,cnp_endurance_multivm_20260918T130822Z-task-0000667,correlate.synthetic,2026-09-18T13:35:51.808759+00:00,2026-09-18T13:35:51.854084+00:00,1334.047,ubuntu-beta,ok,45.953,0,"{""debian-alpha"": 0.791, ""ubuntu-beta"": 0.943802}",{},2874,andy-VirtualBox,False
668,cnp_endurance_multivm_20260918T130822Z-task-0000668,parse.synthetic,2026-09-18T13:35:53.795743+00:00,2026-09-18T13:35:53.841260+00:00,1336.047,debian-alpha,ok,46.174,0,"{""debian-alpha"": 0.98291, ""ubuntu-beta"": 0.809}",{},2875,andy,False
669,cnp_endurance_multivm_20260918T130822Z-task-0000669,route.synthetic,2026-09-18T13:35:55.803156+00:00,2026-09-18T13:35:55.882641+00:00,1338.079,ubuntu-beta,ok,79.318,0,"{""debian-alpha"": 0.863827, ""ubuntu-beta"": 0.978876}",{},2874,andy-VirtualBox,False
670,cnp_endurance_multivm_20260918T130822Z-task-0000670,detect.synthetic,2026-09-18T13:35:57.807350+00:00,2026-09-18T13:35:57.861588+00:00,1340.063,ubuntu-beta,ok,54.375,0,"{""debian-alpha"": 0.785, ""ubuntu-beta"": 0.961143}",{},2874,andy-VirtualBox,False
671,cnp_endurance_multivm_20260918T130822Z-task-0000671,correlate.synthetic,2026-09-18T13:35:59.802942+00:00,2026-09-18T13:35:59.859053+00:00,1342.063,ubuntu-beta,ok,56.483,0,"{""debian-alpha"": 0.791, ""ubuntu-beta"": 0.94381}",{},2874,andy-VirtualBox,False
672,cnp_endurance_multivm_20260918T130822Z-task-0000672,parse.synthetic,2026-09-18T13:36:01.799637+00:00,2026-09-18T13:36:01.851803+00:00,1344.047,debian-alpha,ok,52.348,0,"{""debian-alpha"": 0.982919, ""ubuntu-beta"": 0.809}",{},2875,andy,False
673,cnp_endurance_multivm_20260918T130822Z-task-0000673,route.synthetic,2026-09-18T13:36:03.799182+00:00,2026-09-18T13:36:03.851889+00:00,1346.047,ubuntu-beta,ok,52.674,0,"{""debian-alpha"": 0.863827, ""ubuntu-beta"": 0.97888}",{},2874,andy-VirtualBox,False
674,cnp_endurance_multivm_20260918T130822Z-task-0000674,detect.synthetic,2026-09-18T13:36:05.808758+00:00,2026-09-18T13:36:05.861065+00:00,1348.063,ubuntu-beta,ok,52.718,0,"{""debian-alpha"": 0.785, ""ubuntu-beta"": 0.961157}",{},2874,andy-VirtualBox,False
675,cnp_endurance_multivm_20260918T130822Z-task-0000675,correlate.synthetic,2026-09-18T13:36:07.801412+00:00,2026-09-18T13:36:07.858467+00:00,1350.063,ubuntu-beta,ok,57.066,0,"{""debian-alpha"": 0.791, ""ubuntu-beta"": 0.943817}",{},2874,andy-VirtualBox,False
676,cnp_endurance_multivm_20260918T130822Z-task-0000676,parse.synthetic,2026-09-18T13:36:09.798237+00:00,2026-09-18T13:36:09.849182+00:00,1352.047,debian-alpha,ok,51.005,0,"{""debian-alpha"": 0.982929, ""ubuntu-beta"": 0.809}",{},2875,andy,False
677,cnp_endurance_multivm_20260918T130822Z-task-0000677,route.synthetic,2026-09-18T13:36:11.805260+00:00,2026-09-18T13:36:11.854579+00:00,1354.047,ubuntu-beta,ok,49.829,0,"{""debian-alpha"": 0.863827, ""ubuntu-beta"": 0.978924}",{},2874,andy-VirtualBox,False
678,cnp_endurance_multivm_20260918T130822Z-task-0000678,detect.synthetic,2026-09-18T13:36:13.795131+00:00,2026-09-18T13:36:13.845471+00:00,1356.047,ubuntu-beta,ok,50.362,0,"{""debian-alpha"": 0.785, ""ubuntu-beta"": 0.961165}",{},2874,andy-VirtualBox,False
679,cnp_endurance_multivm_20260918T130822Z-task-0000679,correlate.synthetic,2026-09-18T13:36:15.801575+00:00,2026-09-18T13:36:15.852863+00:00,1358.047,ubuntu-beta,ok,51.331,0,"{""debian-alpha"": 0.791, ""ubuntu-beta"": 0.943829}",{},2874,andy-VirtualBox,False
680,cnp_endurance_multivm_20260918T130822Z-task-0000680,parse.synthetic,2026-09-18T13:36:17.809667+00:00,2026-09-18T13:36:17.851283+00:00,1360.047,debian-alpha,ok,42.032,0,"{""debian-alpha"": 0.982937, ""ubuntu-beta"": 0.809}",{},2875,andy,False
681,cnp_endurance_multivm_20260918T130822Z-task-0000681,route.synthetic,2026-09-18T13:36:19.806701+00:00,2026-09-18T13:36:19.883977+00:00,1362.079,ubuntu-beta,ok,77.544,0,"{""debian-alpha"": 0.863827, ""ubuntu-beta"": 0.978931}",{},2874,andy-VirtualBox,False
682,cnp_endurance_multivm_20260918T130822Z-task-0000682,detect.synthetic,2026-09-18T13:36:21.803940+00:00,2026-09-18T13:36:21.887988+00:00,1364.094,ubuntu-beta,ok,83.846,0,"{""debian-alpha"": 0.785, ""ubuntu-beta"": 0.961178}",{},2874,andy-VirtualBox,False
683,cnp_endurance_multivm_20260918T130822Z-task-0000683,correlate.synthetic,2026-09-18T13:36:23.797775+00:00,2026-09-18T13:36:23.852366+00:00,1366.047,ubuntu-beta,ok,54.833,0,"{""debian-alpha"": 0.791, ""ubuntu-beta"": 0.943836}",{},2874,andy-VirtualBox,False
684,cnp_endurance_multivm_20260918T130822Z-task-0000684,parse.synthetic,2026-09-18T13:36:25.808699+00:00,2026-09-18T13:36:25.852508+00:00,1368.047,debian-alpha,ok,43.629,0,"{""debian-alpha"": 0.982945, ""ubuntu-beta"": 0.809}",{},2875,andy,False
685,cnp_endurance_multivm_20260918T130822Z-task-0000685,route.synthetic,2026-09-18T13:36:27.808670+00:00,2026-09-18T13:36:27.862836+00:00,1370.063,ubuntu-beta,ok,53.891,0,"{""debian-alpha"": 0.863827, ""ubuntu-beta"": 0.978932}",{},2874,andy-VirtualBox,False
686,cnp_endurance_multivm_20260918T130822Z-task-0000686,detect.synthetic,2026-09-18T13:36:29.802471+00:00,2026-09-18T13:36:29.879600+00:00,1372.079,ubuntu-beta,ok,77.322,0,"{""debian-alpha"": 0.785, ""ubuntu-beta"": 0.961179}",{},2874,andy-VirtualBox,False
687,cnp_endurance_multivm_20260918T130822Z-task-0000687,correlate.synthetic,2026-09-18T13:36:31.804278+00:00,2026-09-18T13:36:31.880706+00:00,1374.079,ubuntu-beta,ok,76.108,0,"{""debian-alpha"": 0.791, ""ubuntu-beta"": 0.943848}",{},2874,andy-VirtualBox,False
688,cnp_endurance_multivm_20260918T130822Z-task-0000688,parse.synthetic,2026-09-18T13:36:33.805591+00:00,2026-09-18T13:36:33.869006+00:00,1376.063,debian-alpha,ok,63.407,0,"{""debian-alpha"": 0.982964, ""ubuntu-beta"": 0.809}",{},2875,andy,False
689,cnp_endurance_multivm_20260918T130822Z-task-0000689,route.synthetic,2026-09-18T13:36:35.809675+00:00,2026-09-18T13:36:35.869144+00:00,1378.063,ubuntu-beta,ok,59.77,0,"{""debian-alpha"": 0.863827, ""ubuntu-beta"": 0.978947}",{},2874,andy-VirtualBox,False
690,cnp_endurance_multivm_20260918T130822Z-task-0000690,detect.synthetic,2026-09-18T13:36:37.796650+00:00,2026-09-18T13:36:37.854736+00:00,1380.047,ubuntu-beta,ok,58.164,0,"{""debian-alpha"": 0.785, ""ubuntu-beta"": 0.961185}",{},2874,andy-VirtualBox,False
691,cnp_endurance_multivm_20260918T130822Z-task-0000691,correlate.synthetic,2026-09-18T13:36:39.798226+00:00,2026-09-18T13:36:39.865221+00:00,1382.063,ubuntu-beta,ok,66.99,0,"{""debian-alpha"": 0.791, ""ubuntu-beta"": 0.943851}",{},2874,andy-VirtualBox,False
692,cnp_endurance_multivm_20260918T130822Z-task-0000692,parse.synthetic,2026-09-18T13:36:41.806007+00:00,2026-09-18T13:36:41.852457+00:00,1384.047,debian-alpha,ok,46.421,0,"{""debian-alpha"": 0.982963, ""ubuntu-beta"": 0.809}",{},2875,andy,False
693,cnp_endurance_multivm_20260918T130822Z-task-0000693,route.synthetic,2026-09-18T13:36:43.808961+00:00,2026-09-18T13:36:43.859875+00:00,1386.063,ubuntu-beta,ok,50.765,0,"{""debian-alpha"": 0.863827, ""ubuntu-beta"": 0.978951}",{},2874,andy-VirtualBox,False
694,cnp_endurance_multivm_20260918T130822Z-task-0000694,detect.synthetic,2026-09-18T13:36:45.799723+00:00,2026-09-18T13:36:45.850896+00:00,1388.047,ubuntu-beta,ok,51.372,0,"{""debian-alpha"": 0.785, ""ubuntu-beta"": 0.961193}",{},2874,andy-VirtualBox,False
695,cnp_endurance_multivm_20260918T130822Z-task-0000695,correlate.synthetic,2026-09-18T13:36:47.807077+00:00,2026-09-18T13:36:47.854330+00:00,1390.047,ubuntu-beta,ok,47.279,0,"{""debian-alpha"": 0.791, ""ubuntu-beta"": 0.94386}",{},2874,andy-VirtualBox,False
696,cnp_endurance_multivm_20260918T130822Z-task-0000696,parse.synthetic,2026-09-18T13:36:49.795363+00:00,2026-09-18T13:36:49.927991+00:00,1392.125,debian-alpha,ok,132.994,0,"{""debian-alpha"": 0.982972, ""ubuntu-beta"": 0.809}",{},2875,andy,False
697,cnp_endurance_multivm_20260918T130822Z-task-0000697,route.synthetic,2026-09-18T13:36:51.806197+00:00,2026-09-18T13:36:51.860128+00:00,1394.063,ubuntu-beta,ok,53.936,0,"{""debian-alpha"": 0.863827, ""ubuntu-beta"": 0.978969}",{},2874,andy-VirtualBox,False
698,cnp_endurance_multivm_20260918T130822Z-task-0000698,detect.synthetic,2026-09-18T13:36:53.800616+00:00,2026-09-18T13:36:53.930725+00:00,1396.125,ubuntu-beta,ok,131.362,0,"{""debian-alpha"": 0.785, ""ubuntu-beta"": 0.961205}",{},2874,andy-VirtualBox,False
699,cnp_endurance_multivm_20260918T130822Z-task-0000699,correlate.synthetic,2026-09-18T13:36:55.794499+00:00,2026-09-18T13:36:55.843758+00:00,1398.047,ubuntu-beta,ok,49.143,0,"{""debian-alpha"": 0.791, ""ubuntu-beta"": 0.943871}",{},2874,andy-VirtualBox,False
700,cnp_endurance_multivm_20260918T130822Z-task-0000700,parse.synthetic,2026-09-18T13:36:57.799582+00:00,2026-09-18T13:36:57.853315+00:00,1400.047,debian-alpha,ok,53.975,0,"{""debian-alpha"": 0.98293, ""ubuntu-beta"": 0.809}",{},2875,andy,False
701,cnp_endurance_multivm_20260918T130822Z-task-0000701,route.synthetic,2026-09-18T13:36:59.810027+00:00,2026-09-18T13:36:59.869762+00:00,1402.063,ubuntu-beta,ok,60.1,0,"{""debian-alpha"": 0.863827, ""ubuntu-beta"": 0.978983}",{},2874,andy-VirtualBox,False
702,cnp_endurance_multivm_20260918T130822Z-task-0000702,detect.synthetic,2026-09-18T13:37:01.794574+00:00,2026-09-18T13:37:01.841282+00:00,1404.047,ubuntu-beta,ok,46.458,0,"{""debian-alpha"": 0.785, ""ubuntu-beta"": 0.961197}",{},2874,andy-VirtualBox,False
703,cnp_endurance_multivm_20260918T130822Z-task-0000703,correlate.synthetic,2026-09-18T13:37:03.797663+00:00,2026-09-18T13:37:03.851187+00:00,1406.047,ubuntu-beta,ok,53.826,0,"{""debian-alpha"": 0.791, ""ubuntu-beta"": 0.943882}",{},2874,andy-VirtualBox,False
704,cnp_endurance_multivm_20260918T130822Z-task-0000704,parse.synthetic,2026-09-18T13:37:05.807624+00:00,2026-09-18T13:37:05.848735+00:00,1408.047,debian-alpha,ok,41.472,0,"{""debian-alpha"": 0.982968, ""ubuntu-beta"": 0.809}",{},2875,andy,False
705,cnp_endurance_multivm_20260918T130822Z-task-0000705,route.synthetic,2026-09-18T13:37:07.805292+00:00,2026-09-18T13:37:07.854717+00:00,1410.047,ubuntu-beta,ok,49.568,0,"{""debian-alpha"": 0.863827, ""ubuntu-beta"": 0.985602}",{},2874,andy-VirtualBox,False
706,cnp_endurance_multivm_20260918T130822Z-task-0000706,detect.synthetic,2026-09-18T13:37:09.795538+00:00,2026-09-18T13:37:09.877288+00:00,1412.079,ubuntu-beta,ok,80.509,0,"{""debian-alpha"": 0.785, ""ubuntu-beta"": 0.961607}",{},2874,andy-VirtualBox,False
707,cnp_endurance_multivm_20260918T130822Z-task-0000707,correlate.synthetic,2026-09-18T13:37:11.802089+00:00,2026-09-18T13:37:11.849188+00:00,1414.047,ubuntu-beta,ok,47.247,0,"{""debian-alpha"": 0.791, ""ubuntu-beta"": 0.943977}",{},2874,andy-VirtualBox,False
708,cnp_endurance_multivm_20260918T130822Z-task-0000708,parse.synthetic,2026-09-18T13:37:13.805878+00:00,2026-09-18T13:37:13.854168+00:00,1416.047,debian-alpha,ok,48.522,0,"{""debian-alpha"": 0.983053, ""ubuntu-beta"": 0.809}",{},2875,andy,False
709,cnp_endurance_multivm_20260918T130822Z-task-0000709,route.synthetic,2026-09-18T13:37:15.794789+00:00,2026-09-18T13:37:15.846994+00:00,1418.047,ubuntu-beta,ok,52.37,0,"{""debian-alpha"": 0.863827, ""ubuntu-beta"": 0.985928}",{},2874,andy-VirtualBox,False
710,cnp_endurance_multivm_20260918T130822Z-task-0000710,detect.synthetic,2026-09-18T13:37:17.802755+00:00,2026-09-18T13:37:17.861172+00:00,1420.063,ubuntu-beta,ok,58.706,0,"{""debian-alpha"": 0.785, ""ubuntu-beta"": 0.961876}",{},2874,andy-VirtualBox,False
711,cnp_endurance_multivm_20260918T130822Z-task-0000711,correlate.synthetic,2026-09-18T13:37:19.801169+00:00,2026-09-18T13:37:19.862112+00:00,1422.063,ubuntu-beta,ok,61.13,0,"{""debian-alpha"": 0.791, ""ubuntu-beta"": 0.944058}",{},2874,andy-VirtualBox,False
712,cnp_endurance_multivm_20260918T130822Z-task-0000712,parse.synthetic,2026-09-18T13:37:21.802643+00:00,2026-09-18T13:37:21.850403+00:00,1424.047,debian-alpha,ok,47.852,0,"{""debian-alpha"": 0.983083, ""ubuntu-beta"": 0.809}",{},2875,andy,False
713,cnp_endurance_multivm_20260918T130822Z-task-0000713,route.synthetic,2026-09-18T13:37:23.806969+00:00,2026-09-18T13:37:23.857953+00:00,1426.063,ubuntu-beta,ok,51.223,0,"{""debian-alpha"": 0.863827, ""ubuntu-beta"": 0.986042}",{},2874,andy-VirtualBox,False
714,cnp_endurance_multivm_20260918T130822Z-task-0000714,detect.synthetic,2026-09-18T13:37:25.799335+00:00,2026-09-18T13:37:25.849830+00:00,1428.047,ubuntu-beta,ok,50.378,0,"{""debian-alpha"": 0.785, ""ubuntu-beta"": 0.962028}",{},2874,andy-VirtualBox,False
715,cnp_endurance_multivm_20260918T130822Z-task-0000715,correlate.synthetic,2026-09-18T13:37:27.807549+00:00,2026-09-18T13:37:27.856150+00:00,1430.047,ubuntu-beta,ok,48.453,0,"{""debian-alpha"": 0.791, ""ubuntu-beta"": 0.944134}",{},2874,andy-VirtualBox,False
716,cnp_endurance_multivm_20260918T130822Z-task-0000716,parse.synthetic,2026-09-18T13:37:29.805211+00:00,2026-09-18T13:37:29.962212+00:00,1432.157,debian-alpha,ok,156.541,0,"{""debian-alpha"": 0.983125, ""ubuntu-beta"": 0.809}",{},2875,andy,False
717,cnp_endurance_multivm_20260918T130822Z-task-0000717,route.synthetic,2026-09-18T13:37:31.800641+00:00,2026-09-18T13:37:31.866998+00:00,1434.063,ubuntu-beta,ok,67.105,0,"{""debian-alpha"": 0.863827, ""ubuntu-beta"": 0.986098}",{},2874,andy-VirtualBox,False
718,cnp_endurance_multivm_20260918T130822Z-task-0000718,detect.synthetic,2026-09-18T13:37:33.807096+00:00,2026-09-18T13:37:33.868698+00:00,1436.063,ubuntu-beta,ok,61.591,0,"{""debian-alpha"": 0.785, ""ubuntu-beta"": 0.962054}",{},2874,andy-VirtualBox,False
719,cnp_endurance_multivm_20260918T130822Z-task-0000719,correlate.synthetic,2026-09-18T13:37:35.808080+00:00,2026-09-18T13:37:35.874629+00:00,1438.079,ubuntu-beta,ok,66.911,0,"{""debian-alpha"": 0.791, ""ubuntu-beta"": 0.944172}",{},2874,andy-VirtualBox,False
720,cnp_endurance_multivm_20260918T130822Z-task-0000720,parse.synthetic,2026-09-18T13:37:37.801220+00:00,2026-09-18T13:37:37.860492+00:00,1440.063,debian-alpha,ok,59.651,0,"{""debian-alpha"": 0.983116, ""ubuntu-beta"": 0.809}",{},2875,andy,False
721,cnp_endurance_multivm_20260918T130822Z-task-0000721,route.synthetic,2026-09-18T13:37:39.802457+00:00,2026-09-18T13:37:39.909043+00:00,1442.11,ubuntu-beta,ok,105.202,0,"{""debian-alpha"": 0.863827, ""ubuntu-beta"": 0.986107}",{},2874,andy-VirtualBox,False
722,cnp_endurance_multivm_20260918T130822Z-task-0000722,detect.synthetic,2026-09-18T13:37:41.802282+00:00,2026-09-18T13:37:41.860046+00:00,1444.063,ubuntu-beta,ok,57.842,0,"{""debian-alpha"": 0.785, ""ubuntu-beta"": 0.962057}",{},2874,andy-VirtualBox,False
723,cnp_endurance_multivm_20260918T130822Z-task-0000723,correlate.synthetic,2026-09-18T13:37:43.799880+00:00,2026-09-18T13:37:43.867495+00:00,1446.063,ubuntu-beta,ok,67.696,0,"{""debian-alpha"": 0.791, ""ubuntu-beta"": 0.944176}",{},2874,andy-VirtualBox,False
724,cnp_endurance_multivm_20260918T130822Z-task-0000724,parse.synthetic,2026-09-18T13:37:45.808603+00:00,2026-09-18T13:37:45.854806+00:00,1448.047,debian-alpha,ok,46.194,0,"{""debian-alpha"": 0.983126, ""ubuntu-beta"": 0.809}",{},2875,andy,False
725,cnp_endurance_multivm_20260918T130822Z-task-0000725,route.synthetic,2026-09-18T13:37:47.795374+00:00,2026-09-18T13:37:47.848398+00:00,1450.047,ubuntu-beta,ok,53.002,0,"{""debian-alpha"": 0.863827, ""ubuntu-beta"": 0.986107}",{},2874,andy-VirtualBox,False
726,cnp_endurance_multivm_20260918T130822Z-task-0000726,detect.synthetic,2026-09-18T13:37:49.804805+00:00,2026-09-18T13:37:49.862724+00:00,1452.063,ubuntu-beta,ok,58.14,0,"{""debian-alpha"": 0.785, ""ubuntu-beta"": 0.962065}",{},2874,andy-VirtualBox,False
727,cnp_endurance_multivm_20260918T130822Z-task-0000727,correlate.synthetic,2026-09-18T13:37:51.804062+00:00,2026-09-18T13:37:51.855144+00:00,1454.047,ubuntu-beta,ok,51.367,0,"{""debian-alpha"": 0.791, ""ubuntu-beta"": 0.944181}",{},2874,andy-VirtualBox,False
728,cnp_endurance_multivm_20260918T130822Z-task-0000728,parse.synthetic,2026-09-18T13:37:53.795412+00:00,2026-09-18T13:37:53.913566+00:00,1456.11,debian-alpha,ok,117.449,0,"{""debian-alpha"": 0.983136, ""ubuntu-beta"": 0.809}",{},2875,andy,False
729,cnp_endurance_multivm_20260918T130822Z-task-0000729,route.synthetic,2026-09-18T13:37:55.807002+00:00,2026-09-18T13:37:55.857196+00:00,1458.063,ubuntu-beta,ok,50.39,0,"{""debian-alpha"": 0.863827, ""ubuntu-beta"": 0.98613}",{},2874,andy-VirtualBox,False
730,cnp_endurance_multivm_20260918T130822Z-task-0000730,detect.synthetic,2026-09-18T13:37:57.798860+00:00,2026-09-18T13:37:57.854411+00:00,1460.047,ubuntu-beta,ok,55.971,0,"{""debian-alpha"": 0.785, ""ubuntu-beta"": 0.962092}",{},2874,andy-VirtualBox,False
731,cnp_endurance_multivm_20260918T130822Z-task-0000731,correlate.synthetic,2026-09-18T13:37:59.795777+00:00,2026-09-18T13:37:59.868655+00:00,1462.063,ubuntu-beta,ok,73.086,0,"{""debian-alpha"": 0.791, ""ubuntu-beta"": 0.944195}",{},2874,andy-VirtualBox,False
732,cnp_endurance_multivm_20260918T130822Z-task-0000732,parse.synthetic,2026-09-18T13:38:01.809329+00:00,2026-09-18T13:38:01.858401+00:00,1464.063,debian-alpha,ok,48.847,0,"{""debian-alpha"": 0.983128, ""ubuntu-beta"": 0.809}",{},2875,andy,False
733,cnp_endurance_multivm_20260918T130822Z-task-0000733,route.synthetic,2026-09-18T13:38:03.799228+00:00,2026-09-18T13:38:03.853646+00:00,1466.047,ubuntu-beta,ok,54.608,0,"{""debian-alpha"": 0.863827, ""ubuntu-beta"": 0.986143}",{},2874,andy-VirtualBox,False
734,cnp_endurance_multivm_20260918T130822Z-task-0000734,detect.synthetic,2026-09-18T13:38:05.809501+00:00,2026-09-18T13:38:05.859271+00:00,1468.063,ubuntu-beta,ok,49.815,0,"{""debian-alpha"": 0.785, ""ubuntu-beta"": 0.962099}",{},2874,andy-VirtualBox,False
735,cnp_endurance_multivm_20260918T130822Z-task-0000735,correlate.synthetic,2026-09-18T13:38:07.800764+00:00,2026-09-18T13:38:07.871559+00:00,1470.063,ubuntu-beta,ok,70.582,0,"{""debian-alpha"": 0.791, ""ubuntu-beta"": 0.944206}",{},2874,andy-VirtualBox,False
736,cnp_endurance_multivm_20260918T130822Z-task-0000736,parse.synthetic,2026-09-18T13:38:09.795964+00:00,2026-09-18T13:38:09.858007+00:00,1472.063,debian-alpha,ok,61.99,0,"{""debian-alpha"": 0.983139, ""ubuntu-beta"": 0.809}",{},2875,andy,False
737,cnp_endurance_multivm_20260918T130822Z-task-0000737,route.synthetic,2026-09-18T13:38:11.798899+00:00,2026-09-18T13:38:11.866271+00:00,1474.063,ubuntu-beta,ok,67.566,0,"{""debian-alpha"": 0.863827, ""ubuntu-beta"": 0.986151}",{},2874,andy-VirtualBox,False
738,cnp_endurance_multivm_20260918T130822Z-task-0000738,detect.synthetic,2026-09-18T13:38:13.806749+00:00,2026-09-18T13:38:13.857970+00:00,1476.063,ubuntu-beta,ok,51.185,0,"{""debian-alpha"": 0.785, ""ubuntu-beta"": 0.96211}",{},2874,andy-VirtualBox,False
739,cnp_endurance_multivm_20260918T130822Z-task-0000739,correlate.synthetic,2026-09-18T13:38:15.799297+00:00,2026-09-18T13:38:15.850436+00:00,1478.047,ubuntu-beta,ok,51.204,0,"{""debian-alpha"": 0.791, ""ubuntu-beta"": 0.944221}",{},2874,andy-VirtualBox,False
740,cnp_endurance_multivm_20260918T130822Z-task-0000740,parse.synthetic,2026-09-18T13:38:17.806724+00:00,2026-09-18T13:38:17.859131+00:00,1480.063,debian-alpha,ok,52.332,0,"{""debian-alpha"": 0.983152, ""ubuntu-beta"": 0.809}",{},2875,andy,False
741,cnp_endurance_multivm_20260918T130822Z-task-0000741,route.synthetic,2026-09-18T13:38:19.800221+00:00,2026-09-18T13:38:19.864258+00:00,1482.063,ubuntu-beta,ok,64.08,0,"{""debian-alpha"": 0.863827, ""ubuntu-beta"": 0.986186}",{},2874,andy-VirtualBox,False
742,cnp_endurance_multivm_20260918T130822Z-task-0000742,detect.synthetic,2026-09-18T13:38:21.804442+00:00,2026-09-18T13:38:21.854770+00:00,1484.047,ubuntu-beta,ok,50.382,0,"{""debian-alpha"": 0.785, ""ubuntu-beta"": 0.962119}",{},2874,andy-VirtualBox,False
743,cnp_endurance_multivm_20260918T130822Z-task-0000743,correlate.synthetic,2026-09-18T13:38:23.795166+00:00,2026-09-18T13:38:23.868708+00:00,1486.063,ubuntu-beta,ok,73.39,0,"{""debian-alpha"": 0.791, ""ubuntu-beta"": 0.94423}",{},2874,andy-VirtualBox,False
744,cnp_endurance_multivm_20260918T130822Z-task-0000744,parse.synthetic,2026-09-18T13:38:25.809076+00:00,2026-09-18T13:38:25.860821+00:00,1488.063,debian-alpha,ok,52.027,0,"{""debian-alpha"": 0.983157, ""ubuntu-beta"": 0.809}",{},2875,andy,False
745,cnp_endurance_multivm_20260918T130822Z-task-0000745,route.synthetic,2026-09-18T13:38:27.802109+00:00,2026-09-18T13:38:27.852162+00:00,1490.047,ubuntu-beta,ok,50.247,0,"{""debian-alpha"": 0.863827, ""ubuntu-beta"": 0.986188}",{},2874,andy-VirtualBox,False
746,cnp_endurance_multivm_20260918T130822Z-task-0000746,detect.synthetic,2026-09-18T13:38:29.808450+00:00,2026-09-18T13:38:29.871409+00:00,1492.063,ubuntu-beta,ok,63.299,0,"{""debian-alpha"": 0.785, ""ubuntu-beta"": 0.962129}",{},2874,andy-VirtualBox,False
747,cnp_endurance_multivm_20260918T130822Z-task-0000747,correlate.synthetic,2026-09-18T13:38:31.796531+00:00,2026-09-18T13:38:31.853276+00:00,1494.047,ubuntu-beta,ok,56.687,0,"{""debian-alpha"": 0.791, ""ubuntu-beta"": 0.944233}",{},2874,andy-VirtualBox,False
748,cnp_endurance_multivm_20260918T130822Z-task-0000748,parse.synthetic,2026-09-18T13:38:33.809614+00:00,2026-09-18T13:38:33.869271+00:00,1496.063,debian-alpha,ok,59.587,0,"{""debian-alpha"": 0.983163, ""ubuntu-beta"": 0.809}",{},2875,andy,False
749,cnp_endurance_multivm_20260918T130822Z-task-0000749,route.synthetic,2026-09-18T13:38:35.809447+00:00,2026-09-18T13:38:35.870763+00:00,1498.063,ubuntu-beta,ok,61.29,0,"{""debian-alpha"": 0.863827, ""ubuntu-beta"": 0.986195}",{},2874,andy-VirtualBox,False
750,cnp_endurance_multivm_20260918T130822Z-task-0000750,detect.synthetic,2026-09-18T13:38:37.797101+00:00,2026-09-18T13:38:37.860854+00:00,1500.063,ubuntu-beta,ok,63.808,0,"{""debian-alpha"": 0.785, ""ubuntu-beta"": 0.962144}",{},2874,andy-VirtualBox,False
751,cnp_endurance_multivm_20260918T130822Z-task-0000751,correlate.synthetic,2026-09-18T13:38:39.801603+00:00,2026-09-18T13:38:39.900056+00:00,1502.094,ubuntu-beta,ok,98.698,0,"{""debian-alpha"": 0.791, ""ubuntu-beta"": 0.94424}",{},2874,andy-VirtualBox,False
752,cnp_endurance_multivm_20260918T130822Z-task-0000752,parse.synthetic,2026-09-18T13:38:41.809413+00:00,2026-09-18T13:38:41.858164+00:00,1504.063,debian-alpha,ok,49.056,0,"{""debian-alpha"": 0.983167, ""ubuntu-beta"": 0.809}",{},2875,andy,False
753,cnp_endurance_multivm_20260918T130822Z-task-0000753,route.synthetic,2026-09-18T13:38:43.799044+00:00,2026-09-18T13:38:43.851568+00:00,1506.047,ubuntu-beta,ok,52.81,0,"{""debian-alpha"": 0.863827, ""ubuntu-beta"": 0.986198}",{},2874,andy-VirtualBox,False
754,cnp_endurance_multivm_20260918T130822Z-task-0000754,detect.synthetic,2026-09-18T13:38:45.807674+00:00,2026-09-18T13:38:45.857878+00:00,1508.063,ubuntu-beta,ok,50.183,0,"{""debian-alpha"": 0.785, ""ubuntu-beta"": 0.962148}",{},2874,andy-VirtualBox,False
755,cnp_endurance_multivm_20260918T130822Z-task-0000755,correlate.synthetic,2026-09-18T13:38:47.798278+00:00,2026-09-18T13:38:47.849136+00:00,1510.047,ubuntu-beta,ok,50.54,0,"{""debian-alpha"": 0.791, ""ubuntu-beta"": 0.944233}",{},2874,andy-VirtualBox,False
756,cnp_endurance_multivm_20260918T130822Z-task-0000756,parse.synthetic,2026-09-18T13:38:49.805174+00:00,2026-09-18T13:38:49.872337+00:00,1512.079,debian-alpha,ok,66.975,0,"{""debian-alpha"": 0.983172, ""ubuntu-beta"": 0.809}",{},2875,andy,False
757,cnp_endurance_multivm_20260918T130822Z-task-0000757,route.synthetic,2026-09-18T13:38:51.796034+00:00,2026-09-18T13:38:51.856349+00:00,1514.047,ubuntu-beta,ok,60.462,0,"{""debian-alpha"": 0.863827, ""ubuntu-beta"": 0.986215}",{},2874,andy-VirtualBox,False
758,cnp_endurance_multivm_20260918T130822Z-task-0000758,detect.synthetic,2026-09-18T13:38:53.796440+00:00,2026-09-18T13:38:53.845793+00:00,1516.047,ubuntu-beta,ok,49.735,0,"{""debian-alpha"": 0.785, ""ubuntu-beta"": 0.962158}",{},2874,andy-VirtualBox,False
759,cnp_endurance_multivm_20260918T130822Z-task-0000759,correlate.synthetic,2026-09-18T13:38:55.803246+00:00,2026-09-18T13:38:55.859700+00:00,1518.063,ubuntu-beta,ok,56.781,0,"{""debian-alpha"": 0.791, ""ubuntu-beta"": 0.944241}",{},2874,andy-VirtualBox,False
760,cnp_endurance_multivm_20260918T130822Z-task-0000760,parse.synthetic,2026-09-18T13:38:57.800808+00:00,2026-09-18T13:38:57.857691+00:00,1520.063,debian-alpha,ok,56.811,0,"{""debian-alpha"": 0.983181, ""ubuntu-beta"": 0.809}",{},2875,andy,False
761,cnp_endurance_multivm_20260918T130822Z-task-0000761,route.synthetic,2026-09-18T13:38:59.797910+00:00,2026-09-18T13:38:59.881910+00:00,1522.079,ubuntu-beta,ok,83.54,0,"{""debian-alpha"": 0.863827, ""ubuntu-beta"": 0.986221}",{},2874,andy-VirtualBox,False
762,cnp_endurance_multivm_20260918T130822Z-task-0000762,detect.synthetic,2026-09-18T13:39:01.806230+00:00,2026-09-18T13:39:01.858686+00:00,1524.063,ubuntu-beta,ok,52.626,0,"{""debian-alpha"": 0.785, ""ubuntu-beta"": 0.962165}",{},2874,andy-VirtualBox,False
763,cnp_endurance_multivm_20260918T130822Z-task-0000763,correlate.synthetic,2026-09-18T13:39:03.798616+00:00,2026-09-18T13:39:03.849094+00:00,1526.047,ubuntu-beta,ok,50.799,0,"{""debian-alpha"": 0.791, ""ubuntu-beta"": 0.944246}",{},2874,andy-VirtualBox,False
764,cnp_endurance_multivm_20260918T130822Z-task-0000764,parse.synthetic,2026-09-18T13:39:05.805525+00:00,2026-09-18T13:39:05.853926+00:00,1528.047,debian-alpha,ok,48.295,0,"{""debian-alpha"": 0.983188, ""ubuntu-beta"": 0.809}",{},2875,andy,False
765,cnp_endurance_multivm_20260918T130822Z-task-0000765,route.synthetic,2026-09-18T13:39:07.794345+00:00,2026-09-18T13:39:07.855158+00:00,1530.047,ubuntu-beta,ok,61.079,0,"{""debian-alpha"": 0.863827, ""ubuntu-beta"": 0.986222}",{},2874,andy-VirtualBox,False
766,cnp_endurance_multivm_20260918T130822Z-task-0000766,detect.synthetic,2026-09-18T13:39:09.795430+00:00,2026-09-18T13:39:09.876934+00:00,1532.079,ubuntu-beta,ok,81.486,0,"{""debian-alpha"": 0.785, ""ubuntu-beta"": 0.962173}",{},2874,andy-VirtualBox,False
767,cnp_endurance_multivm_20260918T130822Z-task-0000767,correlate.synthetic,2026-09-18T13:39:11.818728+00:00,2026-09-18T13:39:11.940578+00:00,1534.141,ubuntu-beta,ok,121.979,0,"{""debian-alpha"": 0.791, ""ubuntu-beta"": 0.944254}",{},2874,andy-VirtualBox,False
768,cnp_endurance_multivm_20260918T130822Z-task-0000768,parse.synthetic,2026-09-18T13:39:13.802873+00:00,2026-09-18T13:39:13.853454+00:00,1536.047,debian-alpha,ok,50.808,0,"{""debian-alpha"": 0.983198, ""ubuntu-beta"": 0.809}",{},2875,andy,False
769,cnp_endurance_multivm_20260918T130822Z-task-0000769,route.synthetic,2026-09-18T13:39:15.809209+00:00,2026-09-18T13:39:15.870894+00:00,1538.063,ubuntu-beta,ok,61.819,0,"{""debian-alpha"": 0.863827, ""ubuntu-beta"": 0.986228}",{},2874,andy-VirtualBox,False
770,cnp_endurance_multivm_20260918T130822Z-task-0000770,detect.synthetic,2026-09-18T13:39:17.795938+00:00,2026-09-18T13:39:17.855429+00:00,1540.047,ubuntu-beta,ok,59.302,0,"{""debian-alpha"": 0.785, ""ubuntu-beta"": 0.962171}",{},2874,andy-VirtualBox,False
771,cnp_endurance_multivm_20260918T130822Z-task-0000771,correlate.synthetic,2026-09-18T13:39:19.795714+00:00,2026-09-18T13:39:19.859502+00:00,1542.063,ubuntu-beta,ok,63.64,0,"{""debian-alpha"": 0.791, ""ubuntu-beta"": 0.944254}",{},2874,andy-VirtualBox,False
772,cnp_endurance_multivm_20260918T130822Z-task-0000772,parse.synthetic,2026-09-18T13:39:21.799229+00:00,2026-09-18T13:39:21.855307+00:00,1544.047,debian-alpha,ok,55.929,0,"{""debian-alpha"": 0.983203, ""ubuntu-beta"": 0.809}",{},2875,andy,False
773,cnp_endurance_multivm_20260918T130822Z-task-0000773,route.synthetic,2026-09-18T13:39:23.794724+00:00,2026-09-18T13:39:23.856081+00:00,1546.047,ubuntu-beta,ok,61.498,0,"{""debian-alpha"": 0.863827, ""ubuntu-beta"": 0.986228}",{},2874,andy-VirtualBox,False
774,cnp_endurance_multivm_20260918T130822Z-task-0000774,detect.synthetic,2026-09-18T13:39:25.796170+00:00,2026-09-18T13:39:25.855357+00:00,1548.047,ubuntu-beta,ok,59.237,0,"{""debian-alpha"": 0.785, ""ubuntu-beta"": 0.962173}",{},2874,andy-VirtualBox,False
775,cnp_endurance_multivm_20260918T130822Z-task-0000775,correlate.synthetic,2026-09-18T13:39:27.795356+00:00,2026-09-18T13:39:27.859819+00:00,1550.063,ubuntu-beta,ok,64.679,0,"{""debian-alpha"": 0.791, ""ubuntu-beta"": 0.944256}",{},2874,andy-VirtualBox,False
776,cnp_endurance_multivm_20260918T130822Z-task-0000776,parse.synthetic,2026-09-18T13:39:29.799841+00:00,2026-09-18T13:39:29.891295+00:00,1552.094,debian-alpha,ok,91.338,0,"{""debian-alpha"": 0.983211, ""ubuntu-beta"": 0.809}",{},2875,andy,False
777,cnp_endurance_multivm_20260918T130822Z-task-0000777,route.synthetic,2026-09-18T13:39:31.800296+00:00,2026-09-18T13:39:31.856433+00:00,1554.047,ubuntu-beta,ok,56.053,0,"{""debian-alpha"": 0.863827, ""ubuntu-beta"": 0.986229}",{},2874,andy-VirtualBox,False
778,cnp_endurance_multivm_20260918T130822Z-task-0000778,detect.synthetic,2026-09-18T13:39:33.796703+00:00,2026-09-18T13:39:33.852348+00:00,1556.047,ubuntu-beta,ok,55.496,0,"{""debian-alpha"": 0.785, ""ubuntu-beta"": 0.962176}",{},2874,andy-VirtualBox,False
779,cnp_endurance_multivm_20260918T130822Z-task-0000779,correlate.synthetic,2026-09-18T13:39:35.809043+00:00,2026-09-18T13:39:35.863792+00:00,1558.063,ubuntu-beta,ok,54.913,0,"{""debian-alpha"": 0.791, ""ubuntu-beta"": 0.94426}",{},2874,andy-VirtualBox,False
780,cnp_endurance_multivm_20260918T130822Z-task-0000780,parse.synthetic,2026-09-18T13:39:37.804417+00:00,2026-09-18T13:39:37.870937+00:00,1560.063,debian-alpha,ok,66.565,0,"{""debian-alpha"": 0.983204, ""ubuntu-beta"": 0.809}",{},2875,andy,False
781,cnp_endurance_multivm_20260918T130822Z-task-0000781,route.synthetic,2026-09-18T13:39:39.795031+00:00,2026-09-18T13:39:39.856270+00:00,1562.047,ubuntu-beta,ok,61.208,0,"{""debian-alpha"": 0.863827, ""ubuntu-beta"": 0.986235}",{},2874,andy-VirtualBox,False
782,cnp_endurance_multivm_20260918T130822Z-task-0000782,detect.synthetic,2026-09-18T13:39:41.796428+00:00,2026-09-18T13:39:41.846945+00:00,1564.047,ubuntu-beta,ok,50.78,0,"{""debian-alpha"": 0.785, ""ubuntu-beta"": 0.962182}",{},2874,andy-VirtualBox,False
783,cnp_endurance_multivm_20260918T130822Z-task-0000783,correlate.synthetic,2026-09-18T13:39:43.803722+00:00,2026-09-18T13:39:43.856695+00:00,1566.063,ubuntu-beta,ok,53.182,0,"{""debian-alpha"": 0.791, ""ubuntu-beta"": 0.944269}",{},2874,andy-VirtualBox,False
784,cnp_endurance_multivm_20260918T130822Z-task-0000784,parse.synthetic,2026-09-18T13:39:45.796066+00:00,2026-09-18T13:39:45.844883+00:00,1568.047,debian-alpha,ok,49.044,0,"{""debian-alpha"": 0.983207, ""ubuntu-beta"": 0.809}",{},2875,andy,False
785,cnp_endurance_multivm_20260918T130822Z-task-0000785,route.synthetic,2026-09-18T13:39:47.801642+00:00,2026-09-18T13:39:47.852162+00:00,1570.047,ubuntu-beta,ok,51.148,0,"{""debian-alpha"": 0.863827, ""ubuntu-beta"": 0.986236}",{},2874,andy-VirtualBox,False
786,cnp_endurance_multivm_20260918T130822Z-task-0000786,detect.synthetic,2026-09-18T13:39:49.808870+00:00,2026-09-18T13:39:49.870853+00:00,1572.063,ubuntu-beta,ok,61.848,0,"{""debian-alpha"": 0.785, ""ubuntu-beta"": 0.962188}",{},2874,andy-VirtualBox,False
787,cnp_endurance_multivm_20260918T130822Z-task-0000787,correlate.synthetic,2026-09-18T13:39:51.795440+00:00,2026-09-18T13:39:51.845270+00:00,1574.047,ubuntu-beta,ok,50.079,0,"{""debian-alpha"": 0.791, ""ubuntu-beta"": 0.944273}",{},2874,andy-VirtualBox,False
788,cnp_endurance_multivm_20260918T130822Z-task-0000788,parse.synthetic,2026-09-18T13:39:53.802969+00:00,2026-09-18T13:39:53.866756+00:00,1576.063,debian-alpha,ok,63.572,0,"{""debian-alpha"": 0.983212, ""ubuntu-beta"": 0.809}",{},2875,andy,False
789,cnp_endurance_multivm_20260918T130822Z-task-0000789,route.synthetic,2026-09-18T13:39:55.806831+00:00,2026-09-18T13:39:55.858116+00:00,1578.063,ubuntu-beta,ok,51.216,0,"{""debian-alpha"": 0.863827, ""ubuntu-beta"": 0.986244}",{},2874,andy-VirtualBox,False
790,cnp_endurance_multivm_20260918T130822Z-task-0000790,detect.synthetic,2026-09-18T13:39:57.797700+00:00,2026-09-18T13:39:57.854785+00:00,1580.047,ubuntu-beta,ok,56.927,0,"{""debian-alpha"": 0.785, ""ubuntu-beta"": 0.9622}",{},2874,andy-VirtualBox,False
791,cnp_endurance_multivm_20260918T130822Z-task-0000791,correlate.synthetic,2026-09-18T13:39:59.794920+00:00,2026-09-18T13:39:59.863534+00:00,1582.063,ubuntu-beta,ok,68.761,0,"{""debian-alpha"": 0.791, ""ubuntu-beta"": 0.94428}",{},2874,andy-VirtualBox,False
792,cnp_endurance_multivm_20260918T130822Z-task-0000792,parse.synthetic,2026-09-18T13:40:01.803877+00:00,2026-09-18T13:40:01.846436+00:00,1584.047,debian-alpha,ok,42.99,0,"{""debian-alpha"": 0.983216, ""ubuntu-beta"": 0.809}",{},2875,andy,False
793,cnp_endurance_multivm_20260918T130822Z-task-0000793,route.synthetic,2026-09-18T13:40:03.803006+00:00,2026-09-18T13:40:03.856282+00:00,1586.047,ubuntu-beta,ok,53.251,0,"{""debian-alpha"": 0.863827, ""ubuntu-beta"": 0.98625}",{},2874,andy-VirtualBox,False
794,cnp_endurance_multivm_20260918T130822Z-task-0000794,detect.synthetic,2026-09-18T13:40:05.796154+00:00,2026-09-18T13:40:05.850699+00:00,1588.047,ubuntu-beta,ok,54.783,0,"{""debian-alpha"": 0.785, ""ubuntu-beta"": 0.962204}",{},2874,andy-VirtualBox,False
795,cnp_endurance_multivm_20260918T130822Z-task-0000795,correlate.synthetic,2026-09-18T13:40:07.806604+00:00,2026-09-18T13:40:07.860394+00:00,1590.063,ubuntu-beta,ok,53.935,0,"{""debian-alpha"": 0.791, ""ubuntu-beta"": 0.944273}",{},2874,andy-VirtualBox,False
796,cnp_endurance_multivm_20260918T130822Z-task-0000796,parse.synthetic,2026-09-18T13:40:09.800828+00:00,2026-09-18T13:40:09.887214+00:00,1592.079,debian-alpha,ok,86.433,0,"{""debian-alpha"": 0.983219, ""ubuntu-beta"": 0.809}",{},2875,andy,False
797,cnp_endurance_multivm_20260918T130822Z-task-0000797,route.synthetic,2026-09-18T13:40:11.797225+00:00,2026-09-18T13:40:11.853756+00:00,1594.047,ubuntu-beta,ok,56.886,0,"{""debian-alpha"": 0.863827, ""ubuntu-beta"": 0.986254}",{},2874,andy-VirtualBox,False
798,cnp_endurance_multivm_20260918T130822Z-task-0000798,detect.synthetic,2026-09-18T13:40:13.795190+00:00,2026-09-18T13:40:13.845276+00:00,1596.047,ubuntu-beta,ok,49.95,0,"{""debian-alpha"": 0.785, ""ubuntu-beta"": 0.962243}",{},2874,andy-VirtualBox,False
799,cnp_endurance_multivm_20260918T130822Z-task-0000799,correlate.synthetic,2026-09-18T13:40:15.801041+00:00,2026-09-18T13:40:15.855892+00:00,1598.047,ubuntu-beta,ok,54.693,0,"{""debian-alpha"": 0.791, ""ubuntu-beta"": 0.944283}",{},2874,andy-VirtualBox,False
800,cnp_endurance_multivm_20260918T130822Z-task-0000800,parse.synthetic,2026-09-18T13:40:17.796542+00:00,2026-09-18T13:40:17.844034+00:00,1600.047,debian-alpha,ok,48.007,0,"{""debian-alpha"": 0.983226, ""ubuntu-beta"": 0.809}",{},2875,andy,False
801,cnp_endurance_multivm_20260918T130822Z-task-0000801,route.synthetic,2026-09-18T13:40:19.800953+00:00,2026-09-18T13:40:19.869645+00:00,1602.063,ubuntu-beta,ok,68.527,0,"{""debian-alpha"": 0.863827, ""ubuntu-beta"": 0.986255}",{},2874,andy-VirtualBox,False
802,cnp_endurance_multivm_20260918T130822Z-task-0000802,detect.synthetic,2026-09-18T13:40:21.794800+00:00,2026-09-18T13:40:21.846239+00:00,1604.047,ubuntu-beta,ok,51.789,0,"{""debian-alpha"": 0.785, ""ubuntu-beta"": 0.962248}",{},2874,andy-VirtualBox,False
803,cnp_endurance_multivm_20260918T130822Z-task-0000803,correlate.synthetic,2026-09-18T13:40:23.802452+00:00,2026-09-18T13:40:23.856508+00:00,1606.047,ubuntu-beta,ok,54.196,0,"{""debian-alpha"": 0.791, ""ubuntu-beta"": 0.94429}",{},2874,andy-VirtualBox,False
804,cnp_endurance_multivm_20260918T130822Z-task-0000804,parse.synthetic,2026-09-18T13:40:25.796834+00:00,2026-09-18T13:40:25.847050+00:00,1608.047,debian-alpha,ok,50.236,0,"{""debian-alpha"": 0.983233, ""ubuntu-beta"": 0.809}",{},2875,andy,False
805,cnp_endurance_multivm_20260918T130822Z-task-0000805,route.synthetic,2026-09-18T13:40:27.804121+00:00,2026-09-18T13:40:27.857030+00:00,1610.063,ubuntu-beta,ok,53.033,0,"{""debian-alpha"": 0.863827, ""ubuntu-beta"": 0.986257}",{},2874,andy-VirtualBox,False
806,cnp_endurance_multivm_20260918T130822Z-task-0000806,detect.synthetic,2026-09-18T13:40:29.797995+00:00,2026-09-18T13:40:29.862246+00:00,1612.063,ubuntu-beta,ok,64.122,0,"{""debian-alpha"": 0.785, ""ubuntu-beta"": 0.962254}",{},2874,andy-VirtualBox,False
807,cnp_endurance_multivm_20260918T130822Z-task-0000807,correlate.synthetic,2026-09-18T13:40:31.800956+00:00,2026-09-18T13:40:31.855600+00:00,1614.047,ubuntu-beta,ok,54.944,0,"{""debian-alpha"": 0.791, ""ubuntu-beta"": 0.944292}",{},2874,andy-VirtualBox,False
808,cnp_endurance_multivm_20260918T130822Z-task-0000808,parse.synthetic,2026-09-18T13:40:33.796039+00:00,2026-09-18T13:40:33.841511+00:00,1616.047,debian-alpha,ok,45.825,0,"{""debian-alpha"": 0.983242, ""ubuntu-beta"": 0.809}",{},2875,andy,False
809,cnp_endurance_multivm_20260918T130822Z-task-0000809,route.synthetic,2026-09-18T13:40:35.798427+00:00,2026-09-18T13:40:35.857064+00:00,1618.063,ubuntu-beta,ok,58.697,0,"{""debian-alpha"": 0.863827, ""ubuntu-beta"": 0.986261}",{},2874,andy-VirtualBox,False
810,cnp_endurance_multivm_20260918T130822Z-task-0000810,detect.synthetic,2026-09-18T13:40:37.797532+00:00,2026-09-18T13:40:37.860230+00:00,1620.063,ubuntu-beta,ok,62.89,0,"{""debian-alpha"": 0.785, ""ubuntu-beta"": 0.962289}",{},2874,andy-VirtualBox,False
811,cnp_endurance_multivm_20260918T130822Z-task-0000811,correlate.synthetic,2026-09-18T13:40:39.800891+00:00,2026-09-18T13:40:39.873445+00:00,1622.079,ubuntu-beta,ok,72.267,0,"{""debian-alpha"": 0.791, ""ubuntu-beta"": 0.944295}",{},2874,andy-VirtualBox,False
812,cnp_endurance_multivm_20260918T130822Z-task-0000812,parse.synthetic,2026-09-18T13:40:41.796857+00:00,2026-09-18T13:40:41.843811+00:00,1624.047,debian-alpha,ok,46.859,0,"{""debian-alpha"": 0.98325, ""ubuntu-beta"": 0.809}",{},2875,andy,False
813,cnp_endurance_multivm_20260918T130822Z-task-0000813,route.synthetic,2026-09-18T13:40:43.799620+00:00,2026-09-18T13:40:43.854001+00:00,1626.047,ubuntu-beta,ok,54.219,0,"{""debian-alpha"": 0.863827, ""ubuntu-beta"": 0.986266}",{},2874,andy-VirtualBox,False
814,cnp_endurance_multivm_20260918T130822Z-task-0000814,detect.synthetic,2026-09-18T13:40:45.794203+00:00,2026-09-18T13:40:45.847045+00:00,1628.047,ubuntu-beta,ok,52.874,0,"{""debian-alpha"": 0.785, ""ubuntu-beta"": 0.962287}",{},2874,andy-VirtualBox,False
815,cnp_endurance_multivm_20260918T130822Z-task-0000815,correlate.synthetic,2026-09-18T13:40:47.804073+00:00,2026-09-18T13:40:47.992795+00:00,1630.188,ubuntu-beta,ok,189.047,0,"{""debian-alpha"": 0.791, ""ubuntu-beta"": 0.944294}",{},2874,andy-VirtualBox,False
816,cnp_endurance_multivm_20260918T130822Z-task-0000816,parse.synthetic,2026-09-18T13:40:49.808413+00:00,2026-09-18T13:40:49.881724+00:00,1632.079,debian-alpha,ok,73.289,0,"{""debian-alpha"": 0.983258, ""ubuntu-beta"": 0.809}",{},2875,andy,False
817,cnp_endurance_multivm_20260918T130822Z-task-0000817,route.synthetic,2026-09-18T13:40:51.806692+00:00,2026-09-18T13:40:51.860311+00:00,1634.063,ubuntu-beta,ok,53.922,0,"{""debian-alpha"": 0.863827, ""ubuntu-beta"": 0.98627}",{},2874,andy-VirtualBox,False
818,cnp_endurance_multivm_20260918T130822Z-task-0000818,detect.synthetic,2026-09-18T13:40:53.801194+00:00,2026-09-18T13:40:53.852902+00:00,1636.047,ubuntu-beta,ok,51.791,0,"{""debian-alpha"": 0.785, ""ubuntu-beta"": 0.962298}",{},2874,andy-VirtualBox,False
819,cnp_endurance_multivm_20260918T130822Z-task-0000819,correlate.synthetic,2026-09-18T13:40:55.809435+00:00,2026-09-18T13:40:55.863592+00:00,1638.063,ubuntu-beta,ok,54.263,0,"{""debian-alpha"": 0.791, ""ubuntu-beta"": 0.944271}",{},2874,andy-VirtualBox,False
820,cnp_endurance_multivm_20260918T130822Z-task-0000820,parse.synthetic,2026-09-18T13:40:57.804162+00:00,2026-09-18T13:40:57.851999+00:00,1640.047,debian-alpha,ok,48.191,0,"{""debian-alpha"": 0.983251, ""ubuntu-beta"": 0.809}",{},2875,andy,False
821,cnp_endurance_multivm_20260918T130822Z-task-0000821,route.synthetic,2026-09-18T13:40:59.809446+00:00,2026-09-18T13:40:59.875741+00:00,1642.079,ubuntu-beta,ok,66.223,0,"{""debian-alpha"": 0.863827, ""ubuntu-beta"": 0.986279}",{},2874,andy-VirtualBox,False
822,cnp_endurance_multivm_20260918T130822Z-task-0000822,detect.synthetic,2026-09-18T13:41:01.800811+00:00,2026-09-18T13:41:01.848974+00:00,1644.047,ubuntu-beta,ok,48.29,0,"{""debian-alpha"": 0.785, ""ubuntu-beta"": 0.962313}",{},2874,andy-VirtualBox,False
823,cnp_endurance_multivm_20260918T130822Z-task-0000823,correlate.synthetic,2026-09-18T13:41:03.806003+00:00,2026-09-18T13:41:03.869156+00:00,1646.063,ubuntu-beta,ok,63.035,0,"{""debian-alpha"": 0.791, ""ubuntu-beta"": 0.944285}",{},2874,andy-VirtualBox,False
824,cnp_endurance_multivm_20260918T130822Z-task-0000824,parse.synthetic,2026-09-18T13:41:05.794484+00:00,2026-09-18T13:41:05.849717+00:00,1648.047,debian-alpha,ok,55.395,0,"{""debian-alpha"": 0.983256, ""ubuntu-beta"": 0.809}",{},2875,andy,False
825,cnp_endurance_multivm_20260918T130822Z-task-0000825,route.synthetic,2026-09-18T13:41:07.807167+00:00,2026-09-18T13:41:07.875898+00:00,1650.079,ubuntu-beta,ok,68.913,0,"{""debian-alpha"": 0.863827, ""ubuntu-beta"": 0.98628}",{},2874,andy-VirtualBox,False
826,cnp_endurance_multivm_20260918T130822Z-task-0000826,detect.synthetic,2026-09-18T13:41:09.800055+00:00,2026-09-18T13:41:09.896721+00:00,1652.094,ubuntu-beta,ok,97.465,0,"{""debian-alpha"": 0.785, ""ubuntu-beta"": 0.962326}",{},2874,andy-VirtualBox,False
827,cnp_endurance_multivm_20260918T130822Z-task-0000827,correlate.synthetic,2026-09-18T13:41:11.809426+00:00,2026-09-18T13:41:11.883315+00:00,1654.079,ubuntu-beta,ok,73.864,0,"{""debian-alpha"": 0.791, ""ubuntu-beta"": 0.944293}",{},2874,andy-VirtualBox,False
828,cnp_endurance_multivm_20260918T130822Z-task-0000828,parse.synthetic,2026-09-18T13:41:13.808876+00:00,2026-09-18T13:41:13.947388+00:00,1656.141,debian-alpha,ok,138.754,0,"{""debian-alpha"": 0.983259, ""ubuntu-beta"": 0.809}",{},2875,andy,False
829,cnp_endurance_multivm_20260918T130822Z-task-0000829,route.synthetic,2026-09-18T13:41:15.794746+00:00,2026-09-18T13:41:15.860317+00:00,1658.063,ubuntu-beta,ok,65.772,0,"{""debian-alpha"": 0.863827, ""ubuntu-beta"": 0.986286}",{},2874,andy-VirtualBox,False
830,cnp_endurance_multivm_20260918T130822Z-task-0000830,detect.synthetic,2026-09-18T13:41:17.801885+00:00,2026-09-18T13:41:17.891825+00:00,1660.094,ubuntu-beta,ok,89.683,0,"{""debian-alpha"": 0.785, ""ubuntu-beta"": 0.962326}",{},2874,andy-VirtualBox,False
831,cnp_endurance_multivm_20260918T130822Z-task-0000831,correlate.synthetic,2026-09-18T13:41:19.801329+00:00,2026-09-18T13:41:19.882947+00:00,1662.079,ubuntu-beta,ok,81.787,0,"{""debian-alpha"": 0.791, ""ubuntu-beta"": 0.944291}",{},2874,andy-VirtualBox,False
832,cnp_endurance_multivm_20260918T130822Z-task-0000832,parse.synthetic,2026-09-18T13:41:21.797082+00:00,2026-09-18T13:41:21.844336+00:00,1664.047,debian-alpha,ok,47.13,0,"{""debian-alpha"": 0.983259, ""ubuntu-beta"": 0.809}",{},2875,andy,False
833,cnp_endurance_multivm_20260918T130822Z-task-0000833,route.synthetic,2026-09-18T13:41:23.800095+00:00,2026-09-18T13:41:23.850030+00:00,1666.047,ubuntu-beta,ok,49.726,0,"{""debian-alpha"": 0.863827, ""ubuntu-beta"": 0.986285}",{},2874,andy-VirtualBox,False
834,cnp_endurance_multivm_20260918T130822Z-task-0000834,detect.synthetic,2026-09-18T13:41:25.806990+00:00,2026-09-18T13:41:25.861125+00:00,1668.063,ubuntu-beta,ok,54.326,0,"{""debian-alpha"": 0.785, ""ubuntu-beta"": 0.962327}",{},2874,andy-VirtualBox,False
835,cnp_endurance_multivm_20260918T130822Z-task-0000835,correlate.synthetic,2026-09-18T13:41:27.799783+00:00,2026-09-18T13:41:27.853387+00:00,1670.047,ubuntu-beta,ok,53.739,0,"{""debian-alpha"": 0.791, ""ubuntu-beta"": 0.944284}",{},2874,andy-VirtualBox,False
836,cnp_endurance_multivm_20260918T130822Z-task-0000836,parse.synthetic,2026-09-18T13:41:29.797955+00:00,2026-09-18T13:41:29.969490+00:00,1672.172,debian-alpha,ok,171.22,0,"{""debian-alpha"": 0.983269, ""ubuntu-beta"": 0.809}",{},2875,andy,False
837,cnp_endurance_multivm_20260918T130822Z-task-0000837,route.synthetic,2026-09-18T13:41:31.810471+00:00,2026-09-18T13:41:31.899293+00:00,1674.094,ubuntu-beta,ok,87.848,0,"{""debian-alpha"": 0.863827, ""ubuntu-beta"": 0.98629}",{},2874,andy-VirtualBox,False
838,cnp_endurance_multivm_20260918T130822Z-task-0000838,detect.synthetic,2026-09-18T13:41:33.808933+00:00,2026-09-18T13:41:33.868153+00:00,1676.063,ubuntu-beta,ok,58.982,0,"{""debian-alpha"": 0.785, ""ubuntu-beta"": 0.962329}",{},2874,andy-VirtualBox,False
839,cnp_endurance_multivm_20260918T130822Z-task-0000839,correlate.synthetic,2026-09-18T13:41:35.808973+00:00,2026-09-18T13:41:35.872282+00:00,1678.063,ubuntu-beta,ok,63.109,0,"{""debian-alpha"": 0.791, ""ubuntu-beta"": 0.944291}",{},2874,andy-VirtualBox,False
840,cnp_endurance_multivm_20260918T130822Z-task-0000840,parse.synthetic,2026-09-18T13:41:37.796574+00:00,2026-09-18T13:41:37.856346+00:00,1680.047,debian-alpha,ok,59.945,0,"{""debian-alpha"": 0.983234, ""ubuntu-beta"": 0.809}",{},2875,andy,False
841,cnp_endurance_multivm_20260918T130822Z-task-0000841,route.synthetic,2026-09-18T13:41:39.796938+00:00,2026-09-18T13:41:39.894638+00:00,1682.094,ubuntu-beta,ok,97.548,0,"{""debian-alpha"": 0.863827, ""ubuntu-beta"": 0.986285}",{},2874,andy-VirtualBox,False
842,cnp_endurance_multivm_20260918T130822Z-task-0000842,detect.synthetic,2026-09-18T13:41:41.803949+00:00,2026-09-18T13:41:41.894807+00:00,1684.094,ubuntu-beta,ok,91.101,0,"{""debian-alpha"": 0.785, ""ubuntu-beta"": 0.962335}",{},2874,andy-VirtualBox,False
843,cnp_endurance_multivm_20260918T130822Z-task-0000843,correlate.synthetic,2026-09-18T13:41:43.804893+00:00,2026-09-18T13:41:43.889754+00:00,1686.094,ubuntu-beta,ok,84.978,0,"{""debian-alpha"": 0.791, ""ubuntu-beta"": 0.944293}",{},2874,andy-VirtualBox,False
844,cnp_endurance_multivm_20260918T130822Z-task-0000844,parse.synthetic,2026-09-18T13:41:45.798900+00:00,2026-09-18T13:41:45.866779+00:00,1688.063,debian-alpha,ok,68.007,0,"{""debian-alpha"": 0.983235, ""ubuntu-beta"": 0.809}",{},2875,andy,False
845,cnp_endurance_multivm_20260918T130822Z-task-0000845,route.synthetic,2026-09-18T13:41:47.876767+00:00,2026-09-18T13:41:48.874729+00:00,1691.079,ubuntu-beta,ok,997.432,0,"{""debian-alpha"": 0.863827, ""ubuntu-beta"": 0.98628}",{},2874,andy-VirtualBox,False
846,cnp_endurance_multivm_20260918T130822Z-task-0000846,detect.synthetic,2026-09-18T13:41:49.826711+00:00,2026-09-18T13:41:51.908607+00:00,1694.11,ubuntu-beta,ok,2081.183,0,"{""debian-alpha"": 0.785, ""ubuntu-beta"": 0.962334}",{},2874,andy-VirtualBox,False
847,cnp_endurance_multivm_20260918T130822Z-task-0000847,correlate.synthetic,2026-09-18T13:41:51.908607+00:00,2026-09-18T13:41:52.675350+00:00,1694.875,ubuntu-beta,ok,766.248,0,"{""debian-alpha"": 0.791, ""ubuntu-beta"": 0.944293}",{},2874,andy-VirtualBox,False
848,cnp_endurance_multivm_20260918T130822Z-task-0000848,parse.synthetic,2026-09-18T13:41:53.805064+00:00,2026-09-18T13:41:53.965772+00:00,1696.157,debian-alpha,ok,161.089,0,"{""debian-alpha"": 0.983234, ""ubuntu-beta"": 0.809}",{},2875,andy,False
849,cnp_endurance_multivm_20260918T130822Z-task-0000849,route.synthetic,2026-09-18T13:41:55.798238+00:00,2026-09-18T13:41:55.895973+00:00,1698.094,ubuntu-beta,ok,97.711,0,"{""debian-alpha"": 0.863827, ""ubuntu-beta"": 0.986274}",{},2874,andy-VirtualBox,False
850,cnp_endurance_multivm_20260918T130822Z-task-0000850,detect.synthetic,2026-09-18T13:41:57.804250+00:00,2026-09-18T13:41:57.859285+00:00,1700.063,ubuntu-beta,ok,54.518,0,"{""debian-alpha"": 0.785, ""ubuntu-beta"": 0.961434}",{},2874,andy-VirtualBox,False
851,cnp_endurance_multivm_20260918T130822Z-task-0000851,correlate.synthetic,2026-09-18T13:41:59.799347+00:00,2026-09-18T13:41:59.850043+00:00,1702.047,ubuntu-beta,ok,50.55,0,"{""debian-alpha"": 0.791, ""ubuntu-beta"": 0.944211}",{},2874,andy-VirtualBox,False
852,cnp_endurance_multivm_20260918T130822Z-task-0000852,parse.synthetic,2026-09-18T13:42:01.806762+00:00,2026-09-18T13:42:01.853426+00:00,1704.047,debian-alpha,ok,46.687,0,"{""debian-alpha"": 0.983185, ""ubuntu-beta"": 0.809}",{},2875,andy,False
853,cnp_endurance_multivm_20260918T130822Z-task-0000853,route.synthetic,2026-09-18T13:42:03.794210+00:00,2026-09-18T13:42:03.845996+00:00,1706.047,ubuntu-beta,ok,51.787,0,"{""debian-alpha"": 0.863827, ""ubuntu-beta"": 0.986255}",{},2874,andy-VirtualBox,False
854,cnp_endurance_multivm_20260918T130822Z-task-0000854,detect.synthetic,2026-09-18T13:42:05.802264+00:00,2026-09-18T13:42:05.878041+00:00,1708.079,ubuntu-beta,ok,75.825,0,"{""debian-alpha"": 0.785, ""ubuntu-beta"": 0.961433}",{},2874,andy-VirtualBox,False
855,cnp_endurance_multivm_20260918T130822Z-task-0000855,correlate.synthetic,2026-09-18T13:42:07.802690+00:00,2026-09-18T13:42:07.860586+00:00,1710.063,ubuntu-beta,ok,58.313,0,"{""debian-alpha"": 0.791, ""ubuntu-beta"": 0.944216}",{},2874,andy-VirtualBox,False
856,cnp_endurance_multivm_20260918T130822Z-task-0000856,parse.synthetic,2026-09-18T13:42:09.801869+00:00,2026-09-18T13:42:09.850133+00:00,1712.047,debian-alpha,ok,48.358,0,"{""debian-alpha"": 0.983188, ""ubuntu-beta"": 0.809}",{},2875,andy,False
857,cnp_endurance_multivm_20260918T130822Z-task-0000857,route.synthetic,2026-09-18T13:42:11.801995+00:00,2026-09-18T13:42:11.890032+00:00,1714.094,ubuntu-beta,ok,89.021,0,"{""debian-alpha"": 0.863827, ""ubuntu-beta"": 0.98626}",{},2874,andy-VirtualBox,False
858,cnp_endurance_multivm_20260918T130822Z-task-0000858,detect.synthetic,2026-09-18T13:42:13.803971+00:00,2026-09-18T13:42:13.868333+00:00,1716.063,ubuntu-beta,ok,64.075,0,"{""debian-alpha"": 0.785, ""ubuntu-beta"": 0.96143}",{},2874,andy-VirtualBox,False
859,cnp_endurance_multivm_20260918T130822Z-task-0000859,correlate.synthetic,2026-09-18T13:42:15.814334+00:00,2026-09-18T13:42:15.931352+00:00,1718.125,ubuntu-beta,ok,116.075,0,"{""debian-alpha"": 0.791, ""ubuntu-beta"": 0.944217}",{},2874,andy-VirtualBox,False
860,cnp_endurance_multivm_20260918T130822Z-task-0000860,parse.synthetic,2026-09-18T13:42:17.824587+00:00,2026-09-18T13:42:21.392924+00:00,1723.594,debian-alpha,ok,3565.29,0,"{""debian-alpha"": 0.983202, ""ubuntu-beta"": 0.809}",{},2875,andy,False
861,cnp_endurance_multivm_20260918T130822Z-task-0000861,route.synthetic,2026-09-18T13:42:21.393725+00:00,2026-09-18T13:42:22.476418+00:00,1724.672,ubuntu-beta,ok,1083.66,0,"{""debian-alpha"": 0.863827, ""ubuntu-beta"": 0.986258}",{},2874,andy-VirtualBox,False
862,cnp_endurance_multivm_20260918T130822Z-task-0000862,detect.synthetic,2026-09-18T13:42:22.476418+00:00,2026-09-18T13:42:23.313304+00:00,1725.516,ubuntu-beta,ok,836.532,0,"{""debian-alpha"": 0.785, ""ubuntu-beta"": 0.96143}",{},2874,andy-VirtualBox,False
863,cnp_endurance_multivm_20260918T130822Z-task-0000863,correlate.synthetic,2026-09-18T13:42:23.801278+00:00,2026-09-18T13:42:24.041560+00:00,1726.235,ubuntu-beta,ok,238.944,0,"{""debian-alpha"": 0.791, ""ubuntu-beta"": 0.94422}",{},2874,andy-VirtualBox,False
864,cnp_endurance_multivm_20260918T130822Z-task-0000864,parse.synthetic,2026-09-18T13:42:25.797052+00:00,2026-09-18T13:42:25.956906+00:00,1728.157,debian-alpha,ok,159.538,0,"{""debian-alpha"": 0.982453, ""ubuntu-beta"": 0.809}",{},2875,andy,False
865,cnp_endurance_multivm_20260918T130822Z-task-0000865,route.synthetic,2026-09-18T13:42:27.800166+00:00,2026-09-18T13:42:27.924065+00:00,1730.125,ubuntu-beta,ok,124.257,0,"{""debian-alpha"": 0.863827, ""ubuntu-beta"": 0.985636}",{},2874,andy-VirtualBox,False
866,cnp_endurance_multivm_20260918T130822Z-task-0000866,detect.synthetic,2026-09-18T13:42:29.809566+00:00,2026-09-18T13:42:30.083798+00:00,1732.282,ubuntu-beta,ok,274.42,0,"{""debian-alpha"": 0.785, ""ubuntu-beta"": 0.961406}",{},2874,andy-VirtualBox,False
867,cnp_endurance_multivm_20260918T130822Z-task-0000867,correlate.synthetic,2026-09-18T13:42:31.806871+00:00,2026-09-18T13:42:31.903313+00:00,1734.094,ubuntu-beta,ok,96.136,0,"{""debian-alpha"": 0.791, ""ubuntu-beta"": 0.944182}",{},2874,andy-VirtualBox,False
868,cnp_endurance_multivm_20260918T130822Z-task-0000868,parse.synthetic,2026-09-18T13:42:33.798891+00:00,2026-09-18T13:42:33.877979+00:00,1736.079,debian-alpha,ok,79.218,0,"{""debian-alpha"": 0.982421, ""ubuntu-beta"": 0.809}",{},2875,andy,False
869,cnp_endurance_multivm_20260918T130822Z-task-0000869,route.synthetic,2026-09-18T13:42:35.807378+00:00,2026-09-18T13:42:35.875274+00:00,1738.079,ubuntu-beta,ok,67.827,0,"{""debian-alpha"": 0.863827, ""ubuntu-beta"": 0.985608}",{},2874,andy-VirtualBox,False
870,cnp_endurance_multivm_20260918T130822Z-task-0000870,detect.synthetic,2026-09-18T13:42:37.799149+00:00,2026-09-18T13:42:37.878203+00:00,1740.079,ubuntu-beta,ok,78.951,0,"{""debian-alpha"": 0.785, ""ubuntu-beta"": 0.961297}",{},2874,andy-VirtualBox,False
871,cnp_endurance_multivm_20260918T130822Z-task-0000871,correlate.synthetic,2026-09-18T13:42:39.811387+00:00,2026-09-18T13:42:40.015724+00:00,1742.219,ubuntu-beta,ok,203.565,0,"{""debian-alpha"": 0.791, ""ubuntu-beta"": 0.944172}",{},2874,andy-VirtualBox,False
872,cnp_endurance_multivm_20260918T130822Z-task-0000872,parse.synthetic,2026-09-18T13:42:41.804803+00:00,2026-09-18T13:42:41.861084+00:00,1744.063,debian-alpha,ok,56.201,0,"{""debian-alpha"": 0.982416, ""ubuntu-beta"": 0.809}",{},2875,andy,False
873,cnp_endurance_multivm_20260918T130822Z-task-0000873,route.synthetic,2026-09-18T13:42:43.800997+00:00,2026-09-18T13:42:43.852369+00:00,1746.047,ubuntu-beta,ok,51.528,0,"{""debian-alpha"": 0.863827, ""ubuntu-beta"": 0.985608}",{},2874,andy-VirtualBox,False
874,cnp_endurance_multivm_20260918T130822Z-task-0000874,detect.synthetic,2026-09-18T13:42:45.808970+00:00,2026-09-18T13:42:45.862861+00:00,1748.063,ubuntu-beta,ok,53.654,0,"{""debian-alpha"": 0.785, ""ubuntu-beta"": 0.9613}",{},2874,andy-VirtualBox,False
875,cnp_endurance_multivm_20260918T130822Z-task-0000875,correlate.synthetic,2026-09-18T13:42:47.803433+00:00,2026-09-18T13:42:47.852495+00:00,1750.047,ubuntu-beta,ok,49.471,0,"{""debian-alpha"": 0.791, ""ubuntu-beta"": 0.944128}",{},2874,andy-VirtualBox,False
876,cnp_endurance_multivm_20260918T130822Z-task-0000876,parse.synthetic,2026-09-18T13:42:49.794888+00:00,2026-09-18T13:42:49.844023+00:00,1752.047,debian-alpha,ok,49.539,0,"{""debian-alpha"": 0.982419, ""ubuntu-beta"": 0.809}",{},2875,andy,False
877,cnp_endurance_multivm_20260918T130822Z-task-0000877,route.synthetic,2026-09-18T13:42:51.800337+00:00,2026-09-18T13:42:51.853893+00:00,1754.047,ubuntu-beta,ok,53.847,0,"{""debian-alpha"": 0.863827, ""ubuntu-beta"": 0.985611}",{},2874,andy-VirtualBox,False
878,cnp_endurance_multivm_20260918T130822Z-task-0000878,detect.synthetic,2026-09-18T13:42:53.794900+00:00,2026-09-18T13:42:53.854533+00:00,1756.047,ubuntu-beta,ok,59.641,0,"{""debian-alpha"": 0.785, ""ubuntu-beta"": 0.961301}",{},2874,andy-VirtualBox,False
879,cnp_endurance_multivm_20260918T130822Z-task-0000879,correlate.synthetic,2026-09-18T13:42:55.795449+00:00,2026-09-18T13:42:55.853085+00:00,1758.047,ubuntu-beta,ok,57.677,0,"{""debian-alpha"": 0.791, ""ubuntu-beta"": 0.944134}",{},2874,andy-VirtualBox,False
880,cnp_endurance_multivm_20260918T130822Z-task-0000880,parse.synthetic,2026-09-18T13:42:57.800886+00:00,2026-09-18T13:42:57.912476+00:00,1760.11,debian-alpha,ok,111.465,0,"{""debian-alpha"": 0.982421, ""ubuntu-beta"": 0.809}",{},2875,andy,False
881,cnp_endurance_multivm_20260918T130822Z-task-0000881,route.synthetic,2026-09-18T13:42:59.805762+00:00,2026-09-18T13:42:59.866636+00:00,1762.063,ubuntu-beta,ok,60.889,0,"{""debian-alpha"": 0.863827, ""ubuntu-beta"": 0.985615}",{},2874,andy-VirtualBox,False
882,cnp_endurance_multivm_20260918T130822Z-task-0000882,detect.synthetic,2026-09-18T13:43:01.806628+00:00,2026-09-18T13:43:01.867091+00:00,1764.063,ubuntu-beta,ok,60.752,0,"{""debian-alpha"": 0.785, ""ubuntu-beta"": 0.961303}",{},2874,andy-VirtualBox,False
883,cnp_endurance_multivm_20260918T130822Z-task-0000883,correlate.synthetic,2026-09-18T13:43:03.808783+00:00,2026-09-18T13:43:03.860027+00:00,1766.063,ubuntu-beta,ok,51.25,0,"{""debian-alpha"": 0.791, ""ubuntu-beta"": 0.944139}",{},2874,andy-VirtualBox,False
884,cnp_endurance_multivm_20260918T130822Z-task-0000884,parse.synthetic,2026-09-18T13:43:05.800081+00:00,2026-09-18T13:43:05.882481+00:00,1768.079,debian-alpha,ok,82.281,0,"{""debian-alpha"": 0.982392, ""ubuntu-beta"": 0.809}",{},2875,andy,False
885,cnp_endurance_multivm_20260918T130822Z-task-0000885,route.synthetic,2026-09-18T13:43:07.807467+00:00,2026-09-18T13:43:07.866159+00:00,1770.063,ubuntu-beta,ok,58.857,0,"{""debian-alpha"": 0.863827, ""ubuntu-beta"": 0.985621}",{},2874,andy-VirtualBox,False
886,cnp_endurance_multivm_20260918T130822Z-task-0000886,detect.synthetic,2026-09-18T13:43:09.806410+00:00,2026-09-18T13:43:09.864677+00:00,1772.063,ubuntu-beta,ok,58.047,0,"{""debian-alpha"": 0.785, ""ubuntu-beta"": 0.961308}",{},2874,andy-VirtualBox,False
887,cnp_endurance_multivm_20260918T130822Z-task-0000887,correlate.synthetic,2026-09-18T13:43:11.805012+00:00,2026-09-18T13:43:11.870561+00:00,1774.063,ubuntu-beta,ok,65.713,0,"{""debian-alpha"": 0.791, ""ubuntu-beta"": 0.944139}",{},2874,andy-VirtualBox,False
888,cnp_endurance_multivm_20260918T130822Z-task-0000888,parse.synthetic,2026-09-18T13:43:13.799515+00:00,2026-09-18T13:43:13.853478+00:00,1776.047,debian-alpha,ok,54.044,0,"{""debian-alpha"": 0.982382, ""ubuntu-beta"": 0.809}",{},2875,andy,False
889,cnp_endurance_multivm_20260918T130822Z-task-0000889,route.synthetic,2026-09-18T13:43:15.795963+00:00,2026-09-18T13:43:15.865023+00:00,1778.063,ubuntu-beta,ok,69.269,0,"{""debian-alpha"": 0.863827, ""ubuntu-beta"": 0.985623}",{},2874,andy-VirtualBox,False
890,cnp_endurance_multivm_20260918T130822Z-task-0000890,detect.synthetic,2026-09-18T13:43:17.804627+00:00,2026-09-18T13:43:17.880124+00:00,1780.079,ubuntu-beta,ok,75.092,0,"{""debian-alpha"": 0.785, ""ubuntu-beta"": 0.961309}",{},2874,andy-VirtualBox,False
891,cnp_endurance_multivm_20260918T130822Z-task-0000891,correlate.synthetic,2026-09-18T13:43:19.804106+00:00,2026-09-18T13:43:19.878492+00:00,1782.079,ubuntu-beta,ok,74.24,0,"{""debian-alpha"": 0.791, ""ubuntu-beta"": 0.944144}",{},2874,andy-VirtualBox,False
892,cnp_endurance_multivm_20260918T130822Z-task-0000892,parse.synthetic,2026-09-18T13:43:21.802252+00:00,2026-09-18T13:43:21.886634+00:00,1784.079,debian-alpha,ok,84.254,0,"{""debian-alpha"": 0.98239, ""ubuntu-beta"": 0.809}",{},2875,andy,False
893,cnp_endurance_multivm_20260918T130822Z-task-0000893,route.synthetic,2026-09-18T13:43:23.795396+00:00,2026-09-18T13:43:23.861599+00:00,1786.063,ubuntu-beta,ok,66.574,0,"{""debian-alpha"": 0.863827, ""ubuntu-beta"": 0.985627}",{},2874,andy-VirtualBox,False
894,cnp_endurance_multivm_20260918T130822Z-task-0000894,detect.synthetic,2026-09-18T13:43:25.803596+00:00,2026-09-18T13:43:25.868526+00:00,1788.063,ubuntu-beta,ok,65.097,0,"{""debian-alpha"": 0.785, ""ubuntu-beta"": 0.961308}",{},2874,andy-VirtualBox,False
895,cnp_endurance_multivm_20260918T130822Z-task-0000895,correlate.synthetic,2026-09-18T13:43:27.808182+00:00,2026-09-18T13:43:27.868712+00:00,1790.063,ubuntu-beta,ok,60.63,0,"{""debian-alpha"": 0.791, ""ubuntu-beta"": 0.944147}",{},2874,andy-VirtualBox,False
896,cnp_endurance_multivm_20260918T130822Z-task-0000896,parse.synthetic,2026-09-18T13:43:29.809446+00:00,2026-09-18T13:43:29.864841+00:00,1792.063,debian-alpha,ok,55.442,0,"{""debian-alpha"": 0.982393, ""ubuntu-beta"": 0.809}",{},2875,andy,False
897,cnp_endurance_multivm_20260918T130822Z-task-0000897,route.synthetic,2026-09-18T13:43:31.804736+00:00,2026-09-18T13:43:31.867454+00:00,1794.063,ubuntu-beta,ok,62.615,0,"{""debian-alpha"": 0.863827, ""ubuntu-beta"": 0.985628}",{},2874,andy-VirtualBox,False
898,cnp_endurance_multivm_20260918T130822Z-task-0000898,detect.synthetic,2026-09-18T13:43:33.808053+00:00,2026-09-18T13:43:33.865916+00:00,1796.063,ubuntu-beta,ok,57.609,0,"{""debian-alpha"": 0.785, ""ubuntu-beta"": 0.961309}",{},2874,andy-VirtualBox,False
899,cnp_endurance_multivm_20260918T130822Z-task-0000899,correlate.synthetic,2026-09-18T13:43:35.805875+00:00,2026-09-18T13:43:35.866958+00:00,1798.063,ubuntu-beta,ok,61.26,0,"{""debian-alpha"": 0.791, ""ubuntu-beta"": 0.944148}",{},2874,andy-VirtualBox,False
900,cnp_endurance_multivm_20260918T130822Z-task-0000900,parse.synthetic,2026-09-18T13:43:37.806566+00:00,2026-09-18T13:43:37.863190+00:00,1800.063,debian-alpha,ok,56.629,0,"{""debian-alpha"": 0.982443, ""ubuntu-beta"": 0.809}",{},2875,andy,False
901,cnp_endurance_multivm_20260918T130822Z-task-0000901,route.synthetic,2026-09-18T13:43:39.803307+00:00,2026-09-18T13:43:39.852951+00:00,1802.047,ubuntu-beta,ok,50.001,0,"{""debian-alpha"": 0.863827, ""ubuntu-beta"": 0.985623}",{},2874,andy-VirtualBox,False
902,cnp_endurance_multivm_20260918T130822Z-task-0000902,detect.synthetic,2026-09-18T13:43:41.794444+00:00,2026-09-18T13:43:41.841898+00:00,1804.047,ubuntu-beta,ok,47.215,0,"{""debian-alpha"": 0.785, ""ubuntu-beta"": 0.961324}",{},2874,andy-VirtualBox,False
903,cnp_endurance_multivm_20260918T130822Z-task-0000903,correlate.synthetic,2026-09-18T13:43:43.798980+00:00,2026-09-18T13:43:43.848630+00:00,1806.047,ubuntu-beta,ok,49.66,0,"{""debian-alpha"": 0.791, ""ubuntu-beta"": 0.944146}",{},2874,andy-VirtualBox,False
904,cnp_endurance_multivm_20260918T130822Z-task-0000904,parse.synthetic,2026-09-18T13:43:45.805119+00:00,2026-09-18T13:43:45.851353+00:00,1808.047,debian-alpha,ok,46.384,0,"{""debian-alpha"": 0.982444, ""ubuntu-beta"": 0.809}",{},2875,andy,False
905,cnp_endurance_multivm_20260918T130822Z-task-0000905,route.synthetic,2026-09-18T13:43:47.807752+00:00,2026-09-18T13:43:47.875203+00:00,1810.079,ubuntu-beta,ok,67.468,0,"{""debian-alpha"": 0.863827, ""ubuntu-beta"": 0.985629}",{},2874,andy-VirtualBox,False
906,cnp_endurance_multivm_20260918T130822Z-task-0000906,detect.synthetic,2026-09-18T13:43:49.801071+00:00,2026-09-18T13:43:49.849587+00:00,1812.047,ubuntu-beta,ok,48.719,0,"{""debian-alpha"": 0.785, ""ubuntu-beta"": 0.961327}",{},2874,andy-VirtualBox,False
907,cnp_endurance_multivm_20260918T130822Z-task-0000907,correlate.synthetic,2026-09-18T13:43:51.805506+00:00,2026-09-18T13:43:51.853525+00:00,1814.047,ubuntu-beta,ok,48.408,0,"{""debian-alpha"": 0.791, ""ubuntu-beta"": 0.944151}",{},2874,andy-VirtualBox,False
908,cnp_endurance_multivm_20260918T130822Z-task-0000908,parse.synthetic,2026-09-18T13:43:53.809018+00:00,2026-09-18T13:43:53.861132+00:00,1816.063,debian-alpha,ok,52.135,0,"{""debian-alpha"": 0.982447, ""ubuntu-beta"": 0.809}",{},2875,andy,False
909,cnp_endurance_multivm_20260918T130822Z-task-0000909,route.synthetic,2026-09-18T13:43:55.801392+00:00,2026-09-18T13:43:55.853064+00:00,1818.047,ubuntu-beta,ok,51.791,0,"{""debian-alpha"": 0.863827, ""ubuntu-beta"": 0.985628}",{},2874,andy-VirtualBox,False
910,cnp_endurance_multivm_20260918T130822Z-task-0000910,detect.synthetic,2026-09-18T13:43:57.809936+00:00,2026-09-18T13:43:57.865957+00:00,1820.063,ubuntu-beta,ok,56.036,0,"{""debian-alpha"": 0.785, ""ubuntu-beta"": 0.961334}",{},2874,andy-VirtualBox,False
911,cnp_endurance_multivm_20260918T130822Z-task-0000911,correlate.synthetic,2026-09-18T13:43:59.806766+00:00,2026-09-18T13:43:59.855142+00:00,1822.047,ubuntu-beta,ok,48.653,0,"{""debian-alpha"": 0.791, ""ubuntu-beta"": 0.944156}",{},2874,andy-VirtualBox,False
912,cnp_endurance_multivm_20260918T130822Z-task-0000912,parse.synthetic,2026-09-18T13:44:01.795655+00:00,2026-09-18T13:44:01.839609+00:00,1824.032,debian-alpha,ok,44.08,0,"{""debian-alpha"": 0.982448, ""ubuntu-beta"": 0.809}",{},2875,andy,False
913,cnp_endurance_multivm_20260918T130822Z-task-0000913,route.synthetic,2026-09-18T13:44:03.796672+00:00,2026-09-18T13:44:03.846217+00:00,1826.047,ubuntu-beta,ok,49.577,0,"{""debian-alpha"": 0.863827, ""ubuntu-beta"": 0.985632}",{},2874,andy-VirtualBox,False
914,cnp_endurance_multivm_20260918T130822Z-task-0000914,detect.synthetic,2026-09-18T13:44:05.801806+00:00,2026-09-18T13:44:05.850878+00:00,1828.047,ubuntu-beta,ok,49.38,0,"{""debian-alpha"": 0.785, ""ubuntu-beta"": 0.961337}",{},2874,andy-VirtualBox,False
915,cnp_endurance_multivm_20260918T130822Z-task-0000915,correlate.synthetic,2026-09-18T13:44:07.807750+00:00,2026-09-18T13:44:07.856142+00:00,1830.047,ubuntu-beta,ok,48.391,0,"{""debian-alpha"": 0.791, ""ubuntu-beta"": 0.944162}",{},2874,andy-VirtualBox,False
916,cnp_endurance_multivm_20260918T130822Z-task-0000916,parse.synthetic,2026-09-18T13:44:09.795946+00:00,2026-09-18T13:44:09.840946+00:00,1832.032,debian-alpha,ok,45.195,0,"{""debian-alpha"": 0.982451, ""ubuntu-beta"": 0.809}",{},2875,andy,False
917,cnp_endurance_multivm_20260918T130822Z-task-0000917,route.synthetic,2026-09-18T13:44:11.797431+00:00,2026-09-18T13:44:11.845944+00:00,1834.047,ubuntu-beta,ok,48.396,0,"{""debian-alpha"": 0.863827, ""ubuntu-beta"": 0.985637}",{},2874,andy-VirtualBox,False
918,cnp_endurance_multivm_20260918T130822Z-task-0000918,detect.synthetic,2026-09-18T13:44:13.801773+00:00,2026-09-18T13:44:13.853595+00:00,1836.047,ubuntu-beta,ok,51.937,0,"{""debian-alpha"": 0.785, ""ubuntu-beta"": 0.96134}",{},2874,andy-VirtualBox,False
919,cnp_endurance_multivm_20260918T130822Z-task-0000919,correlate.synthetic,2026-09-18T13:44:15.805728+00:00,2026-09-18T13:44:15.852438+00:00,1838.047,ubuntu-beta,ok,46.968,0,"{""debian-alpha"": 0.791, ""ubuntu-beta"": 0.944166}",{},2874,andy-VirtualBox,False
920,cnp_endurance_multivm_20260918T130822Z-task-0000920,parse.synthetic,2026-09-18T13:44:17.809186+00:00,2026-09-18T13:44:17.869163+00:00,1840.063,debian-alpha,ok,59.771,0,"{""debian-alpha"": 0.982485, ""ubuntu-beta"": 0.809}",{},2875,andy,False
921,cnp_endurance_multivm_20260918T130822Z-task-0000921,route.synthetic,2026-09-18T13:44:19.809194+00:00,2026-09-18T13:44:19.863665+00:00,1842.063,ubuntu-beta,ok,53.93,0,"{""debian-alpha"": 0.863827, ""ubuntu-beta"": 0.985645}",{},2874,andy-VirtualBox,False
922,cnp_endurance_multivm_20260918T130822Z-task-0000922,detect.synthetic,2026-09-18T13:44:21.803608+00:00,2026-09-18T13:44:21.860411+00:00,1844.063,ubuntu-beta,ok,56.802,0,"{""debian-alpha"": 0.785, ""ubuntu-beta"": 0.961345}",{},2874,andy-VirtualBox,False
923,cnp_endurance_multivm_20260918T130822Z-task-0000923,correlate.synthetic,2026-09-18T13:44:23.801227+00:00,2026-09-18T13:44:23.858181+00:00,1846.063,ubuntu-beta,ok,56.998,0,"{""debian-alpha"": 0.791, ""ubuntu-beta"": 0.944174}",{},2874,andy-VirtualBox,False
924,cnp_endurance_multivm_20260918T130822Z-task-0000924,parse.synthetic,2026-09-18T13:44:25.802114+00:00,2026-09-18T13:44:25.856053+00:00,1848.047,debian-alpha,ok,54.246,0,"{""debian-alpha"": 0.982489, ""ubuntu-beta"": 0.809}",{},2875,andy,False
925,cnp_endurance_multivm_20260918T130822Z-task-0000925,route.synthetic,2026-09-18T13:44:27.796315+00:00,2026-09-18T13:44:27.850246+00:00,1850.047,ubuntu-beta,ok,53.812,0,"{""debian-alpha"": 0.863827, ""ubuntu-beta"": 0.985664}",{},2874,andy-VirtualBox,False
926,cnp_endurance_multivm_20260918T130822Z-task-0000926,detect.synthetic,2026-09-18T13:44:29.806710+00:00,2026-09-18T13:44:29.856549+00:00,1852.047,ubuntu-beta,ok,49.914,0,"{""debian-alpha"": 0.785, ""ubuntu-beta"": 0.96135}",{},2874,andy-VirtualBox,False
927,cnp_endurance_multivm_20260918T130822Z-task-0000927,correlate.synthetic,2026-09-18T13:44:31.796629+00:00,2026-09-18T13:44:31.846362+00:00,1854.047,ubuntu-beta,ok,49.78,0,"{""debian-alpha"": 0.791, ""ubuntu-beta"": 0.944181}",{},2874,andy-VirtualBox,False
928,cnp_endurance_multivm_20260918T130822Z-task-0000928,parse.synthetic,2026-09-18T13:44:33.801992+00:00,2026-09-18T13:44:33.868912+00:00,1856.063,debian-alpha,ok,66.998,0,"{""debian-alpha"": 0.98249, ""ubuntu-beta"": 0.809}",{},2875,andy,False
929,cnp_endurance_multivm_20260918T130822Z-task-0000929,route.synthetic,2026-09-18T13:44:35.809163+00:00,2026-09-18T13:44:35.856690+00:00,1858.047,ubuntu-beta,ok,47.686,0,"{""debian-alpha"": 0.863827, ""ubuntu-beta"": 0.985668}",{},2874,andy-VirtualBox,False
930,cnp_endurance_multivm_20260918T130822Z-task-0000930,detect.synthetic,2026-09-18T13:44:37.796353+00:00,2026-09-18T13:44:37.856074+00:00,1860.047,ubuntu-beta,ok,59.573,0,"{""debian-alpha"": 0.785, ""ubuntu-beta"": 0.961355}",{},2874,andy-VirtualBox,False
931,cnp_endurance_multivm_20260918T130822Z-task-0000931,correlate.synthetic,2026-09-18T13:44:39.796564+00:00,2026-09-18T13:44:39.850989+00:00,1862.047,ubuntu-beta,ok,54.363,0,"{""debian-alpha"": 0.791, ""ubuntu-beta"": 0.944183}",{},2874,andy-VirtualBox,False
932,cnp_endurance_multivm_20260918T130822Z-task-0000932,parse.synthetic,2026-09-18T13:44:41.801385+00:00,2026-09-18T13:44:41.881939+00:00,1864.079,debian-alpha,ok,80.722,0,"{""debian-alpha"": 0.982512, ""ubuntu-beta"": 0.809}",{},2875,andy,False
933,cnp_endurance_multivm_20260918T130822Z-task-0000933,route.synthetic,2026-09-18T13:44:43.805965+00:00,2026-09-18T13:44:43.882809+00:00,1866.079,ubuntu-beta,ok,76.945,0,"{""debian-alpha"": 0.863827, ""ubuntu-beta"": 0.985672}",{},2874,andy-VirtualBox,False
934,cnp_endurance_multivm_20260918T130822Z-task-0000934,detect.synthetic,2026-09-18T13:44:45.809796+00:00,2026-09-18T13:44:45.868665+00:00,1868.063,ubuntu-beta,ok,58.664,0,"{""debian-alpha"": 0.785, ""ubuntu-beta"": 0.961358}",{},2874,andy-VirtualBox,False
935,cnp_endurance_multivm_20260918T130822Z-task-0000935,correlate.synthetic,2026-09-18T13:44:47.809138+00:00,2026-09-18T13:44:47.855364+00:00,1870.047,ubuntu-beta,ok,46.29,0,"{""debian-alpha"": 0.791, ""ubuntu-beta"": 0.94419}",{},2874,andy-VirtualBox,False
936,cnp_endurance_multivm_20260918T130822Z-task-0000936,parse.synthetic,2026-09-18T13:44:49.807835+00:00,2026-09-18T13:44:50.240015+00:00,1872.438,debian-alpha,ok,432.304,0,"{""debian-alpha"": 0.982507, ""ubuntu-beta"": 0.809}",{},2875,andy,False
937,cnp_endurance_multivm_20260918T130822Z-task-0000937,route.synthetic,2026-09-18T13:44:51.795118+00:00,2026-09-18T13:44:52.032579+00:00,1874.235,ubuntu-beta,ok,237.235,0,"{""debian-alpha"": 0.863827, ""ubuntu-beta"": 0.985664}",{},2874,andy-VirtualBox,False
938,cnp_endurance_multivm_20260918T130822Z-task-0000938,detect.synthetic,2026-09-18T13:44:53.803596+00:00,2026-09-18T13:44:53.911528+00:00,1876.11,ubuntu-beta,ok,107.893,0,"{""debian-alpha"": 0.785, ""ubuntu-beta"": 0.961359}",{},2874,andy-VirtualBox,False
939,cnp_endurance_multivm_20260918T130822Z-task-0000939,correlate.synthetic,2026-09-18T13:44:55.801129+00:00,2026-09-18T13:44:55.879883+00:00,1878.079,ubuntu-beta,ok,78.994,0,"{""debian-alpha"": 0.791, ""ubuntu-beta"": 0.944193}",{},2874,andy-VirtualBox,False
940,cnp_endurance_multivm_20260918T130822Z-task-0000940,parse.synthetic,2026-09-18T13:44:57.804445+00:00,2026-09-18T13:44:57.920228+00:00,1880.125,debian-alpha,ok,115.848,0,"{""debian-alpha"": 0.982452, ""ubuntu-beta"": 0.809}",{},2875,andy,False
941,cnp_endurance_multivm_20260918T130822Z-task-0000941,route.synthetic,2026-09-18T13:44:59.798923+00:00,2026-09-18T13:45:00.235315+00:00,1882.438,ubuntu-beta,ok,437.124,0,"{""debian-alpha"": 0.863827, ""ubuntu-beta"": 0.985663}",{},2874,andy-VirtualBox,False
942,cnp_endurance_multivm_20260918T130822Z-task-0000942,detect.synthetic,2026-09-18T13:45:01.804735+00:00,2026-09-18T13:45:01.903452+00:00,1884.094,ubuntu-beta,ok,98.68,0,"{""debian-alpha"": 0.785, ""ubuntu-beta"": 0.961343}",{},2874,andy-VirtualBox,False
943,cnp_endurance_multivm_20260918T130822Z-task-0000943,correlate.synthetic,2026-09-18T13:45:03.796872+00:00,2026-09-18T13:45:03.870802+00:00,1886.063,ubuntu-beta,ok,73.992,0,"{""debian-alpha"": 0.791, ""ubuntu-beta"": 0.944188}",{},2874,andy-VirtualBox,False
944,cnp_endurance_multivm_20260918T130822Z-task-0000944,parse.synthetic,2026-09-18T13:45:05.796426+00:00,2026-09-18T13:45:05.861923+00:00,1888.063,debian-alpha,ok,65.599,0,"{""debian-alpha"": 0.982432, ""ubuntu-beta"": 0.809}",{},2875,andy,False
945,cnp_endurance_multivm_20260918T130822Z-task-0000945,route.synthetic,2026-09-18T13:45:07.804793+00:00,2026-09-18T13:45:07.890798+00:00,1890.094,ubuntu-beta,ok,86.211,0,"{""debian-alpha"": 0.863827, ""ubuntu-beta"": 0.985473}",{},2874,andy-VirtualBox,False
946,cnp_endurance_multivm_20260918T130822Z-task-0000946,detect.synthetic,2026-09-18T13:45:09.800549+00:00,2026-09-18T13:45:09.850715+00:00,1892.047,ubuntu-beta,ok,50.221,0,"{""debian-alpha"": 0.785, ""ubuntu-beta"": 0.961335}",{},2874,andy-VirtualBox,False
947,cnp_endurance_multivm_20260918T130822Z-task-0000947,correlate.synthetic,2026-09-18T13:45:11.807235+00:00,2026-09-18T13:45:11.857309+00:00,1894.063,ubuntu-beta,ok,50.114,0,"{""debian-alpha"": 0.791, ""ubuntu-beta"": 0.944191}",{},2874,andy-VirtualBox,False
948,cnp_endurance_multivm_20260918T130822Z-task-0000948,parse.synthetic,2026-09-18T13:45:13.798679+00:00,2026-09-18T13:45:13.858600+00:00,1896.063,debian-alpha,ok,60.202,0,"{""debian-alpha"": 0.982432, ""ubuntu-beta"": 0.809}",{},2875,andy,False
949,cnp_endurance_multivm_20260918T130822Z-task-0000949,route.synthetic,2026-09-18T13:45:15.799056+00:00,2026-09-18T13:45:15.849034+00:00,1898.047,ubuntu-beta,ok,50.069,0,"{""debian-alpha"": 0.863827, ""ubuntu-beta"": 0.985467}",{},2874,andy-VirtualBox,False
950,cnp_endurance_multivm_20260918T130822Z-task-0000950,detect.synthetic,2026-09-18T13:45:17.806075+00:00,2026-09-18T13:45:17.874159+00:00,1900.079,ubuntu-beta,ok,67.955,0,"{""debian-alpha"": 0.785, ""ubuntu-beta"": 0.961344}",{},2874,andy-VirtualBox,False
951,cnp_endurance_multivm_20260918T130822Z-task-0000951,correlate.synthetic,2026-09-18T13:45:19.798567+00:00,2026-09-18T13:45:19.855408+00:00,1902.047,ubuntu-beta,ok,57.153,0,"{""debian-alpha"": 0.791, ""ubuntu-beta"": 0.944193}",{},2874,andy-VirtualBox,False
952,cnp_endurance_multivm_20260918T130822Z-task-0000952,parse.synthetic,2026-09-18T13:45:21.796263+00:00,2026-09-18T13:45:21.840990+00:00,1904.032,debian-alpha,ok,45.34,0,"{""debian-alpha"": 0.982434, ""ubuntu-beta"": 0.809}",{},2875,andy,False
953,cnp_endurance_multivm_20260918T130822Z-task-0000953,route.synthetic,2026-09-18T13:45:23.796949+00:00,2026-09-18T13:45:23.845432+00:00,1906.047,ubuntu-beta,ok,48.338,0,"{""debian-alpha"": 0.863827, ""ubuntu-beta"": 0.985474}",{},2874,andy-VirtualBox,False
954,cnp_endurance_multivm_20260918T130822Z-task-0000954,detect.synthetic,2026-09-18T13:45:25.802090+00:00,2026-09-18T13:45:25.876008+00:00,1908.079,ubuntu-beta,ok,74.13,0,"{""debian-alpha"": 0.785, ""ubuntu-beta"": 0.961349}",{},2874,andy-VirtualBox,False
955,cnp_endurance_multivm_20260918T130822Z-task-0000955,correlate.synthetic,2026-09-18T13:45:27.800450+00:00,2026-09-18T13:45:27.854059+00:00,1910.047,ubuntu-beta,ok,53.832,0,"{""debian-alpha"": 0.791, ""ubuntu-beta"": 0.944208}",{},2874,andy-VirtualBox,False
956,cnp_endurance_multivm_20260918T130822Z-task-0000956,parse.synthetic,2026-09-18T13:45:29.794376+00:00,2026-09-18T13:45:29.857995+00:00,1912.063,debian-alpha,ok,63.742,0,"{""debian-alpha"": 0.98244, ""ubuntu-beta"": 0.809}",{},2875,andy,False
957,cnp_endurance_multivm_20260918T130822Z-task-0000957,route.synthetic,2026-09-18T13:45:31.799106+00:00,2026-09-18T13:45:31.855816+00:00,1914.047,ubuntu-beta,ok,56.927,0,"{""debian-alpha"": 0.863827, ""ubuntu-beta"": 0.985479}",{},2874,andy-VirtualBox,False
958,cnp_endurance_multivm_20260918T130822Z-task-0000958,detect.synthetic,2026-09-18T13:45:33.795754+00:00,2026-09-18T13:45:33.846665+00:00,1916.047,ubuntu-beta,ok,51.036,0,"{""debian-alpha"": 0.785, ""ubuntu-beta"": 0.961345}",{},2874,andy-VirtualBox,False
959,cnp_endurance_multivm_20260918T130822Z-task-0000959,correlate.synthetic,2026-09-18T13:45:35.803600+00:00,2026-09-18T13:45:35.860278+00:00,1918.063,ubuntu-beta,ok,56.745,0,"{""debian-alpha"": 0.791, ""ubuntu-beta"": 0.94421}",{},2874,andy-VirtualBox,False
960,cnp_endurance_multivm_20260918T130822Z-task-0000960,parse.synthetic,2026-09-18T13:45:37.822419+00:00,2026-09-18T13:45:40.015825+00:00,1922.219,debian-alpha,ok,2191.71,0,"{""debian-alpha"": 0.982436, ""ubuntu-beta"": 0.809}",{},2875,andy,False
961,cnp_endurance_multivm_20260918T130822Z-task-0000961,route.synthetic,2026-09-18T13:45:40.015825+00:00,2026-09-18T13:45:40.173908+00:00,1922.375,ubuntu-beta,ok,157.722,0,"{""debian-alpha"": 0.863827, ""ubuntu-beta"": 0.985482}",{},2874,andy-VirtualBox,False
962,cnp_endurance_multivm_20260918T130822Z-task-0000962,detect.synthetic,2026-09-18T13:45:41.795377+00:00,2026-09-18T13:45:41.921151+00:00,1924.125,ubuntu-beta,ok,125.776,0,"{""debian-alpha"": 0.785, ""ubuntu-beta"": 0.961348}",{},2874,andy-VirtualBox,False
963,cnp_endurance_multivm_20260918T130822Z-task-0000963,correlate.synthetic,2026-09-18T13:45:43.804985+00:00,2026-09-18T13:45:43.870334+00:00,1926.063,ubuntu-beta,ok,65.655,0,"{""debian-alpha"": 0.791, ""ubuntu-beta"": 0.944215}",{},2874,andy-VirtualBox,False
964,cnp_endurance_multivm_20260918T130822Z-task-0000964,parse.synthetic,2026-09-18T13:45:45.796073+00:00,2026-09-18T13:45:45.859244+00:00,1928.063,debian-alpha,ok,62.864,0,"{""debian-alpha"": 0.982078, ""ubuntu-beta"": 0.809}",{},2875,andy,False
965,cnp_endurance_multivm_20260918T130822Z-task-0000965,route.synthetic,2026-09-18T13:45:47.799631+00:00,2026-09-18T13:45:47.852004+00:00,1930.047,ubuntu-beta,ok,52.726,0,"{""debian-alpha"": 0.863827, ""ubuntu-beta"": 0.985459}",{},2874,andy-VirtualBox,False
966,cnp_endurance_multivm_20260918T130822Z-task-0000966,detect.synthetic,2026-09-18T13:45:49.807939+00:00,2026-09-18T13:45:49.871687+00:00,1932.063,ubuntu-beta,ok,63.858,0,"{""debian-alpha"": 0.785, ""ubuntu-beta"": 0.961313}",{},2874,andy-VirtualBox,False
967,cnp_endurance_multivm_20260918T130822Z-task-0000967,correlate.synthetic,2026-09-18T13:45:51.795681+00:00,2026-09-18T13:45:51.844208+00:00,1934.047,ubuntu-beta,ok,48.596,0,"{""debian-alpha"": 0.791, ""ubuntu-beta"": 0.944214}",{},2874,andy-VirtualBox,False
968,cnp_endurance_multivm_20260918T130822Z-task-0000968,parse.synthetic,2026-09-18T13:45:53.802520+00:00,2026-09-18T13:45:53.859475+00:00,1936.063,debian-alpha,ok,56.898,0,"{""debian-alpha"": 0.982077, ""ubuntu-beta"": 0.809}",{},2875,andy,False
969,cnp_endurance_multivm_20260918T130822Z-task-0000969,route.synthetic,2026-09-18T13:45:55.800291+00:00,2026-09-18T13:45:55.861165+00:00,1938.063,ubuntu-beta,ok,61.087,0,"{""debian-alpha"": 0.863827, ""ubuntu-beta"": 0.985463}",{},2874,andy-VirtualBox,False
970,cnp_endurance_multivm_20260918T130822Z-task-0000970,detect.synthetic,2026-09-18T13:45:57.804978+00:00,2026-09-18T13:45:57.881648+00:00,1940.079,ubuntu-beta,ok,76.685,0,"{""debian-alpha"": 0.785, ""ubuntu-beta"": 0.961321}",{},2874,andy-VirtualBox,False
971,cnp_endurance_multivm_20260918T130822Z-task-0000971,correlate.synthetic,2026-09-18T13:45:59.806807+00:00,2026-09-18T13:45:59.855131+00:00,1942.047,ubuntu-beta,ok,48.708,0,"{""debian-alpha"": 0.791, ""ubuntu-beta"": 0.944222}",{},2874,andy-VirtualBox,False
972,cnp_endurance_multivm_20260918T130822Z-task-0000972,parse.synthetic,2026-09-18T13:46:01.800688+00:00,2026-09-18T13:46:01.849022+00:00,1944.047,debian-alpha,ok,45.389,0,"{""debian-alpha"": 0.982076, ""ubuntu-beta"": 0.809}",{},2875,andy,False
973,cnp_endurance_multivm_20260918T130822Z-task-0000973,route.synthetic,2026-09-18T13:46:03.805209+00:00,2026-09-18T13:46:03.852948+00:00,1946.047,ubuntu-beta,ok,48.286,0,"{""debian-alpha"": 0.863827, ""ubuntu-beta"": 0.985466}",{},2874,andy-VirtualBox,False
974,cnp_endurance_multivm_20260918T130822Z-task-0000974,detect.synthetic,2026-09-18T13:46:05.795005+00:00,2026-09-18T13:46:05.845931+00:00,1948.047,ubuntu-beta,ok,50.931,0,"{""debian-alpha"": 0.785, ""ubuntu-beta"": 0.96132}",{},2874,andy-VirtualBox,False
975,cnp_endurance_multivm_20260918T130822Z-task-0000975,correlate.synthetic,2026-09-18T13:46:07.802507+00:00,2026-09-18T13:46:07.853874+00:00,1950.047,ubuntu-beta,ok,51.426,0,"{""debian-alpha"": 0.791, ""ubuntu-beta"": 0.944228}",{},2874,andy-VirtualBox,False
976,cnp_endurance_multivm_20260918T130822Z-task-0000976,parse.synthetic,2026-09-18T13:46:09.794377+00:00,2026-09-18T13:46:09.845508+00:00,1952.047,debian-alpha,ok,51.302,0,"{""debian-alpha"": 0.98208, ""ubuntu-beta"": 0.809}",{},2875,andy,False
977,cnp_endurance_multivm_20260918T130822Z-task-0000977,route.synthetic,2026-09-18T13:46:11.802859+00:00,2026-09-18T13:46:11.852252+00:00,1954.047,ubuntu-beta,ok,49.825,0,"{""debian-alpha"": 0.863827, ""ubuntu-beta"": 0.985473}",{},2874,andy-VirtualBox,False
978,cnp_endurance_multivm_20260918T130822Z-task-0000978,detect.synthetic,2026-09-18T13:46:13.809272+00:00,2026-09-18T13:46:13.856812+00:00,1956.063,ubuntu-beta,ok,47.855,0,"{""debian-alpha"": 0.785, ""ubuntu-beta"": 0.961328}",{},2874,andy-VirtualBox,False
979,cnp_endurance_multivm_20260918T130822Z-task-0000979,correlate.synthetic,2026-09-18T13:46:15.797012+00:00,2026-09-18T13:46:15.844874+00:00,1958.047,ubuntu-beta,ok,47.922,0,"{""debian-alpha"": 0.791, ""ubuntu-beta"": 0.944233}",{},2874,andy-VirtualBox,False
980,cnp_endurance_multivm_20260918T130822Z-task-0000980,parse.synthetic,2026-09-18T13:46:17.800893+00:00,2026-09-18T13:46:17.855921+00:00,1960.047,debian-alpha,ok,55.252,0,"{""debian-alpha"": 0.982094, ""ubuntu-beta"": 0.809}",{},2875,andy,False
981,cnp_endurance_multivm_20260918T130822Z-task-0000981,route.synthetic,2026-09-18T13:46:19.795806+00:00,2026-09-18T13:46:19.853034+00:00,1962.047,ubuntu-beta,ok,57.506,0,"{""debian-alpha"": 0.863827, ""ubuntu-beta"": 0.985478}",{},2874,andy-VirtualBox,False
982,cnp_endurance_multivm_20260918T130822Z-task-0000982,detect.synthetic,2026-09-18T13:46:21.809641+00:00,2026-09-18T13:46:21.860805+00:00,1964.063,ubuntu-beta,ok,51.209,0,"{""debian-alpha"": 0.785, ""ubuntu-beta"": 0.961331}",{},2874,andy-VirtualBox,False
983,cnp_endurance_multivm_20260918T130822Z-task-0000983,correlate.synthetic,2026-09-18T13:46:23.801272+00:00,2026-09-18T13:46:23.847589+00:00,1966.047,ubuntu-beta,ok,46.687,0,"{""debian-alpha"": 0.791, ""ubuntu-beta"": 0.944239}",{},2874,andy-VirtualBox,False
984,cnp_endurance_multivm_20260918T130822Z-task-0000984,parse.synthetic,2026-09-18T13:46:25.805369+00:00,2026-09-18T13:46:25.852229+00:00,1968.047,debian-alpha,ok,46.717,0,"{""debian-alpha"": 0.982098, ""ubuntu-beta"": 0.809}",{},2875,andy,False
985,cnp_endurance_multivm_20260918T130822Z-task-0000985,route.synthetic,2026-09-18T13:46:27.808528+00:00,2026-09-18T13:46:27.876206+00:00,1970.079,ubuntu-beta,ok,67.627,0,"{""debian-alpha"": 0.863827, ""ubuntu-beta"": 0.985484}",{},2874,andy-VirtualBox,False
986,cnp_endurance_multivm_20260918T130822Z-task-0000986,detect.synthetic,2026-09-18T13:46:29.799543+00:00,2026-09-18T13:46:29.851965+00:00,1972.047,ubuntu-beta,ok,51.838,0,"{""debian-alpha"": 0.785, ""ubuntu-beta"": 0.961333}",{},2874,andy-VirtualBox,False
987,cnp_endurance_multivm_20260918T130822Z-task-0000987,correlate.synthetic,2026-09-18T13:46:31.808638+00:00,2026-09-18T13:46:31.860975+00:00,1974.063,ubuntu-beta,ok,52.227,0,"{""debian-alpha"": 0.791, ""ubuntu-beta"": 0.944244}",{},2874,andy-VirtualBox,False
988,cnp_endurance_multivm_20260918T130822Z-task-0000988,parse.synthetic,2026-09-18T13:46:33.801687+00:00,2026-09-18T13:46:33.845904+00:00,1976.047,debian-alpha,ok,44.509,0,"{""debian-alpha"": 0.982101, ""ubuntu-beta"": 0.809}",{},2875,andy,False
989,cnp_endurance_multivm_20260918T130822Z-task-0000989,route.synthetic,2026-09-18T13:46:35.803697+00:00,2026-09-18T13:46:35.853089+00:00,1978.047,ubuntu-beta,ok,49.513,0,"{""debian-alpha"": 0.863827, ""ubuntu-beta"": 0.985483}",{},2874,andy-VirtualBox,False
990,cnp_endurance_multivm_20260918T130822Z-task-0000990,detect.synthetic,2026-09-18T13:46:37.809173+00:00,2026-09-18T13:46:37.864472+00:00,1980.063,ubuntu-beta,ok,55.187,0,"{""debian-alpha"": 0.785, ""ubuntu-beta"": 0.961336}",{},2874,andy-VirtualBox,False
991,cnp_endurance_multivm_20260918T130822Z-task-0000991,correlate.synthetic,2026-09-18T13:46:39.805383+00:00,2026-09-18T13:46:39.854312+00:00,1982.047,ubuntu-beta,ok,48.861,0,"{""debian-alpha"": 0.791, ""ubuntu-beta"": 0.944244}",{},2874,andy-VirtualBox,False
992,cnp_endurance_multivm_20260918T130822Z-task-0000992,parse.synthetic,2026-09-18T13:46:41.794925+00:00,2026-09-18T13:46:41.848757+00:00,1984.047,debian-alpha,ok,54.104,0,"{""debian-alpha"": 0.982104, ""ubuntu-beta"": 0.809}",{},2875,andy,False
993,cnp_endurance_multivm_20260918T130822Z-task-0000993,route.synthetic,2026-09-18T13:46:43.805409+00:00,2026-09-18T13:46:43.853496+00:00,1986.047,ubuntu-beta,ok,48.418,0,"{""debian-alpha"": 0.863827, ""ubuntu-beta"": 0.985486}",{},2874,andy-VirtualBox,False
994,cnp_endurance_multivm_20260918T130822Z-task-0000994,detect.synthetic,2026-09-18T13:46:45.799232+00:00,2026-09-18T13:46:45.860749+00:00,1988.063,ubuntu-beta,ok,61.312,0,"{""debian-alpha"": 0.785, ""ubuntu-beta"": 0.96134}",{},2874,andy-VirtualBox,False
995,cnp_endurance_multivm_20260918T130822Z-task-0000995,correlate.synthetic,2026-09-18T13:46:47.804694+00:00,2026-09-18T13:46:47.852745+00:00,1990.047,ubuntu-beta,ok,48.308,0,"{""debian-alpha"": 0.791, ""ubuntu-beta"": 0.944257}",{},2874,andy-VirtualBox,False
996,cnp_endurance_multivm_20260918T130822Z-task-0000996,parse.synthetic,2026-09-18T13:46:49.809525+00:00,2026-09-18T13:46:49.856060+00:00,1992.047,debian-alpha,ok,46.518,0,"{""debian-alpha"": 0.982108, ""ubuntu-beta"": 0.809}",{},2875,andy,False
997,cnp_endurance_multivm_20260918T130822Z-task-0000997,route.synthetic,2026-09-18T13:46:51.796709+00:00,2026-09-18T13:46:51.859634+00:00,1994.063,ubuntu-beta,ok,62.482,0,"{""debian-alpha"": 0.863827, ""ubuntu-beta"": 0.985489}",{},2874,andy-VirtualBox,False
998,cnp_endurance_multivm_20260918T130822Z-task-0000998,detect.synthetic,2026-09-18T13:46:53.800207+00:00,2026-09-18T13:46:53.858532+00:00,1996.063,ubuntu-beta,ok,58.013,0,"{""debian-alpha"": 0.785, ""ubuntu-beta"": 0.961341}",{},2874,andy-VirtualBox,False
999,cnp_endurance_multivm_20260918T130822Z-task-0000999,correlate.synthetic,2026-09-18T13:46:55.798491+00:00,2026-09-18T13:46:55.847510+00:00,1998.047,ubuntu-beta,ok,49.24,0,"{""debian-alpha"": 0.791, ""ubuntu-beta"": 0.944257}",{},2874,andy-VirtualBox,False
1000,cnp_endurance_multivm_20260918T130822Z-task-0001000,parse.synthetic,2026-09-18T13:46:57.805637+00:00,2026-09-18T13:46:57.857480+00:00,2000.063,debian-alpha,ok,52.108,0,"{""debian-alpha"": 0.982116, ""ubuntu-beta"": 0.809}",{},2875,andy,False
1001,cnp_endurance_multivm_20260918T130822Z-task-0001001,route.synthetic,2026-09-18T13:46:59.798100+00:00,2026-09-18T13:46:59.850872+00:00,2002.047,ubuntu-beta,ok,52.916,0,"{""debian-alpha"": 0.863827, ""ubuntu-beta"": 0.985491}",{},2874,andy-VirtualBox,False
1002,cnp_endurance_multivm_20260918T130822Z-task-0001002,detect.synthetic,2026-09-18T13:47:01.807638+00:00,2026-09-18T13:47:01.860746+00:00,2004.063,ubuntu-beta,ok,53.526,0,"{""debian-alpha"": 0.785, ""ubuntu-beta"": 0.961342}",{},2874,andy-VirtualBox,False
1003,cnp_endurance_multivm_20260918T130822Z-task-0001003,correlate.synthetic,2026-09-18T13:47:03.801031+00:00,2026-09-18T13:47:03.855249+00:00,2006.047,ubuntu-beta,ok,54.43,0,"{""debian-alpha"": 0.791, ""ubuntu-beta"": 0.944263}",{},2874,andy-VirtualBox,False
1004,cnp_endurance_multivm_20260918T130822Z-task-0001004,parse.synthetic,2026-09-18T13:47:05.795879+00:00,2026-09-18T13:47:05.862009+00:00,2008.063,debian-alpha,ok,65.987,0,"{""debian-alpha"": 0.982116, ""ubuntu-beta"": 0.809}",{},2875,andy,False
1005,cnp_endurance_multivm_20260918T130822Z-task-0001005,route.synthetic,2026-09-18T13:47:07.801692+00:00,2026-09-18T13:47:07.854506+00:00,2010.047,ubuntu-beta,ok,53.068,0,"{""debian-alpha"": 0.863827, ""ubuntu-beta"": 0.985501}",{},2874,andy-VirtualBox,False
1006,cnp_endurance_multivm_20260918T130822Z-task-0001006,detect.synthetic,2026-09-18T13:47:09.794684+00:00,2026-09-18T13:47:09.847114+00:00,2012.047,ubuntu-beta,ok,52.383,0,"{""debian-alpha"": 0.785, ""ubuntu-beta"": 0.961344}",{},2874,andy-VirtualBox,False
1007,cnp_endurance_multivm_20260918T130822Z-task-0001007,correlate.synthetic,2026-09-18T13:47:11.803763+00:00,2026-09-18T13:47:11.853598+00:00,2014.047,ubuntu-beta,ok,50.029,0,"{""debian-alpha"": 0.791, ""ubuntu-beta"": 0.944266}",{},2874,andy-VirtualBox,False
1008,cnp_endurance_multivm_20260918T130822Z-task-0001008,parse.synthetic,2026-09-18T13:47:13.809954+00:00,2026-09-18T13:47:13.862225+00:00,2016.063,debian-alpha,ok,52.558,0,"{""debian-alpha"": 0.982114, ""ubuntu-beta"": 0.809}",{},2875,andy,False
1009,cnp_endurance_multivm_20260918T130822Z-task-0001009,route.synthetic,2026-09-18T13:47:15.802491+00:00,2026-09-18T13:47:15.856006+00:00,2018.047,ubuntu-beta,ok,53.036,0,"{""debian-alpha"": 0.863827, ""ubuntu-beta"": 0.985504}",{},2874,andy-VirtualBox,False
1010,cnp_endurance_multivm_20260918T130822Z-task-0001010,detect.synthetic,2026-09-18T13:47:17.796055+00:00,2026-09-18T13:47:17.872929+00:00,2020.079,ubuntu-beta,ok,76.922,0,"{""debian-alpha"": 0.785, ""ubuntu-beta"": 0.961353}",{},2874,andy-VirtualBox,False
1011,cnp_endurance_multivm_20260918T130822Z-task-0001011,correlate.synthetic,2026-09-18T13:47:19.797930+00:00,2026-09-18T13:47:19.881652+00:00,2022.079,ubuntu-beta,ok,83.721,0,"{""debian-alpha"": 0.791, ""ubuntu-beta"": 0.94427}",{},2874,andy-VirtualBox,False
1012,cnp_endurance_multivm_20260918T130822Z-task-0001012,parse.synthetic,2026-09-18T13:47:21.805967+00:00,2026-09-18T13:47:21.863551+00:00,2024.063,debian-alpha,ok,57.828,0,"{""debian-alpha"": 0.982115, ""ubuntu-beta"": 0.809}",{},2875,andy,False
1013,cnp_endurance_multivm_20260918T130822Z-task-0001013,route.synthetic,2026-09-18T13:47:23.804395+00:00,2026-09-18T13:47:23.867135+00:00,2026.063,ubuntu-beta,ok,63.533,0,"{""debian-alpha"": 0.863827, ""ubuntu-beta"": 0.985508}",{},2874,andy-VirtualBox,False
1014,cnp_endurance_multivm_20260918T130822Z-task-0001014,detect.synthetic,2026-09-18T13:47:25.804947+00:00,2026-09-18T13:47:25.939225+00:00,2028.141,ubuntu-beta,ok,134.098,0,"{""debian-alpha"": 0.785, ""ubuntu-beta"": 0.961356}",{},2874,andy-VirtualBox,False
1015,cnp_endurance_multivm_20260918T130822Z-task-0001015,correlate.synthetic,2026-09-18T13:47:27.832314+00:00,2026-09-18T13:47:29.488166+00:00,2031.688,ubuntu-beta,ok,1655.229,0,"{""debian-alpha"": 0.791, ""ubuntu-beta"": 0.944272}",{},2874,andy-VirtualBox,False
1016,cnp_endurance_multivm_20260918T130822Z-task-0001016,parse.synthetic,2026-09-18T13:47:29.810747+00:00,2026-09-18T13:47:30.091083+00:00,2032.297,debian-alpha,ok,280.896,0,"{""debian-alpha"": 0.982115, ""ubuntu-beta"": 0.809}",{},2875,andy,False
1017,cnp_endurance_multivm_20260918T130822Z-task-0001017,route.synthetic,2026-09-18T13:47:31.811637+00:00,2026-09-18T13:47:32.450309+00:00,2034.641,ubuntu-beta,ok,638.995,0,"{""debian-alpha"": 0.863827, ""ubuntu-beta"": 0.985508}",{},2874,andy-VirtualBox,False
1018,cnp_endurance_multivm_20260918T130822Z-task-0001018,detect.synthetic,2026-09-18T13:47:33.798601+00:00,2026-09-18T13:47:33.874190+00:00,2036.079,ubuntu-beta,ok,75.939,0,"{""debian-alpha"": 0.785, ""ubuntu-beta"": 0.961344}",{},2874,andy-VirtualBox,False
1019,cnp_endurance_multivm_20260918T130822Z-task-0001019,correlate.synthetic,2026-09-18T13:47:35.799097+00:00,2026-09-18T13:47:35.876284+00:00,2038.079,ubuntu-beta,ok,78.337,0,"{""debian-alpha"": 0.791, ""ubuntu-beta"": 0.943919}",{},2874,andy-VirtualBox,False
1020,cnp_endurance_multivm_20260918T130822Z-task-0001020,parse.synthetic,2026-09-18T13:47:37.804820+00:00,2026-09-18T13:47:37.932617+00:00,2040.125,debian-alpha,ok,128.043,0,"{""debian-alpha"": 0.982007, ""ubuntu-beta"": 0.809}",{},2875,andy,False
1021,cnp_endurance_multivm_20260918T130822Z-task-0001021,route.synthetic,2026-09-18T13:47:39.797752+00:00,2026-09-18T13:47:40.357104+00:00,2042.563,ubuntu-beta,ok,559.635,0,"{""debian-alpha"": 0.863827, ""ubuntu-beta"": 0.985305}",{},2874,andy-VirtualBox,False
1022,cnp_endurance_multivm_20260918T130822Z-task-0001022,detect.synthetic,2026-09-18T13:47:41.797258+00:00,2026-09-18T13:47:41.864658+00:00,2044.063,ubuntu-beta,ok,67.706,0,"{""debian-alpha"": 0.785, ""ubuntu-beta"": 0.961345}",{},2874,andy-VirtualBox,False
1023,cnp_endurance_multivm_20260918T130822Z-task-0001023,correlate.synthetic,2026-09-18T13:47:43.806714+00:00,2026-09-18T13:47:43.905826+00:00,2046.11,ubuntu-beta,ok,98.908,0,"{""debian-alpha"": 0.791, ""ubuntu-beta"": 0.943919}",{},2874,andy-VirtualBox,False
1024,cnp_endurance_multivm_20260918T130822Z-task-0001024,parse.synthetic,2026-09-18T13:47:45.801369+00:00,2026-09-18T13:47:45.858601+00:00,2048.063,debian-alpha,ok,57.452,0,"{""debian-alpha"": 0.981997, ""ubuntu-beta"": 0.809}",{},2875,andy,False
1025,cnp_endurance_multivm_20260918T130822Z-task-0001025,route.synthetic,2026-09-18T13:47:47.798940+00:00,2026-09-18T13:47:47.873156+00:00,2050.079,ubuntu-beta,ok,74.074,0,"{""debian-alpha"": 0.863827, ""ubuntu-beta"": 0.985306}",{},2874,andy-VirtualBox,False
1026,cnp_endurance_multivm_20260918T130822Z-task-0001026,detect.synthetic,2026-09-18T13:47:49.799804+00:00,2026-09-18T13:47:49.851793+00:00,2052.047,ubuntu-beta,ok,52.175,0,"{""debian-alpha"": 0.785, ""ubuntu-beta"": 0.961341}",{},2874,andy-VirtualBox,False
1027,cnp_endurance_multivm_20260918T130822Z-task-0001027,correlate.synthetic,2026-09-18T13:47:51.808392+00:00,2026-09-18T13:47:51.858787+00:00,2054.063,ubuntu-beta,ok,50.351,0,"{""debian-alpha"": 0.791, ""ubuntu-beta"": 0.94391}",{},2874,andy-VirtualBox,False
1028,cnp_endurance_multivm_20260918T130822Z-task-0001028,parse.synthetic,2026-09-18T13:47:53.798940+00:00,2026-09-18T13:47:53.857880+00:00,2056.063,debian-alpha,ok,58.926,0,"{""debian-alpha"": 0.981998, ""ubuntu-beta"": 0.809}",{},2875,andy,False
1029,cnp_endurance_multivm_20260918T130822Z-task-0001029,route.synthetic,2026-09-18T13:47:55.799477+00:00,2026-09-18T13:47:55.876092+00:00,2058.079,ubuntu-beta,ok,76.49,0,"{""debian-alpha"": 0.863827, ""ubuntu-beta"": 0.985305}",{},2874,andy-VirtualBox,False
1030,cnp_endurance_multivm_20260918T130822Z-task-0001030,detect.synthetic,2026-09-18T13:47:57.803200+00:00,2026-09-18T13:47:57.862886+00:00,2060.063,ubuntu-beta,ok,60.345,0,"{""debian-alpha"": 0.785, ""ubuntu-beta"": 0.961358}",{},2874,andy-VirtualBox,False
1031,cnp_endurance_multivm_20260918T130822Z-task-0001031,correlate.synthetic,2026-09-18T13:47:59.804346+00:00,2026-09-18T13:47:59.851490+00:00,2062.047,ubuntu-beta,ok,46.936,0,"{""debian-alpha"": 0.791, ""ubuntu-beta"": 0.943917}",{},2874,andy-VirtualBox,False
1032,cnp_endurance_multivm_20260918T130822Z-task-0001032,parse.synthetic,2026-09-18T13:48:01.808028+00:00,2026-09-18T13:48:01.856315+00:00,2064.047,debian-alpha,ok,48.241,0,"{""debian-alpha"": 0.982002, ""ubuntu-beta"": 0.809}",{},2875,andy,False
1033,cnp_endurance_multivm_20260918T130822Z-task-0001033,route.synthetic,2026-09-18T13:48:03.796087+00:00,2026-09-18T13:48:03.848781+00:00,2066.047,ubuntu-beta,ok,52.601,0,"{""debian-alpha"": 0.863827, ""ubuntu-beta"": 0.985308}",{},2874,andy-VirtualBox,False
1034,cnp_endurance_multivm_20260918T130822Z-task-0001034,detect.synthetic,2026-09-18T13:48:05.805182+00:00,2026-09-18T13:48:05.979812+00:00,2068.172,ubuntu-beta,ok,174.171,0,"{""debian-alpha"": 0.785, ""ubuntu-beta"": 0.961364}",{},2874,andy-VirtualBox,False
1035,cnp_endurance_multivm_20260918T130822Z-task-0001035,correlate.synthetic,2026-09-18T13:48:07.795864+00:00,2026-09-18T13:48:07.848454+00:00,2070.047,ubuntu-beta,ok,52.836,0,"{""debian-alpha"": 0.791, ""ubuntu-beta"": 0.943938}",{},2874,andy-VirtualBox,False
1036,cnp_endurance_multivm_20260918T130822Z-task-0001036,parse.synthetic,2026-09-18T13:48:09.805973+00:00,2026-09-18T13:48:09.858935+00:00,2072.063,debian-alpha,ok,52.995,0,"{""debian-alpha"": 0.982003, ""ubuntu-beta"": 0.809}",{},2875,andy,False
1037,cnp_endurance_multivm_20260918T130822Z-task-0001037,route.synthetic,2026-09-18T13:48:11.798703+00:00,2026-09-18T13:48:11.852638+00:00,2074.047,ubuntu-beta,ok,54.368,0,"{""debian-alpha"": 0.863827, ""ubuntu-beta"": 0.985312}",{},2874,andy-VirtualBox,False
1038,cnp_endurance_multivm_20260918T130822Z-task-0001038,detect.synthetic,2026-09-18T13:48:13.809697+00:00,2026-09-18T13:48:13.866912+00:00,2076.063,ubuntu-beta,ok,57.548,0,"{""debian-alpha"": 0.785, ""ubuntu-beta"": 0.961363}",{},2874,andy-VirtualBox,False
1039,cnp_endurance_multivm_20260918T130822Z-task-0001039,correlate.synthetic,2026-09-18T13:48:15.807299+00:00,2026-09-18T13:48:15.854636+00:00,2078.047,ubuntu-beta,ok,47.514,0,"{""debian-alpha"": 0.791, ""ubuntu-beta"": 0.943944}",{},2874,andy-VirtualBox,False
1040,cnp_endurance_multivm_20260918T130822Z-task-0001040,parse.synthetic,2026-09-18T13:48:17.799785+00:00,2026-09-18T13:48:17.852229+00:00,2080.047,debian-alpha,ok,52.504,0,"{""debian-alpha"": 0.98204, ""ubuntu-beta"": 0.809}",{},2875,andy,False
1041,cnp_endurance_multivm_20260918T130822Z-task-0001041,route.synthetic,2026-09-18T13:48:19.809199+00:00,2026-09-18T13:48:19.869705+00:00,2082.063,ubuntu-beta,ok,60.498,0,"{""debian-alpha"": 0.863827, ""ubuntu-beta"": 0.985324}",{},2874,andy-VirtualBox,False
1042,cnp_endurance_multivm_20260918T130822Z-task-0001042,detect.synthetic,2026-09-18T13:48:21.794397+00:00,2026-09-18T13:48:21.848878+00:00,2084.047,ubuntu-beta,ok,54.484,0,"{""debian-alpha"": 0.785, ""ubuntu-beta"": 0.961364}",{},2874,andy-VirtualBox,False
1043,cnp_endurance_multivm_20260918T130822Z-task-0001043,correlate.synthetic,2026-09-18T13:48:23.804493+00:00,2026-09-18T13:48:23.871450+00:00,2086.063,ubuntu-beta,ok,66.374,0,"{""debian-alpha"": 0.791, ""ubuntu-beta"": 0.943949}",{},2874,andy-VirtualBox,False
1044,cnp_endurance_multivm_20260918T130822Z-task-0001044,parse.synthetic,2026-09-18T13:48:25.795774+00:00,2026-09-18T13:48:25.852511+00:00,2088.047,debian-alpha,ok,56.924,0,"{""debian-alpha"": 0.982045, ""ubuntu-beta"": 0.809}",{},2875,andy,False
1045,cnp_endurance_multivm_20260918T130822Z-task-0001045,route.synthetic,2026-09-18T13:48:27.796801+00:00,2026-09-18T13:48:27.849461+00:00,2090.047,ubuntu-beta,ok,52.871,0,"{""debian-alpha"": 0.863827, ""ubuntu-beta"": 0.985337}",{},2874,andy-VirtualBox,False
1046,cnp_endurance_multivm_20260918T130822Z-task-0001046,detect.synthetic,2026-09-18T13:48:29.805745+00:00,2026-09-18T13:48:29.856547+00:00,2092.047,ubuntu-beta,ok,51.031,0,"{""debian-alpha"": 0.785, ""ubuntu-beta"": 0.961373}",{},2874,andy-VirtualBox,False
1047,cnp_endurance_multivm_20260918T130822Z-task-0001047,correlate.synthetic,2026-09-18T13:48:31.797358+00:00,2026-09-18T13:48:31.849818+00:00,2094.047,ubuntu-beta,ok,52.501,0,"{""debian-alpha"": 0.791, ""ubuntu-beta"": 0.943952}",{},2874,andy-VirtualBox,False
1048,cnp_endurance_multivm_20260918T130822Z-task-0001048,parse.synthetic,2026-09-18T13:48:33.802952+00:00,2026-09-18T13:48:33.886020+00:00,2096.079,debian-alpha,ok,82.785,0,"{""debian-alpha"": 0.982052, ""ubuntu-beta"": 0.809}",{},2875,andy,False
1049,cnp_endurance_multivm_20260918T130822Z-task-0001049,route.synthetic,2026-09-18T13:48:35.799392+00:00,2026-09-18T13:48:35.852222+00:00,2098.047,ubuntu-beta,ok,52.756,0,"{""debian-alpha"": 0.863827, ""ubuntu-beta"": 0.985353}",{},2874,andy-VirtualBox,False
1050,cnp_endurance_multivm_20260918T130822Z-task-0001050,detect.synthetic,2026-09-18T13:48:37.808226+00:00,2026-09-18T13:48:37.863959+00:00,2100.063,ubuntu-beta,ok,55.968,0,"{""debian-alpha"": 0.785, ""ubuntu-beta"": 0.96227}",{},2874,andy-VirtualBox,False
1051,cnp_endurance_multivm_20260918T130822Z-task-0001051,correlate.synthetic,2026-09-18T13:48:39.804428+00:00,2026-09-18T13:48:39.856700+00:00,2102.063,ubuntu-beta,ok,52.774,0,"{""debian-alpha"": 0.791, ""ubuntu-beta"": 0.944041}",{},2874,andy-VirtualBox,False
1052,cnp_endurance_multivm_20260918T130822Z-task-0001052,parse.synthetic,2026-09-18T13:48:41.802874+00:00,2026-09-18T13:48:42.112821+00:00,2104.313,debian-alpha,ok,310.361,0,"{""debian-alpha"": 0.982102, ""ubuntu-beta"": 0.809}",{},2875,andy,False
1053,cnp_endurance_multivm_20260918T130822Z-task-0001053,route.synthetic,2026-09-18T13:48:43.796421+00:00,2026-09-18T13:48:43.906210+00:00,2106.11,ubuntu-beta,ok,110.415,0,"{""debian-alpha"": 0.863827, ""ubuntu-beta"": 0.985377}",{},2874,andy-VirtualBox,False
1054,cnp_endurance_multivm_20260918T130822Z-task-0001054,detect.synthetic,2026-09-18T13:48:45.800067+00:00,2026-09-18T13:48:45.858044+00:00,2108.063,ubuntu-beta,ok,58.467,0,"{""debian-alpha"": 0.785, ""ubuntu-beta"": 0.962272}",{},2874,andy-VirtualBox,False
1055,cnp_endurance_multivm_20260918T130822Z-task-0001055,correlate.synthetic,2026-09-18T13:48:47.799391+00:00,2026-09-18T13:48:47.868535+00:00,2110.063,ubuntu-beta,ok,69.242,0,"{""debian-alpha"": 0.791, ""ubuntu-beta"": 0.944043}",{},2874,andy-VirtualBox,False
1056,cnp_endurance_multivm_20260918T130822Z-task-0001056,parse.synthetic,2026-09-18T13:48:49.809542+00:00,2026-09-18T13:48:49.860004+00:00,2112.063,debian-alpha,ok,50.652,0,"{""debian-alpha"": 0.982004, ""ubuntu-beta"": 0.809}",{},2875,andy,False
1057,cnp_endurance_multivm_20260918T130822Z-task-0001057,route.synthetic,2026-09-18T13:48:51.799887+00:00,2026-09-18T13:48:51.858038+00:00,2114.063,ubuntu-beta,ok,57.899,0,"{""debian-alpha"": 0.863827, ""ubuntu-beta"": 0.98537}",{},2874,andy-VirtualBox,False
1058,cnp_endurance_multivm_20260918T130822Z-task-0001058,detect.synthetic,2026-09-18T13:48:53.797748+00:00,2026-09-18T13:48:53.851793+00:00,2116.047,ubuntu-beta,ok,54.109,0,"{""debian-alpha"": 0.785, ""ubuntu-beta"": 0.962278}",{},2874,andy-VirtualBox,False
1059,cnp_endurance_multivm_20260918T130822Z-task-0001059,correlate.synthetic,2026-09-18T13:48:55.801140+00:00,2026-09-18T13:48:55.863746+00:00,2118.063,ubuntu-beta,ok,62.952,0,"{""debian-alpha"": 0.791, ""ubuntu-beta"": 0.944042}",{},2874,andy-VirtualBox,False
1060,cnp_endurance_multivm_20260918T130822Z-task-0001060,parse.synthetic,2026-09-18T13:48:57.805193+00:00,2026-09-18T13:48:57.852141+00:00,2120.047,debian-alpha,ok,46.822,0,"{""debian-alpha"": 0.982002, ""ubuntu-beta"": 0.809}",{},2875,andy,False
1061,cnp_endurance_multivm_20260918T130822Z-task-0001061,route.synthetic,2026-09-18T13:48:59.808018+00:00,2026-09-18T13:48:59.859486+00:00,2122.063,ubuntu-beta,ok,51.559,0,"{""debian-alpha"": 0.863827, ""ubuntu-beta"": 0.985381}",{},2874,andy-VirtualBox,False
1062,cnp_endurance_multivm_20260918T130822Z-task-0001062,detect.synthetic,2026-09-18T13:49:01.800562+00:00,2026-09-18T13:49:01.848037+00:00,2124.047,ubuntu-beta,ok,47.476,0,"{""debian-alpha"": 0.785, ""ubuntu-beta"": 0.962285}",{},2874,andy-VirtualBox,False
1063,cnp_endurance_multivm_20260918T130822Z-task-0001063,correlate.synthetic,2026-09-18T13:49:03.804313+00:00,2026-09-18T13:49:03.865416+00:00,2126.063,ubuntu-beta,ok,61.393,0,"{""debian-alpha"": 0.791, ""ubuntu-beta"": 0.944045}",{},2874,andy-VirtualBox,False
1064,cnp_endurance_multivm_20260918T130822Z-task-0001064,parse.synthetic,2026-09-18T13:49:05.804915+00:00,2026-09-18T13:49:05.850277+00:00,2128.047,debian-alpha,ok,45.264,0,"{""debian-alpha"": 0.982741, ""ubuntu-beta"": 0.809}",{},2875,andy,False
1065,cnp_endurance_multivm_20260918T130822Z-task-0001065,route.synthetic,2026-09-18T13:49:07.807124+00:00,2026-09-18T13:49:07.859110+00:00,2130.063,ubuntu-beta,ok,52.129,0,"{""debian-alpha"": 0.863827, ""ubuntu-beta"": 0.986008}",{},2874,andy-VirtualBox,False
1066,cnp_endurance_multivm_20260918T130822Z-task-0001066,detect.synthetic,2026-09-18T13:49:09.799461+00:00,2026-09-18T13:49:09.851068+00:00,2132.047,ubuntu-beta,ok,51.803,0,"{""debian-alpha"": 0.785, ""ubuntu-beta"": 0.962319}",{},2874,andy-VirtualBox,False
1067,cnp_endurance_multivm_20260918T130822Z-task-0001067,correlate.synthetic,2026-09-18T13:49:11.808193+00:00,2026-09-18T13:49:11.859500+00:00,2134.063,ubuntu-beta,ok,51.509,0,"{""debian-alpha"": 0.791, ""ubuntu-beta"": 0.944092}",{},2874,andy-VirtualBox,False
1068,cnp_endurance_multivm_20260918T130822Z-task-0001068,parse.synthetic,2026-09-18T13:49:13.800992+00:00,2026-09-18T13:49:13.844911+00:00,2136.047,debian-alpha,ok,44.011,0,"{""debian-alpha"": 0.982791, ""ubuntu-beta"": 0.809}",{},2875,andy,False
1069,cnp_endurance_multivm_20260918T130822Z-task-0001069,route.synthetic,2026-09-18T13:49:15.800654+00:00,2026-09-18T13:49:15.854454+00:00,2138.047,ubuntu-beta,ok,53.937,0,"{""debian-alpha"": 0.863827, ""ubuntu-beta"": 0.986049}",{},2874,andy-VirtualBox,False
1070,cnp_endurance_multivm_20260918T130822Z-task-0001070,detect.synthetic,2026-09-18T13:49:17.802540+00:00,2026-09-18T13:49:18.042171+00:00,2140.235,ubuntu-beta,ok,239.419,0,"{""debian-alpha"": 0.785, ""ubuntu-beta"": 0.962446}",{},2874,andy-VirtualBox,False
1071,cnp_endurance_multivm_20260918T130822Z-task-0001071,correlate.synthetic,2026-09-18T13:49:19.826675+00:00,2026-09-18T13:49:21.000981+00:00,2143.204,ubuntu-beta,ok,1174.231,0,"{""debian-alpha"": 0.791, ""ubuntu-beta"": 0.944108}",{},2874,andy-VirtualBox,False
1072,cnp_endurance_multivm_20260918T130822Z-task-0001072,parse.synthetic,2026-09-18T13:49:21.801269+00:00,2026-09-18T13:49:22.379227+00:00,2144.579,debian-alpha,ok,578.385,0,"{""debian-alpha"": 0.982804, ""ubuntu-beta"": 0.809}",{},2875,andy,False
1073,cnp_endurance_multivm_20260918T130822Z-task-0001073,route.synthetic,2026-09-18T13:49:23.806736+00:00,2026-09-18T13:49:23.890160+00:00,2146.094,ubuntu-beta,ok,81.937,0,"{""debian-alpha"": 0.863827, ""ubuntu-beta"": 0.986061}",{},2874,andy-VirtualBox,False
1074,cnp_endurance_multivm_20260918T130822Z-task-0001074,detect.synthetic,2026-09-18T13:49:25.802321+00:00,2026-09-18T13:49:25.859849+00:00,2148.063,ubuntu-beta,ok,57.613,0,"{""debian-alpha"": 0.785, ""ubuntu-beta"": 0.962443}",{},2874,andy-VirtualBox,False
1075,cnp_endurance_multivm_20260918T130822Z-task-0001075,correlate.synthetic,2026-09-18T13:49:27.800682+00:00,2026-09-18T13:49:27.869723+00:00,2150.063,ubuntu-beta,ok,69.153,0,"{""debian-alpha"": 0.791, ""ubuntu-beta"": 0.943882}",{},2874,andy-VirtualBox,False
1076,cnp_endurance_multivm_20260918T130822Z-task-0001076,parse.synthetic,2026-09-18T13:49:29.794478+00:00,2026-09-18T13:49:29.842301+00:00,2152.047,debian-alpha,ok,47.933,0,"{""debian-alpha"": 0.98278, ""ubuntu-beta"": 0.809}",{},2875,andy,False
1077,cnp_endurance_multivm_20260918T130822Z-task-0001077,route.synthetic,2026-09-18T13:49:31.798727+00:00,2026-09-18T13:49:31.844916+00:00,2154.047,ubuntu-beta,ok,46.226,0,"{""debian-alpha"": 0.863827, ""ubuntu-beta"": 0.986056}",{},2874,andy-VirtualBox,False
1078,cnp_endurance_multivm_20260918T130822Z-task-0001078,detect.synthetic,2026-09-18T13:49:33.801154+00:00,2026-09-18T13:49:33.849264+00:00,2156.047,ubuntu-beta,ok,48.381,0,"{""debian-alpha"": 0.785, ""ubuntu-beta"": 0.962448}",{},2874,andy-VirtualBox,False
1079,cnp_endurance_multivm_20260918T130822Z-task-0001079,correlate.synthetic,2026-09-18T13:49:35.806317+00:00,2026-09-18T13:49:35.867135+00:00,2158.063,ubuntu-beta,ok,60.463,0,"{""debian-alpha"": 0.791, ""ubuntu-beta"": 0.943883}",{},2874,andy-VirtualBox,False
1080,cnp_endurance_multivm_20260918T130822Z-task-0001080,parse.synthetic,2026-09-18T13:49:37.810377+00:00,2026-09-18T13:49:37.918087+00:00,2160.11,debian-alpha,ok,106.691,0,"{""debian-alpha"": 0.982781, ""ubuntu-beta"": 0.809}",{},2875,andy,False
1081,cnp_endurance_multivm_20260918T130822Z-task-0001081,route.synthetic,2026-09-18T13:49:39.795759+00:00,2026-09-18T13:49:39.846563+00:00,2162.047,ubuntu-beta,ok,51.002,0,"{""debian-alpha"": 0.863827, ""ubuntu-beta"": 0.98606}",{},2874,andy-VirtualBox,False
1082,cnp_endurance_multivm_20260918T130822Z-task-0001082,detect.synthetic,2026-09-18T13:49:41.802627+00:00,2026-09-18T13:49:41.852392+00:00,2164.047,ubuntu-beta,ok,50.075,0,"{""debian-alpha"": 0.785, ""ubuntu-beta"": 0.962453}",{},2874,andy-VirtualBox,False
1083,cnp_endurance_multivm_20260918T130822Z-task-0001083,correlate.synthetic,2026-09-18T13:49:43.808911+00:00,2026-09-18T13:49:43.861103+00:00,2166.063,ubuntu-beta,ok,52.429,0,"{""debian-alpha"": 0.791, ""ubuntu-beta"": 0.943885}",{},2874,andy-VirtualBox,False
1084,cnp_endurance_multivm_20260918T130822Z-task-0001084,parse.synthetic,2026-09-18T13:49:45.801288+00:00,2026-09-18T13:49:45.857144+00:00,2168.063,debian-alpha,ok,56.137,0,"{""debian-alpha"": 0.982793, ""ubuntu-beta"": 0.809}",{},2875,andy,False
1085,cnp_endurance_multivm_20260918T130822Z-task-0001085,route.synthetic,2026-09-18T13:49:47.797947+00:00,2026-09-18T13:49:47.856180+00:00,2170.047,ubuntu-beta,ok,58.333,0,"{""debian-alpha"": 0.863827, ""ubuntu-beta"": 0.986066}",{},2874,andy-VirtualBox,False
1086,cnp_endurance_multivm_20260918T130822Z-task-0001086,detect.synthetic,2026-09-18T13:49:49.796015+00:00,2026-09-18T13:49:49.850134+00:00,2172.047,ubuntu-beta,ok,54.225,0,"{""debian-alpha"": 0.785, ""ubuntu-beta"": 0.962462}",{},2874,andy-VirtualBox,False
1087,cnp_endurance_multivm_20260918T130822Z-task-0001087,correlate.synthetic,2026-09-18T13:49:51.805999+00:00,2026-09-18T13:49:51.859393+00:00,2174.063,ubuntu-beta,ok,53.376,0,"{""debian-alpha"": 0.791, ""ubuntu-beta"": 0.943889}",{},2874,andy-VirtualBox,False
1088,cnp_endurance_multivm_20260918T130822Z-task-0001088,parse.synthetic,2026-09-18T13:49:53.799503+00:00,2026-09-18T13:49:53.845404+00:00,2176.047,debian-alpha,ok,46.243,0,"{""debian-alpha"": 0.982808, ""ubuntu-beta"": 0.809}",{},2875,andy,False
1089,cnp_endurance_multivm_20260918T130822Z-task-0001089,route.synthetic,2026-09-18T13:49:55.801727+00:00,2026-09-18T13:49:55.863558+00:00,2178.063,ubuntu-beta,ok,62.089,0,"{""debian-alpha"": 0.863827, ""ubuntu-beta"": 0.986072}",{},2874,andy-VirtualBox,False
1090,cnp_endurance_multivm_20260918T130822Z-task-0001090,detect.synthetic,2026-09-18T13:49:57.803698+00:00,2026-09-18T13:49:57.868147+00:00,2180.063,ubuntu-beta,ok,64.505,0,"{""debian-alpha"": 0.785, ""ubuntu-beta"": 0.962464}",{},2874,andy-VirtualBox,False
1091,cnp_endurance_multivm_20260918T130822Z-task-0001091,correlate.synthetic,2026-09-18T13:49:59.808187+00:00,2026-09-18T13:49:59.865055+00:00,2182.063,ubuntu-beta,ok,56.69,0,"{""debian-alpha"": 0.791, ""ubuntu-beta"": 0.943894}",{},2874,andy-VirtualBox,False
1092,cnp_endurance_multivm_20260918T130822Z-task-0001092,parse.synthetic,2026-09-18T13:50:01.804474+00:00,2026-09-18T13:50:01.853017+00:00,2184.047,debian-alpha,ok,48.886,0,"{""debian-alpha"": 0.98281, ""ubuntu-beta"": 0.809}",{},2875,andy,False
1093,cnp_endurance_multivm_20260918T130822Z-task-0001093,route.synthetic,2026-09-18T13:50:03.809545+00:00,2026-09-18T13:50:03.856744+00:00,2186.063,ubuntu-beta,ok,47.731,0,"{""debian-alpha"": 0.863827, ""ubuntu-beta"": 0.986072}",{},2874,andy-VirtualBox,False
1094,cnp_endurance_multivm_20260918T130822Z-task-0001094,detect.synthetic,2026-09-18T13:50:05.798462+00:00,2026-09-18T13:50:05.852329+00:00,2188.047,ubuntu-beta,ok,54.332,0,"{""debian-alpha"": 0.785, ""ubuntu-beta"": 0.962462}",{},2874,andy-VirtualBox,False
1095,cnp_endurance_multivm_20260918T130822Z-task-0001095,correlate.synthetic,2026-09-18T13:50:07.808760+00:00,2026-09-18T13:50:07.863044+00:00,2190.063,ubuntu-beta,ok,54.393,0,"{""debian-alpha"": 0.791, ""ubuntu-beta"": 0.943897}",{},2874,andy-VirtualBox,False
1096,cnp_endurance_multivm_20260918T130822Z-task-0001096,parse.synthetic,2026-09-18T13:50:09.803571+00:00,2026-09-18T13:50:09.887119+00:00,2192.079,debian-alpha,ok,83.446,0,"{""debian-alpha"": 0.982816, ""ubuntu-beta"": 0.809}",{},2875,andy,False
1097,cnp_endurance_multivm_20260918T130822Z-task-0001097,route.synthetic,2026-09-18T13:50:11.796652+00:00,2026-09-18T13:50:11.850480+00:00,2194.047,ubuntu-beta,ok,54.018,0,"{""debian-alpha"": 0.863827, ""ubuntu-beta"": 0.986078}",{},2874,andy-VirtualBox,False
1098,cnp_endurance_multivm_20260918T130822Z-task-0001098,detect.synthetic,2026-09-18T13:50:13.806972+00:00,2026-09-18T13:50:13.865072+00:00,2196.063,ubuntu-beta,ok,58.06,0,"{""debian-alpha"": 0.785, ""ubuntu-beta"": 0.962465}",{},2874,andy-VirtualBox,False
1099,cnp_endurance_multivm_20260918T130822Z-task-0001099,correlate.synthetic,2026-09-18T13:50:15.801765+00:00,2026-09-18T13:50:15.924355+00:00,2198.125,ubuntu-beta,ok,122.533,0,"{""debian-alpha"": 0.791, ""ubuntu-beta"": 0.9439}",{},2874,andy-VirtualBox,False
1100,cnp_endurance_multivm_20260918T130822Z-task-0001100,parse.synthetic,2026-09-18T13:50:17.800108+00:00,2026-09-18T13:50:17.909138+00:00,2200.11,debian-alpha,ok,106.912,0,"{""debian-alpha"": 0.982819, ""ubuntu-beta"": 0.809}",{},2875,andy,False
1101,cnp_endurance_multivm_20260918T130822Z-task-0001101,route.synthetic,2026-09-18T13:50:19.814862+00:00,2026-09-18T13:50:20.354760+00:00,2202.547,ubuntu-beta,ok,539.655,0,"{""debian-alpha"": 0.863827, ""ubuntu-beta"": 0.986089}",{},2874,andy-VirtualBox,False
1102,cnp_endurance_multivm_20260918T130822Z-task-0001102,detect.synthetic,2026-09-18T13:50:21.818296+00:00,2026-09-18T13:50:23.632891+00:00,2205.829,ubuntu-beta,ok,1814.418,0,"{""debian-alpha"": 0.785, ""ubuntu-beta"": 0.962473}",{},2874,andy-VirtualBox,False
1103,cnp_endurance_multivm_20260918T130822Z-task-0001103,correlate.synthetic,2026-09-18T13:50:23.804771+00:00,2026-09-18T13:50:24.183904+00:00,2206.375,ubuntu-beta,ok,379.292,0,"{""debian-alpha"": 0.791, ""ubuntu-beta"": 0.943883}",{},2874,andy-VirtualBox,False
1104,cnp_endurance_multivm_20260918T130822Z-task-0001104,parse.synthetic,2026-09-18T13:50:25.806810+00:00,2026-09-18T13:50:25.942326+00:00,2208.141,debian-alpha,ok,135.765,0,"{""debian-alpha"": 0.98282, ""ubuntu-beta"": 0.809}",{},2875,andy,False
1105,cnp_endurance_multivm_20260918T130822Z-task-0001105,route.synthetic,2026-09-18T13:50:27.804219+00:00,2026-09-18T13:50:27.963684+00:00,2210.157,ubuntu-beta,ok,159.683,0,"{""debian-alpha"": 0.863827, ""ubuntu-beta"": 0.986042}",{},2874,andy-VirtualBox,False
1106,cnp_endurance_multivm_20260918T130822Z-task-0001106,detect.synthetic,2026-09-18T13:50:29.799309+00:00,2026-09-18T13:50:29.946797+00:00,2212.141,ubuntu-beta,ok,148.071,0,"{""debian-alpha"": 0.785, ""ubuntu-beta"": 0.962118}",{},2874,andy-VirtualBox,False
1107,cnp_endurance_multivm_20260918T130822Z-task-0001107,correlate.synthetic,2026-09-18T13:50:31.794349+00:00,2026-09-18T13:50:31.848684+00:00,2214.047,ubuntu-beta,ok,54.458,0,"{""debian-alpha"": 0.791, ""ubuntu-beta"": 0.943755}",{},2874,andy-VirtualBox,False
1108,cnp_endurance_multivm_20260918T130822Z-task-0001108,parse.synthetic,2026-09-18T13:50:33.805104+00:00,2026-09-18T13:50:33.850088+00:00,2216.047,debian-alpha,ok,45.681,0,"{""debian-alpha"": 0.982806, ""ubuntu-beta"": 0.809}",{},2875,andy,False
1109,cnp_endurance_multivm_20260918T130822Z-task-0001109,route.synthetic,2026-09-18T13:50:35.795460+00:00,2026-09-18T13:50:35.887060+00:00,2218.079,ubuntu-beta,ok,91.057,0,"{""debian-alpha"": 0.863827, ""ubuntu-beta"": 0.986001}",{},2874,andy-VirtualBox,False
1110,cnp_endurance_multivm_20260918T130822Z-task-0001110,detect.synthetic,2026-09-18T13:50:37.796573+00:00,2026-09-18T13:50:37.854230+00:00,2220.047,ubuntu-beta,ok,57.79,0,"{""debian-alpha"": 0.785, ""ubuntu-beta"": 0.962097}",{},2874,andy-VirtualBox,False
1111,cnp_endurance_multivm_20260918T130822Z-task-0001111,correlate.synthetic,2026-09-18T13:50:39.795250+00:00,2026-09-18T13:50:39.841440+00:00,2222.047,ubuntu-beta,ok,46.387,0,"{""debian-alpha"": 0.791, ""ubuntu-beta"": 0.943755}",{},2874,andy-VirtualBox,False
1112,cnp_endurance_multivm_20260918T130822Z-task-0001112,parse.synthetic,2026-09-18T13:50:41.803856+00:00,2026-09-18T13:50:41.898761+00:00,2224.094,debian-alpha,ok,95.196,0,"{""debian-alpha"": 0.982814, ""ubuntu-beta"": 0.809}",{},2875,andy,False
1113,cnp_endurance_multivm_20260918T130822Z-task-0001113,route.synthetic,2026-09-18T13:50:43.803208+00:00,2026-09-18T13:50:43.868673+00:00,2226.063,ubuntu-beta,ok,65.791,0,"{""debian-alpha"": 0.863827, ""ubuntu-beta"": 0.985996}",{},2874,andy-VirtualBox,False
1114,cnp_endurance_multivm_20260918T130822Z-task-0001114,detect.synthetic,2026-09-18T13:50:45.809721+00:00,2026-09-18T13:50:45.856543+00:00,2228.047,ubuntu-beta,ok,46.898,0,"{""debian-alpha"": 0.785, ""ubuntu-beta"": 0.962099}",{},2874,andy-VirtualBox,False
1115,cnp_endurance_multivm_20260918T130822Z-task-0001115,correlate.synthetic,2026-09-18T13:50:47.797137+00:00,2026-09-18T13:50:47.854400+00:00,2230.047,ubuntu-beta,ok,57.217,0,"{""debian-alpha"": 0.791, ""ubuntu-beta"": 0.943758}",{},2874,andy-VirtualBox,False
1116,cnp_endurance_multivm_20260918T130822Z-task-0001116,parse.synthetic,2026-09-18T13:50:49.798663+00:00,2026-09-18T13:50:49.842018+00:00,2232.047,debian-alpha,ok,43.512,0,"{""debian-alpha"": 0.982804, ""ubuntu-beta"": 0.809}",{},2875,andy,False
1117,cnp_endurance_multivm_20260918T130822Z-task-0001117,route.synthetic,2026-09-18T13:50:51.800558+00:00,2026-09-18T13:50:51.852744+00:00,2234.047,ubuntu-beta,ok,52.548,0,"{""debian-alpha"": 0.863827, ""ubuntu-beta"": 0.985992}",{},2874,andy-VirtualBox,False
1118,cnp_endurance_multivm_20260918T130822Z-task-0001118,detect.synthetic,2026-09-18T13:50:53.808287+00:00,2026-09-18T13:50:53.964326+00:00,2236.157,ubuntu-beta,ok,156.315,0,"{""debian-alpha"": 0.785, ""ubuntu-beta"": 0.962103}",{},2874,andy-VirtualBox,False
1119,cnp_endurance_multivm_20260918T130822Z-task-0001119,correlate.synthetic,2026-09-18T13:50:55.798188+00:00,2026-09-18T13:50:55.868004+00:00,2238.063,ubuntu-beta,ok,69.785,0,"{""debian-alpha"": 0.791, ""ubuntu-beta"": 0.943758}",{},2874,andy-VirtualBox,False
1120,cnp_endurance_multivm_20260918T130822Z-task-0001120,parse.synthetic,2026-09-18T13:50:57.798997+00:00,2026-09-18T13:50:58.757895+00:00,2240.954,debian-alpha,ok,958.543,0,"{""debian-alpha"": 0.982807, ""ubuntu-beta"": 0.809}",{},2875,andy,False
1121,cnp_endurance_multivm_20260918T130822Z-task-0001121,route.synthetic,2026-09-18T13:50:59.934323+00:00,2026-09-18T13:51:00.007081+00:00,2242.204,ubuntu-beta,ok,72.211,0,"{""debian-alpha"": 0.863827, ""ubuntu-beta"": 0.985993}",{},2874,andy-VirtualBox,False
1122,cnp_endurance_multivm_20260918T130822Z-task-0001122,detect.synthetic,2026-09-18T13:51:01.802425+00:00,2026-09-18T13:51:01.913705+00:00,2244.11,ubuntu-beta,ok,111.51,0,"{""debian-alpha"": 0.785, ""ubuntu-beta"": 0.96208}",{},2874,andy-VirtualBox,False
1123,cnp_endurance_multivm_20260918T130822Z-task-0001123,correlate.synthetic,2026-09-18T13:51:03.808231+00:00,2026-09-18T13:51:03.877300+00:00,2246.079,ubuntu-beta,ok,68.853,0,"{""debian-alpha"": 0.791, ""ubuntu-beta"": 0.943755}",{},2874,andy-VirtualBox,False
1124,cnp_endurance_multivm_20260918T130822Z-task-0001124,parse.synthetic,2026-09-18T13:51:06.147838+00:00,2026-09-18T13:51:06.199400+00:00,2248.391,debian-alpha,ok,52.026,0,"{""debian-alpha"": 0.98271, ""ubuntu-beta"": 0.809}",{},2875,andy,False
1125,cnp_endurance_multivm_20260918T130822Z-task-0001125,route.synthetic,2026-09-18T13:51:07.795174+00:00,2026-09-18T13:51:07.851954+00:00,2250.047,ubuntu-beta,ok,57.04,0,"{""debian-alpha"": 0.863827, ""ubuntu-beta"": 0.985989}",{},2874,andy-VirtualBox,False
1126,cnp_endurance_multivm_20260918T130822Z-task-0001126,detect.synthetic,2026-09-18T13:51:09.807979+00:00,2026-09-18T13:51:09.861643+00:00,2252.063,ubuntu-beta,ok,54.376,0,"{""debian-alpha"": 0.785, ""ubuntu-beta"": 0.962066}",{},2874,andy-VirtualBox,False
1127,cnp_endurance_multivm_20260918T130822Z-task-0001127,correlate.synthetic,2026-09-18T13:51:11.804191+00:00,2026-09-18T13:51:11.861314+00:00,2254.063,ubuntu-beta,ok,57.183,0,"{""debian-alpha"": 0.791, ""ubuntu-beta"": 0.943758}",{},2874,andy-VirtualBox,False
1128,cnp_endurance_multivm_20260918T130822Z-task-0001128,parse.synthetic,2026-09-18T13:51:13.801870+00:00,2026-09-18T13:51:13.853993+00:00,2256.047,debian-alpha,ok,52.39,0,"{""debian-alpha"": 0.982713, ""ubuntu-beta"": 0.809}",{},2875,andy,False
1129,cnp_endurance_multivm_20260918T130822Z-task-0001129,route.synthetic,2026-09-18T13:51:15.795174+00:00,2026-09-18T13:51:15.847584+00:00,2258.047,ubuntu-beta,ok,52.461,0,"{""debian-alpha"": 0.863827, ""ubuntu-beta"": 0.985988}",{},2874,andy-VirtualBox,False
1130,cnp_endurance_multivm_20260918T130822Z-task-0001130,detect.synthetic,2026-09-18T13:51:17.804715+00:00,2026-09-18T13:51:17.857856+00:00,2260.063,ubuntu-beta,ok,53.131,0,"{""debian-alpha"": 0.785, ""ubuntu-beta"": 0.962065}",{},2874,andy-VirtualBox,False
1131,cnp_endurance_multivm_20260918T130822Z-task-0001131,correlate.synthetic,2026-09-18T13:51:19.869095+00:00,2026-09-18T13:51:19.937674+00:00,2262.141,ubuntu-beta,ok,68.909,0,"{""debian-alpha"": 0.791, ""ubuntu-beta"": 0.943759}",{},2874,andy-VirtualBox,False
1132,cnp_endurance_multivm_20260918T130822Z-task-0001132,parse.synthetic,2026-09-18T13:51:21.800524+00:00,2026-09-18T13:51:21.855530+00:00,2264.047,debian-alpha,ok,55.305,0,"{""debian-alpha"": 0.982716, ""ubuntu-beta"": 0.809}",{},2875,andy,False
1133,cnp_endurance_multivm_20260918T130822Z-task-0001133,route.synthetic,2026-09-18T13:51:23.795395+00:00,2026-09-18T13:51:23.850681+00:00,2266.047,ubuntu-beta,ok,55.305,0,"{""debian-alpha"": 0.863827, ""ubuntu-beta"": 0.98599}",{},2874,andy-VirtualBox,False
1134,cnp_endurance_multivm_20260918T130822Z-task-0001134,detect.synthetic,2026-09-18T13:51:25.807260+00:00,2026-09-18T13:51:25.866112+00:00,2268.063,ubuntu-beta,ok,58.923,0,"{""debian-alpha"": 0.785, ""ubuntu-beta"": 0.962068}",{},2874,andy-VirtualBox,False
1135,cnp_endurance_multivm_20260918T130822Z-task-0001135,correlate.synthetic,2026-09-18T13:51:27.798052+00:00,2026-09-18T13:51:27.868898+00:00,2270.063,ubuntu-beta,ok,71.013,0,"{""debian-alpha"": 0.791, ""ubuntu-beta"": 0.943763}",{},2874,andy-VirtualBox,False
1136,cnp_endurance_multivm_20260918T130822Z-task-0001136,parse.synthetic,2026-09-18T13:51:29.794705+00:00,2026-09-18T13:51:29.841791+00:00,2272.047,debian-alpha,ok,47.4,0,"{""debian-alpha"": 0.982727, ""ubuntu-beta"": 0.809}",{},2875,andy,False
1137,cnp_endurance_multivm_20260918T130822Z-task-0001137,route.synthetic,2026-09-18T13:51:31.798073+00:00,2026-09-18T13:51:31.866654+00:00,2274.063,ubuntu-beta,ok,68.963,0,"{""debian-alpha"": 0.863827, ""ubuntu-beta"": 0.986004}",{},2874,andy-VirtualBox,False
1138,cnp_endurance_multivm_20260918T130822Z-task-0001138,detect.synthetic,2026-09-18T13:51:33.807847+00:00,2026-09-18T13:51:33.873274+00:00,2276.079,ubuntu-beta,ok,65.537,0,"{""debian-alpha"": 0.785, ""ubuntu-beta"": 0.962074}",{},2874,andy-VirtualBox,False
1139,cnp_endurance_multivm_20260918T130822Z-task-0001139,correlate.synthetic,2026-09-18T13:51:35.798755+00:00,2026-09-18T13:51:35.851703+00:00,2278.047,ubuntu-beta,ok,53.123,0,"{""debian-alpha"": 0.791, ""ubuntu-beta"": 0.943759}",{},2874,andy-VirtualBox,False
1140,cnp_endurance_multivm_20260918T130822Z-task-0001140,parse.synthetic,2026-09-18T13:51:37.808329+00:00,2026-09-18T13:51:37.858394+00:00,2280.063,debian-alpha,ok,50.052,0,"{""debian-alpha"": 0.982794, ""ubuntu-beta"": 0.809}",{},2875,andy,False
1141,cnp_endurance_multivm_20260918T130822Z-task-0001141,route.synthetic,2026-09-18T13:51:39.794693+00:00,2026-09-18T13:51:39.882761+00:00,2282.079,ubuntu-beta,ok,87.841,0,"{""debian-alpha"": 0.863827, ""ubuntu-beta"": 0.986018}",{},2874,andy-VirtualBox,False
1142,cnp_endurance_multivm_20260918T130822Z-task-0001142,detect.synthetic,2026-09-18T13:51:41.807037+00:00,2026-09-18T13:51:41.855267+00:00,2284.047,ubuntu-beta,ok,48.442,0,"{""debian-alpha"": 0.785, ""ubuntu-beta"": 0.962091}",{},2874,andy-VirtualBox,False
1143,cnp_endurance_multivm_20260918T130822Z-task-0001143,correlate.synthetic,2026-09-18T13:51:43.795345+00:00,2026-09-18T13:51:43.854388+00:00,2286.047,ubuntu-beta,ok,59.03,0,"{""debian-alpha"": 0.791, ""ubuntu-beta"": 0.94377}",{},2874,andy-VirtualBox,False
1144,cnp_endurance_multivm_20260918T130822Z-task-0001144,parse.synthetic,2026-09-18T13:51:45.794839+00:00,2026-09-18T13:51:45.843829+00:00,2288.047,debian-alpha,ok,49.206,0,"{""debian-alpha"": 0.982824, ""ubuntu-beta"": 0.809}",{},2875,andy,False
1145,cnp_endurance_multivm_20260918T130822Z-task-0001145,route.synthetic,2026-09-18T13:51:47.800897+00:00,2026-09-18T13:51:47.854723+00:00,2290.047,ubuntu-beta,ok,53.678,0,"{""debian-alpha"": 0.863827, ""ubuntu-beta"": 0.986214}",{},2874,andy-VirtualBox,False
1146,cnp_endurance_multivm_20260918T130822Z-task-0001146,detect.synthetic,2026-09-18T13:51:49.794427+00:00,2026-09-18T13:51:49.842431+00:00,2292.047,ubuntu-beta,ok,48.184,0,"{""debian-alpha"": 0.785, ""ubuntu-beta"": 0.962103}",{},2874,andy-VirtualBox,False
1147,cnp_endurance_multivm_20260918T130822Z-task-0001147,correlate.synthetic,2026-09-18T13:51:51.798699+00:00,2026-09-18T13:51:51.851324+00:00,2294.047,ubuntu-beta,ok,52.464,0,"{""debian-alpha"": 0.791, ""ubuntu-beta"": 0.943775}",{},2874,andy-VirtualBox,False
1148,cnp_endurance_multivm_20260918T130822Z-task-0001148,parse.synthetic,2026-09-18T13:51:53.794352+00:00,2026-09-18T13:51:53.924109+00:00,2296.125,debian-alpha,ok,129.543,0,"{""debian-alpha"": 0.982829, ""ubuntu-beta"": 0.809}",{},2875,andy,False
1149,cnp_endurance_multivm_20260918T130822Z-task-0001149,route.synthetic,2026-09-18T13:51:55.835300+00:00,2026-09-18T13:51:56.175316+00:00,2298.375,ubuntu-beta,ok,339.283,0,"{""debian-alpha"": 0.863827, ""ubuntu-beta"": 0.986223}",{},2874,andy-VirtualBox,False
1150,cnp_endurance_multivm_20260918T130822Z-task-0001150,detect.synthetic,2026-09-18T13:51:57.806874+00:00,2026-09-18T13:51:57.988706+00:00,2300.188,ubuntu-beta,ok,182.002,0,"{""debian-alpha"": 0.785, ""ubuntu-beta"": 0.962107}",{},2874,andy-VirtualBox,False
1151,cnp_endurance_multivm_20260918T130822Z-task-0001151,correlate.synthetic,2026-09-18T13:51:59.796273+00:00,2026-09-18T13:51:59.865990+00:00,2302.063,ubuntu-beta,ok,69.179,0,"{""debian-alpha"": 0.791, ""ubuntu-beta"": 0.943778}",{},2874,andy-VirtualBox,False
1152,cnp_endurance_multivm_20260918T130822Z-task-0001152,parse.synthetic,2026-09-18T13:52:01.806582+00:00,2026-09-18T13:52:01.861223+00:00,2304.063,debian-alpha,ok,54.541,0,"{""debian-alpha"": 0.982819, ""ubuntu-beta"": 0.809}",{},2875,andy,False
1153,cnp_endurance_multivm_20260918T130822Z-task-0001153,route.synthetic,2026-09-18T13:52:03.806564+00:00,2026-09-18T13:52:03.859695+00:00,2306.063,ubuntu-beta,ok,53.089,0,"{""debian-alpha"": 0.863827, ""ubuntu-beta"": 0.986145}",{},2874,andy-VirtualBox,False
1154,cnp_endurance_multivm_20260918T130822Z-task-0001154,detect.synthetic,2026-09-18T13:52:05.800550+00:00,2026-09-18T13:52:05.858431+00:00,2308.063,ubuntu-beta,ok,58.23,0,"{""debian-alpha"": 0.785, ""ubuntu-beta"": 0.962085}",{},2874,andy-VirtualBox,False
1155,cnp_endurance_multivm_20260918T130822Z-task-0001155,correlate.synthetic,2026-09-18T13:52:07.798891+00:00,2026-09-18T13:52:07.861415+00:00,2310.063,ubuntu-beta,ok,62.509,0,"{""debian-alpha"": 0.791, ""ubuntu-beta"": 0.943778}",{},2874,andy-VirtualBox,False
1156,cnp_endurance_multivm_20260918T130822Z-task-0001156,parse.synthetic,2026-09-18T13:52:09.802745+00:00,2026-09-18T13:52:09.852967+00:00,2312.047,debian-alpha,ok,50.36,0,"{""debian-alpha"": 0.982819, ""ubuntu-beta"": 0.809}",{},2875,andy,False
1157,cnp_endurance_multivm_20260918T130822Z-task-0001157,route.synthetic,2026-09-18T13:52:11.808864+00:00,2026-09-18T13:52:11.861321+00:00,2314.063,ubuntu-beta,ok,52.842,0,"{""debian-alpha"": 0.863827, ""ubuntu-beta"": 0.986146}",{},2874,andy-VirtualBox,False
1158,cnp_endurance_multivm_20260918T130822Z-task-0001158,detect.synthetic,2026-09-18T13:52:13.801963+00:00,2026-09-18T13:52:13.856189+00:00,2316.047,ubuntu-beta,ok,54.306,0,"{""debian-alpha"": 0.785, ""ubuntu-beta"": 0.962091}",{},2874,andy-VirtualBox,False
1159,cnp_endurance_multivm_20260918T130822Z-task-0001159,correlate.synthetic,2026-09-18T13:52:15.807249+00:00,2026-09-18T13:52:15.877397+00:00,2318.079,ubuntu-beta,ok,70.216,0,"{""debian-alpha"": 0.791, ""ubuntu-beta"": 0.943781}",{},2874,andy-VirtualBox,False
1160,cnp_endurance_multivm_20260918T130822Z-task-0001160,parse.synthetic,2026-09-18T13:52:17.806874+00:00,2026-09-18T13:52:17.867639+00:00,2320.063,debian-alpha,ok,60.787,0,"{""debian-alpha"": 0.982828, ""ubuntu-beta"": 0.809}",{},2875,andy,False
1161,cnp_endurance_multivm_20260918T130822Z-task-0001161,route.synthetic,2026-09-18T13:52:19.806510+00:00,2026-09-18T13:52:19.867256+00:00,2322.063,ubuntu-beta,ok,60.648,0,"{""debian-alpha"": 0.863827, ""ubuntu-beta"": 0.986152}",{},2874,andy-VirtualBox,False
1162,cnp_endurance_multivm_20260918T130822Z-task-0001162,detect.synthetic,2026-09-18T13:52:21.798811+00:00,2026-09-18T13:52:21.943774+00:00,2324.141,ubuntu-beta,ok,144.73,0,"{""debian-alpha"": 0.785, ""ubuntu-beta"": 0.962091}",{},2874,andy-VirtualBox,False
1163,cnp_endurance_multivm_20260918T130822Z-task-0001163,correlate.synthetic,2026-09-18T13:52:23.807962+00:00,2026-09-18T13:52:23.867740+00:00,2326.063,ubuntu-beta,ok,60.151,0,"{""debian-alpha"": 0.791, ""ubuntu-beta"": 0.94378}",{},2874,andy-VirtualBox,False
1164,cnp_endurance_multivm_20260918T130822Z-task-0001164,parse.synthetic,2026-09-18T13:52:25.806780+00:00,2026-09-18T13:52:26.398378+00:00,2328.594,debian-alpha,ok,591.425,0,"{""debian-alpha"": 0.9832, ""ubuntu-beta"": 0.809}",{},2875,andy,False
1165,cnp_endurance_multivm_20260918T130822Z-task-0001165,route.synthetic,2026-09-18T13:52:27.810426+00:00,2026-09-18T13:52:27.913811+00:00,2330.11,ubuntu-beta,ok,103.213,0,"{""debian-alpha"": 0.863827, ""ubuntu-beta"": 0.986188}",{},2874,andy-VirtualBox,False
1166,cnp_endurance_multivm_20260918T130822Z-task-0001166,detect.synthetic,2026-09-18T13:52:29.808473+00:00,2026-09-18T13:52:29.873636+00:00,2332.079,ubuntu-beta,ok,65.28,0,"{""debian-alpha"": 0.785, ""ubuntu-beta"": 0.962107}",{},2874,andy-VirtualBox,False
1167,cnp_endurance_multivm_20260918T130822Z-task-0001167,correlate.synthetic,2026-09-18T13:52:31.799292+00:00,2026-09-18T13:52:31.873060+00:00,2334.079,ubuntu-beta,ok,73.307,0,"{""debian-alpha"": 0.791, ""ubuntu-beta"": 0.943785}",{},2874,andy-VirtualBox,False
1168,cnp_endurance_multivm_20260918T130822Z-task-0001168,parse.synthetic,2026-09-18T13:52:33.796179+00:00,2026-09-18T13:52:33.853074+00:00,2336.047,debian-alpha,ok,56.89,0,"{""debian-alpha"": 0.983164, ""ubuntu-beta"": 0.809}",{},2875,andy,False
1169,cnp_endurance_multivm_20260918T130822Z-task-0001169,route.synthetic,2026-09-18T13:52:35.809706+00:00,2026-09-18T13:52:35.875684+00:00,2338.079,ubuntu-beta,ok,66.336,0,"{""debian-alpha"": 0.863827, ""ubuntu-beta"": 0.986182}",{},2874,andy-VirtualBox,False
1170,cnp_endurance_multivm_20260918T130822Z-task-0001170,detect.synthetic,2026-09-18T13:52:37.800504+00:00,2026-09-18T13:52:37.858351+00:00,2340.063,ubuntu-beta,ok,57.948,0,"{""debian-alpha"": 0.785, ""ubuntu-beta"": 0.962111}",{},2874,andy-VirtualBox,False
1171,cnp_endurance_multivm_20260918T130822Z-task-0001171,correlate.synthetic,2026-09-18T13:52:39.798643+00:00,2026-09-18T13:52:39.861866+00:00,2342.063,ubuntu-beta,ok,63.494,0,"{""debian-alpha"": 0.791, ""ubuntu-beta"": 0.943784}",{},2874,andy-VirtualBox,False
1172,cnp_endurance_multivm_20260918T130822Z-task-0001172,parse.synthetic,2026-09-18T13:52:41.802971+00:00,2026-09-18T13:52:41.852541+00:00,2344.047,debian-alpha,ok,49.483,0,"{""debian-alpha"": 0.983167, ""ubuntu-beta"": 0.809}",{},2875,andy,False
1173,cnp_endurance_multivm_20260918T130822Z-task-0001173,route.synthetic,2026-09-18T13:52:43.808861+00:00,2026-09-18T13:52:43.870360+00:00,2346.063,ubuntu-beta,ok,61.726,0,"{""debian-alpha"": 0.863827, ""ubuntu-beta"": 0.986187}",{},2874,andy-VirtualBox,False
1174,cnp_endurance_multivm_20260918T130822Z-task-0001174,detect.synthetic,2026-09-18T13:52:45.794384+00:00,2026-09-18T13:52:45.849660+00:00,2348.047,ubuntu-beta,ok,55.631,0,"{""debian-alpha"": 0.785, ""ubuntu-beta"": 0.962113}",{},2874,andy-VirtualBox,False
1175,cnp_endurance_multivm_20260918T130822Z-task-0001175,correlate.synthetic,2026-09-18T13:52:47.811535+00:00,2026-09-18T13:52:47.898315+00:00,2350.094,ubuntu-beta,ok,86.557,0,"{""debian-alpha"": 0.791, ""ubuntu-beta"": 0.94378}",{},2874,andy-VirtualBox,False
1176,cnp_endurance_multivm_20260918T130822Z-task-0001176,parse.synthetic,2026-09-18T13:52:49.808055+00:00,2026-09-18T13:52:49.856942+00:00,2352.063,debian-alpha,ok,49.069,0,"{""debian-alpha"": 0.983168, ""ubuntu-beta"": 0.809}",{},2875,andy,False
1177,cnp_endurance_multivm_20260918T130822Z-task-0001177,route.synthetic,2026-09-18T13:52:51.797647+00:00,2026-09-18T13:52:51.846437+00:00,2354.047,ubuntu-beta,ok,48.735,0,"{""debian-alpha"": 0.863827, ""ubuntu-beta"": 0.986185}",{},2874,andy-VirtualBox,False
1178,cnp_endurance_multivm_20260918T130822Z-task-0001178,detect.synthetic,2026-09-18T13:52:53.803397+00:00,2026-09-18T13:52:53.876152+00:00,2356.079,ubuntu-beta,ok,73.221,0,"{""debian-alpha"": 0.785, ""ubuntu-beta"": 0.962113}",{},2874,andy-VirtualBox,False
1179,cnp_endurance_multivm_20260918T130822Z-task-0001179,correlate.synthetic,2026-09-18T13:52:55.800983+00:00,2026-09-18T13:52:55.981961+00:00,2358.188,ubuntu-beta,ok,180.782,0,"{""debian-alpha"": 0.791, ""ubuntu-beta"": 0.943771}",{},2874,andy-VirtualBox,False
1180,cnp_endurance_multivm_20260918T130822Z-task-0001180,parse.synthetic,2026-09-18T13:52:57.797900+00:00,2026-09-18T13:52:57.845345+00:00,2360.047,debian-alpha,ok,47.359,0,"{""debian-alpha"": 0.983173, ""ubuntu-beta"": 0.809}",{},2875,andy,False
1181,cnp_endurance_multivm_20260918T130822Z-task-0001181,route.synthetic,2026-09-18T13:52:59.801399+00:00,2026-09-18T13:52:59.852148+00:00,2362.047,ubuntu-beta,ok,51.011,0,"{""debian-alpha"": 0.863827, ""ubuntu-beta"": 0.986187}",{},2874,andy-VirtualBox,False
1182,cnp_endurance_multivm_20260918T130822Z-task-0001182,detect.synthetic,2026-09-18T13:53:01.808766+00:00,2026-09-18T13:53:01.860512+00:00,2364.063,ubuntu-beta,ok,51.909,0,"{""debian-alpha"": 0.785, ""ubuntu-beta"": 0.962107}",{},2874,andy-VirtualBox,False
1183,cnp_endurance_multivm_20260918T130822Z-task-0001183,correlate.synthetic,2026-09-18T13:53:03.801389+00:00,2026-09-18T13:53:03.853588+00:00,2366.047,ubuntu-beta,ok,52.244,0,"{""debian-alpha"": 0.791, ""ubuntu-beta"": 0.94377}",{},2874,andy-VirtualBox,False
1184,cnp_endurance_multivm_20260918T130822Z-task-0001184,parse.synthetic,2026-09-18T13:53:05.794521+00:00,2026-09-18T13:53:05.852795+00:00,2368.047,debian-alpha,ok,58.374,0,"{""debian-alpha"": 0.983176, ""ubuntu-beta"": 0.809}",{},2875,andy,False
1185,cnp_endurance_multivm_20260918T130822Z-task-0001185,route.synthetic,2026-09-18T13:53:07.794336+00:00,2026-09-18T13:53:07.850693+00:00,2370.047,ubuntu-beta,ok,56.781,0,"{""debian-alpha"": 0.863827, ""ubuntu-beta"": 0.98619}",{},2874,andy-VirtualBox,False
1186,cnp_endurance_multivm_20260918T130822Z-task-0001186,detect.synthetic,2026-09-18T13:53:09.807560+00:00,2026-09-18T13:53:09.859924+00:00,2372.063,ubuntu-beta,ok,52.351,0,"{""debian-alpha"": 0.785, ""ubuntu-beta"": 0.96211}",{},2874,andy-VirtualBox,False
1187,cnp_endurance_multivm_20260918T130822Z-task-0001187,correlate.synthetic,2026-09-18T13:53:11.799983+00:00,2026-09-18T13:53:11.854795+00:00,2374.047,ubuntu-beta,ok,54.676,0,"{""debian-alpha"": 0.791, ""ubuntu-beta"": 0.943772}",{},2874,andy-VirtualBox,False
1188,cnp_endurance_multivm_20260918T130822Z-task-0001188,parse.synthetic,2026-09-18T13:53:13.795045+00:00,2026-09-18T13:53:13.847747+00:00,2376.047,debian-alpha,ok,53.101,0,"{""debian-alpha"": 0.983177, ""ubuntu-beta"": 0.809}",{},2875,andy,False
1189,cnp_endurance_multivm_20260918T130822Z-task-0001189,route.synthetic,2026-09-18T13:53:15.804641+00:00,2026-09-18T13:53:15.862148+00:00,2378.063,ubuntu-beta,ok,57.784,0,"{""debian-alpha"": 0.863827, ""ubuntu-beta"": 0.986196}",{},2874,andy-VirtualBox,False
1190,cnp_endurance_multivm_20260918T130822Z-task-0001190,detect.synthetic,2026-09-18T13:53:17.801807+00:00,2026-09-18T13:53:17.853794+00:00,2380.047,ubuntu-beta,ok,51.877,0,"{""debian-alpha"": 0.785, ""ubuntu-beta"": 0.962114}",{},2874,andy-VirtualBox,False
1191,cnp_endurance_multivm_20260918T130822Z-task-0001191,correlate.synthetic,2026-09-18T13:53:19.809556+00:00,2026-09-18T13:53:19.860758+00:00,2382.063,ubuntu-beta,ok,51.264,0,"{""debian-alpha"": 0.791, ""ubuntu-beta"": 0.943775}",{},2874,andy-VirtualBox,False
1192,cnp_endurance_multivm_20260918T130822Z-task-0001192,parse.synthetic,2026-09-18T13:53:21.803439+00:00,2026-09-18T13:53:21.945891+00:00,2384.141,debian-alpha,ok,142.114,0,"{""debian-alpha"": 0.983179, ""ubuntu-beta"": 0.809}",{},2875,andy,False
1193,cnp_endurance_multivm_20260918T130822Z-task-0001193,route.synthetic,2026-09-18T13:53:23.799721+00:00,2026-09-18T13:53:23.865978+00:00,2386.063,ubuntu-beta,ok,66.074,0,"{""debian-alpha"": 0.863827, ""ubuntu-beta"": 0.986197}",{},2874,andy-VirtualBox,False
1194,cnp_endurance_multivm_20260918T130822Z-task-0001194,detect.synthetic,2026-09-18T13:53:25.806644+00:00,2026-09-18T13:53:25.866962+00:00,2388.063,ubuntu-beta,ok,60.2,0,"{""debian-alpha"": 0.785, ""ubuntu-beta"": 0.962116}",{},2874,andy-VirtualBox,False
1195,cnp_endurance_multivm_20260918T130822Z-task-0001195,correlate.synthetic,2026-09-18T13:53:27.807926+00:00,2026-09-18T13:53:27.857676+00:00,2390.063,ubuntu-beta,ok,49.935,0,"{""debian-alpha"": 0.791, ""ubuntu-beta"": 0.943779}",{},2874,andy-VirtualBox,False
1196,cnp_endurance_multivm_20260918T130822Z-task-0001196,parse.synthetic,2026-09-18T13:53:29.798637+00:00,2026-09-18T13:53:29.955395+00:00,2392.157,debian-alpha,ok,156.804,0,"{""debian-alpha"": 0.983174, ""ubuntu-beta"": 0.809}",{},2875,andy,False
1197,cnp_endurance_multivm_20260918T130822Z-task-0001197,route.synthetic,2026-09-18T13:53:31.801872+00:00,2026-09-18T13:53:31.857553+00:00,2394.063,ubuntu-beta,ok,56.0,0,"{""debian-alpha"": 0.863827, ""ubuntu-beta"": 0.986197}",{},2874,andy-VirtualBox,False
1198,cnp_endurance_multivm_20260918T130822Z-task-0001198,detect.synthetic,2026-09-18T13:53:33.798646+00:00,2026-09-18T13:53:33.849613+00:00,2396.047,ubuntu-beta,ok,51.181,0,"{""debian-alpha"": 0.785, ""ubuntu-beta"": 0.962119}",{},2874,andy-VirtualBox,False
1199,cnp_endurance_multivm_20260918T130822Z-task-0001199,correlate.synthetic,2026-09-18T13:53:35.807235+00:00,2026-09-18T13:53:35.857869+00:00,2398.063,ubuntu-beta,ok,51.41,0,"{""debian-alpha"": 0.791, ""ubuntu-beta"": 0.943782}",{},2874,andy-VirtualBox,False
1200,cnp_endurance_multivm_20260918T130822Z-task-0001200,parse.synthetic,2026-09-18T13:53:37.801509+00:00,2026-09-18T13:53:37.855157+00:00,2400.047,debian-alpha,ok,53.563,0,"{""debian-alpha"": 0.983179, ""ubuntu-beta"": 0.809}",{},2875,andy,False
1201,cnp_endurance_multivm_20260918T130822Z-task-0001201,route.synthetic,2026-09-18T13:53:39.795857+00:00,2026-09-18T13:53:39.847770+00:00,2402.047,ubuntu-beta,ok,52.085,0,"{""debian-alpha"": 0.863827, ""ubuntu-beta"": 0.986199}",{},2874,andy-VirtualBox,False
1202,cnp_endurance_multivm_20260918T130822Z-task-0001202,detect.synthetic,2026-09-18T13:53:41.803952+00:00,2026-09-18T13:53:41.855494+00:00,2404.047,ubuntu-beta,ok,51.601,0,"{""debian-alpha"": 0.785, ""ubuntu-beta"": 0.962124}",{},2874,andy-VirtualBox,False
1203,cnp_endurance_multivm_20260918T130822Z-task-0001203,correlate.synthetic,2026-09-18T13:53:43.795143+00:00,2026-09-18T13:53:43.857590+00:00,2406.063,ubuntu-beta,ok,62.32,0,"{""debian-alpha"": 0.791, ""ubuntu-beta"": 0.943782}",{},2874,andy-VirtualBox,False
1204,cnp_endurance_multivm_20260918T130822Z-task-0001204,parse.synthetic,2026-09-18T13:53:45.798244+00:00,2026-09-18T13:53:45.863880+00:00,2408.063,debian-alpha,ok,65.775,0,"{""debian-alpha"": 0.983182, ""ubuntu-beta"": 0.809}",{},2875,andy,False
1205,cnp_endurance_multivm_20260918T130822Z-task-0001205,route.synthetic,2026-09-18T13:53:47.803765+00:00,2026-09-18T13:53:47.852883+00:00,2410.047,ubuntu-beta,ok,49.017,0,"{""debian-alpha"": 0.863827, ""ubuntu-beta"": 0.986202}",{},2874,andy-VirtualBox,False
1206,cnp_endurance_multivm_20260918T130822Z-task-0001206,detect.synthetic,2026-09-18T13:53:49.809374+00:00,2026-09-18T13:53:49.860892+00:00,2412.063,ubuntu-beta,ok,51.851,0,"{""debian-alpha"": 0.785, ""ubuntu-beta"": 0.962126}",{},2874,andy-VirtualBox,False
1207,cnp_endurance_multivm_20260918T130822Z-task-0001207,correlate.synthetic,2026-09-18T13:53:51.801692+00:00,2026-09-18T13:53:51.855213+00:00,2414.047,ubuntu-beta,ok,53.525,0,"{""debian-alpha"": 0.791, ""ubuntu-beta"": 0.94378}",{},2874,andy-VirtualBox,False
1208,cnp_endurance_multivm_20260918T130822Z-task-0001208,parse.synthetic,2026-09-18T13:53:53.795404+00:00,2026-09-18T13:53:53.845661+00:00,2416.047,debian-alpha,ok,50.267,0,"{""debian-alpha"": 0.983181, ""ubuntu-beta"": 0.809}",{},2875,andy,False
1209,cnp_endurance_multivm_20260918T130822Z-task-0001209,route.synthetic,2026-09-18T13:53:55.802553+00:00,2026-09-18T13:53:55.860926+00:00,2418.063,ubuntu-beta,ok,58.308,0,"{""debian-alpha"": 0.863827, ""ubuntu-beta"": 0.986204}",{},2874,andy-VirtualBox,False
1210,cnp_endurance_multivm_20260918T130822Z-task-0001210,detect.synthetic,2026-09-18T13:53:57.796084+00:00,2026-09-18T13:53:57.849773+00:00,2420.047,ubuntu-beta,ok,53.784,0,"{""debian-alpha"": 0.785, ""ubuntu-beta"": 0.962127}",{},2874,andy-VirtualBox,False
1211,cnp_endurance_multivm_20260918T130822Z-task-0001211,correlate.synthetic,2026-09-18T13:53:59.806446+00:00,2026-09-18T13:53:59.854859+00:00,2422.047,ubuntu-beta,ok,48.428,0,"{""debian-alpha"": 0.791, ""ubuntu-beta"": 0.943782}",{},2874,andy-VirtualBox,False
1212,cnp_endurance_multivm_20260918T130822Z-task-0001212,parse.synthetic,2026-09-18T13:54:01.795358+00:00,2026-09-18T13:54:01.843185+00:00,2424.047,debian-alpha,ok,48.05,0,"{""debian-alpha"": 0.983182, ""ubuntu-beta"": 0.809}",{},2875,andy,False
1213,cnp_endurance_multivm_20260918T130822Z-task-0001213,route.synthetic,2026-09-18T13:54:03.800215+00:00,2026-09-18T13:54:03.850049+00:00,2426.047,ubuntu-beta,ok,49.896,0,"{""debian-alpha"": 0.863827, ""ubuntu-beta"": 0.986206}",{},2874,andy-VirtualBox,False
1214,cnp_endurance_multivm_20260918T130822Z-task-0001214,detect.synthetic,2026-09-18T13:54:05.806391+00:00,2026-09-18T13:54:05.859789+00:00,2428.063,ubuntu-beta,ok,53.583,0,"{""debian-alpha"": 0.785, ""ubuntu-beta"": 0.962136}",{},2874,andy-VirtualBox,False
1215,cnp_endurance_multivm_20260918T130822Z-task-0001215,correlate.synthetic,2026-09-18T13:54:07.800859+00:00,2026-09-18T13:54:07.851875+00:00,2430.047,ubuntu-beta,ok,51.547,0,"{""debian-alpha"": 0.791, ""ubuntu-beta"": 0.943792}",{},2874,andy-VirtualBox,False
1216,cnp_endurance_multivm_20260918T130822Z-task-0001216,parse.synthetic,2026-09-18T13:54:09.809164+00:00,2026-09-18T13:54:09.860993+00:00,2432.063,debian-alpha,ok,51.838,0,"{""debian-alpha"": 0.983187, ""ubuntu-beta"": 0.809}",{},2875,andy,False
1217,cnp_endurance_multivm_20260918T130822Z-task-0001217,route.synthetic,2026-09-18T13:54:11.800981+00:00,2026-09-18T13:54:11.857768+00:00,2434.063,ubuntu-beta,ok,56.951,0,"{""debian-alpha"": 0.863827, ""ubuntu-beta"": 0.986212}",{},2874,andy-VirtualBox,False
1218,cnp_endurance_multivm_20260918T130822Z-task-0001218,detect.synthetic,2026-09-18T13:54:13.797855+00:00,2026-09-18T13:54:13.859527+00:00,2436.063,ubuntu-beta,ok,62.122,0,"{""debian-alpha"": 0.785, ""ubuntu-beta"": 0.962154}",{},2874,andy-VirtualBox,False
1219,cnp_endurance_multivm_20260918T130822Z-task-0001219,correlate.synthetic,2026-09-18T13:54:15.800703+00:00,2026-09-18T13:54:15.858368+00:00,2438.063,ubuntu-beta,ok,57.778,0,"{""debian-alpha"": 0.791, ""ubuntu-beta"": 0.944174}",{},2874,andy-VirtualBox,False
1220,cnp_endurance_multivm_20260918T130822Z-task-0001220,parse.synthetic,2026-09-18T13:54:17.798823+00:00,2026-09-18T13:54:17.849240+00:00,2440.047,debian-alpha,ok,50.629,0,"{""debian-alpha"": 0.983318, ""ubuntu-beta"": 0.809}",{},2875,andy,False
1221,cnp_endurance_multivm_20260918T130822Z-task-0001221,route.synthetic,2026-09-18T13:54:19.805822+00:00,2026-09-18T13:54:19.878946+00:00,2442.079,ubuntu-beta,ok,73.114,0,"{""debian-alpha"": 0.863827, ""ubuntu-beta"": 0.986428}",{},2874,andy-VirtualBox,False
1222,cnp_endurance_multivm_20260918T130822Z-task-0001222,detect.synthetic,2026-09-18T13:54:21.803094+00:00,2026-09-18T13:54:21.851417+00:00,2444.047,ubuntu-beta,ok,48.414,0,"{""debian-alpha"": 0.785, ""ubuntu-beta"": 0.962157}",{},2874,andy-VirtualBox,False
1223,cnp_endurance_multivm_20260918T130822Z-task-0001223,correlate.synthetic,2026-09-18T13:54:23.807696+00:00,2026-09-18T13:54:23.853225+00:00,2446.047,ubuntu-beta,ok,45.945,0,"{""debian-alpha"": 0.791, ""ubuntu-beta"": 0.944179}",{},2874,andy-VirtualBox,False
1224,cnp_endurance_multivm_20260918T130822Z-task-0001224,parse.synthetic,2026-09-18T13:54:25.794311+00:00,2026-09-18T13:54:25.845228+00:00,2448.047,debian-alpha,ok,51.125,0,"{""debian-alpha"": 0.983334, ""ubuntu-beta"": 0.809}",{},2875,andy,False
1225,cnp_endurance_multivm_20260918T130822Z-task-0001225,route.synthetic,2026-09-18T13:54:27.797822+00:00,2026-09-18T13:54:27.849988+00:00,2450.047,ubuntu-beta,ok,52.469,0,"{""debian-alpha"": 0.863827, ""ubuntu-beta"": 0.986432}",{},2874,andy-VirtualBox,False
1226,cnp_endurance_multivm_20260918T130822Z-task-0001226,detect.synthetic,2026-09-18T13:54:29.806756+00:00,2026-09-18T13:54:29.854303+00:00,2452.047,ubuntu-beta,ok,47.401,0,"{""debian-alpha"": 0.785, ""ubuntu-beta"": 0.962167}",{},2874,andy-VirtualBox,False
1227,cnp_endurance_multivm_20260918T130822Z-task-0001227,correlate.synthetic,2026-09-18T13:54:31.794789+00:00,2026-09-18T13:54:31.841051+00:00,2454.032,ubuntu-beta,ok,46.722,0,"{""debian-alpha"": 0.791, ""ubuntu-beta"": 0.944198}",{},2874,andy-VirtualBox,False
1228,cnp_endurance_multivm_20260918T130822Z-task-0001228,parse.synthetic,2026-09-18T13:54:33.797604+00:00,2026-09-18T13:54:33.842825+00:00,2456.047,debian-alpha,ok,45.894,0,"{""debian-alpha"": 0.983338, ""ubuntu-beta"": 0.809}",{},2875,andy,False
1229,cnp_endurance_multivm_20260918T130822Z-task-0001229,route.synthetic,2026-09-18T13:54:35.799889+00:00,2026-09-18T13:54:35.851767+00:00,2458.047,ubuntu-beta,ok,52.049,0,"{""debian-alpha"": 0.863827, ""ubuntu-beta"": 0.986443}",{},2874,andy-VirtualBox,False
1230,cnp_endurance_multivm_20260918T130822Z-task-0001230,detect.synthetic,2026-09-18T13:54:37.808431+00:00,2026-09-18T13:54:37.854594+00:00,2460.047,ubuntu-beta,ok,46.232,0,"{""debian-alpha"": 0.785, ""ubuntu-beta"": 0.962167}",{},2874,andy-VirtualBox,False
1231,cnp_endurance_multivm_20260918T130822Z-task-0001231,correlate.synthetic,2026-09-18T13:54:39.795295+00:00,2026-09-18T13:54:39.846745+00:00,2462.047,ubuntu-beta,ok,51.791,0,"{""debian-alpha"": 0.791, ""ubuntu-beta"": 0.944199}",{},2874,andy-VirtualBox,False
1232,cnp_endurance_multivm_20260918T130822Z-task-0001232,parse.synthetic,2026-09-18T13:54:41.803689+00:00,2026-09-18T13:54:41.864152+00:00,2464.063,debian-alpha,ok,60.702,0,"{""debian-alpha"": 0.983344, ""ubuntu-beta"": 0.809}",{},2875,andy,False
1233,cnp_endurance_multivm_20260918T130822Z-task-0001233,route.synthetic,2026-09-18T13:54:43.804535+00:00,2026-09-18T13:54:43.861064+00:00,2466.063,ubuntu-beta,ok,56.773,0,"{""debian-alpha"": 0.863827, ""ubuntu-beta"": 0.986451}",{},2874,andy-VirtualBox,False
1234,cnp_endurance_multivm_20260918T130822Z-task-0001234,detect.synthetic,2026-09-18T13:54:45.801835+00:00,2026-09-18T13:54:45.857222+00:00,2468.063,ubuntu-beta,ok,55.284,0,"{""debian-alpha"": 0.785, ""ubuntu-beta"": 0.962173}",{},2874,andy-VirtualBox,False
1235,cnp_endurance_multivm_20260918T130822Z-task-0001235,correlate.synthetic,2026-09-18T13:54:47.797137+00:00,2026-09-18T13:54:47.846984+00:00,2470.047,ubuntu-beta,ok,50.297,0,"{""debian-alpha"": 0.791, ""ubuntu-beta"": 0.944201}",{},2874,andy-VirtualBox,False
1236,cnp_endurance_multivm_20260918T130822Z-task-0001236,parse.synthetic,2026-09-18T13:54:49.803032+00:00,2026-09-18T13:54:49.852647+00:00,2472.047,debian-alpha,ok,49.517,0,"{""debian-alpha"": 0.983345, ""ubuntu-beta"": 0.809}",{},2875,andy,False
1237,cnp_endurance_multivm_20260918T130822Z-task-0001237,route.synthetic,2026-09-18T13:54:51.809299+00:00,2026-09-18T13:54:51.864636+00:00,2474.063,ubuntu-beta,ok,55.165,0,"{""debian-alpha"": 0.863827, ""ubuntu-beta"": 0.98645}",{},2874,andy-VirtualBox,False
1238,cnp_endurance_multivm_20260918T130822Z-task-0001238,detect.synthetic,2026-09-18T13:54:53.804410+00:00,2026-09-18T13:54:53.852043+00:00,2476.047,ubuntu-beta,ok,47.92,0,"{""debian-alpha"": 0.785, ""ubuntu-beta"": 0.962175}",{},2874,andy-VirtualBox,False
1239,cnp_endurance_multivm_20260918T130822Z-task-0001239,correlate.synthetic,2026-09-18T13:54:55.795795+00:00,2026-09-18T13:54:55.847941+00:00,2478.047,ubuntu-beta,ok,52.54,0,"{""debian-alpha"": 0.791, ""ubuntu-beta"": 0.944202}",{},2874,andy-VirtualBox,False
1240,cnp_endurance_multivm_20260918T130822Z-task-0001240,parse.synthetic,2026-09-18T13:54:57.804394+00:00,2026-09-18T13:54:57.850954+00:00,2480.047,debian-alpha,ok,47.284,0,"{""debian-alpha"": 0.98335, ""ubuntu-beta"": 0.809}",{},2875,andy,False
1241,cnp_endurance_multivm_20260918T130822Z-task-0001241,route.synthetic,2026-09-18T13:54:59.807883+00:00,2026-09-18T13:54:59.859113+00:00,2482.063,ubuntu-beta,ok,51.074,0,"{""debian-alpha"": 0.863827, ""ubuntu-beta"": 0.98645}",{},2874,andy-VirtualBox,False
1242,cnp_endurance_multivm_20260918T130822Z-task-0001242,detect.synthetic,2026-09-18T13:55:01.798447+00:00,2026-09-18T13:55:01.843985+00:00,2484.047,ubuntu-beta,ok,45.713,0,"{""debian-alpha"": 0.785, ""ubuntu-beta"": 0.96218}",{},2874,andy-VirtualBox,False
1243,cnp_endurance_multivm_20260918T130822Z-task-0001243,correlate.synthetic,2026-09-18T13:55:03.799888+00:00,2026-09-18T13:55:03.851753+00:00,2486.047,ubuntu-beta,ok,51.632,0,"{""debian-alpha"": 0.791, ""ubuntu-beta"": 0.944204}",{},2874,andy-VirtualBox,False
1244,cnp_endurance_multivm_20260918T130822Z-task-0001244,parse.synthetic,2026-09-18T13:55:05.807136+00:00,2026-09-18T13:55:05.859655+00:00,2488.063,debian-alpha,ok,51.965,0,"{""debian-alpha"": 0.983354, ""ubuntu-beta"": 0.809}",{},2875,andy,False
1245,cnp_endurance_multivm_20260918T130822Z-task-0001245,route.synthetic,2026-09-18T13:55:07.799409+00:00,2026-09-18T13:55:07.849063+00:00,2490.047,ubuntu-beta,ok,49.547,0,"{""debian-alpha"": 0.863827, ""ubuntu-beta"": 0.986452}",{},2874,andy-VirtualBox,False
1246,cnp_endurance_multivm_20260918T130822Z-task-0001246,detect.synthetic,2026-09-18T13:55:09.805604+00:00,2026-09-18T13:55:09.856767+00:00,2492.063,ubuntu-beta,ok,51.004,0,"{""debian-alpha"": 0.785, ""ubuntu-beta"": 0.962182}",{},2874,andy-VirtualBox,False
1247,cnp_endurance_multivm_20260918T130822Z-task-0001247,correlate.synthetic,2026-09-18T13:55:11.797280+00:00,2026-09-18T13:55:11.852468+00:00,2494.047,ubuntu-beta,ok,55.069,0,"{""debian-alpha"": 0.791, ""ubuntu-beta"": 0.944212}",{},2874,andy-VirtualBox,False
1248,cnp_endurance_multivm_20260918T130822Z-task-0001248,parse.synthetic,2026-09-18T13:55:13.795522+00:00,2026-09-18T13:55:13.869694+00:00,2496.063,debian-alpha,ok,74.049,0,"{""debian-alpha"": 0.983357, ""ubuntu-beta"": 0.809}",{},2875,andy,False
1249,cnp_endurance_multivm_20260918T130822Z-task-0001249,route.synthetic,2026-09-18T13:55:15.809561+00:00,2026-09-18T13:55:15.864735+00:00,2498.063,ubuntu-beta,ok,55.527,0,"{""debian-alpha"": 0.863827, ""ubuntu-beta"": 0.986452}",{},2874,andy-VirtualBox,False
1250,cnp_endurance_multivm_20260918T130822Z-task-0001250,detect.synthetic,2026-09-18T13:55:17.807184+00:00,2026-09-18T13:55:17.885501+00:00,2500.079,ubuntu-beta,ok,78.722,0,"{""debian-alpha"": 0.785, ""ubuntu-beta"": 0.962184}",{},2874,andy-VirtualBox,False
1251,cnp_endurance_multivm_20260918T130822Z-task-0001251,correlate.synthetic,2026-09-18T13:55:19.796155+00:00,2026-09-18T13:55:19.849234+00:00,2502.047,ubuntu-beta,ok,52.951,0,"{""debian-alpha"": 0.791, ""ubuntu-beta"": 0.94421}",{},2874,andy-VirtualBox,False
1252,cnp_endurance_multivm_20260918T130822Z-task-0001252,parse.synthetic,2026-09-18T13:55:21.806303+00:00,2026-09-18T13:55:21.853368+00:00,2504.047,debian-alpha,ok,46.991,0,"{""debian-alpha"": 0.983361, ""ubuntu-beta"": 0.809}",{},2875,andy,False
1253,cnp_endurance_multivm_20260918T130822Z-task-0001253,route.synthetic,2026-09-18T13:55:23.809772+00:00,2026-09-18T13:55:23.854985+00:00,2506.047,ubuntu-beta,ok,45.09,0,"{""debian-alpha"": 0.863827, ""ubuntu-beta"": 0.986452}",{},2874,andy-VirtualBox,False
1254,cnp_endurance_multivm_20260918T130822Z-task-0001254,detect.synthetic,2026-09-18T13:55:25.795987+00:00,2026-09-18T13:55:25.859104+00:00,2508.063,ubuntu-beta,ok,63.214,0,"{""debian-alpha"": 0.785, ""ubuntu-beta"": 0.962183}",{},2874,andy-VirtualBox,False
1255,cnp_endurance_multivm_20260918T130822Z-task-0001255,correlate.synthetic,2026-09-18T13:55:27.800372+00:00,2026-09-18T13:55:27.853685+00:00,2510.047,ubuntu-beta,ok,53.501,0,"{""debian-alpha"": 0.791, ""ubuntu-beta"": 0.944212}",{},2874,andy-VirtualBox,False
1256,cnp_endurance_multivm_20260918T130822Z-task-0001256,parse.synthetic,2026-09-18T13:55:29.794645+00:00,2026-09-18T13:55:29.842415+00:00,2512.047,debian-alpha,ok,47.753,0,"{""debian-alpha"": 0.983471, ""ubuntu-beta"": 0.809}",{},2875,andy,False
1257,cnp_endurance_multivm_20260918T130822Z-task-0001257,route.synthetic,2026-09-18T13:55:31.798709+00:00,2026-09-18T13:55:31.850240+00:00,2514.047,ubuntu-beta,ok,51.708,0,"{""debian-alpha"": 0.863827, ""ubuntu-beta"": 0.986464}",{},2874,andy-VirtualBox,False
1258,cnp_endurance_multivm_20260918T130822Z-task-0001258,detect.synthetic,2026-09-18T13:55:33.806351+00:00,2026-09-18T13:55:33.852960+00:00,2516.047,ubuntu-beta,ok,46.658,0,"{""debian-alpha"": 0.785, ""ubuntu-beta"": 0.962183}",{},2874,andy-VirtualBox,False
1259,cnp_endurance_multivm_20260918T130822Z-task-0001259,correlate.synthetic,2026-09-18T13:55:35.809780+00:00,2026-09-18T13:55:35.866275+00:00,2518.063,ubuntu-beta,ok,56.481,0,"{""debian-alpha"": 0.791, ""ubuntu-beta"": 0.944221}",{},2874,andy-VirtualBox,False
1260,cnp_endurance_multivm_20260918T130822Z-task-0001260,parse.synthetic,2026-09-18T13:55:37.806422+00:00,2026-09-18T13:55:37.852468+00:00,2520.047,debian-alpha,ok,45.971,0,"{""debian-alpha"": 0.983475, ""ubuntu-beta"": 0.809}",{},2875,andy,False
1261,cnp_endurance_multivm_20260918T130822Z-task-0001261,route.synthetic,2026-09-18T13:55:39.808382+00:00,2026-09-18T13:55:39.869491+00:00,2522.063,ubuntu-beta,ok,61.307,0,"{""debian-alpha"": 0.863827, ""ubuntu-beta"": 0.986469}",{},2874,andy-VirtualBox,False
1262,cnp_endurance_multivm_20260918T130822Z-task-0001262,detect.synthetic,2026-09-18T13:55:41.809209+00:00,2026-09-18T13:55:41.869335+00:00,2524.063,ubuntu-beta,ok,60.21,0,"{""debian-alpha"": 0.785, ""ubuntu-beta"": 0.962187}",{},2874,andy-VirtualBox,False
1263,cnp_endurance_multivm_20260918T130822Z-task-0001263,correlate.synthetic,2026-09-18T13:55:43.809110+00:00,2026-09-18T13:55:43.857716+00:00,2526.063,ubuntu-beta,ok,48.197,0,"{""debian-alpha"": 0.791, ""ubuntu-beta"": 0.944226}",{},2874,andy-VirtualBox,False
1264,cnp_endurance_multivm_20260918T130822Z-task-0001264,parse.synthetic,2026-09-18T13:55:45.798072+00:00,2026-09-18T13:55:45.851737+00:00,2528.047,debian-alpha,ok,53.991,0,"{""debian-alpha"": 0.983477, ""ubuntu-beta"": 0.809}",{},2875,andy,False
1265,cnp_endurance_multivm_20260918T130822Z-task-0001265,route.synthetic,2026-09-18T13:55:47.808195+00:00,2026-09-18T13:55:47.858278+00:00,2530.063,ubuntu-beta,ok,50.152,0,"{""debian-alpha"": 0.863827, ""ubuntu-beta"": 0.986468}",{},2874,andy-VirtualBox,False
1266,cnp_endurance_multivm_20260918T130822Z-task-0001266,detect.synthetic,2026-09-18T13:55:49.806289+00:00,2026-09-18T13:55:49.860802+00:00,2532.063,ubuntu-beta,ok,54.804,0,"{""debian-alpha"": 0.785, ""ubuntu-beta"": 0.962185}",{},2874,andy-VirtualBox,False
1267,cnp_endurance_multivm_20260918T130822Z-task-0001267,correlate.synthetic,2026-09-18T13:55:51.801035+00:00,2026-09-18T13:55:51.852019+00:00,2534.047,ubuntu-beta,ok,51.208,0,"{""debian-alpha"": 0.791, ""ubuntu-beta"": 0.944231}",{},2874,andy-VirtualBox,False
1268,cnp_endurance_multivm_20260918T130822Z-task-0001268,parse.synthetic,2026-09-18T13:55:53.808525+00:00,2026-09-18T13:55:53.859597+00:00,2536.063,debian-alpha,ok,50.99,0,"{""debian-alpha"": 0.983477, ""ubuntu-beta"": 0.809}",{},2875,andy,False
1269,cnp_endurance_multivm_20260918T130822Z-task-0001269,route.synthetic,2026-09-18T13:55:55.799758+00:00,2026-09-18T13:55:55.855521+00:00,2538.047,ubuntu-beta,ok,56.052,0,"{""debian-alpha"": 0.863827, ""ubuntu-beta"": 0.986469}",{},2874,andy-VirtualBox,False
1270,cnp_endurance_multivm_20260918T130822Z-task-0001270,detect.synthetic,2026-09-18T13:55:57.796708+00:00,2026-09-18T13:55:57.850393+00:00,2540.047,ubuntu-beta,ok,54.002,0,"{""debian-alpha"": 0.785, ""ubuntu-beta"": 0.962186}",{},2874,andy-VirtualBox,False
1271,cnp_endurance_multivm_20260918T130822Z-task-0001271,correlate.synthetic,2026-09-18T13:55:59.807021+00:00,2026-09-18T13:55:59.865806+00:00,2542.063,ubuntu-beta,ok,58.809,0,"{""debian-alpha"": 0.791, ""ubuntu-beta"": 0.944235}",{},2874,andy-VirtualBox,False
1272,cnp_endurance_multivm_20260918T130822Z-task-0001272,parse.synthetic,2026-09-18T13:56:01.796449+00:00,2026-09-18T13:56:01.847102+00:00,2544.047,debian-alpha,ok,50.807,0,"{""debian-alpha"": 0.983478, ""ubuntu-beta"": 0.809}",{},2875,andy,False
1273,cnp_endurance_multivm_20260918T130822Z-task-0001273,route.synthetic,2026-09-18T13:56:03.803558+00:00,2026-09-18T13:56:03.855218+00:00,2546.047,ubuntu-beta,ok,52.032,0,"{""debian-alpha"": 0.863827, ""ubuntu-beta"": 0.986471}",{},2874,andy-VirtualBox,False
1274,cnp_endurance_multivm_20260918T130822Z-task-0001274,detect.synthetic,2026-09-18T13:56:05.796230+00:00,2026-09-18T13:56:05.866976+00:00,2548.063,ubuntu-beta,ok,71.105,0,"{""debian-alpha"": 0.785, ""ubuntu-beta"": 0.962197}",{},2874,andy-VirtualBox,False
1275,cnp_endurance_multivm_20260918T130822Z-task-0001275,correlate.synthetic,2026-09-18T13:56:07.808057+00:00,2026-09-18T13:56:07.865698+00:00,2550.063,ubuntu-beta,ok,57.767,0,"{""debian-alpha"": 0.791, ""ubuntu-beta"": 0.944515}",{},2874,andy-VirtualBox,False
1276,cnp_endurance_multivm_20260918T130822Z-task-0001276,parse.synthetic,2026-09-18T13:56:09.806098+00:00,2026-09-18T13:56:09.855053+00:00,2552.047,debian-alpha,ok,49.064,0,"{""debian-alpha"": 0.983507, ""ubuntu-beta"": 0.809}",{},2875,andy,False
1277,cnp_endurance_multivm_20260918T130822Z-task-0001277,route.synthetic,2026-09-18T13:56:11.795463+00:00,2026-09-18T13:56:11.840922+00:00,2554.032,ubuntu-beta,ok,45.464,0,"{""debian-alpha"": 0.863827, ""ubuntu-beta"": 0.986482}",{},2874,andy-VirtualBox,False
1278,cnp_endurance_multivm_20260918T130822Z-task-0001278,detect.synthetic,2026-09-18T13:56:13.797708+00:00,2026-09-18T13:56:13.849351+00:00,2556.047,ubuntu-beta,ok,52.086,0,"{""debian-alpha"": 0.785, ""ubuntu-beta"": 0.962199}",{},2874,andy-VirtualBox,False
1279,cnp_endurance_multivm_20260918T130822Z-task-0001279,correlate.synthetic,2026-09-18T13:56:15.805912+00:00,2026-09-18T13:56:15.867045+00:00,2558.063,ubuntu-beta,ok,61.257,0,"{""debian-alpha"": 0.791, ""ubuntu-beta"": 0.944517}",{},2874,andy-VirtualBox,False
1280,cnp_endurance_multivm_20260918T130822Z-task-0001280,parse.synthetic,2026-09-18T13:56:17.807719+00:00,2026-09-18T13:56:17.858032+00:00,2560.063,debian-alpha,ok,50.385,0,"{""debian-alpha"": 0.983511, ""ubuntu-beta"": 0.809}",{},2875,andy,False
1281,cnp_endurance_multivm_20260918T130822Z-task-0001281,route.synthetic,2026-09-18T13:56:19.799787+00:00,2026-09-18T13:56:19.849521+00:00,2562.047,ubuntu-beta,ok,49.819,0,"{""debian-alpha"": 0.863827, ""ubuntu-beta"": 0.986483}",{},2874,andy-VirtualBox,False
1282,cnp_endurance_multivm_20260918T130822Z-task-0001282,detect.synthetic,2026-09-18T13:56:21.804921+00:00,2026-09-18T13:56:21.856364+00:00,2564.047,ubuntu-beta,ok,51.516,0,"{""debian-alpha"": 0.785, ""ubuntu-beta"": 0.962201}",{},2874,andy-VirtualBox,False
1283,cnp_endurance_multivm_20260918T130822Z-task-0001283,correlate.synthetic,2026-09-18T13:56:23.796479+00:00,2026-09-18T13:56:23.848004+00:00,2566.047,ubuntu-beta,ok,51.487,0,"{""debian-alpha"": 0.791, ""ubuntu-beta"": 0.94452}",{},2874,andy-VirtualBox,False
1284,cnp_endurance_multivm_20260918T130822Z-task-0001284,parse.synthetic,2026-09-18T13:56:25.804404+00:00,2026-09-18T13:56:25.865212+00:00,2568.063,debian-alpha,ok,61.007,0,"{""debian-alpha"": 0.983536, ""ubuntu-beta"": 0.809}",{},2875,andy,False
1285,cnp_endurance_multivm_20260918T130822Z-task-0001285,route.synthetic,2026-09-18T13:56:27.805543+00:00,2026-09-18T13:56:27.857470+00:00,2570.063,ubuntu-beta,ok,52.271,0,"{""debian-alpha"": 0.863827, ""ubuntu-beta"": 0.986485}",{},2874,andy-VirtualBox,False
1286,cnp_endurance_multivm_20260918T130822Z-task-0001286,detect.synthetic,2026-09-18T13:56:29.798745+00:00,2026-09-18T13:56:29.848753+00:00,2572.047,ubuntu-beta,ok,49.949,0,"{""debian-alpha"": 0.785, ""ubuntu-beta"": 0.962202}",{},2874,andy-VirtualBox,False
1287,cnp_endurance_multivm_20260918T130822Z-task-0001287,correlate.synthetic,2026-09-18T13:56:31.804872+00:00,2026-09-18T13:56:31.864046+00:00,2574.063,ubuntu-beta,ok,59.138,0,"{""debian-alpha"": 0.791, ""ubuntu-beta"": 0.944521}",{},2874,andy-VirtualBox,False
1288,cnp_endurance_multivm_20260918T130822Z-task-0001288,parse.synthetic,2026-09-18T13:56:33.803531+00:00,2026-09-18T13:56:33.851267+00:00,2576.047,debian-alpha,ok,47.816,0,"{""debian-alpha"": 0.983538, ""ubuntu-beta"": 0.809}",{},2875,andy,False
1289,cnp_endurance_multivm_20260918T130822Z-task-0001289,route.synthetic,2026-09-18T13:56:35.807138+00:00,2026-09-18T13:56:35.901755+00:00,2578.094,ubuntu-beta,ok,94.424,0,"{""debian-alpha"": 0.863827, ""ubuntu-beta"": 0.986488}",{},2874,andy-VirtualBox,False
1290,cnp_endurance_multivm_20260918T130822Z-task-0001290,detect.synthetic,2026-09-18T13:56:37.794883+00:00,2026-09-18T13:56:37.847993+00:00,2580.047,ubuntu-beta,ok,52.908,0,"{""debian-alpha"": 0.785, ""ubuntu-beta"": 0.962208}",{},2874,andy-VirtualBox,False
1291,cnp_endurance_multivm_20260918T130822Z-task-0001291,correlate.synthetic,2026-09-18T13:56:39.803970+00:00,2026-09-18T13:56:39.859252+00:00,2582.063,ubuntu-beta,ok,55.363,0,"{""debian-alpha"": 0.791, ""ubuntu-beta"": 0.944522}",{},2874,andy-VirtualBox,False
1292,cnp_endurance_multivm_20260918T130822Z-task-0001292,parse.synthetic,2026-09-18T13:56:41.799726+00:00,2026-09-18T13:56:41.850788+00:00,2584.047,debian-alpha,ok,51.03,0,"{""debian-alpha"": 0.983541, ""ubuntu-beta"": 0.809}",{},2875,andy,False
1293,cnp_endurance_multivm_20260918T130822Z-task-0001293,route.synthetic,2026-09-18T13:56:43.807243+00:00,2026-09-18T13:56:43.856222+00:00,2586.047,ubuntu-beta,ok,49.361,0,"{""debian-alpha"": 0.863827, ""ubuntu-beta"": 0.986483}",{},2874,andy-VirtualBox,False
1294,cnp_endurance_multivm_20260918T130822Z-task-0001294,detect.synthetic,2026-09-18T13:56:45.796698+00:00,2026-09-18T13:56:45.854378+00:00,2588.047,ubuntu-beta,ok,58.012,0,"{""debian-alpha"": 0.785, ""ubuntu-beta"": 0.962217}",{},2874,andy-VirtualBox,False
1295,cnp_endurance_multivm_20260918T130822Z-task-0001295,correlate.synthetic,2026-09-18T13:56:47.805019+00:00,2026-09-18T13:56:47.999174+00:00,2590.204,ubuntu-beta,ok,193.202,0,"{""debian-alpha"": 0.791, ""ubuntu-beta"": 0.944527}",{},2874,andy-VirtualBox,False
1296,cnp_endurance_multivm_20260918T130822Z-task-0001296,parse.synthetic,2026-09-18T13:56:49.797956+00:00,2026-09-18T13:56:49.841377+00:00,2592.047,debian-alpha,ok,43.537,0,"{""debian-alpha"": 0.983542, ""ubuntu-beta"": 0.809}",{},2875,andy,False
1297,cnp_endurance_multivm_20260918T130822Z-task-0001297,route.synthetic,2026-09-18T13:56:51.798642+00:00,2026-09-18T13:56:51.859726+00:00,2594.063,ubuntu-beta,ok,61.222,0,"{""debian-alpha"": 0.863827, ""ubuntu-beta"": 0.986485}",{},2874,andy-VirtualBox,False
1298,cnp_endurance_multivm_20260918T130822Z-task-0001298,detect.synthetic,2026-09-18T13:56:53.800904+00:00,2026-09-18T13:56:53.855379+00:00,2596.047,ubuntu-beta,ok,54.612,0,"{""debian-alpha"": 0.785, ""ubuntu-beta"": 0.962218}",{},2874,andy-VirtualBox,False
1299,cnp_endurance_multivm_20260918T130822Z-task-0001299,correlate.synthetic,2026-09-18T13:56:55.796576+00:00,2026-09-18T13:56:55.852534+00:00,2598.047,ubuntu-beta,ok,56.016,0,"{""debian-alpha"": 0.791, ""ubuntu-beta"": 0.944509}",{},2874,andy-VirtualBox,False
1300,cnp_endurance_multivm_20260918T130822Z-task-0001300,parse.synthetic,2026-09-18T13:56:57.808836+00:00,2026-09-18T13:56:57.872843+00:00,2600.079,debian-alpha,ok,64.338,0,"{""debian-alpha"": 0.983549, ""ubuntu-beta"": 0.809}",{},2875,andy,False
1301,cnp_endurance_multivm_20260918T130822Z-task-0001301,route.synthetic,2026-09-18T13:56:59.797590+00:00,2026-09-18T13:56:59.863751+00:00,2602.063,ubuntu-beta,ok,66.264,0,"{""debian-alpha"": 0.863827, ""ubuntu-beta"": 0.986486}",{},2874,andy-VirtualBox,False
1302,cnp_endurance_multivm_20260918T130822Z-task-0001302,detect.synthetic,2026-09-18T13:57:01.805085+00:00,2026-09-18T13:57:01.863129+00:00,2604.063,ubuntu-beta,ok,58.126,0,"{""debian-alpha"": 0.785, ""ubuntu-beta"": 0.962221}",{},2874,andy-VirtualBox,False
1303,cnp_endurance_multivm_20260918T130822Z-task-0001303,correlate.synthetic,2026-09-18T13:57:03.803342+00:00,2026-09-18T13:57:03.862946+00:00,2606.063,ubuntu-beta,ok,59.825,0,"{""debian-alpha"": 0.791, ""ubuntu-beta"": 0.944534}",{},2874,andy-VirtualBox,False
1304,cnp_endurance_multivm_20260918T130822Z-task-0001304,parse.synthetic,2026-09-18T13:57:05.804535+00:00,2026-09-18T13:57:05.883766+00:00,2608.079,debian-alpha,ok,79.219,0,"{""debian-alpha"": 0.983557, ""ubuntu-beta"": 0.809}",{},2875,andy,False
1305,cnp_endurance_multivm_20260918T130822Z-task-0001305,route.synthetic,2026-09-18T13:57:07.808166+00:00,2026-09-18T13:57:07.864670+00:00,2610.063,ubuntu-beta,ok,56.719,0,"{""debian-alpha"": 0.863827, ""ubuntu-beta"": 0.986535}",{},2874,andy-VirtualBox,False
1306,cnp_endurance_multivm_20260918T130822Z-task-0001306,detect.synthetic,2026-09-18T13:57:09.804847+00:00,2026-09-18T13:57:09.856884+00:00,2612.063,ubuntu-beta,ok,52.363,0,"{""debian-alpha"": 0.785, ""ubuntu-beta"": 0.96258}",{},2874,andy-VirtualBox,False
1307,cnp_endurance_multivm_20260918T130822Z-task-0001307,correlate.synthetic,2026-09-18T13:57:11.797989+00:00,2026-09-18T13:57:11.850973+00:00,2614.047,ubuntu-beta,ok,53.029,0,"{""debian-alpha"": 0.791, ""ubuntu-beta"": 0.944668}",{},2874,andy-VirtualBox,False
1308,cnp_endurance_multivm_20260918T130822Z-task-0001308,parse.synthetic,2026-09-18T13:57:13.806959+00:00,2026-09-18T13:57:13.862370+00:00,2616.063,debian-alpha,ok,55.587,0,"{""debian-alpha"": 0.983566, ""ubuntu-beta"": 0.809}",{},2875,andy,False
1309,cnp_endurance_multivm_20260918T130822Z-task-0001309,route.synthetic,2026-09-18T13:57:15.803183+00:00,2026-09-18T13:57:15.858568+00:00,2618.063,ubuntu-beta,ok,55.48,0,"{""debian-alpha"": 0.863827, ""ubuntu-beta"": 0.986587}",{},2874,andy-VirtualBox,False
1310,cnp_endurance_multivm_20260918T130822Z-task-0001310,detect.synthetic,2026-09-18T13:57:17.800385+00:00,2026-09-18T13:57:17.852513+00:00,2620.047,ubuntu-beta,ok,52.67,0,"{""debian-alpha"": 0.785, ""ubuntu-beta"": 0.962606}",{},2874,andy-VirtualBox,False
1311,cnp_endurance_multivm_20260918T130822Z-task-0001311,correlate.synthetic,2026-09-18T13:57:19.809430+00:00,2026-09-18T13:57:19.857721+00:00,2622.063,ubuntu-beta,ok,48.542,0,"{""debian-alpha"": 0.791, ""ubuntu-beta"": 0.94467}",{},2874,andy-VirtualBox,False
1312,cnp_endurance_multivm_20260918T130822Z-task-0001312,parse.synthetic,2026-09-18T13:57:21.797695+00:00,2026-09-18T13:57:21.841523+00:00,2624.047,debian-alpha,ok,43.547,0,"{""debian-alpha"": 0.983563, ""ubuntu-beta"": 0.809}",{},2875,andy,False
1313,cnp_endurance_multivm_20260918T130822Z-task-0001313,route.synthetic,2026-09-18T13:57:23.797339+00:00,2026-09-18T13:57:23.848161+00:00,2626.047,ubuntu-beta,ok,50.823,0,"{""debian-alpha"": 0.863827, ""ubuntu-beta"": 0.986597}",{},2874,andy-VirtualBox,False
1314,cnp_endurance_multivm_20260918T130822Z-task-0001314,detect.synthetic,2026-09-18T13:57:25.804675+00:00,2026-09-18T13:57:25.859868+00:00,2628.063,ubuntu-beta,ok,55.584,0,"{""debian-alpha"": 0.785, ""ubuntu-beta"": 0.96261}",{},2874,andy-VirtualBox,False
1315,cnp_endurance_multivm_20260918T130822Z-task-0001315,correlate.synthetic,2026-09-18T13:57:27.800658+00:00,2026-09-18T13:57:27.853039+00:00,2630.047,ubuntu-beta,ok,52.242,0,"{""debian-alpha"": 0.791, ""ubuntu-beta"": 0.944674}",{},2874,andy-VirtualBox,False
1316,cnp_endurance_multivm_20260918T130822Z-task-0001316,parse.synthetic,2026-09-18T13:57:29.809062+00:00,2026-09-18T13:57:29.854940+00:00,2632.047,debian-alpha,ok,46.064,0,"{""debian-alpha"": 0.983575, ""ubuntu-beta"": 0.809}",{},2875,andy,False
1317,cnp_endurance_multivm_20260918T130822Z-task-0001317,route.synthetic,2026-09-18T13:57:31.794580+00:00,2026-09-18T13:57:31.842023+00:00,2634.047,ubuntu-beta,ok,47.702,0,"{""debian-alpha"": 0.863827, ""ubuntu-beta"": 0.986605}",{},2874,andy-VirtualBox,False
1318,cnp_endurance_multivm_20260918T130822Z-task-0001318,detect.synthetic,2026-09-18T13:57:33.798270+00:00,2026-09-18T13:57:33.850362+00:00,2636.047,ubuntu-beta,ok,52.064,0,"{""debian-alpha"": 0.785, ""ubuntu-beta"": 0.96261}",{},2874,andy-VirtualBox,False
1319,cnp_endurance_multivm_20260918T130822Z-task-0001319,correlate.synthetic,2026-09-18T13:57:35.806011+00:00,2026-09-18T13:57:35.878466+00:00,2638.079,ubuntu-beta,ok,72.434,0,"{""debian-alpha"": 0.791, ""ubuntu-beta"": 0.944678}",{},2874,andy-VirtualBox,False
1320,cnp_endurance_multivm_20260918T130822Z-task-0001320,parse.synthetic,2026-09-18T13:57:37.804271+00:00,2026-09-18T13:57:37.858101+00:00,2640.063,debian-alpha,ok,53.684,0,"{""debian-alpha"": 0.983577, ""ubuntu-beta"": 0.809}",{},2875,andy,False
1321,cnp_endurance_multivm_20260918T130822Z-task-0001321,route.synthetic,2026-09-18T13:57:39.798306+00:00,2026-09-18T13:57:39.844607+00:00,2642.047,ubuntu-beta,ok,46.468,0,"{""debian-alpha"": 0.863827, ""ubuntu-beta"": 0.986608}",{},2874,andy-VirtualBox,False
1322,cnp_endurance_multivm_20260918T130822Z-task-0001322,detect.synthetic,2026-09-18T13:57:41.801475+00:00,2026-09-18T13:57:41.845591+00:00,2644.047,ubuntu-beta,ok,44.418,0,"{""debian-alpha"": 0.785, ""ubuntu-beta"": 0.962638}",{},2874,andy-VirtualBox,False
1323,cnp_endurance_multivm_20260918T130822Z-task-0001323,correlate.synthetic,2026-09-18T13:57:43.802515+00:00,2026-09-18T13:57:43.854813+00:00,2646.047,ubuntu-beta,ok,52.354,0,"{""debian-alpha"": 0.791, ""ubuntu-beta"": 0.944679}",{},2874,andy-VirtualBox,False
1324,cnp_endurance_multivm_20260918T130822Z-task-0001324,parse.synthetic,2026-09-18T13:57:45.795311+00:00,2026-09-18T13:57:45.849522+00:00,2648.047,debian-alpha,ok,54.125,0,"{""debian-alpha"": 0.983685, ""ubuntu-beta"": 0.809}",{},2875,andy,False
1325,cnp_endurance_multivm_20260918T130822Z-task-0001325,route.synthetic,2026-09-18T13:57:47.807609+00:00,2026-09-18T13:57:47.859110+00:00,2650.063,ubuntu-beta,ok,51.963,0,"{""debian-alpha"": 0.863827, ""ubuntu-beta"": 0.98662}",{},2874,andy-VirtualBox,False
1326,cnp_endurance_multivm_20260918T130822Z-task-0001326,detect.synthetic,2026-09-18T13:57:49.799591+00:00,2026-09-18T13:57:49.848831+00:00,2652.047,ubuntu-beta,ok,49.567,0,"{""debian-alpha"": 0.785, ""ubuntu-beta"": 0.962659}",{},2874,andy-VirtualBox,False
1327,cnp_endurance_multivm_20260918T130822Z-task-0001327,correlate.synthetic,2026-09-18T13:57:51.805487+00:00,2026-09-18T13:57:51.856157+00:00,2654.047,ubuntu-beta,ok,50.741,0,"{""debian-alpha"": 0.791, ""ubuntu-beta"": 0.944683}",{},2874,andy-VirtualBox,False
1328,cnp_endurance_multivm_20260918T130822Z-task-0001328,parse.synthetic,2026-09-18T13:57:53.796277+00:00,2026-09-18T13:57:53.843589+00:00,2656.047,debian-alpha,ok,47.007,0,"{""debian-alpha"": 0.983687, ""ubuntu-beta"": 0.809}",{},2875,andy,False
1329,cnp_endurance_multivm_20260918T130822Z-task-0001329,route.synthetic,2026-09-18T13:57:55.796385+00:00,2026-09-18T13:57:55.854269+00:00,2658.047,ubuntu-beta,ok,57.731,0,"{""debian-alpha"": 0.863827, ""ubuntu-beta"": 0.986626}",{},2874,andy-VirtualBox,False
1330,cnp_endurance_multivm_20260918T130822Z-task-0001330,detect.synthetic,2026-09-18T13:57:57.804057+00:00,2026-09-18T13:57:57.856655+00:00,2660.047,ubuntu-beta,ok,52.867,0,"{""debian-alpha"": 0.785, ""ubuntu-beta"": 0.962664}",{},2874,andy-VirtualBox,False
1331,cnp_endurance_multivm_20260918T130822Z-task-0001331,correlate.synthetic,2026-09-18T13:57:59.796678+00:00,2026-09-18T13:57:59.849599+00:00,2662.047,ubuntu-beta,ok,53.248,0,"{""debian-alpha"": 0.791, ""ubuntu-beta"": 0.944687}",{},2874,andy-VirtualBox,False
1332,cnp_endurance_multivm_20260918T130822Z-task-0001332,parse.synthetic,2026-09-18T13:58:01.806535+00:00,2026-09-18T13:58:01.862510+00:00,2664.063,debian-alpha,ok,56.203,0,"{""debian-alpha"": 0.983692, ""ubuntu-beta"": 0.809}",{},2875,andy,False
1333,cnp_endurance_multivm_20260918T130822Z-task-0001333,route.synthetic,2026-09-18T13:58:03.803623+00:00,2026-09-18T13:58:03.860430+00:00,2666.063,ubuntu-beta,ok,56.692,0,"{""debian-alpha"": 0.863827, ""ubuntu-beta"": 0.986627}",{},2874,andy-VirtualBox,False
1334,cnp_endurance_multivm_20260918T130822Z-task-0001334,detect.synthetic,2026-09-18T13:58:05.800065+00:00,2026-09-18T13:58:05.856893+00:00,2668.063,ubuntu-beta,ok,57.106,0,"{""debian-alpha"": 0.785, ""ubuntu-beta"": 0.962666}",{},2874,andy-VirtualBox,False
1335,cnp_endurance_multivm_20260918T130822Z-task-0001335,correlate.synthetic,2026-09-18T13:58:07.798309+00:00,2026-09-18T13:58:07.867589+00:00,2670.063,ubuntu-beta,ok,69.691,0,"{""debian-alpha"": 0.791, ""ubuntu-beta"": 0.944691}",{},2874,andy-VirtualBox,False
1336,cnp_endurance_multivm_20260918T130822Z-task-0001336,parse.synthetic,2026-09-18T13:58:09.808367+00:00,2026-09-18T13:58:09.869315+00:00,2672.063,debian-alpha,ok,61.398,0,"{""debian-alpha"": 0.983694, ""ubuntu-beta"": 0.809}",{},2875,andy,False
1337,cnp_endurance_multivm_20260918T130822Z-task-0001337,route.synthetic,2026-09-18T13:58:11.809561+00:00,2026-09-18T13:58:11.861657+00:00,2674.063,ubuntu-beta,ok,51.974,0,"{""debian-alpha"": 0.863827, ""ubuntu-beta"": 0.986628}",{},2874,andy-VirtualBox,False
1338,cnp_endurance_multivm_20260918T130822Z-task-0001338,detect.synthetic,2026-09-18T13:58:13.802752+00:00,2026-09-18T13:58:13.855165+00:00,2676.047,ubuntu-beta,ok,52.307,0,"{""debian-alpha"": 0.785, ""ubuntu-beta"": 0.962667}",{},2874,andy-VirtualBox,False
1339,cnp_endurance_multivm_20260918T130822Z-task-0001339,correlate.synthetic,2026-09-18T13:58:15.795607+00:00,2026-09-18T13:58:15.846813+00:00,2678.047,ubuntu-beta,ok,51.174,0,"{""debian-alpha"": 0.791, ""ubuntu-beta"": 0.944692}",{},2874,andy-VirtualBox,False
1340,cnp_endurance_multivm_20260918T130822Z-task-0001340,parse.synthetic,2026-09-18T13:58:17.804300+00:00,2026-09-18T13:58:17.852664+00:00,2680.047,debian-alpha,ok,48.192,0,"{""debian-alpha"": 0.983693, ""ubuntu-beta"": 0.809}",{},2875,andy,False
1341,cnp_endurance_multivm_20260918T130822Z-task-0001341,route.synthetic,2026-09-18T13:58:19.807988+00:00,2026-09-18T13:58:19.861490+00:00,2682.063,ubuntu-beta,ok,53.635,0,"{""debian-alpha"": 0.863827, ""ubuntu-beta"": 0.986631}",{},2874,andy-VirtualBox,False
1342,cnp_endurance_multivm_20260918T130822Z-task-0001342,detect.synthetic,2026-09-18T13:58:21.801681+00:00,2026-09-18T13:58:21.846340+00:00,2684.047,ubuntu-beta,ok,44.562,0,"{""debian-alpha"": 0.785, ""ubuntu-beta"": 0.962673}",{},2874,andy-VirtualBox,False
1343,cnp_endurance_multivm_20260918T130822Z-task-0001343,correlate.synthetic,2026-09-18T13:58:23.803166+00:00,2026-09-18T13:58:23.856816+00:00,2686.063,ubuntu-beta,ok,53.644,0,"{""debian-alpha"": 0.791, ""ubuntu-beta"": 0.944695}",{},2874,andy-VirtualBox,False
1344,cnp_endurance_multivm_20260918T130822Z-task-0001344,parse.synthetic,2026-09-18T13:58:25.795763+00:00,2026-09-18T13:58:25.851454+00:00,2688.047,debian-alpha,ok,56.024,0,"{""debian-alpha"": 0.983694, ""ubuntu-beta"": 0.809}",{},2875,andy,False
1345,cnp_endurance_multivm_20260918T130822Z-task-0001345,route.synthetic,2026-09-18T13:58:27.807505+00:00,2026-09-18T13:58:27.862019+00:00,2690.063,ubuntu-beta,ok,54.519,0,"{""debian-alpha"": 0.863827, ""ubuntu-beta"": 0.986642}",{},2874,andy-VirtualBox,False
1346,cnp_endurance_multivm_20260918T130822Z-task-0001346,detect.synthetic,2026-09-18T13:58:29.802186+00:00,2026-09-18T13:58:29.855497+00:00,2692.047,ubuntu-beta,ok,53.26,0,"{""debian-alpha"": 0.785, ""ubuntu-beta"": 0.962676}",{},2874,andy-VirtualBox,False
1347,cnp_endurance_multivm_20260918T130822Z-task-0001347,correlate.synthetic,2026-09-18T13:58:31.796165+00:00,2026-09-18T13:58:31.869531+00:00,2694.063,ubuntu-beta,ok,73.63,0,"{""debian-alpha"": 0.791, ""ubuntu-beta"": 0.944699}",{},2874,andy-VirtualBox,False
1348,cnp_endurance_multivm_20260918T130822Z-task-0001348,parse.synthetic,2026-09-18T13:58:33.809116+00:00,2026-09-18T13:58:33.859119+00:00,2696.063,debian-alpha,ok,50.097,0,"{""debian-alpha"": 0.983696, ""ubuntu-beta"": 0.809}",{},2875,andy,False
1349,cnp_endurance_multivm_20260918T130822Z-task-0001349,route.synthetic,2026-09-18T13:58:35.799148+00:00,2026-09-18T13:58:35.858424+00:00,2698.063,ubuntu-beta,ok,59.528,0,"{""debian-alpha"": 0.863827, ""ubuntu-beta"": 0.986645}",{},2874,andy-VirtualBox,False
1350,cnp_endurance_multivm_20260918T130822Z-task-0001350,detect.synthetic,2026-09-18T13:58:37.799187+00:00,2026-09-18T13:58:37.856572+00:00,2700.047,ubuntu-beta,ok,57.55,0,"{""debian-alpha"": 0.785, ""ubuntu-beta"": 0.962676}",{},2874,andy-VirtualBox,False
1351,cnp_endurance_multivm_20260918T130822Z-task-0001351,correlate.synthetic,2026-09-18T13:58:39.796722+00:00,2026-09-18T13:58:39.871986+00:00,2702.063,ubuntu-beta,ok,75.66,0,"{""debian-alpha"": 0.791, ""ubuntu-beta"": 0.944695}",{},2874,andy-VirtualBox,False
1352,cnp_endurance_multivm_20260918T130822Z-task-0001352,parse.synthetic,2026-09-18T13:58:41.796881+00:00,2026-09-18T13:58:41.862418+00:00,2704.063,debian-alpha,ok,65.549,0,"{""debian-alpha"": 0.983717, ""ubuntu-beta"": 0.809}",{},2875,andy,False
1353,cnp_endurance_multivm_20260918T130822Z-task-0001353,route.synthetic,2026-09-18T13:58:43.802901+00:00,2026-09-18T13:58:43.853117+00:00,2706.047,ubuntu-beta,ok,50.18,0,"{""debian-alpha"": 0.863827, ""ubuntu-beta"": 0.986725}",{},2874,andy-VirtualBox,False
1354,cnp_endurance_multivm_20260918T130822Z-task-0001354,detect.synthetic,2026-09-18T13:58:45.808394+00:00,2026-09-18T13:58:45.860121+00:00,2708.063,ubuntu-beta,ok,52.052,0,"{""debian-alpha"": 0.785, ""ubuntu-beta"": 0.962706}",{},2874,andy-VirtualBox,False
1355,cnp_endurance_multivm_20260918T130822Z-task-0001355,correlate.synthetic,2026-09-18T13:58:47.801768+00:00,2026-09-18T13:58:47.874716+00:00,2710.079,ubuntu-beta,ok,72.763,0,"{""debian-alpha"": 0.791, ""ubuntu-beta"": 0.944694}",{},2874,andy-VirtualBox,False
1356,cnp_endurance_multivm_20260918T130822Z-task-0001356,parse.synthetic,2026-09-18T13:58:49.799013+00:00,2026-09-18T13:58:49.846606+00:00,2712.047,debian-alpha,ok,47.345,0,"{""debian-alpha"": 0.983708, ""ubuntu-beta"": 0.809}",{},2875,andy,False
1357,cnp_endurance_multivm_20260918T130822Z-task-0001357,route.synthetic,2026-09-18T13:58:51.803343+00:00,2026-09-18T13:58:51.856282+00:00,2714.047,ubuntu-beta,ok,52.903,0,"{""debian-alpha"": 0.863827, ""ubuntu-beta"": 0.986728}",{},2874,andy-VirtualBox,False
1358,cnp_endurance_multivm_20260918T130822Z-task-0001358,detect.synthetic,2026-09-18T13:58:53.796260+00:00,2026-09-18T13:58:53.844443+00:00,2716.047,ubuntu-beta,ok,48.331,0,"{""debian-alpha"": 0.785, ""ubuntu-beta"": 0.962711}",{},2874,andy-VirtualBox,False
1359,cnp_endurance_multivm_20260918T130822Z-task-0001359,correlate.synthetic,2026-09-18T13:58:55.801566+00:00,2026-09-18T13:58:55.856619+00:00,2718.047,ubuntu-beta,ok,55.255,0,"{""debian-alpha"": 0.791, ""ubuntu-beta"": 0.944689}",{},2874,andy-VirtualBox,False
1360,cnp_endurance_multivm_20260918T130822Z-task-0001360,parse.synthetic,2026-09-18T13:58:57.796897+00:00,2026-09-18T13:58:57.845034+00:00,2720.047,debian-alpha,ok,48.312,0,"{""debian-alpha"": 0.983708, ""ubuntu-beta"": 0.809}",{},2875,andy,False
1361,cnp_endurance_multivm_20260918T130822Z-task-0001361,route.synthetic,2026-09-18T13:58:59.804722+00:00,2026-09-18T13:58:59.856223+00:00,2722.047,ubuntu-beta,ok,51.653,0,"{""debian-alpha"": 0.863827, ""ubuntu-beta"": 0.986729}",{},2874,andy-VirtualBox,False
1362,cnp_endurance_multivm_20260918T130822Z-task-0001362,detect.synthetic,2026-09-18T13:59:01.796208+00:00,2026-09-18T13:59:01.844290+00:00,2724.047,ubuntu-beta,ok,48.413,0,"{""debian-alpha"": 0.785, ""ubuntu-beta"": 0.962717}",{},2874,andy-VirtualBox,False
1363,cnp_endurance_multivm_20260918T130822Z-task-0001363,correlate.synthetic,2026-09-18T13:59:03.800550+00:00,2026-09-18T13:59:03.852746+00:00,2726.047,ubuntu-beta,ok,52.287,0,"{""debian-alpha"": 0.791, ""ubuntu-beta"": 0.944692}",{},2874,andy-VirtualBox,False
1364,cnp_endurance_multivm_20260918T130822Z-task-0001364,parse.synthetic,2026-09-18T13:59:05.809008+00:00,2026-09-18T13:59:05.873425+00:00,2728.079,debian-alpha,ok,64.651,0,"{""debian-alpha"": 0.983711, ""ubuntu-beta"": 0.809}",{},2875,andy,False
1365,cnp_endurance_multivm_20260918T130822Z-task-0001365,route.synthetic,2026-09-18T13:59:07.797270+00:00,2026-09-18T13:59:07.849143+00:00,2730.047,ubuntu-beta,ok,51.913,0,"{""debian-alpha"": 0.863827, ""ubuntu-beta"": 0.98673}",{},2874,andy-VirtualBox,False
1366,cnp_endurance_multivm_20260918T130822Z-task-0001366,detect.synthetic,2026-09-18T13:59:09.806123+00:00,2026-09-18T13:59:09.854346+00:00,2732.047,ubuntu-beta,ok,48.441,0,"{""debian-alpha"": 0.785, ""ubuntu-beta"": 0.962745}",{},2874,andy-VirtualBox,False
1367,cnp_endurance_multivm_20260918T130822Z-task-0001367,correlate.synthetic,2026-09-18T13:59:11.795246+00:00,2026-09-18T13:59:11.845495+00:00,2734.047,ubuntu-beta,ok,50.513,0,"{""debian-alpha"": 0.791, ""ubuntu-beta"": 0.944696}",{},2874,andy-VirtualBox,False
1368,cnp_endurance_multivm_20260918T130822Z-task-0001368,parse.synthetic,2026-09-18T13:59:13.802312+00:00,2026-09-18T13:59:13.854000+00:00,2736.047,debian-alpha,ok,52.068,0,"{""debian-alpha"": 0.983754, ""ubuntu-beta"": 0.809}",{},2875,andy,False
1369,cnp_endurance_multivm_20260918T130822Z-task-0001369,route.synthetic,2026-09-18T13:59:15.794979+00:00,2026-09-18T13:59:15.855888+00:00,2738.047,ubuntu-beta,ok,60.992,0,"{""debian-alpha"": 0.863827, ""ubuntu-beta"": 0.986739}",{},2874,andy-VirtualBox,False
1370,cnp_endurance_multivm_20260918T130822Z-task-0001370,detect.synthetic,2026-09-18T13:59:17.795833+00:00,2026-09-18T13:59:17.852766+00:00,2740.047,ubuntu-beta,ok,56.932,0,"{""debian-alpha"": 0.785, ""ubuntu-beta"": 0.962749}",{},2874,andy-VirtualBox,False
1371,cnp_endurance_multivm_20260918T130822Z-task-0001371,correlate.synthetic,2026-09-18T13:59:19.795436+00:00,2026-09-18T13:59:19.846602+00:00,2742.047,ubuntu-beta,ok,51.15,0,"{""debian-alpha"": 0.791, ""ubuntu-beta"": 0.944699}",{},2874,andy-VirtualBox,False
1372,cnp_endurance_multivm_20260918T130822Z-task-0001372,parse.synthetic,2026-09-18T13:59:21.802963+00:00,2026-09-18T13:59:21.849743+00:00,2744.047,debian-alpha,ok,47.291,0,"{""debian-alpha"": 0.98376, ""ubuntu-beta"": 0.809}",{},2875,andy,False
1373,cnp_endurance_multivm_20260918T130822Z-task-0001373,route.synthetic,2026-09-18T13:59:23.807068+00:00,2026-09-18T13:59:23.867693+00:00,2746.063,ubuntu-beta,ok,60.713,0,"{""debian-alpha"": 0.863827, ""ubuntu-beta"": 0.986739}",{},2874,andy-VirtualBox,False
1374,cnp_endurance_multivm_20260918T130822Z-task-0001374,detect.synthetic,2026-09-18T13:59:25.808781+00:00,2026-09-18T13:59:25.864444+00:00,2748.063,ubuntu-beta,ok,55.517,0,"{""debian-alpha"": 0.785, ""ubuntu-beta"": 0.962757}",{},2874,andy-VirtualBox,False
1375,cnp_endurance_multivm_20260918T130822Z-task-0001375,correlate.synthetic,2026-09-18T13:59:27.807185+00:00,2026-09-18T13:59:27.872432+00:00,2750.079,ubuntu-beta,ok,64.989,0,"{""debian-alpha"": 0.791, ""ubuntu-beta"": 0.94471}",{},2874,andy-VirtualBox,False
1376,cnp_endurance_multivm_20260918T130822Z-task-0001376,parse.synthetic,2026-09-18T13:59:29.797140+00:00,2026-09-18T13:59:29.849069+00:00,2752.047,debian-alpha,ok,51.874,0,"{""debian-alpha"": 0.983761, ""ubuntu-beta"": 0.809}",{},2875,andy,False
1377,cnp_endurance_multivm_20260918T130822Z-task-0001377,route.synthetic,2026-09-18T13:59:31.805136+00:00,2026-09-18T13:59:31.853155+00:00,2754.047,ubuntu-beta,ok,48.089,0,"{""debian-alpha"": 0.863827, ""ubuntu-beta"": 0.986743}",{},2874,andy-VirtualBox,False
1378,cnp_endurance_multivm_20260918T130822Z-task-0001378,detect.synthetic,2026-09-18T13:59:33.809702+00:00,2026-09-18T13:59:33.877405+00:00,2756.079,ubuntu-beta,ok,68.116,0,"{""debian-alpha"": 0.785, ""ubuntu-beta"": 0.962756}",{},2874,andy-VirtualBox,False
1379,cnp_endurance_multivm_20260918T130822Z-task-0001379,correlate.synthetic,2026-09-18T13:59:35.801522+00:00,2026-09-18T13:59:35.867927+00:00,2758.063,ubuntu-beta,ok,66.386,0,"{""debian-alpha"": 0.791, ""ubuntu-beta"": 0.944721}",{},2874,andy-VirtualBox,False
1380,cnp_endurance_multivm_20260918T130822Z-task-0001380,parse.synthetic,2026-09-18T13:59:37.794424+00:00,2026-09-18T13:59:37.850418+00:00,2760.047,debian-alpha,ok,56.279,0,"{""debian-alpha"": 0.983762, ""ubuntu-beta"": 0.809}",{},2875,andy,False
1381,cnp_endurance_multivm_20260918T130822Z-task-0001381,route.synthetic,2026-09-18T13:59:39.807641+00:00,2026-09-18T13:59:39.866109+00:00,2762.063,ubuntu-beta,ok,58.705,0,"{""debian-alpha"": 0.863827, ""ubuntu-beta"": 0.986745}",{},2874,andy-VirtualBox,False
1382,cnp_endurance_multivm_20260918T130822Z-task-0001382,detect.synthetic,2026-09-18T13:59:41.807171+00:00,2026-09-18T13:59:41.863973+00:00,2764.063,ubuntu-beta,ok,56.838,0,"{""debian-alpha"": 0.785, ""ubuntu-beta"": 0.962764}",{},2874,andy-VirtualBox,False
1383,cnp_endurance_multivm_20260918T130822Z-task-0001383,correlate.synthetic,2026-09-18T13:59:43.804486+00:00,2026-09-18T13:59:43.862568+00:00,2766.063,ubuntu-beta,ok,58.336,0,"{""debian-alpha"": 0.791, ""ubuntu-beta"": 0.944724}",{},2874,andy-VirtualBox,False
1384,cnp_endurance_multivm_20260918T130822Z-task-0001384,parse.synthetic,2026-09-18T13:59:45.803326+00:00,2026-09-18T13:59:45.857684+00:00,2768.063,debian-alpha,ok,54.402,0,"{""debian-alpha"": 0.983761, ""ubuntu-beta"": 0.809}",{},2875,andy,False
1385,cnp_endurance_multivm_20260918T130822Z-task-0001385,route.synthetic,2026-09-18T13:59:47.797801+00:00,2026-09-18T13:59:47.850853+00:00,2770.047,ubuntu-beta,ok,53.362,0,"{""debian-alpha"": 0.863827, ""ubuntu-beta"": 0.986745}",{},2874,andy-VirtualBox,False
1386,cnp_endurance_multivm_20260918T130822Z-task-0001386,detect.synthetic,2026-09-18T13:59:49.808326+00:00,2026-09-18T13:59:49.869009+00:00,2772.063,ubuntu-beta,ok,61.082,0,"{""debian-alpha"": 0.785, ""ubuntu-beta"": 0.962767}",{},2874,andy-VirtualBox,False
1387,cnp_endurance_multivm_20260918T130822Z-task-0001387,correlate.synthetic,2026-09-18T13:59:51.809318+00:00,2026-09-18T13:59:51.859532+00:00,2774.063,ubuntu-beta,ok,51.015,0,"{""debian-alpha"": 0.791, ""ubuntu-beta"": 0.944718}",{},2874,andy-VirtualBox,False
1388,cnp_endurance_multivm_20260918T130822Z-task-0001388,parse.synthetic,2026-09-18T13:59:53.800199+00:00,2026-09-18T13:59:53.849935+00:00,2776.047,debian-alpha,ok,49.826,0,"{""debian-alpha"": 0.983761, ""ubuntu-beta"": 0.809}",{},2875,andy,False
1389,cnp_endurance_multivm_20260918T130822Z-task-0001389,route.synthetic,2026-09-18T13:59:55.806706+00:00,2026-09-18T13:59:55.858780+00:00,2778.063,ubuntu-beta,ok,52.149,0,"{""debian-alpha"": 0.863827, ""ubuntu-beta"": 0.986746}",{},2874,andy-VirtualBox,False
1390,cnp_endurance_multivm_20260918T130822Z-task-0001390,detect.synthetic,2026-09-18T13:59:57.799398+00:00,2026-09-18T13:59:57.854445+00:00,2780.047,ubuntu-beta,ok,55.325,0,"{""debian-alpha"": 0.785, ""ubuntu-beta"": 0.962758}",{},2874,andy-VirtualBox,False
1391,cnp_endurance_multivm_20260918T130822Z-task-0001391,correlate.synthetic,2026-09-18T13:59:59.795411+00:00,2026-09-18T13:59:59.848580+00:00,2782.047,ubuntu-beta,ok,53.548,0,"{""debian-alpha"": 0.791, ""ubuntu-beta"": 0.944722}",{},2874,andy-VirtualBox,False
1392,cnp_endurance_multivm_20260918T130822Z-task-0001392,parse.synthetic,2026-09-18T14:00:01.805124+00:00,2026-09-18T14:00:01.851282+00:00,2784.047,debian-alpha,ok,46.329,0,"{""debian-alpha"": 0.983763, ""ubuntu-beta"": 0.809}",{},2875,andy,False
1393,cnp_endurance_multivm_20260918T130822Z-task-0001393,route.synthetic,2026-09-18T14:00:03.808529+00:00,2026-09-18T14:00:03.867492+00:00,2786.063,ubuntu-beta,ok,59.181,0,"{""debian-alpha"": 0.863827, ""ubuntu-beta"": 0.98675}",{},2874,andy-VirtualBox,False
1394,cnp_endurance_multivm_20260918T130822Z-task-0001394,detect.synthetic,2026-09-18T14:00:05.808432+00:00,2026-09-18T14:00:05.868357+00:00,2788.063,ubuntu-beta,ok,60.019,0,"{""debian-alpha"": 0.785, ""ubuntu-beta"": 0.96276}",{},2874,andy-VirtualBox,False
1395,cnp_endurance_multivm_20260918T130822Z-task-0001395,correlate.synthetic,2026-09-18T14:00:07.809402+00:00,2026-09-18T14:00:07.860086+00:00,2790.063,ubuntu-beta,ok,51.41,0,"{""debian-alpha"": 0.791, ""ubuntu-beta"": 0.944724}",{},2874,andy-VirtualBox,False
1396,cnp_endurance_multivm_20260918T130822Z-task-0001396,parse.synthetic,2026-09-18T14:00:09.800200+00:00,2026-09-18T14:00:09.845420+00:00,2792.047,debian-alpha,ok,46.011,0,"{""debian-alpha"": 0.983772, ""ubuntu-beta"": 0.809}",{},2875,andy,False
1397,cnp_endurance_multivm_20260918T130822Z-task-0001397,route.synthetic,2026-09-18T14:00:11.802796+00:00,2026-09-18T14:00:11.854830+00:00,2794.047,ubuntu-beta,ok,52.365,0,"{""debian-alpha"": 0.863827, ""ubuntu-beta"": 0.986753}",{},2874,andy-VirtualBox,False
1398,cnp_endurance_multivm_20260918T130822Z-task-0001398,detect.synthetic,2026-09-18T14:00:13.795751+00:00,2026-09-18T14:00:13.845035+00:00,2796.047,ubuntu-beta,ok,49.541,0,"{""debian-alpha"": 0.785, ""ubuntu-beta"": 0.962755}",{},2874,andy-VirtualBox,False
1399,cnp_endurance_multivm_20260918T130822Z-task-0001399,correlate.synthetic,2026-09-18T14:00:15.801685+00:00,2026-09-18T14:00:15.858826+00:00,2798.063,ubuntu-beta,ok,57.265,0,"{""debian-alpha"": 0.791, ""ubuntu-beta"": 0.944725}",{},2874,andy-VirtualBox,False
1400,cnp_endurance_multivm_20260918T130822Z-task-0001400,parse.synthetic,2026-09-18T14:00:17.799850+00:00,2026-09-18T14:00:17.848343+00:00,2800.047,debian-alpha,ok,48.481,0,"{""debian-alpha"": 0.983774, ""ubuntu-beta"": 0.809}",{},2875,andy,False
1401,cnp_endurance_multivm_20260918T130822Z-task-0001401,route.synthetic,2026-09-18T14:00:19.795246+00:00,2026-09-18T14:00:19.845855+00:00,2802.047,ubuntu-beta,ok,50.498,0,"{""debian-alpha"": 0.863827, ""ubuntu-beta"": 0.986757}",{},2874,andy-VirtualBox,False
1402,cnp_endurance_multivm_20260918T130822Z-task-0001402,detect.synthetic,2026-09-18T14:00:21.802254+00:00,2026-09-18T14:00:21.855388+00:00,2804.047,ubuntu-beta,ok,53.332,0,"{""debian-alpha"": 0.785, ""ubuntu-beta"": 0.962757}",{},2874,andy-VirtualBox,False
1403,cnp_endurance_multivm_20260918T130822Z-task-0001403,correlate.synthetic,2026-09-18T14:00:23.795318+00:00,2026-09-18T14:00:23.843029+00:00,2806.047,ubuntu-beta,ok,47.732,0,"{""debian-alpha"": 0.791, ""ubuntu-beta"": 0.944728}",{},2874,andy-VirtualBox,False
1404,cnp_endurance_multivm_20260918T130822Z-task-0001404,parse.synthetic,2026-09-18T14:00:25.799795+00:00,2026-09-18T14:00:25.853052+00:00,2808.047,debian-alpha,ok,53.239,0,"{""debian-alpha"": 0.983777, ""ubuntu-beta"": 0.809}",{},2875,andy,False
1405,cnp_endurance_multivm_20260918T130822Z-task-0001405,route.synthetic,2026-09-18T14:00:28.685105+00:00,2026-09-18T14:00:28.742583+00:00,2810.938,ubuntu-beta,ok,54.856,0,"{""debian-alpha"": 0.863827, ""ubuntu-beta"": 0.986758}",{},2874,andy-VirtualBox,False
1406,cnp_endurance_multivm_20260918T130822Z-task-0001406,detect.synthetic,2026-09-18T14:00:29.808264+00:00,2026-09-18T14:00:29.856682+00:00,2812.047,ubuntu-beta,ok,48.377,0,"{""debian-alpha"": 0.785, ""ubuntu-beta"": 0.962759}",{},2874,andy-VirtualBox,False
1407,cnp_endurance_multivm_20260918T130822Z-task-0001407,correlate.synthetic,2026-09-18T14:00:31.797233+00:00,2026-09-18T14:00:31.849340+00:00,2814.047,ubuntu-beta,ok,52.006,0,"{""debian-alpha"": 0.791, ""ubuntu-beta"": 0.944735}",{},2874,andy-VirtualBox,False
1408,cnp_endurance_multivm_20260918T130822Z-task-0001408,parse.synthetic,2026-09-18T14:00:33.805658+00:00,2026-09-18T14:00:33.876443+00:00,2816.079,debian-alpha,ok,71.081,0,"{""debian-alpha"": 0.983786, ""ubuntu-beta"": 0.809}",{},2875,andy,False
1409,cnp_endurance_multivm_20260918T130822Z-task-0001409,route.synthetic,2026-09-18T14:00:35.800334+00:00,2026-09-18T14:00:35.857020+00:00,2818.063,ubuntu-beta,ok,56.727,0,"{""debian-alpha"": 0.863827, ""ubuntu-beta"": 0.98676}",{},2874,andy-VirtualBox,False
1410,cnp_endurance_multivm_20260918T130822Z-task-0001410,detect.synthetic,2026-09-18T14:00:37.798366+00:00,2026-09-18T14:00:37.853994+00:00,2820.047,ubuntu-beta,ok,55.491,0,"{""debian-alpha"": 0.785, ""ubuntu-beta"": 0.962761}",{},2874,andy-VirtualBox,False
1411,cnp_endurance_multivm_20260918T130822Z-task-0001411,correlate.synthetic,2026-09-18T14:00:39.799501+00:00,2026-09-18T14:00:39.849571+00:00,2822.047,ubuntu-beta,ok,50.407,0,"{""debian-alpha"": 0.791, ""ubuntu-beta"": 0.944739}",{},2874,andy-VirtualBox,False
1412,cnp_endurance_multivm_20260918T130822Z-task-0001412,parse.synthetic,2026-09-18T14:00:41.806233+00:00,2026-09-18T14:00:41.858158+00:00,2824.063,debian-alpha,ok,51.756,0,"{""debian-alpha"": 0.983784, ""ubuntu-beta"": 0.809}",{},2875,andy,False
1413,cnp_endurance_multivm_20260918T130822Z-task-0001413,route.synthetic,2026-09-18T14:00:43.798913+00:00,2026-09-18T14:00:43.848867+00:00,2826.047,ubuntu-beta,ok,50.018,0,"{""debian-alpha"": 0.863827, ""ubuntu-beta"": 0.986758}",{},2874,andy-VirtualBox,False
1414,cnp_endurance_multivm_20260918T130822Z-task-0001414,detect.synthetic,2026-09-18T14:00:45.804899+00:00,2026-09-18T14:00:45.860777+00:00,2828.063,ubuntu-beta,ok,55.939,0,"{""debian-alpha"": 0.785, ""ubuntu-beta"": 0.962762}",{},2874,andy-VirtualBox,False
1415,cnp_endurance_multivm_20260918T130822Z-task-0001415,correlate.synthetic,2026-09-18T14:00:47.800749+00:00,2026-09-18T14:00:47.851956+00:00,2830.047,ubuntu-beta,ok,51.231,0,"{""debian-alpha"": 0.791, ""ubuntu-beta"": 0.944741}",{},2874,andy-VirtualBox,False
1416,cnp_endurance_multivm_20260918T130822Z-task-0001416,parse.synthetic,2026-09-18T14:00:49.808389+00:00,2026-09-18T14:00:49.856613+00:00,2832.047,debian-alpha,ok,48.301,0,"{""debian-alpha"": 0.983787, ""ubuntu-beta"": 0.809}",{},2875,andy,False
1417,cnp_endurance_multivm_20260918T130822Z-task-0001417,route.synthetic,2026-09-18T14:00:51.796946+00:00,2026-09-18T14:00:51.847177+00:00,2834.047,ubuntu-beta,ok,50.357,0,"{""debian-alpha"": 0.863827, ""ubuntu-beta"": 0.986762}",{},2874,andy-VirtualBox,False
1418,cnp_endurance_multivm_20260918T130822Z-task-0001418,detect.synthetic,2026-09-18T14:00:53.797864+00:00,2026-09-18T14:00:53.866332+00:00,2836.063,ubuntu-beta,ok,68.306,0,"{""debian-alpha"": 0.785, ""ubuntu-beta"": 0.962761}",{},2874,andy-VirtualBox,False
1419,cnp_endurance_multivm_20260918T130822Z-task-0001419,correlate.synthetic,2026-09-18T14:00:55.806479+00:00,2026-09-18T14:00:55.865421+00:00,2838.063,ubuntu-beta,ok,58.893,0,"{""debian-alpha"": 0.791, ""ubuntu-beta"": 0.944744}",{},2874,andy-VirtualBox,False
1420,cnp_endurance_multivm_20260918T130822Z-task-0001420,parse.synthetic,2026-09-18T14:00:57.805978+00:00,2026-09-18T14:00:57.861160+00:00,2840.063,debian-alpha,ok,55.201,0,"{""debian-alpha"": 0.983788, ""ubuntu-beta"": 0.809}",{},2875,andy,False
1421,cnp_endurance_multivm_20260918T130822Z-task-0001421,route.synthetic,2026-09-18T14:00:59.808311+00:00,2026-09-18T14:00:59.939222+00:00,2842.141,ubuntu-beta,ok,130.749,0,"{""debian-alpha"": 0.863827, ""ubuntu-beta"": 0.986764}",{},2874,andy-VirtualBox,False
1422,cnp_endurance_multivm_20260918T130822Z-task-0001422,detect.synthetic,2026-09-18T14:01:01.817291+00:00,2026-09-18T14:01:02.276311+00:00,2844.469,ubuntu-beta,ok,458.684,0,"{""debian-alpha"": 0.785, ""ubuntu-beta"": 0.962762}",{},2874,andy-VirtualBox,False
1423,cnp_endurance_multivm_20260918T130822Z-task-0001423,correlate.synthetic,2026-09-18T14:01:03.799008+00:00,2026-09-18T14:01:03.878033+00:00,2846.079,ubuntu-beta,ok,78.83,0,"{""debian-alpha"": 0.791, ""ubuntu-beta"": 0.944743}",{},2874,andy-VirtualBox,False
1424,cnp_endurance_multivm_20260918T130822Z-task-0001424,parse.synthetic,2026-09-18T14:01:05.802395+00:00,2026-09-18T14:01:05.867235+00:00,2848.063,debian-alpha,ok,65.059,0,"{""debian-alpha"": 0.983788, ""ubuntu-beta"": 0.809}",{},2875,andy,False
1425,cnp_endurance_multivm_20260918T130822Z-task-0001425,route.synthetic,2026-09-18T14:01:07.808407+00:00,2026-09-18T14:01:07.872941+00:00,2850.079,ubuntu-beta,ok,64.57,0,"{""debian-alpha"": 0.863827, ""ubuntu-beta"": 0.986746}",{},2874,andy-VirtualBox,False
1426,cnp_endurance_multivm_20260918T130822Z-task-0001426,detect.synthetic,2026-09-18T14:01:09.798029+00:00,2026-09-18T14:01:09.858588+00:00,2852.063,ubuntu-beta,ok,60.607,0,"{""debian-alpha"": 0.785, ""ubuntu-beta"": 0.962696}",{},2874,andy-VirtualBox,False
1427,cnp_endurance_multivm_20260918T130822Z-task-0001427,correlate.synthetic,2026-09-18T14:01:11.799495+00:00,2026-09-18T14:01:11.851889+00:00,2854.047,ubuntu-beta,ok,52.448,0,"{""debian-alpha"": 0.791, ""ubuntu-beta"": 0.944733}",{},2874,andy-VirtualBox,False
1428,cnp_endurance_multivm_20260918T130822Z-task-0001428,parse.synthetic,2026-09-18T14:01:13.808146+00:00,2026-09-18T14:01:13.861902+00:00,2856.063,debian-alpha,ok,53.829,0,"{""debian-alpha"": 0.98378, ""ubuntu-beta"": 0.809}",{},2875,andy,False
1429,cnp_endurance_multivm_20260918T130822Z-task-0001429,route.synthetic,2026-09-18T14:01:15.803148+00:00,2026-09-18T14:01:15.860430+00:00,2858.063,ubuntu-beta,ok,57.046,0,"{""debian-alpha"": 0.863827, ""ubuntu-beta"": 0.986745}",{},2874,andy-VirtualBox,False
1430,cnp_endurance_multivm_20260918T130822Z-task-0001430,detect.synthetic,2026-09-18T14:01:17.800254+00:00,2026-09-18T14:01:17.862017+00:00,2860.063,ubuntu-beta,ok,62.106,0,"{""debian-alpha"": 0.785, ""ubuntu-beta"": 0.962696}",{},2874,andy-VirtualBox,False
1431,cnp_endurance_multivm_20260918T130822Z-task-0001431,correlate.synthetic,2026-09-18T14:01:19.802662+00:00,2026-09-18T14:01:19.854704+00:00,2862.047,ubuntu-beta,ok,52.161,0,"{""debian-alpha"": 0.791, ""ubuntu-beta"": 0.944734}",{},2874,andy-VirtualBox,False
1432,cnp_endurance_multivm_20260918T130822Z-task-0001432,parse.synthetic,2026-09-18T14:01:21.795882+00:00,2026-09-18T14:01:21.849525+00:00,2864.047,debian-alpha,ok,53.714,0,"{""debian-alpha"": 0.98378, ""ubuntu-beta"": 0.809}",{},2875,andy,False
1433,cnp_endurance_multivm_20260918T130822Z-task-0001433,route.synthetic,2026-09-18T14:01:23.805353+00:00,2026-09-18T14:01:23.860445+00:00,2866.063,ubuntu-beta,ok,55.022,0,"{""debian-alpha"": 0.863827, ""ubuntu-beta"": 0.986743}",{},2874,andy-VirtualBox,False
1434,cnp_endurance_multivm_20260918T130822Z-task-0001434,detect.synthetic,2026-09-18T14:01:25.800985+00:00,2026-09-18T14:01:25.854740+00:00,2868.047,ubuntu-beta,ok,54.082,0,"{""debian-alpha"": 0.785, ""ubuntu-beta"": 0.962696}",{},2874,andy-VirtualBox,False
1435,cnp_endurance_multivm_20260918T130822Z-task-0001435,correlate.synthetic,2026-09-18T14:01:27.802117+00:00,2026-09-18T14:01:27.869652+00:00,2870.063,ubuntu-beta,ok,67.502,0,"{""debian-alpha"": 0.791, ""ubuntu-beta"": 0.944736}",{},2874,andy-VirtualBox,False
1436,cnp_endurance_multivm_20260918T130822Z-task-0001436,parse.synthetic,2026-09-18T14:01:29.794393+00:00,2026-09-18T14:01:29.881524+00:00,2872.079,debian-alpha,ok,87.622,0,"{""debian-alpha"": 0.983781, ""ubuntu-beta"": 0.809}",{},2875,andy,False
1437,cnp_endurance_multivm_20260918T130822Z-task-0001437,route.synthetic,2026-09-18T14:01:31.806708+00:00,2026-09-18T14:01:31.866615+00:00,2874.063,ubuntu-beta,ok,60.057,0,"{""debian-alpha"": 0.863827, ""ubuntu-beta"": 0.986744}",{},2874,andy-VirtualBox,False
1438,cnp_endurance_multivm_20260918T130822Z-task-0001438,detect.synthetic,2026-09-18T14:01:33.807332+00:00,2026-09-18T14:01:33.863550+00:00,2876.063,ubuntu-beta,ok,55.98,0,"{""debian-alpha"": 0.785, ""ubuntu-beta"": 0.962698}",{},2874,andy-VirtualBox,False
1439,cnp_endurance_multivm_20260918T130822Z-task-0001439,correlate.synthetic,2026-09-18T14:01:35.808695+00:00,2026-09-18T14:01:35.876485+00:00,2878.079,ubuntu-beta,ok,67.179,0,"{""debian-alpha"": 0.791, ""ubuntu-beta"": 0.944732}",{},2874,andy-VirtualBox,False
1440,cnp_endurance_multivm_20260918T130822Z-task-0001440,parse.synthetic,2026-09-18T14:01:37.810315+00:00,2026-09-18T14:01:37.916164+00:00,2880.11,debian-alpha,ok,105.889,0,"{""debian-alpha"": 0.983778, ""ubuntu-beta"": 0.809}",{},2875,andy,False
1441,cnp_endurance_multivm_20260918T130822Z-task-0001441,route.synthetic,2026-09-18T14:01:39.794696+00:00,2026-09-18T14:01:39.851535+00:00,2882.047,ubuntu-beta,ok,56.846,0,"{""debian-alpha"": 0.863827, ""ubuntu-beta"": 0.986744}",{},2874,andy-VirtualBox,False
1442,cnp_endurance_multivm_20260918T130822Z-task-0001442,detect.synthetic,2026-09-18T14:01:41.807982+00:00,2026-09-18T14:01:41.867740+00:00,2884.063,ubuntu-beta,ok,59.802,0,"{""debian-alpha"": 0.785, ""ubuntu-beta"": 0.962698}",{},2874,andy-VirtualBox,False
1443,cnp_endurance_multivm_20260918T130822Z-task-0001443,correlate.synthetic,2026-09-18T14:01:43.808493+00:00,2026-09-18T14:01:43.875563+00:00,2886.079,ubuntu-beta,ok,66.786,0,"{""debian-alpha"": 0.791, ""ubuntu-beta"": 0.944731}",{},2874,andy-VirtualBox,False
1444,cnp_endurance_multivm_20260918T130822Z-task-0001444,parse.synthetic,2026-09-18T14:01:45.799612+00:00,2026-09-18T14:01:45.870265+00:00,2888.063,debian-alpha,ok,70.77,0,"{""debian-alpha"": 0.983773, ""ubuntu-beta"": 0.809}",{},2875,andy,False
1445,cnp_endurance_multivm_20260918T130822Z-task-0001445,route.synthetic,2026-09-18T14:01:47.796219+00:00,2026-09-18T14:01:47.850160+00:00,2890.047,ubuntu-beta,ok,53.993,0,"{""debian-alpha"": 0.863827, ""ubuntu-beta"": 0.986744}",{},2874,andy-VirtualBox,False
1446,cnp_endurance_multivm_20260918T130822Z-task-0001446,detect.synthetic,2026-09-18T14:01:49.806618+00:00,2026-09-18T14:01:49.857837+00:00,2892.063,ubuntu-beta,ok,51.313,0,"{""debian-alpha"": 0.785, ""ubuntu-beta"": 0.962699}",{},2874,andy-VirtualBox,False
1447,cnp_endurance_multivm_20260918T130822Z-task-0001447,correlate.synthetic,2026-09-18T14:01:51.798078+00:00,2026-09-18T14:01:52.236102+00:00,2894.438,ubuntu-beta,ok,438.451,0,"{""debian-alpha"": 0.791, ""ubuntu-beta"": 0.944724}",{},2874,andy-VirtualBox,False
1448,cnp_endurance_multivm_20260918T130822Z-task-0001448,parse.synthetic,2026-09-18T14:01:53.804502+00:00,2026-09-18T14:01:54.253492+00:00,2896.454,debian-alpha,ok,447.96,0,"{""debian-alpha"": 0.983763, ""ubuntu-beta"": 0.809}",{},2875,andy,False
1449,cnp_endurance_multivm_20260918T130822Z-task-0001449,route.synthetic,2026-09-18T14:01:55.810379+00:00,2026-09-18T14:01:55.890846+00:00,2898.094,ubuntu-beta,ok,80.752,0,"{""debian-alpha"": 0.863827, ""ubuntu-beta"": 0.986745}",{},2874,andy-VirtualBox,False
1450,cnp_endurance_multivm_20260918T130822Z-task-0001450,detect.synthetic,2026-09-18T14:01:57.803942+00:00,2026-09-18T14:01:57.971214+00:00,2900.172,ubuntu-beta,ok,167.186,0,"{""debian-alpha"": 0.785, ""ubuntu-beta"": 0.962702}",{},2874,andy-VirtualBox,False
1451,cnp_endurance_multivm_20260918T130822Z-task-0001451,correlate.synthetic,2026-09-18T14:01:59.807093+00:00,2026-09-18T14:01:59.879008+00:00,2902.079,ubuntu-beta,ok,71.8,0,"{""debian-alpha"": 0.791, ""ubuntu-beta"": 0.944651}",{},2874,andy-VirtualBox,False
1452,cnp_endurance_multivm_20260918T130822Z-task-0001452,parse.synthetic,2026-09-18T14:02:01.803715+00:00,2026-09-18T14:02:01.869382+00:00,2904.063,debian-alpha,ok,65.691,0,"{""debian-alpha"": 0.983728, ""ubuntu-beta"": 0.809}",{},2875,andy,False
1453,cnp_endurance_multivm_20260918T130822Z-task-0001453,route.synthetic,2026-09-18T14:02:03.809195+00:00,2026-09-18T14:02:03.873406+00:00,2906.079,ubuntu-beta,ok,64.14,0,"{""debian-alpha"": 0.863827, ""ubuntu-beta"": 0.986738}",{},2874,andy-VirtualBox,False
1454,cnp_endurance_multivm_20260918T130822Z-task-0001454,detect.synthetic,2026-09-18T14:02:05.799047+00:00,2026-09-18T14:02:05.860416+00:00,2908.063,ubuntu-beta,ok,61.586,0,"{""debian-alpha"": 0.785, ""ubuntu-beta"": 0.962695}",{},2874,andy-VirtualBox,False
1455,cnp_endurance_multivm_20260918T130822Z-task-0001455,correlate.synthetic,2026-09-18T14:02:07.802384+00:00,2026-09-18T14:02:07.856408+00:00,2910.047,ubuntu-beta,ok,54.019,0,"{""debian-alpha"": 0.791, ""ubuntu-beta"": 0.944642}",{},2874,andy-VirtualBox,False
1456,cnp_endurance_multivm_20260918T130822Z-task-0001456,parse.synthetic,2026-09-18T14:02:09.796944+00:00,2026-09-18T14:02:09.848793+00:00,2912.047,debian-alpha,ok,51.801,0,"{""debian-alpha"": 0.983725, ""ubuntu-beta"": 0.809}",{},2875,andy,False
1457,cnp_endurance_multivm_20260918T130822Z-task-0001457,route.synthetic,2026-09-18T14:02:11.804608+00:00,2026-09-18T14:02:11.855795+00:00,2914.047,ubuntu-beta,ok,51.464,0,"{""debian-alpha"": 0.863827, ""ubuntu-beta"": 0.986732}",{},2874,andy-VirtualBox,False
1458,cnp_endurance_multivm_20260918T130822Z-task-0001458,detect.synthetic,2026-09-18T14:02:13.797650+00:00,2026-09-18T14:02:13.850134+00:00,2916.047,ubuntu-beta,ok,52.679,0,"{""debian-alpha"": 0.785, ""ubuntu-beta"": 0.962697}",{},2874,andy-VirtualBox,False
1459,cnp_endurance_multivm_20260918T130822Z-task-0001459,correlate.synthetic,2026-09-18T14:02:15.806687+00:00,2026-09-18T14:02:15.857093+00:00,2918.063,ubuntu-beta,ok,50.135,0,"{""debian-alpha"": 0.791, ""ubuntu-beta"": 0.944643}",{},2874,andy-VirtualBox,False
1460,cnp_endurance_multivm_20260918T130822Z-task-0001460,parse.synthetic,2026-09-18T14:02:17.798626+00:00,2026-09-18T14:02:17.850003+00:00,2920.047,debian-alpha,ok,51.669,0,"{""debian-alpha"": 0.983727, ""ubuntu-beta"": 0.809}",{},2875,andy,False
1461,cnp_endurance_multivm_20260918T130822Z-task-0001461,route.synthetic,2026-09-18T14:02:19.806541+00:00,2026-09-18T14:02:19.861557+00:00,2922.063,ubuntu-beta,ok,55.162,0,"{""debian-alpha"": 0.863827, ""ubuntu-beta"": 0.986732}",{},2874,andy-VirtualBox,False
1462,cnp_endurance_multivm_20260918T130822Z-task-0001462,detect.synthetic,2026-09-18T14:02:21.801693+00:00,2026-09-18T14:02:21.852762+00:00,2924.047,ubuntu-beta,ok,51.054,0,"{""debian-alpha"": 0.785, ""ubuntu-beta"": 0.962697}",{},2874,andy-VirtualBox,False
1463,cnp_endurance_multivm_20260918T130822Z-task-0001463,correlate.synthetic,2026-09-18T14:02:23.808896+00:00,2026-09-18T14:02:23.861977+00:00,2926.063,ubuntu-beta,ok,52.493,0,"{""debian-alpha"": 0.791, ""ubuntu-beta"": 0.944646}",{},2874,andy-VirtualBox,False
1464,cnp_endurance_multivm_20260918T130822Z-task-0001464,parse.synthetic,2026-09-18T14:02:25.805104+00:00,2026-09-18T14:02:26.057330+00:00,2928.25,debian-alpha,ok,251.979,0,"{""debian-alpha"": 0.983727, ""ubuntu-beta"": 0.809}",{},2875,andy,False
1465,cnp_endurance_multivm_20260918T130822Z-task-0001465,route.synthetic,2026-09-18T14:02:27.797499+00:00,2026-09-18T14:02:27.861213+00:00,2930.063,ubuntu-beta,ok,64.213,0,"{""debian-alpha"": 0.863827, ""ubuntu-beta"": 0.986737}",{},2874,andy-VirtualBox,False
1466,cnp_endurance_multivm_20260918T130822Z-task-0001466,detect.synthetic,2026-09-18T14:02:29.863815+00:00,2026-09-18T14:02:30.020695+00:00,2932.219,ubuntu-beta,ok,155.768,0,"{""debian-alpha"": 0.785, ""ubuntu-beta"": 0.962704}",{},2874,andy-VirtualBox,False
1467,cnp_endurance_multivm_20260918T130822Z-task-0001467,correlate.synthetic,2026-09-18T14:02:31.816466+00:00,2026-09-18T14:02:32.045531+00:00,2934.25,ubuntu-beta,ok,229.329,0,"{""debian-alpha"": 0.791, ""ubuntu-beta"": 0.944647}",{},2874,andy-VirtualBox,False
1468,cnp_endurance_multivm_20260918T130822Z-task-0001468,parse.synthetic,2026-09-18T14:02:33.799795+00:00,2026-09-18T14:02:33.849344+00:00,2936.047,debian-alpha,ok,49.78,0,"{""debian-alpha"": 0.983665, ""ubuntu-beta"": 0.809}",{},2875,andy,False
1469,cnp_endurance_multivm_20260918T130822Z-task-0001469,route.synthetic,2026-09-18T14:02:35.805938+00:00,2026-09-18T14:02:35.869257+00:00,2938.063,ubuntu-beta,ok,63.364,0,"{""debian-alpha"": 0.863827, ""ubuntu-beta"": 0.986737}",{},2874,andy-VirtualBox,False
1470,cnp_endurance_multivm_20260918T130822Z-task-0001470,detect.synthetic,2026-09-18T14:02:37.810306+00:00,2026-09-18T14:02:37.894028+00:00,2940.094,ubuntu-beta,ok,82.849,0,"{""debian-alpha"": 0.785, ""ubuntu-beta"": 0.962682}",{},2874,andy-VirtualBox,False
1471,cnp_endurance_multivm_20260918T130822Z-task-0001471,correlate.synthetic,2026-09-18T14:02:39.803823+00:00,2026-09-18T14:02:39.862198+00:00,2942.063,ubuntu-beta,ok,58.718,0,"{""debian-alpha"": 0.791, ""ubuntu-beta"": 0.944562}",{},2874,andy-VirtualBox,False
1472,cnp_endurance_multivm_20260918T130822Z-task-0001472,parse.synthetic,2026-09-18T14:02:41.803145+00:00,2026-09-18T14:02:41.852247+00:00,2944.047,debian-alpha,ok,49.178,0,"{""debian-alpha"": 0.983665, ""ubuntu-beta"": 0.809}",{},2875,andy,False
1473,cnp_endurance_multivm_20260918T130822Z-task-0001473,route.synthetic,2026-09-18T14:02:43.808728+00:00,2026-09-18T14:02:43.868767+00:00,2946.063,ubuntu-beta,ok,59.611,0,"{""debian-alpha"": 0.863827, ""ubuntu-beta"": 0.986737}",{},2874,andy-VirtualBox,False
1474,cnp_endurance_multivm_20260918T130822Z-task-0001474,detect.synthetic,2026-09-18T14:02:45.810396+00:00,2026-09-18T14:02:45.882157+00:00,2948.079,ubuntu-beta,ok,71.787,0,"{""debian-alpha"": 0.785, ""ubuntu-beta"": 0.962662}",{},2874,andy-VirtualBox,False
1475,cnp_endurance_multivm_20260918T130822Z-task-0001475,correlate.synthetic,2026-09-18T14:02:47.795768+00:00,2026-09-18T14:02:47.868624+00:00,2950.063,ubuntu-beta,ok,73.165,0,"{""debian-alpha"": 0.791, ""ubuntu-beta"": 0.944561}",{},2874,andy-VirtualBox,False
1476,cnp_endurance_multivm_20260918T130822Z-task-0001476,parse.synthetic,2026-09-18T14:02:49.808828+00:00,2026-09-18T14:02:49.886030+00:00,2952.079,debian-alpha,ok,77.368,0,"{""debian-alpha"": 0.98367, ""ubuntu-beta"": 0.809}",{},2875,andy,False
1477,cnp_endurance_multivm_20260918T130822Z-task-0001477,route.synthetic,2026-09-18T14:02:51.795782+00:00,2026-09-18T14:02:51.850332+00:00,2954.047,ubuntu-beta,ok,54.819,0,"{""debian-alpha"": 0.863827, ""ubuntu-beta"": 0.986736}",{},2874,andy-VirtualBox,False
1478,cnp_endurance_multivm_20260918T130822Z-task-0001478,detect.synthetic,2026-09-18T14:02:53.806859+00:00,2026-09-18T14:02:53.868930+00:00,2956.063,ubuntu-beta,ok,62.285,0,"{""debian-alpha"": 0.785, ""ubuntu-beta"": 0.962659}",{},2874,andy-VirtualBox,False
1479,cnp_endurance_multivm_20260918T130822Z-task-0001479,correlate.synthetic,2026-09-18T14:02:55.794843+00:00,2026-09-18T14:02:55.864362+00:00,2958.063,ubuntu-beta,ok,69.162,0,"{""debian-alpha"": 0.791, ""ubuntu-beta"": 0.944559}",{},2874,andy-VirtualBox,False
1480,cnp_endurance_multivm_20260918T130822Z-task-0001480,parse.synthetic,2026-09-18T14:02:57.805729+00:00,2026-09-18T14:02:57.865243+00:00,2960.063,debian-alpha,ok,59.494,0,"{""debian-alpha"": 0.983652, ""ubuntu-beta"": 0.809}",{},2875,andy,False
1481,cnp_endurance_multivm_20260918T130822Z-task-0001481,route.synthetic,2026-09-18T14:02:59.806747+00:00,2026-09-18T14:02:59.870436+00:00,2962.063,ubuntu-beta,ok,64.48,0,"{""debian-alpha"": 0.863827, ""ubuntu-beta"": 0.986737}",{},2874,andy-VirtualBox,False
1482,cnp_endurance_multivm_20260918T130822Z-task-0001482,detect.synthetic,2026-09-18T14:03:01.795818+00:00,2026-09-18T14:03:01.849014+00:00,2964.047,ubuntu-beta,ok,53.213,0,"{""debian-alpha"": 0.785, ""ubuntu-beta"": 0.962657}",{},2874,andy-VirtualBox,False
1483,cnp_endurance_multivm_20260918T130822Z-task-0001483,correlate.synthetic,2026-09-18T14:03:03.805005+00:00,2026-09-18T14:03:03.854110+00:00,2966.047,ubuntu-beta,ok,49.288,0,"{""debian-alpha"": 0.791, ""ubuntu-beta"": 0.944557}",{},2874,andy-VirtualBox,False
1484,cnp_endurance_multivm_20260918T130822Z-task-0001484,parse.synthetic,2026-09-18T14:03:05.795297+00:00,2026-09-18T14:03:05.841198+00:00,2968.047,debian-alpha,ok,46.046,0,"{""debian-alpha"": 0.983654, ""ubuntu-beta"": 0.809}",{},2875,andy,False
1485,cnp_endurance_multivm_20260918T130822Z-task-0001485,route.synthetic,2026-09-18T14:03:07.797415+00:00,2026-09-18T14:03:07.864238+00:00,2970.063,ubuntu-beta,ok,66.689,0,"{""debian-alpha"": 0.863827, ""ubuntu-beta"": 0.986735}",{},2874,andy-VirtualBox,False
1486,cnp_endurance_multivm_20260918T130822Z-task-0001486,detect.synthetic,2026-09-18T14:03:09.808464+00:00,2026-09-18T14:03:09.859928+00:00,2972.063,ubuntu-beta,ok,51.708,0,"{""debian-alpha"": 0.785, ""ubuntu-beta"": 0.962657}",{},2874,andy-VirtualBox,False
1487,cnp_endurance_multivm_20260918T130822Z-task-0001487,correlate.synthetic,2026-09-18T14:03:11.801244+00:00,2026-09-18T14:03:11.853405+00:00,2974.047,ubuntu-beta,ok,52.229,0,"{""debian-alpha"": 0.791, ""ubuntu-beta"": 0.944561}",{},2874,andy-VirtualBox,False
1488,cnp_endurance_multivm_20260918T130822Z-task-0001488,parse.synthetic,2026-09-18T14:03:13.809536+00:00,2026-09-18T14:03:13.858982+00:00,2976.063,debian-alpha,ok,49.464,0,"{""debian-alpha"": 0.983658, ""ubuntu-beta"": 0.809}",{},2875,andy,False
1489,cnp_endurance_multivm_20260918T130822Z-task-0001489,route.synthetic,2026-09-18T14:03:15.799531+00:00,2026-09-18T14:03:15.858127+00:00,2978.063,ubuntu-beta,ok,58.55,0,"{""debian-alpha"": 0.863827, ""ubuntu-beta"": 0.986727}",{},2874,andy-VirtualBox,False
1490,cnp_endurance_multivm_20260918T130822Z-task-0001490,detect.synthetic,2026-09-18T14:03:17.806009+00:00,2026-09-18T14:03:17.863895+00:00,2980.063,ubuntu-beta,ok,58.322,0,"{""debian-alpha"": 0.785, ""ubuntu-beta"": 0.962659}",{},2874,andy-VirtualBox,False
1491,cnp_endurance_multivm_20260918T130822Z-task-0001491,correlate.synthetic,2026-09-18T14:03:19.804708+00:00,2026-09-18T14:03:19.854040+00:00,2982.047,ubuntu-beta,ok,49.639,0,"{""debian-alpha"": 0.791, ""ubuntu-beta"": 0.944565}",{},2874,andy-VirtualBox,False
1492,cnp_endurance_multivm_20260918T130822Z-task-0001492,parse.synthetic,2026-09-18T14:03:21.809045+00:00,2026-09-18T14:03:21.851846+00:00,2984.047,debian-alpha,ok,42.733,0,"{""debian-alpha"": 0.98366, ""ubuntu-beta"": 0.809}",{},2875,andy,False
1493,cnp_endurance_multivm_20260918T130822Z-task-0001493,route.synthetic,2026-09-18T14:03:23.807297+00:00,2026-09-18T14:03:23.873995+00:00,2986.079,ubuntu-beta,ok,66.815,0,"{""debian-alpha"": 0.863827, ""ubuntu-beta"": 0.986742}",{},2874,andy-VirtualBox,False
1494,cnp_endurance_multivm_20260918T130822Z-task-0001494,detect.synthetic,2026-09-18T14:03:25.798575+00:00,2026-09-18T14:03:25.852438+00:00,2988.047,ubuntu-beta,ok,53.994,0,"{""debian-alpha"": 0.785, ""ubuntu-beta"": 0.96266}",{},2874,andy-VirtualBox,False
1495,cnp_endurance_multivm_20260918T130822Z-task-0001495,correlate.synthetic,2026-09-18T14:03:27.801678+00:00,2026-09-18T14:03:27.855095+00:00,2990.047,ubuntu-beta,ok,53.272,0,"{""debian-alpha"": 0.791, ""ubuntu-beta"": 0.944567}",{},2874,andy-VirtualBox,False
1496,cnp_endurance_multivm_20260918T130822Z-task-0001496,parse.synthetic,2026-09-18T14:03:29.795601+00:00,2026-09-18T14:03:29.844958+00:00,2992.047,debian-alpha,ok,49.087,0,"{""debian-alpha"": 0.983662, ""ubuntu-beta"": 0.809}",{},2875,andy,False
1497,cnp_endurance_multivm_20260918T130822Z-task-0001497,route.synthetic,2026-09-18T14:03:31.801320+00:00,2026-09-18T14:03:31.852806+00:00,2994.047,ubuntu-beta,ok,51.53,0,"{""debian-alpha"": 0.863827, ""ubuntu-beta"": 0.98673}",{},2874,andy-VirtualBox,False
1498,cnp_endurance_multivm_20260918T130822Z-task-0001498,detect.synthetic,2026-09-18T14:03:33.809155+00:00,2026-09-18T14:03:33.858897+00:00,2996.063,ubuntu-beta,ok,49.866,0,"{""debian-alpha"": 0.785, ""ubuntu-beta"": 0.962664}",{},2874,andy-VirtualBox,False
1499,cnp_endurance_multivm_20260918T130822Z-task-0001499,correlate.synthetic,2026-09-18T14:03:35.799985+00:00,2026-09-18T14:03:35.854502+00:00,2998.047,ubuntu-beta,ok,54.635,0,"{""debian-alpha"": 0.791, ""ubuntu-beta"": 0.944589}",{},2874,andy-VirtualBox,False
1500,cnp_endurance_multivm_20260918T130822Z-task-0001500,parse.synthetic,2026-09-18T14:03:37.796508+00:00,2026-09-18T14:03:37.847193+00:00,3000.047,debian-alpha,ok,50.8,0,"{""debian-alpha"": 0.983663, ""ubuntu-beta"": 0.809}",{},2875,andy,False
1501,cnp_endurance_multivm_20260918T130822Z-task-0001501,route.synthetic,2026-09-18T14:03:39.804573+00:00,2026-09-18T14:03:39.854847+00:00,3002.047,ubuntu-beta,ok,50.9,0,"{""debian-alpha"": 0.863827, ""ubuntu-beta"": 0.986733}",{},2874,andy-VirtualBox,False
1502,cnp_endurance_multivm_20260918T130822Z-task-0001502,detect.synthetic,2026-09-18T14:03:41.795790+00:00,2026-09-18T14:03:41.843005+00:00,3004.047,ubuntu-beta,ok,47.18,0,"{""debian-alpha"": 0.785, ""ubuntu-beta"": 0.962667}",{},2874,andy-VirtualBox,False
1503,cnp_endurance_multivm_20260918T130822Z-task-0001503,correlate.synthetic,2026-09-18T14:03:43.799200+00:00,2026-09-18T14:03:43.847935+00:00,3006.047,ubuntu-beta,ok,49.037,0,"{""debian-alpha"": 0.791, ""ubuntu-beta"": 0.944592}",{},2874,andy-VirtualBox,False
1504,cnp_endurance_multivm_20260918T130822Z-task-0001504,parse.synthetic,2026-09-18T14:03:45.804681+00:00,2026-09-18T14:03:45.851227+00:00,3008.047,debian-alpha,ok,47.618,0,"{""debian-alpha"": 0.983662, ""ubuntu-beta"": 0.809}",{},2875,andy,False
1505,cnp_endurance_multivm_20260918T130822Z-task-0001505,route.synthetic,2026-09-18T14:03:47.807595+00:00,2026-09-18T14:03:47.869353+00:00,3010.063,ubuntu-beta,ok,62.307,0,"{""debian-alpha"": 0.863827, ""ubuntu-beta"": 0.98674}",{},2874,andy-VirtualBox,False
1506,cnp_endurance_multivm_20260918T130822Z-task-0001506,detect.synthetic,2026-09-18T14:03:49.809401+00:00,2026-09-18T14:03:49.868583+00:00,3012.063,ubuntu-beta,ok,59.182,0,"{""debian-alpha"": 0.785, ""ubuntu-beta"": 0.962671}",{},2874,andy-VirtualBox,False
1507,cnp_endurance_multivm_20260918T130822Z-task-0001507,correlate.synthetic,2026-09-18T14:03:51.809634+00:00,2026-09-18T14:03:51.857350+00:00,3014.063,ubuntu-beta,ok,47.934,0,"{""debian-alpha"": 0.791, ""ubuntu-beta"": 0.944596}",{},2874,andy-VirtualBox,False
1508,cnp_endurance_multivm_20260918T130822Z-task-0001508,parse.synthetic,2026-09-18T14:03:53.797403+00:00,2026-09-18T14:03:53.842058+00:00,3016.047,debian-alpha,ok,44.396,0,"{""debian-alpha"": 0.98367, ""ubuntu-beta"": 0.809}",{},2875,andy,False
1509,cnp_endurance_multivm_20260918T130822Z-task-0001509,route.synthetic,2026-09-18T14:03:55.798294+00:00,2026-09-18T14:03:55.842792+00:00,3018.047,ubuntu-beta,ok,44.865,0,"{""debian-alpha"": 0.863827, ""ubuntu-beta"": 0.986739}",{},2874,andy-VirtualBox,False
1510,cnp_endurance_multivm_20260918T130822Z-task-0001510,detect.synthetic,2026-09-18T14:03:57.801588+00:00,2026-09-18T14:03:57.875041+00:00,3020.079,ubuntu-beta,ok,73.782,0,"{""debian-alpha"": 0.785, ""ubuntu-beta"": 0.962669}",{},2874,andy-VirtualBox,False
1511,cnp_endurance_multivm_20260918T130822Z-task-0001511,correlate.synthetic,2026-09-18T14:03:59.799324+00:00,2026-09-18T14:03:59.866734+00:00,3022.063,ubuntu-beta,ok,67.38,0,"{""debian-alpha"": 0.791, ""ubuntu-beta"": 0.944599}",{},2874,andy-VirtualBox,False
1512,cnp_endurance_multivm_20260918T130822Z-task-0001512,parse.synthetic,2026-09-18T14:04:01.797495+00:00,2026-09-18T14:04:01.848305+00:00,3024.047,debian-alpha,ok,50.402,0,"{""debian-alpha"": 0.983674, ""ubuntu-beta"": 0.809}",{},2875,andy,False
1513,cnp_endurance_multivm_20260918T130822Z-task-0001513,route.synthetic,2026-09-18T14:04:03.804713+00:00,2026-09-18T14:04:03.856082+00:00,3026.047,ubuntu-beta,ok,52.145,0,"{""debian-alpha"": 0.863827, ""ubuntu-beta"": 0.98674}",{},2874,andy-VirtualBox,False
1514,cnp_endurance_multivm_20260918T130822Z-task-0001514,detect.synthetic,2026-09-18T14:04:05.797206+00:00,2026-09-18T14:04:05.848974+00:00,3028.047,ubuntu-beta,ok,51.938,0,"{""debian-alpha"": 0.785, ""ubuntu-beta"": 0.962666}",{},2874,andy-VirtualBox,False
1515,cnp_endurance_multivm_20260918T130822Z-task-0001515,correlate.synthetic,2026-09-18T14:04:07.805877+00:00,2026-09-18T14:04:07.858441+00:00,3030.063,ubuntu-beta,ok,52.66,0,"{""debian-alpha"": 0.791, ""ubuntu-beta"": 0.944594}",{},2874,andy-VirtualBox,False
1516,cnp_endurance_multivm_20260918T130822Z-task-0001516,parse.synthetic,2026-09-18T14:04:09.799160+00:00,2026-09-18T14:04:09.870200+00:00,3032.063,debian-alpha,ok,70.952,0,"{""debian-alpha"": 0.983671, ""ubuntu-beta"": 0.809}",{},2875,andy,False
1517,cnp_endurance_multivm_20260918T130822Z-task-0001517,route.synthetic,2026-09-18T14:04:11.809225+00:00,2026-09-18T14:04:11.855359+00:00,3034.047,ubuntu-beta,ok,46.26,0,"{""debian-alpha"": 0.863827, ""ubuntu-beta"": 0.986741}",{},2874,andy-VirtualBox,False
1518,cnp_endurance_multivm_20260918T130822Z-task-0001518,detect.synthetic,2026-09-18T14:04:13.800212+00:00,2026-09-18T14:04:13.847690+00:00,3036.047,ubuntu-beta,ok,47.632,0,"{""debian-alpha"": 0.785, ""ubuntu-beta"": 0.962666}",{},2874,andy-VirtualBox,False
1519,cnp_endurance_multivm_20260918T130822Z-task-0001519,correlate.synthetic,2026-09-18T14:04:15.800625+00:00,2026-09-18T14:04:15.846007+00:00,3038.047,ubuntu-beta,ok,45.796,0,"{""debian-alpha"": 0.791, ""ubuntu-beta"": 0.944597}",{},2874,andy-VirtualBox,False
1520,cnp_endurance_multivm_20260918T130822Z-task-0001520,parse.synthetic,2026-09-18T14:04:17.802885+00:00,2026-09-18T14:04:17.852651+00:00,3040.047,debian-alpha,ok,49.829,0,"{""debian-alpha"": 0.983658, ""ubuntu-beta"": 0.809}",{},2875,andy,False
1521,cnp_endurance_multivm_20260918T130822Z-task-0001521,route.synthetic,2026-09-18T14:04:19.800592+00:00,2026-09-18T14:04:19.847545+00:00,3042.047,ubuntu-beta,ok,47.161,0,"{""debian-alpha"": 0.863827, ""ubuntu-beta"": 0.986745}",{},2874,andy-VirtualBox,False
1522,cnp_endurance_multivm_20260918T130822Z-task-0001522,detect.synthetic,2026-09-18T14:04:21.804202+00:00,2026-09-18T14:04:21.850434+00:00,3044.047,ubuntu-beta,ok,46.303,0,"{""debian-alpha"": 0.785, ""ubuntu-beta"": 0.96267}",{},2874,andy-VirtualBox,False
1523,cnp_endurance_multivm_20260918T130822Z-task-0001523,correlate.synthetic,2026-09-18T14:04:23.806745+00:00,2026-09-18T14:04:23.854480+00:00,3046.047,ubuntu-beta,ok,47.779,0,"{""debian-alpha"": 0.791, ""ubuntu-beta"": 0.944602}",{},2874,andy-VirtualBox,False
1524,cnp_endurance_multivm_20260918T130822Z-task-0001524,parse.synthetic,2026-09-18T14:04:25.794843+00:00,2026-09-18T14:04:25.848078+00:00,3048.047,debian-alpha,ok,53.118,0,"{""debian-alpha"": 0.98366, ""ubuntu-beta"": 0.809}",{},2875,andy,False
1525,cnp_endurance_multivm_20260918T130822Z-task-0001525,route.synthetic,2026-09-18T14:04:27.804907+00:00,2026-09-18T14:04:27.863899+00:00,3050.063,ubuntu-beta,ok,59.176,0,"{""debian-alpha"": 0.863827, ""ubuntu-beta"": 0.986745}",{},2874,andy-VirtualBox,False
1526,cnp_endurance_multivm_20260918T130822Z-task-0001526,detect.synthetic,2026-09-18T14:04:29.806029+00:00,2026-09-18T14:04:29.855814+00:00,3052.047,ubuntu-beta,ok,50.031,0,"{""debian-alpha"": 0.785, ""ubuntu-beta"": 0.962671}",{},2874,andy-VirtualBox,False
1527,cnp_endurance_multivm_20260918T130822Z-task-0001527,correlate.synthetic,2026-09-18T14:04:31.796162+00:00,2026-09-18T14:04:31.851897+00:00,3054.047,ubuntu-beta,ok,55.705,0,"{""debian-alpha"": 0.791, ""ubuntu-beta"": 0.944604}",{},2874,andy-VirtualBox,False
1528,cnp_endurance_multivm_20260918T130822Z-task-0001528,parse.synthetic,2026-09-18T14:04:33.808386+00:00,2026-09-18T14:04:33.870332+00:00,3056.063,debian-alpha,ok,62.178,0,"{""debian-alpha"": 0.983659, ""ubuntu-beta"": 0.809}",{},2875,andy,False
1529,cnp_endurance_multivm_20260918T130822Z-task-0001529,route.synthetic,2026-09-18T14:04:35.809262+00:00,2026-09-18T14:04:35.861042+00:00,3058.063,ubuntu-beta,ok,52.206,0,"{""debian-alpha"": 0.863827, ""ubuntu-beta"": 0.986743}",{},2874,andy-VirtualBox,False
1530,cnp_endurance_multivm_20260918T130822Z-task-0001530,detect.synthetic,2026-09-18T14:04:37.803411+00:00,2026-09-18T14:04:37.860040+00:00,3060.063,ubuntu-beta,ok,57.006,0,"{""debian-alpha"": 0.785, ""ubuntu-beta"": 0.962672}",{},2874,andy-VirtualBox,False
1531,cnp_endurance_multivm_20260918T130822Z-task-0001531,correlate.synthetic,2026-09-18T14:04:39.809445+00:00,2026-09-18T14:04:39.860705+00:00,3062.063,ubuntu-beta,ok,51.151,0,"{""debian-alpha"": 0.791, ""ubuntu-beta"": 0.944602}",{},2874,andy-VirtualBox,False
1532,cnp_endurance_multivm_20260918T130822Z-task-0001532,parse.synthetic,2026-09-18T14:04:41.801055+00:00,2026-09-18T14:04:41.861451+00:00,3064.063,debian-alpha,ok,60.209,0,"{""debian-alpha"": 0.983656, ""ubuntu-beta"": 0.809}",{},2875,andy,False
1533,cnp_endurance_multivm_20260918T130822Z-task-0001533,route.synthetic,2026-09-18T14:04:43.802910+00:00,2026-09-18T14:04:43.858635+00:00,3066.063,ubuntu-beta,ok,55.761,0,"{""debian-alpha"": 0.863827, ""ubuntu-beta"": 0.986747}",{},2874,andy-VirtualBox,False
1534,cnp_endurance_multivm_20260918T130822Z-task-0001534,detect.synthetic,2026-09-18T14:04:45.798551+00:00,2026-09-18T14:04:45.855204+00:00,3068.047,ubuntu-beta,ok,56.781,0,"{""debian-alpha"": 0.785, ""ubuntu-beta"": 0.962672}",{},2874,andy-VirtualBox,False
1535,cnp_endurance_multivm_20260918T130822Z-task-0001535,correlate.synthetic,2026-09-18T14:04:47.795516+00:00,2026-09-18T14:04:47.856290+00:00,3070.047,ubuntu-beta,ok,61.076,0,"{""debian-alpha"": 0.791, ""ubuntu-beta"": 0.944605}",{},2874,andy-VirtualBox,False
1536,cnp_endurance_multivm_20260918T130822Z-task-0001536,parse.synthetic,2026-09-18T14:04:49.796938+00:00,2026-09-18T14:04:49.855687+00:00,3072.047,debian-alpha,ok,58.583,0,"{""debian-alpha"": 0.983654, ""ubuntu-beta"": 0.809}",{},2875,andy,False
1537,cnp_endurance_multivm_20260918T130822Z-task-0001537,route.synthetic,2026-09-18T14:04:51.796164+00:00,2026-09-18T14:04:51.864770+00:00,3074.063,ubuntu-beta,ok,68.716,0,"{""debian-alpha"": 0.863827, ""ubuntu-beta"": 0.986749}",{},2874,andy-VirtualBox,False
1538,cnp_endurance_multivm_20260918T130822Z-task-0001538,detect.synthetic,2026-09-18T14:04:53.805474+00:00,2026-09-18T14:04:53.857323+00:00,3076.063,ubuntu-beta,ok,52.184,0,"{""debian-alpha"": 0.785, ""ubuntu-beta"": 0.962671}",{},2874,andy-VirtualBox,False
1539,cnp_endurance_multivm_20260918T130822Z-task-0001539,correlate.synthetic,2026-09-18T14:04:55.798206+00:00,2026-09-18T14:04:55.872569+00:00,3078.079,ubuntu-beta,ok,74.227,0,"{""debian-alpha"": 0.791, ""ubuntu-beta"": 0.94461}",{},2874,andy-VirtualBox,False
1540,cnp_endurance_multivm_20260918T130822Z-task-0001540,parse.synthetic,2026-09-18T14:04:57.797777+00:00,2026-09-18T14:04:57.843602+00:00,3080.047,debian-alpha,ok,45.944,0,"{""debian-alpha"": 0.983654, ""ubuntu-beta"": 0.809}",{},2875,andy,False
1541,cnp_endurance_multivm_20260918T130822Z-task-0001541,route.synthetic,2026-09-18T14:04:59.800460+00:00,2026-09-18T14:04:59.853757+00:00,3082.047,ubuntu-beta,ok,53.572,0,"{""debian-alpha"": 0.863827, ""ubuntu-beta"": 0.986744}",{},2874,andy-VirtualBox,False
1542,cnp_endurance_multivm_20260918T130822Z-task-0001542,detect.synthetic,2026-09-18T14:05:01.809534+00:00,2026-09-18T14:05:01.857117+00:00,3084.063,ubuntu-beta,ok,47.554,0,"{""debian-alpha"": 0.785, ""ubuntu-beta"": 0.962674}",{},2874,andy-VirtualBox,False
1543,cnp_endurance_multivm_20260918T130822Z-task-0001543,correlate.synthetic,2026-09-18T14:05:03.796836+00:00,2026-09-18T14:05:03.849088+00:00,3086.047,ubuntu-beta,ok,52.079,0,"{""debian-alpha"": 0.791, ""ubuntu-beta"": 0.944601}",{},2874,andy-VirtualBox,False
1544,cnp_endurance_multivm_20260918T130822Z-task-0001544,parse.synthetic,2026-09-18T14:05:05.805923+00:00,2026-09-18T14:05:05.858764+00:00,3088.063,debian-alpha,ok,53.198,0,"{""debian-alpha"": 0.983658, ""ubuntu-beta"": 0.809}",{},2875,andy,False
1545,cnp_endurance_multivm_20260918T130822Z-task-0001545,route.synthetic,2026-09-18T14:05:07.799557+00:00,2026-09-18T14:05:07.853998+00:00,3090.047,ubuntu-beta,ok,54.43,0,"{""debian-alpha"": 0.863827, ""ubuntu-beta"": 0.986745}",{},2874,andy-VirtualBox,False
1546,cnp_endurance_multivm_20260918T130822Z-task-0001546,detect.synthetic,2026-09-18T14:05:09.794687+00:00,2026-09-18T14:05:09.842411+00:00,3092.047,ubuntu-beta,ok,48.48,0,"{""debian-alpha"": 0.785, ""ubuntu-beta"": 0.962675}",{},2874,andy-VirtualBox,False
1547,cnp_endurance_multivm_20260918T130822Z-task-0001547,correlate.synthetic,2026-09-18T14:05:11.799417+00:00,2026-09-18T14:05:11.852862+00:00,3094.047,ubuntu-beta,ok,53.432,0,"{""debian-alpha"": 0.791, ""ubuntu-beta"": 0.944602}",{},2874,andy-VirtualBox,False
1548,cnp_endurance_multivm_20260918T130822Z-task-0001548,parse.synthetic,2026-09-18T14:05:13.808852+00:00,2026-09-18T14:05:13.866892+00:00,3096.063,debian-alpha,ok,58.081,0,"{""debian-alpha"": 0.983659, ""ubuntu-beta"": 0.809}",{},2875,andy,False
1549,cnp_endurance_multivm_20260918T130822Z-task-0001549,route.synthetic,2026-09-18T14:05:15.808728+00:00,2026-09-18T14:05:15.869714+00:00,3098.063,ubuntu-beta,ok,61.161,0,"{""debian-alpha"": 0.863827, ""ubuntu-beta"": 0.986746}",{},2874,andy-VirtualBox,False
1550,cnp_endurance_multivm_20260918T130822Z-task-0001550,detect.synthetic,2026-09-18T14:05:17.809432+00:00,2026-09-18T14:05:17.864990+00:00,3100.063,ubuntu-beta,ok,55.75,0,"{""debian-alpha"": 0.785, ""ubuntu-beta"": 0.962679}",{},2874,andy-VirtualBox,False
1551,cnp_endurance_multivm_20260918T130822Z-task-0001551,correlate.synthetic,2026-09-18T14:05:19.806276+00:00,2026-09-18T14:05:19.857173+00:00,3102.063,ubuntu-beta,ok,51.46,0,"{""debian-alpha"": 0.791, ""ubuntu-beta"": 0.944609}",{},2874,andy-VirtualBox,False
1552,cnp_endurance_multivm_20260918T130822Z-task-0001552,parse.synthetic,2026-09-18T14:05:21.801004+00:00,2026-09-18T14:05:21.906811+00:00,3104.11,debian-alpha,ok,105.691,0,"{""debian-alpha"": 0.983652, ""ubuntu-beta"": 0.809}",{},2875,andy,False
1553,cnp_endurance_multivm_20260918T130822Z-task-0001553,route.synthetic,2026-09-18T14:05:23.800522+00:00,2026-09-18T14:05:23.857831+00:00,3106.063,ubuntu-beta,ok,57.459,0,"{""debian-alpha"": 0.863827, ""ubuntu-beta"": 0.986748}",{},2874,andy-VirtualBox,False
1554,cnp_endurance_multivm_20260918T130822Z-task-0001554,detect.synthetic,2026-09-18T14:05:25.798783+00:00,2026-09-18T14:05:25.850180+00:00,3108.047,ubuntu-beta,ok,51.563,0,"{""debian-alpha"": 0.785, ""ubuntu-beta"": 0.962676}",{},2874,andy-VirtualBox,False
1555,cnp_endurance_multivm_20260918T130822Z-task-0001555,correlate.synthetic,2026-09-18T14:05:27.807467+00:00,2026-09-18T14:05:27.862429+00:00,3110.063,ubuntu-beta,ok,54.873,0,"{""debian-alpha"": 0.791, ""ubuntu-beta"": 0.944616}",{},2874,andy-VirtualBox,False
1556,cnp_endurance_multivm_20260918T130822Z-task-0001556,parse.synthetic,2026-09-18T14:05:29.803171+00:00,2026-09-18T14:05:29.849363+00:00,3112.047,debian-alpha,ok,46.176,0,"{""debian-alpha"": 0.983653, ""ubuntu-beta"": 0.809}",{},2875,andy,False
1557,cnp_endurance_multivm_20260918T130822Z-task-0001557,route.synthetic,2026-09-18T14:05:31.806123+00:00,2026-09-18T14:05:31.960152+00:00,3114.157,ubuntu-beta,ok,153.869,0,"{""debian-alpha"": 0.863827, ""ubuntu-beta"": 0.986747}",{},2874,andy-VirtualBox,False
1558,cnp_endurance_multivm_20260918T130822Z-task-0001558,detect.synthetic,2026-09-18T14:05:33.806478+00:00,2026-09-18T14:05:33.850553+00:00,3116.047,ubuntu-beta,ok,44.027,0,"{""debian-alpha"": 0.785, ""ubuntu-beta"": 0.962677}",{},2874,andy-VirtualBox,False
1559,cnp_endurance_multivm_20260918T130822Z-task-0001559,correlate.synthetic,2026-09-18T14:05:35.807518+00:00,2026-09-18T14:05:35.860352+00:00,3118.063,ubuntu-beta,ok,52.706,0,"{""debian-alpha"": 0.791, ""ubuntu-beta"": 0.944626}",{},2874,andy-VirtualBox,False
1560,cnp_endurance_multivm_20260918T130822Z-task-0001560,parse.synthetic,2026-09-18T14:05:37.800473+00:00,2026-09-18T14:05:37.851099+00:00,3120.047,debian-alpha,ok,50.537,0,"{""debian-alpha"": 0.983655, ""ubuntu-beta"": 0.809}",{},2875,andy,False
1561,cnp_endurance_multivm_20260918T130822Z-task-0001561,route.synthetic,2026-09-18T14:05:39.808099+00:00,2026-09-18T14:05:39.860417+00:00,3122.063,ubuntu-beta,ok,52.533,0,"{""debian-alpha"": 0.863827, ""ubuntu-beta"": 0.98673}",{},2874,andy-VirtualBox,False
1562,cnp_endurance_multivm_20260918T130822Z-task-0001562,detect.synthetic,2026-09-18T14:05:41.800753+00:00,2026-09-18T14:05:41.852526+00:00,3124.047,ubuntu-beta,ok,51.712,0,"{""debian-alpha"": 0.785, ""ubuntu-beta"": 0.962677}",{},2874,andy-VirtualBox,False
1563,cnp_endurance_multivm_20260918T130822Z-task-0001563,correlate.synthetic,2026-09-18T14:05:43.808258+00:00,2026-09-18T14:05:43.860706+00:00,3126.063,ubuntu-beta,ok,52.801,0,"{""debian-alpha"": 0.791, ""ubuntu-beta"": 0.944628}",{},2874,andy-VirtualBox,False
1564,cnp_endurance_multivm_20260918T130822Z-task-0001564,parse.synthetic,2026-09-18T14:05:45.800663+00:00,2026-09-18T14:05:45.858501+00:00,3128.063,debian-alpha,ok,57.543,0,"{""debian-alpha"": 0.983655, ""ubuntu-beta"": 0.809}",{},2875,andy,False
1565,cnp_endurance_multivm_20260918T130822Z-task-0001565,route.synthetic,2026-09-18T14:05:47.798821+00:00,2026-09-18T14:05:47.864459+00:00,3130.063,ubuntu-beta,ok,65.724,0,"{""debian-alpha"": 0.863827, ""ubuntu-beta"": 0.986731}",{},2874,andy-VirtualBox,False
1566,cnp_endurance_multivm_20260918T130822Z-task-0001566,detect.synthetic,2026-09-18T14:05:49.804571+00:00,2026-09-18T14:05:49.860074+00:00,3132.063,ubuntu-beta,ok,55.558,0,"{""debian-alpha"": 0.785, ""ubuntu-beta"": 0.962676}",{},2874,andy-VirtualBox,False
1567,cnp_endurance_multivm_20260918T130822Z-task-0001567,correlate.synthetic,2026-09-18T14:05:51.801108+00:00,2026-09-18T14:05:51.854566+00:00,3134.047,ubuntu-beta,ok,53.778,0,"{""debian-alpha"": 0.791, ""ubuntu-beta"": 0.944629}",{},2874,andy-VirtualBox,False
1568,cnp_endurance_multivm_20260918T130822Z-task-0001568,parse.synthetic,2026-09-18T14:05:53.794956+00:00,2026-09-18T14:05:53.843719+00:00,3136.047,debian-alpha,ok,49.198,0,"{""debian-alpha"": 0.983656, ""ubuntu-beta"": 0.809}",{},2875,andy,False
1569,cnp_endurance_multivm_20260918T130822Z-task-0001569,route.synthetic,2026-09-18T14:05:55.800997+00:00,2026-09-18T14:05:55.851601+00:00,3138.047,ubuntu-beta,ok,50.891,0,"{""debian-alpha"": 0.863827, ""ubuntu-beta"": 0.98673}",{},2874,andy-VirtualBox,False
1570,cnp_endurance_multivm_20260918T130822Z-task-0001570,detect.synthetic,2026-09-18T14:05:57.808522+00:00,2026-09-18T14:05:57.861675+00:00,3140.063,ubuntu-beta,ok,53.253,0,"{""debian-alpha"": 0.785, ""ubuntu-beta"": 0.962675}",{},2874,andy-VirtualBox,False
1571,cnp_endurance_multivm_20260918T130822Z-task-0001571,correlate.synthetic,2026-09-18T14:05:59.802047+00:00,2026-09-18T14:05:59.855338+00:00,3142.047,ubuntu-beta,ok,53.105,0,"{""debian-alpha"": 0.791, ""ubuntu-beta"": 0.944631}",{},2874,andy-VirtualBox,False
1572,cnp_endurance_multivm_20260918T130822Z-task-0001572,parse.synthetic,2026-09-18T14:06:01.795952+00:00,2026-09-18T14:06:01.845405+00:00,3144.047,debian-alpha,ok,49.799,0,"{""debian-alpha"": 0.983658, ""ubuntu-beta"": 0.809}",{},2875,andy,False
1573,cnp_endurance_multivm_20260918T130822Z-task-0001573,route.synthetic,2026-09-18T14:06:03.801731+00:00,2026-09-18T14:06:03.855025+00:00,3146.047,ubuntu-beta,ok,53.615,0,"{""debian-alpha"": 0.863827, ""ubuntu-beta"": 0.986734}",{},2874,andy-VirtualBox,False
1574,cnp_endurance_multivm_20260918T130822Z-task-0001574,detect.synthetic,2026-09-18T14:06:05.795244+00:00,2026-09-18T14:06:05.853908+00:00,3148.047,ubuntu-beta,ok,58.74,0,"{""debian-alpha"": 0.785, ""ubuntu-beta"": 0.962675}",{},2874,andy-VirtualBox,False
1575,cnp_endurance_multivm_20260918T130822Z-task-0001575,correlate.synthetic,2026-09-18T14:06:07.794726+00:00,2026-09-18T14:06:07.849273+00:00,3150.047,ubuntu-beta,ok,54.661,0,"{""debian-alpha"": 0.791, ""ubuntu-beta"": 0.94463}",{},2874,andy-VirtualBox,False
1576,cnp_endurance_multivm_20260918T130822Z-task-0001576,parse.synthetic,2026-09-18T14:06:09.806889+00:00,2026-09-18T14:06:09.860508+00:00,3152.063,debian-alpha,ok,53.513,0,"{""debian-alpha"": 0.98366, ""ubuntu-beta"": 0.809}",{},2875,andy,False
1577,cnp_endurance_multivm_20260918T130822Z-task-0001577,route.synthetic,2026-09-18T14:06:11.800608+00:00,2026-09-18T14:06:11.856113+00:00,3154.047,ubuntu-beta,ok,55.78,0,"{""debian-alpha"": 0.863827, ""ubuntu-beta"": 0.986737}",{},2874,andy-VirtualBox,False
1578,cnp_endurance_multivm_20260918T130822Z-task-0001578,detect.synthetic,2026-09-18T14:06:13.796868+00:00,2026-09-18T14:06:13.859631+00:00,3156.063,ubuntu-beta,ok,62.898,0,"{""debian-alpha"": 0.785, ""ubuntu-beta"": 0.96268}",{},2874,andy-VirtualBox,False
1579,cnp_endurance_multivm_20260918T130822Z-task-0001579,correlate.synthetic,2026-09-18T14:06:15.799796+00:00,2026-09-18T14:06:15.860988+00:00,3158.063,ubuntu-beta,ok,62.016,0,"{""debian-alpha"": 0.791, ""ubuntu-beta"": 0.944635}",{},2874,andy-VirtualBox,False
1580,cnp_endurance_multivm_20260918T130822Z-task-0001580,parse.synthetic,2026-09-18T14:06:17.802407+00:00,2026-09-18T14:06:17.880814+00:00,3160.079,debian-alpha,ok,78.595,0,"{""debian-alpha"": 0.983662, ""ubuntu-beta"": 0.809}",{},2875,andy,False
1581,cnp_endurance_multivm_20260918T130822Z-task-0001581,route.synthetic,2026-09-18T14:06:19.804685+00:00,2026-09-18T14:06:19.861526+00:00,3162.063,ubuntu-beta,ok,57.125,0,"{""debian-alpha"": 0.863827, ""ubuntu-beta"": 0.986738}",{},2874,andy-VirtualBox,False
1582,cnp_endurance_multivm_20260918T130822Z-task-0001582,detect.synthetic,2026-09-18T14:06:21.802687+00:00,2026-09-18T14:06:21.863618+00:00,3164.063,ubuntu-beta,ok,61.097,0,"{""debian-alpha"": 0.785, ""ubuntu-beta"": 0.962683}",{},2874,andy-VirtualBox,False
1583,cnp_endurance_multivm_20260918T130822Z-task-0001583,correlate.synthetic,2026-09-18T14:06:23.804245+00:00,2026-09-18T14:06:23.865433+00:00,3166.063,ubuntu-beta,ok,61.56,0,"{""debian-alpha"": 0.791, ""ubuntu-beta"": 0.944639}",{},2874,andy-VirtualBox,False
1584,cnp_endurance_multivm_20260918T130822Z-task-0001584,parse.synthetic,2026-09-18T14:06:25.843765+00:00,2026-09-18T14:06:26.103492+00:00,3168.297,debian-alpha,ok,258.86,0,"{""debian-alpha"": 0.983658, ""ubuntu-beta"": 0.809}",{},2875,andy,False
1585,cnp_endurance_multivm_20260918T130822Z-task-0001585,route.synthetic,2026-09-18T14:06:27.809266+00:00,2026-09-18T14:06:27.864678+00:00,3170.063,ubuntu-beta,ok,55.456,0,"{""debian-alpha"": 0.863827, ""ubuntu-beta"": 0.98674}",{},2874,andy-VirtualBox,False
1586,cnp_endurance_multivm_20260918T130822Z-task-0001586,detect.synthetic,2026-09-18T14:06:29.804577+00:00,2026-09-18T14:06:29.885160+00:00,3172.079,ubuntu-beta,ok,80.89,0,"{""debian-alpha"": 0.785, ""ubuntu-beta"": 0.962674}",{},2874,andy-VirtualBox,False
1587,cnp_endurance_multivm_20260918T130822Z-task-0001587,correlate.synthetic,2026-09-18T14:06:31.794863+00:00,2026-09-18T14:06:31.849945+00:00,3174.047,ubuntu-beta,ok,55.248,0,"{""debian-alpha"": 0.791, ""ubuntu-beta"": 0.944642}",{},2874,andy-VirtualBox,False
1588,cnp_endurance_multivm_20260918T130822Z-task-0001588,parse.synthetic,2026-09-18T14:06:33.806363+00:00,2026-09-18T14:06:33.856522+00:00,3176.047,debian-alpha,ok,50.444,0,"{""debian-alpha"": 0.983653, ""ubuntu-beta"": 0.809}",{},2875,andy,False
1589,cnp_endurance_multivm_20260918T130822Z-task-0001589,route.synthetic,2026-09-18T14:06:35.797241+00:00,2026-09-18T14:06:35.849949+00:00,3178.047,ubuntu-beta,ok,52.787,0,"{""debian-alpha"": 0.863827, ""ubuntu-beta"": 0.986743}",{},2874,andy-VirtualBox,False
1590,cnp_endurance_multivm_20260918T130822Z-task-0001590,detect.synthetic,2026-09-18T14:06:37.806709+00:00,2026-09-18T14:06:37.865564+00:00,3180.063,ubuntu-beta,ok,58.846,0,"{""debian-alpha"": 0.785, ""ubuntu-beta"": 0.962671}",{},2874,andy-VirtualBox,False
1591,cnp_endurance_multivm_20260918T130822Z-task-0001591,correlate.synthetic,2026-09-18T14:06:39.805629+00:00,2026-09-18T14:06:39.855718+00:00,3182.047,ubuntu-beta,ok,50.289,0,"{""debian-alpha"": 0.791, ""ubuntu-beta"": 0.944641}",{},2874,andy-VirtualBox,False
1592,cnp_endurance_multivm_20260918T130822Z-task-0001592,parse.synthetic,2026-09-18T14:06:41.796223+00:00,2026-09-18T14:06:41.846314+00:00,3184.047,debian-alpha,ok,50.288,0,"{""debian-alpha"": 0.983654, ""ubuntu-beta"": 0.809}",{},2875,andy,False
1593,cnp_endurance_multivm_20260918T130822Z-task-0001593,route.synthetic,2026-09-18T14:06:43.802627+00:00,2026-09-18T14:06:43.863166+00:00,3186.063,ubuntu-beta,ok,60.672,0,"{""debian-alpha"": 0.863827, ""ubuntu-beta"": 0.986745}",{},2874,andy-VirtualBox,False
1594,cnp_endurance_multivm_20260918T130822Z-task-0001594,detect.synthetic,2026-09-18T14:06:45.803336+00:00,2026-09-18T14:06:45.857029+00:00,3188.063,ubuntu-beta,ok,53.445,0,"{""debian-alpha"": 0.785, ""ubuntu-beta"": 0.962672}",{},2874,andy-VirtualBox,False
1595,cnp_endurance_multivm_20260918T130822Z-task-0001595,correlate.synthetic,2026-09-18T14:06:47.797632+00:00,2026-09-18T14:06:47.846587+00:00,3190.047,ubuntu-beta,ok,49.247,0,"{""debian-alpha"": 0.791, ""ubuntu-beta"": 0.944642}",{},2874,andy-VirtualBox,False
1596,cnp_endurance_multivm_20260918T130822Z-task-0001596,parse.synthetic,2026-09-18T14:06:49.804747+00:00,2026-09-18T14:06:49.857594+00:00,3192.063,debian-alpha,ok,53.115,0,"{""debian-alpha"": 0.983657, ""ubuntu-beta"": 0.809}",{},2875,andy,False
1597,cnp_endurance_multivm_20260918T130822Z-task-0001597,route.synthetic,2026-09-18T14:06:51.798248+00:00,2026-09-18T14:06:51.851364+00:00,3194.047,ubuntu-beta,ok,53.087,0,"{""debian-alpha"": 0.863827, ""ubuntu-beta"": 0.986746}",{},2874,andy-VirtualBox,False
1598,cnp_endurance_multivm_20260918T130822Z-task-0001598,detect.synthetic,2026-09-18T14:06:53.807513+00:00,2026-09-18T14:06:53.861017+00:00,3196.063,ubuntu-beta,ok,53.53,0,"{""debian-alpha"": 0.785, ""ubuntu-beta"": 0.962682}",{},2874,andy-VirtualBox,False
1599,cnp_endurance_multivm_20260918T130822Z-task-0001599,correlate.synthetic,2026-09-18T14:06:55.802799+00:00,2026-09-18T14:06:55.850808+00:00,3198.047,ubuntu-beta,ok,48.211,0,"{""debian-alpha"": 0.791, ""ubuntu-beta"": 0.944645}",{},2874,andy-VirtualBox,False
1600,cnp_endurance_multivm_20260918T130822Z-task-0001600,parse.synthetic,2026-09-18T14:06:57.807509+00:00,2026-09-18T14:06:57.856872+00:00,3200.063,debian-alpha,ok,49.483,0,"{""debian-alpha"": 0.983655, ""ubuntu-beta"": 0.809}",{},2875,andy,False
1601,cnp_endurance_multivm_20260918T130822Z-task-0001601,route.synthetic,2026-09-18T14:06:59.797492+00:00,2026-09-18T14:06:59.845115+00:00,3202.047,ubuntu-beta,ok,47.53,0,"{""debian-alpha"": 0.863827, ""ubuntu-beta"": 0.986746}",{},2874,andy-VirtualBox,False
1602,cnp_endurance_multivm_20260918T130822Z-task-0001602,detect.synthetic,2026-09-18T14:07:01.800670+00:00,2026-09-18T14:07:01.849431+00:00,3204.047,ubuntu-beta,ok,48.654,0,"{""debian-alpha"": 0.785, ""ubuntu-beta"": 0.962682}",{},2874,andy-VirtualBox,False
1603,cnp_endurance_multivm_20260918T130822Z-task-0001603,correlate.synthetic,2026-09-18T14:07:03.805620+00:00,2026-09-18T14:07:03.858895+00:00,3206.063,ubuntu-beta,ok,52.79,0,"{""debian-alpha"": 0.791, ""ubuntu-beta"": 0.944646}",{},2874,andy-VirtualBox,False
1604,cnp_endurance_multivm_20260918T130822Z-task-0001604,parse.synthetic,2026-09-18T14:07:05.799277+00:00,2026-09-18T14:07:05.846227+00:00,3208.047,debian-alpha,ok,47.321,0,"{""debian-alpha"": 0.983655, ""ubuntu-beta"": 0.809}",{},2875,andy,False
1605,cnp_endurance_multivm_20260918T130822Z-task-0001605,route.synthetic,2026-09-18T14:07:07.802661+00:00,2026-09-18T14:07:07.852762+00:00,3210.047,ubuntu-beta,ok,50.168,0,"{""debian-alpha"": 0.863827, ""ubuntu-beta"": 0.986748}",{},2874,andy-VirtualBox,False
1606,cnp_endurance_multivm_20260918T130822Z-task-0001606,detect.synthetic,2026-09-18T14:07:09.794632+00:00,2026-09-18T14:07:09.849790+00:00,3212.047,ubuntu-beta,ok,55.453,0,"{""debian-alpha"": 0.785, ""ubuntu-beta"": 0.962684}",{},2874,andy-VirtualBox,False
1607,cnp_endurance_multivm_20260918T130822Z-task-0001607,correlate.synthetic,2026-09-18T14:07:11.805587+00:00,2026-09-18T14:07:11.860837+00:00,3214.063,ubuntu-beta,ok,55.49,0,"{""debian-alpha"": 0.791, ""ubuntu-beta"": 0.944647}",{},2874,andy-VirtualBox,False
1608,cnp_endurance_multivm_20260918T130822Z-task-0001608,parse.synthetic,2026-09-18T14:07:13.801569+00:00,2026-09-18T14:07:13.847784+00:00,3216.047,debian-alpha,ok,46.489,0,"{""debian-alpha"": 0.983659, ""ubuntu-beta"": 0.809}",{},2875,andy,False
1609,cnp_endurance_multivm_20260918T130822Z-task-0001609,route.synthetic,2026-09-18T14:07:15.804844+00:00,2026-09-18T14:07:15.860317+00:00,3218.063,ubuntu-beta,ok,55.417,0,"{""debian-alpha"": 0.863827, ""ubuntu-beta"": 0.986751}",{},2874,andy-VirtualBox,False
1610,cnp_endurance_multivm_20260918T130822Z-task-0001610,detect.synthetic,2026-09-18T14:07:17.800587+00:00,2026-09-18T14:07:17.850259+00:00,3220.047,ubuntu-beta,ok,49.678,0,"{""debian-alpha"": 0.785, ""ubuntu-beta"": 0.962683}",{},2874,andy-VirtualBox,False
1611,cnp_endurance_multivm_20260918T130822Z-task-0001611,correlate.synthetic,2026-09-18T14:07:19.806279+00:00,2026-09-18T14:07:19.853333+00:00,3222.047,ubuntu-beta,ok,47.041,0,"{""debian-alpha"": 0.791, ""ubuntu-beta"": 0.944646}",{},2874,andy-VirtualBox,False
1612,cnp_endurance_multivm_20260918T130822Z-task-0001612,parse.synthetic,2026-09-18T14:07:21.809767+00:00,2026-09-18T14:07:21.856664+00:00,3224.047,debian-alpha,ok,47.392,0,"{""debian-alpha"": 0.983667, ""ubuntu-beta"": 0.809}",{},2875,andy,False
1613,cnp_endurance_multivm_20260918T130822Z-task-0001613,route.synthetic,2026-09-18T14:07:23.797869+00:00,2026-09-18T14:07:23.849388+00:00,3226.047,ubuntu-beta,ok,51.903,0,"{""debian-alpha"": 0.863827, ""ubuntu-beta"": 0.986756}",{},2874,andy-VirtualBox,False
1614,cnp_endurance_multivm_20260918T130822Z-task-0001614,detect.synthetic,2026-09-18T14:07:25.806138+00:00,2026-09-18T14:07:25.851355+00:00,3228.047,ubuntu-beta,ok,45.447,0,"{""debian-alpha"": 0.785, ""ubuntu-beta"": 0.962685}",{},2874,andy-VirtualBox,False
1615,cnp_endurance_multivm_20260918T130822Z-task-0001615,correlate.synthetic,2026-09-18T14:07:27.808077+00:00,2026-09-18T14:07:27.859604+00:00,3230.063,ubuntu-beta,ok,52.315,0,"{""debian-alpha"": 0.791, ""ubuntu-beta"": 0.944647}",{},2874,andy-VirtualBox,False
1616,cnp_endurance_multivm_20260918T130822Z-task-0001616,parse.synthetic,2026-09-18T14:07:29.800206+00:00,2026-09-18T14:07:29.849133+00:00,3232.047,debian-alpha,ok,49.14,0,"{""debian-alpha"": 0.983668, ""ubuntu-beta"": 0.809}",{},2875,andy,False
1617,cnp_endurance_multivm_20260918T130822Z-task-0001617,route.synthetic,2026-09-18T14:07:31.804921+00:00,2026-09-18T14:07:31.859039+00:00,3234.063,ubuntu-beta,ok,54.173,0,"{""debian-alpha"": 0.863827, ""ubuntu-beta"": 0.986755}",{},2874,andy-VirtualBox,False
1618,cnp_endurance_multivm_20260918T130822Z-task-0001618,detect.synthetic,2026-09-18T14:07:33.798645+00:00,2026-09-18T14:07:33.850399+00:00,3236.047,ubuntu-beta,ok,51.799,0,"{""debian-alpha"": 0.785, ""ubuntu-beta"": 0.96269}",{},2874,andy-VirtualBox,False
1619,cnp_endurance_multivm_20260918T130822Z-task-0001619,correlate.synthetic,2026-09-18T14:07:35.806802+00:00,2026-09-18T14:07:35.860849+00:00,3238.063,ubuntu-beta,ok,54.266,0,"{""debian-alpha"": 0.791, ""ubuntu-beta"": 0.944647}",{},2874,andy-VirtualBox,False
1620,cnp_endurance_multivm_20260918T130822Z-task-0001620,parse.synthetic,2026-09-18T14:07:37.801378+00:00,2026-09-18T14:07:37.850524+00:00,3240.047,debian-alpha,ok,49.156,0,"{""debian-alpha"": 0.983671, ""ubuntu-beta"": 0.809}",{},2875,andy,False
1621,cnp_endurance_multivm_20260918T130822Z-task-0001621,route.synthetic,2026-09-18T14:07:39.806505+00:00,2026-09-18T14:07:39.860781+00:00,3242.063,ubuntu-beta,ok,54.523,0,"{""debian-alpha"": 0.863827, ""ubuntu-beta"": 0.986754}",{},2874,andy-VirtualBox,False
1622,cnp_endurance_multivm_20260918T130822Z-task-0001622,detect.synthetic,2026-09-18T14:07:41.801747+00:00,2026-09-18T14:07:41.867271+00:00,3244.063,ubuntu-beta,ok,65.455,0,"{""debian-alpha"": 0.785, ""ubuntu-beta"": 0.962695}",{},2874,andy-VirtualBox,False
1623,cnp_endurance_multivm_20260918T130822Z-task-0001623,correlate.synthetic,2026-09-18T14:07:43.806652+00:00,2026-09-18T14:07:43.860979+00:00,3246.063,ubuntu-beta,ok,54.234,0,"{""debian-alpha"": 0.791, ""ubuntu-beta"": 0.944651}",{},2874,andy-VirtualBox,False
1624,cnp_endurance_multivm_20260918T130822Z-task-0001624,parse.synthetic,2026-09-18T14:07:45.800688+00:00,2026-09-18T14:07:45.846284+00:00,3248.047,debian-alpha,ok,45.864,0,"{""debian-alpha"": 0.983674, ""ubuntu-beta"": 0.809}",{},2875,andy,False
1625,cnp_endurance_multivm_20260918T130822Z-task-0001625,route.synthetic,2026-09-18T14:07:47.802586+00:00,2026-09-18T14:07:47.851714+00:00,3250.047,ubuntu-beta,ok,49.461,0,"{""debian-alpha"": 0.863827, ""ubuntu-beta"": 0.986781}",{},2874,andy-VirtualBox,False
1626,cnp_endurance_multivm_20260918T130822Z-task-0001626,detect.synthetic,2026-09-18T14:07:49.808452+00:00,2026-09-18T14:07:49.854602+00:00,3252.047,ubuntu-beta,ok,46.104,0,"{""debian-alpha"": 0.785, ""ubuntu-beta"": 0.962758}",{},2874,andy-VirtualBox,False
1627,cnp_endurance_multivm_20260918T130822Z-task-0001627,correlate.synthetic,2026-09-18T14:07:51.794901+00:00,2026-09-18T14:07:51.845573+00:00,3254.047,ubuntu-beta,ok,50.964,0,"{""debian-alpha"": 0.791, ""ubuntu-beta"": 0.944663}",{},2874,andy-VirtualBox,False
1628,cnp_endurance_multivm_20260918T130822Z-task-0001628,parse.synthetic,2026-09-18T14:07:53.801468+00:00,2026-09-18T14:07:53.848361+00:00,3256.047,debian-alpha,ok,46.807,0,"{""debian-alpha"": 0.983687, ""ubuntu-beta"": 0.809}",{},2875,andy,False
1629,cnp_endurance_multivm_20260918T130822Z-task-0001629,route.synthetic,2026-09-18T14:07:55.805294+00:00,2026-09-18T14:07:55.856200+00:00,3258.047,ubuntu-beta,ok,51.13,0,"{""debian-alpha"": 0.863827, ""ubuntu-beta"": 0.986785}",{},2874,andy-VirtualBox,False
1630,cnp_endurance_multivm_20260918T130822Z-task-0001630,detect.synthetic,2026-09-18T14:07:57.796991+00:00,2026-09-18T14:07:57.852703+00:00,3260.047,ubuntu-beta,ok,55.691,0,"{""debian-alpha"": 0.785, ""ubuntu-beta"": 0.962761}",{},2874,andy-VirtualBox,False
1631,cnp_endurance_multivm_20260918T130822Z-task-0001631,correlate.synthetic,2026-09-18T14:07:59.810216+00:00,2026-09-18T14:07:59.861378+00:00,3262.063,ubuntu-beta,ok,51.252,0,"{""debian-alpha"": 0.791, ""ubuntu-beta"": 0.944666}",{},2874,andy-VirtualBox,False
1632,cnp_endurance_multivm_20260918T130822Z-task-0001632,parse.synthetic,2026-09-18T14:08:01.802461+00:00,2026-09-18T14:08:01.849481+00:00,3264.047,debian-alpha,ok,47.386,0,"{""debian-alpha"": 0.983689, ""ubuntu-beta"": 0.809}",{},2875,andy,False
1633,cnp_endurance_multivm_20260918T130822Z-task-0001633,route.synthetic,2026-09-18T14:08:03.805538+00:00,2026-09-18T14:08:03.867331+00:00,3266.063,ubuntu-beta,ok,61.653,0,"{""debian-alpha"": 0.863827, ""ubuntu-beta"": 0.986791}",{},2874,andy-VirtualBox,False
1634,cnp_endurance_multivm_20260918T130822Z-task-0001634,detect.synthetic,2026-09-18T14:08:05.818478+00:00,2026-09-18T14:08:06.109573+00:00,3268.313,ubuntu-beta,ok,291.503,0,"{""debian-alpha"": 0.785, ""ubuntu-beta"": 0.962764}",{},2874,andy-VirtualBox,False
1635,cnp_endurance_multivm_20260918T130822Z-task-0001635,correlate.synthetic,2026-09-18T14:08:07.810786+00:00,2026-09-18T14:08:07.892862+00:00,3270.094,ubuntu-beta,ok,81.33,0,"{""debian-alpha"": 0.791, ""ubuntu-beta"": 0.944668}",{},2874,andy-VirtualBox,False
1636,cnp_endurance_multivm_20260918T130822Z-task-0001636,parse.synthetic,2026-09-18T14:08:09.802185+00:00,2026-09-18T14:08:10.194493+00:00,3272.391,debian-alpha,ok,392.358,0,"{""debian-alpha"": 0.983695, ""ubuntu-beta"": 0.809}",{},2875,andy,False
1637,cnp_endurance_multivm_20260918T130822Z-task-0001637,route.synthetic,2026-09-18T14:08:11.844592+00:00,2026-09-18T14:08:12.227746+00:00,3274.422,ubuntu-beta,ok,382.746,0,"{""debian-alpha"": 0.863827, ""ubuntu-beta"": 0.986792}",{},2874,andy-VirtualBox,False
1638,cnp_endurance_multivm_20260918T130822Z-task-0001638,detect.synthetic,2026-09-18T14:08:13.810376+00:00,2026-09-18T14:08:13.967391+00:00,3276.172,ubuntu-beta,ok,156.301,0,"{""debian-alpha"": 0.785, ""ubuntu-beta"": 0.962732}",{},2874,andy-VirtualBox,False
1639,cnp_endurance_multivm_20260918T130822Z-task-0001639,correlate.synthetic,2026-09-18T14:08:15.801354+00:00,2026-09-18T14:08:15.854758+00:00,3278.047,ubuntu-beta,ok,53.662,0,"{""debian-alpha"": 0.791, ""ubuntu-beta"": 0.944668}",{},2874,andy-VirtualBox,False
1640,cnp_endurance_multivm_20260918T130822Z-task-0001640,parse.synthetic,2026-09-18T14:08:17.808659+00:00,2026-09-18T14:08:18.127246+00:00,3280.329,debian-alpha,ok,318.713,0,"{""debian-alpha"": 0.983643, ""ubuntu-beta"": 0.809}",{},2875,andy,False
1641,cnp_endurance_multivm_20260918T130822Z-task-0001641,route.synthetic,2026-09-18T14:08:19.802342+00:00,2026-09-18T14:08:19.853291+00:00,3282.047,ubuntu-beta,ok,51.213,0,"{""debian-alpha"": 0.863827, ""ubuntu-beta"": 0.986742}",{},2874,andy-VirtualBox,False
1642,cnp_endurance_multivm_20260918T130822Z-task-0001642,detect.synthetic,2026-09-18T14:08:21.806480+00:00,2026-09-18T14:08:21.862136+00:00,3284.063,ubuntu-beta,ok,55.596,0,"{""debian-alpha"": 0.785, ""ubuntu-beta"": 0.962721}",{},2874,andy-VirtualBox,False
1643,cnp_endurance_multivm_20260918T130822Z-task-0001643,correlate.synthetic,2026-09-18T14:08:23.796743+00:00,2026-09-18T14:08:23.844020+00:00,3286.047,ubuntu-beta,ok,48.058,0,"{""debian-alpha"": 0.791, ""ubuntu-beta"": 0.944673}",{},2874,andy-VirtualBox,False
1644,cnp_endurance_multivm_20260918T130822Z-task-0001644,parse.synthetic,2026-09-18T14:08:25.801363+00:00,2026-09-18T14:08:25.888334+00:00,3288.094,debian-alpha,ok,86.943,0,"{""debian-alpha"": 0.983622, ""ubuntu-beta"": 0.809}",{},2875,andy,False
1645,cnp_endurance_multivm_20260918T130822Z-task-0001645,route.synthetic,2026-09-18T14:08:27.799810+00:00,2026-09-18T14:08:27.851751+00:00,3290.047,ubuntu-beta,ok,52.01,0,"{""debian-alpha"": 0.863827, ""ubuntu-beta"": 0.986745}",{},2874,andy-VirtualBox,False
1646,cnp_endurance_multivm_20260918T130822Z-task-0001646,detect.synthetic,2026-09-18T14:08:29.807440+00:00,2026-09-18T14:08:29.862638+00:00,3292.063,ubuntu-beta,ok,55.214,0,"{""debian-alpha"": 0.785, ""ubuntu-beta"": 0.962721}",{},2874,andy-VirtualBox,False
1647,cnp_endurance_multivm_20260918T130822Z-task-0001647,correlate.synthetic,2026-09-18T14:08:31.802787+00:00,2026-09-18T14:08:31.858545+00:00,3294.063,ubuntu-beta,ok,55.938,0,"{""debian-alpha"": 0.791, ""ubuntu-beta"": 0.944681}",{},2874,andy-VirtualBox,False
1648,cnp_endurance_multivm_20260918T130822Z-task-0001648,parse.synthetic,2026-09-18T14:08:33.800057+00:00,2026-09-18T14:08:33.844738+00:00,3296.047,debian-alpha,ok,45.321,0,"{""debian-alpha"": 0.983627, ""ubuntu-beta"": 0.809}",{},2875,andy,False
1649,cnp_endurance_multivm_20260918T130822Z-task-0001649,route.synthetic,2026-09-18T14:08:35.801549+00:00,2026-09-18T14:08:35.852012+00:00,3298.047,ubuntu-beta,ok,50.5,0,"{""debian-alpha"": 0.863827, ""ubuntu-beta"": 0.986749}",{},2874,andy-VirtualBox,False
1650,cnp_endurance_multivm_20260918T130822Z-task-0001650,detect.synthetic,2026-09-18T14:08:37.808119+00:00,2026-09-18T14:08:37.856870+00:00,3300.063,ubuntu-beta,ok,48.836,0,"{""debian-alpha"": 0.785, ""ubuntu-beta"": 0.962721}",{},2874,andy-VirtualBox,False
1651,cnp_endurance_multivm_20260918T130822Z-task-0001651,correlate.synthetic,2026-09-18T14:08:39.799046+00:00,2026-09-18T14:08:39.849522+00:00,3302.047,ubuntu-beta,ok,50.939,0,"{""debian-alpha"": 0.791, ""ubuntu-beta"": 0.944757}",{},2874,andy-VirtualBox,False
1652,cnp_endurance_multivm_20260918T130822Z-task-0001652,parse.synthetic,2026-09-18T14:08:41.805348+00:00,2026-09-18T14:08:41.876630+00:00,3304.079,debian-alpha,ok,71.237,0,"{""debian-alpha"": 0.983667, ""ubuntu-beta"": 0.809}",{},2875,andy,False
1653,cnp_endurance_multivm_20260918T130822Z-task-0001653,route.synthetic,2026-09-18T14:08:43.801661+00:00,2026-09-18T14:08:43.853261+00:00,3306.047,ubuntu-beta,ok,51.92,0,"{""debian-alpha"": 0.863827, ""ubuntu-beta"": 0.986761}",{},2874,andy-VirtualBox,False
1654,cnp_endurance_multivm_20260918T130822Z-task-0001654,detect.synthetic,2026-09-18T14:08:45.809350+00:00,2026-09-18T14:08:45.879484+00:00,3308.079,ubuntu-beta,ok,70.145,0,"{""debian-alpha"": 0.785, ""ubuntu-beta"": 0.962739}",{},2874,andy-VirtualBox,False
1655,cnp_endurance_multivm_20260918T130822Z-task-0001655,correlate.synthetic,2026-09-18T14:08:47.803368+00:00,2026-09-18T14:08:47.849707+00:00,3310.047,ubuntu-beta,ok,46.402,0,"{""debian-alpha"": 0.791, ""ubuntu-beta"": 0.94477}",{},2874,andy-VirtualBox,False
1656,cnp_endurance_multivm_20260918T130822Z-task-0001656,parse.synthetic,2026-09-18T14:08:49.806670+00:00,2026-09-18T14:08:49.851933+00:00,3312.047,debian-alpha,ok,45.65,0,"{""debian-alpha"": 0.983672, ""ubuntu-beta"": 0.809}",{},2875,andy,False
1657,cnp_endurance_multivm_20260918T130822Z-task-0001657,route.synthetic,2026-09-18T14:08:51.808212+00:00,2026-09-18T14:08:51.864112+00:00,3314.063,ubuntu-beta,ok,55.594,0,"{""debian-alpha"": 0.863827, ""ubuntu-beta"": 0.98677}",{},2874,andy-VirtualBox,False
1658,cnp_endurance_multivm_20260918T130822Z-task-0001658,detect.synthetic,2026-09-18T14:08:53.803662+00:00,2026-09-18T14:08:53.854523+00:00,3316.047,ubuntu-beta,ok,50.949,0,"{""debian-alpha"": 0.785, ""ubuntu-beta"": 0.962737}",{},2874,andy-VirtualBox,False
1659,cnp_endurance_multivm_20260918T130822Z-task-0001659,correlate.synthetic,2026-09-18T14:08:55.794540+00:00,2026-09-18T14:08:55.842996+00:00,3318.047,ubuntu-beta,ok,48.547,0,"{""debian-alpha"": 0.791, ""ubuntu-beta"": 0.944773}",{},2874,andy-VirtualBox,False
1660,cnp_endurance_multivm_20260918T130822Z-task-0001660,parse.synthetic,2026-09-18T14:08:57.799651+00:00,2026-09-18T14:08:57.845932+00:00,3320.047,debian-alpha,ok,46.276,0,"{""debian-alpha"": 0.983674, ""ubuntu-beta"": 0.809}",{},2875,andy,False
1661,cnp_endurance_multivm_20260918T130822Z-task-0001661,route.synthetic,2026-09-18T14:08:59.802178+00:00,2026-09-18T14:08:59.853547+00:00,3322.047,ubuntu-beta,ok,51.326,0,"{""debian-alpha"": 0.863827, ""ubuntu-beta"": 0.98677}",{},2874,andy-VirtualBox,False
1662,cnp_endurance_multivm_20260918T130822Z-task-0001662,detect.synthetic,2026-09-18T14:09:01.809009+00:00,2026-09-18T14:09:01.862826+00:00,3324.063,ubuntu-beta,ok,53.834,0,"{""debian-alpha"": 0.785, ""ubuntu-beta"": 0.962739}",{},2874,andy-VirtualBox,False
1663,cnp_endurance_multivm_20260918T130822Z-task-0001663,correlate.synthetic,2026-09-18T14:09:03.810918+00:00,2026-09-18T14:09:03.920835+00:00,3326.125,ubuntu-beta,ok,109.241,0,"{""debian-alpha"": 0.791, ""ubuntu-beta"": 0.944773}",{},2874,andy-VirtualBox,False
1664,cnp_endurance_multivm_20260918T130822Z-task-0001664,parse.synthetic,2026-09-18T14:09:05.798193+00:00,2026-09-18T14:09:05.838259+00:00,3328.032,debian-alpha,ok,40.355,0,"{""debian-alpha"": 0.983677, ""ubuntu-beta"": 0.809}",{},2875,andy,False
1665,cnp_endurance_multivm_20260918T130822Z-task-0001665,route.synthetic,2026-09-18T14:09:07.809398+00:00,2026-09-18T14:09:07.865065+00:00,3330.063,ubuntu-beta,ok,55.77,0,"{""debian-alpha"": 0.863827, ""ubuntu-beta"": 0.986773}",{},2874,andy-VirtualBox,False
1666,cnp_endurance_multivm_20260918T130822Z-task-0001666,detect.synthetic,2026-09-18T14:09:09.805325+00:00,2026-09-18T14:09:09.853709+00:00,3332.047,ubuntu-beta,ok,48.641,0,"{""debian-alpha"": 0.785, ""ubuntu-beta"": 0.962738}",{},2874,andy-VirtualBox,False
1667,cnp_endurance_multivm_20260918T130822Z-task-0001667,correlate.synthetic,2026-09-18T14:09:11.794517+00:00,2026-09-18T14:09:11.857460+00:00,3334.063,ubuntu-beta,ok,62.964,0,"{""debian-alpha"": 0.791, ""ubuntu-beta"": 0.944767}",{},2874,andy-VirtualBox,False
1668,cnp_endurance_multivm_20260918T130822Z-task-0001668,parse.synthetic,2026-09-18T14:09:13.798083+00:00,2026-09-18T14:09:13.843023+00:00,3336.047,debian-alpha,ok,45.368,0,"{""debian-alpha"": 0.983741, ""ubuntu-beta"": 0.809}",{},2875,andy,False
1669,cnp_endurance_multivm_20260918T130822Z-task-0001669,route.synthetic,2026-09-18T14:09:15.801425+00:00,2026-09-18T14:09:15.856485+00:00,3338.047,ubuntu-beta,ok,55.671,0,"{""debian-alpha"": 0.863827, ""ubuntu-beta"": 0.986776}",{},2874,andy-VirtualBox,False
1670,cnp_endurance_multivm_20260918T130822Z-task-0001670,detect.synthetic,2026-09-18T14:09:17.798129+00:00,2026-09-18T14:09:17.849245+00:00,3340.047,ubuntu-beta,ok,51.003,0,"{""debian-alpha"": 0.785, ""ubuntu-beta"": 0.962764}",{},2874,andy-VirtualBox,False
1671,cnp_endurance_multivm_20260918T130822Z-task-0001671,correlate.synthetic,2026-09-18T14:09:19.805543+00:00,2026-09-18T14:09:19.852900+00:00,3342.047,ubuntu-beta,ok,47.616,0,"{""debian-alpha"": 0.791, ""ubuntu-beta"": 0.944849}",{},2874,andy-VirtualBox,False
1672,cnp_endurance_multivm_20260918T130822Z-task-0001672,parse.synthetic,2026-09-18T14:09:21.809628+00:00,2026-09-18T14:09:21.867040+00:00,3344.063,debian-alpha,ok,57.185,0,"{""debian-alpha"": 0.983744, ""ubuntu-beta"": 0.809}",{},2875,andy,False
1673,cnp_endurance_multivm_20260918T130822Z-task-0001673,route.synthetic,2026-09-18T14:09:23.807223+00:00,2026-09-18T14:09:23.856647+00:00,3346.047,ubuntu-beta,ok,49.452,0,"{""debian-alpha"": 0.863827, ""ubuntu-beta"": 0.986778}",{},2874,andy-VirtualBox,False
1674,cnp_endurance_multivm_20260918T130822Z-task-0001674,detect.synthetic,2026-09-18T14:09:25.798237+00:00,2026-09-18T14:09:25.854482+00:00,3348.047,ubuntu-beta,ok,56.341,0,"{""debian-alpha"": 0.785, ""ubuntu-beta"": 0.962788}",{},2874,andy-VirtualBox,False
1675,cnp_endurance_multivm_20260918T130822Z-task-0001675,correlate.synthetic,2026-09-18T14:09:27.795231+00:00,2026-09-18T14:09:27.867343+00:00,3350.063,ubuntu-beta,ok,71.682,0,"{""debian-alpha"": 0.791, ""ubuntu-beta"": 0.944853}",{},2874,andy-VirtualBox,False
1676,cnp_endurance_multivm_20260918T130822Z-task-0001676,parse.synthetic,2026-09-18T14:09:29.807980+00:00,2026-09-18T14:09:29.855458+00:00,3352.047,debian-alpha,ok,47.434,0,"{""debian-alpha"": 0.983741, ""ubuntu-beta"": 0.809}",{},2875,andy,False
1677,cnp_endurance_multivm_20260918T130822Z-task-0001677,route.synthetic,2026-09-18T14:09:31.795964+00:00,2026-09-18T14:09:31.869280+00:00,3354.063,ubuntu-beta,ok,73.505,0,"{""debian-alpha"": 0.863827, ""ubuntu-beta"": 0.986782}",{},2874,andy-VirtualBox,False
1678,cnp_endurance_multivm_20260918T130822Z-task-0001678,detect.synthetic,2026-09-18T14:09:33.805937+00:00,2026-09-18T14:09:33.855244+00:00,3356.047,ubuntu-beta,ok,49.858,0,"{""debian-alpha"": 0.785, ""ubuntu-beta"": 0.962792}",{},2874,andy-VirtualBox,False
1679,cnp_endurance_multivm_20260918T130822Z-task-0001679,correlate.synthetic,2026-09-18T14:09:35.796610+00:00,2026-09-18T14:09:35.845781+00:00,3358.047,ubuntu-beta,ok,49.73,0,"{""debian-alpha"": 0.791, ""ubuntu-beta"": 0.944853}",{},2874,andy-VirtualBox,False
1680,cnp_endurance_multivm_20260918T130822Z-task-0001680,parse.synthetic,2026-09-18T14:09:37.797875+00:00,2026-09-18T14:09:37.863478+00:00,3360.063,debian-alpha,ok,65.935,0,"{""debian-alpha"": 0.983761, ""ubuntu-beta"": 0.809}",{},2875,andy,False
1681,cnp_endurance_multivm_20260918T130822Z-task-0001681,route.synthetic,2026-09-18T14:09:39.804914+00:00,2026-09-18T14:09:39.855610+00:00,3362.047,ubuntu-beta,ok,50.635,0,"{""debian-alpha"": 0.863827, ""ubuntu-beta"": 0.98678}",{},2874,andy-VirtualBox,False
1682,cnp_endurance_multivm_20260918T130822Z-task-0001682,detect.synthetic,2026-09-18T14:09:41.803367+00:00,2026-09-18T14:09:41.872751+00:00,3364.079,ubuntu-beta,ok,69.767,0,"{""debian-alpha"": 0.785, ""ubuntu-beta"": 0.962798}",{},2874,andy-VirtualBox,False
1683,cnp_endurance_multivm_20260918T130822Z-task-0001683,correlate.synthetic,2026-09-18T14:09:43.797222+00:00,2026-09-18T14:09:43.844833+00:00,3366.047,ubuntu-beta,ok,47.658,0,"{""debian-alpha"": 0.791, ""ubuntu-beta"": 0.944858}",{},2874,andy-VirtualBox,False
1684,cnp_endurance_multivm_20260918T130822Z-task-0001684,parse.synthetic,2026-09-18T14:09:45.802632+00:00,2026-09-18T14:09:45.853600+00:00,3368.047,debian-alpha,ok,51.245,0,"{""debian-alpha"": 0.983758, ""ubuntu-beta"": 0.809}",{},2875,andy,False
1685,cnp_endurance_multivm_20260918T130822Z-task-0001685,route.synthetic,2026-09-18T14:09:48.030482+00:00,2026-09-18T14:09:48.159590+00:00,3370.36,ubuntu-beta,ok,129.051,0,"{""debian-alpha"": 0.863827, ""ubuntu-beta"": 0.986782}",{},2874,andy-VirtualBox,False
1686,cnp_endurance_multivm_20260918T130822Z-task-0001686,detect.synthetic,2026-09-18T14:09:49.805645+00:00,2026-09-18T14:09:49.873181+00:00,3372.079,ubuntu-beta,ok,67.836,0,"{""debian-alpha"": 0.785, ""ubuntu-beta"": 0.962787}",{},2874,andy-VirtualBox,False
1687,cnp_endurance_multivm_20260918T130822Z-task-0001687,correlate.synthetic,2026-09-18T14:09:51.798056+00:00,2026-09-18T14:09:51.850253+00:00,3374.047,ubuntu-beta,ok,52.155,0,"{""debian-alpha"": 0.791, ""ubuntu-beta"": 0.944856}",{},2874,andy-VirtualBox,False
1688,cnp_endurance_multivm_20260918T130822Z-task-0001688,parse.synthetic,2026-09-18T14:09:53.806057+00:00,2026-09-18T14:09:53.856302+00:00,3376.047,debian-alpha,ok,50.003,0,"{""debian-alpha"": 0.983758, ""ubuntu-beta"": 0.809}",{},2875,andy,False
1689,cnp_endurance_multivm_20260918T130822Z-task-0001689,route.synthetic,2026-09-18T14:09:55.796618+00:00,2026-09-18T14:09:55.849814+00:00,3378.047,ubuntu-beta,ok,53.424,0,"{""debian-alpha"": 0.863827, ""ubuntu-beta"": 0.986767}",{},2874,andy-VirtualBox,False
1690,cnp_endurance_multivm_20260918T130822Z-task-0001690,detect.synthetic,2026-09-18T14:09:57.806851+00:00,2026-09-18T14:09:57.860065+00:00,3380.063,ubuntu-beta,ok,53.113,0,"{""debian-alpha"": 0.785, ""ubuntu-beta"": 0.962784}",{},2874,andy-VirtualBox,False
1691,cnp_endurance_multivm_20260918T130822Z-task-0001691,correlate.synthetic,2026-09-18T14:09:59.795198+00:00,2026-09-18T14:09:59.847631+00:00,3382.047,ubuntu-beta,ok,52.425,0,"{""debian-alpha"": 0.791, ""ubuntu-beta"": 0.944857}",{},2874,andy-VirtualBox,False
1692,cnp_endurance_multivm_20260918T130822Z-task-0001692,parse.synthetic,2026-09-18T14:10:01.805098+00:00,2026-09-18T14:10:01.881672+00:00,3384.079,debian-alpha,ok,76.508,0,"{""debian-alpha"": 0.983758, ""ubuntu-beta"": 0.809}",{},2875,andy,False
1693,cnp_endurance_multivm_20260918T130822Z-task-0001693,route.synthetic,2026-09-18T14:10:04.326527+00:00,2026-09-18T14:10:04.404278+00:00,3386.61,ubuntu-beta,ok,77.627,0,"{""debian-alpha"": 0.863827, ""ubuntu-beta"": 0.986766}",{},2874,andy-VirtualBox,False
1694,cnp_endurance_multivm_20260918T130822Z-task-0001694,detect.synthetic,2026-09-18T14:10:05.797630+00:00,2026-09-18T14:10:05.869631+00:00,3388.063,ubuntu-beta,ok,72.325,0,"{""debian-alpha"": 0.785, ""ubuntu-beta"": 0.962786}",{},2874,andy-VirtualBox,False
1695,cnp_endurance_multivm_20260918T130822Z-task-0001695,correlate.synthetic,2026-09-18T14:10:07.809496+00:00,2026-09-18T14:10:07.886752+00:00,3390.079,ubuntu-beta,ok,77.229,0,"{""debian-alpha"": 0.791, ""ubuntu-beta"": 0.944859}",{},2874,andy-VirtualBox,False
1696,cnp_endurance_multivm_20260918T130822Z-task-0001696,parse.synthetic,2026-09-18T14:10:09.796573+00:00,2026-09-18T14:10:09.856508+00:00,3392.047,debian-alpha,ok,60.064,0,"{""debian-alpha"": 0.983751, ""ubuntu-beta"": 0.809}",{},2875,andy,False
1697,cnp_endurance_multivm_20260918T130822Z-task-0001697,route.synthetic,2026-09-18T14:10:11.905403+00:00,2026-09-18T14:10:11.971132+00:00,3394.172,ubuntu-beta,ok,64.942,0,"{""debian-alpha"": 0.863827, ""ubuntu-beta"": 0.986769}",{},2874,andy-VirtualBox,False
1698,cnp_endurance_multivm_20260918T130822Z-task-0001698,detect.synthetic,2026-09-18T14:10:13.802699+00:00,2026-09-18T14:10:13.857132+00:00,3396.063,ubuntu-beta,ok,54.532,0,"{""debian-alpha"": 0.785, ""ubuntu-beta"": 0.962783}",{},2874,andy-VirtualBox,False
1699,cnp_endurance_multivm_20260918T130822Z-task-0001699,correlate.synthetic,2026-09-18T14:10:15.809911+00:00,2026-09-18T14:10:15.860777+00:00,3398.063,ubuntu-beta,ok,51.319,0,"{""debian-alpha"": 0.791, ""ubuntu-beta"": 0.944854}",{},2874,andy-VirtualBox,False
1700,cnp_endurance_multivm_20260918T130822Z-task-0001700,parse.synthetic,2026-09-18T14:10:17.801763+00:00,2026-09-18T14:10:17.862202+00:00,3400.063,debian-alpha,ok,60.528,0,"{""debian-alpha"": 0.983748, ""ubuntu-beta"": 0.809}",{},2875,andy,False
1701,cnp_endurance_multivm_20260918T130822Z-task-0001701,route.synthetic,2026-09-18T14:10:19.802501+00:00,2026-09-18T14:10:19.848637+00:00,3402.047,ubuntu-beta,ok,46.425,0,"{""debian-alpha"": 0.863827, ""ubuntu-beta"": 0.986768}",{},2874,andy-VirtualBox,False
1702,cnp_endurance_multivm_20260918T130822Z-task-0001702,detect.synthetic,2026-09-18T14:10:21.804737+00:00,2026-09-18T14:10:22.013287+00:00,3404.219,ubuntu-beta,ok,207.916,0,"{""debian-alpha"": 0.785, ""ubuntu-beta"": 0.962781}",{},2874,andy-VirtualBox,False
1703,cnp_endurance_multivm_20260918T130822Z-task-0001703,correlate.synthetic,2026-09-18T14:10:23.798745+00:00,2026-09-18T14:10:23.852898+00:00,3406.047,ubuntu-beta,ok,54.298,0,"{""debian-alpha"": 0.791, ""ubuntu-beta"": 0.944857}",{},2874,andy-VirtualBox,False
1704,cnp_endurance_multivm_20260918T130822Z-task-0001704,parse.synthetic,2026-09-18T14:10:25.809552+00:00,2026-09-18T14:10:25.858648+00:00,3408.063,debian-alpha,ok,49.427,0,"{""debian-alpha"": 0.983745, ""ubuntu-beta"": 0.809}",{},2875,andy,False
1705,cnp_endurance_multivm_20260918T130822Z-task-0001705,route.synthetic,2026-09-18T14:10:27.800172+00:00,2026-09-18T14:10:27.856391+00:00,3410.047,ubuntu-beta,ok,56.082,0,"{""debian-alpha"": 0.863827, ""ubuntu-beta"": 0.986768}",{},2874,andy-VirtualBox,False
1706,cnp_endurance_multivm_20260918T130822Z-task-0001706,detect.synthetic,2026-09-18T14:10:29.796677+00:00,2026-09-18T14:10:29.846245+00:00,3412.047,ubuntu-beta,ok,49.082,0,"{""debian-alpha"": 0.785, ""ubuntu-beta"": 0.962767}",{},2874,andy-VirtualBox,False
1707,cnp_endurance_multivm_20260918T130822Z-task-0001707,correlate.synthetic,2026-09-18T14:10:31.807161+00:00,2026-09-18T14:10:31.854909+00:00,3414.047,ubuntu-beta,ok,48.044,0,"{""debian-alpha"": 0.791, ""ubuntu-beta"": 0.944856}",{},2874,andy-VirtualBox,False
1708,cnp_endurance_multivm_20260918T130822Z-task-0001708,parse.synthetic,2026-09-18T14:10:33.803275+00:00,2026-09-18T14:10:33.852480+00:00,3416.047,debian-alpha,ok,49.627,0,"{""debian-alpha"": 0.98375, ""ubuntu-beta"": 0.809}",{},2875,andy,False
1709,cnp_endurance_multivm_20260918T130822Z-task-0001709,route.synthetic,2026-09-18T14:10:35.809340+00:00,2026-09-18T14:10:35.859353+00:00,3418.063,ubuntu-beta,ok,50.025,0,"{""debian-alpha"": 0.863827, ""ubuntu-beta"": 0.986773}",{},2874,andy-VirtualBox,False
1710,cnp_endurance_multivm_20260918T130822Z-task-0001710,detect.synthetic,2026-09-18T14:10:37.810169+00:00,2026-09-18T14:10:37.877298+00:00,3420.079,ubuntu-beta,ok,67.348,0,"{""debian-alpha"": 0.785, ""ubuntu-beta"": 0.96277}",{},2874,andy-VirtualBox,False
1711,cnp_endurance_multivm_20260918T130822Z-task-0001711,correlate.synthetic,2026-09-18T14:10:39.801923+00:00,2026-09-18T14:10:39.858150+00:00,3422.063,ubuntu-beta,ok,56.15,0,"{""debian-alpha"": 0.791, ""ubuntu-beta"": 0.944857}",{},2874,andy-VirtualBox,False
1712,cnp_endurance_multivm_20260918T130822Z-task-0001712,parse.synthetic,2026-09-18T14:10:41.798409+00:00,2026-09-18T14:10:41.844841+00:00,3424.047,debian-alpha,ok,46.837,0,"{""debian-alpha"": 0.98375, ""ubuntu-beta"": 0.809}",{},2875,andy,False
1713,cnp_endurance_multivm_20260918T130822Z-task-0001713,route.synthetic,2026-09-18T14:10:43.802369+00:00,2026-09-18T14:10:43.856384+00:00,3426.047,ubuntu-beta,ok,53.926,0,"{""debian-alpha"": 0.863827, ""ubuntu-beta"": 0.986775}",{},2874,andy-VirtualBox,False
1714,cnp_endurance_multivm_20260918T130822Z-task-0001714,detect.synthetic,2026-09-18T14:10:45.797097+00:00,2026-09-18T14:10:45.856724+00:00,3428.063,ubuntu-beta,ok,59.889,0,"{""debian-alpha"": 0.785, ""ubuntu-beta"": 0.962773}",{},2874,andy-VirtualBox,False
1715,cnp_endurance_multivm_20260918T130822Z-task-0001715,correlate.synthetic,2026-09-18T14:10:47.798222+00:00,2026-09-18T14:10:47.843944+00:00,3430.047,ubuntu-beta,ok,45.783,0,"{""debian-alpha"": 0.791, ""ubuntu-beta"": 0.94486}",{},2874,andy-VirtualBox,False
1716,cnp_endurance_multivm_20260918T130822Z-task-0001716,parse.synthetic,2026-09-18T14:10:49.806035+00:00,2026-09-18T14:10:49.851692+00:00,3432.047,debian-alpha,ok,45.589,0,"{""debian-alpha"": 0.983755, ""ubuntu-beta"": 0.809}",{},2875,andy,False
1717,cnp_endurance_multivm_20260918T130822Z-task-0001717,route.synthetic,2026-09-18T14:10:51.807739+00:00,2026-09-18T14:10:51.858609+00:00,3434.063,ubuntu-beta,ok,51.246,0,"{""debian-alpha"": 0.863827, ""ubuntu-beta"": 0.986774}",{},2874,andy-VirtualBox,False
1718,cnp_endurance_multivm_20260918T130822Z-task-0001718,detect.synthetic,2026-09-18T14:10:53.798222+00:00,2026-09-18T14:10:53.852848+00:00,3436.047,ubuntu-beta,ok,54.706,0,"{""debian-alpha"": 0.785, ""ubuntu-beta"": 0.962772}",{},2874,andy-VirtualBox,False
1719,cnp_endurance_multivm_20260918T130822Z-task-0001719,correlate.synthetic,2026-09-18T14:10:55.809348+00:00,2026-09-18T14:10:55.859684+00:00,3438.063,ubuntu-beta,ok,50.232,0,"{""debian-alpha"": 0.791, ""ubuntu-beta"": 0.944861}",{},2874,andy-VirtualBox,False
1720,cnp_endurance_multivm_20260918T130822Z-task-0001720,parse.synthetic,2026-09-18T14:10:57.799563+00:00,2026-09-18T14:10:57.846653+00:00,3440.047,debian-alpha,ok,47.114,0,"{""debian-alpha"": 0.98377, ""ubuntu-beta"": 0.809}",{},2875,andy,False
1721,cnp_endurance_multivm_20260918T130822Z-task-0001721,route.synthetic,2026-09-18T14:10:59.803501+00:00,2026-09-18T14:10:59.854174+00:00,3442.047,ubuntu-beta,ok,50.961,0,"{""debian-alpha"": 0.863827, ""ubuntu-beta"": 0.986771}",{},2874,andy-VirtualBox,False
1722,cnp_endurance_multivm_20260918T130822Z-task-0001722,detect.synthetic,2026-09-18T14:11:01.794932+00:00,2026-09-18T14:11:01.839586+00:00,3444.032,ubuntu-beta,ok,44.697,0,"{""debian-alpha"": 0.785, ""ubuntu-beta"": 0.962772}",{},2874,andy-VirtualBox,False
1723,cnp_endurance_multivm_20260918T130822Z-task-0001723,correlate.synthetic,2026-09-18T14:11:03.795593+00:00,2026-09-18T14:11:03.845104+00:00,3446.047,ubuntu-beta,ok,49.678,0,"{""debian-alpha"": 0.791, ""ubuntu-beta"": 0.944865}",{},2874,andy-VirtualBox,False
1724,cnp_endurance_multivm_20260918T130822Z-task-0001724,parse.synthetic,2026-09-18T14:11:05.805938+00:00,2026-09-18T14:11:05.852966+00:00,3448.047,debian-alpha,ok,47.197,0,"{""debian-alpha"": 0.983771, ""ubuntu-beta"": 0.809}",{},2875,andy,False
1725,cnp_endurance_multivm_20260918T130822Z-task-0001725,route.synthetic,2026-09-18T14:11:07.809377+00:00,2026-09-18T14:11:07.858647+00:00,3450.063,ubuntu-beta,ok,49.26,0,"{""debian-alpha"": 0.863827, ""ubuntu-beta"": 0.986772}",{},2874,andy-VirtualBox,False
1726,cnp_endurance_multivm_20260918T130822Z-task-0001726,detect.synthetic,2026-09-18T14:11:09.798564+00:00,2026-09-18T14:11:09.846376+00:00,3452.047,ubuntu-beta,ok,47.402,0,"{""debian-alpha"": 0.785, ""ubuntu-beta"": 0.962775}",{},2874,andy-VirtualBox,False
1727,cnp_endurance_multivm_20260918T130822Z-task-0001727,correlate.synthetic,2026-09-18T14:11:11.802749+00:00,2026-09-18T14:11:11.848977+00:00,3454.047,ubuntu-beta,ok,46.531,0,"{""debian-alpha"": 0.791, ""ubuntu-beta"": 0.944865}",{},2874,andy-VirtualBox,False
1728,cnp_endurance_multivm_20260918T130822Z-task-0001728,parse.synthetic,2026-09-18T14:11:13.794915+00:00,2026-09-18T14:11:13.841825+00:00,3456.047,debian-alpha,ok,47.182,0,"{""debian-alpha"": 0.983776, ""ubuntu-beta"": 0.809}",{},2875,andy,False
1729,cnp_endurance_multivm_20260918T130822Z-task-0001729,route.synthetic,2026-09-18T14:11:15.797790+00:00,2026-09-18T14:11:15.846668+00:00,3458.047,ubuntu-beta,ok,48.842,0,"{""debian-alpha"": 0.863827, ""ubuntu-beta"": 0.986779}",{},2874,andy-VirtualBox,False
1730,cnp_endurance_multivm_20260918T130822Z-task-0001730,detect.synthetic,2026-09-18T14:11:17.803266+00:00,2026-09-18T14:11:17.865430+00:00,3460.063,ubuntu-beta,ok,62.321,0,"{""debian-alpha"": 0.785, ""ubuntu-beta"": 0.962776}",{},2874,andy-VirtualBox,False
1731,cnp_endurance_multivm_20260918T130822Z-task-0001731,correlate.synthetic,2026-09-18T14:11:19.804322+00:00,2026-09-18T14:11:19.884672+00:00,3462.079,ubuntu-beta,ok,80.119,0,"{""debian-alpha"": 0.791, ""ubuntu-beta"": 0.944868}",{},2874,andy-VirtualBox,False
1732,cnp_endurance_multivm_20260918T130822Z-task-0001732,parse.synthetic,2026-09-18T14:11:21.795765+00:00,2026-09-18T14:11:21.858978+00:00,3464.063,debian-alpha,ok,63.211,0,"{""debian-alpha"": 0.983783, ""ubuntu-beta"": 0.809}",{},2875,andy,False
1733,cnp_endurance_multivm_20260918T130822Z-task-0001733,route.synthetic,2026-09-18T14:11:23.799201+00:00,2026-09-18T14:11:23.854079+00:00,3466.047,ubuntu-beta,ok,54.978,0,"{""debian-alpha"": 0.863827, ""ubuntu-beta"": 0.986779}",{},2874,andy-VirtualBox,False
1734,cnp_endurance_multivm_20260918T130822Z-task-0001734,detect.synthetic,2026-09-18T14:11:25.809314+00:00,2026-09-18T14:11:25.861779+00:00,3468.063,ubuntu-beta,ok,52.688,0,"{""debian-alpha"": 0.785, ""ubuntu-beta"": 0.962777}",{},2874,andy-VirtualBox,False
1735,cnp_endurance_multivm_20260918T130822Z-task-0001735,correlate.synthetic,2026-09-18T14:11:27.802510+00:00,2026-09-18T14:11:27.854093+00:00,3470.047,ubuntu-beta,ok,51.977,0,"{""debian-alpha"": 0.791, ""ubuntu-beta"": 0.944861}",{},2874,andy-VirtualBox,False
1736,cnp_endurance_multivm_20260918T130822Z-task-0001736,parse.synthetic,2026-09-18T14:11:29.795585+00:00,2026-09-18T14:11:29.853204+00:00,3472.047,debian-alpha,ok,57.647,0,"{""debian-alpha"": 0.983786, ""ubuntu-beta"": 0.809}",{},2875,andy,False
1737,cnp_endurance_multivm_20260918T130822Z-task-0001737,route.synthetic,2026-09-18T14:11:31.809312+00:00,2026-09-18T14:11:31.871421+00:00,3474.063,ubuntu-beta,ok,62.137,0,"{""debian-alpha"": 0.863827, ""ubuntu-beta"": 0.986779}",{},2874,andy-VirtualBox,False
1738,cnp_endurance_multivm_20260918T130822Z-task-0001738,detect.synthetic,2026-09-18T14:11:33.795024+00:00,2026-09-18T14:11:33.849884+00:00,3476.047,ubuntu-beta,ok,55.071,0,"{""debian-alpha"": 0.785, ""ubuntu-beta"": 0.96278}",{},2874,andy-VirtualBox,False
1739,cnp_endurance_multivm_20260918T130822Z-task-0001739,correlate.synthetic,2026-09-18T14:11:35.807280+00:00,2026-09-18T14:11:35.862483+00:00,3478.063,ubuntu-beta,ok,55.021,0,"{""debian-alpha"": 0.791, ""ubuntu-beta"": 0.944864}",{},2874,andy-VirtualBox,False
1740,cnp_endurance_multivm_20260918T130822Z-task-0001740,parse.synthetic,2026-09-18T14:11:37.804299+00:00,2026-09-18T14:11:37.883601+00:00,3480.079,debian-alpha,ok,79.187,0,"{""debian-alpha"": 0.983789, ""ubuntu-beta"": 0.809}",{},2875,andy,False
1741,cnp_endurance_multivm_20260918T130822Z-task-0001741,route.synthetic,2026-09-18T14:11:39.808072+00:00,2026-09-18T14:11:39.862013+00:00,3482.063,ubuntu-beta,ok,54.141,0,"{""debian-alpha"": 0.863827, ""ubuntu-beta"": 0.986785}",{},2874,andy-VirtualBox,False
1742,cnp_endurance_multivm_20260918T130822Z-task-0001742,detect.synthetic,2026-09-18T14:11:41.801847+00:00,2026-09-18T14:11:41.853751+00:00,3484.047,ubuntu-beta,ok,52.42,0,"{""debian-alpha"": 0.785, ""ubuntu-beta"": 0.96278}",{},2874,andy-VirtualBox,False
1743,cnp_endurance_multivm_20260918T130822Z-task-0001743,correlate.synthetic,2026-09-18T14:11:43.794480+00:00,2026-09-18T14:11:43.838757+00:00,3486.032,ubuntu-beta,ok,45.133,0,"{""debian-alpha"": 0.791, ""ubuntu-beta"": 0.944874}",{},2874,andy-VirtualBox,False
1744,cnp_endurance_multivm_20260918T130822Z-task-0001744,parse.synthetic,2026-09-18T14:11:45.795547+00:00,2026-09-18T14:11:45.849496+00:00,3488.047,debian-alpha,ok,54.212,0,"{""debian-alpha"": 0.98378, ""ubuntu-beta"": 0.809}",{},2875,andy,False
1745,cnp_endurance_multivm_20260918T130822Z-task-0001745,route.synthetic,2026-09-18T14:11:47.807696+00:00,2026-09-18T14:11:47.854806+00:00,3490.047,ubuntu-beta,ok,47.315,0,"{""debian-alpha"": 0.863827, ""ubuntu-beta"": 0.986784}",{},2874,andy-VirtualBox,False
1746,cnp_endurance_multivm_20260918T130822Z-task-0001746,detect.synthetic,2026-09-18T14:11:49.795377+00:00,2026-09-18T14:11:49.843726+00:00,3492.047,ubuntu-beta,ok,49.124,0,"{""debian-alpha"": 0.785, ""ubuntu-beta"": 0.96278}",{},2874,andy-VirtualBox,False
1747,cnp_endurance_multivm_20260918T130822Z-task-0001747,correlate.synthetic,2026-09-18T14:11:51.801698+00:00,2026-09-18T14:11:51.852371+00:00,3494.047,ubuntu-beta,ok,50.625,0,"{""debian-alpha"": 0.791, ""ubuntu-beta"": 0.944877}",{},2874,andy-VirtualBox,False
1748,cnp_endurance_multivm_20260918T130822Z-task-0001748,parse.synthetic,2026-09-18T14:11:53.808774+00:00,2026-09-18T14:11:53.858811+00:00,3496.063,debian-alpha,ok,50.252,0,"{""debian-alpha"": 0.983781, ""ubuntu-beta"": 0.809}",{},2875,andy,False
1749,cnp_endurance_multivm_20260918T130822Z-task-0001749,route.synthetic,2026-09-18T14:11:55.799799+00:00,2026-09-18T14:11:55.848555+00:00,3498.047,ubuntu-beta,ok,48.819,0,"{""debian-alpha"": 0.863827, ""ubuntu-beta"": 0.986785}",{},2874,andy-VirtualBox,False
1750,cnp_endurance_multivm_20260918T130822Z-task-0001750,detect.synthetic,2026-09-18T14:11:57.804583+00:00,2026-09-18T14:11:57.857359+00:00,3500.063,ubuntu-beta,ok,52.631,0,"{""debian-alpha"": 0.785, ""ubuntu-beta"": 0.96278}",{},2874,andy-VirtualBox,False
1751,cnp_endurance_multivm_20260918T130822Z-task-0001751,correlate.synthetic,2026-09-18T14:11:59.797779+00:00,2026-09-18T14:11:59.845874+00:00,3502.047,ubuntu-beta,ok,48.205,0,"{""debian-alpha"": 0.791, ""ubuntu-beta"": 0.944878}",{},2874,andy-VirtualBox,False
1752,cnp_endurance_multivm_20260918T130822Z-task-0001752,parse.synthetic,2026-09-18T14:12:01.801652+00:00,2026-09-18T14:12:01.852659+00:00,3504.047,debian-alpha,ok,51.084,0,"{""debian-alpha"": 0.983788, ""ubuntu-beta"": 0.809}",{},2875,andy,False
1753,cnp_endurance_multivm_20260918T130822Z-task-0001753,route.synthetic,2026-09-18T14:12:03.808888+00:00,2026-09-18T14:12:03.859300+00:00,3506.063,ubuntu-beta,ok,50.71,0,"{""debian-alpha"": 0.863827, ""ubuntu-beta"": 0.98679}",{},2874,andy-VirtualBox,False
1754,cnp_endurance_multivm_20260918T130822Z-task-0001754,detect.synthetic,2026-09-18T14:12:05.800703+00:00,2026-09-18T14:12:05.852269+00:00,3508.047,ubuntu-beta,ok,51.424,0,"{""debian-alpha"": 0.785, ""ubuntu-beta"": 0.962787}",{},2874,andy-VirtualBox,False
1755,cnp_endurance_multivm_20260918T130822Z-task-0001755,correlate.synthetic,2026-09-18T14:12:07.808364+00:00,2026-09-18T14:12:07.863111+00:00,3510.063,ubuntu-beta,ok,54.916,0,"{""debian-alpha"": 0.791, ""ubuntu-beta"": 0.944882}",{},2874,andy-VirtualBox,False
1756,cnp_endurance_multivm_20260918T130822Z-task-0001756,parse.synthetic,2026-09-18T14:12:09.803694+00:00,2026-09-18T14:12:09.849410+00:00,3512.047,debian-alpha,ok,45.898,0,"{""debian-alpha"": 0.983801, ""ubuntu-beta"": 0.809}",{},2875,andy,False
1757,cnp_endurance_multivm_20260918T130822Z-task-0001757,route.synthetic,2026-09-18T14:12:11.807653+00:00,2026-09-18T14:12:11.853663+00:00,3514.047,ubuntu-beta,ok,46.351,0,"{""debian-alpha"": 0.863827, ""ubuntu-beta"": 0.986794}",{},2874,andy-VirtualBox,False
1758,cnp_endurance_multivm_20260918T130822Z-task-0001758,detect.synthetic,2026-09-18T14:12:13.809467+00:00,2026-09-18T14:12:13.871251+00:00,3516.063,ubuntu-beta,ok,62.156,0,"{""debian-alpha"": 0.785, ""ubuntu-beta"": 0.962787}",{},2874,andy-VirtualBox,False
1759,cnp_endurance_multivm_20260918T130822Z-task-0001759,correlate.synthetic,2026-09-18T14:12:15.796801+00:00,2026-09-18T14:12:15.851394+00:00,3518.047,ubuntu-beta,ok,54.534,0,"{""debian-alpha"": 0.791, ""ubuntu-beta"": 0.94488}",{},2874,andy-VirtualBox,False
1760,cnp_endurance_multivm_20260918T130822Z-task-0001760,parse.synthetic,2026-09-18T14:12:17.808528+00:00,2026-09-18T14:12:17.856540+00:00,3520.047,debian-alpha,ok,48.011,0,"{""debian-alpha"": 0.983802, ""ubuntu-beta"": 0.809}",{},2875,andy,False
1761,cnp_endurance_multivm_20260918T130822Z-task-0001761,route.synthetic,2026-09-18T14:12:19.796119+00:00,2026-09-18T14:12:19.852387+00:00,3522.047,ubuntu-beta,ok,56.028,0,"{""debian-alpha"": 0.863827, ""ubuntu-beta"": 0.986813}",{},2874,andy-VirtualBox,False
1762,cnp_endurance_multivm_20260918T130822Z-task-0001762,detect.synthetic,2026-09-18T14:12:21.808683+00:00,2026-09-18T14:12:21.858720+00:00,3524.063,ubuntu-beta,ok,50.105,0,"{""debian-alpha"": 0.785, ""ubuntu-beta"": 0.962785}",{},2874,andy-VirtualBox,False
1763,cnp_endurance_multivm_20260918T130822Z-task-0001763,correlate.synthetic,2026-09-18T14:12:23.799492+00:00,2026-09-18T14:12:23.846084+00:00,3526.047,ubuntu-beta,ok,46.813,0,"{""debian-alpha"": 0.791, ""ubuntu-beta"": 0.944881}",{},2874,andy-VirtualBox,False
1764,cnp_endurance_multivm_20260918T130822Z-task-0001764,parse.synthetic,2026-09-18T14:12:25.802367+00:00,2026-09-18T14:12:25.847102+00:00,3528.047,debian-alpha,ok,44.628,0,"{""debian-alpha"": 0.983803, ""ubuntu-beta"": 0.809}",{},2875,andy,False
1765,cnp_endurance_multivm_20260918T130822Z-task-0001765,route.synthetic,2026-09-18T14:12:27.803845+00:00,2026-09-18T14:12:27.853304+00:00,3530.047,ubuntu-beta,ok,49.742,0,"{""debian-alpha"": 0.863827, ""ubuntu-beta"": 0.986814}",{},2874,andy-VirtualBox,False
1766,cnp_endurance_multivm_20260918T130822Z-task-0001766,detect.synthetic,2026-09-18T14:12:29.809564+00:00,2026-09-18T14:12:29.860492+00:00,3532.063,ubuntu-beta,ok,51.292,0,"{""debian-alpha"": 0.785, ""ubuntu-beta"": 0.962787}",{},2874,andy-VirtualBox,False
1767,cnp_endurance_multivm_20260918T130822Z-task-0001767,correlate.synthetic,2026-09-18T14:12:31.801012+00:00,2026-09-18T14:12:31.850723+00:00,3534.047,ubuntu-beta,ok,49.903,0,"{""debian-alpha"": 0.791, ""ubuntu-beta"": 0.944884}",{},2874,andy-VirtualBox,False
1768,cnp_endurance_multivm_20260918T130822Z-task-0001768,parse.synthetic,2026-09-18T14:12:33.808947+00:00,2026-09-18T14:12:33.855694+00:00,3536.047,debian-alpha,ok,47.162,0,"{""debian-alpha"": 0.983808, ""ubuntu-beta"": 0.809}",{},2875,andy,False
1769,cnp_endurance_multivm_20260918T130822Z-task-0001769,route.synthetic,2026-09-18T14:12:35.796002+00:00,2026-09-18T14:12:35.846257+00:00,3538.047,ubuntu-beta,ok,50.441,0,"{""debian-alpha"": 0.863827, ""ubuntu-beta"": 0.986818}",{},2874,andy-VirtualBox,False
1770,cnp_endurance_multivm_20260918T130822Z-task-0001770,detect.synthetic,2026-09-18T14:12:37.802570+00:00,2026-09-18T14:12:37.852610+00:00,3540.047,ubuntu-beta,ok,49.887,0,"{""debian-alpha"": 0.785, ""ubuntu-beta"": 0.96279}",{},2874,andy-VirtualBox,False
1771,cnp_endurance_multivm_20260918T130822Z-task-0001771,correlate.synthetic,2026-09-18T14:12:39.809726+00:00,2026-09-18T14:12:39.876669+00:00,3542.079,ubuntu-beta,ok,67.054,0,"{""debian-alpha"": 0.791, ""ubuntu-beta"": 0.944885}",{},2874,andy-VirtualBox,False
1772,cnp_endurance_multivm_20260918T130822Z-task-0001772,parse.synthetic,2026-09-18T14:12:41.801011+00:00,2026-09-18T14:12:41.851997+00:00,3544.047,debian-alpha,ok,51.31,0,"{""debian-alpha"": 0.98381, ""ubuntu-beta"": 0.809}",{},2875,andy,False
1773,cnp_endurance_multivm_20260918T130822Z-task-0001773,route.synthetic,2026-09-18T14:12:43.809627+00:00,2026-09-18T14:12:43.864271+00:00,3546.063,ubuntu-beta,ok,54.736,0,"{""debian-alpha"": 0.863827, ""ubuntu-beta"": 0.986821}",{},2874,andy-VirtualBox,False
1774,cnp_endurance_multivm_20260918T130822Z-task-0001774,detect.synthetic,2026-09-18T14:12:45.805314+00:00,2026-09-18T14:12:45.883179+00:00,3548.079,ubuntu-beta,ok,77.537,0,"{""debian-alpha"": 0.785, ""ubuntu-beta"": 0.962792}",{},2874,andy-VirtualBox,False
1775,cnp_endurance_multivm_20260918T130822Z-task-0001775,correlate.synthetic,2026-09-18T14:12:47.808339+00:00,2026-09-18T14:12:47.853260+00:00,3550.047,ubuntu-beta,ok,45.09,0,"{""debian-alpha"": 0.791, ""ubuntu-beta"": 0.944882}",{},2874,andy-VirtualBox,False
1776,cnp_endurance_multivm_20260918T130822Z-task-0001776,parse.synthetic,2026-09-18T14:12:49.809974+00:00,2026-09-18T14:12:50.107175+00:00,3552.313,debian-alpha,ok,297.073,0,"{""debian-alpha"": 0.983808, ""ubuntu-beta"": 0.809}",{},2875,andy,False
1777,cnp_endurance_multivm_20260918T130822Z-task-0001777,route.synthetic,2026-09-18T14:12:51.796871+00:00,2026-09-18T14:12:51.846645+00:00,3554.047,ubuntu-beta,ok,49.896,0,"{""debian-alpha"": 0.863827, ""ubuntu-beta"": 0.986821}",{},2874,andy-VirtualBox,False
1778,cnp_endurance_multivm_20260918T130822Z-task-0001778,detect.synthetic,2026-09-18T14:12:53.803649+00:00,2026-09-18T14:12:53.849619+00:00,3556.047,ubuntu-beta,ok,46.166,0,"{""debian-alpha"": 0.785, ""ubuntu-beta"": 0.962785}",{},2874,andy-VirtualBox,False
1779,cnp_endurance_multivm_20260918T130822Z-task-0001779,correlate.synthetic,2026-09-18T14:12:55.809213+00:00,2026-09-18T14:12:55.861178+00:00,3558.063,ubuntu-beta,ok,51.946,0,"{""debian-alpha"": 0.791, ""ubuntu-beta"": 0.944882}",{},2874,andy-VirtualBox,False
1780,cnp_endurance_multivm_20260918T130822Z-task-0001780,parse.synthetic,2026-09-18T14:12:57.801380+00:00,2026-09-18T14:12:57.850374+00:00,3560.047,debian-alpha,ok,49.049,0,"{""debian-alpha"": 0.983796, ""ubuntu-beta"": 0.809}",{},2875,andy,False
1781,cnp_endurance_multivm_20260918T130822Z-task-0001781,route.synthetic,2026-09-18T14:12:59.806534+00:00,2026-09-18T14:12:59.851844+00:00,3562.047,ubuntu-beta,ok,45.349,0,"{""debian-alpha"": 0.863827, ""ubuntu-beta"": 0.986822}",{},2874,andy-VirtualBox,False
1782,cnp_endurance_multivm_20260918T130822Z-task-0001782,detect.synthetic,2026-09-18T14:13:01.808573+00:00,2026-09-18T14:13:01.858668+00:00,3564.063,ubuntu-beta,ok,50.213,0,"{""debian-alpha"": 0.785, ""ubuntu-beta"": 0.962788}",{},2874,andy-VirtualBox,False
1783,cnp_endurance_multivm_20260918T130822Z-task-0001783,correlate.synthetic,2026-09-18T14:13:03.798250+00:00,2026-09-18T14:13:03.847970+00:00,3566.047,ubuntu-beta,ok,50.122,0,"{""debian-alpha"": 0.791, ""ubuntu-beta"": 0.944882}",{},2874,andy-VirtualBox,False
1784,cnp_endurance_multivm_20260918T130822Z-task-0001784,parse.synthetic,2026-09-18T14:13:05.805176+00:00,2026-09-18T14:13:05.851149+00:00,3568.047,debian-alpha,ok,46.187,0,"{""debian-alpha"": 0.983804, ""ubuntu-beta"": 0.809}",{},2875,andy,False
1785,cnp_endurance_multivm_20260918T130822Z-task-0001785,route.synthetic,2026-09-18T14:13:07.807610+00:00,2026-09-18T14:13:07.861291+00:00,3570.063,ubuntu-beta,ok,53.515,0,"{""debian-alpha"": 0.863827, ""ubuntu-beta"": 0.986825}",{},2874,andy-VirtualBox,False
1786,cnp_endurance_multivm_20260918T130822Z-task-0001786,detect.synthetic,2026-09-18T14:13:09.801694+00:00,2026-09-18T14:13:09.864061+00:00,3572.063,ubuntu-beta,ok,62.474,0,"{""debian-alpha"": 0.785, ""ubuntu-beta"": 0.962797}",{},2874,andy-VirtualBox,False
1787,cnp_endurance_multivm_20260918T130822Z-task-0001787,correlate.synthetic,2026-09-18T14:13:11.805041+00:00,2026-09-18T14:13:11.862519+00:00,3574.063,ubuntu-beta,ok,57.818,0,"{""debian-alpha"": 0.791, ""ubuntu-beta"": 0.944891}",{},2874,andy-VirtualBox,False
1788,cnp_endurance_multivm_20260918T130822Z-task-0001788,parse.synthetic,2026-09-18T14:13:13.802984+00:00,2026-09-18T14:13:13.858664+00:00,3576.063,debian-alpha,ok,55.919,0,"{""debian-alpha"": 0.983815, ""ubuntu-beta"": 0.809}",{},2875,andy,False
1789,cnp_endurance_multivm_20260918T130822Z-task-0001789,route.synthetic,2026-09-18T14:13:15.798755+00:00,2026-09-18T14:13:15.862074+00:00,3578.063,ubuntu-beta,ok,63.331,0,"{""debian-alpha"": 0.863827, ""ubuntu-beta"": 0.986826}",{},2874,andy-VirtualBox,False
1790,cnp_endurance_multivm_20260918T130822Z-task-0001790,detect.synthetic,2026-09-18T14:13:17.807617+00:00,2026-09-18T14:13:17.864782+00:00,3580.063,ubuntu-beta,ok,57.009,0,"{""debian-alpha"": 0.785, ""ubuntu-beta"": 0.962809}",{},2874,andy-VirtualBox,False
1791,cnp_endurance_multivm_20260918T130822Z-task-0001791,correlate.synthetic,2026-09-18T14:13:19.805284+00:00,2026-09-18T14:13:19.859889+00:00,3582.063,ubuntu-beta,ok,54.496,0,"{""debian-alpha"": 0.791, ""ubuntu-beta"": 0.944894}",{},2874,andy-VirtualBox,False
1792,cnp_endurance_multivm_20260918T130822Z-task-0001792,parse.synthetic,2026-09-18T14:13:21.799010+00:00,2026-09-18T14:13:21.844267+00:00,3584.047,debian-alpha,ok,45.362,0,"{""debian-alpha"": 0.983815, ""ubuntu-beta"": 0.809}",{},2875,andy,False
1793,cnp_endurance_multivm_20260918T130822Z-task-0001793,route.synthetic,2026-09-18T14:13:23.800195+00:00,2026-09-18T14:13:23.849242+00:00,3586.047,ubuntu-beta,ok,49.121,0,"{""debian-alpha"": 0.863827, ""ubuntu-beta"": 0.986815}",{},2874,andy-VirtualBox,False
1794,cnp_endurance_multivm_20260918T130822Z-task-0001794,detect.synthetic,2026-09-18T14:13:25.805067+00:00,2026-09-18T14:13:25.856917+00:00,3588.063,ubuntu-beta,ok,51.946,0,"{""debian-alpha"": 0.785, ""ubuntu-beta"": 0.962812}",{},2874,andy-VirtualBox,False
1795,cnp_endurance_multivm_20260918T130822Z-task-0001795,correlate.synthetic,2026-09-18T14:13:27.796668+00:00,2026-09-18T14:13:27.849199+00:00,3590.047,ubuntu-beta,ok,52.787,0,"{""debian-alpha"": 0.791, ""ubuntu-beta"": 0.944889}",{},2874,andy-VirtualBox,False
1796,cnp_endurance_multivm_20260918T130822Z-task-0001796,parse.synthetic,2026-09-18T14:13:29.805703+00:00,2026-09-18T14:13:29.850390+00:00,3592.047,debian-alpha,ok,44.619,0,"{""debian-alpha"": 0.983813, ""ubuntu-beta"": 0.809}",{},2875,andy,False
1797,cnp_endurance_multivm_20260918T130822Z-task-0001797,route.synthetic,2026-09-18T14:13:31.806659+00:00,2026-09-18T14:13:31.857326+00:00,3594.063,ubuntu-beta,ok,50.552,0,"{""debian-alpha"": 0.863827, ""ubuntu-beta"": 0.98682}",{},2874,andy-VirtualBox,False
1798,cnp_endurance_multivm_20260918T130822Z-task-0001798,detect.synthetic,2026-09-18T14:13:33.797192+00:00,2026-09-18T14:13:33.846883+00:00,3596.047,ubuntu-beta,ok,50.077,0,"{""debian-alpha"": 0.785, ""ubuntu-beta"": 0.962813}",{},2874,andy-VirtualBox,False
1799,cnp_endurance_multivm_20260918T130822Z-task-0001799,correlate.synthetic,2026-09-18T14:13:35.803456+00:00,2026-09-18T14:13:35.851856+00:00,3598.047,ubuntu-beta,ok,48.442,0,"{""debian-alpha"": 0.791, ""ubuntu-beta"": 0.944889}",{},2874,andy-VirtualBox,False
1800,cnp_endurance_multivm_20260918T130822Z-controlled-crash,parse.synthetic,2026-09-18T14:13:42.889477+00:00,2026-09-18T14:13:42.889477+00:00,3605.094,ubuntu-beta,ok,5060.317,1,"{""debian-alpha"": 0.983816, ""ubuntu-beta"": 0.809}",{},2875,andy,True
