end_to_end_run_id,source_id,unit_index,task_id,contract_id,agent_id,model,routed_model,route_family,status,latency_sec,parsed,normalized,routed,detected,is_anomaly,fallback,proposals,proposal_utilities_json,refusals,refusal_reasons_json,reassignments,error
multisource_cnp_20260910T095810Z,windows_event,1,bd1b4298f3174cd2b6f752fcb3ddd757,f03c8d6a4ea348618d76db0c9b9b26e4,agent-system,e2e_lightweight_candidate_rule_v1,models/isolation_forest_windows_local.joblib,windows,ok,0.094107,True,True,True,True,0,False,2,"{""agent-security"": 0.842, ""agent-system"": 0.857}",1,"{""agent-network"": ""capability_missing""}",0,
multisource_cnp_20260910T095810Z,windows_event,2,8ed9f7ab78434858a2a67b577a9c511c,86bfa9188d9644e7bf0fc054b516d462,agent-system,e2e_lightweight_candidate_rule_v1,models/isolation_forest_windows_local.joblib,windows,ok,0.063757,True,True,True,True,0,False,2,"{""agent-security"": 0.842, ""agent-system"": 0.911121}",1,"{""agent-network"": ""capability_missing""}",0,
multisource_cnp_20260910T095810Z,windows_event,3,6b8a58de137840e69cf132c55c211db7,4aaadd56e22e47cfba1ee8caec155e36,agent-system,e2e_lightweight_candidate_rule_v1,models/isolation_forest_windows_local.joblib,windows,ok,0.060601,True,True,True,True,0,False,2,"{""agent-security"": 0.842, ""agent-system"": 0.928415}",1,"{""agent-network"": ""capability_missing""}",0,
multisource_cnp_20260910T095810Z,windows_event,4,c7db274f77c1426e884bf1b4f83bb1fe,3b2a64f192764cbc8cb7cf1f27ed8915,agent-system,e2e_lightweight_candidate_rule_v1,models/isolation_forest_windows_local.joblib,windows,ok,0.067659,True,True,True,True,0,False,2,"{""agent-security"": 0.842, ""agent-system"": 0.938678}",1,"{""agent-network"": ""capability_missing""}",0,
multisource_cnp_20260910T095810Z,windows_event,5,18ada462b6ae402785cc6875003c9191,e4ee680d398948c4ad5cfd12f686057b,agent-system,e2e_lightweight_candidate_rule_v1,models/isolation_forest_windows_local.joblib,windows,ok,0.051627,True,True,True,True,0,False,2,"{""agent-security"": 0.842, ""agent-system"": 0.945396}",1,"{""agent-network"": ""capability_missing""}",0,
multisource_cnp_20260910T095810Z,windows_event,6,e593c4f32c9646649b69932003b1d494,99fb46e173f4431ea3c763cab5c6accd,agent-system,e2e_lightweight_candidate_rule_v1,models/isolation_forest_windows_local.joblib,windows,ok,0.090712,True,True,True,True,0,False,2,"{""agent-security"": 0.842, ""agent-system"": 0.950333}",1,"{""agent-network"": ""capability_missing""}",0,
multisource_cnp_20260910T095810Z,windows_event,7,3dffb8041c394b47acf5d350dc40addc,c91328965ddd4edd9626f00ff49dfc75,agent-system,e2e_lightweight_candidate_rule_v1,models/isolation_forest_windows_local.joblib,windows,ok,0.065879,True,True,True,True,0,False,2,"{""agent-security"": 0.842, ""agent-system"": 0.953736}",1,"{""agent-network"": ""capability_missing""}",0,
multisource_cnp_20260910T095810Z,windows_event,8,6360f70d1eb74a99a22846b4a09398cb,b1b054262a404ea68ca9f4606dc5c91a,agent-system,e2e_lightweight_candidate_rule_v1,models/isolation_forest_windows_local.joblib,windows,ok,0.099707,True,True,True,True,0,False,2,"{""agent-security"": 0.842, ""agent-system"": 0.956555}",1,"{""agent-network"": ""capability_missing""}",0,
multisource_cnp_20260910T095810Z,windows_event,9,b5061d29bf89452ba1c0652690024f71,561092f1bae948ea9864df56a095d0b2,agent-system,e2e_lightweight_candidate_rule_v1,models/isolation_forest_windows_local.joblib,windows,ok,0.089207,True,True,True,True,0,False,2,"{""agent-security"": 0.842, ""agent-system"": 0.958625}",1,"{""agent-network"": ""capability_missing""}",0,
multisource_cnp_20260910T095810Z,windows_event,10,4729d13fef2c4b0fa6076c3fb9116b74,f5aab2a8e2f1431da4a5803074215380,agent-system,e2e_lightweight_candidate_rule_v1,models/isolation_forest_windows_local.joblib,windows,ok,0.073028,True,True,True,True,0,False,2,"{""agent-security"": 0.842, ""agent-system"": 0.960377}",1,"{""agent-network"": ""capability_missing""}",0,
multisource_cnp_20260910T095810Z,windows_event,11,f28b2046e94e48358e7a4e049dc171d3,68ffa46707604702b7b451a0f6747b88,agent-system,e2e_lightweight_candidate_rule_v1,models/isolation_forest_windows_local.joblib,windows,ok,0.060928,True,True,True,True,0,False,2,"{""agent-security"": 0.842, ""agent-system"": 0.961904}",1,"{""agent-network"": ""capability_missing""}",0,
multisource_cnp_20260910T095810Z,windows_event,12,a99500c4cd0145808647ac9435ac4190,bf32459093bf40749d7375c27117b76f,agent-system,e2e_lightweight_candidate_rule_v1,models/isolation_forest_windows_local.joblib,windows,ok,0.064654,True,True,True,True,0,False,2,"{""agent-security"": 0.842, ""agent-system"": 0.963247}",1,"{""agent-network"": ""capability_missing""}",0,
multisource_cnp_20260910T095810Z,windows_event,13,7d0b8efb836e48c1a17b5af32cdb4e0a,4b87c1c173a249669ed375f72a96f74f,agent-system,e2e_lightweight_candidate_rule_v1,models/isolation_forest_windows_local.joblib,windows,ok,0.059276,True,True,True,True,0,False,2,"{""agent-security"": 0.842, ""agent-system"": 0.964379}",1,"{""agent-network"": ""capability_missing""}",0,
multisource_cnp_20260910T095810Z,windows_event,14,d727c2162af7423e866a7649a2b058f3,fcf8a9242eee4a77a437be60fff0a5bb,agent-system,e2e_lightweight_candidate_rule_v1,models/isolation_forest_windows_local.joblib,windows,ok,0.067388,True,True,True,True,0,False,2,"{""agent-security"": 0.842, ""agent-system"": 0.965377}",1,"{""agent-network"": ""capability_missing""}",0,
multisource_cnp_20260910T095810Z,windows_event,15,394af30721334521a2d8d295e7c1e9eb,7f6d2714a6544bb48706e0f039c22c19,agent-system,e2e_lightweight_candidate_rule_v1,models/isolation_forest_windows_local.joblib,windows,ok,0.052137,True,True,True,True,0,False,2,"{""agent-security"": 0.842, ""agent-system"": 0.966225}",1,"{""agent-network"": ""capability_missing""}",0,
multisource_cnp_20260910T095810Z,windows_event,16,51e1a0c82c69405abb02879d5a041fbe,18d8df01cadf423d9f5b10286c676a07,agent-system,e2e_lightweight_candidate_rule_v1,models/isolation_forest_windows_local.joblib,windows,ok,0.053627,True,True,True,True,0,False,2,"{""agent-security"": 0.842, ""agent-system"": 0.967017}",1,"{""agent-network"": ""capability_missing""}",0,
multisource_cnp_20260910T095810Z,windows_event,17,db509f9d2d314955b24814b88a7f3eaa,38b69d812f2044a99ba5b0b418ca8798,agent-system,e2e_lightweight_candidate_rule_v1,models/isolation_forest_windows_local.joblib,windows,ok,0.041718,True,True,True,True,0,False,2,"{""agent-security"": 0.842, ""agent-system"": 0.967718}",1,"{""agent-network"": ""capability_missing""}",0,
multisource_cnp_20260910T095810Z,windows_event,18,c251dd4203654717a01ca07ed284cacd,88b659225b454819a2e3d04f9d1f1414,agent-system,e2e_lightweight_candidate_rule_v1,models/isolation_forest_windows_local.joblib,windows,ok,0.063733,True,True,True,True,0,False,2,"{""agent-security"": 0.842, ""agent-system"": 0.968374}",1,"{""agent-network"": ""capability_missing""}",0,
multisource_cnp_20260910T095810Z,windows_event,19,7f3e72fd3cf04b62bd0639520a76ef0a,ef6d6266f16143218d3b3aeb2db5635a,agent-system,e2e_lightweight_candidate_rule_v1,models/isolation_forest_windows_local.joblib,windows,ok,0.119167,True,True,True,True,0,False,2,"{""agent-security"": 0.842, ""agent-system"": 0.968908}",1,"{""agent-network"": ""capability_missing""}",0,
multisource_cnp_20260910T095810Z,windows_event,20,592d8ba3a88f4c70b7b6dcf903620887,86b1e3e96f614764885fea405f2b653c,agent-system,e2e_lightweight_candidate_rule_v1,models/isolation_forest_windows_local.joblib,windows,ok,0.26791,True,True,True,True,0,False,2,"{""agent-security"": 0.842, ""agent-system"": 0.969282}",1,"{""agent-network"": ""capability_missing""}",0,
multisource_cnp_20260910T095810Z,windows_event,21,3902bf5a0a86456c960ee72dcab6aa23,0738546c9b8f4350beaf65d0815812f7,agent-system,e2e_lightweight_candidate_rule_v1,models/isolation_forest_windows_local.joblib,windows,ok,0.203494,True,True,True,True,0,False,2,"{""agent-security"": 0.842, ""agent-system"": 0.969304}",1,"{""agent-network"": ""capability_missing""}",0,
multisource_cnp_20260910T095810Z,windows_event,22,a26faf9907064414932c234818f0888b,52cab663482a4c8c8eb48224910372ca,agent-system,e2e_lightweight_candidate_rule_v1,models/isolation_forest_windows_local.joblib,windows,ok,0.135848,True,True,True,True,0,False,2,"{""agent-security"": 0.842, ""agent-system"": 0.96945}",1,"{""agent-network"": ""capability_missing""}",0,
multisource_cnp_20260910T095810Z,windows_event,23,a6ee783af0be471685bdcc9f6f77772e,4e53c6cd20ea4a1bbe94bf468ff6061e,agent-system,e2e_lightweight_candidate_rule_v1,models/isolation_forest_windows_local.joblib,windows,ok,0.103385,True,True,True,True,0,False,2,"{""agent-security"": 0.842, ""agent-system"": 0.96972}",1,"{""agent-network"": ""capability_missing""}",0,
multisource_cnp_20260910T095810Z,windows_event,24,9c625e6e373a45858d02e8ff25a84ddd,a6a9bae5b61c49bf90e43ddc415e8330,agent-system,e2e_lightweight_candidate_rule_v1,models/isolation_forest_windows_local.joblib,windows,ok,0.176866,True,True,True,True,0,False,2,"{""agent-security"": 0.842, ""agent-system"": 0.970027}",1,"{""agent-network"": ""capability_missing""}",0,
multisource_cnp_20260910T095810Z,windows_event,25,1faaa8a0dd584cbe8029131bf8dbca58,cac17f849c3f45f88bc941760244c6b6,agent-system,e2e_lightweight_candidate_rule_v1,models/isolation_forest_windows_local.joblib,windows,ok,0.129616,True,True,True,True,0,False,2,"{""agent-security"": 0.842, ""agent-system"": 0.97018}",1,"{""agent-network"": ""capability_missing""}",0,
multisource_cnp_20260910T095810Z,windows_event,26,6120163e78bc4b20a5a4fa7af9fb7d37,bd4c06051438418eab1baad5223dc2f0,agent-system,e2e_lightweight_candidate_rule_v1,models/isolation_forest_windows_local.joblib,windows,ok,0.131198,True,True,True,True,0,False,2,"{""agent-security"": 0.842, ""agent-system"": 0.97041}",1,"{""agent-network"": ""capability_missing""}",0,
multisource_cnp_20260910T095810Z,windows_event,27,3b5ceefd20f1477cbef766a15d168226,c47e2c2b7df44c78858978c156b79e65,agent-system,e2e_lightweight_candidate_rule_v1,models/isolation_forest_windows_local.joblib,windows,ok,0.180139,True,True,True,True,0,False,2,"{""agent-security"": 0.842, ""agent-system"": 0.970617}",1,"{""agent-network"": ""capability_missing""}",0,
multisource_cnp_20260910T095810Z,windows_event,28,b513319fd6274501ad779542a53d00e6,2c8b0987435e4bdca06c5afacccbb72a,agent-system,e2e_lightweight_candidate_rule_v1,models/isolation_forest_windows_local.joblib,windows,ok,0.213602,True,True,True,True,0,False,2,"{""agent-security"": 0.842, ""agent-system"": 0.97074}",1,"{""agent-network"": ""capability_missing""}",0,
multisource_cnp_20260910T095810Z,windows_event,29,825f9ac7ecef41b09d68836a74aa4506,ae7ccf10c0af4e349c0dcbde2dc6f74c,agent-system,e2e_lightweight_candidate_rule_v1,models/isolation_forest_windows_local.joblib,windows,ok,0.159813,True,True,True,True,0,False,2,"{""agent-security"": 0.842, ""agent-system"": 0.970811}",1,"{""agent-network"": ""capability_missing""}",0,
multisource_cnp_20260910T095810Z,windows_event,30,d88ebfb5766d45dea62ae933030a2d65,cc1d42cd327b45f8b8a4e1e4d5a5f5ac,agent-system,e2e_lightweight_candidate_rule_v1,models/isolation_forest_windows_local.joblib,windows,ok,0.214514,True,True,True,True,0,False,2,"{""agent-security"": 0.842, ""agent-system"": 0.970945}",1,"{""agent-network"": ""capability_missing""}",0,
multisource_cnp_20260910T095810Z,windows_event,31,10b2895863064f16a2d79f3fc42d5667,b0590a9cc0794f1b9f0fe850a88a6745,agent-system,e2e_lightweight_candidate_rule_v1,models/isolation_forest_windows_local.joblib,windows,ok,0.195331,True,True,True,True,0,False,2,"{""agent-security"": 0.842, ""agent-system"": 0.971003}",1,"{""agent-network"": ""capability_missing""}",0,
multisource_cnp_20260910T095810Z,windows_event,32,4d194bb0d1ea44d298e2cbd1d9c24cd9,cb351d151e934963a8d66f908357101e,agent-system,e2e_lightweight_candidate_rule_v1,models/isolation_forest_windows_local.joblib,windows,ok,0.239885,True,True,True,True,0,False,2,"{""agent-security"": 0.842, ""agent-system"": 0.971079}",1,"{""agent-network"": ""capability_missing""}",0,
multisource_cnp_20260910T095810Z,windows_event,33,03758431295e4b6c8a2763bc607c2dc5,3088bf1f88ea4fdeb76aba5c1db4d838,agent-system,e2e_lightweight_candidate_rule_v1,models/isolation_forest_windows_local.joblib,windows,ok,0.176703,True,True,True,True,0,False,2,"{""agent-security"": 0.842, ""agent-system"": 0.971093}",1,"{""agent-network"": ""capability_missing""}",0,
multisource_cnp_20260910T095810Z,windows_event,34,62745dc330f94fb2b8d4aca69004a564,724971b9e39d4075ad2f706ca746bf26,agent-system,e2e_lightweight_candidate_rule_v1,models/isolation_forest_windows_local.joblib,windows,ok,0.237042,True,True,True,True,0,False,2,"{""agent-security"": 0.842, ""agent-system"": 0.971185}",1,"{""agent-network"": ""capability_missing""}",0,
multisource_cnp_20260910T095810Z,windows_event,35,ce986359c82f40f8ad973128d234da0c,7bbd048f88a9443f9481565fed152eed,agent-system,e2e_lightweight_candidate_rule_v1,models/isolation_forest_windows_local.joblib,windows,ok,0.172449,True,True,True,True,0,False,2,"{""agent-security"": 0.842, ""agent-system"": 0.971202}",1,"{""agent-network"": ""capability_missing""}",0,
multisource_cnp_20260910T095810Z,windows_event,36,2aa48bd1b9e141e3be77a385e0ae1b78,447285e77d3e403b8a0bfcbd869fb40e,agent-system,e2e_lightweight_candidate_rule_v1,models/isolation_forest_windows_local.joblib,windows,ok,0.154187,True,True,True,True,0,False,2,"{""agent-security"": 0.842, ""agent-system"": 0.971294}",1,"{""agent-network"": ""capability_missing""}",0,
multisource_cnp_20260910T095810Z,windows_event,37,98fff41696694a77a5cbc8c3db4744be,c095d26dd80a4723accd3f23a04dfb8e,agent-system,e2e_lightweight_candidate_rule_v1,models/isolation_forest_windows_local.joblib,windows,ok,0.09491,True,True,True,True,0,False,2,"{""agent-security"": 0.842, ""agent-system"": 0.971402}",1,"{""agent-network"": ""capability_missing""}",0,
multisource_cnp_20260910T095810Z,windows_event,38,0b8f48bb964f473189b16d19ea5487f9,789d890cb1804f489191b80860cf9b45,agent-system,e2e_lightweight_candidate_rule_v1,models/isolation_forest_windows_local.joblib,windows,ok,0.077396,True,True,True,True,0,False,2,"{""agent-security"": 0.842, ""agent-system"": 0.971566}",1,"{""agent-network"": ""capability_missing""}",0,
multisource_cnp_20260910T095810Z,windows_event,39,1d78ece2f4c54380ab03d800577b1e62,a4c84043570e49ca9787d8968bdb072e,agent-system,e2e_lightweight_candidate_rule_v1,models/isolation_forest_windows_local.joblib,windows,ok,0.10666,True,True,True,True,0,False,2,"{""agent-security"": 0.842, ""agent-system"": 0.971741}",1,"{""agent-network"": ""capability_missing""}",0,
multisource_cnp_20260910T095810Z,windows_event,40,5f7a57f8e9f4488681c561e82c17cb18,d456b4f98689434ea58dfa09adfe254a,agent-system,e2e_lightweight_candidate_rule_v1,models/isolation_forest_windows_local.joblib,windows,ok,0.123139,True,True,True,True,0,False,2,"{""agent-security"": 0.842, ""agent-system"": 0.971877}",1,"{""agent-network"": ""capability_missing""}",0,
multisource_cnp_20260910T095810Z,windows_event,41,bdb56a31941b489ba0928218ceced48f,ecce546ad7a4425d81517246568b72ea,agent-system,e2e_lightweight_candidate_rule_v1,models/isolation_forest_windows_local.joblib,windows,ok,0.089926,True,True,True,True,0,False,2,"{""agent-security"": 0.842, ""agent-system"": 0.971991}",1,"{""agent-network"": ""capability_missing""}",0,
multisource_cnp_20260910T095810Z,windows_event,42,781979044d3c46e898ce39ef65c4c511,aacdedb6eb7046bcac1a2ffc6c772b18,agent-system,e2e_lightweight_candidate_rule_v1,models/isolation_forest_windows_local.joblib,windows,ok,0.099939,True,True,True,True,0,False,2,"{""agent-security"": 0.842, ""agent-system"": 0.972132}",1,"{""agent-network"": ""capability_missing""}",0,
multisource_cnp_20260910T095810Z,windows_event,43,0777ddf4febf4bbfac2a78629685bb25,97bdd84a06f5460ab7d03b908915bb50,agent-system,e2e_lightweight_candidate_rule_v1,models/isolation_forest_windows_local.joblib,windows,ok,0.331982,True,True,True,True,0,False,2,"{""agent-security"": 0.842, ""agent-system"": 0.972256}",1,"{""agent-network"": ""capability_missing""}",0,
multisource_cnp_20260910T095810Z,windows_event,44,624de47dc19f49349b619bf96a9015c1,42543fcea714449a8bd3f6f4105a1a44,agent-system,e2e_lightweight_candidate_rule_v1,models/isolation_forest_windows_local.joblib,windows,ok,0.18562,True,True,True,True,0,False,2,"{""agent-security"": 0.842, ""agent-system"": 0.972159}",1,"{""agent-network"": ""capability_missing""}",0,
multisource_cnp_20260910T095810Z,windows_event,45,9d0469eab78a408ebde8d6d619534e6e,982e9bc36d8d43f78dd20e7a9321d28b,agent-system,e2e_lightweight_candidate_rule_v1,models/isolation_forest_windows_local.joblib,windows,ok,0.082767,True,True,True,True,0,False,2,"{""agent-security"": 0.842, ""agent-system"": 0.972199}",1,"{""agent-network"": ""capability_missing""}",0,
multisource_cnp_20260910T095810Z,windows_event,46,1934929228ab4f249217bdd703a5f7a1,fc22f2374ff5428c9c9acc06e712c83f,agent-system,e2e_lightweight_candidate_rule_v1,models/isolation_forest_windows_local.joblib,windows,ok,0.124194,True,True,True,True,0,False,2,"{""agent-security"": 0.842, ""agent-system"": 0.972328}",1,"{""agent-network"": ""capability_missing""}",0,
multisource_cnp_20260910T095810Z,windows_event,47,32d4af7cdee74bc5bf4b476c1b57a785,daf48414129b4d5f912dc1af2352abbf,agent-system,e2e_lightweight_candidate_rule_v1,models/isolation_forest_windows_local.joblib,windows,ok,0.258265,True,True,True,True,0,False,2,"{""agent-security"": 0.842, ""agent-system"": 0.972417}",1,"{""agent-network"": ""capability_missing""}",0,
multisource_cnp_20260910T095810Z,windows_event,48,50a454770ad74c72b45a7d00919f4791,fbbc14668dd5410aac613f458db570ad,agent-system,e2e_lightweight_candidate_rule_v1,models/isolation_forest_windows_local.joblib,windows,ok,0.257993,True,True,True,True,0,False,2,"{""agent-security"": 0.842, ""agent-system"": 0.972394}",1,"{""agent-network"": ""capability_missing""}",0,
multisource_cnp_20260910T095810Z,windows_event,49,caa1396e52dd41fd8f407b38fc6dbf72,f197a117120043aab64eed8105126565,agent-system,e2e_lightweight_candidate_rule_v1,models/isolation_forest_windows_local.joblib,windows,ok,0.08463,True,True,True,True,0,False,2,"{""agent-security"": 0.842, ""agent-system"": 0.972369}",1,"{""agent-network"": ""capability_missing""}",0,
multisource_cnp_20260910T095810Z,windows_event,50,77c66d4e7c4949f5b7690ba7510e94ec,7c3a003d98d9401b9ab6ee9573934b6e,agent-system,e2e_lightweight_candidate_rule_v1,models/isolation_forest_windows_local.joblib,windows,ok,0.073998,True,True,True,True,0,False,2,"{""agent-security"": 0.842, ""agent-system"": 0.972483}",1,"{""agent-network"": ""capability_missing""}",0,
multisource_cnp_20260910T095810Z,windows_event,51,b7d4b56cc3c747ff9760e40f710ca155,e7459b5ce6c44317885550fa552d3980,agent-system,e2e_lightweight_candidate_rule_v1,models/isolation_forest_windows_local.joblib,windows,ok,0.085,True,True,True,True,0,False,2,"{""agent-security"": 0.842, ""agent-system"": 0.972602}",1,"{""agent-network"": ""capability_missing""}",0,
multisource_cnp_20260910T095810Z,windows_event,52,3f3315114cc6422284e5ceb63940b2a1,4fe308c3b96644bc8b959fcdbdf183bc,agent-system,e2e_lightweight_candidate_rule_v1,models/isolation_forest_windows_local.joblib,windows,ok,0.110569,True,True,True,True,0,False,2,"{""agent-security"": 0.842, ""agent-system"": 0.972681}",1,"{""agent-network"": ""capability_missing""}",0,
multisource_cnp_20260910T095810Z,windows_event,53,0e7e9b06d4cc4bdd97054acb0ca359d5,44a9e146ba874e7aba65b19c4f479b5f,agent-system,e2e_lightweight_candidate_rule_v1,models/isolation_forest_windows_local.joblib,windows,ok,0.101374,True,True,True,True,0,False,2,"{""agent-security"": 0.842, ""agent-system"": 0.972715}",1,"{""agent-network"": ""capability_missing""}",0,
multisource_cnp_20260910T095810Z,windows_event,54,c544352c3f864ba5b2b502cc56ae74bd,351b04e1b63c4558b37f56e2c7aa889a,agent-system,e2e_lightweight_candidate_rule_v1,models/isolation_forest_windows_local.joblib,windows,ok,0.087289,True,True,True,True,0,False,2,"{""agent-security"": 0.842, ""agent-system"": 0.972751}",1,"{""agent-network"": ""capability_missing""}",0,
multisource_cnp_20260910T095810Z,windows_event,55,4d4b483d39b94eda9ae73c775cb68086,6e4d493fe6a44fe4bb9f328f0d024695,agent-system,e2e_lightweight_candidate_rule_v1,models/isolation_forest_windows_local.joblib,windows,ok,0.099956,True,True,True,True,0,False,2,"{""agent-security"": 0.842, ""agent-system"": 0.972802}",1,"{""agent-network"": ""capability_missing""}",0,
multisource_cnp_20260910T095810Z,windows_event,56,5ca6291af64f4ac6af89c41fe345564e,52f2d21db5c348ea9ad312f13c950324,agent-system,e2e_lightweight_candidate_rule_v1,models/isolation_forest_windows_local.joblib,windows,ok,0.06238,True,True,True,True,0,False,2,"{""agent-security"": 0.842, ""agent-system"": 0.972826}",1,"{""agent-network"": ""capability_missing""}",0,
multisource_cnp_20260910T095810Z,windows_event,57,87b060916aea4152ae16f254d8b8481c,72634bfb4f9b4fbeb6eb6f4601cff7ee,agent-system,e2e_lightweight_candidate_rule_v1,models/isolation_forest_windows_local.joblib,windows,ok,0.072963,True,True,True,True,0,False,2,"{""agent-security"": 0.842, ""agent-system"": 0.972909}",1,"{""agent-network"": ""capability_missing""}",0,
multisource_cnp_20260910T095810Z,windows_event,58,f3eeab744fc94254b9b9c36af6f7475d,caa9cc5add084a4abdb6df8ca5642cdd,agent-system,e2e_lightweight_candidate_rule_v1,models/isolation_forest_windows_local.joblib,windows,ok,0.068462,True,True,True,True,0,False,2,"{""agent-security"": 0.842, ""agent-system"": 0.972961}",1,"{""agent-network"": ""capability_missing""}",0,
multisource_cnp_20260910T095810Z,windows_event,59,cbd5576c82d043418c625d87c81d0211,f0c64405b364460b91f3fb09b0b5902a,agent-system,e2e_lightweight_candidate_rule_v1,models/isolation_forest_windows_local.joblib,windows,ok,0.055845,True,True,True,True,0,False,2,"{""agent-security"": 0.842, ""agent-system"": 0.973043}",1,"{""agent-network"": ""capability_missing""}",0,
multisource_cnp_20260910T095810Z,windows_event,60,4a3feeb25c0640dd98c8f32a48c96c25,e87802e223d14d5ebfda59b81af29157,agent-system,e2e_lightweight_candidate_rule_v1,models/isolation_forest_windows_local.joblib,windows,ok,0.070493,True,True,True,True,0,False,2,"{""agent-security"": 0.842, ""agent-system"": 0.973123}",1,"{""agent-network"": ""capability_missing""}",0,
multisource_cnp_20260910T095810Z,windows_event,61,986eeeeb4d694bf3889866d4e757e3d9,3e82e2b4b95743a4be7b46cd721f6c47,agent-system,e2e_lightweight_candidate_rule_v1,models/isolation_forest_windows_local.joblib,windows,ok,0.079282,True,True,True,True,0,False,2,"{""agent-security"": 0.842, ""agent-system"": 0.973177}",1,"{""agent-network"": ""capability_missing""}",0,
multisource_cnp_20260910T095810Z,windows_event,62,55cb80dc66d34b6b9f1e3b05057efd14,6bd90f522b2e4a3fb445a86bfda97c31,agent-system,e2e_lightweight_candidate_rule_v1,models/isolation_forest_windows_local.joblib,windows,ok,0.073918,True,True,True,True,0,False,2,"{""agent-security"": 0.842, ""agent-system"": 0.973214}",1,"{""agent-network"": ""capability_missing""}",0,
multisource_cnp_20260910T095810Z,windows_event,63,1838dcfc4ad84e94a5ef71ed45cb64e5,142e78ebae864a71bf5929f304f21bf2,agent-system,e2e_lightweight_candidate_rule_v1,models/isolation_forest_windows_local.joblib,windows,ok,0.06427,True,True,True,True,0,False,2,"{""agent-security"": 0.842, ""agent-system"": 0.973256}",1,"{""agent-network"": ""capability_missing""}",0,
multisource_cnp_20260910T095810Z,windows_event,64,31ee2b34197a4b2da06f8ebf6379834f,226b6c82a8ec4f75bfa5e9e65c39c9e6,agent-system,e2e_lightweight_candidate_rule_v1,models/isolation_forest_windows_local.joblib,windows,ok,0.063974,True,True,True,True,0,False,2,"{""agent-security"": 0.842, ""agent-system"": 0.973301}",1,"{""agent-network"": ""capability_missing""}",0,
multisource_cnp_20260910T095810Z,windows_event,65,1837926fd54e418c8e4e59ea5a9f15db,e7628f3a73de420e8ad135626be9deb9,agent-system,e2e_lightweight_candidate_rule_v1,models/isolation_forest_windows_local.joblib,windows,ok,0.061239,True,True,True,True,0,False,2,"{""agent-security"": 0.842, ""agent-system"": 0.973351}",1,"{""agent-network"": ""capability_missing""}",0,
multisource_cnp_20260910T095810Z,windows_event,66,fdead032bbcd4001838128cee656f445,e4a12aa2905745eb86b9f8fe28e6f5d8,agent-system,e2e_lightweight_candidate_rule_v1,models/isolation_forest_windows_local.joblib,windows,ok,0.087742,True,True,True,True,0,False,2,"{""agent-security"": 0.842, ""agent-system"": 0.973389}",1,"{""agent-network"": ""capability_missing""}",0,
multisource_cnp_20260910T095810Z,windows_event,67,50e4d86ec1684cbe81bef25e66da33a6,a29eaa07518d4ef3bc8a26fe41c22636,agent-system,e2e_lightweight_candidate_rule_v1,models/isolation_forest_windows_local.joblib,windows,ok,0.113784,True,True,True,True,0,False,2,"{""agent-security"": 0.842, ""agent-system"": 0.973406}",1,"{""agent-network"": ""capability_missing""}",0,
multisource_cnp_20260910T095810Z,windows_event,68,806ee07ea14844bb95ff6c6216992937,cd93a867fa63440e8261e5b1563a31b4,agent-system,e2e_lightweight_candidate_rule_v1,models/isolation_forest_windows_local.joblib,windows,ok,0.09529,True,True,True,True,0,False,2,"{""agent-security"": 0.842, ""agent-system"": 0.973392}",1,"{""agent-network"": ""capability_missing""}",0,
multisource_cnp_20260910T095810Z,windows_event,69,1351bbb0eaef47728dc8a48a7a9364fa,934772676cdc489c8cea3175b67672ad,agent-system,e2e_lightweight_candidate_rule_v1,models/isolation_forest_windows_local.joblib,windows,ok,0.072231,True,True,True,True,0,False,2,"{""agent-security"": 0.842, ""agent-system"": 0.973411}",1,"{""agent-network"": ""capability_missing""}",0,
multisource_cnp_20260910T095810Z,windows_event,70,c63339df8f0440c68e64b8d8759e01da,506cefc17fb048d9aa03270ab8586180,agent-system,e2e_lightweight_candidate_rule_v1,models/isolation_forest_windows_local.joblib,windows,ok,0.051919,True,True,True,True,0,False,2,"{""agent-security"": 0.842, ""agent-system"": 0.973483}",1,"{""agent-network"": ""capability_missing""}",0,
multisource_cnp_20260910T095810Z,windows_event,71,e263d687aa0e4c18a04c4b44eddab922,d6018f7818c643a7acfbe7032ef4fa3e,agent-system,e2e_lightweight_candidate_rule_v1,models/isolation_forest_windows_local.joblib,windows,ok,0.046853,True,True,True,True,0,False,2,"{""agent-security"": 0.842, ""agent-system"": 0.973685}",1,"{""agent-network"": ""capability_missing""}",0,
multisource_cnp_20260910T095810Z,windows_event,72,4572d9540ba14ba9bf467785cb86306e,5f0401d747ce4879a931ae93d4055e6f,agent-system,e2e_lightweight_candidate_rule_v1,models/isolation_forest_windows_local.joblib,windows,ok,0.047971,True,True,True,True,0,False,2,"{""agent-security"": 0.842, ""agent-system"": 0.973847}",1,"{""agent-network"": ""capability_missing""}",0,
multisource_cnp_20260910T095810Z,windows_event,73,6f3746d243364edcbee6a9d3c9218caa,36f82edfb1084a28bbdcf72336209726,agent-system,e2e_lightweight_candidate_rule_v1,models/isolation_forest_windows_local.joblib,windows,ok,0.038733,True,True,True,True,0,False,2,"{""agent-security"": 0.842, ""agent-system"": 0.973951}",1,"{""agent-network"": ""capability_missing""}",0,
multisource_cnp_20260910T095810Z,windows_event,74,389bb86b89144c2b9e20782327315fff,4b21a2223eff423abf88eefb36c37a3f,agent-system,e2e_lightweight_candidate_rule_v1,models/isolation_forest_windows_local.joblib,windows,ok,0.037613,True,True,True,True,0,False,2,"{""agent-security"": 0.842, ""agent-system"": 0.974036}",1,"{""agent-network"": ""capability_missing""}",0,
multisource_cnp_20260910T095810Z,windows_event,75,7089c471d7dc4ddcb7894662825f9510,5a9115b948b540638929c1b48036160e,agent-system,e2e_lightweight_candidate_rule_v1,models/isolation_forest_windows_local.joblib,windows,ok,0.040713,True,True,True,True,0,False,2,"{""agent-security"": 0.842, ""agent-system"": 0.974183}",1,"{""agent-network"": ""capability_missing""}",0,
multisource_cnp_20260910T095810Z,windows_event,76,bf84320baa2b4536af668d39700f543e,47d71650c94b4a049d90fbfac0da6ef3,agent-system,e2e_lightweight_candidate_rule_v1,models/isolation_forest_windows_local.joblib,windows,ok,0.038851,True,True,True,True,0,False,2,"{""agent-security"": 0.842, ""agent-system"": 0.974283}",1,"{""agent-network"": ""capability_missing""}",0,
multisource_cnp_20260910T095810Z,windows_event,77,53f5d492021845ffa4aad7eec03a0dff,1c970b7e9dfd41018d4be20e67f7a969,agent-system,e2e_lightweight_candidate_rule_v1,models/isolation_forest_windows_local.joblib,windows,ok,0.039274,True,True,True,True,0,False,2,"{""agent-security"": 0.842, ""agent-system"": 0.974388}",1,"{""agent-network"": ""capability_missing""}",0,
multisource_cnp_20260910T095810Z,windows_event,78,8d316fb72e924176875cdba3ca844d68,dc6b43dbb34a46bcb57d400c8eb12fbf,agent-system,e2e_lightweight_candidate_rule_v1,models/isolation_forest_windows_local.joblib,windows,ok,0.041069,True,True,True,True,0,False,2,"{""agent-security"": 0.842, ""agent-system"": 0.974529}",1,"{""agent-network"": ""capability_missing""}",0,
multisource_cnp_20260910T095810Z,windows_event,79,26501b414d6c4f50a6c4cbeb7b6b9a5d,c3529f6414a34cfcb180e08f309053cb,agent-system,e2e_lightweight_candidate_rule_v1,models/isolation_forest_windows_local.joblib,windows,ok,0.037095,True,True,True,True,0,False,2,"{""agent-security"": 0.842, ""agent-system"": 0.974694}",1,"{""agent-network"": ""capability_missing""}",0,
multisource_cnp_20260910T095810Z,windows_event,80,21fc660c03114f339bf7868ccc957d03,53e549e828434bf6968578e8bf675497,agent-system,e2e_lightweight_candidate_rule_v1,models/isolation_forest_windows_local.joblib,windows,ok,0.035794,True,True,True,True,0,False,2,"{""agent-security"": 0.842, ""agent-system"": 0.974822}",1,"{""agent-network"": ""capability_missing""}",0,
multisource_cnp_20260910T095810Z,windows_event,81,8683351adf324f8c97934dc498a38850,78b70aefcd3746598917026c820aa327,agent-system,e2e_lightweight_candidate_rule_v1,models/isolation_forest_windows_local.joblib,windows,ok,0.038828,True,True,True,True,0,False,2,"{""agent-security"": 0.842, ""agent-system"": 0.974994}",1,"{""agent-network"": ""capability_missing""}",0,
multisource_cnp_20260910T095810Z,windows_event,82,10f3f3ddb6a64fa88d4e221a92f8f49f,5551ca9b0ef642579743e0e5f7ab8ac0,agent-system,e2e_lightweight_candidate_rule_v1,models/isolation_forest_windows_local.joblib,windows,ok,0.037097,True,True,True,True,0,False,2,"{""agent-security"": 0.842, ""agent-system"": 0.975151}",1,"{""agent-network"": ""capability_missing""}",0,
multisource_cnp_20260910T095810Z,windows_event,83,7685baae6e904245a5d72c1d9c802dbb,96c36ee1dbd04294a28120c5ade3880d,agent-system,e2e_lightweight_candidate_rule_v1,models/isolation_forest_windows_local.joblib,windows,ok,0.069424,True,True,True,True,0,False,2,"{""agent-security"": 0.842, ""agent-system"": 0.975348}",1,"{""agent-network"": ""capability_missing""}",0,
multisource_cnp_20260910T095810Z,windows_event,84,a89375f9ab4e4e7cbca3343ef5198b2d,4a632d9ff5b64e7d8f639b764ea9dccb,agent-system,e2e_lightweight_candidate_rule_v1,models/isolation_forest_windows_local.joblib,windows,ok,0.056335,True,True,True,True,0,False,2,"{""agent-security"": 0.842, ""agent-system"": 0.975465}",1,"{""agent-network"": ""capability_missing""}",0,
multisource_cnp_20260910T095810Z,windows_event,85,89d0318e104b490099499eccef2dc839,c330a7d03a934d759b35203c3c8ee8c4,agent-system,e2e_lightweight_candidate_rule_v1,models/isolation_forest_windows_local.joblib,windows,ok,0.04587,True,True,True,True,0,False,2,"{""agent-security"": 0.842, ""agent-system"": 0.975643}",1,"{""agent-network"": ""capability_missing""}",0,
multisource_cnp_20260910T095810Z,windows_event,86,efc6a45547ed43b4ab6a440706dfb54f,2bd036351e1f471b8b6b15cc464c06ff,agent-system,e2e_lightweight_candidate_rule_v1,models/isolation_forest_windows_local.joblib,windows,ok,0.051562,True,True,True,True,0,False,2,"{""agent-security"": 0.842, ""agent-system"": 0.975774}",1,"{""agent-network"": ""capability_missing""}",0,
multisource_cnp_20260910T095810Z,windows_event,87,48a906531f5a484d85ee135c2121cc2f,4202462ca329468e8be37adf63410680,agent-system,e2e_lightweight_candidate_rule_v1,models/isolation_forest_windows_local.joblib,windows,ok,0.051434,True,True,True,True,0,False,2,"{""agent-security"": 0.842, ""agent-system"": 0.975884}",1,"{""agent-network"": ""capability_missing""}",0,
multisource_cnp_20260910T095810Z,windows_event,88,a435142ebba3487b8831d834efcf45b3,4df0f463f8314fa68fe9933f8e3aec8e,agent-system,e2e_lightweight_candidate_rule_v1,models/isolation_forest_windows_local.joblib,windows,ok,0.051313,True,True,True,True,0,False,2,"{""agent-security"": 0.842, ""agent-system"": 0.975945}",1,"{""agent-network"": ""capability_missing""}",0,
multisource_cnp_20260910T095810Z,windows_event,89,b54d7c30526a43f6ba7831a71e3f6189,96722dae72994acd9cae2b99ea74ab79,agent-system,e2e_lightweight_candidate_rule_v1,models/isolation_forest_windows_local.joblib,windows,ok,0.047192,True,True,True,True,0,False,2,"{""agent-security"": 0.842, ""agent-system"": 0.975992}",1,"{""agent-network"": ""capability_missing""}",0,
multisource_cnp_20260910T095810Z,windows_event,90,f338e90d83ae438cb3fa39d4baba7e67,2c341db8cd4b4da8b481bd400493e510,agent-system,e2e_lightweight_candidate_rule_v1,models/isolation_forest_windows_local.joblib,windows,ok,0.059365,True,True,True,True,0,False,2,"{""agent-security"": 0.842, ""agent-system"": 0.976065}",1,"{""agent-network"": ""capability_missing""}",0,
multisource_cnp_20260910T095810Z,windows_event,91,61657debcd574437b70fe5ee8b02e2a9,61289103a47d4d4291246db7b55766b0,agent-system,e2e_lightweight_candidate_rule_v1,models/isolation_forest_windows_local.joblib,windows,ok,0.075442,True,True,True,True,0,False,2,"{""agent-security"": 0.842, ""agent-system"": 0.976142}",1,"{""agent-network"": ""capability_missing""}",0,
multisource_cnp_20260910T095810Z,windows_event,92,10c8dd91120f49daa2c200018de5fa49,e023e5e886d849d3b8e4c442eaa38d71,agent-system,e2e_lightweight_candidate_rule_v1,models/isolation_forest_windows_local.joblib,windows,ok,0.06187,True,True,True,True,0,False,2,"{""agent-security"": 0.842, ""agent-system"": 0.976176}",1,"{""agent-network"": ""capability_missing""}",0,
multisource_cnp_20260910T095810Z,windows_event,93,05136fa3b6674d6aa664462c51268ae4,149e3deec66a480895ffe9073cff75db,agent-system,e2e_lightweight_candidate_rule_v1,models/isolation_forest_windows_local.joblib,windows,ok,0.0661,True,True,True,True,0,False,2,"{""agent-security"": 0.842, ""agent-system"": 0.976231}",1,"{""agent-network"": ""capability_missing""}",0,
multisource_cnp_20260910T095810Z,windows_event,94,43ca0b26b7974551b7a7b9a93f8aabc6,d7b105e2a6a7481f90a9bb883fd87343,agent-system,e2e_lightweight_candidate_rule_v1,models/isolation_forest_windows_local.joblib,windows,ok,0.059992,True,True,True,True,0,False,2,"{""agent-security"": 0.842, ""agent-system"": 0.976482}",1,"{""agent-network"": ""capability_missing""}",0,
multisource_cnp_20260910T095810Z,windows_event,95,a7006250e93b4a6fa182f7319e08ff5a,60a59a3307334bd1be5300175f34d3ca,agent-system,e2e_lightweight_candidate_rule_v1,models/isolation_forest_windows_local.joblib,windows,ok,0.058658,True,True,True,True,0,False,2,"{""agent-security"": 0.842, ""agent-system"": 0.976614}",1,"{""agent-network"": ""capability_missing""}",0,
multisource_cnp_20260910T095810Z,windows_event,96,87d77a5cd90a496ba748b767c06d74b0,0b3ca103d94d42378c09b48e45d45f28,agent-system,e2e_lightweight_candidate_rule_v1,models/isolation_forest_windows_local.joblib,windows,ok,0.060155,True,True,True,True,0,False,2,"{""agent-security"": 0.842, ""agent-system"": 0.976657}",1,"{""agent-network"": ""capability_missing""}",0,
multisource_cnp_20260910T095810Z,windows_event,97,a3843089cac04391b1d90f419dd0db34,c123f39c4cf24369a03e4a904b0ba115,agent-system,e2e_lightweight_candidate_rule_v1,models/isolation_forest_windows_local.joblib,windows,ok,0.046555,True,True,True,True,0,False,2,"{""agent-security"": 0.842, ""agent-system"": 0.976733}",1,"{""agent-network"": ""capability_missing""}",0,
multisource_cnp_20260910T095810Z,windows_event,98,e9218f9abefe4115b46f7472d7c3db16,881aa0a83057409d98b7dc7a36c4d170,agent-system,e2e_lightweight_candidate_rule_v1,models/isolation_forest_windows_local.joblib,windows,ok,0.058619,True,True,True,True,0,False,2,"{""agent-security"": 0.842, ""agent-system"": 0.976933}",1,"{""agent-network"": ""capability_missing""}",0,
multisource_cnp_20260910T095810Z,windows_event,99,adcbd62b676846a79f910b7c07187ff6,112d2face5e548bb9bf73c2452e0a1a8,agent-system,e2e_lightweight_candidate_rule_v1,models/isolation_forest_windows_local.joblib,windows,ok,0.045198,True,True,True,True,0,False,2,"{""agent-security"": 0.842, ""agent-system"": 0.977127}",1,"{""agent-network"": ""capability_missing""}",0,
multisource_cnp_20260910T095810Z,windows_event,100,54435f8f1bc24faca79c53d67bb975af,602ea588208b4e90b1621f4295d3509a,agent-system,e2e_lightweight_candidate_rule_v1,models/isolation_forest_windows_local.joblib,windows,ok,0.037814,True,True,True,True,0,False,2,"{""agent-security"": 0.842, ""agent-system"": 0.977181}",1,"{""agent-network"": ""capability_missing""}",0,
multisource_cnp_20260910T095810Z,windows_event,101,e50eb1708dae40a59cd7f8155145b6f3,1cb829d44d7c49ba96f08b6134c7f7be,agent-system,e2e_lightweight_candidate_rule_v1,models/isolation_forest_windows_local.joblib,windows,ok,0.049653,True,True,True,True,0,False,2,"{""agent-security"": 0.842, ""agent-system"": 0.977231}",1,"{""agent-network"": ""capability_missing""}",0,
multisource_cnp_20260910T095810Z,windows_event,102,eb49f72cf688494fa88a56df434b9f39,ca590b16d68f49f9b866c1e2541ce3c7,agent-system,e2e_lightweight_candidate_rule_v1,models/isolation_forest_windows_local.joblib,windows,ok,0.037063,True,True,True,True,0,False,2,"{""agent-security"": 0.842, ""agent-system"": 0.97728}",1,"{""agent-network"": ""capability_missing""}",0,
multisource_cnp_20260910T095810Z,windows_event,103,760e4fd2d2a14357a0200b837c03afa3,be7283b0054a4d8da0a3e4c0b32b0512,agent-system,e2e_lightweight_candidate_rule_v1,models/isolation_forest_windows_local.joblib,windows,ok,0.036931,True,True,True,True,0,False,2,"{""agent-security"": 0.842, ""agent-system"": 0.977363}",1,"{""agent-network"": ""capability_missing""}",0,
multisource_cnp_20260910T095810Z,windows_event,104,164d39e9e0524f93aa1d47e72a848e36,22812a47586c4ac18c96168e05338b87,agent-system,e2e_lightweight_candidate_rule_v1,models/isolation_forest_windows_local.joblib,windows,ok,0.04081,True,True,True,True,0,False,2,"{""agent-security"": 0.842, ""agent-system"": 0.977438}",1,"{""agent-network"": ""capability_missing""}",0,
multisource_cnp_20260910T095810Z,windows_event,105,43258a538cc447748b4b428fc26ffaf1,5976c415fbaa4acf9fb17eb9cd4226bd,agent-system,e2e_lightweight_candidate_rule_v1,models/isolation_forest_windows_local.joblib,windows,ok,0.036212,True,True,True,True,0,False,2,"{""agent-security"": 0.842, ""agent-system"": 0.977497}",1,"{""agent-network"": ""capability_missing""}",0,
multisource_cnp_20260910T095810Z,windows_event,106,bdd74971d0a24b29aac87ed52b2e200d,ba26236084394857ba6bae6fb491d689,agent-system,e2e_lightweight_candidate_rule_v1,models/isolation_forest_windows_local.joblib,windows,ok,0.049566,True,True,True,True,0,False,2,"{""agent-security"": 0.842, ""agent-system"": 0.977571}",1,"{""agent-network"": ""capability_missing""}",0,
multisource_cnp_20260910T095810Z,windows_event,107,fcc08efb7f5b4314ad4bad44832b7695,41a070b7a99d4f96870a7ff289043110,agent-system,e2e_lightweight_candidate_rule_v1,models/isolation_forest_windows_local.joblib,windows,ok,0.0379,True,True,True,True,0,False,2,"{""agent-security"": 0.842, ""agent-system"": 0.9776}",1,"{""agent-network"": ""capability_missing""}",0,
multisource_cnp_20260910T095810Z,windows_event,108,4196b971520f4d168c1fca99ecfa27c6,88847165a75d4805ab5cb2c503f4d36f,agent-system,e2e_lightweight_candidate_rule_v1,models/isolation_forest_windows_local.joblib,windows,ok,0.04432,True,True,True,True,0,False,2,"{""agent-security"": 0.842, ""agent-system"": 0.977648}",1,"{""agent-network"": ""capability_missing""}",0,
multisource_cnp_20260910T095810Z,windows_event,109,a2e442219ff6446ba00725380adb540c,cefb1231a7f542f0b94f087ae402e51c,agent-system,e2e_lightweight_candidate_rule_v1,models/isolation_forest_windows_local.joblib,windows,ok,0.038008,True,True,True,True,0,False,2,"{""agent-security"": 0.842, ""agent-system"": 0.977685}",1,"{""agent-network"": ""capability_missing""}",0,
multisource_cnp_20260910T095810Z,windows_event,110,957069cfd86744279cfc9af82f3fbc28,ac33d21092e64bbbb5a295bc163d942e,agent-system,e2e_lightweight_candidate_rule_v1,models/isolation_forest_windows_local.joblib,windows,ok,0.038107,True,True,True,True,0,False,2,"{""agent-security"": 0.842, ""agent-system"": 0.977716}",1,"{""agent-network"": ""capability_missing""}",0,
multisource_cnp_20260910T095810Z,windows_event,111,13ad9ac3dddd4465a08532f28c719157,695960f78d084c8da68ae25baf0584b4,agent-system,e2e_lightweight_candidate_rule_v1,models/isolation_forest_windows_local.joblib,windows,ok,0.039195,True,True,True,True,0,False,2,"{""agent-security"": 0.842, ""agent-system"": 0.977762}",1,"{""agent-network"": ""capability_missing""}",0,
multisource_cnp_20260910T095810Z,windows_event,112,566ca0994a9c4bdea1245bf6231dfd8d,1ccfe7c559c6404ab6bd997667ef2c5b,agent-system,e2e_lightweight_candidate_rule_v1,models/isolation_forest_windows_local.joblib,windows,ok,0.038864,True,True,True,True,0,False,2,"{""agent-security"": 0.842, ""agent-system"": 0.977813}",1,"{""agent-network"": ""capability_missing""}",0,
multisource_cnp_20260910T095810Z,windows_event,113,88801ba957264d4eb3a0df02fe073652,449b3f612b884d5c889439024f39ff09,agent-system,e2e_lightweight_candidate_rule_v1,models/isolation_forest_windows_local.joblib,windows,ok,0.035071,True,True,True,True,0,False,2,"{""agent-security"": 0.842, ""agent-system"": 0.97786}",1,"{""agent-network"": ""capability_missing""}",0,
multisource_cnp_20260910T095810Z,windows_event,114,56c9dfd0ef254434b9d640c516049a72,57eec418ae0f4479b953fc4574276698,agent-system,e2e_lightweight_candidate_rule_v1,models/isolation_forest_windows_local.joblib,windows,ok,0.036386,True,True,True,True,0,False,2,"{""agent-security"": 0.842, ""agent-system"": 0.977901}",1,"{""agent-network"": ""capability_missing""}",0,
multisource_cnp_20260910T095810Z,windows_event,115,79d295751f434113a8fd4ca65ca8debc,878b80f8d6de427499d03b1d331b194c,agent-system,e2e_lightweight_candidate_rule_v1,models/isolation_forest_windows_local.joblib,windows,ok,0.043226,True,True,True,True,0,False,2,"{""agent-security"": 0.842, ""agent-system"": 0.97794}",1,"{""agent-network"": ""capability_missing""}",0,
multisource_cnp_20260910T095810Z,windows_event,116,63f448b66e86424390e7aaecb0d8af71,e1c519e2515245b494cd2bfd7e92b6fa,agent-system,e2e_lightweight_candidate_rule_v1,models/isolation_forest_windows_local.joblib,windows,ok,0.038565,True,True,True,True,0,False,2,"{""agent-security"": 0.842, ""agent-system"": 0.977971}",1,"{""agent-network"": ""capability_missing""}",0,
multisource_cnp_20260910T095810Z,windows_event,117,bad7b363392446b3a6974c064922bea4,7b731ddbf6f74ae684eaa96efde59459,agent-system,e2e_lightweight_candidate_rule_v1,models/isolation_forest_windows_local.joblib,windows,ok,0.033416,True,True,True,True,0,False,2,"{""agent-security"": 0.842, ""agent-system"": 0.978029}",1,"{""agent-network"": ""capability_missing""}",0,
multisource_cnp_20260910T095810Z,windows_event,118,8dee3069ab57459d9e983081e514626a,d878510049c7465391ae0c130c77069e,agent-system,e2e_lightweight_candidate_rule_v1,models/isolation_forest_windows_local.joblib,windows,ok,0.038404,True,True,True,True,0,False,2,"{""agent-security"": 0.842, ""agent-system"": 0.978115}",1,"{""agent-network"": ""capability_missing""}",0,
multisource_cnp_20260910T095810Z,windows_event,119,4d2eb5b1d89443fb92e725ea01ca3f5c,e7d51bfedad14fe8a57221ebcc8992bd,agent-system,e2e_lightweight_candidate_rule_v1,models/isolation_forest_windows_local.joblib,windows,ok,0.053775,True,True,True,True,0,False,2,"{""agent-security"": 0.842, ""agent-system"": 0.978179}",1,"{""agent-network"": ""capability_missing""}",0,
multisource_cnp_20260910T095810Z,windows_event,120,3277dc9f7b1d4c73bc00aada81f673db,b3aed89338da4dd1a8bb8e1cb862d806,agent-system,e2e_lightweight_candidate_rule_v1,models/isolation_forest_windows_local.joblib,windows,ok,0.040271,True,True,True,True,0,False,2,"{""agent-security"": 0.842, ""agent-system"": 0.978208}",1,"{""agent-network"": ""capability_missing""}",0,
multisource_cnp_20260910T095810Z,windows_event,121,58df7f7d5c8f485581c0b325bf625330,716a7a57204f4173991fe856d57f35aa,agent-system,e2e_lightweight_candidate_rule_v1,models/isolation_forest_windows_local.joblib,windows,ok,0.04694,True,True,True,True,0,False,2,"{""agent-security"": 0.842, ""agent-system"": 0.978232}",1,"{""agent-network"": ""capability_missing""}",0,
multisource_cnp_20260910T095810Z,windows_event,122,b10443ccbbfc4d30afced349d84bea7a,3ad9df2b88a04a759e918077065098bd,agent-system,e2e_lightweight_candidate_rule_v1,models/isolation_forest_windows_local.joblib,windows,ok,0.048415,True,True,True,True,0,False,2,"{""agent-security"": 0.842, ""agent-system"": 0.978244}",1,"{""agent-network"": ""capability_missing""}",0,
multisource_cnp_20260910T095810Z,windows_event,123,4dd2dd92df134e1ea0b52faa469b023a,f3018b69ddab42feb09f104157b1e556,agent-system,e2e_lightweight_candidate_rule_v1,models/isolation_forest_windows_local.joblib,windows,ok,0.037,True,True,True,True,0,False,2,"{""agent-security"": 0.842, ""agent-system"": 0.978256}",1,"{""agent-network"": ""capability_missing""}",0,
multisource_cnp_20260910T095810Z,windows_event,124,cf776e5c97ca4f5493f364d7b794b31a,b87d5475f5c840d4bb03415ac8a1eb0a,agent-system,e2e_lightweight_candidate_rule_v1,models/isolation_forest_windows_local.joblib,windows,ok,0.037053,True,True,True,True,0,False,2,"{""agent-security"": 0.842, ""agent-system"": 0.978271}",1,"{""agent-network"": ""capability_missing""}",0,
multisource_cnp_20260910T095810Z,windows_event,125,4b7d290fb13343f2b2a59ec33a0a4974,7640905d4fa94a40bbcef3825c1d5865,agent-system,e2e_lightweight_candidate_rule_v1,models/isolation_forest_windows_local.joblib,windows,ok,0.040053,True,True,True,True,0,False,2,"{""agent-security"": 0.842, ""agent-system"": 0.978284}",1,"{""agent-network"": ""capability_missing""}",0,
multisource_cnp_20260910T095810Z,windows_event,126,0f15a363809f4858ad138d2721cf2b96,5387fbb73dd44fecb988acad7eacea73,agent-system,e2e_lightweight_candidate_rule_v1,models/isolation_forest_windows_local.joblib,windows,ok,0.050318,True,True,True,True,0,False,2,"{""agent-security"": 0.842, ""agent-system"": 0.978297}",1,"{""agent-network"": ""capability_missing""}",0,
multisource_cnp_20260910T095810Z,windows_event,127,21756f3dbce54091906cd31e3e5779e8,dbef601f89c3466bafcdcd5f2abc19ed,agent-system,e2e_lightweight_candidate_rule_v1,models/isolation_forest_windows_local.joblib,windows,ok,0.036725,True,True,True,True,0,False,2,"{""agent-security"": 0.842, ""agent-system"": 0.978299}",1,"{""agent-network"": ""capability_missing""}",0,
multisource_cnp_20260910T095810Z,windows_event,128,535d177b3cc94102985dba3df3c16327,9f6487deddf64fe883d791cadf9cc99c,agent-system,e2e_lightweight_candidate_rule_v1,models/isolation_forest_windows_local.joblib,windows,ok,0.03737,True,True,True,True,0,False,2,"{""agent-security"": 0.842, ""agent-system"": 0.978313}",1,"{""agent-network"": ""capability_missing""}",0,
multisource_cnp_20260910T095810Z,windows_event,129,6e11644fd3784abc94f23928c5468d21,eb6afc5f884741c0a1c7fff8624c3868,agent-system,e2e_lightweight_candidate_rule_v1,models/isolation_forest_windows_local.joblib,windows,ok,0.039261,True,True,True,True,0,False,2,"{""agent-security"": 0.842, ""agent-system"": 0.978329}",1,"{""agent-network"": ""capability_missing""}",0,
multisource_cnp_20260910T095810Z,windows_event,130,66cc1698a0314be7b4786744d6f4d099,8f9d30bf1d31414b81a5d359bf27003f,agent-system,e2e_lightweight_candidate_rule_v1,models/isolation_forest_windows_local.joblib,windows,ok,0.044306,True,True,True,True,0,False,2,"{""agent-security"": 0.842, ""agent-system"": 0.978339}",1,"{""agent-network"": ""capability_missing""}",0,
multisource_cnp_20260910T095810Z,windows_event,131,ef7e27418e49404c8b2560d3f53bec50,7296ae12d46a42a392c43fe81196caf3,agent-system,e2e_lightweight_candidate_rule_v1,models/isolation_forest_windows_local.joblib,windows,ok,0.052397,True,True,True,True,0,False,2,"{""agent-security"": 0.842, ""agent-system"": 0.978343}",1,"{""agent-network"": ""capability_missing""}",0,
multisource_cnp_20260910T095810Z,windows_event,132,8de81886e9a14d5e9a53fa0118476617,9e3db4c6246f4ac0a852b522995bcae9,agent-system,e2e_lightweight_candidate_rule_v1,models/isolation_forest_windows_local.joblib,windows,ok,0.039393,True,True,True,True,0,False,2,"{""agent-security"": 0.842, ""agent-system"": 0.978341}",1,"{""agent-network"": ""capability_missing""}",0,
multisource_cnp_20260910T095810Z,windows_event,133,dff05c008ec842878e470f0a27b57c47,5add00f692224a97a8473cae354f0cf8,agent-system,e2e_lightweight_candidate_rule_v1,models/isolation_forest_windows_local.joblib,windows,ok,0.045152,True,True,True,True,0,False,2,"{""agent-security"": 0.842, ""agent-system"": 0.97835}",1,"{""agent-network"": ""capability_missing""}",0,
multisource_cnp_20260910T095810Z,windows_event,134,1ab28f0840e84eceaba55d227f81a976,5f123ffeb21f48f7a088b2f8936b75f1,agent-system,e2e_lightweight_candidate_rule_v1,models/isolation_forest_windows_local.joblib,windows,ok,0.042519,True,True,True,True,0,False,2,"{""agent-security"": 0.842, ""agent-system"": 0.978383}",1,"{""agent-network"": ""capability_missing""}",0,
multisource_cnp_20260910T095810Z,windows_event,135,0be930a964c94c648a02c5b6a54ec376,a188838dcc144ca69023fb3596bb45a8,agent-system,e2e_lightweight_candidate_rule_v1,models/isolation_forest_windows_local.joblib,windows,ok,0.036707,True,True,True,True,0,False,2,"{""agent-security"": 0.842, ""agent-system"": 0.978406}",1,"{""agent-network"": ""capability_missing""}",0,
multisource_cnp_20260910T095810Z,windows_event,136,41337bde64e94059bf2e5139be15c0d8,097bbc03d92b4b0fb89d359ebfca8d08,agent-system,e2e_lightweight_candidate_rule_v1,models/isolation_forest_windows_local.joblib,windows,ok,0.038348,True,True,True,True,0,False,2,"{""agent-security"": 0.842, ""agent-system"": 0.978425}",1,"{""agent-network"": ""capability_missing""}",0,
multisource_cnp_20260910T095810Z,windows_event,137,e13d45d1724944aba774a5d5983b5503,950ec5cb6c7d4bf38dc752e00b87a152,agent-system,e2e_lightweight_candidate_rule_v1,models/isolation_forest_windows_local.joblib,windows,ok,0.040305,True,True,True,True,0,False,2,"{""agent-security"": 0.842, ""agent-system"": 0.978448}",1,"{""agent-network"": ""capability_missing""}",0,
multisource_cnp_20260910T095810Z,windows_event,138,dfee7129f4dd482a8b9c44bbae668727,81444dcb5b2e4de6aca15ae659805dd4,agent-system,e2e_lightweight_candidate_rule_v1,models/isolation_forest_windows_local.joblib,windows,ok,0.046411,True,True,True,True,0,False,2,"{""agent-security"": 0.842, ""agent-system"": 0.978469}",1,"{""agent-network"": ""capability_missing""}",0,
multisource_cnp_20260910T095810Z,windows_event,139,57cb93a1c89144d8a42802d2782f8d96,75a3452704a14c55abe815d6d2d17f7b,agent-system,e2e_lightweight_candidate_rule_v1,models/isolation_forest_windows_local.joblib,windows,ok,0.044466,True,True,True,True,0,False,2,"{""agent-security"": 0.842, ""agent-system"": 0.978484}",1,"{""agent-network"": ""capability_missing""}",0,
multisource_cnp_20260910T095810Z,windows_event,140,ffd03c531d0b4f68a822fa2a997333b3,9e171e65eadf40dabd206b3b802250b8,agent-system,e2e_lightweight_candidate_rule_v1,models/isolation_forest_windows_local.joblib,windows,ok,0.038532,True,True,True,True,0,False,2,"{""agent-security"": 0.842, ""agent-system"": 0.978497}",1,"{""agent-network"": ""capability_missing""}",0,
multisource_cnp_20260910T095810Z,windows_event,141,49845a36ea5242ca993c24603f58ba9f,8952392b45b34225b69a180e76937835,agent-system,e2e_lightweight_candidate_rule_v1,models/isolation_forest_windows_local.joblib,windows,ok,0.036518,True,True,True,True,0,False,2,"{""agent-security"": 0.842, ""agent-system"": 0.978526}",1,"{""agent-network"": ""capability_missing""}",0,
multisource_cnp_20260910T095810Z,windows_event,142,2eace75d9cbd473fba246f5374046b6f,09cfabd3eb0144b8af5c0987fc08981a,agent-system,e2e_lightweight_candidate_rule_v1,models/isolation_forest_windows_local.joblib,windows,ok,0.048561,True,True,True,True,0,False,2,"{""agent-security"": 0.842, ""agent-system"": 0.978571}",1,"{""agent-network"": ""capability_missing""}",0,
multisource_cnp_20260910T095810Z,windows_event,143,6e9f15622fd4416bb1562cec2d36ad2e,2c1e63879b994f5b95555030eb45dea0,agent-system,e2e_lightweight_candidate_rule_v1,models/isolation_forest_windows_local.joblib,windows,ok,0.077074,True,True,True,True,0,False,2,"{""agent-security"": 0.842, ""agent-system"": 0.978593}",1,"{""agent-network"": ""capability_missing""}",0,
multisource_cnp_20260910T095810Z,windows_event,144,24c6c9b0d69d41faba1a2cc0db143ef0,9b78022e93294c99acca97a261018f1f,agent-system,e2e_lightweight_candidate_rule_v1,models/isolation_forest_windows_local.joblib,windows,ok,0.062428,True,True,True,True,0,False,2,"{""agent-security"": 0.842, ""agent-system"": 0.978593}",1,"{""agent-network"": ""capability_missing""}",0,
multisource_cnp_20260910T095810Z,windows_event,145,8dcb006414304a90ade1321911994117,69a1ec92125843e58570d1bee817fbcd,agent-system,e2e_lightweight_candidate_rule_v1,models/isolation_forest_windows_local.joblib,windows,ok,0.093589,True,True,True,True,0,False,2,"{""agent-security"": 0.842, ""agent-system"": 0.978599}",1,"{""agent-network"": ""capability_missing""}",0,
multisource_cnp_20260910T095810Z,windows_event,146,72f1ecdfac764d45bbf6032c6700d1ef,ce6351f34050409e8d378c6b2ed01ecc,agent-system,e2e_lightweight_candidate_rule_v1,models/isolation_forest_windows_local.joblib,windows,ok,0.073334,True,True,True,True,0,False,2,"{""agent-security"": 0.842, ""agent-system"": 0.978577}",1,"{""agent-network"": ""capability_missing""}",0,
multisource_cnp_20260910T095810Z,windows_event,147,cc4eb516e538455abda3bc99c806f976,12d258e3809a4176ac8204655ca4c46f,agent-system,e2e_lightweight_candidate_rule_v1,models/isolation_forest_windows_local.joblib,windows,ok,0.061696,True,True,True,True,0,False,2,"{""agent-security"": 0.842, ""agent-system"": 0.978573}",1,"{""agent-network"": ""capability_missing""}",0,
multisource_cnp_20260910T095810Z,windows_event,148,43aad7f23fdb4720bffe525677c12c46,0b7dbc4f77f64d5bbef4bc064caf79e8,agent-system,e2e_lightweight_candidate_rule_v1,models/isolation_forest_windows_local.joblib,windows,ok,0.059749,True,True,True,True,0,False,2,"{""agent-security"": 0.842, ""agent-system"": 0.978569}",1,"{""agent-network"": ""capability_missing""}",0,
multisource_cnp_20260910T095810Z,windows_event,149,0fb7b46cc61b49eab4aefc72072bb071,bccb691ef56140429b56e461e21cef31,agent-system,e2e_lightweight_candidate_rule_v1,models/isolation_forest_windows_local.joblib,windows,ok,0.050493,True,True,True,True,0,False,2,"{""agent-security"": 0.842, ""agent-system"": 0.978577}",1,"{""agent-network"": ""capability_missing""}",0,
multisource_cnp_20260910T095810Z,windows_event,150,d0ec6b5be29a44b8b91043cd74ef60fb,4e2f575901d949b2a2a50018b8eeff33,agent-system,e2e_lightweight_candidate_rule_v1,models/isolation_forest_windows_local.joblib,windows,ok,0.056598,True,True,True,True,0,False,2,"{""agent-security"": 0.842, ""agent-system"": 0.978581}",1,"{""agent-network"": ""capability_missing""}",0,
multisource_cnp_20260910T095810Z,windows_event,151,41eebb43e9984568b706b8001d68a9b4,4f5b6990eb714dfc89448c84e83c46d3,agent-system,e2e_lightweight_candidate_rule_v1,models/isolation_forest_windows_local.joblib,windows,ok,0.049214,True,True,True,True,1,False,2,"{""agent-security"": 0.842, ""agent-system"": 0.978573}",1,"{""agent-network"": ""capability_missing""}",0,
multisource_cnp_20260910T095810Z,windows_event,152,42aa6d7ab23d4b149880a481cb01c1b9,84593d80fb024ef48e09b35cba56c911,agent-system,e2e_lightweight_candidate_rule_v1,models/isolation_forest_windows_local.joblib,windows,ok,0.042416,True,True,True,True,1,False,2,"{""agent-security"": 0.842, ""agent-system"": 0.978583}",1,"{""agent-network"": ""capability_missing""}",0,
multisource_cnp_20260910T095810Z,windows_event,153,f5cd7e814c764149b1bab501dafc07f7,5d32856eb0134e7c8cbf0adbea6097f5,agent-system,e2e_lightweight_candidate_rule_v1,models/isolation_forest_windows_local.joblib,windows,ok,0.042095,True,True,True,True,1,False,2,"{""agent-security"": 0.842, ""agent-system"": 0.978587}",1,"{""agent-network"": ""capability_missing""}",0,
multisource_cnp_20260910T095810Z,windows_event,154,2d389a7e9c7a483c8a9d652a8ab0a3c5,8ad1fb48007c4bb0b1937f7cb1167b7c,agent-system,e2e_lightweight_candidate_rule_v1,models/isolation_forest_windows_local.joblib,windows,ok,0.042631,True,True,True,True,1,False,2,"{""agent-security"": 0.842, ""agent-system"": 0.978591}",1,"{""agent-network"": ""capability_missing""}",0,
multisource_cnp_20260910T095810Z,windows_event,155,c43cdee149064d1fb4b4619bf5cc48d7,78d069d360cc4e93873c80b9edb5e4b8,agent-system,e2e_lightweight_candidate_rule_v1,models/isolation_forest_windows_local.joblib,windows,ok,0.037322,True,True,True,True,1,False,2,"{""agent-security"": 0.842, ""agent-system"": 0.978597}",1,"{""agent-network"": ""capability_missing""}",0,
multisource_cnp_20260910T095810Z,windows_event,156,b089ad82b46044409627e0b1c45929db,ad149ae5930a4e0da1490739df1c1674,agent-system,e2e_lightweight_candidate_rule_v1,models/isolation_forest_windows_local.joblib,windows,ok,0.036239,True,True,True,True,1,False,2,"{""agent-security"": 0.842, ""agent-system"": 0.978604}",1,"{""agent-network"": ""capability_missing""}",0,
multisource_cnp_20260910T095810Z,windows_event,157,2dae454a12d045b6bd27796e1e306732,3eb1a2609d6f4ba2827df893f99cfc57,agent-system,e2e_lightweight_candidate_rule_v1,models/isolation_forest_windows_local.joblib,windows,ok,0.040061,True,True,True,True,1,False,2,"{""agent-security"": 0.842, ""agent-system"": 0.978624}",1,"{""agent-network"": ""capability_missing""}",0,
multisource_cnp_20260910T095810Z,windows_event,158,a5d84ab5391b495b8f9937d3ffef6e82,bbea4bfbea5b4f419f0d1610d53d2cff,agent-system,e2e_lightweight_candidate_rule_v1,models/isolation_forest_windows_local.joblib,windows,ok,0.051773,True,True,True,True,0,False,2,"{""agent-security"": 0.842, ""agent-system"": 0.978631}",1,"{""agent-network"": ""capability_missing""}",0,
multisource_cnp_20260910T095810Z,windows_event,159,2ac7993b49f14c61817dcb23b90024b7,1aeaabcd2d5c43ce96d916c6265005bf,agent-system,e2e_lightweight_candidate_rule_v1,models/isolation_forest_windows_local.joblib,windows,ok,0.038464,True,True,True,True,0,False,2,"{""agent-security"": 0.842, ""agent-system"": 0.978632}",1,"{""agent-network"": ""capability_missing""}",0,
multisource_cnp_20260910T095810Z,windows_event,160,9a8863f5f4564059b1f6fde404601500,994579cac8cb446ca38cc64f86adb516,agent-system,e2e_lightweight_candidate_rule_v1,models/isolation_forest_windows_local.joblib,windows,ok,0.037706,True,True,True,True,0,False,2,"{""agent-security"": 0.842, ""agent-system"": 0.97864}",1,"{""agent-network"": ""capability_missing""}",0,
multisource_cnp_20260910T095810Z,windows_event,161,f8a8b823bc454f049c201d77afe9dd0a,3246ddc3000242bcac47cdb665102fa3,agent-system,e2e_lightweight_candidate_rule_v1,models/isolation_forest_windows_local.joblib,windows,ok,0.037136,True,True,True,True,0,False,2,"{""agent-security"": 0.842, ""agent-system"": 0.978647}",1,"{""agent-network"": ""capability_missing""}",0,
multisource_cnp_20260910T095810Z,windows_event,162,2551402c8e4d4774952deb60f20516dd,b56dd231ef9d40749854ace2318443db,agent-system,e2e_lightweight_candidate_rule_v1,models/isolation_forest_windows_local.joblib,windows,ok,0.042679,True,True,True,True,0,False,2,"{""agent-security"": 0.842, ""agent-system"": 0.978656}",1,"{""agent-network"": ""capability_missing""}",0,
multisource_cnp_20260910T095810Z,windows_event,163,da72314a808b402eac76ae6603446360,01f6240dd9ac44a9abcb455ec3fc287b,agent-system,e2e_lightweight_candidate_rule_v1,models/isolation_forest_windows_local.joblib,windows,ok,0.035994,True,True,True,True,0,False,2,"{""agent-security"": 0.842, ""agent-system"": 0.97866}",1,"{""agent-network"": ""capability_missing""}",0,
multisource_cnp_20260910T095810Z,windows_event,164,aa12b3d7d51848bd89aabcfc4ffa5c9f,30d066cfd56e4c0eaa0cc1d922a52829,agent-system,e2e_lightweight_candidate_rule_v1,models/isolation_forest_windows_local.joblib,windows,ok,0.039423,True,True,True,True,0,False,2,"{""agent-security"": 0.842, ""agent-system"": 0.978666}",1,"{""agent-network"": ""capability_missing""}",0,
multisource_cnp_20260910T095810Z,windows_event,165,29dfb51f95e6456f8385a7faf69531b5,511de219381140a28cc9dd1f9f468c35,agent-system,e2e_lightweight_candidate_rule_v1,models/isolation_forest_windows_local.joblib,windows,ok,0.041424,True,True,True,True,0,False,2,"{""agent-security"": 0.842, ""agent-system"": 0.97867}",1,"{""agent-network"": ""capability_missing""}",0,
multisource_cnp_20260910T095810Z,windows_event,166,e2f7c5f55e104b76a4007cab189eb943,d2a3bb14624e4ee596465bf12721d4e1,agent-system,e2e_lightweight_candidate_rule_v1,models/isolation_forest_windows_local.joblib,windows,ok,0.036366,True,True,True,True,0,False,2,"{""agent-security"": 0.842, ""agent-system"": 0.978679}",1,"{""agent-network"": ""capability_missing""}",0,
multisource_cnp_20260910T095810Z,windows_event,167,2a1f6dbb23cd4a1f9b2654cc2b9649c3,16b30c1e4cc144739aab627438050719,agent-system,e2e_lightweight_candidate_rule_v1,models/isolation_forest_windows_local.joblib,windows,ok,0.040607,True,True,True,True,0,False,2,"{""agent-security"": 0.842, ""agent-system"": 0.978688}",1,"{""agent-network"": ""capability_missing""}",0,
multisource_cnp_20260910T095810Z,windows_event,168,5ef13b53dce840b3a721c5ce254ab2d3,61017e0f90b14739ba61e8860572e672,agent-system,e2e_lightweight_candidate_rule_v1,models/isolation_forest_windows_local.joblib,windows,ok,0.03526,True,True,True,True,0,False,2,"{""agent-security"": 0.842, ""agent-system"": 0.97869}",1,"{""agent-network"": ""capability_missing""}",0,
multisource_cnp_20260910T095810Z,windows_event,169,0cd6360dbe24475ba1cda1a50a9335e2,0eaa6df201f846528e4801b688c3da08,agent-system,e2e_lightweight_candidate_rule_v1,models/isolation_forest_windows_local.joblib,windows,ok,0.049087,True,True,True,True,0,False,2,"{""agent-security"": 0.842, ""agent-system"": 0.978699}",1,"{""agent-network"": ""capability_missing""}",0,
multisource_cnp_20260910T095810Z,windows_event,170,62b339f8c8a94814a3ea2b2bca8d8158,9073a2a278494c41b3de78ece8001ce0,agent-system,e2e_lightweight_candidate_rule_v1,models/isolation_forest_windows_local.joblib,windows,ok,0.044134,True,True,True,True,0,False,2,"{""agent-security"": 0.842, ""agent-system"": 0.978712}",1,"{""agent-network"": ""capability_missing""}",0,
multisource_cnp_20260910T095810Z,windows_event,171,1a25429de3c444549a2e8c961dfa9911,477aaf00bda844b9b85c1391088ffbc3,agent-system,e2e_lightweight_candidate_rule_v1,models/isolation_forest_windows_local.joblib,windows,ok,0.04519,True,True,True,True,0,False,2,"{""agent-security"": 0.842, ""agent-system"": 0.978715}",1,"{""agent-network"": ""capability_missing""}",0,
multisource_cnp_20260910T095810Z,windows_event,172,238154eafc2f4ccbbe4c94fc087d6aff,864e5e0ec6e54ee49633bda391485f31,agent-system,e2e_lightweight_candidate_rule_v1,models/isolation_forest_windows_local.joblib,windows,ok,0.039931,True,True,True,True,0,False,2,"{""agent-security"": 0.842, ""agent-system"": 0.978724}",1,"{""agent-network"": ""capability_missing""}",0,
multisource_cnp_20260910T095810Z,windows_event,173,ee067c736575410fad2d20ecea4f4209,7b13ee7620e44ed6814cee7e40529305,agent-system,e2e_lightweight_candidate_rule_v1,models/isolation_forest_windows_local.joblib,windows,ok,0.043155,True,True,True,True,0,False,2,"{""agent-security"": 0.842, ""agent-system"": 0.978739}",1,"{""agent-network"": ""capability_missing""}",0,
multisource_cnp_20260910T095810Z,windows_event,174,3fde6e72f73d4553ac685d198c52ac55,3fe82c1c1e044d9898134ff9540b3b07,agent-system,e2e_lightweight_candidate_rule_v1,models/isolation_forest_windows_local.joblib,windows,ok,0.041143,True,True,True,True,0,False,2,"{""agent-security"": 0.842, ""agent-system"": 0.97874}",1,"{""agent-network"": ""capability_missing""}",0,
multisource_cnp_20260910T095810Z,windows_event,175,e3cd06eeb2ca4635848cff50acb227d8,8ee38d991ab343799389e4ce39230812,agent-system,e2e_lightweight_candidate_rule_v1,models/isolation_forest_windows_local.joblib,windows,ok,0.039594,True,True,True,True,0,False,2,"{""agent-security"": 0.842, ""agent-system"": 0.978743}",1,"{""agent-network"": ""capability_missing""}",0,
multisource_cnp_20260910T095810Z,windows_event,176,04ee1b29e33c4e5f913b9104a7b6c17a,8fbf05a858014806977334ee2131a5d6,agent-system,e2e_lightweight_candidate_rule_v1,models/isolation_forest_windows_local.joblib,windows,ok,0.035966,True,True,True,True,0,False,2,"{""agent-security"": 0.842, ""agent-system"": 0.97875}",1,"{""agent-network"": ""capability_missing""}",0,
multisource_cnp_20260910T095810Z,windows_event,177,cfe07c17b2b141c8a10d533a3c6d04c0,e2f20a989576411d98890817de7a9e9b,agent-system,e2e_lightweight_candidate_rule_v1,models/isolation_forest_windows_local.joblib,windows,ok,0.045185,True,True,True,True,0,False,2,"{""agent-security"": 0.842, ""agent-system"": 0.97877}",1,"{""agent-network"": ""capability_missing""}",0,
multisource_cnp_20260910T095810Z,windows_event,178,18aa4274b779486286dc4648d272a501,8831570959bb4add8ca551847ef3ecbb,agent-system,e2e_lightweight_candidate_rule_v1,models/isolation_forest_windows_local.joblib,windows,ok,0.04931,True,True,True,True,0,False,2,"{""agent-security"": 0.842, ""agent-system"": 0.978769}",1,"{""agent-network"": ""capability_missing""}",0,
multisource_cnp_20260910T095810Z,windows_event,179,8d01ee1e4e1b41a584f82f957aa0ed82,fd20582fcfbe442581d6987772134680,agent-system,e2e_lightweight_candidate_rule_v1,models/isolation_forest_windows_local.joblib,windows,ok,0.040242,True,True,True,True,0,False,2,"{""agent-security"": 0.842, ""agent-system"": 0.978766}",1,"{""agent-network"": ""capability_missing""}",0,
multisource_cnp_20260910T095810Z,windows_event,180,52708f88c21442a4acdfc7daa9ba5f12,211e3e3136ff4e65aa07b852af5a158b,agent-system,e2e_lightweight_candidate_rule_v1,models/isolation_forest_windows_local.joblib,windows,ok,0.036532,True,True,True,True,0,False,2,"{""agent-security"": 0.842, ""agent-system"": 0.978771}",1,"{""agent-network"": ""capability_missing""}",0,
multisource_cnp_20260910T095810Z,windows_event,181,1ee691a4af8246ad918120c302dd2d65,4f99cc51e9fc49cba3fe286c67f9309b,agent-system,e2e_lightweight_candidate_rule_v1,models/isolation_forest_windows_local.joblib,windows,ok,0.035355,True,True,True,True,0,False,2,"{""agent-security"": 0.842, ""agent-system"": 0.978784}",1,"{""agent-network"": ""capability_missing""}",0,
multisource_cnp_20260910T095810Z,windows_event,182,ca8fe043a1c143dd94fc69afd4f96f2c,60f1fda1059241cd83e02fa0ea9933ae,agent-system,e2e_lightweight_candidate_rule_v1,models/isolation_forest_windows_local.joblib,windows,ok,0.038369,True,True,True,True,0,False,2,"{""agent-security"": 0.842, ""agent-system"": 0.978804}",1,"{""agent-network"": ""capability_missing""}",0,
multisource_cnp_20260910T095810Z,windows_event,183,0f5414c8136245a69cd10df853603938,7434eae315204fe8a6bc7e2975b7f5c5,agent-system,e2e_lightweight_candidate_rule_v1,models/isolation_forest_windows_local.joblib,windows,ok,0.039282,True,True,True,True,0,False,2,"{""agent-security"": 0.842, ""agent-system"": 0.978811}",1,"{""agent-network"": ""capability_missing""}",0,
multisource_cnp_20260910T095810Z,windows_event,184,15553cae36864db9ac66645a9b7ef9f0,280c20f72e484d7abc823723993989f0,agent-system,e2e_lightweight_candidate_rule_v1,models/isolation_forest_windows_local.joblib,windows,ok,0.039936,True,True,True,True,0,False,2,"{""agent-security"": 0.842, ""agent-system"": 0.978822}",1,"{""agent-network"": ""capability_missing""}",0,
multisource_cnp_20260910T095810Z,windows_event,185,0ac3643dc3264570811afbc5140e7b5b,33c4358c44d84fbda58872d0ef7d160e,agent-system,e2e_lightweight_candidate_rule_v1,models/isolation_forest_windows_local.joblib,windows,ok,0.038907,True,True,True,True,0,False,2,"{""agent-security"": 0.842, ""agent-system"": 0.978831}",1,"{""agent-network"": ""capability_missing""}",0,
multisource_cnp_20260910T095810Z,windows_event,186,fe04fd5c9d4e4339bd4ee848360359fe,91e2414006b541cca8b1e38dc7395810,agent-system,e2e_lightweight_candidate_rule_v1,models/isolation_forest_windows_local.joblib,windows,ok,0.039963,True,True,True,True,0,False,2,"{""agent-security"": 0.842, ""agent-system"": 0.978835}",1,"{""agent-network"": ""capability_missing""}",0,
multisource_cnp_20260910T095810Z,windows_event,187,a055ce599c7c429a9e6fbe9a995c8b82,a94803b525d84842a6b08a0ac70db4d8,agent-system,e2e_lightweight_candidate_rule_v1,models/isolation_forest_windows_local.joblib,windows,ok,0.04919,True,True,True,True,0,False,2,"{""agent-security"": 0.842, ""agent-system"": 0.978839}",1,"{""agent-network"": ""capability_missing""}",0,
multisource_cnp_20260910T095810Z,windows_event,188,13ce799103a2434d9e0b885b14cd98d7,d9b171f989bd434394f1f334636c9419,agent-system,e2e_lightweight_candidate_rule_v1,models/isolation_forest_windows_local.joblib,windows,ok,0.044786,True,True,True,True,0,False,2,"{""agent-security"": 0.842, ""agent-system"": 0.978838}",1,"{""agent-network"": ""capability_missing""}",0,
multisource_cnp_20260910T095810Z,windows_event,189,5be0a951a3b54d37849ae9f722fec043,46fdbc7ce7b74199beb5757c2c5d924c,agent-system,e2e_lightweight_candidate_rule_v1,models/isolation_forest_windows_local.joblib,windows,ok,0.038644,True,True,True,True,0,False,2,"{""agent-security"": 0.842, ""agent-system"": 0.978844}",1,"{""agent-network"": ""capability_missing""}",0,
multisource_cnp_20260910T095810Z,windows_event,190,c6fe915d682c4f659d0a89b349e1ae64,dfe9ea6aecd64d48a881cd86e6645e2e,agent-system,e2e_lightweight_candidate_rule_v1,models/isolation_forest_windows_local.joblib,windows,ok,0.041652,True,True,True,True,0,False,2,"{""agent-security"": 0.842, ""agent-system"": 0.978854}",1,"{""agent-network"": ""capability_missing""}",0,
multisource_cnp_20260910T095810Z,windows_event,191,dc781375c01e497693b7e4772b92b9af,02ae7b04ab5045a99101c1d7bcb7914d,agent-system,e2e_lightweight_candidate_rule_v1,models/isolation_forest_windows_local.joblib,windows,ok,0.040462,True,True,True,True,0,False,2,"{""agent-security"": 0.842, ""agent-system"": 0.978857}",1,"{""agent-network"": ""capability_missing""}",0,
multisource_cnp_20260910T095810Z,windows_event,192,72e901514fd14b62ae4235ae23f2e295,885127be31d94c98bf066f91a1407d78,agent-system,e2e_lightweight_candidate_rule_v1,models/isolation_forest_windows_local.joblib,windows,ok,0.035447,True,True,True,True,0,False,2,"{""agent-security"": 0.842, ""agent-system"": 0.978859}",1,"{""agent-network"": ""capability_missing""}",0,
multisource_cnp_20260910T095810Z,windows_event,193,a478bb8a6b2045e49965d54718589fc0,22f0874dbb69411abbc5f4ef280cf021,agent-system,e2e_lightweight_candidate_rule_v1,models/isolation_forest_windows_local.joblib,windows,ok,0.042234,True,True,True,True,0,False,2,"{""agent-security"": 0.842, ""agent-system"": 0.978876}",1,"{""agent-network"": ""capability_missing""}",0,
multisource_cnp_20260910T095810Z,windows_event,194,9691c1ed40ad42b6bbc3a73bcb1540c0,27c73724d1bb453f90606bd2bfd7f241,agent-system,e2e_lightweight_candidate_rule_v1,models/isolation_forest_windows_local.joblib,windows,ok,0.101216,True,True,True,True,0,False,2,"{""agent-security"": 0.842, ""agent-system"": 0.978913}",1,"{""agent-network"": ""capability_missing""}",0,
multisource_cnp_20260910T095810Z,windows_event,195,1f24561d39e24efe99bea4add04b8f02,6c7b5595962742f6a27292bcf3f1746e,agent-system,e2e_lightweight_candidate_rule_v1,models/isolation_forest_windows_local.joblib,windows,ok,0.107536,True,True,True,True,0,False,2,"{""agent-security"": 0.842, ""agent-system"": 0.978884}",1,"{""agent-network"": ""capability_missing""}",0,
multisource_cnp_20260910T095810Z,windows_event,196,da3f07558aff4fa2bb582a6d80cf4186,85e03bedfc4c42c38f99d210da4f00f6,agent-system,e2e_lightweight_candidate_rule_v1,models/isolation_forest_windows_local.joblib,windows,ok,0.1046,True,True,True,True,0,False,2,"{""agent-security"": 0.842, ""agent-system"": 0.978877}",1,"{""agent-network"": ""capability_missing""}",0,
multisource_cnp_20260910T095810Z,windows_event,197,f5a58addbb744d4f84cee047b19535db,af22c37515ee4b26b60ffe0e6acf040c,agent-system,e2e_lightweight_candidate_rule_v1,models/isolation_forest_windows_local.joblib,windows,ok,0.088281,True,True,True,True,0,False,2,"{""agent-security"": 0.842, ""agent-system"": 0.978856}",1,"{""agent-network"": ""capability_missing""}",0,
multisource_cnp_20260910T095810Z,windows_event,198,e697f04aaca945ad96b77bba3dbd7157,45331c6a76d04a43aa13da5d1990b921,agent-system,e2e_lightweight_candidate_rule_v1,models/isolation_forest_windows_local.joblib,windows,ok,0.074198,True,True,True,True,0,False,2,"{""agent-security"": 0.842, ""agent-system"": 0.978837}",1,"{""agent-network"": ""capability_missing""}",0,
multisource_cnp_20260910T095810Z,windows_event,199,470fe0c1d0ef4214bd6a0bcb78ab8e90,12dbd3b01f5448ae9091ce6f7e7925bd,agent-system,e2e_lightweight_candidate_rule_v1,models/isolation_forest_windows_local.joblib,windows,ok,0.068211,True,True,True,True,0,False,2,"{""agent-security"": 0.842, ""agent-system"": 0.97883}",1,"{""agent-network"": ""capability_missing""}",0,
multisource_cnp_20260910T095810Z,windows_event,200,f915cfe6eaf6425a87aa90af00660923,a2f2c559c792419c85bc5339b7700420,agent-system,e2e_lightweight_candidate_rule_v1,models/isolation_forest_windows_local.joblib,windows,ok,0.062929,True,True,True,True,0,False,2,"{""agent-security"": 0.842, ""agent-system"": 0.978818}",1,"{""agent-network"": ""capability_missing""}",0,
multisource_cnp_20260910T095810Z,linux_auth,1,f37217ca0a664bc49870120372398bbe,5bf471d6f23f41bdb69561cdc0e402b9,agent-security,e2e_lightweight_candidate_rule_v1,models/random_forest_linux_auth.joblib,linux_auth,ok,0.044576,True,True,True,True,0,False,1,"{""agent-security"": 0.869}",2,"{""agent-network"": ""capability_missing"", ""agent-system"": ""capability_missing""}",0,
multisource_cnp_20260910T095810Z,linux_auth,2,0a6b8557163248128e18739e785c01b9,f8e68b5d47f640779745d194aad272c4,agent-security,e2e_lightweight_candidate_rule_v1,models/random_forest_linux_auth.joblib,linux_auth,ok,0.030555,True,True,True,True,0,False,1,"{""agent-security"": 0.925288}",2,"{""agent-network"": ""capability_missing"", ""agent-system"": ""capability_missing""}",0,
multisource_cnp_20260910T095810Z,linux_auth,3,ef81a76b3e834db08c387bdd2b8ff948,775b89bb17114c2a974c38ea45b0758c,agent-security,e2e_lightweight_candidate_rule_v1,models/random_forest_linux_auth.joblib,linux_auth,ok,0.026198,True,True,True,True,0,False,1,"{""agent-security"": 0.942278}",2,"{""agent-network"": ""capability_missing"", ""agent-system"": ""capability_missing""}",0,
multisource_cnp_20260910T095810Z,linux_auth,4,5959cdcf30da40648a3d1af0ce58f6c9,cb398048e2474145bfda4ab307e7a24a,agent-security,e2e_lightweight_candidate_rule_v1,models/random_forest_linux_auth.joblib,linux_auth,ok,0.029252,True,True,True,True,0,False,1,"{""agent-security"": 0.952445}",2,"{""agent-network"": ""capability_missing"", ""agent-system"": ""capability_missing""}",0,
multisource_cnp_20260910T095810Z,linux_auth,5,1866212416c44ddc916928de186f643c,1fd344008a8f4ff2ad0867fe533fafb7,agent-security,e2e_lightweight_candidate_rule_v1,models/random_forest_linux_auth.joblib,linux_auth,ok,0.030555,True,True,True,True,0,False,1,"{""agent-security"": 0.959153}",2,"{""agent-network"": ""capability_missing"", ""agent-system"": ""capability_missing""}",0,
multisource_cnp_20260910T095810Z,linux_auth,6,35a43e01ea9b44dabfa5c131a5896dd2,cf4488ef6936417f8ed9d24dcee98362,agent-security,e2e_lightweight_candidate_rule_v1,models/random_forest_linux_auth.joblib,linux_auth,ok,0.028316,True,True,True,True,0,False,1,"{""agent-security"": 0.963932}",2,"{""agent-network"": ""capability_missing"", ""agent-system"": ""capability_missing""}",0,
multisource_cnp_20260910T095810Z,linux_auth,7,98401cf8f82d43b1b2476bdbca1e18e1,31003d7609d242298c2f6346a99869ad,agent-security,e2e_lightweight_candidate_rule_v1,models/random_forest_linux_auth.joblib,linux_auth,ok,0.036593,True,True,True,True,0,False,1,"{""agent-security"": 0.967533}",2,"{""agent-network"": ""capability_missing"", ""agent-system"": ""capability_missing""}",0,
multisource_cnp_20260910T095810Z,linux_auth,8,0240d0fdcbbd4a52b38ceeceb1ca3309,e32039e5055e4bbf94ae91b43723a01a,agent-security,e2e_lightweight_candidate_rule_v1,models/random_forest_linux_auth.joblib,linux_auth,ok,0.024162,True,True,True,True,0,False,1,"{""agent-security"": 0.970279}",2,"{""agent-network"": ""capability_missing"", ""agent-system"": ""capability_missing""}",0,
multisource_cnp_20260910T095810Z,linux_auth,9,c5d82137976949df876c54746affc9a6,f3b413864ffe4cedb86f1b9c1f917399,agent-security,e2e_lightweight_candidate_rule_v1,models/random_forest_linux_auth.joblib,linux_auth,ok,0.02825,True,True,True,True,0,False,1,"{""agent-security"": 0.972544}",2,"{""agent-network"": ""capability_missing"", ""agent-system"": ""capability_missing""}",0,
multisource_cnp_20260910T095810Z,linux_auth,10,b649c15ac9b44189babeca4915f2416d,5ad1722973e542fb8ed0b6e05207f7a6,agent-security,e2e_lightweight_candidate_rule_v1,models/random_forest_linux_auth.joblib,linux_auth,ok,0.022409,True,True,True,True,0,False,1,"{""agent-security"": 0.974378}",2,"{""agent-network"": ""capability_missing"", ""agent-system"": ""capability_missing""}",0,
multisource_cnp_20260910T095810Z,linux_auth,11,39e9d9b0da1b4c16abf8c6f3f4b6262c,65c82ae5dddb454db3a1c00c64802643,agent-security,e2e_lightweight_candidate_rule_v1,models/random_forest_linux_auth.joblib,linux_auth,ok,0.027183,True,True,True,True,0,False,1,"{""agent-security"": 0.975931}",2,"{""agent-network"": ""capability_missing"", ""agent-system"": ""capability_missing""}",0,
multisource_cnp_20260910T095810Z,linux_auth,12,71885456a6364784ab15e5bc691da2c5,83e05e77dc944c45b8c0e746c8751386,agent-security,e2e_lightweight_candidate_rule_v1,models/random_forest_linux_auth.joblib,linux_auth,ok,0.116152,True,True,True,True,0,False,1,"{""agent-security"": 0.977223}",2,"{""agent-network"": ""capability_missing"", ""agent-system"": ""capability_missing""}",0,
multisource_cnp_20260910T095810Z,linux_auth,13,cc686e7488a348058cc17b17ef0adf7d,7d9dffe8dafb48b5ba71c4726413debc,agent-security,e2e_lightweight_candidate_rule_v1,models/random_forest_linux_auth.joblib,linux_auth,ok,0.073387,True,True,True,True,0,False,1,"{""agent-security"": 0.97799}",2,"{""agent-network"": ""capability_missing"", ""agent-system"": ""capability_missing""}",0,
multisource_cnp_20260910T095810Z,linux_auth,14,ef7edf668bfc47a8bb765c573e152faa,a801b6a2f5e44125b4fb67afb2076620,agent-security,e2e_lightweight_candidate_rule_v1,models/random_forest_linux_auth.joblib,linux_auth,ok,0.198377,True,True,True,True,0,False,1,"{""agent-security"": 0.978814}",2,"{""agent-network"": ""capability_missing"", ""agent-system"": ""capability_missing""}",0,
multisource_cnp_20260910T095810Z,linux_auth,15,f3ade6487cfc47479c9865ccaf276e58,fb1dd4be79c7446c935a81b2c6e65f81,agent-security,e2e_lightweight_candidate_rule_v1,models/random_forest_linux_auth.joblib,linux_auth,ok,0.029785,True,True,True,True,0,False,1,"{""agent-security"": 0.979127}",2,"{""agent-network"": ""capability_missing"", ""agent-system"": ""capability_missing""}",0,
multisource_cnp_20260910T095810Z,linux_auth,16,a7b351abea864164941fbec337e1afcc,45ef5567ee9949c8863dc56d521d3753,agent-security,e2e_lightweight_candidate_rule_v1,models/random_forest_linux_auth.joblib,linux_auth,ok,0.033066,True,True,True,True,0,False,1,"{""agent-security"": 0.979928}",2,"{""agent-network"": ""capability_missing"", ""agent-system"": ""capability_missing""}",0,
multisource_cnp_20260910T095810Z,linux_auth,17,6ef2b1acd2fd4004881667d452908ec3,4ffeed252294426aa2a31d37f6180c10,agent-security,e2e_lightweight_candidate_rule_v1,models/random_forest_linux_auth.joblib,linux_auth,ok,0.029845,True,True,True,True,0,False,1,"{""agent-security"": 0.980628}",2,"{""agent-network"": ""capability_missing"", ""agent-system"": ""capability_missing""}",0,
multisource_cnp_20260910T095810Z,linux_auth,18,d932b919fda74d718665a8602c137fa7,e098c8ece42949bb9f7e5e44b2cb2028,agent-security,e2e_lightweight_candidate_rule_v1,models/random_forest_linux_auth.joblib,linux_auth,ok,0.025672,True,True,True,True,0,False,1,"{""agent-security"": 0.981263}",2,"{""agent-network"": ""capability_missing"", ""agent-system"": ""capability_missing""}",0,
multisource_cnp_20260910T095810Z,linux_auth,19,3eadad2add3e4055bdd5b5783e3cfcae,ff98dca0ffc740099ec0a328eb9013c8,agent-security,e2e_lightweight_candidate_rule_v1,models/random_forest_linux_auth.joblib,linux_auth,ok,0.024614,True,True,True,True,0,False,1,"{""agent-security"": 0.981844}",2,"{""agent-network"": ""capability_missing"", ""agent-system"": ""capability_missing""}",0,
multisource_cnp_20260910T095810Z,linux_auth,20,1d8b1675d84c4bca8af13bd1e46a67f4,ae18aac0cd9241faa04ac173332be882,agent-security,e2e_lightweight_candidate_rule_v1,models/random_forest_linux_auth.joblib,linux_auth,ok,0.025008,True,True,True,True,1,False,1,"{""agent-security"": 0.982373}",2,"{""agent-network"": ""capability_missing"", ""agent-system"": ""capability_missing""}",0,
multisource_cnp_20260910T095810Z,linux_auth,21,e3d7b2ad71a5462197541bd02d42db24,c144dfd586244ff79aa694685eb4809b,agent-security,e2e_lightweight_candidate_rule_v1,models/random_forest_linux_auth.joblib,linux_auth,ok,0.028288,True,True,True,True,1,False,1,"{""agent-security"": 0.982852}",2,"{""agent-network"": ""capability_missing"", ""agent-system"": ""capability_missing""}",0,
multisource_cnp_20260910T095810Z,linux_auth,22,f4bd0ad970cc46808279a8298f7e41ba,3fc7747731524f36a50a172e9b64622e,agent-security,e2e_lightweight_candidate_rule_v1,models/random_forest_linux_auth.joblib,linux_auth,ok,0.023453,True,True,True,True,0,False,1,"{""agent-security"": 0.983281}",2,"{""agent-network"": ""capability_missing"", ""agent-system"": ""capability_missing""}",0,
multisource_cnp_20260910T095810Z,linux_auth,23,bd33da20497d4f59857c7e3d47e34a19,0768cb78c23744e48ad87e21cf642ad1,agent-security,e2e_lightweight_candidate_rule_v1,models/random_forest_linux_auth.joblib,linux_auth,ok,0.02858,True,True,True,True,0,False,1,"{""agent-security"": 0.983684}",2,"{""agent-network"": ""capability_missing"", ""agent-system"": ""capability_missing""}",0,
multisource_cnp_20260910T095810Z,linux_auth,24,e4569126e5994e34bd2382a1e8fa3a08,bc6965009b464a2181d9949d7a9358b0,agent-security,e2e_lightweight_candidate_rule_v1,models/random_forest_linux_auth.joblib,linux_auth,ok,0.027224,True,True,True,True,0,False,1,"{""agent-security"": 0.984046}",2,"{""agent-network"": ""capability_missing"", ""agent-system"": ""capability_missing""}",0,
multisource_cnp_20260910T095810Z,linux_auth,25,55a3e540004146cdacac0e9a66889fc9,a93640c14a024f15ad4b3dc0033aa7ae,agent-security,e2e_lightweight_candidate_rule_v1,models/random_forest_linux_auth.joblib,linux_auth,ok,0.026576,True,True,True,True,0,False,1,"{""agent-security"": 0.984382}",2,"{""agent-network"": ""capability_missing"", ""agent-system"": ""capability_missing""}",0,
multisource_cnp_20260910T095810Z,linux_auth,26,733d0ea5656f424f9ee786f272192972,cf45f05340a149578380089371f0a513,agent-security,e2e_lightweight_candidate_rule_v1,models/random_forest_linux_auth.joblib,linux_auth,ok,0.03073,True,True,True,True,0,False,1,"{""agent-security"": 0.984693}",2,"{""agent-network"": ""capability_missing"", ""agent-system"": ""capability_missing""}",0,
multisource_cnp_20260910T095810Z,linux_auth,27,9f46047f1901471189571e1fd988412e,19d44caa496e4aa0a36de96b19b239c1,agent-security,e2e_lightweight_candidate_rule_v1,models/random_forest_linux_auth.joblib,linux_auth,ok,0.028611,True,True,True,True,0,False,1,"{""agent-security"": 0.984974}",2,"{""agent-network"": ""capability_missing"", ""agent-system"": ""capability_missing""}",0,
multisource_cnp_20260910T095810Z,linux_auth,28,daac398b40b24e9194113403caf92787,8ad32e710acd4ac39930db112acb60de,agent-security,e2e_lightweight_candidate_rule_v1,models/random_forest_linux_auth.joblib,linux_auth,ok,0.023472,True,True,True,True,0,False,1,"{""agent-security"": 0.985241}",2,"{""agent-network"": ""capability_missing"", ""agent-system"": ""capability_missing""}",0,
multisource_cnp_20260910T095810Z,linux_auth,29,c8b85ba62be64a668b4c9217553a64ca,609c7c48fa4847afbab75a20e853b1d4,agent-security,e2e_lightweight_candidate_rule_v1,models/random_forest_linux_auth.joblib,linux_auth,ok,0.027681,True,True,True,True,0,False,1,"{""agent-security"": 0.985498}",2,"{""agent-network"": ""capability_missing"", ""agent-system"": ""capability_missing""}",0,
multisource_cnp_20260910T095810Z,linux_auth,30,0fb07be856a14d93b7f62b6cd47e3118,c006a5c28fcb46748da53d4a270d27c9,agent-security,e2e_lightweight_candidate_rule_v1,models/random_forest_linux_auth.joblib,linux_auth,ok,0.02559,True,True,True,True,0,False,1,"{""agent-security"": 0.985732}",2,"{""agent-network"": ""capability_missing"", ""agent-system"": ""capability_missing""}",0,
multisource_cnp_20260910T095810Z,linux_auth,31,a2fe42b286064edeb5025ba1fefb010a,72d4487bd05a400186fa11272587f644,agent-security,e2e_lightweight_candidate_rule_v1,models/random_forest_linux_auth.joblib,linux_auth,ok,0.039481,True,True,True,True,0,False,1,"{""agent-security"": 0.985955}",2,"{""agent-network"": ""capability_missing"", ""agent-system"": ""capability_missing""}",0,
multisource_cnp_20260910T095810Z,linux_auth,32,86e70eb603274c8f9632a5ebc7fd8ea9,da581f4824ef404db264a82cdcafd229,agent-security,e2e_lightweight_candidate_rule_v1,models/random_forest_linux_auth.joblib,linux_auth,ok,0.03727,True,True,True,True,1,False,1,"{""agent-security"": 0.986144}",2,"{""agent-network"": ""capability_missing"", ""agent-system"": ""capability_missing""}",0,
multisource_cnp_20260910T095810Z,linux_auth,33,e39514827a3943329da00620230c5a75,c4d0d01a6be341e69adf16583d8c9735,agent-security,e2e_lightweight_candidate_rule_v1,models/random_forest_linux_auth.joblib,linux_auth,ok,0.038318,True,True,True,True,0,False,1,"{""agent-security"": 0.986324}",2,"{""agent-network"": ""capability_missing"", ""agent-system"": ""capability_missing""}",0,
multisource_cnp_20260910T095810Z,linux_auth,34,e67f9f3ff49f4891bb4ece7e465fe4ed,848c188685674dd7affe181ac92daa98,agent-security,e2e_lightweight_candidate_rule_v1,models/random_forest_linux_auth.joblib,linux_auth,ok,0.041941,True,True,True,True,0,False,1,"{""agent-security"": 0.986492}",2,"{""agent-network"": ""capability_missing"", ""agent-system"": ""capability_missing""}",0,
multisource_cnp_20260910T095810Z,linux_auth,35,afd268348462479782af77ef8f3ea3cf,dcf8ee32adc2496ea9a2b77d6c42059e,agent-security,e2e_lightweight_candidate_rule_v1,models/random_forest_linux_auth.joblib,linux_auth,ok,0.024557,True,True,True,True,0,False,1,"{""agent-security"": 0.986647}",2,"{""agent-network"": ""capability_missing"", ""agent-system"": ""capability_missing""}",0,
multisource_cnp_20260910T095810Z,linux_auth,36,32b1121089624f3e9fedff0cbd5336f5,4e164765ba5140b590a822c0ecf34e85,agent-security,e2e_lightweight_candidate_rule_v1,models/random_forest_linux_auth.joblib,linux_auth,ok,0.034147,True,True,True,True,0,False,1,"{""agent-security"": 0.986815}",2,"{""agent-network"": ""capability_missing"", ""agent-system"": ""capability_missing""}",0,
multisource_cnp_20260910T095810Z,linux_auth,37,c8d0d1a936ff4fda8d797df4dcaa9acb,208781887d894f4d958b1190dcf3d105,agent-security,e2e_lightweight_candidate_rule_v1,models/random_forest_linux_auth.joblib,linux_auth,ok,0.029608,True,True,True,True,0,False,1,"{""agent-security"": 0.986962}",2,"{""agent-network"": ""capability_missing"", ""agent-system"": ""capability_missing""}",0,
multisource_cnp_20260910T095810Z,linux_auth,38,dd700cabb812400bad7a17ef735f937f,18953d85fa2a477abeaf4504ddcbbdec,agent-security,e2e_lightweight_candidate_rule_v1,models/random_forest_linux_auth.joblib,linux_auth,ok,0.027296,True,True,True,True,0,False,1,"{""agent-security"": 0.987107}",2,"{""agent-network"": ""capability_missing"", ""agent-system"": ""capability_missing""}",0,
multisource_cnp_20260910T095810Z,linux_auth,39,596693c98c774d5299f12a08c7e9c115,ad1688626bf14208883ff2d07b88a805,agent-security,e2e_lightweight_candidate_rule_v1,models/random_forest_linux_auth.joblib,linux_auth,ok,0.023289,True,True,True,True,0,False,1,"{""agent-security"": 0.987249}",2,"{""agent-network"": ""capability_missing"", ""agent-system"": ""capability_missing""}",0,
multisource_cnp_20260910T095810Z,linux_auth,40,6fc37a0cb1bd4f97bc6f22cd440d3b46,ba85703786ab4240b0fdcb5a248ead87,agent-security,e2e_lightweight_candidate_rule_v1,models/random_forest_linux_auth.joblib,linux_auth,ok,0.027271,True,True,True,True,0,False,1,"{""agent-security"": 0.987387}",2,"{""agent-network"": ""capability_missing"", ""agent-system"": ""capability_missing""}",0,
multisource_cnp_20260910T095810Z,linux_auth,41,cdf6ed96dd4d4b609bcfaf93b2b5286e,3cb6b2ab63ab4fd88a9cc869a983ea3c,agent-security,e2e_lightweight_candidate_rule_v1,models/random_forest_linux_auth.joblib,linux_auth,ok,0.022436,True,True,True,True,0,False,1,"{""agent-security"": 0.987515}",2,"{""agent-network"": ""capability_missing"", ""agent-system"": ""capability_missing""}",0,
multisource_cnp_20260910T095810Z,linux_auth,42,66db0c1c467847ffb47344e2229f1826,16c6d9407d1040ab99bf97ed68550fb2,agent-security,e2e_lightweight_candidate_rule_v1,models/random_forest_linux_auth.joblib,linux_auth,ok,0.02646,True,True,True,True,0,False,1,"{""agent-security"": 0.987641}",2,"{""agent-network"": ""capability_missing"", ""agent-system"": ""capability_missing""}",0,
multisource_cnp_20260910T095810Z,linux_auth,43,f6e8530aee774ca6a3cf0f960b45a48b,ff265aad614a4378ad108591f156bacf,agent-security,e2e_lightweight_candidate_rule_v1,models/random_forest_linux_auth.joblib,linux_auth,ok,0.022487,True,True,True,True,0,False,1,"{""agent-security"": 0.987758}",2,"{""agent-network"": ""capability_missing"", ""agent-system"": ""capability_missing""}",0,
multisource_cnp_20260910T095810Z,linux_auth,44,4dececcb96a84949a2098783569e6236,ef2b83e7b12c46d7bd93ec98283025e8,agent-security,e2e_lightweight_candidate_rule_v1,models/random_forest_linux_auth.joblib,linux_auth,ok,0.026731,True,True,True,True,0,False,1,"{""agent-security"": 0.987874}",2,"{""agent-network"": ""capability_missing"", ""agent-system"": ""capability_missing""}",0,
multisource_cnp_20260910T095810Z,linux_auth,45,5b5c4b32896a4cb2bbbd357a3887f2ba,f1598db44b1d44dbaebabbc674c09dfa,agent-security,e2e_lightweight_candidate_rule_v1,models/random_forest_linux_auth.joblib,linux_auth,ok,0.043573,True,True,True,True,0,False,1,"{""agent-security"": 0.98798}",2,"{""agent-network"": ""capability_missing"", ""agent-system"": ""capability_missing""}",0,
multisource_cnp_20260910T095810Z,linux_auth,46,47abe151e336423eb75ad6e1754ce335,6a905e23e2134663a957910b015f5c60,agent-security,e2e_lightweight_candidate_rule_v1,models/random_forest_linux_auth.joblib,linux_auth,ok,0.039884,True,True,True,True,0,False,1,"{""agent-security"": 0.988064}",2,"{""agent-network"": ""capability_missing"", ""agent-system"": ""capability_missing""}",0,
multisource_cnp_20260910T095810Z,linux_auth,47,3c652572cba0469dae307279394f8e8d,79bc9e3ae20f4f17b1041dd862b5d158,agent-security,e2e_lightweight_candidate_rule_v1,models/random_forest_linux_auth.joblib,linux_auth,ok,0.037484,True,True,True,True,0,False,1,"{""agent-security"": 0.988149}",2,"{""agent-network"": ""capability_missing"", ""agent-system"": ""capability_missing""}",0,
multisource_cnp_20260910T095810Z,linux_auth,48,709b81a1bfd044e9a9847653ea23d0da,be7b065b83714ad9a20650984915e114,agent-security,e2e_lightweight_candidate_rule_v1,models/random_forest_linux_auth.joblib,linux_auth,ok,0.037455,True,True,True,True,0,False,1,"{""agent-security"": 0.988234}",2,"{""agent-network"": ""capability_missing"", ""agent-system"": ""capability_missing""}",0,
multisource_cnp_20260910T095810Z,linux_auth,49,6f61aac478154d569bc780c4bd71229a,2767bbf68e404a23969924186cd67ec9,agent-security,e2e_lightweight_candidate_rule_v1,models/random_forest_linux_auth.joblib,linux_auth,ok,0.035702,True,True,True,True,0,False,1,"{""agent-security"": 0.988315}",2,"{""agent-network"": ""capability_missing"", ""agent-system"": ""capability_missing""}",0,
multisource_cnp_20260910T095810Z,linux_auth,50,d1e0697fd4774f11bcb8545991c9bdbb,4d19737d826047ecaefe85a7c425e494,agent-security,e2e_lightweight_candidate_rule_v1,models/random_forest_linux_auth.joblib,linux_auth,ok,0.044702,True,True,True,True,0,False,1,"{""agent-security"": 0.988394}",2,"{""agent-network"": ""capability_missing"", ""agent-system"": ""capability_missing""}",0,
multisource_cnp_20260910T095810Z,linux_auth,51,da6d5f7bc09744799a29a0be1e0bccc2,97a18224805b491d87708d292f9aaec6,agent-security,e2e_lightweight_candidate_rule_v1,models/random_forest_linux_auth.joblib,linux_auth,ok,0.037311,True,True,True,True,0,False,1,"{""agent-security"": 0.988461}",2,"{""agent-network"": ""capability_missing"", ""agent-system"": ""capability_missing""}",0,
multisource_cnp_20260910T095810Z,linux_auth,52,adfdcac2964f460aa8cf6c64c326fa03,0a37d84387ae478eba33c216d55151c2,agent-security,e2e_lightweight_candidate_rule_v1,models/random_forest_linux_auth.joblib,linux_auth,ok,0.027829,True,True,True,True,0,False,1,"{""agent-security"": 0.98854}",2,"{""agent-network"": ""capability_missing"", ""agent-system"": ""capability_missing""}",0,
multisource_cnp_20260910T095810Z,linux_auth,53,73f07ed158c84fe89a772b02dd24ddd4,7be6b73633714b31b5884ff12622af1b,agent-security,e2e_lightweight_candidate_rule_v1,models/random_forest_linux_auth.joblib,linux_auth,ok,0.027966,True,True,True,True,0,False,1,"{""agent-security"": 0.988611}",2,"{""agent-network"": ""capability_missing"", ""agent-system"": ""capability_missing""}",0,
multisource_cnp_20260910T095810Z,linux_auth,54,75ec4a2e6aef4c658e822e0ad136b1ac,d22c74b1f5c24f019e838d19bfe471c8,agent-security,e2e_lightweight_candidate_rule_v1,models/random_forest_linux_auth.joblib,linux_auth,ok,0.044128,True,True,True,True,1,False,1,"{""agent-security"": 0.988677}",2,"{""agent-network"": ""capability_missing"", ""agent-system"": ""capability_missing""}",0,
multisource_cnp_20260910T095810Z,linux_auth,55,bd477fd6377f453397b730413b4d71c7,514f3f6c8ee34649b9b80cf71b18a76f,agent-security,e2e_lightweight_candidate_rule_v1,models/random_forest_linux_auth.joblib,linux_auth,ok,0.046549,True,True,True,True,0,False,1,"{""agent-security"": 0.988729}",2,"{""agent-network"": ""capability_missing"", ""agent-system"": ""capability_missing""}",0,
multisource_cnp_20260910T095810Z,linux_auth,56,e5ec063a8e70403bb84ede6de1e82181,91054b1ab5bf47f196f0f8c7e8c15c69,agent-security,e2e_lightweight_candidate_rule_v1,models/random_forest_linux_auth.joblib,linux_auth,ok,0.036668,True,True,True,True,0,False,1,"{""agent-security"": 0.988776}",2,"{""agent-network"": ""capability_missing"", ""agent-system"": ""capability_missing""}",0,
multisource_cnp_20260910T095810Z,linux_auth,57,238d396c2d474ce5aef24d065b3adaee,1979e179c61047c89783c2de3a607528,agent-security,e2e_lightweight_candidate_rule_v1,models/random_forest_linux_auth.joblib,linux_auth,ok,0.040258,True,True,True,True,0,False,1,"{""agent-security"": 0.988829}",2,"{""agent-network"": ""capability_missing"", ""agent-system"": ""capability_missing""}",0,
multisource_cnp_20260910T095810Z,linux_auth,58,cc49dbdab1c34c319f8708c9783465f8,45fbc0bf3f1244a695960655662c8dce,agent-security,e2e_lightweight_candidate_rule_v1,models/random_forest_linux_auth.joblib,linux_auth,ok,0.040054,True,True,True,True,0,False,1,"{""agent-security"": 0.988884}",2,"{""agent-network"": ""capability_missing"", ""agent-system"": ""capability_missing""}",0,
multisource_cnp_20260910T095810Z,linux_auth,59,2f6c45aaef2448a8a6355245f556bb97,0a83499727234ccd9bb5f2e266436a17,agent-security,e2e_lightweight_candidate_rule_v1,models/random_forest_linux_auth.joblib,linux_auth,ok,0.044544,True,True,True,True,0,False,1,"{""agent-security"": 0.988926}",2,"{""agent-network"": ""capability_missing"", ""agent-system"": ""capability_missing""}",0,
multisource_cnp_20260910T095810Z,linux_auth,60,4e26f867bc8145289ead9cb23989bc75,ba0db705e3fe428087d08b4f95e1e008,agent-security,e2e_lightweight_candidate_rule_v1,models/random_forest_linux_auth.joblib,linux_auth,ok,0.026424,True,True,True,True,0,False,1,"{""agent-security"": 0.988965}",2,"{""agent-network"": ""capability_missing"", ""agent-system"": ""capability_missing""}",0,
multisource_cnp_20260910T095810Z,linux_auth,61,fbecd88cef514f949f7e2bc856e267dd,5042634e112c4cf385037c3808631953,agent-security,e2e_lightweight_candidate_rule_v1,models/random_forest_linux_auth.joblib,linux_auth,ok,0.028407,True,True,True,True,0,False,1,"{""agent-security"": 0.989015}",2,"{""agent-network"": ""capability_missing"", ""agent-system"": ""capability_missing""}",0,
multisource_cnp_20260910T095810Z,linux_auth,62,d8be240e69fe4f36bc06c7b1e9e3b61b,f0b251e950c8484f967f6503bfccc851,agent-security,e2e_lightweight_candidate_rule_v1,models/random_forest_linux_auth.joblib,linux_auth,ok,0.031369,True,True,True,True,0,False,1,"{""agent-security"": 0.989065}",2,"{""agent-network"": ""capability_missing"", ""agent-system"": ""capability_missing""}",0,
multisource_cnp_20260910T095810Z,linux_auth,63,a9159a78fd2e4ac89d3ef7d0e276e4b3,b16bdf1df8884960a742ddfedaf45401,agent-security,e2e_lightweight_candidate_rule_v1,models/random_forest_linux_auth.joblib,linux_auth,ok,0.030169,True,True,True,True,0,False,1,"{""agent-security"": 0.989192}",2,"{""agent-network"": ""capability_missing"", ""agent-system"": ""capability_missing""}",0,
multisource_cnp_20260910T095810Z,linux_auth,64,f45d037e2711429f9e80f4b9c5b13037,48d9bc85fcf042b19d8e9560fa9b8140,agent-security,e2e_lightweight_candidate_rule_v1,models/random_forest_linux_auth.joblib,linux_auth,ok,0.025692,True,True,True,True,0,False,1,"{""agent-security"": 0.989281}",2,"{""agent-network"": ""capability_missing"", ""agent-system"": ""capability_missing""}",0,
multisource_cnp_20260910T095810Z,linux_auth,65,d06aed055d9740cd84ee3d9c056e3a94,171f1731abe44ea9beb27a681c8665a4,agent-security,e2e_lightweight_candidate_rule_v1,models/random_forest_linux_auth.joblib,linux_auth,ok,0.031206,True,True,True,True,0,False,1,"{""agent-security"": 0.989489}",2,"{""agent-network"": ""capability_missing"", ""agent-system"": ""capability_missing""}",0,
multisource_cnp_20260910T095810Z,linux_auth,66,72b08c8b59034f3fa0ddc51af48f83d8,b8da6fba2ab3420081f77612accbda9b,agent-security,e2e_lightweight_candidate_rule_v1,models/random_forest_linux_auth.joblib,linux_auth,ok,0.027992,True,True,True,True,0,False,1,"{""agent-security"": 0.989532}",2,"{""agent-network"": ""capability_missing"", ""agent-system"": ""capability_missing""}",0,
multisource_cnp_20260910T095810Z,linux_auth,67,50eab9730f3e451ba5bfdfd02f8e36e4,35c7c66f03df4df2ae15a2159d86b37b,agent-security,e2e_lightweight_candidate_rule_v1,models/random_forest_linux_auth.joblib,linux_auth,ok,0.037091,True,True,True,True,0,False,1,"{""agent-security"": 0.989581}",2,"{""agent-network"": ""capability_missing"", ""agent-system"": ""capability_missing""}",0,
multisource_cnp_20260910T095810Z,linux_auth,68,2da63023a6874c8c8152889abe67c7da,755ba083d3b14f6ab2203aa1401ad14c,agent-security,e2e_lightweight_candidate_rule_v1,models/random_forest_linux_auth.joblib,linux_auth,ok,0.031786,True,True,True,True,0,False,1,"{""agent-security"": 0.989618}",2,"{""agent-network"": ""capability_missing"", ""agent-system"": ""capability_missing""}",0,
multisource_cnp_20260910T095810Z,linux_auth,69,9adcd1eee6b04f0f94b9b71e07993b0e,73910040858e412da68f705246b06ae1,agent-security,e2e_lightweight_candidate_rule_v1,models/random_forest_linux_auth.joblib,linux_auth,ok,0.029909,True,True,True,True,0,False,1,"{""agent-security"": 0.989653}",2,"{""agent-network"": ""capability_missing"", ""agent-system"": ""capability_missing""}",0,
multisource_cnp_20260910T095810Z,linux_auth,70,c581f8fff14c445699348f23624282e7,0d1d10de26fe4c8fbc322d49b71d6816,agent-security,e2e_lightweight_candidate_rule_v1,models/random_forest_linux_auth.joblib,linux_auth,ok,0.0273,True,True,True,True,0,False,1,"{""agent-security"": 0.989688}",2,"{""agent-network"": ""capability_missing"", ""agent-system"": ""capability_missing""}",0,
multisource_cnp_20260910T095810Z,linux_auth,71,7dd55f62a1034785ba774c4c9fd42054,8fdd7864c9184c6c85968e046d2eccf5,agent-security,e2e_lightweight_candidate_rule_v1,models/random_forest_linux_auth.joblib,linux_auth,ok,0.029646,True,True,True,True,0,False,1,"{""agent-security"": 0.989726}",2,"{""agent-network"": ""capability_missing"", ""agent-system"": ""capability_missing""}",0,
multisource_cnp_20260910T095810Z,linux_auth,72,dc4dabf50ca64c57b8e02a2bf3d1e61d,4484d540d131491eb6fe6697c129cbb7,agent-security,e2e_lightweight_candidate_rule_v1,models/random_forest_linux_auth.joblib,linux_auth,ok,0.027071,True,True,True,True,0,False,1,"{""agent-security"": 0.989763}",2,"{""agent-network"": ""capability_missing"", ""agent-system"": ""capability_missing""}",0,
multisource_cnp_20260910T095810Z,linux_auth,73,dfc91e24e99b41eabf517ec187e9c188,4b3f101f21de47c498b771faaff91634,agent-security,e2e_lightweight_candidate_rule_v1,models/random_forest_linux_auth.joblib,linux_auth,ok,0.023023,True,True,True,True,0,False,1,"{""agent-security"": 0.989796}",2,"{""agent-network"": ""capability_missing"", ""agent-system"": ""capability_missing""}",0,
multisource_cnp_20260910T095810Z,linux_auth,74,4d919b11dd394715846a4f34ee92362e,ec28ff2caef1446ca48ba01fa94f13fb,agent-security,e2e_lightweight_candidate_rule_v1,models/random_forest_linux_auth.joblib,linux_auth,ok,0.035162,True,True,True,True,0,False,1,"{""agent-security"": 0.989837}",2,"{""agent-network"": ""capability_missing"", ""agent-system"": ""capability_missing""}",0,
multisource_cnp_20260910T095810Z,linux_auth,75,36a7058d79c14e8ead3573d471aee8db,5324e003b2fa46f0894e3be6b1cead47,agent-security,e2e_lightweight_candidate_rule_v1,models/random_forest_linux_auth.joblib,linux_auth,ok,0.030138,True,True,True,True,0,False,1,"{""agent-security"": 0.989864}",2,"{""agent-network"": ""capability_missing"", ""agent-system"": ""capability_missing""}",0,
multisource_cnp_20260910T095810Z,linux_auth,76,ae9fc590df454b95a236b543c558bade,5d7cee53bd74481eaf3d853d24fb7d50,agent-security,e2e_lightweight_candidate_rule_v1,models/random_forest_linux_auth.joblib,linux_auth,ok,0.025136,True,True,True,True,0,False,1,"{""agent-security"": 0.989895}",2,"{""agent-network"": ""capability_missing"", ""agent-system"": ""capability_missing""}",0,
multisource_cnp_20260910T095810Z,linux_auth,77,8ffa78a3d58341eea0fb725c6e0666d5,92840ae0c65a44e293e95dab08e27a81,agent-security,e2e_lightweight_candidate_rule_v1,models/random_forest_linux_auth.joblib,linux_auth,ok,0.024661,True,True,True,True,0,False,1,"{""agent-security"": 0.989934}",2,"{""agent-network"": ""capability_missing"", ""agent-system"": ""capability_missing""}",0,
multisource_cnp_20260910T095810Z,linux_auth,78,e4b2bf9286e64bfdbfc6cc83da1ec402,ee24a9acd3c342ada6a845f16ba604de,agent-security,e2e_lightweight_candidate_rule_v1,models/random_forest_linux_auth.joblib,linux_auth,ok,0.027096,True,True,True,True,0,False,1,"{""agent-security"": 0.98997}",2,"{""agent-network"": ""capability_missing"", ""agent-system"": ""capability_missing""}",0,
multisource_cnp_20260910T095810Z,linux_auth,79,660110e3976a4f728ab84d7631c3259f,f1153a7c80b343f5b20b4225e0302036,agent-security,e2e_lightweight_candidate_rule_v1,models/random_forest_linux_auth.joblib,linux_auth,ok,0.035545,True,True,True,True,0,False,1,"{""agent-security"": 0.989998}",2,"{""agent-network"": ""capability_missing"", ""agent-system"": ""capability_missing""}",0,
multisource_cnp_20260910T095810Z,linux_auth,80,6962671ff8dc4fa8b0ab02dbd95ba513,dceab499097c49b59741e327e3d0f14f,agent-security,e2e_lightweight_candidate_rule_v1,models/random_forest_linux_auth.joblib,linux_auth,ok,0.028442,True,True,True,True,0,False,1,"{""agent-security"": 0.990021}",2,"{""agent-network"": ""capability_missing"", ""agent-system"": ""capability_missing""}",0,
multisource_cnp_20260910T095810Z,linux_auth,81,20bce8372e534308b69ccbc880feae9e,123959b436944d86beb6b700a7740f91,agent-security,e2e_lightweight_candidate_rule_v1,models/random_forest_linux_auth.joblib,linux_auth,ok,0.02903,True,True,True,True,0,False,1,"{""agent-security"": 0.990048}",2,"{""agent-network"": ""capability_missing"", ""agent-system"": ""capability_missing""}",0,
multisource_cnp_20260910T095810Z,linux_auth,82,ab7b6ca040f245b2a7a914fdf3b5ae33,86dc6a75f8ae4ee9bc76290e341597c2,agent-security,e2e_lightweight_candidate_rule_v1,models/random_forest_linux_auth.joblib,linux_auth,ok,0.029718,True,True,True,True,0,False,1,"{""agent-security"": 0.990087}",2,"{""agent-network"": ""capability_missing"", ""agent-system"": ""capability_missing""}",0,
multisource_cnp_20260910T095810Z,linux_auth,83,7a31c30c4278467ea1c1e2740fc05909,491c9bdaf9dc4ef5867238e1a75073f3,agent-security,e2e_lightweight_candidate_rule_v1,models/random_forest_linux_auth.joblib,linux_auth,ok,0.02806,True,True,True,True,0,False,1,"{""agent-security"": 0.990122}",2,"{""agent-network"": ""capability_missing"", ""agent-system"": ""capability_missing""}",0,
multisource_cnp_20260910T095810Z,linux_auth,84,e317da2aadfb41b2b252ebdfd52ce0bb,3700bd5b117c484992fc893bbc7eb5e3,agent-security,e2e_lightweight_candidate_rule_v1,models/random_forest_linux_auth.joblib,linux_auth,ok,0.024677,True,True,True,True,0,False,1,"{""agent-security"": 0.99016}",2,"{""agent-network"": ""capability_missing"", ""agent-system"": ""capability_missing""}",0,
multisource_cnp_20260910T095810Z,linux_auth,85,923c94e9ac074c72aad15d9051579a21,d1ff780a1d024fcbb8add097aa01e526,agent-security,e2e_lightweight_candidate_rule_v1,models/random_forest_linux_auth.joblib,linux_auth,ok,0.028458,True,True,True,True,0,False,1,"{""agent-security"": 0.990202}",2,"{""agent-network"": ""capability_missing"", ""agent-system"": ""capability_missing""}",0,
multisource_cnp_20260910T095810Z,linux_auth,86,45c7831889f8412391d8657e40f3fc32,3119d2189dab4f19ac14b0b276d98355,agent-security,e2e_lightweight_candidate_rule_v1,models/random_forest_linux_auth.joblib,linux_auth,ok,0.027568,True,True,True,True,0,False,1,"{""agent-security"": 0.990225}",2,"{""agent-network"": ""capability_missing"", ""agent-system"": ""capability_missing""}",0,
multisource_cnp_20260910T095810Z,linux_auth,87,2f08168c68e84a05b1fba3caf3af3dfd,187898455f444080a5288c9a5545cf3c,agent-security,e2e_lightweight_candidate_rule_v1,models/random_forest_linux_auth.joblib,linux_auth,ok,0.027886,True,True,True,True,0,False,1,"{""agent-security"": 0.990258}",2,"{""agent-network"": ""capability_missing"", ""agent-system"": ""capability_missing""}",0,
multisource_cnp_20260910T095810Z,linux_auth,88,ac5ff99d810f45cdb8e7e4899ef6a2d9,f65d181d503442e09ac124e71b903fe5,agent-security,e2e_lightweight_candidate_rule_v1,models/random_forest_linux_auth.joblib,linux_auth,ok,0.029199,True,True,True,True,1,False,1,"{""agent-security"": 0.990286}",2,"{""agent-network"": ""capability_missing"", ""agent-system"": ""capability_missing""}",0,
multisource_cnp_20260910T095810Z,linux_auth,89,2e1171a49b9c4cfab4b7b38554830309,ff83087bb61d48bcba4c8e627fec9d7e,agent-security,e2e_lightweight_candidate_rule_v1,models/random_forest_linux_auth.joblib,linux_auth,ok,0.026666,True,True,True,True,0,False,1,"{""agent-security"": 0.990308}",2,"{""agent-network"": ""capability_missing"", ""agent-system"": ""capability_missing""}",0,
multisource_cnp_20260910T095810Z,linux_auth,90,d3474c5927f94bc79852e132041aa3de,46e739a7f1264e0888c9254e12b406c4,agent-security,e2e_lightweight_candidate_rule_v1,models/random_forest_linux_auth.joblib,linux_auth,ok,0.025651,True,True,True,True,0,False,1,"{""agent-security"": 0.99033}",2,"{""agent-network"": ""capability_missing"", ""agent-system"": ""capability_missing""}",0,
multisource_cnp_20260910T095810Z,linux_auth,91,52366f4d31dc4d64908805018d34eba9,f0ccadc50ff54762bd9b04cdcb97c512,agent-security,e2e_lightweight_candidate_rule_v1,models/random_forest_linux_auth.joblib,linux_auth,ok,0.026376,True,True,True,True,0,False,1,"{""agent-security"": 0.990355}",2,"{""agent-network"": ""capability_missing"", ""agent-system"": ""capability_missing""}",0,
multisource_cnp_20260910T095810Z,linux_auth,92,1c06bc3e883e48258284721b6ffa1083,0819f0b65824492bb6de7b5616db6b91,agent-security,e2e_lightweight_candidate_rule_v1,models/random_forest_linux_auth.joblib,linux_auth,ok,0.025148,True,True,True,True,0,False,1,"{""agent-security"": 0.990375}",2,"{""agent-network"": ""capability_missing"", ""agent-system"": ""capability_missing""}",0,
multisource_cnp_20260910T095810Z,linux_auth,93,059126bb66604dc68ddbe1dc431c8abb,09b4e908fdc14c5e8ee1d6261503abda,agent-security,e2e_lightweight_candidate_rule_v1,models/random_forest_linux_auth.joblib,linux_auth,ok,0.028838,True,True,True,True,0,False,1,"{""agent-security"": 0.990399}",2,"{""agent-network"": ""capability_missing"", ""agent-system"": ""capability_missing""}",0,
multisource_cnp_20260910T095810Z,linux_auth,94,8cae2577e27c460da934a23c435245fa,7167e327fae94a38b041aa94df1a6cca,agent-security,e2e_lightweight_candidate_rule_v1,models/random_forest_linux_auth.joblib,linux_auth,ok,0.02923,True,True,True,True,0,False,1,"{""agent-security"": 0.990415}",2,"{""agent-network"": ""capability_missing"", ""agent-system"": ""capability_missing""}",0,
multisource_cnp_20260910T095810Z,linux_auth,95,dd4e11293ccd40a28f5c9dfe78c8675d,20d632faa2f24ea593dae8b4fa5b9412,agent-security,e2e_lightweight_candidate_rule_v1,models/random_forest_linux_auth.joblib,linux_auth,ok,0.028594,True,True,True,True,0,False,1,"{""agent-security"": 0.990435}",2,"{""agent-network"": ""capability_missing"", ""agent-system"": ""capability_missing""}",0,
multisource_cnp_20260910T095810Z,linux_auth,96,118b457dea7540aebf4eb6aab19b917a,6a188fff2b1e4d9f841d06dd61c7a75b,agent-security,e2e_lightweight_candidate_rule_v1,models/random_forest_linux_auth.joblib,linux_auth,ok,0.027331,True,True,True,True,0,False,1,"{""agent-security"": 0.990471}",2,"{""agent-network"": ""capability_missing"", ""agent-system"": ""capability_missing""}",0,
multisource_cnp_20260910T095810Z,linux_auth,97,f71ad833eeb74eee9aafd900de82b3a8,e1558525533a42bc96243e5253488078,agent-security,e2e_lightweight_candidate_rule_v1,models/random_forest_linux_auth.joblib,linux_auth,ok,0.030631,True,True,True,True,0,False,1,"{""agent-security"": 0.990503}",2,"{""agent-network"": ""capability_missing"", ""agent-system"": ""capability_missing""}",0,
multisource_cnp_20260910T095810Z,linux_auth,98,0320ac9fdedb4f90a2617b9536be6d80,8eda1ca01e4d465fb09ca14400a28b12,agent-security,e2e_lightweight_candidate_rule_v1,models/random_forest_linux_auth.joblib,linux_auth,ok,0.028985,True,True,True,True,0,False,1,"{""agent-security"": 0.990529}",2,"{""agent-network"": ""capability_missing"", ""agent-system"": ""capability_missing""}",0,
multisource_cnp_20260910T095810Z,linux_auth,99,3c69564e55494c5daf955b73b40b191f,a2f1e79298f54971bc8f001cafa06477,agent-security,e2e_lightweight_candidate_rule_v1,models/random_forest_linux_auth.joblib,linux_auth,ok,0.025488,True,True,True,True,0,False,1,"{""agent-security"": 0.990557}",2,"{""agent-network"": ""capability_missing"", ""agent-system"": ""capability_missing""}",0,
multisource_cnp_20260910T095810Z,linux_auth,100,aec766ec7b2441daa7c407290681e163,199b039f8af841938c973b225991f011,agent-security,e2e_lightweight_candidate_rule_v1,models/random_forest_linux_auth.joblib,linux_auth,ok,0.032283,True,True,True,True,0,False,1,"{""agent-security"": 0.990586}",2,"{""agent-network"": ""capability_missing"", ""agent-system"": ""capability_missing""}",0,
multisource_cnp_20260910T095810Z,linux_auth,101,5fed924924324d6e95ef8d05488eb48b,d376df73ac5e4756a5f64b23ad9c97de,agent-security,e2e_lightweight_candidate_rule_v1,models/random_forest_linux_auth.joblib,linux_auth,ok,0.028601,True,True,True,True,0,False,1,"{""agent-security"": 0.990616}",2,"{""agent-network"": ""capability_missing"", ""agent-system"": ""capability_missing""}",0,
multisource_cnp_20260910T095810Z,linux_auth,102,c0948447d0384a08a4156b4bf222663d,61fad9c2679143bb95fe2fda2eadaef3,agent-security,e2e_lightweight_candidate_rule_v1,models/random_forest_linux_auth.joblib,linux_auth,ok,0.030392,True,True,True,True,0,False,1,"{""agent-security"": 0.990644}",2,"{""agent-network"": ""capability_missing"", ""agent-system"": ""capability_missing""}",0,
multisource_cnp_20260910T095810Z,linux_auth,103,b399507f824247128c525343b6a2d385,27019707e7c649e5b3ffffd17fe0ae68,agent-security,e2e_lightweight_candidate_rule_v1,models/random_forest_linux_auth.joblib,linux_auth,ok,0.03192,True,True,True,True,1,False,1,"{""agent-security"": 0.990661}",2,"{""agent-network"": ""capability_missing"", ""agent-system"": ""capability_missing""}",0,
multisource_cnp_20260910T095810Z,linux_auth,104,42b1a2585b554797b1d2e96ae479ff54,a65e04a1e47148e4844657216c8f5d47,agent-security,e2e_lightweight_candidate_rule_v1,models/random_forest_linux_auth.joblib,linux_auth,ok,0.028333,True,True,True,True,0,False,1,"{""agent-security"": 0.990675}",2,"{""agent-network"": ""capability_missing"", ""agent-system"": ""capability_missing""}",0,
multisource_cnp_20260910T095810Z,linux_auth,105,94d8a8ae564c4bba90dbdc63f796be8c,e94c08cc254744ce8e0e8c6e036ff68f,agent-security,e2e_lightweight_candidate_rule_v1,models/random_forest_linux_auth.joblib,linux_auth,ok,0.027113,True,True,True,True,0,False,1,"{""agent-security"": 0.990708}",2,"{""agent-network"": ""capability_missing"", ""agent-system"": ""capability_missing""}",0,
multisource_cnp_20260910T095810Z,linux_auth,106,1532c983caaa4b4c82476387415fa6a4,2555366860b441f19baa89bd28759543,agent-security,e2e_lightweight_candidate_rule_v1,models/random_forest_linux_auth.joblib,linux_auth,ok,0.030924,True,True,True,True,0,False,1,"{""agent-security"": 0.990744}",2,"{""agent-network"": ""capability_missing"", ""agent-system"": ""capability_missing""}",0,
multisource_cnp_20260910T095810Z,linux_auth,107,6f23256b175548d39cefa300871b10c0,02f5bca9ba8e485a9f85e1c8bf70ef86,agent-security,e2e_lightweight_candidate_rule_v1,models/random_forest_linux_auth.joblib,linux_auth,ok,0.025507,True,True,True,True,0,False,1,"{""agent-security"": 0.990767}",2,"{""agent-network"": ""capability_missing"", ""agent-system"": ""capability_missing""}",0,
multisource_cnp_20260910T095810Z,linux_auth,108,4ff89f2c1e74469aa01feee5fc2bcc12,75de9bb402fb4a078c421f28f1db65a1,agent-security,e2e_lightweight_candidate_rule_v1,models/random_forest_linux_auth.joblib,linux_auth,ok,0.028025,True,True,True,True,1,False,1,"{""agent-security"": 0.990798}",2,"{""agent-network"": ""capability_missing"", ""agent-system"": ""capability_missing""}",0,
multisource_cnp_20260910T095810Z,linux_auth,109,88938d1269a04064bec28947cef87089,a3f2126626a14fd0aa02e4f10298e0a4,agent-security,e2e_lightweight_candidate_rule_v1,models/random_forest_linux_auth.joblib,linux_auth,ok,0.033201,True,True,True,True,0,False,1,"{""agent-security"": 0.990825}",2,"{""agent-network"": ""capability_missing"", ""agent-system"": ""capability_missing""}",0,
multisource_cnp_20260910T095810Z,linux_auth,110,6450e85b08b043b4b22ddf741f8832ec,f37b5565a24a41b981ad5483a0ae9a4d,agent-security,e2e_lightweight_candidate_rule_v1,models/random_forest_linux_auth.joblib,linux_auth,ok,0.053554,True,True,True,True,0,False,1,"{""agent-security"": 0.990853}",2,"{""agent-network"": ""capability_missing"", ""agent-system"": ""capability_missing""}",0,
multisource_cnp_20260910T095810Z,linux_auth,111,b9bc543ed40b4dd08175e263ac74e874,9704babd2e9a4f9eac10fa276ab4ee7c,agent-security,e2e_lightweight_candidate_rule_v1,models/random_forest_linux_auth.joblib,linux_auth,ok,0.047252,True,True,True,True,0,False,1,"{""agent-security"": 0.990844}",2,"{""agent-network"": ""capability_missing"", ""agent-system"": ""capability_missing""}",0,
multisource_cnp_20260910T095810Z,linux_auth,112,033490d593314416906a45525e9c81c9,db11fa0accfd42119ad9cfa0420f0bc9,agent-security,e2e_lightweight_candidate_rule_v1,models/random_forest_linux_auth.joblib,linux_auth,ok,0.055254,True,True,True,True,0,False,1,"{""agent-security"": 0.990843}",2,"{""agent-network"": ""capability_missing"", ""agent-system"": ""capability_missing""}",0,
multisource_cnp_20260910T095810Z,linux_auth,113,72da5cdc0a07489188faa770d07dc7f9,43e3473f1f2c46628c1fea2f2affe3bc,agent-security,e2e_lightweight_candidate_rule_v1,models/random_forest_linux_auth.joblib,linux_auth,ok,0.058567,True,True,True,True,0,False,1,"{""agent-security"": 0.990836}",2,"{""agent-network"": ""capability_missing"", ""agent-system"": ""capability_missing""}",0,
multisource_cnp_20260910T095810Z,linux_auth,114,d535927e69ae462e9836520548fb648b,8b682ab945de44808f4777abac40f9fb,agent-security,e2e_lightweight_candidate_rule_v1,models/random_forest_linux_auth.joblib,linux_auth,ok,0.056396,True,True,True,True,0,False,1,"{""agent-security"": 0.990826}",2,"{""agent-network"": ""capability_missing"", ""agent-system"": ""capability_missing""}",0,
multisource_cnp_20260910T095810Z,linux_auth,115,315a16ce7769445fa90cf35a91dd78c9,6c8a40723fb442a4b5656c64f5b3da76,agent-security,e2e_lightweight_candidate_rule_v1,models/random_forest_linux_auth.joblib,linux_auth,ok,0.03463,True,True,True,True,0,False,1,"{""agent-security"": 0.990812}",2,"{""agent-network"": ""capability_missing"", ""agent-system"": ""capability_missing""}",0,
multisource_cnp_20260910T095810Z,linux_auth,116,952e6be7146c4246aefd50e8978515f9,276ac29d81f2470e99ef526bfe404c66,agent-security,e2e_lightweight_candidate_rule_v1,models/random_forest_linux_auth.joblib,linux_auth,ok,0.032473,True,True,True,True,0,False,1,"{""agent-security"": 0.990824}",2,"{""agent-network"": ""capability_missing"", ""agent-system"": ""capability_missing""}",0,
multisource_cnp_20260910T095810Z,linux_auth,117,45819c918c024336a284e31bcc66f3a9,80f154a9670a40118c3acbadbed0f994,agent-security,e2e_lightweight_candidate_rule_v1,models/random_forest_linux_auth.joblib,linux_auth,ok,0.032358,True,True,True,True,0,False,1,"{""agent-security"": 0.990834}",2,"{""agent-network"": ""capability_missing"", ""agent-system"": ""capability_missing""}",0,
multisource_cnp_20260910T095810Z,linux_auth,118,c8ca032440f84506b702a7f9310a3f4c,501666038b9346b99cb555277dfde3ad,agent-security,e2e_lightweight_candidate_rule_v1,models/random_forest_linux_auth.joblib,linux_auth,ok,0.03095,True,True,True,True,0,False,1,"{""agent-security"": 0.990852}",2,"{""agent-network"": ""capability_missing"", ""agent-system"": ""capability_missing""}",0,
multisource_cnp_20260910T095810Z,linux_auth,119,8d10248255844243aba3dc3c71733d61,58bd114a55ab461bbbca35ecf4b0f0b8,agent-security,e2e_lightweight_candidate_rule_v1,models/random_forest_linux_auth.joblib,linux_auth,ok,0.032399,True,True,True,True,0,False,1,"{""agent-security"": 0.990867}",2,"{""agent-network"": ""capability_missing"", ""agent-system"": ""capability_missing""}",0,
multisource_cnp_20260910T095810Z,linux_auth,120,340b5d74ae254c2490d20ed13e0f41e4,411223994bc342faa65910f07d33dd1c,agent-security,e2e_lightweight_candidate_rule_v1,models/random_forest_linux_auth.joblib,linux_auth,ok,0.02898,True,True,True,True,0,False,1,"{""agent-security"": 0.990879}",2,"{""agent-network"": ""capability_missing"", ""agent-system"": ""capability_missing""}",0,
multisource_cnp_20260910T095810Z,linux_auth,121,b1f572d00a024706ba6b0573ad9b0056,c86bfd0d0bf2497c82bb7c0285424492,agent-security,e2e_lightweight_candidate_rule_v1,models/random_forest_linux_auth.joblib,linux_auth,ok,0.022634,True,True,True,True,0,False,1,"{""agent-security"": 0.99089}",2,"{""agent-network"": ""capability_missing"", ""agent-system"": ""capability_missing""}",0,
multisource_cnp_20260910T095810Z,linux_auth,122,5c6398c3e4e24755884b10c79a8cdc26,9dd546f910814c709757e003a2b171e6,agent-security,e2e_lightweight_candidate_rule_v1,models/random_forest_linux_auth.joblib,linux_auth,ok,0.02762,True,True,True,True,0,False,1,"{""agent-security"": 0.990909}",2,"{""agent-network"": ""capability_missing"", ""agent-system"": ""capability_missing""}",0,
multisource_cnp_20260910T095810Z,linux_auth,123,cf914018dc9b440cb722e9c298a42518,5eb3580350d24346b3fe199192f276cd,agent-security,e2e_lightweight_candidate_rule_v1,models/random_forest_linux_auth.joblib,linux_auth,ok,0.024637,True,True,True,True,0,False,1,"{""agent-security"": 0.990923}",2,"{""agent-network"": ""capability_missing"", ""agent-system"": ""capability_missing""}",0,
multisource_cnp_20260910T095810Z,linux_auth,124,dbbbd2e6e29448939bc99bf7ac7c2162,593d146e78d44fc98f03cf847f9ef566,agent-security,e2e_lightweight_candidate_rule_v1,models/random_forest_linux_auth.joblib,linux_auth,ok,0.028868,True,True,True,True,0,False,1,"{""agent-security"": 0.990935}",2,"{""agent-network"": ""capability_missing"", ""agent-system"": ""capability_missing""}",0,
multisource_cnp_20260910T095810Z,linux_auth,125,a5567a2699144a5d9a8e5f9c9805fc84,16ad05c17c0e4e58a1a2b641f1460a39,agent-security,e2e_lightweight_candidate_rule_v1,models/random_forest_linux_auth.joblib,linux_auth,ok,0.040612,True,True,True,True,0,False,1,"{""agent-security"": 0.990953}",2,"{""agent-network"": ""capability_missing"", ""agent-system"": ""capability_missing""}",0,
multisource_cnp_20260910T095810Z,linux_auth,126,b9640dcb569f4c43b931456f89e5baaa,679b67074b3047b6b95e5fae57177b84,agent-security,e2e_lightweight_candidate_rule_v1,models/random_forest_linux_auth.joblib,linux_auth,ok,0.048244,True,True,True,True,1,False,1,"{""agent-security"": 0.990957}",2,"{""agent-network"": ""capability_missing"", ""agent-system"": ""capability_missing""}",0,
multisource_cnp_20260910T095810Z,linux_auth,127,cca795a857bd48fdb4fb59e63022584f,1965ff0663a847ca81e7e28578da6d0f,agent-security,e2e_lightweight_candidate_rule_v1,models/random_forest_linux_auth.joblib,linux_auth,ok,0.040383,True,True,True,True,0,False,1,"{""agent-security"": 0.990948}",2,"{""agent-network"": ""capability_missing"", ""agent-system"": ""capability_missing""}",0,
multisource_cnp_20260910T095810Z,linux_auth,128,70b8bcb9fb3a4570bbf0a396e0a2b490,ff0edf149c2d442baa40204dfb3cd784,agent-security,e2e_lightweight_candidate_rule_v1,models/random_forest_linux_auth.joblib,linux_auth,ok,0.041005,True,True,True,True,0,False,1,"{""agent-security"": 0.990946}",2,"{""agent-network"": ""capability_missing"", ""agent-system"": ""capability_missing""}",0,
multisource_cnp_20260910T095810Z,linux_auth,129,6e5ea9fb7c59482e96c1db228f00f3c1,fc575631c1484da6bba51935ccf3a203,agent-security,e2e_lightweight_candidate_rule_v1,models/random_forest_linux_auth.joblib,linux_auth,ok,0.042928,True,True,True,True,0,False,1,"{""agent-security"": 0.990945}",2,"{""agent-network"": ""capability_missing"", ""agent-system"": ""capability_missing""}",0,
multisource_cnp_20260910T095810Z,linux_auth,130,0a654822fd3841a9a1c0f5fae699d8b3,a4b15ea797034cb09bb49df4213f4680,agent-security,e2e_lightweight_candidate_rule_v1,models/random_forest_linux_auth.joblib,linux_auth,ok,0.039541,True,True,True,True,0,False,1,"{""agent-security"": 0.990951}",2,"{""agent-network"": ""capability_missing"", ""agent-system"": ""capability_missing""}",0,
multisource_cnp_20260910T095810Z,linux_auth,131,92c536025c924b44a630dcacfb92555e,0aec66cf6a5343649a8bcf50295b9715,agent-security,e2e_lightweight_candidate_rule_v1,models/random_forest_linux_auth.joblib,linux_auth,ok,0.048128,True,True,True,True,0,False,1,"{""agent-security"": 0.990952}",2,"{""agent-network"": ""capability_missing"", ""agent-system"": ""capability_missing""}",0,
multisource_cnp_20260910T095810Z,linux_auth,132,90908d8a201546f1acf7b6607a3759ca,59985122f74640b5a8cdf7689c1e8b3b,agent-security,e2e_lightweight_candidate_rule_v1,models/random_forest_linux_auth.joblib,linux_auth,ok,0.03142,True,True,True,True,0,False,1,"{""agent-security"": 0.990945}",2,"{""agent-network"": ""capability_missing"", ""agent-system"": ""capability_missing""}",0,
multisource_cnp_20260910T095810Z,linux_auth,133,82963309e3c64d778b99d23afd919b56,d019fc50e5c7408d8627a616b217a66d,agent-security,e2e_lightweight_candidate_rule_v1,models/random_forest_linux_auth.joblib,linux_auth,ok,0.030439,True,True,True,True,0,False,1,"{""agent-security"": 0.990955}",2,"{""agent-network"": ""capability_missing"", ""agent-system"": ""capability_missing""}",0,
multisource_cnp_20260910T095810Z,linux_auth,134,e57be1ef5a7848f89b1659ffcd9e9433,a17999ec10c842d5861cc6c5097189c9,agent-security,e2e_lightweight_candidate_rule_v1,models/random_forest_linux_auth.joblib,linux_auth,ok,0.028714,True,True,True,True,0,False,1,"{""agent-security"": 0.990964}",2,"{""agent-network"": ""capability_missing"", ""agent-system"": ""capability_missing""}",0,
multisource_cnp_20260910T095810Z,linux_auth,135,9b398c62ee7949098cf7faa4cece08c2,3d8fc660c30d4618bfdec4666a6b62ac,agent-security,e2e_lightweight_candidate_rule_v1,models/random_forest_linux_auth.joblib,linux_auth,ok,0.029458,True,True,True,True,0,False,1,"{""agent-security"": 0.990971}",2,"{""agent-network"": ""capability_missing"", ""agent-system"": ""capability_missing""}",0,
multisource_cnp_20260910T095810Z,linux_auth,136,18d472501e0e40fe89742d7df087a6d0,046ff6082c3641d4a83039107bc2e335,agent-security,e2e_lightweight_candidate_rule_v1,models/random_forest_linux_auth.joblib,linux_auth,ok,0.034765,True,True,True,True,0,False,1,"{""agent-security"": 0.990982}",2,"{""agent-network"": ""capability_missing"", ""agent-system"": ""capability_missing""}",0,
multisource_cnp_20260910T095810Z,linux_auth,137,581f6deacc71479793e1ea51a92f57ed,ca0f139bf4984530907a11a41aaf08f4,agent-security,e2e_lightweight_candidate_rule_v1,models/random_forest_linux_auth.joblib,linux_auth,ok,0.036413,True,True,True,True,0,False,1,"{""agent-security"": 0.990985}",2,"{""agent-network"": ""capability_missing"", ""agent-system"": ""capability_missing""}",0,
multisource_cnp_20260910T095810Z,linux_auth,138,8ba0e01f357d461f92360be7c1cdcbf1,a35111087c594b72b2211beed53d67df,agent-security,e2e_lightweight_candidate_rule_v1,models/random_forest_linux_auth.joblib,linux_auth,ok,0.02776,True,True,True,True,0,False,1,"{""agent-security"": 0.990988}",2,"{""agent-network"": ""capability_missing"", ""agent-system"": ""capability_missing""}",0,
multisource_cnp_20260910T095810Z,linux_auth,139,06c5608feec6443a867b913ed2445019,9193d67eb3204bfe97a59d4aa534fb4a,agent-security,e2e_lightweight_candidate_rule_v1,models/random_forest_linux_auth.joblib,linux_auth,ok,0.027628,True,True,True,True,0,False,1,"{""agent-security"": 0.991}",2,"{""agent-network"": ""capability_missing"", ""agent-system"": ""capability_missing""}",0,
multisource_cnp_20260910T095810Z,linux_auth,140,33bfbfbd82ff402eb42fc6ec3b3071a9,5beca871a1d44b2b947ec437f8b9a732,agent-security,e2e_lightweight_candidate_rule_v1,models/random_forest_linux_auth.joblib,linux_auth,ok,0.02963,True,True,True,True,0,False,1,"{""agent-security"": 0.99101}",2,"{""agent-network"": ""capability_missing"", ""agent-system"": ""capability_missing""}",0,
multisource_cnp_20260910T095810Z,linux_auth,141,9e86a442d6804fbabe621522d6a17bd5,960a50589d1f4faea130b4b2581372b2,agent-security,e2e_lightweight_candidate_rule_v1,models/random_forest_linux_auth.joblib,linux_auth,ok,0.025115,True,True,True,True,0,False,1,"{""agent-security"": 0.991017}",2,"{""agent-network"": ""capability_missing"", ""agent-system"": ""capability_missing""}",0,
multisource_cnp_20260910T095810Z,linux_auth,142,d0573bf821a142f5be5bb78899881311,b7287100ab30406e9e4fc5bc8dd65e9d,agent-security,e2e_lightweight_candidate_rule_v1,models/random_forest_linux_auth.joblib,linux_auth,ok,0.027321,True,True,True,True,0,False,1,"{""agent-security"": 0.991028}",2,"{""agent-network"": ""capability_missing"", ""agent-system"": ""capability_missing""}",0,
multisource_cnp_20260910T095810Z,linux_auth,143,e14970d7bd90490291b56b056ef47119,5955fb2ed7c849ee9d46db7b2eb922c7,agent-security,e2e_lightweight_candidate_rule_v1,models/random_forest_linux_auth.joblib,linux_auth,ok,0.024926,True,True,True,True,0,False,1,"{""agent-security"": 0.991035}",2,"{""agent-network"": ""capability_missing"", ""agent-system"": ""capability_missing""}",0,
multisource_cnp_20260910T095810Z,linux_auth,144,bfa2db892ae24498b42da18fe588daad,16c85b799e3743b287336a38e04dfbc3,agent-security,e2e_lightweight_candidate_rule_v1,models/random_forest_linux_auth.joblib,linux_auth,ok,0.029302,True,True,True,True,0,False,1,"{""agent-security"": 0.991048}",2,"{""agent-network"": ""capability_missing"", ""agent-system"": ""capability_missing""}",0,
multisource_cnp_20260910T095810Z,linux_auth,145,f08dcf22e68c4e17b7710a97a948a828,c552745a3ef941b291e3e66c54cfd538,agent-security,e2e_lightweight_candidate_rule_v1,models/random_forest_linux_auth.joblib,linux_auth,ok,0.026275,True,True,True,True,0,False,1,"{""agent-security"": 0.991057}",2,"{""agent-network"": ""capability_missing"", ""agent-system"": ""capability_missing""}",0,
multisource_cnp_20260910T095810Z,linux_auth,146,f8428a41825a4403a468b665df64bfd7,a3b5451c9f00467cb291d002ebd9bcc0,agent-security,e2e_lightweight_candidate_rule_v1,models/random_forest_linux_auth.joblib,linux_auth,ok,0.022706,True,True,True,True,0,False,1,"{""agent-security"": 0.991068}",2,"{""agent-network"": ""capability_missing"", ""agent-system"": ""capability_missing""}",0,
multisource_cnp_20260910T095810Z,linux_auth,147,24709d76f19847c89734ff0b34b4f2d3,84b604b159b84cbe8daa298f1587d35c,agent-security,e2e_lightweight_candidate_rule_v1,models/random_forest_linux_auth.joblib,linux_auth,ok,0.0287,True,True,True,True,0,False,1,"{""agent-security"": 0.991081}",2,"{""agent-network"": ""capability_missing"", ""agent-system"": ""capability_missing""}",0,
multisource_cnp_20260910T095810Z,linux_auth,148,582bfbfdc1ed4420b63a594cfa4cb17d,17a0ed39705a4b799a7df60e0b796afd,agent-security,e2e_lightweight_candidate_rule_v1,models/random_forest_linux_auth.joblib,linux_auth,ok,0.0234,True,True,True,True,0,False,1,"{""agent-security"": 0.991093}",2,"{""agent-network"": ""capability_missing"", ""agent-system"": ""capability_missing""}",0,
multisource_cnp_20260910T095810Z,linux_auth,149,f165f5ec350145da9a17b42105050f65,d614147b12814b3baab5f9bb2d9df525,agent-security,e2e_lightweight_candidate_rule_v1,models/random_forest_linux_auth.joblib,linux_auth,ok,0.027893,True,True,True,True,0,False,1,"{""agent-security"": 0.991107}",2,"{""agent-network"": ""capability_missing"", ""agent-system"": ""capability_missing""}",0,
multisource_cnp_20260910T095810Z,linux_auth,150,7f4ec68fcaca4fceabf34787f088a7cc,ca71cddcf63844e68f9f5ede3986a5a4,agent-security,e2e_lightweight_candidate_rule_v1,models/random_forest_linux_auth.joblib,linux_auth,ok,0.023598,True,True,True,True,0,False,1,"{""agent-security"": 0.991114}",2,"{""agent-network"": ""capability_missing"", ""agent-system"": ""capability_missing""}",0,
multisource_cnp_20260910T095810Z,linux_auth,151,a1e2bded690c4dba90db08c997c1797e,44f66ea86b544a699f28342b68fca3e6,agent-security,e2e_lightweight_candidate_rule_v1,models/random_forest_linux_auth.joblib,linux_auth,ok,0.026077,True,True,True,True,0,False,1,"{""agent-security"": 0.991131}",2,"{""agent-network"": ""capability_missing"", ""agent-system"": ""capability_missing""}",0,
multisource_cnp_20260910T095810Z,linux_auth,152,eb0f74f4ce5840778d7be760908e639f,68301b72ade448e09a62d2d83d4acbae,agent-security,e2e_lightweight_candidate_rule_v1,models/random_forest_linux_auth.joblib,linux_auth,ok,0.029322,True,True,True,True,0,False,1,"{""agent-security"": 0.991141}",2,"{""agent-network"": ""capability_missing"", ""agent-system"": ""capability_missing""}",0,
multisource_cnp_20260910T095810Z,linux_auth,153,608fa4e4ba8047ef815b391afdddd091,90429f8cdb1848ca92ef1bfb4c776d83,agent-security,e2e_lightweight_candidate_rule_v1,models/random_forest_linux_auth.joblib,linux_auth,ok,0.027282,True,True,True,True,0,False,1,"{""agent-security"": 0.991151}",2,"{""agent-network"": ""capability_missing"", ""agent-system"": ""capability_missing""}",0,
multisource_cnp_20260910T095810Z,linux_auth,154,3bebf5cd1535497d8b3a49c6700bc4fc,e5ac46d607124a7b8006612b024a6079,agent-security,e2e_lightweight_candidate_rule_v1,models/random_forest_linux_auth.joblib,linux_auth,ok,0.028923,True,True,True,True,0,False,1,"{""agent-security"": 0.991164}",2,"{""agent-network"": ""capability_missing"", ""agent-system"": ""capability_missing""}",0,
multisource_cnp_20260910T095810Z,linux_auth,155,91e3769b2cae4ec281de27e14a4d4d03,d5313677c9584cdc97db30d3fd4b5996,agent-security,e2e_lightweight_candidate_rule_v1,models/random_forest_linux_auth.joblib,linux_auth,ok,0.022814,True,True,True,True,0,False,1,"{""agent-security"": 0.991171}",2,"{""agent-network"": ""capability_missing"", ""agent-system"": ""capability_missing""}",0,
multisource_cnp_20260910T095810Z,linux_auth,156,ceda6fade45e4ec582afb93518e9bee1,447a229b0d5941f59e7ea3fa9db330da,agent-security,e2e_lightweight_candidate_rule_v1,models/random_forest_linux_auth.joblib,linux_auth,ok,0.030097,True,True,True,True,0,False,1,"{""agent-security"": 0.991183}",2,"{""agent-network"": ""capability_missing"", ""agent-system"": ""capability_missing""}",0,
multisource_cnp_20260910T095810Z,linux_auth,157,7dad327a3c85423ea8a456aab510f933,6faccdcf9e8c47c2b88826fc8fae8647,agent-security,e2e_lightweight_candidate_rule_v1,models/random_forest_linux_auth.joblib,linux_auth,ok,0.029742,True,True,True,True,0,False,1,"{""agent-security"": 0.991191}",2,"{""agent-network"": ""capability_missing"", ""agent-system"": ""capability_missing""}",0,
multisource_cnp_20260910T095810Z,linux_auth,158,0c07c6628b944cc6b5dd04c49da59cda,bc456ae9111947678a9e74f6f5bc50fc,agent-security,e2e_lightweight_candidate_rule_v1,models/random_forest_linux_auth.joblib,linux_auth,ok,0.025862,True,True,True,True,0,False,1,"{""agent-security"": 0.991195}",2,"{""agent-network"": ""capability_missing"", ""agent-system"": ""capability_missing""}",0,
multisource_cnp_20260910T095810Z,linux_auth,159,0196c43080494d7a87b089f7f0c826da,403456a6aab04d59a2151d3ca1d28838,agent-security,e2e_lightweight_candidate_rule_v1,models/random_forest_linux_auth.joblib,linux_auth,ok,0.027928,True,True,True,True,0,False,1,"{""agent-security"": 0.991206}",2,"{""agent-network"": ""capability_missing"", ""agent-system"": ""capability_missing""}",0,
multisource_cnp_20260910T095810Z,linux_auth,160,6430f8c2dc3c468eb55f507707dbecb8,b60502220c0b46dbaa31ccea261bfcd6,agent-security,e2e_lightweight_candidate_rule_v1,models/random_forest_linux_auth.joblib,linux_auth,ok,0.028989,True,True,True,True,0,False,1,"{""agent-security"": 0.991219}",2,"{""agent-network"": ""capability_missing"", ""agent-system"": ""capability_missing""}",0,
multisource_cnp_20260910T095810Z,linux_auth,161,8c0b365fcf724f3a89f0efd727b404b2,ecb6958d0c0a427daaa0c618149b3aed,agent-security,e2e_lightweight_candidate_rule_v1,models/random_forest_linux_auth.joblib,linux_auth,ok,0.025458,True,True,True,True,0,False,1,"{""agent-security"": 0.991248}",2,"{""agent-network"": ""capability_missing"", ""agent-system"": ""capability_missing""}",0,
multisource_cnp_20260910T095810Z,linux_auth,162,1d4aa7bb95114737bfaa680642d0ce14,53f48174f9f04442bdaa23bc0a9a022e,agent-security,e2e_lightweight_candidate_rule_v1,models/random_forest_linux_auth.joblib,linux_auth,ok,0.031934,True,True,True,True,0,False,1,"{""agent-security"": 0.991275}",2,"{""agent-network"": ""capability_missing"", ""agent-system"": ""capability_missing""}",0,
multisource_cnp_20260910T095810Z,linux_auth,163,9b0c1284d95b46ef969b7e81dc144f5b,69b6dbde23f549dca2cfe40138fa53fc,agent-security,e2e_lightweight_candidate_rule_v1,models/random_forest_linux_auth.joblib,linux_auth,ok,0.034125,True,True,True,True,0,False,1,"{""agent-security"": 0.991305}",2,"{""agent-network"": ""capability_missing"", ""agent-system"": ""capability_missing""}",0,
multisource_cnp_20260910T095810Z,linux_auth,164,bf124798f37d40a1b5e016d925bb5b7c,34f8ecf99d14443fbcaa83671aac3f6e,agent-security,e2e_lightweight_candidate_rule_v1,models/random_forest_linux_auth.joblib,linux_auth,ok,0.035423,True,True,True,True,0,False,1,"{""agent-security"": 0.991334}",2,"{""agent-network"": ""capability_missing"", ""agent-system"": ""capability_missing""}",0,
multisource_cnp_20260910T095810Z,linux_auth,165,782de3c855fd417c95aed9d4bbb4c881,45060871a7cb4e6aa886885999a6295a,agent-security,e2e_lightweight_candidate_rule_v1,models/random_forest_linux_auth.joblib,linux_auth,ok,0.039045,True,True,True,True,0,False,1,"{""agent-security"": 0.991362}",2,"{""agent-network"": ""capability_missing"", ""agent-system"": ""capability_missing""}",0,
multisource_cnp_20260910T095810Z,linux_auth,166,bddac508a7f0482db283ab8ccfa6b46e,1c61fc48769248f09b452f48e3bde0fc,agent-security,e2e_lightweight_candidate_rule_v1,models/random_forest_linux_auth.joblib,linux_auth,ok,0.026123,True,True,True,True,0,False,1,"{""agent-security"": 0.991365}",2,"{""agent-network"": ""capability_missing"", ""agent-system"": ""capability_missing""}",0,
multisource_cnp_20260910T095810Z,linux_auth,167,1bd46f74c03141b09220dde1583efaca,5ed8884ace7348d1b08c96c2a0e62b56,agent-security,e2e_lightweight_candidate_rule_v1,models/random_forest_linux_auth.joblib,linux_auth,ok,0.028262,True,True,True,True,0,False,1,"{""agent-security"": 0.991378}",2,"{""agent-network"": ""capability_missing"", ""agent-system"": ""capability_missing""}",0,
multisource_cnp_20260910T095810Z,linux_auth,168,8f376aa40d5f4c16853faaebfdb3571c,b4896af069be4ca0ab66677c609511d2,agent-security,e2e_lightweight_candidate_rule_v1,models/random_forest_linux_auth.joblib,linux_auth,ok,0.02562,True,True,True,True,0,False,1,"{""agent-security"": 0.99139}",2,"{""agent-network"": ""capability_missing"", ""agent-system"": ""capability_missing""}",0,
multisource_cnp_20260910T095810Z,linux_auth,169,6fa500951c7045408eb97aacaf4cd4ce,d1ab4f036a574768aa10b0aa46b0a035,agent-security,e2e_lightweight_candidate_rule_v1,models/random_forest_linux_auth.joblib,linux_auth,ok,0.027288,True,True,True,True,0,False,1,"{""agent-security"": 0.991401}",2,"{""agent-network"": ""capability_missing"", ""agent-system"": ""capability_missing""}",0,
multisource_cnp_20260910T095810Z,linux_auth,170,8647d45c6bca4c31995b335760cfea9d,7195d77377474a9fbd1d137e7cca283f,agent-security,e2e_lightweight_candidate_rule_v1,models/random_forest_linux_auth.joblib,linux_auth,ok,0.026986,True,True,True,True,0,False,1,"{""agent-security"": 0.991413}",2,"{""agent-network"": ""capability_missing"", ""agent-system"": ""capability_missing""}",0,
multisource_cnp_20260910T095810Z,linux_auth,171,c94b46a285484a81a7ce38247be5e2b9,a8f0c268ad954425b01cc33a9aed2aba,agent-security,e2e_lightweight_candidate_rule_v1,models/random_forest_linux_auth.joblib,linux_auth,ok,0.030695,True,True,True,True,0,False,1,"{""agent-security"": 0.991421}",2,"{""agent-network"": ""capability_missing"", ""agent-system"": ""capability_missing""}",0,
multisource_cnp_20260910T095810Z,linux_auth,172,0cb6d9e0a72d409ab8db81f42b41e99d,2b6d8cb4bd6043cf9eb1f08740990ab3,agent-security,e2e_lightweight_candidate_rule_v1,models/random_forest_linux_auth.joblib,linux_auth,ok,0.024451,True,True,True,True,0,False,1,"{""agent-security"": 0.991421}",2,"{""agent-network"": ""capability_missing"", ""agent-system"": ""capability_missing""}",0,
multisource_cnp_20260910T095810Z,linux_auth,173,68397db4fab349d9a33385c4fe157d6e,828e6d27ea5243cf94013fb493fb5611,agent-security,e2e_lightweight_candidate_rule_v1,models/random_forest_linux_auth.joblib,linux_auth,ok,0.029329,True,True,True,True,0,False,1,"{""agent-security"": 0.99143}",2,"{""agent-network"": ""capability_missing"", ""agent-system"": ""capability_missing""}",0,
multisource_cnp_20260910T095810Z,linux_auth,174,10c8009745d946e599b6b18b581b93c3,119baaff28d9470fbdde0358c7ff71aa,agent-security,e2e_lightweight_candidate_rule_v1,models/random_forest_linux_auth.joblib,linux_auth,ok,0.026818,True,True,True,True,0,False,1,"{""agent-security"": 0.991432}",2,"{""agent-network"": ""capability_missing"", ""agent-system"": ""capability_missing""}",0,
multisource_cnp_20260910T095810Z,linux_auth,175,8963c4c63120430189d3089de8ab826d,265aed0138a04a7dbbfb1bb41f2cb4be,agent-security,e2e_lightweight_candidate_rule_v1,models/random_forest_linux_auth.joblib,linux_auth,ok,0.026084,True,True,True,True,0,False,1,"{""agent-security"": 0.991441}",2,"{""agent-network"": ""capability_missing"", ""agent-system"": ""capability_missing""}",0,
multisource_cnp_20260910T095810Z,linux_auth,176,f6955bd03371417fb63e110dcda19855,0365b61d4f344ffd99d99706b7e78ff9,agent-security,e2e_lightweight_candidate_rule_v1,models/random_forest_linux_auth.joblib,linux_auth,ok,0.036085,True,True,True,True,0,False,1,"{""agent-security"": 0.991461}",2,"{""agent-network"": ""capability_missing"", ""agent-system"": ""capability_missing""}",0,
multisource_cnp_20260910T095810Z,linux_auth,177,e2eab47b42114d11871a5a2584a374b0,81cfa392cd354a4aa1297add1004eb65,agent-security,e2e_lightweight_candidate_rule_v1,models/random_forest_linux_auth.joblib,linux_auth,ok,0.027295,True,True,True,True,1,False,1,"{""agent-security"": 0.991478}",2,"{""agent-network"": ""capability_missing"", ""agent-system"": ""capability_missing""}",0,
multisource_cnp_20260910T095810Z,linux_auth,178,cb4059f242ac4f76a068f635848334e6,3df62080e51b40e8bee0e4994ad1d4d7,agent-security,e2e_lightweight_candidate_rule_v1,models/random_forest_linux_auth.joblib,linux_auth,ok,0.0242,True,True,True,True,0,False,1,"{""agent-security"": 0.991496}",2,"{""agent-network"": ""capability_missing"", ""agent-system"": ""capability_missing""}",0,
multisource_cnp_20260910T095810Z,linux_auth,179,c2f234252f60447284d602a96d909867,219006afc996419980abc6e5767c920b,agent-security,e2e_lightweight_candidate_rule_v1,models/random_forest_linux_auth.joblib,linux_auth,ok,0.026269,True,True,True,True,0,False,1,"{""agent-security"": 0.991518}",2,"{""agent-network"": ""capability_missing"", ""agent-system"": ""capability_missing""}",0,
multisource_cnp_20260910T095810Z,linux_auth,180,8e94935c2c9c4e089c11dd8a3b5a7305,b5e1f9015fc34beaa453927487a9b9e2,agent-security,e2e_lightweight_candidate_rule_v1,models/random_forest_linux_auth.joblib,linux_auth,ok,0.02437,True,True,True,True,0,False,1,"{""agent-security"": 0.99154}",2,"{""agent-network"": ""capability_missing"", ""agent-system"": ""capability_missing""}",0,
multisource_cnp_20260910T095810Z,linux_auth,181,3edf489e7194474c92c896bbedb6ed43,d9d3985708f54d3d839e374d8806c03c,agent-security,e2e_lightweight_candidate_rule_v1,models/random_forest_linux_auth.joblib,linux_auth,ok,0.02601,True,True,True,True,0,False,1,"{""agent-security"": 0.99156}",2,"{""agent-network"": ""capability_missing"", ""agent-system"": ""capability_missing""}",0,
multisource_cnp_20260910T095810Z,linux_auth,182,2dbef9a0a1394f8d94b634393785bde3,43b7d4b040594ef8b499a3cc754b7025,agent-security,e2e_lightweight_candidate_rule_v1,models/random_forest_linux_auth.joblib,linux_auth,ok,0.022013,True,True,True,True,0,False,1,"{""agent-security"": 0.991587}",2,"{""agent-network"": ""capability_missing"", ""agent-system"": ""capability_missing""}",0,
multisource_cnp_20260910T095810Z,linux_auth,183,546f2807de554d82a898bee1b0e54ea7,13dd134ffd1949b78c52019e1aa0e167,agent-security,e2e_lightweight_candidate_rule_v1,models/random_forest_linux_auth.joblib,linux_auth,ok,0.026436,True,True,True,True,0,False,1,"{""agent-security"": 0.991602}",2,"{""agent-network"": ""capability_missing"", ""agent-system"": ""capability_missing""}",0,
multisource_cnp_20260910T095810Z,linux_auth,184,0bae052391224610a5e184a96a0f7da2,9a78c871930b41f5893bc3e5e83e8721,agent-security,e2e_lightweight_candidate_rule_v1,models/random_forest_linux_auth.joblib,linux_auth,ok,0.027822,True,True,True,True,0,False,1,"{""agent-security"": 0.991611}",2,"{""agent-network"": ""capability_missing"", ""agent-system"": ""capability_missing""}",0,
multisource_cnp_20260910T095810Z,linux_auth,185,637c0bc6d6484f1aa240d962b98d4720,812ff9a0fdbe47a6ac6a22a0d6a8cd9e,agent-security,e2e_lightweight_candidate_rule_v1,models/random_forest_linux_auth.joblib,linux_auth,ok,0.025285,True,True,True,True,0,False,1,"{""agent-security"": 0.991618}",2,"{""agent-network"": ""capability_missing"", ""agent-system"": ""capability_missing""}",0,
multisource_cnp_20260910T095810Z,linux_auth,186,53190695e13c45658287986ca171fdf4,236d2a69374d419d876cc0df2a5e9640,agent-security,e2e_lightweight_candidate_rule_v1,models/random_forest_linux_auth.joblib,linux_auth,ok,0.028851,True,True,True,True,0,False,1,"{""agent-security"": 0.991627}",2,"{""agent-network"": ""capability_missing"", ""agent-system"": ""capability_missing""}",0,
multisource_cnp_20260910T095810Z,linux_auth,187,fef7ccaa2db346c28b90f9833f3ed4fe,7651feb9c5c8401badfca1a1602c81c1,agent-security,e2e_lightweight_candidate_rule_v1,models/random_forest_linux_auth.joblib,linux_auth,ok,0.026347,True,True,True,True,0,False,1,"{""agent-security"": 0.991638}",2,"{""agent-network"": ""capability_missing"", ""agent-system"": ""capability_missing""}",0,
multisource_cnp_20260910T095810Z,linux_auth,188,d780e94f34f542cb922d4de09010691a,645df5ca3f5b4320a8d83a8ee54bc38d,agent-security,e2e_lightweight_candidate_rule_v1,models/random_forest_linux_auth.joblib,linux_auth,ok,0.025959,True,True,True,True,0,False,1,"{""agent-security"": 0.991653}",2,"{""agent-network"": ""capability_missing"", ""agent-system"": ""capability_missing""}",0,
multisource_cnp_20260910T095810Z,linux_auth,189,41708e3af2ab4c66bd88fa2994cfb6ed,2b6bd908487a419a9e0f4a1519664db5,agent-security,e2e_lightweight_candidate_rule_v1,models/random_forest_linux_auth.joblib,linux_auth,ok,0.021399,True,True,True,True,0,False,1,"{""agent-security"": 0.99166}",2,"{""agent-network"": ""capability_missing"", ""agent-system"": ""capability_missing""}",0,
multisource_cnp_20260910T095810Z,linux_auth,190,89e99e47e42246928097e476825b595d,37c00c12f95b4db5acc375a36e355bbf,agent-security,e2e_lightweight_candidate_rule_v1,models/random_forest_linux_auth.joblib,linux_auth,ok,0.027449,True,True,True,True,0,False,1,"{""agent-security"": 0.991671}",2,"{""agent-network"": ""capability_missing"", ""agent-system"": ""capability_missing""}",0,
multisource_cnp_20260910T095810Z,linux_auth,191,9836c40197304727bf9f496a33c4c2d4,206d27c9aa3d4cc7b2e717e93e44bfce,agent-security,e2e_lightweight_candidate_rule_v1,models/random_forest_linux_auth.joblib,linux_auth,ok,0.023528,True,True,True,True,0,False,1,"{""agent-security"": 0.991678}",2,"{""agent-network"": ""capability_missing"", ""agent-system"": ""capability_missing""}",0,
multisource_cnp_20260910T095810Z,linux_auth,192,e55de6c741fe4d4e9f979b794fa88de3,97f524052d9d4cf7bb098bafa53e4e18,agent-security,e2e_lightweight_candidate_rule_v1,models/random_forest_linux_auth.joblib,linux_auth,ok,0.027218,True,True,True,True,0,False,1,"{""agent-security"": 0.991685}",2,"{""agent-network"": ""capability_missing"", ""agent-system"": ""capability_missing""}",0,
multisource_cnp_20260910T095810Z,linux_auth,193,c5b397e016604ff08e7aa6422956b834,5ed62acb0dc542729171d28dd680ff33,agent-security,e2e_lightweight_candidate_rule_v1,models/random_forest_linux_auth.joblib,linux_auth,ok,0.026606,True,True,True,True,0,False,1,"{""agent-security"": 0.99169}",2,"{""agent-network"": ""capability_missing"", ""agent-system"": ""capability_missing""}",0,
multisource_cnp_20260910T095810Z,linux_auth,194,d9a5e3c961cc4fe19bf01a592e3a5ada,126a9ffd123146caa6ce1d4dc6ee9e07,agent-security,e2e_lightweight_candidate_rule_v1,models/random_forest_linux_auth.joblib,linux_auth,ok,0.02564,True,True,True,True,0,False,1,"{""agent-security"": 0.991695}",2,"{""agent-network"": ""capability_missing"", ""agent-system"": ""capability_missing""}",0,
multisource_cnp_20260910T095810Z,linux_auth,195,739f855b82ea44989d103030d8c610da,c6dbbd9dd0e44d149e12e04fcd9ab348,agent-security,e2e_lightweight_candidate_rule_v1,models/random_forest_linux_auth.joblib,linux_auth,ok,0.028134,True,True,True,True,0,False,1,"{""agent-security"": 0.991704}",2,"{""agent-network"": ""capability_missing"", ""agent-system"": ""capability_missing""}",0,
multisource_cnp_20260910T095810Z,linux_auth,196,e51a9dc6c9ff4d92babf3ef3101b1f44,ab6f2f9d1be147a09963d5e708df00d6,agent-security,e2e_lightweight_candidate_rule_v1,models/random_forest_linux_auth.joblib,linux_auth,ok,0.027387,True,True,True,True,0,False,1,"{""agent-security"": 0.991708}",2,"{""agent-network"": ""capability_missing"", ""agent-system"": ""capability_missing""}",0,
multisource_cnp_20260910T095810Z,linux_auth,197,153c933d4d5644718ee78ec7c684d4f2,48d39132a20e4b93b536cd87525566ea,agent-security,e2e_lightweight_candidate_rule_v1,models/random_forest_linux_auth.joblib,linux_auth,ok,0.025478,True,True,True,True,0,False,1,"{""agent-security"": 0.99171}",2,"{""agent-network"": ""capability_missing"", ""agent-system"": ""capability_missing""}",0,
multisource_cnp_20260910T095810Z,linux_auth,198,5b51ab3308974a39a6358b0850a35d29,f2a61903ff754d33bd8adb10fe1a6956,agent-security,e2e_lightweight_candidate_rule_v1,models/random_forest_linux_auth.joblib,linux_auth,ok,0.023398,True,True,True,True,0,False,1,"{""agent-security"": 0.991717}",2,"{""agent-network"": ""capability_missing"", ""agent-system"": ""capability_missing""}",0,
multisource_cnp_20260910T095810Z,linux_auth,199,8cf8d4b96c5a4b5786329b6192d8cd1c,e7a9dd1f15a04f6db2d4b9a74ea2971d,agent-security,e2e_lightweight_candidate_rule_v1,models/random_forest_linux_auth.joblib,linux_auth,ok,0.027791,True,True,True,True,0,False,1,"{""agent-security"": 0.991722}",2,"{""agent-network"": ""capability_missing"", ""agent-system"": ""capability_missing""}",0,
multisource_cnp_20260910T095810Z,linux_auth,200,3580d773990a4d4fa289307806ce169b,df416495facb4b82a0ce207cbc2a7f84,agent-security,e2e_lightweight_candidate_rule_v1,models/random_forest_linux_auth.joblib,linux_auth,ok,0.022059,True,True,True,True,0,False,1,"{""agent-security"": 0.991726}",2,"{""agent-network"": ""capability_missing"", ""agent-system"": ""capability_missing""}",0,
multisource_cnp_20260910T095810Z,wazuh,1,75dc368f425e4fe5b8fa71dae65ad6f1,84a349e157d84e81afe2a39e11caabe1,agent-security,e2e_lightweight_candidate_rule_v1,models/isolation_forest_wazuh.joblib,wazuh,ok,0.20448,True,True,True,True,1,False,1,"{""agent-security"": 0.872}",2,"{""agent-network"": ""capability_missing"", ""agent-system"": ""capability_missing""}",0,
multisource_cnp_20260910T095810Z,wazuh,2,ac3729ea255d49f38e1e5d1d18be1b42,859b7ed04909474997a3b01583078ae6,agent-security,e2e_lightweight_candidate_rule_v1,models/isolation_forest_wazuh.joblib,wazuh,ok,0.205283,True,True,True,True,0,False,1,"{""agent-security"": 0.922011}",2,"{""agent-network"": ""capability_missing"", ""agent-system"": ""capability_missing""}",0,
multisource_cnp_20260910T095810Z,wazuh,3,476b7b6b36a9435da876ead0a848a729,293ddb46f84e4dd5a8b62328f1947738,agent-security,e2e_lightweight_candidate_rule_v1,models/isolation_forest_wazuh.joblib,wazuh,ok,0.136454,True,True,True,True,0,False,1,"{""agent-security"": 0.938637}",2,"{""agent-network"": ""capability_missing"", ""agent-system"": ""capability_missing""}",0,
multisource_cnp_20260910T095810Z,wazuh,4,051683928f874953bae013386cefff90,ae558c9386114da3b5582b209f9de2e1,agent-security,e2e_lightweight_candidate_rule_v1,models/isolation_forest_wazuh.joblib,wazuh,ok,0.133313,True,True,True,True,1,False,1,"{""agent-security"": 0.949409}",2,"{""agent-network"": ""capability_missing"", ""agent-system"": ""capability_missing""}",0,
multisource_cnp_20260910T095810Z,wazuh,5,da0bb5514e71497e88852e56353975c1,e257ca041eb449bb8fb822ba436f8a03,agent-security,e2e_lightweight_candidate_rule_v1,models/isolation_forest_wazuh.joblib,wazuh,ok,0.137971,True,True,True,True,0,False,1,"{""agent-security"": 0.956505}",2,"{""agent-network"": ""capability_missing"", ""agent-system"": ""capability_missing""}",0,
multisource_cnp_20260910T095810Z,wazuh,6,e45bb2fc79684c3bb4290d9c748091ab,22169761dd4c46d48862de4c43e3f38e,agent-security,e2e_lightweight_candidate_rule_v1,models/isolation_forest_wazuh.joblib,wazuh,ok,0.192499,True,True,True,True,1,False,1,"{""agent-security"": 0.961495}",2,"{""agent-network"": ""capability_missing"", ""agent-system"": ""capability_missing""}",0,
multisource_cnp_20260910T095810Z,wazuh,7,ecb3fe3f5f734c8c95ad0edff021c2cd,114a50ac77744d9e982c5e7a1260b2fc,agent-security,e2e_lightweight_candidate_rule_v1,models/isolation_forest_wazuh.joblib,wazuh,ok,0.155261,True,True,True,True,1,False,1,"{""agent-security"": 0.964892}",2,"{""agent-network"": ""capability_missing"", ""agent-system"": ""capability_missing""}",0,
multisource_cnp_20260910T095810Z,wazuh,8,099543ceffdd4a119058229c512b78ec,24a2b49467cc45abac1de7f81ea37ad4,agent-security,e2e_lightweight_candidate_rule_v1,models/isolation_forest_wazuh.joblib,wazuh,ok,0.133108,True,True,True,True,0,False,1,"{""agent-security"": 0.967732}",2,"{""agent-network"": ""capability_missing"", ""agent-system"": ""capability_missing""}",0,
multisource_cnp_20260910T095810Z,wazuh,9,c6c54800d40d44f9a7fa5ccd137a2239,892d0a030f0f48d7b322f1d083e14e9b,agent-security,e2e_lightweight_candidate_rule_v1,models/isolation_forest_wazuh.joblib,wazuh,ok,0.128475,True,True,True,True,1,False,1,"{""agent-security"": 0.970103}",2,"{""agent-network"": ""capability_missing"", ""agent-system"": ""capability_missing""}",0,
multisource_cnp_20260910T095810Z,wazuh,10,8b068e5c7de14800bec343eb71567ff4,a405e55964044279a64307ce4846a28a,agent-security,e2e_lightweight_candidate_rule_v1,models/isolation_forest_wazuh.joblib,wazuh,ok,0.135445,True,True,True,True,0,False,1,"{""agent-security"": 0.972056}",2,"{""agent-network"": ""capability_missing"", ""agent-system"": ""capability_missing""}",0,
multisource_cnp_20260910T095810Z,wazuh,11,ad755d78ed2e4853b1fd6b68b3052955,e3665761e5c0424399bdd577903203fc,agent-security,e2e_lightweight_candidate_rule_v1,models/isolation_forest_wazuh.joblib,wazuh,ok,0.133925,True,True,True,True,0,False,1,"{""agent-security"": 0.973654}",2,"{""agent-network"": ""capability_missing"", ""agent-system"": ""capability_missing""}",0,
multisource_cnp_20260910T095810Z,wazuh,12,5a054ac735bc4961ab0b05e3133c4b0b,c55f2e2fd9134e94a2e6706b44e54299,agent-security,e2e_lightweight_candidate_rule_v1,models/isolation_forest_wazuh.joblib,wazuh,ok,0.12652,True,True,True,True,1,False,1,"{""agent-security"": 0.975009}",2,"{""agent-network"": ""capability_missing"", ""agent-system"": ""capability_missing""}",0,
multisource_cnp_20260910T095810Z,wazuh,13,3572715aafd84fccb0e9e23f5a797111,e0280c5929af473e8a478b24c90c0ee2,agent-security,e2e_lightweight_candidate_rule_v1,models/isolation_forest_wazuh.joblib,wazuh,ok,0.12723,True,True,True,True,0,False,1,"{""agent-security"": 0.976193}",2,"{""agent-network"": ""capability_missing"", ""agent-system"": ""capability_missing""}",0,
multisource_cnp_20260910T095810Z,wazuh,14,fcf5feb11359402181bc8f8fdf868e5a,bcd01ea40f814733b7f50e3aa841a5b0,agent-security,e2e_lightweight_candidate_rule_v1,models/isolation_forest_wazuh.joblib,wazuh,ok,0.135096,True,True,True,True,0,False,1,"{""agent-security"": 0.977222}",2,"{""agent-network"": ""capability_missing"", ""agent-system"": ""capability_missing""}",0,
multisource_cnp_20260910T095810Z,wazuh,15,d59888ae65b9402199c907e119fea75f,3eceab9f9d1e44d3a05629e4ee023b31,agent-security,e2e_lightweight_candidate_rule_v1,models/isolation_forest_wazuh.joblib,wazuh,ok,0.131221,True,True,True,True,0,False,1,"{""agent-security"": 0.978097}",2,"{""agent-network"": ""capability_missing"", ""agent-system"": ""capability_missing""}",0,
multisource_cnp_20260910T095810Z,wazuh,16,276e80c7693a44788a425dd687e596bc,d7d86673ab43424db1099a1d0a031fcd,agent-security,e2e_lightweight_candidate_rule_v1,models/isolation_forest_wazuh.joblib,wazuh,ok,0.131721,True,True,True,True,0,False,1,"{""agent-security"": 0.978878}",2,"{""agent-network"": ""capability_missing"", ""agent-system"": ""capability_missing""}",0,
multisource_cnp_20260910T095810Z,wazuh,17,705a3669996342ef9aaf4ba0505ec5d5,a51dee7d09a4409e8d6fc74411173e74,agent-security,e2e_lightweight_candidate_rule_v1,models/isolation_forest_wazuh.joblib,wazuh,ok,0.201937,True,True,True,True,0,False,1,"{""agent-security"": 0.979567}",2,"{""agent-network"": ""capability_missing"", ""agent-system"": ""capability_missing""}",0,
multisource_cnp_20260910T095810Z,wazuh,18,bb85728d8ae04b7bac5c841c4d69845e,314ebb93662b4c1f8865f2c3bd340581,agent-security,e2e_lightweight_candidate_rule_v1,models/isolation_forest_wazuh.joblib,wazuh,ok,0.186513,True,True,True,True,0,False,1,"{""agent-security"": 0.980028}",2,"{""agent-network"": ""capability_missing"", ""agent-system"": ""capability_missing""}",0,
multisource_cnp_20260910T095810Z,wazuh,19,dc4b423a86804ffcb9df60c12709ec15,33b77440ba6b4661bfe86b43f5e0d626,agent-security,e2e_lightweight_candidate_rule_v1,models/isolation_forest_wazuh.joblib,wazuh,ok,0.144644,True,True,True,True,1,False,1,"{""agent-security"": 0.980482}",2,"{""agent-network"": ""capability_missing"", ""agent-system"": ""capability_missing""}",0,
multisource_cnp_20260910T095810Z,wazuh,20,dd11fd62261c4b1e8d3198df1bee7a1c,b000f61e356d46dc816833132ad407f8,agent-security,e2e_lightweight_candidate_rule_v1,models/isolation_forest_wazuh.joblib,wazuh,ok,0.132817,True,True,True,True,0,False,1,"{""agent-security"": 0.980973}",2,"{""agent-network"": ""capability_missing"", ""agent-system"": ""capability_missing""}",0,
multisource_cnp_20260910T095810Z,wazuh,21,6c126e07e4da43c3b900935f54e2d72e,525d9e55e13d4394b4878b32a2b67c50,agent-security,e2e_lightweight_candidate_rule_v1,models/isolation_forest_wazuh.joblib,wazuh,ok,0.13785,True,True,True,True,1,False,1,"{""agent-security"": 0.981441}",2,"{""agent-network"": ""capability_missing"", ""agent-system"": ""capability_missing""}",0,
multisource_cnp_20260910T095810Z,wazuh,22,372bb6b88179490e96d12a8de2e8d751,4063d7f4c4db4266806902ba6b6fc596,agent-security,e2e_lightweight_candidate_rule_v1,models/isolation_forest_wazuh.joblib,wazuh,ok,0.128565,True,True,True,True,1,False,1,"{""agent-security"": 0.98186}",2,"{""agent-network"": ""capability_missing"", ""agent-system"": ""capability_missing""}",0,
multisource_cnp_20260910T095810Z,wazuh,23,5c8b78b4e05d44b1bd58fef5cc88fcc7,9db1befd7c7b4f81942b394494a3ffd2,agent-security,e2e_lightweight_candidate_rule_v1,models/isolation_forest_wazuh.joblib,wazuh,ok,0.147018,True,True,True,True,0,False,1,"{""agent-security"": 0.98226}",2,"{""agent-network"": ""capability_missing"", ""agent-system"": ""capability_missing""}",0,
multisource_cnp_20260910T095810Z,wazuh,24,7e284beed60b4f308dc9bb8a36c1a574,4a6d986c178b42cb8e2aebe59fc7d890,agent-security,e2e_lightweight_candidate_rule_v1,models/isolation_forest_wazuh.joblib,wazuh,ok,0.127948,True,True,True,True,0,False,1,"{""agent-security"": 0.982595}",2,"{""agent-network"": ""capability_missing"", ""agent-system"": ""capability_missing""}",0,
multisource_cnp_20260910T095810Z,wazuh,25,f837253da5e7450ca7c578cd080d979d,73af26dc0e8d42c68fc2b2f9bcf74a58,agent-security,e2e_lightweight_candidate_rule_v1,models/isolation_forest_wazuh.joblib,wazuh,ok,0.141113,True,True,True,True,0,False,1,"{""agent-security"": 0.982936}",2,"{""agent-network"": ""capability_missing"", ""agent-system"": ""capability_missing""}",0,
multisource_cnp_20260910T095810Z,wazuh,26,501dc62de5394456bba0edbc29a22eda,11d30232cb4f4104a4eb9048c5fc7ddc,agent-security,e2e_lightweight_candidate_rule_v1,models/isolation_forest_wazuh.joblib,wazuh,ok,0.133268,True,True,True,True,0,False,1,"{""agent-security"": 0.983231}",2,"{""agent-network"": ""capability_missing"", ""agent-system"": ""capability_missing""}",0,
multisource_cnp_20260910T095810Z,wazuh,27,8269b2d6f36f46c0a966bcdfd7b24a96,979982cca899413cabc36f106ac12f16,agent-security,e2e_lightweight_candidate_rule_v1,models/isolation_forest_wazuh.joblib,wazuh,ok,0.125745,True,True,True,True,0,False,1,"{""agent-security"": 0.983517}",2,"{""agent-network"": ""capability_missing"", ""agent-system"": ""capability_missing""}",0,
multisource_cnp_20260910T095810Z,wazuh,28,16a0cf77733b44249aced84a315cae6e,513c014be2424548bc9f69a1b03ea9f5,agent-security,e2e_lightweight_candidate_rule_v1,models/isolation_forest_wazuh.joblib,wazuh,ok,0.135894,True,True,True,True,0,False,1,"{""agent-security"": 0.983793}",2,"{""agent-network"": ""capability_missing"", ""agent-system"": ""capability_missing""}",0,
multisource_cnp_20260910T095810Z,wazuh,29,c10f02f18fb34e02a0fbc0a34f828fc1,d595cd53f15b483ba0e857d99bb5fe9b,agent-security,e2e_lightweight_candidate_rule_v1,models/isolation_forest_wazuh.joblib,wazuh,ok,0.135299,True,True,True,True,0,False,1,"{""agent-security"": 0.984038}",2,"{""agent-network"": ""capability_missing"", ""agent-system"": ""capability_missing""}",0,
multisource_cnp_20260910T095810Z,wazuh,30,3c5f8e747c054c83bdb90d23455670c1,e3c7a99550d84347860885bde7c7ef93,agent-security,e2e_lightweight_candidate_rule_v1,models/isolation_forest_wazuh.joblib,wazuh,ok,0.13571,True,True,True,True,0,False,1,"{""agent-security"": 0.984267}",2,"{""agent-network"": ""capability_missing"", ""agent-system"": ""capability_missing""}",0,
multisource_cnp_20260910T095810Z,wazuh,31,6980617593474a1eb32fc7037f9e16c8,bdc5925d74cb467c93a596f91936486f,agent-security,e2e_lightweight_candidate_rule_v1,models/isolation_forest_wazuh.joblib,wazuh,ok,0.125915,True,True,True,True,1,False,1,"{""agent-security"": 0.98448}",2,"{""agent-network"": ""capability_missing"", ""agent-system"": ""capability_missing""}",0,
multisource_cnp_20260910T095810Z,wazuh,32,c118ec4b52d04d91b9bde5528ef73ff9,5394783adfc34f8cbb720e35cf15a53d,agent-security,e2e_lightweight_candidate_rule_v1,models/isolation_forest_wazuh.joblib,wazuh,ok,0.17657,True,True,True,True,1,False,1,"{""agent-security"": 0.984693}",2,"{""agent-network"": ""capability_missing"", ""agent-system"": ""capability_missing""}",0,
multisource_cnp_20260910T095810Z,wazuh,33,190e34b1e954455890fea07ba4defba6,6d7ef40fdd434e3b8a49ff63e044462d,agent-security,e2e_lightweight_candidate_rule_v1,models/isolation_forest_wazuh.joblib,wazuh,ok,0.370131,True,True,True,True,1,False,1,"{""agent-security"": 0.984832}",2,"{""agent-network"": ""capability_missing"", ""agent-system"": ""capability_missing""}",0,
multisource_cnp_20260910T095810Z,wazuh,34,25256bbbb9d84965b9817e3cb8821246,5d0320ce39ef4f0fadae3c9b78b8baae,agent-security,e2e_lightweight_candidate_rule_v1,models/isolation_forest_wazuh.joblib,wazuh,ok,0.244661,True,True,True,True,0,False,1,"{""agent-security"": 0.984745}",2,"{""agent-network"": ""capability_missing"", ""agent-system"": ""capability_missing""}",0,
multisource_cnp_20260910T095810Z,wazuh,35,0edd8bcafb374fb0b97de9d4f7573d5d,a872d5a4343c486eab3920add288efbb,agent-security,e2e_lightweight_candidate_rule_v1,models/isolation_forest_wazuh.joblib,wazuh,ok,0.176641,True,True,True,True,1,False,1,"{""agent-security"": 0.984805}",2,"{""agent-network"": ""capability_missing"", ""agent-system"": ""capability_missing""}",0,
multisource_cnp_20260910T095810Z,wazuh,36,0fa2f8d1032d4c9eb3d533bd07b77f7b,6b93519229844e3a982cbba32e1f09c2,agent-security,e2e_lightweight_candidate_rule_v1,models/isolation_forest_wazuh.joblib,wazuh,ok,0.165814,True,True,True,True,0,False,1,"{""agent-security"": 0.984932}",2,"{""agent-network"": ""capability_missing"", ""agent-system"": ""capability_missing""}",0,
multisource_cnp_20260910T095810Z,wazuh,37,e32bde0e93664679880e7e46f79c3205,6b9a2206c260489d8d26cb4c7e8c8b25,agent-security,e2e_lightweight_candidate_rule_v1,models/isolation_forest_wazuh.joblib,wazuh,ok,0.175016,True,True,True,True,0,False,1,"{""agent-security"": 0.985064}",2,"{""agent-network"": ""capability_missing"", ""agent-system"": ""capability_missing""}",0,
multisource_cnp_20260910T095810Z,wazuh,38,aa527264c6af460b8d9018781e981286,070f59b94e9644238f289a55194bb99a,agent-security,e2e_lightweight_candidate_rule_v1,models/isolation_forest_wazuh.joblib,wazuh,ok,0.173558,True,True,True,True,0,False,1,"{""agent-security"": 0.98518}",2,"{""agent-network"": ""capability_missing"", ""agent-system"": ""capability_missing""}",0,
multisource_cnp_20260910T095810Z,wazuh,39,68333e0538cc4734b2fac4cc96fc3523,d8282a17e8b84c6ca237d5ca7c86ae9f,agent-security,e2e_lightweight_candidate_rule_v1,models/isolation_forest_wazuh.joblib,wazuh,ok,0.194295,True,True,True,True,0,False,1,"{""agent-security"": 0.985291}",2,"{""agent-network"": ""capability_missing"", ""agent-system"": ""capability_missing""}",0,
multisource_cnp_20260910T095810Z,wazuh,40,632e19e0f3f1430aa5a8543d18f1f10a,ffa3156557a14d5888473f90eaa92d97,agent-security,e2e_lightweight_candidate_rule_v1,models/isolation_forest_wazuh.joblib,wazuh,ok,0.237255,True,True,True,True,1,False,1,"{""agent-security"": 0.985378}",2,"{""agent-network"": ""capability_missing"", ""agent-system"": ""capability_missing""}",0,
multisource_cnp_20260910T095810Z,wazuh,41,9bf53c423c634137a39db828ebe9aa2b,af366f91fa964a8a88125aa3d9433ca2,agent-security,e2e_lightweight_candidate_rule_v1,models/isolation_forest_wazuh.joblib,wazuh,ok,0.188921,True,True,True,True,0,False,1,"{""agent-security"": 0.985419}",2,"{""agent-network"": ""capability_missing"", ""agent-system"": ""capability_missing""}",0,
multisource_cnp_20260910T095810Z,wazuh,42,e12f39b09e874c3d86af65a529713f32,d2f4aab3ad1f4ba491e36d0a91bc0398,agent-security,e2e_lightweight_candidate_rule_v1,models/isolation_forest_wazuh.joblib,wazuh,ok,0.178014,True,True,True,True,1,False,1,"{""agent-security"": 0.985504}",2,"{""agent-network"": ""capability_missing"", ""agent-system"": ""capability_missing""}",0,
multisource_cnp_20260910T095810Z,wazuh,43,c297cd6f772b4e6385a2f4a6eaf37655,ebdd353de4a9418a9c71a320e6ac38a9,agent-security,e2e_lightweight_candidate_rule_v1,models/isolation_forest_wazuh.joblib,wazuh,ok,0.198228,True,True,True,True,1,False,1,"{""agent-security"": 0.985595}",2,"{""agent-network"": ""capability_missing"", ""agent-system"": ""capability_missing""}",0,
multisource_cnp_20260910T095810Z,wazuh,44,04043a6f6a5d4744b3d7bd7a697a6db9,0c15ad4e479f427aaf75cd9144a039f4,agent-security,e2e_lightweight_candidate_rule_v1,models/isolation_forest_wazuh.joblib,wazuh,ok,0.24388,True,True,True,True,1,False,1,"{""agent-security"": 0.985665}",2,"{""agent-network"": ""capability_missing"", ""agent-system"": ""capability_missing""}",0,
multisource_cnp_20260910T095810Z,wazuh,45,173737ae33414f7b98e74f62af259ac4,107494e9358c4bb7bed7dac0ae226ffa,agent-security,e2e_lightweight_candidate_rule_v1,models/isolation_forest_wazuh.joblib,wazuh,ok,0.357203,True,True,True,True,1,False,1,"{""agent-security"": 0.985693}",2,"{""agent-network"": ""capability_missing"", ""agent-system"": ""capability_missing""}",0,
multisource_cnp_20260910T095810Z,wazuh,46,da764d83c1a34d44a46d3f3c59a2eff5,b0ba07b71ad4445691393a886158183b,agent-security,e2e_lightweight_candidate_rule_v1,models/isolation_forest_wazuh.joblib,wazuh,ok,0.269589,True,True,True,True,0,False,1,"{""agent-security"": 0.985629}",2,"{""agent-network"": ""capability_missing"", ""agent-system"": ""capability_missing""}",0,
multisource_cnp_20260910T095810Z,wazuh,47,807919fac60546fdae08a5fe1375404d,11a2c029e22947279a72a4648b6c70c9,agent-security,e2e_lightweight_candidate_rule_v1,models/isolation_forest_wazuh.joblib,wazuh,ok,0.186004,True,True,True,True,1,False,1,"{""agent-security"": 0.985637}",2,"{""agent-network"": ""capability_missing"", ""agent-system"": ""capability_missing""}",0,
multisource_cnp_20260910T095810Z,wazuh,48,e31841b882d84d2ca4dc25dc1cbbc2c0,23cc7d7132124107975e6f9dd9b86d19,agent-security,e2e_lightweight_candidate_rule_v1,models/isolation_forest_wazuh.joblib,wazuh,ok,0.217819,True,True,True,True,1,False,1,"{""agent-security"": 0.98571}",2,"{""agent-network"": ""capability_missing"", ""agent-system"": ""capability_missing""}",0,
multisource_cnp_20260910T095810Z,wazuh,49,af313ebc4b72447181572af3028afe3b,85dee986e65d4dd280614f76de9aefa8,agent-security,e2e_lightweight_candidate_rule_v1,models/isolation_forest_wazuh.joblib,wazuh,ok,0.196688,True,True,True,True,1,False,1,"{""agent-security"": 0.985756}",2,"{""agent-network"": ""capability_missing"", ""agent-system"": ""capability_missing""}",0,
multisource_cnp_20260910T095810Z,wazuh,50,c0c6d6daab814246ae43939407a318f9,399bb09fdd074de5bd7ac9ff16bf24d4,agent-security,e2e_lightweight_candidate_rule_v1,models/isolation_forest_wazuh.joblib,wazuh,ok,0.139705,True,True,True,True,0,False,1,"{""agent-security"": 0.985816}",2,"{""agent-network"": ""capability_missing"", ""agent-system"": ""capability_missing""}",0,
multisource_cnp_20260910T095810Z,wazuh,51,d6cc17b2953b4a99912afc3079723191,f74397bc735e42b0bd3bd457d27b1909,agent-security,e2e_lightweight_candidate_rule_v1,models/isolation_forest_wazuh.joblib,wazuh,ok,0.132693,True,True,True,True,0,False,1,"{""agent-security"": 0.985916}",2,"{""agent-network"": ""capability_missing"", ""agent-system"": ""capability_missing""}",0,
multisource_cnp_20260910T095810Z,wazuh,52,a6e0b2fccad3464fb83607146956b778,bd4c2f9e9c0d4c35aa821e0f93496d17,agent-security,e2e_lightweight_candidate_rule_v1,models/isolation_forest_wazuh.joblib,wazuh,ok,0.132269,True,True,True,True,0,False,1,"{""agent-security"": 0.986038}",2,"{""agent-network"": ""capability_missing"", ""agent-system"": ""capability_missing""}",0,
multisource_cnp_20260910T095810Z,wazuh,53,b772ffaedfd14f979a4187a4da0fe0ba,213362a14ff54613a309d073cb61987a,agent-security,e2e_lightweight_candidate_rule_v1,models/isolation_forest_wazuh.joblib,wazuh,ok,0.125547,True,True,True,True,0,False,1,"{""agent-security"": 0.98616}",2,"{""agent-network"": ""capability_missing"", ""agent-system"": ""capability_missing""}",0,
multisource_cnp_20260910T095810Z,wazuh,54,3f020411ee764110a4b168c0d08883a7,baf52a74139344728a21ccde3d0aba61,agent-security,e2e_lightweight_candidate_rule_v1,models/isolation_forest_wazuh.joblib,wazuh,ok,0.144221,True,True,True,True,0,False,1,"{""agent-security"": 0.986236}",2,"{""agent-network"": ""capability_missing"", ""agent-system"": ""capability_missing""}",0,
multisource_cnp_20260910T095810Z,wazuh,55,1bfaedf823ac4f8d83f11a5fd086a9e6,3b7d391d1e544d13ba6bbc6e10ecc939,agent-security,e2e_lightweight_candidate_rule_v1,models/isolation_forest_wazuh.joblib,wazuh,ok,0.135269,True,True,True,True,1,False,1,"{""agent-security"": 0.986294}",2,"{""agent-network"": ""capability_missing"", ""agent-system"": ""capability_missing""}",0,
multisource_cnp_20260910T095810Z,wazuh,56,678ceeb1584c47e3bf559e46197dd6ff,ed1c12159c9f45159435deed2ae86f8c,agent-security,e2e_lightweight_candidate_rule_v1,models/isolation_forest_wazuh.joblib,wazuh,ok,0.143449,True,True,True,True,1,False,1,"{""agent-security"": 0.986359}",2,"{""agent-network"": ""capability_missing"", ""agent-system"": ""capability_missing""}",0,
multisource_cnp_20260910T095810Z,wazuh,57,f455cede6eb74a9f949e3f88b2e37bd2,a254f4db6f4d4987acdeee73070a8ae1,agent-security,e2e_lightweight_candidate_rule_v1,models/isolation_forest_wazuh.joblib,wazuh,ok,0.142194,True,True,True,True,1,False,1,"{""agent-security"": 0.986454}",2,"{""agent-network"": ""capability_missing"", ""agent-system"": ""capability_missing""}",0,
multisource_cnp_20260910T095810Z,wazuh,58,cae91109cf9f451e838ea03fe862f744,1eb1fca001e94b13b560a9bde89bc2ae,agent-security,e2e_lightweight_candidate_rule_v1,models/isolation_forest_wazuh.joblib,wazuh,ok,0.237664,True,True,True,True,1,False,1,"{""agent-security"": 0.986523}",2,"{""agent-network"": ""capability_missing"", ""agent-system"": ""capability_missing""}",0,
multisource_cnp_20260910T095810Z,wazuh,59,6b3d6e13b94243e29514698c5032c5f5,555f37a1a4d0457cb0fddc9bbdee04d8,agent-security,e2e_lightweight_candidate_rule_v1,models/isolation_forest_wazuh.joblib,wazuh,ok,0.200287,True,True,True,True,1,False,1,"{""agent-security"": 0.986504}",2,"{""agent-network"": ""capability_missing"", ""agent-system"": ""capability_missing""}",0,
multisource_cnp_20260910T095810Z,wazuh,60,cc684fc50ebb4a82b46b4a1857fdcc55,1b6ee88bc17c44948eff98c577712cd5,agent-security,e2e_lightweight_candidate_rule_v1,models/isolation_forest_wazuh.joblib,wazuh,ok,0.163771,True,True,True,True,1,False,1,"{""agent-security"": 0.986507}",2,"{""agent-network"": ""capability_missing"", ""agent-system"": ""capability_missing""}",0,
multisource_cnp_20260910T095810Z,wazuh,61,c036272437244efbaca38db6743e24b6,0b3e0b67350f4cd5a899415553e72671,agent-security,e2e_lightweight_candidate_rule_v1,models/isolation_forest_wazuh.joblib,wazuh,ok,0.135403,True,True,True,True,1,False,1,"{""agent-security"": 0.98654}",2,"{""agent-network"": ""capability_missing"", ""agent-system"": ""capability_missing""}",0,
multisource_cnp_20260910T095810Z,wazuh,62,c5c7266e976f47fc8e94d2627b362529,71629a2ce15546c8b0bf632a2abdd9df,agent-security,e2e_lightweight_candidate_rule_v1,models/isolation_forest_wazuh.joblib,wazuh,ok,0.13632,True,True,True,True,0,False,1,"{""agent-security"": 0.986592}",2,"{""agent-network"": ""capability_missing"", ""agent-system"": ""capability_missing""}",0,
multisource_cnp_20260910T095810Z,wazuh,63,898347cf2b8049b4b918ba4f3de6a746,962852a9743848d0b1c23ba11ce3a6c6,agent-security,e2e_lightweight_candidate_rule_v1,models/isolation_forest_wazuh.joblib,wazuh,ok,0.130528,True,True,True,True,0,False,1,"{""agent-security"": 0.986635}",2,"{""agent-network"": ""capability_missing"", ""agent-system"": ""capability_missing""}",0,
multisource_cnp_20260910T095810Z,wazuh,64,4fe013eb0b284e99bb0d0943ddc9ac57,dd862ad8fa594ef7bc550fd811e3455d,agent-security,e2e_lightweight_candidate_rule_v1,models/isolation_forest_wazuh.joblib,wazuh,ok,0.172078,True,True,True,True,0,False,1,"{""agent-security"": 0.986679}",2,"{""agent-network"": ""capability_missing"", ""agent-system"": ""capability_missing""}",0,
multisource_cnp_20260910T095810Z,wazuh,65,17fc087303d44e0d976cf75fae4b6a67,7cb992c5ce8a4932a3e980194e930bb6,agent-security,e2e_lightweight_candidate_rule_v1,models/isolation_forest_wazuh.joblib,wazuh,ok,0.137396,True,True,True,True,1,False,1,"{""agent-security"": 0.986698}",2,"{""agent-network"": ""capability_missing"", ""agent-system"": ""capability_missing""}",0,
multisource_cnp_20260910T095810Z,wazuh,66,531382fb8f5c495592f9da76b6ad81c9,aeeded66421545ccba9aa4b945c3e34c,agent-security,e2e_lightweight_candidate_rule_v1,models/isolation_forest_wazuh.joblib,wazuh,ok,0.129172,True,True,True,True,1,False,1,"{""agent-security"": 0.986738}",2,"{""agent-network"": ""capability_missing"", ""agent-system"": ""capability_missing""}",0,
multisource_cnp_20260910T095810Z,wazuh,67,b2c9791abb93440eadcc7c6565071240,ec31de26fc9b4befa4152ed218b778e2,agent-security,e2e_lightweight_candidate_rule_v1,models/isolation_forest_wazuh.joblib,wazuh,ok,0.131506,True,True,True,True,1,False,1,"{""agent-security"": 0.986784}",2,"{""agent-network"": ""capability_missing"", ""agent-system"": ""capability_missing""}",0,
multisource_cnp_20260910T095810Z,wazuh,68,e29689c8048f4c70929705447abd4fc7,e4664dd9a9a14629b82b4b8d70cb47a4,agent-security,e2e_lightweight_candidate_rule_v1,models/isolation_forest_wazuh.joblib,wazuh,ok,0.139794,True,True,True,True,1,False,1,"{""agent-security"": 0.986878}",2,"{""agent-network"": ""capability_missing"", ""agent-system"": ""capability_missing""}",0,
multisource_cnp_20260910T095810Z,wazuh,69,19f0a7e9dc564da7a6d75f77251e9e79,64df4af308fb41d28c2183411c78611e,agent-security,e2e_lightweight_candidate_rule_v1,models/isolation_forest_wazuh.joblib,wazuh,ok,0.137884,True,True,True,True,1,False,1,"{""agent-security"": 0.986951}",2,"{""agent-network"": ""capability_missing"", ""agent-system"": ""capability_missing""}",0,
multisource_cnp_20260910T095810Z,wazuh,70,7d4306af15fb40b9b2f6b21336fd41e6,87cfebeb5c9540c0b1314c3295612c21,agent-security,e2e_lightweight_candidate_rule_v1,models/isolation_forest_wazuh.joblib,wazuh,ok,0.142414,True,True,True,True,0,False,1,"{""agent-security"": 0.986996}",2,"{""agent-network"": ""capability_missing"", ""agent-system"": ""capability_missing""}",0,
multisource_cnp_20260910T095810Z,wazuh,71,7c246e9df7f74c71be112c45fa448099,8d7d59bb56ca444fa828a5a6bbe876cc,agent-security,e2e_lightweight_candidate_rule_v1,models/isolation_forest_wazuh.joblib,wazuh,ok,0.181554,True,True,True,True,0,False,1,"{""agent-security"": 0.987028}",2,"{""agent-network"": ""capability_missing"", ""agent-system"": ""capability_missing""}",0,
multisource_cnp_20260910T095810Z,wazuh,72,6be1a6aafd874b64abb5a2d81742d1c0,13d0f4721b1e4f99b4c48760e82ab107,agent-security,e2e_lightweight_candidate_rule_v1,models/isolation_forest_wazuh.joblib,wazuh,ok,0.161183,True,True,True,True,1,False,1,"{""agent-security"": 0.987034}",2,"{""agent-network"": ""capability_missing"", ""agent-system"": ""capability_missing""}",0,
multisource_cnp_20260910T095810Z,wazuh,73,8eff2b6ea7e244d89fdaffb6cc7bb589,95897e75b6654f00aabaa298ff4380ee,agent-security,e2e_lightweight_candidate_rule_v1,models/isolation_forest_wazuh.joblib,wazuh,ok,0.216004,True,True,True,True,1,False,1,"{""agent-security"": 0.987048}",2,"{""agent-network"": ""capability_missing"", ""agent-system"": ""capability_missing""}",0,
multisource_cnp_20260910T095810Z,wazuh,74,ffc8c8499802405d9774038ab575c36e,4b4ae64f09b64a578913d4684c60c329,agent-security,e2e_lightweight_candidate_rule_v1,models/isolation_forest_wazuh.joblib,wazuh,ok,0.178433,True,True,True,True,1,False,1,"{""agent-security"": 0.987035}",2,"{""agent-network"": ""capability_missing"", ""agent-system"": ""capability_missing""}",0,
multisource_cnp_20260910T095810Z,wazuh,75,7ad01b56577b4989a13206baa63a0616,aa294eee0a9149c5ae5fe4335d576d38,agent-security,e2e_lightweight_candidate_rule_v1,models/isolation_forest_wazuh.joblib,wazuh,ok,0.145987,True,True,True,True,1,False,1,"{""agent-security"": 0.987034}",2,"{""agent-network"": ""capability_missing"", ""agent-system"": ""capability_missing""}",0,
multisource_cnp_20260910T095810Z,wazuh,76,fef5a556f8e54a78b6d876837959fd18,7d6cf9d8305f4cbd8d7aa1d3648ae1b4,agent-security,e2e_lightweight_candidate_rule_v1,models/isolation_forest_wazuh.joblib,wazuh,ok,0.133693,True,True,True,True,0,False,1,"{""agent-security"": 0.987064}",2,"{""agent-network"": ""capability_missing"", ""agent-system"": ""capability_missing""}",0,
multisource_cnp_20260910T095810Z,wazuh,77,ea177df3d5124f15b2a9654d2e6904f1,ec60d42b19a344479af340754e194cb8,agent-security,e2e_lightweight_candidate_rule_v1,models/isolation_forest_wazuh.joblib,wazuh,ok,0.131471,True,True,True,True,1,False,1,"{""agent-security"": 0.987097}",2,"{""agent-network"": ""capability_missing"", ""agent-system"": ""capability_missing""}",0,
multisource_cnp_20260910T095810Z,wazuh,78,7e8ff812e6794c35b4c3c737b229ad57,66de5d09a4934dbe9e37b5f0f8fe1c78,agent-security,e2e_lightweight_candidate_rule_v1,models/isolation_forest_wazuh.joblib,wazuh,ok,0.135388,True,True,True,True,1,False,1,"{""agent-security"": 0.987125}",2,"{""agent-network"": ""capability_missing"", ""agent-system"": ""capability_missing""}",0,
multisource_cnp_20260910T095810Z,wazuh,79,9662ed8035c04a9ab88794244f201a7a,e76ac2b62fda47b385b0e7bb26a53813,agent-security,e2e_lightweight_candidate_rule_v1,models/isolation_forest_wazuh.joblib,wazuh,ok,0.14788,True,True,True,True,1,False,1,"{""agent-security"": 0.987156}",2,"{""agent-network"": ""capability_missing"", ""agent-system"": ""capability_missing""}",0,
multisource_cnp_20260910T095810Z,wazuh,80,f756103e76b548059ae0143de8b0dd94,c82b35aa6083431b97364843c136e6a2,agent-security,e2e_lightweight_candidate_rule_v1,models/isolation_forest_wazuh.joblib,wazuh,ok,0.141545,True,True,True,True,1,False,1,"{""agent-security"": 0.987178}",2,"{""agent-network"": ""capability_missing"", ""agent-system"": ""capability_missing""}",0,
multisource_cnp_20260910T095810Z,wazuh,81,063bcf837dc8463f910d7b1456175575,26420ae190cf4143b36ade3e7140d286,agent-security,e2e_lightweight_candidate_rule_v1,models/isolation_forest_wazuh.joblib,wazuh,ok,0.131081,True,True,True,True,1,False,1,"{""agent-security"": 0.987205}",2,"{""agent-network"": ""capability_missing"", ""agent-system"": ""capability_missing""}",0,
multisource_cnp_20260910T095810Z,wazuh,82,9de88e212a064bd3815dd1c82b4308ec,a256f11834714ca894989d9c8e5387a0,agent-security,e2e_lightweight_candidate_rule_v1,models/isolation_forest_wazuh.joblib,wazuh,ok,0.129907,True,True,True,True,0,False,1,"{""agent-security"": 0.987231}",2,"{""agent-network"": ""capability_missing"", ""agent-system"": ""capability_missing""}",0,
multisource_cnp_20260910T095810Z,wazuh,83,f0e01d895a7d4638b4f36e5a2cce9fce,3886c42103a4497ab0aa4b52aad2eb67,agent-security,e2e_lightweight_candidate_rule_v1,models/isolation_forest_wazuh.joblib,wazuh,ok,0.137262,True,True,True,True,0,False,1,"{""agent-security"": 0.987294}",2,"{""agent-network"": ""capability_missing"", ""agent-system"": ""capability_missing""}",0,
multisource_cnp_20260910T095810Z,wazuh,84,0e21da1437744088bc4dc166d285dfe4,a1def13440e34a1b87ee2ac6b457b135,agent-security,e2e_lightweight_candidate_rule_v1,models/isolation_forest_wazuh.joblib,wazuh,ok,0.129519,True,True,True,True,0,False,1,"{""agent-security"": 0.98749}",2,"{""agent-network"": ""capability_missing"", ""agent-system"": ""capability_missing""}",0,
multisource_cnp_20260910T095810Z,wazuh,85,61bc6058e2a14decb58b6d4775cab1dc,e3f63f1a35954ffea4d783f64ec84d70,agent-security,e2e_lightweight_candidate_rule_v1,models/isolation_forest_wazuh.joblib,wazuh,ok,0.13091,True,True,True,True,0,False,1,"{""agent-security"": 0.9876}",2,"{""agent-network"": ""capability_missing"", ""agent-system"": ""capability_missing""}",0,
multisource_cnp_20260910T095810Z,wazuh,86,5fa4d78fef754caa8a5e3c1f29fe1c7e,aa797b819b674429a967e063f49d0d45,agent-security,e2e_lightweight_candidate_rule_v1,models/isolation_forest_wazuh.joblib,wazuh,ok,0.118334,True,True,True,True,1,False,1,"{""agent-security"": 0.98766}",2,"{""agent-network"": ""capability_missing"", ""agent-system"": ""capability_missing""}",0,
multisource_cnp_20260910T095810Z,wazuh,87,47a45eaf045744cdac4d5d49f8af8302,a254b26eb1e04643ac9f5a61ebe7d98f,agent-security,e2e_lightweight_candidate_rule_v1,models/isolation_forest_wazuh.joblib,wazuh,ok,0.130514,True,True,True,True,0,False,1,"{""agent-security"": 0.98772}",2,"{""agent-network"": ""capability_missing"", ""agent-system"": ""capability_missing""}",0,
multisource_cnp_20260910T095810Z,wazuh,88,aed5f80c88d443bfbfc03ffa10b11bf6,cac08715cd6d4e829204198612788ac0,agent-security,e2e_lightweight_candidate_rule_v1,models/isolation_forest_wazuh.joblib,wazuh,ok,0.124866,True,True,True,True,0,False,1,"{""agent-security"": 0.987778}",2,"{""agent-network"": ""capability_missing"", ""agent-system"": ""capability_missing""}",0,
multisource_cnp_20260910T095810Z,wazuh,89,59e830f4f9174a06b30f91626d4702b5,7064e425a74a4ef1a47422a8b6a97f98,agent-security,e2e_lightweight_candidate_rule_v1,models/isolation_forest_wazuh.joblib,wazuh,ok,0.212576,True,True,True,True,0,False,1,"{""agent-security"": 0.987839}",2,"{""agent-network"": ""capability_missing"", ""agent-system"": ""capability_missing""}",0,
multisource_cnp_20260910T095810Z,wazuh,90,0f66f65943de41b68cdd9b11d725c540,f34a4e1a92964131967345eae00f31be,agent-security,e2e_lightweight_candidate_rule_v1,models/isolation_forest_wazuh.joblib,wazuh,ok,0.18429,True,True,True,True,0,False,1,"{""agent-security"": 0.98785}",2,"{""agent-network"": ""capability_missing"", ""agent-system"": ""capability_missing""}",0,
multisource_cnp_20260910T095810Z,wazuh,91,ab3208c9617d4b14af8de0593e6ea84c,a993db31e6ad4b0bbdcc772f610bc3ab,agent-security,e2e_lightweight_candidate_rule_v1,models/isolation_forest_wazuh.joblib,wazuh,ok,0.12787,True,True,True,True,0,False,1,"{""agent-security"": 0.987913}",2,"{""agent-network"": ""capability_missing"", ""agent-system"": ""capability_missing""}",0,
multisource_cnp_20260910T095810Z,wazuh,92,04bd6968266d46b08051d0c306bc7b34,2e00e9492ed0488c9914014028010f9d,agent-security,e2e_lightweight_candidate_rule_v1,models/isolation_forest_wazuh.joblib,wazuh,ok,0.120927,True,True,True,True,0,False,1,"{""agent-security"": 0.987981}",2,"{""agent-network"": ""capability_missing"", ""agent-system"": ""capability_missing""}",0,
multisource_cnp_20260910T095810Z,wazuh,93,bc6410ad6a33453480b842d6184e01eb,99ed37727b42436eab98ce4fe7b40abd,agent-security,e2e_lightweight_candidate_rule_v1,models/isolation_forest_wazuh.joblib,wazuh,ok,0.213194,True,True,True,True,0,False,1,"{""agent-security"": 0.988047}",2,"{""agent-network"": ""capability_missing"", ""agent-system"": ""capability_missing""}",0,
multisource_cnp_20260910T095810Z,wazuh,94,0a67594e544a4ce688c16c0f5f935d11,9c95e982dfc44728b3bf0a8cbce57558,agent-security,e2e_lightweight_candidate_rule_v1,models/isolation_forest_wazuh.joblib,wazuh,ok,0.128228,True,True,True,True,0,False,1,"{""agent-security"": 0.988056}",2,"{""agent-network"": ""capability_missing"", ""agent-system"": ""capability_missing""}",0,
multisource_cnp_20260910T095810Z,wazuh,95,94ce2ede6e334517bb1abbac78cdf405,96aa1bda100d40eba839654936e257ec,agent-security,e2e_lightweight_candidate_rule_v1,models/isolation_forest_wazuh.joblib,wazuh,ok,0.122619,True,True,True,True,0,False,1,"{""agent-security"": 0.988163}",2,"{""agent-network"": ""capability_missing"", ""agent-system"": ""capability_missing""}",0,
multisource_cnp_20260910T095810Z,wazuh,96,56ebcb82608546e7aee185631b8c7573,47e8f848e531424e9dd23ecc46076c9c,agent-security,e2e_lightweight_candidate_rule_v1,models/isolation_forest_wazuh.joblib,wazuh,ok,0.128618,True,True,True,True,0,False,1,"{""agent-security"": 0.988359}",2,"{""agent-network"": ""capability_missing"", ""agent-system"": ""capability_missing""}",0,
multisource_cnp_20260910T095810Z,wazuh,97,e1a010b2fa814e0082919a372c1278a5,e9e31151998b451a9f28de29c0cd6f0a,agent-security,e2e_lightweight_candidate_rule_v1,models/isolation_forest_wazuh.joblib,wazuh,ok,0.131937,True,True,True,True,0,False,1,"{""agent-security"": 0.988486}",2,"{""agent-network"": ""capability_missing"", ""agent-system"": ""capability_missing""}",0,
multisource_cnp_20260910T095810Z,wazuh,98,f2c0c9f5380142b49f055d77e2f8408f,67ac122fdb094bac9c276a95faf5bbb7,agent-security,e2e_lightweight_candidate_rule_v1,models/isolation_forest_wazuh.joblib,wazuh,ok,0.123715,True,True,True,True,0,False,1,"{""agent-security"": 0.988547}",2,"{""agent-network"": ""capability_missing"", ""agent-system"": ""capability_missing""}",0,
multisource_cnp_20260910T095810Z,wazuh,99,da99dba711754afd952c6a131dc84a61,0724646c1c7c4d8b8c279018f93f6024,agent-security,e2e_lightweight_candidate_rule_v1,models/isolation_forest_wazuh.joblib,wazuh,ok,0.127484,True,True,True,True,0,False,1,"{""agent-security"": 0.988638}",2,"{""agent-network"": ""capability_missing"", ""agent-system"": ""capability_missing""}",0,
multisource_cnp_20260910T095810Z,wazuh,100,0171186c437846c98919114e07e1f918,f9cdf8c10b8f490aa162f56bf3ee8b8d,agent-security,e2e_lightweight_candidate_rule_v1,models/isolation_forest_wazuh.joblib,wazuh,ok,0.129298,True,True,True,True,0,False,1,"{""agent-security"": 0.988709}",2,"{""agent-network"": ""capability_missing"", ""agent-system"": ""capability_missing""}",0,
multisource_cnp_20260910T095810Z,wazuh,101,ff76a4e1efce4944b1316312b3b7cabd,d6e49ee7e54e4ea2b2441a73e6a1f0de,agent-security,e2e_lightweight_candidate_rule_v1,models/isolation_forest_wazuh.joblib,wazuh,ok,0.123872,True,True,True,True,0,False,1,"{""agent-security"": 0.988737}",2,"{""agent-network"": ""capability_missing"", ""agent-system"": ""capability_missing""}",0,
multisource_cnp_20260910T095810Z,wazuh,102,285dac5481f54252983d0bb3eda197ba,55ed4c5ad2a746cfaf2ad16d9e09ab95,agent-security,e2e_lightweight_candidate_rule_v1,models/isolation_forest_wazuh.joblib,wazuh,ok,0.13894,True,True,True,True,0,False,1,"{""agent-security"": 0.988765}",2,"{""agent-network"": ""capability_missing"", ""agent-system"": ""capability_missing""}",0,
multisource_cnp_20260910T095810Z,wazuh,103,beb119da92f94ff18c8ceddf379fc089,f68e239e285f43ca97d073163f3968d8,agent-security,e2e_lightweight_candidate_rule_v1,models/isolation_forest_wazuh.joblib,wazuh,ok,0.134625,True,True,True,True,0,False,1,"{""agent-security"": 0.988778}",2,"{""agent-network"": ""capability_missing"", ""agent-system"": ""capability_missing""}",0,
multisource_cnp_20260910T095810Z,wazuh,104,5cd216b369084f62bbe9cd59e22a20a5,a4a5bcc448f345009eade5f33c67173e,agent-security,e2e_lightweight_candidate_rule_v1,models/isolation_forest_wazuh.joblib,wazuh,ok,0.144828,True,True,True,True,0,False,1,"{""agent-security"": 0.988789}",2,"{""agent-network"": ""capability_missing"", ""agent-system"": ""capability_missing""}",0,
multisource_cnp_20260910T095810Z,wazuh,105,1e5eb05c649a45bd8f9246b5a7f3a601,b8e516a738ab41cfaf26928c4cdd5f79,agent-security,e2e_lightweight_candidate_rule_v1,models/isolation_forest_wazuh.joblib,wazuh,ok,0.207397,True,True,True,True,0,False,1,"{""agent-security"": 0.988806}",2,"{""agent-network"": ""capability_missing"", ""agent-system"": ""capability_missing""}",0,
multisource_cnp_20260910T095810Z,wazuh,106,67df39cb78924e5ea2f96bde9aa1c053,362ceca006654395a5a07f9d48580c91,agent-security,e2e_lightweight_candidate_rule_v1,models/isolation_forest_wazuh.joblib,wazuh,ok,0.162274,True,True,True,True,0,False,1,"{""agent-security"": 0.988769}",2,"{""agent-network"": ""capability_missing"", ""agent-system"": ""capability_missing""}",0,
multisource_cnp_20260910T095810Z,wazuh,107,f6a5517a1f124184a3b0fed88aaa55a8,ba08123583834764b84b3446504a8a05,agent-security,e2e_lightweight_candidate_rule_v1,models/isolation_forest_wazuh.joblib,wazuh,ok,0.139688,True,True,True,True,0,False,1,"{""agent-security"": 0.988772}",2,"{""agent-network"": ""capability_missing"", ""agent-system"": ""capability_missing""}",0,
multisource_cnp_20260910T095810Z,wazuh,108,afbe9e84eebe43a4b5e4291800190a6e,f7fa01826be4451e9085140f1ef49113,agent-security,e2e_lightweight_candidate_rule_v1,models/isolation_forest_wazuh.joblib,wazuh,ok,0.140351,True,True,True,True,0,False,1,"{""agent-security"": 0.988791}",2,"{""agent-network"": ""capability_missing"", ""agent-system"": ""capability_missing""}",0,
multisource_cnp_20260910T095810Z,wazuh,109,7e26940cc0e648d1a65dab72dab70ef7,c3197118d7154df488e5d4b79c8dfebf,agent-security,e2e_lightweight_candidate_rule_v1,models/isolation_forest_wazuh.joblib,wazuh,ok,0.121181,True,True,True,True,0,False,1,"{""agent-security"": 0.988881}",2,"{""agent-network"": ""capability_missing"", ""agent-system"": ""capability_missing""}",0,
multisource_cnp_20260910T095810Z,wazuh,110,8e5c1b4388de462e88a7819da8c0409b,51816898d45b41408f285b0f94fe5846,agent-security,e2e_lightweight_candidate_rule_v1,models/isolation_forest_wazuh.joblib,wazuh,ok,0.127645,True,True,True,True,0,False,1,"{""agent-security"": 0.988956}",2,"{""agent-network"": ""capability_missing"", ""agent-system"": ""capability_missing""}",0,
multisource_cnp_20260910T095810Z,wazuh,111,6e2a8263deaa48379a3d42152881d10a,e3a91361350d4bc7ba8586b80de4283a,agent-security,e2e_lightweight_candidate_rule_v1,models/isolation_forest_wazuh.joblib,wazuh,ok,0.132329,True,True,True,True,0,False,1,"{""agent-security"": 0.988999}",2,"{""agent-network"": ""capability_missing"", ""agent-system"": ""capability_missing""}",0,
multisource_cnp_20260910T095810Z,wazuh,112,739a838e64f04256a01db58eaffbf02f,31fe74d84b5b4e478f37b45a1a3cd10e,agent-security,e2e_lightweight_candidate_rule_v1,models/isolation_forest_wazuh.joblib,wazuh,ok,0.123237,True,True,True,True,0,False,1,"{""agent-security"": 0.989017}",2,"{""agent-network"": ""capability_missing"", ""agent-system"": ""capability_missing""}",0,
multisource_cnp_20260910T095810Z,wazuh,113,99557bd7782e45e3b27d99603ec77bc0,07569b94ea704d45adc688c798063777,agent-security,e2e_lightweight_candidate_rule_v1,models/isolation_forest_wazuh.joblib,wazuh,ok,0.119941,True,True,True,True,0,False,1,"{""agent-security"": 0.989042}",2,"{""agent-network"": ""capability_missing"", ""agent-system"": ""capability_missing""}",0,
multisource_cnp_20260910T095810Z,wazuh,114,17f80338449b40558f039f1577dcc1d7,5f472264fb9b490c80369c4f0c39ee3b,agent-security,e2e_lightweight_candidate_rule_v1,models/isolation_forest_wazuh.joblib,wazuh,ok,0.224979,True,True,True,True,0,False,1,"{""agent-security"": 0.989065}",2,"{""agent-network"": ""capability_missing"", ""agent-system"": ""capability_missing""}",0,
multisource_cnp_20260910T095810Z,wazuh,115,30142818615c4edaae72b8219753010b,170796e4aca1492cb3ecdec067debb76,agent-security,e2e_lightweight_candidate_rule_v1,models/isolation_forest_wazuh.joblib,wazuh,ok,0.189248,True,True,True,True,0,False,1,"{""agent-security"": 0.989043}",2,"{""agent-network"": ""capability_missing"", ""agent-system"": ""capability_missing""}",0,
multisource_cnp_20260910T095810Z,wazuh,116,aeb64a35b4bb4214917f9da74cbc74d9,6d75738f33fa409d955615aa73dda7f7,agent-security,e2e_lightweight_candidate_rule_v1,models/isolation_forest_wazuh.joblib,wazuh,ok,0.143008,True,True,True,True,0,False,1,"{""agent-security"": 0.989021}",2,"{""agent-network"": ""capability_missing"", ""agent-system"": ""capability_missing""}",0,
multisource_cnp_20260910T095810Z,wazuh,117,d61094972e3c4df9ab14756e6e4ca6ae,418ab8699c2b4b27acdedab4d3ec98ee,agent-security,e2e_lightweight_candidate_rule_v1,models/isolation_forest_wazuh.joblib,wazuh,ok,0.12694,True,True,True,True,0,False,1,"{""agent-security"": 0.989025}",2,"{""agent-network"": ""capability_missing"", ""agent-system"": ""capability_missing""}",0,
multisource_cnp_20260910T095810Z,wazuh,118,fde7d5d6c93142e884ed8e432b8b2ec2,5110c01ff207488e9be6428b79e7eff0,agent-security,e2e_lightweight_candidate_rule_v1,models/isolation_forest_wazuh.joblib,wazuh,ok,0.136975,True,True,True,True,0,False,1,"{""agent-security"": 0.989043}",2,"{""agent-network"": ""capability_missing"", ""agent-system"": ""capability_missing""}",0,
multisource_cnp_20260910T095810Z,wazuh,119,0e872376fa574cb8a79c854cb62ce6f5,9c8eee078ead4f8ca4d46ed4197aa762,agent-security,e2e_lightweight_candidate_rule_v1,models/isolation_forest_wazuh.joblib,wazuh,ok,0.125681,True,True,True,True,0,False,1,"{""agent-security"": 0.989061}",2,"{""agent-network"": ""capability_missing"", ""agent-system"": ""capability_missing""}",0,
multisource_cnp_20260910T095810Z,wazuh,120,28b9ad0f3e544f9ca0c6b0ff0d029332,00614c662ca042ea863f6641aee1b041,agent-security,e2e_lightweight_candidate_rule_v1,models/isolation_forest_wazuh.joblib,wazuh,ok,0.190499,True,True,True,True,1,False,1,"{""agent-security"": 0.989083}",2,"{""agent-network"": ""capability_missing"", ""agent-system"": ""capability_missing""}",0,
multisource_cnp_20260910T095810Z,wazuh,121,f82f8ea67049495cbcd33edca9a97b39,bf875922ac9c4b398511108596726b92,agent-security,e2e_lightweight_candidate_rule_v1,models/isolation_forest_wazuh.joblib,wazuh,ok,0.195033,True,True,True,True,0,False,1,"{""agent-security"": 0.98906}",2,"{""agent-network"": ""capability_missing"", ""agent-system"": ""capability_missing""}",0,
multisource_cnp_20260910T095810Z,wazuh,122,363942f60ff1470bbba6458815e0bd18,c4f688dfa1614ca2b5f67a287154b61c,agent-security,e2e_lightweight_candidate_rule_v1,models/isolation_forest_wazuh.joblib,wazuh,ok,0.136678,True,True,True,True,0,False,1,"{""agent-security"": 0.989064}",2,"{""agent-network"": ""capability_missing"", ""agent-system"": ""capability_missing""}",0,
multisource_cnp_20260910T095810Z,wazuh,123,8e13b33b13414b3f8d704d4885e1c4e5,64054b9102684c9788b7717c4f9ad724,agent-security,e2e_lightweight_candidate_rule_v1,models/isolation_forest_wazuh.joblib,wazuh,ok,0.124417,True,True,True,True,1,False,1,"{""agent-security"": 0.989095}",2,"{""agent-network"": ""capability_missing"", ""agent-system"": ""capability_missing""}",0,
multisource_cnp_20260910T095810Z,wazuh,124,a0dccd8710004e61a47332a3cc2f433d,02971c358b8144259fad46a8f6a0e0e4,agent-security,e2e_lightweight_candidate_rule_v1,models/isolation_forest_wazuh.joblib,wazuh,ok,0.1751,True,True,True,True,1,False,1,"{""agent-security"": 0.989176}",2,"{""agent-network"": ""capability_missing"", ""agent-system"": ""capability_missing""}",0,
multisource_cnp_20260910T095810Z,wazuh,125,b7ede67a83874f3989dfcc5cae02e6fc,b8669a044b4c4871a3c61fe9d24693e8,agent-security,e2e_lightweight_candidate_rule_v1,models/isolation_forest_wazuh.joblib,wazuh,ok,0.12718,True,True,True,True,1,False,1,"{""agent-security"": 0.989191}",2,"{""agent-network"": ""capability_missing"", ""agent-system"": ""capability_missing""}",0,
multisource_cnp_20260910T095810Z,wazuh,126,9ad06b9229dd4e55b3b1e5615adcfd62,e9440362c2824d1ab4069cf1a77daf7d,agent-security,e2e_lightweight_candidate_rule_v1,models/isolation_forest_wazuh.joblib,wazuh,ok,0.140192,True,True,True,True,1,False,1,"{""agent-security"": 0.989218}",2,"{""agent-network"": ""capability_missing"", ""agent-system"": ""capability_missing""}",0,
multisource_cnp_20260910T095810Z,wazuh,127,307a90cf44594dbdae28ab57b92cbcd1,baf75e64af894661b07ba29c124a994a,agent-security,e2e_lightweight_candidate_rule_v1,models/isolation_forest_wazuh.joblib,wazuh,ok,0.157902,True,True,True,True,1,False,1,"{""agent-security"": 0.989225}",2,"{""agent-network"": ""capability_missing"", ""agent-system"": ""capability_missing""}",0,
multisource_cnp_20260910T095810Z,wazuh,128,608f218d385840f189506581f4e3402c,4f4c0fb68dfd4c158b49f821322c9b18,agent-security,e2e_lightweight_candidate_rule_v1,models/isolation_forest_wazuh.joblib,wazuh,ok,0.135345,True,True,True,True,1,False,1,"{""agent-security"": 0.989218}",2,"{""agent-network"": ""capability_missing"", ""agent-system"": ""capability_missing""}",0,
multisource_cnp_20260910T095810Z,wazuh,129,33414eb6a6cc479ea5e76255c9c0341b,6d32a30d627a48fca6ffd9a4b8ce176e,agent-security,e2e_lightweight_candidate_rule_v1,models/isolation_forest_wazuh.joblib,wazuh,ok,0.150079,True,True,True,True,1,False,1,"{""agent-security"": 0.98923}",2,"{""agent-network"": ""capability_missing"", ""agent-system"": ""capability_missing""}",0,
multisource_cnp_20260910T095810Z,wazuh,130,9fa38c6a62e648239d4ad4af89b8208d,64a705ed8ee64f3d8d01f8dca0d35d91,agent-security,e2e_lightweight_candidate_rule_v1,models/isolation_forest_wazuh.joblib,wazuh,ok,0.140309,True,True,True,True,1,False,1,"{""agent-security"": 0.98924}",2,"{""agent-network"": ""capability_missing"", ""agent-system"": ""capability_missing""}",0,
multisource_cnp_20260910T095810Z,wazuh,131,80bad50d59fa4277997ec5c95450fcf8,78b58acaf683479793878a86df515e15,agent-security,e2e_lightweight_candidate_rule_v1,models/isolation_forest_wazuh.joblib,wazuh,ok,0.139104,True,True,True,True,1,False,1,"{""agent-security"": 0.989252}",2,"{""agent-network"": ""capability_missing"", ""agent-system"": ""capability_missing""}",0,
multisource_cnp_20260910T095810Z,wazuh,132,e6b12c47b08347048118a9788c23f30f,35faedd7fe964d4893e40190d20af9cc,agent-security,e2e_lightweight_candidate_rule_v1,models/isolation_forest_wazuh.joblib,wazuh,ok,0.143971,True,True,True,True,1,False,1,"{""agent-security"": 0.989257}",2,"{""agent-network"": ""capability_missing"", ""agent-system"": ""capability_missing""}",0,
multisource_cnp_20260910T095810Z,wazuh,133,d9ecc69a24cc48158cbef31403cc6f2a,8b317cde46194ebb99915b4059a8b734,agent-security,e2e_lightweight_candidate_rule_v1,models/isolation_forest_wazuh.joblib,wazuh,ok,0.128222,True,True,True,True,0,False,1,"{""agent-security"": 0.989257}",2,"{""agent-network"": ""capability_missing"", ""agent-system"": ""capability_missing""}",0,
multisource_cnp_20260910T095810Z,wazuh,134,05274255747c4b5b808d7b0b7ed32674,15e78aca916643edb13cd5df54fd62d7,agent-security,e2e_lightweight_candidate_rule_v1,models/isolation_forest_wazuh.joblib,wazuh,ok,0.125873,True,True,True,True,1,False,1,"{""agent-security"": 0.989275}",2,"{""agent-network"": ""capability_missing"", ""agent-system"": ""capability_missing""}",0,
multisource_cnp_20260910T095810Z,wazuh,135,99ecf486d8de430b996ef3404b6fe0d5,09312895cc2d4664a75edbdee21416d8,agent-security,e2e_lightweight_candidate_rule_v1,models/isolation_forest_wazuh.joblib,wazuh,ok,0.122214,True,True,True,True,1,False,1,"{""agent-security"": 0.989288}",2,"{""agent-network"": ""capability_missing"", ""agent-system"": ""capability_missing""}",0,
multisource_cnp_20260910T095810Z,wazuh,136,62aa869051c247dab01d3fb014ced014,84ae3d86e1f348e6b3cfd62e19654f0e,agent-security,e2e_lightweight_candidate_rule_v1,models/isolation_forest_wazuh.joblib,wazuh,ok,0.214259,True,True,True,True,1,False,1,"{""agent-security"": 0.989305}",2,"{""agent-network"": ""capability_missing"", ""agent-system"": ""capability_missing""}",0,
multisource_cnp_20260910T095810Z,wazuh,137,ff7dab75109d4860ac41d3ba55b0ae21,e4bc21215c664df8b33028bdcc4b6524,agent-security,e2e_lightweight_candidate_rule_v1,models/isolation_forest_wazuh.joblib,wazuh,ok,0.176321,True,True,True,True,1,False,1,"{""agent-security"": 0.989244}",2,"{""agent-network"": ""capability_missing"", ""agent-system"": ""capability_missing""}",0,
multisource_cnp_20260910T095810Z,wazuh,138,3d242f653f5b4179ab5615922e4be973,5e35837555c942b4a9f9a8af520bc7b8,agent-security,e2e_lightweight_candidate_rule_v1,models/isolation_forest_wazuh.joblib,wazuh,ok,0.141392,True,True,True,True,1,False,1,"{""agent-security"": 0.989221}",2,"{""agent-network"": ""capability_missing"", ""agent-system"": ""capability_missing""}",0,
multisource_cnp_20260910T095810Z,wazuh,139,6bc008af6be342df9434029c43b816f0,db0d594aee564212b9112f5251dbef64,agent-security,e2e_lightweight_candidate_rule_v1,models/isolation_forest_wazuh.joblib,wazuh,ok,0.154742,True,True,True,True,1,False,1,"{""agent-security"": 0.989219}",2,"{""agent-network"": ""capability_missing"", ""agent-system"": ""capability_missing""}",0,
multisource_cnp_20260910T095810Z,wazuh,140,dd108753e01142609edddd0b9315fee2,934c7cdbf15d41539901e6054729ac5b,agent-security,e2e_lightweight_candidate_rule_v1,models/isolation_forest_wazuh.joblib,wazuh,ok,0.124127,True,True,True,True,1,False,1,"{""agent-security"": 0.989272}",2,"{""agent-network"": ""capability_missing"", ""agent-system"": ""capability_missing""}",0,
multisource_cnp_20260910T095810Z,wazuh,141,66e34517513c4b7d959f46fb5abdad2b,03587ff07394490c8c8d0b70216ba9f0,agent-security,e2e_lightweight_candidate_rule_v1,models/isolation_forest_wazuh.joblib,wazuh,ok,0.128893,True,True,True,True,1,False,1,"{""agent-security"": 0.989329}",2,"{""agent-network"": ""capability_missing"", ""agent-system"": ""capability_missing""}",0,
multisource_cnp_20260910T095810Z,wazuh,142,7b7fb553f1c745e09f64eb29a761bfbd,402948dae4724fe78d647c322ac08586,agent-security,e2e_lightweight_candidate_rule_v1,models/isolation_forest_wazuh.joblib,wazuh,ok,0.129053,True,True,True,True,0,False,1,"{""agent-security"": 0.989339}",2,"{""agent-network"": ""capability_missing"", ""agent-system"": ""capability_missing""}",0,
multisource_cnp_20260910T095810Z,wazuh,143,01a56e5dc59943d88039300a5653c6b1,b1cd5ee7478b4501b65b2bf8b5e23a8c,agent-security,e2e_lightweight_candidate_rule_v1,models/isolation_forest_wazuh.joblib,wazuh,ok,0.142005,True,True,True,True,1,False,1,"{""agent-security"": 0.989342}",2,"{""agent-network"": ""capability_missing"", ""agent-system"": ""capability_missing""}",0,
multisource_cnp_20260910T095810Z,wazuh,144,d51b3fd940c84285bba2efec080ec6e0,cd0beb64943a4f4c83f605aa0886f3f1,agent-security,e2e_lightweight_candidate_rule_v1,models/isolation_forest_wazuh.joblib,wazuh,ok,0.198322,True,True,True,True,1,False,1,"{""agent-security"": 0.989408}",2,"{""agent-network"": ""capability_missing"", ""agent-system"": ""capability_missing""}",0,
multisource_cnp_20260910T095810Z,wazuh,145,96516f688cd74bee88ab42f26e3b90c5,3dc47932b211477e97d7aff17a809df7,agent-security,e2e_lightweight_candidate_rule_v1,models/isolation_forest_wazuh.joblib,wazuh,ok,0.155428,True,True,True,True,0,False,1,"{""agent-security"": 0.989365}",2,"{""agent-network"": ""capability_missing"", ""agent-system"": ""capability_missing""}",0,
multisource_cnp_20260910T095810Z,wazuh,146,672cd6b7f60c44298b2cd9895cef3b76,9dccc895b3e945288ac5cae508e4ca10,agent-security,e2e_lightweight_candidate_rule_v1,models/isolation_forest_wazuh.joblib,wazuh,ok,0.140218,True,True,True,True,1,False,1,"{""agent-security"": 0.98935}",2,"{""agent-network"": ""capability_missing"", ""agent-system"": ""capability_missing""}",0,
multisource_cnp_20260910T095810Z,wazuh,147,b8a6e04c57884730ae89ea7973d7a8da,f342b99c730f4a43b4b24de73b02d32e,agent-security,e2e_lightweight_candidate_rule_v1,models/isolation_forest_wazuh.joblib,wazuh,ok,0.127589,True,True,True,True,0,False,1,"{""agent-security"": 0.989351}",2,"{""agent-network"": ""capability_missing"", ""agent-system"": ""capability_missing""}",0,
multisource_cnp_20260910T095810Z,wazuh,148,61791ae43d914a01a4adcc9819ada9f3,08bfca69644c4cd8af144945421a6c4a,agent-security,e2e_lightweight_candidate_rule_v1,models/isolation_forest_wazuh.joblib,wazuh,ok,0.130026,True,True,True,True,0,False,1,"{""agent-security"": 0.989363}",2,"{""agent-network"": ""capability_missing"", ""agent-system"": ""capability_missing""}",0,
multisource_cnp_20260910T095810Z,wazuh,149,bb7096407bb540548fabdc3f3fcdd44e,7a8efd59e25d4f099647bf5baf15c551,agent-security,e2e_lightweight_candidate_rule_v1,models/isolation_forest_wazuh.joblib,wazuh,ok,0.121657,True,True,True,True,1,False,1,"{""agent-security"": 0.989367}",2,"{""agent-network"": ""capability_missing"", ""agent-system"": ""capability_missing""}",0,
multisource_cnp_20260910T095810Z,wazuh,150,abe90d356d40463fb6ca6e232804ff51,f705d893e8784c5fa591b412ee264dc6,agent-security,e2e_lightweight_candidate_rule_v1,models/isolation_forest_wazuh.joblib,wazuh,ok,0.130893,True,True,True,True,0,False,1,"{""agent-security"": 0.98938}",2,"{""agent-network"": ""capability_missing"", ""agent-system"": ""capability_missing""}",0,
multisource_cnp_20260910T095810Z,wazuh,151,86e118ac57114c88b402b056af15e44e,77dc306b9c5d4a7b923b31643d8c7db5,agent-security,e2e_lightweight_candidate_rule_v1,models/isolation_forest_wazuh.joblib,wazuh,ok,0.168617,True,True,True,True,0,False,1,"{""agent-security"": 0.989387}",2,"{""agent-network"": ""capability_missing"", ""agent-system"": ""capability_missing""}",0,
multisource_cnp_20260910T095810Z,wazuh,152,7891b51fc70b4273885c2a304b4d0802,570478ed568945359771521bd27099de,agent-security,e2e_lightweight_candidate_rule_v1,models/isolation_forest_wazuh.joblib,wazuh,ok,0.200519,True,True,True,True,0,False,1,"{""agent-security"": 0.98936}",2,"{""agent-network"": ""capability_missing"", ""agent-system"": ""capability_missing""}",0,
multisource_cnp_20260910T095810Z,wazuh,153,2559d613f35f4d8ca4eb3eb6fe991487,c4e4bffee14f4d12abed98e4d8db2b4e,agent-security,e2e_lightweight_candidate_rule_v1,models/isolation_forest_wazuh.joblib,wazuh,ok,0.134543,True,True,True,True,0,False,1,"{""agent-security"": 0.989322}",2,"{""agent-network"": ""capability_missing"", ""agent-system"": ""capability_missing""}",0,
multisource_cnp_20260910T095810Z,wazuh,154,0ff0b3cc2a754a02ab2a3d94befb842c,dbbac090d4b14c05aef11bc1f8d149be,agent-security,e2e_lightweight_candidate_rule_v1,models/isolation_forest_wazuh.joblib,wazuh,ok,0.130514,True,True,True,True,1,False,1,"{""agent-security"": 0.98933}",2,"{""agent-network"": ""capability_missing"", ""agent-system"": ""capability_missing""}",0,
multisource_cnp_20260910T095810Z,wazuh,155,19b137794191450f95804341d877455d,4eebf1c07083430d9b4929456110dbab,agent-security,e2e_lightweight_candidate_rule_v1,models/isolation_forest_wazuh.joblib,wazuh,ok,0.145605,True,True,True,True,0,False,1,"{""agent-security"": 0.989349}",2,"{""agent-network"": ""capability_missing"", ""agent-system"": ""capability_missing""}",0,
multisource_cnp_20260910T095810Z,wazuh,156,099a736599924d60827c7b516a26c806,db04ad4e2ca5494199cc401825c20b17,agent-security,e2e_lightweight_candidate_rule_v1,models/isolation_forest_wazuh.joblib,wazuh,ok,0.137838,True,True,True,True,1,False,1,"{""agent-security"": 0.989405}",2,"{""agent-network"": ""capability_missing"", ""agent-system"": ""capability_missing""}",0,
multisource_cnp_20260910T095810Z,wazuh,157,a233d65622434992860fc095b34bf026,a9e54f7ed03d42c9891a4ea2480d20de,agent-security,e2e_lightweight_candidate_rule_v1,models/isolation_forest_wazuh.joblib,wazuh,ok,0.136741,True,True,True,True,0,False,1,"{""agent-security"": 0.989431}",2,"{""agent-network"": ""capability_missing"", ""agent-system"": ""capability_missing""}",0,
multisource_cnp_20260910T095810Z,wazuh,158,a2cbdd3eea90429aa6a4c025ef0bc4dc,18a22df09ad4414ebb2d975634dad2a7,agent-security,e2e_lightweight_candidate_rule_v1,models/isolation_forest_wazuh.joblib,wazuh,ok,0.132481,True,True,True,True,1,False,1,"{""agent-security"": 0.989441}",2,"{""agent-network"": ""capability_missing"", ""agent-system"": ""capability_missing""}",0,
multisource_cnp_20260910T095810Z,wazuh,159,a064f8b7a6cf4ecf9185095f143f6bff,c0099d600bd44d9e9e0e7b53adef5969,agent-security,e2e_lightweight_candidate_rule_v1,models/isolation_forest_wazuh.joblib,wazuh,ok,0.137146,True,True,True,True,1,False,1,"{""agent-security"": 0.989455}",2,"{""agent-network"": ""capability_missing"", ""agent-system"": ""capability_missing""}",0,
multisource_cnp_20260910T095810Z,wazuh,160,752c9494f99f439cbb017f562d73e4fb,41d1edec112043aaa2def76578b0eafd,agent-security,e2e_lightweight_candidate_rule_v1,models/isolation_forest_wazuh.joblib,wazuh,ok,0.138441,True,True,True,True,1,False,1,"{""agent-security"": 0.989451}",2,"{""agent-network"": ""capability_missing"", ""agent-system"": ""capability_missing""}",0,
multisource_cnp_20260910T095810Z,wazuh,161,04885dba98a24ede8c396c7db59973bd,84ab986acf6442d4a9d3e69eb35b306e,agent-security,e2e_lightweight_candidate_rule_v1,models/isolation_forest_wazuh.joblib,wazuh,ok,0.129951,True,True,True,True,0,False,1,"{""agent-security"": 0.989452}",2,"{""agent-network"": ""capability_missing"", ""agent-system"": ""capability_missing""}",0,
multisource_cnp_20260910T095810Z,wazuh,162,fffdc998a37d4e3e9cceb3d8e9518e6c,26949743a37d4b109bb67963dc7b2f2b,agent-security,e2e_lightweight_candidate_rule_v1,models/isolation_forest_wazuh.joblib,wazuh,ok,0.125765,True,True,True,True,0,False,1,"{""agent-security"": 0.989462}",2,"{""agent-network"": ""capability_missing"", ""agent-system"": ""capability_missing""}",0,
multisource_cnp_20260910T095810Z,wazuh,163,dc06c76d15504601b4fcbc202e50558d,0d6158c1d4e044baae0faa2875092752,agent-security,e2e_lightweight_candidate_rule_v1,models/isolation_forest_wazuh.joblib,wazuh,ok,0.137696,True,True,True,True,0,False,1,"{""agent-security"": 0.989468}",2,"{""agent-network"": ""capability_missing"", ""agent-system"": ""capability_missing""}",0,
multisource_cnp_20260910T095810Z,wazuh,164,b44d456bfb81449999f8d8b242ff1c88,9c4e735da802407fa40e0eabb2814d4a,agent-security,e2e_lightweight_candidate_rule_v1,models/isolation_forest_wazuh.joblib,wazuh,ok,0.128146,True,True,True,True,1,False,1,"{""agent-security"": 0.989463}",2,"{""agent-network"": ""capability_missing"", ""agent-system"": ""capability_missing""}",0,
multisource_cnp_20260910T095810Z,wazuh,165,79c57b06374c47b298fe9f7169b8ccb8,6afd13e60ba94da8b1867897e778aafd,agent-security,e2e_lightweight_candidate_rule_v1,models/isolation_forest_wazuh.joblib,wazuh,ok,0.120202,True,True,True,True,1,False,1,"{""agent-security"": 0.98954}",2,"{""agent-network"": ""capability_missing"", ""agent-system"": ""capability_missing""}",0,
multisource_cnp_20260910T095810Z,wazuh,166,1385b53c52c44744999f09525c158370,565fe10032ac485387775ba5597b395a,agent-security,e2e_lightweight_candidate_rule_v1,models/isolation_forest_wazuh.joblib,wazuh,ok,0.138468,True,True,True,True,1,False,1,"{""agent-security"": 0.989598}",2,"{""agent-network"": ""capability_missing"", ""agent-system"": ""capability_missing""}",0,
multisource_cnp_20260910T095810Z,wazuh,167,664e15929d084325b0a90bb307f48e75,e346eb43c7824590acb9dd332731ceb9,agent-security,e2e_lightweight_candidate_rule_v1,models/isolation_forest_wazuh.joblib,wazuh,ok,0.231065,True,True,True,True,1,False,1,"{""agent-security"": 0.989609}",2,"{""agent-network"": ""capability_missing"", ""agent-system"": ""capability_missing""}",0,
multisource_cnp_20260910T095810Z,wazuh,168,03a0c6a914fe45e7b07ad624a4a72c3b,c6e227c4f1aa4f8189737d26a58c1111,agent-security,e2e_lightweight_candidate_rule_v1,models/isolation_forest_wazuh.joblib,wazuh,ok,0.306721,True,True,True,True,1,False,1,"{""agent-security"": 0.989538}",2,"{""agent-network"": ""capability_missing"", ""agent-system"": ""capability_missing""}",0,
multisource_cnp_20260910T095810Z,wazuh,169,70c1fae8d60f45f5ac4d36f34654cb29,2fb397a455714de0a817be323e71516a,agent-security,e2e_lightweight_candidate_rule_v1,models/isolation_forest_wazuh.joblib,wazuh,ok,0.16783,True,True,True,True,1,False,1,"{""agent-security"": 0.989416}",2,"{""agent-network"": ""capability_missing"", ""agent-system"": ""capability_missing""}",0,
multisource_cnp_20260910T095810Z,wazuh,170,3bb4a9d4d755469692ad64b78352c544,6303b625e4e840fdb88b4f6e07705dfd,agent-security,e2e_lightweight_candidate_rule_v1,models/isolation_forest_wazuh.joblib,wazuh,ok,0.163139,True,True,True,True,1,False,1,"{""agent-security"": 0.989391}",2,"{""agent-network"": ""capability_missing"", ""agent-system"": ""capability_missing""}",0,
multisource_cnp_20260910T095810Z,wazuh,171,34092720b20e435d99c2c4f3f56c1094,1e5d184d9743450690e9f982bb02b3ad,agent-security,e2e_lightweight_candidate_rule_v1,models/isolation_forest_wazuh.joblib,wazuh,ok,0.194202,True,True,True,True,1,False,1,"{""agent-security"": 0.989419}",2,"{""agent-network"": ""capability_missing"", ""agent-system"": ""capability_missing""}",0,
multisource_cnp_20260910T095810Z,wazuh,172,7001e4a344e645208025f2022e2db3e1,0301c2f0bef7481b8bb87ade8f6f1baa,agent-security,e2e_lightweight_candidate_rule_v1,models/isolation_forest_wazuh.joblib,wazuh,ok,0.180163,True,True,True,True,1,False,1,"{""agent-security"": 0.989426}",2,"{""agent-network"": ""capability_missing"", ""agent-system"": ""capability_missing""}",0,
multisource_cnp_20260910T095810Z,wazuh,173,9a9b98d9c7a24cdb8378bca2ee97204c,20021e136d1e4301bdadf850146cb09e,agent-security,e2e_lightweight_candidate_rule_v1,models/isolation_forest_wazuh.joblib,wazuh,ok,0.173358,True,True,True,True,1,False,1,"{""agent-security"": 0.9894}",2,"{""agent-network"": ""capability_missing"", ""agent-system"": ""capability_missing""}",0,
multisource_cnp_20260910T095810Z,wazuh,174,cfc1e717a6a34b4b9d97b15cb28b1bce,6e8f5f6cbd7d4cb288e6992267fc03ed,agent-security,e2e_lightweight_candidate_rule_v1,models/isolation_forest_wazuh.joblib,wazuh,ok,0.137052,True,True,True,True,1,False,1,"{""agent-security"": 0.989371}",2,"{""agent-network"": ""capability_missing"", ""agent-system"": ""capability_missing""}",0,
multisource_cnp_20260910T095810Z,wazuh,175,0d628e95871b41298e19b36164e81b1d,c7a4e6cb10414a768830f475fc2d2450,agent-security,e2e_lightweight_candidate_rule_v1,models/isolation_forest_wazuh.joblib,wazuh,ok,0.133795,True,True,True,True,1,False,1,"{""agent-security"": 0.989407}",2,"{""agent-network"": ""capability_missing"", ""agent-system"": ""capability_missing""}",0,
multisource_cnp_20260910T095810Z,wazuh,176,e68984795042479b9eb4bfcf6ee6ba0e,2d3b341f90d14291aff5ca49a97cc767,agent-security,e2e_lightweight_candidate_rule_v1,models/isolation_forest_wazuh.joblib,wazuh,ok,0.165034,True,True,True,True,1,False,1,"{""agent-security"": 0.989408}",2,"{""agent-network"": ""capability_missing"", ""agent-system"": ""capability_missing""}",0,
multisource_cnp_20260910T095810Z,wazuh,177,2fe51341c225412ebf86b2ee08f39efa,bc1ce8b00dff441099d6c9c834c46989,agent-security,e2e_lightweight_candidate_rule_v1,models/isolation_forest_wazuh.joblib,wazuh,ok,0.15561,True,True,True,True,1,False,1,"{""agent-security"": 0.989396}",2,"{""agent-network"": ""capability_missing"", ""agent-system"": ""capability_missing""}",0,
multisource_cnp_20260910T095810Z,wazuh,178,cbd68d26fad74e58b0746fb8fd06bcc5,78657ba10cb94e7984938e092b0a6886,agent-security,e2e_lightweight_candidate_rule_v1,models/isolation_forest_wazuh.joblib,wazuh,ok,0.130204,True,True,True,True,0,False,1,"{""agent-security"": 0.989404}",2,"{""agent-network"": ""capability_missing"", ""agent-system"": ""capability_missing""}",0,
multisource_cnp_20260910T095810Z,wazuh,179,adf0fc5942844d3db8be4caa2466b9de,5c385b996c754601bac21358687269b6,agent-security,e2e_lightweight_candidate_rule_v1,models/isolation_forest_wazuh.joblib,wazuh,ok,0.132107,True,True,True,True,0,False,1,"{""agent-security"": 0.989414}",2,"{""agent-network"": ""capability_missing"", ""agent-system"": ""capability_missing""}",0,
multisource_cnp_20260910T095810Z,wazuh,180,d807e5c7883347ec8dcce5e85b8eee70,629123904ecb416c8cd3b930cf0ccddf,agent-security,e2e_lightweight_candidate_rule_v1,models/isolation_forest_wazuh.joblib,wazuh,ok,0.128719,True,True,True,True,1,False,1,"{""agent-security"": 0.989433}",2,"{""agent-network"": ""capability_missing"", ""agent-system"": ""capability_missing""}",0,
multisource_cnp_20260910T095810Z,wazuh,181,19a317f958414a719128eff4fc014726,1108d3829cbe48508436276452c8a37e,agent-security,e2e_lightweight_candidate_rule_v1,models/isolation_forest_wazuh.joblib,wazuh,ok,0.251677,True,True,True,True,1,False,1,"{""agent-security"": 0.989448}",2,"{""agent-network"": ""capability_missing"", ""agent-system"": ""capability_missing""}",0,
multisource_cnp_20260910T095810Z,wazuh,182,a92c16863f5b453d8a12126961e2c5c1,d85a9b6fb93c4b18a607ccb5a7b88d55,agent-security,e2e_lightweight_candidate_rule_v1,models/isolation_forest_wazuh.joblib,wazuh,ok,0.238537,True,True,True,True,1,False,1,"{""agent-security"": 0.989371}",2,"{""agent-network"": ""capability_missing"", ""agent-system"": ""capability_missing""}",0,
multisource_cnp_20260910T095810Z,wazuh,183,9c63b6c6b462480a9db597cb321142a0,194d6d666d774f2c8c5931b5c0425dbd,agent-security,e2e_lightweight_candidate_rule_v1,models/isolation_forest_wazuh.joblib,wazuh,ok,0.221885,True,True,True,True,1,False,1,"{""agent-security"": 0.989308}",2,"{""agent-network"": ""capability_missing"", ""agent-system"": ""capability_missing""}",0,
multisource_cnp_20260910T095810Z,wazuh,184,582cd389f7494ba5be2752c44690ee85,aa04d1e99bcf43e1bafb8201a1aa622d,agent-security,e2e_lightweight_candidate_rule_v1,models/isolation_forest_wazuh.joblib,wazuh,ok,0.15485,True,True,True,True,1,False,1,"{""agent-security"": 0.989244}",2,"{""agent-network"": ""capability_missing"", ""agent-system"": ""capability_missing""}",0,
multisource_cnp_20260910T095810Z,wazuh,185,3149cbf0fdfe420b91aa253eb1a494c0,7c7be4b81d2d402f93f0088d7816191b,agent-security,e2e_lightweight_candidate_rule_v1,models/isolation_forest_wazuh.joblib,wazuh,ok,0.148861,True,True,True,True,1,False,1,"{""agent-security"": 0.989228}",2,"{""agent-network"": ""capability_missing"", ""agent-system"": ""capability_missing""}",0,
multisource_cnp_20260910T095810Z,wazuh,186,7e476b7a74714c89b9bae324d3b32d0b,c703d1399aec4696b30e79032cf02c37,agent-security,e2e_lightweight_candidate_rule_v1,models/isolation_forest_wazuh.joblib,wazuh,ok,0.159196,True,True,True,True,1,False,1,"{""agent-security"": 0.989215}",2,"{""agent-network"": ""capability_missing"", ""agent-system"": ""capability_missing""}",0,
multisource_cnp_20260910T095810Z,wazuh,187,972246ec74924aa18860d311c96b7eef,71c54d9e8b82429db613e2846bbc4f36,agent-security,e2e_lightweight_candidate_rule_v1,models/isolation_forest_wazuh.joblib,wazuh,ok,0.152128,True,True,True,True,1,False,1,"{""agent-security"": 0.989262}",2,"{""agent-network"": ""capability_missing"", ""agent-system"": ""capability_missing""}",0,
multisource_cnp_20260910T095810Z,wazuh,188,aee58909d610413188da8ac43c6b9c69,baed69b4929b44799af6190b339f7201,agent-security,e2e_lightweight_candidate_rule_v1,models/isolation_forest_wazuh.joblib,wazuh,ok,0.152438,True,True,True,True,1,False,1,"{""agent-security"": 0.989284}",2,"{""agent-network"": ""capability_missing"", ""agent-system"": ""capability_missing""}",0,
multisource_cnp_20260910T095810Z,wazuh,189,216efaa2ae66435d98bcd9cd1fe42bab,ffaafc1272164c76aa11e620e2276d86,agent-security,e2e_lightweight_candidate_rule_v1,models/isolation_forest_wazuh.joblib,wazuh,ok,0.146916,True,True,True,True,1,False,1,"{""agent-security"": 0.989281}",2,"{""agent-network"": ""capability_missing"", ""agent-system"": ""capability_missing""}",0,
multisource_cnp_20260910T095810Z,wazuh,190,4525969cdb2a49fcaf2bf42c2f467582,e75a329d3a69471380d360066e144dee,agent-security,e2e_lightweight_candidate_rule_v1,models/isolation_forest_wazuh.joblib,wazuh,ok,0.141357,True,True,True,True,1,False,1,"{""agent-security"": 0.989294}",2,"{""agent-network"": ""capability_missing"", ""agent-system"": ""capability_missing""}",0,
multisource_cnp_20260910T095810Z,wazuh,191,5f2c1cfeda5e4621b4541fce65ce58bb,1fa4b243e7094c3887b7be6294b399bb,agent-security,e2e_lightweight_candidate_rule_v1,models/isolation_forest_wazuh.joblib,wazuh,ok,0.124145,True,True,True,True,1,False,1,"{""agent-security"": 0.989286}",2,"{""agent-network"": ""capability_missing"", ""agent-system"": ""capability_missing""}",0,
multisource_cnp_20260910T095810Z,wazuh,192,76ddeb09285c47f396d2c97e4f396770,b88fa3d58fb14837a9965c6bb5279435,agent-security,e2e_lightweight_candidate_rule_v1,models/isolation_forest_wazuh.joblib,wazuh,ok,0.1289,True,True,True,True,1,False,1,"{""agent-security"": 0.989295}",2,"{""agent-network"": ""capability_missing"", ""agent-system"": ""capability_missing""}",0,
multisource_cnp_20260910T095810Z,wazuh,193,1cc8bbda0188493582d1d9d8357ea9b6,560f3229c4794b57bebbdbeaee5924c5,agent-security,e2e_lightweight_candidate_rule_v1,models/isolation_forest_wazuh.joblib,wazuh,ok,0.123078,True,True,True,True,1,False,1,"{""agent-security"": 0.989299}",2,"{""agent-network"": ""capability_missing"", ""agent-system"": ""capability_missing""}",0,
multisource_cnp_20260910T095810Z,wazuh,194,a42e064b13934e7fa2fe73280192a0c3,30a3562d93a1442086fc98d409f43136,agent-security,e2e_lightweight_candidate_rule_v1,models/isolation_forest_wazuh.joblib,wazuh,ok,0.130942,True,True,True,True,1,False,1,"{""agent-security"": 0.989317}",2,"{""agent-network"": ""capability_missing"", ""agent-system"": ""capability_missing""}",0,
multisource_cnp_20260910T095810Z,wazuh,195,d56bb158f2094696a97f069702d8d5b5,f3703d4d4c5f4215b824f68408313fee,agent-security,e2e_lightweight_candidate_rule_v1,models/isolation_forest_wazuh.joblib,wazuh,ok,0.154334,True,True,True,True,1,False,1,"{""agent-security"": 0.989372}",2,"{""agent-network"": ""capability_missing"", ""agent-system"": ""capability_missing""}",0,
multisource_cnp_20260910T095810Z,wazuh,196,a5a96efbabcc420da376caef9031f0c3,6a918d0494b143d7871a94c1a09f1e4d,agent-security,e2e_lightweight_candidate_rule_v1,models/isolation_forest_wazuh.joblib,wazuh,ok,0.143781,True,True,True,True,1,False,1,"{""agent-security"": 0.989378}",2,"{""agent-network"": ""capability_missing"", ""agent-system"": ""capability_missing""}",0,
multisource_cnp_20260910T095810Z,wazuh,197,bd8f15cb68134cac8488cb09e9359c3c,3e882aa5c8e54445aa5050c723f36142,agent-security,e2e_lightweight_candidate_rule_v1,models/isolation_forest_wazuh.joblib,wazuh,ok,0.150605,True,True,True,True,1,False,1,"{""agent-security"": 0.98938}",2,"{""agent-network"": ""capability_missing"", ""agent-system"": ""capability_missing""}",0,
multisource_cnp_20260910T095810Z,wazuh,198,9cdef5bfb5be4151a4df66366dad5368,9c93a1725f2c4af083fac93541b92f59,agent-security,e2e_lightweight_candidate_rule_v1,models/isolation_forest_wazuh.joblib,wazuh,ok,0.20378,True,True,True,True,1,False,1,"{""agent-security"": 0.989368}",2,"{""agent-network"": ""capability_missing"", ""agent-system"": ""capability_missing""}",0,
multisource_cnp_20260910T095810Z,wazuh,199,5fe335d035e4403aaaf611d17cc91307,3e0579e0581a4373b6493e95149267e4,agent-security,e2e_lightweight_candidate_rule_v1,models/isolation_forest_wazuh.joblib,wazuh,ok,0.160791,True,True,True,True,1,False,1,"{""agent-security"": 0.989319}",2,"{""agent-network"": ""capability_missing"", ""agent-system"": ""capability_missing""}",0,
multisource_cnp_20260910T095810Z,wazuh,200,4d18033ea6524370a60085e6b9adc1b6,a6f4e5772dde49c1add0da2b9b3b1965,agent-security,e2e_lightweight_candidate_rule_v1,models/isolation_forest_wazuh.joblib,wazuh,ok,0.132702,True,True,True,True,1,False,1,"{""agent-security"": 0.989295}",2,"{""agent-network"": ""capability_missing"", ""agent-system"": ""capability_missing""}",0,
multisource_cnp_20260910T095810Z,syslog,1,7f9cf7ab3b7f40988c4c3e7ceb33cdce,d045981be60747c59026f21b51b346b4,agent-system,e2e_lightweight_candidate_rule_v1,models/isolation_forest_linux_colab.joblib,linux,ok,0.015725,True,True,True,True,0,False,1,"{""agent-system"": 0.848}",2,"{""agent-network"": ""capability_missing"", ""agent-security"": ""capability_missing""}",0,
multisource_cnp_20260910T095810Z,syslog,2,9f957e0701644b28aa5c692ed8f1c152,d83b5aec140140ae90cc06ccc505e2b1,agent-system,e2e_lightweight_candidate_rule_v1,models/isolation_forest_linux_colab.joblib,linux,ok,0.017357,True,True,True,True,0,False,1,"{""agent-system"": 0.905639}",2,"{""agent-network"": ""capability_missing"", ""agent-security"": ""capability_missing""}",0,
multisource_cnp_20260910T095810Z,syslog,3,8133a2f4ad6c4c649b980d154f4b9716,49dc180ccb204a8aa3f073c12fa88295,agent-system,e2e_lightweight_candidate_rule_v1,models/isolation_forest_linux_colab.joblib,linux,ok,0.016235,True,True,True,True,0,False,1,"{""agent-system"": 0.922253}",2,"{""agent-network"": ""capability_missing"", ""agent-security"": ""capability_missing""}",0,
multisource_cnp_20260910T095810Z,syslog,4,0a43700cc8044a1f837cc536ec45e2cf,a26e3752b22f4b848c2923692d635db0,agent-system,e2e_lightweight_candidate_rule_v1,models/isolation_forest_linux_colab.joblib,linux,ok,0.016554,True,True,True,True,0,False,1,"{""agent-system"": 0.932251}",2,"{""agent-network"": ""capability_missing"", ""agent-security"": ""capability_missing""}",0,
multisource_cnp_20260910T095810Z,syslog,5,e805f0b693634062bece46207b52a597,a1ddfc9f4e734d01be1d110aafeaafa0,agent-system,e2e_lightweight_candidate_rule_v1,models/isolation_forest_linux_colab.joblib,linux,ok,0.015814,True,True,True,True,0,False,1,"{""agent-system"": 0.938911}",2,"{""agent-network"": ""capability_missing"", ""agent-security"": ""capability_missing""}",0,
multisource_cnp_20260910T095810Z,syslog,6,a04c6325ea1f49e7a0145991a7f297bb,a8abb7fc41b34ebbad29bfdfc22ba628,agent-system,e2e_lightweight_candidate_rule_v1,models/isolation_forest_linux_colab.joblib,linux,ok,0.016529,True,True,True,True,0,False,1,"{""agent-system"": 0.943674}",2,"{""agent-network"": ""capability_missing"", ""agent-security"": ""capability_missing""}",0,
multisource_cnp_20260910T095810Z,syslog,7,98958057193241d687efd0af7e0b2529,aa50d6facee944b89fa4bd2fb84aee5b,agent-system,e2e_lightweight_candidate_rule_v1,models/isolation_forest_linux_colab.joblib,linux,ok,0.016053,True,True,True,True,0,False,1,"{""agent-system"": 0.947247}",2,"{""agent-network"": ""capability_missing"", ""agent-security"": ""capability_missing""}",0,
multisource_cnp_20260910T095810Z,syslog,8,15bf63a7be154c35875f04db59faeb85,459f050ada074a3c8a77319f9ccbd4b1,agent-system,e2e_lightweight_candidate_rule_v1,models/isolation_forest_linux_colab.joblib,linux,ok,0.016113,True,True,True,True,0,False,1,"{""agent-system"": 0.95003}",2,"{""agent-network"": ""capability_missing"", ""agent-security"": ""capability_missing""}",0,
multisource_cnp_20260910T095810Z,syslog,9,d7988f42b4c54171a1b9a0cd06f075df,e6d8b441235c42ed81bb220023b48e8a,agent-system,e2e_lightweight_candidate_rule_v1,models/isolation_forest_linux_colab.joblib,linux,ok,0.015767,True,True,True,True,0,False,1,"{""agent-system"": 0.95225}",2,"{""agent-network"": ""capability_missing"", ""agent-security"": ""capability_missing""}",0,
multisource_cnp_20260910T095810Z,syslog,10,a7f0b317bc7b4054bff743edaeda00e5,2aad53e5f3104c02849b93f1bb6dc71a,agent-system,e2e_lightweight_candidate_rule_v1,models/isolation_forest_linux_colab.joblib,linux,ok,0.019855,True,True,True,True,0,False,1,"{""agent-system"": 0.954072}",2,"{""agent-network"": ""capability_missing"", ""agent-security"": ""capability_missing""}",0,
multisource_cnp_20260910T095810Z,syslog,11,19e52b9f9c3243d983eca7c87b9c4429,4f68e305469e42d995ab9ea425021b56,agent-system,e2e_lightweight_candidate_rule_v1,models/isolation_forest_linux_colab.joblib,linux,ok,0.017399,True,True,True,True,0,False,1,"{""agent-system"": 0.955571}",2,"{""agent-network"": ""capability_missing"", ""agent-security"": ""capability_missing""}",0,
multisource_cnp_20260910T095810Z,syslog,12,3aa49fd9cd724a4aa21ecff209b2a91b,ad11ce05fe3b40bf8d88ec0b66556a36,agent-system,e2e_lightweight_candidate_rule_v1,models/isolation_forest_linux_colab.joblib,linux,ok,0.015098,True,True,True,True,0,False,1,"{""agent-system"": 0.956848}",2,"{""agent-network"": ""capability_missing"", ""agent-security"": ""capability_missing""}",0,
multisource_cnp_20260910T095810Z,syslog,13,5892f2cf49a24a658f29a97e57d3e11b,ae9e9055118d4f9fbb8f7d5f54305061,agent-system,e2e_lightweight_candidate_rule_v1,models/isolation_forest_linux_colab.joblib,linux,ok,0.016574,True,True,True,True,0,False,1,"{""agent-system"": 0.957954}",2,"{""agent-network"": ""capability_missing"", ""agent-security"": ""capability_missing""}",0,
multisource_cnp_20260910T095810Z,syslog,14,5067237637f945a99d8e40766cf933d7,16d8bac873ce48f7b6e61c3047606c8c,agent-system,e2e_lightweight_candidate_rule_v1,models/isolation_forest_linux_colab.joblib,linux,ok,0.01562,True,True,True,True,0,False,1,"{""agent-system"": 0.958904}",2,"{""agent-network"": ""capability_missing"", ""agent-security"": ""capability_missing""}",0,
multisource_cnp_20260910T095810Z,syslog,15,06001efdc09b432e999746cc51ca8d8e,e0d5ca2a498f4544b817626ba08bf981,agent-system,e2e_lightweight_candidate_rule_v1,models/isolation_forest_linux_colab.joblib,linux,ok,0.015067,True,True,True,True,0,False,1,"{""agent-system"": 0.95974}",2,"{""agent-network"": ""capability_missing"", ""agent-security"": ""capability_missing""}",0,
multisource_cnp_20260910T095810Z,syslog,16,75affccb0fe143a78398a753f5e70074,9b987314b4eb4f0788b651b7fe2ceb33,agent-system,e2e_lightweight_candidate_rule_v1,models/isolation_forest_linux_colab.joblib,linux,ok,0.012489,True,True,True,True,0,False,1,"{""agent-system"": 0.960482}",2,"{""agent-network"": ""capability_missing"", ""agent-security"": ""capability_missing""}",0,
multisource_cnp_20260910T095810Z,syslog,17,31a71ec159624ce38e1b645c496f2980,14429f3c7eee4d35805072170d12ccd6,agent-system,e2e_lightweight_candidate_rule_v1,models/isolation_forest_linux_colab.joblib,linux,ok,0.014792,True,True,True,True,0,False,1,"{""agent-system"": 0.961148}",2,"{""agent-network"": ""capability_missing"", ""agent-security"": ""capability_missing""}",0,
multisource_cnp_20260910T095810Z,syslog,18,60a60b1d18be4dd288d5df52f3d67b0a,34345004cba44ed6bcd611ca512cd7e2,agent-system,e2e_lightweight_candidate_rule_v1,models/isolation_forest_linux_colab.joblib,linux,ok,0.016491,True,True,True,True,0,False,1,"{""agent-system"": 0.961736}",2,"{""agent-network"": ""capability_missing"", ""agent-security"": ""capability_missing""}",0,
multisource_cnp_20260910T095810Z,syslog,19,f7df2fa454eb4f4a962e2cca448d2173,73865b5f1a7a4bfa81ee40d608852245,agent-system,e2e_lightweight_candidate_rule_v1,models/isolation_forest_linux_colab.joblib,linux,ok,0.015989,True,True,True,True,0,False,1,"{""agent-system"": 0.962261}",2,"{""agent-network"": ""capability_missing"", ""agent-security"": ""capability_missing""}",0,
multisource_cnp_20260910T095810Z,syslog,20,ab3d313ac18b4e63ac025e1bc14b1264,decb52e3eed440d5bdb661f6d9c181a8,agent-system,e2e_lightweight_candidate_rule_v1,models/isolation_forest_linux_colab.joblib,linux,ok,0.01491,True,True,True,True,0,False,1,"{""agent-system"": 0.962738}",2,"{""agent-network"": ""capability_missing"", ""agent-security"": ""capability_missing""}",0,
multisource_cnp_20260910T095810Z,syslog,21,e5c5929adf5544e4a71b0184cdb9bdb1,7ae690b6617a4453854617ac9d99b949,agent-system,e2e_lightweight_candidate_rule_v1,models/isolation_forest_linux_colab.joblib,linux,ok,0.015953,True,True,True,True,0,False,1,"{""agent-system"": 0.963172}",2,"{""agent-network"": ""capability_missing"", ""agent-security"": ""capability_missing""}",0,
multisource_cnp_20260910T095810Z,syslog,22,512f0530b79f44ffba94f47fe87e03d7,09cc7303d6b546bcaf91b835db6b2d12,agent-system,e2e_lightweight_candidate_rule_v1,models/isolation_forest_linux_colab.joblib,linux,ok,0.014825,True,True,True,True,0,False,1,"{""agent-system"": 0.963567}",2,"{""agent-network"": ""capability_missing"", ""agent-security"": ""capability_missing""}",0,
multisource_cnp_20260910T095810Z,syslog,23,b685d5ef30fc4efebc08686344cff8bd,50849f210e7549ffbebae0056173e3ba,agent-system,e2e_lightweight_candidate_rule_v1,models/isolation_forest_linux_colab.joblib,linux,ok,0.017399,True,True,True,True,0,False,1,"{""agent-system"": 0.963931}",2,"{""agent-network"": ""capability_missing"", ""agent-security"": ""capability_missing""}",0,
multisource_cnp_20260910T095810Z,syslog,24,1b8e174b258f4a89b92e3e018cd3e56e,69605899888d4fafa23cf8c19becdf1d,agent-system,e2e_lightweight_candidate_rule_v1,models/isolation_forest_linux_colab.joblib,linux,ok,0.020169,True,True,True,True,0,False,1,"{""agent-system"": 0.964261}",2,"{""agent-network"": ""capability_missing"", ""agent-security"": ""capability_missing""}",0,
multisource_cnp_20260910T095810Z,syslog,25,f473ebc755244a97bbe70cabf04caa3e,22840c79c0b2453d872f1c7ed33e3630,agent-system,e2e_lightweight_candidate_rule_v1,models/isolation_forest_linux_colab.joblib,linux,ok,0.015572,True,True,True,True,0,False,1,"{""agent-system"": 0.96456}",2,"{""agent-network"": ""capability_missing"", ""agent-security"": ""capability_missing""}",0,
multisource_cnp_20260910T095810Z,syslog,26,a8e40715eebb4a42bfb8da3a7b77554a,4dc84b8f653842e2b7394bc64e0e8b67,agent-system,e2e_lightweight_candidate_rule_v1,models/isolation_forest_linux_colab.joblib,linux,ok,0.02987,True,True,True,True,0,False,1,"{""agent-system"": 0.964846}",2,"{""agent-network"": ""capability_missing"", ""agent-security"": ""capability_missing""}",0,
multisource_cnp_20260910T095810Z,syslog,27,86d9813966c84a64be64bd22df5a62d9,6d8fdcc763094284b52af04699bc2014,agent-system,e2e_lightweight_candidate_rule_v1,models/isolation_forest_linux_colab.joblib,linux,ok,0.016701,True,True,True,True,0,False,1,"{""agent-system"": 0.965085}",2,"{""agent-network"": ""capability_missing"", ""agent-security"": ""capability_missing""}",0,
multisource_cnp_20260910T095810Z,syslog,28,3a26f28d1331405ea4ea416bc59ab3f4,4b19328dfe8b418394dbf5f21a6045ba,agent-system,e2e_lightweight_candidate_rule_v1,models/isolation_forest_linux_colab.joblib,linux,ok,0.015735,True,True,True,True,0,False,1,"{""agent-system"": 0.965332}",2,"{""agent-network"": ""capability_missing"", ""agent-security"": ""capability_missing""}",0,
multisource_cnp_20260910T095810Z,syslog,29,ec47bde34388428fa0ee2f9dbeb39655,ba7a35022333416586318caca4df6f58,agent-system,e2e_lightweight_candidate_rule_v1,models/isolation_forest_linux_colab.joblib,linux,ok,0.014205,True,True,True,True,0,False,1,"{""agent-system"": 0.965564}",2,"{""agent-network"": ""capability_missing"", ""agent-security"": ""capability_missing""}",0,
multisource_cnp_20260910T095810Z,syslog,30,7d9b912b627c4eabb75a24d3667545e0,f3102a4426f9450ba23a25b5f8fecc0a,agent-system,e2e_lightweight_candidate_rule_v1,models/isolation_forest_linux_colab.joblib,linux,ok,0.015936,True,True,True,True,0,False,1,"{""agent-system"": 0.965783}",2,"{""agent-network"": ""capability_missing"", ""agent-security"": ""capability_missing""}",0,
multisource_cnp_20260910T095810Z,syslog,31,d10e049809aa4b15bf1d51e1e9d6d37b,d8a0a82dc6974026a90b6cab097c7867,agent-system,e2e_lightweight_candidate_rule_v1,models/isolation_forest_linux_colab.joblib,linux,ok,0.015722,True,True,True,True,0,False,1,"{""agent-system"": 0.965986}",2,"{""agent-network"": ""capability_missing"", ""agent-security"": ""capability_missing""}",0,
multisource_cnp_20260910T095810Z,syslog,32,9be876e6f6bb422392e66a9f41d11b1b,4433d61aee9c47a2a2dbf5d9227ebcaf,agent-system,e2e_lightweight_candidate_rule_v1,models/isolation_forest_linux_colab.joblib,linux,ok,0.017106,True,True,True,True,0,False,1,"{""agent-system"": 0.966177}",2,"{""agent-network"": ""capability_missing"", ""agent-security"": ""capability_missing""}",0,
multisource_cnp_20260910T095810Z,syslog,33,f6fd0e09e5ad472a9001753ba06493f1,5f732e1275264bb69a6fd71307da159d,agent-system,e2e_lightweight_candidate_rule_v1,models/isolation_forest_linux_colab.joblib,linux,ok,0.015139,True,True,True,True,0,False,1,"{""agent-system"": 0.966354}",2,"{""agent-network"": ""capability_missing"", ""agent-security"": ""capability_missing""}",0,
multisource_cnp_20260910T095810Z,syslog,34,6e1f879c0edc4b3ea0fe0b6e3acda9f6,bc871a9723b847fa82f91e1efe256306,agent-system,e2e_lightweight_candidate_rule_v1,models/isolation_forest_linux_colab.joblib,linux,ok,0.013966,True,True,True,True,0,False,1,"{""agent-system"": 0.966525}",2,"{""agent-network"": ""capability_missing"", ""agent-security"": ""capability_missing""}",0,
multisource_cnp_20260910T095810Z,syslog,35,4034d29962454b38971291436f544470,e90d89e99707441aba7cfda6bfedb8ee,agent-system,e2e_lightweight_candidate_rule_v1,models/isolation_forest_linux_colab.joblib,linux,ok,0.013702,True,True,True,True,0,False,1,"{""agent-system"": 0.966689}",2,"{""agent-network"": ""capability_missing"", ""agent-security"": ""capability_missing""}",0,
multisource_cnp_20260910T095810Z,syslog,36,c83f1b04fac440449360e888eed1c28d,7d673e10762f4324a8fe73604848c01d,agent-system,e2e_lightweight_candidate_rule_v1,models/isolation_forest_linux_colab.joblib,linux,ok,0.013394,True,True,True,True,0,False,1,"{""agent-system"": 0.966843}",2,"{""agent-network"": ""capability_missing"", ""agent-security"": ""capability_missing""}",0,
multisource_cnp_20260910T095810Z,syslog,37,20d1543ce9bc426e8d716c8495d0207c,7c1b9c7738bd4d048dc5e6aa87d9828d,agent-system,e2e_lightweight_candidate_rule_v1,models/isolation_forest_linux_colab.joblib,linux,ok,0.016568,True,True,True,True,0,False,1,"{""agent-system"": 0.966988}",2,"{""agent-network"": ""capability_missing"", ""agent-security"": ""capability_missing""}",0,
multisource_cnp_20260910T095810Z,syslog,38,c52c143442574be5967cf90287c473ba,d7f28320a16242aab67ecc50f4f0d9bd,agent-system,e2e_lightweight_candidate_rule_v1,models/isolation_forest_linux_colab.joblib,linux,ok,0.014452,True,True,True,True,0,False,1,"{""agent-system"": 0.967123}",2,"{""agent-network"": ""capability_missing"", ""agent-security"": ""capability_missing""}",0,
multisource_cnp_20260910T095810Z,syslog,39,80733e02a3c840ae84822087dac01233,a3c88f6aaa49494e8402eb24f8da00b1,agent-system,e2e_lightweight_candidate_rule_v1,models/isolation_forest_linux_colab.joblib,linux,ok,0.016544,True,True,True,True,0,False,1,"{""agent-system"": 0.967253}",2,"{""agent-network"": ""capability_missing"", ""agent-security"": ""capability_missing""}",0,
multisource_cnp_20260910T095810Z,syslog,40,56dd3079e54743e584d424714ee9090a,a40b6faff3794b2f9e3584206f90cbc6,agent-system,e2e_lightweight_candidate_rule_v1,models/isolation_forest_linux_colab.joblib,linux,ok,0.015124,True,True,True,True,0,False,1,"{""agent-system"": 0.967374}",2,"{""agent-network"": ""capability_missing"", ""agent-security"": ""capability_missing""}",0,
multisource_cnp_20260910T095810Z,syslog,41,286bc881751740ab9b879a13fa3f31f5,b1dee9887d7047c89107946f8e323df0,agent-system,e2e_lightweight_candidate_rule_v1,models/isolation_forest_linux_colab.joblib,linux,ok,0.014175,True,True,True,True,0,False,1,"{""agent-system"": 0.967492}",2,"{""agent-network"": ""capability_missing"", ""agent-security"": ""capability_missing""}",0,
multisource_cnp_20260910T095810Z,syslog,42,26de712344014fb08923fba7ae2925ea,5d595ba9026547b58294ac5fb53ca444,agent-system,e2e_lightweight_candidate_rule_v1,models/isolation_forest_linux_colab.joblib,linux,ok,0.012305,True,True,True,True,0,False,1,"{""agent-system"": 0.967606}",2,"{""agent-network"": ""capability_missing"", ""agent-security"": ""capability_missing""}",0,
multisource_cnp_20260910T095810Z,syslog,43,4a29b6c2cf164f17b1cef88ad284b5df,c3a384e7364d4ae2a24a5b005cf7f57c,agent-system,e2e_lightweight_candidate_rule_v1,models/isolation_forest_linux_colab.joblib,linux,ok,0.015253,True,True,True,True,0,False,1,"{""agent-system"": 0.967717}",2,"{""agent-network"": ""capability_missing"", ""agent-security"": ""capability_missing""}",0,
multisource_cnp_20260910T095810Z,syslog,44,b4c9afd588f44a3d95e758a779022a1a,d5cd17e22bfa49bdb0aa170980687d04,agent-system,e2e_lightweight_candidate_rule_v1,models/isolation_forest_linux_colab.joblib,linux,ok,0.014798,True,True,True,True,0,False,1,"{""agent-system"": 0.967819}",2,"{""agent-network"": ""capability_missing"", ""agent-security"": ""capability_missing""}",0,
multisource_cnp_20260910T095810Z,syslog,45,e3cacdd61f734832b6fc531000b9e4f0,37d1f61de8084c028320413b5314d919,agent-system,e2e_lightweight_candidate_rule_v1,models/isolation_forest_linux_colab.joblib,linux,ok,0.016234,True,True,True,True,0,False,1,"{""agent-system"": 0.967917}",2,"{""agent-network"": ""capability_missing"", ""agent-security"": ""capability_missing""}",0,
multisource_cnp_20260910T095810Z,syslog,46,c3ba150ca8ce475db8f19b51fcab0df1,9c05a799407946d68e9f06aeda7e5204,agent-system,e2e_lightweight_candidate_rule_v1,models/isolation_forest_linux_colab.joblib,linux,ok,0.015603,True,True,True,True,0,False,1,"{""agent-system"": 0.968009}",2,"{""agent-network"": ""capability_missing"", ""agent-security"": ""capability_missing""}",0,
multisource_cnp_20260910T095810Z,syslog,47,9fead707742544bd9d6bddeb9201f588,94ef41a1ae5c4f7591dd76119223c3f2,agent-system,e2e_lightweight_candidate_rule_v1,models/isolation_forest_linux_colab.joblib,linux,ok,0.018508,True,True,True,True,0,False,1,"{""agent-system"": 0.968098}",2,"{""agent-network"": ""capability_missing"", ""agent-security"": ""capability_missing""}",0,
multisource_cnp_20260910T095810Z,syslog,48,76839d72d726429db0a83e41a9109315,2193160d59d444bd8bbd47368b5a3c75,agent-system,e2e_lightweight_candidate_rule_v1,models/isolation_forest_linux_colab.joblib,linux,ok,0.016725,True,True,True,True,0,False,1,"{""agent-system"": 0.96818}",2,"{""agent-network"": ""capability_missing"", ""agent-security"": ""capability_missing""}",0,
multisource_cnp_20260910T095810Z,syslog,49,11a89cd668c7438684e6b80bb625f994,001c8cdd00b549e6aa98e53d29e9a9b3,agent-system,e2e_lightweight_candidate_rule_v1,models/isolation_forest_linux_colab.joblib,linux,ok,0.015788,True,True,True,True,0,False,1,"{""agent-system"": 0.968261}",2,"{""agent-network"": ""capability_missing"", ""agent-security"": ""capability_missing""}",0,
multisource_cnp_20260910T095810Z,syslog,50,6c5922f13a08476a86d45731ecfb39bd,321a8810e60f449da29023cdf614eede,agent-system,e2e_lightweight_candidate_rule_v1,models/isolation_forest_linux_colab.joblib,linux,ok,0.015701,True,True,True,True,0,False,1,"{""agent-system"": 0.968339}",2,"{""agent-network"": ""capability_missing"", ""agent-security"": ""capability_missing""}",0,
multisource_cnp_20260910T095810Z,syslog,51,8d75f19cb42748efb9e2c7cb728f3ce0,980c06852d344842b62265baabb04bd1,agent-system,e2e_lightweight_candidate_rule_v1,models/isolation_forest_linux_colab.joblib,linux,ok,0.016192,True,True,True,True,0,False,1,"{""agent-system"": 0.968414}",2,"{""agent-network"": ""capability_missing"", ""agent-security"": ""capability_missing""}",0,
multisource_cnp_20260910T095810Z,syslog,52,3e47243cd58a4ce28eebe66c8a346121,89ff9c109d844d3d92b95767d4fa55b6,agent-system,e2e_lightweight_candidate_rule_v1,models/isolation_forest_linux_colab.joblib,linux,ok,0.014351,True,True,True,True,0,False,1,"{""agent-system"": 0.968486}",2,"{""agent-network"": ""capability_missing"", ""agent-security"": ""capability_missing""}",0,
multisource_cnp_20260910T095810Z,syslog,53,4469d6affd8742edac09443f91bc91fc,8aa7cbe1abce4365969b0488218cd158,agent-system,e2e_lightweight_candidate_rule_v1,models/isolation_forest_linux_colab.joblib,linux,ok,0.014746,True,True,True,True,0,False,1,"{""agent-system"": 0.968558}",2,"{""agent-network"": ""capability_missing"", ""agent-security"": ""capability_missing""}",0,
multisource_cnp_20260910T095810Z,syslog,54,b47aac7a64524848925ace8d02dd721f,f0b7d7959bb2424caedad444df953db9,agent-system,e2e_lightweight_candidate_rule_v1,models/isolation_forest_linux_colab.joblib,linux,ok,0.014851,True,True,True,True,0,False,1,"{""agent-system"": 0.968626}",2,"{""agent-network"": ""capability_missing"", ""agent-security"": ""capability_missing""}",0,
multisource_cnp_20260910T095810Z,syslog,55,8f704bee3cbd4ec7a60a906166d12dca,18a8559a1ed94bc4b763e9133d99b883,agent-system,e2e_lightweight_candidate_rule_v1,models/isolation_forest_linux_colab.joblib,linux,ok,0.013979,True,True,True,True,0,False,1,"{""agent-system"": 0.968694}",2,"{""agent-network"": ""capability_missing"", ""agent-security"": ""capability_missing""}",0,
multisource_cnp_20260910T095810Z,syslog,56,a99f71e03212402d9ca90999067712d1,a6602624c193477f9d72980f883e53e7,agent-system,e2e_lightweight_candidate_rule_v1,models/isolation_forest_linux_colab.joblib,linux,ok,0.014629,True,True,True,True,0,False,1,"{""agent-system"": 0.96876}",2,"{""agent-network"": ""capability_missing"", ""agent-security"": ""capability_missing""}",0,
multisource_cnp_20260910T095810Z,syslog,57,0eb4fc6afbb243a2ac3086cae5855ee5,d0a50f7b1d53478787703227f76d237a,agent-system,e2e_lightweight_candidate_rule_v1,models/isolation_forest_linux_colab.joblib,linux,ok,0.017304,True,True,True,True,0,False,1,"{""agent-system"": 0.968824}",2,"{""agent-network"": ""capability_missing"", ""agent-security"": ""capability_missing""}",0,
multisource_cnp_20260910T095810Z,syslog,58,1872525ac28141a896337e331054339e,0b7a56f45318486fb78f665221776e70,agent-system,e2e_lightweight_candidate_rule_v1,models/isolation_forest_linux_colab.joblib,linux,ok,0.016744,True,True,True,True,0,False,1,"{""agent-system"": 0.968881}",2,"{""agent-network"": ""capability_missing"", ""agent-security"": ""capability_missing""}",0,
multisource_cnp_20260910T095810Z,syslog,59,72435bf47bc44b9fb668cccc98cfb82e,ab0c0f9c05f84f3283311a5c0604cba9,agent-system,e2e_lightweight_candidate_rule_v1,models/isolation_forest_linux_colab.joblib,linux,ok,0.018517,True,True,True,True,0,False,1,"{""agent-system"": 0.968938}",2,"{""agent-network"": ""capability_missing"", ""agent-security"": ""capability_missing""}",0,
multisource_cnp_20260910T095810Z,syslog,60,9b1e8835f2ac483da11373aa06edc9eb,b1fb1c7c944c456b88d8f8c599636dc9,agent-system,e2e_lightweight_candidate_rule_v1,models/isolation_forest_linux_colab.joblib,linux,ok,0.017815,True,True,True,True,0,False,1,"{""agent-system"": 0.968991}",2,"{""agent-network"": ""capability_missing"", ""agent-security"": ""capability_missing""}",0,
multisource_cnp_20260910T095810Z,syslog,61,eea6366a4ccf43b9b6cd35f4533a9eb7,5e79984aed7043cfb6883e3503e97c3b,agent-system,e2e_lightweight_candidate_rule_v1,models/isolation_forest_linux_colab.joblib,linux,ok,0.023587,True,True,True,True,0,False,1,"{""agent-system"": 0.969046}",2,"{""agent-network"": ""capability_missing"", ""agent-security"": ""capability_missing""}",0,
multisource_cnp_20260910T095810Z,syslog,62,feee55d72b214ed7bfac5fb8bef5e8cb,747c8cf844fc4094afb2e0987b4d2942,agent-system,e2e_lightweight_candidate_rule_v1,models/isolation_forest_linux_colab.joblib,linux,ok,0.017419,True,True,True,True,0,False,1,"{""agent-system"": 0.969092}",2,"{""agent-network"": ""capability_missing"", ""agent-security"": ""capability_missing""}",0,
multisource_cnp_20260910T095810Z,syslog,63,96f878c17f1a45d0a52d6f1497ba12a9,184b7e2827554438970518f9568c3e1b,agent-system,e2e_lightweight_candidate_rule_v1,models/isolation_forest_linux_colab.joblib,linux,ok,0.017485,True,True,True,True,0,False,1,"{""agent-system"": 0.969139}",2,"{""agent-network"": ""capability_missing"", ""agent-security"": ""capability_missing""}",0,
multisource_cnp_20260910T095810Z,syslog,64,9366aca0b28345fbaf3030b5f7d9c9d1,512abfead9cb400abbb80230f50b1df1,agent-system,e2e_lightweight_candidate_rule_v1,models/isolation_forest_linux_colab.joblib,linux,ok,0.019227,True,True,True,True,0,False,1,"{""agent-system"": 0.969187}",2,"{""agent-network"": ""capability_missing"", ""agent-security"": ""capability_missing""}",0,
multisource_cnp_20260910T095810Z,syslog,65,86a6ea8edcad4a9daee8b02b90ae39f0,72dd213c7f7849dc9736f57e9dc9f936,agent-system,e2e_lightweight_candidate_rule_v1,models/isolation_forest_linux_colab.joblib,linux,ok,0.01541,True,True,True,True,0,False,1,"{""agent-system"": 0.96923}",2,"{""agent-network"": ""capability_missing"", ""agent-security"": ""capability_missing""}",0,
multisource_cnp_20260910T095810Z,syslog,66,0f2f5817a0dc44f0b941cafe5c264b17,f2db12d295bc4554acd34ff4e8fd55d4,agent-system,e2e_lightweight_candidate_rule_v1,models/isolation_forest_linux_colab.joblib,linux,ok,0.017528,True,True,True,True,0,False,1,"{""agent-system"": 0.969274}",2,"{""agent-network"": ""capability_missing"", ""agent-security"": ""capability_missing""}",0,
multisource_cnp_20260910T095810Z,syslog,67,af54b5e543364a8c8633806b7cca7c49,4de95db63b9e493fade259d4795777d4,agent-system,e2e_lightweight_candidate_rule_v1,models/isolation_forest_linux_colab.joblib,linux,ok,0.014901,True,True,True,True,0,False,1,"{""agent-system"": 0.969313}",2,"{""agent-network"": ""capability_missing"", ""agent-security"": ""capability_missing""}",0,
multisource_cnp_20260910T095810Z,syslog,68,18489d926a894fa1b68c670888681749,a18948bd2c3d46e081732a6e19a99a90,agent-system,e2e_lightweight_candidate_rule_v1,models/isolation_forest_linux_colab.joblib,linux,ok,0.015685,True,True,True,True,0,False,1,"{""agent-system"": 0.969355}",2,"{""agent-network"": ""capability_missing"", ""agent-security"": ""capability_missing""}",0,
multisource_cnp_20260910T095810Z,syslog,69,b4d2afd0f2ed4e4bab87778a91969741,97bc28c1eb2a4a539a95e808b89094dc,agent-system,e2e_lightweight_candidate_rule_v1,models/isolation_forest_linux_colab.joblib,linux,ok,0.015587,True,True,True,True,0,False,1,"{""agent-system"": 0.969397}",2,"{""agent-network"": ""capability_missing"", ""agent-security"": ""capability_missing""}",0,
multisource_cnp_20260910T095810Z,syslog,70,cdc9a05e39ba4bb7af72075c256fb515,d2246f9020484311af9871ec143abd60,agent-system,e2e_lightweight_candidate_rule_v1,models/isolation_forest_linux_colab.joblib,linux,ok,0.01627,True,True,True,True,0,False,1,"{""agent-system"": 0.969437}",2,"{""agent-network"": ""capability_missing"", ""agent-security"": ""capability_missing""}",0,
multisource_cnp_20260910T095810Z,syslog,71,c504464b824c462486265072c6917b99,a32483c231f1489288a9dccc2a486cc2,agent-system,e2e_lightweight_candidate_rule_v1,models/isolation_forest_linux_colab.joblib,linux,ok,0.016856,True,True,True,True,0,False,1,"{""agent-system"": 0.969475}",2,"{""agent-network"": ""capability_missing"", ""agent-security"": ""capability_missing""}",0,
multisource_cnp_20260910T095810Z,syslog,72,f4dfa60d9a204bc8a850b10c4e7b5f45,aadc3c03ef7c49c998dde6143bd9ae91,agent-system,e2e_lightweight_candidate_rule_v1,models/isolation_forest_linux_colab.joblib,linux,ok,0.018343,True,True,True,True,0,False,1,"{""agent-system"": 0.969512}",2,"{""agent-network"": ""capability_missing"", ""agent-security"": ""capability_missing""}",0,
multisource_cnp_20260910T095810Z,syslog,73,d41c8e5aa5eb4030a0257207832d2437,fea639c8800e4c0e8422da365b570c6d,agent-system,e2e_lightweight_candidate_rule_v1,models/isolation_forest_linux_colab.joblib,linux,ok,0.017794,True,True,True,True,0,False,1,"{""agent-system"": 0.969546}",2,"{""agent-network"": ""capability_missing"", ""agent-security"": ""capability_missing""}",0,
multisource_cnp_20260910T095810Z,syslog,74,6a548fa2ce294613a0127fb0becdc65d,d30a8fedc2f74216ac3c4684ddbbc729,agent-system,e2e_lightweight_candidate_rule_v1,models/isolation_forest_linux_colab.joblib,linux,ok,0.017973,True,True,True,True,0,False,1,"{""agent-system"": 0.969581}",2,"{""agent-network"": ""capability_missing"", ""agent-security"": ""capability_missing""}",0,
multisource_cnp_20260910T095810Z,syslog,75,8911083d3fc84f57ad621676526b741e,ce8fb6f700fd47f19619b95dde6af44b,agent-system,e2e_lightweight_candidate_rule_v1,models/isolation_forest_linux_colab.joblib,linux,ok,0.016636,True,True,True,True,0,False,1,"{""agent-system"": 0.969618}",2,"{""agent-network"": ""capability_missing"", ""agent-security"": ""capability_missing""}",0,
multisource_cnp_20260910T095810Z,syslog,76,70b6f59202df48259327ab6606766b33,9b9b851b111048c2a2d851ffab24b26d,agent-system,e2e_lightweight_candidate_rule_v1,models/isolation_forest_linux_colab.joblib,linux,ok,0.017713,True,True,True,True,0,False,1,"{""agent-system"": 0.969652}",2,"{""agent-network"": ""capability_missing"", ""agent-security"": ""capability_missing""}",0,
multisource_cnp_20260910T095810Z,syslog,77,cc29540839f547a7a6256e8fc1d30ff2,323c2a1b5ad0407fac1dcdc022553662,agent-system,e2e_lightweight_candidate_rule_v1,models/isolation_forest_linux_colab.joblib,linux,ok,0.01757,True,True,True,True,0,False,1,"{""agent-system"": 0.969697}",2,"{""agent-network"": ""capability_missing"", ""agent-security"": ""capability_missing""}",0,
multisource_cnp_20260910T095810Z,syslog,78,cb471def4353482a83ad6563dd68d7f5,875678f6ae33445ca0e0b788e4c02227,agent-system,e2e_lightweight_candidate_rule_v1,models/isolation_forest_linux_colab.joblib,linux,ok,0.013866,True,True,True,True,0,False,1,"{""agent-system"": 0.969729}",2,"{""agent-network"": ""capability_missing"", ""agent-security"": ""capability_missing""}",0,
multisource_cnp_20260910T095810Z,syslog,79,b4a7f612b56940818575bc42a3078314,12df969dde0b4b7e964268f79e067b01,agent-system,e2e_lightweight_candidate_rule_v1,models/isolation_forest_linux_colab.joblib,linux,ok,0.015441,True,True,True,True,0,False,1,"{""agent-system"": 0.969762}",2,"{""agent-network"": ""capability_missing"", ""agent-security"": ""capability_missing""}",0,
multisource_cnp_20260910T095810Z,syslog,80,fbeb738f5ded4823a7443585a4b78989,4d083f51f0d140bab1d485d5bd10f4be,agent-system,e2e_lightweight_candidate_rule_v1,models/isolation_forest_linux_colab.joblib,linux,ok,0.022375,True,True,True,True,0,False,1,"{""agent-system"": 0.969791}",2,"{""agent-network"": ""capability_missing"", ""agent-security"": ""capability_missing""}",0,
multisource_cnp_20260910T095810Z,syslog,81,de9a22678365462e87d73078e66e9e4c,27cd38cc5f5342dca699dcf9cd62e602,agent-system,e2e_lightweight_candidate_rule_v1,models/isolation_forest_linux_colab.joblib,linux,ok,0.020272,True,True,True,True,0,False,1,"{""agent-system"": 0.969816}",2,"{""agent-network"": ""capability_missing"", ""agent-security"": ""capability_missing""}",0,
multisource_cnp_20260910T095810Z,syslog,82,4cb004e0a2b44c36be47bab73dffa25a,9745a17d769a420bb97c6c71686e87a3,agent-system,e2e_lightweight_candidate_rule_v1,models/isolation_forest_linux_colab.joblib,linux,ok,0.01916,True,True,True,True,0,False,1,"{""agent-system"": 0.969842}",2,"{""agent-network"": ""capability_missing"", ""agent-security"": ""capability_missing""}",0,
multisource_cnp_20260910T095810Z,syslog,83,5810468fd4514cc181bb7efc66c04b58,c8eeab32a48d4eb3b30e29d6fd1a85f1,agent-system,e2e_lightweight_candidate_rule_v1,models/isolation_forest_linux_colab.joblib,linux,ok,0.018183,True,True,True,True,0,False,1,"{""agent-system"": 0.969869}",2,"{""agent-network"": ""capability_missing"", ""agent-security"": ""capability_missing""}",0,
multisource_cnp_20260910T095810Z,syslog,84,d065fa56855d4bbd8ed277a80e898885,6bb431d44f0342c2956967d56887103c,agent-system,e2e_lightweight_candidate_rule_v1,models/isolation_forest_linux_colab.joblib,linux,ok,0.018839,True,True,True,True,0,False,1,"{""agent-system"": 0.969893}",2,"{""agent-network"": ""capability_missing"", ""agent-security"": ""capability_missing""}",0,
multisource_cnp_20260910T095810Z,syslog,85,d2c034052a81459ea0c1672c0da4dd5a,b444645430674d20a37a63305abf65d9,agent-system,e2e_lightweight_candidate_rule_v1,models/isolation_forest_linux_colab.joblib,linux,ok,0.017921,True,True,True,True,0,False,1,"{""agent-system"": 0.969915}",2,"{""agent-network"": ""capability_missing"", ""agent-security"": ""capability_missing""}",0,
multisource_cnp_20260910T095810Z,syslog,86,dc5a4779ea824fcb978e74279edcbec7,b009a2d7f26f48a7922583dc9b4ee97d,agent-system,e2e_lightweight_candidate_rule_v1,models/isolation_forest_linux_colab.joblib,linux,ok,0.015411,True,True,True,True,0,False,1,"{""agent-system"": 0.969937}",2,"{""agent-network"": ""capability_missing"", ""agent-security"": ""capability_missing""}",0,
multisource_cnp_20260910T095810Z,syslog,87,7a7456c8b2474ba0ba095cdf1c29f156,9d94cb5d445b4415a8df99a9ad77947b,agent-system,e2e_lightweight_candidate_rule_v1,models/isolation_forest_linux_colab.joblib,linux,ok,0.016612,True,True,True,True,0,False,1,"{""agent-system"": 0.969961}",2,"{""agent-network"": ""capability_missing"", ""agent-security"": ""capability_missing""}",0,
multisource_cnp_20260910T095810Z,syslog,88,578bf4dea00542d3b9a21cd9722975fb,3d59ed68560d49c2b2acc5f7fab68c09,agent-system,e2e_lightweight_candidate_rule_v1,models/isolation_forest_linux_colab.joblib,linux,ok,0.015239,True,True,True,True,0,False,1,"{""agent-system"": 0.969987}",2,"{""agent-network"": ""capability_missing"", ""agent-security"": ""capability_missing""}",0,
multisource_cnp_20260910T095810Z,syslog,89,83cb0452d1ff4ee29908d29f6bcd1d57,7473873afbdc48efa76848a9073c393b,agent-system,e2e_lightweight_candidate_rule_v1,models/isolation_forest_linux_colab.joblib,linux,ok,0.015634,True,True,True,True,0,False,1,"{""agent-system"": 0.970011}",2,"{""agent-network"": ""capability_missing"", ""agent-security"": ""capability_missing""}",0,
multisource_cnp_20260910T095810Z,syslog,90,6e847e60d2394cab88612f333702d0d7,a6b22a173c1b4cd1957c982854ada937,agent-system,e2e_lightweight_candidate_rule_v1,models/isolation_forest_linux_colab.joblib,linux,ok,0.015472,True,True,True,True,0,False,1,"{""agent-system"": 0.970036}",2,"{""agent-network"": ""capability_missing"", ""agent-security"": ""capability_missing""}",0,
multisource_cnp_20260910T095810Z,syslog,91,2d960ddcd1264c70b79ee1d5e393f918,13746147d1254a39aca2178f9c9bd546,agent-system,e2e_lightweight_candidate_rule_v1,models/isolation_forest_linux_colab.joblib,linux,ok,0.015982,True,True,True,True,0,False,1,"{""agent-system"": 0.970059}",2,"{""agent-network"": ""capability_missing"", ""agent-security"": ""capability_missing""}",0,
multisource_cnp_20260910T095810Z,syslog,92,dff6836ace304443a069da01fc4c799b,7647b3ff0f304702bf40c05dfcddb9d9,agent-system,e2e_lightweight_candidate_rule_v1,models/isolation_forest_linux_colab.joblib,linux,ok,0.016786,True,True,True,True,0,False,1,"{""agent-system"": 0.97008}",2,"{""agent-network"": ""capability_missing"", ""agent-security"": ""capability_missing""}",0,
multisource_cnp_20260910T095810Z,syslog,93,775fd51c435b4a90800d4b073fa4fd58,daf534c3d7fc4dc6a9ffc29f64128e37,agent-system,e2e_lightweight_candidate_rule_v1,models/isolation_forest_linux_colab.joblib,linux,ok,0.024352,True,True,True,True,0,False,1,"{""agent-system"": 0.970098}",2,"{""agent-network"": ""capability_missing"", ""agent-security"": ""capability_missing""}",0,
multisource_cnp_20260910T095810Z,syslog,94,4d332d7498ee4a2e9fcd33a8f7d127ee,54d5d561d4bc49d086c49a24d984965e,agent-system,e2e_lightweight_candidate_rule_v1,models/isolation_forest_linux_colab.joblib,linux,ok,0.019101,True,True,True,True,0,False,1,"{""agent-system"": 0.970112}",2,"{""agent-network"": ""capability_missing"", ""agent-security"": ""capability_missing""}",0,
multisource_cnp_20260910T095810Z,syslog,95,29977a001871400f9c517a49f168ead6,bad69ab43fc64e808d3cfca13a8bb4c2,agent-system,e2e_lightweight_candidate_rule_v1,models/isolation_forest_linux_colab.joblib,linux,ok,0.015265,True,True,True,True,0,False,1,"{""agent-system"": 0.97013}",2,"{""agent-network"": ""capability_missing"", ""agent-security"": ""capability_missing""}",0,
multisource_cnp_20260910T095810Z,syslog,96,1996b05b696f4c6ba09df2b5db834727,77ef45c5cb86493bafa996fa0e8b9819,agent-system,e2e_lightweight_candidate_rule_v1,models/isolation_forest_linux_colab.joblib,linux,ok,0.016883,True,True,True,True,0,False,1,"{""agent-system"": 0.970153}",2,"{""agent-network"": ""capability_missing"", ""agent-security"": ""capability_missing""}",0,
multisource_cnp_20260910T095810Z,syslog,97,238fcb75ceac4f38856bb7515069fabb,6b0234527df04e36ae10c52c10d55095,agent-system,e2e_lightweight_candidate_rule_v1,models/isolation_forest_linux_colab.joblib,linux,ok,0.013868,True,True,True,True,0,False,1,"{""agent-system"": 0.970174}",2,"{""agent-network"": ""capability_missing"", ""agent-security"": ""capability_missing""}",0,
multisource_cnp_20260910T095810Z,syslog,98,93c137d17c76417ab24085b2a5599133,2880c1cec4c54c0c91e0ca07be483077,agent-system,e2e_lightweight_candidate_rule_v1,models/isolation_forest_linux_colab.joblib,linux,ok,0.015043,True,True,True,True,0,False,1,"{""agent-system"": 0.970198}",2,"{""agent-network"": ""capability_missing"", ""agent-security"": ""capability_missing""}",0,
multisource_cnp_20260910T095810Z,syslog,99,f4b5265e1df54ea79d595c381afce04c,48f1a502139f42789ff45f5acf52eeea,agent-system,e2e_lightweight_candidate_rule_v1,models/isolation_forest_linux_colab.joblib,linux,ok,0.016504,True,True,True,True,0,False,1,"{""agent-system"": 0.97022}",2,"{""agent-network"": ""capability_missing"", ""agent-security"": ""capability_missing""}",0,
multisource_cnp_20260910T095810Z,syslog,100,0dfae14188fa4325bd7d299e3a04c8fa,ceb6efe43b904609a0590ea5aadc9937,agent-system,e2e_lightweight_candidate_rule_v1,models/isolation_forest_linux_colab.joblib,linux,ok,0.014487,True,True,True,True,0,False,1,"{""agent-system"": 0.970239}",2,"{""agent-network"": ""capability_missing"", ""agent-security"": ""capability_missing""}",0,
multisource_cnp_20260910T095810Z,syslog,101,2039a2192675471180662015ca015a5b,b5bfc924cd344678b34b02cb19b69966,agent-system,e2e_lightweight_candidate_rule_v1,models/isolation_forest_linux_colab.joblib,linux,ok,0.018879,True,True,True,True,0,False,1,"{""agent-system"": 0.97026}",2,"{""agent-network"": ""capability_missing"", ""agent-security"": ""capability_missing""}",0,
multisource_cnp_20260910T095810Z,syslog,102,1019a9ca21e146bd89451c3aa5504e49,25486f7192194f578dc979ce0cb9484b,agent-system,e2e_lightweight_candidate_rule_v1,models/isolation_forest_linux_colab.joblib,linux,ok,0.015436,True,True,True,True,0,False,1,"{""agent-system"": 0.970276}",2,"{""agent-network"": ""capability_missing"", ""agent-security"": ""capability_missing""}",0,
multisource_cnp_20260910T095810Z,syslog,103,bb01126f25714c7ea63ae4ba63236df9,271d37efd9a342da8a1bcf25105f7ddd,agent-system,e2e_lightweight_candidate_rule_v1,models/isolation_forest_linux_colab.joblib,linux,ok,0.01796,True,True,True,True,0,False,1,"{""agent-system"": 0.970294}",2,"{""agent-network"": ""capability_missing"", ""agent-security"": ""capability_missing""}",0,
multisource_cnp_20260910T095810Z,syslog,104,89a496c0d23e43f8926bb144a5d0fd96,b42eda7b21814da3a361514f54b517e5,agent-system,e2e_lightweight_candidate_rule_v1,models/isolation_forest_linux_colab.joblib,linux,ok,0.015843,True,True,True,True,0,False,1,"{""agent-system"": 0.970309}",2,"{""agent-network"": ""capability_missing"", ""agent-security"": ""capability_missing""}",0,
multisource_cnp_20260910T095810Z,syslog,105,083780f03f2043f8a1d5f6d0144491d9,c09bf19d97744779a79659766b7b0b86,agent-system,e2e_lightweight_candidate_rule_v1,models/isolation_forest_linux_colab.joblib,linux,ok,0.016422,True,True,True,True,0,False,1,"{""agent-system"": 0.970325}",2,"{""agent-network"": ""capability_missing"", ""agent-security"": ""capability_missing""}",0,
multisource_cnp_20260910T095810Z,syslog,106,53d5c1aebb704bc1bf0686f399653118,9259c3df11d942b9b24b66bad4202304,agent-system,e2e_lightweight_candidate_rule_v1,models/isolation_forest_linux_colab.joblib,linux,ok,0.018779,True,True,True,True,0,False,1,"{""agent-system"": 0.970339}",2,"{""agent-network"": ""capability_missing"", ""agent-security"": ""capability_missing""}",0,
multisource_cnp_20260910T095810Z,syslog,107,2e48b1c1839d465593e790bbc188d593,08defe9594974cbaab00fc08bc4b4b94,agent-system,e2e_lightweight_candidate_rule_v1,models/isolation_forest_linux_colab.joblib,linux,ok,0.029554,True,True,True,True,0,False,1,"{""agent-system"": 0.970351}",2,"{""agent-network"": ""capability_missing"", ""agent-security"": ""capability_missing""}",0,
multisource_cnp_20260910T095810Z,syslog,108,4ff18e0770234d4ab00d9199e467f1e2,495682ec3cd94664b1681b1b3920c173,agent-system,e2e_lightweight_candidate_rule_v1,models/isolation_forest_linux_colab.joblib,linux,ok,0.028956,True,True,True,True,0,False,1,"{""agent-system"": 0.970356}",2,"{""agent-network"": ""capability_missing"", ""agent-security"": ""capability_missing""}",0,
multisource_cnp_20260910T095810Z,syslog,109,9f7999de40794b2d9214f029e508f039,e6d0cf315eb740508ef9c4af4a5cd4a4,agent-system,e2e_lightweight_candidate_rule_v1,models/isolation_forest_linux_colab.joblib,linux,ok,0.027228,True,True,True,True,0,False,1,"{""agent-system"": 0.970361}",2,"{""agent-network"": ""capability_missing"", ""agent-security"": ""capability_missing""}",0,
multisource_cnp_20260910T095810Z,syslog,110,845d7e99292d424ea14357ee4c256586,b1e5f1bbeab345ca8cbf130040e3c637,agent-system,e2e_lightweight_candidate_rule_v1,models/isolation_forest_linux_colab.joblib,linux,ok,0.025336,True,True,True,True,0,False,1,"{""agent-system"": 0.970368}",2,"{""agent-network"": ""capability_missing"", ""agent-security"": ""capability_missing""}",0,
multisource_cnp_20260910T095810Z,syslog,111,18cd616c4fb34664852e31b6c1746327,7f4654533b1d4f5389e40abbb529618b,agent-system,e2e_lightweight_candidate_rule_v1,models/isolation_forest_linux_colab.joblib,linux,ok,0.020214,True,True,True,True,0,False,1,"{""agent-system"": 0.970377}",2,"{""agent-network"": ""capability_missing"", ""agent-security"": ""capability_missing""}",0,
multisource_cnp_20260910T095810Z,syslog,112,19444604115d4e99b7d1397ee44a6266,7faaf52247f940a0ba3ba139b8888210,agent-system,e2e_lightweight_candidate_rule_v1,models/isolation_forest_linux_colab.joblib,linux,ok,0.020657,True,True,True,True,0,False,1,"{""agent-system"": 0.970396}",2,"{""agent-network"": ""capability_missing"", ""agent-security"": ""capability_missing""}",0,
multisource_cnp_20260910T095810Z,syslog,113,608689bc9d9b412f9eedda47d56fa975,d136ff7f889845a584f26e0427da16df,agent-system,e2e_lightweight_candidate_rule_v1,models/isolation_forest_linux_colab.joblib,linux,ok,0.02593,True,True,True,True,0,False,1,"{""agent-system"": 0.970409}",2,"{""agent-network"": ""capability_missing"", ""agent-security"": ""capability_missing""}",0,
multisource_cnp_20260910T095810Z,syslog,114,0b7487ec38a64cbcada5cf15105e3193,8f337b0922a34ba4aa12d410643c5881,agent-system,e2e_lightweight_candidate_rule_v1,models/isolation_forest_linux_colab.joblib,linux,ok,0.02467,True,True,True,True,0,False,1,"{""agent-system"": 0.970418}",2,"{""agent-network"": ""capability_missing"", ""agent-security"": ""capability_missing""}",0,
multisource_cnp_20260910T095810Z,syslog,115,04d290c3d46f40a7aeeb4da342836c03,b46caf6557134c7b81679145cb5e26e2,agent-system,e2e_lightweight_candidate_rule_v1,models/isolation_forest_linux_colab.joblib,linux,ok,0.126535,True,True,True,True,0,False,1,"{""agent-system"": 0.970429}",2,"{""agent-network"": ""capability_missing"", ""agent-security"": ""capability_missing""}",0,
multisource_cnp_20260910T095810Z,syslog,116,7fa605d93dd64693b1f9e7e528fbe7a1,630a715ea69447d5820f593b1f6d75d0,agent-system,e2e_lightweight_candidate_rule_v1,models/isolation_forest_linux_colab.joblib,linux,ok,0.016413,True,True,True,True,0,False,1,"{""agent-system"": 0.970337}",2,"{""agent-network"": ""capability_missing"", ""agent-security"": ""capability_missing""}",0,
multisource_cnp_20260910T095810Z,syslog,117,a6990941f7e041beaef4ca1425bfef53,c4cbe66e24f445a39f9f33becd2daa9e,agent-system,e2e_lightweight_candidate_rule_v1,models/isolation_forest_linux_colab.joblib,linux,ok,0.016178,True,True,True,True,0,False,1,"{""agent-system"": 0.970353}",2,"{""agent-network"": ""capability_missing"", ""agent-security"": ""capability_missing""}",0,
multisource_cnp_20260910T095810Z,syslog,118,36e14d9927a3419b998d004a529ad0f3,a85e8ab42cf04a9dba4f779e5e9603fa,agent-system,e2e_lightweight_candidate_rule_v1,models/isolation_forest_linux_colab.joblib,linux,ok,0.015411,True,True,True,True,0,False,1,"{""agent-system"": 0.970366}",2,"{""agent-network"": ""capability_missing"", ""agent-security"": ""capability_missing""}",0,
multisource_cnp_20260910T095810Z,syslog,119,386cd781188048baa365755e35125236,0312b2b8a92c445d933a378d80ecad98,agent-system,e2e_lightweight_candidate_rule_v1,models/isolation_forest_linux_colab.joblib,linux,ok,0.015945,True,True,True,True,0,False,1,"{""agent-system"": 0.97038}",2,"{""agent-network"": ""capability_missing"", ""agent-security"": ""capability_missing""}",0,
multisource_cnp_20260910T095810Z,syslog,120,8defb3a126484f8393d490bd6331c80d,0510eb9f31c3433ab4c7d67422c8fca0,agent-system,e2e_lightweight_candidate_rule_v1,models/isolation_forest_linux_colab.joblib,linux,ok,0.016534,True,True,True,True,0,False,1,"{""agent-system"": 0.970394}",2,"{""agent-network"": ""capability_missing"", ""agent-security"": ""capability_missing""}",0,
multisource_cnp_20260910T095810Z,syslog,121,346b8057ff684b108dc2db2ad6790108,de9f64af345348769d5c3398104bb11b,agent-system,e2e_lightweight_candidate_rule_v1,models/isolation_forest_linux_colab.joblib,linux,ok,0.017155,True,True,True,True,0,False,1,"{""agent-system"": 0.970407}",2,"{""agent-network"": ""capability_missing"", ""agent-security"": ""capability_missing""}",0,
multisource_cnp_20260910T095810Z,syslog,122,f907a800714f49e7a70054526f1f1fa4,525d9215178045e3998cb427197a4b92,agent-system,e2e_lightweight_candidate_rule_v1,models/isolation_forest_linux_colab.joblib,linux,ok,0.019383,True,True,True,True,0,False,1,"{""agent-system"": 0.970421}",2,"{""agent-network"": ""capability_missing"", ""agent-security"": ""capability_missing""}",0,
multisource_cnp_20260910T095810Z,syslog,123,e92ebdd6c6484fa2b1439d226d983f72,b65138cf989c482b8655ffbeadafdb41,agent-system,e2e_lightweight_candidate_rule_v1,models/isolation_forest_linux_colab.joblib,linux,ok,0.017433,True,True,True,True,0,False,1,"{""agent-system"": 0.970433}",2,"{""agent-network"": ""capability_missing"", ""agent-security"": ""capability_missing""}",0,
multisource_cnp_20260910T095810Z,syslog,124,00285b920cef4f429dce2eeeb6107968,01e88f399cba44da85c65aebed9b41a1,agent-system,e2e_lightweight_candidate_rule_v1,models/isolation_forest_linux_colab.joblib,linux,ok,0.016677,True,True,True,True,0,False,1,"{""agent-system"": 0.970447}",2,"{""agent-network"": ""capability_missing"", ""agent-security"": ""capability_missing""}",0,
multisource_cnp_20260910T095810Z,syslog,125,ab9e437e6f834bca953893b895469858,7d7619cbef3e457c829f01420cc56d75,agent-system,e2e_lightweight_candidate_rule_v1,models/isolation_forest_linux_colab.joblib,linux,ok,0.016367,True,True,True,True,0,False,1,"{""agent-system"": 0.970461}",2,"{""agent-network"": ""capability_missing"", ""agent-security"": ""capability_missing""}",0,
multisource_cnp_20260910T095810Z,syslog,126,f326651961bb4cc0b27b75145d705f64,ce05656955e248b98cbf50cf0e37c5ea,agent-system,e2e_lightweight_candidate_rule_v1,models/isolation_forest_linux_colab.joblib,linux,ok,0.016019,True,True,True,True,0,False,1,"{""agent-system"": 0.970473}",2,"{""agent-network"": ""capability_missing"", ""agent-security"": ""capability_missing""}",0,
multisource_cnp_20260910T095810Z,syslog,127,6958a3e8dc7f4f4f849564f55aaf3306,fa0eb469c0814ddc9047bd85950d6301,agent-system,e2e_lightweight_candidate_rule_v1,models/isolation_forest_linux_colab.joblib,linux,ok,0.016284,True,True,True,True,0,False,1,"{""agent-system"": 0.970486}",2,"{""agent-network"": ""capability_missing"", ""agent-security"": ""capability_missing""}",0,
multisource_cnp_20260910T095810Z,syslog,128,40c087f9854f49e2bd0ec834f8b5bb69,d863400fc956481cbcb2842210718dbf,agent-system,e2e_lightweight_candidate_rule_v1,models/isolation_forest_linux_colab.joblib,linux,ok,0.017576,True,True,True,True,0,False,1,"{""agent-system"": 0.9705}",2,"{""agent-network"": ""capability_missing"", ""agent-security"": ""capability_missing""}",0,
multisource_cnp_20260910T095810Z,syslog,129,b7fcc85f6e1344bca92fe5fb2d008544,e4377fdb9516473eae584abc57e7e26e,agent-system,e2e_lightweight_candidate_rule_v1,models/isolation_forest_linux_colab.joblib,linux,ok,0.017092,True,True,True,True,0,False,1,"{""agent-system"": 0.970508}",2,"{""agent-network"": ""capability_missing"", ""agent-security"": ""capability_missing""}",0,
multisource_cnp_20260910T095810Z,syslog,130,49df40d4d7104680b95798beb0f86ac2,22167a7ad4a14aaaa1b7adc412afe332,agent-system,e2e_lightweight_candidate_rule_v1,models/isolation_forest_linux_colab.joblib,linux,ok,0.017935,True,True,True,True,0,False,1,"{""agent-system"": 0.970518}",2,"{""agent-network"": ""capability_missing"", ""agent-security"": ""capability_missing""}",0,
multisource_cnp_20260910T095810Z,syslog,131,af0587c535034eb7bc4dd6ba37d46fa3,ecfecd214f1b4052b468e6f300932e8f,agent-system,e2e_lightweight_candidate_rule_v1,models/isolation_forest_linux_colab.joblib,linux,ok,0.01928,True,True,True,True,0,False,1,"{""agent-system"": 0.970533}",2,"{""agent-network"": ""capability_missing"", ""agent-security"": ""capability_missing""}",0,
multisource_cnp_20260910T095810Z,syslog,132,2aa4800cbf5d4ffc94c46a8e7fb88b2f,c68318c041144c0fa2fd13e6cda8a3e8,agent-system,e2e_lightweight_candidate_rule_v1,models/isolation_forest_linux_colab.joblib,linux,ok,0.021738,True,True,True,True,0,False,1,"{""agent-system"": 0.970544}",2,"{""agent-network"": ""capability_missing"", ""agent-security"": ""capability_missing""}",0,
multisource_cnp_20260910T095810Z,syslog,133,b3f60573f0654d5ebf5e295d558fefa2,0e00040061cd404592bc7b8b52cee2d1,agent-system,e2e_lightweight_candidate_rule_v1,models/isolation_forest_linux_colab.joblib,linux,ok,0.016601,True,True,True,True,0,False,1,"{""agent-system"": 0.970553}",2,"{""agent-network"": ""capability_missing"", ""agent-security"": ""capability_missing""}",0,
multisource_cnp_20260910T095810Z,syslog,134,38ef4cfca49c4d0e98870fc5a164822f,aa78d65e0e014450951e4cb3cd365b61,agent-system,e2e_lightweight_candidate_rule_v1,models/isolation_forest_linux_colab.joblib,linux,ok,0.019279,True,True,True,True,0,False,1,"{""agent-system"": 0.970566}",2,"{""agent-network"": ""capability_missing"", ""agent-security"": ""capability_missing""}",0,
multisource_cnp_20260910T095810Z,syslog,135,df2f2c6f0a974e84a2be5611c7470ef8,e4883a23536041ad9bed4871666300b9,agent-system,e2e_lightweight_candidate_rule_v1,models/isolation_forest_linux_colab.joblib,linux,ok,0.015669,True,True,True,True,0,False,1,"{""agent-system"": 0.970576}",2,"{""agent-network"": ""capability_missing"", ""agent-security"": ""capability_missing""}",0,
multisource_cnp_20260910T095810Z,syslog,136,ac287df1264f402ebfbfaf003c8dcf6e,151f530c2cd242e79baeaf15d92c4f13,agent-system,e2e_lightweight_candidate_rule_v1,models/isolation_forest_linux_colab.joblib,linux,ok,0.015048,True,True,True,True,0,False,1,"{""agent-system"": 0.970589}",2,"{""agent-network"": ""capability_missing"", ""agent-security"": ""capability_missing""}",0,
multisource_cnp_20260910T095810Z,syslog,137,fad74010f38c45eb95b2f5f7ad1dc344,62d4f5d657fa4802b09666d4eac60bf5,agent-system,e2e_lightweight_candidate_rule_v1,models/isolation_forest_linux_colab.joblib,linux,ok,0.016434,True,True,True,True,0,False,1,"{""agent-system"": 0.970601}",2,"{""agent-network"": ""capability_missing"", ""agent-security"": ""capability_missing""}",0,
multisource_cnp_20260910T095810Z,syslog,138,909922d1da02426bb314297619001068,b181cfd7c928485da511cb66a9617022,agent-system,e2e_lightweight_candidate_rule_v1,models/isolation_forest_linux_colab.joblib,linux,ok,0.017475,True,True,True,True,0,False,1,"{""agent-system"": 0.970613}",2,"{""agent-network"": ""capability_missing"", ""agent-security"": ""capability_missing""}",0,
multisource_cnp_20260910T095810Z,syslog,139,db63c67c92fb480098171e699bf83f90,c389a64b3b904a9699788cfcd1f7d216,agent-system,e2e_lightweight_candidate_rule_v1,models/isolation_forest_linux_colab.joblib,linux,ok,0.017796,True,True,True,True,0,False,1,"{""agent-system"": 0.970621}",2,"{""agent-network"": ""capability_missing"", ""agent-security"": ""capability_missing""}",0,
multisource_cnp_20260910T095810Z,syslog,140,22e0d41663d24824bb183d371ab1f2d6,1b552f1ebd0840e584503892fa0e7064,agent-system,e2e_lightweight_candidate_rule_v1,models/isolation_forest_linux_colab.joblib,linux,ok,0.018268,True,True,True,True,0,False,1,"{""agent-system"": 0.97063}",2,"{""agent-network"": ""capability_missing"", ""agent-security"": ""capability_missing""}",0,
multisource_cnp_20260910T095810Z,syslog,141,96e1258a18ff46febb223a7ac56bdbaf,53e9bcf8a31b4edfafbf50f95c313e03,agent-system,e2e_lightweight_candidate_rule_v1,models/isolation_forest_linux_colab.joblib,linux,ok,0.017981,True,True,True,True,0,False,1,"{""agent-system"": 0.970638}",2,"{""agent-network"": ""capability_missing"", ""agent-security"": ""capability_missing""}",0,
multisource_cnp_20260910T095810Z,syslog,142,feae478579e24ddfbe669f7f7bc8b5c0,a6c07d77afde490ca319854858be37c3,agent-system,e2e_lightweight_candidate_rule_v1,models/isolation_forest_linux_colab.joblib,linux,ok,0.016846,True,True,True,True,0,False,1,"{""agent-system"": 0.970646}",2,"{""agent-network"": ""capability_missing"", ""agent-security"": ""capability_missing""}",0,
multisource_cnp_20260910T095810Z,syslog,143,ed09cb7ccc754e789acc19c1d1093452,babd06855aa74a5cbdd167ee76da3bd8,agent-system,e2e_lightweight_candidate_rule_v1,models/isolation_forest_linux_colab.joblib,linux,ok,0.014703,True,True,True,True,0,False,1,"{""agent-system"": 0.970656}",2,"{""agent-network"": ""capability_missing"", ""agent-security"": ""capability_missing""}",0,
multisource_cnp_20260910T095810Z,syslog,144,9375c823f5d44b6c9a7724e99213c290,9f80c5c265314c22a453ab6fc0672507,agent-system,e2e_lightweight_candidate_rule_v1,models/isolation_forest_linux_colab.joblib,linux,ok,0.014619,True,True,True,True,0,False,1,"{""agent-system"": 0.970674}",2,"{""agent-network"": ""capability_missing"", ""agent-security"": ""capability_missing""}",0,
multisource_cnp_20260910T095810Z,syslog,145,2c619894b7d740ea8fc3c6d3c7225d05,ea2d1ef551084cfb9daa53f061b3ab2c,agent-system,e2e_lightweight_candidate_rule_v1,models/isolation_forest_linux_colab.joblib,linux,ok,0.012838,True,True,True,True,0,False,1,"{""agent-system"": 0.970687}",2,"{""agent-network"": ""capability_missing"", ""agent-security"": ""capability_missing""}",0,
multisource_cnp_20260910T095810Z,syslog,146,65905c1e1c6d4cbdb5903df35b19847e,17b2600b9f6b41a3a1226e42824a890c,agent-system,e2e_lightweight_candidate_rule_v1,models/isolation_forest_linux_colab.joblib,linux,ok,0.014066,True,True,True,True,0,False,1,"{""agent-system"": 0.970699}",2,"{""agent-network"": ""capability_missing"", ""agent-security"": ""capability_missing""}",0,
multisource_cnp_20260910T095810Z,syslog,147,e88cdac8799e407b81edbe2bcfc13d94,93a26909426d4c25bcc51acc3cb98521,agent-system,e2e_lightweight_candidate_rule_v1,models/isolation_forest_linux_colab.joblib,linux,ok,0.014401,True,True,True,True,0,False,1,"{""agent-system"": 0.970711}",2,"{""agent-network"": ""capability_missing"", ""agent-security"": ""capability_missing""}",0,
multisource_cnp_20260910T095810Z,syslog,148,82884a436206419394e874f177054b1b,ffaf36593bc4441f8369f1c54cdd0b9c,agent-system,e2e_lightweight_candidate_rule_v1,models/isolation_forest_linux_colab.joblib,linux,ok,0.016925,True,True,True,True,0,False,1,"{""agent-system"": 0.970719}",2,"{""agent-network"": ""capability_missing"", ""agent-security"": ""capability_missing""}",0,
multisource_cnp_20260910T095810Z,syslog,149,8dd838e4da7149c6993f92f63ef91232,d294045b2ece4a0dada8c39f495f681c,agent-system,e2e_lightweight_candidate_rule_v1,models/isolation_forest_linux_colab.joblib,linux,ok,0.015623,True,True,True,True,0,False,1,"{""agent-system"": 0.970727}",2,"{""agent-network"": ""capability_missing"", ""agent-security"": ""capability_missing""}",0,
multisource_cnp_20260910T095810Z,syslog,150,7b7520a04a114d3c931c2b7c368343ed,b51a3ae368cc4fb1a19b5b9f8a52370a,agent-system,e2e_lightweight_candidate_rule_v1,models/isolation_forest_linux_colab.joblib,linux,ok,0.015457,True,True,True,True,0,False,1,"{""agent-system"": 0.970736}",2,"{""agent-network"": ""capability_missing"", ""agent-security"": ""capability_missing""}",0,
multisource_cnp_20260910T095810Z,syslog,151,ada2f295572644128cbd78e1a721e685,173a6f0406354e9984a3f195d4fe95a0,agent-system,e2e_lightweight_candidate_rule_v1,models/isolation_forest_linux_colab.joblib,linux,ok,0.015306,True,True,True,True,0,False,1,"{""agent-system"": 0.970745}",2,"{""agent-network"": ""capability_missing"", ""agent-security"": ""capability_missing""}",0,
multisource_cnp_20260910T095810Z,syslog,152,78b489904d5048eaa58da2d103280d70,9d46948888fa4f56902c2418752aa134,agent-system,e2e_lightweight_candidate_rule_v1,models/isolation_forest_linux_colab.joblib,linux,ok,0.015885,True,True,True,True,0,False,1,"{""agent-system"": 0.970757}",2,"{""agent-network"": ""capability_missing"", ""agent-security"": ""capability_missing""}",0,
multisource_cnp_20260910T095810Z,syslog,153,69dbe762f5a249c4a41cebd8331bae84,95b3219d21f746daa82719f532ae0c5c,agent-system,e2e_lightweight_candidate_rule_v1,models/isolation_forest_linux_colab.joblib,linux,ok,0.014049,True,True,True,True,0,False,1,"{""agent-system"": 0.970765}",2,"{""agent-network"": ""capability_missing"", ""agent-security"": ""capability_missing""}",0,
multisource_cnp_20260910T095810Z,syslog,154,dedb4d3814874b62948fc599f0fd5ac3,5746b7fbc03a4f9a8f049cc8dc86a66a,agent-system,e2e_lightweight_candidate_rule_v1,models/isolation_forest_linux_colab.joblib,linux,ok,0.013768,True,True,True,True,0,False,1,"{""agent-system"": 0.970777}",2,"{""agent-network"": ""capability_missing"", ""agent-security"": ""capability_missing""}",0,
multisource_cnp_20260910T095810Z,syslog,155,19434df02d7e432d966ada5dced07848,0ebc1fc42c5c46049f537f3e6f589991,agent-system,e2e_lightweight_candidate_rule_v1,models/isolation_forest_linux_colab.joblib,linux,ok,0.0212,True,True,True,True,0,False,1,"{""agent-system"": 0.970788}",2,"{""agent-network"": ""capability_missing"", ""agent-security"": ""capability_missing""}",0,
multisource_cnp_20260910T095810Z,syslog,156,f2dde7d1afc34c54807d078c2011bb14,95fd2961ddfe4615a1071afbbbc5e081,agent-system,e2e_lightweight_candidate_rule_v1,models/isolation_forest_linux_colab.joblib,linux,ok,0.015242,True,True,True,True,0,False,1,"{""agent-system"": 0.970793}",2,"{""agent-network"": ""capability_missing"", ""agent-security"": ""capability_missing""}",0,
multisource_cnp_20260910T095810Z,syslog,157,36c0948a53a647dab8e8d4f36490b98c,c323de60cc6a40fbb11f7c894d70f6f1,agent-system,e2e_lightweight_candidate_rule_v1,models/isolation_forest_linux_colab.joblib,linux,ok,0.015838,True,True,True,True,0,False,1,"{""agent-system"": 0.970804}",2,"{""agent-network"": ""capability_missing"", ""agent-security"": ""capability_missing""}",0,
multisource_cnp_20260910T095810Z,syslog,158,131a2d8369c04652be0f79ece58945aa,d2a95f5d618f49cf83939cf2472d1565,agent-system,e2e_lightweight_candidate_rule_v1,models/isolation_forest_linux_colab.joblib,linux,ok,0.106774,True,True,True,True,0,False,1,"{""agent-system"": 0.970825}",2,"{""agent-network"": ""capability_missing"", ""agent-security"": ""capability_missing""}",0,
multisource_cnp_20260910T095810Z,syslog,159,d7e477caeaf3438ba93a2780f25c4d02,cce8a0b761064865bc341b68f03f1d03,agent-system,e2e_lightweight_candidate_rule_v1,models/isolation_forest_linux_colab.joblib,linux,ok,0.066077,True,True,True,True,0,False,1,"{""agent-system"": 0.970759}",2,"{""agent-network"": ""capability_missing"", ""agent-security"": ""capability_missing""}",0,
multisource_cnp_20260910T095810Z,syslog,160,8e74452181a1423185400f03607376d2,7bae8832f231488583004f01d04d9079,agent-system,e2e_lightweight_candidate_rule_v1,models/isolation_forest_linux_colab.joblib,linux,ok,0.034886,True,True,True,True,0,False,1,"{""agent-system"": 0.970729}",2,"{""agent-network"": ""capability_missing"", ""agent-security"": ""capability_missing""}",0,
multisource_cnp_20260910T095810Z,syslog,161,d90b0419e57144d88605a5fc39c9c04d,0806274397764fad9aadd7b6a6f143df,agent-system,e2e_lightweight_candidate_rule_v1,models/isolation_forest_linux_colab.joblib,linux,ok,0.024518,True,True,True,True,0,False,1,"{""agent-system"": 0.970728}",2,"{""agent-network"": ""capability_missing"", ""agent-security"": ""capability_missing""}",0,
multisource_cnp_20260910T095810Z,syslog,162,a63ae17d3d1e465bbad5fd21eb5ad090,254b36c5b89c4f46b2636d4afa4e1f65,agent-system,e2e_lightweight_candidate_rule_v1,models/isolation_forest_linux_colab.joblib,linux,ok,0.019465,True,True,True,True,0,False,1,"{""agent-system"": 0.970731}",2,"{""agent-network"": ""capability_missing"", ""agent-security"": ""capability_missing""}",0,
multisource_cnp_20260910T095810Z,syslog,163,4ebea92a23cd4290b7c6334504cbdf79,63352aade1aa4260b01c969d74ec440b,agent-system,e2e_lightweight_candidate_rule_v1,models/isolation_forest_linux_colab.joblib,linux,ok,0.019251,True,True,True,True,0,False,1,"{""agent-system"": 0.97074}",2,"{""agent-network"": ""capability_missing"", ""agent-security"": ""capability_missing""}",0,
multisource_cnp_20260910T095810Z,syslog,164,446e5f6e82ad4c05ac2e1c059a45abde,3c4f1906864042529ff7f7703b289fad,agent-system,e2e_lightweight_candidate_rule_v1,models/isolation_forest_linux_colab.joblib,linux,ok,0.018551,True,True,True,True,0,False,1,"{""agent-system"": 0.970753}",2,"{""agent-network"": ""capability_missing"", ""agent-security"": ""capability_missing""}",0,
multisource_cnp_20260910T095810Z,syslog,165,317e166074274ea7b3635be26827f90a,e9f2a647c9fd419a81a7cc061d0e36a0,agent-system,e2e_lightweight_candidate_rule_v1,models/isolation_forest_linux_colab.joblib,linux,ok,0.017078,True,True,True,True,0,False,1,"{""agent-system"": 0.970764}",2,"{""agent-network"": ""capability_missing"", ""agent-security"": ""capability_missing""}",0,
multisource_cnp_20260910T095810Z,syslog,166,61ea61e508da432db53faa90229af440,8cff1bd3c74246d99c881b7eb9299b46,agent-system,e2e_lightweight_candidate_rule_v1,models/isolation_forest_linux_colab.joblib,linux,ok,0.017218,True,True,True,True,0,False,1,"{""agent-system"": 0.970876}",2,"{""agent-network"": ""capability_missing"", ""agent-security"": ""capability_missing""}",0,
multisource_cnp_20260910T095810Z,syslog,167,5b5b0998f4e94b47a548def90edf9002,fae9060513f74ae887de771f6f06eada,agent-system,e2e_lightweight_candidate_rule_v1,models/isolation_forest_linux_colab.joblib,linux,ok,0.014225,True,True,True,True,0,False,1,"{""agent-system"": 0.970883}",2,"{""agent-network"": ""capability_missing"", ""agent-security"": ""capability_missing""}",0,
multisource_cnp_20260910T095810Z,syslog,168,ad5133522f004584b5e9e70e39b5f456,74995e16485d4642b0f5db07f820319b,agent-system,e2e_lightweight_candidate_rule_v1,models/isolation_forest_linux_colab.joblib,linux,ok,0.015756,True,True,True,True,0,False,1,"{""agent-system"": 0.970891}",2,"{""agent-network"": ""capability_missing"", ""agent-security"": ""capability_missing""}",0,
multisource_cnp_20260910T095810Z,syslog,169,96757c9c5829497796d7b05d35f18252,76e432cbd7854b3fa000522b0c7b71ec,agent-system,e2e_lightweight_candidate_rule_v1,models/isolation_forest_linux_colab.joblib,linux,ok,0.015622,True,True,True,True,0,False,1,"{""agent-system"": 0.970898}",2,"{""agent-network"": ""capability_missing"", ""agent-security"": ""capability_missing""}",0,
multisource_cnp_20260910T095810Z,syslog,170,3bbaf3703fd54539886dfb57fe9f1b62,aaa71e9a2a514b8ca29bb354208b3d6f,agent-system,e2e_lightweight_candidate_rule_v1,models/isolation_forest_linux_colab.joblib,linux,ok,0.017468,True,True,True,True,0,False,1,"{""agent-system"": 0.970905}",2,"{""agent-network"": ""capability_missing"", ""agent-security"": ""capability_missing""}",0,
multisource_cnp_20260910T095810Z,syslog,171,5fac9d912b5b497b86a883cbb2b7f8ce,9d9a884eb401448e8c5cf755985877fa,agent-system,e2e_lightweight_candidate_rule_v1,models/isolation_forest_linux_colab.joblib,linux,ok,0.016872,True,True,True,True,0,False,1,"{""agent-system"": 0.970911}",2,"{""agent-network"": ""capability_missing"", ""agent-security"": ""capability_missing""}",0,
multisource_cnp_20260910T095810Z,syslog,172,479c22f2e48243d49cc396ff69c86e93,129e055bcd6045ca92bff30e1c6b946d,agent-system,e2e_lightweight_candidate_rule_v1,models/isolation_forest_linux_colab.joblib,linux,ok,0.0153,True,True,True,True,0,False,1,"{""agent-system"": 0.970917}",2,"{""agent-network"": ""capability_missing"", ""agent-security"": ""capability_missing""}",0,
multisource_cnp_20260910T095810Z,syslog,173,3fbc56410c2645dc8d2267782fbd3f32,186da037edd241eea340eb72faf58bbe,agent-system,e2e_lightweight_candidate_rule_v1,models/isolation_forest_linux_colab.joblib,linux,ok,0.014396,True,True,True,True,0,False,1,"{""agent-system"": 0.970927}",2,"{""agent-network"": ""capability_missing"", ""agent-security"": ""capability_missing""}",0,
multisource_cnp_20260910T095810Z,syslog,174,d574055d153c41d4bdd8cd54112c89d4,61fa6dfe3b9a4d6cae6b93c6a3d993eb,agent-system,e2e_lightweight_candidate_rule_v1,models/isolation_forest_linux_colab.joblib,linux,ok,0.018347,True,True,True,True,0,False,1,"{""agent-system"": 0.970938}",2,"{""agent-network"": ""capability_missing"", ""agent-security"": ""capability_missing""}",0,
multisource_cnp_20260910T095810Z,syslog,175,fd4964f0dd7748b3a4d4ca5dd18a1504,de97e49959244bd99d885fad0148b2ab,agent-system,e2e_lightweight_candidate_rule_v1,models/isolation_forest_linux_colab.joblib,linux,ok,0.016833,True,True,True,True,0,False,1,"{""agent-system"": 0.970944}",2,"{""agent-network"": ""capability_missing"", ""agent-security"": ""capability_missing""}",0,
multisource_cnp_20260910T095810Z,syslog,176,9b86d75a4b9a4f83a734ec3bd77ddd47,cea20a89234c4d0f944e76575cd7b50c,agent-system,e2e_lightweight_candidate_rule_v1,models/isolation_forest_linux_colab.joblib,linux,ok,0.016768,True,True,True,True,0,False,1,"{""agent-system"": 0.97095}",2,"{""agent-network"": ""capability_missing"", ""agent-security"": ""capability_missing""}",0,
multisource_cnp_20260910T095810Z,syslog,177,75ca58e2c1a746bba41e924ac97e2485,b3d34700af574b08b00d8cf43691e5ad,agent-system,e2e_lightweight_candidate_rule_v1,models/isolation_forest_linux_colab.joblib,linux,ok,0.014448,True,True,True,True,0,False,1,"{""agent-system"": 0.970955}",2,"{""agent-network"": ""capability_missing"", ""agent-security"": ""capability_missing""}",0,
multisource_cnp_20260910T095810Z,syslog,178,4cf2957bac324aaaadfa7af1b39aaedd,735f8dc2ad7c40b1bd9fc0d74b6a6130,agent-system,e2e_lightweight_candidate_rule_v1,models/isolation_forest_linux_colab.joblib,linux,ok,0.016681,True,True,True,True,0,False,1,"{""agent-system"": 0.970963}",2,"{""agent-network"": ""capability_missing"", ""agent-security"": ""capability_missing""}",0,
multisource_cnp_20260910T095810Z,syslog,179,a2186867184a4f01b4b161441b21207c,551304c5bbbf47688c5b34f5a5539520,agent-system,e2e_lightweight_candidate_rule_v1,models/isolation_forest_linux_colab.joblib,linux,ok,0.014341,True,True,True,True,0,False,1,"{""agent-system"": 0.970971}",2,"{""agent-network"": ""capability_missing"", ""agent-security"": ""capability_missing""}",0,
multisource_cnp_20260910T095810Z,syslog,180,93e3da67a5f3491e885235709c06d064,158f1424b80041079eb995be42728a13,agent-system,e2e_lightweight_candidate_rule_v1,models/isolation_forest_linux_colab.joblib,linux,ok,0.013601,True,True,True,True,0,False,1,"{""agent-system"": 0.97098}",2,"{""agent-network"": ""capability_missing"", ""agent-security"": ""capability_missing""}",0,
multisource_cnp_20260910T095810Z,syslog,181,ebc9bfcf1a934d5a924bc0b08dd9d013,df15ac8b7ab84daabdc88d60d721ceca,agent-system,e2e_lightweight_candidate_rule_v1,models/isolation_forest_linux_colab.joblib,linux,ok,0.016814,True,True,True,True,0,False,1,"{""agent-system"": 0.97099}",2,"{""agent-network"": ""capability_missing"", ""agent-security"": ""capability_missing""}",0,
multisource_cnp_20260910T095810Z,syslog,182,8f5431851df24ab88a2420f77241c5bd,f295f8775b7a4d5cb20eb02b0dea37d3,agent-system,e2e_lightweight_candidate_rule_v1,models/isolation_forest_linux_colab.joblib,linux,ok,0.014012,True,True,True,True,0,False,1,"{""agent-system"": 0.970999}",2,"{""agent-network"": ""capability_missing"", ""agent-security"": ""capability_missing""}",0,
multisource_cnp_20260910T095810Z,syslog,183,05b3967fc01b4fd8a89b4bbd6661c141,8aff0269f3384231966ecba2b50b0599,agent-system,e2e_lightweight_candidate_rule_v1,models/isolation_forest_linux_colab.joblib,linux,ok,0.018105,True,True,True,True,0,False,1,"{""agent-system"": 0.971012}",2,"{""agent-network"": ""capability_missing"", ""agent-security"": ""capability_missing""}",0,
multisource_cnp_20260910T095810Z,syslog,184,5ef96839bc854209810ea58a3ae364a7,7c81ff6696bb455bbbf7889abebe32c6,agent-system,e2e_lightweight_candidate_rule_v1,models/isolation_forest_linux_colab.joblib,linux,ok,0.021195,True,True,True,True,0,False,1,"{""agent-system"": 0.971016}",2,"{""agent-network"": ""capability_missing"", ""agent-security"": ""capability_missing""}",0,
multisource_cnp_20260910T095810Z,syslog,185,c9f018494cac4a3099fa0ab93f3f35fe,08482174f020480186fd10653966fee9,agent-system,e2e_lightweight_candidate_rule_v1,models/isolation_forest_linux_colab.joblib,linux,ok,0.012804,True,True,True,True,0,False,1,"{""agent-system"": 0.971021}",2,"{""agent-network"": ""capability_missing"", ""agent-security"": ""capability_missing""}",0,
multisource_cnp_20260910T095810Z,syslog,186,6df8a2f44fec4a78a32a616049e5df50,0a801fc1f9234aaea8876fafda507393,agent-system,e2e_lightweight_candidate_rule_v1,models/isolation_forest_linux_colab.joblib,linux,ok,0.014979,True,True,True,True,0,False,1,"{""agent-system"": 0.97103}",2,"{""agent-network"": ""capability_missing"", ""agent-security"": ""capability_missing""}",0,
multisource_cnp_20260910T095810Z,syslog,187,b412b23a44004d4b8c575a3f609aff30,581bb0e3aea4496d85f5da1e68c2881b,agent-system,e2e_lightweight_candidate_rule_v1,models/isolation_forest_linux_colab.joblib,linux,ok,0.018492,True,True,True,True,0,False,1,"{""agent-system"": 0.971036}",2,"{""agent-network"": ""capability_missing"", ""agent-security"": ""capability_missing""}",0,
multisource_cnp_20260910T095810Z,syslog,188,a0ffe6674f8040ad8c59adfa5d905a6f,d04ef40eb6fa4a4399acccea3fd03a96,agent-system,e2e_lightweight_candidate_rule_v1,models/isolation_forest_linux_colab.joblib,linux,ok,0.013907,True,True,True,True,0,False,1,"{""agent-system"": 0.971039}",2,"{""agent-network"": ""capability_missing"", ""agent-security"": ""capability_missing""}",0,
multisource_cnp_20260910T095810Z,syslog,189,1672340ca57d48538bc3b8d5ace54241,ed8ee85b8e414f8abf433cf7773b64a5,agent-system,e2e_lightweight_candidate_rule_v1,models/isolation_forest_linux_colab.joblib,linux,ok,0.014623,True,True,True,True,0,False,1,"{""agent-system"": 0.971048}",2,"{""agent-network"": ""capability_missing"", ""agent-security"": ""capability_missing""}",0,
multisource_cnp_20260910T095810Z,syslog,190,09c6234223b0472e883d76c13b9fa8d3,0491a3a307ea4065b320c89da2d0bbc9,agent-system,e2e_lightweight_candidate_rule_v1,models/isolation_forest_linux_colab.joblib,linux,ok,0.014624,True,True,True,True,0,False,1,"{""agent-system"": 0.971056}",2,"{""agent-network"": ""capability_missing"", ""agent-security"": ""capability_missing""}",0,
multisource_cnp_20260910T095810Z,syslog,191,6659262d9a9644259a40d9bfc67ec4c3,484f59ee278b4deb846f0403a7c04eee,agent-system,e2e_lightweight_candidate_rule_v1,models/isolation_forest_linux_colab.joblib,linux,ok,0.015037,True,True,True,True,0,False,1,"{""agent-system"": 0.971064}",2,"{""agent-network"": ""capability_missing"", ""agent-security"": ""capability_missing""}",0,
multisource_cnp_20260910T095810Z,syslog,192,94145944736a42748cf8cffd7851423e,6deec7ad6f684c12b243a9a121eeae9b,agent-system,e2e_lightweight_candidate_rule_v1,models/isolation_forest_linux_colab.joblib,linux,ok,0.014344,True,True,True,True,0,False,1,"{""agent-system"": 0.971072}",2,"{""agent-network"": ""capability_missing"", ""agent-security"": ""capability_missing""}",0,
multisource_cnp_20260910T095810Z,syslog,193,c8fcb4baf3114ba9b35c18c65a0e42e7,812774f14bfd4124bd5c159143a517db,agent-system,e2e_lightweight_candidate_rule_v1,models/isolation_forest_linux_colab.joblib,linux,ok,0.017272,True,True,True,True,0,False,1,"{""agent-system"": 0.97108}",2,"{""agent-network"": ""capability_missing"", ""agent-security"": ""capability_missing""}",0,
multisource_cnp_20260910T095810Z,syslog,194,b0864d8fdf9d4a808deada57aabb8087,439fac0ab4d2462f8a2014862707e568,agent-system,e2e_lightweight_candidate_rule_v1,models/isolation_forest_linux_colab.joblib,linux,ok,0.018673,True,True,True,True,0,False,1,"{""agent-system"": 0.971083}",2,"{""agent-network"": ""capability_missing"", ""agent-security"": ""capability_missing""}",0,
multisource_cnp_20260910T095810Z,syslog,195,c167c645571a4d70a620e3a6f054d9b4,c891bb2ab0f4486e91c0915a71e5fc39,agent-system,e2e_lightweight_candidate_rule_v1,models/isolation_forest_linux_colab.joblib,linux,ok,0.068934,True,True,True,True,0,False,1,"{""agent-system"": 0.971085}",2,"{""agent-network"": ""capability_missing"", ""agent-security"": ""capability_missing""}",0,
multisource_cnp_20260910T095810Z,syslog,196,f2ef6d663c5a4e69a2958f8b9fefaf1d,68ce8c2d9d6e4b9f8d3b9fda84f21f49,agent-system,e2e_lightweight_candidate_rule_v1,models/isolation_forest_linux_colab.joblib,linux,ok,0.038258,True,True,True,True,0,False,1,"{""agent-system"": 0.971038}",2,"{""agent-network"": ""capability_missing"", ""agent-security"": ""capability_missing""}",0,
multisource_cnp_20260910T095810Z,syslog,197,ff50638d55fa4c07b907c14e8556452e,bde159059f1e4591a066f13e6b9f56ab,agent-system,e2e_lightweight_candidate_rule_v1,models/isolation_forest_linux_colab.joblib,linux,ok,0.049205,True,True,True,True,0,False,1,"{""agent-system"": 0.971021}",2,"{""agent-network"": ""capability_missing"", ""agent-security"": ""capability_missing""}",0,
multisource_cnp_20260910T095810Z,syslog,198,22bcb1ce3a524c7fbcd9b43c6675da67,dfea7bb8e2414385a94062f1d71c98f6,agent-system,e2e_lightweight_candidate_rule_v1,models/isolation_forest_linux_colab.joblib,linux,ok,0.050293,True,True,True,True,0,False,1,"{""agent-system"": 0.970994}",2,"{""agent-network"": ""capability_missing"", ""agent-security"": ""capability_missing""}",0,
multisource_cnp_20260910T095810Z,syslog,199,db2cea9f732a4f2282cbf8af8ca2566a,f0b4a5a316424c06a86630ad39657e6f,agent-system,e2e_lightweight_candidate_rule_v1,models/isolation_forest_linux_colab.joblib,linux,ok,0.045604,True,True,True,True,0,False,1,"{""agent-system"": 0.970969}",2,"{""agent-network"": ""capability_missing"", ""agent-security"": ""capability_missing""}",0,
multisource_cnp_20260910T095810Z,syslog,200,493d8b95bbe44fce93ba903217884c9d,01d867471cc24c7cad021a089788c3e1,agent-system,e2e_lightweight_candidate_rule_v1,models/isolation_forest_linux_colab.joblib,linux,ok,0.027243,True,True,True,True,0,False,1,"{""agent-system"": 0.970948}",2,"{""agent-network"": ""capability_missing"", ""agent-security"": ""capability_missing""}",0,
multisource_cnp_20260910T095810Z,apache,1,2899c554139747c3afc0965f1d429af3,80095909a3b1403d9c141f19824a1bce,agent-network,e2e_lightweight_candidate_rule_v1,models/isolation_forest_fallback_colab.joblib,fallback,ok,0.020198,True,True,True,True,0,True,1,"{""agent-network"": 0.845}",2,"{""agent-security"": ""capability_missing"", ""agent-system"": ""capability_missing""}",0,
multisource_cnp_20260910T095810Z,hdfs,1,5c000f41bd5b41698c4ae79244943b24,6a44244c045947878d1deeb839a56527,agent-system,e2e_lightweight_candidate_rule_v1,models/isolation_forest_hdfs_colab.joblib,hdfs,ok,0.036584,True,True,True,True,0,False,1,"{""agent-system"": 0.869}",2,"{""agent-network"": ""capability_missing"", ""agent-security"": ""capability_missing""}",0,
multisource_cnp_20260910T095810Z,hdfs,2,85eeb2638dc64d0dbe44e777fe2a434e,d2157d7cfcfe40a6a2341c2dd1e6028a,agent-system,e2e_lightweight_candidate_rule_v1,models/isolation_forest_hdfs_colab.joblib,hdfs,ok,0.033267,True,True,True,True,0,False,1,"{""agent-system"": 0.925638}",2,"{""agent-network"": ""capability_missing"", ""agent-security"": ""capability_missing""}",0,
multisource_cnp_20260910T095810Z,hdfs,3,bf9f08d099a64083ad94b1e0f9336235,729a9572904345e0af72596d7f225df5,agent-system,e2e_lightweight_candidate_rule_v1,models/isolation_forest_hdfs_colab.joblib,hdfs,ok,0.031664,True,True,True,True,0,False,1,"{""agent-system"": 0.942368}",2,"{""agent-network"": ""capability_missing"", ""agent-security"": ""capability_missing""}",0,
multisource_cnp_20260910T095810Z,hdfs,4,ab9db4f1ee3e4947acdd027a5f1c0259,aa31fe01604046ba9b7d0454b2361f2f,agent-system,e2e_lightweight_candidate_rule_v1,models/isolation_forest_hdfs_colab.joblib,hdfs,ok,0.032845,True,True,True,True,0,False,1,"{""agent-system"": 0.952419}",2,"{""agent-network"": ""capability_missing"", ""agent-security"": ""capability_missing""}",0,
multisource_cnp_20260910T095810Z,hdfs,5,ddebb164ddce4859b7c862c104767046,384d6c009be84d11a3f4c2b2d329a573,agent-system,e2e_lightweight_candidate_rule_v1,models/isolation_forest_hdfs_colab.joblib,hdfs,ok,0.031733,True,True,True,True,0,False,1,"{""agent-system"": 0.959097}",2,"{""agent-network"": ""capability_missing"", ""agent-security"": ""capability_missing""}",0,
multisource_cnp_20260910T095810Z,hdfs,6,d6dea833074841cfa975f88b8f101b39,e7b6144ba7fc4f78858eb56bba6cb153,agent-system,e2e_lightweight_candidate_rule_v1,models/isolation_forest_hdfs_colab.joblib,hdfs,ok,0.040294,True,True,True,True,0,False,1,"{""agent-system"": 0.963877}",2,"{""agent-network"": ""capability_missing"", ""agent-security"": ""capability_missing""}",0,
multisource_cnp_20260910T095810Z,hdfs,7,077d4e05e31d470694fff0eb2aaa9feb,bd05432e12354aa289ceefc184d64fde,agent-system,e2e_lightweight_candidate_rule_v1,models/isolation_forest_hdfs_colab.joblib,hdfs,ok,0.065706,True,True,True,True,0,False,1,"{""agent-system"": 0.967393}",2,"{""agent-network"": ""capability_missing"", ""agent-security"": ""capability_missing""}",0,
multisource_cnp_20260910T095810Z,hdfs,8,dd0b774e8a5a48369f4744b942a1d75b,0361741db3a64e6fb0caf3b911e40d97,agent-system,e2e_lightweight_candidate_rule_v1,models/isolation_forest_hdfs_colab.joblib,hdfs,ok,0.051064,True,True,True,True,0,False,1,"{""agent-system"": 0.969964}",2,"{""agent-network"": ""capability_missing"", ""agent-security"": ""capability_missing""}",0,
multisource_cnp_20260910T095810Z,hdfs,9,babbc6adf02344ec9b534f718b6c6b8b,a75401b8b14a46cdade7180b97fa406c,agent-system,e2e_lightweight_candidate_rule_v1,models/isolation_forest_hdfs_colab.joblib,hdfs,ok,0.054617,True,True,True,True,0,False,1,"{""agent-system"": 0.972117}",2,"{""agent-network"": ""capability_missing"", ""agent-security"": ""capability_missing""}",0,
multisource_cnp_20260910T095810Z,hdfs,10,08e8e4adec2e4067b09e2de1005c2ead,d7dc6ce6c2b54e24829dcd6e70d2820a,agent-system,e2e_lightweight_candidate_rule_v1,models/isolation_forest_hdfs_colab.joblib,hdfs,ok,0.053105,True,True,True,True,0,False,1,"{""agent-system"": 0.973866}",2,"{""agent-network"": ""capability_missing"", ""agent-security"": ""capability_missing""}",0,
multisource_cnp_20260910T095810Z,hdfs,11,dfefeb56ba9049e1b825f8f99b9eeb8d,c4d8490d6ae743f29357cfb68447236e,agent-system,e2e_lightweight_candidate_rule_v1,models/isolation_forest_hdfs_colab.joblib,hdfs,ok,0.051707,True,True,True,True,0,False,1,"{""agent-system"": 0.975332}",2,"{""agent-network"": ""capability_missing"", ""agent-security"": ""capability_missing""}",0,
multisource_cnp_20260910T095810Z,hdfs,12,184e258dc6924ac2896c9b9795cf05b4,6d4afffd7ca548d48dc099d0ab330360,agent-system,e2e_lightweight_candidate_rule_v1,models/isolation_forest_hdfs_colab.joblib,hdfs,ok,0.039751,True,True,True,True,0,False,1,"{""agent-system"": 0.976579}",2,"{""agent-network"": ""capability_missing"", ""agent-security"": ""capability_missing""}",0,
multisource_cnp_20260910T095810Z,hdfs,13,6ecaf73bf91e42cbb7d4220e1226ca0a,d9934a382bb348f7a472102168a7e9b8,agent-system,e2e_lightweight_candidate_rule_v1,models/isolation_forest_hdfs_colab.joblib,hdfs,ok,0.045209,True,True,True,True,0,False,1,"{""agent-system"": 0.977693}",2,"{""agent-network"": ""capability_missing"", ""agent-security"": ""capability_missing""}",0,
multisource_cnp_20260910T095810Z,hdfs,14,7cbb068d0f6e4ee7a8c5ca65ce5b1c18,8e1fc645372a4b7b8f27a7aaa51d8941,agent-system,e2e_lightweight_candidate_rule_v1,models/isolation_forest_hdfs_colab.joblib,hdfs,ok,0.041283,True,True,True,True,0,False,1,"{""agent-system"": 0.978638}",2,"{""agent-network"": ""capability_missing"", ""agent-security"": ""capability_missing""}",0,
multisource_cnp_20260910T095810Z,hdfs,15,7531815c110b4c6e8025617a176972b5,db825e46f9674cc18cf61eccd80ecb9e,agent-system,e2e_lightweight_candidate_rule_v1,models/isolation_forest_hdfs_colab.joblib,hdfs,ok,0.044821,True,True,True,True,0,False,1,"{""agent-system"": 0.979481}",2,"{""agent-network"": ""capability_missing"", ""agent-security"": ""capability_missing""}",0,
multisource_cnp_20260910T095810Z,hdfs,16,14adc8f5ddd44311b5a3e06d12dee026,b76063bbc501446b993c9275203910f9,agent-system,e2e_lightweight_candidate_rule_v1,models/isolation_forest_hdfs_colab.joblib,hdfs,ok,0.045915,True,True,True,True,0,False,1,"{""agent-system"": 0.980214}",2,"{""agent-network"": ""capability_missing"", ""agent-security"": ""capability_missing""}",0,
multisource_cnp_20260910T095810Z,hdfs,17,4bf6cfe38aeb450bb1f2095bf053d90c,dfd543bd47bc4f14ad82e19f7324f764,agent-system,e2e_lightweight_candidate_rule_v1,models/isolation_forest_hdfs_colab.joblib,hdfs,ok,0.047398,True,True,True,True,0,False,1,"{""agent-system"": 0.980861}",2,"{""agent-network"": ""capability_missing"", ""agent-security"": ""capability_missing""}",0,
multisource_cnp_20260910T095810Z,hdfs,18,80de1a82511b4c6c943206dcc9d97008,a882be03ecb64c60b917f1db808463fe,agent-system,e2e_lightweight_candidate_rule_v1,models/isolation_forest_hdfs_colab.joblib,hdfs,ok,0.04511,True,True,True,True,0,False,1,"{""agent-system"": 0.981439}",2,"{""agent-network"": ""capability_missing"", ""agent-security"": ""capability_missing""}",0,
multisource_cnp_20260910T095810Z,hdfs,19,7d6f02a788f4455c89c67272a2ce829d,8624aa76fb9045e096c46aec7c283f31,agent-system,e2e_lightweight_candidate_rule_v1,models/isolation_forest_hdfs_colab.joblib,hdfs,ok,0.044223,True,True,True,True,0,False,1,"{""agent-system"": 0.981964}",2,"{""agent-network"": ""capability_missing"", ""agent-security"": ""capability_missing""}",0,
multisource_cnp_20260910T095810Z,hdfs,20,f6a76ce37d6042ceab4e4fd2086fe88f,4e7e57262ee64a9ba7f5304b9890eac6,agent-system,e2e_lightweight_candidate_rule_v1,models/isolation_forest_hdfs_colab.joblib,hdfs,ok,0.03686,True,True,True,True,0,False,1,"{""agent-system"": 0.982439}",2,"{""agent-network"": ""capability_missing"", ""agent-security"": ""capability_missing""}",0,
multisource_cnp_20260910T095810Z,hdfs,21,3c9b3e23f41d4dd7947e6638d77564d9,dfeef194b77245a584f58154225af2d5,agent-system,e2e_lightweight_candidate_rule_v1,models/isolation_forest_hdfs_colab.joblib,hdfs,ok,0.04125,True,True,True,True,0,False,1,"{""agent-system"": 0.982887}",2,"{""agent-network"": ""capability_missing"", ""agent-security"": ""capability_missing""}",0,
multisource_cnp_20260910T095810Z,hdfs,22,7786dc5f149748e199201da4fe564522,a7abd4c122894119a03f8d30e0b8be72,agent-system,e2e_lightweight_candidate_rule_v1,models/isolation_forest_hdfs_colab.joblib,hdfs,ok,0.032745,True,True,True,True,0,False,1,"{""agent-system"": 0.983287}",2,"{""agent-network"": ""capability_missing"", ""agent-security"": ""capability_missing""}",0,
multisource_cnp_20260910T095810Z,hdfs,23,dec8a8464ea24abcad7c8dd48ca06548,17c6e77d3eb14bf5b83b93689d9ac540,agent-system,e2e_lightweight_candidate_rule_v1,models/isolation_forest_hdfs_colab.joblib,hdfs,ok,0.027764,True,True,True,True,0,False,1,"{""agent-system"": 0.98367}",2,"{""agent-network"": ""capability_missing"", ""agent-security"": ""capability_missing""}",0,
multisource_cnp_20260910T095810Z,hdfs,24,59ef031533ff4d88b3484431a1bcbe4f,af93739b0d3c4c4d8c171463223e5083,agent-system,e2e_lightweight_candidate_rule_v1,models/isolation_forest_hdfs_colab.joblib,hdfs,ok,0.031281,True,True,True,True,0,False,1,"{""agent-system"": 0.984035}",2,"{""agent-network"": ""capability_missing"", ""agent-security"": ""capability_missing""}",0,
multisource_cnp_20260910T095810Z,hdfs,25,e0c1e655890049d8a8a907fb02ff3868,a9217fa8c1044fbabc6fb1d93266a3b4,agent-system,e2e_lightweight_candidate_rule_v1,models/isolation_forest_hdfs_colab.joblib,hdfs,ok,0.030544,True,True,True,True,0,False,1,"{""agent-system"": 0.984363}",2,"{""agent-network"": ""capability_missing"", ""agent-security"": ""capability_missing""}",0,
multisource_cnp_20260910T095810Z,hdfs,26,e60dcb4a58514f88b8e796f9d97114b2,e9c3a4dfc8bd453b9323c8efa31a0228,agent-system,e2e_lightweight_candidate_rule_v1,models/isolation_forest_hdfs_colab.joblib,hdfs,ok,0.027082,True,True,True,True,0,False,1,"{""agent-system"": 0.984669}",2,"{""agent-network"": ""capability_missing"", ""agent-security"": ""capability_missing""}",0,
multisource_cnp_20260910T095810Z,hdfs,27,48b7b06dfda340959af0657aa485ceed,773e143226fe4909a297002ae04d6265,agent-system,e2e_lightweight_candidate_rule_v1,models/isolation_forest_hdfs_colab.joblib,hdfs,ok,0.022795,True,True,True,True,0,False,1,"{""agent-system"": 0.984958}",2,"{""agent-network"": ""capability_missing"", ""agent-security"": ""capability_missing""}",0,
multisource_cnp_20260910T095810Z,hdfs,28,9eac21c72ead4109989e1bb08a7716d8,040e3ae4222d4ba19308418caf788d46,agent-system,e2e_lightweight_candidate_rule_v1,models/isolation_forest_hdfs_colab.joblib,hdfs,ok,0.044308,True,True,True,True,0,False,1,"{""agent-system"": 0.985234}",2,"{""agent-network"": ""capability_missing"", ""agent-security"": ""capability_missing""}",0,
multisource_cnp_20260910T095810Z,hdfs,29,ac3dab5fb56c4cdaba3609e9034c7550,e0349acbf88548658e56053a0037127b,agent-system,e2e_lightweight_candidate_rule_v1,models/isolation_forest_hdfs_colab.joblib,hdfs,ok,0.035097,True,True,True,True,0,False,1,"{""agent-system"": 0.985456}",2,"{""agent-network"": ""capability_missing"", ""agent-security"": ""capability_missing""}",0,
multisource_cnp_20260910T095810Z,hdfs,30,fbe567f875c24e96be6964cfdb7a39a6,019506d3ad084b8d990536d1bb077eaa,agent-system,e2e_lightweight_candidate_rule_v1,models/isolation_forest_hdfs_colab.joblib,hdfs,ok,0.031579,True,True,True,True,0,False,1,"{""agent-system"": 0.985679}",2,"{""agent-network"": ""capability_missing"", ""agent-security"": ""capability_missing""}",0,
multisource_cnp_20260910T095810Z,hdfs,31,2f6fde6bb1bd4d1ebecea6adfd7504fe,de3c428415274be7995e3f4a4dc1aa15,agent-system,e2e_lightweight_candidate_rule_v1,models/isolation_forest_hdfs_colab.joblib,hdfs,ok,0.026626,True,True,True,True,0,False,1,"{""agent-system"": 0.985894}",2,"{""agent-network"": ""capability_missing"", ""agent-security"": ""capability_missing""}",0,
multisource_cnp_20260910T095810Z,hdfs,32,bb25a124d781453185fc8f057d5d6e4e,1264b6cf89e643e886fe25c05bd5147c,agent-system,e2e_lightweight_candidate_rule_v1,models/isolation_forest_hdfs_colab.joblib,hdfs,ok,0.02987,True,True,True,True,0,False,1,"{""agent-system"": 0.986103}",2,"{""agent-network"": ""capability_missing"", ""agent-security"": ""capability_missing""}",0,
multisource_cnp_20260910T095810Z,hdfs,33,d1168687ee8f4b3ba2d402180865ad0b,a2849f2095554b1386fd43c256bb891c,agent-system,e2e_lightweight_candidate_rule_v1,models/isolation_forest_hdfs_colab.joblib,hdfs,ok,0.030281,True,True,True,True,0,False,1,"{""agent-system"": 0.986295}",2,"{""agent-network"": ""capability_missing"", ""agent-security"": ""capability_missing""}",0,
multisource_cnp_20260910T095810Z,hdfs,34,a54ea5e8ea6949e6a7c3ebafe7732e60,56ee72f417014287833214db3b4fa2bd,agent-system,e2e_lightweight_candidate_rule_v1,models/isolation_forest_hdfs_colab.joblib,hdfs,ok,0.033043,True,True,True,True,0,False,1,"{""agent-system"": 0.986475}",2,"{""agent-network"": ""capability_missing"", ""agent-security"": ""capability_missing""}",0,
multisource_cnp_20260910T095810Z,hdfs,35,e3746a1e1b184517864ccdc4655ffca4,63381ff8e412481b9ab51da9e689009c,agent-system,e2e_lightweight_candidate_rule_v1,models/isolation_forest_hdfs_colab.joblib,hdfs,ok,0.035171,True,True,True,True,0,False,1,"{""agent-system"": 0.986641}",2,"{""agent-network"": ""capability_missing"", ""agent-security"": ""capability_missing""}",0,
multisource_cnp_20260910T095810Z,hdfs,36,d0bd07768c2040e9ab96cc1fac04ab58,302e65ee94a3470f820020b2abc678e6,agent-system,e2e_lightweight_candidate_rule_v1,models/isolation_forest_hdfs_colab.joblib,hdfs,ok,0.029043,True,True,True,True,0,False,1,"{""agent-system"": 0.986795}",2,"{""agent-network"": ""capability_missing"", ""agent-security"": ""capability_missing""}",0,
multisource_cnp_20260910T095810Z,hdfs,37,34ba249679e54dc9b8e565a722c9c6a9,6edd6a31927c411f9e0fe949af20ff68,agent-system,e2e_lightweight_candidate_rule_v1,models/isolation_forest_hdfs_colab.joblib,hdfs,ok,0.029903,True,True,True,True,0,False,1,"{""agent-system"": 0.98695}",2,"{""agent-network"": ""capability_missing"", ""agent-security"": ""capability_missing""}",0,
multisource_cnp_20260910T095810Z,hdfs,38,65e85885785f4eacabe6d2cb1a0fb0ed,a5ce997817444a6e9fc212f7ae07d43c,agent-system,e2e_lightweight_candidate_rule_v1,models/isolation_forest_hdfs_colab.joblib,hdfs,ok,0.030043,True,True,True,True,0,False,1,"{""agent-system"": 0.987095}",2,"{""agent-network"": ""capability_missing"", ""agent-security"": ""capability_missing""}",0,
multisource_cnp_20260910T095810Z,hdfs,39,a8111ae66c2d465e971a196867e9fb6b,33907ad172ec4bb99a4b2aa934989a60,agent-system,e2e_lightweight_candidate_rule_v1,models/isolation_forest_hdfs_colab.joblib,hdfs,ok,0.027979,True,True,True,True,0,False,1,"{""agent-system"": 0.987232}",2,"{""agent-network"": ""capability_missing"", ""agent-security"": ""capability_missing""}",0,
multisource_cnp_20260910T095810Z,hdfs,40,5c693c1069564276b0c5b95d0dfd817d,f9b9d0ecb78a433eaf732a4b40eadb9d,agent-system,e2e_lightweight_candidate_rule_v1,models/isolation_forest_hdfs_colab.joblib,hdfs,ok,0.031115,True,True,True,True,0,False,1,"{""agent-system"": 0.987366}",2,"{""agent-network"": ""capability_missing"", ""agent-security"": ""capability_missing""}",0,
multisource_cnp_20260910T095810Z,hdfs,41,af022c4d94fa4e1fb5672ad84d57c609,0aefde44a97a4504a1f4b31493cae7ce,agent-system,e2e_lightweight_candidate_rule_v1,models/isolation_forest_hdfs_colab.joblib,hdfs,ok,0.029792,True,True,True,True,0,False,1,"{""agent-system"": 0.987489}",2,"{""agent-network"": ""capability_missing"", ""agent-security"": ""capability_missing""}",0,
multisource_cnp_20260910T095810Z,hdfs,42,30eb99c55cf34e90b8a00586949540a4,6955eb0b80da433b877aac7c689dc11f,agent-system,e2e_lightweight_candidate_rule_v1,models/isolation_forest_hdfs_colab.joblib,hdfs,ok,0.032817,True,True,True,True,0,False,1,"{""agent-system"": 0.987608}",2,"{""agent-network"": ""capability_missing"", ""agent-security"": ""capability_missing""}",0,
multisource_cnp_20260910T095810Z,hdfs,43,373f11282cc94ea9ae5037f92645a35b,e61c326346fd46ae85ba56945a072043,agent-system,e2e_lightweight_candidate_rule_v1,models/isolation_forest_hdfs_colab.joblib,hdfs,ok,0.024412,True,True,True,True,0,False,1,"{""agent-system"": 0.987719}",2,"{""agent-network"": ""capability_missing"", ""agent-security"": ""capability_missing""}",0,
multisource_cnp_20260910T095810Z,hdfs,44,5d6e284f65e943848eb4f47c84e429b6,4074e3ffea1949cbaa660a732037bda2,agent-system,e2e_lightweight_candidate_rule_v1,models/isolation_forest_hdfs_colab.joblib,hdfs,ok,0.029275,True,True,True,True,0,False,1,"{""agent-system"": 0.987833}",2,"{""agent-network"": ""capability_missing"", ""agent-security"": ""capability_missing""}",0,
multisource_cnp_20260910T095810Z,hdfs,45,852a3ca042be4e9d8d4357b17630693a,eb08dde1bdfb4342883f22f44c86358b,agent-system,e2e_lightweight_candidate_rule_v1,models/isolation_forest_hdfs_colab.joblib,hdfs,ok,0.033271,True,True,True,True,0,False,1,"{""agent-system"": 0.987938}",2,"{""agent-network"": ""capability_missing"", ""agent-security"": ""capability_missing""}",0,
multisource_cnp_20260910T095810Z,hdfs,46,3babf9b064a44a54a86dbbf4224532ef,a35c3239601847d2997700cec680789f,agent-system,e2e_lightweight_candidate_rule_v1,models/isolation_forest_hdfs_colab.joblib,hdfs,ok,0.035093,True,True,True,True,0,False,1,"{""agent-system"": 0.988034}",2,"{""agent-network"": ""capability_missing"", ""agent-security"": ""capability_missing""}",0,
multisource_cnp_20260910T095810Z,hdfs,47,69e11139343742d4961985fad8157d36,0ca8f6570d85470284f2bad191f77917,agent-system,e2e_lightweight_candidate_rule_v1,models/isolation_forest_hdfs_colab.joblib,hdfs,ok,0.030523,True,True,True,True,0,False,1,"{""agent-system"": 0.988123}",2,"{""agent-network"": ""capability_missing"", ""agent-security"": ""capability_missing""}",0,
multisource_cnp_20260910T095810Z,hdfs,48,cdc3204d92b040c9aa51d73b890fb54e,22079bdf949048fb854a795bdbc2f405,agent-system,e2e_lightweight_candidate_rule_v1,models/isolation_forest_hdfs_colab.joblib,hdfs,ok,0.028489,True,True,True,True,0,False,1,"{""agent-system"": 0.988214}",2,"{""agent-network"": ""capability_missing"", ""agent-security"": ""capability_missing""}",0,
multisource_cnp_20260910T095810Z,hdfs,49,b439d425e072481b8c25a1689ada88b0,bb09a9d39a3645aebeb84296d8f462d9,agent-system,e2e_lightweight_candidate_rule_v1,models/isolation_forest_hdfs_colab.joblib,hdfs,ok,0.028068,True,True,True,True,0,False,1,"{""agent-system"": 0.988304}",2,"{""agent-network"": ""capability_missing"", ""agent-security"": ""capability_missing""}",0,
multisource_cnp_20260910T095810Z,hdfs,50,5b7916f208d547579c29e1d964e35a5f,738ab4d7a9a74a57ad69c0f5478088ea,agent-system,e2e_lightweight_candidate_rule_v1,models/isolation_forest_hdfs_colab.joblib,hdfs,ok,0.027401,True,True,True,True,0,False,1,"{""agent-system"": 0.98839}",2,"{""agent-network"": ""capability_missing"", ""agent-security"": ""capability_missing""}",0,
multisource_cnp_20260910T095810Z,hdfs,51,2107cd6e7f92446992dfaf70455ccbf1,e7877eb4433b4090b328dffcaa7a76e0,agent-system,e2e_lightweight_candidate_rule_v1,models/isolation_forest_hdfs_colab.joblib,hdfs,ok,0.028494,True,True,True,True,0,False,1,"{""agent-system"": 0.988473}",2,"{""agent-network"": ""capability_missing"", ""agent-security"": ""capability_missing""}",0,
multisource_cnp_20260910T095810Z,hdfs,52,46e3895ab6984578b8531ec5894273b9,76c5688c8839483f8342370f018755fb,agent-system,e2e_lightweight_candidate_rule_v1,models/isolation_forest_hdfs_colab.joblib,hdfs,ok,0.029515,True,True,True,True,0,False,1,"{""agent-system"": 0.988553}",2,"{""agent-network"": ""capability_missing"", ""agent-security"": ""capability_missing""}",0,
multisource_cnp_20260910T095810Z,hdfs,53,11ba4fa283a2481a9ba654c04038287e,9cedb7ce2c0b4edabe4387dc672952ff,agent-system,e2e_lightweight_candidate_rule_v1,models/isolation_forest_hdfs_colab.joblib,hdfs,ok,0.030059,True,True,True,True,0,False,1,"{""agent-system"": 0.988627}",2,"{""agent-network"": ""capability_missing"", ""agent-security"": ""capability_missing""}",0,
multisource_cnp_20260910T095810Z,hdfs,54,e7abe5d711f04f4a8073810652f8c157,805bfde8239e488185a1a4e1758c1ae5,agent-system,e2e_lightweight_candidate_rule_v1,models/isolation_forest_hdfs_colab.joblib,hdfs,ok,0.035948,True,True,True,True,0,False,1,"{""agent-system"": 0.988695}",2,"{""agent-network"": ""capability_missing"", ""agent-security"": ""capability_missing""}",0,
multisource_cnp_20260910T095810Z,hdfs,55,9565b55eaa114daba0bd2026b15d801d,bcd055d1a0e34497b6bb6360818dbcb7,agent-system,e2e_lightweight_candidate_rule_v1,models/isolation_forest_hdfs_colab.joblib,hdfs,ok,0.031804,True,True,True,True,0,False,1,"{""agent-system"": 0.988758}",2,"{""agent-network"": ""capability_missing"", ""agent-security"": ""capability_missing""}",0,
multisource_cnp_20260910T095810Z,hdfs,56,5bb8461ea7c848e0828f73cc1dc0740c,0d5d8523275243a7b6b6d4c72ea5fbf5,agent-system,e2e_lightweight_candidate_rule_v1,models/isolation_forest_hdfs_colab.joblib,hdfs,ok,0.029847,True,True,True,True,0,False,1,"{""agent-system"": 0.98882}",2,"{""agent-network"": ""capability_missing"", ""agent-security"": ""capability_missing""}",0,
multisource_cnp_20260910T095810Z,hdfs,57,b4aac873a3734fe9a2b5f15ffe55d6e8,77163d1446cf430e94ef9df82ae392e8,agent-system,e2e_lightweight_candidate_rule_v1,models/isolation_forest_hdfs_colab.joblib,hdfs,ok,0.029815,True,True,True,True,0,False,1,"{""agent-system"": 0.98889}",2,"{""agent-network"": ""capability_missing"", ""agent-security"": ""capability_missing""}",0,
multisource_cnp_20260910T095810Z,hdfs,58,287244bff19c4401a87b0f9b00bf046f,41e90133923f4798a0f8dcf526301166,agent-system,e2e_lightweight_candidate_rule_v1,models/isolation_forest_hdfs_colab.joblib,hdfs,ok,0.024434,True,True,True,True,0,False,1,"{""agent-system"": 0.988981}",2,"{""agent-network"": ""capability_missing"", ""agent-security"": ""capability_missing""}",0,
multisource_cnp_20260910T095810Z,hdfs,59,b64e8e8485394e9a9a90802baa155181,cb127f21d0e04fabb986c8a9e43d3e05,agent-system,e2e_lightweight_candidate_rule_v1,models/isolation_forest_hdfs_colab.joblib,hdfs,ok,0.027907,True,True,True,True,0,False,1,"{""agent-system"": 0.989062}",2,"{""agent-network"": ""capability_missing"", ""agent-security"": ""capability_missing""}",0,
multisource_cnp_20260910T095810Z,hdfs,60,8297670585044f419d5e37777ee1a9c3,dfa9f2abdb924d44b11d2233605f8fc4,agent-system,e2e_lightweight_candidate_rule_v1,models/isolation_forest_hdfs_colab.joblib,hdfs,ok,0.033692,True,True,True,True,0,False,1,"{""agent-system"": 0.989141}",2,"{""agent-network"": ""capability_missing"", ""agent-security"": ""capability_missing""}",0,
multisource_cnp_20260910T095810Z,hdfs,61,6cb444939ee04779af418ac63a26fca5,d6d6ccf0d1944ae5b9b2f43e8b1db4ac,agent-system,e2e_lightweight_candidate_rule_v1,models/isolation_forest_hdfs_colab.joblib,hdfs,ok,0.034033,True,True,True,True,0,False,1,"{""agent-system"": 0.989211}",2,"{""agent-network"": ""capability_missing"", ""agent-security"": ""capability_missing""}",0,
multisource_cnp_20260910T095810Z,hdfs,62,79d100cbc26348b3a8cd7bf218eb92bb,4dec7e55b6a947d7b6b77c6ccd0c605d,agent-system,e2e_lightweight_candidate_rule_v1,models/isolation_forest_hdfs_colab.joblib,hdfs,ok,0.029704,True,True,True,True,0,False,1,"{""agent-system"": 0.989279}",2,"{""agent-network"": ""capability_missing"", ""agent-security"": ""capability_missing""}",0,
multisource_cnp_20260910T095810Z,hdfs,63,94df2e9ef2a448dd8acf45525597f645,3f26f952de4d4c0ab42d9491633c11a7,agent-system,e2e_lightweight_candidate_rule_v1,models/isolation_forest_hdfs_colab.joblib,hdfs,ok,0.023698,True,True,True,True,0,False,1,"{""agent-system"": 0.989337}",2,"{""agent-network"": ""capability_missing"", ""agent-security"": ""capability_missing""}",0,
multisource_cnp_20260910T095810Z,hdfs,64,6f165f89849544439897e2e076d88cf7,49b06125880b4af790cd03bca4ea743b,agent-system,e2e_lightweight_candidate_rule_v1,models/isolation_forest_hdfs_colab.joblib,hdfs,ok,0.027745,True,True,True,True,0,False,1,"{""agent-system"": 0.989405}",2,"{""agent-network"": ""capability_missing"", ""agent-security"": ""capability_missing""}",0,
multisource_cnp_20260910T095810Z,hdfs,65,e61b475430f04bba8d0e2677d897a80c,48fd4a3769b54e8ca8b153850f7a8190,agent-system,e2e_lightweight_candidate_rule_v1,models/isolation_forest_hdfs_colab.joblib,hdfs,ok,0.027411,True,True,True,True,0,False,1,"{""agent-system"": 0.989463}",2,"{""agent-network"": ""capability_missing"", ""agent-security"": ""capability_missing""}",0,
multisource_cnp_20260910T095810Z,hdfs,66,9cb866c6afaf4c8f8c4ff66cbf05a8fe,e8b31ad4b50e44bd82466d48398c0111,agent-system,e2e_lightweight_candidate_rule_v1,models/isolation_forest_hdfs_colab.joblib,hdfs,ok,0.025644,True,True,True,True,0,False,1,"{""agent-system"": 0.989524}",2,"{""agent-network"": ""capability_missing"", ""agent-security"": ""capability_missing""}",0,
multisource_cnp_20260910T095810Z,hdfs,67,3f665ebceca04417a38be9da719eea24,60c4cd9f283a4b69b81a5d2d2240bd9c,agent-system,e2e_lightweight_candidate_rule_v1,models/isolation_forest_hdfs_colab.joblib,hdfs,ok,0.030746,True,True,True,True,0,False,1,"{""agent-system"": 0.989587}",2,"{""agent-network"": ""capability_missing"", ""agent-security"": ""capability_missing""}",0,
multisource_cnp_20260910T095810Z,hdfs,68,976bb646a255419d876780ff7e906f90,171925d62287450cb6ba699703bce43e,agent-system,e2e_lightweight_candidate_rule_v1,models/isolation_forest_hdfs_colab.joblib,hdfs,ok,0.033135,True,True,True,True,0,False,1,"{""agent-system"": 0.989643}",2,"{""agent-network"": ""capability_missing"", ""agent-security"": ""capability_missing""}",0,
multisource_cnp_20260910T095810Z,hdfs,69,40e2fd9eafef4454b03f330fcb8d0a7d,61353dbd304241229b1291b30385bf8d,agent-system,e2e_lightweight_candidate_rule_v1,models/isolation_forest_hdfs_colab.joblib,hdfs,ok,0.032133,True,True,True,True,0,False,1,"{""agent-system"": 0.989695}",2,"{""agent-network"": ""capability_missing"", ""agent-security"": ""capability_missing""}",0,
multisource_cnp_20260910T095810Z,hdfs,70,047b79fd7f8640b19f939c2a312e4e05,55f6a9d43f1a4dd78f4503dfe7c437b3,agent-system,e2e_lightweight_candidate_rule_v1,models/isolation_forest_hdfs_colab.joblib,hdfs,ok,0.023467,True,True,True,True,0,False,1,"{""agent-system"": 0.989746}",2,"{""agent-network"": ""capability_missing"", ""agent-security"": ""capability_missing""}",0,
multisource_cnp_20260910T095810Z,hdfs,71,dab0220d7752452f9ab53a0dd8aafcb3,426a0dad487d44718cc1749e338bc326,agent-system,e2e_lightweight_candidate_rule_v1,models/isolation_forest_hdfs_colab.joblib,hdfs,ok,0.028157,True,True,True,True,0,False,1,"{""agent-system"": 0.989797}",2,"{""agent-network"": ""capability_missing"", ""agent-security"": ""capability_missing""}",0,
multisource_cnp_20260910T095810Z,hdfs,72,aa8e5fdc71b642a3990fe624e9957772,2d892012284047908d9c7e1eb0aea21e,agent-system,e2e_lightweight_candidate_rule_v1,models/isolation_forest_hdfs_colab.joblib,hdfs,ok,0.028179,True,True,True,True,0,False,1,"{""agent-system"": 0.989847}",2,"{""agent-network"": ""capability_missing"", ""agent-security"": ""capability_missing""}",0,
multisource_cnp_20260910T095810Z,hdfs,73,dbec1f81d7514af0b29be4f61203d66a,6c850a0c005b44e0afb0f7ad95366c82,agent-system,e2e_lightweight_candidate_rule_v1,models/isolation_forest_hdfs_colab.joblib,hdfs,ok,0.028943,True,True,True,True,0,False,1,"{""agent-system"": 0.989889}",2,"{""agent-network"": ""capability_missing"", ""agent-security"": ""capability_missing""}",0,
multisource_cnp_20260910T095810Z,hdfs,74,0eae2caccaf6481180347f6b2c427669,63a4b84901f2495bb04a343cafc0ab3c,agent-system,e2e_lightweight_candidate_rule_v1,models/isolation_forest_hdfs_colab.joblib,hdfs,ok,0.054171,True,True,True,True,0,False,1,"{""agent-system"": 0.989923}",2,"{""agent-network"": ""capability_missing"", ""agent-security"": ""capability_missing""}",0,
multisource_cnp_20260910T095810Z,hdfs,75,5ba94e20f46c459fabd8dbb409410866,7e750b2c11624dea9c970761533ab76d,agent-system,e2e_lightweight_candidate_rule_v1,models/isolation_forest_hdfs_colab.joblib,hdfs,ok,0.058835,True,True,True,True,0,False,1,"{""agent-system"": 0.989937}",2,"{""agent-network"": ""capability_missing"", ""agent-security"": ""capability_missing""}",0,
multisource_cnp_20260910T095810Z,hdfs,76,b7870ded87254100b10d926ad60f5b43,e56ec709a021420eb0b9819b7e6ffec0,agent-system,e2e_lightweight_candidate_rule_v1,models/isolation_forest_hdfs_colab.joblib,hdfs,ok,0.044586,True,True,True,True,0,False,1,"{""agent-system"": 0.989945}",2,"{""agent-network"": ""capability_missing"", ""agent-security"": ""capability_missing""}",0,
multisource_cnp_20260910T095810Z,hdfs,77,11d74bea12324029af3692c0268adbf3,6e5a3785c930454ebdcfe8803ad663a1,agent-system,e2e_lightweight_candidate_rule_v1,models/isolation_forest_hdfs_colab.joblib,hdfs,ok,0.046819,True,True,True,True,0,False,1,"{""agent-system"": 0.989962}",2,"{""agent-network"": ""capability_missing"", ""agent-security"": ""capability_missing""}",0,
multisource_cnp_20260910T095810Z,hdfs,78,aa74c6ebb6954be489cce3d6b0822642,7c3f9606779f4297ac6e2d957d78fac4,agent-system,e2e_lightweight_candidate_rule_v1,models/isolation_forest_hdfs_colab.joblib,hdfs,ok,0.036777,True,True,True,True,0,False,1,"{""agent-system"": 0.989973}",2,"{""agent-network"": ""capability_missing"", ""agent-security"": ""capability_missing""}",0,
multisource_cnp_20260910T095810Z,hdfs,79,b53f69dff35f44089b8a047efade8b1b,55d29d62e2d3413eb161aa4611110f97,agent-system,e2e_lightweight_candidate_rule_v1,models/isolation_forest_hdfs_colab.joblib,hdfs,ok,0.045416,True,True,True,True,0,False,1,"{""agent-system"": 0.990011}",2,"{""agent-network"": ""capability_missing"", ""agent-security"": ""capability_missing""}",0,
multisource_cnp_20260910T095810Z,hdfs,80,8b50c02f0147495aa03e5d414de865d3,c72951df41ef4211992c0df9ca05b5ee,agent-system,e2e_lightweight_candidate_rule_v1,models/isolation_forest_hdfs_colab.joblib,hdfs,ok,0.033216,True,True,True,True,0,False,1,"{""agent-system"": 0.990032}",2,"{""agent-network"": ""capability_missing"", ""agent-security"": ""capability_missing""}",0,
multisource_cnp_20260910T095810Z,hdfs,81,e77ea7fbb11a402f8c9766cb506c066f,a70d5655f1d04c8c92f7832d21d5730d,agent-system,e2e_lightweight_candidate_rule_v1,models/isolation_forest_hdfs_colab.joblib,hdfs,ok,0.030079,True,True,True,True,0,False,1,"{""agent-system"": 0.990061}",2,"{""agent-network"": ""capability_missing"", ""agent-security"": ""capability_missing""}",0,
multisource_cnp_20260910T095810Z,hdfs,82,f0a27e30984846e7839b27a47f497cb9,1ed4133236274ef19cfbde1f4675a150,agent-system,e2e_lightweight_candidate_rule_v1,models/isolation_forest_hdfs_colab.joblib,hdfs,ok,0.026484,True,True,True,True,0,False,1,"{""agent-system"": 0.990087}",2,"{""agent-network"": ""capability_missing"", ""agent-security"": ""capability_missing""}",0,
multisource_cnp_20260910T095810Z,hdfs,83,238ede73a5664082a302bcf416a7d931,d910d8f51f1346e7869415b387a55d5e,agent-system,e2e_lightweight_candidate_rule_v1,models/isolation_forest_hdfs_colab.joblib,hdfs,ok,0.030015,True,True,True,True,0,False,1,"{""agent-system"": 0.990119}",2,"{""agent-network"": ""capability_missing"", ""agent-security"": ""capability_missing""}",0,
multisource_cnp_20260910T095810Z,hdfs,84,63d82755c96c44eca92c7b5b58bbac9c,03eccccb846346a59549932337cca327,agent-system,e2e_lightweight_candidate_rule_v1,models/isolation_forest_hdfs_colab.joblib,hdfs,ok,0.032646,True,True,True,True,0,False,1,"{""agent-system"": 0.990148}",2,"{""agent-network"": ""capability_missing"", ""agent-security"": ""capability_missing""}",0,
multisource_cnp_20260910T095810Z,hdfs,85,5c3142d8285e403c836e9a5aed31c77c,6cbe1da243124477889aa04e7cd8787f,agent-system,e2e_lightweight_candidate_rule_v1,models/isolation_forest_hdfs_colab.joblib,hdfs,ok,0.02375,True,True,True,True,0,False,1,"{""agent-system"": 0.990175}",2,"{""agent-network"": ""capability_missing"", ""agent-security"": ""capability_missing""}",0,
multisource_cnp_20260910T095810Z,hdfs,86,3343a2a373e34298a143699f4ecfb44b,106f1e2e50404bea89fdd28be209150f,agent-system,e2e_lightweight_candidate_rule_v1,models/isolation_forest_hdfs_colab.joblib,hdfs,ok,0.031509,True,True,True,True,0,False,1,"{""agent-system"": 0.990212}",2,"{""agent-network"": ""capability_missing"", ""agent-security"": ""capability_missing""}",0,
multisource_cnp_20260910T095810Z,hdfs,87,49d819ea72994fdea88449651c6b6af3,2c2740cb3f564f6cb09280b45f000d9a,agent-system,e2e_lightweight_candidate_rule_v1,models/isolation_forest_hdfs_colab.joblib,hdfs,ok,0.025799,True,True,True,True,0,False,1,"{""agent-system"": 0.990236}",2,"{""agent-network"": ""capability_missing"", ""agent-security"": ""capability_missing""}",0,
multisource_cnp_20260910T095810Z,hdfs,88,55d7da526d63455cb279151d4ae9ea09,daa5fbbf5d6e4da0b35f82a311cf5518,agent-system,e2e_lightweight_candidate_rule_v1,models/isolation_forest_hdfs_colab.joblib,hdfs,ok,0.024824,True,True,True,True,0,False,1,"{""agent-system"": 0.990266}",2,"{""agent-network"": ""capability_missing"", ""agent-security"": ""capability_missing""}",0,
multisource_cnp_20260910T095810Z,hdfs,89,f2a14f18ffd642ac8e77e339199abfc5,8b6f28b6fd694ffdb8b07b79295e11aa,agent-system,e2e_lightweight_candidate_rule_v1,models/isolation_forest_hdfs_colab.joblib,hdfs,ok,0.028795,True,True,True,True,0,False,1,"{""agent-system"": 0.990296}",2,"{""agent-network"": ""capability_missing"", ""agent-security"": ""capability_missing""}",0,
multisource_cnp_20260910T095810Z,hdfs,90,13dd10a7a1624b0fa967073da28da7d9,42abd3e38edf4123a42a801cf5e79386,agent-system,e2e_lightweight_candidate_rule_v1,models/isolation_forest_hdfs_colab.joblib,hdfs,ok,0.023023,True,True,True,True,0,False,1,"{""agent-system"": 0.990319}",2,"{""agent-network"": ""capability_missing"", ""agent-security"": ""capability_missing""}",0,
multisource_cnp_20260910T095810Z,hdfs,91,42fa67a6cdef43ae869fa180b61cef22,ac31bd93ebfb4f12a29d6166d987cf39,agent-system,e2e_lightweight_candidate_rule_v1,models/isolation_forest_hdfs_colab.joblib,hdfs,ok,0.029903,True,True,True,True,0,False,1,"{""agent-system"": 0.990351}",2,"{""agent-network"": ""capability_missing"", ""agent-security"": ""capability_missing""}",0,
multisource_cnp_20260910T095810Z,hdfs,92,7827a75f68284e46b4eb0825a54b4c04,00ee96800202466d9b42628186d1ec7b,agent-system,e2e_lightweight_candidate_rule_v1,models/isolation_forest_hdfs_colab.joblib,hdfs,ok,0.030798,True,True,True,True,0,False,1,"{""agent-system"": 0.990374}",2,"{""agent-network"": ""capability_missing"", ""agent-security"": ""capability_missing""}",0,
multisource_cnp_20260910T095810Z,hdfs,93,902fad0b887d4a26aad7eebe775044be,96fa924e6ea54d2799f193ac4b5fe06e,agent-system,e2e_lightweight_candidate_rule_v1,models/isolation_forest_hdfs_colab.joblib,hdfs,ok,0.030468,True,True,True,True,0,False,1,"{""agent-system"": 0.990399}",2,"{""agent-network"": ""capability_missing"", ""agent-security"": ""capability_missing""}",0,
multisource_cnp_20260910T095810Z,hdfs,94,57f89f6a630a4dc089744bbc8d3aea02,19a337a01df14c8d862748f822e468e2,agent-system,e2e_lightweight_candidate_rule_v1,models/isolation_forest_hdfs_colab.joblib,hdfs,ok,0.028682,True,True,True,True,0,False,1,"{""agent-system"": 0.990416}",2,"{""agent-network"": ""capability_missing"", ""agent-security"": ""capability_missing""}",0,
multisource_cnp_20260910T095810Z,hdfs,95,4e3c10458a5d4054a6d128b83015c4e9,517b62e4dbfc4c86876c95b9f6d5964a,agent-system,e2e_lightweight_candidate_rule_v1,models/isolation_forest_hdfs_colab.joblib,hdfs,ok,0.060961,True,True,True,True,0,False,1,"{""agent-system"": 0.990439}",2,"{""agent-network"": ""capability_missing"", ""agent-security"": ""capability_missing""}",0,
multisource_cnp_20260910T095810Z,hdfs,96,fb45fc26d96c40df88080e1552e903b1,babe92c9de8e4262af524852d9a152f4,agent-system,e2e_lightweight_candidate_rule_v1,models/isolation_forest_hdfs_colab.joblib,hdfs,ok,0.053911,True,True,True,True,0,False,1,"{""agent-system"": 0.990435}",2,"{""agent-network"": ""capability_missing"", ""agent-security"": ""capability_missing""}",0,
multisource_cnp_20260910T095810Z,hdfs,97,5073adada99c4702a496d2e7a15416b4,dfd41856d8134845bea336aeb671073e,agent-system,e2e_lightweight_candidate_rule_v1,models/isolation_forest_hdfs_colab.joblib,hdfs,ok,0.050381,True,True,True,True,0,False,1,"{""agent-system"": 0.990439}",2,"{""agent-network"": ""capability_missing"", ""agent-security"": ""capability_missing""}",0,
multisource_cnp_20260910T095810Z,hdfs,98,ffc486f7a07447248931eea6f8f98cd9,d92194e94977412ebb8345c820051eea,agent-system,e2e_lightweight_candidate_rule_v1,models/isolation_forest_hdfs_colab.joblib,hdfs,ok,0.057122,True,True,True,True,0,False,1,"{""agent-system"": 0.990442}",2,"{""agent-network"": ""capability_missing"", ""agent-security"": ""capability_missing""}",0,
multisource_cnp_20260910T095810Z,hdfs,99,95670afcdd224e59bd3608004e2e0910,61bf8e93f47945bfb50c6cc18fde2a8f,agent-system,e2e_lightweight_candidate_rule_v1,models/isolation_forest_hdfs_colab.joblib,hdfs,ok,0.040477,True,True,True,True,0,False,1,"{""agent-system"": 0.990438}",2,"{""agent-network"": ""capability_missing"", ""agent-security"": ""capability_missing""}",0,
multisource_cnp_20260910T095810Z,hdfs,100,c92c725f686d4ad0ab82ff9539b4175d,9922fa7a39924cb08effd4adf1fde429,agent-system,e2e_lightweight_candidate_rule_v1,models/isolation_forest_hdfs_colab.joblib,hdfs,ok,0.034648,True,True,True,True,0,False,1,"{""agent-system"": 0.990449}",2,"{""agent-network"": ""capability_missing"", ""agent-security"": ""capability_missing""}",0,
multisource_cnp_20260910T095810Z,hdfs,101,52251a65586b44e4920ce3a8b12af940,1c87820fcf7641528c09eb04120e3e61,agent-system,e2e_lightweight_candidate_rule_v1,models/isolation_forest_hdfs_colab.joblib,hdfs,ok,0.036609,True,True,True,True,0,False,1,"{""agent-system"": 0.990463}",2,"{""agent-network"": ""capability_missing"", ""agent-security"": ""capability_missing""}",0,
multisource_cnp_20260910T095810Z,hdfs,102,2a2280e435c54b59893a9aad66d49bab,e4b04b53b0094344af3cad527c4639d4,agent-system,e2e_lightweight_candidate_rule_v1,models/isolation_forest_hdfs_colab.joblib,hdfs,ok,0.034945,True,True,True,True,0,False,1,"{""agent-system"": 0.990474}",2,"{""agent-network"": ""capability_missing"", ""agent-security"": ""capability_missing""}",0,
multisource_cnp_20260910T095810Z,hdfs,103,e94273d7a43444749cab2ad1cc091d54,96324ae4928e4a10beba9870273baa49,agent-system,e2e_lightweight_candidate_rule_v1,models/isolation_forest_hdfs_colab.joblib,hdfs,ok,0.035381,True,True,True,True,0,False,1,"{""agent-system"": 0.990488}",2,"{""agent-network"": ""capability_missing"", ""agent-security"": ""capability_missing""}",0,
multisource_cnp_20260910T095810Z,hdfs,104,39c164348d9d451e9a7298fca4d5f3ae,60edf77a3bba463eae84e5f5567fc125,agent-system,e2e_lightweight_candidate_rule_v1,models/isolation_forest_hdfs_colab.joblib,hdfs,ok,0.027131,True,True,True,True,0,False,1,"{""agent-system"": 0.990502}",2,"{""agent-network"": ""capability_missing"", ""agent-security"": ""capability_missing""}",0,
multisource_cnp_20260910T095810Z,hdfs,105,591887b1154e4ec5a94c140dc932daf1,1a81bbc753e545f7a135c4633fb457e0,agent-system,e2e_lightweight_candidate_rule_v1,models/isolation_forest_hdfs_colab.joblib,hdfs,ok,0.029307,True,True,True,True,0,False,1,"{""agent-system"": 0.990528}",2,"{""agent-network"": ""capability_missing"", ""agent-security"": ""capability_missing""}",0,
multisource_cnp_20260910T095810Z,hdfs,106,9b97ac2fe1d040d2a94e7067e214dd2e,3e750a5e2c9d4e9e87ec13a8b0bc7453,agent-system,e2e_lightweight_candidate_rule_v1,models/isolation_forest_hdfs_colab.joblib,hdfs,ok,0.031136,True,True,True,True,0,False,1,"{""agent-system"": 0.990548}",2,"{""agent-network"": ""capability_missing"", ""agent-security"": ""capability_missing""}",0,
multisource_cnp_20260910T095810Z,hdfs,107,aaac4a73b1ef4b32b386b3aa49a61cd4,7885a7aacd1945fdb85d3878bb6c8903,agent-system,e2e_lightweight_candidate_rule_v1,models/isolation_forest_hdfs_colab.joblib,hdfs,ok,0.028827,True,True,True,True,0,False,1,"{""agent-system"": 0.990564}",2,"{""agent-network"": ""capability_missing"", ""agent-security"": ""capability_missing""}",0,
multisource_cnp_20260910T095810Z,hdfs,108,30d4cb53db6940068fc89af2c27a8937,f5052d084994483cba9e3d59d737e6cd,agent-system,e2e_lightweight_candidate_rule_v1,models/isolation_forest_hdfs_colab.joblib,hdfs,ok,0.029599,True,True,True,True,0,False,1,"{""agent-system"": 0.990582}",2,"{""agent-network"": ""capability_missing"", ""agent-security"": ""capability_missing""}",0,
multisource_cnp_20260910T095810Z,hdfs,109,22d1e36a370146cc8bacebec40a5134a,752c54f26d834d3dad6db087eeec9aed,agent-system,e2e_lightweight_candidate_rule_v1,models/isolation_forest_hdfs_colab.joblib,hdfs,ok,0.029466,True,True,True,True,0,False,1,"{""agent-system"": 0.990595}",2,"{""agent-network"": ""capability_missing"", ""agent-security"": ""capability_missing""}",0,
multisource_cnp_20260910T095810Z,hdfs,110,8f05ea5b3b0d45cfaf191aa425f08b6c,f62e9c54921841e7a9950d34561f1c05,agent-system,e2e_lightweight_candidate_rule_v1,models/isolation_forest_hdfs_colab.joblib,hdfs,ok,0.02841,True,True,True,True,0,False,1,"{""agent-system"": 0.99061}",2,"{""agent-network"": ""capability_missing"", ""agent-security"": ""capability_missing""}",0,
multisource_cnp_20260910T095810Z,hdfs,111,d07ea638fe3c42b1ba7738416b34ca5f,6278716f80424687ba932bb01ccb4f44,agent-system,e2e_lightweight_candidate_rule_v1,models/isolation_forest_hdfs_colab.joblib,hdfs,ok,0.026247,True,True,True,True,0,False,1,"{""agent-system"": 0.990631}",2,"{""agent-network"": ""capability_missing"", ""agent-security"": ""capability_missing""}",0,
multisource_cnp_20260910T095810Z,hdfs,112,55d6a94e210e4c7abacc6bc0e6451a7b,10b64c7c60da4f8e810e9471fd985a9f,agent-system,e2e_lightweight_candidate_rule_v1,models/isolation_forest_hdfs_colab.joblib,hdfs,ok,0.026419,True,True,True,True,0,False,1,"{""agent-system"": 0.990655}",2,"{""agent-network"": ""capability_missing"", ""agent-security"": ""capability_missing""}",0,
multisource_cnp_20260910T095810Z,hdfs,113,138f4c835cce49b480e1bf565f46e2a3,c01ca60343f14b52b557a7925eb7bf19,agent-system,e2e_lightweight_candidate_rule_v1,models/isolation_forest_hdfs_colab.joblib,hdfs,ok,0.028532,True,True,True,True,0,False,1,"{""agent-system"": 0.990674}",2,"{""agent-network"": ""capability_missing"", ""agent-security"": ""capability_missing""}",0,
multisource_cnp_20260910T095810Z,hdfs,114,b7fbb7d5f7394899945a07ea8e3f9758,2d6df673e31a4ab1ac288960620fffdc,agent-system,e2e_lightweight_candidate_rule_v1,models/isolation_forest_hdfs_colab.joblib,hdfs,ok,0.028974,True,True,True,True,0,False,1,"{""agent-system"": 0.990685}",2,"{""agent-network"": ""capability_missing"", ""agent-security"": ""capability_missing""}",0,
multisource_cnp_20260910T095810Z,hdfs,115,c5e213bed09a4e638970502498c4ed7c,1084f15a781c47519820273ac791d06b,agent-system,e2e_lightweight_candidate_rule_v1,models/isolation_forest_hdfs_colab.joblib,hdfs,ok,0.02451,True,True,True,True,0,False,1,"{""agent-system"": 0.990699}",2,"{""agent-network"": ""capability_missing"", ""agent-security"": ""capability_missing""}",0,
multisource_cnp_20260910T095810Z,hdfs,116,b01784af110e48c594bc12b3b9817ee8,c2b66735def94935a340c37c430e42ce,agent-system,e2e_lightweight_candidate_rule_v1,models/isolation_forest_hdfs_colab.joblib,hdfs,ok,0.034056,True,True,True,True,0,False,1,"{""agent-system"": 0.990715}",2,"{""agent-network"": ""capability_missing"", ""agent-security"": ""capability_missing""}",0,
multisource_cnp_20260910T095810Z,hdfs,117,236d4e3ab95f41d28a59ae74dc58cee5,e019ec253b794c4f9fcd59a03144e405,agent-system,e2e_lightweight_candidate_rule_v1,models/isolation_forest_hdfs_colab.joblib,hdfs,ok,0.028507,True,True,True,True,0,False,1,"{""agent-system"": 0.990722}",2,"{""agent-network"": ""capability_missing"", ""agent-security"": ""capability_missing""}",0,
multisource_cnp_20260910T095810Z,hdfs,118,a53fa2b6772a43e8b57a6c2ebc0055cf,ab249a5dfcae470a8fcd305fa1ef940d,agent-system,e2e_lightweight_candidate_rule_v1,models/isolation_forest_hdfs_colab.joblib,hdfs,ok,0.023711,True,True,True,True,0,False,1,"{""agent-system"": 0.990739}",2,"{""agent-network"": ""capability_missing"", ""agent-security"": ""capability_missing""}",0,
multisource_cnp_20260910T095810Z,hdfs,119,f3c855a2672a470fa78378ad6ace4145,6a090ce1492d4348a40539a9fdaeba9c,agent-system,e2e_lightweight_candidate_rule_v1,models/isolation_forest_hdfs_colab.joblib,hdfs,ok,0.027773,True,True,True,True,0,False,1,"{""agent-system"": 0.990761}",2,"{""agent-network"": ""capability_missing"", ""agent-security"": ""capability_missing""}",0,
multisource_cnp_20260910T095810Z,hdfs,120,1f4b7678c1d34d458bc864c4df4ef54e,e27a831e17a24b9d9cfaa42a375db647,agent-system,e2e_lightweight_candidate_rule_v1,models/isolation_forest_hdfs_colab.joblib,hdfs,ok,0.02599,True,True,True,True,0,False,1,"{""agent-system"": 0.990779}",2,"{""agent-network"": ""capability_missing"", ""agent-security"": ""capability_missing""}",0,
multisource_cnp_20260910T095810Z,hdfs,121,aef1d6f1a53242459d3abaf6f7690c30,f4055bfb76354bc796ab907c00cf07d1,agent-system,e2e_lightweight_candidate_rule_v1,models/isolation_forest_hdfs_colab.joblib,hdfs,ok,0.03077,True,True,True,True,0,False,1,"{""agent-system"": 0.990791}",2,"{""agent-network"": ""capability_missing"", ""agent-security"": ""capability_missing""}",0,
multisource_cnp_20260910T095810Z,hdfs,122,596f0cd123004a778518a4322956f1fd,4aef676a38bf49eea9c6634f4247af8f,agent-system,e2e_lightweight_candidate_rule_v1,models/isolation_forest_hdfs_colab.joblib,hdfs,ok,0.03176,True,True,True,True,0,False,1,"{""agent-system"": 0.990802}",2,"{""agent-network"": ""capability_missing"", ""agent-security"": ""capability_missing""}",0,
multisource_cnp_20260910T095810Z,hdfs,123,f1612ac014d6472ea1c087167e794280,ed416352d2eb4cb49d9eff74f5802626,agent-system,e2e_lightweight_candidate_rule_v1,models/isolation_forest_hdfs_colab.joblib,hdfs,ok,0.03,True,True,True,True,0,False,1,"{""agent-system"": 0.990813}",2,"{""agent-network"": ""capability_missing"", ""agent-security"": ""capability_missing""}",0,
multisource_cnp_20260910T095810Z,hdfs,124,e0655bdb81a3485784a7a15eee54a606,a3021b33c9bc4c5e94f51c9dd1884c77,agent-system,e2e_lightweight_candidate_rule_v1,models/isolation_forest_hdfs_colab.joblib,hdfs,ok,0.031012,True,True,True,True,0,False,1,"{""agent-system"": 0.990824}",2,"{""agent-network"": ""capability_missing"", ""agent-security"": ""capability_missing""}",0,
multisource_cnp_20260910T095810Z,hdfs,125,473cd42962c74552a60d5e2e367dca85,aae075680f754fd79e6c6e2d633c0560,agent-system,e2e_lightweight_candidate_rule_v1,models/isolation_forest_hdfs_colab.joblib,hdfs,ok,0.03111,True,True,True,True,0,False,1,"{""agent-system"": 0.990858}",2,"{""agent-network"": ""capability_missing"", ""agent-security"": ""capability_missing""}",0,
multisource_cnp_20260910T095810Z,hdfs,126,ca07b5d4bc7048e1b23dac442502da0b,0b9798a5c27741febf206c7a3f19516c,agent-system,e2e_lightweight_candidate_rule_v1,models/isolation_forest_hdfs_colab.joblib,hdfs,ok,0.024021,True,True,True,True,0,False,1,"{""agent-system"": 0.990896}",2,"{""agent-network"": ""capability_missing"", ""agent-security"": ""capability_missing""}",0,
multisource_cnp_20260910T095810Z,hdfs,127,b41c364ee4e74cf29c86ad3f50267df0,bfe7d66cba2d4fca908f3513927197e0,agent-system,e2e_lightweight_candidate_rule_v1,models/isolation_forest_hdfs_colab.joblib,hdfs,ok,0.030455,True,True,True,True,0,False,1,"{""agent-system"": 0.990927}",2,"{""agent-network"": ""capability_missing"", ""agent-security"": ""capability_missing""}",0,
multisource_cnp_20260910T095810Z,hdfs,128,291e3a1c19994ea5abcffbd90e96c434,598553d7cc8f483788f0595ec95f6e97,agent-system,e2e_lightweight_candidate_rule_v1,models/isolation_forest_hdfs_colab.joblib,hdfs,ok,0.034245,True,True,True,True,0,False,1,"{""agent-system"": 0.990955}",2,"{""agent-network"": ""capability_missing"", ""agent-security"": ""capability_missing""}",0,
multisource_cnp_20260910T095810Z,hdfs,129,5ddf4795408a4358a51b49bfd52c11ef,8968fdc12df845d09781b08dc0c0a526,agent-system,e2e_lightweight_candidate_rule_v1,models/isolation_forest_hdfs_colab.joblib,hdfs,ok,0.030489,True,True,True,True,0,False,1,"{""agent-system"": 0.990969}",2,"{""agent-network"": ""capability_missing"", ""agent-security"": ""capability_missing""}",0,
multisource_cnp_20260910T095810Z,hdfs,130,7dfa1b3611bc40ae8deecf2ffe3bb6c1,d10980a41a9246909301ddb3ba677cb3,agent-system,e2e_lightweight_candidate_rule_v1,models/isolation_forest_hdfs_colab.joblib,hdfs,ok,0.02935,True,True,True,True,0,False,1,"{""agent-system"": 0.990995}",2,"{""agent-network"": ""capability_missing"", ""agent-security"": ""capability_missing""}",0,
multisource_cnp_20260910T095810Z,hdfs,131,b2b6e9c1c73342018cf236b4eec7944b,22cd4d01f77f452caa8a5647b7bff602,agent-system,e2e_lightweight_candidate_rule_v1,models/isolation_forest_hdfs_colab.joblib,hdfs,ok,0.025502,True,True,True,True,0,False,1,"{""agent-system"": 0.99101}",2,"{""agent-network"": ""capability_missing"", ""agent-security"": ""capability_missing""}",0,
multisource_cnp_20260910T095810Z,hdfs,132,8d3395ca589b4624b4401ad7bbfc5234,ffa9145e8f2543e480ca8593d5869d39,agent-system,e2e_lightweight_candidate_rule_v1,models/isolation_forest_hdfs_colab.joblib,hdfs,ok,0.029993,True,True,True,True,0,False,1,"{""agent-system"": 0.991025}",2,"{""agent-network"": ""capability_missing"", ""agent-security"": ""capability_missing""}",0,
multisource_cnp_20260910T095810Z,hdfs,133,c2b57ebde60d47fb8c538a0598d35aac,269b31c0ef234ac1af5ecd10a6737253,agent-system,e2e_lightweight_candidate_rule_v1,models/isolation_forest_hdfs_colab.joblib,hdfs,ok,0.027409,True,True,True,True,0,False,1,"{""agent-system"": 0.991033}",2,"{""agent-network"": ""capability_missing"", ""agent-security"": ""capability_missing""}",0,
multisource_cnp_20260910T095810Z,hdfs,134,3606ce1eb97a4a46854b36d0a026381a,80efdb888c94466f91150504f42068a8,agent-system,e2e_lightweight_candidate_rule_v1,models/isolation_forest_hdfs_colab.joblib,hdfs,ok,0.027062,True,True,True,True,0,False,1,"{""agent-system"": 0.991047}",2,"{""agent-network"": ""capability_missing"", ""agent-security"": ""capability_missing""}",0,
multisource_cnp_20260910T095810Z,hdfs,135,dc8e9e42051240e1867a2c70279d596b,4b86eda7c20e411db0e4e61e35b93d54,agent-system,e2e_lightweight_candidate_rule_v1,models/isolation_forest_hdfs_colab.joblib,hdfs,ok,0.029675,True,True,True,True,0,False,1,"{""agent-system"": 0.991063}",2,"{""agent-network"": ""capability_missing"", ""agent-security"": ""capability_missing""}",0,
multisource_cnp_20260910T095810Z,hdfs,136,bb0daf8f392246f9ae9b59193b99f2cb,adb9911fd26249fd94d741136125f55f,agent-system,e2e_lightweight_candidate_rule_v1,models/isolation_forest_hdfs_colab.joblib,hdfs,ok,0.032252,True,True,True,True,0,False,1,"{""agent-system"": 0.991068}",2,"{""agent-network"": ""capability_missing"", ""agent-security"": ""capability_missing""}",0,
multisource_cnp_20260910T095810Z,hdfs,137,b41f84c1202f40749d729bd0503c055d,d9a1399b94864da88ea49d3e43b622a7,agent-system,e2e_lightweight_candidate_rule_v1,models/isolation_forest_hdfs_colab.joblib,hdfs,ok,0.034345,True,True,True,True,0,False,1,"{""agent-system"": 0.991078}",2,"{""agent-network"": ""capability_missing"", ""agent-security"": ""capability_missing""}",0,
multisource_cnp_20260910T095810Z,hdfs,138,0606484803bc4c4893e67d3bac61b3bc,20d5c65d4f3a499a9fe0b925e5356105,agent-system,e2e_lightweight_candidate_rule_v1,models/isolation_forest_hdfs_colab.joblib,hdfs,ok,0.032182,True,True,True,True,0,False,1,"{""agent-system"": 0.99108}",2,"{""agent-network"": ""capability_missing"", ""agent-security"": ""capability_missing""}",0,
multisource_cnp_20260910T095810Z,hdfs,139,b2d4094af0814e4bbdd2b7df9a44a492,dd8c1c1e958b43a49cd2c90ad56e509d,agent-system,e2e_lightweight_candidate_rule_v1,models/isolation_forest_hdfs_colab.joblib,hdfs,ok,0.040204,True,True,True,True,0,False,1,"{""agent-system"": 0.991083}",2,"{""agent-network"": ""capability_missing"", ""agent-security"": ""capability_missing""}",0,
multisource_cnp_20260910T095810Z,hdfs,140,7efce7f0612a42309d65657bf33e54e6,0627a7f4f6be403c92592005318dd666,agent-system,e2e_lightweight_candidate_rule_v1,models/isolation_forest_hdfs_colab.joblib,hdfs,ok,0.041861,True,True,True,True,0,False,1,"{""agent-system"": 0.991083}",2,"{""agent-network"": ""capability_missing"", ""agent-security"": ""capability_missing""}",0,
multisource_cnp_20260910T095810Z,hdfs,141,b8ae2d4a51a64b9fbb533c37b6fb79ef,e7185ea0c26f409a85314932b650fa5a,agent-system,e2e_lightweight_candidate_rule_v1,models/isolation_forest_hdfs_colab.joblib,hdfs,ok,0.05346,True,True,True,True,0,False,1,"{""agent-system"": 0.991076}",2,"{""agent-network"": ""capability_missing"", ""agent-security"": ""capability_missing""}",0,
multisource_cnp_20260910T095810Z,hdfs,142,04ddb5b599244835b226c0dc8984f828,d4bda08a41a14c7bbec81ff0ecc0ea88,agent-system,e2e_lightweight_candidate_rule_v1,models/isolation_forest_hdfs_colab.joblib,hdfs,ok,0.069571,True,True,True,True,0,False,1,"{""agent-system"": 0.991065}",2,"{""agent-network"": ""capability_missing"", ""agent-security"": ""capability_missing""}",0,
multisource_cnp_20260910T095810Z,hdfs,143,51f8937d6ba4431dae0be38cb8d57296,db1a12240f274d55998e81c407e59751,agent-system,e2e_lightweight_candidate_rule_v1,models/isolation_forest_hdfs_colab.joblib,hdfs,ok,0.063765,True,True,True,True,0,False,1,"{""agent-system"": 0.991038}",2,"{""agent-network"": ""capability_missing"", ""agent-security"": ""capability_missing""}",0,
multisource_cnp_20260910T095810Z,hdfs,144,8dc1434d88484063925cdf00f582e7a7,fc623c2eb6a746dc965740dd2c5bf9a7,agent-system,e2e_lightweight_candidate_rule_v1,models/isolation_forest_hdfs_colab.joblib,hdfs,ok,0.050036,True,True,True,True,0,False,1,"{""agent-system"": 0.991016}",2,"{""agent-network"": ""capability_missing"", ""agent-security"": ""capability_missing""}",0,
multisource_cnp_20260910T095810Z,hdfs,145,fc2e52ef95ab4c45967551d47ebf15b4,21dab0d0a1bd4edf81675614579f8866,agent-system,e2e_lightweight_candidate_rule_v1,models/isolation_forest_hdfs_colab.joblib,hdfs,ok,0.052238,True,True,True,True,0,False,1,"{""agent-system"": 0.991006}",2,"{""agent-network"": ""capability_missing"", ""agent-security"": ""capability_missing""}",0,
multisource_cnp_20260910T095810Z,hdfs,146,05739db912c04e0aa898e7cac9c9782a,60702b8e9a734ddfa5f9022f325e9437,agent-system,e2e_lightweight_candidate_rule_v1,models/isolation_forest_hdfs_colab.joblib,hdfs,ok,0.044137,True,True,True,True,0,False,1,"{""agent-system"": 0.991023}",2,"{""agent-network"": ""capability_missing"", ""agent-security"": ""capability_missing""}",0,
multisource_cnp_20260910T095810Z,hdfs,147,79ccde2b6d2b4836aaaeb5ea7dbb92e3,3f149bc07d0e4f8f82965751c995ae12,agent-system,e2e_lightweight_candidate_rule_v1,models/isolation_forest_hdfs_colab.joblib,hdfs,ok,0.036519,True,True,True,True,0,False,1,"{""agent-system"": 0.991041}",2,"{""agent-network"": ""capability_missing"", ""agent-security"": ""capability_missing""}",0,
multisource_cnp_20260910T095810Z,hdfs,148,a14d9082b06d46f59d42567d3dddf90c,c5f00dea789c4674b385780d04fb2e65,agent-system,e2e_lightweight_candidate_rule_v1,models/isolation_forest_hdfs_colab.joblib,hdfs,ok,0.038805,True,True,True,True,0,False,1,"{""agent-system"": 0.991063}",2,"{""agent-network"": ""capability_missing"", ""agent-security"": ""capability_missing""}",0,
multisource_cnp_20260910T095810Z,hdfs,149,6a107c03d0c344468cccf5857150e236,2856b80d4ccd4143a758d15b19d523c2,agent-system,e2e_lightweight_candidate_rule_v1,models/isolation_forest_hdfs_colab.joblib,hdfs,ok,0.059004,True,True,True,True,0,False,1,"{""agent-system"": 0.991086}",2,"{""agent-network"": ""capability_missing"", ""agent-security"": ""capability_missing""}",0,
multisource_cnp_20260910T095810Z,hdfs,150,cd3f79951db24f50a4f37ca6915d7050,51059f759b61470aa8d25e99e7086fb6,agent-system,e2e_lightweight_candidate_rule_v1,models/isolation_forest_hdfs_colab.joblib,hdfs,ok,0.048909,True,True,True,True,0,False,1,"{""agent-system"": 0.991076}",2,"{""agent-network"": ""capability_missing"", ""agent-security"": ""capability_missing""}",0,
multisource_cnp_20260910T095810Z,hdfs,151,d7081c2ea1134d7a920d620d21f84d97,0d5ce8d630234a328a2ec06be4732302,agent-system,e2e_lightweight_candidate_rule_v1,models/isolation_forest_hdfs_colab.joblib,hdfs,ok,0.037138,True,True,True,True,0,False,1,"{""agent-system"": 0.99107}",2,"{""agent-network"": ""capability_missing"", ""agent-security"": ""capability_missing""}",0,
multisource_cnp_20260910T095810Z,hdfs,152,e00031c001f747fbaa5e0530d5baf117,b521f4a1463c4ebdaca5d78e90e87c79,agent-system,e2e_lightweight_candidate_rule_v1,models/isolation_forest_hdfs_colab.joblib,hdfs,ok,0.04083,True,True,True,True,0,False,1,"{""agent-system"": 0.991078}",2,"{""agent-network"": ""capability_missing"", ""agent-security"": ""capability_missing""}",0,
multisource_cnp_20260910T095810Z,hdfs,153,4f130c218a3f4f8daa7f4e02f8e4c664,7b3e6b20801e49de89ffa2989631d776,agent-system,e2e_lightweight_candidate_rule_v1,models/isolation_forest_hdfs_colab.joblib,hdfs,ok,0.052696,True,True,True,True,0,False,1,"{""agent-system"": 0.991082}",2,"{""agent-network"": ""capability_missing"", ""agent-security"": ""capability_missing""}",0,
multisource_cnp_20260910T095810Z,hdfs,154,3ddb8dff5c3f4063b8c22a36a6d60b66,a3fc1e8553a24fff89e5061168fbbd41,agent-system,e2e_lightweight_candidate_rule_v1,models/isolation_forest_hdfs_colab.joblib,hdfs,ok,0.044851,True,True,True,True,0,False,1,"{""agent-system"": 0.991074}",2,"{""agent-network"": ""capability_missing"", ""agent-security"": ""capability_missing""}",0,
multisource_cnp_20260910T095810Z,hdfs,155,80878bca83cd4f938b26f2d4e1aec824,e8bd3315532e42dfbd2ba497d46909a0,agent-system,e2e_lightweight_candidate_rule_v1,models/isolation_forest_hdfs_colab.joblib,hdfs,ok,0.045172,True,True,True,True,0,False,1,"{""agent-system"": 0.991067}",2,"{""agent-network"": ""capability_missing"", ""agent-security"": ""capability_missing""}",0,
multisource_cnp_20260910T095810Z,hdfs,156,8e0e8d70ebaa4ee9af96f38f243a02c3,b54c062fc49e43fa88578eb5a1ed5cc2,agent-system,e2e_lightweight_candidate_rule_v1,models/isolation_forest_hdfs_colab.joblib,hdfs,ok,0.038991,True,True,True,True,0,False,1,"{""agent-system"": 0.991061}",2,"{""agent-network"": ""capability_missing"", ""agent-security"": ""capability_missing""}",0,
multisource_cnp_20260910T095810Z,hdfs,157,22b2f3f28c4d436092f6912f963c9efc,71ed6d7e2bba4f82bb1c9d95bb94024f,agent-system,e2e_lightweight_candidate_rule_v1,models/isolation_forest_hdfs_colab.joblib,hdfs,ok,0.040083,True,True,True,True,0,False,1,"{""agent-system"": 0.991062}",2,"{""agent-network"": ""capability_missing"", ""agent-security"": ""capability_missing""}",0,
multisource_cnp_20260910T095810Z,hdfs,158,a493b489664744dd996744446c549c77,de9eec4ad0cb48dfb8411903aaee1e1e,agent-system,e2e_lightweight_candidate_rule_v1,models/isolation_forest_hdfs_colab.joblib,hdfs,ok,0.065443,True,True,True,True,0,False,1,"{""agent-system"": 0.99106}",2,"{""agent-network"": ""capability_missing"", ""agent-security"": ""capability_missing""}",0,
multisource_cnp_20260910T095810Z,hdfs,159,6a1d1ab59b15431bacc5090de6d45038,e277eb4de6634548b59318d82618f1fa,agent-system,e2e_lightweight_candidate_rule_v1,models/isolation_forest_hdfs_colab.joblib,hdfs,ok,0.073263,True,True,True,True,0,False,1,"{""agent-system"": 0.991035}",2,"{""agent-network"": ""capability_missing"", ""agent-security"": ""capability_missing""}",0,
multisource_cnp_20260910T095810Z,hdfs,160,5a0e76f388e441568e5a806d3f1d6fd6,1b43d72e563c4812b5ddacb4709829e0,agent-system,e2e_lightweight_candidate_rule_v1,models/isolation_forest_hdfs_colab.joblib,hdfs,ok,0.074632,True,True,True,True,0,False,1,"{""agent-system"": 0.991004}",2,"{""agent-network"": ""capability_missing"", ""agent-security"": ""capability_missing""}",0,
multisource_cnp_20260910T095810Z,hdfs,161,ab40bd91dac64b20a09c069e8c82c0c8,48b7a53c9cfb4035a1d2285fc30f811a,agent-system,e2e_lightweight_candidate_rule_v1,models/isolation_forest_hdfs_colab.joblib,hdfs,ok,0.074868,True,True,True,True,0,False,1,"{""agent-system"": 0.99097}",2,"{""agent-network"": ""capability_missing"", ""agent-security"": ""capability_missing""}",0,
multisource_cnp_20260910T095810Z,hdfs,162,a81b2653859a4fa1836c460c86d8418d,db8e3e73adb24dbaa5d6ce5e288dd20f,agent-system,e2e_lightweight_candidate_rule_v1,models/isolation_forest_hdfs_colab.joblib,hdfs,ok,0.070569,True,True,True,True,0,False,1,"{""agent-system"": 0.990935}",2,"{""agent-network"": ""capability_missing"", ""agent-security"": ""capability_missing""}",0,
multisource_cnp_20260910T095810Z,hdfs,163,f1180008c5fe4e349fbb8d53f7e6faa4,5c03cc39041041f6acf53be58c333082,agent-system,e2e_lightweight_candidate_rule_v1,models/isolation_forest_hdfs_colab.joblib,hdfs,ok,0.060636,True,True,True,True,0,False,1,"{""agent-system"": 0.990903}",2,"{""agent-network"": ""capability_missing"", ""agent-security"": ""capability_missing""}",0,
multisource_cnp_20260910T095810Z,hdfs,164,40efb520c3c346e0b2d5f4a6339a57a4,2276e481d5eb4bc4b1250e3dea375d36,agent-system,e2e_lightweight_candidate_rule_v1,models/isolation_forest_hdfs_colab.joblib,hdfs,ok,0.056894,True,True,True,True,0,False,1,"{""agent-system"": 0.990882}",2,"{""agent-network"": ""capability_missing"", ""agent-security"": ""capability_missing""}",0,
multisource_cnp_20260910T095810Z,hdfs,165,ed2638016d9744428929c0543e25fea2,9fe472b2c3c74cbaaafba9824388f333,agent-system,e2e_lightweight_candidate_rule_v1,models/isolation_forest_hdfs_colab.joblib,hdfs,ok,0.058986,True,True,True,True,0,False,1,"{""agent-system"": 0.990865}",2,"{""agent-network"": ""capability_missing"", ""agent-security"": ""capability_missing""}",0,
multisource_cnp_20260910T095810Z,hdfs,166,c69f395dbeef45fc98c1c330e70ff4f6,229736d79adb459ebc45895f75298d19,agent-system,e2e_lightweight_candidate_rule_v1,models/isolation_forest_hdfs_colab.joblib,hdfs,ok,0.051562,True,True,True,True,0,False,1,"{""agent-system"": 0.990842}",2,"{""agent-network"": ""capability_missing"", ""agent-security"": ""capability_missing""}",0,
multisource_cnp_20260910T095810Z,hdfs,167,9831d08374194c1a9e2e1e4c1cadfe3d,f8b8a33f489749cdadc84654397f7334,agent-system,e2e_lightweight_candidate_rule_v1,models/isolation_forest_hdfs_colab.joblib,hdfs,ok,0.0534,True,True,True,True,0,False,1,"{""agent-system"": 0.990834}",2,"{""agent-network"": ""capability_missing"", ""agent-security"": ""capability_missing""}",0,
multisource_cnp_20260910T095810Z,hdfs,168,3ec53b3761274e7086a825554b08db4e,824be71ee0db4ef0a1ed9b3905e70853,agent-system,e2e_lightweight_candidate_rule_v1,models/isolation_forest_hdfs_colab.joblib,hdfs,ok,0.048731,True,True,True,True,0,False,1,"{""agent-system"": 0.990818}",2,"{""agent-network"": ""capability_missing"", ""agent-security"": ""capability_missing""}",0,
multisource_cnp_20260910T095810Z,hdfs,169,2f04f2677f62423491139768467225b2,9874e50b85474b5bb4c7a63209be5aac,agent-system,e2e_lightweight_candidate_rule_v1,models/isolation_forest_hdfs_colab.joblib,hdfs,ok,0.049925,True,True,True,True,0,False,1,"{""agent-system"": 0.990803}",2,"{""agent-network"": ""capability_missing"", ""agent-security"": ""capability_missing""}",0,
multisource_cnp_20260910T095810Z,hdfs,170,d386d2c9104246e0b8358915d1d303d6,9db634e14bea4da99b20110868b043c4,agent-system,e2e_lightweight_candidate_rule_v1,models/isolation_forest_hdfs_colab.joblib,hdfs,ok,0.063602,True,True,True,True,0,False,1,"{""agent-system"": 0.990791}",2,"{""agent-network"": ""capability_missing"", ""agent-security"": ""capability_missing""}",0,
multisource_cnp_20260910T095810Z,hdfs,171,6260b73c010d4710b5a3a91684082314,b7c4f8b1706f46c3bcff3062cf5c9ca5,agent-system,e2e_lightweight_candidate_rule_v1,models/isolation_forest_hdfs_colab.joblib,hdfs,ok,0.059899,True,True,True,True,0,False,1,"{""agent-system"": 0.990764}",2,"{""agent-network"": ""capability_missing"", ""agent-security"": ""capability_missing""}",0,
multisource_cnp_20260910T095810Z,hdfs,172,49083217135444ab9327460ea2d3ae10,8bf7cd713dae44b0bc3284a09d2be3f5,agent-system,e2e_lightweight_candidate_rule_v1,models/isolation_forest_hdfs_colab.joblib,hdfs,ok,0.035503,True,True,True,True,0,False,1,"{""agent-system"": 0.990745}",2,"{""agent-network"": ""capability_missing"", ""agent-security"": ""capability_missing""}",0,
multisource_cnp_20260910T095810Z,hdfs,173,e3c9245b8c8e4b1081bacdbf6800265d,478b86e24b6747538119674fca1e1218,agent-system,e2e_lightweight_candidate_rule_v1,models/isolation_forest_hdfs_colab.joblib,hdfs,ok,0.035143,True,True,True,True,0,False,1,"{""agent-system"": 0.990748}",2,"{""agent-network"": ""capability_missing"", ""agent-security"": ""capability_missing""}",0,
multisource_cnp_20260910T095810Z,hdfs,174,5023532a6c2340b69ddedbf2d41356fd,7b78ac7235e94dc5b174799bd0e6e35f,agent-system,e2e_lightweight_candidate_rule_v1,models/isolation_forest_hdfs_colab.joblib,hdfs,ok,0.035468,True,True,True,True,0,False,1,"{""agent-system"": 0.99075}",2,"{""agent-network"": ""capability_missing"", ""agent-security"": ""capability_missing""}",0,
multisource_cnp_20260910T095810Z,hdfs,175,1ca48f2dc9004712adcfb08c753a866d,37d2e22b2a6846c58f88a934e510962a,agent-system,e2e_lightweight_candidate_rule_v1,models/isolation_forest_hdfs_colab.joblib,hdfs,ok,0.028669,True,True,True,True,0,False,1,"{""agent-system"": 0.990753}",2,"{""agent-network"": ""capability_missing"", ""agent-security"": ""capability_missing""}",0,
multisource_cnp_20260910T095810Z,hdfs,176,20858d082b4f4f26b1eee6011c4a5877,da8e9cde268049b7a0fd62e0d5679d1b,agent-system,e2e_lightweight_candidate_rule_v1,models/isolation_forest_hdfs_colab.joblib,hdfs,ok,0.031224,True,True,True,True,0,False,1,"{""agent-system"": 0.990761}",2,"{""agent-network"": ""capability_missing"", ""agent-security"": ""capability_missing""}",0,
multisource_cnp_20260910T095810Z,hdfs,177,8244d5584e3b49c6857e3c6bf66db5ce,c62dfbaa384e4decbda499b4393c30fe,agent-system,e2e_lightweight_candidate_rule_v1,models/isolation_forest_hdfs_colab.joblib,hdfs,ok,0.037217,True,True,True,True,0,False,1,"{""agent-system"": 0.990761}",2,"{""agent-network"": ""capability_missing"", ""agent-security"": ""capability_missing""}",0,
multisource_cnp_20260910T095810Z,hdfs,178,85424f4a0a224265bc73a6b1b53865f9,46a8b94ec1a249f9b61c047acf07c48e,agent-system,e2e_lightweight_candidate_rule_v1,models/isolation_forest_hdfs_colab.joblib,hdfs,ok,0.025835,True,True,True,True,0,False,1,"{""agent-system"": 0.990762}",2,"{""agent-network"": ""capability_missing"", ""agent-security"": ""capability_missing""}",0,
multisource_cnp_20260910T095810Z,hdfs,179,417b885deb5e4aef926b98b89a42b31c,5b2d4fa4a4ab47d681d965dea0b5aea3,agent-system,e2e_lightweight_candidate_rule_v1,models/isolation_forest_hdfs_colab.joblib,hdfs,ok,0.027478,True,True,True,True,0,False,1,"{""agent-system"": 0.990776}",2,"{""agent-network"": ""capability_missing"", ""agent-security"": ""capability_missing""}",0,
multisource_cnp_20260910T095810Z,hdfs,180,ce18e4a930cf4687a8fa647fa17204b0,d4acd9d457cc43709d518a1ac3556f3f,agent-system,e2e_lightweight_candidate_rule_v1,models/isolation_forest_hdfs_colab.joblib,hdfs,ok,0.030751,True,True,True,True,0,False,1,"{""agent-system"": 0.990784}",2,"{""agent-network"": ""capability_missing"", ""agent-security"": ""capability_missing""}",0,
multisource_cnp_20260910T095810Z,hdfs,181,b67947235f4f440184b924d84c3e8176,e7ec7a78ff864ec9835462d908458baf,agent-system,e2e_lightweight_candidate_rule_v1,models/isolation_forest_hdfs_colab.joblib,hdfs,ok,0.035298,True,True,True,True,0,False,1,"{""agent-system"": 0.990789}",2,"{""agent-network"": ""capability_missing"", ""agent-security"": ""capability_missing""}",0,
multisource_cnp_20260910T095810Z,hdfs,182,089e9898d4b94f638124cf88cd99d1b1,4b7842fc68ce4635829fdecd840ab7cd,agent-system,e2e_lightweight_candidate_rule_v1,models/isolation_forest_hdfs_colab.joblib,hdfs,ok,0.027902,True,True,True,True,0,False,1,"{""agent-system"": 0.990787}",2,"{""agent-network"": ""capability_missing"", ""agent-security"": ""capability_missing""}",0,
multisource_cnp_20260910T095810Z,hdfs,183,1b6db34988734cfcb499348d5406cbd3,b2e9f160b2304ba490171cb91918d65c,agent-system,e2e_lightweight_candidate_rule_v1,models/isolation_forest_hdfs_colab.joblib,hdfs,ok,0.027422,True,True,True,True,0,False,1,"{""agent-system"": 0.990795}",2,"{""agent-network"": ""capability_missing"", ""agent-security"": ""capability_missing""}",0,
multisource_cnp_20260910T095810Z,hdfs,184,c7eb45713f6f4262964752dda977fad9,f22324264ceb41b5b604ce6be2ec7035,agent-system,e2e_lightweight_candidate_rule_v1,models/isolation_forest_hdfs_colab.joblib,hdfs,ok,0.028274,True,True,True,True,0,False,1,"{""agent-system"": 0.990801}",2,"{""agent-network"": ""capability_missing"", ""agent-security"": ""capability_missing""}",0,
multisource_cnp_20260910T095810Z,hdfs,185,d4a22132a90840b2a1a606987c61a40d,42ee31ea01a14f71a6b252b025df22a4,agent-system,e2e_lightweight_candidate_rule_v1,models/isolation_forest_hdfs_colab.joblib,hdfs,ok,0.029771,True,True,True,True,0,False,1,"{""agent-system"": 0.990806}",2,"{""agent-network"": ""capability_missing"", ""agent-security"": ""capability_missing""}",0,
multisource_cnp_20260910T095810Z,hdfs,186,e72ba5b528e34a0c9e834f5c083d3299,08206b4d13b649759112186427a45bf0,agent-system,e2e_lightweight_candidate_rule_v1,models/isolation_forest_hdfs_colab.joblib,hdfs,ok,0.023313,True,True,True,True,0,False,1,"{""agent-system"": 0.990812}",2,"{""agent-network"": ""capability_missing"", ""agent-security"": ""capability_missing""}",0,
multisource_cnp_20260910T095810Z,hdfs,187,6199a9598dc74fce81c0e99b63786e33,e684581ce85b4c259266e06cc4f1b1c7,agent-system,e2e_lightweight_candidate_rule_v1,models/isolation_forest_hdfs_colab.joblib,hdfs,ok,0.027301,True,True,True,True,0,False,1,"{""agent-system"": 0.990826}",2,"{""agent-network"": ""capability_missing"", ""agent-security"": ""capability_missing""}",0,
multisource_cnp_20260910T095810Z,hdfs,188,a67f8b75f5044baf9880dc191f812d05,53ec3addcafb4adebec3208c7a37b05d,agent-system,e2e_lightweight_candidate_rule_v1,models/isolation_forest_hdfs_colab.joblib,hdfs,ok,0.029853,True,True,True,True,0,False,1,"{""agent-system"": 0.990838}",2,"{""agent-network"": ""capability_missing"", ""agent-security"": ""capability_missing""}",0,
multisource_cnp_20260910T095810Z,hdfs,189,4e8477457c0b4249aeb85e6bba00e826,d6255f68d25345fd9f52b97ae2d84dc7,agent-system,e2e_lightweight_candidate_rule_v1,models/isolation_forest_hdfs_colab.joblib,hdfs,ok,0.025873,True,True,True,True,0,False,1,"{""agent-system"": 0.990846}",2,"{""agent-network"": ""capability_missing"", ""agent-security"": ""capability_missing""}",0,
multisource_cnp_20260910T095810Z,hdfs,190,dd980d518f224a4aaa950d41a6b32dcf,8618e81ca2d64334846af71913aca9db,agent-system,e2e_lightweight_candidate_rule_v1,models/isolation_forest_hdfs_colab.joblib,hdfs,ok,0.030688,True,True,True,True,0,False,1,"{""agent-system"": 0.990863}",2,"{""agent-network"": ""capability_missing"", ""agent-security"": ""capability_missing""}",0,
multisource_cnp_20260910T095810Z,hdfs,191,336390d329134c46bc74c51490bd4d25,99b9df215b5941bd932bc397b9337e7d,agent-system,e2e_lightweight_candidate_rule_v1,models/isolation_forest_hdfs_colab.joblib,hdfs,ok,0.029812,True,True,True,True,0,False,1,"{""agent-system"": 0.990878}",2,"{""agent-network"": ""capability_missing"", ""agent-security"": ""capability_missing""}",0,
multisource_cnp_20260910T095810Z,hdfs,192,978819fdceaa4385a064f41d06a8c1ff,749e895db17b451aa2674685c5704ce0,agent-system,e2e_lightweight_candidate_rule_v1,models/isolation_forest_hdfs_colab.joblib,hdfs,ok,0.026841,True,True,True,True,0,False,1,"{""agent-system"": 0.990904}",2,"{""agent-network"": ""capability_missing"", ""agent-security"": ""capability_missing""}",0,
multisource_cnp_20260910T095810Z,hdfs,193,701e13f950ff479abf9ba781ec436f8a,23a4e7e9406540c4bac9a530a44077e8,agent-system,e2e_lightweight_candidate_rule_v1,models/isolation_forest_hdfs_colab.joblib,hdfs,ok,0.025649,True,True,True,True,0,False,1,"{""agent-system"": 0.990949}",2,"{""agent-network"": ""capability_missing"", ""agent-security"": ""capability_missing""}",0,
multisource_cnp_20260910T095810Z,hdfs,194,b69fd59425b04c65973e2b0b9305ae71,5a68e3d3a5d548c68ba292367586dee1,agent-system,e2e_lightweight_candidate_rule_v1,models/isolation_forest_hdfs_colab.joblib,hdfs,ok,0.026216,True,True,True,True,0,False,1,"{""agent-system"": 0.990989}",2,"{""agent-network"": ""capability_missing"", ""agent-security"": ""capability_missing""}",0,
multisource_cnp_20260910T095810Z,hdfs,195,aa1dff7cb48b44b3a1a97a8d93026852,369a11ac3b244eab98837c4191ed92b1,agent-system,e2e_lightweight_candidate_rule_v1,models/isolation_forest_hdfs_colab.joblib,hdfs,ok,0.037112,True,True,True,True,0,False,1,"{""agent-system"": 0.991016}",2,"{""agent-network"": ""capability_missing"", ""agent-security"": ""capability_missing""}",0,
multisource_cnp_20260910T095810Z,hdfs,196,08115ed48de84a03a10c9dd4b0fb152a,c8e7a76924b34cbe851db94829980529,agent-system,e2e_lightweight_candidate_rule_v1,models/isolation_forest_hdfs_colab.joblib,hdfs,ok,0.036742,True,True,True,True,0,False,1,"{""agent-system"": 0.991036}",2,"{""agent-network"": ""capability_missing"", ""agent-security"": ""capability_missing""}",0,
multisource_cnp_20260910T095810Z,hdfs,197,eebae4f3e9404828b65c4138bc639c0c,45040da642654abcb8ba994c1ac62cb8,agent-system,e2e_lightweight_candidate_rule_v1,models/isolation_forest_hdfs_colab.joblib,hdfs,ok,0.026436,True,True,True,True,0,False,1,"{""agent-system"": 0.991048}",2,"{""agent-network"": ""capability_missing"", ""agent-security"": ""capability_missing""}",0,
multisource_cnp_20260910T095810Z,hdfs,198,8edf26f760994ebe81eedc2e6fdf2b5e,c4b0c4fe106d4d79bcb4c657bbc70f2c,agent-system,e2e_lightweight_candidate_rule_v1,models/isolation_forest_hdfs_colab.joblib,hdfs,ok,0.02613,True,True,True,True,0,False,1,"{""agent-system"": 0.991062}",2,"{""agent-network"": ""capability_missing"", ""agent-security"": ""capability_missing""}",0,
multisource_cnp_20260910T095810Z,hdfs,199,067f26faa39c4d2391b6488b12cf3cd8,f8882c656e9548c981ac892c44980bfa,agent-system,e2e_lightweight_candidate_rule_v1,models/isolation_forest_hdfs_colab.joblib,hdfs,ok,0.029445,True,True,True,True,0,False,1,"{""agent-system"": 0.991077}",2,"{""agent-network"": ""capability_missing"", ""agent-security"": ""capability_missing""}",0,
multisource_cnp_20260910T095810Z,hdfs,200,eacf0e2b3b274be1a1233f0fa7f9fdd6,34dceb9bce9547d3b1eb9a2eefebc8c1,agent-system,e2e_lightweight_candidate_rule_v1,models/isolation_forest_hdfs_colab.joblib,hdfs,ok,0.03081,True,True,True,True,0,False,1,"{""agent-system"": 0.991109}",2,"{""agent-network"": ""capability_missing"", ""agent-security"": ""capability_missing""}",0,
multisource_cnp_20260910T095810Z,bgl,1,d14f66fcaf224d0482ec839f09839151,2f24b54a70614eb8bf5458ca59d96918,agent-system,e2e_lightweight_candidate_rule_v1,models/isolation_forest_bgl_colab.joblib,bgl,ok,0.035025,True,True,True,True,0,False,1,"{""agent-system"": 0.866}",2,"{""agent-network"": ""capability_missing"", ""agent-security"": ""capability_missing""}",0,
multisource_cnp_20260910T095810Z,bgl,2,e555abba51e94f7490f8bf27674f022c,e5a0844029a645b48094eb4fad14eacb,agent-system,e2e_lightweight_candidate_rule_v1,models/isolation_forest_bgl_colab.joblib,bgl,ok,0.033825,True,True,True,True,0,False,1,"{""agent-system"": 0.922694}",2,"{""agent-network"": ""capability_missing"", ""agent-security"": ""capability_missing""}",0,
multisource_cnp_20260910T095810Z,bgl,3,45ccc229388c482791724c0af3b612c1,c8d38614699a4a4490f6895d99d6df37,agent-system,e2e_lightweight_candidate_rule_v1,models/isolation_forest_bgl_colab.joblib,bgl,ok,0.032968,True,True,True,True,0,False,1,"{""agent-system"": 0.939402}",2,"{""agent-network"": ""capability_missing"", ""agent-security"": ""capability_missing""}",0,
multisource_cnp_20260910T095810Z,bgl,4,10e811a84a1c4197aa8f32999a712483,1d71acf3383c43198cdb73ab07cb3c16,agent-system,e2e_lightweight_candidate_rule_v1,models/isolation_forest_bgl_colab.joblib,bgl,ok,0.028908,True,True,True,True,0,False,1,"{""agent-system"": 0.949415}",2,"{""agent-network"": ""capability_missing"", ""agent-security"": ""capability_missing""}",0,
multisource_cnp_20260910T095810Z,bgl,5,0a0f7ba6f2cd4172b45b4038c32121a3,bb08a44d68ad4597a57ea2e707db739b,agent-system,e2e_lightweight_candidate_rule_v1,models/isolation_forest_bgl_colab.joblib,bgl,ok,0.026889,True,True,True,True,0,False,1,"{""agent-system"": 0.956136}",2,"{""agent-network"": ""capability_missing"", ""agent-security"": ""capability_missing""}",0,
multisource_cnp_20260910T095810Z,bgl,6,d382e8bcae294ec8a0bc2c48976d8d75,4580da573b454673b6d60e9a02d56aa7,agent-system,e2e_lightweight_candidate_rule_v1,models/isolation_forest_bgl_colab.joblib,bgl,ok,0.04796,True,True,True,True,0,False,1,"{""agent-system"": 0.960949}",2,"{""agent-network"": ""capability_missing"", ""agent-security"": ""capability_missing""}",0,
multisource_cnp_20260910T095810Z,bgl,7,6d16a4c556634761a3b9e5516ad82084,b86b366a905a438f90f9fc5584d32bf3,agent-system,e2e_lightweight_candidate_rule_v1,models/isolation_forest_bgl_colab.joblib,bgl,ok,0.039996,True,True,True,True,0,False,1,"{""agent-system"": 0.96439}",2,"{""agent-network"": ""capability_missing"", ""agent-security"": ""capability_missing""}",0,
multisource_cnp_20260910T095810Z,bgl,8,cda42177754a46bfa75aa19ace7ca7b4,18dcd7cef1fb459dbc34799381804a84,agent-system,e2e_lightweight_candidate_rule_v1,models/isolation_forest_bgl_colab.joblib,bgl,ok,0.042753,True,True,True,True,0,False,1,"{""agent-system"": 0.96714}",2,"{""agent-network"": ""capability_missing"", ""agent-security"": ""capability_missing""}",0,
multisource_cnp_20260910T095810Z,bgl,9,4e7f980eb7514835aec5164ca12356c2,fca9094b50994ccdae8f407911f6381e,agent-system,e2e_lightweight_candidate_rule_v1,models/isolation_forest_bgl_colab.joblib,bgl,ok,0.03657,True,True,True,True,0,False,1,"{""agent-system"": 0.969315}",2,"{""agent-network"": ""capability_missing"", ""agent-security"": ""capability_missing""}",0,
multisource_cnp_20260910T095810Z,bgl,10,bdbb6076ca42406d8e548423f92ed494,49d4c3e5fc65475083fef869b11fd902,agent-system,e2e_lightweight_candidate_rule_v1,models/isolation_forest_bgl_colab.joblib,bgl,ok,0.036182,True,True,True,True,0,False,1,"{""agent-system"": 0.971132}",2,"{""agent-network"": ""capability_missing"", ""agent-security"": ""capability_missing""}",0,
multisource_cnp_20260910T095810Z,bgl,11,518bca0e612045fb85326eca2a0d553f,21b532357fa642b7932ccc46534474ff,agent-system,e2e_lightweight_candidate_rule_v1,models/isolation_forest_bgl_colab.joblib,bgl,ok,0.030446,True,True,True,True,0,False,1,"{""agent-system"": 0.972652}",2,"{""agent-network"": ""capability_missing"", ""agent-security"": ""capability_missing""}",0,
multisource_cnp_20260910T095810Z,bgl,12,81aca9a617d24b298e35ad16cb8ba86b,e756fd662d844756bda3eaca56ffcc8c,agent-system,e2e_lightweight_candidate_rule_v1,models/isolation_forest_bgl_colab.joblib,bgl,ok,0.03784,True,True,True,True,0,False,1,"{""agent-system"": 0.973957}",2,"{""agent-network"": ""capability_missing"", ""agent-security"": ""capability_missing""}",0,
multisource_cnp_20260910T095810Z,bgl,13,fa86bd9155c742e8af6a1b9ae01c6d5c,83a79bff96594936a0ed4ae745fd8d2e,agent-system,e2e_lightweight_candidate_rule_v1,models/isolation_forest_bgl_colab.joblib,bgl,ok,0.035843,True,True,True,True,0,False,1,"{""agent-system"": 0.975048}",2,"{""agent-network"": ""capability_missing"", ""agent-security"": ""capability_missing""}",0,
multisource_cnp_20260910T095810Z,bgl,14,9db040d05ef749b0a83352607fddb4df,5a36b780c8284a03b1a52508a29ee646,agent-system,e2e_lightweight_candidate_rule_v1,models/isolation_forest_bgl_colab.joblib,bgl,ok,0.027489,True,True,True,True,0,False,1,"{""agent-system"": 0.976}",2,"{""agent-network"": ""capability_missing"", ""agent-security"": ""capability_missing""}",0,
multisource_cnp_20260910T095810Z,bgl,15,31b05e2abdfb4dac869488e9847e6403,28b34fc22f5c443abacfe0dd76ef641e,agent-system,e2e_lightweight_candidate_rule_v1,models/isolation_forest_bgl_colab.joblib,bgl,ok,0.032138,True,True,True,True,0,False,1,"{""agent-system"": 0.976861}",2,"{""agent-network"": ""capability_missing"", ""agent-security"": ""capability_missing""}",0,
multisource_cnp_20260910T095810Z,bgl,16,ce527913f413425c8069813f503edb8e,2a810c1a2602429996b5762b479e9d28,agent-system,e2e_lightweight_candidate_rule_v1,models/isolation_forest_bgl_colab.joblib,bgl,ok,0.030276,True,True,True,True,0,False,1,"{""agent-system"": 0.977607}",2,"{""agent-network"": ""capability_missing"", ""agent-security"": ""capability_missing""}",0,
multisource_cnp_20260910T095810Z,bgl,17,0313f225fa3b4ce1824f7c26b91be99d,4e3498fc525d4ded9113521c6f2821f6,agent-system,e2e_lightweight_candidate_rule_v1,models/isolation_forest_bgl_colab.joblib,bgl,ok,0.0375,True,True,True,True,0,False,1,"{""agent-system"": 0.978272}",2,"{""agent-network"": ""capability_missing"", ""agent-security"": ""capability_missing""}",0,
multisource_cnp_20260910T095810Z,bgl,18,1b1db93a338c46598daea154d2778646,29553bbe758a420dbc905be11ccac0b6,agent-system,e2e_lightweight_candidate_rule_v1,models/isolation_forest_bgl_colab.joblib,bgl,ok,0.049735,True,True,True,True,0,False,1,"{""agent-system"": 0.978849}",2,"{""agent-network"": ""capability_missing"", ""agent-security"": ""capability_missing""}",0,
multisource_cnp_20260910T095810Z,bgl,19,ad986f09291141c18bafeed35e2c3885,f6ae4f2123dc47fb80437e676f4d90bf,agent-system,e2e_lightweight_candidate_rule_v1,models/isolation_forest_bgl_colab.joblib,bgl,ok,0.05643,True,True,True,True,0,False,1,"{""agent-system"": 0.979338}",2,"{""agent-network"": ""capability_missing"", ""agent-security"": ""capability_missing""}",0,
multisource_cnp_20260910T095810Z,bgl,20,7a8f4441e76f459dae89e7c7ac8487ad,71e8b9fb36154a4cb7539c44aca43e12,agent-system,e2e_lightweight_candidate_rule_v1,models/isolation_forest_bgl_colab.joblib,bgl,ok,0.047354,True,True,True,True,0,False,1,"{""agent-system"": 0.979767}",2,"{""agent-network"": ""capability_missing"", ""agent-security"": ""capability_missing""}",0,
multisource_cnp_20260910T095810Z,bgl,21,abf2b35068b441d48f4a7e98db5d0daa,0db913721c0e4622aa7b314dc75d8d32,agent-system,e2e_lightweight_candidate_rule_v1,models/isolation_forest_bgl_colab.joblib,bgl,ok,0.054659,True,True,True,True,0,False,1,"{""agent-system"": 0.980177}",2,"{""agent-network"": ""capability_missing"", ""agent-security"": ""capability_missing""}",0,
multisource_cnp_20260910T095810Z,bgl,22,dc7edef7efb245d1a2fb3d713ccb4fd7,27dfdefdb1a646a987863428cdc444c4,agent-system,e2e_lightweight_candidate_rule_v1,models/isolation_forest_bgl_colab.joblib,bgl,ok,0.048255,True,True,True,True,0,False,1,"{""agent-system"": 0.980536}",2,"{""agent-network"": ""capability_missing"", ""agent-security"": ""capability_missing""}",0,
multisource_cnp_20260910T095810Z,bgl,23,378daa934c7a4ed4bb4ae7d9bf3cf629,e581f33b3f0e4218b06b56f0d1514226,agent-system,e2e_lightweight_candidate_rule_v1,models/isolation_forest_bgl_colab.joblib,bgl,ok,0.052377,True,True,True,True,0,False,1,"{""agent-system"": 0.980878}",2,"{""agent-network"": ""capability_missing"", ""agent-security"": ""capability_missing""}",0,
multisource_cnp_20260910T095810Z,bgl,24,1bc3473b91cf488b87ad27d3f0f45c6e,d76e7c58ac2d4c4bbcf8b9034551b2c7,agent-system,e2e_lightweight_candidate_rule_v1,models/isolation_forest_bgl_colab.joblib,bgl,ok,0.037556,True,True,True,True,0,False,1,"{""agent-system"": 0.981184}",2,"{""agent-network"": ""capability_missing"", ""agent-security"": ""capability_missing""}",0,
multisource_cnp_20260910T095810Z,bgl,25,35f99fb7a30845a3a9c0ef99d8962815,9e980d4fc23947eea976c336597d078e,agent-system,e2e_lightweight_candidate_rule_v1,models/isolation_forest_bgl_colab.joblib,bgl,ok,0.035457,True,True,True,True,0,False,1,"{""agent-system"": 0.981493}",2,"{""agent-network"": ""capability_missing"", ""agent-security"": ""capability_missing""}",0,
multisource_cnp_20260910T095810Z,bgl,26,33ebbfbd29a9400982bdd2e5472a7065,92334900d02a455294249221f3c1469d,agent-system,e2e_lightweight_candidate_rule_v1,models/isolation_forest_bgl_colab.joblib,bgl,ok,0.045419,True,True,True,True,0,False,1,"{""agent-system"": 0.981784}",2,"{""agent-network"": ""capability_missing"", ""agent-security"": ""capability_missing""}",0,
multisource_cnp_20260910T095810Z,bgl,27,25e697019368449487cb1bcbb9cb314b,cfd9e29c904647459087c7fc9a1fb50d,agent-system,e2e_lightweight_candidate_rule_v1,models/isolation_forest_bgl_colab.joblib,bgl,ok,0.031831,True,True,True,True,0,False,1,"{""agent-system"": 0.982036}",2,"{""agent-network"": ""capability_missing"", ""agent-security"": ""capability_missing""}",0,
multisource_cnp_20260910T095810Z,bgl,28,e94f062a921f4f10946473ab62973e5d,f62527fd5e5c48b095d8a30248961707,agent-system,e2e_lightweight_candidate_rule_v1,models/isolation_forest_bgl_colab.joblib,bgl,ok,0.035121,True,True,True,True,0,False,1,"{""agent-system"": 0.982294}",2,"{""agent-network"": ""capability_missing"", ""agent-security"": ""capability_missing""}",0,
multisource_cnp_20260910T095810Z,bgl,29,cdaeb66aa6e34d078652b707f2756087,1b5af457cf7b45e78a637bf4c063ead2,agent-system,e2e_lightweight_candidate_rule_v1,models/isolation_forest_bgl_colab.joblib,bgl,ok,0.031691,True,True,True,True,0,False,1,"{""agent-system"": 0.982529}",2,"{""agent-network"": ""capability_missing"", ""agent-security"": ""capability_missing""}",0,
multisource_cnp_20260910T095810Z,bgl,30,cd31227b99834c19a00dd975536e26b5,9ac4df25d0f24868b1f594e1070bc2d4,agent-system,e2e_lightweight_candidate_rule_v1,models/isolation_forest_bgl_colab.joblib,bgl,ok,0.029024,True,True,True,True,0,False,1,"{""agent-system"": 0.982755}",2,"{""agent-network"": ""capability_missing"", ""agent-security"": ""capability_missing""}",0,
multisource_cnp_20260910T095810Z,bgl,31,4ac9e88c198445948f59c4445cf1f3f2,f8b47c0359a5421b883b9525250f666b,agent-system,e2e_lightweight_candidate_rule_v1,models/isolation_forest_bgl_colab.joblib,bgl,ok,0.029536,True,True,True,True,0,False,1,"{""agent-system"": 0.982971}",2,"{""agent-network"": ""capability_missing"", ""agent-security"": ""capability_missing""}",0,
multisource_cnp_20260910T095810Z,bgl,32,504f5c0fa27443eb8d635c32bc08fda5,ac6ba4f3703043c4a63f3cfdd79b4fe6,agent-system,e2e_lightweight_candidate_rule_v1,models/isolation_forest_bgl_colab.joblib,bgl,ok,0.033354,True,True,True,True,0,False,1,"{""agent-system"": 0.983174}",2,"{""agent-network"": ""capability_missing"", ""agent-security"": ""capability_missing""}",0,
multisource_cnp_20260910T095810Z,bgl,33,128014c154d342e4bb463dd4888cade1,a32c4ead2a46412d96940432b1ea0042,agent-system,e2e_lightweight_candidate_rule_v1,models/isolation_forest_bgl_colab.joblib,bgl,ok,0.0305,True,True,True,True,0,False,1,"{""agent-system"": 0.983361}",2,"{""agent-network"": ""capability_missing"", ""agent-security"": ""capability_missing""}",0,
multisource_cnp_20260910T095810Z,bgl,34,598405e2f88f4fb989a2ee9aabdc2f0c,0c93d472b2ee4e5792ff5659ad064841,agent-system,e2e_lightweight_candidate_rule_v1,models/isolation_forest_bgl_colab.joblib,bgl,ok,0.037383,True,True,True,True,0,False,1,"{""agent-system"": 0.983539}",2,"{""agent-network"": ""capability_missing"", ""agent-security"": ""capability_missing""}",0,
multisource_cnp_20260910T095810Z,bgl,35,46ca7e48bef2451ba64731529918a3f2,5524f58213b745cf9df637e62d415342,agent-system,e2e_lightweight_candidate_rule_v1,models/isolation_forest_bgl_colab.joblib,bgl,ok,0.030405,True,True,True,True,0,False,1,"{""agent-system"": 0.983699}",2,"{""agent-network"": ""capability_missing"", ""agent-security"": ""capability_missing""}",0,
multisource_cnp_20260910T095810Z,bgl,36,a6695c52e98943beb21cb89271df6a08,2d4f9e667f5542178969a269b1ac3cfd,agent-system,e2e_lightweight_candidate_rule_v1,models/isolation_forest_bgl_colab.joblib,bgl,ok,0.037823,True,True,True,True,0,False,1,"{""agent-system"": 0.983858}",2,"{""agent-network"": ""capability_missing"", ""agent-security"": ""capability_missing""}",0,
multisource_cnp_20260910T095810Z,bgl,37,650eb05ca97241cb9ebfe31659b2095c,d45e66bb2d9b4b17a7e97e283f3eeb14,agent-system,e2e_lightweight_candidate_rule_v1,models/isolation_forest_bgl_colab.joblib,bgl,ok,0.026977,True,True,True,True,0,False,1,"{""agent-system"": 0.984}",2,"{""agent-network"": ""capability_missing"", ""agent-security"": ""capability_missing""}",0,
multisource_cnp_20260910T095810Z,bgl,38,ad1e20134e624327a7b4c0b128a12256,3c86d103f60a4bc389a7f75541841130,agent-system,e2e_lightweight_candidate_rule_v1,models/isolation_forest_bgl_colab.joblib,bgl,ok,0.030278,True,True,True,True,0,False,1,"{""agent-system"": 0.984147}",2,"{""agent-network"": ""capability_missing"", ""agent-security"": ""capability_missing""}",0,
multisource_cnp_20260910T095810Z,bgl,39,c79d3c13078a48d0a6f051a5e65eb5d8,7052afab18bb4de0a44c5c51c7fdae55,agent-system,e2e_lightweight_candidate_rule_v1,models/isolation_forest_bgl_colab.joblib,bgl,ok,0.034571,True,True,True,True,0,False,1,"{""agent-system"": 0.984282}",2,"{""agent-network"": ""capability_missing"", ""agent-security"": ""capability_missing""}",0,
multisource_cnp_20260910T095810Z,bgl,40,7276039573a64b59af8af8906e49abd8,6d58717ae66944298d248be598eab3c2,agent-system,e2e_lightweight_candidate_rule_v1,models/isolation_forest_bgl_colab.joblib,bgl,ok,0.034033,True,True,True,True,0,False,1,"{""agent-system"": 0.984406}",2,"{""agent-network"": ""capability_missing"", ""agent-security"": ""capability_missing""}",0,
multisource_cnp_20260910T095810Z,bgl,41,243608d041c34ff7b5daa870787e68ec,5f43bb7dcbc6409ea9c1a9f7f41ef190,agent-system,e2e_lightweight_candidate_rule_v1,models/isolation_forest_bgl_colab.joblib,bgl,ok,0.031866,True,True,True,True,0,False,1,"{""agent-system"": 0.984525}",2,"{""agent-network"": ""capability_missing"", ""agent-security"": ""capability_missing""}",0,
multisource_cnp_20260910T095810Z,bgl,42,e7cae424292748afab65f3dbb32a251d,ef884de0b67548f8975abd24438e306f,agent-system,e2e_lightweight_candidate_rule_v1,models/isolation_forest_bgl_colab.joblib,bgl,ok,0.030475,True,True,True,True,0,False,1,"{""agent-system"": 0.984641}",2,"{""agent-network"": ""capability_missing"", ""agent-security"": ""capability_missing""}",0,
multisource_cnp_20260910T095810Z,bgl,43,91e3a0f1dcef44e7bc12b1061104d575,d97b880cdc0d4c4d96fa85eddf83efc2,agent-system,e2e_lightweight_candidate_rule_v1,models/isolation_forest_bgl_colab.joblib,bgl,ok,0.033577,True,True,True,True,0,False,1,"{""agent-system"": 0.984753}",2,"{""agent-network"": ""capability_missing"", ""agent-security"": ""capability_missing""}",0,
multisource_cnp_20260910T095810Z,bgl,44,176fb48a53554725b7ec261006046b15,5c453459de414fee9b037033b5e1e8e7,agent-system,e2e_lightweight_candidate_rule_v1,models/isolation_forest_bgl_colab.joblib,bgl,ok,0.028699,True,True,True,True,0,False,1,"{""agent-system"": 0.984856}",2,"{""agent-network"": ""capability_missing"", ""agent-security"": ""capability_missing""}",0,
multisource_cnp_20260910T095810Z,bgl,45,19dd05c8e86248acadde2bb546c66b8b,6b5adddd652e45cebec7480a4187e56e,agent-system,e2e_lightweight_candidate_rule_v1,models/isolation_forest_bgl_colab.joblib,bgl,ok,0.026828,True,True,True,True,0,False,1,"{""agent-system"": 0.984961}",2,"{""agent-network"": ""capability_missing"", ""agent-security"": ""capability_missing""}",0,
multisource_cnp_20260910T095810Z,bgl,46,ebfc4807ef73414c8c071462a6e500e9,e5d58e6be1b946e38a4f504e53317fb3,agent-system,e2e_lightweight_candidate_rule_v1,models/isolation_forest_bgl_colab.joblib,bgl,ok,0.030205,True,True,True,True,0,False,1,"{""agent-system"": 0.985063}",2,"{""agent-network"": ""capability_missing"", ""agent-security"": ""capability_missing""}",0,
multisource_cnp_20260910T095810Z,bgl,47,c10664d3876a432f85a3b8186cc5371c,87d2ab18bac34608b7a3aaab67785bc5,agent-system,e2e_lightweight_candidate_rule_v1,models/isolation_forest_bgl_colab.joblib,bgl,ok,0.030885,True,True,True,True,0,False,1,"{""agent-system"": 0.985157}",2,"{""agent-network"": ""capability_missing"", ""agent-security"": ""capability_missing""}",0,
multisource_cnp_20260910T095810Z,bgl,48,4e5c0e1d575d419abfee31c3f135791d,8b8353c242ea40b68184459a224b3692,agent-system,e2e_lightweight_candidate_rule_v1,models/isolation_forest_bgl_colab.joblib,bgl,ok,0.032081,True,True,True,True,0,False,1,"{""agent-system"": 0.985247}",2,"{""agent-network"": ""capability_missing"", ""agent-security"": ""capability_missing""}",0,
multisource_cnp_20260910T095810Z,bgl,49,9ebf616c4d4b4af28daea189ba9dffce,ab859d5439654924839b249c51bac646,agent-system,e2e_lightweight_candidate_rule_v1,models/isolation_forest_bgl_colab.joblib,bgl,ok,0.027084,True,True,True,True,0,False,1,"{""agent-system"": 0.985333}",2,"{""agent-network"": ""capability_missing"", ""agent-security"": ""capability_missing""}",0,
multisource_cnp_20260910T095810Z,bgl,50,db0c9692cd634ca8b3caeb0ed08afbf7,8d2b8ead1d5141db8c4acfa66b1de850,agent-system,e2e_lightweight_candidate_rule_v1,models/isolation_forest_bgl_colab.joblib,bgl,ok,0.0282,True,True,True,True,0,False,1,"{""agent-system"": 0.98542}",2,"{""agent-network"": ""capability_missing"", ""agent-security"": ""capability_missing""}",0,
multisource_cnp_20260910T095810Z,bgl,51,42f4816fb7e241f3b95eb60cc703c418,678f1e0173b44afb9177bba329a08184,agent-system,e2e_lightweight_candidate_rule_v1,models/isolation_forest_bgl_colab.joblib,bgl,ok,0.029485,True,True,True,True,0,False,1,"{""agent-system"": 0.985502}",2,"{""agent-network"": ""capability_missing"", ""agent-security"": ""capability_missing""}",0,
multisource_cnp_20260910T095810Z,bgl,52,271a8907bade40e5a53d639c320d4460,aa1c464a47ab4441871233f7cf330151,agent-system,e2e_lightweight_candidate_rule_v1,models/isolation_forest_bgl_colab.joblib,bgl,ok,0.029071,True,True,True,True,0,False,1,"{""agent-system"": 0.985579}",2,"{""agent-network"": ""capability_missing"", ""agent-security"": ""capability_missing""}",0,
multisource_cnp_20260910T095810Z,bgl,53,7b1bc46dab5c407bb3ba55ae7eb91dd5,061b2a2a893243ddba337a07b3aba798,agent-system,e2e_lightweight_candidate_rule_v1,models/isolation_forest_bgl_colab.joblib,bgl,ok,0.039064,True,True,True,True,0,False,1,"{""agent-system"": 0.985653}",2,"{""agent-network"": ""capability_missing"", ""agent-security"": ""capability_missing""}",0,
multisource_cnp_20260910T095810Z,bgl,54,47b4f05b132e4473a266ead057d77ad9,b791634280cf4cef8db68755d070313d,agent-system,e2e_lightweight_candidate_rule_v1,models/isolation_forest_bgl_colab.joblib,bgl,ok,0.035725,True,True,True,True,0,False,1,"{""agent-system"": 0.985716}",2,"{""agent-network"": ""capability_missing"", ""agent-security"": ""capability_missing""}",0,
multisource_cnp_20260910T095810Z,bgl,55,40d588ec3fac4770ab7641c0836371c2,3b6ff5e3b997496ca6442caab0b9d96e,agent-system,e2e_lightweight_candidate_rule_v1,models/isolation_forest_bgl_colab.joblib,bgl,ok,0.034712,True,True,True,True,0,False,1,"{""agent-system"": 0.985774}",2,"{""agent-network"": ""capability_missing"", ""agent-security"": ""capability_missing""}",0,
multisource_cnp_20260910T095810Z,bgl,56,ccaa49bcda664104a38719da081729c3,3600742721934008aeae72ad7abc8a46,agent-system,e2e_lightweight_candidate_rule_v1,models/isolation_forest_bgl_colab.joblib,bgl,ok,0.030593,True,True,True,True,0,False,1,"{""agent-system"": 0.98583}",2,"{""agent-network"": ""capability_missing"", ""agent-security"": ""capability_missing""}",0,
multisource_cnp_20260910T095810Z,bgl,57,65db608c23df4625845db76823b424d0,29627bf32fae43e4af09c162603970d9,agent-system,e2e_lightweight_candidate_rule_v1,models/isolation_forest_bgl_colab.joblib,bgl,ok,0.032189,True,True,True,True,0,False,1,"{""agent-system"": 0.985906}",2,"{""agent-network"": ""capability_missing"", ""agent-security"": ""capability_missing""}",0,
multisource_cnp_20260910T095810Z,bgl,58,3ce81bd0cbb54f59a0bc8e2899f937a6,95d4ab1bc9344c369c15ea521b13c779,agent-system,e2e_lightweight_candidate_rule_v1,models/isolation_forest_bgl_colab.joblib,bgl,ok,0.032135,True,True,True,True,0,False,1,"{""agent-system"": 0.98597}",2,"{""agent-network"": ""capability_missing"", ""agent-security"": ""capability_missing""}",0,
multisource_cnp_20260910T095810Z,bgl,59,aec6fdb8817343d59fc8c39b99bd2173,b1d73fdd32c84cc880f30aa2847e89d9,agent-system,e2e_lightweight_candidate_rule_v1,models/isolation_forest_bgl_colab.joblib,bgl,ok,0.030366,True,True,True,True,0,False,1,"{""agent-system"": 0.986036}",2,"{""agent-network"": ""capability_missing"", ""agent-security"": ""capability_missing""}",0,
multisource_cnp_20260910T095810Z,bgl,60,82c3df57308542668592352095ed04f0,6d2641989e254ccc8d0620726c2f61e7,agent-system,e2e_lightweight_candidate_rule_v1,models/isolation_forest_bgl_colab.joblib,bgl,ok,0.035705,True,True,True,True,0,False,1,"{""agent-system"": 0.986097}",2,"{""agent-network"": ""capability_missing"", ""agent-security"": ""capability_missing""}",0,
multisource_cnp_20260910T095810Z,bgl,61,fad7a55e551c4c50813594bb8ae6535e,464f66c9ed564b249489f389bea46777,agent-system,e2e_lightweight_candidate_rule_v1,models/isolation_forest_bgl_colab.joblib,bgl,ok,0.124476,True,True,True,True,0,False,1,"{""agent-system"": 0.98615}",2,"{""agent-network"": ""capability_missing"", ""agent-security"": ""capability_missing""}",0,
multisource_cnp_20260910T095810Z,bgl,62,0d244a9eb79949c89ac88210e4d168bb,e78e47a7164a46c199b4ead0ead45350,agent-system,e2e_lightweight_candidate_rule_v1,models/isolation_forest_bgl_colab.joblib,bgl,ok,0.076389,True,True,True,True,0,False,1,"{""agent-system"": 0.986114}",2,"{""agent-network"": ""capability_missing"", ""agent-security"": ""capability_missing""}",0,
multisource_cnp_20260910T095810Z,bgl,63,51acd4d5825e4a0d9143bd00daeddb56,181d9eabb7624aae9ad6968ed46aee08,agent-system,e2e_lightweight_candidate_rule_v1,models/isolation_forest_bgl_colab.joblib,bgl,ok,0.061665,True,True,True,True,0,False,1,"{""agent-system"": 0.986128}",2,"{""agent-network"": ""capability_missing"", ""agent-security"": ""capability_missing""}",0,
multisource_cnp_20260910T095810Z,bgl,64,46107ae512a44d66a9f0587c036b68cf,4354e9a505ed40ba9b01f682f0fa5011,agent-system,e2e_lightweight_candidate_rule_v1,models/isolation_forest_bgl_colab.joblib,bgl,ok,0.038003,True,True,True,True,0,False,1,"{""agent-system"": 0.986152}",2,"{""agent-network"": ""capability_missing"", ""agent-security"": ""capability_missing""}",0,
multisource_cnp_20260910T095810Z,bgl,65,04a0f41fc1b941d5bfcd9c37cb4fd06c,cbabd1fe120f4149a4ca9ebd658ff620,agent-system,e2e_lightweight_candidate_rule_v1,models/isolation_forest_bgl_colab.joblib,bgl,ok,0.037494,True,True,True,True,0,False,1,"{""agent-system"": 0.986188}",2,"{""agent-network"": ""capability_missing"", ""agent-security"": ""capability_missing""}",0,
multisource_cnp_20260910T095810Z,bgl,66,a1a9ff44182347c09ce917a4770025fa,471b4d169dc64479951c93722354f68b,agent-system,e2e_lightweight_candidate_rule_v1,models/isolation_forest_bgl_colab.joblib,bgl,ok,0.033615,True,True,True,True,0,False,1,"{""agent-system"": 0.986228}",2,"{""agent-network"": ""capability_missing"", ""agent-security"": ""capability_missing""}",0,
multisource_cnp_20260910T095810Z,bgl,67,08f051249ce34fb18bae2b539f4c7045,6cf7343196c943ec989acef2ab419f56,agent-system,e2e_lightweight_candidate_rule_v1,models/isolation_forest_bgl_colab.joblib,bgl,ok,0.033228,True,True,True,True,0,False,1,"{""agent-system"": 0.986269}",2,"{""agent-network"": ""capability_missing"", ""agent-security"": ""capability_missing""}",0,
multisource_cnp_20260910T095810Z,bgl,68,8d283c8a39d045d795c00eeb52b4010d,ec356d6ee08c4b2396d019dcc98e084d,agent-system,e2e_lightweight_candidate_rule_v1,models/isolation_forest_bgl_colab.joblib,bgl,ok,0.029847,True,True,True,True,0,False,1,"{""agent-system"": 0.986316}",2,"{""agent-network"": ""capability_missing"", ""agent-security"": ""capability_missing""}",0,
multisource_cnp_20260910T095810Z,bgl,69,7d967faef2e9465db9b7e9e4f02ffad8,3ef6055244ce4dbc8e6fd424cc1d750e,agent-system,e2e_lightweight_candidate_rule_v1,models/isolation_forest_bgl_colab.joblib,bgl,ok,0.037053,True,True,True,True,0,False,1,"{""agent-system"": 0.986375}",2,"{""agent-network"": ""capability_missing"", ""agent-security"": ""capability_missing""}",0,
multisource_cnp_20260910T095810Z,bgl,70,305fe777c7b345789b4ef4fbe7a6dc3f,78b218425c654812b3918761b300ad65,agent-system,e2e_lightweight_candidate_rule_v1,models/isolation_forest_bgl_colab.joblib,bgl,ok,0.031814,True,True,True,True,0,False,1,"{""agent-system"": 0.986432}",2,"{""agent-network"": ""capability_missing"", ""agent-security"": ""capability_missing""}",0,
multisource_cnp_20260910T095810Z,bgl,71,11cf8d993f7e407f971a6816fcb80cb5,68be79727b96453994a80b7dee393269,agent-system,e2e_lightweight_candidate_rule_v1,models/isolation_forest_bgl_colab.joblib,bgl,ok,0.03082,True,True,True,True,0,False,1,"{""agent-system"": 0.986483}",2,"{""agent-network"": ""capability_missing"", ""agent-security"": ""capability_missing""}",0,
multisource_cnp_20260910T095810Z,bgl,72,e98080dfb81e436fbf6320a3990778b3,0cad074e4591436994432b2f31ff29f4,agent-system,e2e_lightweight_candidate_rule_v1,models/isolation_forest_bgl_colab.joblib,bgl,ok,0.031521,True,True,True,True,0,False,1,"{""agent-system"": 0.986542}",2,"{""agent-network"": ""capability_missing"", ""agent-security"": ""capability_missing""}",0,
multisource_cnp_20260910T095810Z,bgl,73,412b9a9a9076495d99a3adaf24b24370,2e0f56da2f5e4e099658455bb7cff623,agent-system,e2e_lightweight_candidate_rule_v1,models/isolation_forest_bgl_colab.joblib,bgl,ok,0.031271,True,True,True,True,0,False,1,"{""agent-system"": 0.986594}",2,"{""agent-network"": ""capability_missing"", ""agent-security"": ""capability_missing""}",0,
multisource_cnp_20260910T095810Z,bgl,74,04e307eacbfe4e07bdc07825e52cf111,a966ae18beb04cb0a3df97649fe6415d,agent-system,e2e_lightweight_candidate_rule_v1,models/isolation_forest_bgl_colab.joblib,bgl,ok,0.031196,True,True,True,True,0,False,1,"{""agent-system"": 0.986649}",2,"{""agent-network"": ""capability_missing"", ""agent-security"": ""capability_missing""}",0,
multisource_cnp_20260910T095810Z,bgl,75,f71c0a7c34464a76803526ab1897efdd,123e204bf93d4fe69911e25e33037cf3,agent-system,e2e_lightweight_candidate_rule_v1,models/isolation_forest_bgl_colab.joblib,bgl,ok,0.030919,True,True,True,True,0,False,1,"{""agent-system"": 0.986691}",2,"{""agent-network"": ""capability_missing"", ""agent-security"": ""capability_missing""}",0,
multisource_cnp_20260910T095810Z,bgl,76,15d07eba37b748b4a5231250dc5e2a35,41ac01314df047d8af4a74e554acdeaf,agent-system,e2e_lightweight_candidate_rule_v1,models/isolation_forest_bgl_colab.joblib,bgl,ok,0.031761,True,True,True,True,0,False,1,"{""agent-system"": 0.98673}",2,"{""agent-network"": ""capability_missing"", ""agent-security"": ""capability_missing""}",0,
multisource_cnp_20260910T095810Z,bgl,77,27d55e9bd8e3466c8e41735396b8d313,383481cdff4f4faeb19c8a7355913a8f,agent-system,e2e_lightweight_candidate_rule_v1,models/isolation_forest_bgl_colab.joblib,bgl,ok,0.040365,True,True,True,True,0,False,1,"{""agent-system"": 0.986777}",2,"{""agent-network"": ""capability_missing"", ""agent-security"": ""capability_missing""}",0,
multisource_cnp_20260910T095810Z,bgl,78,cf2c4ad01dc44ee586066e8e7e534b6e,0a351f37410f4d298ba27ad26915744b,agent-system,e2e_lightweight_candidate_rule_v1,models/isolation_forest_bgl_colab.joblib,bgl,ok,0.035604,True,True,True,True,0,False,1,"{""agent-system"": 0.986803}",2,"{""agent-network"": ""capability_missing"", ""agent-security"": ""capability_missing""}",0,
multisource_cnp_20260910T095810Z,bgl,79,9ece54e1a25840678e4cf24b3bb79120,9cd7a5d75c754e309b66734dc53c169f,agent-system,e2e_lightweight_candidate_rule_v1,models/isolation_forest_bgl_colab.joblib,bgl,ok,0.043729,True,True,True,True,0,False,1,"{""agent-system"": 0.986835}",2,"{""agent-network"": ""capability_missing"", ""agent-security"": ""capability_missing""}",0,
multisource_cnp_20260910T095810Z,bgl,80,e97364aa868641ef993fc40030aed51a,7aa3fbb0eaf7473ca7f228cc49d562eb,agent-system,e2e_lightweight_candidate_rule_v1,models/isolation_forest_bgl_colab.joblib,bgl,ok,0.056391,True,True,True,True,0,False,1,"{""agent-system"": 0.986856}",2,"{""agent-network"": ""capability_missing"", ""agent-security"": ""capability_missing""}",0,
multisource_cnp_20260910T095810Z,bgl,81,bf2c9a74dac949fdb1ce9dc133a67f32,85b021e401f9436f8a511ded4c584979,agent-system,e2e_lightweight_candidate_rule_v1,models/isolation_forest_bgl_colab.joblib,bgl,ok,0.044674,True,True,True,True,0,False,1,"{""agent-system"": 0.986861}",2,"{""agent-network"": ""capability_missing"", ""agent-security"": ""capability_missing""}",0,
multisource_cnp_20260910T095810Z,bgl,82,96191d562a62435bb490c3ba8b730d94,c5e60846188e45138d70296598df94de,agent-system,e2e_lightweight_candidate_rule_v1,models/isolation_forest_bgl_colab.joblib,bgl,ok,0.041491,True,True,True,True,0,False,1,"{""agent-system"": 0.986875}",2,"{""agent-network"": ""capability_missing"", ""agent-security"": ""capability_missing""}",0,
multisource_cnp_20260910T095810Z,bgl,83,a3e4e1ed266a46a5897c0568eb6255d8,f1711ca9176f4244bd2dd7e6ab68b095,agent-system,e2e_lightweight_candidate_rule_v1,models/isolation_forest_bgl_colab.joblib,bgl,ok,0.04804,True,True,True,True,0,False,1,"{""agent-system"": 0.986896}",2,"{""agent-network"": ""capability_missing"", ""agent-security"": ""capability_missing""}",0,
multisource_cnp_20260910T095810Z,bgl,84,f853bb840fdf4ffaa7d4aaafb9a8dbac,e571b3ec24114e0bac6a40ca8e10296b,agent-system,e2e_lightweight_candidate_rule_v1,models/isolation_forest_bgl_colab.joblib,bgl,ok,0.049862,True,True,True,True,0,False,1,"{""agent-system"": 0.986907}",2,"{""agent-network"": ""capability_missing"", ""agent-security"": ""capability_missing""}",0,
multisource_cnp_20260910T095810Z,bgl,85,9fdb782948064ab1a4dcdd9550e0f78d,077cfa8d9e154637baa471688d380d1e,agent-system,e2e_lightweight_candidate_rule_v1,models/isolation_forest_bgl_colab.joblib,bgl,ok,0.035312,True,True,True,True,0,False,1,"{""agent-system"": 0.986922}",2,"{""agent-network"": ""capability_missing"", ""agent-security"": ""capability_missing""}",0,
multisource_cnp_20260910T095810Z,bgl,86,b49d37ac45a5441385bf110a1b9d3369,dd1132a2f5dc44e198ab405f26da11f0,agent-system,e2e_lightweight_candidate_rule_v1,models/isolation_forest_bgl_colab.joblib,bgl,ok,0.034672,True,True,True,True,0,False,1,"{""agent-system"": 0.986944}",2,"{""agent-network"": ""capability_missing"", ""agent-security"": ""capability_missing""}",0,
multisource_cnp_20260910T095810Z,bgl,87,5ffe90eaa0c24d4f9363c3022a11754d,9bd39fbda8f545f782a926551f42096c,agent-system,e2e_lightweight_candidate_rule_v1,models/isolation_forest_bgl_colab.joblib,bgl,ok,0.034258,True,True,True,True,0,False,1,"{""agent-system"": 0.986973}",2,"{""agent-network"": ""capability_missing"", ""agent-security"": ""capability_missing""}",0,
multisource_cnp_20260910T095810Z,bgl,88,6a274d24e11d478dbc360c084ab5c03d,b5a9501ff69d4284baae8b1db7f97e06,agent-system,e2e_lightweight_candidate_rule_v1,models/isolation_forest_bgl_colab.joblib,bgl,ok,0.035029,True,True,True,True,0,False,1,"{""agent-system"": 0.986992}",2,"{""agent-network"": ""capability_missing"", ""agent-security"": ""capability_missing""}",0,
multisource_cnp_20260910T095810Z,bgl,89,ea5cf82884c04e78a1941765eb5b8a7a,863c08a3e3a242e3b8c921f6d7dada60,agent-system,e2e_lightweight_candidate_rule_v1,models/isolation_forest_bgl_colab.joblib,bgl,ok,0.040021,True,True,True,True,0,False,1,"{""agent-system"": 0.987013}",2,"{""agent-network"": ""capability_missing"", ""agent-security"": ""capability_missing""}",0,
multisource_cnp_20260910T095810Z,bgl,90,08bd419246d04ff0911a1fe23123aa88,95192920e1494e83bd2947254eb9d23c,agent-system,e2e_lightweight_candidate_rule_v1,models/isolation_forest_bgl_colab.joblib,bgl,ok,0.031879,True,True,True,True,0,False,1,"{""agent-system"": 0.987034}",2,"{""agent-network"": ""capability_missing"", ""agent-security"": ""capability_missing""}",0,
multisource_cnp_20260910T095810Z,bgl,91,2f055b13bbf54c10a266e414ba486357,e138d248ddd148fc80113544b53c5db9,agent-system,e2e_lightweight_candidate_rule_v1,models/isolation_forest_bgl_colab.joblib,bgl,ok,0.025194,True,True,True,True,0,False,1,"{""agent-system"": 0.98706}",2,"{""agent-network"": ""capability_missing"", ""agent-security"": ""capability_missing""}",0,
multisource_cnp_20260910T095810Z,bgl,92,185c4fbb48f94241b4c0a3e1366ae019,d6d4c42c40f540a7bf107c839060415d,agent-system,e2e_lightweight_candidate_rule_v1,models/isolation_forest_bgl_colab.joblib,bgl,ok,0.030747,True,True,True,True,0,False,1,"{""agent-system"": 0.98709}",2,"{""agent-network"": ""capability_missing"", ""agent-security"": ""capability_missing""}",0,
multisource_cnp_20260910T095810Z,bgl,93,c3310c28ae8d4defa08917b98405c5b1,2093380cf12548859f2cc5d6670b5e34,agent-system,e2e_lightweight_candidate_rule_v1,models/isolation_forest_bgl_colab.joblib,bgl,ok,0.030013,True,True,True,True,0,False,1,"{""agent-system"": 0.987114}",2,"{""agent-network"": ""capability_missing"", ""agent-security"": ""capability_missing""}",0,
multisource_cnp_20260910T095810Z,bgl,94,a3582bf804a848f79d5452eddac46be4,8664c265a51c458fbc5f6f755fd2c8b8,agent-system,e2e_lightweight_candidate_rule_v1,models/isolation_forest_bgl_colab.joblib,bgl,ok,0.031588,True,True,True,True,0,False,1,"{""agent-system"": 0.987139}",2,"{""agent-network"": ""capability_missing"", ""agent-security"": ""capability_missing""}",0,
multisource_cnp_20260910T095810Z,bgl,95,ec2aba555a6b4498a1f32e2b0a2ccf3b,5c5a4660375f48bc98d3a97fad3ddef6,agent-system,e2e_lightweight_candidate_rule_v1,models/isolation_forest_bgl_colab.joblib,bgl,ok,0.028178,True,True,True,True,0,False,1,"{""agent-system"": 0.987159}",2,"{""agent-network"": ""capability_missing"", ""agent-security"": ""capability_missing""}",0,
multisource_cnp_20260910T095810Z,bgl,96,6630befe489c414aafc34bc210a44492,167b9171aee54969b94e155aa75791db,agent-system,e2e_lightweight_candidate_rule_v1,models/isolation_forest_bgl_colab.joblib,bgl,ok,0.029464,True,True,True,True,0,False,1,"{""agent-system"": 0.98718}",2,"{""agent-network"": ""capability_missing"", ""agent-security"": ""capability_missing""}",0,
multisource_cnp_20260910T095810Z,bgl,97,2985ff01c8b84878840eb166c6d41d72,21d5bca5245e46499f157c92b2ef3579,agent-system,e2e_lightweight_candidate_rule_v1,models/isolation_forest_bgl_colab.joblib,bgl,ok,0.034468,True,True,True,True,0,False,1,"{""agent-system"": 0.987202}",2,"{""agent-network"": ""capability_missing"", ""agent-security"": ""capability_missing""}",0,
multisource_cnp_20260910T095810Z,bgl,98,d2845867927741698bd7050e1d0659eb,6712e082001e415d85f76bff2c57bc90,agent-system,e2e_lightweight_candidate_rule_v1,models/isolation_forest_bgl_colab.joblib,bgl,ok,0.041776,True,True,True,True,0,False,1,"{""agent-system"": 0.987219}",2,"{""agent-network"": ""capability_missing"", ""agent-security"": ""capability_missing""}",0,
multisource_cnp_20260910T095810Z,bgl,99,b331532185a8414e89c4c7f77dcee7f7,8a789493de1240da94ba48dd9e193836,agent-system,e2e_lightweight_candidate_rule_v1,models/isolation_forest_bgl_colab.joblib,bgl,ok,0.043062,True,True,True,True,0,False,1,"{""agent-system"": 0.98723}",2,"{""agent-network"": ""capability_missing"", ""agent-security"": ""capability_missing""}",0,
multisource_cnp_20260910T095810Z,bgl,100,12a9a51ba694448fb44746977f5864a0,54444bba7614470fba030913555919b8,agent-system,e2e_lightweight_candidate_rule_v1,models/isolation_forest_bgl_colab.joblib,bgl,ok,0.040851,True,True,True,True,0,False,1,"{""agent-system"": 0.987236}",2,"{""agent-network"": ""capability_missing"", ""agent-security"": ""capability_missing""}",0,
multisource_cnp_20260910T095810Z,bgl,101,0305f2a36d9e402bb84f938e8999a09b,84c4da61725f4bfa903847c254991e3b,agent-system,e2e_lightweight_candidate_rule_v1,models/isolation_forest_bgl_colab.joblib,bgl,ok,0.033397,True,True,True,True,0,False,1,"{""agent-system"": 0.987244}",2,"{""agent-network"": ""capability_missing"", ""agent-security"": ""capability_missing""}",0,
multisource_cnp_20260910T095810Z,bgl,102,8fd5fdf3030f4701a804de737504ed7d,a8bfedaaf3ef40188d98bfb9b868f09c,agent-system,e2e_lightweight_candidate_rule_v1,models/isolation_forest_bgl_colab.joblib,bgl,ok,0.027464,True,True,True,True,0,False,1,"{""agent-system"": 0.98726}",2,"{""agent-network"": ""capability_missing"", ""agent-security"": ""capability_missing""}",0,
multisource_cnp_20260910T095810Z,bgl,103,14dc71417c8541c089fcc203e8f98e3a,45499fcb2eb243b5b6df1f0667b46fd7,agent-system,e2e_lightweight_candidate_rule_v1,models/isolation_forest_bgl_colab.joblib,bgl,ok,0.02976,True,True,True,True,0,False,1,"{""agent-system"": 0.987281}",2,"{""agent-network"": ""capability_missing"", ""agent-security"": ""capability_missing""}",0,
multisource_cnp_20260910T095810Z,bgl,104,0b2f588dc098414ca02a4d54c035d8ec,edac0eb7306646e4a6d56abf98b3c892,agent-system,e2e_lightweight_candidate_rule_v1,models/isolation_forest_bgl_colab.joblib,bgl,ok,0.029485,True,True,True,True,0,False,1,"{""agent-system"": 0.987308}",2,"{""agent-network"": ""capability_missing"", ""agent-security"": ""capability_missing""}",0,
multisource_cnp_20260910T095810Z,bgl,105,e5a3c8ac0d6a4829ae8d0d1046b1a777,976b7fdf35e94282a3b9506a2c73c57c,agent-system,e2e_lightweight_candidate_rule_v1,models/isolation_forest_bgl_colab.joblib,bgl,ok,0.032993,True,True,True,True,0,False,1,"{""agent-system"": 0.987331}",2,"{""agent-network"": ""capability_missing"", ""agent-security"": ""capability_missing""}",0,
multisource_cnp_20260910T095810Z,bgl,106,5f1e6671570c491e99788fccbd1a03d4,1c6c91ee965642e2ad3358455fabf79d,agent-system,e2e_lightweight_candidate_rule_v1,models/isolation_forest_bgl_colab.joblib,bgl,ok,0.035374,True,True,True,True,0,False,1,"{""agent-system"": 0.987351}",2,"{""agent-network"": ""capability_missing"", ""agent-security"": ""capability_missing""}",0,
multisource_cnp_20260910T095810Z,bgl,107,af40d5a0d3144cd2ade6463bec0e198c,ce3adb04c42c40378f91a9c465f7deb9,agent-system,e2e_lightweight_candidate_rule_v1,models/isolation_forest_bgl_colab.joblib,bgl,ok,0.030804,True,True,True,True,0,False,1,"{""agent-system"": 0.987365}",2,"{""agent-network"": ""capability_missing"", ""agent-security"": ""capability_missing""}",0,
multisource_cnp_20260910T095810Z,bgl,108,786e719795c9410ebd8516fbd5fb361e,0d460c241ebc481eb2cf40b234bed67b,agent-system,e2e_lightweight_candidate_rule_v1,models/isolation_forest_bgl_colab.joblib,bgl,ok,0.031113,True,True,True,True,0,False,1,"{""agent-system"": 0.987384}",2,"{""agent-network"": ""capability_missing"", ""agent-security"": ""capability_missing""}",0,
multisource_cnp_20260910T095810Z,bgl,109,9114c8b4b85e480da314e890d1e28c21,0b8e0988a2374b539c029ba2305a8bcc,agent-system,e2e_lightweight_candidate_rule_v1,models/isolation_forest_bgl_colab.joblib,bgl,ok,0.028178,True,True,True,True,0,False,1,"{""agent-system"": 0.987402}",2,"{""agent-network"": ""capability_missing"", ""agent-security"": ""capability_missing""}",0,
multisource_cnp_20260910T095810Z,bgl,110,c905c8d923aa438e9a530a8a833922b7,b39c588930f64246a28947ad97f04d00,agent-system,e2e_lightweight_candidate_rule_v1,models/isolation_forest_bgl_colab.joblib,bgl,ok,0.034995,True,True,True,True,0,False,1,"{""agent-system"": 0.987419}",2,"{""agent-network"": ""capability_missing"", ""agent-security"": ""capability_missing""}",0,
multisource_cnp_20260910T095810Z,bgl,111,cf72467b7698451caf698644f121cd59,3e1ec449d3274653a8319281aafc5e9f,agent-system,e2e_lightweight_candidate_rule_v1,models/isolation_forest_bgl_colab.joblib,bgl,ok,0.025408,True,True,True,True,0,False,1,"{""agent-system"": 0.987436}",2,"{""agent-network"": ""capability_missing"", ""agent-security"": ""capability_missing""}",0,
multisource_cnp_20260910T095810Z,bgl,112,05fd0a9ae910433dbe1281b257cf6024,6a2be102d61e436c807de483c5aa73f4,agent-system,e2e_lightweight_candidate_rule_v1,models/isolation_forest_bgl_colab.joblib,bgl,ok,0.031989,True,True,True,True,0,False,1,"{""agent-system"": 0.987543}",2,"{""agent-network"": ""capability_missing"", ""agent-security"": ""capability_missing""}",0,
multisource_cnp_20260910T095810Z,bgl,113,2f6cefb779b447c79c14b1d651da3794,00c33ecaea494178bd723e5f8bcbdf35,agent-system,e2e_lightweight_candidate_rule_v1,models/isolation_forest_bgl_colab.joblib,bgl,ok,0.03426,True,True,True,True,0,False,1,"{""agent-system"": 0.987599}",2,"{""agent-network"": ""capability_missing"", ""agent-security"": ""capability_missing""}",0,
multisource_cnp_20260910T095810Z,bgl,114,1481600b83294ea798f1df7bb480718b,b196c71ced4b49ceb268649ae91e8344,agent-system,e2e_lightweight_candidate_rule_v1,models/isolation_forest_bgl_colab.joblib,bgl,ok,0.033661,True,True,True,True,0,False,1,"{""agent-system"": 0.987639}",2,"{""agent-network"": ""capability_missing"", ""agent-security"": ""capability_missing""}",0,
multisource_cnp_20260910T095810Z,bgl,115,8abf37026a874e05b26470221b591959,306875f5851f410f9acd52b3e01b7228,agent-system,e2e_lightweight_candidate_rule_v1,models/isolation_forest_bgl_colab.joblib,bgl,ok,0.03135,True,True,True,True,0,False,1,"{""agent-system"": 0.987658}",2,"{""agent-network"": ""capability_missing"", ""agent-security"": ""capability_missing""}",0,
multisource_cnp_20260910T095810Z,bgl,116,a96cb29109624079be87be26e2a44d7c,7608659e9d5f4732a9efdea75fd3782a,agent-system,e2e_lightweight_candidate_rule_v1,models/isolation_forest_bgl_colab.joblib,bgl,ok,0.02764,True,True,True,True,0,False,1,"{""agent-system"": 0.987679}",2,"{""agent-network"": ""capability_missing"", ""agent-security"": ""capability_missing""}",0,
multisource_cnp_20260910T095810Z,bgl,117,4e2a905676544678a5b8eb1c560c69af,010055d490584be0b56984c7e62a2e01,agent-system,e2e_lightweight_candidate_rule_v1,models/isolation_forest_bgl_colab.joblib,bgl,ok,0.026232,True,True,True,True,0,False,1,"{""agent-system"": 0.987698}",2,"{""agent-network"": ""capability_missing"", ""agent-security"": ""capability_missing""}",0,
multisource_cnp_20260910T095810Z,bgl,118,5767cad637514e05b63de2b1e75005be,b0f07b86a34749db8312e98aefaf51e4,agent-system,e2e_lightweight_candidate_rule_v1,models/isolation_forest_bgl_colab.joblib,bgl,ok,0.029792,True,True,True,True,0,False,1,"{""agent-system"": 0.987719}",2,"{""agent-network"": ""capability_missing"", ""agent-security"": ""capability_missing""}",0,
multisource_cnp_20260910T095810Z,bgl,119,a71879c809574c58928eec7d7ce56a6f,8af643420a7541d4b67b7d5c9d91cb71,agent-system,e2e_lightweight_candidate_rule_v1,models/isolation_forest_bgl_colab.joblib,bgl,ok,0.031214,True,True,True,True,0,False,1,"{""agent-system"": 0.987733}",2,"{""agent-network"": ""capability_missing"", ""agent-security"": ""capability_missing""}",0,
multisource_cnp_20260910T095810Z,bgl,120,bd640d1ece864762aadc57bd2dd652dd,7ff5a2be7b53416ab5959ce0548374fb,agent-system,e2e_lightweight_candidate_rule_v1,models/isolation_forest_bgl_colab.joblib,bgl,ok,0.035777,True,True,True,True,0,False,1,"{""agent-system"": 0.987752}",2,"{""agent-network"": ""capability_missing"", ""agent-security"": ""capability_missing""}",0,
multisource_cnp_20260910T095810Z,bgl,121,2f8d8f55588d417e9466e41fb62e8326,1487159806234d14b1df222b3e767741,agent-system,e2e_lightweight_candidate_rule_v1,models/isolation_forest_bgl_colab.joblib,bgl,ok,0.033702,True,True,True,True,0,False,1,"{""agent-system"": 0.987762}",2,"{""agent-network"": ""capability_missing"", ""agent-security"": ""capability_missing""}",0,
multisource_cnp_20260910T095810Z,bgl,122,3ebafd26839a4552b7bed48851169027,5ced53ff25214d3ba501a3c306430ec3,agent-system,e2e_lightweight_candidate_rule_v1,models/isolation_forest_bgl_colab.joblib,bgl,ok,0.031278,True,True,True,True,0,False,1,"{""agent-system"": 0.987772}",2,"{""agent-network"": ""capability_missing"", ""agent-security"": ""capability_missing""}",0,
multisource_cnp_20260910T095810Z,bgl,123,842108afb2ba44a0b19a4c2d55eefc57,dba5a050b0cb4012961f493df23987ae,agent-system,e2e_lightweight_candidate_rule_v1,models/isolation_forest_bgl_colab.joblib,bgl,ok,0.030757,True,True,True,True,0,False,1,"{""agent-system"": 0.987786}",2,"{""agent-network"": ""capability_missing"", ""agent-security"": ""capability_missing""}",0,
multisource_cnp_20260910T095810Z,bgl,124,0dccaec1f0ba4c819d7e767e5ddbd25d,c1866ef78dd94048a53127fb2f1b66a4,agent-system,e2e_lightweight_candidate_rule_v1,models/isolation_forest_bgl_colab.joblib,bgl,ok,0.03104,True,True,True,True,0,False,1,"{""agent-system"": 0.987799}",2,"{""agent-network"": ""capability_missing"", ""agent-security"": ""capability_missing""}",0,
multisource_cnp_20260910T095810Z,bgl,125,ee28e946bd574dff8c54c2e40febf06d,ec55462565464a86a97c572028b08d88,agent-system,e2e_lightweight_candidate_rule_v1,models/isolation_forest_bgl_colab.joblib,bgl,ok,0.028763,True,True,True,True,0,False,1,"{""agent-system"": 0.987811}",2,"{""agent-network"": ""capability_missing"", ""agent-security"": ""capability_missing""}",0,
multisource_cnp_20260910T095810Z,bgl,126,658b4169afab4fccaf66b9bf1db115a6,5f33f0e3a9084344a7ee82f82276248d,agent-system,e2e_lightweight_candidate_rule_v1,models/isolation_forest_bgl_colab.joblib,bgl,ok,0.027503,True,True,True,True,0,False,1,"{""agent-system"": 0.987826}",2,"{""agent-network"": ""capability_missing"", ""agent-security"": ""capability_missing""}",0,
multisource_cnp_20260910T095810Z,bgl,127,ec2d9e42e56049818473354ba39dfe0f,84e4939023a142feaf7a8f72a30b97ea,agent-system,e2e_lightweight_candidate_rule_v1,models/isolation_forest_bgl_colab.joblib,bgl,ok,0.030261,True,True,True,True,0,False,1,"{""agent-system"": 0.987841}",2,"{""agent-network"": ""capability_missing"", ""agent-security"": ""capability_missing""}",0,
multisource_cnp_20260910T095810Z,bgl,128,508c9abbf2484d95861dce45cd17449d,67cd48a6f9ad412192e3cbcc27a7fc1b,agent-system,e2e_lightweight_candidate_rule_v1,models/isolation_forest_bgl_colab.joblib,bgl,ok,0.029221,True,True,True,True,0,False,1,"{""agent-system"": 0.987861}",2,"{""agent-network"": ""capability_missing"", ""agent-security"": ""capability_missing""}",0,
multisource_cnp_20260910T095810Z,bgl,129,627a2867c90f41748f71fecf78e76916,5ce949e18e20495682e2f263f3fd3c4f,agent-system,e2e_lightweight_candidate_rule_v1,models/isolation_forest_bgl_colab.joblib,bgl,ok,0.026198,True,True,True,True,0,False,1,"{""agent-system"": 0.987879}",2,"{""agent-network"": ""capability_missing"", ""agent-security"": ""capability_missing""}",0,
multisource_cnp_20260910T095810Z,bgl,130,33c129371abe4ac39acc3d4477b964dd,2517239d49d84dee9c2c00fa48af7870,agent-system,e2e_lightweight_candidate_rule_v1,models/isolation_forest_bgl_colab.joblib,bgl,ok,0.02954,True,True,True,True,0,False,1,"{""agent-system"": 0.987907}",2,"{""agent-network"": ""capability_missing"", ""agent-security"": ""capability_missing""}",0,
multisource_cnp_20260910T095810Z,bgl,131,3097b1a727c74136b16f1abaeb63cecc,7fcc38b9be8246d199576a30e328cdc2,agent-system,e2e_lightweight_candidate_rule_v1,models/isolation_forest_bgl_colab.joblib,bgl,ok,0.0286,True,True,True,True,0,False,1,"{""agent-system"": 0.987942}",2,"{""agent-network"": ""capability_missing"", ""agent-security"": ""capability_missing""}",0,
multisource_cnp_20260910T095810Z,bgl,132,c21a621429b840dfb067e7c5898a8754,abcea15d9dde4a30859d90ccd7595cf6,agent-system,e2e_lightweight_candidate_rule_v1,models/isolation_forest_bgl_colab.joblib,bgl,ok,0.02641,True,True,True,True,0,False,1,"{""agent-system"": 0.987969}",2,"{""agent-network"": ""capability_missing"", ""agent-security"": ""capability_missing""}",0,
multisource_cnp_20260910T095810Z,bgl,133,b6ea839641a348f9b0c21ec47de91c74,33b3f63d76774efb9dceafe67ada2dc0,agent-system,e2e_lightweight_candidate_rule_v1,models/isolation_forest_bgl_colab.joblib,bgl,ok,0.029916,True,True,True,True,0,False,1,"{""agent-system"": 0.987994}",2,"{""agent-network"": ""capability_missing"", ""agent-security"": ""capability_missing""}",0,
multisource_cnp_20260910T095810Z,bgl,134,9c3d6d6e6ad6425d9c0f8e0cf2b086ee,cb8b545df01d49738c34bcf17fa7abd8,agent-system,e2e_lightweight_candidate_rule_v1,models/isolation_forest_bgl_colab.joblib,bgl,ok,0.03372,True,True,True,True,0,False,1,"{""agent-system"": 0.988021}",2,"{""agent-network"": ""capability_missing"", ""agent-security"": ""capability_missing""}",0,
multisource_cnp_20260910T095810Z,bgl,135,a3a04224dd93464ba7d185498b4f8e07,e623c7b795474099a843d5ea62b2bbd4,agent-system,e2e_lightweight_candidate_rule_v1,models/isolation_forest_bgl_colab.joblib,bgl,ok,0.032376,True,True,True,True,0,False,1,"{""agent-system"": 0.988047}",2,"{""agent-network"": ""capability_missing"", ""agent-security"": ""capability_missing""}",0,
multisource_cnp_20260910T095810Z,bgl,136,0895b96090d54f759681664e25a3ff3e,7ff0ca0a762f4290b4dbc540205b6b2a,agent-system,e2e_lightweight_candidate_rule_v1,models/isolation_forest_bgl_colab.joblib,bgl,ok,0.030007,True,True,True,True,0,False,1,"{""agent-system"": 0.98806}",2,"{""agent-network"": ""capability_missing"", ""agent-security"": ""capability_missing""}",0,
multisource_cnp_20260910T095810Z,bgl,137,f7e43ddabd904e9eb6fd68f1e6869ad7,a70476442a3a4fa8a1be7bb1eef709a5,agent-system,e2e_lightweight_candidate_rule_v1,models/isolation_forest_bgl_colab.joblib,bgl,ok,0.026942,True,True,True,True,0,False,1,"{""agent-system"": 0.988075}",2,"{""agent-network"": ""capability_missing"", ""agent-security"": ""capability_missing""}",0,
multisource_cnp_20260910T095810Z,bgl,138,ebce2f25459c40688748ba00b7c836d9,0daa1cedc7fc4a458dfc72356d84fc07,agent-system,e2e_lightweight_candidate_rule_v1,models/isolation_forest_bgl_colab.joblib,bgl,ok,0.039758,True,True,True,True,0,False,1,"{""agent-system"": 0.988093}",2,"{""agent-network"": ""capability_missing"", ""agent-security"": ""capability_missing""}",0,
multisource_cnp_20260910T095810Z,bgl,139,56a429689cc74ae29e49cf61cc5eece3,b0607bea6ef549aca41b85b72181acf7,agent-system,e2e_lightweight_candidate_rule_v1,models/isolation_forest_bgl_colab.joblib,bgl,ok,0.029306,True,True,True,True,0,False,1,"{""agent-system"": 0.988098}",2,"{""agent-network"": ""capability_missing"", ""agent-security"": ""capability_missing""}",0,
multisource_cnp_20260910T095810Z,bgl,140,5ade41e27f8c4cd1886cff9abc19aff4,f75c7ee7d0794b678e19fff2d980a19a,agent-system,e2e_lightweight_candidate_rule_v1,models/isolation_forest_bgl_colab.joblib,bgl,ok,0.031922,True,True,True,True,0,False,1,"{""agent-system"": 0.988118}",2,"{""agent-network"": ""capability_missing"", ""agent-security"": ""capability_missing""}",0,
multisource_cnp_20260910T095810Z,bgl,141,e1a957e8745b4a458c8fed3bad85db1e,08e98f7e36294ea4940a8d4ac852b684,agent-system,e2e_lightweight_candidate_rule_v1,models/isolation_forest_bgl_colab.joblib,bgl,ok,0.029093,True,True,True,True,0,False,1,"{""agent-system"": 0.988128}",2,"{""agent-network"": ""capability_missing"", ""agent-security"": ""capability_missing""}",0,
multisource_cnp_20260910T095810Z,bgl,142,3ea8bb5e8c0f494683be5feb667dd121,6e20a79d77ee4c78851526159d911a02,agent-system,e2e_lightweight_candidate_rule_v1,models/isolation_forest_bgl_colab.joblib,bgl,ok,0.030122,True,True,True,True,0,False,1,"{""agent-system"": 0.988133}",2,"{""agent-network"": ""capability_missing"", ""agent-security"": ""capability_missing""}",0,
multisource_cnp_20260910T095810Z,bgl,143,40755aea82874c7491f4a2a23630e291,905abf6e248345b0abd9fd1ce2796d18,agent-system,e2e_lightweight_candidate_rule_v1,models/isolation_forest_bgl_colab.joblib,bgl,ok,0.030145,True,True,True,True,0,False,1,"{""agent-system"": 0.988143}",2,"{""agent-network"": ""capability_missing"", ""agent-security"": ""capability_missing""}",0,
multisource_cnp_20260910T095810Z,bgl,144,70ff986f8ce949b58990cbc687b0131d,a5b74f8b322144be9de7af044f744706,agent-system,e2e_lightweight_candidate_rule_v1,models/isolation_forest_bgl_colab.joblib,bgl,ok,0.02648,True,True,True,True,0,False,1,"{""agent-system"": 0.988152}",2,"{""agent-network"": ""capability_missing"", ""agent-security"": ""capability_missing""}",0,
multisource_cnp_20260910T095810Z,bgl,145,7c7202dd61b441d08c83758fbb7bb7d2,53edc91c37c449f1b608a70c21bf7862,agent-system,e2e_lightweight_candidate_rule_v1,models/isolation_forest_bgl_colab.joblib,bgl,ok,0.030149,True,True,True,True,0,False,1,"{""agent-system"": 0.988167}",2,"{""agent-network"": ""capability_missing"", ""agent-security"": ""capability_missing""}",0,
multisource_cnp_20260910T095810Z,bgl,146,600052daf63149afa28857a71ba01862,681b8687e5184c3f959b1bfdca31e739,agent-system,e2e_lightweight_candidate_rule_v1,models/isolation_forest_bgl_colab.joblib,bgl,ok,0.03233,True,True,True,True,0,False,1,"{""agent-system"": 0.988174}",2,"{""agent-network"": ""capability_missing"", ""agent-security"": ""capability_missing""}",0,
multisource_cnp_20260910T095810Z,bgl,147,6df5c728440f4fe9ba652b6133b0ee16,4ce603364578487ca60591005116c5e6,agent-system,e2e_lightweight_candidate_rule_v1,models/isolation_forest_bgl_colab.joblib,bgl,ok,0.030665,True,True,True,True,0,False,1,"{""agent-system"": 0.988179}",2,"{""agent-network"": ""capability_missing"", ""agent-security"": ""capability_missing""}",0,
multisource_cnp_20260910T095810Z,bgl,148,2fc2d5bc0abf407ea4c6a01372c5c58e,e8303d51dac44966a1cd485b015f475e,agent-system,e2e_lightweight_candidate_rule_v1,models/isolation_forest_bgl_colab.joblib,bgl,ok,0.037209,True,True,True,True,0,False,1,"{""agent-system"": 0.988192}",2,"{""agent-network"": ""capability_missing"", ""agent-security"": ""capability_missing""}",0,
multisource_cnp_20260910T095810Z,bgl,149,ae5d06d9c4944fdb9c885d1038af5a58,a7e60042795f4419b806fd1170442949,agent-system,e2e_lightweight_candidate_rule_v1,models/isolation_forest_bgl_colab.joblib,bgl,ok,0.067285,True,True,True,True,0,False,1,"{""agent-system"": 0.988205}",2,"{""agent-network"": ""capability_missing"", ""agent-security"": ""capability_missing""}",0,
multisource_cnp_20260910T095810Z,bgl,150,44c29b1a3cbc455696711444b5d4c044,66b77e0c616a40d1b836e49bd80b5fdd,agent-system,e2e_lightweight_candidate_rule_v1,models/isolation_forest_bgl_colab.joblib,bgl,ok,0.051142,True,True,True,True,0,False,1,"{""agent-system"": 0.988191}",2,"{""agent-network"": ""capability_missing"", ""agent-security"": ""capability_missing""}",0,
multisource_cnp_20260910T095810Z,bgl,151,faa36f6448ca45e080cc3d51f24d8244,089be408ab2c4e2e8d103af11ffdd6b4,agent-system,e2e_lightweight_candidate_rule_v1,models/isolation_forest_bgl_colab.joblib,bgl,ok,0.051652,True,True,True,True,0,False,1,"{""agent-system"": 0.98819}",2,"{""agent-network"": ""capability_missing"", ""agent-security"": ""capability_missing""}",0,
multisource_cnp_20260910T095810Z,bgl,152,87c7de2a81714145be46ad70bc01fbb9,2561139e2c2e48b69a7e98c3466489c0,agent-system,e2e_lightweight_candidate_rule_v1,models/isolation_forest_bgl_colab.joblib,bgl,ok,0.060373,True,True,True,True,0,False,1,"{""agent-system"": 0.988184}",2,"{""agent-network"": ""capability_missing"", ""agent-security"": ""capability_missing""}",0,
multisource_cnp_20260910T095810Z,bgl,153,52a8561e761d46438dc41e9c298cf245,f56d6ac9615e4b5fbdb3d68587a6696d,agent-system,e2e_lightweight_candidate_rule_v1,models/isolation_forest_bgl_colab.joblib,bgl,ok,0.0593,True,True,True,True,0,False,1,"{""agent-system"": 0.988161}",2,"{""agent-network"": ""capability_missing"", ""agent-security"": ""capability_missing""}",0,
multisource_cnp_20260910T095810Z,bgl,154,bc5d733890f34c82b9d7303b9c1c86b8,03278be977ab4002a2e28004b0c6cb0e,agent-system,e2e_lightweight_candidate_rule_v1,models/isolation_forest_bgl_colab.joblib,bgl,ok,0.052868,True,True,True,True,0,False,1,"{""agent-system"": 0.988143}",2,"{""agent-network"": ""capability_missing"", ""agent-security"": ""capability_missing""}",0,
multisource_cnp_20260910T095810Z,bgl,155,de944ea9c76b42d58ee531b5b855bdba,ddb29f48560a4860818ae71b59ca8a0a,agent-system,e2e_lightweight_candidate_rule_v1,models/isolation_forest_bgl_colab.joblib,bgl,ok,0.047514,True,True,True,True,0,False,1,"{""agent-system"": 0.98813}",2,"{""agent-network"": ""capability_missing"", ""agent-security"": ""capability_missing""}",0,
multisource_cnp_20260910T095810Z,bgl,156,6f3ffc8799514bdaad3aea3cf67ae438,b64593b806914178812781c4aaf476f1,agent-system,e2e_lightweight_candidate_rule_v1,models/isolation_forest_bgl_colab.joblib,bgl,ok,0.039671,True,True,True,True,0,False,1,"{""agent-system"": 0.988124}",2,"{""agent-network"": ""capability_missing"", ""agent-security"": ""capability_missing""}",0,
multisource_cnp_20260910T095810Z,bgl,157,1bc57c84e2764efa81c64eb18915768c,86b4b37a80a64fd8948caf81a2080031,agent-system,e2e_lightweight_candidate_rule_v1,models/isolation_forest_bgl_colab.joblib,bgl,ok,0.053741,True,True,True,True,0,False,1,"{""agent-system"": 0.988128}",2,"{""agent-network"": ""capability_missing"", ""agent-security"": ""capability_missing""}",0,
multisource_cnp_20260910T095810Z,bgl,158,662b0fd9b40741d19f0650a4bab27cdd,6770aa081048441ea43c52db0d6371f2,agent-system,e2e_lightweight_candidate_rule_v1,models/isolation_forest_bgl_colab.joblib,bgl,ok,0.045329,True,True,True,True,0,False,1,"{""agent-system"": 0.988115}",2,"{""agent-network"": ""capability_missing"", ""agent-security"": ""capability_missing""}",0,
multisource_cnp_20260910T095810Z,bgl,159,543c765514a142deb3566fa472165ddb,e29713fff2384b38ac4f75561d426259,agent-system,e2e_lightweight_candidate_rule_v1,models/isolation_forest_bgl_colab.joblib,bgl,ok,0.047123,True,True,True,True,0,False,1,"{""agent-system"": 0.988109}",2,"{""agent-network"": ""capability_missing"", ""agent-security"": ""capability_missing""}",0,
multisource_cnp_20260910T095810Z,bgl,160,ced9fe803d3e47d29415407a1f5e3564,12d9280fefd1447fa06989465d423cb7,agent-system,e2e_lightweight_candidate_rule_v1,models/isolation_forest_bgl_colab.joblib,bgl,ok,0.040429,True,True,True,True,0,False,1,"{""agent-system"": 0.9881}",2,"{""agent-network"": ""capability_missing"", ""agent-security"": ""capability_missing""}",0,
multisource_cnp_20260910T095810Z,bgl,161,0965e0ba11f34484947caa34ce1607be,ec5652d1551e4e898973a61341532c8e,agent-system,e2e_lightweight_candidate_rule_v1,models/isolation_forest_bgl_colab.joblib,bgl,ok,0.032091,True,True,True,True,0,False,1,"{""agent-system"": 0.988102}",2,"{""agent-network"": ""capability_missing"", ""agent-security"": ""capability_missing""}",0,
multisource_cnp_20260910T095810Z,bgl,162,35614cfa86ea414caaaebc6e84777906,0b64aa0872a44be8bd2aff8b5712eb07,agent-system,e2e_lightweight_candidate_rule_v1,models/isolation_forest_bgl_colab.joblib,bgl,ok,0.060719,True,True,True,True,0,False,1,"{""agent-system"": 0.988104}",2,"{""agent-network"": ""capability_missing"", ""agent-security"": ""capability_missing""}",0,
multisource_cnp_20260910T095810Z,bgl,163,efe7bc55eed045c7b01fb8fdeb837fc6,d8f9564ac7b74ca0b2041e2a32c7e676,agent-system,e2e_lightweight_candidate_rule_v1,models/isolation_forest_bgl_colab.joblib,bgl,ok,0.065494,True,True,True,True,0,False,1,"{""agent-system"": 0.988086}",2,"{""agent-network"": ""capability_missing"", ""agent-security"": ""capability_missing""}",0,
multisource_cnp_20260910T095810Z,bgl,164,8c59577d2afc418da5a3f26edde528ff,8d34e428172c4a6492dceb72eab42491,agent-system,e2e_lightweight_candidate_rule_v1,models/isolation_forest_bgl_colab.joblib,bgl,ok,0.050803,True,True,True,True,0,False,1,"{""agent-system"": 0.988066}",2,"{""agent-network"": ""capability_missing"", ""agent-security"": ""capability_missing""}",0,
multisource_cnp_20260910T095810Z,bgl,165,9ea383fb298c4176978f9bf9f215b194,bf29628fa8a24e31b4120c008ffc03b2,agent-system,e2e_lightweight_candidate_rule_v1,models/isolation_forest_bgl_colab.joblib,bgl,ok,0.082993,True,True,True,True,0,False,1,"{""agent-system"": 0.988057}",2,"{""agent-network"": ""capability_missing"", ""agent-security"": ""capability_missing""}",0,
multisource_cnp_20260910T095810Z,bgl,166,71d49012d53c479a8292ec5fe108106e,16422b80972c4545a029c51707225d19,agent-system,e2e_lightweight_candidate_rule_v1,models/isolation_forest_bgl_colab.joblib,bgl,ok,0.10539,True,True,True,True,0,False,1,"{""agent-system"": 0.988018}",2,"{""agent-network"": ""capability_missing"", ""agent-security"": ""capability_missing""}",0,
multisource_cnp_20260910T095810Z,bgl,167,e630214a8089470d8916e4bce2901245,8b6d0d3760964bf69b74f472d183e0f6,agent-system,e2e_lightweight_candidate_rule_v1,models/isolation_forest_bgl_colab.joblib,bgl,ok,0.065352,True,True,True,True,0,False,1,"{""agent-system"": 0.987955}",2,"{""agent-network"": ""capability_missing"", ""agent-security"": ""capability_missing""}",0,
multisource_cnp_20260910T095810Z,bgl,168,9fa9ac9799d64c60ba12248fa1e8b9de,6224896c2b39465aaec94d505fb02765,agent-system,e2e_lightweight_candidate_rule_v1,models/isolation_forest_bgl_colab.joblib,bgl,ok,0.089553,True,True,True,True,0,False,1,"{""agent-system"": 0.987927}",2,"{""agent-network"": ""capability_missing"", ""agent-security"": ""capability_missing""}",0,
multisource_cnp_20260910T095810Z,bgl,169,cabb05533d54438cac81529e2e49b500,f0a45aa98893475cbb0bfb1b6f723036,agent-system,e2e_lightweight_candidate_rule_v1,models/isolation_forest_bgl_colab.joblib,bgl,ok,0.052106,True,True,True,True,0,False,1,"{""agent-system"": 0.987881}",2,"{""agent-network"": ""capability_missing"", ""agent-security"": ""capability_missing""}",0,
multisource_cnp_20260910T095810Z,bgl,170,4f3b1988865f479c9cc27ba9d2536eb3,5a5f92405b5e467a81c659bfc4095ee2,agent-system,e2e_lightweight_candidate_rule_v1,models/isolation_forest_bgl_colab.joblib,bgl,ok,0.055536,True,True,True,True,0,False,1,"{""agent-system"": 0.98787}",2,"{""agent-network"": ""capability_missing"", ""agent-security"": ""capability_missing""}",0,
multisource_cnp_20260910T095810Z,bgl,171,d8e1d4a800214e7da232e407a2e4595e,039cc7154b8f40afa659263ee4dbebd2,agent-system,e2e_lightweight_candidate_rule_v1,models/isolation_forest_bgl_colab.joblib,bgl,ok,0.041306,True,True,True,True,0,False,1,"{""agent-system"": 0.987859}",2,"{""agent-network"": ""capability_missing"", ""agent-security"": ""capability_missing""}",0,
multisource_cnp_20260910T095810Z,bgl,172,f32dafcec3a14c2e8ad0b82ce69b11ad,faa2efe5ba7148fcaf60cdd260e6899d,agent-system,e2e_lightweight_candidate_rule_v1,models/isolation_forest_bgl_colab.joblib,bgl,ok,0.051019,True,True,True,True,0,False,1,"{""agent-system"": 0.98786}",2,"{""agent-network"": ""capability_missing"", ""agent-security"": ""capability_missing""}",0,
multisource_cnp_20260910T095810Z,bgl,173,fc52f1a438724a56ba3e33d306b6b113,efb963a57741464987da6d2d7179d921,agent-system,e2e_lightweight_candidate_rule_v1,models/isolation_forest_bgl_colab.joblib,bgl,ok,0.091333,True,True,True,True,0,False,1,"{""agent-system"": 0.98785}",2,"{""agent-network"": ""capability_missing"", ""agent-security"": ""capability_missing""}",0,
multisource_cnp_20260910T095810Z,bgl,174,bd90525ece8e400aab483dcd1eda6868,50ed530961e64bb790a143e151355f2a,agent-system,e2e_lightweight_candidate_rule_v1,models/isolation_forest_bgl_colab.joblib,bgl,ok,0.054566,True,True,True,True,0,False,1,"{""agent-system"": 0.987803}",2,"{""agent-network"": ""capability_missing"", ""agent-security"": ""capability_missing""}",0,
multisource_cnp_20260910T095810Z,bgl,175,04812662c4be45359485e85338ae67ae,21c89b62c0e34c0a82fe496995b037b6,agent-system,e2e_lightweight_candidate_rule_v1,models/isolation_forest_bgl_colab.joblib,bgl,ok,0.074141,True,True,True,True,0,False,1,"{""agent-system"": 0.987788}",2,"{""agent-network"": ""capability_missing"", ""agent-security"": ""capability_missing""}",0,
multisource_cnp_20260910T095810Z,bgl,176,74bf2175b72541bab523b4adbc6ce833,a548afeaf3f84571844fac9edc6399ed,agent-system,e2e_lightweight_candidate_rule_v1,models/isolation_forest_bgl_colab.joblib,bgl,ok,0.068007,True,True,True,True,0,False,1,"{""agent-system"": 0.987753}",2,"{""agent-network"": ""capability_missing"", ""agent-security"": ""capability_missing""}",0,
multisource_cnp_20260910T095810Z,bgl,177,20992a6123fa44e28991645c7f0f622d,d406bd20904649b380b468eab7ac3165,agent-system,e2e_lightweight_candidate_rule_v1,models/isolation_forest_bgl_colab.joblib,bgl,ok,0.056428,True,True,True,True,0,False,1,"{""agent-system"": 0.987723}",2,"{""agent-network"": ""capability_missing"", ""agent-security"": ""capability_missing""}",0,
multisource_cnp_20260910T095810Z,bgl,178,71b571c399984e71be10fab3668b86f0,f8ceb07c3aea435880e17301b91e05e3,agent-system,e2e_lightweight_candidate_rule_v1,models/isolation_forest_bgl_colab.joblib,bgl,ok,0.049842,True,True,True,True,0,False,1,"{""agent-system"": 0.987706}",2,"{""agent-network"": ""capability_missing"", ""agent-security"": ""capability_missing""}",0,
multisource_cnp_20260910T095810Z,bgl,179,bf27cbf50e154a73bba633d64ced03cc,0b2262c36a4c42b6800d3bccc2ea380a,agent-system,e2e_lightweight_candidate_rule_v1,models/isolation_forest_bgl_colab.joblib,bgl,ok,0.052374,True,True,True,True,0,False,1,"{""agent-system"": 0.987693}",2,"{""agent-network"": ""capability_missing"", ""agent-security"": ""capability_missing""}",0,
multisource_cnp_20260910T095810Z,bgl,180,d66c0edbe40d49f5ac11b16cf94a59f0,cb3ac232f4e4481bb75a171029996432,agent-system,e2e_lightweight_candidate_rule_v1,models/isolation_forest_bgl_colab.joblib,bgl,ok,0.057352,True,True,True,True,0,False,1,"{""agent-system"": 0.987675}",2,"{""agent-network"": ""capability_missing"", ""agent-security"": ""capability_missing""}",0,
multisource_cnp_20260910T095810Z,bgl,181,e5542688059448e6ab82c77643687c49,37e7e5271d25488cbddc71e60d2d386f,agent-system,e2e_lightweight_candidate_rule_v1,models/isolation_forest_bgl_colab.joblib,bgl,ok,0.056202,True,True,True,True,0,False,1,"{""agent-system"": 0.987657}",2,"{""agent-network"": ""capability_missing"", ""agent-security"": ""capability_missing""}",0,
multisource_cnp_20260910T095810Z,bgl,182,b8571e31fb0f49a68f1f64d3575e135a,38598407965d419186a326022e935be8,agent-system,e2e_lightweight_candidate_rule_v1,models/isolation_forest_bgl_colab.joblib,bgl,ok,0.046263,True,True,True,True,0,False,1,"{""agent-system"": 0.987637}",2,"{""agent-network"": ""capability_missing"", ""agent-security"": ""capability_missing""}",0,
multisource_cnp_20260910T095810Z,bgl,183,267ecbb85d2840648c9b40eac2901606,6a97bd53bf354e9e8cf03316eb2bed3f,agent-system,e2e_lightweight_candidate_rule_v1,models/isolation_forest_bgl_colab.joblib,bgl,ok,0.051183,True,True,True,True,0,False,1,"{""agent-system"": 0.987626}",2,"{""agent-network"": ""capability_missing"", ""agent-security"": ""capability_missing""}",0,
multisource_cnp_20260910T095810Z,bgl,184,3594997234e148a38ca8c095c06a3e70,d50734d535ca43669b459d272a390346,agent-system,e2e_lightweight_candidate_rule_v1,models/isolation_forest_bgl_colab.joblib,bgl,ok,0.063729,True,True,True,True,0,False,1,"{""agent-system"": 0.987613}",2,"{""agent-network"": ""capability_missing"", ""agent-security"": ""capability_missing""}",0,
multisource_cnp_20260910T095810Z,bgl,185,d79748faf7b949e189c5f9eeca46ef6b,5e90942f49d8459ba894a8b78f97e1fa,agent-system,e2e_lightweight_candidate_rule_v1,models/isolation_forest_bgl_colab.joblib,bgl,ok,0.065324,True,True,True,True,0,False,1,"{""agent-system"": 0.987593}",2,"{""agent-network"": ""capability_missing"", ""agent-security"": ""capability_missing""}",0,
multisource_cnp_20260910T095810Z,bgl,186,33bc90559d17471f93abb54649ce2f59,44f81834ea104b0dafce29ccaf446e89,agent-system,e2e_lightweight_candidate_rule_v1,models/isolation_forest_bgl_colab.joblib,bgl,ok,0.069521,True,True,True,True,0,False,1,"{""agent-system"": 0.987571}",2,"{""agent-network"": ""capability_missing"", ""agent-security"": ""capability_missing""}",0,
multisource_cnp_20260910T095810Z,bgl,187,5ce6b6021a974d2f85bcede4b7e655b1,f47fc06e68eb432d9f46c8397583e7c6,agent-system,e2e_lightweight_candidate_rule_v1,models/isolation_forest_bgl_colab.joblib,bgl,ok,0.055642,True,True,True,True,0,False,1,"{""agent-system"": 0.987541}",2,"{""agent-network"": ""capability_missing"", ""agent-security"": ""capability_missing""}",0,
multisource_cnp_20260910T095810Z,bgl,188,d9a008bdbc1e4b86befc628b1f403030,c21f35b563104450be6eb6f9a42579ad,agent-system,e2e_lightweight_candidate_rule_v1,models/isolation_forest_bgl_colab.joblib,bgl,ok,0.074031,True,True,True,True,0,False,1,"{""agent-system"": 0.98752}",2,"{""agent-network"": ""capability_missing"", ""agent-security"": ""capability_missing""}",0,
multisource_cnp_20260910T095810Z,bgl,189,3e33f303e2594e348b27404ef8d6067e,4ef00c6d3a1249cf95ddd3caca897cd1,agent-system,e2e_lightweight_candidate_rule_v1,models/isolation_forest_bgl_colab.joblib,bgl,ok,0.073977,True,True,True,True,0,False,1,"{""agent-system"": 0.987496}",2,"{""agent-network"": ""capability_missing"", ""agent-security"": ""capability_missing""}",0,
multisource_cnp_20260910T095810Z,bgl,190,78afca50fcef42e590071682f23b8be8,e7a715fd2b3247d5b44fb0ddb432ad77,agent-system,e2e_lightweight_candidate_rule_v1,models/isolation_forest_bgl_colab.joblib,bgl,ok,0.06995,True,True,True,True,0,False,1,"{""agent-system"": 0.987462}",2,"{""agent-network"": ""capability_missing"", ""agent-security"": ""capability_missing""}",0,
multisource_cnp_20260910T095810Z,bgl,191,9aa0122565b74b418e71f009686cd70c,5e6eaa04f9ea4529981571f4708ce9da,agent-system,e2e_lightweight_candidate_rule_v1,models/isolation_forest_bgl_colab.joblib,bgl,ok,0.064399,True,True,True,True,0,False,1,"{""agent-system"": 0.987435}",2,"{""agent-network"": ""capability_missing"", ""agent-security"": ""capability_missing""}",0,
multisource_cnp_20260910T095810Z,bgl,192,185f1f37238c4c81b6739d32dc4e576b,1345011701d844dcbadeb42e87e895e0,agent-system,e2e_lightweight_candidate_rule_v1,models/isolation_forest_bgl_colab.joblib,bgl,ok,0.066948,True,True,True,True,0,False,1,"{""agent-system"": 0.987409}",2,"{""agent-network"": ""capability_missing"", ""agent-security"": ""capability_missing""}",0,
multisource_cnp_20260910T095810Z,bgl,193,c2662ceb4ccc4d72b7980a359b56c47c,eb0617cb45f3445cba44997914969af3,agent-system,e2e_lightweight_candidate_rule_v1,models/isolation_forest_bgl_colab.joblib,bgl,ok,0.056682,True,True,True,True,0,False,1,"{""agent-system"": 0.987383}",2,"{""agent-network"": ""capability_missing"", ""agent-security"": ""capability_missing""}",0,
multisource_cnp_20260910T095810Z,bgl,194,8dad01d9a33e4d9abe4acb9411dfa3c4,c7f774650af9494b87017d14913ea5af,agent-system,e2e_lightweight_candidate_rule_v1,models/isolation_forest_bgl_colab.joblib,bgl,ok,0.045045,True,True,True,True,0,False,1,"{""agent-system"": 0.987365}",2,"{""agent-network"": ""capability_missing"", ""agent-security"": ""capability_missing""}",0,
multisource_cnp_20260910T095810Z,bgl,195,1da49b4c5c4b4bd5ba9c864c94668429,3998a3177cb3465ba6d517a7c139f265,agent-system,e2e_lightweight_candidate_rule_v1,models/isolation_forest_bgl_colab.joblib,bgl,ok,0.041372,True,True,True,True,0,False,1,"{""agent-system"": 0.987353}",2,"{""agent-network"": ""capability_missing"", ""agent-security"": ""capability_missing""}",0,
multisource_cnp_20260910T095810Z,bgl,196,3ff5314bfb76497e8b8ba4b1a5bd8ec9,2737b9925813401aaf9c896de1f8c898,agent-system,e2e_lightweight_candidate_rule_v1,models/isolation_forest_bgl_colab.joblib,bgl,ok,0.041608,True,True,True,True,0,False,1,"{""agent-system"": 0.987349}",2,"{""agent-network"": ""capability_missing"", ""agent-security"": ""capability_missing""}",0,
multisource_cnp_20260910T095810Z,bgl,197,a1a795e7e44141bbb2499ced22c26bc1,172cf52e3f6449fd844a0e0b6aa74939,agent-system,e2e_lightweight_candidate_rule_v1,models/isolation_forest_bgl_colab.joblib,bgl,ok,0.042605,True,True,True,True,0,False,1,"{""agent-system"": 0.987346}",2,"{""agent-network"": ""capability_missing"", ""agent-security"": ""capability_missing""}",0,
multisource_cnp_20260910T095810Z,bgl,198,27a3d2e768a24153bdec06052110559a,9d5024c79458437682138ed81529a6fd,agent-system,e2e_lightweight_candidate_rule_v1,models/isolation_forest_bgl_colab.joblib,bgl,ok,0.044474,True,True,True,True,0,False,1,"{""agent-system"": 0.987341}",2,"{""agent-network"": ""capability_missing"", ""agent-security"": ""capability_missing""}",0,
multisource_cnp_20260910T095810Z,bgl,199,4a1905e148ca47e18371719ea14a9720,392cd81b422949789de5d3f5de31e6c6,agent-system,e2e_lightweight_candidate_rule_v1,models/isolation_forest_bgl_colab.joblib,bgl,ok,0.040678,True,True,True,True,0,False,1,"{""agent-system"": 0.987341}",2,"{""agent-network"": ""capability_missing"", ""agent-security"": ""capability_missing""}",0,
multisource_cnp_20260910T095810Z,bgl,200,156e704f8ca74bdca6bb670907f979d0,444623ad854545ab8b172ab0d5141e7d,agent-system,e2e_lightweight_candidate_rule_v1,models/isolation_forest_bgl_colab.joblib,bgl,ok,0.046449,True,True,True,True,0,False,1,"{""agent-system"": 0.98737}",2,"{""agent-network"": ""capability_missing"", ""agent-security"": ""capability_missing""}",0,
multisource_cnp_20260910T095810Z,network_tabular,1,2be5457726514be8bbfa86c00113d2ee,8d6ae5f50cd2494abdcf79650959cbc5,agent-network,e2e_lightweight_candidate_rule_v1,models/random_forest_network_cicids.joblib,network_cicids,ok,0.104837,True,True,True,True,0,False,1,"{""agent-network"": 0.872}",2,"{""agent-security"": ""capability_missing"", ""agent-system"": ""capability_missing""}",0,
multisource_cnp_20260910T095810Z,network_tabular,2,ce7b821242054ed8a4f8231368198c30,4caa4bf436c146b787e4adf2c105fc60,agent-network,e2e_lightweight_candidate_rule_v1,models/random_forest_network_cicids.joblib,network_cicids,ok,0.121453,True,True,True,True,0,False,1,"{""agent-network"": 0.925675}",2,"{""agent-security"": ""capability_missing"", ""agent-system"": ""capability_missing""}",0,
multisource_cnp_20260910T095810Z,network_tabular,3,0a9db4a1e74d4a6287fc1462082b0dd3,7f22789eff5e495c863c245385fb576d,agent-network,e2e_lightweight_candidate_rule_v1,models/random_forest_network_cicids.joblib,network_cicids,ok,0.108162,True,True,True,True,0,False,1,"{""agent-network"": 0.942005}",2,"{""agent-security"": ""capability_missing"", ""agent-system"": ""capability_missing""}",0,
multisource_cnp_20260910T095810Z,network_tabular,4,54fea425e00e47b8b1836a1bbcb20355,b1c875b505904b90bac82ea8ea2f893c,agent-network,e2e_lightweight_candidate_rule_v1,models/random_forest_network_cicids.joblib,network_cicids,ok,0.12091,True,True,True,True,0,False,1,"{""agent-network"": 0.952083}",2,"{""agent-security"": ""capability_missing"", ""agent-system"": ""capability_missing""}",0,
multisource_cnp_20260910T095810Z,network_tabular,5,f6fa7c3c57704a9e989a331d36192d4a,c4f37f686cb64d5daa741a381ab9a9c8,agent-network,e2e_lightweight_candidate_rule_v1,models/random_forest_network_cicids.joblib,network_cicids,ok,0.135888,True,True,True,True,0,False,1,"{""agent-network"": 0.958655}",2,"{""agent-security"": ""capability_missing"", ""agent-system"": ""capability_missing""}",0,
multisource_cnp_20260910T095810Z,network_tabular,6,5859a9cc039248a78e954c00e91df3d8,e33ca08348f8489c8eb7e9fda70976cf,agent-network,e2e_lightweight_candidate_rule_v1,models/random_forest_network_cicids.joblib,network_cicids,ok,0.109948,True,True,True,True,0,False,1,"{""agent-network"": 0.963237}",2,"{""agent-security"": ""capability_missing"", ""agent-system"": ""capability_missing""}",0,
multisource_cnp_20260910T095810Z,network_tabular,7,55e5cb51818748a9ab83aee32961d8aa,1ace27c19b4c4a0a9481a3bb4d91bda6,agent-network,e2e_lightweight_candidate_rule_v1,models/random_forest_network_cicids.joblib,network_cicids,ok,0.09284,True,True,True,True,0,False,1,"{""agent-network"": 0.966865}",2,"{""agent-security"": ""capability_missing"", ""agent-system"": ""capability_missing""}",0,
multisource_cnp_20260910T095810Z,network_tabular,8,4f9c9c6a73f04ae2820d118d3fbb7ef5,9daa96b7f86e4daba2b06be024298fb8,agent-network,e2e_lightweight_candidate_rule_v1,models/random_forest_network_cicids.joblib,network_cicids,ok,0.094709,True,True,True,True,0,False,1,"{""agent-network"": 0.969776}",2,"{""agent-security"": ""capability_missing"", ""agent-system"": ""capability_missing""}",0,
multisource_cnp_20260910T095810Z,network_tabular,9,c800ab818e504fae95f89eab704a8eb3,403414bd69c048fdaf968c4cc11baee1,agent-network,e2e_lightweight_candidate_rule_v1,models/random_forest_network_cicids.joblib,network_cicids,ok,0.091502,True,True,True,True,0,False,1,"{""agent-network"": 0.972094}",2,"{""agent-security"": ""capability_missing"", ""agent-system"": ""capability_missing""}",0,
multisource_cnp_20260910T095810Z,network_tabular,10,0107a2db2329469eb017bbb647ade92f,a1499d6132174327a35ebef7c20a697b,agent-network,e2e_lightweight_candidate_rule_v1,models/random_forest_network_cicids.joblib,network_cicids,ok,0.087977,True,True,True,True,0,False,1,"{""agent-network"": 0.973999}",2,"{""agent-security"": ""capability_missing"", ""agent-system"": ""capability_missing""}",0,
multisource_cnp_20260910T095810Z,network_tabular,11,7b9287a8474a48118e445017a2c58a8a,455f9b9d57194a1da9a6110316f6097a,agent-network,e2e_lightweight_candidate_rule_v1,models/random_forest_network_cicids.joblib,network_cicids,ok,0.083782,True,True,True,True,0,False,1,"{""agent-network"": 0.975595}",2,"{""agent-security"": ""capability_missing"", ""agent-system"": ""capability_missing""}",0,
multisource_cnp_20260910T095810Z,network_tabular,12,417cae2fbf2b4d8fb019abec2f8cc9c4,83d8af890a164447bb21b58ddf64d934,agent-network,e2e_lightweight_candidate_rule_v1,models/random_forest_network_cicids.joblib,network_cicids,ok,0.0853,True,True,True,True,0,False,1,"{""agent-network"": 0.97696}",2,"{""agent-security"": ""capability_missing"", ""agent-system"": ""capability_missing""}",0,
multisource_cnp_20260910T095810Z,network_tabular,13,60572e63fd03414784b9538c34d0df8c,87aa1aaf3e9949e2a8d2ac546a0d2058,agent-network,e2e_lightweight_candidate_rule_v1,models/random_forest_network_cicids.joblib,network_cicids,ok,0.099899,True,True,True,True,0,False,1,"{""agent-network"": 0.978123}",2,"{""agent-security"": ""capability_missing"", ""agent-system"": ""capability_missing""}",0,
multisource_cnp_20260910T095810Z,network_tabular,14,55ec2116f5e04ee980e358c86fce7799,31b2d79309df41a3bec4a911c2b9d4e8,agent-network,e2e_lightweight_candidate_rule_v1,models/random_forest_network_cicids.joblib,network_cicids,ok,0.088625,True,True,True,True,0,False,1,"{""agent-network"": 0.979082}",2,"{""agent-security"": ""capability_missing"", ""agent-system"": ""capability_missing""}",0,
multisource_cnp_20260910T095810Z,network_tabular,15,c8cfc8a7153444a8b2d0561ac62aad16,e66a3776607d4562808687d170b46562,agent-network,e2e_lightweight_candidate_rule_v1,models/random_forest_network_cicids.joblib,network_cicids,ok,0.081187,True,True,True,True,0,False,1,"{""agent-network"": 0.979954}",2,"{""agent-security"": ""capability_missing"", ""agent-system"": ""capability_missing""}",0,
multisource_cnp_20260910T095810Z,network_tabular,16,ff7219858b574c30987acb3860fa42b7,f11fcceea19c4e1095f0910fc4e538ac,agent-network,e2e_lightweight_candidate_rule_v1,models/random_forest_network_cicids.joblib,network_cicids,ok,0.084845,True,True,True,True,0,False,1,"{""agent-network"": 0.980744}",2,"{""agent-security"": ""capability_missing"", ""agent-system"": ""capability_missing""}",0,
multisource_cnp_20260910T095810Z,network_tabular,17,3a8447cecdc0499b81b08837b3efd86f,0383c2712c8d42b58a590507c1efbc24,agent-network,e2e_lightweight_candidate_rule_v1,models/random_forest_network_cicids.joblib,network_cicids,ok,0.104238,True,True,True,True,0,False,1,"{""agent-network"": 0.981435}",2,"{""agent-security"": ""capability_missing"", ""agent-system"": ""capability_missing""}",0,
multisource_cnp_20260910T095810Z,network_tabular,18,9848661f74734ddab45e0a877088c4a6,b2ef5838953446e7bee66a182630d99f,agent-network,e2e_lightweight_candidate_rule_v1,models/random_forest_network_cicids.joblib,network_cicids,ok,0.140632,True,True,True,True,0,False,1,"{""agent-network"": 0.982012}",2,"{""agent-security"": ""capability_missing"", ""agent-system"": ""capability_missing""}",0,
multisource_cnp_20260910T095810Z,network_tabular,19,61e4cc2db3b441da92ea95ed7b601bc1,a18ce63f221d47eaafc89d248a22b40c,agent-network,e2e_lightweight_candidate_rule_v1,models/random_forest_network_cicids.joblib,network_cicids,ok,0.123327,True,True,True,True,0,False,1,"{""agent-network"": 0.982446}",2,"{""agent-security"": ""capability_missing"", ""agent-system"": ""capability_missing""}",0,
multisource_cnp_20260910T095810Z,network_tabular,20,2fd01e861bdb4ddfa169ba382ad8ba39,e6fbc0f5be324a4ba627a1f2d6fef852,agent-network,e2e_lightweight_candidate_rule_v1,models/random_forest_network_cicids.joblib,network_cicids,ok,0.102517,True,True,True,True,0,False,1,"{""agent-network"": 0.982877}",2,"{""agent-security"": ""capability_missing"", ""agent-system"": ""capability_missing""}",0,
multisource_cnp_20260910T095810Z,network_tabular,21,3135e570e51f479f9cd949bfeef59944,264e8188d8d64a4c832e06f85c7d1edd,agent-network,e2e_lightweight_candidate_rule_v1,models/random_forest_network_cicids.joblib,network_cicids,ok,0.095472,True,True,True,True,0,False,1,"{""agent-network"": 0.983312}",2,"{""agent-security"": ""capability_missing"", ""agent-system"": ""capability_missing""}",0,
multisource_cnp_20260910T095810Z,network_tabular,22,d4dda6f27d5741899fc73cd3d653dfaa,e300adafb3e547b086ad9db50841867a,agent-network,e2e_lightweight_candidate_rule_v1,models/random_forest_network_cicids.joblib,network_cicids,ok,0.097834,True,True,True,True,0,False,1,"{""agent-network"": 0.983722}",2,"{""agent-security"": ""capability_missing"", ""agent-system"": ""capability_missing""}",0,
multisource_cnp_20260910T095810Z,network_tabular,23,e36e85d0e6484b53b69e1c6c211f150f,32380aa600964ada96abfb22c554bbcb,agent-network,e2e_lightweight_candidate_rule_v1,models/random_forest_network_cicids.joblib,network_cicids,ok,0.095214,True,True,True,True,0,False,1,"{""agent-network"": 0.984092}",2,"{""agent-security"": ""capability_missing"", ""agent-system"": ""capability_missing""}",0,
multisource_cnp_20260910T095810Z,network_tabular,24,36880ff071394214bf11e4c2540566d7,04aca46deaee462394a6e7fa648d7bd6,agent-network,e2e_lightweight_candidate_rule_v1,models/random_forest_network_cicids.joblib,network_cicids,ok,0.08723,True,True,True,True,0,False,1,"{""agent-network"": 0.984438}",2,"{""agent-security"": ""capability_missing"", ""agent-system"": ""capability_missing""}",0,
multisource_cnp_20260910T095810Z,network_tabular,25,e071941caf1c4b0ea0861edaf99a344f,b2442c614e3e43afa6eed26f21c89a97,agent-network,e2e_lightweight_candidate_rule_v1,models/random_forest_network_cicids.joblib,network_cicids,ok,0.087654,True,True,True,True,0,False,1,"{""agent-network"": 0.98477}",2,"{""agent-security"": ""capability_missing"", ""agent-system"": ""capability_missing""}",0,
multisource_cnp_20260910T095810Z,network_tabular,26,a91a84a6a9cd484abd77ca6f78e53962,bebf40ae66ff4313818a74f3dfd37389,agent-network,e2e_lightweight_candidate_rule_v1,models/random_forest_network_cicids.joblib,network_cicids,ok,0.080794,True,True,True,True,0,False,1,"{""agent-network"": 0.985077}",2,"{""agent-security"": ""capability_missing"", ""agent-system"": ""capability_missing""}",0,
multisource_cnp_20260910T095810Z,network_tabular,27,a7d827f78b334a359649fb5031463a3f,98dfaec8eea54e4c8024715a198df3ac,agent-network,e2e_lightweight_candidate_rule_v1,models/random_forest_network_cicids.joblib,network_cicids,ok,0.083014,True,True,True,True,0,False,1,"{""agent-network"": 0.985373}",2,"{""agent-security"": ""capability_missing"", ""agent-system"": ""capability_missing""}",0,
multisource_cnp_20260910T095810Z,network_tabular,28,762d55e92524465bbfe966c69093f3c4,cba2df8c0c7a4dd99b78c9b6326575d4,agent-network,e2e_lightweight_candidate_rule_v1,models/random_forest_network_cicids.joblib,network_cicids,ok,0.086329,True,True,True,True,0,False,1,"{""agent-network"": 0.985645}",2,"{""agent-security"": ""capability_missing"", ""agent-system"": ""capability_missing""}",0,
multisource_cnp_20260910T095810Z,network_tabular,29,29516b8c2ec64689b8eb49de2c7b2387,8c9b7ca1d99b43c99d0902548585f0c1,agent-network,e2e_lightweight_candidate_rule_v1,models/random_forest_network_cicids.joblib,network_cicids,ok,0.078874,True,True,True,True,0,False,1,"{""agent-network"": 0.985894}",2,"{""agent-security"": ""capability_missing"", ""agent-system"": ""capability_missing""}",0,
multisource_cnp_20260910T095810Z,network_tabular,30,16b6e5418ff0468182a33977d3b6afeb,1612095f7ae54957866d1186296fdd2f,agent-network,e2e_lightweight_candidate_rule_v1,models/random_forest_network_cicids.joblib,network_cicids,ok,0.085999,True,True,True,True,0,False,1,"{""agent-network"": 0.986137}",2,"{""agent-security"": ""capability_missing"", ""agent-system"": ""capability_missing""}",0,
multisource_cnp_20260910T095810Z,network_tabular,31,5bb72318ef0547a595958d4512efb20a,47bd3ea539be40e3a9ae765c114dcb7f,agent-network,e2e_lightweight_candidate_rule_v1,models/random_forest_network_cicids.joblib,network_cicids,ok,0.080434,True,True,True,True,0,False,1,"{""agent-network"": 0.986356}",2,"{""agent-security"": ""capability_missing"", ""agent-system"": ""capability_missing""}",0,
multisource_cnp_20260910T095810Z,network_tabular,32,f6d7bd1855ea403390401a5bcb0dd544,a7c99f46b0c4498fb5c9f5a2e5b7aa13,agent-network,e2e_lightweight_candidate_rule_v1,models/random_forest_network_cicids.joblib,network_cicids,ok,0.083093,True,True,True,True,0,False,1,"{""agent-network"": 0.986568}",2,"{""agent-security"": ""capability_missing"", ""agent-system"": ""capability_missing""}",0,
multisource_cnp_20260910T095810Z,network_tabular,33,58f9b2f5a9094b2cbd60d4a6ca857ac5,271e8406022c40f98de7cb2ce47ce582,agent-network,e2e_lightweight_candidate_rule_v1,models/random_forest_network_cicids.joblib,network_cicids,ok,0.083643,True,True,True,True,0,False,1,"{""agent-network"": 0.986765}",2,"{""agent-security"": ""capability_missing"", ""agent-system"": ""capability_missing""}",0,
multisource_cnp_20260910T095810Z,network_tabular,34,604513dd050c4a449b5c60cbeb4de967,a1f84c1edd8142c7b6ed71b5a3bc7537,agent-network,e2e_lightweight_candidate_rule_v1,models/random_forest_network_cicids.joblib,network_cicids,ok,0.084214,True,True,True,True,0,False,1,"{""agent-network"": 0.986949}",2,"{""agent-security"": ""capability_missing"", ""agent-system"": ""capability_missing""}",0,
multisource_cnp_20260910T095810Z,network_tabular,35,aed5aabaadbe4ba09e857357d297b925,15940d13a0bc4ce7926ba378e4d8df19,agent-network,e2e_lightweight_candidate_rule_v1,models/random_forest_network_cicids.joblib,network_cicids,ok,0.085958,True,True,True,True,0,False,1,"{""agent-network"": 0.987122}",2,"{""agent-security"": ""capability_missing"", ""agent-system"": ""capability_missing""}",0,
multisource_cnp_20260910T095810Z,network_tabular,36,aaf9660485654093b27374c1d03595ef,be63b9fb16144e68bcaff97b25c657fa,agent-network,e2e_lightweight_candidate_rule_v1,models/random_forest_network_cicids.joblib,network_cicids,ok,0.080401,True,True,True,True,0,False,1,"{""agent-network"": 0.987285}",2,"{""agent-security"": ""capability_missing"", ""agent-system"": ""capability_missing""}",0,
multisource_cnp_20260910T095810Z,network_tabular,37,77a7378a2297415294e253d09ccc2c40,0dc9ec67367b4cff8a6dd53befe1f08d,agent-network,e2e_lightweight_candidate_rule_v1,models/random_forest_network_cicids.joblib,network_cicids,ok,0.084958,True,True,True,True,0,False,1,"{""agent-network"": 0.987445}",2,"{""agent-security"": ""capability_missing"", ""agent-system"": ""capability_missing""}",0,
multisource_cnp_20260910T095810Z,network_tabular,38,3090a83275254c6eb889c9f15c561718,9d4ba5221d5d42638f516fb4d533b1bc,agent-network,e2e_lightweight_candidate_rule_v1,models/random_forest_network_cicids.joblib,network_cicids,ok,0.081497,True,True,True,True,0,False,1,"{""agent-network"": 0.987591}",2,"{""agent-security"": ""capability_missing"", ""agent-system"": ""capability_missing""}",0,
multisource_cnp_20260910T095810Z,network_tabular,39,a2c47c75ad97472fad8cc79e9f398796,2ac5b1e5578144278a0d0b143b994784,agent-network,e2e_lightweight_candidate_rule_v1,models/random_forest_network_cicids.joblib,network_cicids,ok,0.114257,True,True,True,True,0,False,1,"{""agent-network"": 0.987733}",2,"{""agent-security"": ""capability_missing"", ""agent-system"": ""capability_missing""}",0,
multisource_cnp_20260910T095810Z,network_tabular,40,0ecf44d9a588429ab5d0fe6200c1bc35,4b493fe55f67468caa089b1b33a246d0,agent-network,e2e_lightweight_candidate_rule_v1,models/random_forest_network_cicids.joblib,network_cicids,ok,0.112571,True,True,True,True,0,False,1,"{""agent-network"": 0.987834}",2,"{""agent-security"": ""capability_missing"", ""agent-system"": ""capability_missing""}",0,
multisource_cnp_20260910T095810Z,network_tabular,41,17d58a24439748dabd9fa82ce802ecf8,b46c46d4b7714243bd20abebe7361a32,agent-network,e2e_lightweight_candidate_rule_v1,models/random_forest_network_cicids.joblib,network_cicids,ok,0.127045,True,True,True,True,0,False,1,"{""agent-network"": 0.987932}",2,"{""agent-security"": ""capability_missing"", ""agent-system"": ""capability_missing""}",0,
multisource_cnp_20260910T095810Z,network_tabular,42,e98473fa762c46449b179bb317202138,6c9db0d4edf34b68af4ba470c2f98e4c,agent-network,e2e_lightweight_candidate_rule_v1,models/random_forest_network_cicids.joblib,network_cicids,ok,0.161151,True,True,True,True,0,False,1,"{""agent-network"": 0.988012}",2,"{""agent-security"": ""capability_missing"", ""agent-system"": ""capability_missing""}",0,
multisource_cnp_20260910T095810Z,network_tabular,43,947ad01810d642f89b65bd5d51d6fb53,caf0f7affc5a49cfa7f1d22f55417064,agent-network,e2e_lightweight_candidate_rule_v1,models/random_forest_network_cicids.joblib,network_cicids,ok,0.147844,True,True,True,True,0,False,1,"{""agent-network"": 0.988056}",2,"{""agent-security"": ""capability_missing"", ""agent-system"": ""capability_missing""}",0,
multisource_cnp_20260910T095810Z,network_tabular,44,a62dc741c5544edfa93d124f51e9106b,be7a29d0564a4b0da654bab3295acfb8,agent-network,e2e_lightweight_candidate_rule_v1,models/random_forest_network_cicids.joblib,network_cicids,ok,0.116105,True,True,True,True,0,False,1,"{""agent-network"": 0.98811}",2,"{""agent-security"": ""capability_missing"", ""agent-system"": ""capability_missing""}",0,
multisource_cnp_20260910T095810Z,network_tabular,45,adc8e5271556418398bc27c6a20a3485,36e11a87875a4099867553ab30437ad1,agent-network,e2e_lightweight_candidate_rule_v1,models/random_forest_network_cicids.joblib,network_cicids,ok,0.105989,True,True,True,True,0,False,1,"{""agent-network"": 0.988191}",2,"{""agent-security"": ""capability_missing"", ""agent-system"": ""capability_missing""}",0,
multisource_cnp_20260910T095810Z,network_tabular,46,08edd84ef7264380ae7b65f7e0b88530,43758ec253f7498b82e7130116726e73,agent-network,e2e_lightweight_candidate_rule_v1,models/random_forest_network_cicids.joblib,network_cicids,ok,0.142389,True,True,True,True,0,False,1,"{""agent-network"": 0.988278}",2,"{""agent-security"": ""capability_missing"", ""agent-system"": ""capability_missing""}",0,
multisource_cnp_20260910T095810Z,network_tabular,47,a031255a54484e62a9a45adc7d7afc66,07377623261046808726174647b42371,agent-network,e2e_lightweight_candidate_rule_v1,models/random_forest_network_cicids.joblib,network_cicids,ok,0.157697,True,True,True,True,0,False,1,"{""agent-network"": 0.988329}",2,"{""agent-security"": ""capability_missing"", ""agent-system"": ""capability_missing""}",0,
multisource_cnp_20260910T095810Z,network_tabular,48,e23539854ac64f1cae84bce49df3396f,ee4bf1d0a8ef4fd0824e2592d1826972,agent-network,e2e_lightweight_candidate_rule_v1,models/random_forest_network_cicids.joblib,network_cicids,ok,0.118663,True,True,True,True,0,False,1,"{""agent-network"": 0.988363}",2,"{""agent-security"": ""capability_missing"", ""agent-system"": ""capability_missing""}",0,
multisource_cnp_20260910T095810Z,network_tabular,49,3a6649b42de941edbfe3e0022020f5d7,69b2e9675ba8443cafa59d2b18f13233,agent-network,e2e_lightweight_candidate_rule_v1,models/random_forest_network_cicids.joblib,network_cicids,ok,0.112792,True,True,True,True,0,False,1,"{""agent-network"": 0.98843}",2,"{""agent-security"": ""capability_missing"", ""agent-system"": ""capability_missing""}",0,
multisource_cnp_20260910T095810Z,network_tabular,50,a3d0cddf759f46938257451f23d603df,e62309bc19a94ae9b091851904176dc8,agent-network,e2e_lightweight_candidate_rule_v1,models/random_forest_network_cicids.joblib,network_cicids,ok,0.085048,True,True,True,True,0,False,1,"{""agent-network"": 0.9885}",2,"{""agent-security"": ""capability_missing"", ""agent-system"": ""capability_missing""}",0,
multisource_cnp_20260910T095810Z,network_tabular,51,360beda8bf6a4c93ad640c2a78c457dd,f0f5ba6761f14c27a02f055a09a341d9,agent-network,e2e_lightweight_candidate_rule_v1,models/random_forest_network_cicids.joblib,network_cicids,ok,0.082843,True,True,True,True,0,False,1,"{""agent-network"": 0.98859}",2,"{""agent-security"": ""capability_missing"", ""agent-system"": ""capability_missing""}",0,
multisource_cnp_20260910T095810Z,network_tabular,52,cb7e107fc8b74b469a40ba0f64f8775d,756c6783b83543e7b0707402a3035a5c,agent-network,e2e_lightweight_candidate_rule_v1,models/random_forest_network_cicids.joblib,network_cicids,ok,0.087907,True,True,True,True,0,False,1,"{""agent-network"": 0.98868}",2,"{""agent-security"": ""capability_missing"", ""agent-system"": ""capability_missing""}",0,
multisource_cnp_20260910T095810Z,network_tabular,53,8db9b3664228481dba8b5487effdf867,af935907ba6c46f58a2565d6b05fff3a,agent-network,e2e_lightweight_candidate_rule_v1,models/random_forest_network_cicids.joblib,network_cicids,ok,0.080346,True,True,True,True,0,False,1,"{""agent-network"": 0.988778}",2,"{""agent-security"": ""capability_missing"", ""agent-system"": ""capability_missing""}",0,
multisource_cnp_20260910T095810Z,network_tabular,54,20e51195cde645a38af485272a013a81,d7fe5ccf9da940d4b3b4ab254b537f4d,agent-network,e2e_lightweight_candidate_rule_v1,models/random_forest_network_cicids.joblib,network_cicids,ok,0.080854,True,True,True,True,0,False,1,"{""agent-network"": 0.988868}",2,"{""agent-security"": ""capability_missing"", ""agent-system"": ""capability_missing""}",0,
multisource_cnp_20260910T095810Z,network_tabular,55,974aaaec6840467bb3f4b8e82493117e,6d40dfe41edb40d1887356e98711092b,agent-network,e2e_lightweight_candidate_rule_v1,models/random_forest_network_cicids.joblib,network_cicids,ok,0.082193,True,True,True,True,0,False,1,"{""agent-network"": 0.988964}",2,"{""agent-security"": ""capability_missing"", ""agent-system"": ""capability_missing""}",0,
multisource_cnp_20260910T095810Z,network_tabular,56,ebb6f1981fc445a4aac12780cf254d01,21276a2aa3eb4f84a193a8a0f2611bc7,agent-network,e2e_lightweight_candidate_rule_v1,models/random_forest_network_cicids.joblib,network_cicids,ok,0.078359,True,True,True,True,0,False,1,"{""agent-network"": 0.98907}",2,"{""agent-security"": ""capability_missing"", ""agent-system"": ""capability_missing""}",0,
multisource_cnp_20260910T095810Z,network_tabular,57,ec08dd451327471b9f85fa48d6adb812,dd467425733e47d69e075a66064afe3d,agent-network,e2e_lightweight_candidate_rule_v1,models/random_forest_network_cicids.joblib,network_cicids,ok,0.076349,True,True,True,True,0,False,1,"{""agent-network"": 0.989157}",2,"{""agent-security"": ""capability_missing"", ""agent-system"": ""capability_missing""}",0,
multisource_cnp_20260910T095810Z,network_tabular,58,24fb1ac3a79d4f8db2ff2ad4bf8358d2,c9d0e8e9923845289b19b96841daa319,agent-network,e2e_lightweight_candidate_rule_v1,models/random_forest_network_cicids.joblib,network_cicids,ok,0.091519,True,True,True,True,0,False,1,"{""agent-network"": 0.989228}",2,"{""agent-security"": ""capability_missing"", ""agent-system"": ""capability_missing""}",0,
multisource_cnp_20260910T095810Z,network_tabular,59,e29e2546e927404d9f3baad73b129ce1,623f706bcc724687ab52de2ff9dd476e,agent-network,e2e_lightweight_candidate_rule_v1,models/random_forest_network_cicids.joblib,network_cicids,ok,0.083025,True,True,True,True,0,False,1,"{""agent-network"": 0.989287}",2,"{""agent-security"": ""capability_missing"", ""agent-system"": ""capability_missing""}",0,
multisource_cnp_20260910T095810Z,network_tabular,60,d28574651f6f436e977b2db38dbf937e,555a727e2c924dd9960e844ddce59d4e,agent-network,e2e_lightweight_candidate_rule_v1,models/random_forest_network_cicids.joblib,network_cicids,ok,0.084415,True,True,True,True,0,False,1,"{""agent-network"": 0.989349}",2,"{""agent-security"": ""capability_missing"", ""agent-system"": ""capability_missing""}",0,
multisource_cnp_20260910T095810Z,network_tabular,61,413f4f752e604be685e62389df33fd8e,64e3484699914d9392e62cbb2f226fab,agent-network,e2e_lightweight_candidate_rule_v1,models/random_forest_network_cicids.joblib,network_cicids,ok,0.084633,True,True,True,True,0,False,1,"{""agent-network"": 0.989405}",2,"{""agent-security"": ""capability_missing"", ""agent-system"": ""capability_missing""}",0,
multisource_cnp_20260910T095810Z,network_tabular,62,b810461bcbd444a8a8f17b73afb3a12d,586cbd1f14ec458195d8eccdb624b1ed,agent-network,e2e_lightweight_candidate_rule_v1,models/random_forest_network_cicids.joblib,network_cicids,ok,0.08165,True,True,True,True,0,False,1,"{""agent-network"": 0.989455}",2,"{""agent-security"": ""capability_missing"", ""agent-system"": ""capability_missing""}",0,
multisource_cnp_20260910T095810Z,network_tabular,63,2014393c6a0c4f60b391b179d017689f,dc8519ff7fe2457fb93fa383cbd7c539,agent-network,e2e_lightweight_candidate_rule_v1,models/random_forest_network_cicids.joblib,network_cicids,ok,0.086427,True,True,True,True,0,False,1,"{""agent-network"": 0.989508}",2,"{""agent-security"": ""capability_missing"", ""agent-system"": ""capability_missing""}",0,
multisource_cnp_20260910T095810Z,network_tabular,64,c74d5f90b1974c07b3f749096b13e60f,926bb8ff94b64afb9fbae021c7043a98,agent-network,e2e_lightweight_candidate_rule_v1,models/random_forest_network_cicids.joblib,network_cicids,ok,0.124565,True,True,True,True,0,False,1,"{""agent-network"": 0.989569}",2,"{""agent-security"": ""capability_missing"", ""agent-system"": ""capability_missing""}",0,
multisource_cnp_20260910T095810Z,network_tabular,65,c08c87eb7c71436da957b542d7d39246,a452e23f2fb54619b70ff7e3312f26c8,agent-network,e2e_lightweight_candidate_rule_v1,models/random_forest_network_cicids.joblib,network_cicids,ok,0.132124,True,True,True,True,0,False,1,"{""agent-network"": 0.989586}",2,"{""agent-security"": ""capability_missing"", ""agent-system"": ""capability_missing""}",0,
multisource_cnp_20260910T095810Z,network_tabular,66,33b582d32a4649aba688906f6538a4e6,918fd75abad143919dcf9c34801d843d,agent-network,e2e_lightweight_candidate_rule_v1,models/random_forest_network_cicids.joblib,network_cicids,ok,0.119504,True,True,True,True,0,False,1,"{""agent-network"": 0.989591}",2,"{""agent-security"": ""capability_missing"", ""agent-system"": ""capability_missing""}",0,
multisource_cnp_20260910T095810Z,network_tabular,67,8dfe208f59554eacb599360dafd9c867,4a585c4f4d0047bda4e6e44ff819621e,agent-network,e2e_lightweight_candidate_rule_v1,models/random_forest_network_cicids.joblib,network_cicids,ok,0.094691,True,True,True,True,0,False,1,"{""agent-network"": 0.989608}",2,"{""agent-security"": ""capability_missing"", ""agent-system"": ""capability_missing""}",0,
multisource_cnp_20260910T095810Z,network_tabular,68,91620266fd3a428fa4ed949b6b5d492d,0447425f45ee4a5b84fdf12442ac4eb7,agent-network,e2e_lightweight_candidate_rule_v1,models/random_forest_network_cicids.joblib,network_cicids,ok,0.100248,True,True,True,True,0,False,1,"{""agent-network"": 0.989656}",2,"{""agent-security"": ""capability_missing"", ""agent-system"": ""capability_missing""}",0,
multisource_cnp_20260910T095810Z,network_tabular,69,2db3ff94edda40eaaebc7e52169b093a,da60786f7b844715aa2d94b4e620b8cb,agent-network,e2e_lightweight_candidate_rule_v1,models/random_forest_network_cicids.joblib,network_cicids,ok,0.083315,True,True,True,True,0,False,1,"{""agent-network"": 0.98973}",2,"{""agent-security"": ""capability_missing"", ""agent-system"": ""capability_missing""}",0,
multisource_cnp_20260910T095810Z,network_tabular,70,23337389e47c486db8b0a53a64b70ee8,a417d91a3bea4410bccd22881256b62f,agent-network,e2e_lightweight_candidate_rule_v1,models/random_forest_network_cicids.joblib,network_cicids,ok,0.087782,True,True,True,True,0,False,1,"{""agent-network"": 0.989803}",2,"{""agent-security"": ""capability_missing"", ""agent-system"": ""capability_missing""}",0,
multisource_cnp_20260910T095810Z,network_tabular,71,33efb6539bb842b4a83f1401d731aee8,b5093a30221b4c67b1f801b46981e914,agent-network,e2e_lightweight_candidate_rule_v1,models/random_forest_network_cicids.joblib,network_cicids,ok,0.086531,True,True,True,True,0,False,1,"{""agent-network"": 0.989853}",2,"{""agent-security"": ""capability_missing"", ""agent-system"": ""capability_missing""}",0,
multisource_cnp_20260910T095810Z,network_tabular,72,62d67bdd2bfe49939b6455ff22506489,0f84a0f4aea54f9b9dafba0a2553eed1,agent-network,e2e_lightweight_candidate_rule_v1,models/random_forest_network_cicids.joblib,network_cicids,ok,0.090099,True,True,True,True,0,False,1,"{""agent-network"": 0.989899}",2,"{""agent-security"": ""capability_missing"", ""agent-system"": ""capability_missing""}",0,
multisource_cnp_20260910T095810Z,network_tabular,73,1c9922b29fe24ca1b4a2bc38519b905f,339fd00e58924e6fbacc4e7091465180,agent-network,e2e_lightweight_candidate_rule_v1,models/random_forest_network_cicids.joblib,network_cicids,ok,0.081645,True,True,True,True,0,False,1,"{""agent-network"": 0.989943}",2,"{""agent-security"": ""capability_missing"", ""agent-system"": ""capability_missing""}",0,
multisource_cnp_20260910T095810Z,network_tabular,74,281333396b364e4d999d4cf67382c556,034198c92e554de990aefa1f24456068,agent-network,e2e_lightweight_candidate_rule_v1,models/random_forest_network_cicids.joblib,network_cicids,ok,0.084885,True,True,True,True,0,False,1,"{""agent-network"": 0.98999}",2,"{""agent-security"": ""capability_missing"", ""agent-system"": ""capability_missing""}",0,
multisource_cnp_20260910T095810Z,network_tabular,75,855d95a3bc86416289137da8a185a14e,e1fb5eed22cd45ad80c66d5e4bbf9da3,agent-network,e2e_lightweight_candidate_rule_v1,models/random_forest_network_cicids.joblib,network_cicids,ok,0.078454,True,True,True,True,0,False,1,"{""agent-network"": 0.990026}",2,"{""agent-security"": ""capability_missing"", ""agent-system"": ""capability_missing""}",0,
multisource_cnp_20260910T095810Z,network_tabular,76,dbc582b02f1b4f9686ee87280915efab,e91923a4a0864326937e4261a8153523,agent-network,e2e_lightweight_candidate_rule_v1,models/random_forest_network_cicids.joblib,network_cicids,ok,0.077934,True,True,True,True,0,False,1,"{""agent-network"": 0.990068}",2,"{""agent-security"": ""capability_missing"", ""agent-system"": ""capability_missing""}",0,
multisource_cnp_20260910T095810Z,network_tabular,77,cfd3cacf09be478ca271197d8e37b71a,3432fe6c80d54e648c2dfb59419dfd85,agent-network,e2e_lightweight_candidate_rule_v1,models/random_forest_network_cicids.joblib,network_cicids,ok,0.07872,True,True,True,True,0,False,1,"{""agent-network"": 0.990104}",2,"{""agent-security"": ""capability_missing"", ""agent-system"": ""capability_missing""}",0,
multisource_cnp_20260910T095810Z,network_tabular,78,84a6f5902ad942cb8ff11a45981c3919,dc5b65f7d06c4b38ad2726ee345cb7ea,agent-network,e2e_lightweight_candidate_rule_v1,models/random_forest_network_cicids.joblib,network_cicids,ok,0.078411,True,True,True,True,0,False,1,"{""agent-network"": 0.99014}",2,"{""agent-security"": ""capability_missing"", ""agent-system"": ""capability_missing""}",0,
multisource_cnp_20260910T095810Z,network_tabular,79,086ea77d8a67482abdf38a599ae20a4b,b646c8d0932c448eb799fb964585e210,agent-network,e2e_lightweight_candidate_rule_v1,models/random_forest_network_cicids.joblib,network_cicids,ok,0.085139,True,True,True,True,0,False,1,"{""agent-network"": 0.990178}",2,"{""agent-security"": ""capability_missing"", ""agent-system"": ""capability_missing""}",0,
multisource_cnp_20260910T095810Z,network_tabular,80,48ae383ffc7945c19dd71851ed5ca3ee,020ef597941e4027bab9fb823cf5bdd8,agent-network,e2e_lightweight_candidate_rule_v1,models/random_forest_network_cicids.joblib,network_cicids,ok,0.085692,True,True,True,True,0,False,1,"{""agent-network"": 0.990204}",2,"{""agent-security"": ""capability_missing"", ""agent-system"": ""capability_missing""}",0,
multisource_cnp_20260910T095810Z,network_tabular,81,4f521ced9fe1480397fc15cc0b599b6a,2fee08015a944ea99f8979da55f9e733,agent-network,e2e_lightweight_candidate_rule_v1,models/random_forest_network_cicids.joblib,network_cicids,ok,0.088162,True,True,True,True,0,False,1,"{""agent-network"": 0.990234}",2,"{""agent-security"": ""capability_missing"", ""agent-system"": ""capability_missing""}",0,
multisource_cnp_20260910T095810Z,network_tabular,82,3737eaecb84e40f2b0902765bb6db5af,aec2747aa0e14044b97bbc196bf4d5ae,agent-network,e2e_lightweight_candidate_rule_v1,models/random_forest_network_cicids.joblib,network_cicids,ok,0.092363,True,True,True,True,0,False,1,"{""agent-network"": 0.990258}",2,"{""agent-security"": ""capability_missing"", ""agent-system"": ""capability_missing""}",0,
multisource_cnp_20260910T095810Z,network_tabular,83,b3a6c1af29af42f3b1bf52bf58ab8b7e,bc00e2377b6b44659145668b0e856646,agent-network,e2e_lightweight_candidate_rule_v1,models/random_forest_network_cicids.joblib,network_cicids,ok,0.126614,True,True,True,True,0,False,1,"{""agent-network"": 0.990278}",2,"{""agent-security"": ""capability_missing"", ""agent-system"": ""capability_missing""}",0,
multisource_cnp_20260910T095810Z,network_tabular,84,349660f2028f4529912cfcea5680bec0,7f2415d116564e3ea358730dfe4db80c,agent-network,e2e_lightweight_candidate_rule_v1,models/random_forest_network_cicids.joblib,network_cicids,ok,0.160595,True,True,True,True,0,False,1,"{""agent-network"": 0.990271}",2,"{""agent-security"": ""capability_missing"", ""agent-system"": ""capability_missing""}",0,
multisource_cnp_20260910T095810Z,network_tabular,85,95eff27ba6ac47098ccbbbb001f77de5,e586fb888a3a44b0bbce6425c7cb2f28,agent-network,e2e_lightweight_candidate_rule_v1,models/random_forest_network_cicids.joblib,network_cicids,ok,0.116071,True,True,True,True,0,False,1,"{""agent-network"": 0.990238}",2,"{""agent-security"": ""capability_missing"", ""agent-system"": ""capability_missing""}",0,
multisource_cnp_20260910T095810Z,network_tabular,86,f7ffa4deb8a747768878e44afc75316d,a7f98072bebd442f92c9e148d4b59ad1,agent-network,e2e_lightweight_candidate_rule_v1,models/random_forest_network_cicids.joblib,network_cicids,ok,0.091552,True,True,True,True,0,False,1,"{""agent-network"": 0.99024}",2,"{""agent-security"": ""capability_missing"", ""agent-system"": ""capability_missing""}",0,
multisource_cnp_20260910T095810Z,network_tabular,87,99d43f8d63cc453ba64ef515b5b384b5,e1bc1f62da3a4e6aadda1d7e72d51ebd,agent-network,e2e_lightweight_candidate_rule_v1,models/random_forest_network_cicids.joblib,network_cicids,ok,0.082294,True,True,True,True,0,False,1,"{""agent-network"": 0.990257}",2,"{""agent-security"": ""capability_missing"", ""agent-system"": ""capability_missing""}",0,
multisource_cnp_20260910T095810Z,network_tabular,88,2d43cc918b3741178a3d776520c5992b,42c40224bcfa43798021660890b91680,agent-network,e2e_lightweight_candidate_rule_v1,models/random_forest_network_cicids.joblib,network_cicids,ok,0.123001,True,True,True,True,0,False,1,"{""agent-network"": 0.990285}",2,"{""agent-security"": ""capability_missing"", ""agent-system"": ""capability_missing""}",0,
multisource_cnp_20260910T095810Z,network_tabular,89,6da99f3001574655b856fe4bb30e97c8,450f6c7b859642a6ac40884c08bcbd40,agent-network,e2e_lightweight_candidate_rule_v1,models/random_forest_network_cicids.joblib,network_cicids,ok,0.132097,True,True,True,True,0,False,1,"{""agent-network"": 0.990276}",2,"{""agent-security"": ""capability_missing"", ""agent-system"": ""capability_missing""}",0,
multisource_cnp_20260910T095810Z,network_tabular,90,2d4da1c59d57408bbac3690f010d1f47,a85994ecd3cc4983a2e9d80531072682,agent-network,e2e_lightweight_candidate_rule_v1,models/random_forest_network_cicids.joblib,network_cicids,ok,0.113708,True,True,True,True,0,False,1,"{""agent-network"": 0.990287}",2,"{""agent-security"": ""capability_missing"", ""agent-system"": ""capability_missing""}",0,
multisource_cnp_20260910T095810Z,network_tabular,91,cdb74f7f78ba4dc8ac17fa2f2c78491e,7acfbee8f8d244b2a581b38cf7686096,agent-network,e2e_lightweight_candidate_rule_v1,models/random_forest_network_cicids.joblib,network_cicids,ok,0.083448,True,True,True,True,0,False,1,"{""agent-network"": 0.99031}",2,"{""agent-security"": ""capability_missing"", ""agent-system"": ""capability_missing""}",0,
multisource_cnp_20260910T095810Z,network_tabular,92,114fdbce1778444784102cf9a74a21eb,2c01ae45ad154b0e87242d510824b323,agent-network,e2e_lightweight_candidate_rule_v1,models/random_forest_network_cicids.joblib,network_cicids,ok,0.083496,True,True,True,True,0,False,1,"{""agent-network"": 0.990369}",2,"{""agent-security"": ""capability_missing"", ""agent-system"": ""capability_missing""}",0,
multisource_cnp_20260910T095810Z,network_tabular,93,d63e56210a5a4429aaaf981b5797a6f8,7ec0b3c3f7794ffb8b6d18ac4c85a3fb,agent-network,e2e_lightweight_candidate_rule_v1,models/random_forest_network_cicids.joblib,network_cicids,ok,0.08047,True,True,True,True,0,False,1,"{""agent-network"": 0.990454}",2,"{""agent-security"": ""capability_missing"", ""agent-system"": ""capability_missing""}",0,
multisource_cnp_20260910T095810Z,network_tabular,94,97288246e39e4590ab2d1df3fd132ef7,03df2c9c91e74120a688fd5d49ee4dec,agent-network,e2e_lightweight_candidate_rule_v1,models/random_forest_network_cicids.joblib,network_cicids,ok,0.08553,True,True,True,True,0,False,1,"{""agent-network"": 0.990532}",2,"{""agent-security"": ""capability_missing"", ""agent-system"": ""capability_missing""}",0,
multisource_cnp_20260910T095810Z,network_tabular,95,d6fa1dfa0fe7472f9ea2a40eb7c62086,a56b88c5f0ad40a8b9ed35fffb2b8cf5,agent-network,e2e_lightweight_candidate_rule_v1,models/random_forest_network_cicids.joblib,network_cicids,ok,0.083171,True,True,True,True,0,False,1,"{""agent-network"": 0.990578}",2,"{""agent-security"": ""capability_missing"", ""agent-system"": ""capability_missing""}",0,
multisource_cnp_20260910T095810Z,network_tabular,96,1f989b487973467a8cca9254c04246dd,e4f21ba8c98141df881a7d5915fe9e26,agent-network,e2e_lightweight_candidate_rule_v1,models/random_forest_network_cicids.joblib,network_cicids,ok,0.078111,True,True,True,True,0,False,1,"{""agent-network"": 0.990619}",2,"{""agent-security"": ""capability_missing"", ""agent-system"": ""capability_missing""}",0,
multisource_cnp_20260910T095810Z,network_tabular,97,9c84a08e62df42eba02b24f615ee3b00,7bba59950d10443991f8b5c0705e2348,agent-network,e2e_lightweight_candidate_rule_v1,models/random_forest_network_cicids.joblib,network_cicids,ok,0.080304,True,True,True,True,0,False,1,"{""agent-network"": 0.990693}",2,"{""agent-security"": ""capability_missing"", ""agent-system"": ""capability_missing""}",0,
multisource_cnp_20260910T095810Z,network_tabular,98,87904739bb5e47d59f1ef34191fd5683,4fefedabf6864fbca50a916bd82f39d0,agent-network,e2e_lightweight_candidate_rule_v1,models/random_forest_network_cicids.joblib,network_cicids,ok,0.077695,True,True,True,True,0,False,1,"{""agent-network"": 0.990779}",2,"{""agent-security"": ""capability_missing"", ""agent-system"": ""capability_missing""}",0,
multisource_cnp_20260910T095810Z,network_tabular,99,7c5af4f353b243afa15374ab6c1b181c,6bb0cd3dd8354722849b7dffe7426ff8,agent-network,e2e_lightweight_candidate_rule_v1,models/random_forest_network_cicids.joblib,network_cicids,ok,0.080881,True,True,True,True,0,False,1,"{""agent-network"": 0.990833}",2,"{""agent-security"": ""capability_missing"", ""agent-system"": ""capability_missing""}",0,
multisource_cnp_20260910T095810Z,network_tabular,100,9f180d5407ae44c3afa68d52908a654e,563a67d02b604bcd8a8bf157ca7b50bc,agent-network,e2e_lightweight_candidate_rule_v1,models/random_forest_network_cicids.joblib,network_cicids,ok,0.090864,True,True,True,True,0,False,1,"{""agent-network"": 0.99088}",2,"{""agent-security"": ""capability_missing"", ""agent-system"": ""capability_missing""}",0,
multisource_cnp_20260910T095810Z,network_tabular,101,b65c6e76e23f498886c9db2c12b2ca3a,831dc03ee2424288a3068171b8b21c43,agent-network,e2e_lightweight_candidate_rule_v1,models/random_forest_network_cicids.joblib,network_cicids,ok,0.092397,True,True,True,True,0,False,1,"{""agent-network"": 0.990894}",2,"{""agent-security"": ""capability_missing"", ""agent-system"": ""capability_missing""}",0,
multisource_cnp_20260910T095810Z,network_tabular,102,93932aad3c37434cae4de470e36058e9,dd8c371e881a4e6ebeb26069e04837ae,agent-network,e2e_lightweight_candidate_rule_v1,models/random_forest_network_cicids.joblib,network_cicids,ok,0.075118,True,True,True,True,0,False,1,"{""agent-network"": 0.990905}",2,"{""agent-security"": ""capability_missing"", ""agent-system"": ""capability_missing""}",0,
multisource_cnp_20260910T095810Z,network_tabular,103,838f5c5a0e8148e3a93177881a0fcbf5,a96016a177d24dffb1a27b2eb13a8612,agent-network,e2e_lightweight_candidate_rule_v1,models/random_forest_network_cicids.joblib,network_cicids,ok,0.093729,True,True,True,True,0,False,1,"{""agent-network"": 0.990934}",2,"{""agent-security"": ""capability_missing"", ""agent-system"": ""capability_missing""}",0,
multisource_cnp_20260910T095810Z,network_tabular,104,6e1fbff5475e412293062eca169c47c9,4a2c67a0049240e0943e8004f4feac58,agent-network,e2e_lightweight_candidate_rule_v1,models/random_forest_network_cicids.joblib,network_cicids,ok,0.087425,True,True,True,True,0,False,1,"{""agent-network"": 0.990939}",2,"{""agent-security"": ""capability_missing"", ""agent-system"": ""capability_missing""}",0,
multisource_cnp_20260910T095810Z,network_tabular,105,906c66c143854d7abf51e72270de03be,1fa66e194faf4a9bb825d9dbafa6f179,agent-network,e2e_lightweight_candidate_rule_v1,models/random_forest_network_cicids.joblib,network_cicids,ok,0.08409,True,True,True,True,0,False,1,"{""agent-network"": 0.990952}",2,"{""agent-security"": ""capability_missing"", ""agent-system"": ""capability_missing""}",0,
multisource_cnp_20260910T095810Z,network_tabular,106,2f164a38b3084d099ca9a8ef77e44de8,0b6306d592054497a1983943221e49db,agent-network,e2e_lightweight_candidate_rule_v1,models/random_forest_network_cicids.joblib,network_cicids,ok,0.097059,True,True,True,True,0,False,1,"{""agent-network"": 0.990968}",2,"{""agent-security"": ""capability_missing"", ""agent-system"": ""capability_missing""}",0,
multisource_cnp_20260910T095810Z,network_tabular,107,29bc3ad647f346148a4a357af749726c,4d3f1f7c50f24b7dac4a5989246bbd2f,agent-network,e2e_lightweight_candidate_rule_v1,models/random_forest_network_cicids.joblib,network_cicids,ok,0.084816,True,True,True,True,0,False,1,"{""agent-network"": 0.990969}",2,"{""agent-security"": ""capability_missing"", ""agent-system"": ""capability_missing""}",0,
multisource_cnp_20260910T095810Z,network_tabular,108,0da55df650164358b4b572b992282fb4,3bad1831179048d9a8c171fca067042c,agent-network,e2e_lightweight_candidate_rule_v1,models/random_forest_network_cicids.joblib,network_cicids,ok,0.08242,True,True,True,True,0,False,1,"{""agent-network"": 0.99098}",2,"{""agent-security"": ""capability_missing"", ""agent-system"": ""capability_missing""}",0,
multisource_cnp_20260910T095810Z,network_tabular,109,5b0e8dc5b13f4eeeab8b176e4226e870,136bd433624745fca68402a50bb84581,agent-network,e2e_lightweight_candidate_rule_v1,models/random_forest_network_cicids.joblib,network_cicids,ok,0.081272,True,True,True,True,0,False,1,"{""agent-network"": 0.991003}",2,"{""agent-security"": ""capability_missing"", ""agent-system"": ""capability_missing""}",0,
multisource_cnp_20260910T095810Z,network_tabular,110,55c36d993506497fa60bdc2c2a8da2ac,926532ea1d4249af85009231ba1061fc,agent-network,e2e_lightweight_candidate_rule_v1,models/random_forest_network_cicids.joblib,network_cicids,ok,0.0806,True,True,True,True,0,False,1,"{""agent-network"": 0.991021}",2,"{""agent-security"": ""capability_missing"", ""agent-system"": ""capability_missing""}",0,
multisource_cnp_20260910T095810Z,network_tabular,111,1598ef89e8dd4c80966ff72bd1e8ed3e,84ddd31e56464286a3ce1420e05325e4,agent-network,e2e_lightweight_candidate_rule_v1,models/random_forest_network_cicids.joblib,network_cicids,ok,0.084524,True,True,True,True,0,False,1,"{""agent-network"": 0.99104}",2,"{""agent-security"": ""capability_missing"", ""agent-system"": ""capability_missing""}",0,
multisource_cnp_20260910T095810Z,network_tabular,112,751308998fe94d50a85b27454342937c,02b627af091242419601f81c15302463,agent-network,e2e_lightweight_candidate_rule_v1,models/random_forest_network_cicids.joblib,network_cicids,ok,0.100784,True,True,True,True,0,False,1,"{""agent-network"": 0.991056}",2,"{""agent-security"": ""capability_missing"", ""agent-system"": ""capability_missing""}",0,
multisource_cnp_20260910T095810Z,network_tabular,113,dd9fbaf0504240af8be94be716b702b8,378c33bf806b4a4bb1246be4ec7c614b,agent-network,e2e_lightweight_candidate_rule_v1,models/random_forest_network_cicids.joblib,network_cicids,ok,0.127682,True,True,True,True,0,False,1,"{""agent-network"": 0.991055}",2,"{""agent-security"": ""capability_missing"", ""agent-system"": ""capability_missing""}",0,
multisource_cnp_20260910T095810Z,network_tabular,114,b8ae051dfd6b4b278b1747fbfcecc94a,4982f406cd924b32848c0d392903fb7c,agent-network,e2e_lightweight_candidate_rule_v1,models/random_forest_network_cicids.joblib,network_cicids,ok,0.128253,True,True,True,True,0,False,1,"{""agent-network"": 0.991036}",2,"{""agent-security"": ""capability_missing"", ""agent-system"": ""capability_missing""}",0,
multisource_cnp_20260910T095810Z,network_tabular,115,3f0e2d6ef64e41529553abebbef23d30,50431deb608147c4afd974a17554c17e,agent-network,e2e_lightweight_candidate_rule_v1,models/random_forest_network_cicids.joblib,network_cicids,ok,0.129549,True,True,True,True,0,False,1,"{""agent-network"": 0.991048}",2,"{""agent-security"": ""capability_missing"", ""agent-system"": ""capability_missing""}",0,
multisource_cnp_20260910T095810Z,network_tabular,116,e81dbb28f4cc4ff9a748fe95936c2a59,e498993fc42146b8b1c3a1eeabeafd31,agent-network,e2e_lightweight_candidate_rule_v1,models/random_forest_network_cicids.joblib,network_cicids,ok,0.102528,True,True,True,True,0,False,1,"{""agent-network"": 0.991064}",2,"{""agent-security"": ""capability_missing"", ""agent-system"": ""capability_missing""}",0,
multisource_cnp_20260910T095810Z,network_tabular,117,d4896ac0fc8b4d85a32b04e11e023545,6a504d7ae6864693a8e176bf7e48b679,agent-network,e2e_lightweight_candidate_rule_v1,models/random_forest_network_cicids.joblib,network_cicids,ok,0.094758,True,True,True,True,0,False,1,"{""agent-network"": 0.991091}",2,"{""agent-security"": ""capability_missing"", ""agent-system"": ""capability_missing""}",0,
multisource_cnp_20260910T095810Z,network_tabular,118,12bdc5104cb24ccb8970dc79433e622c,10586e44b449450faff13bb1d333505b,agent-network,e2e_lightweight_candidate_rule_v1,models/random_forest_network_cicids.joblib,network_cicids,ok,0.08467,True,True,True,True,0,False,1,"{""agent-network"": 0.991106}",2,"{""agent-security"": ""capability_missing"", ""agent-system"": ""capability_missing""}",0,
multisource_cnp_20260910T095810Z,network_tabular,119,f7a997a556f043c5911a4fc3861faf5f,e0c9dbb5c2c345b7a8875f23814666ca,agent-network,e2e_lightweight_candidate_rule_v1,models/random_forest_network_cicids.joblib,network_cicids,ok,0.081884,True,True,True,True,0,False,1,"{""agent-network"": 0.991133}",2,"{""agent-security"": ""capability_missing"", ""agent-system"": ""capability_missing""}",0,
multisource_cnp_20260910T095810Z,network_tabular,120,6ee625ce1d81475d91d855ff22981be1,426da4de775e49bb8a8e9082e57d3396,agent-network,e2e_lightweight_candidate_rule_v1,models/random_forest_network_cicids.joblib,network_cicids,ok,0.082659,True,True,True,True,0,False,1,"{""agent-network"": 0.991148}",2,"{""agent-security"": ""capability_missing"", ""agent-system"": ""capability_missing""}",0,
multisource_cnp_20260910T095810Z,network_tabular,121,19cd02795cc44a969aa9b5a234bf0988,d7d32b5a83f940d681825aa621a0fecd,agent-network,e2e_lightweight_candidate_rule_v1,models/random_forest_network_cicids.joblib,network_cicids,ok,0.084729,True,True,True,True,0,False,1,"{""agent-network"": 0.991165}",2,"{""agent-security"": ""capability_missing"", ""agent-system"": ""capability_missing""}",0,
multisource_cnp_20260910T095810Z,network_tabular,122,8ceeecfecade457190c571906e4fdaab,c5b955507289453c934c1c253063f49c,agent-network,e2e_lightweight_candidate_rule_v1,models/random_forest_network_cicids.joblib,network_cicids,ok,0.082947,True,True,True,True,0,False,1,"{""agent-network"": 0.99118}",2,"{""agent-security"": ""capability_missing"", ""agent-system"": ""capability_missing""}",0,
multisource_cnp_20260910T095810Z,network_tabular,123,44700402f93b4fa990862a55d02068f8,d6c697b294d64e50b5ad4e2855fc4439,agent-network,e2e_lightweight_candidate_rule_v1,models/random_forest_network_cicids.joblib,network_cicids,ok,0.081746,True,True,True,True,0,False,1,"{""agent-network"": 0.991199}",2,"{""agent-security"": ""capability_missing"", ""agent-system"": ""capability_missing""}",0,
multisource_cnp_20260910T095810Z,network_tabular,124,e12c30dda92f41368880d2b5d8887be5,8c7f977a2a6242eb840a85b447dcb4da,agent-network,e2e_lightweight_candidate_rule_v1,models/random_forest_network_cicids.joblib,network_cicids,ok,0.086619,True,True,True,True,0,False,1,"{""agent-network"": 0.991211}",2,"{""agent-security"": ""capability_missing"", ""agent-system"": ""capability_missing""}",0,
multisource_cnp_20260910T095810Z,network_tabular,125,2dcaeb6162914dc2b5dedc5025ccc351,9a73c353ed0a441fb9a81b485e7a6016,agent-network,e2e_lightweight_candidate_rule_v1,models/random_forest_network_cicids.joblib,network_cicids,ok,0.086105,True,True,True,True,0,False,1,"{""agent-network"": 0.991223}",2,"{""agent-security"": ""capability_missing"", ""agent-system"": ""capability_missing""}",0,
multisource_cnp_20260910T095810Z,network_tabular,126,7bbf266bd70b401dbaf642fbfd7b4ec4,4f360eaaebaf4227bc0dcfa06163c0fc,agent-network,e2e_lightweight_candidate_rule_v1,models/random_forest_network_cicids.joblib,network_cicids,ok,0.106997,True,True,True,True,0,False,1,"{""agent-network"": 0.991229}",2,"{""agent-security"": ""capability_missing"", ""agent-system"": ""capability_missing""}",0,
multisource_cnp_20260910T095810Z,network_tabular,127,f9bfea9600694b77b2f42dd00bc0db8a,343dc81d258f47998466ea2dead74b98,agent-network,e2e_lightweight_candidate_rule_v1,models/random_forest_network_cicids.joblib,network_cicids,ok,0.094054,True,True,True,True,0,False,1,"{""agent-network"": 0.991217}",2,"{""agent-security"": ""capability_missing"", ""agent-system"": ""capability_missing""}",0,
multisource_cnp_20260910T095810Z,network_tabular,128,2a48011cfe3a4bae948ca83353855c2f,950526cd96374145bf303d55cad28367,agent-network,e2e_lightweight_candidate_rule_v1,models/random_forest_network_cicids.joblib,network_cicids,ok,0.093694,True,True,True,True,0,False,1,"{""agent-network"": 0.991217}",2,"{""agent-security"": ""capability_missing"", ""agent-system"": ""capability_missing""}",0,
multisource_cnp_20260910T095810Z,network_tabular,129,cdd42d126bb7422fbb892f1acce310aa,0b224d99f3a74f9cb270275f013bf031,agent-network,e2e_lightweight_candidate_rule_v1,models/random_forest_network_cicids.joblib,network_cicids,ok,0.077659,True,True,True,True,0,False,1,"{""agent-network"": 0.991216}",2,"{""agent-security"": ""capability_missing"", ""agent-system"": ""capability_missing""}",0,
multisource_cnp_20260910T095810Z,network_tabular,130,8917208a19094f88826681022a562e5e,207e6eaf086a4a10b5ded78820c6c5bf,agent-network,e2e_lightweight_candidate_rule_v1,models/random_forest_network_cicids.joblib,network_cicids,ok,0.107087,True,True,True,True,0,False,1,"{""agent-network"": 0.991234}",2,"{""agent-security"": ""capability_missing"", ""agent-system"": ""capability_missing""}",0,
multisource_cnp_20260910T095810Z,network_tabular,131,3ddf662155c74637977b3e8786dfbecc,a9fa98b4599b4f068275f16bae0e99ee,agent-network,e2e_lightweight_candidate_rule_v1,models/random_forest_network_cicids.joblib,network_cicids,ok,0.100974,True,True,True,True,0,False,1,"{""agent-network"": 0.991228}",2,"{""agent-security"": ""capability_missing"", ""agent-system"": ""capability_missing""}",0,
multisource_cnp_20260910T095810Z,network_tabular,132,0c166e427a394e24b40bccc15703e060,56bdd61a3548405baee167e739a78558,agent-network,e2e_lightweight_candidate_rule_v1,models/random_forest_network_cicids.joblib,network_cicids,ok,0.081294,True,True,True,True,0,False,1,"{""agent-network"": 0.991228}",2,"{""agent-security"": ""capability_missing"", ""agent-system"": ""capability_missing""}",0,
multisource_cnp_20260910T095810Z,network_tabular,133,b7ef86da78df4954a7643f0e696d97fe,f9066e24db9f4cc4b184f1a7f0d8a805,agent-network,e2e_lightweight_candidate_rule_v1,models/random_forest_network_cicids.joblib,network_cicids,ok,0.085461,True,True,True,True,0,False,1,"{""agent-network"": 0.991248}",2,"{""agent-security"": ""capability_missing"", ""agent-system"": ""capability_missing""}",0,
multisource_cnp_20260910T095810Z,network_tabular,134,e04f489fb5174239853071f74da23a10,566ac4bdab224d86836fa027b3dd7b62,agent-network,e2e_lightweight_candidate_rule_v1,models/random_forest_network_cicids.joblib,network_cicids,ok,0.082428,True,True,True,True,0,False,1,"{""agent-network"": 0.991293}",2,"{""agent-security"": ""capability_missing"", ""agent-system"": ""capability_missing""}",0,
multisource_cnp_20260910T095810Z,network_tabular,135,f6470ef4fd8f46eb9274369cf02ce2cc,16a7fae7217847e684a80882f3e9524d,agent-network,e2e_lightweight_candidate_rule_v1,models/random_forest_network_cicids.joblib,network_cicids,ok,0.08217,True,True,True,True,0,False,1,"{""agent-network"": 0.991367}",2,"{""agent-security"": ""capability_missing"", ""agent-system"": ""capability_missing""}",0,
multisource_cnp_20260910T095810Z,network_tabular,136,0b18d929720a4f8881f82ec4e968d234,81a724aa9dc9456f99ff205f944b720e,agent-network,e2e_lightweight_candidate_rule_v1,models/random_forest_network_cicids.joblib,network_cicids,ok,0.072619,True,True,True,True,0,False,1,"{""agent-network"": 0.991405}",2,"{""agent-security"": ""capability_missing"", ""agent-system"": ""capability_missing""}",0,
multisource_cnp_20260910T095810Z,network_tabular,137,d77629b58e394bfba0a1b1e61e783ab0,ecf8509662dd41728346bf78269a57dd,agent-network,e2e_lightweight_candidate_rule_v1,models/random_forest_network_cicids.joblib,network_cicids,ok,0.085567,True,True,True,True,0,False,1,"{""agent-network"": 0.991432}",2,"{""agent-security"": ""capability_missing"", ""agent-system"": ""capability_missing""}",0,
multisource_cnp_20260910T095810Z,network_tabular,138,b9da635fb57f409e94a6f119d2774d66,12defc13578d40db98b0b6a01f538136,agent-network,e2e_lightweight_candidate_rule_v1,models/random_forest_network_cicids.joblib,network_cicids,ok,0.126788,True,True,True,True,0,False,1,"{""agent-network"": 0.991439}",2,"{""agent-security"": ""capability_missing"", ""agent-system"": ""capability_missing""}",0,
multisource_cnp_20260910T095810Z,network_tabular,139,2a19004f7d1b4d9a965db7744bdb474c,feb4cf8104644fd5901395bcc9df77ab,agent-network,e2e_lightweight_candidate_rule_v1,models/random_forest_network_cicids.joblib,network_cicids,ok,0.131725,True,True,True,True,0,False,1,"{""agent-network"": 0.991447}",2,"{""agent-security"": ""capability_missing"", ""agent-system"": ""capability_missing""}",0,
multisource_cnp_20260910T095810Z,network_tabular,140,f603c9ff6bf7481994b4a2cce60b67cd,232f7ec0639444e6a55b79a09297caa1,agent-network,e2e_lightweight_candidate_rule_v1,models/random_forest_network_cicids.joblib,network_cicids,ok,0.107761,True,True,True,True,0,False,1,"{""agent-network"": 0.991458}",2,"{""agent-security"": ""capability_missing"", ""agent-system"": ""capability_missing""}",0,
multisource_cnp_20260910T095810Z,network_tabular,141,4ba01052cc234b29b9d26b37dfd137a0,a326f6bf46ae4f91a8d991ddab8e3e88,agent-network,e2e_lightweight_candidate_rule_v1,models/random_forest_network_cicids.joblib,network_cicids,ok,0.092002,True,True,True,True,0,False,1,"{""agent-network"": 0.991474}",2,"{""agent-security"": ""capability_missing"", ""agent-system"": ""capability_missing""}",0,
multisource_cnp_20260910T095810Z,network_tabular,142,5089073ce30744968cb3dcaa7dcf6e4c,4480b15bd7c449ab85e3ae88aa7bf50a,agent-network,e2e_lightweight_candidate_rule_v1,models/random_forest_network_cicids.joblib,network_cicids,ok,0.074102,True,True,True,True,0,False,1,"{""agent-network"": 0.991478}",2,"{""agent-security"": ""capability_missing"", ""agent-system"": ""capability_missing""}",0,
multisource_cnp_20260910T095810Z,network_tabular,143,3aa834b74cc34bf6b9ff9ab0beead093,d0eae587a45347d8a03a00025cc01698,agent-network,e2e_lightweight_candidate_rule_v1,models/random_forest_network_cicids.joblib,network_cicids,ok,0.080475,True,True,True,True,0,False,1,"{""agent-network"": 0.991495}",2,"{""agent-security"": ""capability_missing"", ""agent-system"": ""capability_missing""}",0,
multisource_cnp_20260910T095810Z,network_tabular,144,f26656bbceec4137939076f7011ff5f0,c9db8f38ac8c4016af6d8c4f70ee46ef,agent-network,e2e_lightweight_candidate_rule_v1,models/random_forest_network_cicids.joblib,network_cicids,ok,0.089499,True,True,True,True,0,False,1,"{""agent-network"": 0.991505}",2,"{""agent-security"": ""capability_missing"", ""agent-system"": ""capability_missing""}",0,
multisource_cnp_20260910T095810Z,network_tabular,145,05cd9f81ce674287ac76001d408a4c15,928246d254ae4d3db21f37af9474bf7f,agent-network,e2e_lightweight_candidate_rule_v1,models/random_forest_network_cicids.joblib,network_cicids,ok,0.079552,True,True,True,True,0,False,1,"{""agent-network"": 0.991512}",2,"{""agent-security"": ""capability_missing"", ""agent-system"": ""capability_missing""}",0,
multisource_cnp_20260910T095810Z,network_tabular,146,2c92c205aeb34f73861c3814557acc0b,66d97ab6ee6c4c0991fd2ff79cf27c5a,agent-network,e2e_lightweight_candidate_rule_v1,models/random_forest_network_cicids.joblib,network_cicids,ok,0.095709,True,True,True,True,0,False,1,"{""agent-network"": 0.991524}",2,"{""agent-security"": ""capability_missing"", ""agent-system"": ""capability_missing""}",0,
multisource_cnp_20260910T095810Z,network_tabular,147,12212438c2b84c39ba8e44fa53a29073,cebf80ea1c274ca7b45573608bda2db2,agent-network,e2e_lightweight_candidate_rule_v1,models/random_forest_network_cicids.joblib,network_cicids,ok,0.079065,True,True,True,True,0,False,1,"{""agent-network"": 0.991518}",2,"{""agent-security"": ""capability_missing"", ""agent-system"": ""capability_missing""}",0,
multisource_cnp_20260910T095810Z,network_tabular,148,9e80ace0f5e046e585b079eaad06445d,39b849dca9f14855b2815a0e4007cd1a,agent-network,e2e_lightweight_candidate_rule_v1,models/random_forest_network_cicids.joblib,network_cicids,ok,0.089615,True,True,True,True,0,False,1,"{""agent-network"": 0.991528}",2,"{""agent-security"": ""capability_missing"", ""agent-system"": ""capability_missing""}",0,
multisource_cnp_20260910T095810Z,network_tabular,149,3dce761c071e4bacbb309ae0a338be34,521c37b653c941edb3b4ad82f4e464e2,agent-network,e2e_lightweight_candidate_rule_v1,models/random_forest_network_cicids.joblib,network_cicids,ok,0.087802,True,True,True,True,0,False,1,"{""agent-network"": 0.991527}",2,"{""agent-security"": ""capability_missing"", ""agent-system"": ""capability_missing""}",0,
multisource_cnp_20260910T095810Z,network_tabular,150,564832dd97c7497e9914db46a0a3ef38,33a7d1dbafd84f388e85fa1492eb2ab2,agent-network,e2e_lightweight_candidate_rule_v1,models/random_forest_network_cicids.joblib,network_cicids,ok,0.253053,True,True,True,True,0,False,1,"{""agent-network"": 0.991529}",2,"{""agent-security"": ""capability_missing"", ""agent-system"": ""capability_missing""}",0,
multisource_cnp_20260910T095810Z,network_tabular,151,1f9e29bfd31a489fa87c154f41b124fa,cb7fd69b54264a80aefdd6a382856893,agent-network,e2e_lightweight_candidate_rule_v1,models/random_forest_network_cicids.joblib,network_cicids,ok,0.104294,True,True,True,True,0,False,1,"{""agent-network"": 0.991405}",2,"{""agent-security"": ""capability_missing"", ""agent-system"": ""capability_missing""}",0,
multisource_cnp_20260910T095810Z,network_tabular,152,d860285309a94a7ab0e528490bddfe2e,d01fe75ff82043cf8596f51df9967c45,agent-network,e2e_lightweight_candidate_rule_v1,models/random_forest_network_cicids.joblib,network_cicids,ok,0.085053,True,True,True,True,0,False,1,"{""agent-network"": 0.991404}",2,"{""agent-security"": ""capability_missing"", ""agent-system"": ""capability_missing""}",0,
multisource_cnp_20260910T095810Z,network_tabular,153,5b92316e9c1c47e7b27b439ca4bf5500,799b3ed97ac74c958bb40aa5e4e3a86f,agent-network,e2e_lightweight_candidate_rule_v1,models/random_forest_network_cicids.joblib,network_cicids,ok,0.096735,True,True,True,True,0,False,1,"{""agent-network"": 0.991405}",2,"{""agent-security"": ""capability_missing"", ""agent-system"": ""capability_missing""}",0,
multisource_cnp_20260910T095810Z,network_tabular,154,57e2872ae0524e7dab9c5f970f8d0f84,4d53caebcd4a4695a17220a9963c848d,agent-network,e2e_lightweight_candidate_rule_v1,models/random_forest_network_cicids.joblib,network_cicids,ok,0.080317,True,True,True,True,0,False,1,"{""agent-network"": 0.991411}",2,"{""agent-security"": ""capability_missing"", ""agent-system"": ""capability_missing""}",0,
multisource_cnp_20260910T095810Z,network_tabular,155,9fa167f1a6bf469e8cacc93d2cb0879c,67698a4a0d544847a38cb272759b1e23,agent-network,e2e_lightweight_candidate_rule_v1,models/random_forest_network_cicids.joblib,network_cicids,ok,0.089426,True,True,True,True,0,False,1,"{""agent-network"": 0.991425}",2,"{""agent-security"": ""capability_missing"", ""agent-system"": ""capability_missing""}",0,
multisource_cnp_20260910T095810Z,network_tabular,156,971313f3d75940a392d6eb794edd5cd9,020119c8a1f047c999e1f38ca35e6029,agent-network,e2e_lightweight_candidate_rule_v1,models/random_forest_network_cicids.joblib,network_cicids,ok,0.074358,True,True,True,True,0,False,1,"{""agent-network"": 0.99143}",2,"{""agent-security"": ""capability_missing"", ""agent-system"": ""capability_missing""}",0,
multisource_cnp_20260910T095810Z,network_tabular,157,97fb7bea9ca7497a8fa992ee85353d40,a04d600039d64b13899cca75c8688f85,agent-network,e2e_lightweight_candidate_rule_v1,models/random_forest_network_cicids.joblib,network_cicids,ok,0.079643,True,True,True,True,0,False,1,"{""agent-network"": 0.991457}",2,"{""agent-security"": ""capability_missing"", ""agent-system"": ""capability_missing""}",0,
multisource_cnp_20260910T095810Z,network_tabular,158,ed08680558784148bca660a826959ff5,0343034d1b3748cc8b09cd2a23a55663,agent-network,e2e_lightweight_candidate_rule_v1,models/random_forest_network_cicids.joblib,network_cicids,ok,0.077416,True,True,True,True,0,False,1,"{""agent-network"": 0.991469}",2,"{""agent-security"": ""capability_missing"", ""agent-system"": ""capability_missing""}",0,
multisource_cnp_20260910T095810Z,network_tabular,159,704a85ce1c3d4cf78d1cae4f390245c9,2539ea8df9fa4ea090c16b9880f924ca,agent-network,e2e_lightweight_candidate_rule_v1,models/random_forest_network_cicids.joblib,network_cicids,ok,0.090414,True,True,True,True,0,False,1,"{""agent-network"": 0.991481}",2,"{""agent-security"": ""capability_missing"", ""agent-system"": ""capability_missing""}",0,
multisource_cnp_20260910T095810Z,network_tabular,160,71bd647555a84546a8c8e166bc43d9fb,0c6c5610b5134a53a6fd95547e605379,agent-network,e2e_lightweight_candidate_rule_v1,models/random_forest_network_cicids.joblib,network_cicids,ok,0.08069,True,True,True,True,0,False,1,"{""agent-network"": 0.991481}",2,"{""agent-security"": ""capability_missing"", ""agent-system"": ""capability_missing""}",0,
multisource_cnp_20260910T095810Z,network_tabular,161,aaa60575d1224192bc363241a33bc0bd,97b5fd4d769e41a89ac44fc947388ee1,agent-network,e2e_lightweight_candidate_rule_v1,models/random_forest_network_cicids.joblib,network_cicids,ok,0.084925,True,True,True,True,0,False,1,"{""agent-network"": 0.991488}",2,"{""agent-security"": ""capability_missing"", ""agent-system"": ""capability_missing""}",0,
multisource_cnp_20260910T095810Z,network_tabular,162,9ea351abf50a4b8c8d2eac81694d9c0b,6a600aaf79894eed99db55bff0a16554,agent-network,e2e_lightweight_candidate_rule_v1,models/random_forest_network_cicids.joblib,network_cicids,ok,0.129389,True,True,True,True,0,False,1,"{""agent-network"": 0.991495}",2,"{""agent-security"": ""capability_missing"", ""agent-system"": ""capability_missing""}",0,
multisource_cnp_20260910T095810Z,network_tabular,163,a6d7df5bd7c240e6945aef8703303a16,16ae69b61f814b00a8f41e78d5d71a12,agent-network,e2e_lightweight_candidate_rule_v1,models/random_forest_network_cicids.joblib,network_cicids,ok,0.12638,True,True,True,True,0,False,1,"{""agent-network"": 0.991479}",2,"{""agent-security"": ""capability_missing"", ""agent-system"": ""capability_missing""}",0,
multisource_cnp_20260910T095810Z,network_tabular,164,7843ee67c4394c54b6b85ff033839a9b,02fc38af2eb149a5a9489bc1b08d203f,agent-network,e2e_lightweight_candidate_rule_v1,models/random_forest_network_cicids.joblib,network_cicids,ok,0.09455,True,True,True,True,0,False,1,"{""agent-network"": 0.991488}",2,"{""agent-security"": ""capability_missing"", ""agent-system"": ""capability_missing""}",0,
multisource_cnp_20260910T095810Z,network_tabular,165,9a232a1b1c5b4b6ea63f19c508855091,00a2c1bcf257446ca23e6f8597605293,agent-network,e2e_lightweight_candidate_rule_v1,models/random_forest_network_cicids.joblib,network_cicids,ok,0.081134,True,True,True,True,0,False,1,"{""agent-network"": 0.991523}",2,"{""agent-security"": ""capability_missing"", ""agent-system"": ""capability_missing""}",0,
multisource_cnp_20260910T095810Z,network_tabular,166,6d97be84839340968eda29c395ab5ef5,3a41899e2d5e417e8bc9888182725d44,agent-network,e2e_lightweight_candidate_rule_v1,models/random_forest_network_cicids.joblib,network_cicids,ok,0.083878,True,True,True,True,0,False,1,"{""agent-network"": 0.99157}",2,"{""agent-security"": ""capability_missing"", ""agent-system"": ""capability_missing""}",0,
multisource_cnp_20260910T095810Z,network_tabular,167,6d923c79527f4f2fb891ab4c839ff4bb,7b468a668ad445b2baf2b655451b37ff,agent-network,e2e_lightweight_candidate_rule_v1,models/random_forest_network_cicids.joblib,network_cicids,ok,0.086928,True,True,True,True,0,False,1,"{""agent-network"": 0.991593}",2,"{""agent-security"": ""capability_missing"", ""agent-system"": ""capability_missing""}",0,
multisource_cnp_20260910T095810Z,network_tabular,168,e5149ef0f2f64580895339a3b11c0936,44149cc551a84c21af1594adbf08c940,agent-network,e2e_lightweight_candidate_rule_v1,models/random_forest_network_cicids.joblib,network_cicids,ok,0.093363,True,True,True,True,0,False,1,"{""agent-network"": 0.991606}",2,"{""agent-security"": ""capability_missing"", ""agent-system"": ""capability_missing""}",0,
multisource_cnp_20260910T095810Z,network_tabular,169,a706f75352e64097ae04d7c0c07e8160,ac94191774ac4197af91e955f83c077d,agent-network,e2e_lightweight_candidate_rule_v1,models/random_forest_network_cicids.joblib,network_cicids,ok,0.080273,True,True,True,True,0,False,1,"{""agent-network"": 0.991607}",2,"{""agent-security"": ""capability_missing"", ""agent-system"": ""capability_missing""}",0,
multisource_cnp_20260910T095810Z,network_tabular,170,94769241f20343168d617e8a42552990,640c80d775244b488805cbe461910ed0,agent-network,e2e_lightweight_candidate_rule_v1,models/random_forest_network_cicids.joblib,network_cicids,ok,0.102503,True,True,True,True,0,False,1,"{""agent-network"": 0.991615}",2,"{""agent-security"": ""capability_missing"", ""agent-system"": ""capability_missing""}",0,
multisource_cnp_20260910T095810Z,network_tabular,171,fbeaffd65a8d4c74bf5f5edc8bee0a8d,e9828b40591b4ab986e5b12a26c027e0,agent-network,e2e_lightweight_candidate_rule_v1,models/random_forest_network_cicids.joblib,network_cicids,ok,0.073688,True,True,True,True,0,False,1,"{""agent-network"": 0.991605}",2,"{""agent-security"": ""capability_missing"", ""agent-system"": ""capability_missing""}",0,
multisource_cnp_20260910T095810Z,network_tabular,172,982c93fb8afd49b39d19c459c761fbb9,52f9759e37cd46de8715cec1d7881080,agent-network,e2e_lightweight_candidate_rule_v1,models/random_forest_network_cicids.joblib,network_cicids,ok,0.07822,True,True,True,True,0,False,1,"{""agent-network"": 0.991621}",2,"{""agent-security"": ""capability_missing"", ""agent-system"": ""capability_missing""}",0,
multisource_cnp_20260910T095810Z,network_tabular,173,327f537b46f74f94a61674c268afb7b2,6257008e58d44e01b5924f1329b920c1,agent-network,e2e_lightweight_candidate_rule_v1,models/random_forest_network_cicids.joblib,network_cicids,ok,0.0803,True,True,True,True,0,False,1,"{""agent-network"": 0.991632}",2,"{""agent-security"": ""capability_missing"", ""agent-system"": ""capability_missing""}",0,
multisource_cnp_20260910T095810Z,network_tabular,174,268d983a7e794c1c834b373da2d1ed08,3a23efda2c5c4ed9ba9b14a29c0afe82,agent-network,e2e_lightweight_candidate_rule_v1,models/random_forest_network_cicids.joblib,network_cicids,ok,0.086403,True,True,True,True,0,False,1,"{""agent-network"": 0.99164}",2,"{""agent-security"": ""capability_missing"", ""agent-system"": ""capability_missing""}",0,
multisource_cnp_20260910T095810Z,network_tabular,175,236f82e6a301471ca77e3dceb8161bd2,4e21d920dfe94109ae41d596f7c285c4,agent-network,e2e_lightweight_candidate_rule_v1,models/random_forest_network_cicids.joblib,network_cicids,ok,0.081156,True,True,True,True,0,False,1,"{""agent-network"": 0.991646}",2,"{""agent-security"": ""capability_missing"", ""agent-system"": ""capability_missing""}",0,
multisource_cnp_20260910T095810Z,network_tabular,176,4ef5949fa9aa4119b124851fa77f8490,54de40c318a04582a5225a77536815c5,agent-network,e2e_lightweight_candidate_rule_v1,models/random_forest_network_cicids.joblib,network_cicids,ok,0.087698,True,True,True,True,0,False,1,"{""agent-network"": 0.991658}",2,"{""agent-security"": ""capability_missing"", ""agent-system"": ""capability_missing""}",0,
multisource_cnp_20260910T095810Z,network_tabular,177,04cbae53e81a4929a756cceec06e5050,67b1f9bd2bce46ef9a0b4a7dc7292b67,agent-network,e2e_lightweight_candidate_rule_v1,models/random_forest_network_cicids.joblib,network_cicids,ok,0.077885,True,True,True,True,0,False,1,"{""agent-network"": 0.99168}",2,"{""agent-security"": ""capability_missing"", ""agent-system"": ""capability_missing""}",0,
multisource_cnp_20260910T095810Z,network_tabular,178,36485e230ced453f9c8b68f62723b337,e1c0fb77a3fa48bfaa1de14ab869ed9b,agent-network,e2e_lightweight_candidate_rule_v1,models/random_forest_network_cicids.joblib,network_cicids,ok,0.086058,True,True,True,True,0,False,1,"{""agent-network"": 0.991699}",2,"{""agent-security"": ""capability_missing"", ""agent-system"": ""capability_missing""}",0,
multisource_cnp_20260910T095810Z,network_tabular,179,39007a9962c74893b0e7490656870641,a81d28ff506443b38308302396006371,agent-network,e2e_lightweight_candidate_rule_v1,models/random_forest_network_cicids.joblib,network_cicids,ok,0.079796,True,True,True,True,0,False,1,"{""agent-network"": 0.991712}",2,"{""agent-security"": ""capability_missing"", ""agent-system"": ""capability_missing""}",0,
multisource_cnp_20260910T095810Z,network_tabular,180,609ec676f6e840739fa0f01ab168ff98,2808ca13671843fab3e35af588b7ed5e,agent-network,e2e_lightweight_candidate_rule_v1,models/random_forest_network_cicids.joblib,network_cicids,ok,0.085142,True,True,True,True,0,False,1,"{""agent-network"": 0.991716}",2,"{""agent-security"": ""capability_missing"", ""agent-system"": ""capability_missing""}",0,
multisource_cnp_20260910T095810Z,network_tabular,181,15276904148d437f850cc36ad62581b6,5284e385c8d74baeb56da403a38357fa,agent-network,e2e_lightweight_candidate_rule_v1,models/random_forest_network_cicids.joblib,network_cicids,ok,0.078564,True,True,True,True,0,False,1,"{""agent-network"": 0.99174}",2,"{""agent-security"": ""capability_missing"", ""agent-system"": ""capability_missing""}",0,
multisource_cnp_20260910T095810Z,network_tabular,182,b8497e8691684cb996bbfb7524e2988c,2aeeb6b699704d61a14f94cc96146fbd,agent-network,e2e_lightweight_candidate_rule_v1,models/random_forest_network_cicids.joblib,network_cicids,ok,0.094052,True,True,True,True,0,False,1,"{""agent-network"": 0.991765}",2,"{""agent-security"": ""capability_missing"", ""agent-system"": ""capability_missing""}",0,
multisource_cnp_20260910T095810Z,network_tabular,183,0b4b6fcb87354e4dbcb56dd556665533,abb435cae2ec4a85930df7c89a37db86,agent-network,e2e_lightweight_candidate_rule_v1,models/random_forest_network_cicids.joblib,network_cicids,ok,0.076154,True,True,True,True,0,False,1,"{""agent-network"": 0.991761}",2,"{""agent-security"": ""capability_missing"", ""agent-system"": ""capability_missing""}",0,
multisource_cnp_20260910T095810Z,network_tabular,184,cf0bcfcf68a24b318d8702adb1bad8b6,1fb276c52cc148d8ab48947245858e73,agent-network,e2e_lightweight_candidate_rule_v1,models/random_forest_network_cicids.joblib,network_cicids,ok,0.076371,True,True,True,True,0,False,1,"{""agent-network"": 0.991775}",2,"{""agent-security"": ""capability_missing"", ""agent-system"": ""capability_missing""}",0,
multisource_cnp_20260910T095810Z,network_tabular,185,1b13c75b946c4aa181a64f28dee9a7cc,16beaae9ed3c4752966ace4c16cda53d,agent-network,e2e_lightweight_candidate_rule_v1,models/random_forest_network_cicids.joblib,network_cicids,ok,0.078587,True,True,True,True,0,False,1,"{""agent-network"": 0.991786}",2,"{""agent-security"": ""capability_missing"", ""agent-system"": ""capability_missing""}",0,
multisource_cnp_20260910T095810Z,network_tabular,186,f1bc09ebb42f4cd696fdc56adfb48899,9226f8052652457ab1d12635addfc3e0,agent-network,e2e_lightweight_candidate_rule_v1,models/random_forest_network_cicids.joblib,network_cicids,ok,0.079261,True,True,True,True,0,False,1,"{""agent-network"": 0.991795}",2,"{""agent-security"": ""capability_missing"", ""agent-system"": ""capability_missing""}",0,
multisource_cnp_20260910T095810Z,network_tabular,187,5a8493155c2f4f469d2e02714b87be6f,022ff2b67f4c4f6396c604e1cedbd1c3,agent-network,e2e_lightweight_candidate_rule_v1,models/random_forest_network_cicids.joblib,network_cicids,ok,0.078594,True,True,True,True,0,False,1,"{""agent-network"": 0.991794}",2,"{""agent-security"": ""capability_missing"", ""agent-system"": ""capability_missing""}",0,
multisource_cnp_20260910T095810Z,network_tabular,188,0341b5010b03425bb168abc79488af86,c557ee5e9780412d8cd1991e92b6f342,agent-network,e2e_lightweight_candidate_rule_v1,models/random_forest_network_cicids.joblib,network_cicids,ok,0.142615,True,True,True,True,0,False,1,"{""agent-network"": 0.991806}",2,"{""agent-security"": ""capability_missing"", ""agent-system"": ""capability_missing""}",0,
multisource_cnp_20260910T095810Z,network_tabular,189,27d1b1c861514533aca6e2daaf5c0f3b,51d87339733548aa9cd91f5afde30ef3,agent-network,e2e_lightweight_candidate_rule_v1,models/random_forest_network_cicids.joblib,network_cicids,ok,0.140142,True,True,True,True,0,False,1,"{""agent-network"": 0.991797}",2,"{""agent-security"": ""capability_missing"", ""agent-system"": ""capability_missing""}",0,
multisource_cnp_20260910T095810Z,network_tabular,190,03ee68a772e64db784007e86106cccd1,5d03bd4244d54a69ae5d34cbf4e8f0eb,agent-network,e2e_lightweight_candidate_rule_v1,models/random_forest_network_cicids.joblib,network_cicids,ok,0.108949,True,True,True,True,0,False,1,"{""agent-network"": 0.991797}",2,"{""agent-security"": ""capability_missing"", ""agent-system"": ""capability_missing""}",0,
multisource_cnp_20260910T095810Z,network_tabular,191,a53ff49bdf4e43bd8db9002faa9bee68,2c3fa49370ac4b989a603adfab7bfebb,agent-network,e2e_lightweight_candidate_rule_v1,models/random_forest_network_cicids.joblib,network_cicids,ok,0.192028,True,True,True,True,0,False,1,"{""agent-network"": 0.9918}",2,"{""agent-security"": ""capability_missing"", ""agent-system"": ""capability_missing""}",0,
multisource_cnp_20260910T095810Z,network_tabular,192,8d631a563778479e94f8d6784cc6214d,7cab0d299a5b4875b331dc0fc80e114c,agent-network,e2e_lightweight_candidate_rule_v1,models/random_forest_network_cicids.joblib,network_cicids,ok,0.172181,True,True,True,True,0,False,1,"{""agent-network"": 0.991722}",2,"{""agent-security"": ""capability_missing"", ""agent-system"": ""capability_missing""}",0,
multisource_cnp_20260910T095810Z,network_tabular,193,99dc5cb329c547e1828f5f0fc77e0546,11849fe213e242d5ae172aad40c609b7,agent-network,e2e_lightweight_candidate_rule_v1,models/random_forest_network_cicids.joblib,network_cicids,ok,0.12058,True,True,True,True,0,False,1,"{""agent-network"": 0.991648}",2,"{""agent-security"": ""capability_missing"", ""agent-system"": ""capability_missing""}",0,
multisource_cnp_20260910T095810Z,network_tabular,194,1136d57f713444dd914af632a4ed3f6d,cd4784a4a91e4992a134e0d01159f541,agent-network,e2e_lightweight_candidate_rule_v1,models/random_forest_network_cicids.joblib,network_cicids,ok,0.117696,True,True,True,True,0,False,1,"{""agent-network"": 0.991619}",2,"{""agent-security"": ""capability_missing"", ""agent-system"": ""capability_missing""}",0,
multisource_cnp_20260910T095810Z,network_tabular,195,a033b8393aa84457a356fc1afefc84ea,a9867f0674384c2685091793d67eac7b,agent-network,e2e_lightweight_candidate_rule_v1,models/random_forest_network_cicids.joblib,network_cicids,ok,0.129003,True,True,True,True,0,False,1,"{""agent-network"": 0.9916}",2,"{""agent-security"": ""capability_missing"", ""agent-system"": ""capability_missing""}",0,
multisource_cnp_20260910T095810Z,network_tabular,196,be870ed5d889465283db7a720386096e,051620ebcced4f04b61339d5017c9402,agent-network,e2e_lightweight_candidate_rule_v1,models/random_forest_network_cicids.joblib,network_cicids,ok,0.126885,True,True,True,True,0,False,1,"{""agent-network"": 0.991563}",2,"{""agent-security"": ""capability_missing"", ""agent-system"": ""capability_missing""}",0,
multisource_cnp_20260910T095810Z,network_tabular,197,d8225b26305c43c28d549458631b9d60,50c44eadaf3f4d9a93d3d029ebdf27e8,agent-network,e2e_lightweight_candidate_rule_v1,models/random_forest_network_cicids.joblib,network_cicids,ok,0.121788,True,True,True,True,0,False,1,"{""agent-network"": 0.991543}",2,"{""agent-security"": ""capability_missing"", ""agent-system"": ""capability_missing""}",0,
multisource_cnp_20260910T095810Z,network_tabular,198,06226123945e48ca98f42375e12d06a6,5653e39b09d54a3f887a71b19f735b10,agent-network,e2e_lightweight_candidate_rule_v1,models/random_forest_network_cicids.joblib,network_cicids,ok,0.115434,True,True,True,True,0,False,1,"{""agent-network"": 0.991513}",2,"{""agent-security"": ""capability_missing"", ""agent-system"": ""capability_missing""}",0,
multisource_cnp_20260910T095810Z,network_tabular,199,7b38974fa2f74d90a78bf3507148c219,15091ca207ab43cfbe99008ad1dc206e,agent-network,e2e_lightweight_candidate_rule_v1,models/random_forest_network_cicids.joblib,network_cicids,ok,0.087928,True,True,True,True,0,False,1,"{""agent-network"": 0.991496}",2,"{""agent-security"": ""capability_missing"", ""agent-system"": ""capability_missing""}",0,
multisource_cnp_20260910T095810Z,network_tabular,200,bd359d1403924af989d6a32e2b4e9fee,b1b7007d58f24c72a9cb54e284691bb3,agent-network,e2e_lightweight_candidate_rule_v1,models/random_forest_network_cicids.joblib,network_cicids,ok,0.097041,True,True,True,True,0,False,1,"{""agent-network"": 0.991501}",2,"{""agent-security"": ""capability_missing"", ""agent-system"": ""capability_missing""}",0,
